operator_name,domain_name,domain_id,counter_site,counter_site_id,counter_serial,longitude,latitude,timezone,iso_timestamp,channels_in,channels_out,channels_unknown,channels_all,site_temperature,site_rain_accumulation,site_snow_accumulation
Eco Counter GmbH,Stadt Tübingen,667,Fuß- & Radtunnel Südportal - Derendinger Allee,100003358,YAH24052174,9.04806,48.518,(UTC+01:00) Europe/Paris DST,2013-08-01T00:00:00+02:00,22,22,na,44,15.0,0.0,na
Eco Counter GmbH,Stadt Tübingen,667,Fuß- & Radtunnel Südportal - Derendinger Allee,100003358,YAH24052174,9.04806,48.518,(UTC+01:00) Europe/Paris DST,2013-08-01T01:00:00+02:00,9,7,na,16,15.0,0.0,na
Eco Counter GmbH,Stadt Tübingen,667,Fuß- & Radtunnel Südportal - Derendinger Allee,100003358,YAH24052174,9.04806,48.518,(UTC+01:00) Europe/Paris DST,2013-08-01T02:00:00+02:00,15,5,na,20,15.0,0.0,na
Eco Counter GmbH,Stadt Tübingen,667,Fuß- & Radtunnel Südportal - Derendinger Allee,100003358,YAH24052174,9.04806,48.518,(UTC+01:00) Europe/Paris DST,2013-08-01T03:00:00+02:00,4,1,na,5,15.0,0.0,na
Eco Counter GmbH,Stadt Tübingen,667,Fuß- & Radtunnel Südportal - Derendinger Allee,100003358,YAH24052174,9.04806,48.518,(UTC+01:00) Europe/Paris DST,2013-08-01T04:00:00+02:00,7,4,na,11,15.0,0.0,na
Eco Counter GmbH,Stadt Tübingen,667,Fuß- & Radtunnel Südportal - Derendinger Allee,100003358,YAH24052174,9.04806,48.518,(UTC+01:00) Europe/Paris DST,2013-08-01T05:00:00+02:00,16,14,na,30,15.0,0.0,na
Eco Counter GmbH,Stadt Tübingen,667,Fuß- & Radtunnel Südportal - Derendinger Allee,100003358,YAH24052174,9.04806,48.518,(UTC+01:00) Europe/Paris DST,2013-08-01T06:00:00+02:00,53,51,na,104,17.0,0.0,na
Eco Counter GmbH,Stadt Tübingen,667,Fuß- & Radtunnel Südportal - Derendinger Allee,100003358,YAH24052174,9.04806,48.518,(UTC+01:00) Europe/Paris DST,2013-08-01T07:00:00+02:00,129,113,na,242,20.0,0.0,na
Eco Counter GmbH,Stadt Tübingen,667,Fuß- & Radtunnel Südportal - Derendinger Allee,100003358,YAH24052174,9.04806,48.518,(UTC+01:00) Europe/Paris DST,2013-08-01T08:00:00+02:00,147,115,na,262,22.0,0.0,na
Eco Counter GmbH,Stadt Tübingen,667,Fuß- & Radtunnel Südportal - Derendinger Allee,100003358,YAH24052174,9.04806,48.518,(UTC+01:00) Europe/Paris DST,2013-08-01T09:00:00+02:00,158,139,na,297,24.0,0.0,na
Eco Counter GmbH,Stadt Tübingen,667,Fuß- & Radtunnel Südportal - Derendinger Allee,100003358,YAH24052174,9.04806,48.518,(UTC+01:00) Europe/Paris DST,2013-08-01T10:00:00+02:00,141,155,na,296,26.0,0.0,na
Eco Counter GmbH,Stadt Tübingen,667,Fuß- & Radtunnel Südportal - Derendinger Allee,100003358,YAH24052174,9.04806,48.518,(UTC+01:00) Europe/Paris DST,2013-08-01T11:00:00+02:00,164,167,na,331,28.0,0.0,na
Eco Counter GmbH,Stadt Tübingen,667,Fuß- & Radtunnel Südportal - Derendinger Allee,100003358,YAH24052174,9.04806,48.518,(UTC+01:00) Europe/Paris DST,2013-08-01T12:00:00+02:00,150,178,na,328,29.0,0.0,na
Eco Counter GmbH,Stadt Tübingen,667,Fuß- & Radtunnel Südportal - Derendinger Allee,100003358,YAH24052174,9.04806,48.518,(UTC+01:00) Europe/Paris DST,2013-08-01T13:00:00+02:00,138,165,na,303,30.0,0.0,na
Eco Counter GmbH,Stadt Tübingen,667,Fuß- & Radtunnel Südportal - Derendinger Allee,100003358,YAH24052174,9.04806,48.518,(UTC+01:00) Europe/Paris DST,2013-08-01T14:00:00+02:00,131,170,na,301,31.0,0.0,na
Eco Counter GmbH,Stadt Tübingen,667,Fuß- & Radtunnel Südportal - Derendinger Allee,100003358,YAH24052174,9.04806,48.518,(UTC+01:00) Europe/Paris DST,2013-08-01T15:00:00+02:00,162,228,na,390,31.0,0.0,na
Eco Counter GmbH,Stadt Tübingen,667,Fuß- & Radtunnel Südportal - Derendinger Allee,100003358,YAH24052174,9.04806,48.518,(UTC+01:00) Europe/Paris DST,2013-08-01T16:00:00+02:00,202,216,na,418,29.0,0.0,na
Eco Counter GmbH,Stadt Tübingen,667,Fuß- & Radtunnel Südportal - Derendinger Allee,100003358,YAH24052174,9.04806,48.518,(UTC+01:00) Europe/Paris DST,2013-08-01T17:00:00+02:00,237,241,na,478,28.0,0.0,na
Eco Counter GmbH,Stadt Tübingen,667,Fuß- & Radtunnel Südportal - Derendinger Allee,100003358,YAH24052174,9.04806,48.518,(UTC+01:00) Europe/Paris DST,2013-08-01T18:00:00+02:00,259,252,na,511,27.0,0.0,na
Eco Counter GmbH,Stadt Tübingen,667,Fuß- & Radtunnel Südportal - Derendinger Allee,100003358,YAH24052174,9.04806,48.518,(UTC+01:00) Europe/Paris DST,2013-08-01T19:00:00+02:00,249,202,na,451,25.0,0.0,na
Eco Counter GmbH,Stadt Tübingen,667,Fuß- & Radtunnel Südportal - Derendinger Allee,100003358,YAH24052174,9.04806,48.518,(UTC+01:00) Europe/Paris DST,2013-08-01T20:00:00+02:00,245,121,na,366,22.0,0.0,na
Eco Counter GmbH,Stadt Tübingen,667,Fuß- & Radtunnel Südportal - Derendinger Allee,100003358,YAH24052174,9.04806,48.518,(UTC+01:00) Europe/Paris DST,2013-08-01T21:00:00+02:00,106,67,na,173,20.0,0.0,na
Eco Counter GmbH,Stadt Tübingen,667,Fuß- & Radtunnel Südportal - Derendinger Allee,100003358,YAH24052174,9.04806,48.518,(UTC+01:00) Europe/Paris DST,2013-08-01T22:00:00+02:00,71,53,na,124,19.0,0.0,na
Eco Counter GmbH,Stadt Tübingen,667,Fuß- & Radtunnel Südportal - Derendinger Allee,100003358,YAH24052174,9.04806,48.518,(UTC+01:00) Europe/Paris DST,2013-08-01T23:00:00+02:00,67,33,na,100,18.0,0.0,na
Eco Counter GmbH,Stadt Tübingen,667,Fuß- & Radtunnel Südportal - Derendinger Allee,100003358,YAH24052174,9.04806,48.518,(UTC+01:00) Europe/Paris DST,2013-08-02T00:00:00+02:00,35,19,na,54,17.0,0.0,na
Eco Counter GmbH,Stadt Tübingen,667,Fuß- & Radtunnel Südportal - Derendinger Allee,100003358,YAH24052174,9.04806,48.518,(UTC+01:00) Europe/Paris DST,2013-08-02T01:00:00+02:00,8,9,na,17,17.0,0.0,na
Eco Counter GmbH,Stadt Tübingen,667,Fuß- & Radtunnel Südportal - Derendinger Allee,100003358,YAH24052174,9.04806,48.518,(UTC+01:00) Europe/Paris DST,2013-08-02T02:00:00+02:00,5,5,na,10,17.0,0.0,na
Eco Counter GmbH,Stadt Tübingen,667,Fuß- & Radtunnel Südportal - Derendinger Allee,100003358,YAH24052174,9.04806,48.518,(UTC+01:00) Europe/Paris DST,2013-08-02T03:00:00+02:00,6,4,na,10,18.0,0.0,na
Eco Counter GmbH,Stadt Tübingen,667,Fuß- & Radtunnel Südportal - Derendinger Allee,100003358,YAH24052174,9.04806,48.518,(UTC+01:00) Europe/Paris DST,2013-08-02T04:00:00+02:00,3,4,na,7,18.0,0.0,na
Eco Counter GmbH,Stadt Tübingen,667,Fuß- & Radtunnel Südportal - Derendinger Allee,100003358,YAH24052174,9.04806,48.518,(UTC+01:00) Europe/Paris DST,2013-08-02T05:00:00+02:00,14,11,na,25,19.0,0.0,na
Eco Counter GmbH,Stadt Tübingen,667,Fuß- & Radtunnel Südportal - Derendinger Allee,100003358,YAH24052174,9.04806,48.518,(UTC+01:00) Europe/Paris DST,2013-08-02T06:00:00+02:00,49,58,na,107,20.0,0.0,na
Eco Counter GmbH,Stadt Tübingen,667,Fuß- & Radtunnel Südportal - Derendinger Allee,100003358,YAH24052174,9.04806,48.518,(UTC+01:00) Europe/Paris DST,2013-08-02T07:00:00+02:00,123,106,na,229,23.0,0.0,na
Eco Counter GmbH,Stadt Tübingen,667,Fuß- & Radtunnel Südportal - Derendinger Allee,100003358,YAH24052174,9.04806,48.518,(UTC+01:00) Europe/Paris DST,2013-08-02T08:00:00+02:00,177,145,na,322,25.0,0.0,na
Eco Counter GmbH,Stadt Tübingen,667,Fuß- & Radtunnel Südportal - Derendinger Allee,100003358,YAH24052174,9.04806,48.518,(UTC+01:00) Europe/Paris DST,2013-08-02T09:00:00+02:00,168,153,na,321,27.0,0.0,na
Eco Counter GmbH,Stadt Tübingen,667,Fuß- & Radtunnel Südportal - Derendinger Allee,100003358,YAH24052174,9.04806,48.518,(UTC+01:00) Europe/Paris DST,2013-08-02T10:00:00+02:00,174,160,na,334,29.0,0.0,na
Eco Counter GmbH,Stadt Tübingen,667,Fuß- & Radtunnel Südportal - Derendinger Allee,100003358,YAH24052174,9.04806,48.518,(UTC+01:00) Europe/Paris DST,2013-08-02T11:00:00+02:00,142,170,na,312,31.0,0.0,na
Eco Counter GmbH,Stadt Tübingen,667,Fuß- & Radtunnel Südportal - Derendinger Allee,100003358,YAH24052174,9.04806,48.518,(UTC+01:00) Europe/Paris DST,2013-08-02T12:00:00+02:00,152,178,na,330,32.0,0.0,na
Eco Counter GmbH,Stadt Tübingen,667,Fuß- & Radtunnel Südportal - Derendinger Allee,100003358,YAH24052174,9.04806,48.518,(UTC+01:00) Europe/Paris DST,2013-08-02T13:00:00+02:00,138,190,na,328,32.0,0.0,na
Eco Counter GmbH,Stadt Tübingen,667,Fuß- & Radtunnel Südportal - Derendinger Allee,100003358,YAH24052174,9.04806,48.518,(UTC+01:00) Europe/Paris DST,2013-08-02T14:00:00+02:00,119,152,na,271,33.0,0.0,na
Eco Counter GmbH,Stadt Tübingen,667,Fuß- & Radtunnel Südportal - Derendinger Allee,100003358,YAH24052174,9.04806,48.518,(UTC+01:00) Europe/Paris DST,2013-08-02T15:00:00+02:00,151,221,na,372,32.0,0.0,na
Eco Counter GmbH,Stadt Tübingen,667,Fuß- & Radtunnel Südportal - Derendinger Allee,100003358,YAH24052174,9.04806,48.518,(UTC+01:00) Europe/Paris DST,2013-08-02T16:00:00+02:00,154,209,na,363,31.0,0.0,na
Eco Counter GmbH,Stadt Tübingen,667,Fuß- & Radtunnel Südportal - Derendinger Allee,100003358,YAH24052174,9.04806,48.518,(UTC+01:00) Europe/Paris DST,2013-08-02T17:00:00+02:00,219,217,na,436,30.0,0.0,na
Eco Counter GmbH,Stadt Tübingen,667,Fuß- & Radtunnel Südportal - Derendinger Allee,100003358,YAH24052174,9.04806,48.518,(UTC+01:00) Europe/Paris DST,2013-08-02T18:00:00+02:00,226,229,na,455,29.0,0.0,na
Eco Counter GmbH,Stadt Tübingen,667,Fuß- & Radtunnel Südportal - Derendinger Allee,100003358,YAH24052174,9.04806,48.518,(UTC+01:00) Europe/Paris DST,2013-08-02T19:00:00+02:00,290,176,na,466,27.0,0.0,na
Eco Counter GmbH,Stadt Tübingen,667,Fuß- & Radtunnel Südportal - Derendinger Allee,100003358,YAH24052174,9.04806,48.518,(UTC+01:00) Europe/Paris DST,2013-08-02T20:00:00+02:00,205,106,na,311,25.0,0.0,na
Eco Counter GmbH,Stadt Tübingen,667,Fuß- & Radtunnel Südportal - Derendinger Allee,100003358,YAH24052174,9.04806,48.518,(UTC+01:00) Europe/Paris DST,2013-08-02T21:00:00+02:00,111,78,na,189,23.0,0.0,na
Eco Counter GmbH,Stadt Tübingen,667,Fuß- & Radtunnel Südportal - Derendinger Allee,100003358,YAH24052174,9.04806,48.518,(UTC+01:00) Europe/Paris DST,2013-08-02T22:00:00+02:00,65,51,na,116,22.0,0.0,na
Eco Counter GmbH,Stadt Tübingen,667,Fuß- & Radtunnel Südportal - Derendinger Allee,100003358,YAH24052174,9.04806,48.518,(UTC+01:00) Europe/Paris DST,2013-08-02T23:00:00+02:00,59,37,na,96,21.0,0.0,na
Eco Counter GmbH,Stadt Tübingen,667,Fuß- & Radtunnel Südportal - Derendinger Allee,100003358,YAH24052174,9.04806,48.518,(UTC+01:00) Europe/Paris DST,2013-08-03T00:00:00+02:00,39,31,na,70,20.0,0.0,na
Eco Counter GmbH,Stadt Tübingen,667,Fuß- & Radtunnel Südportal - Derendinger Allee,100003358,YAH24052174,9.04806,48.518,(UTC+01:00) Europe/Paris DST,2013-08-03T01:00:00+02:00,16,16,na,32,20.0,0.0,na
Eco Counter GmbH,Stadt Tübingen,667,Fuß- & Radtunnel Südportal - Derendinger Allee,100003358,YAH24052174,9.04806,48.518,(UTC+01:00) Europe/Paris DST,2013-08-03T02:00:00+02:00,17,7,na,24,19.0,0.0,na
Eco Counter GmbH,Stadt Tübingen,667,Fuß- & Radtunnel Südportal - Derendinger Allee,100003358,YAH24052174,9.04806,48.518,(UTC+01:00) Europe/Paris DST,2013-08-03T03:00:00+02:00,6,14,na,20,18.0,0.0,na
Eco Counter GmbH,Stadt Tübingen,667,Fuß- & Radtunnel Südportal - Derendinger Allee,100003358,YAH24052174,9.04806,48.518,(UTC+01:00) Europe/Paris DST,2013-08-03T04:00:00+02:00,9,4,na,13,19.0,0.0,na
Eco Counter GmbH,Stadt Tübingen,667,Fuß- & Radtunnel Südportal - Derendinger Allee,100003358,YAH24052174,9.04806,48.518,(UTC+01:00) Europe/Paris DST,2013-08-03T05:00:00+02:00,5,6,na,11,20.0,0.0,na
Eco Counter GmbH,Stadt Tübingen,667,Fuß- & Radtunnel Südportal - Derendinger Allee,100003358,YAH24052174,9.04806,48.518,(UTC+01:00) Europe/Paris DST,2013-08-03T06:00:00+02:00,15,23,na,38,21.0,0.0,na
Eco Counter GmbH,Stadt Tübingen,667,Fuß- & Radtunnel Südportal - Derendinger Allee,100003358,YAH24052174,9.04806,48.518,(UTC+01:00) Europe/Paris DST,2013-08-03T07:00:00+02:00,29,38,na,67,23.0,0.0,na
Eco Counter GmbH,Stadt Tübingen,667,Fuß- & Radtunnel Südportal - Derendinger Allee,100003358,YAH24052174,9.04806,48.518,(UTC+01:00) Europe/Paris DST,2013-08-03T08:00:00+02:00,70,63,na,133,24.0,0.0,na
Eco Counter GmbH,Stadt Tübingen,667,Fuß- & Radtunnel Südportal - Derendinger Allee,100003358,YAH24052174,9.04806,48.518,(UTC+01:00) Europe/Paris DST,2013-08-03T09:00:00+02:00,119,117,na,236,25.0,0.0,na
Eco Counter GmbH,Stadt Tübingen,667,Fuß- & Radtunnel Südportal - Derendinger Allee,100003358,YAH24052174,9.04806,48.518,(UTC+01:00) Europe/Paris DST,2013-08-03T10:00:00+02:00,164,164,na,328,26.0,0.0,na
Eco Counter GmbH,Stadt Tübingen,667,Fuß- & Radtunnel Südportal - Derendinger Allee,100003358,YAH24052174,9.04806,48.518,(UTC+01:00) Europe/Paris DST,2013-08-03T11:00:00+02:00,173,177,na,350,27.0,0.0,na
Eco Counter GmbH,Stadt Tübingen,667,Fuß- & Radtunnel Südportal - Derendinger Allee,100003358,YAH24052174,9.04806,48.518,(UTC+01:00) Europe/Paris DST,2013-08-03T12:00:00+02:00,189,183,na,372,28.0,0.0,na
Eco Counter GmbH,Stadt Tübingen,667,Fuß- & Radtunnel Südportal - Derendinger Allee,100003358,YAH24052174,9.04806,48.518,(UTC+01:00) Europe/Paris DST,2013-08-03T13:00:00+02:00,139,161,na,300,29.0,0.0,na
Eco Counter GmbH,Stadt Tübingen,667,Fuß- & Radtunnel Südportal - Derendinger Allee,100003358,YAH24052174,9.04806,48.518,(UTC+01:00) Europe/Paris DST,2013-08-03T14:00:00+02:00,120,167,na,287,29.0,0.0,na
Eco Counter GmbH,Stadt Tübingen,667,Fuß- & Radtunnel Südportal - Derendinger Allee,100003358,YAH24052174,9.04806,48.518,(UTC+01:00) Europe/Paris DST,2013-08-03T15:00:00+02:00,132,158,na,290,29.0,0.0,na
Eco Counter GmbH,Stadt Tübingen,667,Fuß- & Radtunnel Südportal - Derendinger Allee,100003358,YAH24052174,9.04806,48.518,(UTC+01:00) Europe/Paris DST,2013-08-03T16:00:00+02:00,164,150,na,314,27.0,0.0,na
Eco Counter GmbH,Stadt Tübingen,667,Fuß- & Radtunnel Südportal - Derendinger Allee,100003358,YAH24052174,9.04806,48.518,(UTC+01:00) Europe/Paris DST,2013-08-03T17:00:00+02:00,142,120,na,262,26.0,0.0,na
Eco Counter GmbH,Stadt Tübingen,667,Fuß- & Radtunnel Südportal - Derendinger Allee,100003358,YAH24052174,9.04806,48.518,(UTC+01:00) Europe/Paris DST,2013-08-03T18:00:00+02:00,167,161,na,328,25.0,0.0,na
Eco Counter GmbH,Stadt Tübingen,667,Fuß- & Radtunnel Südportal - Derendinger Allee,100003358,YAH24052174,9.04806,48.518,(UTC+01:00) Europe/Paris DST,2013-08-03T19:00:00+02:00,198,114,na,312,24.0,0.0,na
Eco Counter GmbH,Stadt Tübingen,667,Fuß- & Radtunnel Südportal - Derendinger Allee,100003358,YAH24052174,9.04806,48.518,(UTC+01:00) Europe/Paris DST,2013-08-03T20:00:00+02:00,138,127,na,265,22.0,0.0,na
Eco Counter GmbH,Stadt Tübingen,667,Fuß- & Radtunnel Südportal - Derendinger Allee,100003358,YAH24052174,9.04806,48.518,(UTC+01:00) Europe/Paris DST,2013-08-03T21:00:00+02:00,84,70,na,154,21.0,0.0,na
Eco Counter GmbH,Stadt Tübingen,667,Fuß- & Radtunnel Südportal - Derendinger Allee,100003358,YAH24052174,9.04806,48.518,(UTC+01:00) Europe/Paris DST,2013-08-03T22:00:00+02:00,40,41,na,81,20.0,0.6,na
Eco Counter GmbH,Stadt Tübingen,667,Fuß- & Radtunnel Südportal - Derendinger Allee,100003358,YAH24052174,9.04806,48.518,(UTC+01:00) Europe/Paris DST,2013-08-03T23:00:00+02:00,49,32,na,81,19.0,1.1,na
Eco Counter GmbH,Stadt Tübingen,667,Fuß- & Radtunnel Südportal - Derendinger Allee,100003358,YAH24052174,9.04806,48.518,(UTC+01:00) Europe/Paris DST,2013-08-04T00:00:00+02:00,33,25,na,58,18.0,0.8,na
Eco Counter GmbH,Stadt Tübingen,667,Fuß- & Radtunnel Südportal - Derendinger Allee,100003358,YAH24052174,9.04806,48.518,(UTC+01:00) Europe/Paris DST,2013-08-04T01:00:00+02:00,18,10,na,28,18.0,0.5,na
Eco Counter GmbH,Stadt Tübingen,667,Fuß- & Radtunnel Südportal - Derendinger Allee,100003358,YAH24052174,9.04806,48.518,(UTC+01:00) Europe/Paris DST,2013-08-04T02:00:00+02:00,7,14,na,21,17.0,0.4,na
Eco Counter GmbH,Stadt Tübingen,667,Fuß- & Radtunnel Südportal - Derendinger Allee,100003358,YAH24052174,9.04806,48.518,(UTC+01:00) Europe/Paris DST,2013-08-04T03:00:00+02:00,7,3,na,10,17.0,0.3,na
Eco Counter GmbH,Stadt Tübingen,667,Fuß- & Radtunnel Südportal - Derendinger Allee,100003358,YAH24052174,9.04806,48.518,(UTC+01:00) Europe/Paris DST,2013-08-04T04:00:00+02:00,4,3,na,7,17.0,0.3,na
Eco Counter GmbH,Stadt Tübingen,667,Fuß- & Radtunnel Südportal - Derendinger Allee,100003358,YAH24052174,9.04806,48.518,(UTC+01:00) Europe/Paris DST,2013-08-04T05:00:00+02:00,6,6,na,12,18.0,0.0,na
Eco Counter GmbH,Stadt Tübingen,667,Fuß- & Radtunnel Südportal - Derendinger Allee,100003358,YAH24052174,9.04806,48.518,(UTC+01:00) Europe/Paris DST,2013-08-04T06:00:00+02:00,9,13,na,22,19.0,0.2,na
Eco Counter GmbH,Stadt Tübingen,667,Fuß- & Radtunnel Südportal - Derendinger Allee,100003358,YAH24052174,9.04806,48.518,(UTC+01:00) Europe/Paris DST,2013-08-04T07:00:00+02:00,17,22,na,39,20.0,0.5,na
Eco Counter GmbH,Stadt Tübingen,667,Fuß- & Radtunnel Südportal - Derendinger Allee,100003358,YAH24052174,9.04806,48.518,(UTC+01:00) Europe/Paris DST,2013-08-04T08:00:00+02:00,22,34,na,56,22.0,0.0,na
Eco Counter GmbH,Stadt Tübingen,667,Fuß- & Radtunnel Südportal - Derendinger Allee,100003358,YAH24052174,9.04806,48.518,(UTC+01:00) Europe/Paris DST,2013-08-04T09:00:00+02:00,72,58,na,130,23.0,0.0,na
Eco Counter GmbH,Stadt Tübingen,667,Fuß- & Radtunnel Südportal - Derendinger Allee,100003358,YAH24052174,9.04806,48.518,(UTC+01:00) Europe/Paris DST,2013-08-04T10:00:00+02:00,85,110,na,195,24.0,0.3,na
Eco Counter GmbH,Stadt Tübingen,667,Fuß- & Radtunnel Südportal - Derendinger Allee,100003358,YAH24052174,9.04806,48.518,(UTC+01:00) Europe/Paris DST,2013-08-04T11:00:00+02:00,112,152,na,264,25.0,0.1,na
Eco Counter GmbH,Stadt Tübingen,667,Fuß- & Radtunnel Südportal - Derendinger Allee,100003358,YAH24052174,9.04806,48.518,(UTC+01:00) Europe/Paris DST,2013-08-04T12:00:00+02:00,140,69,na,209,26.0,0.0,na
Eco Counter GmbH,Stadt Tübingen,667,Fuß- & Radtunnel Südportal - Derendinger Allee,100003358,YAH24052174,9.04806,48.518,(UTC+01:00) Europe/Paris DST,2013-08-04T13:00:00+02:00,57,49,na,106,26.0,0.0,na
Eco Counter GmbH,Stadt Tübingen,667,Fuß- & Radtunnel Südportal - Derendinger Allee,100003358,YAH24052174,9.04806,48.518,(UTC+01:00) Europe/Paris DST,2013-08-04T14:00:00+02:00,82,88,na,170,27.0,0.0,na
Eco Counter GmbH,Stadt Tübingen,667,Fuß- & Radtunnel Südportal - Derendinger Allee,100003358,YAH24052174,9.04806,48.518,(UTC+01:00) Europe/Paris DST,2013-08-04T15:00:00+02:00,100,155,na,255,26.0,0.0,na
Eco Counter GmbH,Stadt Tübingen,667,Fuß- & Radtunnel Südportal - Derendinger Allee,100003358,YAH24052174,9.04806,48.518,(UTC+01:00) Europe/Paris DST,2013-08-04T16:00:00+02:00,163,170,na,333,25.0,0.0,na
Eco Counter GmbH,Stadt Tübingen,667,Fuß- & Radtunnel Südportal - Derendinger Allee,100003358,YAH24052174,9.04806,48.518,(UTC+01:00) Europe/Paris DST,2013-08-04T17:00:00+02:00,170,152,na,322,24.0,0.0,na
Eco Counter GmbH,Stadt Tübingen,667,Fuß- & Radtunnel Südportal - Derendinger Allee,100003358,YAH24052174,9.04806,48.518,(UTC+01:00) Europe/Paris DST,2013-08-04T18:00:00+02:00,157,159,na,316,23.0,0.0,na
Eco Counter GmbH,Stadt Tübingen,667,Fuß- & Radtunnel Südportal - Derendinger Allee,100003358,YAH24052174,9.04806,48.518,(UTC+01:00) Europe/Paris DST,2013-08-04T19:00:00+02:00,176,131,na,307,22.0,0.0,na
Eco Counter GmbH,Stadt Tübingen,667,Fuß- & Radtunnel Südportal - Derendinger Allee,100003358,YAH24052174,9.04806,48.518,(UTC+01:00) Europe/Paris DST,2013-08-04T20:00:00+02:00,136,71,na,207,20.0,0.0,na
Eco Counter GmbH,Stadt Tübingen,667,Fuß- & Radtunnel Südportal - Derendinger Allee,100003358,YAH24052174,9.04806,48.518,(UTC+01:00) Europe/Paris DST,2013-08-04T21:00:00+02:00,60,51,na,111,19.0,0.0,na
Eco Counter GmbH,Stadt Tübingen,667,Fuß- & Radtunnel Südportal - Derendinger Allee,100003358,YAH24052174,9.04806,48.518,(UTC+01:00) Europe/Paris DST,2013-08-04T22:00:00+02:00,36,24,na,60,18.0,0.0,na
Eco Counter GmbH,Stadt Tübingen,667,Fuß- & Radtunnel Südportal - Derendinger Allee,100003358,YAH24052174,9.04806,48.518,(UTC+01:00) Europe/Paris DST,2013-08-04T23:00:00+02:00,20,11,na,31,18.0,0.0,na
Eco Counter GmbH,Stadt Tübingen,667,Fuß- & Radtunnel Südportal - Derendinger Allee,100003358,YAH24052174,9.04806,48.518,(UTC+01:00) Europe/Paris DST,2013-08-05T00:00:00+02:00,8,14,na,22,17.0,0.0,na
Eco Counter GmbH,Stadt Tübingen,667,Fuß- & Radtunnel Südportal - Derendinger Allee,100003358,YAH24052174,9.04806,48.518,(UTC+01:00) Europe/Paris DST,2013-08-05T01:00:00+02:00,2,1,na,3,17.0,0.0,na
Eco Counter GmbH,Stadt Tübingen,667,Fuß- & Radtunnel Südportal - Derendinger Allee,100003358,YAH24052174,9.04806,48.518,(UTC+01:00) Europe/Paris DST,2013-08-05T02:00:00+02:00,5,0,na,5,16.0,0.0,na
Eco Counter GmbH,Stadt Tübingen,667,Fuß- & Radtunnel Südportal - Derendinger Allee,100003358,YAH24052174,9.04806,48.518,(UTC+01:00) Europe/Paris DST,2013-08-05T03:00:00+02:00,1,3,na,4,16.0,0.0,na
Eco Counter GmbH,Stadt Tübingen,667,Fuß- & Radtunnel Südportal - Derendinger Allee,100003358,YAH24052174,9.04806,48.518,(UTC+01:00) Europe/Paris DST,2013-08-05T04:00:00+02:00,5,5,na,10,17.0,0.0,na
Eco Counter GmbH,Stadt Tübingen,667,Fuß- & Radtunnel Südportal - Derendinger Allee,100003358,YAH24052174,9.04806,48.518,(UTC+01:00) Europe/Paris DST,2013-08-05T05:00:00+02:00,13,11,na,24,18.0,0.0,na
Eco Counter GmbH,Stadt Tübingen,667,Fuß- & Radtunnel Südportal - Derendinger Allee,100003358,YAH24052174,9.04806,48.518,(UTC+01:00) Europe/Paris DST,2013-08-05T06:00:00+02:00,51,50,na,101,19.0,0.0,na
Eco Counter GmbH,Stadt Tübingen,667,Fuß- & Radtunnel Südportal - Derendinger Allee,100003358,YAH24052174,9.04806,48.518,(UTC+01:00) Europe/Paris DST,2013-08-05T07:00:00+02:00,116,96,na,212,21.0,0.0,na
Eco Counter GmbH,Stadt Tübingen,667,Fuß- & Radtunnel Südportal - Derendinger Allee,100003358,YAH24052174,9.04806,48.518,(UTC+01:00) Europe/Paris DST,2013-08-05T08:00:00+02:00,138,104,na,242,22.0,0.0,na
Eco Counter GmbH,Stadt Tübingen,667,Fuß- & Radtunnel Südportal - Derendinger Allee,100003358,YAH24052174,9.04806,48.518,(UTC+01:00) Europe/Paris DST,2013-08-05T09:00:00+02:00,127,116,na,243,24.0,0.0,na
Eco Counter GmbH,Stadt Tübingen,667,Fuß- & Radtunnel Südportal - Derendinger Allee,100003358,YAH24052174,9.04806,48.518,(UTC+01:00) Europe/Paris DST,2013-08-05T10:00:00+02:00,136,141,na,277,26.0,0.0,na
Eco Counter GmbH,Stadt Tübingen,667,Fuß- & Radtunnel Südportal - Derendinger Allee,100003358,YAH24052174,9.04806,48.518,(UTC+01:00) Europe/Paris DST,2013-08-05T11:00:00+02:00,154,157,na,311,28.0,0.0,na
Eco Counter GmbH,Stadt Tübingen,667,Fuß- & Radtunnel Südportal - Derendinger Allee,100003358,YAH24052174,9.04806,48.518,(UTC+01:00) Europe/Paris DST,2013-08-05T12:00:00+02:00,144,154,na,298,29.0,0.0,na
Eco Counter GmbH,Stadt Tübingen,667,Fuß- & Radtunnel Südportal - Derendinger Allee,100003358,YAH24052174,9.04806,48.518,(UTC+01:00) Europe/Paris DST,2013-08-05T13:00:00+02:00,132,132,na,264,30.0,0.0,na
Eco Counter GmbH,Stadt Tübingen,667,Fuß- & Radtunnel Südportal - Derendinger Allee,100003358,YAH24052174,9.04806,48.518,(UTC+01:00) Europe/Paris DST,2013-08-05T14:00:00+02:00,141,139,na,280,31.0,0.0,na
Eco Counter GmbH,Stadt Tübingen,667,Fuß- & Radtunnel Südportal - Derendinger Allee,100003358,YAH24052174,9.04806,48.518,(UTC+01:00) Europe/Paris DST,2013-08-05T15:00:00+02:00,127,186,na,313,30.0,0.0,na
Eco Counter GmbH,Stadt Tübingen,667,Fuß- & Radtunnel Südportal - Derendinger Allee,100003358,YAH24052174,9.04806,48.518,(UTC+01:00) Europe/Paris DST,2013-08-05T16:00:00+02:00,169,210,na,379,29.0,0.0,na
Eco Counter GmbH,Stadt Tübingen,667,Fuß- & Radtunnel Südportal - Derendinger Allee,100003358,YAH24052174,9.04806,48.518,(UTC+01:00) Europe/Paris DST,2013-08-05T17:00:00+02:00,201,234,na,435,29.0,0.0,na
Eco Counter GmbH,Stadt Tübingen,667,Fuß- & Radtunnel Südportal - Derendinger Allee,100003358,YAH24052174,9.04806,48.518,(UTC+01:00) Europe/Paris DST,2013-08-05T18:00:00+02:00,214,234,na,448,27.0,0.0,na
Eco Counter GmbH,Stadt Tübingen,667,Fuß- & Radtunnel Südportal - Derendinger Allee,100003358,YAH24052174,9.04806,48.518,(UTC+01:00) Europe/Paris DST,2013-08-05T19:00:00+02:00,253,157,na,410,25.0,0.0,na
Eco Counter GmbH,Stadt Tübingen,667,Fuß- & Radtunnel Südportal - Derendinger Allee,100003358,YAH24052174,9.04806,48.518,(UTC+01:00) Europe/Paris DST,2013-08-05T20:00:00+02:00,192,153,na,345,23.0,0.0,na
Eco Counter GmbH,Stadt Tübingen,667,Fuß- & Radtunnel Südportal - Derendinger Allee,100003358,YAH24052174,9.04806,48.518,(UTC+01:00) Europe/Paris DST,2013-08-05T21:00:00+02:00,97,51,na,148,22.0,0.0,na
Eco Counter GmbH,Stadt Tübingen,667,Fuß- & Radtunnel Südportal - Derendinger Allee,100003358,YAH24052174,9.04806,48.518,(UTC+01:00) Europe/Paris DST,2013-08-05T22:00:00+02:00,61,30,na,91,21.0,0.0,na
Eco Counter GmbH,Stadt Tübingen,667,Fuß- & Radtunnel Südportal - Derendinger Allee,100003358,YAH24052174,9.04806,48.518,(UTC+01:00) Europe/Paris DST,2013-08-05T23:00:00+02:00,36,29,na,65,20.0,0.0,na
Eco Counter GmbH,Stadt Tübingen,667,Fuß- & Radtunnel Südportal - Derendinger Allee,100003358,YAH24052174,9.04806,48.518,(UTC+01:00) Europe/Paris DST,2013-08-06T00:00:00+02:00,16,12,na,28,20.0,0.0,na
Eco Counter GmbH,Stadt Tübingen,667,Fuß- & Radtunnel Südportal - Derendinger Allee,100003358,YAH24052174,9.04806,48.518,(UTC+01:00) Europe/Paris DST,2013-08-06T01:00:00+02:00,13,8,na,21,20.0,0.0,na
Eco Counter GmbH,Stadt Tübingen,667,Fuß- & Radtunnel Südportal - Derendinger Allee,100003358,YAH24052174,9.04806,48.518,(UTC+01:00) Europe/Paris DST,2013-08-06T02:00:00+02:00,12,1,na,13,20.0,0.0,na
Eco Counter GmbH,Stadt Tübingen,667,Fuß- & Radtunnel Südportal - Derendinger Allee,100003358,YAH24052174,9.04806,48.518,(UTC+01:00) Europe/Paris DST,2013-08-06T03:00:00+02:00,5,7,na,12,19.0,0.0,na
Eco Counter GmbH,Stadt Tübingen,667,Fuß- & Radtunnel Südportal - Derendinger Allee,100003358,YAH24052174,9.04806,48.518,(UTC+01:00) Europe/Paris DST,2013-08-06T04:00:00+02:00,1,3,na,4,20.0,0.0,na
Eco Counter GmbH,Stadt Tübingen,667,Fuß- & Radtunnel Südportal - Derendinger Allee,100003358,YAH24052174,9.04806,48.518,(UTC+01:00) Europe/Paris DST,2013-08-06T05:00:00+02:00,11,12,na,23,20.0,0.0,na
Eco Counter GmbH,Stadt Tübingen,667,Fuß- & Radtunnel Südportal - Derendinger Allee,100003358,YAH24052174,9.04806,48.518,(UTC+01:00) Europe/Paris DST,2013-08-06T06:00:00+02:00,57,55,na,112,22.0,0.0,na
Eco Counter GmbH,Stadt Tübingen,667,Fuß- & Radtunnel Südportal - Derendinger Allee,100003358,YAH24052174,9.04806,48.518,(UTC+01:00) Europe/Paris DST,2013-08-06T07:00:00+02:00,120,96,na,216,23.0,0.0,na
Eco Counter GmbH,Stadt Tübingen,667,Fuß- & Radtunnel Südportal - Derendinger Allee,100003358,YAH24052174,9.04806,48.518,(UTC+01:00) Europe/Paris DST,2013-08-06T08:00:00+02:00,164,133,na,297,25.0,0.0,na
Eco Counter GmbH,Stadt Tübingen,667,Fuß- & Radtunnel Südportal - Derendinger Allee,100003358,YAH24052174,9.04806,48.518,(UTC+01:00) Europe/Paris DST,2013-08-06T09:00:00+02:00,158,119,na,277,27.0,0.0,na
Eco Counter GmbH,Stadt Tübingen,667,Fuß- & Radtunnel Südportal - Derendinger Allee,100003358,YAH24052174,9.04806,48.518,(UTC+01:00) Europe/Paris DST,2013-08-06T10:00:00+02:00,134,145,na,279,28.0,0.0,na
Eco Counter GmbH,Stadt Tübingen,667,Fuß- & Radtunnel Südportal - Derendinger Allee,100003358,YAH24052174,9.04806,48.518,(UTC+01:00) Europe/Paris DST,2013-08-06T11:00:00+02:00,120,128,na,248,29.0,0.0,na
Eco Counter GmbH,Stadt Tübingen,667,Fuß- & Radtunnel Südportal - Derendinger Allee,100003358,YAH24052174,9.04806,48.518,(UTC+01:00) Europe/Paris DST,2013-08-06T12:00:00+02:00,111,138,na,249,28.0,0.2,na
Eco Counter GmbH,Stadt Tübingen,667,Fuß- & Radtunnel Südportal - Derendinger Allee,100003358,YAH24052174,9.04806,48.518,(UTC+01:00) Europe/Paris DST,2013-08-06T13:00:00+02:00,114,131,na,245,28.0,0.8,na
Eco Counter GmbH,Stadt Tübingen,667,Fuß- & Radtunnel Südportal - Derendinger Allee,100003358,YAH24052174,9.04806,48.518,(UTC+01:00) Europe/Paris DST,2013-08-06T14:00:00+02:00,159,132,na,291,27.0,0.0,na
Eco Counter GmbH,Stadt Tübingen,667,Fuß- & Radtunnel Südportal - Derendinger Allee,100003358,YAH24052174,9.04806,48.518,(UTC+01:00) Europe/Paris DST,2013-08-06T15:00:00+02:00,107,73,na,180,27.0,0.0,na
Eco Counter GmbH,Stadt Tübingen,667,Fuß- & Radtunnel Südportal - Derendinger Allee,100003358,YAH24052174,9.04806,48.518,(UTC+01:00) Europe/Paris DST,2013-08-06T16:00:00+02:00,80,106,na,186,27.0,0.0,na
Eco Counter GmbH,Stadt Tübingen,667,Fuß- & Radtunnel Südportal - Derendinger Allee,100003358,YAH24052174,9.04806,48.518,(UTC+01:00) Europe/Paris DST,2013-08-06T17:00:00+02:00,127,139,na,266,26.0,0.0,na
Eco Counter GmbH,Stadt Tübingen,667,Fuß- & Radtunnel Südportal - Derendinger Allee,100003358,YAH24052174,9.04806,48.518,(UTC+01:00) Europe/Paris DST,2013-08-06T18:00:00+02:00,157,161,na,318,24.0,0.0,na
Eco Counter GmbH,Stadt Tübingen,667,Fuß- & Radtunnel Südportal - Derendinger Allee,100003358,YAH24052174,9.04806,48.518,(UTC+01:00) Europe/Paris DST,2013-08-06T19:00:00+02:00,112,100,na,212,22.0,0.0,na
Eco Counter GmbH,Stadt Tübingen,667,Fuß- & Radtunnel Südportal - Derendinger Allee,100003358,YAH24052174,9.04806,48.518,(UTC+01:00) Europe/Paris DST,2013-08-06T20:00:00+02:00,93,86,na,179,20.0,0.0,na
Eco Counter GmbH,Stadt Tübingen,667,Fuß- & Radtunnel Südportal - Derendinger Allee,100003358,YAH24052174,9.04806,48.518,(UTC+01:00) Europe/Paris DST,2013-08-06T21:00:00+02:00,43,30,na,73,19.0,0.0,na
Eco Counter GmbH,Stadt Tübingen,667,Fuß- & Radtunnel Südportal - Derendinger Allee,100003358,YAH24052174,9.04806,48.518,(UTC+01:00) Europe/Paris DST,2013-08-06T22:00:00+02:00,48,24,na,72,18.0,0.0,na
Eco Counter GmbH,Stadt Tübingen,667,Fuß- & Radtunnel Südportal - Derendinger Allee,100003358,YAH24052174,9.04806,48.518,(UTC+01:00) Europe/Paris DST,2013-08-06T23:00:00+02:00,16,19,na,35,18.0,0.0,na
Eco Counter GmbH,Stadt Tübingen,667,Fuß- & Radtunnel Südportal - Derendinger Allee,100003358,YAH24052174,9.04806,48.518,(UTC+01:00) Europe/Paris DST,2013-08-07T00:00:00+02:00,12,12,na,24,17.0,0.0,na
Eco Counter GmbH,Stadt Tübingen,667,Fuß- & Radtunnel Südportal - Derendinger Allee,100003358,YAH24052174,9.04806,48.518,(UTC+01:00) Europe/Paris DST,2013-08-07T01:00:00+02:00,8,8,na,16,17.0,0.0,na
Eco Counter GmbH,Stadt Tübingen,667,Fuß- & Radtunnel Südportal - Derendinger Allee,100003358,YAH24052174,9.04806,48.518,(UTC+01:00) Europe/Paris DST,2013-08-07T02:00:00+02:00,4,3,na,7,17.0,0.0,na
Eco Counter GmbH,Stadt Tübingen,667,Fuß- & Radtunnel Südportal - Derendinger Allee,100003358,YAH24052174,9.04806,48.518,(UTC+01:00) Europe/Paris DST,2013-08-07T03:00:00+02:00,2,2,na,4,17.0,0.0,na
Eco Counter GmbH,Stadt Tübingen,667,Fuß- & Radtunnel Südportal - Derendinger Allee,100003358,YAH24052174,9.04806,48.518,(UTC+01:00) Europe/Paris DST,2013-08-07T04:00:00+02:00,5,2,na,7,16.0,0.0,na
Eco Counter GmbH,Stadt Tübingen,667,Fuß- & Radtunnel Südportal - Derendinger Allee,100003358,YAH24052174,9.04806,48.518,(UTC+01:00) Europe/Paris DST,2013-08-07T05:00:00+02:00,3,8,na,11,17.0,0.0,na
Eco Counter GmbH,Stadt Tübingen,667,Fuß- & Radtunnel Südportal - Derendinger Allee,100003358,YAH24052174,9.04806,48.518,(UTC+01:00) Europe/Paris DST,2013-08-07T06:00:00+02:00,31,24,na,55,18.0,0.0,na
Eco Counter GmbH,Stadt Tübingen,667,Fuß- & Radtunnel Südportal - Derendinger Allee,100003358,YAH24052174,9.04806,48.518,(UTC+01:00) Europe/Paris DST,2013-08-07T07:00:00+02:00,48,37,na,85,19.0,0.0,na
Eco Counter GmbH,Stadt Tübingen,667,Fuß- & Radtunnel Südportal - Derendinger Allee,100003358,YAH24052174,9.04806,48.518,(UTC+01:00) Europe/Paris DST,2013-08-07T08:00:00+02:00,95,73,na,168,21.0,0.1,na
Eco Counter GmbH,Stadt Tübingen,667,Fuß- & Radtunnel Südportal - Derendinger Allee,100003358,YAH24052174,9.04806,48.518,(UTC+01:00) Europe/Paris DST,2013-08-07T09:00:00+02:00,86,80,na,166,23.0,0.0,na
Eco Counter GmbH,Stadt Tübingen,667,Fuß- & Radtunnel Südportal - Derendinger Allee,100003358,YAH24052174,9.04806,48.518,(UTC+01:00) Europe/Paris DST,2013-08-07T10:00:00+02:00,92,75,na,167,25.0,0.0,na
Eco Counter GmbH,Stadt Tübingen,667,Fuß- & Radtunnel Südportal - Derendinger Allee,100003358,YAH24052174,9.04806,48.518,(UTC+01:00) Europe/Paris DST,2013-08-07T11:00:00+02:00,125,100,na,225,26.0,0.0,na
Eco Counter GmbH,Stadt Tübingen,667,Fuß- & Radtunnel Südportal - Derendinger Allee,100003358,YAH24052174,9.04806,48.518,(UTC+01:00) Europe/Paris DST,2013-08-07T12:00:00+02:00,113,116,na,229,27.0,0.0,na
Eco Counter GmbH,Stadt Tübingen,667,Fuß- & Radtunnel Südportal - Derendinger Allee,100003358,YAH24052174,9.04806,48.518,(UTC+01:00) Europe/Paris DST,2013-08-07T13:00:00+02:00,97,97,na,194,27.0,0.0,na
Eco Counter GmbH,Stadt Tübingen,667,Fuß- & Radtunnel Südportal - Derendinger Allee,100003358,YAH24052174,9.04806,48.518,(UTC+01:00) Europe/Paris DST,2013-08-07T14:00:00+02:00,108,117,na,225,25.0,1.1,na
Eco Counter GmbH,Stadt Tübingen,667,Fuß- & Radtunnel Südportal - Derendinger Allee,100003358,YAH24052174,9.04806,48.518,(UTC+01:00) Europe/Paris DST,2013-08-07T15:00:00+02:00,107,100,na,207,24.0,0.5,na
Eco Counter GmbH,Stadt Tübingen,667,Fuß- & Radtunnel Südportal - Derendinger Allee,100003358,YAH24052174,9.04806,48.518,(UTC+01:00) Europe/Paris DST,2013-08-07T16:00:00+02:00,124,143,na,267,23.0,0.0,na
Eco Counter GmbH,Stadt Tübingen,667,Fuß- & Radtunnel Südportal - Derendinger Allee,100003358,YAH24052174,9.04806,48.518,(UTC+01:00) Europe/Paris DST,2013-08-07T17:00:00+02:00,146,169,na,315,22.0,0.0,na
Eco Counter GmbH,Stadt Tübingen,667,Fuß- & Radtunnel Südportal - Derendinger Allee,100003358,YAH24052174,9.04806,48.518,(UTC+01:00) Europe/Paris DST,2013-08-07T18:00:00+02:00,156,172,na,328,21.0,0.0,na
Eco Counter GmbH,Stadt Tübingen,667,Fuß- & Radtunnel Südportal - Derendinger Allee,100003358,YAH24052174,9.04806,48.518,(UTC+01:00) Europe/Paris DST,2013-08-07T19:00:00+02:00,118,76,na,194,20.0,0.0,na
Eco Counter GmbH,Stadt Tübingen,667,Fuß- & Radtunnel Südportal - Derendinger Allee,100003358,YAH24052174,9.04806,48.518,(UTC+01:00) Europe/Paris DST,2013-08-07T20:00:00+02:00,92,60,na,152,19.0,0.2,na
Eco Counter GmbH,Stadt Tübingen,667,Fuß- & Radtunnel Südportal - Derendinger Allee,100003358,YAH24052174,9.04806,48.518,(UTC+01:00) Europe/Paris DST,2013-08-07T21:00:00+02:00,57,43,na,100,18.0,1.1,na
Eco Counter GmbH,Stadt Tübingen,667,Fuß- & Radtunnel Südportal - Derendinger Allee,100003358,YAH24052174,9.04806,48.518,(UTC+01:00) Europe/Paris DST,2013-08-07T22:00:00+02:00,32,41,na,73,17.0,1.8,na
Eco Counter GmbH,Stadt Tübingen,667,Fuß- & Radtunnel Südportal - Derendinger Allee,100003358,YAH24052174,9.04806,48.518,(UTC+01:00) Europe/Paris DST,2013-08-07T23:00:00+02:00,21,21,na,42,17.0,0.6,na
Eco Counter GmbH,Stadt Tübingen,667,Fuß- & Radtunnel Südportal - Derendinger Allee,100003358,YAH24052174,9.04806,48.518,(UTC+01:00) Europe/Paris DST,2013-08-08T00:00:00+02:00,15,16,na,31,16.0,0.3,na
Eco Counter GmbH,Stadt Tübingen,667,Fuß- & Radtunnel Südportal - Derendinger Allee,100003358,YAH24052174,9.04806,48.518,(UTC+01:00) Europe/Paris DST,2013-08-08T01:00:00+02:00,4,3,na,7,16.0,0.6,na
Eco Counter GmbH,Stadt Tübingen,667,Fuß- & Radtunnel Südportal - Derendinger Allee,100003358,YAH24052174,9.04806,48.518,(UTC+01:00) Europe/Paris DST,2013-08-08T02:00:00+02:00,7,1,na,8,16.0,0.6,na
Eco Counter GmbH,Stadt Tübingen,667,Fuß- & Radtunnel Südportal - Derendinger Allee,100003358,YAH24052174,9.04806,48.518,(UTC+01:00) Europe/Paris DST,2013-08-08T03:00:00+02:00,4,0,na,4,15.0,0.2,na
Eco Counter GmbH,Stadt Tübingen,667,Fuß- & Radtunnel Südportal - Derendinger Allee,100003358,YAH24052174,9.04806,48.518,(UTC+01:00) Europe/Paris DST,2013-08-08T04:00:00+02:00,1,5,na,6,15.0,0.2,na
Eco Counter GmbH,Stadt Tübingen,667,Fuß- & Radtunnel Südportal - Derendinger Allee,100003358,YAH24052174,9.04806,48.518,(UTC+01:00) Europe/Paris DST,2013-08-08T05:00:00+02:00,5,7,na,12,15.0,0.3,na
Eco Counter GmbH,Stadt Tübingen,667,Fuß- & Radtunnel Südportal - Derendinger Allee,100003358,YAH24052174,9.04806,48.518,(UTC+01:00) Europe/Paris DST,2013-08-08T06:00:00+02:00,35,37,na,72,16.0,0.3,na
Eco Counter GmbH,Stadt Tübingen,667,Fuß- & Radtunnel Südportal - Derendinger Allee,100003358,YAH24052174,9.04806,48.518,(UTC+01:00) Europe/Paris DST,2013-08-08T07:00:00+02:00,86,76,na,162,17.0,0.1,na
Eco Counter GmbH,Stadt Tübingen,667,Fuß- & Radtunnel Südportal - Derendinger Allee,100003358,YAH24052174,9.04806,48.518,(UTC+01:00) Europe/Paris DST,2013-08-08T08:00:00+02:00,131,82,na,213,18.0,0.0,na
Eco Counter GmbH,Stadt Tübingen,667,Fuß- & Radtunnel Südportal - Derendinger Allee,100003358,YAH24052174,9.04806,48.518,(UTC+01:00) Europe/Paris DST,2013-08-08T09:00:00+02:00,96,83,na,179,19.0,0.0,na
Eco Counter GmbH,Stadt Tübingen,667,Fuß- & Radtunnel Südportal - Derendinger Allee,100003358,YAH24052174,9.04806,48.518,(UTC+01:00) Europe/Paris DST,2013-08-08T10:00:00+02:00,89,105,na,194,20.0,0.2,na
Eco Counter GmbH,Stadt Tübingen,667,Fuß- & Radtunnel Südportal - Derendinger Allee,100003358,YAH24052174,9.04806,48.518,(UTC+01:00) Europe/Paris DST,2013-08-08T11:00:00+02:00,103,99,na,202,21.0,0.2,na
Eco Counter GmbH,Stadt Tübingen,667,Fuß- & Radtunnel Südportal - Derendinger Allee,100003358,YAH24052174,9.04806,48.518,(UTC+01:00) Europe/Paris DST,2013-08-08T12:00:00+02:00,114,87,na,201,21.0,0.4,na
Eco Counter GmbH,Stadt Tübingen,667,Fuß- & Radtunnel Südportal - Derendinger Allee,100003358,YAH24052174,9.04806,48.518,(UTC+01:00) Europe/Paris DST,2013-08-08T13:00:00+02:00,90,110,na,200,21.0,0.5,na
Eco Counter GmbH,Stadt Tübingen,667,Fuß- & Radtunnel Südportal - Derendinger Allee,100003358,YAH24052174,9.04806,48.518,(UTC+01:00) Europe/Paris DST,2013-08-08T14:00:00+02:00,97,101,na,198,21.0,0.8,na
Eco Counter GmbH,Stadt Tübingen,667,Fuß- & Radtunnel Südportal - Derendinger Allee,100003358,YAH24052174,9.04806,48.518,(UTC+01:00) Europe/Paris DST,2013-08-08T15:00:00+02:00,89,99,na,188,21.0,0.5,na
Eco Counter GmbH,Stadt Tübingen,667,Fuß- & Radtunnel Südportal - Derendinger Allee,100003358,YAH24052174,9.04806,48.518,(UTC+01:00) Europe/Paris DST,2013-08-08T16:00:00+02:00,116,99,na,215,21.0,0.6,na
Eco Counter GmbH,Stadt Tübingen,667,Fuß- & Radtunnel Südportal - Derendinger Allee,100003358,YAH24052174,9.04806,48.518,(UTC+01:00) Europe/Paris DST,2013-08-08T17:00:00+02:00,141,171,na,312,20.0,0.6,na
Eco Counter GmbH,Stadt Tübingen,667,Fuß- & Radtunnel Südportal - Derendinger Allee,100003358,YAH24052174,9.04806,48.518,(UTC+01:00) Europe/Paris DST,2013-08-08T18:00:00+02:00,149,146,na,295,19.0,0.5,na
Eco Counter GmbH,Stadt Tübingen,667,Fuß- & Radtunnel Südportal - Derendinger Allee,100003358,YAH24052174,9.04806,48.518,(UTC+01:00) Europe/Paris DST,2013-08-08T19:00:00+02:00,88,116,na,204,18.0,0.5,na
Eco Counter GmbH,Stadt Tübingen,667,Fuß- & Radtunnel Südportal - Derendinger Allee,100003358,YAH24052174,9.04806,48.518,(UTC+01:00) Europe/Paris DST,2013-08-08T20:00:00+02:00,97,63,na,160,17.0,0.0,na
Eco Counter GmbH,Stadt Tübingen,667,Fuß- & Radtunnel Südportal - Derendinger Allee,100003358,YAH24052174,9.04806,48.518,(UTC+01:00) Europe/Paris DST,2013-08-08T21:00:00+02:00,50,32,na,82,16.0,0.0,na
Eco Counter GmbH,Stadt Tübingen,667,Fuß- & Radtunnel Südportal - Derendinger Allee,100003358,YAH24052174,9.04806,48.518,(UTC+01:00) Europe/Paris DST,2013-08-08T22:00:00+02:00,48,45,na,93,16.0,0.0,na
Eco Counter GmbH,Stadt Tübingen,667,Fuß- & Radtunnel Südportal - Derendinger Allee,100003358,YAH24052174,9.04806,48.518,(UTC+01:00) Europe/Paris DST,2013-08-08T23:00:00+02:00,27,22,na,49,16.0,0.0,na
Eco Counter GmbH,Stadt Tübingen,667,Fuß- & Radtunnel Südportal - Derendinger Allee,100003358,YAH24052174,9.04806,48.518,(UTC+01:00) Europe/Paris DST,2013-08-09T00:00:00+02:00,6,9,na,15,15.0,0.0,na
Eco Counter GmbH,Stadt Tübingen,667,Fuß- & Radtunnel Südportal - Derendinger Allee,100003358,YAH24052174,9.04806,48.518,(UTC+01:00) Europe/Paris DST,2013-08-09T01:00:00+02:00,4,6,na,10,15.0,0.2,na
Eco Counter GmbH,Stadt Tübingen,667,Fuß- & Radtunnel Südportal - Derendinger Allee,100003358,YAH24052174,9.04806,48.518,(UTC+01:00) Europe/Paris DST,2013-08-09T02:00:00+02:00,2,3,na,5,15.0,0.1,na
Eco Counter GmbH,Stadt Tübingen,667,Fuß- & Radtunnel Südportal - Derendinger Allee,100003358,YAH24052174,9.04806,48.518,(UTC+01:00) Europe/Paris DST,2013-08-09T03:00:00+02:00,1,1,na,2,15.0,0.0,na
Eco Counter GmbH,Stadt Tübingen,667,Fuß- & Radtunnel Südportal - Derendinger Allee,100003358,YAH24052174,9.04806,48.518,(UTC+01:00) Europe/Paris DST,2013-08-09T04:00:00+02:00,6,9,na,15,14.0,0.0,na
Eco Counter GmbH,Stadt Tübingen,667,Fuß- & Radtunnel Südportal - Derendinger Allee,100003358,YAH24052174,9.04806,48.518,(UTC+01:00) Europe/Paris DST,2013-08-09T05:00:00+02:00,4,10,na,14,14.0,1.4,na
Eco Counter GmbH,Stadt Tübingen,667,Fuß- & Radtunnel Südportal - Derendinger Allee,100003358,YAH24052174,9.04806,48.518,(UTC+01:00) Europe/Paris DST,2013-08-09T06:00:00+02:00,31,40,na,71,15.0,1.9,na
Eco Counter GmbH,Stadt Tübingen,667,Fuß- & Radtunnel Südportal - Derendinger Allee,100003358,YAH24052174,9.04806,48.518,(UTC+01:00) Europe/Paris DST,2013-08-09T07:00:00+02:00,78,51,na,129,14.0,0.0,na
Eco Counter GmbH,Stadt Tübingen,667,Fuß- & Radtunnel Südportal - Derendinger Allee,100003358,YAH24052174,9.04806,48.518,(UTC+01:00) Europe/Paris DST,2013-08-09T08:00:00+02:00,95,104,na,199,15.0,0.2,na
Eco Counter GmbH,Stadt Tübingen,667,Fuß- & Radtunnel Südportal - Derendinger Allee,100003358,YAH24052174,9.04806,48.518,(UTC+01:00) Europe/Paris DST,2013-08-09T09:00:00+02:00,109,76,na,185,16.0,0.3,na
Eco Counter GmbH,Stadt Tübingen,667,Fuß- & Radtunnel Südportal - Derendinger Allee,100003358,YAH24052174,9.04806,48.518,(UTC+01:00) Europe/Paris DST,2013-08-09T10:00:00+02:00,116,83,na,199,17.0,0.2,na
Eco Counter GmbH,Stadt Tübingen,667,Fuß- & Radtunnel Südportal - Derendinger Allee,100003358,YAH24052174,9.04806,48.518,(UTC+01:00) Europe/Paris DST,2013-08-09T11:00:00+02:00,99,91,na,190,18.0,0.0,na
Eco Counter GmbH,Stadt Tübingen,667,Fuß- & Radtunnel Südportal - Derendinger Allee,100003358,YAH24052174,9.04806,48.518,(UTC+01:00) Europe/Paris DST,2013-08-09T12:00:00+02:00,95,121,na,216,19.0,0.0,na
Eco Counter GmbH,Stadt Tübingen,667,Fuß- & Radtunnel Südportal - Derendinger Allee,100003358,YAH24052174,9.04806,48.518,(UTC+01:00) Europe/Paris DST,2013-08-09T13:00:00+02:00,87,121,na,208,20.0,0.0,na
Eco Counter GmbH,Stadt Tübingen,667,Fuß- & Radtunnel Südportal - Derendinger Allee,100003358,YAH24052174,9.04806,48.518,(UTC+01:00) Europe/Paris DST,2013-08-09T14:00:00+02:00,123,100,na,223,20.0,0.0,na
Eco Counter GmbH,Stadt Tübingen,667,Fuß- & Radtunnel Südportal - Derendinger Allee,100003358,YAH24052174,9.04806,48.518,(UTC+01:00) Europe/Paris DST,2013-08-09T15:00:00+02:00,124,119,na,243,20.0,0.1,na
Eco Counter GmbH,Stadt Tübingen,667,Fuß- & Radtunnel Südportal - Derendinger Allee,100003358,YAH24052174,9.04806,48.518,(UTC+01:00) Europe/Paris DST,2013-08-09T16:00:00+02:00,137,159,na,296,19.0,0.0,na
Eco Counter GmbH,Stadt Tübingen,667,Fuß- & Radtunnel Südportal - Derendinger Allee,100003358,YAH24052174,9.04806,48.518,(UTC+01:00) Europe/Paris DST,2013-08-09T17:00:00+02:00,134,147,na,281,18.0,0.0,na
Eco Counter GmbH,Stadt Tübingen,667,Fuß- & Radtunnel Südportal - Derendinger Allee,100003358,YAH24052174,9.04806,48.518,(UTC+01:00) Europe/Paris DST,2013-08-09T18:00:00+02:00,137,117,na,254,18.0,0.0,na
Eco Counter GmbH,Stadt Tübingen,667,Fuß- & Radtunnel Südportal - Derendinger Allee,100003358,YAH24052174,9.04806,48.518,(UTC+01:00) Europe/Paris DST,2013-08-09T19:00:00+02:00,113,151,na,264,17.0,0.0,na
Eco Counter GmbH,Stadt Tübingen,667,Fuß- & Radtunnel Südportal - Derendinger Allee,100003358,YAH24052174,9.04806,48.518,(UTC+01:00) Europe/Paris DST,2013-08-09T20:00:00+02:00,98,89,na,187,15.0,0.0,na
Eco Counter GmbH,Stadt Tübingen,667,Fuß- & Radtunnel Südportal - Derendinger Allee,100003358,YAH24052174,9.04806,48.518,(UTC+01:00) Europe/Paris DST,2013-08-09T21:00:00+02:00,75,59,na,134,14.0,0.0,na
Eco Counter GmbH,Stadt Tübingen,667,Fuß- & Radtunnel Südportal - Derendinger Allee,100003358,YAH24052174,9.04806,48.518,(UTC+01:00) Europe/Paris DST,2013-08-09T22:00:00+02:00,49,35,na,84,14.0,0.0,na
Eco Counter GmbH,Stadt Tübingen,667,Fuß- & Radtunnel Südportal - Derendinger Allee,100003358,YAH24052174,9.04806,48.518,(UTC+01:00) Europe/Paris DST,2013-08-09T23:00:00+02:00,44,15,na,59,13.0,0.0,na
Eco Counter GmbH,Stadt Tübingen,667,Fuß- & Radtunnel Südportal - Derendinger Allee,100003358,YAH24052174,9.04806,48.518,(UTC+01:00) Europe/Paris DST,2013-08-10T00:00:00+02:00,14,16,na,30,13.0,0.0,na
Eco Counter GmbH,Stadt Tübingen,667,Fuß- & Radtunnel Südportal - Derendinger Allee,100003358,YAH24052174,9.04806,48.518,(UTC+01:00) Europe/Paris DST,2013-08-10T01:00:00+02:00,16,7,na,23,12.0,0.0,na
Eco Counter GmbH,Stadt Tübingen,667,Fuß- & Radtunnel Südportal - Derendinger Allee,100003358,YAH24052174,9.04806,48.518,(UTC+01:00) Europe/Paris DST,2013-08-10T02:00:00+02:00,11,9,na,20,12.0,0.0,na
Eco Counter GmbH,Stadt Tübingen,667,Fuß- & Radtunnel Südportal - Derendinger Allee,100003358,YAH24052174,9.04806,48.518,(UTC+01:00) Europe/Paris DST,2013-08-10T03:00:00+02:00,3,2,na,5,12.0,0.0,na
Eco Counter GmbH,Stadt Tübingen,667,Fuß- & Radtunnel Südportal - Derendinger Allee,100003358,YAH24052174,9.04806,48.518,(UTC+01:00) Europe/Paris DST,2013-08-10T04:00:00+02:00,6,6,na,12,12.0,0.0,na
Eco Counter GmbH,Stadt Tübingen,667,Fuß- & Radtunnel Südportal - Derendinger Allee,100003358,YAH24052174,9.04806,48.518,(UTC+01:00) Europe/Paris DST,2013-08-10T05:00:00+02:00,5,3,na,8,13.0,0.0,na
Eco Counter GmbH,Stadt Tübingen,667,Fuß- & Radtunnel Südportal - Derendinger Allee,100003358,YAH24052174,9.04806,48.518,(UTC+01:00) Europe/Paris DST,2013-08-10T06:00:00+02:00,14,17,na,31,14.0,0.0,na
Eco Counter GmbH,Stadt Tübingen,667,Fuß- & Radtunnel Südportal - Derendinger Allee,100003358,YAH24052174,9.04806,48.518,(UTC+01:00) Europe/Paris DST,2013-08-10T07:00:00+02:00,15,17,na,32,16.0,0.0,na
Eco Counter GmbH,Stadt Tübingen,667,Fuß- & Radtunnel Südportal - Derendinger Allee,100003358,YAH24052174,9.04806,48.518,(UTC+01:00) Europe/Paris DST,2013-08-10T08:00:00+02:00,45,40,na,85,18.0,0.0,na
Eco Counter GmbH,Stadt Tübingen,667,Fuß- & Radtunnel Südportal - Derendinger Allee,100003358,YAH24052174,9.04806,48.518,(UTC+01:00) Europe/Paris DST,2013-08-10T09:00:00+02:00,99,98,na,197,19.0,0.0,na
Eco Counter GmbH,Stadt Tübingen,667,Fuß- & Radtunnel Südportal - Derendinger Allee,100003358,YAH24052174,9.04806,48.518,(UTC+01:00) Europe/Paris DST,2013-08-10T10:00:00+02:00,125,114,na,239,20.0,0.0,na
Eco Counter GmbH,Stadt Tübingen,667,Fuß- & Radtunnel Südportal - Derendinger Allee,100003358,YAH24052174,9.04806,48.518,(UTC+01:00) Europe/Paris DST,2013-08-10T11:00:00+02:00,157,169,na,326,21.0,0.0,na
Eco Counter GmbH,Stadt Tübingen,667,Fuß- & Radtunnel Südportal - Derendinger Allee,100003358,YAH24052174,9.04806,48.518,(UTC+01:00) Europe/Paris DST,2013-08-10T12:00:00+02:00,173,183,na,356,22.0,0.0,na
Eco Counter GmbH,Stadt Tübingen,667,Fuß- & Radtunnel Südportal - Derendinger Allee,100003358,YAH24052174,9.04806,48.518,(UTC+01:00) Europe/Paris DST,2013-08-10T13:00:00+02:00,129,206,na,335,22.0,0.0,na
Eco Counter GmbH,Stadt Tübingen,667,Fuß- & Radtunnel Südportal - Derendinger Allee,100003358,YAH24052174,9.04806,48.518,(UTC+01:00) Europe/Paris DST,2013-08-10T14:00:00+02:00,110,206,na,316,22.0,0.0,na
Eco Counter GmbH,Stadt Tübingen,667,Fuß- & Radtunnel Südportal - Derendinger Allee,100003358,YAH24052174,9.04806,48.518,(UTC+01:00) Europe/Paris DST,2013-08-10T15:00:00+02:00,130,136,na,266,21.0,0.0,na
Eco Counter GmbH,Stadt Tübingen,667,Fuß- & Radtunnel Südportal - Derendinger Allee,100003358,YAH24052174,9.04806,48.518,(UTC+01:00) Europe/Paris DST,2013-08-10T16:00:00+02:00,137,170,na,307,21.0,0.0,na
Eco Counter GmbH,Stadt Tübingen,667,Fuß- & Radtunnel Südportal - Derendinger Allee,100003358,YAH24052174,9.04806,48.518,(UTC+01:00) Europe/Paris DST,2013-08-10T17:00:00+02:00,157,113,na,270,20.0,0.0,na
Eco Counter GmbH,Stadt Tübingen,667,Fuß- & Radtunnel Südportal - Derendinger Allee,100003358,YAH24052174,9.04806,48.518,(UTC+01:00) Europe/Paris DST,2013-08-10T18:00:00+02:00,144,120,na,264,19.0,0.0,na
Eco Counter GmbH,Stadt Tübingen,667,Fuß- & Radtunnel Südportal - Derendinger Allee,100003358,YAH24052174,9.04806,48.518,(UTC+01:00) Europe/Paris DST,2013-08-10T19:00:00+02:00,141,73,na,214,18.0,0.0,na
Eco Counter GmbH,Stadt Tübingen,667,Fuß- & Radtunnel Südportal - Derendinger Allee,100003358,YAH24052174,9.04806,48.518,(UTC+01:00) Europe/Paris DST,2013-08-10T20:00:00+02:00,107,62,na,169,16.0,0.0,na
Eco Counter GmbH,Stadt Tübingen,667,Fuß- & Radtunnel Südportal - Derendinger Allee,100003358,YAH24052174,9.04806,48.518,(UTC+01:00) Europe/Paris DST,2013-08-10T21:00:00+02:00,66,49,na,115,15.0,0.0,na
Eco Counter GmbH,Stadt Tübingen,667,Fuß- & Radtunnel Südportal - Derendinger Allee,100003358,YAH24052174,9.04806,48.518,(UTC+01:00) Europe/Paris DST,2013-08-10T22:00:00+02:00,52,48,na,100,14.0,0.0,na
Eco Counter GmbH,Stadt Tübingen,667,Fuß- & Radtunnel Südportal - Derendinger Allee,100003358,YAH24052174,9.04806,48.518,(UTC+01:00) Europe/Paris DST,2013-08-10T23:00:00+02:00,63,33,na,96,14.0,0.0,na
Eco Counter GmbH,Stadt Tübingen,667,Fuß- & Radtunnel Südportal - Derendinger Allee,100003358,YAH24052174,9.04806,48.518,(UTC+01:00) Europe/Paris DST,2013-08-11T00:00:00+02:00,20,21,na,41,13.0,0.0,na
Eco Counter GmbH,Stadt Tübingen,667,Fuß- & Radtunnel Südportal - Derendinger Allee,100003358,YAH24052174,9.04806,48.518,(UTC+01:00) Europe/Paris DST,2013-08-11T01:00:00+02:00,11,10,na,21,12.0,0.0,na
Eco Counter GmbH,Stadt Tübingen,667,Fuß- & Radtunnel Südportal - Derendinger Allee,100003358,YAH24052174,9.04806,48.518,(UTC+01:00) Europe/Paris DST,2013-08-11T02:00:00+02:00,12,9,na,21,12.0,0.0,na
Eco Counter GmbH,Stadt Tübingen,667,Fuß- & Radtunnel Südportal - Derendinger Allee,100003358,YAH24052174,9.04806,48.518,(UTC+01:00) Europe/Paris DST,2013-08-11T03:00:00+02:00,11,4,na,15,12.0,0.0,na
Eco Counter GmbH,Stadt Tübingen,667,Fuß- & Radtunnel Südportal - Derendinger Allee,100003358,YAH24052174,9.04806,48.518,(UTC+01:00) Europe/Paris DST,2013-08-11T04:00:00+02:00,6,3,na,9,12.0,0.0,na
Eco Counter GmbH,Stadt Tübingen,667,Fuß- & Radtunnel Südportal - Derendinger Allee,100003358,YAH24052174,9.04806,48.518,(UTC+01:00) Europe/Paris DST,2013-08-11T05:00:00+02:00,8,4,na,12,12.0,0.0,na
Eco Counter GmbH,Stadt Tübingen,667,Fuß- & Radtunnel Südportal - Derendinger Allee,100003358,YAH24052174,9.04806,48.518,(UTC+01:00) Europe/Paris DST,2013-08-11T06:00:00+02:00,15,11,na,26,13.0,0.0,na
Eco Counter GmbH,Stadt Tübingen,667,Fuß- & Radtunnel Südportal - Derendinger Allee,100003358,YAH24052174,9.04806,48.518,(UTC+01:00) Europe/Paris DST,2013-08-11T07:00:00+02:00,14,21,na,35,15.0,0.0,na
Eco Counter GmbH,Stadt Tübingen,667,Fuß- & Radtunnel Südportal - Derendinger Allee,100003358,YAH24052174,9.04806,48.518,(UTC+01:00) Europe/Paris DST,2013-08-11T08:00:00+02:00,22,28,na,50,16.0,0.0,na
Eco Counter GmbH,Stadt Tübingen,667,Fuß- & Radtunnel Südportal - Derendinger Allee,100003358,YAH24052174,9.04806,48.518,(UTC+01:00) Europe/Paris DST,2013-08-11T09:00:00+02:00,65,79,na,144,18.0,0.1,na
Eco Counter GmbH,Stadt Tübingen,667,Fuß- & Radtunnel Südportal - Derendinger Allee,100003358,YAH24052174,9.04806,48.518,(UTC+01:00) Europe/Paris DST,2013-08-11T10:00:00+02:00,97,155,na,252,19.0,0.2,na
Eco Counter GmbH,Stadt Tübingen,667,Fuß- & Radtunnel Südportal - Derendinger Allee,100003358,YAH24052174,9.04806,48.518,(UTC+01:00) Europe/Paris DST,2013-08-11T11:00:00+02:00,107,145,na,252,21.0,0.0,na
Eco Counter GmbH,Stadt Tübingen,667,Fuß- & Radtunnel Südportal - Derendinger Allee,100003358,YAH24052174,9.04806,48.518,(UTC+01:00) Europe/Paris DST,2013-08-11T12:00:00+02:00,146,153,na,299,21.0,0.1,na
Eco Counter GmbH,Stadt Tübingen,667,Fuß- & Radtunnel Südportal - Derendinger Allee,100003358,YAH24052174,9.04806,48.518,(UTC+01:00) Europe/Paris DST,2013-08-11T13:00:00+02:00,135,157,na,292,22.0,0.0,na
Eco Counter GmbH,Stadt Tübingen,667,Fuß- & Radtunnel Südportal - Derendinger Allee,100003358,YAH24052174,9.04806,48.518,(UTC+01:00) Europe/Paris DST,2013-08-11T14:00:00+02:00,193,159,na,352,22.0,0.0,na
Eco Counter GmbH,Stadt Tübingen,667,Fuß- & Radtunnel Südportal - Derendinger Allee,100003358,YAH24052174,9.04806,48.518,(UTC+01:00) Europe/Paris DST,2013-08-11T15:00:00+02:00,226,203,na,429,21.0,0.1,na
Eco Counter GmbH,Stadt Tübingen,667,Fuß- & Radtunnel Südportal - Derendinger Allee,100003358,YAH24052174,9.04806,48.518,(UTC+01:00) Europe/Paris DST,2013-08-11T16:00:00+02:00,185,214,na,399,20.0,0.0,na
Eco Counter GmbH,Stadt Tübingen,667,Fuß- & Radtunnel Südportal - Derendinger Allee,100003358,YAH24052174,9.04806,48.518,(UTC+01:00) Europe/Paris DST,2013-08-11T17:00:00+02:00,183,185,na,368,20.0,0.0,na
Eco Counter GmbH,Stadt Tübingen,667,Fuß- & Radtunnel Südportal - Derendinger Allee,100003358,YAH24052174,9.04806,48.518,(UTC+01:00) Europe/Paris DST,2013-08-11T18:00:00+02:00,181,107,na,288,19.0,0.0,na
Eco Counter GmbH,Stadt Tübingen,667,Fuß- & Radtunnel Südportal - Derendinger Allee,100003358,YAH24052174,9.04806,48.518,(UTC+01:00) Europe/Paris DST,2013-08-11T19:00:00+02:00,152,94,na,246,17.0,0.0,na
Eco Counter GmbH,Stadt Tübingen,667,Fuß- & Radtunnel Südportal - Derendinger Allee,100003358,YAH24052174,9.04806,48.518,(UTC+01:00) Europe/Paris DST,2013-08-11T20:00:00+02:00,107,76,na,183,16.0,0.0,na
Eco Counter GmbH,Stadt Tübingen,667,Fuß- & Radtunnel Südportal - Derendinger Allee,100003358,YAH24052174,9.04806,48.518,(UTC+01:00) Europe/Paris DST,2013-08-11T21:00:00+02:00,62,33,na,95,15.0,0.0,na
Eco Counter GmbH,Stadt Tübingen,667,Fuß- & Radtunnel Südportal - Derendinger Allee,100003358,YAH24052174,9.04806,48.518,(UTC+01:00) Europe/Paris DST,2013-08-11T22:00:00+02:00,37,25,na,62,14.0,0.0,na
Eco Counter GmbH,Stadt Tübingen,667,Fuß- & Radtunnel Südportal - Derendinger Allee,100003358,YAH24052174,9.04806,48.518,(UTC+01:00) Europe/Paris DST,2013-08-11T23:00:00+02:00,18,15,na,33,14.0,0.0,na
Eco Counter GmbH,Stadt Tübingen,667,Fuß- & Radtunnel Südportal - Derendinger Allee,100003358,YAH24052174,9.04806,48.518,(UTC+01:00) Europe/Paris DST,2013-08-12T00:00:00+02:00,6,10,na,16,14.0,0.0,na
Eco Counter GmbH,Stadt Tübingen,667,Fuß- & Radtunnel Südportal - Derendinger Allee,100003358,YAH24052174,9.04806,48.518,(UTC+01:00) Europe/Paris DST,2013-08-12T01:00:00+02:00,3,2,na,5,14.0,0.0,na
Eco Counter GmbH,Stadt Tübingen,667,Fuß- & Radtunnel Südportal - Derendinger Allee,100003358,YAH24052174,9.04806,48.518,(UTC+01:00) Europe/Paris DST,2013-08-12T02:00:00+02:00,2,0,na,2,13.0,0.0,na
Eco Counter GmbH,Stadt Tübingen,667,Fuß- & Radtunnel Südportal - Derendinger Allee,100003358,YAH24052174,9.04806,48.518,(UTC+01:00) Europe/Paris DST,2013-08-12T03:00:00+02:00,3,3,na,6,14.0,0.0,na
Eco Counter GmbH,Stadt Tübingen,667,Fuß- & Radtunnel Südportal - Derendinger Allee,100003358,YAH24052174,9.04806,48.518,(UTC+01:00) Europe/Paris DST,2013-08-12T04:00:00+02:00,3,5,na,8,14.0,0.1,na
Eco Counter GmbH,Stadt Tübingen,667,Fuß- & Radtunnel Südportal - Derendinger Allee,100003358,YAH24052174,9.04806,48.518,(UTC+01:00) Europe/Paris DST,2013-08-12T05:00:00+02:00,11,11,na,22,15.0,0.0,na
Eco Counter GmbH,Stadt Tübingen,667,Fuß- & Radtunnel Südportal - Derendinger Allee,100003358,YAH24052174,9.04806,48.518,(UTC+01:00) Europe/Paris DST,2013-08-12T06:00:00+02:00,36,51,na,87,16.0,0.0,na
Eco Counter GmbH,Stadt Tübingen,667,Fuß- & Radtunnel Südportal - Derendinger Allee,100003358,YAH24052174,9.04806,48.518,(UTC+01:00) Europe/Paris DST,2013-08-12T07:00:00+02:00,94,65,na,159,17.0,0.0,na
Eco Counter GmbH,Stadt Tübingen,667,Fuß- & Radtunnel Südportal - Derendinger Allee,100003358,YAH24052174,9.04806,48.518,(UTC+01:00) Europe/Paris DST,2013-08-12T08:00:00+02:00,100,103,na,203,18.0,0.0,na
Eco Counter GmbH,Stadt Tübingen,667,Fuß- & Radtunnel Südportal - Derendinger Allee,100003358,YAH24052174,9.04806,48.518,(UTC+01:00) Europe/Paris DST,2013-08-12T09:00:00+02:00,120,92,na,212,20.0,0.0,na
Eco Counter GmbH,Stadt Tübingen,667,Fuß- & Radtunnel Südportal - Derendinger Allee,100003358,YAH24052174,9.04806,48.518,(UTC+01:00) Europe/Paris DST,2013-08-12T10:00:00+02:00,122,150,na,272,21.0,0.0,na
Eco Counter GmbH,Stadt Tübingen,667,Fuß- & Radtunnel Südportal - Derendinger Allee,100003358,YAH24052174,9.04806,48.518,(UTC+01:00) Europe/Paris DST,2013-08-12T11:00:00+02:00,123,127,na,250,23.0,0.0,na
Eco Counter GmbH,Stadt Tübingen,667,Fuß- & Radtunnel Südportal - Derendinger Allee,100003358,YAH24052174,9.04806,48.518,(UTC+01:00) Europe/Paris DST,2013-08-12T12:00:00+02:00,134,140,na,274,23.0,0.0,na
Eco Counter GmbH,Stadt Tübingen,667,Fuß- & Radtunnel Südportal - Derendinger Allee,100003358,YAH24052174,9.04806,48.518,(UTC+01:00) Europe/Paris DST,2013-08-12T13:00:00+02:00,142,131,na,273,23.0,0.0,na
Eco Counter GmbH,Stadt Tübingen,667,Fuß- & Radtunnel Südportal - Derendinger Allee,100003358,YAH24052174,9.04806,48.518,(UTC+01:00) Europe/Paris DST,2013-08-12T14:00:00+02:00,122,101,na,223,23.0,0.0,na
Eco Counter GmbH,Stadt Tübingen,667,Fuß- & Radtunnel Südportal - Derendinger Allee,100003358,YAH24052174,9.04806,48.518,(UTC+01:00) Europe/Paris DST,2013-08-12T15:00:00+02:00,101,136,na,237,22.0,0.0,na
Eco Counter GmbH,Stadt Tübingen,667,Fuß- & Radtunnel Südportal - Derendinger Allee,100003358,YAH24052174,9.04806,48.518,(UTC+01:00) Europe/Paris DST,2013-08-12T16:00:00+02:00,188,178,na,366,21.0,0.0,na
Eco Counter GmbH,Stadt Tübingen,667,Fuß- & Radtunnel Südportal - Derendinger Allee,100003358,YAH24052174,9.04806,48.518,(UTC+01:00) Europe/Paris DST,2013-08-12T17:00:00+02:00,186,171,na,357,21.0,0.0,na
Eco Counter GmbH,Stadt Tübingen,667,Fuß- & Radtunnel Südportal - Derendinger Allee,100003358,YAH24052174,9.04806,48.518,(UTC+01:00) Europe/Paris DST,2013-08-12T18:00:00+02:00,181,194,na,375,20.0,0.0,na
Eco Counter GmbH,Stadt Tübingen,667,Fuß- & Radtunnel Südportal - Derendinger Allee,100003358,YAH24052174,9.04806,48.518,(UTC+01:00) Europe/Paris DST,2013-08-12T19:00:00+02:00,142,125,na,267,19.0,0.0,na
Eco Counter GmbH,Stadt Tübingen,667,Fuß- & Radtunnel Südportal - Derendinger Allee,100003358,YAH24052174,9.04806,48.518,(UTC+01:00) Europe/Paris DST,2013-08-12T20:00:00+02:00,129,92,na,221,17.0,0.1,na
Eco Counter GmbH,Stadt Tübingen,667,Fuß- & Radtunnel Südportal - Derendinger Allee,100003358,YAH24052174,9.04806,48.518,(UTC+01:00) Europe/Paris DST,2013-08-12T21:00:00+02:00,53,30,na,83,16.0,1.1,na
Eco Counter GmbH,Stadt Tübingen,667,Fuß- & Radtunnel Südportal - Derendinger Allee,100003358,YAH24052174,9.04806,48.518,(UTC+01:00) Europe/Paris DST,2013-08-12T22:00:00+02:00,27,24,na,51,15.0,1.6,na
Eco Counter GmbH,Stadt Tübingen,667,Fuß- & Radtunnel Südportal - Derendinger Allee,100003358,YAH24052174,9.04806,48.518,(UTC+01:00) Europe/Paris DST,2013-08-12T23:00:00+02:00,18,19,na,37,14.0,1.3,na
Eco Counter GmbH,Stadt Tübingen,667,Fuß- & Radtunnel Südportal - Derendinger Allee,100003358,YAH24052174,9.04806,48.518,(UTC+01:00) Europe/Paris DST,2013-08-13T00:00:00+02:00,7,8,na,15,14.0,0.4,na
Eco Counter GmbH,Stadt Tübingen,667,Fuß- & Radtunnel Südportal - Derendinger Allee,100003358,YAH24052174,9.04806,48.518,(UTC+01:00) Europe/Paris DST,2013-08-13T01:00:00+02:00,2,6,na,8,14.0,0.0,na
Eco Counter GmbH,Stadt Tübingen,667,Fuß- & Radtunnel Südportal - Derendinger Allee,100003358,YAH24052174,9.04806,48.518,(UTC+01:00) Europe/Paris DST,2013-08-13T02:00:00+02:00,1,5,na,6,13.0,0.0,na
Eco Counter GmbH,Stadt Tübingen,667,Fuß- & Radtunnel Südportal - Derendinger Allee,100003358,YAH24052174,9.04806,48.518,(UTC+01:00) Europe/Paris DST,2013-08-13T03:00:00+02:00,4,2,na,6,13.0,0.0,na
Eco Counter GmbH,Stadt Tübingen,667,Fuß- & Radtunnel Südportal - Derendinger Allee,100003358,YAH24052174,9.04806,48.518,(UTC+01:00) Europe/Paris DST,2013-08-13T04:00:00+02:00,3,6,na,9,13.0,0.0,na
Eco Counter GmbH,Stadt Tübingen,667,Fuß- & Radtunnel Südportal - Derendinger Allee,100003358,YAH24052174,9.04806,48.518,(UTC+01:00) Europe/Paris DST,2013-08-13T05:00:00+02:00,13,8,na,21,13.0,0.0,na
Eco Counter GmbH,Stadt Tübingen,667,Fuß- & Radtunnel Südportal - Derendinger Allee,100003358,YAH24052174,9.04806,48.518,(UTC+01:00) Europe/Paris DST,2013-08-13T06:00:00+02:00,35,55,na,90,13.0,0.0,na
Eco Counter GmbH,Stadt Tübingen,667,Fuß- & Radtunnel Südportal - Derendinger Allee,100003358,YAH24052174,9.04806,48.518,(UTC+01:00) Europe/Paris DST,2013-08-13T07:00:00+02:00,109,85,na,194,14.0,0.0,na
Eco Counter GmbH,Stadt Tübingen,667,Fuß- & Radtunnel Südportal - Derendinger Allee,100003358,YAH24052174,9.04806,48.518,(UTC+01:00) Europe/Paris DST,2013-08-13T08:00:00+02:00,118,99,na,217,15.0,0.2,na
Eco Counter GmbH,Stadt Tübingen,667,Fuß- & Radtunnel Südportal - Derendinger Allee,100003358,YAH24052174,9.04806,48.518,(UTC+01:00) Europe/Paris DST,2013-08-13T09:00:00+02:00,118,92,na,210,16.0,0.2,na
Eco Counter GmbH,Stadt Tübingen,667,Fuß- & Radtunnel Südportal - Derendinger Allee,100003358,YAH24052174,9.04806,48.518,(UTC+01:00) Europe/Paris DST,2013-08-13T10:00:00+02:00,99,109,na,208,18.0,0.0,na
Eco Counter GmbH,Stadt Tübingen,667,Fuß- & Radtunnel Südportal - Derendinger Allee,100003358,YAH24052174,9.04806,48.518,(UTC+01:00) Europe/Paris DST,2013-08-13T11:00:00+02:00,117,105,na,222,19.0,0.0,na
Eco Counter GmbH,Stadt Tübingen,667,Fuß- & Radtunnel Südportal - Derendinger Allee,100003358,YAH24052174,9.04806,48.518,(UTC+01:00) Europe/Paris DST,2013-08-13T12:00:00+02:00,97,115,na,212,20.0,0.0,na
Eco Counter GmbH,Stadt Tübingen,667,Fuß- & Radtunnel Südportal - Derendinger Allee,100003358,YAH24052174,9.04806,48.518,(UTC+01:00) Europe/Paris DST,2013-08-13T13:00:00+02:00,115,107,na,222,20.0,0.0,na
Eco Counter GmbH,Stadt Tübingen,667,Fuß- & Radtunnel Südportal - Derendinger Allee,100003358,YAH24052174,9.04806,48.518,(UTC+01:00) Europe/Paris DST,2013-08-13T14:00:00+02:00,105,114,na,219,20.0,0.0,na
Eco Counter GmbH,Stadt Tübingen,667,Fuß- & Radtunnel Südportal - Derendinger Allee,100003358,YAH24052174,9.04806,48.518,(UTC+01:00) Europe/Paris DST,2013-08-13T15:00:00+02:00,123,134,na,257,19.0,0.0,na
Eco Counter GmbH,Stadt Tübingen,667,Fuß- & Radtunnel Südportal - Derendinger Allee,100003358,YAH24052174,9.04806,48.518,(UTC+01:00) Europe/Paris DST,2013-08-13T16:00:00+02:00,163,160,na,323,18.0,0.0,na
Eco Counter GmbH,Stadt Tübingen,667,Fuß- & Radtunnel Südportal - Derendinger Allee,100003358,YAH24052174,9.04806,48.518,(UTC+01:00) Europe/Paris DST,2013-08-13T17:00:00+02:00,178,172,na,350,18.0,0.0,na
Eco Counter GmbH,Stadt Tübingen,667,Fuß- & Radtunnel Südportal - Derendinger Allee,100003358,YAH24052174,9.04806,48.518,(UTC+01:00) Europe/Paris DST,2013-08-13T18:00:00+02:00,190,163,na,353,17.0,0.0,na
Eco Counter GmbH,Stadt Tübingen,667,Fuß- & Radtunnel Südportal - Derendinger Allee,100003358,YAH24052174,9.04806,48.518,(UTC+01:00) Europe/Paris DST,2013-08-13T19:00:00+02:00,108,119,na,227,16.0,0.0,na
Eco Counter GmbH,Stadt Tübingen,667,Fuß- & Radtunnel Südportal - Derendinger Allee,100003358,YAH24052174,9.04806,48.518,(UTC+01:00) Europe/Paris DST,2013-08-13T20:00:00+02:00,103,69,na,172,14.0,0.0,na
Eco Counter GmbH,Stadt Tübingen,667,Fuß- & Radtunnel Südportal - Derendinger Allee,100003358,YAH24052174,9.04806,48.518,(UTC+01:00) Europe/Paris DST,2013-08-13T21:00:00+02:00,58,41,na,99,13.0,0.0,na
Eco Counter GmbH,Stadt Tübingen,667,Fuß- & Radtunnel Südportal - Derendinger Allee,100003358,YAH24052174,9.04806,48.518,(UTC+01:00) Europe/Paris DST,2013-08-13T22:00:00+02:00,30,27,na,57,12.0,0.0,na
Eco Counter GmbH,Stadt Tübingen,667,Fuß- & Radtunnel Südportal - Derendinger Allee,100003358,YAH24052174,9.04806,48.518,(UTC+01:00) Europe/Paris DST,2013-08-13T23:00:00+02:00,27,17,na,44,11.0,0.0,na
Eco Counter GmbH,Stadt Tübingen,667,Fuß- & Radtunnel Südportal - Derendinger Allee,100003358,YAH24052174,9.04806,48.518,(UTC+01:00) Europe/Paris DST,2013-08-14T00:00:00+02:00,8,9,na,17,11.0,0.0,na
Eco Counter GmbH,Stadt Tübingen,667,Fuß- & Radtunnel Südportal - Derendinger Allee,100003358,YAH24052174,9.04806,48.518,(UTC+01:00) Europe/Paris DST,2013-08-14T01:00:00+02:00,2,5,na,7,10.0,0.0,na
Eco Counter GmbH,Stadt Tübingen,667,Fuß- & Radtunnel Südportal - Derendinger Allee,100003358,YAH24052174,9.04806,48.518,(UTC+01:00) Europe/Paris DST,2013-08-14T02:00:00+02:00,3,2,na,5,10.0,0.0,na
Eco Counter GmbH,Stadt Tübingen,667,Fuß- & Radtunnel Südportal - Derendinger Allee,100003358,YAH24052174,9.04806,48.518,(UTC+01:00) Europe/Paris DST,2013-08-14T03:00:00+02:00,2,2,na,4,10.0,0.0,na
Eco Counter GmbH,Stadt Tübingen,667,Fuß- & Radtunnel Südportal - Derendinger Allee,100003358,YAH24052174,9.04806,48.518,(UTC+01:00) Europe/Paris DST,2013-08-14T04:00:00+02:00,2,5,na,7,10.0,0.0,na
Eco Counter GmbH,Stadt Tübingen,667,Fuß- & Radtunnel Südportal - Derendinger Allee,100003358,YAH24052174,9.04806,48.518,(UTC+01:00) Europe/Paris DST,2013-08-14T05:00:00+02:00,8,5,na,13,11.0,0.0,na
Eco Counter GmbH,Stadt Tübingen,667,Fuß- & Radtunnel Südportal - Derendinger Allee,100003358,YAH24052174,9.04806,48.518,(UTC+01:00) Europe/Paris DST,2013-08-14T06:00:00+02:00,28,51,na,79,12.0,0.0,na
Eco Counter GmbH,Stadt Tübingen,667,Fuß- & Radtunnel Südportal - Derendinger Allee,100003358,YAH24052174,9.04806,48.518,(UTC+01:00) Europe/Paris DST,2013-08-14T07:00:00+02:00,111,86,na,197,13.0,0.0,na
Eco Counter GmbH,Stadt Tübingen,667,Fuß- & Radtunnel Südportal - Derendinger Allee,100003358,YAH24052174,9.04806,48.518,(UTC+01:00) Europe/Paris DST,2013-08-14T08:00:00+02:00,123,115,na,238,15.0,0.0,na
Eco Counter GmbH,Stadt Tübingen,667,Fuß- & Radtunnel Südportal - Derendinger Allee,100003358,YAH24052174,9.04806,48.518,(UTC+01:00) Europe/Paris DST,2013-08-14T09:00:00+02:00,110,112,na,222,16.0,0.0,na
Eco Counter GmbH,Stadt Tübingen,667,Fuß- & Radtunnel Südportal - Derendinger Allee,100003358,YAH24052174,9.04806,48.518,(UTC+01:00) Europe/Paris DST,2013-08-14T10:00:00+02:00,112,108,na,220,17.0,0.0,na
Eco Counter GmbH,Stadt Tübingen,667,Fuß- & Radtunnel Südportal - Derendinger Allee,100003358,YAH24052174,9.04806,48.518,(UTC+01:00) Europe/Paris DST,2013-08-14T11:00:00+02:00,100,101,na,201,18.0,0.1,na
Eco Counter GmbH,Stadt Tübingen,667,Fuß- & Radtunnel Südportal - Derendinger Allee,100003358,YAH24052174,9.04806,48.518,(UTC+01:00) Europe/Paris DST,2013-08-14T12:00:00+02:00,121,115,na,236,18.0,0.0,na
Eco Counter GmbH,Stadt Tübingen,667,Fuß- & Radtunnel Südportal - Derendinger Allee,100003358,YAH24052174,9.04806,48.518,(UTC+01:00) Europe/Paris DST,2013-08-14T13:00:00+02:00,124,101,na,225,18.0,0.0,na
Eco Counter GmbH,Stadt Tübingen,667,Fuß- & Radtunnel Südportal - Derendinger Allee,100003358,YAH24052174,9.04806,48.518,(UTC+01:00) Europe/Paris DST,2013-08-14T14:00:00+02:00,83,98,na,181,19.0,0.0,na
Eco Counter GmbH,Stadt Tübingen,667,Fuß- & Radtunnel Südportal - Derendinger Allee,100003358,YAH24052174,9.04806,48.518,(UTC+01:00) Europe/Paris DST,2013-08-14T15:00:00+02:00,121,126,na,247,18.0,0.0,na
Eco Counter GmbH,Stadt Tübingen,667,Fuß- & Radtunnel Südportal - Derendinger Allee,100003358,YAH24052174,9.04806,48.518,(UTC+01:00) Europe/Paris DST,2013-08-14T16:00:00+02:00,163,191,na,354,17.0,0.0,na
Eco Counter GmbH,Stadt Tübingen,667,Fuß- & Radtunnel Südportal - Derendinger Allee,100003358,YAH24052174,9.04806,48.518,(UTC+01:00) Europe/Paris DST,2013-08-14T17:00:00+02:00,169,169,na,338,17.0,0.0,na
Eco Counter GmbH,Stadt Tübingen,667,Fuß- & Radtunnel Südportal - Derendinger Allee,100003358,YAH24052174,9.04806,48.518,(UTC+01:00) Europe/Paris DST,2013-08-14T18:00:00+02:00,138,171,na,309,16.0,0.0,na
Eco Counter GmbH,Stadt Tübingen,667,Fuß- & Radtunnel Südportal - Derendinger Allee,100003358,YAH24052174,9.04806,48.518,(UTC+01:00) Europe/Paris DST,2013-08-14T19:00:00+02:00,121,126,na,247,15.0,0.0,na
Eco Counter GmbH,Stadt Tübingen,667,Fuß- & Radtunnel Südportal - Derendinger Allee,100003358,YAH24052174,9.04806,48.518,(UTC+01:00) Europe/Paris DST,2013-08-14T20:00:00+02:00,99,74,na,173,13.0,0.0,na
Eco Counter GmbH,Stadt Tübingen,667,Fuß- & Radtunnel Südportal - Derendinger Allee,100003358,YAH24052174,9.04806,48.518,(UTC+01:00) Europe/Paris DST,2013-08-14T21:00:00+02:00,42,35,na,77,12.0,0.0,na
Eco Counter GmbH,Stadt Tübingen,667,Fuß- & Radtunnel Südportal - Derendinger Allee,100003358,YAH24052174,9.04806,48.518,(UTC+01:00) Europe/Paris DST,2013-08-14T22:00:00+02:00,44,25,na,69,12.0,0.0,na
Eco Counter GmbH,Stadt Tübingen,667,Fuß- & Radtunnel Südportal - Derendinger Allee,100003358,YAH24052174,9.04806,48.518,(UTC+01:00) Europe/Paris DST,2013-08-14T23:00:00+02:00,20,23,na,43,11.0,0.0,na
Eco Counter GmbH,Stadt Tübingen,667,Fuß- & Radtunnel Südportal - Derendinger Allee,100003358,YAH24052174,9.04806,48.518,(UTC+01:00) Europe/Paris DST,2013-08-15T00:00:00+02:00,7,7,na,14,11.0,0.0,na
Eco Counter GmbH,Stadt Tübingen,667,Fuß- & Radtunnel Südportal - Derendinger Allee,100003358,YAH24052174,9.04806,48.518,(UTC+01:00) Europe/Paris DST,2013-08-15T01:00:00+02:00,10,7,na,17,10.0,0.0,na
Eco Counter GmbH,Stadt Tübingen,667,Fuß- & Radtunnel Südportal - Derendinger Allee,100003358,YAH24052174,9.04806,48.518,(UTC+01:00) Europe/Paris DST,2013-08-15T02:00:00+02:00,5,7,na,12,10.0,0.0,na
Eco Counter GmbH,Stadt Tübingen,667,Fuß- & Radtunnel Südportal - Derendinger Allee,100003358,YAH24052174,9.04806,48.518,(UTC+01:00) Europe/Paris DST,2013-08-15T03:00:00+02:00,3,2,na,5,10.0,0.0,na
Eco Counter GmbH,Stadt Tübingen,667,Fuß- & Radtunnel Südportal - Derendinger Allee,100003358,YAH24052174,9.04806,48.518,(UTC+01:00) Europe/Paris DST,2013-08-15T04:00:00+02:00,4,10,na,14,10.0,0.0,na
Eco Counter GmbH,Stadt Tübingen,667,Fuß- & Radtunnel Südportal - Derendinger Allee,100003358,YAH24052174,9.04806,48.518,(UTC+01:00) Europe/Paris DST,2013-08-15T05:00:00+02:00,6,8,na,14,11.0,0.0,na
Eco Counter GmbH,Stadt Tübingen,667,Fuß- & Radtunnel Südportal - Derendinger Allee,100003358,YAH24052174,9.04806,48.518,(UTC+01:00) Europe/Paris DST,2013-08-15T06:00:00+02:00,31,47,na,78,13.0,0.0,na
Eco Counter GmbH,Stadt Tübingen,667,Fuß- & Radtunnel Südportal - Derendinger Allee,100003358,YAH24052174,9.04806,48.518,(UTC+01:00) Europe/Paris DST,2013-08-15T07:00:00+02:00,95,91,na,186,15.0,0.0,na
Eco Counter GmbH,Stadt Tübingen,667,Fuß- & Radtunnel Südportal - Derendinger Allee,100003358,YAH24052174,9.04806,48.518,(UTC+01:00) Europe/Paris DST,2013-08-15T08:00:00+02:00,127,108,na,235,17.0,0.0,na
Eco Counter GmbH,Stadt Tübingen,667,Fuß- & Radtunnel Südportal - Derendinger Allee,100003358,YAH24052174,9.04806,48.518,(UTC+01:00) Europe/Paris DST,2013-08-15T09:00:00+02:00,100,80,na,180,19.0,0.0,na
Eco Counter GmbH,Stadt Tübingen,667,Fuß- & Radtunnel Südportal - Derendinger Allee,100003358,YAH24052174,9.04806,48.518,(UTC+01:00) Europe/Paris DST,2013-08-15T10:00:00+02:00,88,101,na,189,20.0,0.0,na
Eco Counter GmbH,Stadt Tübingen,667,Fuß- & Radtunnel Südportal - Derendinger Allee,100003358,YAH24052174,9.04806,48.518,(UTC+01:00) Europe/Paris DST,2013-08-15T11:00:00+02:00,91,125,na,216,21.0,0.0,na
Eco Counter GmbH,Stadt Tübingen,667,Fuß- & Radtunnel Südportal - Derendinger Allee,100003358,YAH24052174,9.04806,48.518,(UTC+01:00) Europe/Paris DST,2013-08-15T12:00:00+02:00,115,135,na,250,22.0,0.0,na
Eco Counter GmbH,Stadt Tübingen,667,Fuß- & Radtunnel Südportal - Derendinger Allee,100003358,YAH24052174,9.04806,48.518,(UTC+01:00) Europe/Paris DST,2013-08-15T13:00:00+02:00,127,128,na,255,22.0,0.0,na
Eco Counter GmbH,Stadt Tübingen,667,Fuß- & Radtunnel Südportal - Derendinger Allee,100003358,YAH24052174,9.04806,48.518,(UTC+01:00) Europe/Paris DST,2013-08-15T14:00:00+02:00,121,115,na,236,22.0,0.0,na
Eco Counter GmbH,Stadt Tübingen,667,Fuß- & Radtunnel Südportal - Derendinger Allee,100003358,YAH24052174,9.04806,48.518,(UTC+01:00) Europe/Paris DST,2013-08-15T15:00:00+02:00,131,142,na,273,22.0,0.0,na
Eco Counter GmbH,Stadt Tübingen,667,Fuß- & Radtunnel Südportal - Derendinger Allee,100003358,YAH24052174,9.04806,48.518,(UTC+01:00) Europe/Paris DST,2013-08-15T16:00:00+02:00,164,187,na,351,21.0,0.0,na
Eco Counter GmbH,Stadt Tübingen,667,Fuß- & Radtunnel Südportal - Derendinger Allee,100003358,YAH24052174,9.04806,48.518,(UTC+01:00) Europe/Paris DST,2013-08-15T17:00:00+02:00,214,193,na,407,20.0,0.0,na
Eco Counter GmbH,Stadt Tübingen,667,Fuß- & Radtunnel Südportal - Derendinger Allee,100003358,YAH24052174,9.04806,48.518,(UTC+01:00) Europe/Paris DST,2013-08-15T18:00:00+02:00,172,188,na,360,19.0,0.0,na
Eco Counter GmbH,Stadt Tübingen,667,Fuß- & Radtunnel Südportal - Derendinger Allee,100003358,YAH24052174,9.04806,48.518,(UTC+01:00) Europe/Paris DST,2013-08-15T19:00:00+02:00,153,131,na,284,17.0,0.0,na
Eco Counter GmbH,Stadt Tübingen,667,Fuß- & Radtunnel Südportal - Derendinger Allee,100003358,YAH24052174,9.04806,48.518,(UTC+01:00) Europe/Paris DST,2013-08-15T20:00:00+02:00,145,81,na,226,15.0,0.0,na
Eco Counter GmbH,Stadt Tübingen,667,Fuß- & Radtunnel Südportal - Derendinger Allee,100003358,YAH24052174,9.04806,48.518,(UTC+01:00) Europe/Paris DST,2013-08-15T21:00:00+02:00,56,55,na,111,14.0,0.0,na
Eco Counter GmbH,Stadt Tübingen,667,Fuß- & Radtunnel Südportal - Derendinger Allee,100003358,YAH24052174,9.04806,48.518,(UTC+01:00) Europe/Paris DST,2013-08-15T22:00:00+02:00,57,49,na,106,13.0,0.0,na
Eco Counter GmbH,Stadt Tübingen,667,Fuß- & Radtunnel Südportal - Derendinger Allee,100003358,YAH24052174,9.04806,48.518,(UTC+01:00) Europe/Paris DST,2013-08-15T23:00:00+02:00,22,16,na,38,12.0,0.0,na
Eco Counter GmbH,Stadt Tübingen,667,Fuß- & Radtunnel Südportal - Derendinger Allee,100003358,YAH24052174,9.04806,48.518,(UTC+01:00) Europe/Paris DST,2013-08-16T00:00:00+02:00,15,16,na,31,12.0,0.0,na
Eco Counter GmbH,Stadt Tübingen,667,Fuß- & Radtunnel Südportal - Derendinger Allee,100003358,YAH24052174,9.04806,48.518,(UTC+01:00) Europe/Paris DST,2013-08-16T01:00:00+02:00,5,5,na,10,11.0,0.0,na
Eco Counter GmbH,Stadt Tübingen,667,Fuß- & Radtunnel Südportal - Derendinger Allee,100003358,YAH24052174,9.04806,48.518,(UTC+01:00) Europe/Paris DST,2013-08-16T02:00:00+02:00,2,4,na,6,10.0,0.0,na
Eco Counter GmbH,Stadt Tübingen,667,Fuß- & Radtunnel Südportal - Derendinger Allee,100003358,YAH24052174,9.04806,48.518,(UTC+01:00) Europe/Paris DST,2013-08-16T03:00:00+02:00,7,3,na,10,11.0,0.0,na
Eco Counter GmbH,Stadt Tübingen,667,Fuß- & Radtunnel Südportal - Derendinger Allee,100003358,YAH24052174,9.04806,48.518,(UTC+01:00) Europe/Paris DST,2013-08-16T04:00:00+02:00,5,8,na,13,11.0,0.0,na
Eco Counter GmbH,Stadt Tübingen,667,Fuß- & Radtunnel Südportal - Derendinger Allee,100003358,YAH24052174,9.04806,48.518,(UTC+01:00) Europe/Paris DST,2013-08-16T05:00:00+02:00,10,9,na,19,11.0,0.0,na
Eco Counter GmbH,Stadt Tübingen,667,Fuß- & Radtunnel Südportal - Derendinger Allee,100003358,YAH24052174,9.04806,48.518,(UTC+01:00) Europe/Paris DST,2013-08-16T06:00:00+02:00,32,49,na,81,13.0,0.0,na
Eco Counter GmbH,Stadt Tübingen,667,Fuß- & Radtunnel Südportal - Derendinger Allee,100003358,YAH24052174,9.04806,48.518,(UTC+01:00) Europe/Paris DST,2013-08-16T07:00:00+02:00,90,86,na,176,15.0,0.0,na
Eco Counter GmbH,Stadt Tübingen,667,Fuß- & Radtunnel Südportal - Derendinger Allee,100003358,YAH24052174,9.04806,48.518,(UTC+01:00) Europe/Paris DST,2013-08-16T08:00:00+02:00,117,109,na,226,18.0,0.0,na
Eco Counter GmbH,Stadt Tübingen,667,Fuß- & Radtunnel Südportal - Derendinger Allee,100003358,YAH24052174,9.04806,48.518,(UTC+01:00) Europe/Paris DST,2013-08-16T09:00:00+02:00,122,92,na,214,20.0,0.0,na
Eco Counter GmbH,Stadt Tübingen,667,Fuß- & Radtunnel Südportal - Derendinger Allee,100003358,YAH24052174,9.04806,48.518,(UTC+01:00) Europe/Paris DST,2013-08-16T10:00:00+02:00,107,116,na,223,22.0,0.0,na
Eco Counter GmbH,Stadt Tübingen,667,Fuß- & Radtunnel Südportal - Derendinger Allee,100003358,YAH24052174,9.04806,48.518,(UTC+01:00) Europe/Paris DST,2013-08-16T11:00:00+02:00,142,147,na,289,24.0,0.0,na
Eco Counter GmbH,Stadt Tübingen,667,Fuß- & Radtunnel Südportal - Derendinger Allee,100003358,YAH24052174,9.04806,48.518,(UTC+01:00) Europe/Paris DST,2013-08-16T12:00:00+02:00,156,164,na,320,25.0,0.0,na
Eco Counter GmbH,Stadt Tübingen,667,Fuß- & Radtunnel Südportal - Derendinger Allee,100003358,YAH24052174,9.04806,48.518,(UTC+01:00) Europe/Paris DST,2013-08-16T13:00:00+02:00,131,173,na,304,26.0,0.0,na
Eco Counter GmbH,Stadt Tübingen,667,Fuß- & Radtunnel Südportal - Derendinger Allee,100003358,YAH24052174,9.04806,48.518,(UTC+01:00) Europe/Paris DST,2013-08-16T14:00:00+02:00,155,175,na,330,27.0,0.0,na
Eco Counter GmbH,Stadt Tübingen,667,Fuß- & Radtunnel Südportal - Derendinger Allee,100003358,YAH24052174,9.04806,48.518,(UTC+01:00) Europe/Paris DST,2013-08-16T15:00:00+02:00,164,167,na,331,26.0,0.0,na
Eco Counter GmbH,Stadt Tübingen,667,Fuß- & Radtunnel Südportal - Derendinger Allee,100003358,YAH24052174,9.04806,48.518,(UTC+01:00) Europe/Paris DST,2013-08-16T16:00:00+02:00,143,191,na,334,25.0,0.0,na
Eco Counter GmbH,Stadt Tübingen,667,Fuß- & Radtunnel Südportal - Derendinger Allee,100003358,YAH24052174,9.04806,48.518,(UTC+01:00) Europe/Paris DST,2013-08-16T17:00:00+02:00,188,168,na,356,23.0,0.0,na
Eco Counter GmbH,Stadt Tübingen,667,Fuß- & Radtunnel Südportal - Derendinger Allee,100003358,YAH24052174,9.04806,48.518,(UTC+01:00) Europe/Paris DST,2013-08-16T18:00:00+02:00,207,142,na,349,22.0,0.0,na
Eco Counter GmbH,Stadt Tübingen,667,Fuß- & Radtunnel Südportal - Derendinger Allee,100003358,YAH24052174,9.04806,48.518,(UTC+01:00) Europe/Paris DST,2013-08-16T19:00:00+02:00,186,107,na,293,20.0,0.0,na
Eco Counter GmbH,Stadt Tübingen,667,Fuß- & Radtunnel Südportal - Derendinger Allee,100003358,YAH24052174,9.04806,48.518,(UTC+01:00) Europe/Paris DST,2013-08-16T20:00:00+02:00,103,68,na,171,18.0,0.0,na
Eco Counter GmbH,Stadt Tübingen,667,Fuß- & Radtunnel Südportal - Derendinger Allee,100003358,YAH24052174,9.04806,48.518,(UTC+01:00) Europe/Paris DST,2013-08-16T21:00:00+02:00,173,40,na,213,16.0,0.0,na
Eco Counter GmbH,Stadt Tübingen,667,Fuß- & Radtunnel Südportal - Derendinger Allee,100003358,YAH24052174,9.04806,48.518,(UTC+01:00) Europe/Paris DST,2013-08-16T22:00:00+02:00,42,40,na,82,15.0,0.0,na
Eco Counter GmbH,Stadt Tübingen,667,Fuß- & Radtunnel Südportal - Derendinger Allee,100003358,YAH24052174,9.04806,48.518,(UTC+01:00) Europe/Paris DST,2013-08-16T23:00:00+02:00,20,45,na,65,15.0,0.0,na
Eco Counter GmbH,Stadt Tübingen,667,Fuß- & Radtunnel Südportal - Derendinger Allee,100003358,YAH24052174,9.04806,48.518,(UTC+01:00) Europe/Paris DST,2013-08-17T00:00:00+02:00,15,18,na,33,14.0,0.0,na
Eco Counter GmbH,Stadt Tübingen,667,Fuß- & Radtunnel Südportal - Derendinger Allee,100003358,YAH24052174,9.04806,48.518,(UTC+01:00) Europe/Paris DST,2013-08-17T01:00:00+02:00,14,6,na,20,14.0,0.0,na
Eco Counter GmbH,Stadt Tübingen,667,Fuß- & Radtunnel Südportal - Derendinger Allee,100003358,YAH24052174,9.04806,48.518,(UTC+01:00) Europe/Paris DST,2013-08-17T02:00:00+02:00,5,4,na,9,14.0,0.0,na
Eco Counter GmbH,Stadt Tübingen,667,Fuß- & Radtunnel Südportal - Derendinger Allee,100003358,YAH24052174,9.04806,48.518,(UTC+01:00) Europe/Paris DST,2013-08-17T03:00:00+02:00,5,10,na,15,15.0,0.0,na
Eco Counter GmbH,Stadt Tübingen,667,Fuß- & Radtunnel Südportal - Derendinger Allee,100003358,YAH24052174,9.04806,48.518,(UTC+01:00) Europe/Paris DST,2013-08-17T04:00:00+02:00,6,8,na,14,15.0,0.0,na
Eco Counter GmbH,Stadt Tübingen,667,Fuß- & Radtunnel Südportal - Derendinger Allee,100003358,YAH24052174,9.04806,48.518,(UTC+01:00) Europe/Paris DST,2013-08-17T05:00:00+02:00,7,4,na,11,16.0,0.0,na
Eco Counter GmbH,Stadt Tübingen,667,Fuß- & Radtunnel Südportal - Derendinger Allee,100003358,YAH24052174,9.04806,48.518,(UTC+01:00) Europe/Paris DST,2013-08-17T06:00:00+02:00,17,15,na,32,17.0,0.0,na
Eco Counter GmbH,Stadt Tübingen,667,Fuß- & Radtunnel Südportal - Derendinger Allee,100003358,YAH24052174,9.04806,48.518,(UTC+01:00) Europe/Paris DST,2013-08-17T07:00:00+02:00,21,35,na,56,19.0,0.0,na
Eco Counter GmbH,Stadt Tübingen,667,Fuß- & Radtunnel Südportal - Derendinger Allee,100003358,YAH24052174,9.04806,48.518,(UTC+01:00) Europe/Paris DST,2013-08-17T08:00:00+02:00,49,47,na,96,21.0,0.0,na
Eco Counter GmbH,Stadt Tübingen,667,Fuß- & Radtunnel Südportal - Derendinger Allee,100003358,YAH24052174,9.04806,48.518,(UTC+01:00) Europe/Paris DST,2013-08-17T09:00:00+02:00,87,86,na,173,23.0,0.0,na
Eco Counter GmbH,Stadt Tübingen,667,Fuß- & Radtunnel Südportal - Derendinger Allee,100003358,YAH24052174,9.04806,48.518,(UTC+01:00) Europe/Paris DST,2013-08-17T10:00:00+02:00,149,156,na,305,24.0,0.0,na
Eco Counter GmbH,Stadt Tübingen,667,Fuß- & Radtunnel Südportal - Derendinger Allee,100003358,YAH24052174,9.04806,48.518,(UTC+01:00) Europe/Paris DST,2013-08-17T11:00:00+02:00,163,189,na,352,25.0,0.0,na
Eco Counter GmbH,Stadt Tübingen,667,Fuß- & Radtunnel Südportal - Derendinger Allee,100003358,YAH24052174,9.04806,48.518,(UTC+01:00) Europe/Paris DST,2013-08-17T12:00:00+02:00,151,151,na,302,26.0,0.0,na
Eco Counter GmbH,Stadt Tübingen,667,Fuß- & Radtunnel Südportal - Derendinger Allee,100003358,YAH24052174,9.04806,48.518,(UTC+01:00) Europe/Paris DST,2013-08-17T13:00:00+02:00,312,177,na,489,26.0,0.0,na
Eco Counter GmbH,Stadt Tübingen,667,Fuß- & Radtunnel Südportal - Derendinger Allee,100003358,YAH24052174,9.04806,48.518,(UTC+01:00) Europe/Paris DST,2013-08-17T14:00:00+02:00,130,183,na,313,27.0,0.0,na
Eco Counter GmbH,Stadt Tübingen,667,Fuß- & Radtunnel Südportal - Derendinger Allee,100003358,YAH24052174,9.04806,48.518,(UTC+01:00) Europe/Paris DST,2013-08-17T15:00:00+02:00,134,153,na,287,26.0,0.0,na
Eco Counter GmbH,Stadt Tübingen,667,Fuß- & Radtunnel Südportal - Derendinger Allee,100003358,YAH24052174,9.04806,48.518,(UTC+01:00) Europe/Paris DST,2013-08-17T16:00:00+02:00,127,149,na,276,25.0,0.0,na
Eco Counter GmbH,Stadt Tübingen,667,Fuß- & Radtunnel Südportal - Derendinger Allee,100003358,YAH24052174,9.04806,48.518,(UTC+01:00) Europe/Paris DST,2013-08-17T17:00:00+02:00,159,138,na,297,24.0,0.0,na
Eco Counter GmbH,Stadt Tübingen,667,Fuß- & Radtunnel Südportal - Derendinger Allee,100003358,YAH24052174,9.04806,48.518,(UTC+01:00) Europe/Paris DST,2013-08-17T18:00:00+02:00,178,103,na,281,22.0,0.0,na
Eco Counter GmbH,Stadt Tübingen,667,Fuß- & Radtunnel Südportal - Derendinger Allee,100003358,YAH24052174,9.04806,48.518,(UTC+01:00) Europe/Paris DST,2013-08-17T19:00:00+02:00,185,103,na,288,21.0,0.0,na
Eco Counter GmbH,Stadt Tübingen,667,Fuß- & Radtunnel Südportal - Derendinger Allee,100003358,YAH24052174,9.04806,48.518,(UTC+01:00) Europe/Paris DST,2013-08-17T20:00:00+02:00,110,70,na,180,19.0,0.0,na
Eco Counter GmbH,Stadt Tübingen,667,Fuß- & Radtunnel Südportal - Derendinger Allee,100003358,YAH24052174,9.04806,48.518,(UTC+01:00) Europe/Paris DST,2013-08-17T21:00:00+02:00,54,50,na,104,18.0,0.0,na
Eco Counter GmbH,Stadt Tübingen,667,Fuß- & Radtunnel Südportal - Derendinger Allee,100003358,YAH24052174,9.04806,48.518,(UTC+01:00) Europe/Paris DST,2013-08-17T22:00:00+02:00,30,35,na,65,17.0,0.0,na
Eco Counter GmbH,Stadt Tübingen,667,Fuß- & Radtunnel Südportal - Derendinger Allee,100003358,YAH24052174,9.04806,48.518,(UTC+01:00) Europe/Paris DST,2013-08-17T23:00:00+02:00,33,31,na,64,16.0,0.0,na
Eco Counter GmbH,Stadt Tübingen,667,Fuß- & Radtunnel Südportal - Derendinger Allee,100003358,YAH24052174,9.04806,48.518,(UTC+01:00) Europe/Paris DST,2013-08-18T00:00:00+02:00,20,20,na,40,16.0,0.0,na
Eco Counter GmbH,Stadt Tübingen,667,Fuß- & Radtunnel Südportal - Derendinger Allee,100003358,YAH24052174,9.04806,48.518,(UTC+01:00) Europe/Paris DST,2013-08-18T01:00:00+02:00,12,8,na,20,15.0,0.0,na
Eco Counter GmbH,Stadt Tübingen,667,Fuß- & Radtunnel Südportal - Derendinger Allee,100003358,YAH24052174,9.04806,48.518,(UTC+01:00) Europe/Paris DST,2013-08-18T02:00:00+02:00,9,11,na,20,15.0,0.0,na
Eco Counter GmbH,Stadt Tübingen,667,Fuß- & Radtunnel Südportal - Derendinger Allee,100003358,YAH24052174,9.04806,48.518,(UTC+01:00) Europe/Paris DST,2013-08-18T03:00:00+02:00,2,11,na,13,15.0,0.0,na
Eco Counter GmbH,Stadt Tübingen,667,Fuß- & Radtunnel Südportal - Derendinger Allee,100003358,YAH24052174,9.04806,48.518,(UTC+01:00) Europe/Paris DST,2013-08-18T04:00:00+02:00,2,2,na,4,16.0,0.0,na
Eco Counter GmbH,Stadt Tübingen,667,Fuß- & Radtunnel Südportal - Derendinger Allee,100003358,YAH24052174,9.04806,48.518,(UTC+01:00) Europe/Paris DST,2013-08-18T05:00:00+02:00,1,4,na,5,16.0,0.0,na
Eco Counter GmbH,Stadt Tübingen,667,Fuß- & Radtunnel Südportal - Derendinger Allee,100003358,YAH24052174,9.04806,48.518,(UTC+01:00) Europe/Paris DST,2013-08-18T06:00:00+02:00,7,11,na,18,17.0,0.0,na
Eco Counter GmbH,Stadt Tübingen,667,Fuß- & Radtunnel Südportal - Derendinger Allee,100003358,YAH24052174,9.04806,48.518,(UTC+01:00) Europe/Paris DST,2013-08-18T07:00:00+02:00,17,16,na,33,20.0,0.0,na
Eco Counter GmbH,Stadt Tübingen,667,Fuß- & Radtunnel Südportal - Derendinger Allee,100003358,YAH24052174,9.04806,48.518,(UTC+01:00) Europe/Paris DST,2013-08-18T08:00:00+02:00,12,56,na,68,22.0,0.0,na
Eco Counter GmbH,Stadt Tübingen,667,Fuß- & Radtunnel Südportal - Derendinger Allee,100003358,YAH24052174,9.04806,48.518,(UTC+01:00) Europe/Paris DST,2013-08-18T09:00:00+02:00,51,59,na,110,24.0,0.0,na
Eco Counter GmbH,Stadt Tübingen,667,Fuß- & Radtunnel Südportal - Derendinger Allee,100003358,YAH24052174,9.04806,48.518,(UTC+01:00) Europe/Paris DST,2013-08-18T10:00:00+02:00,82,129,na,211,25.0,0.0,na
Eco Counter GmbH,Stadt Tübingen,667,Fuß- & Radtunnel Südportal - Derendinger Allee,100003358,YAH24052174,9.04806,48.518,(UTC+01:00) Europe/Paris DST,2013-08-18T11:00:00+02:00,130,147,na,277,26.0,0.0,na
Eco Counter GmbH,Stadt Tübingen,667,Fuß- & Radtunnel Südportal - Derendinger Allee,100003358,YAH24052174,9.04806,48.518,(UTC+01:00) Europe/Paris DST,2013-08-18T12:00:00+02:00,132,176,na,308,26.0,0.0,na
Eco Counter GmbH,Stadt Tübingen,667,Fuß- & Radtunnel Südportal - Derendinger Allee,100003358,YAH24052174,9.04806,48.518,(UTC+01:00) Europe/Paris DST,2013-08-18T13:00:00+02:00,149,125,na,274,26.0,0.0,na
Eco Counter GmbH,Stadt Tübingen,667,Fuß- & Radtunnel Südportal - Derendinger Allee,100003358,YAH24052174,9.04806,48.518,(UTC+01:00) Europe/Paris DST,2013-08-18T14:00:00+02:00,163,148,na,311,26.0,0.0,na
Eco Counter GmbH,Stadt Tübingen,667,Fuß- & Radtunnel Südportal - Derendinger Allee,100003358,YAH24052174,9.04806,48.518,(UTC+01:00) Europe/Paris DST,2013-08-18T15:00:00+02:00,142,161,na,303,25.0,0.0,na
Eco Counter GmbH,Stadt Tübingen,667,Fuß- & Radtunnel Südportal - Derendinger Allee,100003358,YAH24052174,9.04806,48.518,(UTC+01:00) Europe/Paris DST,2013-08-18T16:00:00+02:00,169,135,na,304,24.0,0.0,na
Eco Counter GmbH,Stadt Tübingen,667,Fuß- & Radtunnel Südportal - Derendinger Allee,100003358,YAH24052174,9.04806,48.518,(UTC+01:00) Europe/Paris DST,2013-08-18T17:00:00+02:00,182,117,na,299,23.0,0.0,na
Eco Counter GmbH,Stadt Tübingen,667,Fuß- & Radtunnel Südportal - Derendinger Allee,100003358,YAH24052174,9.04806,48.518,(UTC+01:00) Europe/Paris DST,2013-08-18T18:00:00+02:00,144,99,na,243,22.0,0.0,na
Eco Counter GmbH,Stadt Tübingen,667,Fuß- & Radtunnel Südportal - Derendinger Allee,100003358,YAH24052174,9.04806,48.518,(UTC+01:00) Europe/Paris DST,2013-08-18T19:00:00+02:00,99,65,na,164,20.0,0.0,na
Eco Counter GmbH,Stadt Tübingen,667,Fuß- & Radtunnel Südportal - Derendinger Allee,100003358,YAH24052174,9.04806,48.518,(UTC+01:00) Europe/Paris DST,2013-08-18T20:00:00+02:00,57,23,na,80,18.0,0.3,na
Eco Counter GmbH,Stadt Tübingen,667,Fuß- & Radtunnel Südportal - Derendinger Allee,100003358,YAH24052174,9.04806,48.518,(UTC+01:00) Europe/Paris DST,2013-08-18T21:00:00+02:00,21,23,na,44,18.0,0.1,na
Eco Counter GmbH,Stadt Tübingen,667,Fuß- & Radtunnel Südportal - Derendinger Allee,100003358,YAH24052174,9.04806,48.518,(UTC+01:00) Europe/Paris DST,2013-08-18T22:00:00+02:00,17,14,na,31,17.0,0.0,na
Eco Counter GmbH,Stadt Tübingen,667,Fuß- & Radtunnel Südportal - Derendinger Allee,100003358,YAH24052174,9.04806,48.518,(UTC+01:00) Europe/Paris DST,2013-08-18T23:00:00+02:00,11,12,na,23,17.0,0.0,na
Eco Counter GmbH,Stadt Tübingen,667,Fuß- & Radtunnel Südportal - Derendinger Allee,100003358,YAH24052174,9.04806,48.518,(UTC+01:00) Europe/Paris DST,2013-08-19T00:00:00+02:00,3,3,na,6,16.0,0.0,na
Eco Counter GmbH,Stadt Tübingen,667,Fuß- & Radtunnel Südportal - Derendinger Allee,100003358,YAH24052174,9.04806,48.518,(UTC+01:00) Europe/Paris DST,2013-08-19T01:00:00+02:00,2,2,na,4,17.0,0.2,na
Eco Counter GmbH,Stadt Tübingen,667,Fuß- & Radtunnel Südportal - Derendinger Allee,100003358,YAH24052174,9.04806,48.518,(UTC+01:00) Europe/Paris DST,2013-08-19T02:00:00+02:00,4,1,na,5,17.0,0.0,na
Eco Counter GmbH,Stadt Tübingen,667,Fuß- & Radtunnel Südportal - Derendinger Allee,100003358,YAH24052174,9.04806,48.518,(UTC+01:00) Europe/Paris DST,2013-08-19T03:00:00+02:00,2,1,na,3,17.0,0.0,na
Eco Counter GmbH,Stadt Tübingen,667,Fuß- & Radtunnel Südportal - Derendinger Allee,100003358,YAH24052174,9.04806,48.518,(UTC+01:00) Europe/Paris DST,2013-08-19T04:00:00+02:00,4,4,na,8,17.0,0.0,na
Eco Counter GmbH,Stadt Tübingen,667,Fuß- & Radtunnel Südportal - Derendinger Allee,100003358,YAH24052174,9.04806,48.518,(UTC+01:00) Europe/Paris DST,2013-08-19T05:00:00+02:00,8,5,na,13,17.0,0.0,na
Eco Counter GmbH,Stadt Tübingen,667,Fuß- & Radtunnel Südportal - Derendinger Allee,100003358,YAH24052174,9.04806,48.518,(UTC+01:00) Europe/Paris DST,2013-08-19T06:00:00+02:00,29,47,na,76,17.0,0.0,na
Eco Counter GmbH,Stadt Tübingen,667,Fuß- & Radtunnel Südportal - Derendinger Allee,100003358,YAH24052174,9.04806,48.518,(UTC+01:00) Europe/Paris DST,2013-08-19T07:00:00+02:00,68,66,na,134,17.0,0.3,na
Eco Counter GmbH,Stadt Tübingen,667,Fuß- & Radtunnel Südportal - Derendinger Allee,100003358,YAH24052174,9.04806,48.518,(UTC+01:00) Europe/Paris DST,2013-08-19T08:00:00+02:00,78,60,na,138,17.0,0.5,na
Eco Counter GmbH,Stadt Tübingen,667,Fuß- & Radtunnel Südportal - Derendinger Allee,100003358,YAH24052174,9.04806,48.518,(UTC+01:00) Europe/Paris DST,2013-08-19T09:00:00+02:00,54,50,na,104,18.0,1.8,na
Eco Counter GmbH,Stadt Tübingen,667,Fuß- & Radtunnel Südportal - Derendinger Allee,100003358,YAH24052174,9.04806,48.518,(UTC+01:00) Europe/Paris DST,2013-08-19T10:00:00+02:00,84,73,na,157,18.0,0.1,na
Eco Counter GmbH,Stadt Tübingen,667,Fuß- & Radtunnel Südportal - Derendinger Allee,100003358,YAH24052174,9.04806,48.518,(UTC+01:00) Europe/Paris DST,2013-08-19T11:00:00+02:00,75,81,na,156,19.0,3.3,na
Eco Counter GmbH,Stadt Tübingen,667,Fuß- & Radtunnel Südportal - Derendinger Allee,100003358,YAH24052174,9.04806,48.518,(UTC+01:00) Europe/Paris DST,2013-08-19T12:00:00+02:00,82,64,na,146,18.0,6.3,na
Eco Counter GmbH,Stadt Tübingen,667,Fuß- & Radtunnel Südportal - Derendinger Allee,100003358,YAH24052174,9.04806,48.518,(UTC+01:00) Europe/Paris DST,2013-08-19T13:00:00+02:00,51,57,na,108,19.0,5.8,na
Eco Counter GmbH,Stadt Tübingen,667,Fuß- & Radtunnel Südportal - Derendinger Allee,100003358,YAH24052174,9.04806,48.518,(UTC+01:00) Europe/Paris DST,2013-08-19T14:00:00+02:00,62,60,na,122,19.0,0.3,na
Eco Counter GmbH,Stadt Tübingen,667,Fuß- & Radtunnel Südportal - Derendinger Allee,100003358,YAH24052174,9.04806,48.518,(UTC+01:00) Europe/Paris DST,2013-08-19T15:00:00+02:00,65,78,na,143,19.0,0.0,na
Eco Counter GmbH,Stadt Tübingen,667,Fuß- & Radtunnel Südportal - Derendinger Allee,100003358,YAH24052174,9.04806,48.518,(UTC+01:00) Europe/Paris DST,2013-08-19T16:00:00+02:00,117,136,na,253,18.0,0.0,na
Eco Counter GmbH,Stadt Tübingen,667,Fuß- & Radtunnel Südportal - Derendinger Allee,100003358,YAH24052174,9.04806,48.518,(UTC+01:00) Europe/Paris DST,2013-08-19T17:00:00+02:00,85,103,na,188,18.0,0.0,na
Eco Counter GmbH,Stadt Tübingen,667,Fuß- & Radtunnel Südportal - Derendinger Allee,100003358,YAH24052174,9.04806,48.518,(UTC+01:00) Europe/Paris DST,2013-08-19T18:00:00+02:00,101,95,na,196,17.0,0.0,na
Eco Counter GmbH,Stadt Tübingen,667,Fuß- & Radtunnel Südportal - Derendinger Allee,100003358,YAH24052174,9.04806,48.518,(UTC+01:00) Europe/Paris DST,2013-08-19T19:00:00+02:00,102,88,na,190,17.0,0.0,na
Eco Counter GmbH,Stadt Tübingen,667,Fuß- & Radtunnel Südportal - Derendinger Allee,100003358,YAH24052174,9.04806,48.518,(UTC+01:00) Europe/Paris DST,2013-08-19T20:00:00+02:00,70,65,na,135,16.0,0.0,na
Eco Counter GmbH,Stadt Tübingen,667,Fuß- & Radtunnel Südportal - Derendinger Allee,100003358,YAH24052174,9.04806,48.518,(UTC+01:00) Europe/Paris DST,2013-08-19T21:00:00+02:00,43,23,na,66,15.0,0.0,na
Eco Counter GmbH,Stadt Tübingen,667,Fuß- & Radtunnel Südportal - Derendinger Allee,100003358,YAH24052174,9.04806,48.518,(UTC+01:00) Europe/Paris DST,2013-08-19T22:00:00+02:00,32,28,na,60,14.0,0.0,na
Eco Counter GmbH,Stadt Tübingen,667,Fuß- & Radtunnel Südportal - Derendinger Allee,100003358,YAH24052174,9.04806,48.518,(UTC+01:00) Europe/Paris DST,2013-08-19T23:00:00+02:00,12,7,na,19,13.0,0.0,na
Eco Counter GmbH,Stadt Tübingen,667,Fuß- & Radtunnel Südportal - Derendinger Allee,100003358,YAH24052174,9.04806,48.518,(UTC+01:00) Europe/Paris DST,2013-08-20T00:00:00+02:00,6,5,na,11,12.0,0.0,na
Eco Counter GmbH,Stadt Tübingen,667,Fuß- & Radtunnel Südportal - Derendinger Allee,100003358,YAH24052174,9.04806,48.518,(UTC+01:00) Europe/Paris DST,2013-08-20T01:00:00+02:00,5,6,na,11,12.0,0.0,na
Eco Counter GmbH,Stadt Tübingen,667,Fuß- & Radtunnel Südportal - Derendinger Allee,100003358,YAH24052174,9.04806,48.518,(UTC+01:00) Europe/Paris DST,2013-08-20T02:00:00+02:00,0,5,na,5,11.0,0.0,na
Eco Counter GmbH,Stadt Tübingen,667,Fuß- & Radtunnel Südportal - Derendinger Allee,100003358,YAH24052174,9.04806,48.518,(UTC+01:00) Europe/Paris DST,2013-08-20T03:00:00+02:00,2,1,na,3,10.0,0.0,na
Eco Counter GmbH,Stadt Tübingen,667,Fuß- & Radtunnel Südportal - Derendinger Allee,100003358,YAH24052174,9.04806,48.518,(UTC+01:00) Europe/Paris DST,2013-08-20T04:00:00+02:00,5,5,na,10,11.0,0.0,na
Eco Counter GmbH,Stadt Tübingen,667,Fuß- & Radtunnel Südportal - Derendinger Allee,100003358,YAH24052174,9.04806,48.518,(UTC+01:00) Europe/Paris DST,2013-08-20T05:00:00+02:00,7,11,na,18,11.0,0.0,na
Eco Counter GmbH,Stadt Tübingen,667,Fuß- & Radtunnel Südportal - Derendinger Allee,100003358,YAH24052174,9.04806,48.518,(UTC+01:00) Europe/Paris DST,2013-08-20T06:00:00+02:00,41,45,na,86,12.0,0.0,na
Eco Counter GmbH,Stadt Tübingen,667,Fuß- & Radtunnel Südportal - Derendinger Allee,100003358,YAH24052174,9.04806,48.518,(UTC+01:00) Europe/Paris DST,2013-08-20T07:00:00+02:00,84,79,na,163,13.0,0.0,na
Eco Counter GmbH,Stadt Tübingen,667,Fuß- & Radtunnel Südportal - Derendinger Allee,100003358,YAH24052174,9.04806,48.518,(UTC+01:00) Europe/Paris DST,2013-08-20T08:00:00+02:00,115,85,na,200,14.0,0.0,na
Eco Counter GmbH,Stadt Tübingen,667,Fuß- & Radtunnel Südportal - Derendinger Allee,100003358,YAH24052174,9.04806,48.518,(UTC+01:00) Europe/Paris DST,2013-08-20T09:00:00+02:00,89,106,na,195,16.0,0.0,na
Eco Counter GmbH,Stadt Tübingen,667,Fuß- & Radtunnel Südportal - Derendinger Allee,100003358,YAH24052174,9.04806,48.518,(UTC+01:00) Europe/Paris DST,2013-08-20T10:00:00+02:00,87,90,na,177,17.0,0.0,na
Eco Counter GmbH,Stadt Tübingen,667,Fuß- & Radtunnel Südportal - Derendinger Allee,100003358,YAH24052174,9.04806,48.518,(UTC+01:00) Europe/Paris DST,2013-08-20T11:00:00+02:00,116,108,na,224,18.0,0.0,na
Eco Counter GmbH,Stadt Tübingen,667,Fuß- & Radtunnel Südportal - Derendinger Allee,100003358,YAH24052174,9.04806,48.518,(UTC+01:00) Europe/Paris DST,2013-08-20T12:00:00+02:00,119,114,na,233,19.0,0.0,na
Eco Counter GmbH,Stadt Tübingen,667,Fuß- & Radtunnel Südportal - Derendinger Allee,100003358,YAH24052174,9.04806,48.518,(UTC+01:00) Europe/Paris DST,2013-08-20T13:00:00+02:00,101,127,na,228,19.0,0.0,na
Eco Counter GmbH,Stadt Tübingen,667,Fuß- & Radtunnel Südportal - Derendinger Allee,100003358,YAH24052174,9.04806,48.518,(UTC+01:00) Europe/Paris DST,2013-08-20T14:00:00+02:00,111,120,na,231,20.0,0.0,na
Eco Counter GmbH,Stadt Tübingen,667,Fuß- & Radtunnel Südportal - Derendinger Allee,100003358,YAH24052174,9.04806,48.518,(UTC+01:00) Europe/Paris DST,2013-08-20T15:00:00+02:00,109,110,na,219,19.0,0.0,na
Eco Counter GmbH,Stadt Tübingen,667,Fuß- & Radtunnel Südportal - Derendinger Allee,100003358,YAH24052174,9.04806,48.518,(UTC+01:00) Europe/Paris DST,2013-08-20T16:00:00+02:00,167,156,na,323,18.0,0.0,na
Eco Counter GmbH,Stadt Tübingen,667,Fuß- & Radtunnel Südportal - Derendinger Allee,100003358,YAH24052174,9.04806,48.518,(UTC+01:00) Europe/Paris DST,2013-08-20T17:00:00+02:00,205,200,na,405,17.0,0.0,na
Eco Counter GmbH,Stadt Tübingen,667,Fuß- & Radtunnel Südportal - Derendinger Allee,100003358,YAH24052174,9.04806,48.518,(UTC+01:00) Europe/Paris DST,2013-08-20T18:00:00+02:00,149,169,na,318,16.0,0.0,na
Eco Counter GmbH,Stadt Tübingen,667,Fuß- & Radtunnel Südportal - Derendinger Allee,100003358,YAH24052174,9.04806,48.518,(UTC+01:00) Europe/Paris DST,2013-08-20T19:00:00+02:00,95,123,na,218,15.0,0.0,na
Eco Counter GmbH,Stadt Tübingen,667,Fuß- & Radtunnel Südportal - Derendinger Allee,100003358,YAH24052174,9.04806,48.518,(UTC+01:00) Europe/Paris DST,2013-08-20T20:00:00+02:00,89,70,na,159,14.0,0.0,na
Eco Counter GmbH,Stadt Tübingen,667,Fuß- & Radtunnel Südportal - Derendinger Allee,100003358,YAH24052174,9.04806,48.518,(UTC+01:00) Europe/Paris DST,2013-08-20T21:00:00+02:00,40,48,na,88,13.0,0.0,na
Eco Counter GmbH,Stadt Tübingen,667,Fuß- & Radtunnel Südportal - Derendinger Allee,100003358,YAH24052174,9.04806,48.518,(UTC+01:00) Europe/Paris DST,2013-08-20T22:00:00+02:00,38,32,na,70,12.0,0.0,na
Eco Counter GmbH,Stadt Tübingen,667,Fuß- & Radtunnel Südportal - Derendinger Allee,100003358,YAH24052174,9.04806,48.518,(UTC+01:00) Europe/Paris DST,2013-08-20T23:00:00+02:00,22,25,na,47,11.0,0.0,na
Eco Counter GmbH,Stadt Tübingen,667,Fuß- & Radtunnel Südportal - Derendinger Allee,100003358,YAH24052174,9.04806,48.518,(UTC+01:00) Europe/Paris DST,2013-08-21T00:00:00+02:00,14,9,na,23,11.0,0.0,na
Eco Counter GmbH,Stadt Tübingen,667,Fuß- & Radtunnel Südportal - Derendinger Allee,100003358,YAH24052174,9.04806,48.518,(UTC+01:00) Europe/Paris DST,2013-08-21T01:00:00+02:00,5,7,na,12,10.0,0.0,na
Eco Counter GmbH,Stadt Tübingen,667,Fuß- & Radtunnel Südportal - Derendinger Allee,100003358,YAH24052174,9.04806,48.518,(UTC+01:00) Europe/Paris DST,2013-08-21T02:00:00+02:00,1,0,na,1,10.0,0.0,na
Eco Counter GmbH,Stadt Tübingen,667,Fuß- & Radtunnel Südportal - Derendinger Allee,100003358,YAH24052174,9.04806,48.518,(UTC+01:00) Europe/Paris DST,2013-08-21T03:00:00+02:00,1,0,na,1,9.0,0.0,na
Eco Counter GmbH,Stadt Tübingen,667,Fuß- & Radtunnel Südportal - Derendinger Allee,100003358,YAH24052174,9.04806,48.518,(UTC+01:00) Europe/Paris DST,2013-08-21T04:00:00+02:00,5,4,na,9,9.0,0.0,na
Eco Counter GmbH,Stadt Tübingen,667,Fuß- & Radtunnel Südportal - Derendinger Allee,100003358,YAH24052174,9.04806,48.518,(UTC+01:00) Europe/Paris DST,2013-08-21T05:00:00+02:00,9,10,na,19,9.0,0.0,na
Eco Counter GmbH,Stadt Tübingen,667,Fuß- & Radtunnel Südportal - Derendinger Allee,100003358,YAH24052174,9.04806,48.518,(UTC+01:00) Europe/Paris DST,2013-08-21T06:00:00+02:00,32,45,na,77,11.0,0.0,na
Eco Counter GmbH,Stadt Tübingen,667,Fuß- & Radtunnel Südportal - Derendinger Allee,100003358,YAH24052174,9.04806,48.518,(UTC+01:00) Europe/Paris DST,2013-08-21T07:00:00+02:00,94,84,na,178,13.0,0.0,na
Eco Counter GmbH,Stadt Tübingen,667,Fuß- & Radtunnel Südportal - Derendinger Allee,100003358,YAH24052174,9.04806,48.518,(UTC+01:00) Europe/Paris DST,2013-08-21T08:00:00+02:00,109,80,na,189,15.0,0.0,na
Eco Counter GmbH,Stadt Tübingen,667,Fuß- & Radtunnel Südportal - Derendinger Allee,100003358,YAH24052174,9.04806,48.518,(UTC+01:00) Europe/Paris DST,2013-08-21T09:00:00+02:00,89,88,na,177,17.0,0.0,na
Eco Counter GmbH,Stadt Tübingen,667,Fuß- & Radtunnel Südportal - Derendinger Allee,100003358,YAH24052174,9.04806,48.518,(UTC+01:00) Europe/Paris DST,2013-08-21T10:00:00+02:00,114,90,na,204,18.0,0.0,na
Eco Counter GmbH,Stadt Tübingen,667,Fuß- & Radtunnel Südportal - Derendinger Allee,100003358,YAH24052174,9.04806,48.518,(UTC+01:00) Europe/Paris DST,2013-08-21T11:00:00+02:00,91,120,na,211,20.0,0.0,na
Eco Counter GmbH,Stadt Tübingen,667,Fuß- & Radtunnel Südportal - Derendinger Allee,100003358,YAH24052174,9.04806,48.518,(UTC+01:00) Europe/Paris DST,2013-08-21T12:00:00+02:00,148,143,na,291,21.0,0.0,na
Eco Counter GmbH,Stadt Tübingen,667,Fuß- & Radtunnel Südportal - Derendinger Allee,100003358,YAH24052174,9.04806,48.518,(UTC+01:00) Europe/Paris DST,2013-08-21T13:00:00+02:00,116,139,na,255,21.0,0.0,na
Eco Counter GmbH,Stadt Tübingen,667,Fuß- & Radtunnel Südportal - Derendinger Allee,100003358,YAH24052174,9.04806,48.518,(UTC+01:00) Europe/Paris DST,2013-08-21T14:00:00+02:00,112,183,na,295,21.0,0.0,na
Eco Counter GmbH,Stadt Tübingen,667,Fuß- & Radtunnel Südportal - Derendinger Allee,100003358,YAH24052174,9.04806,48.518,(UTC+01:00) Europe/Paris DST,2013-08-21T15:00:00+02:00,166,172,na,338,21.0,0.0,na
Eco Counter GmbH,Stadt Tübingen,667,Fuß- & Radtunnel Südportal - Derendinger Allee,100003358,YAH24052174,9.04806,48.518,(UTC+01:00) Europe/Paris DST,2013-08-21T16:00:00+02:00,191,203,na,394,20.0,0.0,na
Eco Counter GmbH,Stadt Tübingen,667,Fuß- & Radtunnel Südportal - Derendinger Allee,100003358,YAH24052174,9.04806,48.518,(UTC+01:00) Europe/Paris DST,2013-08-21T17:00:00+02:00,231,205,na,436,19.0,0.0,na
Eco Counter GmbH,Stadt Tübingen,667,Fuß- & Radtunnel Südportal - Derendinger Allee,100003358,YAH24052174,9.04806,48.518,(UTC+01:00) Europe/Paris DST,2013-08-21T18:00:00+02:00,200,196,na,396,18.0,0.0,na
Eco Counter GmbH,Stadt Tübingen,667,Fuß- & Radtunnel Südportal - Derendinger Allee,100003358,YAH24052174,9.04806,48.518,(UTC+01:00) Europe/Paris DST,2013-08-21T19:00:00+02:00,151,123,na,274,17.0,0.0,na
Eco Counter GmbH,Stadt Tübingen,667,Fuß- & Radtunnel Südportal - Derendinger Allee,100003358,YAH24052174,9.04806,48.518,(UTC+01:00) Europe/Paris DST,2013-08-21T20:00:00+02:00,119,88,na,207,15.0,0.0,na
Eco Counter GmbH,Stadt Tübingen,667,Fuß- & Radtunnel Südportal - Derendinger Allee,100003358,YAH24052174,9.04806,48.518,(UTC+01:00) Europe/Paris DST,2013-08-21T21:00:00+02:00,64,46,na,110,14.0,0.0,na
Eco Counter GmbH,Stadt Tübingen,667,Fuß- & Radtunnel Südportal - Derendinger Allee,100003358,YAH24052174,9.04806,48.518,(UTC+01:00) Europe/Paris DST,2013-08-21T22:00:00+02:00,34,23,na,57,13.0,0.0,na
Eco Counter GmbH,Stadt Tübingen,667,Fuß- & Radtunnel Südportal - Derendinger Allee,100003358,YAH24052174,9.04806,48.518,(UTC+01:00) Europe/Paris DST,2013-08-21T23:00:00+02:00,24,19,na,43,12.0,0.0,na
Eco Counter GmbH,Stadt Tübingen,667,Fuß- & Radtunnel Südportal - Derendinger Allee,100003358,YAH24052174,9.04806,48.518,(UTC+01:00) Europe/Paris DST,2013-08-22T00:00:00+02:00,15,14,na,29,11.0,0.0,na
Eco Counter GmbH,Stadt Tübingen,667,Fuß- & Radtunnel Südportal - Derendinger Allee,100003358,YAH24052174,9.04806,48.518,(UTC+01:00) Europe/Paris DST,2013-08-22T01:00:00+02:00,16,5,na,21,11.0,0.0,na
Eco Counter GmbH,Stadt Tübingen,667,Fuß- & Radtunnel Südportal - Derendinger Allee,100003358,YAH24052174,9.04806,48.518,(UTC+01:00) Europe/Paris DST,2013-08-22T02:00:00+02:00,10,0,na,10,10.0,0.0,na
Eco Counter GmbH,Stadt Tübingen,667,Fuß- & Radtunnel Südportal - Derendinger Allee,100003358,YAH24052174,9.04806,48.518,(UTC+01:00) Europe/Paris DST,2013-08-22T03:00:00+02:00,4,5,na,9,10.0,0.0,na
Eco Counter GmbH,Stadt Tübingen,667,Fuß- & Radtunnel Südportal - Derendinger Allee,100003358,YAH24052174,9.04806,48.518,(UTC+01:00) Europe/Paris DST,2013-08-22T04:00:00+02:00,4,3,na,7,10.0,0.0,na
Eco Counter GmbH,Stadt Tübingen,667,Fuß- & Radtunnel Südportal - Derendinger Allee,100003358,YAH24052174,9.04806,48.518,(UTC+01:00) Europe/Paris DST,2013-08-22T05:00:00+02:00,13,9,na,22,11.0,0.0,na
Eco Counter GmbH,Stadt Tübingen,667,Fuß- & Radtunnel Südportal - Derendinger Allee,100003358,YAH24052174,9.04806,48.518,(UTC+01:00) Europe/Paris DST,2013-08-22T06:00:00+02:00,38,45,na,83,12.0,0.0,na
Eco Counter GmbH,Stadt Tübingen,667,Fuß- & Radtunnel Südportal - Derendinger Allee,100003358,YAH24052174,9.04806,48.518,(UTC+01:00) Europe/Paris DST,2013-08-22T07:00:00+02:00,83,76,na,159,14.0,0.0,na
Eco Counter GmbH,Stadt Tübingen,667,Fuß- & Radtunnel Südportal - Derendinger Allee,100003358,YAH24052174,9.04806,48.518,(UTC+01:00) Europe/Paris DST,2013-08-22T08:00:00+02:00,122,87,na,209,16.0,0.0,na
Eco Counter GmbH,Stadt Tübingen,667,Fuß- & Radtunnel Südportal - Derendinger Allee,100003358,YAH24052174,9.04806,48.518,(UTC+01:00) Europe/Paris DST,2013-08-22T09:00:00+02:00,76,91,na,167,17.0,0.0,na
Eco Counter GmbH,Stadt Tübingen,667,Fuß- & Radtunnel Südportal - Derendinger Allee,100003358,YAH24052174,9.04806,48.518,(UTC+01:00) Europe/Paris DST,2013-08-22T10:00:00+02:00,113,116,na,229,19.0,0.0,na
Eco Counter GmbH,Stadt Tübingen,667,Fuß- & Radtunnel Südportal - Derendinger Allee,100003358,YAH24052174,9.04806,48.518,(UTC+01:00) Europe/Paris DST,2013-08-22T11:00:00+02:00,101,135,na,236,21.0,0.0,na
Eco Counter GmbH,Stadt Tübingen,667,Fuß- & Radtunnel Südportal - Derendinger Allee,100003358,YAH24052174,9.04806,48.518,(UTC+01:00) Europe/Paris DST,2013-08-22T12:00:00+02:00,102,141,na,243,22.0,0.0,na
Eco Counter GmbH,Stadt Tübingen,667,Fuß- & Radtunnel Südportal - Derendinger Allee,100003358,YAH24052174,9.04806,48.518,(UTC+01:00) Europe/Paris DST,2013-08-22T13:00:00+02:00,137,143,na,280,22.0,0.0,na
Eco Counter GmbH,Stadt Tübingen,667,Fuß- & Radtunnel Südportal - Derendinger Allee,100003358,YAH24052174,9.04806,48.518,(UTC+01:00) Europe/Paris DST,2013-08-22T14:00:00+02:00,135,138,na,273,22.0,0.0,na
Eco Counter GmbH,Stadt Tübingen,667,Fuß- & Radtunnel Südportal - Derendinger Allee,100003358,YAH24052174,9.04806,48.518,(UTC+01:00) Europe/Paris DST,2013-08-22T15:00:00+02:00,139,167,na,306,22.0,0.0,na
Eco Counter GmbH,Stadt Tübingen,667,Fuß- & Radtunnel Südportal - Derendinger Allee,100003358,YAH24052174,9.04806,48.518,(UTC+01:00) Europe/Paris DST,2013-08-22T16:00:00+02:00,201,180,na,381,21.0,0.0,na
Eco Counter GmbH,Stadt Tübingen,667,Fuß- & Radtunnel Südportal - Derendinger Allee,100003358,YAH24052174,9.04806,48.518,(UTC+01:00) Europe/Paris DST,2013-08-22T17:00:00+02:00,235,216,na,451,20.0,0.0,na
Eco Counter GmbH,Stadt Tübingen,667,Fuß- & Radtunnel Südportal - Derendinger Allee,100003358,YAH24052174,9.04806,48.518,(UTC+01:00) Europe/Paris DST,2013-08-22T18:00:00+02:00,193,206,na,399,19.0,0.0,na
Eco Counter GmbH,Stadt Tübingen,667,Fuß- & Radtunnel Südportal - Derendinger Allee,100003358,YAH24052174,9.04806,48.518,(UTC+01:00) Europe/Paris DST,2013-08-22T19:00:00+02:00,143,125,na,268,18.0,0.0,na
Eco Counter GmbH,Stadt Tübingen,667,Fuß- & Radtunnel Südportal - Derendinger Allee,100003358,YAH24052174,9.04806,48.518,(UTC+01:00) Europe/Paris DST,2013-08-22T20:00:00+02:00,115,93,na,208,16.0,0.0,na
Eco Counter GmbH,Stadt Tübingen,667,Fuß- & Radtunnel Südportal - Derendinger Allee,100003358,YAH24052174,9.04806,48.518,(UTC+01:00) Europe/Paris DST,2013-08-22T21:00:00+02:00,45,49,na,94,15.0,0.0,na
Eco Counter GmbH,Stadt Tübingen,667,Fuß- & Radtunnel Südportal - Derendinger Allee,100003358,YAH24052174,9.04806,48.518,(UTC+01:00) Europe/Paris DST,2013-08-22T22:00:00+02:00,49,52,na,101,14.0,0.0,na
Eco Counter GmbH,Stadt Tübingen,667,Fuß- & Radtunnel Südportal - Derendinger Allee,100003358,YAH24052174,9.04806,48.518,(UTC+01:00) Europe/Paris DST,2013-08-22T23:00:00+02:00,25,13,na,38,13.0,0.0,na
Eco Counter GmbH,Stadt Tübingen,667,Fuß- & Radtunnel Südportal - Derendinger Allee,100003358,YAH24052174,9.04806,48.518,(UTC+01:00) Europe/Paris DST,2013-08-23T00:00:00+02:00,7,8,na,15,12.0,0.0,na
Eco Counter GmbH,Stadt Tübingen,667,Fuß- & Radtunnel Südportal - Derendinger Allee,100003358,YAH24052174,9.04806,48.518,(UTC+01:00) Europe/Paris DST,2013-08-23T01:00:00+02:00,5,7,na,12,12.0,0.0,na
Eco Counter GmbH,Stadt Tübingen,667,Fuß- & Radtunnel Südportal - Derendinger Allee,100003358,YAH24052174,9.04806,48.518,(UTC+01:00) Europe/Paris DST,2013-08-23T02:00:00+02:00,4,2,na,6,12.0,0.0,na
Eco Counter GmbH,Stadt Tübingen,667,Fuß- & Radtunnel Südportal - Derendinger Allee,100003358,YAH24052174,9.04806,48.518,(UTC+01:00) Europe/Paris DST,2013-08-23T03:00:00+02:00,3,3,na,6,12.0,0.0,na
Eco Counter GmbH,Stadt Tübingen,667,Fuß- & Radtunnel Südportal - Derendinger Allee,100003358,YAH24052174,9.04806,48.518,(UTC+01:00) Europe/Paris DST,2013-08-23T04:00:00+02:00,4,2,na,6,12.0,0.0,na
Eco Counter GmbH,Stadt Tübingen,667,Fuß- & Radtunnel Südportal - Derendinger Allee,100003358,YAH24052174,9.04806,48.518,(UTC+01:00) Europe/Paris DST,2013-08-23T05:00:00+02:00,8,8,na,16,12.0,0.0,na
Eco Counter GmbH,Stadt Tübingen,667,Fuß- & Radtunnel Südportal - Derendinger Allee,100003358,YAH24052174,9.04806,48.518,(UTC+01:00) Europe/Paris DST,2013-08-23T06:00:00+02:00,32,40,na,72,14.0,0.0,na
Eco Counter GmbH,Stadt Tübingen,667,Fuß- & Radtunnel Südportal - Derendinger Allee,100003358,YAH24052174,9.04806,48.518,(UTC+01:00) Europe/Paris DST,2013-08-23T07:00:00+02:00,76,67,na,143,15.0,0.0,na
Eco Counter GmbH,Stadt Tübingen,667,Fuß- & Radtunnel Südportal - Derendinger Allee,100003358,YAH24052174,9.04806,48.518,(UTC+01:00) Europe/Paris DST,2013-08-23T08:00:00+02:00,130,90,na,220,17.0,0.0,na
Eco Counter GmbH,Stadt Tübingen,667,Fuß- & Radtunnel Südportal - Derendinger Allee,100003358,YAH24052174,9.04806,48.518,(UTC+01:00) Europe/Paris DST,2013-08-23T09:00:00+02:00,99,69,na,168,19.0,0.0,na
Eco Counter GmbH,Stadt Tübingen,667,Fuß- & Radtunnel Südportal - Derendinger Allee,100003358,YAH24052174,9.04806,48.518,(UTC+01:00) Europe/Paris DST,2013-08-23T10:00:00+02:00,95,84,na,179,20.0,0.0,na
Eco Counter GmbH,Stadt Tübingen,667,Fuß- & Radtunnel Südportal - Derendinger Allee,100003358,YAH24052174,9.04806,48.518,(UTC+01:00) Europe/Paris DST,2013-08-23T11:00:00+02:00,138,148,na,286,22.0,0.0,na
Eco Counter GmbH,Stadt Tübingen,667,Fuß- & Radtunnel Südportal - Derendinger Allee,100003358,YAH24052174,9.04806,48.518,(UTC+01:00) Europe/Paris DST,2013-08-23T12:00:00+02:00,115,118,na,233,23.0,0.0,na
Eco Counter GmbH,Stadt Tübingen,667,Fuß- & Radtunnel Südportal - Derendinger Allee,100003358,YAH24052174,9.04806,48.518,(UTC+01:00) Europe/Paris DST,2013-08-23T13:00:00+02:00,101,135,na,236,23.0,0.0,na
Eco Counter GmbH,Stadt Tübingen,667,Fuß- & Radtunnel Südportal - Derendinger Allee,100003358,YAH24052174,9.04806,48.518,(UTC+01:00) Europe/Paris DST,2013-08-23T14:00:00+02:00,111,149,na,260,23.0,0.0,na
Eco Counter GmbH,Stadt Tübingen,667,Fuß- & Radtunnel Südportal - Derendinger Allee,100003358,YAH24052174,9.04806,48.518,(UTC+01:00) Europe/Paris DST,2013-08-23T15:00:00+02:00,139,147,na,286,22.0,0.0,na
Eco Counter GmbH,Stadt Tübingen,667,Fuß- & Radtunnel Südportal - Derendinger Allee,100003358,YAH24052174,9.04806,48.518,(UTC+01:00) Europe/Paris DST,2013-08-23T16:00:00+02:00,128,157,na,285,22.0,0.0,na
Eco Counter GmbH,Stadt Tübingen,667,Fuß- & Radtunnel Südportal - Derendinger Allee,100003358,YAH24052174,9.04806,48.518,(UTC+01:00) Europe/Paris DST,2013-08-23T17:00:00+02:00,136,147,na,283,21.0,0.0,na
Eco Counter GmbH,Stadt Tübingen,667,Fuß- & Radtunnel Südportal - Derendinger Allee,100003358,YAH24052174,9.04806,48.518,(UTC+01:00) Europe/Paris DST,2013-08-23T18:00:00+02:00,116,116,na,232,20.0,0.0,na
Eco Counter GmbH,Stadt Tübingen,667,Fuß- & Radtunnel Südportal - Derendinger Allee,100003358,YAH24052174,9.04806,48.518,(UTC+01:00) Europe/Paris DST,2013-08-23T19:00:00+02:00,97,118,na,215,18.0,0.0,na
Eco Counter GmbH,Stadt Tübingen,667,Fuß- & Radtunnel Südportal - Derendinger Allee,100003358,YAH24052174,9.04806,48.518,(UTC+01:00) Europe/Paris DST,2013-08-23T20:00:00+02:00,102,68,na,170,17.0,0.0,na
Eco Counter GmbH,Stadt Tübingen,667,Fuß- & Radtunnel Südportal - Derendinger Allee,100003358,YAH24052174,9.04806,48.518,(UTC+01:00) Europe/Paris DST,2013-08-23T21:00:00+02:00,45,41,na,86,16.0,0.0,na
Eco Counter GmbH,Stadt Tübingen,667,Fuß- & Radtunnel Südportal - Derendinger Allee,100003358,YAH24052174,9.04806,48.518,(UTC+01:00) Europe/Paris DST,2013-08-23T22:00:00+02:00,30,38,na,68,15.0,0.0,na
Eco Counter GmbH,Stadt Tübingen,667,Fuß- & Radtunnel Südportal - Derendinger Allee,100003358,YAH24052174,9.04806,48.518,(UTC+01:00) Europe/Paris DST,2013-08-23T23:00:00+02:00,21,24,na,45,14.0,0.0,na
Eco Counter GmbH,Stadt Tübingen,667,Fuß- & Radtunnel Südportal - Derendinger Allee,100003358,YAH24052174,9.04806,48.518,(UTC+01:00) Europe/Paris DST,2013-08-24T00:00:00+02:00,15,13,na,28,13.0,0.0,na
Eco Counter GmbH,Stadt Tübingen,667,Fuß- & Radtunnel Südportal - Derendinger Allee,100003358,YAH24052174,9.04806,48.518,(UTC+01:00) Europe/Paris DST,2013-08-24T01:00:00+02:00,8,9,na,17,13.0,0.0,na
Eco Counter GmbH,Stadt Tübingen,667,Fuß- & Radtunnel Südportal - Derendinger Allee,100003358,YAH24052174,9.04806,48.518,(UTC+01:00) Europe/Paris DST,2013-08-24T02:00:00+02:00,7,5,na,12,12.0,0.0,na
Eco Counter GmbH,Stadt Tübingen,667,Fuß- & Radtunnel Südportal - Derendinger Allee,100003358,YAH24052174,9.04806,48.518,(UTC+01:00) Europe/Paris DST,2013-08-24T03:00:00+02:00,3,4,na,7,12.0,0.0,na
Eco Counter GmbH,Stadt Tübingen,667,Fuß- & Radtunnel Südportal - Derendinger Allee,100003358,YAH24052174,9.04806,48.518,(UTC+01:00) Europe/Paris DST,2013-08-24T04:00:00+02:00,4,5,na,9,12.0,0.0,na
Eco Counter GmbH,Stadt Tübingen,667,Fuß- & Radtunnel Südportal - Derendinger Allee,100003358,YAH24052174,9.04806,48.518,(UTC+01:00) Europe/Paris DST,2013-08-24T05:00:00+02:00,4,6,na,10,13.0,0.0,na
Eco Counter GmbH,Stadt Tübingen,667,Fuß- & Radtunnel Südportal - Derendinger Allee,100003358,YAH24052174,9.04806,48.518,(UTC+01:00) Europe/Paris DST,2013-08-24T06:00:00+02:00,12,15,na,27,14.0,0.0,na
Eco Counter GmbH,Stadt Tübingen,667,Fuß- & Radtunnel Südportal - Derendinger Allee,100003358,YAH24052174,9.04806,48.518,(UTC+01:00) Europe/Paris DST,2013-08-24T07:00:00+02:00,15,28,na,43,16.0,0.0,na
Eco Counter GmbH,Stadt Tübingen,667,Fuß- & Radtunnel Südportal - Derendinger Allee,100003358,YAH24052174,9.04806,48.518,(UTC+01:00) Europe/Paris DST,2013-08-24T08:00:00+02:00,38,59,na,97,18.0,0.0,na
Eco Counter GmbH,Stadt Tübingen,667,Fuß- & Radtunnel Südportal - Derendinger Allee,100003358,YAH24052174,9.04806,48.518,(UTC+01:00) Europe/Paris DST,2013-08-24T09:00:00+02:00,92,81,na,173,20.0,0.0,na
Eco Counter GmbH,Stadt Tübingen,667,Fuß- & Radtunnel Südportal - Derendinger Allee,100003358,YAH24052174,9.04806,48.518,(UTC+01:00) Europe/Paris DST,2013-08-24T10:00:00+02:00,130,115,na,245,21.0,0.0,na
Eco Counter GmbH,Stadt Tübingen,667,Fuß- & Radtunnel Südportal - Derendinger Allee,100003358,YAH24052174,9.04806,48.518,(UTC+01:00) Europe/Paris DST,2013-08-24T11:00:00+02:00,135,149,na,284,22.0,0.0,na
Eco Counter GmbH,Stadt Tübingen,667,Fuß- & Radtunnel Südportal - Derendinger Allee,100003358,YAH24052174,9.04806,48.518,(UTC+01:00) Europe/Paris DST,2013-08-24T12:00:00+02:00,156,150,na,306,22.0,0.0,na
Eco Counter GmbH,Stadt Tübingen,667,Fuß- & Radtunnel Südportal - Derendinger Allee,100003358,YAH24052174,9.04806,48.518,(UTC+01:00) Europe/Paris DST,2013-08-24T13:00:00+02:00,157,139,na,296,20.0,3.2,na
Eco Counter GmbH,Stadt Tübingen,667,Fuß- & Radtunnel Südportal - Derendinger Allee,100003358,YAH24052174,9.04806,48.518,(UTC+01:00) Europe/Paris DST,2013-08-24T14:00:00+02:00,63,64,na,127,19.0,3.1,na
Eco Counter GmbH,Stadt Tübingen,667,Fuß- & Radtunnel Südportal - Derendinger Allee,100003358,YAH24052174,9.04806,48.518,(UTC+01:00) Europe/Paris DST,2013-08-24T15:00:00+02:00,38,49,na,87,18.0,2.2,na
Eco Counter GmbH,Stadt Tübingen,667,Fuß- & Radtunnel Südportal - Derendinger Allee,100003358,YAH24052174,9.04806,48.518,(UTC+01:00) Europe/Paris DST,2013-08-24T16:00:00+02:00,44,50,na,94,17.0,1.2,na
Eco Counter GmbH,Stadt Tübingen,667,Fuß- & Radtunnel Südportal - Derendinger Allee,100003358,YAH24052174,9.04806,48.518,(UTC+01:00) Europe/Paris DST,2013-08-24T17:00:00+02:00,54,60,na,114,16.0,1.0,na
Eco Counter GmbH,Stadt Tübingen,667,Fuß- & Radtunnel Südportal - Derendinger Allee,100003358,YAH24052174,9.04806,48.518,(UTC+01:00) Europe/Paris DST,2013-08-24T18:00:00+02:00,66,71,na,137,16.0,1.3,na
Eco Counter GmbH,Stadt Tübingen,667,Fuß- & Radtunnel Südportal - Derendinger Allee,100003358,YAH24052174,9.04806,48.518,(UTC+01:00) Europe/Paris DST,2013-08-24T19:00:00+02:00,57,49,na,106,15.0,0.6,na
Eco Counter GmbH,Stadt Tübingen,667,Fuß- & Radtunnel Südportal - Derendinger Allee,100003358,YAH24052174,9.04806,48.518,(UTC+01:00) Europe/Paris DST,2013-08-24T20:00:00+02:00,56,41,na,97,15.0,0.0,na
Eco Counter GmbH,Stadt Tübingen,667,Fuß- & Radtunnel Südportal - Derendinger Allee,100003358,YAH24052174,9.04806,48.518,(UTC+01:00) Europe/Paris DST,2013-08-24T21:00:00+02:00,20,24,na,44,14.0,0.0,na
Eco Counter GmbH,Stadt Tübingen,667,Fuß- & Radtunnel Südportal - Derendinger Allee,100003358,YAH24052174,9.04806,48.518,(UTC+01:00) Europe/Paris DST,2013-08-24T22:00:00+02:00,13,17,na,30,13.0,0.0,na
Eco Counter GmbH,Stadt Tübingen,667,Fuß- & Radtunnel Südportal - Derendinger Allee,100003358,YAH24052174,9.04806,48.518,(UTC+01:00) Europe/Paris DST,2013-08-24T23:00:00+02:00,6,15,na,21,13.0,0.0,na
Eco Counter GmbH,Stadt Tübingen,667,Fuß- & Radtunnel Südportal - Derendinger Allee,100003358,YAH24052174,9.04806,48.518,(UTC+01:00) Europe/Paris DST,2013-08-25T00:00:00+02:00,3,7,na,10,13.0,0.0,na
Eco Counter GmbH,Stadt Tübingen,667,Fuß- & Radtunnel Südportal - Derendinger Allee,100003358,YAH24052174,9.04806,48.518,(UTC+01:00) Europe/Paris DST,2013-08-25T01:00:00+02:00,9,9,na,18,13.0,0.2,na
Eco Counter GmbH,Stadt Tübingen,667,Fuß- & Radtunnel Südportal - Derendinger Allee,100003358,YAH24052174,9.04806,48.518,(UTC+01:00) Europe/Paris DST,2013-08-25T02:00:00+02:00,6,8,na,14,13.0,0.2,na
Eco Counter GmbH,Stadt Tübingen,667,Fuß- & Radtunnel Südportal - Derendinger Allee,100003358,YAH24052174,9.04806,48.518,(UTC+01:00) Europe/Paris DST,2013-08-25T03:00:00+02:00,3,3,na,6,13.0,0.0,na
Eco Counter GmbH,Stadt Tübingen,667,Fuß- & Radtunnel Südportal - Derendinger Allee,100003358,YAH24052174,9.04806,48.518,(UTC+01:00) Europe/Paris DST,2013-08-25T04:00:00+02:00,1,2,na,3,12.0,0.0,na
Eco Counter GmbH,Stadt Tübingen,667,Fuß- & Radtunnel Südportal - Derendinger Allee,100003358,YAH24052174,9.04806,48.518,(UTC+01:00) Europe/Paris DST,2013-08-25T05:00:00+02:00,2,1,na,3,12.0,0.0,na
Eco Counter GmbH,Stadt Tübingen,667,Fuß- & Radtunnel Südportal - Derendinger Allee,100003358,YAH24052174,9.04806,48.518,(UTC+01:00) Europe/Paris DST,2013-08-25T06:00:00+02:00,6,7,na,13,12.0,0.0,na
Eco Counter GmbH,Stadt Tübingen,667,Fuß- & Radtunnel Südportal - Derendinger Allee,100003358,YAH24052174,9.04806,48.518,(UTC+01:00) Europe/Paris DST,2013-08-25T07:00:00+02:00,8,8,na,16,12.0,0.1,na
Eco Counter GmbH,Stadt Tübingen,667,Fuß- & Radtunnel Südportal - Derendinger Allee,100003358,YAH24052174,9.04806,48.518,(UTC+01:00) Europe/Paris DST,2013-08-25T08:00:00+02:00,13,26,na,39,13.0,0.3,na
Eco Counter GmbH,Stadt Tübingen,667,Fuß- & Radtunnel Südportal - Derendinger Allee,100003358,YAH24052174,9.04806,48.518,(UTC+01:00) Europe/Paris DST,2013-08-25T09:00:00+02:00,30,35,na,65,13.0,0.3,na
Eco Counter GmbH,Stadt Tübingen,667,Fuß- & Radtunnel Südportal - Derendinger Allee,100003358,YAH24052174,9.04806,48.518,(UTC+01:00) Europe/Paris DST,2013-08-25T10:00:00+02:00,40,49,na,89,14.0,0.5,na
Eco Counter GmbH,Stadt Tübingen,667,Fuß- & Radtunnel Südportal - Derendinger Allee,100003358,YAH24052174,9.04806,48.518,(UTC+01:00) Europe/Paris DST,2013-08-25T11:00:00+02:00,30,55,na,85,15.0,0.3,na
Eco Counter GmbH,Stadt Tübingen,667,Fuß- & Radtunnel Südportal - Derendinger Allee,100003358,YAH24052174,9.04806,48.518,(UTC+01:00) Europe/Paris DST,2013-08-25T12:00:00+02:00,27,21,na,48,15.0,0.1,na
Eco Counter GmbH,Stadt Tübingen,667,Fuß- & Radtunnel Südportal - Derendinger Allee,100003358,YAH24052174,9.04806,48.518,(UTC+01:00) Europe/Paris DST,2013-08-25T13:00:00+02:00,17,24,na,41,15.0,0.1,na
Eco Counter GmbH,Stadt Tübingen,667,Fuß- & Radtunnel Südportal - Derendinger Allee,100003358,YAH24052174,9.04806,48.518,(UTC+01:00) Europe/Paris DST,2013-08-25T14:00:00+02:00,12,17,na,29,16.0,0.2,na
Eco Counter GmbH,Stadt Tübingen,667,Fuß- & Radtunnel Südportal - Derendinger Allee,100003358,YAH24052174,9.04806,48.518,(UTC+01:00) Europe/Paris DST,2013-08-25T15:00:00+02:00,25,25,na,50,15.0,0.8,na
Eco Counter GmbH,Stadt Tübingen,667,Fuß- & Radtunnel Südportal - Derendinger Allee,100003358,YAH24052174,9.04806,48.518,(UTC+01:00) Europe/Paris DST,2013-08-25T16:00:00+02:00,34,29,na,63,15.0,1.2,na
Eco Counter GmbH,Stadt Tübingen,667,Fuß- & Radtunnel Südportal - Derendinger Allee,100003358,YAH24052174,9.04806,48.518,(UTC+01:00) Europe/Paris DST,2013-08-25T17:00:00+02:00,48,43,na,91,14.0,0.3,na
Eco Counter GmbH,Stadt Tübingen,667,Fuß- & Radtunnel Südportal - Derendinger Allee,100003358,YAH24052174,9.04806,48.518,(UTC+01:00) Europe/Paris DST,2013-08-25T18:00:00+02:00,56,44,na,100,14.0,0.2,na
Eco Counter GmbH,Stadt Tübingen,667,Fuß- & Radtunnel Südportal - Derendinger Allee,100003358,YAH24052174,9.04806,48.518,(UTC+01:00) Europe/Paris DST,2013-08-25T19:00:00+02:00,34,38,na,72,14.0,0.2,na
Eco Counter GmbH,Stadt Tübingen,667,Fuß- & Radtunnel Südportal - Derendinger Allee,100003358,YAH24052174,9.04806,48.518,(UTC+01:00) Europe/Paris DST,2013-08-25T20:00:00+02:00,33,37,na,70,13.0,0.8,na
Eco Counter GmbH,Stadt Tübingen,667,Fuß- & Radtunnel Südportal - Derendinger Allee,100003358,YAH24052174,9.04806,48.518,(UTC+01:00) Europe/Paris DST,2013-08-25T21:00:00+02:00,22,13,na,35,13.0,0.8,na
Eco Counter GmbH,Stadt Tübingen,667,Fuß- & Radtunnel Südportal - Derendinger Allee,100003358,YAH24052174,9.04806,48.518,(UTC+01:00) Europe/Paris DST,2013-08-25T22:00:00+02:00,13,7,na,20,12.0,0.8,na
Eco Counter GmbH,Stadt Tübingen,667,Fuß- & Radtunnel Südportal - Derendinger Allee,100003358,YAH24052174,9.04806,48.518,(UTC+01:00) Europe/Paris DST,2013-08-25T23:00:00+02:00,8,8,na,16,12.0,0.7,na
Eco Counter GmbH,Stadt Tübingen,667,Fuß- & Radtunnel Südportal - Derendinger Allee,100003358,YAH24052174,9.04806,48.518,(UTC+01:00) Europe/Paris DST,2013-08-26T00:00:00+02:00,3,5,na,8,12.0,0.9,na
Eco Counter GmbH,Stadt Tübingen,667,Fuß- & Radtunnel Südportal - Derendinger Allee,100003358,YAH24052174,9.04806,48.518,(UTC+01:00) Europe/Paris DST,2013-08-26T01:00:00+02:00,1,1,na,2,12.0,0.9,na
Eco Counter GmbH,Stadt Tübingen,667,Fuß- & Radtunnel Südportal - Derendinger Allee,100003358,YAH24052174,9.04806,48.518,(UTC+01:00) Europe/Paris DST,2013-08-26T02:00:00+02:00,2,2,na,4,12.0,0.5,na
Eco Counter GmbH,Stadt Tübingen,667,Fuß- & Radtunnel Südportal - Derendinger Allee,100003358,YAH24052174,9.04806,48.518,(UTC+01:00) Europe/Paris DST,2013-08-26T03:00:00+02:00,3,2,na,5,12.0,0.6,na
Eco Counter GmbH,Stadt Tübingen,667,Fuß- & Radtunnel Südportal - Derendinger Allee,100003358,YAH24052174,9.04806,48.518,(UTC+01:00) Europe/Paris DST,2013-08-26T04:00:00+02:00,2,6,na,8,12.0,0.2,na
Eco Counter GmbH,Stadt Tübingen,667,Fuß- & Radtunnel Südportal - Derendinger Allee,100003358,YAH24052174,9.04806,48.518,(UTC+01:00) Europe/Paris DST,2013-08-26T05:00:00+02:00,10,10,na,20,12.0,0.2,na
Eco Counter GmbH,Stadt Tübingen,667,Fuß- & Radtunnel Südportal - Derendinger Allee,100003358,YAH24052174,9.04806,48.518,(UTC+01:00) Europe/Paris DST,2013-08-26T06:00:00+02:00,31,39,na,70,12.0,0.1,na
Eco Counter GmbH,Stadt Tübingen,667,Fuß- & Radtunnel Südportal - Derendinger Allee,100003358,YAH24052174,9.04806,48.518,(UTC+01:00) Europe/Paris DST,2013-08-26T07:00:00+02:00,56,61,na,117,13.0,0.0,na
Eco Counter GmbH,Stadt Tübingen,667,Fuß- & Radtunnel Südportal - Derendinger Allee,100003358,YAH24052174,9.04806,48.518,(UTC+01:00) Europe/Paris DST,2013-08-26T08:00:00+02:00,84,78,na,162,14.0,0.0,na
Eco Counter GmbH,Stadt Tübingen,667,Fuß- & Radtunnel Südportal - Derendinger Allee,100003358,YAH24052174,9.04806,48.518,(UTC+01:00) Europe/Paris DST,2013-08-26T09:00:00+02:00,83,62,na,145,15.0,0.0,na
Eco Counter GmbH,Stadt Tübingen,667,Fuß- & Radtunnel Südportal - Derendinger Allee,100003358,YAH24052174,9.04806,48.518,(UTC+01:00) Europe/Paris DST,2013-08-26T10:00:00+02:00,71,65,na,136,16.0,0.1,na
Eco Counter GmbH,Stadt Tübingen,667,Fuß- & Radtunnel Südportal - Derendinger Allee,100003358,YAH24052174,9.04806,48.518,(UTC+01:00) Europe/Paris DST,2013-08-26T11:00:00+02:00,65,68,na,133,17.0,0.2,na
Eco Counter GmbH,Stadt Tübingen,667,Fuß- & Radtunnel Südportal - Derendinger Allee,100003358,YAH24052174,9.04806,48.518,(UTC+01:00) Europe/Paris DST,2013-08-26T12:00:00+02:00,80,76,na,156,18.0,0.1,na
Eco Counter GmbH,Stadt Tübingen,667,Fuß- & Radtunnel Südportal - Derendinger Allee,100003358,YAH24052174,9.04806,48.518,(UTC+01:00) Europe/Paris DST,2013-08-26T13:00:00+02:00,91,115,na,206,19.0,0.0,na
Eco Counter GmbH,Stadt Tübingen,667,Fuß- & Radtunnel Südportal - Derendinger Allee,100003358,YAH24052174,9.04806,48.518,(UTC+01:00) Europe/Paris DST,2013-08-26T14:00:00+02:00,102,103,na,205,19.0,0.0,na
Eco Counter GmbH,Stadt Tübingen,667,Fuß- & Radtunnel Südportal - Derendinger Allee,100003358,YAH24052174,9.04806,48.518,(UTC+01:00) Europe/Paris DST,2013-08-26T15:00:00+02:00,90,110,na,200,19.0,0.0,na
Eco Counter GmbH,Stadt Tübingen,667,Fuß- & Radtunnel Südportal - Derendinger Allee,100003358,YAH24052174,9.04806,48.518,(UTC+01:00) Europe/Paris DST,2013-08-26T16:00:00+02:00,147,146,na,293,18.0,0.0,na
Eco Counter GmbH,Stadt Tübingen,667,Fuß- & Radtunnel Südportal - Derendinger Allee,100003358,YAH24052174,9.04806,48.518,(UTC+01:00) Europe/Paris DST,2013-08-26T17:00:00+02:00,124,142,na,266,17.0,0.0,na
Eco Counter GmbH,Stadt Tübingen,667,Fuß- & Radtunnel Südportal - Derendinger Allee,100003358,YAH24052174,9.04806,48.518,(UTC+01:00) Europe/Paris DST,2013-08-26T18:00:00+02:00,99,116,na,215,16.0,0.0,na
Eco Counter GmbH,Stadt Tübingen,667,Fuß- & Radtunnel Südportal - Derendinger Allee,100003358,YAH24052174,9.04806,48.518,(UTC+01:00) Europe/Paris DST,2013-08-26T19:00:00+02:00,121,92,na,213,15.0,0.0,na
Eco Counter GmbH,Stadt Tübingen,667,Fuß- & Radtunnel Südportal - Derendinger Allee,100003358,YAH24052174,9.04806,48.518,(UTC+01:00) Europe/Paris DST,2013-08-26T20:00:00+02:00,79,78,na,157,14.0,0.0,na
Eco Counter GmbH,Stadt Tübingen,667,Fuß- & Radtunnel Südportal - Derendinger Allee,100003358,YAH24052174,9.04806,48.518,(UTC+01:00) Europe/Paris DST,2013-08-26T21:00:00+02:00,40,30,na,70,13.0,0.0,na
Eco Counter GmbH,Stadt Tübingen,667,Fuß- & Radtunnel Südportal - Derendinger Allee,100003358,YAH24052174,9.04806,48.518,(UTC+01:00) Europe/Paris DST,2013-08-26T22:00:00+02:00,34,18,na,52,12.0,0.0,na
Eco Counter GmbH,Stadt Tübingen,667,Fuß- & Radtunnel Südportal - Derendinger Allee,100003358,YAH24052174,9.04806,48.518,(UTC+01:00) Europe/Paris DST,2013-08-26T23:00:00+02:00,26,15,na,41,12.0,0.0,na
Eco Counter GmbH,Stadt Tübingen,667,Fuß- & Radtunnel Südportal - Derendinger Allee,100003358,YAH24052174,9.04806,48.518,(UTC+01:00) Europe/Paris DST,2013-08-27T00:00:00+02:00,13,7,na,20,11.0,0.0,na
Eco Counter GmbH,Stadt Tübingen,667,Fuß- & Radtunnel Südportal - Derendinger Allee,100003358,YAH24052174,9.04806,48.518,(UTC+01:00) Europe/Paris DST,2013-08-27T01:00:00+02:00,5,9,na,14,10.0,0.0,na
Eco Counter GmbH,Stadt Tübingen,667,Fuß- & Radtunnel Südportal - Derendinger Allee,100003358,YAH24052174,9.04806,48.518,(UTC+01:00) Europe/Paris DST,2013-08-27T02:00:00+02:00,1,1,na,2,10.0,0.0,na
Eco Counter GmbH,Stadt Tübingen,667,Fuß- & Radtunnel Südportal - Derendinger Allee,100003358,YAH24052174,9.04806,48.518,(UTC+01:00) Europe/Paris DST,2013-08-27T03:00:00+02:00,3,1,na,4,10.0,0.0,na
Eco Counter GmbH,Stadt Tübingen,667,Fuß- & Radtunnel Südportal - Derendinger Allee,100003358,YAH24052174,9.04806,48.518,(UTC+01:00) Europe/Paris DST,2013-08-27T04:00:00+02:00,2,6,na,8,10.0,0.0,na
Eco Counter GmbH,Stadt Tübingen,667,Fuß- & Radtunnel Südportal - Derendinger Allee,100003358,YAH24052174,9.04806,48.518,(UTC+01:00) Europe/Paris DST,2013-08-27T05:00:00+02:00,6,15,na,21,10.0,0.0,na
Eco Counter GmbH,Stadt Tübingen,667,Fuß- & Radtunnel Südportal - Derendinger Allee,100003358,YAH24052174,9.04806,48.518,(UTC+01:00) Europe/Paris DST,2013-08-27T06:00:00+02:00,33,43,na,76,12.0,0.0,na
Eco Counter GmbH,Stadt Tübingen,667,Fuß- & Radtunnel Südportal - Derendinger Allee,100003358,YAH24052174,9.04806,48.518,(UTC+01:00) Europe/Paris DST,2013-08-27T07:00:00+02:00,73,84,na,157,13.0,0.0,na
Eco Counter GmbH,Stadt Tübingen,667,Fuß- & Radtunnel Südportal - Derendinger Allee,100003358,YAH24052174,9.04806,48.518,(UTC+01:00) Europe/Paris DST,2013-08-27T08:00:00+02:00,105,76,na,181,15.0,0.0,na
Eco Counter GmbH,Stadt Tübingen,667,Fuß- & Radtunnel Südportal - Derendinger Allee,100003358,YAH24052174,9.04806,48.518,(UTC+01:00) Europe/Paris DST,2013-08-27T09:00:00+02:00,95,56,na,151,17.0,0.0,na
Eco Counter GmbH,Stadt Tübingen,667,Fuß- & Radtunnel Südportal - Derendinger Allee,100003358,YAH24052174,9.04806,48.518,(UTC+01:00) Europe/Paris DST,2013-08-27T10:00:00+02:00,75,74,na,149,17.0,0.1,na
Eco Counter GmbH,Stadt Tübingen,667,Fuß- & Radtunnel Südportal - Derendinger Allee,100003358,YAH24052174,9.04806,48.518,(UTC+01:00) Europe/Paris DST,2013-08-27T11:00:00+02:00,71,80,na,151,18.0,0.3,na
Eco Counter GmbH,Stadt Tübingen,667,Fuß- & Radtunnel Südportal - Derendinger Allee,100003358,YAH24052174,9.04806,48.518,(UTC+01:00) Europe/Paris DST,2013-08-27T12:00:00+02:00,79,85,na,164,19.0,0.5,na
Eco Counter GmbH,Stadt Tübingen,667,Fuß- & Radtunnel Südportal - Derendinger Allee,100003358,YAH24052174,9.04806,48.518,(UTC+01:00) Europe/Paris DST,2013-08-27T13:00:00+02:00,99,79,na,178,19.0,0.3,na
Eco Counter GmbH,Stadt Tübingen,667,Fuß- & Radtunnel Südportal - Derendinger Allee,100003358,YAH24052174,9.04806,48.518,(UTC+01:00) Europe/Paris DST,2013-08-27T14:00:00+02:00,103,87,na,190,19.0,0.5,na
Eco Counter GmbH,Stadt Tübingen,667,Fuß- & Radtunnel Südportal - Derendinger Allee,100003358,YAH24052174,9.04806,48.518,(UTC+01:00) Europe/Paris DST,2013-08-27T15:00:00+02:00,96,122,na,218,18.0,2.8,na
Eco Counter GmbH,Stadt Tübingen,667,Fuß- & Radtunnel Südportal - Derendinger Allee,100003358,YAH24052174,9.04806,48.518,(UTC+01:00) Europe/Paris DST,2013-08-27T16:00:00+02:00,147,148,na,295,17.0,2.3,na
Eco Counter GmbH,Stadt Tübingen,667,Fuß- & Radtunnel Südportal - Derendinger Allee,100003358,YAH24052174,9.04806,48.518,(UTC+01:00) Europe/Paris DST,2013-08-27T17:00:00+02:00,143,171,na,314,16.0,1.0,na
Eco Counter GmbH,Stadt Tübingen,667,Fuß- & Radtunnel Südportal - Derendinger Allee,100003358,YAH24052174,9.04806,48.518,(UTC+01:00) Europe/Paris DST,2013-08-27T18:00:00+02:00,134,150,na,284,15.0,0.3,na
Eco Counter GmbH,Stadt Tübingen,667,Fuß- & Radtunnel Südportal - Derendinger Allee,100003358,YAH24052174,9.04806,48.518,(UTC+01:00) Europe/Paris DST,2013-08-27T19:00:00+02:00,97,92,na,189,14.0,0.2,na
Eco Counter GmbH,Stadt Tübingen,667,Fuß- & Radtunnel Südportal - Derendinger Allee,100003358,YAH24052174,9.04806,48.518,(UTC+01:00) Europe/Paris DST,2013-08-27T20:00:00+02:00,82,49,na,131,13.0,0.0,na
Eco Counter GmbH,Stadt Tübingen,667,Fuß- & Radtunnel Südportal - Derendinger Allee,100003358,YAH24052174,9.04806,48.518,(UTC+01:00) Europe/Paris DST,2013-08-27T21:00:00+02:00,30,35,na,65,12.0,0.0,na
Eco Counter GmbH,Stadt Tübingen,667,Fuß- & Radtunnel Südportal - Derendinger Allee,100003358,YAH24052174,9.04806,48.518,(UTC+01:00) Europe/Paris DST,2013-08-27T22:00:00+02:00,31,29,na,60,12.0,0.2,na
Eco Counter GmbH,Stadt Tübingen,667,Fuß- & Radtunnel Südportal - Derendinger Allee,100003358,YAH24052174,9.04806,48.518,(UTC+01:00) Europe/Paris DST,2013-08-27T23:00:00+02:00,15,13,na,28,11.0,0.0,na
Eco Counter GmbH,Stadt Tübingen,667,Fuß- & Radtunnel Südportal - Derendinger Allee,100003358,YAH24052174,9.04806,48.518,(UTC+01:00) Europe/Paris DST,2013-08-28T00:00:00+02:00,10,12,na,22,11.0,0.0,na
Eco Counter GmbH,Stadt Tübingen,667,Fuß- & Radtunnel Südportal - Derendinger Allee,100003358,YAH24052174,9.04806,48.518,(UTC+01:00) Europe/Paris DST,2013-08-28T01:00:00+02:00,3,9,na,12,11.0,0.0,na
Eco Counter GmbH,Stadt Tübingen,667,Fuß- & Radtunnel Südportal - Derendinger Allee,100003358,YAH24052174,9.04806,48.518,(UTC+01:00) Europe/Paris DST,2013-08-28T02:00:00+02:00,1,3,na,4,10.0,0.0,na
Eco Counter GmbH,Stadt Tübingen,667,Fuß- & Radtunnel Südportal - Derendinger Allee,100003358,YAH24052174,9.04806,48.518,(UTC+01:00) Europe/Paris DST,2013-08-28T03:00:00+02:00,2,0,na,2,10.0,0.0,na
Eco Counter GmbH,Stadt Tübingen,667,Fuß- & Radtunnel Südportal - Derendinger Allee,100003358,YAH24052174,9.04806,48.518,(UTC+01:00) Europe/Paris DST,2013-08-28T04:00:00+02:00,2,4,na,6,11.0,0.0,na
Eco Counter GmbH,Stadt Tübingen,667,Fuß- & Radtunnel Südportal - Derendinger Allee,100003358,YAH24052174,9.04806,48.518,(UTC+01:00) Europe/Paris DST,2013-08-28T05:00:00+02:00,9,10,na,19,12.0,0.1,na
Eco Counter GmbH,Stadt Tübingen,667,Fuß- & Radtunnel Südportal - Derendinger Allee,100003358,YAH24052174,9.04806,48.518,(UTC+01:00) Europe/Paris DST,2013-08-28T06:00:00+02:00,33,49,na,82,13.0,0.2,na
Eco Counter GmbH,Stadt Tübingen,667,Fuß- & Radtunnel Südportal - Derendinger Allee,100003358,YAH24052174,9.04806,48.518,(UTC+01:00) Europe/Paris DST,2013-08-28T07:00:00+02:00,86,78,na,164,14.0,0.1,na
Eco Counter GmbH,Stadt Tübingen,667,Fuß- & Radtunnel Südportal - Derendinger Allee,100003358,YAH24052174,9.04806,48.518,(UTC+01:00) Europe/Paris DST,2013-08-28T08:00:00+02:00,107,91,na,198,15.0,0.0,na
Eco Counter GmbH,Stadt Tübingen,667,Fuß- & Radtunnel Südportal - Derendinger Allee,100003358,YAH24052174,9.04806,48.518,(UTC+01:00) Europe/Paris DST,2013-08-28T09:00:00+02:00,99,71,na,170,17.0,0.0,na
Eco Counter GmbH,Stadt Tübingen,667,Fuß- & Radtunnel Südportal - Derendinger Allee,100003358,YAH24052174,9.04806,48.518,(UTC+01:00) Europe/Paris DST,2013-08-28T10:00:00+02:00,81,81,na,162,18.0,0.0,na
Eco Counter GmbH,Stadt Tübingen,667,Fuß- & Radtunnel Südportal - Derendinger Allee,100003358,YAH24052174,9.04806,48.518,(UTC+01:00) Europe/Paris DST,2013-08-28T11:00:00+02:00,97,88,na,185,19.0,0.0,na
Eco Counter GmbH,Stadt Tübingen,667,Fuß- & Radtunnel Südportal - Derendinger Allee,100003358,YAH24052174,9.04806,48.518,(UTC+01:00) Europe/Paris DST,2013-08-28T12:00:00+02:00,91,101,na,192,19.0,0.0,na
Eco Counter GmbH,Stadt Tübingen,667,Fuß- & Radtunnel Südportal - Derendinger Allee,100003358,YAH24052174,9.04806,48.518,(UTC+01:00) Europe/Paris DST,2013-08-28T13:00:00+02:00,102,102,na,204,19.0,0.0,na
Eco Counter GmbH,Stadt Tübingen,667,Fuß- & Radtunnel Südportal - Derendinger Allee,100003358,YAH24052174,9.04806,48.518,(UTC+01:00) Europe/Paris DST,2013-08-28T14:00:00+02:00,80,103,na,183,19.0,0.0,na
Eco Counter GmbH,Stadt Tübingen,667,Fuß- & Radtunnel Südportal - Derendinger Allee,100003358,YAH24052174,9.04806,48.518,(UTC+01:00) Europe/Paris DST,2013-08-28T15:00:00+02:00,103,113,na,216,18.0,0.0,na
Eco Counter GmbH,Stadt Tübingen,667,Fuß- & Radtunnel Südportal - Derendinger Allee,100003358,YAH24052174,9.04806,48.518,(UTC+01:00) Europe/Paris DST,2013-08-28T16:00:00+02:00,116,155,na,271,18.0,0.0,na
Eco Counter GmbH,Stadt Tübingen,667,Fuß- & Radtunnel Südportal - Derendinger Allee,100003358,YAH24052174,9.04806,48.518,(UTC+01:00) Europe/Paris DST,2013-08-28T17:00:00+02:00,146,164,na,310,17.0,0.0,na
Eco Counter GmbH,Stadt Tübingen,667,Fuß- & Radtunnel Südportal - Derendinger Allee,100003358,YAH24052174,9.04806,48.518,(UTC+01:00) Europe/Paris DST,2013-08-28T18:00:00+02:00,139,148,na,287,16.0,0.0,na
Eco Counter GmbH,Stadt Tübingen,667,Fuß- & Radtunnel Südportal - Derendinger Allee,100003358,YAH24052174,9.04806,48.518,(UTC+01:00) Europe/Paris DST,2013-08-28T19:00:00+02:00,126,88,na,214,14.0,0.0,na
Eco Counter GmbH,Stadt Tübingen,667,Fuß- & Radtunnel Südportal - Derendinger Allee,100003358,YAH24052174,9.04806,48.518,(UTC+01:00) Europe/Paris DST,2013-08-28T20:00:00+02:00,73,56,na,129,13.0,0.0,na
Eco Counter GmbH,Stadt Tübingen,667,Fuß- & Radtunnel Südportal - Derendinger Allee,100003358,YAH24052174,9.04806,48.518,(UTC+01:00) Europe/Paris DST,2013-08-28T21:00:00+02:00,52,36,na,88,12.0,0.0,na
Eco Counter GmbH,Stadt Tübingen,667,Fuß- & Radtunnel Südportal - Derendinger Allee,100003358,YAH24052174,9.04806,48.518,(UTC+01:00) Europe/Paris DST,2013-08-28T22:00:00+02:00,42,26,na,68,12.0,0.0,na
Eco Counter GmbH,Stadt Tübingen,667,Fuß- & Radtunnel Südportal - Derendinger Allee,100003358,YAH24052174,9.04806,48.518,(UTC+01:00) Europe/Paris DST,2013-08-28T23:00:00+02:00,21,24,na,45,12.0,0.0,na
Eco Counter GmbH,Stadt Tübingen,667,Fuß- & Radtunnel Südportal - Derendinger Allee,100003358,YAH24052174,9.04806,48.518,(UTC+01:00) Europe/Paris DST,2013-08-29T00:00:00+02:00,6,9,na,15,11.0,0.0,na
Eco Counter GmbH,Stadt Tübingen,667,Fuß- & Radtunnel Südportal - Derendinger Allee,100003358,YAH24052174,9.04806,48.518,(UTC+01:00) Europe/Paris DST,2013-08-29T01:00:00+02:00,6,7,na,13,11.0,0.0,na
Eco Counter GmbH,Stadt Tübingen,667,Fuß- & Radtunnel Südportal - Derendinger Allee,100003358,YAH24052174,9.04806,48.518,(UTC+01:00) Europe/Paris DST,2013-08-29T02:00:00+02:00,4,3,na,7,10.0,0.0,na
Eco Counter GmbH,Stadt Tübingen,667,Fuß- & Radtunnel Südportal - Derendinger Allee,100003358,YAH24052174,9.04806,48.518,(UTC+01:00) Europe/Paris DST,2013-08-29T03:00:00+02:00,2,2,na,4,10.0,0.0,na
Eco Counter GmbH,Stadt Tübingen,667,Fuß- & Radtunnel Südportal - Derendinger Allee,100003358,YAH24052174,9.04806,48.518,(UTC+01:00) Europe/Paris DST,2013-08-29T04:00:00+02:00,4,4,na,8,11.0,0.0,na
Eco Counter GmbH,Stadt Tübingen,667,Fuß- & Radtunnel Südportal - Derendinger Allee,100003358,YAH24052174,9.04806,48.518,(UTC+01:00) Europe/Paris DST,2013-08-29T05:00:00+02:00,9,12,na,21,11.0,0.0,na
Eco Counter GmbH,Stadt Tübingen,667,Fuß- & Radtunnel Südportal - Derendinger Allee,100003358,YAH24052174,9.04806,48.518,(UTC+01:00) Europe/Paris DST,2013-08-29T06:00:00+02:00,41,49,na,90,12.0,0.0,na
Eco Counter GmbH,Stadt Tübingen,667,Fuß- & Radtunnel Südportal - Derendinger Allee,100003358,YAH24052174,9.04806,48.518,(UTC+01:00) Europe/Paris DST,2013-08-29T07:00:00+02:00,73,69,na,142,14.0,0.0,na
Eco Counter GmbH,Stadt Tübingen,667,Fuß- & Radtunnel Südportal - Derendinger Allee,100003358,YAH24052174,9.04806,48.518,(UTC+01:00) Europe/Paris DST,2013-08-29T08:00:00+02:00,95,94,na,189,16.0,0.0,na
Eco Counter GmbH,Stadt Tübingen,667,Fuß- & Radtunnel Südportal - Derendinger Allee,100003358,YAH24052174,9.04806,48.518,(UTC+01:00) Europe/Paris DST,2013-08-29T09:00:00+02:00,96,84,na,180,17.0,0.0,na
Eco Counter GmbH,Stadt Tübingen,667,Fuß- & Radtunnel Südportal - Derendinger Allee,100003358,YAH24052174,9.04806,48.518,(UTC+01:00) Europe/Paris DST,2013-08-29T10:00:00+02:00,83,97,na,180,19.0,0.0,na
Eco Counter GmbH,Stadt Tübingen,667,Fuß- & Radtunnel Südportal - Derendinger Allee,100003358,YAH24052174,9.04806,48.518,(UTC+01:00) Europe/Paris DST,2013-08-29T11:00:00+02:00,106,117,na,223,20.0,0.0,na
Eco Counter GmbH,Stadt Tübingen,667,Fuß- & Radtunnel Südportal - Derendinger Allee,100003358,YAH24052174,9.04806,48.518,(UTC+01:00) Europe/Paris DST,2013-08-29T12:00:00+02:00,112,125,na,237,21.0,0.1,na
Eco Counter GmbH,Stadt Tübingen,667,Fuß- & Radtunnel Südportal - Derendinger Allee,100003358,YAH24052174,9.04806,48.518,(UTC+01:00) Europe/Paris DST,2013-08-29T13:00:00+02:00,132,131,na,263,21.0,0.0,na
Eco Counter GmbH,Stadt Tübingen,667,Fuß- & Radtunnel Südportal - Derendinger Allee,100003358,YAH24052174,9.04806,48.518,(UTC+01:00) Europe/Paris DST,2013-08-29T14:00:00+02:00,133,129,na,262,21.0,0.0,na
Eco Counter GmbH,Stadt Tübingen,667,Fuß- & Radtunnel Südportal - Derendinger Allee,100003358,YAH24052174,9.04806,48.518,(UTC+01:00) Europe/Paris DST,2013-08-29T15:00:00+02:00,168,189,na,357,20.0,0.0,na
Eco Counter GmbH,Stadt Tübingen,667,Fuß- & Radtunnel Südportal - Derendinger Allee,100003358,YAH24052174,9.04806,48.518,(UTC+01:00) Europe/Paris DST,2013-08-29T16:00:00+02:00,177,196,na,373,19.0,0.0,na
Eco Counter GmbH,Stadt Tübingen,667,Fuß- & Radtunnel Südportal - Derendinger Allee,100003358,YAH24052174,9.04806,48.518,(UTC+01:00) Europe/Paris DST,2013-08-29T17:00:00+02:00,223,196,na,419,18.0,0.0,na
Eco Counter GmbH,Stadt Tübingen,667,Fuß- & Radtunnel Südportal - Derendinger Allee,100003358,YAH24052174,9.04806,48.518,(UTC+01:00) Europe/Paris DST,2013-08-29T18:00:00+02:00,182,182,na,364,17.0,0.0,na
Eco Counter GmbH,Stadt Tübingen,667,Fuß- & Radtunnel Südportal - Derendinger Allee,100003358,YAH24052174,9.04806,48.518,(UTC+01:00) Europe/Paris DST,2013-08-29T19:00:00+02:00,136,123,na,259,16.0,0.0,na
Eco Counter GmbH,Stadt Tübingen,667,Fuß- & Radtunnel Südportal - Derendinger Allee,100003358,YAH24052174,9.04806,48.518,(UTC+01:00) Europe/Paris DST,2013-08-29T20:00:00+02:00,104,69,na,173,14.0,0.0,na
Eco Counter GmbH,Stadt Tübingen,667,Fuß- & Radtunnel Südportal - Derendinger Allee,100003358,YAH24052174,9.04806,48.518,(UTC+01:00) Europe/Paris DST,2013-08-29T21:00:00+02:00,34,42,na,76,14.0,0.0,na
Eco Counter GmbH,Stadt Tübingen,667,Fuß- & Radtunnel Südportal - Derendinger Allee,100003358,YAH24052174,9.04806,48.518,(UTC+01:00) Europe/Paris DST,2013-08-29T22:00:00+02:00,44,31,na,75,13.0,0.0,na
Eco Counter GmbH,Stadt Tübingen,667,Fuß- & Radtunnel Südportal - Derendinger Allee,100003358,YAH24052174,9.04806,48.518,(UTC+01:00) Europe/Paris DST,2013-08-29T23:00:00+02:00,22,30,na,52,13.0,0.0,na
Eco Counter GmbH,Stadt Tübingen,667,Fuß- & Radtunnel Südportal - Derendinger Allee,100003358,YAH24052174,9.04806,48.518,(UTC+01:00) Europe/Paris DST,2013-08-30T00:00:00+02:00,14,13,na,27,12.0,0.0,na
Eco Counter GmbH,Stadt Tübingen,667,Fuß- & Radtunnel Südportal - Derendinger Allee,100003358,YAH24052174,9.04806,48.518,(UTC+01:00) Europe/Paris DST,2013-08-30T01:00:00+02:00,10,9,na,19,11.0,0.0,na
Eco Counter GmbH,Stadt Tübingen,667,Fuß- & Radtunnel Südportal - Derendinger Allee,100003358,YAH24052174,9.04806,48.518,(UTC+01:00) Europe/Paris DST,2013-08-30T02:00:00+02:00,3,2,na,5,11.0,0.0,na
Eco Counter GmbH,Stadt Tübingen,667,Fuß- & Radtunnel Südportal - Derendinger Allee,100003358,YAH24052174,9.04806,48.518,(UTC+01:00) Europe/Paris DST,2013-08-30T03:00:00+02:00,2,2,na,4,11.0,0.0,na
Eco Counter GmbH,Stadt Tübingen,667,Fuß- & Radtunnel Südportal - Derendinger Allee,100003358,YAH24052174,9.04806,48.518,(UTC+01:00) Europe/Paris DST,2013-08-30T04:00:00+02:00,3,5,na,8,11.0,0.0,na
Eco Counter GmbH,Stadt Tübingen,667,Fuß- & Radtunnel Südportal - Derendinger Allee,100003358,YAH24052174,9.04806,48.518,(UTC+01:00) Europe/Paris DST,2013-08-30T05:00:00+02:00,9,13,na,22,12.0,0.0,na
Eco Counter GmbH,Stadt Tübingen,667,Fuß- & Radtunnel Südportal - Derendinger Allee,100003358,YAH24052174,9.04806,48.518,(UTC+01:00) Europe/Paris DST,2013-08-30T06:00:00+02:00,23,44,na,67,13.0,0.0,na
Eco Counter GmbH,Stadt Tübingen,667,Fuß- & Radtunnel Südportal - Derendinger Allee,100003358,YAH24052174,9.04806,48.518,(UTC+01:00) Europe/Paris DST,2013-08-30T07:00:00+02:00,70,69,na,139,15.0,0.0,na
Eco Counter GmbH,Stadt Tübingen,667,Fuß- & Radtunnel Südportal - Derendinger Allee,100003358,YAH24052174,9.04806,48.518,(UTC+01:00) Europe/Paris DST,2013-08-30T08:00:00+02:00,101,77,na,178,17.0,0.0,na
Eco Counter GmbH,Stadt Tübingen,667,Fuß- & Radtunnel Südportal - Derendinger Allee,100003358,YAH24052174,9.04806,48.518,(UTC+01:00) Europe/Paris DST,2013-08-30T09:00:00+02:00,89,104,na,193,19.0,0.0,na
Eco Counter GmbH,Stadt Tübingen,667,Fuß- & Radtunnel Südportal - Derendinger Allee,100003358,YAH24052174,9.04806,48.518,(UTC+01:00) Europe/Paris DST,2013-08-30T10:00:00+02:00,122,109,na,231,21.0,0.0,na
Eco Counter GmbH,Stadt Tübingen,667,Fuß- & Radtunnel Südportal - Derendinger Allee,100003358,YAH24052174,9.04806,48.518,(UTC+01:00) Europe/Paris DST,2013-08-30T11:00:00+02:00,124,133,na,257,22.0,0.0,na
Eco Counter GmbH,Stadt Tübingen,667,Fuß- & Radtunnel Südportal - Derendinger Allee,100003358,YAH24052174,9.04806,48.518,(UTC+01:00) Europe/Paris DST,2013-08-30T12:00:00+02:00,148,143,na,291,23.0,0.0,na
Eco Counter GmbH,Stadt Tübingen,667,Fuß- & Radtunnel Südportal - Derendinger Allee,100003358,YAH24052174,9.04806,48.518,(UTC+01:00) Europe/Paris DST,2013-08-30T13:00:00+02:00,117,158,na,275,23.0,0.0,na
Eco Counter GmbH,Stadt Tübingen,667,Fuß- & Radtunnel Südportal - Derendinger Allee,100003358,YAH24052174,9.04806,48.518,(UTC+01:00) Europe/Paris DST,2013-08-30T14:00:00+02:00,141,166,na,307,23.0,0.0,na
Eco Counter GmbH,Stadt Tübingen,667,Fuß- & Radtunnel Südportal - Derendinger Allee,100003358,YAH24052174,9.04806,48.518,(UTC+01:00) Europe/Paris DST,2013-08-30T15:00:00+02:00,160,205,na,365,22.0,0.0,na
Eco Counter GmbH,Stadt Tübingen,667,Fuß- & Radtunnel Südportal - Derendinger Allee,100003358,YAH24052174,9.04806,48.518,(UTC+01:00) Europe/Paris DST,2013-08-30T16:00:00+02:00,174,183,na,357,21.0,0.0,na
Eco Counter GmbH,Stadt Tübingen,667,Fuß- & Radtunnel Südportal - Derendinger Allee,100003358,YAH24052174,9.04806,48.518,(UTC+01:00) Europe/Paris DST,2013-08-30T17:00:00+02:00,162,164,na,326,20.0,0.0,na
Eco Counter GmbH,Stadt Tübingen,667,Fuß- & Radtunnel Südportal - Derendinger Allee,100003358,YAH24052174,9.04806,48.518,(UTC+01:00) Europe/Paris DST,2013-08-30T18:00:00+02:00,218,165,na,383,19.0,0.0,na
Eco Counter GmbH,Stadt Tübingen,667,Fuß- & Radtunnel Südportal - Derendinger Allee,100003358,YAH24052174,9.04806,48.518,(UTC+01:00) Europe/Paris DST,2013-08-30T19:00:00+02:00,143,107,na,250,17.0,0.0,na
Eco Counter GmbH,Stadt Tübingen,667,Fuß- & Radtunnel Südportal - Derendinger Allee,100003358,YAH24052174,9.04806,48.518,(UTC+01:00) Europe/Paris DST,2013-08-30T20:00:00+02:00,92,68,na,160,16.0,0.0,na
Eco Counter GmbH,Stadt Tübingen,667,Fuß- & Radtunnel Südportal - Derendinger Allee,100003358,YAH24052174,9.04806,48.518,(UTC+01:00) Europe/Paris DST,2013-08-30T21:00:00+02:00,52,40,na,92,16.0,0.0,na
Eco Counter GmbH,Stadt Tübingen,667,Fuß- & Radtunnel Südportal - Derendinger Allee,100003358,YAH24052174,9.04806,48.518,(UTC+01:00) Europe/Paris DST,2013-08-30T22:00:00+02:00,33,29,na,62,16.0,0.0,na
Eco Counter GmbH,Stadt Tübingen,667,Fuß- & Radtunnel Südportal - Derendinger Allee,100003358,YAH24052174,9.04806,48.518,(UTC+01:00) Europe/Paris DST,2013-08-30T23:00:00+02:00,29,20,na,49,15.0,0.0,na
Eco Counter GmbH,Stadt Tübingen,667,Fuß- & Radtunnel Südportal - Derendinger Allee,100003358,YAH24052174,9.04806,48.518,(UTC+01:00) Europe/Paris DST,2013-08-31T00:00:00+02:00,14,16,na,30,14.0,0.0,na
Eco Counter GmbH,Stadt Tübingen,667,Fuß- & Radtunnel Südportal - Derendinger Allee,100003358,YAH24052174,9.04806,48.518,(UTC+01:00) Europe/Paris DST,2013-08-31T01:00:00+02:00,5,12,na,17,14.0,0.0,na
Eco Counter GmbH,Stadt Tübingen,667,Fuß- & Radtunnel Südportal - Derendinger Allee,100003358,YAH24052174,9.04806,48.518,(UTC+01:00) Europe/Paris DST,2013-08-31T02:00:00+02:00,16,4,na,20,13.0,0.0,na
Eco Counter GmbH,Stadt Tübingen,667,Fuß- & Radtunnel Südportal - Derendinger Allee,100003358,YAH24052174,9.04806,48.518,(UTC+01:00) Europe/Paris DST,2013-08-31T03:00:00+02:00,3,2,na,5,13.0,0.0,na
Eco Counter GmbH,Stadt Tübingen,667,Fuß- & Radtunnel Südportal - Derendinger Allee,100003358,YAH24052174,9.04806,48.518,(UTC+01:00) Europe/Paris DST,2013-08-31T04:00:00+02:00,9,4,na,13,12.0,0.0,na
Eco Counter GmbH,Stadt Tübingen,667,Fuß- & Radtunnel Südportal - Derendinger Allee,100003358,YAH24052174,9.04806,48.518,(UTC+01:00) Europe/Paris DST,2013-08-31T05:00:00+02:00,3,8,na,11,13.0,0.0,na
Eco Counter GmbH,Stadt Tübingen,667,Fuß- & Radtunnel Südportal - Derendinger Allee,100003358,YAH24052174,9.04806,48.518,(UTC+01:00) Europe/Paris DST,2013-08-31T06:00:00+02:00,13,15,na,28,14.0,0.0,na
Eco Counter GmbH,Stadt Tübingen,667,Fuß- & Radtunnel Südportal - Derendinger Allee,100003358,YAH24052174,9.04806,48.518,(UTC+01:00) Europe/Paris DST,2013-08-31T07:00:00+02:00,14,21,na,35,15.0,0.0,na
Eco Counter GmbH,Stadt Tübingen,667,Fuß- & Radtunnel Südportal - Derendinger Allee,100003358,YAH24052174,9.04806,48.518,(UTC+01:00) Europe/Paris DST,2013-08-31T08:00:00+02:00,48,44,na,92,17.0,0.0,na
Eco Counter GmbH,Stadt Tübingen,667,Fuß- & Radtunnel Südportal - Derendinger Allee,100003358,YAH24052174,9.04806,48.518,(UTC+01:00) Europe/Paris DST,2013-08-31T09:00:00+02:00,83,85,na,168,18.0,0.0,na
Eco Counter GmbH,Stadt Tübingen,667,Fuß- & Radtunnel Südportal - Derendinger Allee,100003358,YAH24052174,9.04806,48.518,(UTC+01:00) Europe/Paris DST,2013-08-31T10:00:00+02:00,129,136,na,265,20.0,0.0,na
Eco Counter GmbH,Stadt Tübingen,667,Fuß- & Radtunnel Südportal - Derendinger Allee,100003358,YAH24052174,9.04806,48.518,(UTC+01:00) Europe/Paris DST,2013-08-31T11:00:00+02:00,159,164,na,323,21.0,0.0,na
Eco Counter GmbH,Stadt Tübingen,667,Fuß- & Radtunnel Südportal - Derendinger Allee,100003358,YAH24052174,9.04806,48.518,(UTC+01:00) Europe/Paris DST,2013-08-31T12:00:00+02:00,128,148,na,276,21.0,0.0,na
Eco Counter GmbH,Stadt Tübingen,667,Fuß- & Radtunnel Südportal - Derendinger Allee,100003358,YAH24052174,9.04806,48.518,(UTC+01:00) Europe/Paris DST,2013-08-31T13:00:00+02:00,129,181,na,310,22.0,0.0,na
Eco Counter GmbH,Stadt Tübingen,667,Fuß- & Radtunnel Südportal - Derendinger Allee,100003358,YAH24052174,9.04806,48.518,(UTC+01:00) Europe/Paris DST,2013-08-31T14:00:00+02:00,142,187,na,329,22.0,0.0,na
Eco Counter GmbH,Stadt Tübingen,667,Fuß- & Radtunnel Südportal - Derendinger Allee,100003358,YAH24052174,9.04806,48.518,(UTC+01:00) Europe/Paris DST,2013-08-31T15:00:00+02:00,109,146,na,255,21.0,0.0,na
Eco Counter GmbH,Stadt Tübingen,667,Fuß- & Radtunnel Südportal - Derendinger Allee,100003358,YAH24052174,9.04806,48.518,(UTC+01:00) Europe/Paris DST,2013-08-31T16:00:00+02:00,122,152,na,274,19.0,0.0,na
Eco Counter GmbH,Stadt Tübingen,667,Fuß- & Radtunnel Südportal - Derendinger Allee,100003358,YAH24052174,9.04806,48.518,(UTC+01:00) Europe/Paris DST,2013-08-31T17:00:00+02:00,189,129,na,318,18.0,0.7,na
Eco Counter GmbH,Stadt Tübingen,667,Fuß- & Radtunnel Südportal - Derendinger Allee,100003358,YAH24052174,9.04806,48.518,(UTC+01:00) Europe/Paris DST,2013-08-31T18:00:00+02:00,112,111,na,223,17.0,0.5,na
Eco Counter GmbH,Stadt Tübingen,667,Fuß- & Radtunnel Südportal - Derendinger Allee,100003358,YAH24052174,9.04806,48.518,(UTC+01:00) Europe/Paris DST,2013-08-31T19:00:00+02:00,70,49,na,119,16.0,0.0,na
Eco Counter GmbH,Stadt Tübingen,667,Fuß- & Radtunnel Südportal - Derendinger Allee,100003358,YAH24052174,9.04806,48.518,(UTC+01:00) Europe/Paris DST,2013-08-31T20:00:00+02:00,40,54,na,94,15.0,0.2,na
Eco Counter GmbH,Stadt Tübingen,667,Fuß- & Radtunnel Südportal - Derendinger Allee,100003358,YAH24052174,9.04806,48.518,(UTC+01:00) Europe/Paris DST,2013-08-31T21:00:00+02:00,30,24,na,54,14.0,0.2,na
Eco Counter GmbH,Stadt Tübingen,667,Fuß- & Radtunnel Südportal - Derendinger Allee,100003358,YAH24052174,9.04806,48.518,(UTC+01:00) Europe/Paris DST,2013-08-31T22:00:00+02:00,28,21,na,49,14.0,0.7,na
Eco Counter GmbH,Stadt Tübingen,667,Unterführung Steinlach/Karlstraße Südseite - Steinlachallee,100003359,Y2H17123962,9.058865,48.515434,(UTC+01:00) Europe/Paris DST,2013-08-01T00:00:00+02:00,9,89,na,98,15.0,0.0,na
Eco Counter GmbH,Stadt Tübingen,667,Unterführung Steinlach/Karlstraße Südseite - Steinlachallee,100003359,Y2H17123962,9.058865,48.515434,(UTC+01:00) Europe/Paris DST,2013-08-01T01:00:00+02:00,11,29,na,40,15.0,0.0,na
Eco Counter GmbH,Stadt Tübingen,667,Unterführung Steinlach/Karlstraße Südseite - Steinlachallee,100003359,Y2H17123962,9.058865,48.515434,(UTC+01:00) Europe/Paris DST,2013-08-01T02:00:00+02:00,5,7,na,12,15.0,0.0,na
Eco Counter GmbH,Stadt Tübingen,667,Unterführung Steinlach/Karlstraße Südseite - Steinlachallee,100003359,Y2H17123962,9.058865,48.515434,(UTC+01:00) Europe/Paris DST,2013-08-01T03:00:00+02:00,4,5,na,9,15.0,0.0,na
Eco Counter GmbH,Stadt Tübingen,667,Unterführung Steinlach/Karlstraße Südseite - Steinlachallee,100003359,Y2H17123962,9.058865,48.515434,(UTC+01:00) Europe/Paris DST,2013-08-01T04:00:00+02:00,1,7,na,8,15.0,0.0,na
Eco Counter GmbH,Stadt Tübingen,667,Unterführung Steinlach/Karlstraße Südseite - Steinlachallee,100003359,Y2H17123962,9.058865,48.515434,(UTC+01:00) Europe/Paris DST,2013-08-01T05:00:00+02:00,19,10,na,29,15.0,0.0,na
Eco Counter GmbH,Stadt Tübingen,667,Unterführung Steinlach/Karlstraße Südseite - Steinlachallee,100003359,Y2H17123962,9.058865,48.515434,(UTC+01:00) Europe/Paris DST,2013-08-01T06:00:00+02:00,71,38,na,109,17.0,0.0,na
Eco Counter GmbH,Stadt Tübingen,667,Unterführung Steinlach/Karlstraße Südseite - Steinlachallee,100003359,Y2H17123962,9.058865,48.515434,(UTC+01:00) Europe/Paris DST,2013-08-01T07:00:00+02:00,195,109,na,304,20.0,0.0,na
Eco Counter GmbH,Stadt Tübingen,667,Unterführung Steinlach/Karlstraße Südseite - Steinlachallee,100003359,Y2H17123962,9.058865,48.515434,(UTC+01:00) Europe/Paris DST,2013-08-01T08:00:00+02:00,350,158,na,508,22.0,0.0,na
Eco Counter GmbH,Stadt Tübingen,667,Unterführung Steinlach/Karlstraße Südseite - Steinlachallee,100003359,Y2H17123962,9.058865,48.515434,(UTC+01:00) Europe/Paris DST,2013-08-01T09:00:00+02:00,318,141,na,459,24.0,0.0,na
Eco Counter GmbH,Stadt Tübingen,667,Unterführung Steinlach/Karlstraße Südseite - Steinlachallee,100003359,Y2H17123962,9.058865,48.515434,(UTC+01:00) Europe/Paris DST,2013-08-01T10:00:00+02:00,277,172,na,449,26.0,0.0,na
Eco Counter GmbH,Stadt Tübingen,667,Unterführung Steinlach/Karlstraße Südseite - Steinlachallee,100003359,Y2H17123962,9.058865,48.515434,(UTC+01:00) Europe/Paris DST,2013-08-01T11:00:00+02:00,262,188,na,450,28.0,0.0,na
Eco Counter GmbH,Stadt Tübingen,667,Unterführung Steinlach/Karlstraße Südseite - Steinlachallee,100003359,Y2H17123962,9.058865,48.515434,(UTC+01:00) Europe/Paris DST,2013-08-01T12:00:00+02:00,247,252,na,499,29.0,0.0,na
Eco Counter GmbH,Stadt Tübingen,667,Unterführung Steinlach/Karlstraße Südseite - Steinlachallee,100003359,Y2H17123962,9.058865,48.515434,(UTC+01:00) Europe/Paris DST,2013-08-01T13:00:00+02:00,224,219,na,443,30.0,0.0,na
Eco Counter GmbH,Stadt Tübingen,667,Unterführung Steinlach/Karlstraße Südseite - Steinlachallee,100003359,Y2H17123962,9.058865,48.515434,(UTC+01:00) Europe/Paris DST,2013-08-01T14:00:00+02:00,228,194,na,422,31.0,0.0,na
Eco Counter GmbH,Stadt Tübingen,667,Unterführung Steinlach/Karlstraße Südseite - Steinlachallee,100003359,Y2H17123962,9.058865,48.515434,(UTC+01:00) Europe/Paris DST,2013-08-01T15:00:00+02:00,285,260,na,545,31.0,0.0,na
Eco Counter GmbH,Stadt Tübingen,667,Unterführung Steinlach/Karlstraße Südseite - Steinlachallee,100003359,Y2H17123962,9.058865,48.515434,(UTC+01:00) Europe/Paris DST,2013-08-01T16:00:00+02:00,278,288,na,566,29.0,0.0,na
Eco Counter GmbH,Stadt Tübingen,667,Unterführung Steinlach/Karlstraße Südseite - Steinlachallee,100003359,Y2H17123962,9.058865,48.515434,(UTC+01:00) Europe/Paris DST,2013-08-01T17:00:00+02:00,300,345,na,645,28.0,0.0,na
Eco Counter GmbH,Stadt Tübingen,667,Unterführung Steinlach/Karlstraße Südseite - Steinlachallee,100003359,Y2H17123962,9.058865,48.515434,(UTC+01:00) Europe/Paris DST,2013-08-01T18:00:00+02:00,276,338,na,614,27.0,0.0,na
Eco Counter GmbH,Stadt Tübingen,667,Unterführung Steinlach/Karlstraße Südseite - Steinlachallee,100003359,Y2H17123962,9.058865,48.515434,(UTC+01:00) Europe/Paris DST,2013-08-01T19:00:00+02:00,252,289,na,541,25.0,0.0,na
Eco Counter GmbH,Stadt Tübingen,667,Unterführung Steinlach/Karlstraße Südseite - Steinlachallee,100003359,Y2H17123962,9.058865,48.515434,(UTC+01:00) Europe/Paris DST,2013-08-01T20:00:00+02:00,222,210,na,432,22.0,0.0,na
Eco Counter GmbH,Stadt Tübingen,667,Unterführung Steinlach/Karlstraße Südseite - Steinlachallee,100003359,Y2H17123962,9.058865,48.515434,(UTC+01:00) Europe/Paris DST,2013-08-01T21:00:00+02:00,109,173,na,282,20.0,0.0,na
Eco Counter GmbH,Stadt Tübingen,667,Unterführung Steinlach/Karlstraße Südseite - Steinlachallee,100003359,Y2H17123962,9.058865,48.515434,(UTC+01:00) Europe/Paris DST,2013-08-01T22:00:00+02:00,73,107,na,180,19.0,0.0,na
Eco Counter GmbH,Stadt Tübingen,667,Unterführung Steinlach/Karlstraße Südseite - Steinlachallee,100003359,Y2H17123962,9.058865,48.515434,(UTC+01:00) Europe/Paris DST,2013-08-01T23:00:00+02:00,53,87,na,140,18.0,0.0,na
Eco Counter GmbH,Stadt Tübingen,667,Unterführung Steinlach/Karlstraße Südseite - Steinlachallee,100003359,Y2H17123962,9.058865,48.515434,(UTC+01:00) Europe/Paris DST,2013-08-02T00:00:00+02:00,31,114,na,145,17.0,0.0,na
Eco Counter GmbH,Stadt Tübingen,667,Unterführung Steinlach/Karlstraße Südseite - Steinlachallee,100003359,Y2H17123962,9.058865,48.515434,(UTC+01:00) Europe/Paris DST,2013-08-02T01:00:00+02:00,7,30,na,37,17.0,0.0,na
Eco Counter GmbH,Stadt Tübingen,667,Unterführung Steinlach/Karlstraße Südseite - Steinlachallee,100003359,Y2H17123962,9.058865,48.515434,(UTC+01:00) Europe/Paris DST,2013-08-02T02:00:00+02:00,8,24,na,32,17.0,0.0,na
Eco Counter GmbH,Stadt Tübingen,667,Unterführung Steinlach/Karlstraße Südseite - Steinlachallee,100003359,Y2H17123962,9.058865,48.515434,(UTC+01:00) Europe/Paris DST,2013-08-02T03:00:00+02:00,2,15,na,17,18.0,0.0,na
Eco Counter GmbH,Stadt Tübingen,667,Unterführung Steinlach/Karlstraße Südseite - Steinlachallee,100003359,Y2H17123962,9.058865,48.515434,(UTC+01:00) Europe/Paris DST,2013-08-02T04:00:00+02:00,1,7,na,8,18.0,0.0,na
Eco Counter GmbH,Stadt Tübingen,667,Unterführung Steinlach/Karlstraße Südseite - Steinlachallee,100003359,Y2H17123962,9.058865,48.515434,(UTC+01:00) Europe/Paris DST,2013-08-02T05:00:00+02:00,23,11,na,34,19.0,0.0,na
Eco Counter GmbH,Stadt Tübingen,667,Unterführung Steinlach/Karlstraße Südseite - Steinlachallee,100003359,Y2H17123962,9.058865,48.515434,(UTC+01:00) Europe/Paris DST,2013-08-02T06:00:00+02:00,71,44,na,115,20.0,0.0,na
Eco Counter GmbH,Stadt Tübingen,667,Unterführung Steinlach/Karlstraße Südseite - Steinlachallee,100003359,Y2H17123962,9.058865,48.515434,(UTC+01:00) Europe/Paris DST,2013-08-02T07:00:00+02:00,208,95,na,303,23.0,0.0,na
Eco Counter GmbH,Stadt Tübingen,667,Unterführung Steinlach/Karlstraße Südseite - Steinlachallee,100003359,Y2H17123962,9.058865,48.515434,(UTC+01:00) Europe/Paris DST,2013-08-02T08:00:00+02:00,325,165,na,490,25.0,0.0,na
Eco Counter GmbH,Stadt Tübingen,667,Unterführung Steinlach/Karlstraße Südseite - Steinlachallee,100003359,Y2H17123962,9.058865,48.515434,(UTC+01:00) Europe/Paris DST,2013-08-02T09:00:00+02:00,407,155,na,562,27.0,0.0,na
Eco Counter GmbH,Stadt Tübingen,667,Unterführung Steinlach/Karlstraße Südseite - Steinlachallee,100003359,Y2H17123962,9.058865,48.515434,(UTC+01:00) Europe/Paris DST,2013-08-02T10:00:00+02:00,317,201,na,518,29.0,0.0,na
Eco Counter GmbH,Stadt Tübingen,667,Unterführung Steinlach/Karlstraße Südseite - Steinlachallee,100003359,Y2H17123962,9.058865,48.515434,(UTC+01:00) Europe/Paris DST,2013-08-02T11:00:00+02:00,229,242,na,471,31.0,0.0,na
Eco Counter GmbH,Stadt Tübingen,667,Unterführung Steinlach/Karlstraße Südseite - Steinlachallee,100003359,Y2H17123962,9.058865,48.515434,(UTC+01:00) Europe/Paris DST,2013-08-02T12:00:00+02:00,234,300,na,534,32.0,0.0,na
Eco Counter GmbH,Stadt Tübingen,667,Unterführung Steinlach/Karlstraße Südseite - Steinlachallee,100003359,Y2H17123962,9.058865,48.515434,(UTC+01:00) Europe/Paris DST,2013-08-02T13:00:00+02:00,205,234,na,439,32.0,0.0,na
Eco Counter GmbH,Stadt Tübingen,667,Unterführung Steinlach/Karlstraße Südseite - Steinlachallee,100003359,Y2H17123962,9.058865,48.515434,(UTC+01:00) Europe/Paris DST,2013-08-02T14:00:00+02:00,197,176,na,373,33.0,0.0,na
Eco Counter GmbH,Stadt Tübingen,667,Unterführung Steinlach/Karlstraße Südseite - Steinlachallee,100003359,Y2H17123962,9.058865,48.515434,(UTC+01:00) Europe/Paris DST,2013-08-02T15:00:00+02:00,250,218,na,468,32.0,0.0,na
Eco Counter GmbH,Stadt Tübingen,667,Unterführung Steinlach/Karlstraße Südseite - Steinlachallee,100003359,Y2H17123962,9.058865,48.515434,(UTC+01:00) Europe/Paris DST,2013-08-02T16:00:00+02:00,240,217,na,457,31.0,0.0,na
Eco Counter GmbH,Stadt Tübingen,667,Unterführung Steinlach/Karlstraße Südseite - Steinlachallee,100003359,Y2H17123962,9.058865,48.515434,(UTC+01:00) Europe/Paris DST,2013-08-02T17:00:00+02:00,236,248,na,484,30.0,0.0,na
Eco Counter GmbH,Stadt Tübingen,667,Unterführung Steinlach/Karlstraße Südseite - Steinlachallee,100003359,Y2H17123962,9.058865,48.515434,(UTC+01:00) Europe/Paris DST,2013-08-02T18:00:00+02:00,237,255,na,492,29.0,0.0,na
Eco Counter GmbH,Stadt Tübingen,667,Unterführung Steinlach/Karlstraße Südseite - Steinlachallee,100003359,Y2H17123962,9.058865,48.515434,(UTC+01:00) Europe/Paris DST,2013-08-02T19:00:00+02:00,275,212,na,487,27.0,0.0,na
Eco Counter GmbH,Stadt Tübingen,667,Unterführung Steinlach/Karlstraße Südseite - Steinlachallee,100003359,Y2H17123962,9.058865,48.515434,(UTC+01:00) Europe/Paris DST,2013-08-02T20:00:00+02:00,189,189,na,378,25.0,0.0,na
Eco Counter GmbH,Stadt Tübingen,667,Unterführung Steinlach/Karlstraße Südseite - Steinlachallee,100003359,Y2H17123962,9.058865,48.515434,(UTC+01:00) Europe/Paris DST,2013-08-02T21:00:00+02:00,128,125,na,253,23.0,0.0,na
Eco Counter GmbH,Stadt Tübingen,667,Unterführung Steinlach/Karlstraße Südseite - Steinlachallee,100003359,Y2H17123962,9.058865,48.515434,(UTC+01:00) Europe/Paris DST,2013-08-02T22:00:00+02:00,72,130,na,202,22.0,0.0,na
Eco Counter GmbH,Stadt Tübingen,667,Unterführung Steinlach/Karlstraße Südseite - Steinlachallee,100003359,Y2H17123962,9.058865,48.515434,(UTC+01:00) Europe/Paris DST,2013-08-02T23:00:00+02:00,48,125,na,173,21.0,0.0,na
Eco Counter GmbH,Stadt Tübingen,667,Unterführung Steinlach/Karlstraße Südseite - Steinlachallee,100003359,Y2H17123962,9.058865,48.515434,(UTC+01:00) Europe/Paris DST,2013-08-03T00:00:00+02:00,52,110,na,162,20.0,0.0,na
Eco Counter GmbH,Stadt Tübingen,667,Unterführung Steinlach/Karlstraße Südseite - Steinlachallee,100003359,Y2H17123962,9.058865,48.515434,(UTC+01:00) Europe/Paris DST,2013-08-03T01:00:00+02:00,18,46,na,64,20.0,0.0,na
Eco Counter GmbH,Stadt Tübingen,667,Unterführung Steinlach/Karlstraße Südseite - Steinlachallee,100003359,Y2H17123962,9.058865,48.515434,(UTC+01:00) Europe/Paris DST,2013-08-03T02:00:00+02:00,17,36,na,53,19.0,0.0,na
Eco Counter GmbH,Stadt Tübingen,667,Unterführung Steinlach/Karlstraße Südseite - Steinlachallee,100003359,Y2H17123962,9.058865,48.515434,(UTC+01:00) Europe/Paris DST,2013-08-03T03:00:00+02:00,2,23,na,25,18.0,0.0,na
Eco Counter GmbH,Stadt Tübingen,667,Unterführung Steinlach/Karlstraße Südseite - Steinlachallee,100003359,Y2H17123962,9.058865,48.515434,(UTC+01:00) Europe/Paris DST,2013-08-03T04:00:00+02:00,5,22,na,27,19.0,0.0,na
Eco Counter GmbH,Stadt Tübingen,667,Unterführung Steinlach/Karlstraße Südseite - Steinlachallee,100003359,Y2H17123962,9.058865,48.515434,(UTC+01:00) Europe/Paris DST,2013-08-03T05:00:00+02:00,11,10,na,21,20.0,0.0,na
Eco Counter GmbH,Stadt Tübingen,667,Unterführung Steinlach/Karlstraße Südseite - Steinlachallee,100003359,Y2H17123962,9.058865,48.515434,(UTC+01:00) Europe/Paris DST,2013-08-03T06:00:00+02:00,21,11,na,32,21.0,0.0,na
Eco Counter GmbH,Stadt Tübingen,667,Unterführung Steinlach/Karlstraße Südseite - Steinlachallee,100003359,Y2H17123962,9.058865,48.515434,(UTC+01:00) Europe/Paris DST,2013-08-03T07:00:00+02:00,57,27,na,84,23.0,0.0,na
Eco Counter GmbH,Stadt Tübingen,667,Unterführung Steinlach/Karlstraße Südseite - Steinlachallee,100003359,Y2H17123962,9.058865,48.515434,(UTC+01:00) Europe/Paris DST,2013-08-03T08:00:00+02:00,104,59,na,163,24.0,0.0,na
Eco Counter GmbH,Stadt Tübingen,667,Unterführung Steinlach/Karlstraße Südseite - Steinlachallee,100003359,Y2H17123962,9.058865,48.515434,(UTC+01:00) Europe/Paris DST,2013-08-03T09:00:00+02:00,208,111,na,319,25.0,0.0,na
Eco Counter GmbH,Stadt Tübingen,667,Unterführung Steinlach/Karlstraße Südseite - Steinlachallee,100003359,Y2H17123962,9.058865,48.515434,(UTC+01:00) Europe/Paris DST,2013-08-03T10:00:00+02:00,278,139,na,417,26.0,0.0,na
Eco Counter GmbH,Stadt Tübingen,667,Unterführung Steinlach/Karlstraße Südseite - Steinlachallee,100003359,Y2H17123962,9.058865,48.515434,(UTC+01:00) Europe/Paris DST,2013-08-03T11:00:00+02:00,304,239,na,543,27.0,0.0,na
Eco Counter GmbH,Stadt Tübingen,667,Unterführung Steinlach/Karlstraße Südseite - Steinlachallee,100003359,Y2H17123962,9.058865,48.515434,(UTC+01:00) Europe/Paris DST,2013-08-03T12:00:00+02:00,212,246,na,458,28.0,0.0,na
Eco Counter GmbH,Stadt Tübingen,667,Unterführung Steinlach/Karlstraße Südseite - Steinlachallee,100003359,Y2H17123962,9.058865,48.515434,(UTC+01:00) Europe/Paris DST,2013-08-03T13:00:00+02:00,175,214,na,389,29.0,0.0,na
Eco Counter GmbH,Stadt Tübingen,667,Unterführung Steinlach/Karlstraße Südseite - Steinlachallee,100003359,Y2H17123962,9.058865,48.515434,(UTC+01:00) Europe/Paris DST,2013-08-03T14:00:00+02:00,163,195,na,358,29.0,0.0,na
Eco Counter GmbH,Stadt Tübingen,667,Unterführung Steinlach/Karlstraße Südseite - Steinlachallee,100003359,Y2H17123962,9.058865,48.515434,(UTC+01:00) Europe/Paris DST,2013-08-03T15:00:00+02:00,183,184,na,367,29.0,0.0,na
Eco Counter GmbH,Stadt Tübingen,667,Unterführung Steinlach/Karlstraße Südseite - Steinlachallee,100003359,Y2H17123962,9.058865,48.515434,(UTC+01:00) Europe/Paris DST,2013-08-03T16:00:00+02:00,160,152,na,312,27.0,0.0,na
Eco Counter GmbH,Stadt Tübingen,667,Unterführung Steinlach/Karlstraße Südseite - Steinlachallee,100003359,Y2H17123962,9.058865,48.515434,(UTC+01:00) Europe/Paris DST,2013-08-03T17:00:00+02:00,179,175,na,354,26.0,0.0,na
Eco Counter GmbH,Stadt Tübingen,667,Unterführung Steinlach/Karlstraße Südseite - Steinlachallee,100003359,Y2H17123962,9.058865,48.515434,(UTC+01:00) Europe/Paris DST,2013-08-03T18:00:00+02:00,158,173,na,331,25.0,0.0,na
Eco Counter GmbH,Stadt Tübingen,667,Unterführung Steinlach/Karlstraße Südseite - Steinlachallee,100003359,Y2H17123962,9.058865,48.515434,(UTC+01:00) Europe/Paris DST,2013-08-03T19:00:00+02:00,147,143,na,290,24.0,0.0,na
Eco Counter GmbH,Stadt Tübingen,667,Unterführung Steinlach/Karlstraße Südseite - Steinlachallee,100003359,Y2H17123962,9.058865,48.515434,(UTC+01:00) Europe/Paris DST,2013-08-03T20:00:00+02:00,163,109,na,272,22.0,0.0,na
Eco Counter GmbH,Stadt Tübingen,667,Unterführung Steinlach/Karlstraße Südseite - Steinlachallee,100003359,Y2H17123962,9.058865,48.515434,(UTC+01:00) Europe/Paris DST,2013-08-03T21:00:00+02:00,96,100,na,196,21.0,0.0,na
Eco Counter GmbH,Stadt Tübingen,667,Unterführung Steinlach/Karlstraße Südseite - Steinlachallee,100003359,Y2H17123962,9.058865,48.515434,(UTC+01:00) Europe/Paris DST,2013-08-03T22:00:00+02:00,67,67,na,134,20.0,0.6,na
Eco Counter GmbH,Stadt Tübingen,667,Unterführung Steinlach/Karlstraße Südseite - Steinlachallee,100003359,Y2H17123962,9.058865,48.515434,(UTC+01:00) Europe/Paris DST,2013-08-03T23:00:00+02:00,72,58,na,130,19.0,1.1,na
Eco Counter GmbH,Stadt Tübingen,667,Unterführung Steinlach/Karlstraße Südseite - Steinlachallee,100003359,Y2H17123962,9.058865,48.515434,(UTC+01:00) Europe/Paris DST,2013-08-04T00:00:00+02:00,26,81,na,107,18.0,0.8,na
Eco Counter GmbH,Stadt Tübingen,667,Unterführung Steinlach/Karlstraße Südseite - Steinlachallee,100003359,Y2H17123962,9.058865,48.515434,(UTC+01:00) Europe/Paris DST,2013-08-04T01:00:00+02:00,29,33,na,62,18.0,0.5,na
Eco Counter GmbH,Stadt Tübingen,667,Unterführung Steinlach/Karlstraße Südseite - Steinlachallee,100003359,Y2H17123962,9.058865,48.515434,(UTC+01:00) Europe/Paris DST,2013-08-04T02:00:00+02:00,12,21,na,33,17.0,0.4,na
Eco Counter GmbH,Stadt Tübingen,667,Unterführung Steinlach/Karlstraße Südseite - Steinlachallee,100003359,Y2H17123962,9.058865,48.515434,(UTC+01:00) Europe/Paris DST,2013-08-04T03:00:00+02:00,2,13,na,15,17.0,0.3,na
Eco Counter GmbH,Stadt Tübingen,667,Unterführung Steinlach/Karlstraße Südseite - Steinlachallee,100003359,Y2H17123962,9.058865,48.515434,(UTC+01:00) Europe/Paris DST,2013-08-04T04:00:00+02:00,4,8,na,12,17.0,0.3,na
Eco Counter GmbH,Stadt Tübingen,667,Unterführung Steinlach/Karlstraße Südseite - Steinlachallee,100003359,Y2H17123962,9.058865,48.515434,(UTC+01:00) Europe/Paris DST,2013-08-04T05:00:00+02:00,9,7,na,16,18.0,0.0,na
Eco Counter GmbH,Stadt Tübingen,667,Unterführung Steinlach/Karlstraße Südseite - Steinlachallee,100003359,Y2H17123962,9.058865,48.515434,(UTC+01:00) Europe/Paris DST,2013-08-04T06:00:00+02:00,16,14,na,30,19.0,0.2,na
Eco Counter GmbH,Stadt Tübingen,667,Unterführung Steinlach/Karlstraße Südseite - Steinlachallee,100003359,Y2H17123962,9.058865,48.515434,(UTC+01:00) Europe/Paris DST,2013-08-04T07:00:00+02:00,21,9,na,30,20.0,0.5,na
Eco Counter GmbH,Stadt Tübingen,667,Unterführung Steinlach/Karlstraße Südseite - Steinlachallee,100003359,Y2H17123962,9.058865,48.515434,(UTC+01:00) Europe/Paris DST,2013-08-04T08:00:00+02:00,71,31,na,102,22.0,0.0,na
Eco Counter GmbH,Stadt Tübingen,667,Unterführung Steinlach/Karlstraße Südseite - Steinlachallee,100003359,Y2H17123962,9.058865,48.515434,(UTC+01:00) Europe/Paris DST,2013-08-04T09:00:00+02:00,137,91,na,228,23.0,0.0,na
Eco Counter GmbH,Stadt Tübingen,667,Unterführung Steinlach/Karlstraße Südseite - Steinlachallee,100003359,Y2H17123962,9.058865,48.515434,(UTC+01:00) Europe/Paris DST,2013-08-04T10:00:00+02:00,136,91,na,227,24.0,0.3,na
Eco Counter GmbH,Stadt Tübingen,667,Unterführung Steinlach/Karlstraße Südseite - Steinlachallee,100003359,Y2H17123962,9.058865,48.515434,(UTC+01:00) Europe/Paris DST,2013-08-04T11:00:00+02:00,174,109,na,283,25.0,0.1,na
Eco Counter GmbH,Stadt Tübingen,667,Unterführung Steinlach/Karlstraße Südseite - Steinlachallee,100003359,Y2H17123962,9.058865,48.515434,(UTC+01:00) Europe/Paris DST,2013-08-04T12:00:00+02:00,83,121,na,204,26.0,0.0,na
Eco Counter GmbH,Stadt Tübingen,667,Unterführung Steinlach/Karlstraße Südseite - Steinlachallee,100003359,Y2H17123962,9.058865,48.515434,(UTC+01:00) Europe/Paris DST,2013-08-04T13:00:00+02:00,43,78,na,121,26.0,0.0,na
Eco Counter GmbH,Stadt Tübingen,667,Unterführung Steinlach/Karlstraße Südseite - Steinlachallee,100003359,Y2H17123962,9.058865,48.515434,(UTC+01:00) Europe/Paris DST,2013-08-04T14:00:00+02:00,120,79,na,199,27.0,0.0,na
Eco Counter GmbH,Stadt Tübingen,667,Unterführung Steinlach/Karlstraße Südseite - Steinlachallee,100003359,Y2H17123962,9.058865,48.515434,(UTC+01:00) Europe/Paris DST,2013-08-04T15:00:00+02:00,185,104,na,289,26.0,0.0,na
Eco Counter GmbH,Stadt Tübingen,667,Unterführung Steinlach/Karlstraße Südseite - Steinlachallee,100003359,Y2H17123962,9.058865,48.515434,(UTC+01:00) Europe/Paris DST,2013-08-04T16:00:00+02:00,154,148,na,302,25.0,0.0,na
Eco Counter GmbH,Stadt Tübingen,667,Unterführung Steinlach/Karlstraße Südseite - Steinlachallee,100003359,Y2H17123962,9.058865,48.515434,(UTC+01:00) Europe/Paris DST,2013-08-04T17:00:00+02:00,194,167,na,361,24.0,0.0,na
Eco Counter GmbH,Stadt Tübingen,667,Unterführung Steinlach/Karlstraße Südseite - Steinlachallee,100003359,Y2H17123962,9.058865,48.515434,(UTC+01:00) Europe/Paris DST,2013-08-04T18:00:00+02:00,137,178,na,315,23.0,0.0,na
Eco Counter GmbH,Stadt Tübingen,667,Unterführung Steinlach/Karlstraße Südseite - Steinlachallee,100003359,Y2H17123962,9.058865,48.515434,(UTC+01:00) Europe/Paris DST,2013-08-04T19:00:00+02:00,122,157,na,279,22.0,0.0,na
Eco Counter GmbH,Stadt Tübingen,667,Unterführung Steinlach/Karlstraße Südseite - Steinlachallee,100003359,Y2H17123962,9.058865,48.515434,(UTC+01:00) Europe/Paris DST,2013-08-04T20:00:00+02:00,105,141,na,246,20.0,0.0,na
Eco Counter GmbH,Stadt Tübingen,667,Unterführung Steinlach/Karlstraße Südseite - Steinlachallee,100003359,Y2H17123962,9.058865,48.515434,(UTC+01:00) Europe/Paris DST,2013-08-04T21:00:00+02:00,56,109,na,165,19.0,0.0,na
Eco Counter GmbH,Stadt Tübingen,667,Unterführung Steinlach/Karlstraße Südseite - Steinlachallee,100003359,Y2H17123962,9.058865,48.515434,(UTC+01:00) Europe/Paris DST,2013-08-04T22:00:00+02:00,37,80,na,117,18.0,0.0,na
Eco Counter GmbH,Stadt Tübingen,667,Unterführung Steinlach/Karlstraße Südseite - Steinlachallee,100003359,Y2H17123962,9.058865,48.515434,(UTC+01:00) Europe/Paris DST,2013-08-04T23:00:00+02:00,17,44,na,61,18.0,0.0,na
Eco Counter GmbH,Stadt Tübingen,667,Unterführung Steinlach/Karlstraße Südseite - Steinlachallee,100003359,Y2H17123962,9.058865,48.515434,(UTC+01:00) Europe/Paris DST,2013-08-05T00:00:00+02:00,10,21,na,31,17.0,0.0,na
Eco Counter GmbH,Stadt Tübingen,667,Unterführung Steinlach/Karlstraße Südseite - Steinlachallee,100003359,Y2H17123962,9.058865,48.515434,(UTC+01:00) Europe/Paris DST,2013-08-05T01:00:00+02:00,4,8,na,12,17.0,0.0,na
Eco Counter GmbH,Stadt Tübingen,667,Unterführung Steinlach/Karlstraße Südseite - Steinlachallee,100003359,Y2H17123962,9.058865,48.515434,(UTC+01:00) Europe/Paris DST,2013-08-05T02:00:00+02:00,3,0,na,3,16.0,0.0,na
Eco Counter GmbH,Stadt Tübingen,667,Unterführung Steinlach/Karlstraße Südseite - Steinlachallee,100003359,Y2H17123962,9.058865,48.515434,(UTC+01:00) Europe/Paris DST,2013-08-05T03:00:00+02:00,2,1,na,3,16.0,0.0,na
Eco Counter GmbH,Stadt Tübingen,667,Unterführung Steinlach/Karlstraße Südseite - Steinlachallee,100003359,Y2H17123962,9.058865,48.515434,(UTC+01:00) Europe/Paris DST,2013-08-05T04:00:00+02:00,4,1,na,5,17.0,0.0,na
Eco Counter GmbH,Stadt Tübingen,667,Unterführung Steinlach/Karlstraße Südseite - Steinlachallee,100003359,Y2H17123962,9.058865,48.515434,(UTC+01:00) Europe/Paris DST,2013-08-05T05:00:00+02:00,20,8,na,28,18.0,0.0,na
Eco Counter GmbH,Stadt Tübingen,667,Unterführung Steinlach/Karlstraße Südseite - Steinlachallee,100003359,Y2H17123962,9.058865,48.515434,(UTC+01:00) Europe/Paris DST,2013-08-05T06:00:00+02:00,69,34,na,103,19.0,0.0,na
Eco Counter GmbH,Stadt Tübingen,667,Unterführung Steinlach/Karlstraße Südseite - Steinlachallee,100003359,Y2H17123962,9.058865,48.515434,(UTC+01:00) Europe/Paris DST,2013-08-05T07:00:00+02:00,169,90,na,259,21.0,0.0,na
Eco Counter GmbH,Stadt Tübingen,667,Unterführung Steinlach/Karlstraße Südseite - Steinlachallee,100003359,Y2H17123962,9.058865,48.515434,(UTC+01:00) Europe/Paris DST,2013-08-05T08:00:00+02:00,290,119,na,409,22.0,0.0,na
Eco Counter GmbH,Stadt Tübingen,667,Unterführung Steinlach/Karlstraße Südseite - Steinlachallee,100003359,Y2H17123962,9.058865,48.515434,(UTC+01:00) Europe/Paris DST,2013-08-05T09:00:00+02:00,270,118,na,388,24.0,0.0,na
Eco Counter GmbH,Stadt Tübingen,667,Unterführung Steinlach/Karlstraße Südseite - Steinlachallee,100003359,Y2H17123962,9.058865,48.515434,(UTC+01:00) Europe/Paris DST,2013-08-05T10:00:00+02:00,267,172,na,439,26.0,0.0,na
Eco Counter GmbH,Stadt Tübingen,667,Unterführung Steinlach/Karlstraße Südseite - Steinlachallee,100003359,Y2H17123962,9.058865,48.515434,(UTC+01:00) Europe/Paris DST,2013-08-05T11:00:00+02:00,248,191,na,439,28.0,0.0,na
Eco Counter GmbH,Stadt Tübingen,667,Unterführung Steinlach/Karlstraße Südseite - Steinlachallee,100003359,Y2H17123962,9.058865,48.515434,(UTC+01:00) Europe/Paris DST,2013-08-05T12:00:00+02:00,251,231,na,482,29.0,0.0,na
Eco Counter GmbH,Stadt Tübingen,667,Unterführung Steinlach/Karlstraße Südseite - Steinlachallee,100003359,Y2H17123962,9.058865,48.515434,(UTC+01:00) Europe/Paris DST,2013-08-05T13:00:00+02:00,195,232,na,427,30.0,0.0,na
Eco Counter GmbH,Stadt Tübingen,667,Unterführung Steinlach/Karlstraße Südseite - Steinlachallee,100003359,Y2H17123962,9.058865,48.515434,(UTC+01:00) Europe/Paris DST,2013-08-05T14:00:00+02:00,228,205,na,433,31.0,0.0,na
Eco Counter GmbH,Stadt Tübingen,667,Unterführung Steinlach/Karlstraße Südseite - Steinlachallee,100003359,Y2H17123962,9.058865,48.515434,(UTC+01:00) Europe/Paris DST,2013-08-05T15:00:00+02:00,219,188,na,407,30.0,0.0,na
Eco Counter GmbH,Stadt Tübingen,667,Unterführung Steinlach/Karlstraße Südseite - Steinlachallee,100003359,Y2H17123962,9.058865,48.515434,(UTC+01:00) Europe/Paris DST,2013-08-05T16:00:00+02:00,247,246,na,493,29.0,0.0,na
Eco Counter GmbH,Stadt Tübingen,667,Unterführung Steinlach/Karlstraße Südseite - Steinlachallee,100003359,Y2H17123962,9.058865,48.515434,(UTC+01:00) Europe/Paris DST,2013-08-05T17:00:00+02:00,267,317,na,584,29.0,0.0,na
Eco Counter GmbH,Stadt Tübingen,667,Unterführung Steinlach/Karlstraße Südseite - Steinlachallee,100003359,Y2H17123962,9.058865,48.515434,(UTC+01:00) Europe/Paris DST,2013-08-05T18:00:00+02:00,233,336,na,569,27.0,0.0,na
Eco Counter GmbH,Stadt Tübingen,667,Unterführung Steinlach/Karlstraße Südseite - Steinlachallee,100003359,Y2H17123962,9.058865,48.515434,(UTC+01:00) Europe/Paris DST,2013-08-05T19:00:00+02:00,183,251,na,434,25.0,0.0,na
Eco Counter GmbH,Stadt Tübingen,667,Unterführung Steinlach/Karlstraße Südseite - Steinlachallee,100003359,Y2H17123962,9.058865,48.515434,(UTC+01:00) Europe/Paris DST,2013-08-05T20:00:00+02:00,152,158,na,310,23.0,0.0,na
Eco Counter GmbH,Stadt Tübingen,667,Unterführung Steinlach/Karlstraße Südseite - Steinlachallee,100003359,Y2H17123962,9.058865,48.515434,(UTC+01:00) Europe/Paris DST,2013-08-05T21:00:00+02:00,101,101,na,202,22.0,0.0,na
Eco Counter GmbH,Stadt Tübingen,667,Unterführung Steinlach/Karlstraße Südseite - Steinlachallee,100003359,Y2H17123962,9.058865,48.515434,(UTC+01:00) Europe/Paris DST,2013-08-05T22:00:00+02:00,58,88,na,146,21.0,0.0,na
Eco Counter GmbH,Stadt Tübingen,667,Unterführung Steinlach/Karlstraße Südseite - Steinlachallee,100003359,Y2H17123962,9.058865,48.515434,(UTC+01:00) Europe/Paris DST,2013-08-05T23:00:00+02:00,26,77,na,103,20.0,0.0,na
Eco Counter GmbH,Stadt Tübingen,667,Unterführung Steinlach/Karlstraße Südseite - Steinlachallee,100003359,Y2H17123962,9.058865,48.515434,(UTC+01:00) Europe/Paris DST,2013-08-06T00:00:00+02:00,9,28,na,37,20.0,0.0,na
Eco Counter GmbH,Stadt Tübingen,667,Unterführung Steinlach/Karlstraße Südseite - Steinlachallee,100003359,Y2H17123962,9.058865,48.515434,(UTC+01:00) Europe/Paris DST,2013-08-06T01:00:00+02:00,7,22,na,29,20.0,0.0,na
Eco Counter GmbH,Stadt Tübingen,667,Unterführung Steinlach/Karlstraße Südseite - Steinlachallee,100003359,Y2H17123962,9.058865,48.515434,(UTC+01:00) Europe/Paris DST,2013-08-06T02:00:00+02:00,10,7,na,17,20.0,0.0,na
Eco Counter GmbH,Stadt Tübingen,667,Unterführung Steinlach/Karlstraße Südseite - Steinlachallee,100003359,Y2H17123962,9.058865,48.515434,(UTC+01:00) Europe/Paris DST,2013-08-06T03:00:00+02:00,3,6,na,9,19.0,0.0,na
Eco Counter GmbH,Stadt Tübingen,667,Unterführung Steinlach/Karlstraße Südseite - Steinlachallee,100003359,Y2H17123962,9.058865,48.515434,(UTC+01:00) Europe/Paris DST,2013-08-06T04:00:00+02:00,1,6,na,7,20.0,0.0,na
Eco Counter GmbH,Stadt Tübingen,667,Unterführung Steinlach/Karlstraße Südseite - Steinlachallee,100003359,Y2H17123962,9.058865,48.515434,(UTC+01:00) Europe/Paris DST,2013-08-06T05:00:00+02:00,23,8,na,31,20.0,0.0,na
Eco Counter GmbH,Stadt Tübingen,667,Unterführung Steinlach/Karlstraße Südseite - Steinlachallee,100003359,Y2H17123962,9.058865,48.515434,(UTC+01:00) Europe/Paris DST,2013-08-06T06:00:00+02:00,72,37,na,109,22.0,0.0,na
Eco Counter GmbH,Stadt Tübingen,667,Unterführung Steinlach/Karlstraße Südseite - Steinlachallee,100003359,Y2H17123962,9.058865,48.515434,(UTC+01:00) Europe/Paris DST,2013-08-06T07:00:00+02:00,184,107,na,291,23.0,0.0,na
Eco Counter GmbH,Stadt Tübingen,667,Unterführung Steinlach/Karlstraße Südseite - Steinlachallee,100003359,Y2H17123962,9.058865,48.515434,(UTC+01:00) Europe/Paris DST,2013-08-06T08:00:00+02:00,311,134,na,445,25.0,0.0,na
Eco Counter GmbH,Stadt Tübingen,667,Unterführung Steinlach/Karlstraße Südseite - Steinlachallee,100003359,Y2H17123962,9.058865,48.515434,(UTC+01:00) Europe/Paris DST,2013-08-06T09:00:00+02:00,284,127,na,411,27.0,0.0,na
Eco Counter GmbH,Stadt Tübingen,667,Unterführung Steinlach/Karlstraße Südseite - Steinlachallee,100003359,Y2H17123962,9.058865,48.515434,(UTC+01:00) Europe/Paris DST,2013-08-06T10:00:00+02:00,230,123,na,353,28.0,0.0,na
Eco Counter GmbH,Stadt Tübingen,667,Unterführung Steinlach/Karlstraße Südseite - Steinlachallee,100003359,Y2H17123962,9.058865,48.515434,(UTC+01:00) Europe/Paris DST,2013-08-06T11:00:00+02:00,216,183,na,399,29.0,0.0,na
Eco Counter GmbH,Stadt Tübingen,667,Unterführung Steinlach/Karlstraße Südseite - Steinlachallee,100003359,Y2H17123962,9.058865,48.515434,(UTC+01:00) Europe/Paris DST,2013-08-06T12:00:00+02:00,219,237,na,456,28.0,0.2,na
Eco Counter GmbH,Stadt Tübingen,667,Unterführung Steinlach/Karlstraße Südseite - Steinlachallee,100003359,Y2H17123962,9.058865,48.515434,(UTC+01:00) Europe/Paris DST,2013-08-06T13:00:00+02:00,213,232,na,445,28.0,0.8,na
Eco Counter GmbH,Stadt Tübingen,667,Unterführung Steinlach/Karlstraße Südseite - Steinlachallee,100003359,Y2H17123962,9.058865,48.515434,(UTC+01:00) Europe/Paris DST,2013-08-06T14:00:00+02:00,208,261,na,469,27.0,0.0,na
Eco Counter GmbH,Stadt Tübingen,667,Unterführung Steinlach/Karlstraße Südseite - Steinlachallee,100003359,Y2H17123962,9.058865,48.515434,(UTC+01:00) Europe/Paris DST,2013-08-06T15:00:00+02:00,96,170,na,266,27.0,0.0,na
Eco Counter GmbH,Stadt Tübingen,667,Unterführung Steinlach/Karlstraße Südseite - Steinlachallee,100003359,Y2H17123962,9.058865,48.515434,(UTC+01:00) Europe/Paris DST,2013-08-06T16:00:00+02:00,113,157,na,270,27.0,0.0,na
Eco Counter GmbH,Stadt Tübingen,667,Unterführung Steinlach/Karlstraße Südseite - Steinlachallee,100003359,Y2H17123962,9.058865,48.515434,(UTC+01:00) Europe/Paris DST,2013-08-06T17:00:00+02:00,180,213,na,393,26.0,0.0,na
Eco Counter GmbH,Stadt Tübingen,667,Unterführung Steinlach/Karlstraße Südseite - Steinlachallee,100003359,Y2H17123962,9.058865,48.515434,(UTC+01:00) Europe/Paris DST,2013-08-06T18:00:00+02:00,209,231,na,440,24.0,0.0,na
Eco Counter GmbH,Stadt Tübingen,667,Unterführung Steinlach/Karlstraße Südseite - Steinlachallee,100003359,Y2H17123962,9.058865,48.515434,(UTC+01:00) Europe/Paris DST,2013-08-06T19:00:00+02:00,160,182,na,342,22.0,0.0,na
Eco Counter GmbH,Stadt Tübingen,667,Unterführung Steinlach/Karlstraße Südseite - Steinlachallee,100003359,Y2H17123962,9.058865,48.515434,(UTC+01:00) Europe/Paris DST,2013-08-06T20:00:00+02:00,107,128,na,235,20.0,0.0,na
Eco Counter GmbH,Stadt Tübingen,667,Unterführung Steinlach/Karlstraße Südseite - Steinlachallee,100003359,Y2H17123962,9.058865,48.515434,(UTC+01:00) Europe/Paris DST,2013-08-06T21:00:00+02:00,42,89,na,131,19.0,0.0,na
Eco Counter GmbH,Stadt Tübingen,667,Unterführung Steinlach/Karlstraße Südseite - Steinlachallee,100003359,Y2H17123962,9.058865,48.515434,(UTC+01:00) Europe/Paris DST,2013-08-06T22:00:00+02:00,46,70,na,116,18.0,0.0,na
Eco Counter GmbH,Stadt Tübingen,667,Unterführung Steinlach/Karlstraße Südseite - Steinlachallee,100003359,Y2H17123962,9.058865,48.515434,(UTC+01:00) Europe/Paris DST,2013-08-06T23:00:00+02:00,21,50,na,71,18.0,0.0,na
Eco Counter GmbH,Stadt Tübingen,667,Unterführung Steinlach/Karlstraße Südseite - Steinlachallee,100003359,Y2H17123962,9.058865,48.515434,(UTC+01:00) Europe/Paris DST,2013-08-07T00:00:00+02:00,13,25,na,38,17.0,0.0,na
Eco Counter GmbH,Stadt Tübingen,667,Unterführung Steinlach/Karlstraße Südseite - Steinlachallee,100003359,Y2H17123962,9.058865,48.515434,(UTC+01:00) Europe/Paris DST,2013-08-07T01:00:00+02:00,6,8,na,14,17.0,0.0,na
Eco Counter GmbH,Stadt Tübingen,667,Unterführung Steinlach/Karlstraße Südseite - Steinlachallee,100003359,Y2H17123962,9.058865,48.515434,(UTC+01:00) Europe/Paris DST,2013-08-07T02:00:00+02:00,5,6,na,11,17.0,0.0,na
Eco Counter GmbH,Stadt Tübingen,667,Unterführung Steinlach/Karlstraße Südseite - Steinlachallee,100003359,Y2H17123962,9.058865,48.515434,(UTC+01:00) Europe/Paris DST,2013-08-07T03:00:00+02:00,1,3,na,4,17.0,0.0,na
Eco Counter GmbH,Stadt Tübingen,667,Unterführung Steinlach/Karlstraße Südseite - Steinlachallee,100003359,Y2H17123962,9.058865,48.515434,(UTC+01:00) Europe/Paris DST,2013-08-07T04:00:00+02:00,1,1,na,2,16.0,0.0,na
Eco Counter GmbH,Stadt Tübingen,667,Unterführung Steinlach/Karlstraße Südseite - Steinlachallee,100003359,Y2H17123962,9.058865,48.515434,(UTC+01:00) Europe/Paris DST,2013-08-07T05:00:00+02:00,9,7,na,16,17.0,0.0,na
Eco Counter GmbH,Stadt Tübingen,667,Unterführung Steinlach/Karlstraße Südseite - Steinlachallee,100003359,Y2H17123962,9.058865,48.515434,(UTC+01:00) Europe/Paris DST,2013-08-07T06:00:00+02:00,40,26,na,66,18.0,0.0,na
Eco Counter GmbH,Stadt Tübingen,667,Unterführung Steinlach/Karlstraße Südseite - Steinlachallee,100003359,Y2H17123962,9.058865,48.515434,(UTC+01:00) Europe/Paris DST,2013-08-07T07:00:00+02:00,91,46,na,137,19.0,0.0,na
Eco Counter GmbH,Stadt Tübingen,667,Unterführung Steinlach/Karlstraße Südseite - Steinlachallee,100003359,Y2H17123962,9.058865,48.515434,(UTC+01:00) Europe/Paris DST,2013-08-07T08:00:00+02:00,219,107,na,326,21.0,0.1,na
Eco Counter GmbH,Stadt Tübingen,667,Unterführung Steinlach/Karlstraße Südseite - Steinlachallee,100003359,Y2H17123962,9.058865,48.515434,(UTC+01:00) Europe/Paris DST,2013-08-07T09:00:00+02:00,241,102,na,343,23.0,0.0,na
Eco Counter GmbH,Stadt Tübingen,667,Unterführung Steinlach/Karlstraße Südseite - Steinlachallee,100003359,Y2H17123962,9.058865,48.515434,(UTC+01:00) Europe/Paris DST,2013-08-07T10:00:00+02:00,207,119,na,326,25.0,0.0,na
Eco Counter GmbH,Stadt Tübingen,667,Unterführung Steinlach/Karlstraße Südseite - Steinlachallee,100003359,Y2H17123962,9.058865,48.515434,(UTC+01:00) Europe/Paris DST,2013-08-07T11:00:00+02:00,190,171,na,361,26.0,0.0,na
Eco Counter GmbH,Stadt Tübingen,667,Unterführung Steinlach/Karlstraße Südseite - Steinlachallee,100003359,Y2H17123962,9.058865,48.515434,(UTC+01:00) Europe/Paris DST,2013-08-07T12:00:00+02:00,221,226,na,447,27.0,0.0,na
Eco Counter GmbH,Stadt Tübingen,667,Unterführung Steinlach/Karlstraße Südseite - Steinlachallee,100003359,Y2H17123962,9.058865,48.515434,(UTC+01:00) Europe/Paris DST,2013-08-07T13:00:00+02:00,173,155,na,328,27.0,0.0,na
Eco Counter GmbH,Stadt Tübingen,667,Unterführung Steinlach/Karlstraße Südseite - Steinlachallee,100003359,Y2H17123962,9.058865,48.515434,(UTC+01:00) Europe/Paris DST,2013-08-07T14:00:00+02:00,151,184,na,335,25.0,1.1,na
Eco Counter GmbH,Stadt Tübingen,667,Unterführung Steinlach/Karlstraße Südseite - Steinlachallee,100003359,Y2H17123962,9.058865,48.515434,(UTC+01:00) Europe/Paris DST,2013-08-07T15:00:00+02:00,196,164,na,360,24.0,0.5,na
Eco Counter GmbH,Stadt Tübingen,667,Unterführung Steinlach/Karlstraße Südseite - Steinlachallee,100003359,Y2H17123962,9.058865,48.515434,(UTC+01:00) Europe/Paris DST,2013-08-07T16:00:00+02:00,175,195,na,370,23.0,0.0,na
Eco Counter GmbH,Stadt Tübingen,667,Unterführung Steinlach/Karlstraße Südseite - Steinlachallee,100003359,Y2H17123962,9.058865,48.515434,(UTC+01:00) Europe/Paris DST,2013-08-07T17:00:00+02:00,223,252,na,475,22.0,0.0,na
Eco Counter GmbH,Stadt Tübingen,667,Unterführung Steinlach/Karlstraße Südseite - Steinlachallee,100003359,Y2H17123962,9.058865,48.515434,(UTC+01:00) Europe/Paris DST,2013-08-07T18:00:00+02:00,182,237,na,419,21.0,0.0,na
Eco Counter GmbH,Stadt Tübingen,667,Unterführung Steinlach/Karlstraße Südseite - Steinlachallee,100003359,Y2H17123962,9.058865,48.515434,(UTC+01:00) Europe/Paris DST,2013-08-07T19:00:00+02:00,140,149,na,289,20.0,0.0,na
Eco Counter GmbH,Stadt Tübingen,667,Unterführung Steinlach/Karlstraße Südseite - Steinlachallee,100003359,Y2H17123962,9.058865,48.515434,(UTC+01:00) Europe/Paris DST,2013-08-07T20:00:00+02:00,116,99,na,215,19.0,0.2,na
Eco Counter GmbH,Stadt Tübingen,667,Unterführung Steinlach/Karlstraße Südseite - Steinlachallee,100003359,Y2H17123962,9.058865,48.515434,(UTC+01:00) Europe/Paris DST,2013-08-07T21:00:00+02:00,54,79,na,133,18.0,1.1,na
Eco Counter GmbH,Stadt Tübingen,667,Unterführung Steinlach/Karlstraße Südseite - Steinlachallee,100003359,Y2H17123962,9.058865,48.515434,(UTC+01:00) Europe/Paris DST,2013-08-07T22:00:00+02:00,25,84,na,109,17.0,1.8,na
Eco Counter GmbH,Stadt Tübingen,667,Unterführung Steinlach/Karlstraße Südseite - Steinlachallee,100003359,Y2H17123962,9.058865,48.515434,(UTC+01:00) Europe/Paris DST,2013-08-07T23:00:00+02:00,13,47,na,60,17.0,0.6,na
Eco Counter GmbH,Stadt Tübingen,667,Unterführung Steinlach/Karlstraße Südseite - Steinlachallee,100003359,Y2H17123962,9.058865,48.515434,(UTC+01:00) Europe/Paris DST,2013-08-08T00:00:00+02:00,14,26,na,40,16.0,0.3,na
Eco Counter GmbH,Stadt Tübingen,667,Unterführung Steinlach/Karlstraße Südseite - Steinlachallee,100003359,Y2H17123962,9.058865,48.515434,(UTC+01:00) Europe/Paris DST,2013-08-08T01:00:00+02:00,2,26,na,28,16.0,0.6,na
Eco Counter GmbH,Stadt Tübingen,667,Unterführung Steinlach/Karlstraße Südseite - Steinlachallee,100003359,Y2H17123962,9.058865,48.515434,(UTC+01:00) Europe/Paris DST,2013-08-08T02:00:00+02:00,5,11,na,16,16.0,0.6,na
Eco Counter GmbH,Stadt Tübingen,667,Unterführung Steinlach/Karlstraße Südseite - Steinlachallee,100003359,Y2H17123962,9.058865,48.515434,(UTC+01:00) Europe/Paris DST,2013-08-08T03:00:00+02:00,1,4,na,5,15.0,0.2,na
Eco Counter GmbH,Stadt Tübingen,667,Unterführung Steinlach/Karlstraße Südseite - Steinlachallee,100003359,Y2H17123962,9.058865,48.515434,(UTC+01:00) Europe/Paris DST,2013-08-08T04:00:00+02:00,0,7,na,7,15.0,0.2,na
Eco Counter GmbH,Stadt Tübingen,667,Unterführung Steinlach/Karlstraße Südseite - Steinlachallee,100003359,Y2H17123962,9.058865,48.515434,(UTC+01:00) Europe/Paris DST,2013-08-08T05:00:00+02:00,17,9,na,26,15.0,0.3,na
Eco Counter GmbH,Stadt Tübingen,667,Unterführung Steinlach/Karlstraße Südseite - Steinlachallee,100003359,Y2H17123962,9.058865,48.515434,(UTC+01:00) Europe/Paris DST,2013-08-08T06:00:00+02:00,49,31,na,80,16.0,0.3,na
Eco Counter GmbH,Stadt Tübingen,667,Unterführung Steinlach/Karlstraße Südseite - Steinlachallee,100003359,Y2H17123962,9.058865,48.515434,(UTC+01:00) Europe/Paris DST,2013-08-08T07:00:00+02:00,132,70,na,202,17.0,0.1,na
Eco Counter GmbH,Stadt Tübingen,667,Unterführung Steinlach/Karlstraße Südseite - Steinlachallee,100003359,Y2H17123962,9.058865,48.515434,(UTC+01:00) Europe/Paris DST,2013-08-08T08:00:00+02:00,249,93,na,342,18.0,0.0,na
Eco Counter GmbH,Stadt Tübingen,667,Unterführung Steinlach/Karlstraße Südseite - Steinlachallee,100003359,Y2H17123962,9.058865,48.515434,(UTC+01:00) Europe/Paris DST,2013-08-08T09:00:00+02:00,224,108,na,332,19.0,0.0,na
Eco Counter GmbH,Stadt Tübingen,667,Unterführung Steinlach/Karlstraße Südseite - Steinlachallee,100003359,Y2H17123962,9.058865,48.515434,(UTC+01:00) Europe/Paris DST,2013-08-08T10:00:00+02:00,223,107,na,330,20.0,0.2,na
Eco Counter GmbH,Stadt Tübingen,667,Unterführung Steinlach/Karlstraße Südseite - Steinlachallee,100003359,Y2H17123962,9.058865,48.515434,(UTC+01:00) Europe/Paris DST,2013-08-08T11:00:00+02:00,165,152,na,317,21.0,0.2,na
Eco Counter GmbH,Stadt Tübingen,667,Unterführung Steinlach/Karlstraße Südseite - Steinlachallee,100003359,Y2H17123962,9.058865,48.515434,(UTC+01:00) Europe/Paris DST,2013-08-08T12:00:00+02:00,207,201,na,408,21.0,0.4,na
Eco Counter GmbH,Stadt Tübingen,667,Unterführung Steinlach/Karlstraße Südseite - Steinlachallee,100003359,Y2H17123962,9.058865,48.515434,(UTC+01:00) Europe/Paris DST,2013-08-08T13:00:00+02:00,164,218,na,382,21.0,0.5,na
Eco Counter GmbH,Stadt Tübingen,667,Unterführung Steinlach/Karlstraße Südseite - Steinlachallee,100003359,Y2H17123962,9.058865,48.515434,(UTC+01:00) Europe/Paris DST,2013-08-08T14:00:00+02:00,157,167,na,324,21.0,0.8,na
Eco Counter GmbH,Stadt Tübingen,667,Unterführung Steinlach/Karlstraße Südseite - Steinlachallee,100003359,Y2H17123962,9.058865,48.515434,(UTC+01:00) Europe/Paris DST,2013-08-08T15:00:00+02:00,121,141,na,262,21.0,0.5,na
Eco Counter GmbH,Stadt Tübingen,667,Unterführung Steinlach/Karlstraße Südseite - Steinlachallee,100003359,Y2H17123962,9.058865,48.515434,(UTC+01:00) Europe/Paris DST,2013-08-08T16:00:00+02:00,168,214,na,382,21.0,0.6,na
Eco Counter GmbH,Stadt Tübingen,667,Unterführung Steinlach/Karlstraße Südseite - Steinlachallee,100003359,Y2H17123962,9.058865,48.515434,(UTC+01:00) Europe/Paris DST,2013-08-08T17:00:00+02:00,192,236,na,428,20.0,0.6,na
Eco Counter GmbH,Stadt Tübingen,667,Unterführung Steinlach/Karlstraße Südseite - Steinlachallee,100003359,Y2H17123962,9.058865,48.515434,(UTC+01:00) Europe/Paris DST,2013-08-08T18:00:00+02:00,186,270,na,456,19.0,0.5,na
Eco Counter GmbH,Stadt Tübingen,667,Unterführung Steinlach/Karlstraße Südseite - Steinlachallee,100003359,Y2H17123962,9.058865,48.515434,(UTC+01:00) Europe/Paris DST,2013-08-08T19:00:00+02:00,155,185,na,340,18.0,0.5,na
Eco Counter GmbH,Stadt Tübingen,667,Unterführung Steinlach/Karlstraße Südseite - Steinlachallee,100003359,Y2H17123962,9.058865,48.515434,(UTC+01:00) Europe/Paris DST,2013-08-08T20:00:00+02:00,88,98,na,186,17.0,0.0,na
Eco Counter GmbH,Stadt Tübingen,667,Unterführung Steinlach/Karlstraße Südseite - Steinlachallee,100003359,Y2H17123962,9.058865,48.515434,(UTC+01:00) Europe/Paris DST,2013-08-08T21:00:00+02:00,52,68,na,120,16.0,0.0,na
Eco Counter GmbH,Stadt Tübingen,667,Unterführung Steinlach/Karlstraße Südseite - Steinlachallee,100003359,Y2H17123962,9.058865,48.515434,(UTC+01:00) Europe/Paris DST,2013-08-08T22:00:00+02:00,31,50,na,81,16.0,0.0,na
Eco Counter GmbH,Stadt Tübingen,667,Unterführung Steinlach/Karlstraße Südseite - Steinlachallee,100003359,Y2H17123962,9.058865,48.515434,(UTC+01:00) Europe/Paris DST,2013-08-08T23:00:00+02:00,27,60,na,87,16.0,0.0,na
Eco Counter GmbH,Stadt Tübingen,667,Unterführung Steinlach/Karlstraße Südseite - Steinlachallee,100003359,Y2H17123962,9.058865,48.515434,(UTC+01:00) Europe/Paris DST,2013-08-09T00:00:00+02:00,11,23,na,34,15.0,0.0,na
Eco Counter GmbH,Stadt Tübingen,667,Unterführung Steinlach/Karlstraße Südseite - Steinlachallee,100003359,Y2H17123962,9.058865,48.515434,(UTC+01:00) Europe/Paris DST,2013-08-09T01:00:00+02:00,3,17,na,20,15.0,0.2,na
Eco Counter GmbH,Stadt Tübingen,667,Unterführung Steinlach/Karlstraße Südseite - Steinlachallee,100003359,Y2H17123962,9.058865,48.515434,(UTC+01:00) Europe/Paris DST,2013-08-09T02:00:00+02:00,2,9,na,11,15.0,0.1,na
Eco Counter GmbH,Stadt Tübingen,667,Unterführung Steinlach/Karlstraße Südseite - Steinlachallee,100003359,Y2H17123962,9.058865,48.515434,(UTC+01:00) Europe/Paris DST,2013-08-09T03:00:00+02:00,3,10,na,13,15.0,0.0,na
Eco Counter GmbH,Stadt Tübingen,667,Unterführung Steinlach/Karlstraße Südseite - Steinlachallee,100003359,Y2H17123962,9.058865,48.515434,(UTC+01:00) Europe/Paris DST,2013-08-09T04:00:00+02:00,2,7,na,9,14.0,0.0,na
Eco Counter GmbH,Stadt Tübingen,667,Unterführung Steinlach/Karlstraße Südseite - Steinlachallee,100003359,Y2H17123962,9.058865,48.515434,(UTC+01:00) Europe/Paris DST,2013-08-09T05:00:00+02:00,11,3,na,14,14.0,1.4,na
Eco Counter GmbH,Stadt Tübingen,667,Unterführung Steinlach/Karlstraße Südseite - Steinlachallee,100003359,Y2H17123962,9.058865,48.515434,(UTC+01:00) Europe/Paris DST,2013-08-09T06:00:00+02:00,36,28,na,64,15.0,1.9,na
Eco Counter GmbH,Stadt Tübingen,667,Unterführung Steinlach/Karlstraße Südseite - Steinlachallee,100003359,Y2H17123962,9.058865,48.515434,(UTC+01:00) Europe/Paris DST,2013-08-09T07:00:00+02:00,114,57,na,171,14.0,0.0,na
Eco Counter GmbH,Stadt Tübingen,667,Unterführung Steinlach/Karlstraße Südseite - Steinlachallee,100003359,Y2H17123962,9.058865,48.515434,(UTC+01:00) Europe/Paris DST,2013-08-09T08:00:00+02:00,218,110,na,328,15.0,0.2,na
Eco Counter GmbH,Stadt Tübingen,667,Unterführung Steinlach/Karlstraße Südseite - Steinlachallee,100003359,Y2H17123962,9.058865,48.515434,(UTC+01:00) Europe/Paris DST,2013-08-09T09:00:00+02:00,226,103,na,329,16.0,0.3,na
Eco Counter GmbH,Stadt Tübingen,667,Unterführung Steinlach/Karlstraße Südseite - Steinlachallee,100003359,Y2H17123962,9.058865,48.515434,(UTC+01:00) Europe/Paris DST,2013-08-09T10:00:00+02:00,220,120,na,340,17.0,0.2,na
Eco Counter GmbH,Stadt Tübingen,667,Unterführung Steinlach/Karlstraße Südseite - Steinlachallee,100003359,Y2H17123962,9.058865,48.515434,(UTC+01:00) Europe/Paris DST,2013-08-09T11:00:00+02:00,212,154,na,366,18.0,0.0,na
Eco Counter GmbH,Stadt Tübingen,667,Unterführung Steinlach/Karlstraße Südseite - Steinlachallee,100003359,Y2H17123962,9.058865,48.515434,(UTC+01:00) Europe/Paris DST,2013-08-09T12:00:00+02:00,196,266,na,462,19.0,0.0,na
Eco Counter GmbH,Stadt Tübingen,667,Unterführung Steinlach/Karlstraße Südseite - Steinlachallee,100003359,Y2H17123962,9.058865,48.515434,(UTC+01:00) Europe/Paris DST,2013-08-09T13:00:00+02:00,133,198,na,331,20.0,0.0,na
Eco Counter GmbH,Stadt Tübingen,667,Unterführung Steinlach/Karlstraße Südseite - Steinlachallee,100003359,Y2H17123962,9.058865,48.515434,(UTC+01:00) Europe/Paris DST,2013-08-09T14:00:00+02:00,192,173,na,365,20.0,0.0,na
Eco Counter GmbH,Stadt Tübingen,667,Unterführung Steinlach/Karlstraße Südseite - Steinlachallee,100003359,Y2H17123962,9.058865,48.515434,(UTC+01:00) Europe/Paris DST,2013-08-09T15:00:00+02:00,196,165,na,361,20.0,0.1,na
Eco Counter GmbH,Stadt Tübingen,667,Unterführung Steinlach/Karlstraße Südseite - Steinlachallee,100003359,Y2H17123962,9.058865,48.515434,(UTC+01:00) Europe/Paris DST,2013-08-09T16:00:00+02:00,175,250,na,425,19.0,0.0,na
Eco Counter GmbH,Stadt Tübingen,667,Unterführung Steinlach/Karlstraße Südseite - Steinlachallee,100003359,Y2H17123962,9.058865,48.515434,(UTC+01:00) Europe/Paris DST,2013-08-09T17:00:00+02:00,190,236,na,426,18.0,0.0,na
Eco Counter GmbH,Stadt Tübingen,667,Unterführung Steinlach/Karlstraße Südseite - Steinlachallee,100003359,Y2H17123962,9.058865,48.515434,(UTC+01:00) Europe/Paris DST,2013-08-09T18:00:00+02:00,177,241,na,418,18.0,0.0,na
Eco Counter GmbH,Stadt Tübingen,667,Unterführung Steinlach/Karlstraße Südseite - Steinlachallee,100003359,Y2H17123962,9.058865,48.515434,(UTC+01:00) Europe/Paris DST,2013-08-09T19:00:00+02:00,129,138,na,267,17.0,0.0,na
Eco Counter GmbH,Stadt Tübingen,667,Unterführung Steinlach/Karlstraße Südseite - Steinlachallee,100003359,Y2H17123962,9.058865,48.515434,(UTC+01:00) Europe/Paris DST,2013-08-09T20:00:00+02:00,119,113,na,232,15.0,0.0,na
Eco Counter GmbH,Stadt Tübingen,667,Unterführung Steinlach/Karlstraße Südseite - Steinlachallee,100003359,Y2H17123962,9.058865,48.515434,(UTC+01:00) Europe/Paris DST,2013-08-09T21:00:00+02:00,77,72,na,149,14.0,0.0,na
Eco Counter GmbH,Stadt Tübingen,667,Unterführung Steinlach/Karlstraße Südseite - Steinlachallee,100003359,Y2H17123962,9.058865,48.515434,(UTC+01:00) Europe/Paris DST,2013-08-09T22:00:00+02:00,49,64,na,113,14.0,0.0,na
Eco Counter GmbH,Stadt Tübingen,667,Unterführung Steinlach/Karlstraße Südseite - Steinlachallee,100003359,Y2H17123962,9.058865,48.515434,(UTC+01:00) Europe/Paris DST,2013-08-09T23:00:00+02:00,30,62,na,92,13.0,0.0,na
Eco Counter GmbH,Stadt Tübingen,667,Unterführung Steinlach/Karlstraße Südseite - Steinlachallee,100003359,Y2H17123962,9.058865,48.515434,(UTC+01:00) Europe/Paris DST,2013-08-10T00:00:00+02:00,20,41,na,61,13.0,0.0,na
Eco Counter GmbH,Stadt Tübingen,667,Unterführung Steinlach/Karlstraße Südseite - Steinlachallee,100003359,Y2H17123962,9.058865,48.515434,(UTC+01:00) Europe/Paris DST,2013-08-10T01:00:00+02:00,5,24,na,29,12.0,0.0,na
Eco Counter GmbH,Stadt Tübingen,667,Unterführung Steinlach/Karlstraße Südseite - Steinlachallee,100003359,Y2H17123962,9.058865,48.515434,(UTC+01:00) Europe/Paris DST,2013-08-10T02:00:00+02:00,5,19,na,24,12.0,0.0,na
Eco Counter GmbH,Stadt Tübingen,667,Unterführung Steinlach/Karlstraße Südseite - Steinlachallee,100003359,Y2H17123962,9.058865,48.515434,(UTC+01:00) Europe/Paris DST,2013-08-10T03:00:00+02:00,2,9,na,11,12.0,0.0,na
Eco Counter GmbH,Stadt Tübingen,667,Unterführung Steinlach/Karlstraße Südseite - Steinlachallee,100003359,Y2H17123962,9.058865,48.515434,(UTC+01:00) Europe/Paris DST,2013-08-10T04:00:00+02:00,4,11,na,15,12.0,0.0,na
Eco Counter GmbH,Stadt Tübingen,667,Unterführung Steinlach/Karlstraße Südseite - Steinlachallee,100003359,Y2H17123962,9.058865,48.515434,(UTC+01:00) Europe/Paris DST,2013-08-10T05:00:00+02:00,9,8,na,17,13.0,0.0,na
Eco Counter GmbH,Stadt Tübingen,667,Unterführung Steinlach/Karlstraße Südseite - Steinlachallee,100003359,Y2H17123962,9.058865,48.515434,(UTC+01:00) Europe/Paris DST,2013-08-10T06:00:00+02:00,14,15,na,29,14.0,0.0,na
Eco Counter GmbH,Stadt Tübingen,667,Unterführung Steinlach/Karlstraße Südseite - Steinlachallee,100003359,Y2H17123962,9.058865,48.515434,(UTC+01:00) Europe/Paris DST,2013-08-10T07:00:00+02:00,26,16,na,42,16.0,0.0,na
Eco Counter GmbH,Stadt Tübingen,667,Unterführung Steinlach/Karlstraße Südseite - Steinlachallee,100003359,Y2H17123962,9.058865,48.515434,(UTC+01:00) Europe/Paris DST,2013-08-10T08:00:00+02:00,89,36,na,125,18.0,0.0,na
Eco Counter GmbH,Stadt Tübingen,667,Unterführung Steinlach/Karlstraße Südseite - Steinlachallee,100003359,Y2H17123962,9.058865,48.515434,(UTC+01:00) Europe/Paris DST,2013-08-10T09:00:00+02:00,157,93,na,250,19.0,0.0,na
Eco Counter GmbH,Stadt Tübingen,667,Unterführung Steinlach/Karlstraße Südseite - Steinlachallee,100003359,Y2H17123962,9.058865,48.515434,(UTC+01:00) Europe/Paris DST,2013-08-10T10:00:00+02:00,215,127,na,342,20.0,0.0,na
Eco Counter GmbH,Stadt Tübingen,667,Unterführung Steinlach/Karlstraße Südseite - Steinlachallee,100003359,Y2H17123962,9.058865,48.515434,(UTC+01:00) Europe/Paris DST,2013-08-10T11:00:00+02:00,324,179,na,503,21.0,0.0,na
Eco Counter GmbH,Stadt Tübingen,667,Unterführung Steinlach/Karlstraße Südseite - Steinlachallee,100003359,Y2H17123962,9.058865,48.515434,(UTC+01:00) Europe/Paris DST,2013-08-10T12:00:00+02:00,246,181,na,427,22.0,0.0,na
Eco Counter GmbH,Stadt Tübingen,667,Unterführung Steinlach/Karlstraße Südseite - Steinlachallee,100003359,Y2H17123962,9.058865,48.515434,(UTC+01:00) Europe/Paris DST,2013-08-10T13:00:00+02:00,164,215,na,379,22.0,0.0,na
Eco Counter GmbH,Stadt Tübingen,667,Unterführung Steinlach/Karlstraße Südseite - Steinlachallee,100003359,Y2H17123962,9.058865,48.515434,(UTC+01:00) Europe/Paris DST,2013-08-10T14:00:00+02:00,198,221,na,419,22.0,0.0,na
Eco Counter GmbH,Stadt Tübingen,667,Unterführung Steinlach/Karlstraße Südseite - Steinlachallee,100003359,Y2H17123962,9.058865,48.515434,(UTC+01:00) Europe/Paris DST,2013-08-10T15:00:00+02:00,183,183,na,366,21.0,0.0,na
Eco Counter GmbH,Stadt Tübingen,667,Unterführung Steinlach/Karlstraße Südseite - Steinlachallee,100003359,Y2H17123962,9.058865,48.515434,(UTC+01:00) Europe/Paris DST,2013-08-10T16:00:00+02:00,169,175,na,344,21.0,0.0,na
Eco Counter GmbH,Stadt Tübingen,667,Unterführung Steinlach/Karlstraße Südseite - Steinlachallee,100003359,Y2H17123962,9.058865,48.515434,(UTC+01:00) Europe/Paris DST,2013-08-10T17:00:00+02:00,142,189,na,331,20.0,0.0,na
Eco Counter GmbH,Stadt Tübingen,667,Unterführung Steinlach/Karlstraße Südseite - Steinlachallee,100003359,Y2H17123962,9.058865,48.515434,(UTC+01:00) Europe/Paris DST,2013-08-10T18:00:00+02:00,144,163,na,307,19.0,0.0,na
Eco Counter GmbH,Stadt Tübingen,667,Unterführung Steinlach/Karlstraße Südseite - Steinlachallee,100003359,Y2H17123962,9.058865,48.515434,(UTC+01:00) Europe/Paris DST,2013-08-10T19:00:00+02:00,138,138,na,276,18.0,0.0,na
Eco Counter GmbH,Stadt Tübingen,667,Unterführung Steinlach/Karlstraße Südseite - Steinlachallee,100003359,Y2H17123962,9.058865,48.515434,(UTC+01:00) Europe/Paris DST,2013-08-10T20:00:00+02:00,117,99,na,216,16.0,0.0,na
Eco Counter GmbH,Stadt Tübingen,667,Unterführung Steinlach/Karlstraße Südseite - Steinlachallee,100003359,Y2H17123962,9.058865,48.515434,(UTC+01:00) Europe/Paris DST,2013-08-10T21:00:00+02:00,64,66,na,130,15.0,0.0,na
Eco Counter GmbH,Stadt Tübingen,667,Unterführung Steinlach/Karlstraße Südseite - Steinlachallee,100003359,Y2H17123962,9.058865,48.515434,(UTC+01:00) Europe/Paris DST,2013-08-10T22:00:00+02:00,40,90,na,130,14.0,0.0,na
Eco Counter GmbH,Stadt Tübingen,667,Unterführung Steinlach/Karlstraße Südseite - Steinlachallee,100003359,Y2H17123962,9.058865,48.515434,(UTC+01:00) Europe/Paris DST,2013-08-10T23:00:00+02:00,22,53,na,75,14.0,0.0,na
Eco Counter GmbH,Stadt Tübingen,667,Unterführung Steinlach/Karlstraße Südseite - Steinlachallee,100003359,Y2H17123962,9.058865,48.515434,(UTC+01:00) Europe/Paris DST,2013-08-11T00:00:00+02:00,13,65,na,78,13.0,0.0,na
Eco Counter GmbH,Stadt Tübingen,667,Unterführung Steinlach/Karlstraße Südseite - Steinlachallee,100003359,Y2H17123962,9.058865,48.515434,(UTC+01:00) Europe/Paris DST,2013-08-11T01:00:00+02:00,10,25,na,35,12.0,0.0,na
Eco Counter GmbH,Stadt Tübingen,667,Unterführung Steinlach/Karlstraße Südseite - Steinlachallee,100003359,Y2H17123962,9.058865,48.515434,(UTC+01:00) Europe/Paris DST,2013-08-11T02:00:00+02:00,5,12,na,17,12.0,0.0,na
Eco Counter GmbH,Stadt Tübingen,667,Unterführung Steinlach/Karlstraße Südseite - Steinlachallee,100003359,Y2H17123962,9.058865,48.515434,(UTC+01:00) Europe/Paris DST,2013-08-11T03:00:00+02:00,4,16,na,20,12.0,0.0,na
Eco Counter GmbH,Stadt Tübingen,667,Unterführung Steinlach/Karlstraße Südseite - Steinlachallee,100003359,Y2H17123962,9.058865,48.515434,(UTC+01:00) Europe/Paris DST,2013-08-11T04:00:00+02:00,2,8,na,10,12.0,0.0,na
Eco Counter GmbH,Stadt Tübingen,667,Unterführung Steinlach/Karlstraße Südseite - Steinlachallee,100003359,Y2H17123962,9.058865,48.515434,(UTC+01:00) Europe/Paris DST,2013-08-11T05:00:00+02:00,4,1,na,5,12.0,0.0,na
Eco Counter GmbH,Stadt Tübingen,667,Unterführung Steinlach/Karlstraße Südseite - Steinlachallee,100003359,Y2H17123962,9.058865,48.515434,(UTC+01:00) Europe/Paris DST,2013-08-11T06:00:00+02:00,17,8,na,25,13.0,0.0,na
Eco Counter GmbH,Stadt Tübingen,667,Unterführung Steinlach/Karlstraße Südseite - Steinlachallee,100003359,Y2H17123962,9.058865,48.515434,(UTC+01:00) Europe/Paris DST,2013-08-11T07:00:00+02:00,18,10,na,28,15.0,0.0,na
Eco Counter GmbH,Stadt Tübingen,667,Unterführung Steinlach/Karlstraße Südseite - Steinlachallee,100003359,Y2H17123962,9.058865,48.515434,(UTC+01:00) Europe/Paris DST,2013-08-11T08:00:00+02:00,52,24,na,76,16.0,0.0,na
Eco Counter GmbH,Stadt Tübingen,667,Unterführung Steinlach/Karlstraße Südseite - Steinlachallee,100003359,Y2H17123962,9.058865,48.515434,(UTC+01:00) Europe/Paris DST,2013-08-11T09:00:00+02:00,106,64,na,170,18.0,0.1,na
Eco Counter GmbH,Stadt Tübingen,667,Unterführung Steinlach/Karlstraße Südseite - Steinlachallee,100003359,Y2H17123962,9.058865,48.515434,(UTC+01:00) Europe/Paris DST,2013-08-11T10:00:00+02:00,163,106,na,269,19.0,0.2,na
Eco Counter GmbH,Stadt Tübingen,667,Unterführung Steinlach/Karlstraße Südseite - Steinlachallee,100003359,Y2H17123962,9.058865,48.515434,(UTC+01:00) Europe/Paris DST,2013-08-11T11:00:00+02:00,129,96,na,225,21.0,0.0,na
Eco Counter GmbH,Stadt Tübingen,667,Unterführung Steinlach/Karlstraße Südseite - Steinlachallee,100003359,Y2H17123962,9.058865,48.515434,(UTC+01:00) Europe/Paris DST,2013-08-11T12:00:00+02:00,169,105,na,274,21.0,0.1,na
Eco Counter GmbH,Stadt Tübingen,667,Unterführung Steinlach/Karlstraße Südseite - Steinlachallee,100003359,Y2H17123962,9.058865,48.515434,(UTC+01:00) Europe/Paris DST,2013-08-11T13:00:00+02:00,188,119,na,307,22.0,0.0,na
Eco Counter GmbH,Stadt Tübingen,667,Unterführung Steinlach/Karlstraße Südseite - Steinlachallee,100003359,Y2H17123962,9.058865,48.515434,(UTC+01:00) Europe/Paris DST,2013-08-11T14:00:00+02:00,204,143,na,347,22.0,0.0,na
Eco Counter GmbH,Stadt Tübingen,667,Unterführung Steinlach/Karlstraße Südseite - Steinlachallee,100003359,Y2H17123962,9.058865,48.515434,(UTC+01:00) Europe/Paris DST,2013-08-11T15:00:00+02:00,160,133,na,293,21.0,0.1,na
Eco Counter GmbH,Stadt Tübingen,667,Unterführung Steinlach/Karlstraße Südseite - Steinlachallee,100003359,Y2H17123962,9.058865,48.515434,(UTC+01:00) Europe/Paris DST,2013-08-11T16:00:00+02:00,171,200,na,371,20.0,0.0,na
Eco Counter GmbH,Stadt Tübingen,667,Unterführung Steinlach/Karlstraße Südseite - Steinlachallee,100003359,Y2H17123962,9.058865,48.515434,(UTC+01:00) Europe/Paris DST,2013-08-11T17:00:00+02:00,141,177,na,318,20.0,0.0,na
Eco Counter GmbH,Stadt Tübingen,667,Unterführung Steinlach/Karlstraße Südseite - Steinlachallee,100003359,Y2H17123962,9.058865,48.515434,(UTC+01:00) Europe/Paris DST,2013-08-11T18:00:00+02:00,149,171,na,320,19.0,0.0,na
Eco Counter GmbH,Stadt Tübingen,667,Unterführung Steinlach/Karlstraße Südseite - Steinlachallee,100003359,Y2H17123962,9.058865,48.515434,(UTC+01:00) Europe/Paris DST,2013-08-11T19:00:00+02:00,101,125,na,226,17.0,0.0,na
Eco Counter GmbH,Stadt Tübingen,667,Unterführung Steinlach/Karlstraße Südseite - Steinlachallee,100003359,Y2H17123962,9.058865,48.515434,(UTC+01:00) Europe/Paris DST,2013-08-11T20:00:00+02:00,89,129,na,218,16.0,0.0,na
Eco Counter GmbH,Stadt Tübingen,667,Unterführung Steinlach/Karlstraße Südseite - Steinlachallee,100003359,Y2H17123962,9.058865,48.515434,(UTC+01:00) Europe/Paris DST,2013-08-11T21:00:00+02:00,46,76,na,122,15.0,0.0,na
Eco Counter GmbH,Stadt Tübingen,667,Unterführung Steinlach/Karlstraße Südseite - Steinlachallee,100003359,Y2H17123962,9.058865,48.515434,(UTC+01:00) Europe/Paris DST,2013-08-11T22:00:00+02:00,31,65,na,96,14.0,0.0,na
Eco Counter GmbH,Stadt Tübingen,667,Unterführung Steinlach/Karlstraße Südseite - Steinlachallee,100003359,Y2H17123962,9.058865,48.515434,(UTC+01:00) Europe/Paris DST,2013-08-11T23:00:00+02:00,11,23,na,34,14.0,0.0,na
Eco Counter GmbH,Stadt Tübingen,667,Unterführung Steinlach/Karlstraße Südseite - Steinlachallee,100003359,Y2H17123962,9.058865,48.515434,(UTC+01:00) Europe/Paris DST,2013-08-12T00:00:00+02:00,14,13,na,27,14.0,0.0,na
Eco Counter GmbH,Stadt Tübingen,667,Unterführung Steinlach/Karlstraße Südseite - Steinlachallee,100003359,Y2H17123962,9.058865,48.515434,(UTC+01:00) Europe/Paris DST,2013-08-12T01:00:00+02:00,3,6,na,9,14.0,0.0,na
Eco Counter GmbH,Stadt Tübingen,667,Unterführung Steinlach/Karlstraße Südseite - Steinlachallee,100003359,Y2H17123962,9.058865,48.515434,(UTC+01:00) Europe/Paris DST,2013-08-12T02:00:00+02:00,1,3,na,4,13.0,0.0,na
Eco Counter GmbH,Stadt Tübingen,667,Unterführung Steinlach/Karlstraße Südseite - Steinlachallee,100003359,Y2H17123962,9.058865,48.515434,(UTC+01:00) Europe/Paris DST,2013-08-12T03:00:00+02:00,1,0,na,1,14.0,0.0,na
Eco Counter GmbH,Stadt Tübingen,667,Unterführung Steinlach/Karlstraße Südseite - Steinlachallee,100003359,Y2H17123962,9.058865,48.515434,(UTC+01:00) Europe/Paris DST,2013-08-12T04:00:00+02:00,4,3,na,7,14.0,0.1,na
Eco Counter GmbH,Stadt Tübingen,667,Unterführung Steinlach/Karlstraße Südseite - Steinlachallee,100003359,Y2H17123962,9.058865,48.515434,(UTC+01:00) Europe/Paris DST,2013-08-12T05:00:00+02:00,19,6,na,25,15.0,0.0,na
Eco Counter GmbH,Stadt Tübingen,667,Unterführung Steinlach/Karlstraße Südseite - Steinlachallee,100003359,Y2H17123962,9.058865,48.515434,(UTC+01:00) Europe/Paris DST,2013-08-12T06:00:00+02:00,59,31,na,90,16.0,0.0,na
Eco Counter GmbH,Stadt Tübingen,667,Unterführung Steinlach/Karlstraße Südseite - Steinlachallee,100003359,Y2H17123962,9.058865,48.515434,(UTC+01:00) Europe/Paris DST,2013-08-12T07:00:00+02:00,143,72,na,215,17.0,0.0,na
Eco Counter GmbH,Stadt Tübingen,667,Unterführung Steinlach/Karlstraße Südseite - Steinlachallee,100003359,Y2H17123962,9.058865,48.515434,(UTC+01:00) Europe/Paris DST,2013-08-12T08:00:00+02:00,237,122,na,359,18.0,0.0,na
Eco Counter GmbH,Stadt Tübingen,667,Unterführung Steinlach/Karlstraße Südseite - Steinlachallee,100003359,Y2H17123962,9.058865,48.515434,(UTC+01:00) Europe/Paris DST,2013-08-12T09:00:00+02:00,229,129,na,358,20.0,0.0,na
Eco Counter GmbH,Stadt Tübingen,667,Unterführung Steinlach/Karlstraße Südseite - Steinlachallee,100003359,Y2H17123962,9.058865,48.515434,(UTC+01:00) Europe/Paris DST,2013-08-12T10:00:00+02:00,254,150,na,404,21.0,0.0,na
Eco Counter GmbH,Stadt Tübingen,667,Unterführung Steinlach/Karlstraße Südseite - Steinlachallee,100003359,Y2H17123962,9.058865,48.515434,(UTC+01:00) Europe/Paris DST,2013-08-12T11:00:00+02:00,226,185,na,411,23.0,0.0,na
Eco Counter GmbH,Stadt Tübingen,667,Unterführung Steinlach/Karlstraße Südseite - Steinlachallee,100003359,Y2H17123962,9.058865,48.515434,(UTC+01:00) Europe/Paris DST,2013-08-12T12:00:00+02:00,217,198,na,415,23.0,0.0,na
Eco Counter GmbH,Stadt Tübingen,667,Unterführung Steinlach/Karlstraße Südseite - Steinlachallee,100003359,Y2H17123962,9.058865,48.515434,(UTC+01:00) Europe/Paris DST,2013-08-12T13:00:00+02:00,214,193,na,407,23.0,0.0,na
Eco Counter GmbH,Stadt Tübingen,667,Unterführung Steinlach/Karlstraße Südseite - Steinlachallee,100003359,Y2H17123962,9.058865,48.515434,(UTC+01:00) Europe/Paris DST,2013-08-12T14:00:00+02:00,208,190,na,398,23.0,0.0,na
Eco Counter GmbH,Stadt Tübingen,667,Unterführung Steinlach/Karlstraße Südseite - Steinlachallee,100003359,Y2H17123962,9.058865,48.515434,(UTC+01:00) Europe/Paris DST,2013-08-12T15:00:00+02:00,192,211,na,403,22.0,0.0,na
Eco Counter GmbH,Stadt Tübingen,667,Unterführung Steinlach/Karlstraße Südseite - Steinlachallee,100003359,Y2H17123962,9.058865,48.515434,(UTC+01:00) Europe/Paris DST,2013-08-12T16:00:00+02:00,203,220,na,423,21.0,0.0,na
Eco Counter GmbH,Stadt Tübingen,667,Unterführung Steinlach/Karlstraße Südseite - Steinlachallee,100003359,Y2H17123962,9.058865,48.515434,(UTC+01:00) Europe/Paris DST,2013-08-12T17:00:00+02:00,216,284,na,500,21.0,0.0,na
Eco Counter GmbH,Stadt Tübingen,667,Unterführung Steinlach/Karlstraße Südseite - Steinlachallee,100003359,Y2H17123962,9.058865,48.515434,(UTC+01:00) Europe/Paris DST,2013-08-12T18:00:00+02:00,224,287,na,511,20.0,0.0,na
Eco Counter GmbH,Stadt Tübingen,667,Unterführung Steinlach/Karlstraße Südseite - Steinlachallee,100003359,Y2H17123962,9.058865,48.515434,(UTC+01:00) Europe/Paris DST,2013-08-12T19:00:00+02:00,168,199,na,367,19.0,0.0,na
Eco Counter GmbH,Stadt Tübingen,667,Unterführung Steinlach/Karlstraße Südseite - Steinlachallee,100003359,Y2H17123962,9.058865,48.515434,(UTC+01:00) Europe/Paris DST,2013-08-12T20:00:00+02:00,115,153,na,268,17.0,0.1,na
Eco Counter GmbH,Stadt Tübingen,667,Unterführung Steinlach/Karlstraße Südseite - Steinlachallee,100003359,Y2H17123962,9.058865,48.515434,(UTC+01:00) Europe/Paris DST,2013-08-12T21:00:00+02:00,54,80,na,134,16.0,1.1,na
Eco Counter GmbH,Stadt Tübingen,667,Unterführung Steinlach/Karlstraße Südseite - Steinlachallee,100003359,Y2H17123962,9.058865,48.515434,(UTC+01:00) Europe/Paris DST,2013-08-12T22:00:00+02:00,24,51,na,75,15.0,1.6,na
Eco Counter GmbH,Stadt Tübingen,667,Unterführung Steinlach/Karlstraße Südseite - Steinlachallee,100003359,Y2H17123962,9.058865,48.515434,(UTC+01:00) Europe/Paris DST,2013-08-12T23:00:00+02:00,13,38,na,51,14.0,1.3,na
Eco Counter GmbH,Stadt Tübingen,667,Unterführung Steinlach/Karlstraße Südseite - Steinlachallee,100003359,Y2H17123962,9.058865,48.515434,(UTC+01:00) Europe/Paris DST,2013-08-13T00:00:00+02:00,5,16,na,21,14.0,0.4,na
Eco Counter GmbH,Stadt Tübingen,667,Unterführung Steinlach/Karlstraße Südseite - Steinlachallee,100003359,Y2H17123962,9.058865,48.515434,(UTC+01:00) Europe/Paris DST,2013-08-13T01:00:00+02:00,2,13,na,15,14.0,0.0,na
Eco Counter GmbH,Stadt Tübingen,667,Unterführung Steinlach/Karlstraße Südseite - Steinlachallee,100003359,Y2H17123962,9.058865,48.515434,(UTC+01:00) Europe/Paris DST,2013-08-13T02:00:00+02:00,4,6,na,10,13.0,0.0,na
Eco Counter GmbH,Stadt Tübingen,667,Unterführung Steinlach/Karlstraße Südseite - Steinlachallee,100003359,Y2H17123962,9.058865,48.515434,(UTC+01:00) Europe/Paris DST,2013-08-13T03:00:00+02:00,1,8,na,9,13.0,0.0,na
Eco Counter GmbH,Stadt Tübingen,667,Unterführung Steinlach/Karlstraße Südseite - Steinlachallee,100003359,Y2H17123962,9.058865,48.515434,(UTC+01:00) Europe/Paris DST,2013-08-13T04:00:00+02:00,0,6,na,6,13.0,0.0,na
Eco Counter GmbH,Stadt Tübingen,667,Unterführung Steinlach/Karlstraße Südseite - Steinlachallee,100003359,Y2H17123962,9.058865,48.515434,(UTC+01:00) Europe/Paris DST,2013-08-13T05:00:00+02:00,15,6,na,21,13.0,0.0,na
Eco Counter GmbH,Stadt Tübingen,667,Unterführung Steinlach/Karlstraße Südseite - Steinlachallee,100003359,Y2H17123962,9.058865,48.515434,(UTC+01:00) Europe/Paris DST,2013-08-13T06:00:00+02:00,54,35,na,89,13.0,0.0,na
Eco Counter GmbH,Stadt Tübingen,667,Unterführung Steinlach/Karlstraße Südseite - Steinlachallee,100003359,Y2H17123962,9.058865,48.515434,(UTC+01:00) Europe/Paris DST,2013-08-13T07:00:00+02:00,157,74,na,231,14.0,0.0,na
Eco Counter GmbH,Stadt Tübingen,667,Unterführung Steinlach/Karlstraße Südseite - Steinlachallee,100003359,Y2H17123962,9.058865,48.515434,(UTC+01:00) Europe/Paris DST,2013-08-13T08:00:00+02:00,245,113,na,358,15.0,0.2,na
Eco Counter GmbH,Stadt Tübingen,667,Unterführung Steinlach/Karlstraße Südseite - Steinlachallee,100003359,Y2H17123962,9.058865,48.515434,(UTC+01:00) Europe/Paris DST,2013-08-13T09:00:00+02:00,228,120,na,348,16.0,0.2,na
Eco Counter GmbH,Stadt Tübingen,667,Unterführung Steinlach/Karlstraße Südseite - Steinlachallee,100003359,Y2H17123962,9.058865,48.515434,(UTC+01:00) Europe/Paris DST,2013-08-13T10:00:00+02:00,204,112,na,316,18.0,0.0,na
Eco Counter GmbH,Stadt Tübingen,667,Unterführung Steinlach/Karlstraße Südseite - Steinlachallee,100003359,Y2H17123962,9.058865,48.515434,(UTC+01:00) Europe/Paris DST,2013-08-13T11:00:00+02:00,205,164,na,369,19.0,0.0,na
Eco Counter GmbH,Stadt Tübingen,667,Unterführung Steinlach/Karlstraße Südseite - Steinlachallee,100003359,Y2H17123962,9.058865,48.515434,(UTC+01:00) Europe/Paris DST,2013-08-13T12:00:00+02:00,196,204,na,400,20.0,0.0,na
Eco Counter GmbH,Stadt Tübingen,667,Unterführung Steinlach/Karlstraße Südseite - Steinlachallee,100003359,Y2H17123962,9.058865,48.515434,(UTC+01:00) Europe/Paris DST,2013-08-13T13:00:00+02:00,179,203,na,382,20.0,0.0,na
Eco Counter GmbH,Stadt Tübingen,667,Unterführung Steinlach/Karlstraße Südseite - Steinlachallee,100003359,Y2H17123962,9.058865,48.515434,(UTC+01:00) Europe/Paris DST,2013-08-13T14:00:00+02:00,187,172,na,359,20.0,0.0,na
Eco Counter GmbH,Stadt Tübingen,667,Unterführung Steinlach/Karlstraße Südseite - Steinlachallee,100003359,Y2H17123962,9.058865,48.515434,(UTC+01:00) Europe/Paris DST,2013-08-13T15:00:00+02:00,197,188,na,385,19.0,0.0,na
Eco Counter GmbH,Stadt Tübingen,667,Unterführung Steinlach/Karlstraße Südseite - Steinlachallee,100003359,Y2H17123962,9.058865,48.515434,(UTC+01:00) Europe/Paris DST,2013-08-13T16:00:00+02:00,234,269,na,503,18.0,0.0,na
Eco Counter GmbH,Stadt Tübingen,667,Unterführung Steinlach/Karlstraße Südseite - Steinlachallee,100003359,Y2H17123962,9.058865,48.515434,(UTC+01:00) Europe/Paris DST,2013-08-13T17:00:00+02:00,251,325,na,576,18.0,0.0,na
Eco Counter GmbH,Stadt Tübingen,667,Unterführung Steinlach/Karlstraße Südseite - Steinlachallee,100003359,Y2H17123962,9.058865,48.515434,(UTC+01:00) Europe/Paris DST,2013-08-13T18:00:00+02:00,201,286,na,487,17.0,0.0,na
Eco Counter GmbH,Stadt Tübingen,667,Unterführung Steinlach/Karlstraße Südseite - Steinlachallee,100003359,Y2H17123962,9.058865,48.515434,(UTC+01:00) Europe/Paris DST,2013-08-13T19:00:00+02:00,132,184,na,316,16.0,0.0,na
Eco Counter GmbH,Stadt Tübingen,667,Unterführung Steinlach/Karlstraße Südseite - Steinlachallee,100003359,Y2H17123962,9.058865,48.515434,(UTC+01:00) Europe/Paris DST,2013-08-13T20:00:00+02:00,102,127,na,229,14.0,0.0,na
Eco Counter GmbH,Stadt Tübingen,667,Unterführung Steinlach/Karlstraße Südseite - Steinlachallee,100003359,Y2H17123962,9.058865,48.515434,(UTC+01:00) Europe/Paris DST,2013-08-13T21:00:00+02:00,69,82,na,151,13.0,0.0,na
Eco Counter GmbH,Stadt Tübingen,667,Unterführung Steinlach/Karlstraße Südseite - Steinlachallee,100003359,Y2H17123962,9.058865,48.515434,(UTC+01:00) Europe/Paris DST,2013-08-13T22:00:00+02:00,34,69,na,103,12.0,0.0,na
Eco Counter GmbH,Stadt Tübingen,667,Unterführung Steinlach/Karlstraße Südseite - Steinlachallee,100003359,Y2H17123962,9.058865,48.515434,(UTC+01:00) Europe/Paris DST,2013-08-13T23:00:00+02:00,18,60,na,78,11.0,0.0,na
Eco Counter GmbH,Stadt Tübingen,667,Unterführung Steinlach/Karlstraße Südseite - Steinlachallee,100003359,Y2H17123962,9.058865,48.515434,(UTC+01:00) Europe/Paris DST,2013-08-14T00:00:00+02:00,10,18,na,28,11.0,0.0,na
Eco Counter GmbH,Stadt Tübingen,667,Unterführung Steinlach/Karlstraße Südseite - Steinlachallee,100003359,Y2H17123962,9.058865,48.515434,(UTC+01:00) Europe/Paris DST,2013-08-14T01:00:00+02:00,1,11,na,12,10.0,0.0,na
Eco Counter GmbH,Stadt Tübingen,667,Unterführung Steinlach/Karlstraße Südseite - Steinlachallee,100003359,Y2H17123962,9.058865,48.515434,(UTC+01:00) Europe/Paris DST,2013-08-14T02:00:00+02:00,2,6,na,8,10.0,0.0,na
Eco Counter GmbH,Stadt Tübingen,667,Unterführung Steinlach/Karlstraße Südseite - Steinlachallee,100003359,Y2H17123962,9.058865,48.515434,(UTC+01:00) Europe/Paris DST,2013-08-14T03:00:00+02:00,2,1,na,3,10.0,0.0,na
Eco Counter GmbH,Stadt Tübingen,667,Unterführung Steinlach/Karlstraße Südseite - Steinlachallee,100003359,Y2H17123962,9.058865,48.515434,(UTC+01:00) Europe/Paris DST,2013-08-14T04:00:00+02:00,2,1,na,3,10.0,0.0,na
Eco Counter GmbH,Stadt Tübingen,667,Unterführung Steinlach/Karlstraße Südseite - Steinlachallee,100003359,Y2H17123962,9.058865,48.515434,(UTC+01:00) Europe/Paris DST,2013-08-14T05:00:00+02:00,20,6,na,26,11.0,0.0,na
Eco Counter GmbH,Stadt Tübingen,667,Unterführung Steinlach/Karlstraße Südseite - Steinlachallee,100003359,Y2H17123962,9.058865,48.515434,(UTC+01:00) Europe/Paris DST,2013-08-14T06:00:00+02:00,51,33,na,84,12.0,0.0,na
Eco Counter GmbH,Stadt Tübingen,667,Unterführung Steinlach/Karlstraße Südseite - Steinlachallee,100003359,Y2H17123962,9.058865,48.515434,(UTC+01:00) Europe/Paris DST,2013-08-14T07:00:00+02:00,141,77,na,218,13.0,0.0,na
Eco Counter GmbH,Stadt Tübingen,667,Unterführung Steinlach/Karlstraße Südseite - Steinlachallee,100003359,Y2H17123962,9.058865,48.515434,(UTC+01:00) Europe/Paris DST,2013-08-14T08:00:00+02:00,235,105,na,340,15.0,0.0,na
Eco Counter GmbH,Stadt Tübingen,667,Unterführung Steinlach/Karlstraße Südseite - Steinlachallee,100003359,Y2H17123962,9.058865,48.515434,(UTC+01:00) Europe/Paris DST,2013-08-14T09:00:00+02:00,226,120,na,346,16.0,0.0,na
Eco Counter GmbH,Stadt Tübingen,667,Unterführung Steinlach/Karlstraße Südseite - Steinlachallee,100003359,Y2H17123962,9.058865,48.515434,(UTC+01:00) Europe/Paris DST,2013-08-14T10:00:00+02:00,259,129,na,388,17.0,0.0,na
Eco Counter GmbH,Stadt Tübingen,667,Unterführung Steinlach/Karlstraße Südseite - Steinlachallee,100003359,Y2H17123962,9.058865,48.515434,(UTC+01:00) Europe/Paris DST,2013-08-14T11:00:00+02:00,234,166,na,400,18.0,0.1,na
Eco Counter GmbH,Stadt Tübingen,667,Unterführung Steinlach/Karlstraße Südseite - Steinlachallee,100003359,Y2H17123962,9.058865,48.515434,(UTC+01:00) Europe/Paris DST,2013-08-14T12:00:00+02:00,213,201,na,414,18.0,0.0,na
Eco Counter GmbH,Stadt Tübingen,667,Unterführung Steinlach/Karlstraße Südseite - Steinlachallee,100003359,Y2H17123962,9.058865,48.515434,(UTC+01:00) Europe/Paris DST,2013-08-14T13:00:00+02:00,186,199,na,385,18.0,0.0,na
Eco Counter GmbH,Stadt Tübingen,667,Unterführung Steinlach/Karlstraße Südseite - Steinlachallee,100003359,Y2H17123962,9.058865,48.515434,(UTC+01:00) Europe/Paris DST,2013-08-14T14:00:00+02:00,186,203,na,389,19.0,0.0,na
Eco Counter GmbH,Stadt Tübingen,667,Unterführung Steinlach/Karlstraße Südseite - Steinlachallee,100003359,Y2H17123962,9.058865,48.515434,(UTC+01:00) Europe/Paris DST,2013-08-14T15:00:00+02:00,197,175,na,372,18.0,0.0,na
Eco Counter GmbH,Stadt Tübingen,667,Unterführung Steinlach/Karlstraße Südseite - Steinlachallee,100003359,Y2H17123962,9.058865,48.515434,(UTC+01:00) Europe/Paris DST,2013-08-14T16:00:00+02:00,227,268,na,495,17.0,0.0,na
Eco Counter GmbH,Stadt Tübingen,667,Unterführung Steinlach/Karlstraße Südseite - Steinlachallee,100003359,Y2H17123962,9.058865,48.515434,(UTC+01:00) Europe/Paris DST,2013-08-14T17:00:00+02:00,216,255,na,471,17.0,0.0,na
Eco Counter GmbH,Stadt Tübingen,667,Unterführung Steinlach/Karlstraße Südseite - Steinlachallee,100003359,Y2H17123962,9.058865,48.515434,(UTC+01:00) Europe/Paris DST,2013-08-14T18:00:00+02:00,212,272,na,484,16.0,0.0,na
Eco Counter GmbH,Stadt Tübingen,667,Unterführung Steinlach/Karlstraße Südseite - Steinlachallee,100003359,Y2H17123962,9.058865,48.515434,(UTC+01:00) Europe/Paris DST,2013-08-14T19:00:00+02:00,144,185,na,329,15.0,0.0,na
Eco Counter GmbH,Stadt Tübingen,667,Unterführung Steinlach/Karlstraße Südseite - Steinlachallee,100003359,Y2H17123962,9.058865,48.515434,(UTC+01:00) Europe/Paris DST,2013-08-14T20:00:00+02:00,103,118,na,221,13.0,0.0,na
Eco Counter GmbH,Stadt Tübingen,667,Unterführung Steinlach/Karlstraße Südseite - Steinlachallee,100003359,Y2H17123962,9.058865,48.515434,(UTC+01:00) Europe/Paris DST,2013-08-14T21:00:00+02:00,71,72,na,143,12.0,0.0,na
Eco Counter GmbH,Stadt Tübingen,667,Unterführung Steinlach/Karlstraße Südseite - Steinlachallee,100003359,Y2H17123962,9.058865,48.515434,(UTC+01:00) Europe/Paris DST,2013-08-14T22:00:00+02:00,33,73,na,106,12.0,0.0,na
Eco Counter GmbH,Stadt Tübingen,667,Unterführung Steinlach/Karlstraße Südseite - Steinlachallee,100003359,Y2H17123962,9.058865,48.515434,(UTC+01:00) Europe/Paris DST,2013-08-14T23:00:00+02:00,22,43,na,65,11.0,0.0,na
Eco Counter GmbH,Stadt Tübingen,667,Unterführung Steinlach/Karlstraße Südseite - Steinlachallee,100003359,Y2H17123962,9.058865,48.515434,(UTC+01:00) Europe/Paris DST,2013-08-15T00:00:00+02:00,19,29,na,48,11.0,0.0,na
Eco Counter GmbH,Stadt Tübingen,667,Unterführung Steinlach/Karlstraße Südseite - Steinlachallee,100003359,Y2H17123962,9.058865,48.515434,(UTC+01:00) Europe/Paris DST,2013-08-15T01:00:00+02:00,8,18,na,26,10.0,0.0,na
Eco Counter GmbH,Stadt Tübingen,667,Unterführung Steinlach/Karlstraße Südseite - Steinlachallee,100003359,Y2H17123962,9.058865,48.515434,(UTC+01:00) Europe/Paris DST,2013-08-15T02:00:00+02:00,2,11,na,13,10.0,0.0,na
Eco Counter GmbH,Stadt Tübingen,667,Unterführung Steinlach/Karlstraße Südseite - Steinlachallee,100003359,Y2H17123962,9.058865,48.515434,(UTC+01:00) Europe/Paris DST,2013-08-15T03:00:00+02:00,1,6,na,7,10.0,0.0,na
Eco Counter GmbH,Stadt Tübingen,667,Unterführung Steinlach/Karlstraße Südseite - Steinlachallee,100003359,Y2H17123962,9.058865,48.515434,(UTC+01:00) Europe/Paris DST,2013-08-15T04:00:00+02:00,1,8,na,9,10.0,0.0,na
Eco Counter GmbH,Stadt Tübingen,667,Unterführung Steinlach/Karlstraße Südseite - Steinlachallee,100003359,Y2H17123962,9.058865,48.515434,(UTC+01:00) Europe/Paris DST,2013-08-15T05:00:00+02:00,18,4,na,22,11.0,0.0,na
Eco Counter GmbH,Stadt Tübingen,667,Unterführung Steinlach/Karlstraße Südseite - Steinlachallee,100003359,Y2H17123962,9.058865,48.515434,(UTC+01:00) Europe/Paris DST,2013-08-15T06:00:00+02:00,48,40,na,88,13.0,0.0,na
Eco Counter GmbH,Stadt Tübingen,667,Unterführung Steinlach/Karlstraße Südseite - Steinlachallee,100003359,Y2H17123962,9.058865,48.515434,(UTC+01:00) Europe/Paris DST,2013-08-15T07:00:00+02:00,144,72,na,216,15.0,0.0,na
Eco Counter GmbH,Stadt Tübingen,667,Unterführung Steinlach/Karlstraße Südseite - Steinlachallee,100003359,Y2H17123962,9.058865,48.515434,(UTC+01:00) Europe/Paris DST,2013-08-15T08:00:00+02:00,234,108,na,342,17.0,0.0,na
Eco Counter GmbH,Stadt Tübingen,667,Unterführung Steinlach/Karlstraße Südseite - Steinlachallee,100003359,Y2H17123962,9.058865,48.515434,(UTC+01:00) Europe/Paris DST,2013-08-15T09:00:00+02:00,208,109,na,317,19.0,0.0,na
Eco Counter GmbH,Stadt Tübingen,667,Unterführung Steinlach/Karlstraße Südseite - Steinlachallee,100003359,Y2H17123962,9.058865,48.515434,(UTC+01:00) Europe/Paris DST,2013-08-15T10:00:00+02:00,223,122,na,345,20.0,0.0,na
Eco Counter GmbH,Stadt Tübingen,667,Unterführung Steinlach/Karlstraße Südseite - Steinlachallee,100003359,Y2H17123962,9.058865,48.515434,(UTC+01:00) Europe/Paris DST,2013-08-15T11:00:00+02:00,209,175,na,384,21.0,0.0,na
Eco Counter GmbH,Stadt Tübingen,667,Unterführung Steinlach/Karlstraße Südseite - Steinlachallee,100003359,Y2H17123962,9.058865,48.515434,(UTC+01:00) Europe/Paris DST,2013-08-15T12:00:00+02:00,206,196,na,402,22.0,0.0,na
Eco Counter GmbH,Stadt Tübingen,667,Unterführung Steinlach/Karlstraße Südseite - Steinlachallee,100003359,Y2H17123962,9.058865,48.515434,(UTC+01:00) Europe/Paris DST,2013-08-15T13:00:00+02:00,167,196,na,363,22.0,0.0,na
Eco Counter GmbH,Stadt Tübingen,667,Unterführung Steinlach/Karlstraße Südseite - Steinlachallee,100003359,Y2H17123962,9.058865,48.515434,(UTC+01:00) Europe/Paris DST,2013-08-15T14:00:00+02:00,183,163,na,346,22.0,0.0,na
Eco Counter GmbH,Stadt Tübingen,667,Unterführung Steinlach/Karlstraße Südseite - Steinlachallee,100003359,Y2H17123962,9.058865,48.515434,(UTC+01:00) Europe/Paris DST,2013-08-15T15:00:00+02:00,213,183,na,396,22.0,0.0,na
Eco Counter GmbH,Stadt Tübingen,667,Unterführung Steinlach/Karlstraße Südseite - Steinlachallee,100003359,Y2H17123962,9.058865,48.515434,(UTC+01:00) Europe/Paris DST,2013-08-15T16:00:00+02:00,211,243,na,454,21.0,0.0,na
Eco Counter GmbH,Stadt Tübingen,667,Unterführung Steinlach/Karlstraße Südseite - Steinlachallee,100003359,Y2H17123962,9.058865,48.515434,(UTC+01:00) Europe/Paris DST,2013-08-15T17:00:00+02:00,250,295,na,545,20.0,0.0,na
Eco Counter GmbH,Stadt Tübingen,667,Unterführung Steinlach/Karlstraße Südseite - Steinlachallee,100003359,Y2H17123962,9.058865,48.515434,(UTC+01:00) Europe/Paris DST,2013-08-15T18:00:00+02:00,222,359,na,581,19.0,0.0,na
Eco Counter GmbH,Stadt Tübingen,667,Unterführung Steinlach/Karlstraße Südseite - Steinlachallee,100003359,Y2H17123962,9.058865,48.515434,(UTC+01:00) Europe/Paris DST,2013-08-15T19:00:00+02:00,141,229,na,370,17.0,0.0,na
Eco Counter GmbH,Stadt Tübingen,667,Unterführung Steinlach/Karlstraße Südseite - Steinlachallee,100003359,Y2H17123962,9.058865,48.515434,(UTC+01:00) Europe/Paris DST,2013-08-15T20:00:00+02:00,122,171,na,293,15.0,0.0,na
Eco Counter GmbH,Stadt Tübingen,667,Unterführung Steinlach/Karlstraße Südseite - Steinlachallee,100003359,Y2H17123962,9.058865,48.515434,(UTC+01:00) Europe/Paris DST,2013-08-15T21:00:00+02:00,80,92,na,172,14.0,0.0,na
Eco Counter GmbH,Stadt Tübingen,667,Unterführung Steinlach/Karlstraße Südseite - Steinlachallee,100003359,Y2H17123962,9.058865,48.515434,(UTC+01:00) Europe/Paris DST,2013-08-15T22:00:00+02:00,57,75,na,132,13.0,0.0,na
Eco Counter GmbH,Stadt Tübingen,667,Unterführung Steinlach/Karlstraße Südseite - Steinlachallee,100003359,Y2H17123962,9.058865,48.515434,(UTC+01:00) Europe/Paris DST,2013-08-15T23:00:00+02:00,28,31,na,59,12.0,0.0,na
Eco Counter GmbH,Stadt Tübingen,667,Unterführung Steinlach/Karlstraße Südseite - Steinlachallee,100003359,Y2H17123962,9.058865,48.515434,(UTC+01:00) Europe/Paris DST,2013-08-16T00:00:00+02:00,15,28,na,43,12.0,0.0,na
Eco Counter GmbH,Stadt Tübingen,667,Unterführung Steinlach/Karlstraße Südseite - Steinlachallee,100003359,Y2H17123962,9.058865,48.515434,(UTC+01:00) Europe/Paris DST,2013-08-16T01:00:00+02:00,5,12,na,17,11.0,0.0,na
Eco Counter GmbH,Stadt Tübingen,667,Unterführung Steinlach/Karlstraße Südseite - Steinlachallee,100003359,Y2H17123962,9.058865,48.515434,(UTC+01:00) Europe/Paris DST,2013-08-16T02:00:00+02:00,1,14,na,15,10.0,0.0,na
Eco Counter GmbH,Stadt Tübingen,667,Unterführung Steinlach/Karlstraße Südseite - Steinlachallee,100003359,Y2H17123962,9.058865,48.515434,(UTC+01:00) Europe/Paris DST,2013-08-16T03:00:00+02:00,1,2,na,3,11.0,0.0,na
Eco Counter GmbH,Stadt Tübingen,667,Unterführung Steinlach/Karlstraße Südseite - Steinlachallee,100003359,Y2H17123962,9.058865,48.515434,(UTC+01:00) Europe/Paris DST,2013-08-16T04:00:00+02:00,4,7,na,11,11.0,0.0,na
Eco Counter GmbH,Stadt Tübingen,667,Unterführung Steinlach/Karlstraße Südseite - Steinlachallee,100003359,Y2H17123962,9.058865,48.515434,(UTC+01:00) Europe/Paris DST,2013-08-16T05:00:00+02:00,15,5,na,20,11.0,0.0,na
Eco Counter GmbH,Stadt Tübingen,667,Unterführung Steinlach/Karlstraße Südseite - Steinlachallee,100003359,Y2H17123962,9.058865,48.515434,(UTC+01:00) Europe/Paris DST,2013-08-16T06:00:00+02:00,43,26,na,69,13.0,0.0,na
Eco Counter GmbH,Stadt Tübingen,667,Unterführung Steinlach/Karlstraße Südseite - Steinlachallee,100003359,Y2H17123962,9.058865,48.515434,(UTC+01:00) Europe/Paris DST,2013-08-16T07:00:00+02:00,129,71,na,200,15.0,0.0,na
Eco Counter GmbH,Stadt Tübingen,667,Unterführung Steinlach/Karlstraße Südseite - Steinlachallee,100003359,Y2H17123962,9.058865,48.515434,(UTC+01:00) Europe/Paris DST,2013-08-16T08:00:00+02:00,237,106,na,343,18.0,0.0,na
Eco Counter GmbH,Stadt Tübingen,667,Unterführung Steinlach/Karlstraße Südseite - Steinlachallee,100003359,Y2H17123962,9.058865,48.515434,(UTC+01:00) Europe/Paris DST,2013-08-16T09:00:00+02:00,207,117,na,324,20.0,0.0,na
Eco Counter GmbH,Stadt Tübingen,667,Unterführung Steinlach/Karlstraße Südseite - Steinlachallee,100003359,Y2H17123962,9.058865,48.515434,(UTC+01:00) Europe/Paris DST,2013-08-16T10:00:00+02:00,249,133,na,382,22.0,0.0,na
Eco Counter GmbH,Stadt Tübingen,667,Unterführung Steinlach/Karlstraße Südseite - Steinlachallee,100003359,Y2H17123962,9.058865,48.515434,(UTC+01:00) Europe/Paris DST,2013-08-16T11:00:00+02:00,232,175,na,407,24.0,0.0,na
Eco Counter GmbH,Stadt Tübingen,667,Unterführung Steinlach/Karlstraße Südseite - Steinlachallee,100003359,Y2H17123962,9.058865,48.515434,(UTC+01:00) Europe/Paris DST,2013-08-16T12:00:00+02:00,198,233,na,431,25.0,0.0,na
Eco Counter GmbH,Stadt Tübingen,667,Unterführung Steinlach/Karlstraße Südseite - Steinlachallee,100003359,Y2H17123962,9.058865,48.515434,(UTC+01:00) Europe/Paris DST,2013-08-16T13:00:00+02:00,214,208,na,422,26.0,0.0,na
Eco Counter GmbH,Stadt Tübingen,667,Unterführung Steinlach/Karlstraße Südseite - Steinlachallee,100003359,Y2H17123962,9.058865,48.515434,(UTC+01:00) Europe/Paris DST,2013-08-16T14:00:00+02:00,210,208,na,418,27.0,0.0,na
Eco Counter GmbH,Stadt Tübingen,667,Unterführung Steinlach/Karlstraße Südseite - Steinlachallee,100003359,Y2H17123962,9.058865,48.515434,(UTC+01:00) Europe/Paris DST,2013-08-16T15:00:00+02:00,215,196,na,411,26.0,0.0,na
Eco Counter GmbH,Stadt Tübingen,667,Unterführung Steinlach/Karlstraße Südseite - Steinlachallee,100003359,Y2H17123962,9.058865,48.515434,(UTC+01:00) Europe/Paris DST,2013-08-16T16:00:00+02:00,219,228,na,447,25.0,0.0,na
Eco Counter GmbH,Stadt Tübingen,667,Unterführung Steinlach/Karlstraße Südseite - Steinlachallee,100003359,Y2H17123962,9.058865,48.515434,(UTC+01:00) Europe/Paris DST,2013-08-16T17:00:00+02:00,215,233,na,448,23.0,0.0,na
Eco Counter GmbH,Stadt Tübingen,667,Unterführung Steinlach/Karlstraße Südseite - Steinlachallee,100003359,Y2H17123962,9.058865,48.515434,(UTC+01:00) Europe/Paris DST,2013-08-16T18:00:00+02:00,183,245,na,428,22.0,0.0,na
Eco Counter GmbH,Stadt Tübingen,667,Unterführung Steinlach/Karlstraße Südseite - Steinlachallee,100003359,Y2H17123962,9.058865,48.515434,(UTC+01:00) Europe/Paris DST,2013-08-16T19:00:00+02:00,141,199,na,340,20.0,0.0,na
Eco Counter GmbH,Stadt Tübingen,667,Unterführung Steinlach/Karlstraße Südseite - Steinlachallee,100003359,Y2H17123962,9.058865,48.515434,(UTC+01:00) Europe/Paris DST,2013-08-16T20:00:00+02:00,120,124,na,244,18.0,0.0,na
Eco Counter GmbH,Stadt Tübingen,667,Unterführung Steinlach/Karlstraße Südseite - Steinlachallee,100003359,Y2H17123962,9.058865,48.515434,(UTC+01:00) Europe/Paris DST,2013-08-16T21:00:00+02:00,67,75,na,142,16.0,0.0,na
Eco Counter GmbH,Stadt Tübingen,667,Unterführung Steinlach/Karlstraße Südseite - Steinlachallee,100003359,Y2H17123962,9.058865,48.515434,(UTC+01:00) Europe/Paris DST,2013-08-16T22:00:00+02:00,39,65,na,104,15.0,0.0,na
Eco Counter GmbH,Stadt Tübingen,667,Unterführung Steinlach/Karlstraße Südseite - Steinlachallee,100003359,Y2H17123962,9.058865,48.515434,(UTC+01:00) Europe/Paris DST,2013-08-16T23:00:00+02:00,33,91,na,124,15.0,0.0,na
Eco Counter GmbH,Stadt Tübingen,667,Unterführung Steinlach/Karlstraße Südseite - Steinlachallee,100003359,Y2H17123962,9.058865,48.515434,(UTC+01:00) Europe/Paris DST,2013-08-17T00:00:00+02:00,28,29,na,57,14.0,0.0,na
Eco Counter GmbH,Stadt Tübingen,667,Unterführung Steinlach/Karlstraße Südseite - Steinlachallee,100003359,Y2H17123962,9.058865,48.515434,(UTC+01:00) Europe/Paris DST,2013-08-17T01:00:00+02:00,8,18,na,26,14.0,0.0,na
Eco Counter GmbH,Stadt Tübingen,667,Unterführung Steinlach/Karlstraße Südseite - Steinlachallee,100003359,Y2H17123962,9.058865,48.515434,(UTC+01:00) Europe/Paris DST,2013-08-17T02:00:00+02:00,8,15,na,23,14.0,0.0,na
Eco Counter GmbH,Stadt Tübingen,667,Unterführung Steinlach/Karlstraße Südseite - Steinlachallee,100003359,Y2H17123962,9.058865,48.515434,(UTC+01:00) Europe/Paris DST,2013-08-17T03:00:00+02:00,2,6,na,8,15.0,0.0,na
Eco Counter GmbH,Stadt Tübingen,667,Unterführung Steinlach/Karlstraße Südseite - Steinlachallee,100003359,Y2H17123962,9.058865,48.515434,(UTC+01:00) Europe/Paris DST,2013-08-17T04:00:00+02:00,2,8,na,10,15.0,0.0,na
Eco Counter GmbH,Stadt Tübingen,667,Unterführung Steinlach/Karlstraße Südseite - Steinlachallee,100003359,Y2H17123962,9.058865,48.515434,(UTC+01:00) Europe/Paris DST,2013-08-17T05:00:00+02:00,9,7,na,16,16.0,0.0,na
Eco Counter GmbH,Stadt Tübingen,667,Unterführung Steinlach/Karlstraße Südseite - Steinlachallee,100003359,Y2H17123962,9.058865,48.515434,(UTC+01:00) Europe/Paris DST,2013-08-17T06:00:00+02:00,16,10,na,26,17.0,0.0,na
Eco Counter GmbH,Stadt Tübingen,667,Unterführung Steinlach/Karlstraße Südseite - Steinlachallee,100003359,Y2H17123962,9.058865,48.515434,(UTC+01:00) Europe/Paris DST,2013-08-17T07:00:00+02:00,33,20,na,53,19.0,0.0,na
Eco Counter GmbH,Stadt Tübingen,667,Unterführung Steinlach/Karlstraße Südseite - Steinlachallee,100003359,Y2H17123962,9.058865,48.515434,(UTC+01:00) Europe/Paris DST,2013-08-17T08:00:00+02:00,84,37,na,121,21.0,0.0,na
Eco Counter GmbH,Stadt Tübingen,667,Unterführung Steinlach/Karlstraße Südseite - Steinlachallee,100003359,Y2H17123962,9.058865,48.515434,(UTC+01:00) Europe/Paris DST,2013-08-17T09:00:00+02:00,165,97,na,262,23.0,0.0,na
Eco Counter GmbH,Stadt Tübingen,667,Unterführung Steinlach/Karlstraße Südseite - Steinlachallee,100003359,Y2H17123962,9.058865,48.515434,(UTC+01:00) Europe/Paris DST,2013-08-17T10:00:00+02:00,271,133,na,404,24.0,0.0,na
Eco Counter GmbH,Stadt Tübingen,667,Unterführung Steinlach/Karlstraße Südseite - Steinlachallee,100003359,Y2H17123962,9.058865,48.515434,(UTC+01:00) Europe/Paris DST,2013-08-17T11:00:00+02:00,279,194,na,473,25.0,0.0,na
Eco Counter GmbH,Stadt Tübingen,667,Unterführung Steinlach/Karlstraße Südseite - Steinlachallee,100003359,Y2H17123962,9.058865,48.515434,(UTC+01:00) Europe/Paris DST,2013-08-17T12:00:00+02:00,220,218,na,438,26.0,0.0,na
Eco Counter GmbH,Stadt Tübingen,667,Unterführung Steinlach/Karlstraße Südseite - Steinlachallee,100003359,Y2H17123962,9.058865,48.515434,(UTC+01:00) Europe/Paris DST,2013-08-17T13:00:00+02:00,141,183,na,324,26.0,0.0,na
Eco Counter GmbH,Stadt Tübingen,667,Unterführung Steinlach/Karlstraße Südseite - Steinlachallee,100003359,Y2H17123962,9.058865,48.515434,(UTC+01:00) Europe/Paris DST,2013-08-17T14:00:00+02:00,181,214,na,395,27.0,0.0,na
Eco Counter GmbH,Stadt Tübingen,667,Unterführung Steinlach/Karlstraße Südseite - Steinlachallee,100003359,Y2H17123962,9.058865,48.515434,(UTC+01:00) Europe/Paris DST,2013-08-17T15:00:00+02:00,220,154,na,374,26.0,0.0,na
Eco Counter GmbH,Stadt Tübingen,667,Unterführung Steinlach/Karlstraße Südseite - Steinlachallee,100003359,Y2H17123962,9.058865,48.515434,(UTC+01:00) Europe/Paris DST,2013-08-17T16:00:00+02:00,157,192,na,349,25.0,0.0,na
Eco Counter GmbH,Stadt Tübingen,667,Unterführung Steinlach/Karlstraße Südseite - Steinlachallee,100003359,Y2H17123962,9.058865,48.515434,(UTC+01:00) Europe/Paris DST,2013-08-17T17:00:00+02:00,118,148,na,266,24.0,0.0,na
Eco Counter GmbH,Stadt Tübingen,667,Unterführung Steinlach/Karlstraße Südseite - Steinlachallee,100003359,Y2H17123962,9.058865,48.515434,(UTC+01:00) Europe/Paris DST,2013-08-17T18:00:00+02:00,152,185,na,337,22.0,0.0,na
Eco Counter GmbH,Stadt Tübingen,667,Unterführung Steinlach/Karlstraße Südseite - Steinlachallee,100003359,Y2H17123962,9.058865,48.515434,(UTC+01:00) Europe/Paris DST,2013-08-17T19:00:00+02:00,112,150,na,262,21.0,0.0,na
Eco Counter GmbH,Stadt Tübingen,667,Unterführung Steinlach/Karlstraße Südseite - Steinlachallee,100003359,Y2H17123962,9.058865,48.515434,(UTC+01:00) Europe/Paris DST,2013-08-17T20:00:00+02:00,66,121,na,187,19.0,0.0,na
Eco Counter GmbH,Stadt Tübingen,667,Unterführung Steinlach/Karlstraße Südseite - Steinlachallee,100003359,Y2H17123962,9.058865,48.515434,(UTC+01:00) Europe/Paris DST,2013-08-17T21:00:00+02:00,70,74,na,144,18.0,0.0,na
Eco Counter GmbH,Stadt Tübingen,667,Unterführung Steinlach/Karlstraße Südseite - Steinlachallee,100003359,Y2H17123962,9.058865,48.515434,(UTC+01:00) Europe/Paris DST,2013-08-17T22:00:00+02:00,63,46,na,109,17.0,0.0,na
Eco Counter GmbH,Stadt Tübingen,667,Unterführung Steinlach/Karlstraße Südseite - Steinlachallee,100003359,Y2H17123962,9.058865,48.515434,(UTC+01:00) Europe/Paris DST,2013-08-17T23:00:00+02:00,51,44,na,95,16.0,0.0,na
Eco Counter GmbH,Stadt Tübingen,667,Unterführung Steinlach/Karlstraße Südseite - Steinlachallee,100003359,Y2H17123962,9.058865,48.515434,(UTC+01:00) Europe/Paris DST,2013-08-18T00:00:00+02:00,23,53,na,76,16.0,0.0,na
Eco Counter GmbH,Stadt Tübingen,667,Unterführung Steinlach/Karlstraße Südseite - Steinlachallee,100003359,Y2H17123962,9.058865,48.515434,(UTC+01:00) Europe/Paris DST,2013-08-18T01:00:00+02:00,7,35,na,42,15.0,0.0,na
Eco Counter GmbH,Stadt Tübingen,667,Unterführung Steinlach/Karlstraße Südseite - Steinlachallee,100003359,Y2H17123962,9.058865,48.515434,(UTC+01:00) Europe/Paris DST,2013-08-18T02:00:00+02:00,18,20,na,38,15.0,0.0,na
Eco Counter GmbH,Stadt Tübingen,667,Unterführung Steinlach/Karlstraße Südseite - Steinlachallee,100003359,Y2H17123962,9.058865,48.515434,(UTC+01:00) Europe/Paris DST,2013-08-18T03:00:00+02:00,4,7,na,11,15.0,0.0,na
Eco Counter GmbH,Stadt Tübingen,667,Unterführung Steinlach/Karlstraße Südseite - Steinlachallee,100003359,Y2H17123962,9.058865,48.515434,(UTC+01:00) Europe/Paris DST,2013-08-18T04:00:00+02:00,2,3,na,5,16.0,0.0,na
Eco Counter GmbH,Stadt Tübingen,667,Unterführung Steinlach/Karlstraße Südseite - Steinlachallee,100003359,Y2H17123962,9.058865,48.515434,(UTC+01:00) Europe/Paris DST,2013-08-18T05:00:00+02:00,6,0,na,6,16.0,0.0,na
Eco Counter GmbH,Stadt Tübingen,667,Unterführung Steinlach/Karlstraße Südseite - Steinlachallee,100003359,Y2H17123962,9.058865,48.515434,(UTC+01:00) Europe/Paris DST,2013-08-18T06:00:00+02:00,18,6,na,24,17.0,0.0,na
Eco Counter GmbH,Stadt Tübingen,667,Unterführung Steinlach/Karlstraße Südseite - Steinlachallee,100003359,Y2H17123962,9.058865,48.515434,(UTC+01:00) Europe/Paris DST,2013-08-18T07:00:00+02:00,10,11,na,21,20.0,0.0,na
Eco Counter GmbH,Stadt Tübingen,667,Unterführung Steinlach/Karlstraße Südseite - Steinlachallee,100003359,Y2H17123962,9.058865,48.515434,(UTC+01:00) Europe/Paris DST,2013-08-18T08:00:00+02:00,45,21,na,66,22.0,0.0,na
Eco Counter GmbH,Stadt Tübingen,667,Unterführung Steinlach/Karlstraße Südseite - Steinlachallee,100003359,Y2H17123962,9.058865,48.515434,(UTC+01:00) Europe/Paris DST,2013-08-18T09:00:00+02:00,84,49,na,133,24.0,0.0,na
Eco Counter GmbH,Stadt Tübingen,667,Unterführung Steinlach/Karlstraße Südseite - Steinlachallee,100003359,Y2H17123962,9.058865,48.515434,(UTC+01:00) Europe/Paris DST,2013-08-18T10:00:00+02:00,121,78,na,199,25.0,0.0,na
Eco Counter GmbH,Stadt Tübingen,667,Unterführung Steinlach/Karlstraße Südseite - Steinlachallee,100003359,Y2H17123962,9.058865,48.515434,(UTC+01:00) Europe/Paris DST,2013-08-18T11:00:00+02:00,135,102,na,237,26.0,0.0,na
Eco Counter GmbH,Stadt Tübingen,667,Unterführung Steinlach/Karlstraße Südseite - Steinlachallee,100003359,Y2H17123962,9.058865,48.515434,(UTC+01:00) Europe/Paris DST,2013-08-18T12:00:00+02:00,136,113,na,249,26.0,0.0,na
Eco Counter GmbH,Stadt Tübingen,667,Unterführung Steinlach/Karlstraße Südseite - Steinlachallee,100003359,Y2H17123962,9.058865,48.515434,(UTC+01:00) Europe/Paris DST,2013-08-18T13:00:00+02:00,136,101,na,237,26.0,0.0,na
Eco Counter GmbH,Stadt Tübingen,667,Unterführung Steinlach/Karlstraße Südseite - Steinlachallee,100003359,Y2H17123962,9.058865,48.515434,(UTC+01:00) Europe/Paris DST,2013-08-18T14:00:00+02:00,129,104,na,233,26.0,0.0,na
Eco Counter GmbH,Stadt Tübingen,667,Unterführung Steinlach/Karlstraße Südseite - Steinlachallee,100003359,Y2H17123962,9.058865,48.515434,(UTC+01:00) Europe/Paris DST,2013-08-18T15:00:00+02:00,150,126,na,276,25.0,0.0,na
Eco Counter GmbH,Stadt Tübingen,667,Unterführung Steinlach/Karlstraße Südseite - Steinlachallee,100003359,Y2H17123962,9.058865,48.515434,(UTC+01:00) Europe/Paris DST,2013-08-18T16:00:00+02:00,112,144,na,256,24.0,0.0,na
Eco Counter GmbH,Stadt Tübingen,667,Unterführung Steinlach/Karlstraße Südseite - Steinlachallee,100003359,Y2H17123962,9.058865,48.515434,(UTC+01:00) Europe/Paris DST,2013-08-18T17:00:00+02:00,163,129,na,292,23.0,0.0,na
Eco Counter GmbH,Stadt Tübingen,667,Unterführung Steinlach/Karlstraße Südseite - Steinlachallee,100003359,Y2H17123962,9.058865,48.515434,(UTC+01:00) Europe/Paris DST,2013-08-18T18:00:00+02:00,107,146,na,253,22.0,0.0,na
Eco Counter GmbH,Stadt Tübingen,667,Unterführung Steinlach/Karlstraße Südseite - Steinlachallee,100003359,Y2H17123962,9.058865,48.515434,(UTC+01:00) Europe/Paris DST,2013-08-18T19:00:00+02:00,85,124,na,209,20.0,0.0,na
Eco Counter GmbH,Stadt Tübingen,667,Unterführung Steinlach/Karlstraße Südseite - Steinlachallee,100003359,Y2H17123962,9.058865,48.515434,(UTC+01:00) Europe/Paris DST,2013-08-18T20:00:00+02:00,34,73,na,107,18.0,0.3,na
Eco Counter GmbH,Stadt Tübingen,667,Unterführung Steinlach/Karlstraße Südseite - Steinlachallee,100003359,Y2H17123962,9.058865,48.515434,(UTC+01:00) Europe/Paris DST,2013-08-18T21:00:00+02:00,31,48,na,79,18.0,0.1,na
Eco Counter GmbH,Stadt Tübingen,667,Unterführung Steinlach/Karlstraße Südseite - Steinlachallee,100003359,Y2H17123962,9.058865,48.515434,(UTC+01:00) Europe/Paris DST,2013-08-18T22:00:00+02:00,17,22,na,39,17.0,0.0,na
Eco Counter GmbH,Stadt Tübingen,667,Unterführung Steinlach/Karlstraße Südseite - Steinlachallee,100003359,Y2H17123962,9.058865,48.515434,(UTC+01:00) Europe/Paris DST,2013-08-18T23:00:00+02:00,13,20,na,33,17.0,0.0,na
Eco Counter GmbH,Stadt Tübingen,667,Unterführung Steinlach/Karlstraße Südseite - Steinlachallee,100003359,Y2H17123962,9.058865,48.515434,(UTC+01:00) Europe/Paris DST,2013-08-19T00:00:00+02:00,5,20,na,25,16.0,0.0,na
Eco Counter GmbH,Stadt Tübingen,667,Unterführung Steinlach/Karlstraße Südseite - Steinlachallee,100003359,Y2H17123962,9.058865,48.515434,(UTC+01:00) Europe/Paris DST,2013-08-19T01:00:00+02:00,1,2,na,3,17.0,0.2,na
Eco Counter GmbH,Stadt Tübingen,667,Unterführung Steinlach/Karlstraße Südseite - Steinlachallee,100003359,Y2H17123962,9.058865,48.515434,(UTC+01:00) Europe/Paris DST,2013-08-19T02:00:00+02:00,1,4,na,5,17.0,0.0,na
Eco Counter GmbH,Stadt Tübingen,667,Unterführung Steinlach/Karlstraße Südseite - Steinlachallee,100003359,Y2H17123962,9.058865,48.515434,(UTC+01:00) Europe/Paris DST,2013-08-19T03:00:00+02:00,3,6,na,9,17.0,0.0,na
Eco Counter GmbH,Stadt Tübingen,667,Unterführung Steinlach/Karlstraße Südseite - Steinlachallee,100003359,Y2H17123962,9.058865,48.515434,(UTC+01:00) Europe/Paris DST,2013-08-19T04:00:00+02:00,3,3,na,6,17.0,0.0,na
Eco Counter GmbH,Stadt Tübingen,667,Unterführung Steinlach/Karlstraße Südseite - Steinlachallee,100003359,Y2H17123962,9.058865,48.515434,(UTC+01:00) Europe/Paris DST,2013-08-19T05:00:00+02:00,15,6,na,21,17.0,0.0,na
Eco Counter GmbH,Stadt Tübingen,667,Unterführung Steinlach/Karlstraße Südseite - Steinlachallee,100003359,Y2H17123962,9.058865,48.515434,(UTC+01:00) Europe/Paris DST,2013-08-19T06:00:00+02:00,41,29,na,70,17.0,0.0,na
Eco Counter GmbH,Stadt Tübingen,667,Unterführung Steinlach/Karlstraße Südseite - Steinlachallee,100003359,Y2H17123962,9.058865,48.515434,(UTC+01:00) Europe/Paris DST,2013-08-19T07:00:00+02:00,121,62,na,183,17.0,0.3,na
Eco Counter GmbH,Stadt Tübingen,667,Unterführung Steinlach/Karlstraße Südseite - Steinlachallee,100003359,Y2H17123962,9.058865,48.515434,(UTC+01:00) Europe/Paris DST,2013-08-19T08:00:00+02:00,153,92,na,245,17.0,0.5,na
Eco Counter GmbH,Stadt Tübingen,667,Unterführung Steinlach/Karlstraße Südseite - Steinlachallee,100003359,Y2H17123962,9.058865,48.515434,(UTC+01:00) Europe/Paris DST,2013-08-19T09:00:00+02:00,140,81,na,221,18.0,1.8,na
Eco Counter GmbH,Stadt Tübingen,667,Unterführung Steinlach/Karlstraße Südseite - Steinlachallee,100003359,Y2H17123962,9.058865,48.515434,(UTC+01:00) Europe/Paris DST,2013-08-19T10:00:00+02:00,170,104,na,274,18.0,0.1,na
Eco Counter GmbH,Stadt Tübingen,667,Unterführung Steinlach/Karlstraße Südseite - Steinlachallee,100003359,Y2H17123962,9.058865,48.515434,(UTC+01:00) Europe/Paris DST,2013-08-19T11:00:00+02:00,162,135,na,297,19.0,3.3,na
Eco Counter GmbH,Stadt Tübingen,667,Unterführung Steinlach/Karlstraße Südseite - Steinlachallee,100003359,Y2H17123962,9.058865,48.515434,(UTC+01:00) Europe/Paris DST,2013-08-19T12:00:00+02:00,162,158,na,320,18.0,6.3,na
Eco Counter GmbH,Stadt Tübingen,667,Unterführung Steinlach/Karlstraße Südseite - Steinlachallee,100003359,Y2H17123962,9.058865,48.515434,(UTC+01:00) Europe/Paris DST,2013-08-19T13:00:00+02:00,96,123,na,219,19.0,5.8,na
Eco Counter GmbH,Stadt Tübingen,667,Unterführung Steinlach/Karlstraße Südseite - Steinlachallee,100003359,Y2H17123962,9.058865,48.515434,(UTC+01:00) Europe/Paris DST,2013-08-19T14:00:00+02:00,105,88,na,193,19.0,0.3,na
Eco Counter GmbH,Stadt Tübingen,667,Unterführung Steinlach/Karlstraße Südseite - Steinlachallee,100003359,Y2H17123962,9.058865,48.515434,(UTC+01:00) Europe/Paris DST,2013-08-19T15:00:00+02:00,130,135,na,265,19.0,0.0,na
Eco Counter GmbH,Stadt Tübingen,667,Unterführung Steinlach/Karlstraße Südseite - Steinlachallee,100003359,Y2H17123962,9.058865,48.515434,(UTC+01:00) Europe/Paris DST,2013-08-19T16:00:00+02:00,191,192,na,383,18.0,0.0,na
Eco Counter GmbH,Stadt Tübingen,667,Unterführung Steinlach/Karlstraße Südseite - Steinlachallee,100003359,Y2H17123962,9.058865,48.515434,(UTC+01:00) Europe/Paris DST,2013-08-19T17:00:00+02:00,151,192,na,343,18.0,0.0,na
Eco Counter GmbH,Stadt Tübingen,667,Unterführung Steinlach/Karlstraße Südseite - Steinlachallee,100003359,Y2H17123962,9.058865,48.515434,(UTC+01:00) Europe/Paris DST,2013-08-19T18:00:00+02:00,126,180,na,306,17.0,0.0,na
Eco Counter GmbH,Stadt Tübingen,667,Unterführung Steinlach/Karlstraße Südseite - Steinlachallee,100003359,Y2H17123962,9.058865,48.515434,(UTC+01:00) Europe/Paris DST,2013-08-19T19:00:00+02:00,106,128,na,234,17.0,0.0,na
Eco Counter GmbH,Stadt Tübingen,667,Unterführung Steinlach/Karlstraße Südseite - Steinlachallee,100003359,Y2H17123962,9.058865,48.515434,(UTC+01:00) Europe/Paris DST,2013-08-19T20:00:00+02:00,78,90,na,168,16.0,0.0,na
Eco Counter GmbH,Stadt Tübingen,667,Unterführung Steinlach/Karlstraße Südseite - Steinlachallee,100003359,Y2H17123962,9.058865,48.515434,(UTC+01:00) Europe/Paris DST,2013-08-19T21:00:00+02:00,47,79,na,126,15.0,0.0,na
Eco Counter GmbH,Stadt Tübingen,667,Unterführung Steinlach/Karlstraße Südseite - Steinlachallee,100003359,Y2H17123962,9.058865,48.515434,(UTC+01:00) Europe/Paris DST,2013-08-19T22:00:00+02:00,30,44,na,74,14.0,0.0,na
Eco Counter GmbH,Stadt Tübingen,667,Unterführung Steinlach/Karlstraße Südseite - Steinlachallee,100003359,Y2H17123962,9.058865,48.515434,(UTC+01:00) Europe/Paris DST,2013-08-19T23:00:00+02:00,11,22,na,33,13.0,0.0,na
Eco Counter GmbH,Stadt Tübingen,667,Unterführung Steinlach/Karlstraße Südseite - Steinlachallee,100003359,Y2H17123962,9.058865,48.515434,(UTC+01:00) Europe/Paris DST,2013-08-20T00:00:00+02:00,10,19,na,29,12.0,0.0,na
Eco Counter GmbH,Stadt Tübingen,667,Unterführung Steinlach/Karlstraße Südseite - Steinlachallee,100003359,Y2H17123962,9.058865,48.515434,(UTC+01:00) Europe/Paris DST,2013-08-20T01:00:00+02:00,3,11,na,14,12.0,0.0,na
Eco Counter GmbH,Stadt Tübingen,667,Unterführung Steinlach/Karlstraße Südseite - Steinlachallee,100003359,Y2H17123962,9.058865,48.515434,(UTC+01:00) Europe/Paris DST,2013-08-20T02:00:00+02:00,3,17,na,20,11.0,0.0,na
Eco Counter GmbH,Stadt Tübingen,667,Unterführung Steinlach/Karlstraße Südseite - Steinlachallee,100003359,Y2H17123962,9.058865,48.515434,(UTC+01:00) Europe/Paris DST,2013-08-20T03:00:00+02:00,3,1,na,4,10.0,0.0,na
Eco Counter GmbH,Stadt Tübingen,667,Unterführung Steinlach/Karlstraße Südseite - Steinlachallee,100003359,Y2H17123962,9.058865,48.515434,(UTC+01:00) Europe/Paris DST,2013-08-20T04:00:00+02:00,1,5,na,6,11.0,0.0,na
Eco Counter GmbH,Stadt Tübingen,667,Unterführung Steinlach/Karlstraße Südseite - Steinlachallee,100003359,Y2H17123962,9.058865,48.515434,(UTC+01:00) Europe/Paris DST,2013-08-20T05:00:00+02:00,18,7,na,25,11.0,0.0,na
Eco Counter GmbH,Stadt Tübingen,667,Unterführung Steinlach/Karlstraße Südseite - Steinlachallee,100003359,Y2H17123962,9.058865,48.515434,(UTC+01:00) Europe/Paris DST,2013-08-20T06:00:00+02:00,60,33,na,93,12.0,0.0,na
Eco Counter GmbH,Stadt Tübingen,667,Unterführung Steinlach/Karlstraße Südseite - Steinlachallee,100003359,Y2H17123962,9.058865,48.515434,(UTC+01:00) Europe/Paris DST,2013-08-20T07:00:00+02:00,145,75,na,220,13.0,0.0,na
Eco Counter GmbH,Stadt Tübingen,667,Unterführung Steinlach/Karlstraße Südseite - Steinlachallee,100003359,Y2H17123962,9.058865,48.515434,(UTC+01:00) Europe/Paris DST,2013-08-20T08:00:00+02:00,249,108,na,357,14.0,0.0,na
Eco Counter GmbH,Stadt Tübingen,667,Unterführung Steinlach/Karlstraße Südseite - Steinlachallee,100003359,Y2H17123962,9.058865,48.515434,(UTC+01:00) Europe/Paris DST,2013-08-20T09:00:00+02:00,199,108,na,307,16.0,0.0,na
Eco Counter GmbH,Stadt Tübingen,667,Unterführung Steinlach/Karlstraße Südseite - Steinlachallee,100003359,Y2H17123962,9.058865,48.515434,(UTC+01:00) Europe/Paris DST,2013-08-20T10:00:00+02:00,207,95,na,302,17.0,0.0,na
Eco Counter GmbH,Stadt Tübingen,667,Unterführung Steinlach/Karlstraße Südseite - Steinlachallee,100003359,Y2H17123962,9.058865,48.515434,(UTC+01:00) Europe/Paris DST,2013-08-20T11:00:00+02:00,181,157,na,338,18.0,0.0,na
Eco Counter GmbH,Stadt Tübingen,667,Unterführung Steinlach/Karlstraße Südseite - Steinlachallee,100003359,Y2H17123962,9.058865,48.515434,(UTC+01:00) Europe/Paris DST,2013-08-20T12:00:00+02:00,201,194,na,395,19.0,0.0,na
Eco Counter GmbH,Stadt Tübingen,667,Unterführung Steinlach/Karlstraße Südseite - Steinlachallee,100003359,Y2H17123962,9.058865,48.515434,(UTC+01:00) Europe/Paris DST,2013-08-20T13:00:00+02:00,188,167,na,355,19.0,0.0,na
Eco Counter GmbH,Stadt Tübingen,667,Unterführung Steinlach/Karlstraße Südseite - Steinlachallee,100003359,Y2H17123962,9.058865,48.515434,(UTC+01:00) Europe/Paris DST,2013-08-20T14:00:00+02:00,197,152,na,349,20.0,0.0,na
Eco Counter GmbH,Stadt Tübingen,667,Unterführung Steinlach/Karlstraße Südseite - Steinlachallee,100003359,Y2H17123962,9.058865,48.515434,(UTC+01:00) Europe/Paris DST,2013-08-20T15:00:00+02:00,201,188,na,389,19.0,0.0,na
Eco Counter GmbH,Stadt Tübingen,667,Unterführung Steinlach/Karlstraße Südseite - Steinlachallee,100003359,Y2H17123962,9.058865,48.515434,(UTC+01:00) Europe/Paris DST,2013-08-20T16:00:00+02:00,203,276,na,479,18.0,0.0,na
Eco Counter GmbH,Stadt Tübingen,667,Unterführung Steinlach/Karlstraße Südseite - Steinlachallee,100003359,Y2H17123962,9.058865,48.515434,(UTC+01:00) Europe/Paris DST,2013-08-20T17:00:00+02:00,227,284,na,511,17.0,0.0,na
Eco Counter GmbH,Stadt Tübingen,667,Unterführung Steinlach/Karlstraße Südseite - Steinlachallee,100003359,Y2H17123962,9.058865,48.515434,(UTC+01:00) Europe/Paris DST,2013-08-20T18:00:00+02:00,169,267,na,436,16.0,0.0,na
Eco Counter GmbH,Stadt Tübingen,667,Unterführung Steinlach/Karlstraße Südseite - Steinlachallee,100003359,Y2H17123962,9.058865,48.515434,(UTC+01:00) Europe/Paris DST,2013-08-20T19:00:00+02:00,137,208,na,345,15.0,0.0,na
Eco Counter GmbH,Stadt Tübingen,667,Unterführung Steinlach/Karlstraße Südseite - Steinlachallee,100003359,Y2H17123962,9.058865,48.515434,(UTC+01:00) Europe/Paris DST,2013-08-20T20:00:00+02:00,90,145,na,235,14.0,0.0,na
Eco Counter GmbH,Stadt Tübingen,667,Unterführung Steinlach/Karlstraße Südseite - Steinlachallee,100003359,Y2H17123962,9.058865,48.515434,(UTC+01:00) Europe/Paris DST,2013-08-20T21:00:00+02:00,56,80,na,136,13.0,0.0,na
Eco Counter GmbH,Stadt Tübingen,667,Unterführung Steinlach/Karlstraße Südseite - Steinlachallee,100003359,Y2H17123962,9.058865,48.515434,(UTC+01:00) Europe/Paris DST,2013-08-20T22:00:00+02:00,29,79,na,108,12.0,0.0,na
Eco Counter GmbH,Stadt Tübingen,667,Unterführung Steinlach/Karlstraße Südseite - Steinlachallee,100003359,Y2H17123962,9.058865,48.515434,(UTC+01:00) Europe/Paris DST,2013-08-20T23:00:00+02:00,19,43,na,62,11.0,0.0,na
Eco Counter GmbH,Stadt Tübingen,667,Unterführung Steinlach/Karlstraße Südseite - Steinlachallee,100003359,Y2H17123962,9.058865,48.515434,(UTC+01:00) Europe/Paris DST,2013-08-21T00:00:00+02:00,19,24,na,43,11.0,0.0,na
Eco Counter GmbH,Stadt Tübingen,667,Unterführung Steinlach/Karlstraße Südseite - Steinlachallee,100003359,Y2H17123962,9.058865,48.515434,(UTC+01:00) Europe/Paris DST,2013-08-21T01:00:00+02:00,3,12,na,15,10.0,0.0,na
Eco Counter GmbH,Stadt Tübingen,667,Unterführung Steinlach/Karlstraße Südseite - Steinlachallee,100003359,Y2H17123962,9.058865,48.515434,(UTC+01:00) Europe/Paris DST,2013-08-21T02:00:00+02:00,2,9,na,11,10.0,0.0,na
Eco Counter GmbH,Stadt Tübingen,667,Unterführung Steinlach/Karlstraße Südseite - Steinlachallee,100003359,Y2H17123962,9.058865,48.515434,(UTC+01:00) Europe/Paris DST,2013-08-21T03:00:00+02:00,1,1,na,2,9.0,0.0,na
Eco Counter GmbH,Stadt Tübingen,667,Unterführung Steinlach/Karlstraße Südseite - Steinlachallee,100003359,Y2H17123962,9.058865,48.515434,(UTC+01:00) Europe/Paris DST,2013-08-21T04:00:00+02:00,3,4,na,7,9.0,0.0,na
Eco Counter GmbH,Stadt Tübingen,667,Unterführung Steinlach/Karlstraße Südseite - Steinlachallee,100003359,Y2H17123962,9.058865,48.515434,(UTC+01:00) Europe/Paris DST,2013-08-21T05:00:00+02:00,19,6,na,25,9.0,0.0,na
Eco Counter GmbH,Stadt Tübingen,667,Unterführung Steinlach/Karlstraße Südseite - Steinlachallee,100003359,Y2H17123962,9.058865,48.515434,(UTC+01:00) Europe/Paris DST,2013-08-21T06:00:00+02:00,44,33,na,77,11.0,0.0,na
Eco Counter GmbH,Stadt Tübingen,667,Unterführung Steinlach/Karlstraße Südseite - Steinlachallee,100003359,Y2H17123962,9.058865,48.515434,(UTC+01:00) Europe/Paris DST,2013-08-21T07:00:00+02:00,165,66,na,231,13.0,0.0,na
Eco Counter GmbH,Stadt Tübingen,667,Unterführung Steinlach/Karlstraße Südseite - Steinlachallee,100003359,Y2H17123962,9.058865,48.515434,(UTC+01:00) Europe/Paris DST,2013-08-21T08:00:00+02:00,202,117,na,319,15.0,0.0,na
Eco Counter GmbH,Stadt Tübingen,667,Unterführung Steinlach/Karlstraße Südseite - Steinlachallee,100003359,Y2H17123962,9.058865,48.515434,(UTC+01:00) Europe/Paris DST,2013-08-21T09:00:00+02:00,223,98,na,321,17.0,0.0,na
Eco Counter GmbH,Stadt Tübingen,667,Unterführung Steinlach/Karlstraße Südseite - Steinlachallee,100003359,Y2H17123962,9.058865,48.515434,(UTC+01:00) Europe/Paris DST,2013-08-21T10:00:00+02:00,246,134,na,380,18.0,0.0,na
Eco Counter GmbH,Stadt Tübingen,667,Unterführung Steinlach/Karlstraße Südseite - Steinlachallee,100003359,Y2H17123962,9.058865,48.515434,(UTC+01:00) Europe/Paris DST,2013-08-21T11:00:00+02:00,203,155,na,358,20.0,0.0,na
Eco Counter GmbH,Stadt Tübingen,667,Unterführung Steinlach/Karlstraße Südseite - Steinlachallee,100003359,Y2H17123962,9.058865,48.515434,(UTC+01:00) Europe/Paris DST,2013-08-21T12:00:00+02:00,217,210,na,427,21.0,0.0,na
Eco Counter GmbH,Stadt Tübingen,667,Unterführung Steinlach/Karlstraße Südseite - Steinlachallee,100003359,Y2H17123962,9.058865,48.515434,(UTC+01:00) Europe/Paris DST,2013-08-21T13:00:00+02:00,178,209,na,387,21.0,0.0,na
Eco Counter GmbH,Stadt Tübingen,667,Unterführung Steinlach/Karlstraße Südseite - Steinlachallee,100003359,Y2H17123962,9.058865,48.515434,(UTC+01:00) Europe/Paris DST,2013-08-21T14:00:00+02:00,192,172,na,364,21.0,0.0,na
Eco Counter GmbH,Stadt Tübingen,667,Unterführung Steinlach/Karlstraße Südseite - Steinlachallee,100003359,Y2H17123962,9.058865,48.515434,(UTC+01:00) Europe/Paris DST,2013-08-21T15:00:00+02:00,202,167,na,369,21.0,0.0,na
Eco Counter GmbH,Stadt Tübingen,667,Unterführung Steinlach/Karlstraße Südseite - Steinlachallee,100003359,Y2H17123962,9.058865,48.515434,(UTC+01:00) Europe/Paris DST,2013-08-21T16:00:00+02:00,246,241,na,487,20.0,0.0,na
Eco Counter GmbH,Stadt Tübingen,667,Unterführung Steinlach/Karlstraße Südseite - Steinlachallee,100003359,Y2H17123962,9.058865,48.515434,(UTC+01:00) Europe/Paris DST,2013-08-21T17:00:00+02:00,226,312,na,538,19.0,0.0,na
Eco Counter GmbH,Stadt Tübingen,667,Unterführung Steinlach/Karlstraße Südseite - Steinlachallee,100003359,Y2H17123962,9.058865,48.515434,(UTC+01:00) Europe/Paris DST,2013-08-21T18:00:00+02:00,190,310,na,500,18.0,0.0,na
Eco Counter GmbH,Stadt Tübingen,667,Unterführung Steinlach/Karlstraße Südseite - Steinlachallee,100003359,Y2H17123962,9.058865,48.515434,(UTC+01:00) Europe/Paris DST,2013-08-21T19:00:00+02:00,136,202,na,338,17.0,0.0,na
Eco Counter GmbH,Stadt Tübingen,667,Unterführung Steinlach/Karlstraße Südseite - Steinlachallee,100003359,Y2H17123962,9.058865,48.515434,(UTC+01:00) Europe/Paris DST,2013-08-21T20:00:00+02:00,109,158,na,267,15.0,0.0,na
Eco Counter GmbH,Stadt Tübingen,667,Unterführung Steinlach/Karlstraße Südseite - Steinlachallee,100003359,Y2H17123962,9.058865,48.515434,(UTC+01:00) Europe/Paris DST,2013-08-21T21:00:00+02:00,59,101,na,160,14.0,0.0,na
Eco Counter GmbH,Stadt Tübingen,667,Unterführung Steinlach/Karlstraße Südseite - Steinlachallee,100003359,Y2H17123962,9.058865,48.515434,(UTC+01:00) Europe/Paris DST,2013-08-21T22:00:00+02:00,31,76,na,107,13.0,0.0,na
Eco Counter GmbH,Stadt Tübingen,667,Unterführung Steinlach/Karlstraße Südseite - Steinlachallee,100003359,Y2H17123962,9.058865,48.515434,(UTC+01:00) Europe/Paris DST,2013-08-21T23:00:00+02:00,27,50,na,77,12.0,0.0,na
Eco Counter GmbH,Stadt Tübingen,667,Unterführung Steinlach/Karlstraße Südseite - Steinlachallee,100003359,Y2H17123962,9.058865,48.515434,(UTC+01:00) Europe/Paris DST,2013-08-22T00:00:00+02:00,12,36,na,48,11.0,0.0,na
Eco Counter GmbH,Stadt Tübingen,667,Unterführung Steinlach/Karlstraße Südseite - Steinlachallee,100003359,Y2H17123962,9.058865,48.515434,(UTC+01:00) Europe/Paris DST,2013-08-22T01:00:00+02:00,6,16,na,22,11.0,0.0,na
Eco Counter GmbH,Stadt Tübingen,667,Unterführung Steinlach/Karlstraße Südseite - Steinlachallee,100003359,Y2H17123962,9.058865,48.515434,(UTC+01:00) Europe/Paris DST,2013-08-22T02:00:00+02:00,3,5,na,8,10.0,0.0,na
Eco Counter GmbH,Stadt Tübingen,667,Unterführung Steinlach/Karlstraße Südseite - Steinlachallee,100003359,Y2H17123962,9.058865,48.515434,(UTC+01:00) Europe/Paris DST,2013-08-22T03:00:00+02:00,4,4,na,8,10.0,0.0,na
Eco Counter GmbH,Stadt Tübingen,667,Unterführung Steinlach/Karlstraße Südseite - Steinlachallee,100003359,Y2H17123962,9.058865,48.515434,(UTC+01:00) Europe/Paris DST,2013-08-22T04:00:00+02:00,5,4,na,9,10.0,0.0,na
Eco Counter GmbH,Stadt Tübingen,667,Unterführung Steinlach/Karlstraße Südseite - Steinlachallee,100003359,Y2H17123962,9.058865,48.515434,(UTC+01:00) Europe/Paris DST,2013-08-22T05:00:00+02:00,20,9,na,29,11.0,0.0,na
Eco Counter GmbH,Stadt Tübingen,667,Unterführung Steinlach/Karlstraße Südseite - Steinlachallee,100003359,Y2H17123962,9.058865,48.515434,(UTC+01:00) Europe/Paris DST,2013-08-22T06:00:00+02:00,54,29,na,83,12.0,0.0,na
Eco Counter GmbH,Stadt Tübingen,667,Unterführung Steinlach/Karlstraße Südseite - Steinlachallee,100003359,Y2H17123962,9.058865,48.515434,(UTC+01:00) Europe/Paris DST,2013-08-22T07:00:00+02:00,150,80,na,230,14.0,0.0,na
Eco Counter GmbH,Stadt Tübingen,667,Unterführung Steinlach/Karlstraße Südseite - Steinlachallee,100003359,Y2H17123962,9.058865,48.515434,(UTC+01:00) Europe/Paris DST,2013-08-22T08:00:00+02:00,245,98,na,343,16.0,0.0,na
Eco Counter GmbH,Stadt Tübingen,667,Unterführung Steinlach/Karlstraße Südseite - Steinlachallee,100003359,Y2H17123962,9.058865,48.515434,(UTC+01:00) Europe/Paris DST,2013-08-22T09:00:00+02:00,209,98,na,307,17.0,0.0,na
Eco Counter GmbH,Stadt Tübingen,667,Unterführung Steinlach/Karlstraße Südseite - Steinlachallee,100003359,Y2H17123962,9.058865,48.515434,(UTC+01:00) Europe/Paris DST,2013-08-22T10:00:00+02:00,202,140,na,342,19.0,0.0,na
Eco Counter GmbH,Stadt Tübingen,667,Unterführung Steinlach/Karlstraße Südseite - Steinlachallee,100003359,Y2H17123962,9.058865,48.515434,(UTC+01:00) Europe/Paris DST,2013-08-22T11:00:00+02:00,213,148,na,361,21.0,0.0,na
Eco Counter GmbH,Stadt Tübingen,667,Unterführung Steinlach/Karlstraße Südseite - Steinlachallee,100003359,Y2H17123962,9.058865,48.515434,(UTC+01:00) Europe/Paris DST,2013-08-22T12:00:00+02:00,223,187,na,410,22.0,0.0,na
Eco Counter GmbH,Stadt Tübingen,667,Unterführung Steinlach/Karlstraße Südseite - Steinlachallee,100003359,Y2H17123962,9.058865,48.515434,(UTC+01:00) Europe/Paris DST,2013-08-22T13:00:00+02:00,195,207,na,402,22.0,0.0,na
Eco Counter GmbH,Stadt Tübingen,667,Unterführung Steinlach/Karlstraße Südseite - Steinlachallee,100003359,Y2H17123962,9.058865,48.515434,(UTC+01:00) Europe/Paris DST,2013-08-22T14:00:00+02:00,197,186,na,383,22.0,0.0,na
Eco Counter GmbH,Stadt Tübingen,667,Unterführung Steinlach/Karlstraße Südseite - Steinlachallee,100003359,Y2H17123962,9.058865,48.515434,(UTC+01:00) Europe/Paris DST,2013-08-22T15:00:00+02:00,239,180,na,419,22.0,0.0,na
Eco Counter GmbH,Stadt Tübingen,667,Unterführung Steinlach/Karlstraße Südseite - Steinlachallee,100003359,Y2H17123962,9.058865,48.515434,(UTC+01:00) Europe/Paris DST,2013-08-22T16:00:00+02:00,197,263,na,460,21.0,0.0,na
Eco Counter GmbH,Stadt Tübingen,667,Unterführung Steinlach/Karlstraße Südseite - Steinlachallee,100003359,Y2H17123962,9.058865,48.515434,(UTC+01:00) Europe/Paris DST,2013-08-22T17:00:00+02:00,224,304,na,528,20.0,0.0,na
Eco Counter GmbH,Stadt Tübingen,667,Unterführung Steinlach/Karlstraße Südseite - Steinlachallee,100003359,Y2H17123962,9.058865,48.515434,(UTC+01:00) Europe/Paris DST,2013-08-22T18:00:00+02:00,181,292,na,473,19.0,0.0,na
Eco Counter GmbH,Stadt Tübingen,667,Unterführung Steinlach/Karlstraße Südseite - Steinlachallee,100003359,Y2H17123962,9.058865,48.515434,(UTC+01:00) Europe/Paris DST,2013-08-22T19:00:00+02:00,161,224,na,385,18.0,0.0,na
Eco Counter GmbH,Stadt Tübingen,667,Unterführung Steinlach/Karlstraße Südseite - Steinlachallee,100003359,Y2H17123962,9.058865,48.515434,(UTC+01:00) Europe/Paris DST,2013-08-22T20:00:00+02:00,106,156,na,262,16.0,0.0,na
Eco Counter GmbH,Stadt Tübingen,667,Unterführung Steinlach/Karlstraße Südseite - Steinlachallee,100003359,Y2H17123962,9.058865,48.515434,(UTC+01:00) Europe/Paris DST,2013-08-22T21:00:00+02:00,72,97,na,169,15.0,0.0,na
Eco Counter GmbH,Stadt Tübingen,667,Unterführung Steinlach/Karlstraße Südseite - Steinlachallee,100003359,Y2H17123962,9.058865,48.515434,(UTC+01:00) Europe/Paris DST,2013-08-22T22:00:00+02:00,54,79,na,133,14.0,0.0,na
Eco Counter GmbH,Stadt Tübingen,667,Unterführung Steinlach/Karlstraße Südseite - Steinlachallee,100003359,Y2H17123962,9.058865,48.515434,(UTC+01:00) Europe/Paris DST,2013-08-22T23:00:00+02:00,48,45,na,93,13.0,0.0,na
Eco Counter GmbH,Stadt Tübingen,667,Unterführung Steinlach/Karlstraße Südseite - Steinlachallee,100003359,Y2H17123962,9.058865,48.515434,(UTC+01:00) Europe/Paris DST,2013-08-23T00:00:00+02:00,19,38,na,57,12.0,0.0,na
Eco Counter GmbH,Stadt Tübingen,667,Unterführung Steinlach/Karlstraße Südseite - Steinlachallee,100003359,Y2H17123962,9.058865,48.515434,(UTC+01:00) Europe/Paris DST,2013-08-23T01:00:00+02:00,9,17,na,26,12.0,0.0,na
Eco Counter GmbH,Stadt Tübingen,667,Unterführung Steinlach/Karlstraße Südseite - Steinlachallee,100003359,Y2H17123962,9.058865,48.515434,(UTC+01:00) Europe/Paris DST,2013-08-23T02:00:00+02:00,2,4,na,6,12.0,0.0,na
Eco Counter GmbH,Stadt Tübingen,667,Unterführung Steinlach/Karlstraße Südseite - Steinlachallee,100003359,Y2H17123962,9.058865,48.515434,(UTC+01:00) Europe/Paris DST,2013-08-23T03:00:00+02:00,3,6,na,9,12.0,0.0,na
Eco Counter GmbH,Stadt Tübingen,667,Unterführung Steinlach/Karlstraße Südseite - Steinlachallee,100003359,Y2H17123962,9.058865,48.515434,(UTC+01:00) Europe/Paris DST,2013-08-23T04:00:00+02:00,0,4,na,4,12.0,0.0,na
Eco Counter GmbH,Stadt Tübingen,667,Unterführung Steinlach/Karlstraße Südseite - Steinlachallee,100003359,Y2H17123962,9.058865,48.515434,(UTC+01:00) Europe/Paris DST,2013-08-23T05:00:00+02:00,17,8,na,25,12.0,0.0,na
Eco Counter GmbH,Stadt Tübingen,667,Unterführung Steinlach/Karlstraße Südseite - Steinlachallee,100003359,Y2H17123962,9.058865,48.515434,(UTC+01:00) Europe/Paris DST,2013-08-23T06:00:00+02:00,48,26,na,74,14.0,0.0,na
Eco Counter GmbH,Stadt Tübingen,667,Unterführung Steinlach/Karlstraße Südseite - Steinlachallee,100003359,Y2H17123962,9.058865,48.515434,(UTC+01:00) Europe/Paris DST,2013-08-23T07:00:00+02:00,137,64,na,201,15.0,0.0,na
Eco Counter GmbH,Stadt Tübingen,667,Unterführung Steinlach/Karlstraße Südseite - Steinlachallee,100003359,Y2H17123962,9.058865,48.515434,(UTC+01:00) Europe/Paris DST,2013-08-23T08:00:00+02:00,223,95,na,318,17.0,0.0,na
Eco Counter GmbH,Stadt Tübingen,667,Unterführung Steinlach/Karlstraße Südseite - Steinlachallee,100003359,Y2H17123962,9.058865,48.515434,(UTC+01:00) Europe/Paris DST,2013-08-23T09:00:00+02:00,218,91,na,309,19.0,0.0,na
Eco Counter GmbH,Stadt Tübingen,667,Unterführung Steinlach/Karlstraße Südseite - Steinlachallee,100003359,Y2H17123962,9.058865,48.515434,(UTC+01:00) Europe/Paris DST,2013-08-23T10:00:00+02:00,242,114,na,356,20.0,0.0,na
Eco Counter GmbH,Stadt Tübingen,667,Unterführung Steinlach/Karlstraße Südseite - Steinlachallee,100003359,Y2H17123962,9.058865,48.515434,(UTC+01:00) Europe/Paris DST,2013-08-23T11:00:00+02:00,203,163,na,366,22.0,0.0,na
Eco Counter GmbH,Stadt Tübingen,667,Unterführung Steinlach/Karlstraße Südseite - Steinlachallee,100003359,Y2H17123962,9.058865,48.515434,(UTC+01:00) Europe/Paris DST,2013-08-23T12:00:00+02:00,198,216,na,414,23.0,0.0,na
Eco Counter GmbH,Stadt Tübingen,667,Unterführung Steinlach/Karlstraße Südseite - Steinlachallee,100003359,Y2H17123962,9.058865,48.515434,(UTC+01:00) Europe/Paris DST,2013-08-23T13:00:00+02:00,162,196,na,358,23.0,0.0,na
Eco Counter GmbH,Stadt Tübingen,667,Unterführung Steinlach/Karlstraße Südseite - Steinlachallee,100003359,Y2H17123962,9.058865,48.515434,(UTC+01:00) Europe/Paris DST,2013-08-23T14:00:00+02:00,188,205,na,393,23.0,0.0,na
Eco Counter GmbH,Stadt Tübingen,667,Unterführung Steinlach/Karlstraße Südseite - Steinlachallee,100003359,Y2H17123962,9.058865,48.515434,(UTC+01:00) Europe/Paris DST,2013-08-23T15:00:00+02:00,175,190,na,365,22.0,0.0,na
Eco Counter GmbH,Stadt Tübingen,667,Unterführung Steinlach/Karlstraße Südseite - Steinlachallee,100003359,Y2H17123962,9.058865,48.515434,(UTC+01:00) Europe/Paris DST,2013-08-23T16:00:00+02:00,206,228,na,434,22.0,0.0,na
Eco Counter GmbH,Stadt Tübingen,667,Unterführung Steinlach/Karlstraße Südseite - Steinlachallee,100003359,Y2H17123962,9.058865,48.515434,(UTC+01:00) Europe/Paris DST,2013-08-23T17:00:00+02:00,172,215,na,387,21.0,0.0,na
Eco Counter GmbH,Stadt Tübingen,667,Unterführung Steinlach/Karlstraße Südseite - Steinlachallee,100003359,Y2H17123962,9.058865,48.515434,(UTC+01:00) Europe/Paris DST,2013-08-23T18:00:00+02:00,165,209,na,374,20.0,0.0,na
Eco Counter GmbH,Stadt Tübingen,667,Unterführung Steinlach/Karlstraße Südseite - Steinlachallee,100003359,Y2H17123962,9.058865,48.515434,(UTC+01:00) Europe/Paris DST,2013-08-23T19:00:00+02:00,155,165,na,320,18.0,0.0,na
Eco Counter GmbH,Stadt Tübingen,667,Unterführung Steinlach/Karlstraße Südseite - Steinlachallee,100003359,Y2H17123962,9.058865,48.515434,(UTC+01:00) Europe/Paris DST,2013-08-23T20:00:00+02:00,104,143,na,247,17.0,0.0,na
Eco Counter GmbH,Stadt Tübingen,667,Unterführung Steinlach/Karlstraße Südseite - Steinlachallee,100003359,Y2H17123962,9.058865,48.515434,(UTC+01:00) Europe/Paris DST,2013-08-23T21:00:00+02:00,66,87,na,153,16.0,0.0,na
Eco Counter GmbH,Stadt Tübingen,667,Unterführung Steinlach/Karlstraße Südseite - Steinlachallee,100003359,Y2H17123962,9.058865,48.515434,(UTC+01:00) Europe/Paris DST,2013-08-23T22:00:00+02:00,43,74,na,117,15.0,0.0,na
Eco Counter GmbH,Stadt Tübingen,667,Unterführung Steinlach/Karlstraße Südseite - Steinlachallee,100003359,Y2H17123962,9.058865,48.515434,(UTC+01:00) Europe/Paris DST,2013-08-23T23:00:00+02:00,25,58,na,83,14.0,0.0,na
Eco Counter GmbH,Stadt Tübingen,667,Unterführung Steinlach/Karlstraße Südseite - Steinlachallee,100003359,Y2H17123962,9.058865,48.515434,(UTC+01:00) Europe/Paris DST,2013-08-24T00:00:00+02:00,22,40,na,62,13.0,0.0,na
Eco Counter GmbH,Stadt Tübingen,667,Unterführung Steinlach/Karlstraße Südseite - Steinlachallee,100003359,Y2H17123962,9.058865,48.515434,(UTC+01:00) Europe/Paris DST,2013-08-24T01:00:00+02:00,12,19,na,31,13.0,0.0,na
Eco Counter GmbH,Stadt Tübingen,667,Unterführung Steinlach/Karlstraße Südseite - Steinlachallee,100003359,Y2H17123962,9.058865,48.515434,(UTC+01:00) Europe/Paris DST,2013-08-24T02:00:00+02:00,6,17,na,23,12.0,0.0,na
Eco Counter GmbH,Stadt Tübingen,667,Unterführung Steinlach/Karlstraße Südseite - Steinlachallee,100003359,Y2H17123962,9.058865,48.515434,(UTC+01:00) Europe/Paris DST,2013-08-24T03:00:00+02:00,0,13,na,13,12.0,0.0,na
Eco Counter GmbH,Stadt Tübingen,667,Unterführung Steinlach/Karlstraße Südseite - Steinlachallee,100003359,Y2H17123962,9.058865,48.515434,(UTC+01:00) Europe/Paris DST,2013-08-24T04:00:00+02:00,4,8,na,12,12.0,0.0,na
Eco Counter GmbH,Stadt Tübingen,667,Unterführung Steinlach/Karlstraße Südseite - Steinlachallee,100003359,Y2H17123962,9.058865,48.515434,(UTC+01:00) Europe/Paris DST,2013-08-24T05:00:00+02:00,14,8,na,22,13.0,0.0,na
Eco Counter GmbH,Stadt Tübingen,667,Unterführung Steinlach/Karlstraße Südseite - Steinlachallee,100003359,Y2H17123962,9.058865,48.515434,(UTC+01:00) Europe/Paris DST,2013-08-24T06:00:00+02:00,20,11,na,31,14.0,0.0,na
Eco Counter GmbH,Stadt Tübingen,667,Unterführung Steinlach/Karlstraße Südseite - Steinlachallee,100003359,Y2H17123962,9.058865,48.515434,(UTC+01:00) Europe/Paris DST,2013-08-24T07:00:00+02:00,41,21,na,62,16.0,0.0,na
Eco Counter GmbH,Stadt Tübingen,667,Unterführung Steinlach/Karlstraße Südseite - Steinlachallee,100003359,Y2H17123962,9.058865,48.515434,(UTC+01:00) Europe/Paris DST,2013-08-24T08:00:00+02:00,85,46,na,131,18.0,0.0,na
Eco Counter GmbH,Stadt Tübingen,667,Unterführung Steinlach/Karlstraße Südseite - Steinlachallee,100003359,Y2H17123962,9.058865,48.515434,(UTC+01:00) Europe/Paris DST,2013-08-24T09:00:00+02:00,140,98,na,238,20.0,0.0,na
Eco Counter GmbH,Stadt Tübingen,667,Unterführung Steinlach/Karlstraße Südseite - Steinlachallee,100003359,Y2H17123962,9.058865,48.515434,(UTC+01:00) Europe/Paris DST,2013-08-24T10:00:00+02:00,227,94,na,321,21.0,0.0,na
Eco Counter GmbH,Stadt Tübingen,667,Unterführung Steinlach/Karlstraße Südseite - Steinlachallee,100003359,Y2H17123962,9.058865,48.515434,(UTC+01:00) Europe/Paris DST,2013-08-24T11:00:00+02:00,267,157,na,424,22.0,0.0,na
Eco Counter GmbH,Stadt Tübingen,667,Unterführung Steinlach/Karlstraße Südseite - Steinlachallee,100003359,Y2H17123962,9.058865,48.515434,(UTC+01:00) Europe/Paris DST,2013-08-24T12:00:00+02:00,245,203,na,448,22.0,0.0,na
Eco Counter GmbH,Stadt Tübingen,667,Unterführung Steinlach/Karlstraße Südseite - Steinlachallee,100003359,Y2H17123962,9.058865,48.515434,(UTC+01:00) Europe/Paris DST,2013-08-24T13:00:00+02:00,171,220,na,391,20.0,3.2,na
Eco Counter GmbH,Stadt Tübingen,667,Unterführung Steinlach/Karlstraße Südseite - Steinlachallee,100003359,Y2H17123962,9.058865,48.515434,(UTC+01:00) Europe/Paris DST,2013-08-24T14:00:00+02:00,47,145,na,192,19.0,3.1,na
Eco Counter GmbH,Stadt Tübingen,667,Unterführung Steinlach/Karlstraße Südseite - Steinlachallee,100003359,Y2H17123962,9.058865,48.515434,(UTC+01:00) Europe/Paris DST,2013-08-24T15:00:00+02:00,30,80,na,110,18.0,2.2,na
Eco Counter GmbH,Stadt Tübingen,667,Unterführung Steinlach/Karlstraße Südseite - Steinlachallee,100003359,Y2H17123962,9.058865,48.515434,(UTC+01:00) Europe/Paris DST,2013-08-24T16:00:00+02:00,72,79,na,151,17.0,1.2,na
Eco Counter GmbH,Stadt Tübingen,667,Unterführung Steinlach/Karlstraße Südseite - Steinlachallee,100003359,Y2H17123962,9.058865,48.515434,(UTC+01:00) Europe/Paris DST,2013-08-24T17:00:00+02:00,67,86,na,153,16.0,1.0,na
Eco Counter GmbH,Stadt Tübingen,667,Unterführung Steinlach/Karlstraße Südseite - Steinlachallee,100003359,Y2H17123962,9.058865,48.515434,(UTC+01:00) Europe/Paris DST,2013-08-24T18:00:00+02:00,72,67,na,139,16.0,1.3,na
Eco Counter GmbH,Stadt Tübingen,667,Unterführung Steinlach/Karlstraße Südseite - Steinlachallee,100003359,Y2H17123962,9.058865,48.515434,(UTC+01:00) Europe/Paris DST,2013-08-24T19:00:00+02:00,98,70,na,168,15.0,0.6,na
Eco Counter GmbH,Stadt Tübingen,667,Unterführung Steinlach/Karlstraße Südseite - Steinlachallee,100003359,Y2H17123962,9.058865,48.515434,(UTC+01:00) Europe/Paris DST,2013-08-24T20:00:00+02:00,68,78,na,146,15.0,0.0,na
Eco Counter GmbH,Stadt Tübingen,667,Unterführung Steinlach/Karlstraße Südseite - Steinlachallee,100003359,Y2H17123962,9.058865,48.515434,(UTC+01:00) Europe/Paris DST,2013-08-24T21:00:00+02:00,51,46,na,97,14.0,0.0,na
Eco Counter GmbH,Stadt Tübingen,667,Unterführung Steinlach/Karlstraße Südseite - Steinlachallee,100003359,Y2H17123962,9.058865,48.515434,(UTC+01:00) Europe/Paris DST,2013-08-24T22:00:00+02:00,21,30,na,51,13.0,0.0,na
Eco Counter GmbH,Stadt Tübingen,667,Unterführung Steinlach/Karlstraße Südseite - Steinlachallee,100003359,Y2H17123962,9.058865,48.515434,(UTC+01:00) Europe/Paris DST,2013-08-24T23:00:00+02:00,13,23,na,36,13.0,0.0,na
Eco Counter GmbH,Stadt Tübingen,667,Unterführung Steinlach/Karlstraße Südseite - Steinlachallee,100003359,Y2H17123962,9.058865,48.515434,(UTC+01:00) Europe/Paris DST,2013-08-25T00:00:00+02:00,6,31,na,37,13.0,0.0,na
Eco Counter GmbH,Stadt Tübingen,667,Unterführung Steinlach/Karlstraße Südseite - Steinlachallee,100003359,Y2H17123962,9.058865,48.515434,(UTC+01:00) Europe/Paris DST,2013-08-25T01:00:00+02:00,7,15,na,22,13.0,0.2,na
Eco Counter GmbH,Stadt Tübingen,667,Unterführung Steinlach/Karlstraße Südseite - Steinlachallee,100003359,Y2H17123962,9.058865,48.515434,(UTC+01:00) Europe/Paris DST,2013-08-25T02:00:00+02:00,7,21,na,28,13.0,0.2,na
Eco Counter GmbH,Stadt Tübingen,667,Unterführung Steinlach/Karlstraße Südseite - Steinlachallee,100003359,Y2H17123962,9.058865,48.515434,(UTC+01:00) Europe/Paris DST,2013-08-25T03:00:00+02:00,3,9,na,12,13.0,0.0,na
Eco Counter GmbH,Stadt Tübingen,667,Unterführung Steinlach/Karlstraße Südseite - Steinlachallee,100003359,Y2H17123962,9.058865,48.515434,(UTC+01:00) Europe/Paris DST,2013-08-25T04:00:00+02:00,1,6,na,7,12.0,0.0,na
Eco Counter GmbH,Stadt Tübingen,667,Unterführung Steinlach/Karlstraße Südseite - Steinlachallee,100003359,Y2H17123962,9.058865,48.515434,(UTC+01:00) Europe/Paris DST,2013-08-25T05:00:00+02:00,4,0,na,4,12.0,0.0,na
Eco Counter GmbH,Stadt Tübingen,667,Unterführung Steinlach/Karlstraße Südseite - Steinlachallee,100003359,Y2H17123962,9.058865,48.515434,(UTC+01:00) Europe/Paris DST,2013-08-25T06:00:00+02:00,0,6,na,6,12.0,0.0,na
Eco Counter GmbH,Stadt Tübingen,667,Unterführung Steinlach/Karlstraße Südseite - Steinlachallee,100003359,Y2H17123962,9.058865,48.515434,(UTC+01:00) Europe/Paris DST,2013-08-25T07:00:00+02:00,11,7,na,18,12.0,0.1,na
Eco Counter GmbH,Stadt Tübingen,667,Unterführung Steinlach/Karlstraße Südseite - Steinlachallee,100003359,Y2H17123962,9.058865,48.515434,(UTC+01:00) Europe/Paris DST,2013-08-25T08:00:00+02:00,18,16,na,34,13.0,0.3,na
Eco Counter GmbH,Stadt Tübingen,667,Unterführung Steinlach/Karlstraße Südseite - Steinlachallee,100003359,Y2H17123962,9.058865,48.515434,(UTC+01:00) Europe/Paris DST,2013-08-25T09:00:00+02:00,62,46,na,108,13.0,0.3,na
Eco Counter GmbH,Stadt Tübingen,667,Unterführung Steinlach/Karlstraße Südseite - Steinlachallee,100003359,Y2H17123962,9.058865,48.515434,(UTC+01:00) Europe/Paris DST,2013-08-25T10:00:00+02:00,64,47,na,111,14.0,0.5,na
Eco Counter GmbH,Stadt Tübingen,667,Unterführung Steinlach/Karlstraße Südseite - Steinlachallee,100003359,Y2H17123962,9.058865,48.515434,(UTC+01:00) Europe/Paris DST,2013-08-25T11:00:00+02:00,72,61,na,133,15.0,0.3,na
Eco Counter GmbH,Stadt Tübingen,667,Unterführung Steinlach/Karlstraße Südseite - Steinlachallee,100003359,Y2H17123962,9.058865,48.515434,(UTC+01:00) Europe/Paris DST,2013-08-25T12:00:00+02:00,35,59,na,94,15.0,0.1,na
Eco Counter GmbH,Stadt Tübingen,667,Unterführung Steinlach/Karlstraße Südseite - Steinlachallee,100003359,Y2H17123962,9.058865,48.515434,(UTC+01:00) Europe/Paris DST,2013-08-25T13:00:00+02:00,42,28,na,70,15.0,0.1,na
Eco Counter GmbH,Stadt Tübingen,667,Unterführung Steinlach/Karlstraße Südseite - Steinlachallee,100003359,Y2H17123962,9.058865,48.515434,(UTC+01:00) Europe/Paris DST,2013-08-25T14:00:00+02:00,25,25,na,50,16.0,0.2,na
Eco Counter GmbH,Stadt Tübingen,667,Unterführung Steinlach/Karlstraße Südseite - Steinlachallee,100003359,Y2H17123962,9.058865,48.515434,(UTC+01:00) Europe/Paris DST,2013-08-25T15:00:00+02:00,43,40,na,83,15.0,0.8,na
Eco Counter GmbH,Stadt Tübingen,667,Unterführung Steinlach/Karlstraße Südseite - Steinlachallee,100003359,Y2H17123962,9.058865,48.515434,(UTC+01:00) Europe/Paris DST,2013-08-25T16:00:00+02:00,54,38,na,92,15.0,1.2,na
Eco Counter GmbH,Stadt Tübingen,667,Unterführung Steinlach/Karlstraße Südseite - Steinlachallee,100003359,Y2H17123962,9.058865,48.515434,(UTC+01:00) Europe/Paris DST,2013-08-25T17:00:00+02:00,53,58,na,111,14.0,0.3,na
Eco Counter GmbH,Stadt Tübingen,667,Unterführung Steinlach/Karlstraße Südseite - Steinlachallee,100003359,Y2H17123962,9.058865,48.515434,(UTC+01:00) Europe/Paris DST,2013-08-25T18:00:00+02:00,55,47,na,102,14.0,0.2,na
Eco Counter GmbH,Stadt Tübingen,667,Unterführung Steinlach/Karlstraße Südseite - Steinlachallee,100003359,Y2H17123962,9.058865,48.515434,(UTC+01:00) Europe/Paris DST,2013-08-25T19:00:00+02:00,51,59,na,110,14.0,0.2,na
Eco Counter GmbH,Stadt Tübingen,667,Unterführung Steinlach/Karlstraße Südseite - Steinlachallee,100003359,Y2H17123962,9.058865,48.515434,(UTC+01:00) Europe/Paris DST,2013-08-25T20:00:00+02:00,30,58,na,88,13.0,0.8,na
Eco Counter GmbH,Stadt Tübingen,667,Unterführung Steinlach/Karlstraße Südseite - Steinlachallee,100003359,Y2H17123962,9.058865,48.515434,(UTC+01:00) Europe/Paris DST,2013-08-25T21:00:00+02:00,27,33,na,60,13.0,0.8,na
Eco Counter GmbH,Stadt Tübingen,667,Unterführung Steinlach/Karlstraße Südseite - Steinlachallee,100003359,Y2H17123962,9.058865,48.515434,(UTC+01:00) Europe/Paris DST,2013-08-25T22:00:00+02:00,9,20,na,29,12.0,0.8,na
Eco Counter GmbH,Stadt Tübingen,667,Unterführung Steinlach/Karlstraße Südseite - Steinlachallee,100003359,Y2H17123962,9.058865,48.515434,(UTC+01:00) Europe/Paris DST,2013-08-25T23:00:00+02:00,9,27,na,36,12.0,0.7,na
Eco Counter GmbH,Stadt Tübingen,667,Unterführung Steinlach/Karlstraße Südseite - Steinlachallee,100003359,Y2H17123962,9.058865,48.515434,(UTC+01:00) Europe/Paris DST,2013-08-26T00:00:00+02:00,3,6,na,9,12.0,0.9,na
Eco Counter GmbH,Stadt Tübingen,667,Unterführung Steinlach/Karlstraße Südseite - Steinlachallee,100003359,Y2H17123962,9.058865,48.515434,(UTC+01:00) Europe/Paris DST,2013-08-26T01:00:00+02:00,0,3,na,3,12.0,0.9,na
Eco Counter GmbH,Stadt Tübingen,667,Unterführung Steinlach/Karlstraße Südseite - Steinlachallee,100003359,Y2H17123962,9.058865,48.515434,(UTC+01:00) Europe/Paris DST,2013-08-26T02:00:00+02:00,1,4,na,5,12.0,0.5,na
Eco Counter GmbH,Stadt Tübingen,667,Unterführung Steinlach/Karlstraße Südseite - Steinlachallee,100003359,Y2H17123962,9.058865,48.515434,(UTC+01:00) Europe/Paris DST,2013-08-26T03:00:00+02:00,1,1,na,2,12.0,0.6,na
Eco Counter GmbH,Stadt Tübingen,667,Unterführung Steinlach/Karlstraße Südseite - Steinlachallee,100003359,Y2H17123962,9.058865,48.515434,(UTC+01:00) Europe/Paris DST,2013-08-26T04:00:00+02:00,6,2,na,8,12.0,0.2,na
Eco Counter GmbH,Stadt Tübingen,667,Unterführung Steinlach/Karlstraße Südseite - Steinlachallee,100003359,Y2H17123962,9.058865,48.515434,(UTC+01:00) Europe/Paris DST,2013-08-26T05:00:00+02:00,13,4,na,17,12.0,0.2,na
Eco Counter GmbH,Stadt Tübingen,667,Unterführung Steinlach/Karlstraße Südseite - Steinlachallee,100003359,Y2H17123962,9.058865,48.515434,(UTC+01:00) Europe/Paris DST,2013-08-26T06:00:00+02:00,48,32,na,80,12.0,0.1,na
Eco Counter GmbH,Stadt Tübingen,667,Unterführung Steinlach/Karlstraße Südseite - Steinlachallee,100003359,Y2H17123962,9.058865,48.515434,(UTC+01:00) Europe/Paris DST,2013-08-26T07:00:00+02:00,111,59,na,170,13.0,0.0,na
Eco Counter GmbH,Stadt Tübingen,667,Unterführung Steinlach/Karlstraße Südseite - Steinlachallee,100003359,Y2H17123962,9.058865,48.515434,(UTC+01:00) Europe/Paris DST,2013-08-26T08:00:00+02:00,226,81,na,307,14.0,0.0,na
Eco Counter GmbH,Stadt Tübingen,667,Unterführung Steinlach/Karlstraße Südseite - Steinlachallee,100003359,Y2H17123962,9.058865,48.515434,(UTC+01:00) Europe/Paris DST,2013-08-26T09:00:00+02:00,182,95,na,277,15.0,0.0,na
Eco Counter GmbH,Stadt Tübingen,667,Unterführung Steinlach/Karlstraße Südseite - Steinlachallee,100003359,Y2H17123962,9.058865,48.515434,(UTC+01:00) Europe/Paris DST,2013-08-26T10:00:00+02:00,169,110,na,279,16.0,0.1,na
Eco Counter GmbH,Stadt Tübingen,667,Unterführung Steinlach/Karlstraße Südseite - Steinlachallee,100003359,Y2H17123962,9.058865,48.515434,(UTC+01:00) Europe/Paris DST,2013-08-26T11:00:00+02:00,173,118,na,291,17.0,0.2,na
Eco Counter GmbH,Stadt Tübingen,667,Unterführung Steinlach/Karlstraße Südseite - Steinlachallee,100003359,Y2H17123962,9.058865,48.515434,(UTC+01:00) Europe/Paris DST,2013-08-26T12:00:00+02:00,207,155,na,362,18.0,0.1,na
Eco Counter GmbH,Stadt Tübingen,667,Unterführung Steinlach/Karlstraße Südseite - Steinlachallee,100003359,Y2H17123962,9.058865,48.515434,(UTC+01:00) Europe/Paris DST,2013-08-26T13:00:00+02:00,141,164,na,305,19.0,0.0,na
Eco Counter GmbH,Stadt Tübingen,667,Unterführung Steinlach/Karlstraße Südseite - Steinlachallee,100003359,Y2H17123962,9.058865,48.515434,(UTC+01:00) Europe/Paris DST,2013-08-26T14:00:00+02:00,157,142,na,299,19.0,0.0,na
Eco Counter GmbH,Stadt Tübingen,667,Unterführung Steinlach/Karlstraße Südseite - Steinlachallee,100003359,Y2H17123962,9.058865,48.515434,(UTC+01:00) Europe/Paris DST,2013-08-26T15:00:00+02:00,211,178,na,389,19.0,0.0,na
Eco Counter GmbH,Stadt Tübingen,667,Unterführung Steinlach/Karlstraße Südseite - Steinlachallee,100003359,Y2H17123962,9.058865,48.515434,(UTC+01:00) Europe/Paris DST,2013-08-26T16:00:00+02:00,183,242,na,425,18.0,0.0,na
Eco Counter GmbH,Stadt Tübingen,667,Unterführung Steinlach/Karlstraße Südseite - Steinlachallee,100003359,Y2H17123962,9.058865,48.515434,(UTC+01:00) Europe/Paris DST,2013-08-26T17:00:00+02:00,205,288,na,493,17.0,0.0,na
Eco Counter GmbH,Stadt Tübingen,667,Unterführung Steinlach/Karlstraße Südseite - Steinlachallee,100003359,Y2H17123962,9.058865,48.515434,(UTC+01:00) Europe/Paris DST,2013-08-26T18:00:00+02:00,171,240,na,411,16.0,0.0,na
Eco Counter GmbH,Stadt Tübingen,667,Unterführung Steinlach/Karlstraße Südseite - Steinlachallee,100003359,Y2H17123962,9.058865,48.515434,(UTC+01:00) Europe/Paris DST,2013-08-26T19:00:00+02:00,137,155,na,292,15.0,0.0,na
Eco Counter GmbH,Stadt Tübingen,667,Unterführung Steinlach/Karlstraße Südseite - Steinlachallee,100003359,Y2H17123962,9.058865,48.515434,(UTC+01:00) Europe/Paris DST,2013-08-26T20:00:00+02:00,97,139,na,236,14.0,0.0,na
Eco Counter GmbH,Stadt Tübingen,667,Unterführung Steinlach/Karlstraße Südseite - Steinlachallee,100003359,Y2H17123962,9.058865,48.515434,(UTC+01:00) Europe/Paris DST,2013-08-26T21:00:00+02:00,50,81,na,131,13.0,0.0,na
Eco Counter GmbH,Stadt Tübingen,667,Unterführung Steinlach/Karlstraße Südseite - Steinlachallee,100003359,Y2H17123962,9.058865,48.515434,(UTC+01:00) Europe/Paris DST,2013-08-26T22:00:00+02:00,23,58,na,81,12.0,0.0,na
Eco Counter GmbH,Stadt Tübingen,667,Unterführung Steinlach/Karlstraße Südseite - Steinlachallee,100003359,Y2H17123962,9.058865,48.515434,(UTC+01:00) Europe/Paris DST,2013-08-26T23:00:00+02:00,18,40,na,58,12.0,0.0,na
Eco Counter GmbH,Stadt Tübingen,667,Unterführung Steinlach/Karlstraße Südseite - Steinlachallee,100003359,Y2H17123962,9.058865,48.515434,(UTC+01:00) Europe/Paris DST,2013-08-27T00:00:00+02:00,15,17,na,32,11.0,0.0,na
Eco Counter GmbH,Stadt Tübingen,667,Unterführung Steinlach/Karlstraße Südseite - Steinlachallee,100003359,Y2H17123962,9.058865,48.515434,(UTC+01:00) Europe/Paris DST,2013-08-27T01:00:00+02:00,2,15,na,17,10.0,0.0,na
Eco Counter GmbH,Stadt Tübingen,667,Unterführung Steinlach/Karlstraße Südseite - Steinlachallee,100003359,Y2H17123962,9.058865,48.515434,(UTC+01:00) Europe/Paris DST,2013-08-27T02:00:00+02:00,3,5,na,8,10.0,0.0,na
Eco Counter GmbH,Stadt Tübingen,667,Unterführung Steinlach/Karlstraße Südseite - Steinlachallee,100003359,Y2H17123962,9.058865,48.515434,(UTC+01:00) Europe/Paris DST,2013-08-27T03:00:00+02:00,3,3,na,6,10.0,0.0,na
Eco Counter GmbH,Stadt Tübingen,667,Unterführung Steinlach/Karlstraße Südseite - Steinlachallee,100003359,Y2H17123962,9.058865,48.515434,(UTC+01:00) Europe/Paris DST,2013-08-27T04:00:00+02:00,3,3,na,6,10.0,0.0,na
Eco Counter GmbH,Stadt Tübingen,667,Unterführung Steinlach/Karlstraße Südseite - Steinlachallee,100003359,Y2H17123962,9.058865,48.515434,(UTC+01:00) Europe/Paris DST,2013-08-27T05:00:00+02:00,20,7,na,27,10.0,0.0,na
Eco Counter GmbH,Stadt Tübingen,667,Unterführung Steinlach/Karlstraße Südseite - Steinlachallee,100003359,Y2H17123962,9.058865,48.515434,(UTC+01:00) Europe/Paris DST,2013-08-27T06:00:00+02:00,53,26,na,79,12.0,0.0,na
Eco Counter GmbH,Stadt Tübingen,667,Unterführung Steinlach/Karlstraße Südseite - Steinlachallee,100003359,Y2H17123962,9.058865,48.515434,(UTC+01:00) Europe/Paris DST,2013-08-27T07:00:00+02:00,170,68,na,238,13.0,0.0,na
Eco Counter GmbH,Stadt Tübingen,667,Unterführung Steinlach/Karlstraße Südseite - Steinlachallee,100003359,Y2H17123962,9.058865,48.515434,(UTC+01:00) Europe/Paris DST,2013-08-27T08:00:00+02:00,235,101,na,336,15.0,0.0,na
Eco Counter GmbH,Stadt Tübingen,667,Unterführung Steinlach/Karlstraße Südseite - Steinlachallee,100003359,Y2H17123962,9.058865,48.515434,(UTC+01:00) Europe/Paris DST,2013-08-27T09:00:00+02:00,231,99,na,330,17.0,0.0,na
Eco Counter GmbH,Stadt Tübingen,667,Unterführung Steinlach/Karlstraße Südseite - Steinlachallee,100003359,Y2H17123962,9.058865,48.515434,(UTC+01:00) Europe/Paris DST,2013-08-27T10:00:00+02:00,198,99,na,297,17.0,0.1,na
Eco Counter GmbH,Stadt Tübingen,667,Unterführung Steinlach/Karlstraße Südseite - Steinlachallee,100003359,Y2H17123962,9.058865,48.515434,(UTC+01:00) Europe/Paris DST,2013-08-27T11:00:00+02:00,182,138,na,320,18.0,0.3,na
Eco Counter GmbH,Stadt Tübingen,667,Unterführung Steinlach/Karlstraße Südseite - Steinlachallee,100003359,Y2H17123962,9.058865,48.515434,(UTC+01:00) Europe/Paris DST,2013-08-27T12:00:00+02:00,180,184,na,364,19.0,0.5,na
Eco Counter GmbH,Stadt Tübingen,667,Unterführung Steinlach/Karlstraße Südseite - Steinlachallee,100003359,Y2H17123962,9.058865,48.515434,(UTC+01:00) Europe/Paris DST,2013-08-27T13:00:00+02:00,161,151,na,312,19.0,0.3,na
Eco Counter GmbH,Stadt Tübingen,667,Unterführung Steinlach/Karlstraße Südseite - Steinlachallee,100003359,Y2H17123962,9.058865,48.515434,(UTC+01:00) Europe/Paris DST,2013-08-27T14:00:00+02:00,190,171,na,361,19.0,0.5,na
Eco Counter GmbH,Stadt Tübingen,667,Unterführung Steinlach/Karlstraße Südseite - Steinlachallee,100003359,Y2H17123962,9.058865,48.515434,(UTC+01:00) Europe/Paris DST,2013-08-27T15:00:00+02:00,180,208,na,388,18.0,2.8,na
Eco Counter GmbH,Stadt Tübingen,667,Unterführung Steinlach/Karlstraße Südseite - Steinlachallee,100003359,Y2H17123962,9.058865,48.515434,(UTC+01:00) Europe/Paris DST,2013-08-27T16:00:00+02:00,174,238,na,412,17.0,2.3,na
Eco Counter GmbH,Stadt Tübingen,667,Unterführung Steinlach/Karlstraße Südseite - Steinlachallee,100003359,Y2H17123962,9.058865,48.515434,(UTC+01:00) Europe/Paris DST,2013-08-27T17:00:00+02:00,201,288,na,489,16.0,1.0,na
Eco Counter GmbH,Stadt Tübingen,667,Unterführung Steinlach/Karlstraße Südseite - Steinlachallee,100003359,Y2H17123962,9.058865,48.515434,(UTC+01:00) Europe/Paris DST,2013-08-27T18:00:00+02:00,191,262,na,453,15.0,0.3,na
Eco Counter GmbH,Stadt Tübingen,667,Unterführung Steinlach/Karlstraße Südseite - Steinlachallee,100003359,Y2H17123962,9.058865,48.515434,(UTC+01:00) Europe/Paris DST,2013-08-27T19:00:00+02:00,124,166,na,290,14.0,0.2,na
Eco Counter GmbH,Stadt Tübingen,667,Unterführung Steinlach/Karlstraße Südseite - Steinlachallee,100003359,Y2H17123962,9.058865,48.515434,(UTC+01:00) Europe/Paris DST,2013-08-27T20:00:00+02:00,88,115,na,203,13.0,0.0,na
Eco Counter GmbH,Stadt Tübingen,667,Unterführung Steinlach/Karlstraße Südseite - Steinlachallee,100003359,Y2H17123962,9.058865,48.515434,(UTC+01:00) Europe/Paris DST,2013-08-27T21:00:00+02:00,34,69,na,103,12.0,0.0,na
Eco Counter GmbH,Stadt Tübingen,667,Unterführung Steinlach/Karlstraße Südseite - Steinlachallee,100003359,Y2H17123962,9.058865,48.515434,(UTC+01:00) Europe/Paris DST,2013-08-27T22:00:00+02:00,21,94,na,115,12.0,0.2,na
Eco Counter GmbH,Stadt Tübingen,667,Unterführung Steinlach/Karlstraße Südseite - Steinlachallee,100003359,Y2H17123962,9.058865,48.515434,(UTC+01:00) Europe/Paris DST,2013-08-27T23:00:00+02:00,23,31,na,54,11.0,0.0,na
Eco Counter GmbH,Stadt Tübingen,667,Unterführung Steinlach/Karlstraße Südseite - Steinlachallee,100003359,Y2H17123962,9.058865,48.515434,(UTC+01:00) Europe/Paris DST,2013-08-28T00:00:00+02:00,11,21,na,32,11.0,0.0,na
Eco Counter GmbH,Stadt Tübingen,667,Unterführung Steinlach/Karlstraße Südseite - Steinlachallee,100003359,Y2H17123962,9.058865,48.515434,(UTC+01:00) Europe/Paris DST,2013-08-28T01:00:00+02:00,2,12,na,14,11.0,0.0,na
Eco Counter GmbH,Stadt Tübingen,667,Unterführung Steinlach/Karlstraße Südseite - Steinlachallee,100003359,Y2H17123962,9.058865,48.515434,(UTC+01:00) Europe/Paris DST,2013-08-28T02:00:00+02:00,2,3,na,5,10.0,0.0,na
Eco Counter GmbH,Stadt Tübingen,667,Unterführung Steinlach/Karlstraße Südseite - Steinlachallee,100003359,Y2H17123962,9.058865,48.515434,(UTC+01:00) Europe/Paris DST,2013-08-28T03:00:00+02:00,2,0,na,2,10.0,0.0,na
Eco Counter GmbH,Stadt Tübingen,667,Unterführung Steinlach/Karlstraße Südseite - Steinlachallee,100003359,Y2H17123962,9.058865,48.515434,(UTC+01:00) Europe/Paris DST,2013-08-28T04:00:00+02:00,5,3,na,8,11.0,0.0,na
Eco Counter GmbH,Stadt Tübingen,667,Unterführung Steinlach/Karlstraße Südseite - Steinlachallee,100003359,Y2H17123962,9.058865,48.515434,(UTC+01:00) Europe/Paris DST,2013-08-28T05:00:00+02:00,22,7,na,29,12.0,0.1,na
Eco Counter GmbH,Stadt Tübingen,667,Unterführung Steinlach/Karlstraße Südseite - Steinlachallee,100003359,Y2H17123962,9.058865,48.515434,(UTC+01:00) Europe/Paris DST,2013-08-28T06:00:00+02:00,47,37,na,84,13.0,0.2,na
Eco Counter GmbH,Stadt Tübingen,667,Unterführung Steinlach/Karlstraße Südseite - Steinlachallee,100003359,Y2H17123962,9.058865,48.515434,(UTC+01:00) Europe/Paris DST,2013-08-28T07:00:00+02:00,152,69,na,221,14.0,0.1,na
Eco Counter GmbH,Stadt Tübingen,667,Unterführung Steinlach/Karlstraße Südseite - Steinlachallee,100003359,Y2H17123962,9.058865,48.515434,(UTC+01:00) Europe/Paris DST,2013-08-28T08:00:00+02:00,235,109,na,344,15.0,0.0,na
Eco Counter GmbH,Stadt Tübingen,667,Unterführung Steinlach/Karlstraße Südseite - Steinlachallee,100003359,Y2H17123962,9.058865,48.515434,(UTC+01:00) Europe/Paris DST,2013-08-28T09:00:00+02:00,235,93,na,328,17.0,0.0,na
Eco Counter GmbH,Stadt Tübingen,667,Unterführung Steinlach/Karlstraße Südseite - Steinlachallee,100003359,Y2H17123962,9.058865,48.515434,(UTC+01:00) Europe/Paris DST,2013-08-28T10:00:00+02:00,235,121,na,356,18.0,0.0,na
Eco Counter GmbH,Stadt Tübingen,667,Unterführung Steinlach/Karlstraße Südseite - Steinlachallee,100003359,Y2H17123962,9.058865,48.515434,(UTC+01:00) Europe/Paris DST,2013-08-28T11:00:00+02:00,184,139,na,323,19.0,0.0,na
Eco Counter GmbH,Stadt Tübingen,667,Unterführung Steinlach/Karlstraße Südseite - Steinlachallee,100003359,Y2H17123962,9.058865,48.515434,(UTC+01:00) Europe/Paris DST,2013-08-28T12:00:00+02:00,148,199,na,347,19.0,0.0,na
Eco Counter GmbH,Stadt Tübingen,667,Unterführung Steinlach/Karlstraße Südseite - Steinlachallee,100003359,Y2H17123962,9.058865,48.515434,(UTC+01:00) Europe/Paris DST,2013-08-28T13:00:00+02:00,157,171,na,328,19.0,0.0,na
Eco Counter GmbH,Stadt Tübingen,667,Unterführung Steinlach/Karlstraße Südseite - Steinlachallee,100003359,Y2H17123962,9.058865,48.515434,(UTC+01:00) Europe/Paris DST,2013-08-28T14:00:00+02:00,144,164,na,308,19.0,0.0,na
Eco Counter GmbH,Stadt Tübingen,667,Unterführung Steinlach/Karlstraße Südseite - Steinlachallee,100003359,Y2H17123962,9.058865,48.515434,(UTC+01:00) Europe/Paris DST,2013-08-28T15:00:00+02:00,211,191,na,402,18.0,0.0,na
Eco Counter GmbH,Stadt Tübingen,667,Unterführung Steinlach/Karlstraße Südseite - Steinlachallee,100003359,Y2H17123962,9.058865,48.515434,(UTC+01:00) Europe/Paris DST,2013-08-28T16:00:00+02:00,218,257,na,475,18.0,0.0,na
Eco Counter GmbH,Stadt Tübingen,667,Unterführung Steinlach/Karlstraße Südseite - Steinlachallee,100003359,Y2H17123962,9.058865,48.515434,(UTC+01:00) Europe/Paris DST,2013-08-28T17:00:00+02:00,194,267,na,461,17.0,0.0,na
Eco Counter GmbH,Stadt Tübingen,667,Unterführung Steinlach/Karlstraße Südseite - Steinlachallee,100003359,Y2H17123962,9.058865,48.515434,(UTC+01:00) Europe/Paris DST,2013-08-28T18:00:00+02:00,190,250,na,440,16.0,0.0,na
Eco Counter GmbH,Stadt Tübingen,667,Unterführung Steinlach/Karlstraße Südseite - Steinlachallee,100003359,Y2H17123962,9.058865,48.515434,(UTC+01:00) Europe/Paris DST,2013-08-28T19:00:00+02:00,123,163,na,286,14.0,0.0,na
Eco Counter GmbH,Stadt Tübingen,667,Unterführung Steinlach/Karlstraße Südseite - Steinlachallee,100003359,Y2H17123962,9.058865,48.515434,(UTC+01:00) Europe/Paris DST,2013-08-28T20:00:00+02:00,136,140,na,276,13.0,0.0,na
Eco Counter GmbH,Stadt Tübingen,667,Unterführung Steinlach/Karlstraße Südseite - Steinlachallee,100003359,Y2H17123962,9.058865,48.515434,(UTC+01:00) Europe/Paris DST,2013-08-28T21:00:00+02:00,68,82,na,150,12.0,0.0,na
Eco Counter GmbH,Stadt Tübingen,667,Unterführung Steinlach/Karlstraße Südseite - Steinlachallee,100003359,Y2H17123962,9.058865,48.515434,(UTC+01:00) Europe/Paris DST,2013-08-28T22:00:00+02:00,27,78,na,105,12.0,0.0,na
Eco Counter GmbH,Stadt Tübingen,667,Unterführung Steinlach/Karlstraße Südseite - Steinlachallee,100003359,Y2H17123962,9.058865,48.515434,(UTC+01:00) Europe/Paris DST,2013-08-28T23:00:00+02:00,20,62,na,82,12.0,0.0,na
Eco Counter GmbH,Stadt Tübingen,667,Unterführung Steinlach/Karlstraße Südseite - Steinlachallee,100003359,Y2H17123962,9.058865,48.515434,(UTC+01:00) Europe/Paris DST,2013-08-29T00:00:00+02:00,7,26,na,33,11.0,0.0,na
Eco Counter GmbH,Stadt Tübingen,667,Unterführung Steinlach/Karlstraße Südseite - Steinlachallee,100003359,Y2H17123962,9.058865,48.515434,(UTC+01:00) Europe/Paris DST,2013-08-29T01:00:00+02:00,11,11,na,22,11.0,0.0,na
Eco Counter GmbH,Stadt Tübingen,667,Unterführung Steinlach/Karlstraße Südseite - Steinlachallee,100003359,Y2H17123962,9.058865,48.515434,(UTC+01:00) Europe/Paris DST,2013-08-29T02:00:00+02:00,4,5,na,9,10.0,0.0,na
Eco Counter GmbH,Stadt Tübingen,667,Unterführung Steinlach/Karlstraße Südseite - Steinlachallee,100003359,Y2H17123962,9.058865,48.515434,(UTC+01:00) Europe/Paris DST,2013-08-29T03:00:00+02:00,3,11,na,14,10.0,0.0,na
Eco Counter GmbH,Stadt Tübingen,667,Unterführung Steinlach/Karlstraße Südseite - Steinlachallee,100003359,Y2H17123962,9.058865,48.515434,(UTC+01:00) Europe/Paris DST,2013-08-29T04:00:00+02:00,4,4,na,8,11.0,0.0,na
Eco Counter GmbH,Stadt Tübingen,667,Unterführung Steinlach/Karlstraße Südseite - Steinlachallee,100003359,Y2H17123962,9.058865,48.515434,(UTC+01:00) Europe/Paris DST,2013-08-29T05:00:00+02:00,17,7,na,24,11.0,0.0,na
Eco Counter GmbH,Stadt Tübingen,667,Unterführung Steinlach/Karlstraße Südseite - Steinlachallee,100003359,Y2H17123962,9.058865,48.515434,(UTC+01:00) Europe/Paris DST,2013-08-29T06:00:00+02:00,57,37,na,94,12.0,0.0,na
Eco Counter GmbH,Stadt Tübingen,667,Unterführung Steinlach/Karlstraße Südseite - Steinlachallee,100003359,Y2H17123962,9.058865,48.515434,(UTC+01:00) Europe/Paris DST,2013-08-29T07:00:00+02:00,154,65,na,219,14.0,0.0,na
Eco Counter GmbH,Stadt Tübingen,667,Unterführung Steinlach/Karlstraße Südseite - Steinlachallee,100003359,Y2H17123962,9.058865,48.515434,(UTC+01:00) Europe/Paris DST,2013-08-29T08:00:00+02:00,238,111,na,349,16.0,0.0,na
Eco Counter GmbH,Stadt Tübingen,667,Unterführung Steinlach/Karlstraße Südseite - Steinlachallee,100003359,Y2H17123962,9.058865,48.515434,(UTC+01:00) Europe/Paris DST,2013-08-29T09:00:00+02:00,221,115,na,336,17.0,0.0,na
Eco Counter GmbH,Stadt Tübingen,667,Unterführung Steinlach/Karlstraße Südseite - Steinlachallee,100003359,Y2H17123962,9.058865,48.515434,(UTC+01:00) Europe/Paris DST,2013-08-29T10:00:00+02:00,249,118,na,367,19.0,0.0,na
Eco Counter GmbH,Stadt Tübingen,667,Unterführung Steinlach/Karlstraße Südseite - Steinlachallee,100003359,Y2H17123962,9.058865,48.515434,(UTC+01:00) Europe/Paris DST,2013-08-29T11:00:00+02:00,195,163,na,358,20.0,0.0,na
Eco Counter GmbH,Stadt Tübingen,667,Unterführung Steinlach/Karlstraße Südseite - Steinlachallee,100003359,Y2H17123962,9.058865,48.515434,(UTC+01:00) Europe/Paris DST,2013-08-29T12:00:00+02:00,231,207,na,438,21.0,0.1,na
Eco Counter GmbH,Stadt Tübingen,667,Unterführung Steinlach/Karlstraße Südseite - Steinlachallee,100003359,Y2H17123962,9.058865,48.515434,(UTC+01:00) Europe/Paris DST,2013-08-29T13:00:00+02:00,202,211,na,413,21.0,0.0,na
Eco Counter GmbH,Stadt Tübingen,667,Unterführung Steinlach/Karlstraße Südseite - Steinlachallee,100003359,Y2H17123962,9.058865,48.515434,(UTC+01:00) Europe/Paris DST,2013-08-29T14:00:00+02:00,196,209,na,405,21.0,0.0,na
Eco Counter GmbH,Stadt Tübingen,667,Unterführung Steinlach/Karlstraße Südseite - Steinlachallee,100003359,Y2H17123962,9.058865,48.515434,(UTC+01:00) Europe/Paris DST,2013-08-29T15:00:00+02:00,236,216,na,452,20.0,0.0,na
Eco Counter GmbH,Stadt Tübingen,667,Unterführung Steinlach/Karlstraße Südseite - Steinlachallee,100003359,Y2H17123962,9.058865,48.515434,(UTC+01:00) Europe/Paris DST,2013-08-29T16:00:00+02:00,223,279,na,502,19.0,0.0,na
Eco Counter GmbH,Stadt Tübingen,667,Unterführung Steinlach/Karlstraße Südseite - Steinlachallee,100003359,Y2H17123962,9.058865,48.515434,(UTC+01:00) Europe/Paris DST,2013-08-29T17:00:00+02:00,282,328,na,610,18.0,0.0,na
Eco Counter GmbH,Stadt Tübingen,667,Unterführung Steinlach/Karlstraße Südseite - Steinlachallee,100003359,Y2H17123962,9.058865,48.515434,(UTC+01:00) Europe/Paris DST,2013-08-29T18:00:00+02:00,232,319,na,551,17.0,0.0,na
Eco Counter GmbH,Stadt Tübingen,667,Unterführung Steinlach/Karlstraße Südseite - Steinlachallee,100003359,Y2H17123962,9.058865,48.515434,(UTC+01:00) Europe/Paris DST,2013-08-29T19:00:00+02:00,205,208,na,413,16.0,0.0,na
Eco Counter GmbH,Stadt Tübingen,667,Unterführung Steinlach/Karlstraße Südseite - Steinlachallee,100003359,Y2H17123962,9.058865,48.515434,(UTC+01:00) Europe/Paris DST,2013-08-29T20:00:00+02:00,106,137,na,243,14.0,0.0,na
Eco Counter GmbH,Stadt Tübingen,667,Unterführung Steinlach/Karlstraße Südseite - Steinlachallee,100003359,Y2H17123962,9.058865,48.515434,(UTC+01:00) Europe/Paris DST,2013-08-29T21:00:00+02:00,50,92,na,142,14.0,0.0,na
Eco Counter GmbH,Stadt Tübingen,667,Unterführung Steinlach/Karlstraße Südseite - Steinlachallee,100003359,Y2H17123962,9.058865,48.515434,(UTC+01:00) Europe/Paris DST,2013-08-29T22:00:00+02:00,23,78,na,101,13.0,0.0,na
Eco Counter GmbH,Stadt Tübingen,667,Unterführung Steinlach/Karlstraße Südseite - Steinlachallee,100003359,Y2H17123962,9.058865,48.515434,(UTC+01:00) Europe/Paris DST,2013-08-29T23:00:00+02:00,20,60,na,80,13.0,0.0,na
Eco Counter GmbH,Stadt Tübingen,667,Unterführung Steinlach/Karlstraße Südseite - Steinlachallee,100003359,Y2H17123962,9.058865,48.515434,(UTC+01:00) Europe/Paris DST,2013-08-30T00:00:00+02:00,10,25,na,35,12.0,0.0,na
Eco Counter GmbH,Stadt Tübingen,667,Unterführung Steinlach/Karlstraße Südseite - Steinlachallee,100003359,Y2H17123962,9.058865,48.515434,(UTC+01:00) Europe/Paris DST,2013-08-30T01:00:00+02:00,11,17,na,28,11.0,0.0,na
Eco Counter GmbH,Stadt Tübingen,667,Unterführung Steinlach/Karlstraße Südseite - Steinlachallee,100003359,Y2H17123962,9.058865,48.515434,(UTC+01:00) Europe/Paris DST,2013-08-30T02:00:00+02:00,3,11,na,14,11.0,0.0,na
Eco Counter GmbH,Stadt Tübingen,667,Unterführung Steinlach/Karlstraße Südseite - Steinlachallee,100003359,Y2H17123962,9.058865,48.515434,(UTC+01:00) Europe/Paris DST,2013-08-30T03:00:00+02:00,2,5,na,7,11.0,0.0,na
Eco Counter GmbH,Stadt Tübingen,667,Unterführung Steinlach/Karlstraße Südseite - Steinlachallee,100003359,Y2H17123962,9.058865,48.515434,(UTC+01:00) Europe/Paris DST,2013-08-30T04:00:00+02:00,3,4,na,7,11.0,0.0,na
Eco Counter GmbH,Stadt Tübingen,667,Unterführung Steinlach/Karlstraße Südseite - Steinlachallee,100003359,Y2H17123962,9.058865,48.515434,(UTC+01:00) Europe/Paris DST,2013-08-30T05:00:00+02:00,26,8,na,34,12.0,0.0,na
Eco Counter GmbH,Stadt Tübingen,667,Unterführung Steinlach/Karlstraße Südseite - Steinlachallee,100003359,Y2H17123962,9.058865,48.515434,(UTC+01:00) Europe/Paris DST,2013-08-30T06:00:00+02:00,46,34,na,80,13.0,0.0,na
Eco Counter GmbH,Stadt Tübingen,667,Unterführung Steinlach/Karlstraße Südseite - Steinlachallee,100003359,Y2H17123962,9.058865,48.515434,(UTC+01:00) Europe/Paris DST,2013-08-30T07:00:00+02:00,150,69,na,219,15.0,0.0,na
Eco Counter GmbH,Stadt Tübingen,667,Unterführung Steinlach/Karlstraße Südseite - Steinlachallee,100003359,Y2H17123962,9.058865,48.515434,(UTC+01:00) Europe/Paris DST,2013-08-30T08:00:00+02:00,255,120,na,375,17.0,0.0,na
Eco Counter GmbH,Stadt Tübingen,667,Unterführung Steinlach/Karlstraße Südseite - Steinlachallee,100003359,Y2H17123962,9.058865,48.515434,(UTC+01:00) Europe/Paris DST,2013-08-30T09:00:00+02:00,277,111,na,388,19.0,0.0,na
Eco Counter GmbH,Stadt Tübingen,667,Unterführung Steinlach/Karlstraße Südseite - Steinlachallee,100003359,Y2H17123962,9.058865,48.515434,(UTC+01:00) Europe/Paris DST,2013-08-30T10:00:00+02:00,243,131,na,374,21.0,0.0,na
Eco Counter GmbH,Stadt Tübingen,667,Unterführung Steinlach/Karlstraße Südseite - Steinlachallee,100003359,Y2H17123962,9.058865,48.515434,(UTC+01:00) Europe/Paris DST,2013-08-30T11:00:00+02:00,271,206,na,477,22.0,0.0,na
Eco Counter GmbH,Stadt Tübingen,667,Unterführung Steinlach/Karlstraße Südseite - Steinlachallee,100003359,Y2H17123962,9.058865,48.515434,(UTC+01:00) Europe/Paris DST,2013-08-30T12:00:00+02:00,241,254,na,495,23.0,0.0,na
Eco Counter GmbH,Stadt Tübingen,667,Unterführung Steinlach/Karlstraße Südseite - Steinlachallee,100003359,Y2H17123962,9.058865,48.515434,(UTC+01:00) Europe/Paris DST,2013-08-30T13:00:00+02:00,203,278,na,481,23.0,0.0,na
Eco Counter GmbH,Stadt Tübingen,667,Unterführung Steinlach/Karlstraße Südseite - Steinlachallee,100003359,Y2H17123962,9.058865,48.515434,(UTC+01:00) Europe/Paris DST,2013-08-30T14:00:00+02:00,228,219,na,447,23.0,0.0,na
Eco Counter GmbH,Stadt Tübingen,667,Unterführung Steinlach/Karlstraße Südseite - Steinlachallee,100003359,Y2H17123962,9.058865,48.515434,(UTC+01:00) Europe/Paris DST,2013-08-30T15:00:00+02:00,253,227,na,480,22.0,0.0,na
Eco Counter GmbH,Stadt Tübingen,667,Unterführung Steinlach/Karlstraße Südseite - Steinlachallee,100003359,Y2H17123962,9.058865,48.515434,(UTC+01:00) Europe/Paris DST,2013-08-30T16:00:00+02:00,238,231,na,469,21.0,0.0,na
Eco Counter GmbH,Stadt Tübingen,667,Unterführung Steinlach/Karlstraße Südseite - Steinlachallee,100003359,Y2H17123962,9.058865,48.515434,(UTC+01:00) Europe/Paris DST,2013-08-30T17:00:00+02:00,214,267,na,481,20.0,0.0,na
Eco Counter GmbH,Stadt Tübingen,667,Unterführung Steinlach/Karlstraße Südseite - Steinlachallee,100003359,Y2H17123962,9.058865,48.515434,(UTC+01:00) Europe/Paris DST,2013-08-30T18:00:00+02:00,204,331,na,535,19.0,0.0,na
Eco Counter GmbH,Stadt Tübingen,667,Unterführung Steinlach/Karlstraße Südseite - Steinlachallee,100003359,Y2H17123962,9.058865,48.515434,(UTC+01:00) Europe/Paris DST,2013-08-30T19:00:00+02:00,140,168,na,308,17.0,0.0,na
Eco Counter GmbH,Stadt Tübingen,667,Unterführung Steinlach/Karlstraße Südseite - Steinlachallee,100003359,Y2H17123962,9.058865,48.515434,(UTC+01:00) Europe/Paris DST,2013-08-30T20:00:00+02:00,106,128,na,234,16.0,0.0,na
Eco Counter GmbH,Stadt Tübingen,667,Unterführung Steinlach/Karlstraße Südseite - Steinlachallee,100003359,Y2H17123962,9.058865,48.515434,(UTC+01:00) Europe/Paris DST,2013-08-30T21:00:00+02:00,70,79,na,149,16.0,0.0,na
Eco Counter GmbH,Stadt Tübingen,667,Unterführung Steinlach/Karlstraße Südseite - Steinlachallee,100003359,Y2H17123962,9.058865,48.515434,(UTC+01:00) Europe/Paris DST,2013-08-30T22:00:00+02:00,44,77,na,121,16.0,0.0,na
Eco Counter GmbH,Stadt Tübingen,667,Unterführung Steinlach/Karlstraße Südseite - Steinlachallee,100003359,Y2H17123962,9.058865,48.515434,(UTC+01:00) Europe/Paris DST,2013-08-30T23:00:00+02:00,30,65,na,95,15.0,0.0,na
Eco Counter GmbH,Stadt Tübingen,667,Unterführung Steinlach/Karlstraße Südseite - Steinlachallee,100003359,Y2H17123962,9.058865,48.515434,(UTC+01:00) Europe/Paris DST,2013-08-31T00:00:00+02:00,30,42,na,72,14.0,0.0,na
Eco Counter GmbH,Stadt Tübingen,667,Unterführung Steinlach/Karlstraße Südseite - Steinlachallee,100003359,Y2H17123962,9.058865,48.515434,(UTC+01:00) Europe/Paris DST,2013-08-31T01:00:00+02:00,10,32,na,42,14.0,0.0,na
Eco Counter GmbH,Stadt Tübingen,667,Unterführung Steinlach/Karlstraße Südseite - Steinlachallee,100003359,Y2H17123962,9.058865,48.515434,(UTC+01:00) Europe/Paris DST,2013-08-31T02:00:00+02:00,6,25,na,31,13.0,0.0,na
Eco Counter GmbH,Stadt Tübingen,667,Unterführung Steinlach/Karlstraße Südseite - Steinlachallee,100003359,Y2H17123962,9.058865,48.515434,(UTC+01:00) Europe/Paris DST,2013-08-31T03:00:00+02:00,4,11,na,15,13.0,0.0,na
Eco Counter GmbH,Stadt Tübingen,667,Unterführung Steinlach/Karlstraße Südseite - Steinlachallee,100003359,Y2H17123962,9.058865,48.515434,(UTC+01:00) Europe/Paris DST,2013-08-31T04:00:00+02:00,10,12,na,22,12.0,0.0,na
Eco Counter GmbH,Stadt Tübingen,667,Unterführung Steinlach/Karlstraße Südseite - Steinlachallee,100003359,Y2H17123962,9.058865,48.515434,(UTC+01:00) Europe/Paris DST,2013-08-31T05:00:00+02:00,21,9,na,30,13.0,0.0,na
Eco Counter GmbH,Stadt Tübingen,667,Unterführung Steinlach/Karlstraße Südseite - Steinlachallee,100003359,Y2H17123962,9.058865,48.515434,(UTC+01:00) Europe/Paris DST,2013-08-31T06:00:00+02:00,24,16,na,40,14.0,0.0,na
Eco Counter GmbH,Stadt Tübingen,667,Unterführung Steinlach/Karlstraße Südseite - Steinlachallee,100003359,Y2H17123962,9.058865,48.515434,(UTC+01:00) Europe/Paris DST,2013-08-31T07:00:00+02:00,43,17,na,60,15.0,0.0,na
Eco Counter GmbH,Stadt Tübingen,667,Unterführung Steinlach/Karlstraße Südseite - Steinlachallee,100003359,Y2H17123962,9.058865,48.515434,(UTC+01:00) Europe/Paris DST,2013-08-31T08:00:00+02:00,120,59,na,179,17.0,0.0,na
Eco Counter GmbH,Stadt Tübingen,667,Unterführung Steinlach/Karlstraße Südseite - Steinlachallee,100003359,Y2H17123962,9.058865,48.515434,(UTC+01:00) Europe/Paris DST,2013-08-31T09:00:00+02:00,218,81,na,299,18.0,0.0,na
Eco Counter GmbH,Stadt Tübingen,667,Unterführung Steinlach/Karlstraße Südseite - Steinlachallee,100003359,Y2H17123962,9.058865,48.515434,(UTC+01:00) Europe/Paris DST,2013-08-31T10:00:00+02:00,241,122,na,363,20.0,0.0,na
Eco Counter GmbH,Stadt Tübingen,667,Unterführung Steinlach/Karlstraße Südseite - Steinlachallee,100003359,Y2H17123962,9.058865,48.515434,(UTC+01:00) Europe/Paris DST,2013-08-31T11:00:00+02:00,297,181,na,478,21.0,0.0,na
Eco Counter GmbH,Stadt Tübingen,667,Unterführung Steinlach/Karlstraße Südseite - Steinlachallee,100003359,Y2H17123962,9.058865,48.515434,(UTC+01:00) Europe/Paris DST,2013-08-31T12:00:00+02:00,227,231,na,458,21.0,0.0,na
Eco Counter GmbH,Stadt Tübingen,667,Unterführung Steinlach/Karlstraße Südseite - Steinlachallee,100003359,Y2H17123962,9.058865,48.515434,(UTC+01:00) Europe/Paris DST,2013-08-31T13:00:00+02:00,225,237,na,462,22.0,0.0,na
Eco Counter GmbH,Stadt Tübingen,667,Unterführung Steinlach/Karlstraße Südseite - Steinlachallee,100003359,Y2H17123962,9.058865,48.515434,(UTC+01:00) Europe/Paris DST,2013-08-31T14:00:00+02:00,163,225,na,388,22.0,0.0,na
Eco Counter GmbH,Stadt Tübingen,667,Unterführung Steinlach/Karlstraße Südseite - Steinlachallee,100003359,Y2H17123962,9.058865,48.515434,(UTC+01:00) Europe/Paris DST,2013-08-31T15:00:00+02:00,164,211,na,375,21.0,0.0,na
Eco Counter GmbH,Stadt Tübingen,667,Unterführung Steinlach/Karlstraße Südseite - Steinlachallee,100003359,Y2H17123962,9.058865,48.515434,(UTC+01:00) Europe/Paris DST,2013-08-31T16:00:00+02:00,154,237,na,391,19.0,0.0,na
Eco Counter GmbH,Stadt Tübingen,667,Unterführung Steinlach/Karlstraße Südseite - Steinlachallee,100003359,Y2H17123962,9.058865,48.515434,(UTC+01:00) Europe/Paris DST,2013-08-31T17:00:00+02:00,145,207,na,352,18.0,0.7,na
Eco Counter GmbH,Stadt Tübingen,667,Unterführung Steinlach/Karlstraße Südseite - Steinlachallee,100003359,Y2H17123962,9.058865,48.515434,(UTC+01:00) Europe/Paris DST,2013-08-31T18:00:00+02:00,113,175,na,288,17.0,0.5,na
Eco Counter GmbH,Stadt Tübingen,667,Unterführung Steinlach/Karlstraße Südseite - Steinlachallee,100003359,Y2H17123962,9.058865,48.515434,(UTC+01:00) Europe/Paris DST,2013-08-31T19:00:00+02:00,101,130,na,231,16.0,0.0,na
Eco Counter GmbH,Stadt Tübingen,667,Unterführung Steinlach/Karlstraße Südseite - Steinlachallee,100003359,Y2H17123962,9.058865,48.515434,(UTC+01:00) Europe/Paris DST,2013-08-31T20:00:00+02:00,64,75,na,139,15.0,0.2,na
Eco Counter GmbH,Stadt Tübingen,667,Unterführung Steinlach/Karlstraße Südseite - Steinlachallee,100003359,Y2H17123962,9.058865,48.515434,(UTC+01:00) Europe/Paris DST,2013-08-31T21:00:00+02:00,42,46,na,88,14.0,0.2,na
Eco Counter GmbH,Stadt Tübingen,667,Unterführung Steinlach/Karlstraße Südseite - Steinlachallee,100003359,Y2H17123962,9.058865,48.515434,(UTC+01:00) Europe/Paris DST,2013-08-31T22:00:00+02:00,61,39,na,100,14.0,0.7,na
Eco Counter GmbH,Stadt Karlsruhe,752,Erbprinzenstraße,100004165,Y2H16070301,8.4027153,49.0072864,(UTC+01:00) Europe/Paris DST,2013-08-01T00:00:00+02:00,51,61,na,112,18.0,0.0,na
Eco Counter GmbH,Stadt Karlsruhe,752,Erbprinzenstraße,100004165,Y2H16070301,8.4027153,49.0072864,(UTC+01:00) Europe/Paris DST,2013-08-01T01:00:00+02:00,24,30,na,54,18.0,0.0,na
Eco Counter GmbH,Stadt Karlsruhe,752,Erbprinzenstraße,100004165,Y2H16070301,8.4027153,49.0072864,(UTC+01:00) Europe/Paris DST,2013-08-01T02:00:00+02:00,12,16,na,28,17.0,0.0,na
Eco Counter GmbH,Stadt Karlsruhe,752,Erbprinzenstraße,100004165,Y2H16070301,8.4027153,49.0072864,(UTC+01:00) Europe/Paris DST,2013-08-01T03:00:00+02:00,6,5,na,11,17.0,0.0,na
Eco Counter GmbH,Stadt Karlsruhe,752,Erbprinzenstraße,100004165,Y2H16070301,8.4027153,49.0072864,(UTC+01:00) Europe/Paris DST,2013-08-01T04:00:00+02:00,11,7,na,18,17.0,0.0,na
Eco Counter GmbH,Stadt Karlsruhe,752,Erbprinzenstraße,100004165,Y2H16070301,8.4027153,49.0072864,(UTC+01:00) Europe/Paris DST,2013-08-01T05:00:00+02:00,12,22,na,34,17.0,0.0,na
Eco Counter GmbH,Stadt Karlsruhe,752,Erbprinzenstraße,100004165,Y2H16070301,8.4027153,49.0072864,(UTC+01:00) Europe/Paris DST,2013-08-01T06:00:00+02:00,41,52,na,93,19.0,0.0,na
Eco Counter GmbH,Stadt Karlsruhe,752,Erbprinzenstraße,100004165,Y2H16070301,8.4027153,49.0072864,(UTC+01:00) Europe/Paris DST,2013-08-01T07:00:00+02:00,100,112,na,212,21.0,0.0,na
Eco Counter GmbH,Stadt Karlsruhe,752,Erbprinzenstraße,100004165,Y2H16070301,8.4027153,49.0072864,(UTC+01:00) Europe/Paris DST,2013-08-01T08:00:00+02:00,198,256,na,454,23.0,0.0,na
Eco Counter GmbH,Stadt Karlsruhe,752,Erbprinzenstraße,100004165,Y2H16070301,8.4027153,49.0072864,(UTC+01:00) Europe/Paris DST,2013-08-01T09:00:00+02:00,191,210,na,401,25.0,0.0,na
Eco Counter GmbH,Stadt Karlsruhe,752,Erbprinzenstraße,100004165,Y2H16070301,8.4027153,49.0072864,(UTC+01:00) Europe/Paris DST,2013-08-01T10:00:00+02:00,198,220,na,418,27.0,0.0,na
Eco Counter GmbH,Stadt Karlsruhe,752,Erbprinzenstraße,100004165,Y2H16070301,8.4027153,49.0072864,(UTC+01:00) Europe/Paris DST,2013-08-01T11:00:00+02:00,173,239,na,412,29.0,0.0,na
Eco Counter GmbH,Stadt Karlsruhe,752,Erbprinzenstraße,100004165,Y2H16070301,8.4027153,49.0072864,(UTC+01:00) Europe/Paris DST,2013-08-01T12:00:00+02:00,238,255,na,493,30.0,0.0,na
Eco Counter GmbH,Stadt Karlsruhe,752,Erbprinzenstraße,100004165,Y2H16070301,8.4027153,49.0072864,(UTC+01:00) Europe/Paris DST,2013-08-01T13:00:00+02:00,188,273,na,461,31.0,0.0,na
Eco Counter GmbH,Stadt Karlsruhe,752,Erbprinzenstraße,100004165,Y2H16070301,8.4027153,49.0072864,(UTC+01:00) Europe/Paris DST,2013-08-01T14:00:00+02:00,225,224,na,449,32.0,0.0,na
Eco Counter GmbH,Stadt Karlsruhe,752,Erbprinzenstraße,100004165,Y2H16070301,8.4027153,49.0072864,(UTC+01:00) Europe/Paris DST,2013-08-01T15:00:00+02:00,207,235,na,442,32.0,0.0,na
Eco Counter GmbH,Stadt Karlsruhe,752,Erbprinzenstraße,100004165,Y2H16070301,8.4027153,49.0072864,(UTC+01:00) Europe/Paris DST,2013-08-01T16:00:00+02:00,211,257,na,468,32.0,0.0,na
Eco Counter GmbH,Stadt Karlsruhe,752,Erbprinzenstraße,100004165,Y2H16070301,8.4027153,49.0072864,(UTC+01:00) Europe/Paris DST,2013-08-01T17:00:00+02:00,270,333,na,603,31.0,0.0,na
Eco Counter GmbH,Stadt Karlsruhe,752,Erbprinzenstraße,100004165,Y2H16070301,8.4027153,49.0072864,(UTC+01:00) Europe/Paris DST,2013-08-01T18:00:00+02:00,249,315,na,564,30.0,0.0,na
Eco Counter GmbH,Stadt Karlsruhe,752,Erbprinzenstraße,100004165,Y2H16070301,8.4027153,49.0072864,(UTC+01:00) Europe/Paris DST,2013-08-01T19:00:00+02:00,207,326,na,533,27.0,0.0,na
Eco Counter GmbH,Stadt Karlsruhe,752,Erbprinzenstraße,100004165,Y2H16070301,8.4027153,49.0072864,(UTC+01:00) Europe/Paris DST,2013-08-01T20:00:00+02:00,141,242,na,383,26.0,0.0,na
Eco Counter GmbH,Stadt Karlsruhe,752,Erbprinzenstraße,100004165,Y2H16070301,8.4027153,49.0072864,(UTC+01:00) Europe/Paris DST,2013-08-01T21:00:00+02:00,102,146,na,248,24.0,0.0,na
Eco Counter GmbH,Stadt Karlsruhe,752,Erbprinzenstraße,100004165,Y2H16070301,8.4027153,49.0072864,(UTC+01:00) Europe/Paris DST,2013-08-01T22:00:00+02:00,83,124,na,207,22.0,0.0,na
Eco Counter GmbH,Stadt Karlsruhe,752,Erbprinzenstraße,100004165,Y2H16070301,8.4027153,49.0072864,(UTC+01:00) Europe/Paris DST,2013-08-01T23:00:00+02:00,65,109,na,174,22.0,0.0,na
Eco Counter GmbH,Stadt Karlsruhe,752,Erbprinzenstraße,100004165,Y2H16070301,8.4027153,49.0072864,(UTC+01:00) Europe/Paris DST,2013-08-02T00:00:00+02:00,87,65,na,152,21.0,0.0,na
Eco Counter GmbH,Stadt Karlsruhe,752,Erbprinzenstraße,100004165,Y2H16070301,8.4027153,49.0072864,(UTC+01:00) Europe/Paris DST,2013-08-02T01:00:00+02:00,44,33,na,77,21.0,0.0,na
Eco Counter GmbH,Stadt Karlsruhe,752,Erbprinzenstraße,100004165,Y2H16070301,8.4027153,49.0072864,(UTC+01:00) Europe/Paris DST,2013-08-02T02:00:00+02:00,17,22,na,39,21.0,0.0,na
Eco Counter GmbH,Stadt Karlsruhe,752,Erbprinzenstraße,100004165,Y2H16070301,8.4027153,49.0072864,(UTC+01:00) Europe/Paris DST,2013-08-02T03:00:00+02:00,9,12,na,21,21.0,0.0,na
Eco Counter GmbH,Stadt Karlsruhe,752,Erbprinzenstraße,100004165,Y2H16070301,8.4027153,49.0072864,(UTC+01:00) Europe/Paris DST,2013-08-02T04:00:00+02:00,9,14,na,23,21.0,0.0,na
Eco Counter GmbH,Stadt Karlsruhe,752,Erbprinzenstraße,100004165,Y2H16070301,8.4027153,49.0072864,(UTC+01:00) Europe/Paris DST,2013-08-02T05:00:00+02:00,14,22,na,36,21.0,0.0,na
Eco Counter GmbH,Stadt Karlsruhe,752,Erbprinzenstraße,100004165,Y2H16070301,8.4027153,49.0072864,(UTC+01:00) Europe/Paris DST,2013-08-02T06:00:00+02:00,30,43,na,73,23.0,0.0,na
Eco Counter GmbH,Stadt Karlsruhe,752,Erbprinzenstraße,100004165,Y2H16070301,8.4027153,49.0072864,(UTC+01:00) Europe/Paris DST,2013-08-02T07:00:00+02:00,98,128,na,226,26.0,0.0,na
Eco Counter GmbH,Stadt Karlsruhe,752,Erbprinzenstraße,100004165,Y2H16070301,8.4027153,49.0072864,(UTC+01:00) Europe/Paris DST,2013-08-02T08:00:00+02:00,180,228,na,408,28.0,0.0,na
Eco Counter GmbH,Stadt Karlsruhe,752,Erbprinzenstraße,100004165,Y2H16070301,8.4027153,49.0072864,(UTC+01:00) Europe/Paris DST,2013-08-02T09:00:00+02:00,212,217,na,429,30.0,0.0,na
Eco Counter GmbH,Stadt Karlsruhe,752,Erbprinzenstraße,100004165,Y2H16070301,8.4027153,49.0072864,(UTC+01:00) Europe/Paris DST,2013-08-02T10:00:00+02:00,161,184,na,345,31.0,0.0,na
Eco Counter GmbH,Stadt Karlsruhe,752,Erbprinzenstraße,100004165,Y2H16070301,8.4027153,49.0072864,(UTC+01:00) Europe/Paris DST,2013-08-02T11:00:00+02:00,216,232,na,448,33.0,0.0,na
Eco Counter GmbH,Stadt Karlsruhe,752,Erbprinzenstraße,100004165,Y2H16070301,8.4027153,49.0072864,(UTC+01:00) Europe/Paris DST,2013-08-02T12:00:00+02:00,222,231,na,453,34.0,0.0,na
Eco Counter GmbH,Stadt Karlsruhe,752,Erbprinzenstraße,100004165,Y2H16070301,8.4027153,49.0072864,(UTC+01:00) Europe/Paris DST,2013-08-02T13:00:00+02:00,175,239,na,414,35.0,0.0,na
Eco Counter GmbH,Stadt Karlsruhe,752,Erbprinzenstraße,100004165,Y2H16070301,8.4027153,49.0072864,(UTC+01:00) Europe/Paris DST,2013-08-02T14:00:00+02:00,166,237,na,403,36.0,0.0,na
Eco Counter GmbH,Stadt Karlsruhe,752,Erbprinzenstraße,100004165,Y2H16070301,8.4027153,49.0072864,(UTC+01:00) Europe/Paris DST,2013-08-02T15:00:00+02:00,201,216,na,417,35.0,0.0,na
Eco Counter GmbH,Stadt Karlsruhe,752,Erbprinzenstraße,100004165,Y2H16070301,8.4027153,49.0072864,(UTC+01:00) Europe/Paris DST,2013-08-02T16:00:00+02:00,189,225,na,414,34.0,0.0,na
Eco Counter GmbH,Stadt Karlsruhe,752,Erbprinzenstraße,100004165,Y2H16070301,8.4027153,49.0072864,(UTC+01:00) Europe/Paris DST,2013-08-02T17:00:00+02:00,212,234,na,446,33.0,0.0,na
Eco Counter GmbH,Stadt Karlsruhe,752,Erbprinzenstraße,100004165,Y2H16070301,8.4027153,49.0072864,(UTC+01:00) Europe/Paris DST,2013-08-02T18:00:00+02:00,194,222,na,416,32.0,0.0,na
Eco Counter GmbH,Stadt Karlsruhe,752,Erbprinzenstraße,100004165,Y2H16070301,8.4027153,49.0072864,(UTC+01:00) Europe/Paris DST,2013-08-02T19:00:00+02:00,127,224,na,351,31.0,0.0,na
Eco Counter GmbH,Stadt Karlsruhe,752,Erbprinzenstraße,100004165,Y2H16070301,8.4027153,49.0072864,(UTC+01:00) Europe/Paris DST,2013-08-02T20:00:00+02:00,129,214,na,343,29.0,0.0,na
Eco Counter GmbH,Stadt Karlsruhe,752,Erbprinzenstraße,100004165,Y2H16070301,8.4027153,49.0072864,(UTC+01:00) Europe/Paris DST,2013-08-02T21:00:00+02:00,94,103,na,197,26.0,0.0,na
Eco Counter GmbH,Stadt Karlsruhe,752,Erbprinzenstraße,100004165,Y2H16070301,8.4027153,49.0072864,(UTC+01:00) Europe/Paris DST,2013-08-02T22:00:00+02:00,76,115,na,191,25.0,0.0,na
Eco Counter GmbH,Stadt Karlsruhe,752,Erbprinzenstraße,100004165,Y2H16070301,8.4027153,49.0072864,(UTC+01:00) Europe/Paris DST,2013-08-02T23:00:00+02:00,70,101,na,171,23.0,0.0,na
Eco Counter GmbH,Stadt Karlsruhe,752,Erbprinzenstraße,100004165,Y2H16070301,8.4027153,49.0072864,(UTC+01:00) Europe/Paris DST,2013-08-03T00:00:00+02:00,64,90,na,154,22.0,0.0,na
Eco Counter GmbH,Stadt Karlsruhe,752,Erbprinzenstraße,100004165,Y2H16070301,8.4027153,49.0072864,(UTC+01:00) Europe/Paris DST,2013-08-03T01:00:00+02:00,40,47,na,87,21.0,0.0,na
Eco Counter GmbH,Stadt Karlsruhe,752,Erbprinzenstraße,100004165,Y2H16070301,8.4027153,49.0072864,(UTC+01:00) Europe/Paris DST,2013-08-03T02:00:00+02:00,33,38,na,71,20.0,0.0,na
Eco Counter GmbH,Stadt Karlsruhe,752,Erbprinzenstraße,100004165,Y2H16070301,8.4027153,49.0072864,(UTC+01:00) Europe/Paris DST,2013-08-03T03:00:00+02:00,18,20,na,38,20.0,0.0,na
Eco Counter GmbH,Stadt Karlsruhe,752,Erbprinzenstraße,100004165,Y2H16070301,8.4027153,49.0072864,(UTC+01:00) Europe/Paris DST,2013-08-03T04:00:00+02:00,21,37,na,58,20.0,0.0,na
Eco Counter GmbH,Stadt Karlsruhe,752,Erbprinzenstraße,100004165,Y2H16070301,8.4027153,49.0072864,(UTC+01:00) Europe/Paris DST,2013-08-03T05:00:00+02:00,13,17,na,30,20.0,0.0,na
Eco Counter GmbH,Stadt Karlsruhe,752,Erbprinzenstraße,100004165,Y2H16070301,8.4027153,49.0072864,(UTC+01:00) Europe/Paris DST,2013-08-03T06:00:00+02:00,24,20,na,44,22.0,0.0,na
Eco Counter GmbH,Stadt Karlsruhe,752,Erbprinzenstraße,100004165,Y2H16070301,8.4027153,49.0072864,(UTC+01:00) Europe/Paris DST,2013-08-03T07:00:00+02:00,18,23,na,41,23.0,0.0,na
Eco Counter GmbH,Stadt Karlsruhe,752,Erbprinzenstraße,100004165,Y2H16070301,8.4027153,49.0072864,(UTC+01:00) Europe/Paris DST,2013-08-03T08:00:00+02:00,42,57,na,99,25.0,0.0,na
Eco Counter GmbH,Stadt Karlsruhe,752,Erbprinzenstraße,100004165,Y2H16070301,8.4027153,49.0072864,(UTC+01:00) Europe/Paris DST,2013-08-03T09:00:00+02:00,105,70,na,175,27.0,0.0,na
Eco Counter GmbH,Stadt Karlsruhe,752,Erbprinzenstraße,100004165,Y2H16070301,8.4027153,49.0072864,(UTC+01:00) Europe/Paris DST,2013-08-03T10:00:00+02:00,172,138,na,310,28.0,0.0,na
Eco Counter GmbH,Stadt Karlsruhe,752,Erbprinzenstraße,100004165,Y2H16070301,8.4027153,49.0072864,(UTC+01:00) Europe/Paris DST,2013-08-03T11:00:00+02:00,159,195,na,354,28.0,0.0,na
Eco Counter GmbH,Stadt Karlsruhe,752,Erbprinzenstraße,100004165,Y2H16070301,8.4027153,49.0072864,(UTC+01:00) Europe/Paris DST,2013-08-03T12:00:00+02:00,170,214,na,384,29.0,0.0,na
Eco Counter GmbH,Stadt Karlsruhe,752,Erbprinzenstraße,100004165,Y2H16070301,8.4027153,49.0072864,(UTC+01:00) Europe/Paris DST,2013-08-03T13:00:00+02:00,178,221,na,399,29.0,0.0,na
Eco Counter GmbH,Stadt Karlsruhe,752,Erbprinzenstraße,100004165,Y2H16070301,8.4027153,49.0072864,(UTC+01:00) Europe/Paris DST,2013-08-03T14:00:00+02:00,151,218,na,369,29.0,0.0,na
Eco Counter GmbH,Stadt Karlsruhe,752,Erbprinzenstraße,100004165,Y2H16070301,8.4027153,49.0072864,(UTC+01:00) Europe/Paris DST,2013-08-03T15:00:00+02:00,152,190,na,342,28.0,0.0,na
Eco Counter GmbH,Stadt Karlsruhe,752,Erbprinzenstraße,100004165,Y2H16070301,8.4027153,49.0072864,(UTC+01:00) Europe/Paris DST,2013-08-03T16:00:00+02:00,147,231,na,378,27.0,0.0,na
Eco Counter GmbH,Stadt Karlsruhe,752,Erbprinzenstraße,100004165,Y2H16070301,8.4027153,49.0072864,(UTC+01:00) Europe/Paris DST,2013-08-03T17:00:00+02:00,143,226,na,369,26.0,0.0,na
Eco Counter GmbH,Stadt Karlsruhe,752,Erbprinzenstraße,100004165,Y2H16070301,8.4027153,49.0072864,(UTC+01:00) Europe/Paris DST,2013-08-03T18:00:00+02:00,142,201,na,343,25.0,0.0,na
Eco Counter GmbH,Stadt Karlsruhe,752,Erbprinzenstraße,100004165,Y2H16070301,8.4027153,49.0072864,(UTC+01:00) Europe/Paris DST,2013-08-03T19:00:00+02:00,154,223,na,377,25.0,0.0,na
Eco Counter GmbH,Stadt Karlsruhe,752,Erbprinzenstraße,100004165,Y2H16070301,8.4027153,49.0072864,(UTC+01:00) Europe/Paris DST,2013-08-03T20:00:00+02:00,156,134,na,290,24.0,0.0,na
Eco Counter GmbH,Stadt Karlsruhe,752,Erbprinzenstraße,100004165,Y2H16070301,8.4027153,49.0072864,(UTC+01:00) Europe/Paris DST,2013-08-03T21:00:00+02:00,70,104,na,174,23.0,0.0,na
Eco Counter GmbH,Stadt Karlsruhe,752,Erbprinzenstraße,100004165,Y2H16070301,8.4027153,49.0072864,(UTC+01:00) Europe/Paris DST,2013-08-03T22:00:00+02:00,87,102,na,189,22.0,0.0,na
Eco Counter GmbH,Stadt Karlsruhe,752,Erbprinzenstraße,100004165,Y2H16070301,8.4027153,49.0072864,(UTC+01:00) Europe/Paris DST,2013-08-03T23:00:00+02:00,105,116,na,221,21.0,0.0,na
Eco Counter GmbH,Stadt Karlsruhe,752,Erbprinzenstraße,100004165,Y2H16070301,8.4027153,49.0072864,(UTC+01:00) Europe/Paris DST,2013-08-04T00:00:00+02:00,74,139,na,213,21.0,0.0,na
Eco Counter GmbH,Stadt Karlsruhe,752,Erbprinzenstraße,100004165,Y2H16070301,8.4027153,49.0072864,(UTC+01:00) Europe/Paris DST,2013-08-04T01:00:00+02:00,49,93,na,142,20.0,0.0,na
Eco Counter GmbH,Stadt Karlsruhe,752,Erbprinzenstraße,100004165,Y2H16070301,8.4027153,49.0072864,(UTC+01:00) Europe/Paris DST,2013-08-04T02:00:00+02:00,25,58,na,83,20.0,0.0,na
Eco Counter GmbH,Stadt Karlsruhe,752,Erbprinzenstraße,100004165,Y2H16070301,8.4027153,49.0072864,(UTC+01:00) Europe/Paris DST,2013-08-04T03:00:00+02:00,24,24,na,48,19.0,0.0,na
Eco Counter GmbH,Stadt Karlsruhe,752,Erbprinzenstraße,100004165,Y2H16070301,8.4027153,49.0072864,(UTC+01:00) Europe/Paris DST,2013-08-04T04:00:00+02:00,9,19,na,28,19.0,0.0,na
Eco Counter GmbH,Stadt Karlsruhe,752,Erbprinzenstraße,100004165,Y2H16070301,8.4027153,49.0072864,(UTC+01:00) Europe/Paris DST,2013-08-04T05:00:00+02:00,12,8,na,20,20.0,0.0,na
Eco Counter GmbH,Stadt Karlsruhe,752,Erbprinzenstraße,100004165,Y2H16070301,8.4027153,49.0072864,(UTC+01:00) Europe/Paris DST,2013-08-04T06:00:00+02:00,6,7,na,13,21.0,0.0,na
Eco Counter GmbH,Stadt Karlsruhe,752,Erbprinzenstraße,100004165,Y2H16070301,8.4027153,49.0072864,(UTC+01:00) Europe/Paris DST,2013-08-04T07:00:00+02:00,11,20,na,31,23.0,0.0,na
Eco Counter GmbH,Stadt Karlsruhe,752,Erbprinzenstraße,100004165,Y2H16070301,8.4027153,49.0072864,(UTC+01:00) Europe/Paris DST,2013-08-04T08:00:00+02:00,14,16,na,30,24.0,0.0,na
Eco Counter GmbH,Stadt Karlsruhe,752,Erbprinzenstraße,100004165,Y2H16070301,8.4027153,49.0072864,(UTC+01:00) Europe/Paris DST,2013-08-04T09:00:00+02:00,38,34,na,72,25.0,0.0,na
Eco Counter GmbH,Stadt Karlsruhe,752,Erbprinzenstraße,100004165,Y2H16070301,8.4027153,49.0072864,(UTC+01:00) Europe/Paris DST,2013-08-04T10:00:00+02:00,41,76,na,117,26.0,0.0,na
Eco Counter GmbH,Stadt Karlsruhe,752,Erbprinzenstraße,100004165,Y2H16070301,8.4027153,49.0072864,(UTC+01:00) Europe/Paris DST,2013-08-04T11:00:00+02:00,58,62,na,120,27.0,0.0,na
Eco Counter GmbH,Stadt Karlsruhe,752,Erbprinzenstraße,100004165,Y2H16070301,8.4027153,49.0072864,(UTC+01:00) Europe/Paris DST,2013-08-04T12:00:00+02:00,64,63,na,127,28.0,0.0,na
Eco Counter GmbH,Stadt Karlsruhe,752,Erbprinzenstraße,100004165,Y2H16070301,8.4027153,49.0072864,(UTC+01:00) Europe/Paris DST,2013-08-04T13:00:00+02:00,59,76,na,135,28.0,0.0,na
Eco Counter GmbH,Stadt Karlsruhe,752,Erbprinzenstraße,100004165,Y2H16070301,8.4027153,49.0072864,(UTC+01:00) Europe/Paris DST,2013-08-04T14:00:00+02:00,67,83,na,150,29.0,0.0,na
Eco Counter GmbH,Stadt Karlsruhe,752,Erbprinzenstraße,100004165,Y2H16070301,8.4027153,49.0072864,(UTC+01:00) Europe/Paris DST,2013-08-04T15:00:00+02:00,70,95,na,165,28.0,0.0,na
Eco Counter GmbH,Stadt Karlsruhe,752,Erbprinzenstraße,100004165,Y2H16070301,8.4027153,49.0072864,(UTC+01:00) Europe/Paris DST,2013-08-04T16:00:00+02:00,75,95,na,170,28.0,0.0,na
Eco Counter GmbH,Stadt Karlsruhe,752,Erbprinzenstraße,100004165,Y2H16070301,8.4027153,49.0072864,(UTC+01:00) Europe/Paris DST,2013-08-04T17:00:00+02:00,89,99,na,188,27.0,0.0,na
Eco Counter GmbH,Stadt Karlsruhe,752,Erbprinzenstraße,100004165,Y2H16070301,8.4027153,49.0072864,(UTC+01:00) Europe/Paris DST,2013-08-04T18:00:00+02:00,89,90,na,179,26.0,0.0,na
Eco Counter GmbH,Stadt Karlsruhe,752,Erbprinzenstraße,100004165,Y2H16070301,8.4027153,49.0072864,(UTC+01:00) Europe/Paris DST,2013-08-04T19:00:00+02:00,101,84,na,185,26.0,0.0,na
Eco Counter GmbH,Stadt Karlsruhe,752,Erbprinzenstraße,100004165,Y2H16070301,8.4027153,49.0072864,(UTC+01:00) Europe/Paris DST,2013-08-04T20:00:00+02:00,80,101,na,181,25.0,0.0,na
Eco Counter GmbH,Stadt Karlsruhe,752,Erbprinzenstraße,100004165,Y2H16070301,8.4027153,49.0072864,(UTC+01:00) Europe/Paris DST,2013-08-04T21:00:00+02:00,54,65,na,119,24.0,0.0,na
Eco Counter GmbH,Stadt Karlsruhe,752,Erbprinzenstraße,100004165,Y2H16070301,8.4027153,49.0072864,(UTC+01:00) Europe/Paris DST,2013-08-04T22:00:00+02:00,65,69,na,134,23.0,0.0,na
Eco Counter GmbH,Stadt Karlsruhe,752,Erbprinzenstraße,100004165,Y2H16070301,8.4027153,49.0072864,(UTC+01:00) Europe/Paris DST,2013-08-04T23:00:00+02:00,48,41,na,89,22.0,0.0,na
Eco Counter GmbH,Stadt Karlsruhe,752,Erbprinzenstraße,100004165,Y2H16070301,8.4027153,49.0072864,(UTC+01:00) Europe/Paris DST,2013-08-05T00:00:00+02:00,18,18,na,36,21.0,0.0,na
Eco Counter GmbH,Stadt Karlsruhe,752,Erbprinzenstraße,100004165,Y2H16070301,8.4027153,49.0072864,(UTC+01:00) Europe/Paris DST,2013-08-05T01:00:00+02:00,9,13,na,22,21.0,0.0,na
Eco Counter GmbH,Stadt Karlsruhe,752,Erbprinzenstraße,100004165,Y2H16070301,8.4027153,49.0072864,(UTC+01:00) Europe/Paris DST,2013-08-05T02:00:00+02:00,3,3,na,6,19.0,0.0,na
Eco Counter GmbH,Stadt Karlsruhe,752,Erbprinzenstraße,100004165,Y2H16070301,8.4027153,49.0072864,(UTC+01:00) Europe/Paris DST,2013-08-05T03:00:00+02:00,3,6,na,9,19.0,0.0,na
Eco Counter GmbH,Stadt Karlsruhe,752,Erbprinzenstraße,100004165,Y2H16070301,8.4027153,49.0072864,(UTC+01:00) Europe/Paris DST,2013-08-05T04:00:00+02:00,3,5,na,8,19.0,0.0,na
Eco Counter GmbH,Stadt Karlsruhe,752,Erbprinzenstraße,100004165,Y2H16070301,8.4027153,49.0072864,(UTC+01:00) Europe/Paris DST,2013-08-05T05:00:00+02:00,13,31,na,44,19.0,0.0,na
Eco Counter GmbH,Stadt Karlsruhe,752,Erbprinzenstraße,100004165,Y2H16070301,8.4027153,49.0072864,(UTC+01:00) Europe/Paris DST,2013-08-05T06:00:00+02:00,37,59,na,96,21.0,0.0,na
Eco Counter GmbH,Stadt Karlsruhe,752,Erbprinzenstraße,100004165,Y2H16070301,8.4027153,49.0072864,(UTC+01:00) Europe/Paris DST,2013-08-05T07:00:00+02:00,95,115,na,210,23.0,0.0,na
Eco Counter GmbH,Stadt Karlsruhe,752,Erbprinzenstraße,100004165,Y2H16070301,8.4027153,49.0072864,(UTC+01:00) Europe/Paris DST,2013-08-05T08:00:00+02:00,198,215,na,413,25.0,0.0,na
Eco Counter GmbH,Stadt Karlsruhe,752,Erbprinzenstraße,100004165,Y2H16070301,8.4027153,49.0072864,(UTC+01:00) Europe/Paris DST,2013-08-05T09:00:00+02:00,159,185,na,344,26.0,0.0,na
Eco Counter GmbH,Stadt Karlsruhe,752,Erbprinzenstraße,100004165,Y2H16070301,8.4027153,49.0072864,(UTC+01:00) Europe/Paris DST,2013-08-05T10:00:00+02:00,180,185,na,365,28.0,0.0,na
Eco Counter GmbH,Stadt Karlsruhe,752,Erbprinzenstraße,100004165,Y2H16070301,8.4027153,49.0072864,(UTC+01:00) Europe/Paris DST,2013-08-05T11:00:00+02:00,178,252,na,430,29.0,0.0,na
Eco Counter GmbH,Stadt Karlsruhe,752,Erbprinzenstraße,100004165,Y2H16070301,8.4027153,49.0072864,(UTC+01:00) Europe/Paris DST,2013-08-05T12:00:00+02:00,153,232,na,385,30.0,0.0,na
Eco Counter GmbH,Stadt Karlsruhe,752,Erbprinzenstraße,100004165,Y2H16070301,8.4027153,49.0072864,(UTC+01:00) Europe/Paris DST,2013-08-05T13:00:00+02:00,187,243,na,430,32.0,0.0,na
Eco Counter GmbH,Stadt Karlsruhe,752,Erbprinzenstraße,100004165,Y2H16070301,8.4027153,49.0072864,(UTC+01:00) Europe/Paris DST,2013-08-05T14:00:00+02:00,153,212,na,365,32.0,0.0,na
Eco Counter GmbH,Stadt Karlsruhe,752,Erbprinzenstraße,100004165,Y2H16070301,8.4027153,49.0072864,(UTC+01:00) Europe/Paris DST,2013-08-05T15:00:00+02:00,189,210,na,399,32.0,0.0,na
Eco Counter GmbH,Stadt Karlsruhe,752,Erbprinzenstraße,100004165,Y2H16070301,8.4027153,49.0072864,(UTC+01:00) Europe/Paris DST,2013-08-05T16:00:00+02:00,235,269,na,504,31.0,0.0,na
Eco Counter GmbH,Stadt Karlsruhe,752,Erbprinzenstraße,100004165,Y2H16070301,8.4027153,49.0072864,(UTC+01:00) Europe/Paris DST,2013-08-05T17:00:00+02:00,245,295,na,540,30.0,0.0,na
Eco Counter GmbH,Stadt Karlsruhe,752,Erbprinzenstraße,100004165,Y2H16070301,8.4027153,49.0072864,(UTC+01:00) Europe/Paris DST,2013-08-05T18:00:00+02:00,245,354,na,599,30.0,0.0,na
Eco Counter GmbH,Stadt Karlsruhe,752,Erbprinzenstraße,100004165,Y2H16070301,8.4027153,49.0072864,(UTC+01:00) Europe/Paris DST,2013-08-05T19:00:00+02:00,183,239,na,422,29.0,0.0,na
Eco Counter GmbH,Stadt Karlsruhe,752,Erbprinzenstraße,100004165,Y2H16070301,8.4027153,49.0072864,(UTC+01:00) Europe/Paris DST,2013-08-05T20:00:00+02:00,104,157,na,261,28.0,0.0,na
Eco Counter GmbH,Stadt Karlsruhe,752,Erbprinzenstraße,100004165,Y2H16070301,8.4027153,49.0072864,(UTC+01:00) Europe/Paris DST,2013-08-05T21:00:00+02:00,85,102,na,187,25.0,0.0,na
Eco Counter GmbH,Stadt Karlsruhe,752,Erbprinzenstraße,100004165,Y2H16070301,8.4027153,49.0072864,(UTC+01:00) Europe/Paris DST,2013-08-05T22:00:00+02:00,59,101,na,160,24.0,0.0,na
Eco Counter GmbH,Stadt Karlsruhe,752,Erbprinzenstraße,100004165,Y2H16070301,8.4027153,49.0072864,(UTC+01:00) Europe/Paris DST,2013-08-05T23:00:00+02:00,75,70,na,145,23.0,0.0,na
Eco Counter GmbH,Stadt Karlsruhe,752,Erbprinzenstraße,100004165,Y2H16070301,8.4027153,49.0072864,(UTC+01:00) Europe/Paris DST,2013-08-06T00:00:00+02:00,48,44,na,92,23.0,0.0,na
Eco Counter GmbH,Stadt Karlsruhe,752,Erbprinzenstraße,100004165,Y2H16070301,8.4027153,49.0072864,(UTC+01:00) Europe/Paris DST,2013-08-06T01:00:00+02:00,13,19,na,32,22.0,0.0,na
Eco Counter GmbH,Stadt Karlsruhe,752,Erbprinzenstraße,100004165,Y2H16070301,8.4027153,49.0072864,(UTC+01:00) Europe/Paris DST,2013-08-06T02:00:00+02:00,16,20,na,36,22.0,0.0,na
Eco Counter GmbH,Stadt Karlsruhe,752,Erbprinzenstraße,100004165,Y2H16070301,8.4027153,49.0072864,(UTC+01:00) Europe/Paris DST,2013-08-06T03:00:00+02:00,8,7,na,15,22.0,0.0,na
Eco Counter GmbH,Stadt Karlsruhe,752,Erbprinzenstraße,100004165,Y2H16070301,8.4027153,49.0072864,(UTC+01:00) Europe/Paris DST,2013-08-06T04:00:00+02:00,9,20,na,29,22.0,0.0,na
Eco Counter GmbH,Stadt Karlsruhe,752,Erbprinzenstraße,100004165,Y2H16070301,8.4027153,49.0072864,(UTC+01:00) Europe/Paris DST,2013-08-06T05:00:00+02:00,9,21,na,30,22.0,0.0,na
Eco Counter GmbH,Stadt Karlsruhe,752,Erbprinzenstraße,100004165,Y2H16070301,8.4027153,49.0072864,(UTC+01:00) Europe/Paris DST,2013-08-06T06:00:00+02:00,36,45,na,81,23.0,0.0,na
Eco Counter GmbH,Stadt Karlsruhe,752,Erbprinzenstraße,100004165,Y2H16070301,8.4027153,49.0072864,(UTC+01:00) Europe/Paris DST,2013-08-06T07:00:00+02:00,74,134,na,208,24.0,0.0,na
Eco Counter GmbH,Stadt Karlsruhe,752,Erbprinzenstraße,100004165,Y2H16070301,8.4027153,49.0072864,(UTC+01:00) Europe/Paris DST,2013-08-06T08:00:00+02:00,184,273,na,457,26.0,0.0,na
Eco Counter GmbH,Stadt Karlsruhe,752,Erbprinzenstraße,100004165,Y2H16070301,8.4027153,49.0072864,(UTC+01:00) Europe/Paris DST,2013-08-06T09:00:00+02:00,194,198,na,392,27.0,0.0,na
Eco Counter GmbH,Stadt Karlsruhe,752,Erbprinzenstraße,100004165,Y2H16070301,8.4027153,49.0072864,(UTC+01:00) Europe/Paris DST,2013-08-06T10:00:00+02:00,146,176,na,322,28.0,0.0,na
Eco Counter GmbH,Stadt Karlsruhe,752,Erbprinzenstraße,100004165,Y2H16070301,8.4027153,49.0072864,(UTC+01:00) Europe/Paris DST,2013-08-06T11:00:00+02:00,162,182,na,344,28.0,0.0,na
Eco Counter GmbH,Stadt Karlsruhe,752,Erbprinzenstraße,100004165,Y2H16070301,8.4027153,49.0072864,(UTC+01:00) Europe/Paris DST,2013-08-06T12:00:00+02:00,201,265,na,466,29.0,0.0,na
Eco Counter GmbH,Stadt Karlsruhe,752,Erbprinzenstraße,100004165,Y2H16070301,8.4027153,49.0072864,(UTC+01:00) Europe/Paris DST,2013-08-06T13:00:00+02:00,200,224,na,424,29.0,0.0,na
Eco Counter GmbH,Stadt Karlsruhe,752,Erbprinzenstraße,100004165,Y2H16070301,8.4027153,49.0072864,(UTC+01:00) Europe/Paris DST,2013-08-06T14:00:00+02:00,187,226,na,413,29.0,0.0,na
Eco Counter GmbH,Stadt Karlsruhe,752,Erbprinzenstraße,100004165,Y2H16070301,8.4027153,49.0072864,(UTC+01:00) Europe/Paris DST,2013-08-06T15:00:00+02:00,117,166,na,283,29.0,0.0,na
Eco Counter GmbH,Stadt Karlsruhe,752,Erbprinzenstraße,100004165,Y2H16070301,8.4027153,49.0072864,(UTC+01:00) Europe/Paris DST,2013-08-06T16:00:00+02:00,154,201,na,355,28.0,0.0,na
Eco Counter GmbH,Stadt Karlsruhe,752,Erbprinzenstraße,100004165,Y2H16070301,8.4027153,49.0072864,(UTC+01:00) Europe/Paris DST,2013-08-06T17:00:00+02:00,206,257,na,463,27.0,0.0,na
Eco Counter GmbH,Stadt Karlsruhe,752,Erbprinzenstraße,100004165,Y2H16070301,8.4027153,49.0072864,(UTC+01:00) Europe/Paris DST,2013-08-06T18:00:00+02:00,251,286,na,537,25.0,0.0,na
Eco Counter GmbH,Stadt Karlsruhe,752,Erbprinzenstraße,100004165,Y2H16070301,8.4027153,49.0072864,(UTC+01:00) Europe/Paris DST,2013-08-06T19:00:00+02:00,158,250,na,408,23.0,0.0,na
Eco Counter GmbH,Stadt Karlsruhe,752,Erbprinzenstraße,100004165,Y2H16070301,8.4027153,49.0072864,(UTC+01:00) Europe/Paris DST,2013-08-06T20:00:00+02:00,110,179,na,289,22.0,0.0,na
Eco Counter GmbH,Stadt Karlsruhe,752,Erbprinzenstraße,100004165,Y2H16070301,8.4027153,49.0072864,(UTC+01:00) Europe/Paris DST,2013-08-06T21:00:00+02:00,86,96,na,182,21.0,0.0,na
Eco Counter GmbH,Stadt Karlsruhe,752,Erbprinzenstraße,100004165,Y2H16070301,8.4027153,49.0072864,(UTC+01:00) Europe/Paris DST,2013-08-06T22:00:00+02:00,48,93,na,141,21.0,0.0,na
Eco Counter GmbH,Stadt Karlsruhe,752,Erbprinzenstraße,100004165,Y2H16070301,8.4027153,49.0072864,(UTC+01:00) Europe/Paris DST,2013-08-06T23:00:00+02:00,41,63,na,104,20.0,0.0,na
Eco Counter GmbH,Stadt Karlsruhe,752,Erbprinzenstraße,100004165,Y2H16070301,8.4027153,49.0072864,(UTC+01:00) Europe/Paris DST,2013-08-07T00:00:00+02:00,25,32,na,57,19.0,0.0,na
Eco Counter GmbH,Stadt Karlsruhe,752,Erbprinzenstraße,100004165,Y2H16070301,8.4027153,49.0072864,(UTC+01:00) Europe/Paris DST,2013-08-07T01:00:00+02:00,21,18,na,39,18.0,0.0,na
Eco Counter GmbH,Stadt Karlsruhe,752,Erbprinzenstraße,100004165,Y2H16070301,8.4027153,49.0072864,(UTC+01:00) Europe/Paris DST,2013-08-07T02:00:00+02:00,8,10,na,18,18.0,0.0,na
Eco Counter GmbH,Stadt Karlsruhe,752,Erbprinzenstraße,100004165,Y2H16070301,8.4027153,49.0072864,(UTC+01:00) Europe/Paris DST,2013-08-07T03:00:00+02:00,7,7,na,14,18.0,0.0,na
Eco Counter GmbH,Stadt Karlsruhe,752,Erbprinzenstraße,100004165,Y2H16070301,8.4027153,49.0072864,(UTC+01:00) Europe/Paris DST,2013-08-07T04:00:00+02:00,10,14,na,24,18.0,0.0,na
Eco Counter GmbH,Stadt Karlsruhe,752,Erbprinzenstraße,100004165,Y2H16070301,8.4027153,49.0072864,(UTC+01:00) Europe/Paris DST,2013-08-07T05:00:00+02:00,9,13,na,22,18.0,0.0,na
Eco Counter GmbH,Stadt Karlsruhe,752,Erbprinzenstraße,100004165,Y2H16070301,8.4027153,49.0072864,(UTC+01:00) Europe/Paris DST,2013-08-07T06:00:00+02:00,16,25,na,41,19.0,0.0,na
Eco Counter GmbH,Stadt Karlsruhe,752,Erbprinzenstraße,100004165,Y2H16070301,8.4027153,49.0072864,(UTC+01:00) Europe/Paris DST,2013-08-07T07:00:00+02:00,55,82,na,137,20.0,0.0,na
Eco Counter GmbH,Stadt Karlsruhe,752,Erbprinzenstraße,100004165,Y2H16070301,8.4027153,49.0072864,(UTC+01:00) Europe/Paris DST,2013-08-07T08:00:00+02:00,143,163,na,306,22.0,0.0,na
Eco Counter GmbH,Stadt Karlsruhe,752,Erbprinzenstraße,100004165,Y2H16070301,8.4027153,49.0072864,(UTC+01:00) Europe/Paris DST,2013-08-07T09:00:00+02:00,156,189,na,345,23.0,0.0,na
Eco Counter GmbH,Stadt Karlsruhe,752,Erbprinzenstraße,100004165,Y2H16070301,8.4027153,49.0072864,(UTC+01:00) Europe/Paris DST,2013-08-07T10:00:00+02:00,157,156,na,313,25.0,0.0,na
Eco Counter GmbH,Stadt Karlsruhe,752,Erbprinzenstraße,100004165,Y2H16070301,8.4027153,49.0072864,(UTC+01:00) Europe/Paris DST,2013-08-07T11:00:00+02:00,185,199,na,384,27.0,0.0,na
Eco Counter GmbH,Stadt Karlsruhe,752,Erbprinzenstraße,100004165,Y2H16070301,8.4027153,49.0072864,(UTC+01:00) Europe/Paris DST,2013-08-07T12:00:00+02:00,177,234,na,411,27.0,0.0,na
Eco Counter GmbH,Stadt Karlsruhe,752,Erbprinzenstraße,100004165,Y2H16070301,8.4027153,49.0072864,(UTC+01:00) Europe/Paris DST,2013-08-07T13:00:00+02:00,154,262,na,416,27.0,0.0,na
Eco Counter GmbH,Stadt Karlsruhe,752,Erbprinzenstraße,100004165,Y2H16070301,8.4027153,49.0072864,(UTC+01:00) Europe/Paris DST,2013-08-07T14:00:00+02:00,167,215,na,382,26.0,0.0,na
Eco Counter GmbH,Stadt Karlsruhe,752,Erbprinzenstraße,100004165,Y2H16070301,8.4027153,49.0072864,(UTC+01:00) Europe/Paris DST,2013-08-07T15:00:00+02:00,170,239,na,409,25.0,0.0,na
Eco Counter GmbH,Stadt Karlsruhe,752,Erbprinzenstraße,100004165,Y2H16070301,8.4027153,49.0072864,(UTC+01:00) Europe/Paris DST,2013-08-07T16:00:00+02:00,168,209,na,377,24.0,0.0,na
Eco Counter GmbH,Stadt Karlsruhe,752,Erbprinzenstraße,100004165,Y2H16070301,8.4027153,49.0072864,(UTC+01:00) Europe/Paris DST,2013-08-07T17:00:00+02:00,206,246,na,452,23.0,0.0,na
Eco Counter GmbH,Stadt Karlsruhe,752,Erbprinzenstraße,100004165,Y2H16070301,8.4027153,49.0072864,(UTC+01:00) Europe/Paris DST,2013-08-07T18:00:00+02:00,233,246,na,479,23.0,0.0,na
Eco Counter GmbH,Stadt Karlsruhe,752,Erbprinzenstraße,100004165,Y2H16070301,8.4027153,49.0072864,(UTC+01:00) Europe/Paris DST,2013-08-07T19:00:00+02:00,119,177,na,296,22.0,0.0,na
Eco Counter GmbH,Stadt Karlsruhe,752,Erbprinzenstraße,100004165,Y2H16070301,8.4027153,49.0072864,(UTC+01:00) Europe/Paris DST,2013-08-07T20:00:00+02:00,84,123,na,207,20.0,1.4,na
Eco Counter GmbH,Stadt Karlsruhe,752,Erbprinzenstraße,100004165,Y2H16070301,8.4027153,49.0072864,(UTC+01:00) Europe/Paris DST,2013-08-07T21:00:00+02:00,65,82,na,147,20.0,2.3,na
Eco Counter GmbH,Stadt Karlsruhe,752,Erbprinzenstraße,100004165,Y2H16070301,8.4027153,49.0072864,(UTC+01:00) Europe/Paris DST,2013-08-07T22:00:00+02:00,48,54,na,102,19.0,1.8,na
Eco Counter GmbH,Stadt Karlsruhe,752,Erbprinzenstraße,100004165,Y2H16070301,8.4027153,49.0072864,(UTC+01:00) Europe/Paris DST,2013-08-07T23:00:00+02:00,32,44,na,76,18.0,0.7,na
Eco Counter GmbH,Stadt Karlsruhe,752,Erbprinzenstraße,100004165,Y2H16070301,8.4027153,49.0072864,(UTC+01:00) Europe/Paris DST,2013-08-08T00:00:00+02:00,21,50,na,71,18.0,0.2,na
Eco Counter GmbH,Stadt Karlsruhe,752,Erbprinzenstraße,100004165,Y2H16070301,8.4027153,49.0072864,(UTC+01:00) Europe/Paris DST,2013-08-08T01:00:00+02:00,16,16,na,32,17.0,0.0,na
Eco Counter GmbH,Stadt Karlsruhe,752,Erbprinzenstraße,100004165,Y2H16070301,8.4027153,49.0072864,(UTC+01:00) Europe/Paris DST,2013-08-08T02:00:00+02:00,6,4,na,10,17.0,0.0,na
Eco Counter GmbH,Stadt Karlsruhe,752,Erbprinzenstraße,100004165,Y2H16070301,8.4027153,49.0072864,(UTC+01:00) Europe/Paris DST,2013-08-08T03:00:00+02:00,4,8,na,12,16.0,0.0,na
Eco Counter GmbH,Stadt Karlsruhe,752,Erbprinzenstraße,100004165,Y2H16070301,8.4027153,49.0072864,(UTC+01:00) Europe/Paris DST,2013-08-08T04:00:00+02:00,14,20,na,34,16.0,0.0,na
Eco Counter GmbH,Stadt Karlsruhe,752,Erbprinzenstraße,100004165,Y2H16070301,8.4027153,49.0072864,(UTC+01:00) Europe/Paris DST,2013-08-08T05:00:00+02:00,15,12,na,27,17.0,0.0,na
Eco Counter GmbH,Stadt Karlsruhe,752,Erbprinzenstraße,100004165,Y2H16070301,8.4027153,49.0072864,(UTC+01:00) Europe/Paris DST,2013-08-08T06:00:00+02:00,41,31,na,72,17.0,0.0,na
Eco Counter GmbH,Stadt Karlsruhe,752,Erbprinzenstraße,100004165,Y2H16070301,8.4027153,49.0072864,(UTC+01:00) Europe/Paris DST,2013-08-08T07:00:00+02:00,80,112,na,192,18.0,0.0,na
Eco Counter GmbH,Stadt Karlsruhe,752,Erbprinzenstraße,100004165,Y2H16070301,8.4027153,49.0072864,(UTC+01:00) Europe/Paris DST,2013-08-08T08:00:00+02:00,154,174,na,328,19.0,0.0,na
Eco Counter GmbH,Stadt Karlsruhe,752,Erbprinzenstraße,100004165,Y2H16070301,8.4027153,49.0072864,(UTC+01:00) Europe/Paris DST,2013-08-08T09:00:00+02:00,145,177,na,322,21.0,0.0,na
Eco Counter GmbH,Stadt Karlsruhe,752,Erbprinzenstraße,100004165,Y2H16070301,8.4027153,49.0072864,(UTC+01:00) Europe/Paris DST,2013-08-08T10:00:00+02:00,177,172,na,349,22.0,0.0,na
Eco Counter GmbH,Stadt Karlsruhe,752,Erbprinzenstraße,100004165,Y2H16070301,8.4027153,49.0072864,(UTC+01:00) Europe/Paris DST,2013-08-08T11:00:00+02:00,142,158,na,300,23.0,0.0,na
Eco Counter GmbH,Stadt Karlsruhe,752,Erbprinzenstraße,100004165,Y2H16070301,8.4027153,49.0072864,(UTC+01:00) Europe/Paris DST,2013-08-08T12:00:00+02:00,134,205,na,339,24.0,0.0,na
Eco Counter GmbH,Stadt Karlsruhe,752,Erbprinzenstraße,100004165,Y2H16070301,8.4027153,49.0072864,(UTC+01:00) Europe/Paris DST,2013-08-08T13:00:00+02:00,175,238,na,413,24.0,0.0,na
Eco Counter GmbH,Stadt Karlsruhe,752,Erbprinzenstraße,100004165,Y2H16070301,8.4027153,49.0072864,(UTC+01:00) Europe/Paris DST,2013-08-08T14:00:00+02:00,182,197,na,379,24.0,0.0,na
Eco Counter GmbH,Stadt Karlsruhe,752,Erbprinzenstraße,100004165,Y2H16070301,8.4027153,49.0072864,(UTC+01:00) Europe/Paris DST,2013-08-08T15:00:00+02:00,154,188,na,342,23.0,0.0,na
Eco Counter GmbH,Stadt Karlsruhe,752,Erbprinzenstraße,100004165,Y2H16070301,8.4027153,49.0072864,(UTC+01:00) Europe/Paris DST,2013-08-08T16:00:00+02:00,227,243,na,470,23.0,0.0,na
Eco Counter GmbH,Stadt Karlsruhe,752,Erbprinzenstraße,100004165,Y2H16070301,8.4027153,49.0072864,(UTC+01:00) Europe/Paris DST,2013-08-08T17:00:00+02:00,224,286,na,510,22.0,0.1,na
Eco Counter GmbH,Stadt Karlsruhe,752,Erbprinzenstraße,100004165,Y2H16070301,8.4027153,49.0072864,(UTC+01:00) Europe/Paris DST,2013-08-08T18:00:00+02:00,243,301,na,544,21.0,0.0,na
Eco Counter GmbH,Stadt Karlsruhe,752,Erbprinzenstraße,100004165,Y2H16070301,8.4027153,49.0072864,(UTC+01:00) Europe/Paris DST,2013-08-08T19:00:00+02:00,165,268,na,433,20.0,0.0,na
Eco Counter GmbH,Stadt Karlsruhe,752,Erbprinzenstraße,100004165,Y2H16070301,8.4027153,49.0072864,(UTC+01:00) Europe/Paris DST,2013-08-08T20:00:00+02:00,106,188,na,294,19.0,0.0,na
Eco Counter GmbH,Stadt Karlsruhe,752,Erbprinzenstraße,100004165,Y2H16070301,8.4027153,49.0072864,(UTC+01:00) Europe/Paris DST,2013-08-08T21:00:00+02:00,74,127,na,201,18.0,0.0,na
Eco Counter GmbH,Stadt Karlsruhe,752,Erbprinzenstraße,100004165,Y2H16070301,8.4027153,49.0072864,(UTC+01:00) Europe/Paris DST,2013-08-08T22:00:00+02:00,65,84,na,149,18.0,0.0,na
Eco Counter GmbH,Stadt Karlsruhe,752,Erbprinzenstraße,100004165,Y2H16070301,8.4027153,49.0072864,(UTC+01:00) Europe/Paris DST,2013-08-08T23:00:00+02:00,50,71,na,121,17.0,0.0,na
Eco Counter GmbH,Stadt Karlsruhe,752,Erbprinzenstraße,100004165,Y2H16070301,8.4027153,49.0072864,(UTC+01:00) Europe/Paris DST,2013-08-09T00:00:00+02:00,26,50,na,76,17.0,0.0,na
Eco Counter GmbH,Stadt Karlsruhe,752,Erbprinzenstraße,100004165,Y2H16070301,8.4027153,49.0072864,(UTC+01:00) Europe/Paris DST,2013-08-09T01:00:00+02:00,22,16,na,38,17.0,0.0,na
Eco Counter GmbH,Stadt Karlsruhe,752,Erbprinzenstraße,100004165,Y2H16070301,8.4027153,49.0072864,(UTC+01:00) Europe/Paris DST,2013-08-09T02:00:00+02:00,10,15,na,25,17.0,0.0,na
Eco Counter GmbH,Stadt Karlsruhe,752,Erbprinzenstraße,100004165,Y2H16070301,8.4027153,49.0072864,(UTC+01:00) Europe/Paris DST,2013-08-09T03:00:00+02:00,6,8,na,14,16.0,0.0,na
Eco Counter GmbH,Stadt Karlsruhe,752,Erbprinzenstraße,100004165,Y2H16070301,8.4027153,49.0072864,(UTC+01:00) Europe/Paris DST,2013-08-09T04:00:00+02:00,9,11,na,20,16.0,0.0,na
Eco Counter GmbH,Stadt Karlsruhe,752,Erbprinzenstraße,100004165,Y2H16070301,8.4027153,49.0072864,(UTC+01:00) Europe/Paris DST,2013-08-09T05:00:00+02:00,11,15,na,26,16.0,0.0,na
Eco Counter GmbH,Stadt Karlsruhe,752,Erbprinzenstraße,100004165,Y2H16070301,8.4027153,49.0072864,(UTC+01:00) Europe/Paris DST,2013-08-09T06:00:00+02:00,40,51,na,91,17.0,0.0,na
Eco Counter GmbH,Stadt Karlsruhe,752,Erbprinzenstraße,100004165,Y2H16070301,8.4027153,49.0072864,(UTC+01:00) Europe/Paris DST,2013-08-09T07:00:00+02:00,81,121,na,202,19.0,0.0,na
Eco Counter GmbH,Stadt Karlsruhe,752,Erbprinzenstraße,100004165,Y2H16070301,8.4027153,49.0072864,(UTC+01:00) Europe/Paris DST,2013-08-09T08:00:00+02:00,165,152,na,317,19.0,0.0,na
Eco Counter GmbH,Stadt Karlsruhe,752,Erbprinzenstraße,100004165,Y2H16070301,8.4027153,49.0072864,(UTC+01:00) Europe/Paris DST,2013-08-09T09:00:00+02:00,161,166,na,327,20.0,0.0,na
Eco Counter GmbH,Stadt Karlsruhe,752,Erbprinzenstraße,100004165,Y2H16070301,8.4027153,49.0072864,(UTC+01:00) Europe/Paris DST,2013-08-09T10:00:00+02:00,158,169,na,327,21.0,0.0,na
Eco Counter GmbH,Stadt Karlsruhe,752,Erbprinzenstraße,100004165,Y2H16070301,8.4027153,49.0072864,(UTC+01:00) Europe/Paris DST,2013-08-09T11:00:00+02:00,173,201,na,374,22.0,0.0,na
Eco Counter GmbH,Stadt Karlsruhe,752,Erbprinzenstraße,100004165,Y2H16070301,8.4027153,49.0072864,(UTC+01:00) Europe/Paris DST,2013-08-09T12:00:00+02:00,167,246,na,413,23.0,0.0,na
Eco Counter GmbH,Stadt Karlsruhe,752,Erbprinzenstraße,100004165,Y2H16070301,8.4027153,49.0072864,(UTC+01:00) Europe/Paris DST,2013-08-09T13:00:00+02:00,167,230,na,397,24.0,0.0,na
Eco Counter GmbH,Stadt Karlsruhe,752,Erbprinzenstraße,100004165,Y2H16070301,8.4027153,49.0072864,(UTC+01:00) Europe/Paris DST,2013-08-09T14:00:00+02:00,179,203,na,382,24.0,0.0,na
Eco Counter GmbH,Stadt Karlsruhe,752,Erbprinzenstraße,100004165,Y2H16070301,8.4027153,49.0072864,(UTC+01:00) Europe/Paris DST,2013-08-09T15:00:00+02:00,201,224,na,425,23.0,0.0,na
Eco Counter GmbH,Stadt Karlsruhe,752,Erbprinzenstraße,100004165,Y2H16070301,8.4027153,49.0072864,(UTC+01:00) Europe/Paris DST,2013-08-09T16:00:00+02:00,202,283,na,485,23.0,0.0,na
Eco Counter GmbH,Stadt Karlsruhe,752,Erbprinzenstraße,100004165,Y2H16070301,8.4027153,49.0072864,(UTC+01:00) Europe/Paris DST,2013-08-09T17:00:00+02:00,212,266,na,478,22.0,0.0,na
Eco Counter GmbH,Stadt Karlsruhe,752,Erbprinzenstraße,100004165,Y2H16070301,8.4027153,49.0072864,(UTC+01:00) Europe/Paris DST,2013-08-09T18:00:00+02:00,187,288,na,475,21.0,0.0,na
Eco Counter GmbH,Stadt Karlsruhe,752,Erbprinzenstraße,100004165,Y2H16070301,8.4027153,49.0072864,(UTC+01:00) Europe/Paris DST,2013-08-09T19:00:00+02:00,144,245,na,389,20.0,0.0,na
Eco Counter GmbH,Stadt Karlsruhe,752,Erbprinzenstraße,100004165,Y2H16070301,8.4027153,49.0072864,(UTC+01:00) Europe/Paris DST,2013-08-09T20:00:00+02:00,91,162,na,253,19.0,0.0,na
Eco Counter GmbH,Stadt Karlsruhe,752,Erbprinzenstraße,100004165,Y2H16070301,8.4027153,49.0072864,(UTC+01:00) Europe/Paris DST,2013-08-09T21:00:00+02:00,78,81,na,159,18.0,0.0,na
Eco Counter GmbH,Stadt Karlsruhe,752,Erbprinzenstraße,100004165,Y2H16070301,8.4027153,49.0072864,(UTC+01:00) Europe/Paris DST,2013-08-09T22:00:00+02:00,53,72,na,125,17.0,0.0,na
Eco Counter GmbH,Stadt Karlsruhe,752,Erbprinzenstraße,100004165,Y2H16070301,8.4027153,49.0072864,(UTC+01:00) Europe/Paris DST,2013-08-09T23:00:00+02:00,53,64,na,117,16.0,0.0,na
Eco Counter GmbH,Stadt Karlsruhe,752,Erbprinzenstraße,100004165,Y2H16070301,8.4027153,49.0072864,(UTC+01:00) Europe/Paris DST,2013-08-10T00:00:00+02:00,33,57,na,90,15.0,0.0,na
Eco Counter GmbH,Stadt Karlsruhe,752,Erbprinzenstraße,100004165,Y2H16070301,8.4027153,49.0072864,(UTC+01:00) Europe/Paris DST,2013-08-10T01:00:00+02:00,30,44,na,74,15.0,0.0,na
Eco Counter GmbH,Stadt Karlsruhe,752,Erbprinzenstraße,100004165,Y2H16070301,8.4027153,49.0072864,(UTC+01:00) Europe/Paris DST,2013-08-10T02:00:00+02:00,16,44,na,60,14.0,0.0,na
Eco Counter GmbH,Stadt Karlsruhe,752,Erbprinzenstraße,100004165,Y2H16070301,8.4027153,49.0072864,(UTC+01:00) Europe/Paris DST,2013-08-10T03:00:00+02:00,19,18,na,37,14.0,0.0,na
Eco Counter GmbH,Stadt Karlsruhe,752,Erbprinzenstraße,100004165,Y2H16070301,8.4027153,49.0072864,(UTC+01:00) Europe/Paris DST,2013-08-10T04:00:00+02:00,15,10,na,25,15.0,0.0,na
Eco Counter GmbH,Stadt Karlsruhe,752,Erbprinzenstraße,100004165,Y2H16070301,8.4027153,49.0072864,(UTC+01:00) Europe/Paris DST,2013-08-10T05:00:00+02:00,14,14,na,28,16.0,0.0,na
Eco Counter GmbH,Stadt Karlsruhe,752,Erbprinzenstraße,100004165,Y2H16070301,8.4027153,49.0072864,(UTC+01:00) Europe/Paris DST,2013-08-10T06:00:00+02:00,11,25,na,36,17.0,0.0,na
Eco Counter GmbH,Stadt Karlsruhe,752,Erbprinzenstraße,100004165,Y2H16070301,8.4027153,49.0072864,(UTC+01:00) Europe/Paris DST,2013-08-10T07:00:00+02:00,19,31,na,50,19.0,0.0,na
Eco Counter GmbH,Stadt Karlsruhe,752,Erbprinzenstraße,100004165,Y2H16070301,8.4027153,49.0072864,(UTC+01:00) Europe/Paris DST,2013-08-10T08:00:00+02:00,30,27,na,57,20.0,0.0,na
Eco Counter GmbH,Stadt Karlsruhe,752,Erbprinzenstraße,100004165,Y2H16070301,8.4027153,49.0072864,(UTC+01:00) Europe/Paris DST,2013-08-10T09:00:00+02:00,68,63,na,131,21.0,0.0,na
Eco Counter GmbH,Stadt Karlsruhe,752,Erbprinzenstraße,100004165,Y2H16070301,8.4027153,49.0072864,(UTC+01:00) Europe/Paris DST,2013-08-10T10:00:00+02:00,154,124,na,278,22.0,0.0,na
Eco Counter GmbH,Stadt Karlsruhe,752,Erbprinzenstraße,100004165,Y2H16070301,8.4027153,49.0072864,(UTC+01:00) Europe/Paris DST,2013-08-10T11:00:00+02:00,190,186,na,376,23.0,0.0,na
Eco Counter GmbH,Stadt Karlsruhe,752,Erbprinzenstraße,100004165,Y2H16070301,8.4027153,49.0072864,(UTC+01:00) Europe/Paris DST,2013-08-10T12:00:00+02:00,163,220,na,383,23.0,0.0,na
Eco Counter GmbH,Stadt Karlsruhe,752,Erbprinzenstraße,100004165,Y2H16070301,8.4027153,49.0072864,(UTC+01:00) Europe/Paris DST,2013-08-10T13:00:00+02:00,147,209,na,356,24.0,0.0,na
Eco Counter GmbH,Stadt Karlsruhe,752,Erbprinzenstraße,100004165,Y2H16070301,8.4027153,49.0072864,(UTC+01:00) Europe/Paris DST,2013-08-10T14:00:00+02:00,184,214,na,398,24.0,0.0,na
Eco Counter GmbH,Stadt Karlsruhe,752,Erbprinzenstraße,100004165,Y2H16070301,8.4027153,49.0072864,(UTC+01:00) Europe/Paris DST,2013-08-10T15:00:00+02:00,173,227,na,400,24.0,0.0,na
Eco Counter GmbH,Stadt Karlsruhe,752,Erbprinzenstraße,100004165,Y2H16070301,8.4027153,49.0072864,(UTC+01:00) Europe/Paris DST,2013-08-10T16:00:00+02:00,140,208,na,348,23.0,0.0,na
Eco Counter GmbH,Stadt Karlsruhe,752,Erbprinzenstraße,100004165,Y2H16070301,8.4027153,49.0072864,(UTC+01:00) Europe/Paris DST,2013-08-10T17:00:00+02:00,135,176,na,311,22.0,0.0,na
Eco Counter GmbH,Stadt Karlsruhe,752,Erbprinzenstraße,100004165,Y2H16070301,8.4027153,49.0072864,(UTC+01:00) Europe/Paris DST,2013-08-10T18:00:00+02:00,111,208,na,319,21.0,0.0,na
Eco Counter GmbH,Stadt Karlsruhe,752,Erbprinzenstraße,100004165,Y2H16070301,8.4027153,49.0072864,(UTC+01:00) Europe/Paris DST,2013-08-10T19:00:00+02:00,121,202,na,323,20.0,0.0,na
Eco Counter GmbH,Stadt Karlsruhe,752,Erbprinzenstraße,100004165,Y2H16070301,8.4027153,49.0072864,(UTC+01:00) Europe/Paris DST,2013-08-10T20:00:00+02:00,74,159,na,233,19.0,0.0,na
Eco Counter GmbH,Stadt Karlsruhe,752,Erbprinzenstraße,100004165,Y2H16070301,8.4027153,49.0072864,(UTC+01:00) Europe/Paris DST,2013-08-10T21:00:00+02:00,69,67,na,136,19.0,0.0,na
Eco Counter GmbH,Stadt Karlsruhe,752,Erbprinzenstraße,100004165,Y2H16070301,8.4027153,49.0072864,(UTC+01:00) Europe/Paris DST,2013-08-10T22:00:00+02:00,43,63,na,106,18.0,0.0,na
Eco Counter GmbH,Stadt Karlsruhe,752,Erbprinzenstraße,100004165,Y2H16070301,8.4027153,49.0072864,(UTC+01:00) Europe/Paris DST,2013-08-10T23:00:00+02:00,54,60,na,114,16.0,0.0,na
Eco Counter GmbH,Stadt Karlsruhe,752,Erbprinzenstraße,100004165,Y2H16070301,8.4027153,49.0072864,(UTC+01:00) Europe/Paris DST,2013-08-11T00:00:00+02:00,39,62,na,101,15.0,0.0,na
Eco Counter GmbH,Stadt Karlsruhe,752,Erbprinzenstraße,100004165,Y2H16070301,8.4027153,49.0072864,(UTC+01:00) Europe/Paris DST,2013-08-11T01:00:00+02:00,29,49,na,78,14.0,0.0,na
Eco Counter GmbH,Stadt Karlsruhe,752,Erbprinzenstraße,100004165,Y2H16070301,8.4027153,49.0072864,(UTC+01:00) Europe/Paris DST,2013-08-11T02:00:00+02:00,12,29,na,41,14.0,0.0,na
Eco Counter GmbH,Stadt Karlsruhe,752,Erbprinzenstraße,100004165,Y2H16070301,8.4027153,49.0072864,(UTC+01:00) Europe/Paris DST,2013-08-11T03:00:00+02:00,13,25,na,38,14.0,0.0,na
Eco Counter GmbH,Stadt Karlsruhe,752,Erbprinzenstraße,100004165,Y2H16070301,8.4027153,49.0072864,(UTC+01:00) Europe/Paris DST,2013-08-11T04:00:00+02:00,11,18,na,29,14.0,0.0,na
Eco Counter GmbH,Stadt Karlsruhe,752,Erbprinzenstraße,100004165,Y2H16070301,8.4027153,49.0072864,(UTC+01:00) Europe/Paris DST,2013-08-11T05:00:00+02:00,14,8,na,22,15.0,0.0,na
Eco Counter GmbH,Stadt Karlsruhe,752,Erbprinzenstraße,100004165,Y2H16070301,8.4027153,49.0072864,(UTC+01:00) Europe/Paris DST,2013-08-11T06:00:00+02:00,8,10,na,18,16.0,0.0,na
Eco Counter GmbH,Stadt Karlsruhe,752,Erbprinzenstraße,100004165,Y2H16070301,8.4027153,49.0072864,(UTC+01:00) Europe/Paris DST,2013-08-11T07:00:00+02:00,10,13,na,23,18.0,0.0,na
Eco Counter GmbH,Stadt Karlsruhe,752,Erbprinzenstraße,100004165,Y2H16070301,8.4027153,49.0072864,(UTC+01:00) Europe/Paris DST,2013-08-11T08:00:00+02:00,11,14,na,25,19.0,0.0,na
Eco Counter GmbH,Stadt Karlsruhe,752,Erbprinzenstraße,100004165,Y2H16070301,8.4027153,49.0072864,(UTC+01:00) Europe/Paris DST,2013-08-11T09:00:00+02:00,31,40,na,71,20.0,0.0,na
Eco Counter GmbH,Stadt Karlsruhe,752,Erbprinzenstraße,100004165,Y2H16070301,8.4027153,49.0072864,(UTC+01:00) Europe/Paris DST,2013-08-11T10:00:00+02:00,43,44,na,87,22.0,0.0,na
Eco Counter GmbH,Stadt Karlsruhe,752,Erbprinzenstraße,100004165,Y2H16070301,8.4027153,49.0072864,(UTC+01:00) Europe/Paris DST,2013-08-11T11:00:00+02:00,62,58,na,120,22.0,0.0,na
Eco Counter GmbH,Stadt Karlsruhe,752,Erbprinzenstraße,100004165,Y2H16070301,8.4027153,49.0072864,(UTC+01:00) Europe/Paris DST,2013-08-11T12:00:00+02:00,50,65,na,115,22.0,0.0,na
Eco Counter GmbH,Stadt Karlsruhe,752,Erbprinzenstraße,100004165,Y2H16070301,8.4027153,49.0072864,(UTC+01:00) Europe/Paris DST,2013-08-11T13:00:00+02:00,69,75,na,144,23.0,0.0,na
Eco Counter GmbH,Stadt Karlsruhe,752,Erbprinzenstraße,100004165,Y2H16070301,8.4027153,49.0072864,(UTC+01:00) Europe/Paris DST,2013-08-11T14:00:00+02:00,58,79,na,137,24.0,0.0,na
Eco Counter GmbH,Stadt Karlsruhe,752,Erbprinzenstraße,100004165,Y2H16070301,8.4027153,49.0072864,(UTC+01:00) Europe/Paris DST,2013-08-11T15:00:00+02:00,82,103,na,185,23.0,0.0,na
Eco Counter GmbH,Stadt Karlsruhe,752,Erbprinzenstraße,100004165,Y2H16070301,8.4027153,49.0072864,(UTC+01:00) Europe/Paris DST,2013-08-11T16:00:00+02:00,61,87,na,148,22.0,0.0,na
Eco Counter GmbH,Stadt Karlsruhe,752,Erbprinzenstraße,100004165,Y2H16070301,8.4027153,49.0072864,(UTC+01:00) Europe/Paris DST,2013-08-11T17:00:00+02:00,90,110,na,200,21.0,0.0,na
Eco Counter GmbH,Stadt Karlsruhe,752,Erbprinzenstraße,100004165,Y2H16070301,8.4027153,49.0072864,(UTC+01:00) Europe/Paris DST,2013-08-11T18:00:00+02:00,67,92,na,159,21.0,0.0,na
Eco Counter GmbH,Stadt Karlsruhe,752,Erbprinzenstraße,100004165,Y2H16070301,8.4027153,49.0072864,(UTC+01:00) Europe/Paris DST,2013-08-11T19:00:00+02:00,72,87,na,159,20.0,0.0,na
Eco Counter GmbH,Stadt Karlsruhe,752,Erbprinzenstraße,100004165,Y2H16070301,8.4027153,49.0072864,(UTC+01:00) Europe/Paris DST,2013-08-11T20:00:00+02:00,54,103,na,157,19.0,0.0,na
Eco Counter GmbH,Stadt Karlsruhe,752,Erbprinzenstraße,100004165,Y2H16070301,8.4027153,49.0072864,(UTC+01:00) Europe/Paris DST,2013-08-11T21:00:00+02:00,37,68,na,105,18.0,0.0,na
Eco Counter GmbH,Stadt Karlsruhe,752,Erbprinzenstraße,100004165,Y2H16070301,8.4027153,49.0072864,(UTC+01:00) Europe/Paris DST,2013-08-11T22:00:00+02:00,32,44,na,76,17.0,0.0,na
Eco Counter GmbH,Stadt Karlsruhe,752,Erbprinzenstraße,100004165,Y2H16070301,8.4027153,49.0072864,(UTC+01:00) Europe/Paris DST,2013-08-11T23:00:00+02:00,58,36,na,94,17.0,0.0,na
Eco Counter GmbH,Stadt Karlsruhe,752,Erbprinzenstraße,100004165,Y2H16070301,8.4027153,49.0072864,(UTC+01:00) Europe/Paris DST,2013-08-12T00:00:00+02:00,15,19,na,34,17.0,0.0,na
Eco Counter GmbH,Stadt Karlsruhe,752,Erbprinzenstraße,100004165,Y2H16070301,8.4027153,49.0072864,(UTC+01:00) Europe/Paris DST,2013-08-12T01:00:00+02:00,9,7,na,16,17.0,0.0,na
Eco Counter GmbH,Stadt Karlsruhe,752,Erbprinzenstraße,100004165,Y2H16070301,8.4027153,49.0072864,(UTC+01:00) Europe/Paris DST,2013-08-12T02:00:00+02:00,2,2,na,4,17.0,0.0,na
Eco Counter GmbH,Stadt Karlsruhe,752,Erbprinzenstraße,100004165,Y2H16070301,8.4027153,49.0072864,(UTC+01:00) Europe/Paris DST,2013-08-12T03:00:00+02:00,3,3,na,6,17.0,0.0,na
Eco Counter GmbH,Stadt Karlsruhe,752,Erbprinzenstraße,100004165,Y2H16070301,8.4027153,49.0072864,(UTC+01:00) Europe/Paris DST,2013-08-12T04:00:00+02:00,2,5,na,7,17.0,0.0,na
Eco Counter GmbH,Stadt Karlsruhe,752,Erbprinzenstraße,100004165,Y2H16070301,8.4027153,49.0072864,(UTC+01:00) Europe/Paris DST,2013-08-12T05:00:00+02:00,12,21,na,33,17.0,0.0,na
Eco Counter GmbH,Stadt Karlsruhe,752,Erbprinzenstraße,100004165,Y2H16070301,8.4027153,49.0072864,(UTC+01:00) Europe/Paris DST,2013-08-12T06:00:00+02:00,33,41,na,74,18.0,0.0,na
Eco Counter GmbH,Stadt Karlsruhe,752,Erbprinzenstraße,100004165,Y2H16070301,8.4027153,49.0072864,(UTC+01:00) Europe/Paris DST,2013-08-12T07:00:00+02:00,73,125,na,198,20.0,0.0,na
Eco Counter GmbH,Stadt Karlsruhe,752,Erbprinzenstraße,100004165,Y2H16070301,8.4027153,49.0072864,(UTC+01:00) Europe/Paris DST,2013-08-12T08:00:00+02:00,142,202,na,344,21.0,0.0,na
Eco Counter GmbH,Stadt Karlsruhe,752,Erbprinzenstraße,100004165,Y2H16070301,8.4027153,49.0072864,(UTC+01:00) Europe/Paris DST,2013-08-12T09:00:00+02:00,175,188,na,363,22.0,0.0,na
Eco Counter GmbH,Stadt Karlsruhe,752,Erbprinzenstraße,100004165,Y2H16070301,8.4027153,49.0072864,(UTC+01:00) Europe/Paris DST,2013-08-12T10:00:00+02:00,148,207,na,355,24.0,0.0,na
Eco Counter GmbH,Stadt Karlsruhe,752,Erbprinzenstraße,100004165,Y2H16070301,8.4027153,49.0072864,(UTC+01:00) Europe/Paris DST,2013-08-12T11:00:00+02:00,178,188,na,366,25.0,0.0,na
Eco Counter GmbH,Stadt Karlsruhe,752,Erbprinzenstraße,100004165,Y2H16070301,8.4027153,49.0072864,(UTC+01:00) Europe/Paris DST,2013-08-12T12:00:00+02:00,190,264,na,454,25.0,0.0,na
Eco Counter GmbH,Stadt Karlsruhe,752,Erbprinzenstraße,100004165,Y2H16070301,8.4027153,49.0072864,(UTC+01:00) Europe/Paris DST,2013-08-12T13:00:00+02:00,185,214,na,399,25.0,0.0,na
Eco Counter GmbH,Stadt Karlsruhe,752,Erbprinzenstraße,100004165,Y2H16070301,8.4027153,49.0072864,(UTC+01:00) Europe/Paris DST,2013-08-12T14:00:00+02:00,181,218,na,399,25.0,0.0,na
Eco Counter GmbH,Stadt Karlsruhe,752,Erbprinzenstraße,100004165,Y2H16070301,8.4027153,49.0072864,(UTC+01:00) Europe/Paris DST,2013-08-12T15:00:00+02:00,190,222,na,412,25.0,0.0,na
Eco Counter GmbH,Stadt Karlsruhe,752,Erbprinzenstraße,100004165,Y2H16070301,8.4027153,49.0072864,(UTC+01:00) Europe/Paris DST,2013-08-12T16:00:00+02:00,208,239,na,447,24.0,0.0,na
Eco Counter GmbH,Stadt Karlsruhe,752,Erbprinzenstraße,100004165,Y2H16070301,8.4027153,49.0072864,(UTC+01:00) Europe/Paris DST,2013-08-12T17:00:00+02:00,237,328,na,565,23.0,0.0,na
Eco Counter GmbH,Stadt Karlsruhe,752,Erbprinzenstraße,100004165,Y2H16070301,8.4027153,49.0072864,(UTC+01:00) Europe/Paris DST,2013-08-12T18:00:00+02:00,248,302,na,550,22.0,0.0,na
Eco Counter GmbH,Stadt Karlsruhe,752,Erbprinzenstraße,100004165,Y2H16070301,8.4027153,49.0072864,(UTC+01:00) Europe/Paris DST,2013-08-12T19:00:00+02:00,179,260,na,439,20.0,0.0,na
Eco Counter GmbH,Stadt Karlsruhe,752,Erbprinzenstraße,100004165,Y2H16070301,8.4027153,49.0072864,(UTC+01:00) Europe/Paris DST,2013-08-12T20:00:00+02:00,85,148,na,233,19.0,0.5,na
Eco Counter GmbH,Stadt Karlsruhe,752,Erbprinzenstraße,100004165,Y2H16070301,8.4027153,49.0072864,(UTC+01:00) Europe/Paris DST,2013-08-12T21:00:00+02:00,57,70,na,127,18.0,1.7,na
Eco Counter GmbH,Stadt Karlsruhe,752,Erbprinzenstraße,100004165,Y2H16070301,8.4027153,49.0072864,(UTC+01:00) Europe/Paris DST,2013-08-12T22:00:00+02:00,31,41,na,72,17.0,1.9,na
Eco Counter GmbH,Stadt Karlsruhe,752,Erbprinzenstraße,100004165,Y2H16070301,8.4027153,49.0072864,(UTC+01:00) Europe/Paris DST,2013-08-12T23:00:00+02:00,26,36,na,62,16.0,0.8,na
Eco Counter GmbH,Stadt Karlsruhe,752,Erbprinzenstraße,100004165,Y2H16070301,8.4027153,49.0072864,(UTC+01:00) Europe/Paris DST,2013-08-13T00:00:00+02:00,14,22,na,36,16.0,0.1,na
Eco Counter GmbH,Stadt Karlsruhe,752,Erbprinzenstraße,100004165,Y2H16070301,8.4027153,49.0072864,(UTC+01:00) Europe/Paris DST,2013-08-13T01:00:00+02:00,11,5,na,16,15.0,0.0,na
Eco Counter GmbH,Stadt Karlsruhe,752,Erbprinzenstraße,100004165,Y2H16070301,8.4027153,49.0072864,(UTC+01:00) Europe/Paris DST,2013-08-13T02:00:00+02:00,5,10,na,15,14.0,0.0,na
Eco Counter GmbH,Stadt Karlsruhe,752,Erbprinzenstraße,100004165,Y2H16070301,8.4027153,49.0072864,(UTC+01:00) Europe/Paris DST,2013-08-13T03:00:00+02:00,10,4,na,14,14.0,0.0,na
Eco Counter GmbH,Stadt Karlsruhe,752,Erbprinzenstraße,100004165,Y2H16070301,8.4027153,49.0072864,(UTC+01:00) Europe/Paris DST,2013-08-13T04:00:00+02:00,5,6,na,11,14.0,0.0,na
Eco Counter GmbH,Stadt Karlsruhe,752,Erbprinzenstraße,100004165,Y2H16070301,8.4027153,49.0072864,(UTC+01:00) Europe/Paris DST,2013-08-13T05:00:00+02:00,12,17,na,29,14.0,0.0,na
Eco Counter GmbH,Stadt Karlsruhe,752,Erbprinzenstraße,100004165,Y2H16070301,8.4027153,49.0072864,(UTC+01:00) Europe/Paris DST,2013-08-13T06:00:00+02:00,41,36,na,77,15.0,0.0,na
Eco Counter GmbH,Stadt Karlsruhe,752,Erbprinzenstraße,100004165,Y2H16070301,8.4027153,49.0072864,(UTC+01:00) Europe/Paris DST,2013-08-13T07:00:00+02:00,68,129,na,197,16.0,0.0,na
Eco Counter GmbH,Stadt Karlsruhe,752,Erbprinzenstraße,100004165,Y2H16070301,8.4027153,49.0072864,(UTC+01:00) Europe/Paris DST,2013-08-13T08:00:00+02:00,142,191,na,333,18.0,0.0,na
Eco Counter GmbH,Stadt Karlsruhe,752,Erbprinzenstraße,100004165,Y2H16070301,8.4027153,49.0072864,(UTC+01:00) Europe/Paris DST,2013-08-13T09:00:00+02:00,132,170,na,302,19.0,0.0,na
Eco Counter GmbH,Stadt Karlsruhe,752,Erbprinzenstraße,100004165,Y2H16070301,8.4027153,49.0072864,(UTC+01:00) Europe/Paris DST,2013-08-13T10:00:00+02:00,158,170,na,328,20.0,0.1,na
Eco Counter GmbH,Stadt Karlsruhe,752,Erbprinzenstraße,100004165,Y2H16070301,8.4027153,49.0072864,(UTC+01:00) Europe/Paris DST,2013-08-13T11:00:00+02:00,159,181,na,340,21.0,0.0,na
Eco Counter GmbH,Stadt Karlsruhe,752,Erbprinzenstraße,100004165,Y2H16070301,8.4027153,49.0072864,(UTC+01:00) Europe/Paris DST,2013-08-13T12:00:00+02:00,162,223,na,385,21.0,0.0,na
Eco Counter GmbH,Stadt Karlsruhe,752,Erbprinzenstraße,100004165,Y2H16070301,8.4027153,49.0072864,(UTC+01:00) Europe/Paris DST,2013-08-13T13:00:00+02:00,185,178,na,363,21.0,0.0,na
Eco Counter GmbH,Stadt Karlsruhe,752,Erbprinzenstraße,100004165,Y2H16070301,8.4027153,49.0072864,(UTC+01:00) Europe/Paris DST,2013-08-13T14:00:00+02:00,157,209,na,366,21.0,0.0,na
Eco Counter GmbH,Stadt Karlsruhe,752,Erbprinzenstraße,100004165,Y2H16070301,8.4027153,49.0072864,(UTC+01:00) Europe/Paris DST,2013-08-13T15:00:00+02:00,162,203,na,365,21.0,0.0,na
Eco Counter GmbH,Stadt Karlsruhe,752,Erbprinzenstraße,100004165,Y2H16070301,8.4027153,49.0072864,(UTC+01:00) Europe/Paris DST,2013-08-13T16:00:00+02:00,211,232,na,443,20.0,0.0,na
Eco Counter GmbH,Stadt Karlsruhe,752,Erbprinzenstraße,100004165,Y2H16070301,8.4027153,49.0072864,(UTC+01:00) Europe/Paris DST,2013-08-13T17:00:00+02:00,264,273,na,537,20.0,0.0,na
Eco Counter GmbH,Stadt Karlsruhe,752,Erbprinzenstraße,100004165,Y2H16070301,8.4027153,49.0072864,(UTC+01:00) Europe/Paris DST,2013-08-13T18:00:00+02:00,219,301,na,520,19.0,0.0,na
Eco Counter GmbH,Stadt Karlsruhe,752,Erbprinzenstraße,100004165,Y2H16070301,8.4027153,49.0072864,(UTC+01:00) Europe/Paris DST,2013-08-13T19:00:00+02:00,187,225,na,412,18.0,0.0,na
Eco Counter GmbH,Stadt Karlsruhe,752,Erbprinzenstraße,100004165,Y2H16070301,8.4027153,49.0072864,(UTC+01:00) Europe/Paris DST,2013-08-13T20:00:00+02:00,97,169,na,266,17.0,0.0,na
Eco Counter GmbH,Stadt Karlsruhe,752,Erbprinzenstraße,100004165,Y2H16070301,8.4027153,49.0072864,(UTC+01:00) Europe/Paris DST,2013-08-13T21:00:00+02:00,63,105,na,168,16.0,0.0,na
Eco Counter GmbH,Stadt Karlsruhe,752,Erbprinzenstraße,100004165,Y2H16070301,8.4027153,49.0072864,(UTC+01:00) Europe/Paris DST,2013-08-13T22:00:00+02:00,53,76,na,129,15.0,0.0,na
Eco Counter GmbH,Stadt Karlsruhe,752,Erbprinzenstraße,100004165,Y2H16070301,8.4027153,49.0072864,(UTC+01:00) Europe/Paris DST,2013-08-13T23:00:00+02:00,50,58,na,108,14.0,0.0,na
Eco Counter GmbH,Stadt Karlsruhe,752,Erbprinzenstraße,100004165,Y2H16070301,8.4027153,49.0072864,(UTC+01:00) Europe/Paris DST,2013-08-14T00:00:00+02:00,24,32,na,56,14.0,0.0,na
Eco Counter GmbH,Stadt Karlsruhe,752,Erbprinzenstraße,100004165,Y2H16070301,8.4027153,49.0072864,(UTC+01:00) Europe/Paris DST,2013-08-14T01:00:00+02:00,12,14,na,26,13.0,0.0,na
Eco Counter GmbH,Stadt Karlsruhe,752,Erbprinzenstraße,100004165,Y2H16070301,8.4027153,49.0072864,(UTC+01:00) Europe/Paris DST,2013-08-14T02:00:00+02:00,5,8,na,13,13.0,0.0,na
Eco Counter GmbH,Stadt Karlsruhe,752,Erbprinzenstraße,100004165,Y2H16070301,8.4027153,49.0072864,(UTC+01:00) Europe/Paris DST,2013-08-14T03:00:00+02:00,2,8,na,10,13.0,0.0,na
Eco Counter GmbH,Stadt Karlsruhe,752,Erbprinzenstraße,100004165,Y2H16070301,8.4027153,49.0072864,(UTC+01:00) Europe/Paris DST,2013-08-14T04:00:00+02:00,5,9,na,14,13.0,0.0,na
Eco Counter GmbH,Stadt Karlsruhe,752,Erbprinzenstraße,100004165,Y2H16070301,8.4027153,49.0072864,(UTC+01:00) Europe/Paris DST,2013-08-14T05:00:00+02:00,11,17,na,28,13.0,0.0,na
Eco Counter GmbH,Stadt Karlsruhe,752,Erbprinzenstraße,100004165,Y2H16070301,8.4027153,49.0072864,(UTC+01:00) Europe/Paris DST,2013-08-14T06:00:00+02:00,43,50,na,93,15.0,0.0,na
Eco Counter GmbH,Stadt Karlsruhe,752,Erbprinzenstraße,100004165,Y2H16070301,8.4027153,49.0072864,(UTC+01:00) Europe/Paris DST,2013-08-14T07:00:00+02:00,83,115,na,198,16.0,0.0,na
Eco Counter GmbH,Stadt Karlsruhe,752,Erbprinzenstraße,100004165,Y2H16070301,8.4027153,49.0072864,(UTC+01:00) Europe/Paris DST,2013-08-14T08:00:00+02:00,140,190,na,330,17.0,0.0,na
Eco Counter GmbH,Stadt Karlsruhe,752,Erbprinzenstraße,100004165,Y2H16070301,8.4027153,49.0072864,(UTC+01:00) Europe/Paris DST,2013-08-14T09:00:00+02:00,169,159,na,328,18.0,0.0,na
Eco Counter GmbH,Stadt Karlsruhe,752,Erbprinzenstraße,100004165,Y2H16070301,8.4027153,49.0072864,(UTC+01:00) Europe/Paris DST,2013-08-14T10:00:00+02:00,145,201,na,346,19.0,0.1,na
Eco Counter GmbH,Stadt Karlsruhe,752,Erbprinzenstraße,100004165,Y2H16070301,8.4027153,49.0072864,(UTC+01:00) Europe/Paris DST,2013-08-14T11:00:00+02:00,208,147,na,355,20.0,0.0,na
Eco Counter GmbH,Stadt Karlsruhe,752,Erbprinzenstraße,100004165,Y2H16070301,8.4027153,49.0072864,(UTC+01:00) Europe/Paris DST,2013-08-14T12:00:00+02:00,190,261,na,451,20.0,0.0,na
Eco Counter GmbH,Stadt Karlsruhe,752,Erbprinzenstraße,100004165,Y2H16070301,8.4027153,49.0072864,(UTC+01:00) Europe/Paris DST,2013-08-14T13:00:00+02:00,183,223,na,406,21.0,0.0,na
Eco Counter GmbH,Stadt Karlsruhe,752,Erbprinzenstraße,100004165,Y2H16070301,8.4027153,49.0072864,(UTC+01:00) Europe/Paris DST,2013-08-14T14:00:00+02:00,189,212,na,401,22.0,0.0,na
Eco Counter GmbH,Stadt Karlsruhe,752,Erbprinzenstraße,100004165,Y2H16070301,8.4027153,49.0072864,(UTC+01:00) Europe/Paris DST,2013-08-14T15:00:00+02:00,197,239,na,436,21.0,0.0,na
Eco Counter GmbH,Stadt Karlsruhe,752,Erbprinzenstraße,100004165,Y2H16070301,8.4027153,49.0072864,(UTC+01:00) Europe/Paris DST,2013-08-14T16:00:00+02:00,205,274,na,479,20.0,0.0,na
Eco Counter GmbH,Stadt Karlsruhe,752,Erbprinzenstraße,100004165,Y2H16070301,8.4027153,49.0072864,(UTC+01:00) Europe/Paris DST,2013-08-14T17:00:00+02:00,240,287,na,527,19.0,0.0,na
Eco Counter GmbH,Stadt Karlsruhe,752,Erbprinzenstraße,100004165,Y2H16070301,8.4027153,49.0072864,(UTC+01:00) Europe/Paris DST,2013-08-14T18:00:00+02:00,239,298,na,537,19.0,0.0,na
Eco Counter GmbH,Stadt Karlsruhe,752,Erbprinzenstraße,100004165,Y2H16070301,8.4027153,49.0072864,(UTC+01:00) Europe/Paris DST,2013-08-14T19:00:00+02:00,183,220,na,403,18.0,0.0,na
Eco Counter GmbH,Stadt Karlsruhe,752,Erbprinzenstraße,100004165,Y2H16070301,8.4027153,49.0072864,(UTC+01:00) Europe/Paris DST,2013-08-14T20:00:00+02:00,116,165,na,281,17.0,0.0,na
Eco Counter GmbH,Stadt Karlsruhe,752,Erbprinzenstraße,100004165,Y2H16070301,8.4027153,49.0072864,(UTC+01:00) Europe/Paris DST,2013-08-14T21:00:00+02:00,80,130,na,210,17.0,0.0,na
Eco Counter GmbH,Stadt Karlsruhe,752,Erbprinzenstraße,100004165,Y2H16070301,8.4027153,49.0072864,(UTC+01:00) Europe/Paris DST,2013-08-14T22:00:00+02:00,53,72,na,125,16.0,0.0,na
Eco Counter GmbH,Stadt Karlsruhe,752,Erbprinzenstraße,100004165,Y2H16070301,8.4027153,49.0072864,(UTC+01:00) Europe/Paris DST,2013-08-14T23:00:00+02:00,66,71,na,137,15.0,0.0,na
Eco Counter GmbH,Stadt Karlsruhe,752,Erbprinzenstraße,100004165,Y2H16070301,8.4027153,49.0072864,(UTC+01:00) Europe/Paris DST,2013-08-15T00:00:00+02:00,25,34,na,59,14.0,0.0,na
Eco Counter GmbH,Stadt Karlsruhe,752,Erbprinzenstraße,100004165,Y2H16070301,8.4027153,49.0072864,(UTC+01:00) Europe/Paris DST,2013-08-15T01:00:00+02:00,21,33,na,54,14.0,0.0,na
Eco Counter GmbH,Stadt Karlsruhe,752,Erbprinzenstraße,100004165,Y2H16070301,8.4027153,49.0072864,(UTC+01:00) Europe/Paris DST,2013-08-15T02:00:00+02:00,5,10,na,15,13.0,0.0,na
Eco Counter GmbH,Stadt Karlsruhe,752,Erbprinzenstraße,100004165,Y2H16070301,8.4027153,49.0072864,(UTC+01:00) Europe/Paris DST,2013-08-15T03:00:00+02:00,10,8,na,18,12.0,0.0,na
Eco Counter GmbH,Stadt Karlsruhe,752,Erbprinzenstraße,100004165,Y2H16070301,8.4027153,49.0072864,(UTC+01:00) Europe/Paris DST,2013-08-15T04:00:00+02:00,8,10,na,18,13.0,0.0,na
Eco Counter GmbH,Stadt Karlsruhe,752,Erbprinzenstraße,100004165,Y2H16070301,8.4027153,49.0072864,(UTC+01:00) Europe/Paris DST,2013-08-15T05:00:00+02:00,9,16,na,25,13.0,0.0,na
Eco Counter GmbH,Stadt Karlsruhe,752,Erbprinzenstraße,100004165,Y2H16070301,8.4027153,49.0072864,(UTC+01:00) Europe/Paris DST,2013-08-15T06:00:00+02:00,36,32,na,68,15.0,0.0,na
Eco Counter GmbH,Stadt Karlsruhe,752,Erbprinzenstraße,100004165,Y2H16070301,8.4027153,49.0072864,(UTC+01:00) Europe/Paris DST,2013-08-15T07:00:00+02:00,99,91,na,190,17.0,0.0,na
Eco Counter GmbH,Stadt Karlsruhe,752,Erbprinzenstraße,100004165,Y2H16070301,8.4027153,49.0072864,(UTC+01:00) Europe/Paris DST,2013-08-15T08:00:00+02:00,146,180,na,326,18.0,0.0,na
Eco Counter GmbH,Stadt Karlsruhe,752,Erbprinzenstraße,100004165,Y2H16070301,8.4027153,49.0072864,(UTC+01:00) Europe/Paris DST,2013-08-15T09:00:00+02:00,152,185,na,337,20.0,0.0,na
Eco Counter GmbH,Stadt Karlsruhe,752,Erbprinzenstraße,100004165,Y2H16070301,8.4027153,49.0072864,(UTC+01:00) Europe/Paris DST,2013-08-15T10:00:00+02:00,156,177,na,333,22.0,0.0,na
Eco Counter GmbH,Stadt Karlsruhe,752,Erbprinzenstraße,100004165,Y2H16070301,8.4027153,49.0072864,(UTC+01:00) Europe/Paris DST,2013-08-15T11:00:00+02:00,160,209,na,369,23.0,0.0,na
Eco Counter GmbH,Stadt Karlsruhe,752,Erbprinzenstraße,100004165,Y2H16070301,8.4027153,49.0072864,(UTC+01:00) Europe/Paris DST,2013-08-15T12:00:00+02:00,165,249,na,414,24.0,0.0,na
Eco Counter GmbH,Stadt Karlsruhe,752,Erbprinzenstraße,100004165,Y2H16070301,8.4027153,49.0072864,(UTC+01:00) Europe/Paris DST,2013-08-15T13:00:00+02:00,182,244,na,426,25.0,0.0,na
Eco Counter GmbH,Stadt Karlsruhe,752,Erbprinzenstraße,100004165,Y2H16070301,8.4027153,49.0072864,(UTC+01:00) Europe/Paris DST,2013-08-15T14:00:00+02:00,188,215,na,403,25.0,0.0,na
Eco Counter GmbH,Stadt Karlsruhe,752,Erbprinzenstraße,100004165,Y2H16070301,8.4027153,49.0072864,(UTC+01:00) Europe/Paris DST,2013-08-15T15:00:00+02:00,177,234,na,411,25.0,0.0,na
Eco Counter GmbH,Stadt Karlsruhe,752,Erbprinzenstraße,100004165,Y2H16070301,8.4027153,49.0072864,(UTC+01:00) Europe/Paris DST,2013-08-15T16:00:00+02:00,268,230,na,498,24.0,0.0,na
Eco Counter GmbH,Stadt Karlsruhe,752,Erbprinzenstraße,100004165,Y2H16070301,8.4027153,49.0072864,(UTC+01:00) Europe/Paris DST,2013-08-15T17:00:00+02:00,267,336,na,603,23.0,0.0,na
Eco Counter GmbH,Stadt Karlsruhe,752,Erbprinzenstraße,100004165,Y2H16070301,8.4027153,49.0072864,(UTC+01:00) Europe/Paris DST,2013-08-15T18:00:00+02:00,234,341,na,575,22.0,0.0,na
Eco Counter GmbH,Stadt Karlsruhe,752,Erbprinzenstraße,100004165,Y2H16070301,8.4027153,49.0072864,(UTC+01:00) Europe/Paris DST,2013-08-15T19:00:00+02:00,157,293,na,450,20.0,0.0,na
Eco Counter GmbH,Stadt Karlsruhe,752,Erbprinzenstraße,100004165,Y2H16070301,8.4027153,49.0072864,(UTC+01:00) Europe/Paris DST,2013-08-15T20:00:00+02:00,136,198,na,334,19.0,0.0,na
Eco Counter GmbH,Stadt Karlsruhe,752,Erbprinzenstraße,100004165,Y2H16070301,8.4027153,49.0072864,(UTC+01:00) Europe/Paris DST,2013-08-15T21:00:00+02:00,67,114,na,181,17.0,0.0,na
Eco Counter GmbH,Stadt Karlsruhe,752,Erbprinzenstraße,100004165,Y2H16070301,8.4027153,49.0072864,(UTC+01:00) Europe/Paris DST,2013-08-15T22:00:00+02:00,65,112,na,177,16.0,0.0,na
Eco Counter GmbH,Stadt Karlsruhe,752,Erbprinzenstraße,100004165,Y2H16070301,8.4027153,49.0072864,(UTC+01:00) Europe/Paris DST,2013-08-15T23:00:00+02:00,91,56,na,147,14.0,0.0,na
Eco Counter GmbH,Stadt Karlsruhe,752,Erbprinzenstraße,100004165,Y2H16070301,8.4027153,49.0072864,(UTC+01:00) Europe/Paris DST,2013-08-16T00:00:00+02:00,30,38,na,68,13.0,0.0,na
Eco Counter GmbH,Stadt Karlsruhe,752,Erbprinzenstraße,100004165,Y2H16070301,8.4027153,49.0072864,(UTC+01:00) Europe/Paris DST,2013-08-16T01:00:00+02:00,6,12,na,18,13.0,0.0,na
Eco Counter GmbH,Stadt Karlsruhe,752,Erbprinzenstraße,100004165,Y2H16070301,8.4027153,49.0072864,(UTC+01:00) Europe/Paris DST,2013-08-16T02:00:00+02:00,14,7,na,21,12.0,0.0,na
Eco Counter GmbH,Stadt Karlsruhe,752,Erbprinzenstraße,100004165,Y2H16070301,8.4027153,49.0072864,(UTC+01:00) Europe/Paris DST,2013-08-16T03:00:00+02:00,11,14,na,25,13.0,0.0,na
Eco Counter GmbH,Stadt Karlsruhe,752,Erbprinzenstraße,100004165,Y2H16070301,8.4027153,49.0072864,(UTC+01:00) Europe/Paris DST,2013-08-16T04:00:00+02:00,11,13,na,24,13.0,0.0,na
Eco Counter GmbH,Stadt Karlsruhe,752,Erbprinzenstraße,100004165,Y2H16070301,8.4027153,49.0072864,(UTC+01:00) Europe/Paris DST,2013-08-16T05:00:00+02:00,13,19,na,32,14.0,0.0,na
Eco Counter GmbH,Stadt Karlsruhe,752,Erbprinzenstraße,100004165,Y2H16070301,8.4027153,49.0072864,(UTC+01:00) Europe/Paris DST,2013-08-16T06:00:00+02:00,31,38,na,69,15.0,0.0,na
Eco Counter GmbH,Stadt Karlsruhe,752,Erbprinzenstraße,100004165,Y2H16070301,8.4027153,49.0072864,(UTC+01:00) Europe/Paris DST,2013-08-16T07:00:00+02:00,85,104,na,189,18.0,0.0,na
Eco Counter GmbH,Stadt Karlsruhe,752,Erbprinzenstraße,100004165,Y2H16070301,8.4027153,49.0072864,(UTC+01:00) Europe/Paris DST,2013-08-16T08:00:00+02:00,158,180,na,338,20.0,0.0,na
Eco Counter GmbH,Stadt Karlsruhe,752,Erbprinzenstraße,100004165,Y2H16070301,8.4027153,49.0072864,(UTC+01:00) Europe/Paris DST,2013-08-16T09:00:00+02:00,150,192,na,342,23.0,0.0,na
Eco Counter GmbH,Stadt Karlsruhe,752,Erbprinzenstraße,100004165,Y2H16070301,8.4027153,49.0072864,(UTC+01:00) Europe/Paris DST,2013-08-16T10:00:00+02:00,170,171,na,341,25.0,0.0,na
Eco Counter GmbH,Stadt Karlsruhe,752,Erbprinzenstraße,100004165,Y2H16070301,8.4027153,49.0072864,(UTC+01:00) Europe/Paris DST,2013-08-16T11:00:00+02:00,135,203,na,338,26.0,0.0,na
Eco Counter GmbH,Stadt Karlsruhe,752,Erbprinzenstraße,100004165,Y2H16070301,8.4027153,49.0072864,(UTC+01:00) Europe/Paris DST,2013-08-16T12:00:00+02:00,188,220,na,408,27.0,0.0,na
Eco Counter GmbH,Stadt Karlsruhe,752,Erbprinzenstraße,100004165,Y2H16070301,8.4027153,49.0072864,(UTC+01:00) Europe/Paris DST,2013-08-16T13:00:00+02:00,172,256,na,428,28.0,0.0,na
Eco Counter GmbH,Stadt Karlsruhe,752,Erbprinzenstraße,100004165,Y2H16070301,8.4027153,49.0072864,(UTC+01:00) Europe/Paris DST,2013-08-16T14:00:00+02:00,180,208,na,388,29.0,0.0,na
Eco Counter GmbH,Stadt Karlsruhe,752,Erbprinzenstraße,100004165,Y2H16070301,8.4027153,49.0072864,(UTC+01:00) Europe/Paris DST,2013-08-16T15:00:00+02:00,214,250,na,464,28.0,0.0,na
Eco Counter GmbH,Stadt Karlsruhe,752,Erbprinzenstraße,100004165,Y2H16070301,8.4027153,49.0072864,(UTC+01:00) Europe/Paris DST,2013-08-16T16:00:00+02:00,213,228,na,441,27.0,0.0,na
Eco Counter GmbH,Stadt Karlsruhe,752,Erbprinzenstraße,100004165,Y2H16070301,8.4027153,49.0072864,(UTC+01:00) Europe/Paris DST,2013-08-16T17:00:00+02:00,213,285,na,498,26.0,0.0,na
Eco Counter GmbH,Stadt Karlsruhe,752,Erbprinzenstraße,100004165,Y2H16070301,8.4027153,49.0072864,(UTC+01:00) Europe/Paris DST,2013-08-16T18:00:00+02:00,184,241,na,425,25.0,0.0,na
Eco Counter GmbH,Stadt Karlsruhe,752,Erbprinzenstraße,100004165,Y2H16070301,8.4027153,49.0072864,(UTC+01:00) Europe/Paris DST,2013-08-16T19:00:00+02:00,131,196,na,327,24.0,0.0,na
Eco Counter GmbH,Stadt Karlsruhe,752,Erbprinzenstraße,100004165,Y2H16070301,8.4027153,49.0072864,(UTC+01:00) Europe/Paris DST,2013-08-16T20:00:00+02:00,145,205,na,350,21.0,0.0,na
Eco Counter GmbH,Stadt Karlsruhe,752,Erbprinzenstraße,100004165,Y2H16070301,8.4027153,49.0072864,(UTC+01:00) Europe/Paris DST,2013-08-16T21:00:00+02:00,119,95,na,214,20.0,0.0,na
Eco Counter GmbH,Stadt Karlsruhe,752,Erbprinzenstraße,100004165,Y2H16070301,8.4027153,49.0072864,(UTC+01:00) Europe/Paris DST,2013-08-16T22:00:00+02:00,79,89,na,168,19.0,0.0,na
Eco Counter GmbH,Stadt Karlsruhe,752,Erbprinzenstraße,100004165,Y2H16070301,8.4027153,49.0072864,(UTC+01:00) Europe/Paris DST,2013-08-16T23:00:00+02:00,82,98,na,180,18.0,0.0,na
Eco Counter GmbH,Stadt Karlsruhe,752,Erbprinzenstraße,100004165,Y2H16070301,8.4027153,49.0072864,(UTC+01:00) Europe/Paris DST,2013-08-17T00:00:00+02:00,53,100,na,153,18.0,0.0,na
Eco Counter GmbH,Stadt Karlsruhe,752,Erbprinzenstraße,100004165,Y2H16070301,8.4027153,49.0072864,(UTC+01:00) Europe/Paris DST,2013-08-17T01:00:00+02:00,29,57,na,86,17.0,0.0,na
Eco Counter GmbH,Stadt Karlsruhe,752,Erbprinzenstraße,100004165,Y2H16070301,8.4027153,49.0072864,(UTC+01:00) Europe/Paris DST,2013-08-17T02:00:00+02:00,17,46,na,63,16.0,0.0,na
Eco Counter GmbH,Stadt Karlsruhe,752,Erbprinzenstraße,100004165,Y2H16070301,8.4027153,49.0072864,(UTC+01:00) Europe/Paris DST,2013-08-17T03:00:00+02:00,18,26,na,44,16.0,0.0,na
Eco Counter GmbH,Stadt Karlsruhe,752,Erbprinzenstraße,100004165,Y2H16070301,8.4027153,49.0072864,(UTC+01:00) Europe/Paris DST,2013-08-17T04:00:00+02:00,12,17,na,29,17.0,0.0,na
Eco Counter GmbH,Stadt Karlsruhe,752,Erbprinzenstraße,100004165,Y2H16070301,8.4027153,49.0072864,(UTC+01:00) Europe/Paris DST,2013-08-17T05:00:00+02:00,17,19,na,36,17.0,0.0,na
Eco Counter GmbH,Stadt Karlsruhe,752,Erbprinzenstraße,100004165,Y2H16070301,8.4027153,49.0072864,(UTC+01:00) Europe/Paris DST,2013-08-17T06:00:00+02:00,14,13,na,27,19.0,0.0,na
Eco Counter GmbH,Stadt Karlsruhe,752,Erbprinzenstraße,100004165,Y2H16070301,8.4027153,49.0072864,(UTC+01:00) Europe/Paris DST,2013-08-17T07:00:00+02:00,18,40,na,58,20.0,0.0,na
Eco Counter GmbH,Stadt Karlsruhe,752,Erbprinzenstraße,100004165,Y2H16070301,8.4027153,49.0072864,(UTC+01:00) Europe/Paris DST,2013-08-17T08:00:00+02:00,47,44,na,91,22.0,0.0,na
Eco Counter GmbH,Stadt Karlsruhe,752,Erbprinzenstraße,100004165,Y2H16070301,8.4027153,49.0072864,(UTC+01:00) Europe/Paris DST,2013-08-17T09:00:00+02:00,90,75,na,165,24.0,0.0,na
Eco Counter GmbH,Stadt Karlsruhe,752,Erbprinzenstraße,100004165,Y2H16070301,8.4027153,49.0072864,(UTC+01:00) Europe/Paris DST,2013-08-17T10:00:00+02:00,134,130,na,264,26.0,0.0,na
Eco Counter GmbH,Stadt Karlsruhe,752,Erbprinzenstraße,100004165,Y2H16070301,8.4027153,49.0072864,(UTC+01:00) Europe/Paris DST,2013-08-17T11:00:00+02:00,161,191,na,352,27.0,0.0,na
Eco Counter GmbH,Stadt Karlsruhe,752,Erbprinzenstraße,100004165,Y2H16070301,8.4027153,49.0072864,(UTC+01:00) Europe/Paris DST,2013-08-17T12:00:00+02:00,156,177,na,333,28.0,0.0,na
Eco Counter GmbH,Stadt Karlsruhe,752,Erbprinzenstraße,100004165,Y2H16070301,8.4027153,49.0072864,(UTC+01:00) Europe/Paris DST,2013-08-17T13:00:00+02:00,157,171,na,328,28.0,0.0,na
Eco Counter GmbH,Stadt Karlsruhe,752,Erbprinzenstraße,100004165,Y2H16070301,8.4027153,49.0072864,(UTC+01:00) Europe/Paris DST,2013-08-17T14:00:00+02:00,142,182,na,324,28.0,0.0,na
Eco Counter GmbH,Stadt Karlsruhe,752,Erbprinzenstraße,100004165,Y2H16070301,8.4027153,49.0072864,(UTC+01:00) Europe/Paris DST,2013-08-17T15:00:00+02:00,130,170,na,300,28.0,0.0,na
Eco Counter GmbH,Stadt Karlsruhe,752,Erbprinzenstraße,100004165,Y2H16070301,8.4027153,49.0072864,(UTC+01:00) Europe/Paris DST,2013-08-17T16:00:00+02:00,142,181,na,323,27.0,0.0,na
Eco Counter GmbH,Stadt Karlsruhe,752,Erbprinzenstraße,100004165,Y2H16070301,8.4027153,49.0072864,(UTC+01:00) Europe/Paris DST,2013-08-17T17:00:00+02:00,110,179,na,289,26.0,0.0,na
Eco Counter GmbH,Stadt Karlsruhe,752,Erbprinzenstraße,100004165,Y2H16070301,8.4027153,49.0072864,(UTC+01:00) Europe/Paris DST,2013-08-17T18:00:00+02:00,126,187,na,313,25.0,0.0,na
Eco Counter GmbH,Stadt Karlsruhe,752,Erbprinzenstraße,100004165,Y2H16070301,8.4027153,49.0072864,(UTC+01:00) Europe/Paris DST,2013-08-17T19:00:00+02:00,115,200,na,315,24.0,0.0,na
Eco Counter GmbH,Stadt Karlsruhe,752,Erbprinzenstraße,100004165,Y2H16070301,8.4027153,49.0072864,(UTC+01:00) Europe/Paris DST,2013-08-17T20:00:00+02:00,107,152,na,259,22.0,0.0,na
Eco Counter GmbH,Stadt Karlsruhe,752,Erbprinzenstraße,100004165,Y2H16070301,8.4027153,49.0072864,(UTC+01:00) Europe/Paris DST,2013-08-17T21:00:00+02:00,78,85,na,163,21.0,0.0,na
Eco Counter GmbH,Stadt Karlsruhe,752,Erbprinzenstraße,100004165,Y2H16070301,8.4027153,49.0072864,(UTC+01:00) Europe/Paris DST,2013-08-17T22:00:00+02:00,60,69,na,129,19.0,0.0,na
Eco Counter GmbH,Stadt Karlsruhe,752,Erbprinzenstraße,100004165,Y2H16070301,8.4027153,49.0072864,(UTC+01:00) Europe/Paris DST,2013-08-17T23:00:00+02:00,50,73,na,123,19.0,0.0,na
Eco Counter GmbH,Stadt Karlsruhe,752,Erbprinzenstraße,100004165,Y2H16070301,8.4027153,49.0072864,(UTC+01:00) Europe/Paris DST,2013-08-18T00:00:00+02:00,74,57,na,131,18.0,0.0,na
Eco Counter GmbH,Stadt Karlsruhe,752,Erbprinzenstraße,100004165,Y2H16070301,8.4027153,49.0072864,(UTC+01:00) Europe/Paris DST,2013-08-18T01:00:00+02:00,29,55,na,84,17.0,0.0,na
Eco Counter GmbH,Stadt Karlsruhe,752,Erbprinzenstraße,100004165,Y2H16070301,8.4027153,49.0072864,(UTC+01:00) Europe/Paris DST,2013-08-18T02:00:00+02:00,28,50,na,78,17.0,0.0,na
Eco Counter GmbH,Stadt Karlsruhe,752,Erbprinzenstraße,100004165,Y2H16070301,8.4027153,49.0072864,(UTC+01:00) Europe/Paris DST,2013-08-18T03:00:00+02:00,17,27,na,44,17.0,0.0,na
Eco Counter GmbH,Stadt Karlsruhe,752,Erbprinzenstraße,100004165,Y2H16070301,8.4027153,49.0072864,(UTC+01:00) Europe/Paris DST,2013-08-18T04:00:00+02:00,6,20,na,26,17.0,0.0,na
Eco Counter GmbH,Stadt Karlsruhe,752,Erbprinzenstraße,100004165,Y2H16070301,8.4027153,49.0072864,(UTC+01:00) Europe/Paris DST,2013-08-18T05:00:00+02:00,16,19,na,35,18.0,0.0,na
Eco Counter GmbH,Stadt Karlsruhe,752,Erbprinzenstraße,100004165,Y2H16070301,8.4027153,49.0072864,(UTC+01:00) Europe/Paris DST,2013-08-18T06:00:00+02:00,10,5,na,15,19.0,0.0,na
Eco Counter GmbH,Stadt Karlsruhe,752,Erbprinzenstraße,100004165,Y2H16070301,8.4027153,49.0072864,(UTC+01:00) Europe/Paris DST,2013-08-18T07:00:00+02:00,7,10,na,17,21.0,0.0,na
Eco Counter GmbH,Stadt Karlsruhe,752,Erbprinzenstraße,100004165,Y2H16070301,8.4027153,49.0072864,(UTC+01:00) Europe/Paris DST,2013-08-18T08:00:00+02:00,13,16,na,29,23.0,0.0,na
Eco Counter GmbH,Stadt Karlsruhe,752,Erbprinzenstraße,100004165,Y2H16070301,8.4027153,49.0072864,(UTC+01:00) Europe/Paris DST,2013-08-18T09:00:00+02:00,31,28,na,59,23.0,0.0,na
Eco Counter GmbH,Stadt Karlsruhe,752,Erbprinzenstraße,100004165,Y2H16070301,8.4027153,49.0072864,(UTC+01:00) Europe/Paris DST,2013-08-18T10:00:00+02:00,69,64,na,133,24.0,0.0,na
Eco Counter GmbH,Stadt Karlsruhe,752,Erbprinzenstraße,100004165,Y2H16070301,8.4027153,49.0072864,(UTC+01:00) Europe/Paris DST,2013-08-18T11:00:00+02:00,48,85,na,133,25.0,0.0,na
Eco Counter GmbH,Stadt Karlsruhe,752,Erbprinzenstraße,100004165,Y2H16070301,8.4027153,49.0072864,(UTC+01:00) Europe/Paris DST,2013-08-18T12:00:00+02:00,67,92,na,159,25.0,0.0,na
Eco Counter GmbH,Stadt Karlsruhe,752,Erbprinzenstraße,100004165,Y2H16070301,8.4027153,49.0072864,(UTC+01:00) Europe/Paris DST,2013-08-18T13:00:00+02:00,83,81,na,164,25.0,0.0,na
Eco Counter GmbH,Stadt Karlsruhe,752,Erbprinzenstraße,100004165,Y2H16070301,8.4027153,49.0072864,(UTC+01:00) Europe/Paris DST,2013-08-18T14:00:00+02:00,72,112,na,184,25.0,0.0,na
Eco Counter GmbH,Stadt Karlsruhe,752,Erbprinzenstraße,100004165,Y2H16070301,8.4027153,49.0072864,(UTC+01:00) Europe/Paris DST,2013-08-18T15:00:00+02:00,73,83,na,156,26.0,0.0,na
Eco Counter GmbH,Stadt Karlsruhe,752,Erbprinzenstraße,100004165,Y2H16070301,8.4027153,49.0072864,(UTC+01:00) Europe/Paris DST,2013-08-18T16:00:00+02:00,51,81,na,132,26.0,0.0,na
Eco Counter GmbH,Stadt Karlsruhe,752,Erbprinzenstraße,100004165,Y2H16070301,8.4027153,49.0072864,(UTC+01:00) Europe/Paris DST,2013-08-18T17:00:00+02:00,49,76,na,125,25.0,0.0,na
Eco Counter GmbH,Stadt Karlsruhe,752,Erbprinzenstraße,100004165,Y2H16070301,8.4027153,49.0072864,(UTC+01:00) Europe/Paris DST,2013-08-18T18:00:00+02:00,42,71,na,113,24.0,0.0,na
Eco Counter GmbH,Stadt Karlsruhe,752,Erbprinzenstraße,100004165,Y2H16070301,8.4027153,49.0072864,(UTC+01:00) Europe/Paris DST,2013-08-18T19:00:00+02:00,54,73,na,127,23.0,0.0,na
Eco Counter GmbH,Stadt Karlsruhe,752,Erbprinzenstraße,100004165,Y2H16070301,8.4027153,49.0072864,(UTC+01:00) Europe/Paris DST,2013-08-18T20:00:00+02:00,55,64,na,119,21.0,0.0,na
Eco Counter GmbH,Stadt Karlsruhe,752,Erbprinzenstraße,100004165,Y2H16070301,8.4027153,49.0072864,(UTC+01:00) Europe/Paris DST,2013-08-18T21:00:00+02:00,41,51,na,92,21.0,0.0,na
Eco Counter GmbH,Stadt Karlsruhe,752,Erbprinzenstraße,100004165,Y2H16070301,8.4027153,49.0072864,(UTC+01:00) Europe/Paris DST,2013-08-18T22:00:00+02:00,33,45,na,78,20.0,0.0,na
Eco Counter GmbH,Stadt Karlsruhe,752,Erbprinzenstraße,100004165,Y2H16070301,8.4027153,49.0072864,(UTC+01:00) Europe/Paris DST,2013-08-18T23:00:00+02:00,30,23,na,53,19.0,0.0,na
Eco Counter GmbH,Stadt Karlsruhe,752,Erbprinzenstraße,100004165,Y2H16070301,8.4027153,49.0072864,(UTC+01:00) Europe/Paris DST,2013-08-19T00:00:00+02:00,12,12,na,24,18.0,0.0,na
Eco Counter GmbH,Stadt Karlsruhe,752,Erbprinzenstraße,100004165,Y2H16070301,8.4027153,49.0072864,(UTC+01:00) Europe/Paris DST,2013-08-19T01:00:00+02:00,6,11,na,17,18.0,0.0,na
Eco Counter GmbH,Stadt Karlsruhe,752,Erbprinzenstraße,100004165,Y2H16070301,8.4027153,49.0072864,(UTC+01:00) Europe/Paris DST,2013-08-19T02:00:00+02:00,5,4,na,9,17.0,0.7,na
Eco Counter GmbH,Stadt Karlsruhe,752,Erbprinzenstraße,100004165,Y2H16070301,8.4027153,49.0072864,(UTC+01:00) Europe/Paris DST,2013-08-19T03:00:00+02:00,3,2,na,5,17.0,0.4,na
Eco Counter GmbH,Stadt Karlsruhe,752,Erbprinzenstraße,100004165,Y2H16070301,8.4027153,49.0072864,(UTC+01:00) Europe/Paris DST,2013-08-19T04:00:00+02:00,1,2,na,3,16.0,0.0,na
Eco Counter GmbH,Stadt Karlsruhe,752,Erbprinzenstraße,100004165,Y2H16070301,8.4027153,49.0072864,(UTC+01:00) Europe/Paris DST,2013-08-19T05:00:00+02:00,16,22,na,38,16.0,0.0,na
Eco Counter GmbH,Stadt Karlsruhe,752,Erbprinzenstraße,100004165,Y2H16070301,8.4027153,49.0072864,(UTC+01:00) Europe/Paris DST,2013-08-19T06:00:00+02:00,29,42,na,71,17.0,0.0,na
Eco Counter GmbH,Stadt Karlsruhe,752,Erbprinzenstraße,100004165,Y2H16070301,8.4027153,49.0072864,(UTC+01:00) Europe/Paris DST,2013-08-19T07:00:00+02:00,61,90,na,151,18.0,0.0,na
Eco Counter GmbH,Stadt Karlsruhe,752,Erbprinzenstraße,100004165,Y2H16070301,8.4027153,49.0072864,(UTC+01:00) Europe/Paris DST,2013-08-19T08:00:00+02:00,134,170,na,304,19.0,0.1,na
Eco Counter GmbH,Stadt Karlsruhe,752,Erbprinzenstraße,100004165,Y2H16070301,8.4027153,49.0072864,(UTC+01:00) Europe/Paris DST,2013-08-19T09:00:00+02:00,148,150,na,298,20.0,0.2,na
Eco Counter GmbH,Stadt Karlsruhe,752,Erbprinzenstraße,100004165,Y2H16070301,8.4027153,49.0072864,(UTC+01:00) Europe/Paris DST,2013-08-19T10:00:00+02:00,82,100,na,182,20.0,0.6,na
Eco Counter GmbH,Stadt Karlsruhe,752,Erbprinzenstraße,100004165,Y2H16070301,8.4027153,49.0072864,(UTC+01:00) Europe/Paris DST,2013-08-19T11:00:00+02:00,34,48,na,82,21.0,1.9,na
Eco Counter GmbH,Stadt Karlsruhe,752,Erbprinzenstraße,100004165,Y2H16070301,8.4027153,49.0072864,(UTC+01:00) Europe/Paris DST,2013-08-19T12:00:00+02:00,82,90,na,172,21.0,1.8,na
Eco Counter GmbH,Stadt Karlsruhe,752,Erbprinzenstraße,100004165,Y2H16070301,8.4027153,49.0072864,(UTC+01:00) Europe/Paris DST,2013-08-19T13:00:00+02:00,133,118,na,251,22.0,0.0,na
Eco Counter GmbH,Stadt Karlsruhe,752,Erbprinzenstraße,100004165,Y2H16070301,8.4027153,49.0072864,(UTC+01:00) Europe/Paris DST,2013-08-19T14:00:00+02:00,166,149,na,315,23.0,0.2,na
Eco Counter GmbH,Stadt Karlsruhe,752,Erbprinzenstraße,100004165,Y2H16070301,8.4027153,49.0072864,(UTC+01:00) Europe/Paris DST,2013-08-19T15:00:00+02:00,160,195,na,355,22.0,0.0,na
Eco Counter GmbH,Stadt Karlsruhe,752,Erbprinzenstraße,100004165,Y2H16070301,8.4027153,49.0072864,(UTC+01:00) Europe/Paris DST,2013-08-19T16:00:00+02:00,168,210,na,378,22.0,0.0,na
Eco Counter GmbH,Stadt Karlsruhe,752,Erbprinzenstraße,100004165,Y2H16070301,8.4027153,49.0072864,(UTC+01:00) Europe/Paris DST,2013-08-19T17:00:00+02:00,206,246,na,452,21.0,0.0,na
Eco Counter GmbH,Stadt Karlsruhe,752,Erbprinzenstraße,100004165,Y2H16070301,8.4027153,49.0072864,(UTC+01:00) Europe/Paris DST,2013-08-19T18:00:00+02:00,194,307,na,501,20.0,0.0,na
Eco Counter GmbH,Stadt Karlsruhe,752,Erbprinzenstraße,100004165,Y2H16070301,8.4027153,49.0072864,(UTC+01:00) Europe/Paris DST,2013-08-19T19:00:00+02:00,113,188,na,301,19.0,0.0,na
Eco Counter GmbH,Stadt Karlsruhe,752,Erbprinzenstraße,100004165,Y2H16070301,8.4027153,49.0072864,(UTC+01:00) Europe/Paris DST,2013-08-19T20:00:00+02:00,77,136,na,213,18.0,0.0,na
Eco Counter GmbH,Stadt Karlsruhe,752,Erbprinzenstraße,100004165,Y2H16070301,8.4027153,49.0072864,(UTC+01:00) Europe/Paris DST,2013-08-19T21:00:00+02:00,62,89,na,151,17.0,0.0,na
Eco Counter GmbH,Stadt Karlsruhe,752,Erbprinzenstraße,100004165,Y2H16070301,8.4027153,49.0072864,(UTC+01:00) Europe/Paris DST,2013-08-19T22:00:00+02:00,52,67,na,119,16.0,0.0,na
Eco Counter GmbH,Stadt Karlsruhe,752,Erbprinzenstraße,100004165,Y2H16070301,8.4027153,49.0072864,(UTC+01:00) Europe/Paris DST,2013-08-19T23:00:00+02:00,40,50,na,90,15.0,0.0,na
Eco Counter GmbH,Stadt Karlsruhe,752,Erbprinzenstraße,100004165,Y2H16070301,8.4027153,49.0072864,(UTC+01:00) Europe/Paris DST,2013-08-20T00:00:00+02:00,21,20,na,41,15.0,0.0,na
Eco Counter GmbH,Stadt Karlsruhe,752,Erbprinzenstraße,100004165,Y2H16070301,8.4027153,49.0072864,(UTC+01:00) Europe/Paris DST,2013-08-20T01:00:00+02:00,14,13,na,27,14.0,0.0,na
Eco Counter GmbH,Stadt Karlsruhe,752,Erbprinzenstraße,100004165,Y2H16070301,8.4027153,49.0072864,(UTC+01:00) Europe/Paris DST,2013-08-20T02:00:00+02:00,13,9,na,22,13.0,0.0,na
Eco Counter GmbH,Stadt Karlsruhe,752,Erbprinzenstraße,100004165,Y2H16070301,8.4027153,49.0072864,(UTC+01:00) Europe/Paris DST,2013-08-20T03:00:00+02:00,6,5,na,11,13.0,0.0,na
Eco Counter GmbH,Stadt Karlsruhe,752,Erbprinzenstraße,100004165,Y2H16070301,8.4027153,49.0072864,(UTC+01:00) Europe/Paris DST,2013-08-20T04:00:00+02:00,7,16,na,23,13.0,0.0,na
Eco Counter GmbH,Stadt Karlsruhe,752,Erbprinzenstraße,100004165,Y2H16070301,8.4027153,49.0072864,(UTC+01:00) Europe/Paris DST,2013-08-20T05:00:00+02:00,14,17,na,31,14.0,0.0,na
Eco Counter GmbH,Stadt Karlsruhe,752,Erbprinzenstraße,100004165,Y2H16070301,8.4027153,49.0072864,(UTC+01:00) Europe/Paris DST,2013-08-20T06:00:00+02:00,25,45,na,70,15.0,0.0,na
Eco Counter GmbH,Stadt Karlsruhe,752,Erbprinzenstraße,100004165,Y2H16070301,8.4027153,49.0072864,(UTC+01:00) Europe/Paris DST,2013-08-20T07:00:00+02:00,48,125,na,173,16.0,0.0,na
Eco Counter GmbH,Stadt Karlsruhe,752,Erbprinzenstraße,100004165,Y2H16070301,8.4027153,49.0072864,(UTC+01:00) Europe/Paris DST,2013-08-20T08:00:00+02:00,125,183,na,308,17.0,0.0,na
Eco Counter GmbH,Stadt Karlsruhe,752,Erbprinzenstraße,100004165,Y2H16070301,8.4027153,49.0072864,(UTC+01:00) Europe/Paris DST,2013-08-20T09:00:00+02:00,169,199,na,368,18.0,0.0,na
Eco Counter GmbH,Stadt Karlsruhe,752,Erbprinzenstraße,100004165,Y2H16070301,8.4027153,49.0072864,(UTC+01:00) Europe/Paris DST,2013-08-20T10:00:00+02:00,136,153,na,289,20.0,0.0,na
Eco Counter GmbH,Stadt Karlsruhe,752,Erbprinzenstraße,100004165,Y2H16070301,8.4027153,49.0072864,(UTC+01:00) Europe/Paris DST,2013-08-20T11:00:00+02:00,151,205,na,356,21.0,0.0,na
Eco Counter GmbH,Stadt Karlsruhe,752,Erbprinzenstraße,100004165,Y2H16070301,8.4027153,49.0072864,(UTC+01:00) Europe/Paris DST,2013-08-20T12:00:00+02:00,211,247,na,458,21.0,0.0,na
Eco Counter GmbH,Stadt Karlsruhe,752,Erbprinzenstraße,100004165,Y2H16070301,8.4027153,49.0072864,(UTC+01:00) Europe/Paris DST,2013-08-20T13:00:00+02:00,194,187,na,381,22.0,0.0,na
Eco Counter GmbH,Stadt Karlsruhe,752,Erbprinzenstraße,100004165,Y2H16070301,8.4027153,49.0072864,(UTC+01:00) Europe/Paris DST,2013-08-20T14:00:00+02:00,162,206,na,368,23.0,0.0,na
Eco Counter GmbH,Stadt Karlsruhe,752,Erbprinzenstraße,100004165,Y2H16070301,8.4027153,49.0072864,(UTC+01:00) Europe/Paris DST,2013-08-20T15:00:00+02:00,182,225,na,407,22.0,0.0,na
Eco Counter GmbH,Stadt Karlsruhe,752,Erbprinzenstraße,100004165,Y2H16070301,8.4027153,49.0072864,(UTC+01:00) Europe/Paris DST,2013-08-20T16:00:00+02:00,213,264,na,477,21.0,0.0,na
Eco Counter GmbH,Stadt Karlsruhe,752,Erbprinzenstraße,100004165,Y2H16070301,8.4027153,49.0072864,(UTC+01:00) Europe/Paris DST,2013-08-20T17:00:00+02:00,250,303,na,553,20.0,0.0,na
Eco Counter GmbH,Stadt Karlsruhe,752,Erbprinzenstraße,100004165,Y2H16070301,8.4027153,49.0072864,(UTC+01:00) Europe/Paris DST,2013-08-20T18:00:00+02:00,250,295,na,545,19.0,0.0,na
Eco Counter GmbH,Stadt Karlsruhe,752,Erbprinzenstraße,100004165,Y2H16070301,8.4027153,49.0072864,(UTC+01:00) Europe/Paris DST,2013-08-20T19:00:00+02:00,149,263,na,412,18.0,0.0,na
Eco Counter GmbH,Stadt Karlsruhe,752,Erbprinzenstraße,100004165,Y2H16070301,8.4027153,49.0072864,(UTC+01:00) Europe/Paris DST,2013-08-20T20:00:00+02:00,111,165,na,276,17.0,0.0,na
Eco Counter GmbH,Stadt Karlsruhe,752,Erbprinzenstraße,100004165,Y2H16070301,8.4027153,49.0072864,(UTC+01:00) Europe/Paris DST,2013-08-20T21:00:00+02:00,72,108,na,180,16.0,0.0,na
Eco Counter GmbH,Stadt Karlsruhe,752,Erbprinzenstraße,100004165,Y2H16070301,8.4027153,49.0072864,(UTC+01:00) Europe/Paris DST,2013-08-20T22:00:00+02:00,55,87,na,142,15.0,0.0,na
Eco Counter GmbH,Stadt Karlsruhe,752,Erbprinzenstraße,100004165,Y2H16070301,8.4027153,49.0072864,(UTC+01:00) Europe/Paris DST,2013-08-20T23:00:00+02:00,36,52,na,88,14.0,0.0,na
Eco Counter GmbH,Stadt Karlsruhe,752,Erbprinzenstraße,100004165,Y2H16070301,8.4027153,49.0072864,(UTC+01:00) Europe/Paris DST,2013-08-21T00:00:00+02:00,28,25,na,53,13.0,0.0,na
Eco Counter GmbH,Stadt Karlsruhe,752,Erbprinzenstraße,100004165,Y2H16070301,8.4027153,49.0072864,(UTC+01:00) Europe/Paris DST,2013-08-21T01:00:00+02:00,13,17,na,30,12.0,0.0,na
Eco Counter GmbH,Stadt Karlsruhe,752,Erbprinzenstraße,100004165,Y2H16070301,8.4027153,49.0072864,(UTC+01:00) Europe/Paris DST,2013-08-21T02:00:00+02:00,2,10,na,12,12.0,0.0,na
Eco Counter GmbH,Stadt Karlsruhe,752,Erbprinzenstraße,100004165,Y2H16070301,8.4027153,49.0072864,(UTC+01:00) Europe/Paris DST,2013-08-21T03:00:00+02:00,4,8,na,12,12.0,0.0,na
Eco Counter GmbH,Stadt Karlsruhe,752,Erbprinzenstraße,100004165,Y2H16070301,8.4027153,49.0072864,(UTC+01:00) Europe/Paris DST,2013-08-21T04:00:00+02:00,2,7,na,9,12.0,0.0,na
Eco Counter GmbH,Stadt Karlsruhe,752,Erbprinzenstraße,100004165,Y2H16070301,8.4027153,49.0072864,(UTC+01:00) Europe/Paris DST,2013-08-21T05:00:00+02:00,17,15,na,32,13.0,0.0,na
Eco Counter GmbH,Stadt Karlsruhe,752,Erbprinzenstraße,100004165,Y2H16070301,8.4027153,49.0072864,(UTC+01:00) Europe/Paris DST,2013-08-21T06:00:00+02:00,33,45,na,78,14.0,0.0,na
Eco Counter GmbH,Stadt Karlsruhe,752,Erbprinzenstraße,100004165,Y2H16070301,8.4027153,49.0072864,(UTC+01:00) Europe/Paris DST,2013-08-21T07:00:00+02:00,97,86,na,183,16.0,0.0,na
Eco Counter GmbH,Stadt Karlsruhe,752,Erbprinzenstraße,100004165,Y2H16070301,8.4027153,49.0072864,(UTC+01:00) Europe/Paris DST,2013-08-21T08:00:00+02:00,138,203,na,341,18.0,0.0,na
Eco Counter GmbH,Stadt Karlsruhe,752,Erbprinzenstraße,100004165,Y2H16070301,8.4027153,49.0072864,(UTC+01:00) Europe/Paris DST,2013-08-21T09:00:00+02:00,132,186,na,318,20.0,0.0,na
Eco Counter GmbH,Stadt Karlsruhe,752,Erbprinzenstraße,100004165,Y2H16070301,8.4027153,49.0072864,(UTC+01:00) Europe/Paris DST,2013-08-21T10:00:00+02:00,155,179,na,334,21.0,0.0,na
Eco Counter GmbH,Stadt Karlsruhe,752,Erbprinzenstraße,100004165,Y2H16070301,8.4027153,49.0072864,(UTC+01:00) Europe/Paris DST,2013-08-21T11:00:00+02:00,184,189,na,373,22.0,0.0,na
Eco Counter GmbH,Stadt Karlsruhe,752,Erbprinzenstraße,100004165,Y2H16070301,8.4027153,49.0072864,(UTC+01:00) Europe/Paris DST,2013-08-21T12:00:00+02:00,176,218,na,394,24.0,0.0,na
Eco Counter GmbH,Stadt Karlsruhe,752,Erbprinzenstraße,100004165,Y2H16070301,8.4027153,49.0072864,(UTC+01:00) Europe/Paris DST,2013-08-21T13:00:00+02:00,170,250,na,420,24.0,0.0,na
Eco Counter GmbH,Stadt Karlsruhe,752,Erbprinzenstraße,100004165,Y2H16070301,8.4027153,49.0072864,(UTC+01:00) Europe/Paris DST,2013-08-21T14:00:00+02:00,167,205,na,372,25.0,0.0,na
Eco Counter GmbH,Stadt Karlsruhe,752,Erbprinzenstraße,100004165,Y2H16070301,8.4027153,49.0072864,(UTC+01:00) Europe/Paris DST,2013-08-21T15:00:00+02:00,175,197,na,372,24.0,0.0,na
Eco Counter GmbH,Stadt Karlsruhe,752,Erbprinzenstraße,100004165,Y2H16070301,8.4027153,49.0072864,(UTC+01:00) Europe/Paris DST,2013-08-21T16:00:00+02:00,217,232,na,449,23.0,0.0,na
Eco Counter GmbH,Stadt Karlsruhe,752,Erbprinzenstraße,100004165,Y2H16070301,8.4027153,49.0072864,(UTC+01:00) Europe/Paris DST,2013-08-21T17:00:00+02:00,222,284,na,506,23.0,0.0,na
Eco Counter GmbH,Stadt Karlsruhe,752,Erbprinzenstraße,100004165,Y2H16070301,8.4027153,49.0072864,(UTC+01:00) Europe/Paris DST,2013-08-21T18:00:00+02:00,212,277,na,489,22.0,0.0,na
Eco Counter GmbH,Stadt Karlsruhe,752,Erbprinzenstraße,100004165,Y2H16070301,8.4027153,49.0072864,(UTC+01:00) Europe/Paris DST,2013-08-21T19:00:00+02:00,166,259,na,425,20.0,0.0,na
Eco Counter GmbH,Stadt Karlsruhe,752,Erbprinzenstraße,100004165,Y2H16070301,8.4027153,49.0072864,(UTC+01:00) Europe/Paris DST,2013-08-21T20:00:00+02:00,122,169,na,291,19.0,0.0,na
Eco Counter GmbH,Stadt Karlsruhe,752,Erbprinzenstraße,100004165,Y2H16070301,8.4027153,49.0072864,(UTC+01:00) Europe/Paris DST,2013-08-21T21:00:00+02:00,84,114,na,198,17.0,0.0,na
Eco Counter GmbH,Stadt Karlsruhe,752,Erbprinzenstraße,100004165,Y2H16070301,8.4027153,49.0072864,(UTC+01:00) Europe/Paris DST,2013-08-21T22:00:00+02:00,48,84,na,132,16.0,0.0,na
Eco Counter GmbH,Stadt Karlsruhe,752,Erbprinzenstraße,100004165,Y2H16070301,8.4027153,49.0072864,(UTC+01:00) Europe/Paris DST,2013-08-21T23:00:00+02:00,62,77,na,139,15.0,0.0,na
Eco Counter GmbH,Stadt Karlsruhe,752,Erbprinzenstraße,100004165,Y2H16070301,8.4027153,49.0072864,(UTC+01:00) Europe/Paris DST,2013-08-22T00:00:00+02:00,31,44,na,75,14.0,0.0,na
Eco Counter GmbH,Stadt Karlsruhe,752,Erbprinzenstraße,100004165,Y2H16070301,8.4027153,49.0072864,(UTC+01:00) Europe/Paris DST,2013-08-22T01:00:00+02:00,17,30,na,47,14.0,0.0,na
Eco Counter GmbH,Stadt Karlsruhe,752,Erbprinzenstraße,100004165,Y2H16070301,8.4027153,49.0072864,(UTC+01:00) Europe/Paris DST,2013-08-22T02:00:00+02:00,8,7,na,15,13.0,0.0,na
Eco Counter GmbH,Stadt Karlsruhe,752,Erbprinzenstraße,100004165,Y2H16070301,8.4027153,49.0072864,(UTC+01:00) Europe/Paris DST,2013-08-22T03:00:00+02:00,14,9,na,23,13.0,0.0,na
Eco Counter GmbH,Stadt Karlsruhe,752,Erbprinzenstraße,100004165,Y2H16070301,8.4027153,49.0072864,(UTC+01:00) Europe/Paris DST,2013-08-22T04:00:00+02:00,13,10,na,23,13.0,0.0,na
Eco Counter GmbH,Stadt Karlsruhe,752,Erbprinzenstraße,100004165,Y2H16070301,8.4027153,49.0072864,(UTC+01:00) Europe/Paris DST,2013-08-22T05:00:00+02:00,12,19,na,31,14.0,0.0,na
Eco Counter GmbH,Stadt Karlsruhe,752,Erbprinzenstraße,100004165,Y2H16070301,8.4027153,49.0072864,(UTC+01:00) Europe/Paris DST,2013-08-22T06:00:00+02:00,37,39,na,76,15.0,0.0,na
Eco Counter GmbH,Stadt Karlsruhe,752,Erbprinzenstraße,100004165,Y2H16070301,8.4027153,49.0072864,(UTC+01:00) Europe/Paris DST,2013-08-22T07:00:00+02:00,89,94,na,183,17.0,0.0,na
Eco Counter GmbH,Stadt Karlsruhe,752,Erbprinzenstraße,100004165,Y2H16070301,8.4027153,49.0072864,(UTC+01:00) Europe/Paris DST,2013-08-22T08:00:00+02:00,148,183,na,331,19.0,0.0,na
Eco Counter GmbH,Stadt Karlsruhe,752,Erbprinzenstraße,100004165,Y2H16070301,8.4027153,49.0072864,(UTC+01:00) Europe/Paris DST,2013-08-22T09:00:00+02:00,143,181,na,324,21.0,0.0,na
Eco Counter GmbH,Stadt Karlsruhe,752,Erbprinzenstraße,100004165,Y2H16070301,8.4027153,49.0072864,(UTC+01:00) Europe/Paris DST,2013-08-22T10:00:00+02:00,146,146,na,292,23.0,0.0,na
Eco Counter GmbH,Stadt Karlsruhe,752,Erbprinzenstraße,100004165,Y2H16070301,8.4027153,49.0072864,(UTC+01:00) Europe/Paris DST,2013-08-22T11:00:00+02:00,160,179,na,339,24.0,0.0,na
Eco Counter GmbH,Stadt Karlsruhe,752,Erbprinzenstraße,100004165,Y2H16070301,8.4027153,49.0072864,(UTC+01:00) Europe/Paris DST,2013-08-22T12:00:00+02:00,194,186,na,380,25.0,0.0,na
Eco Counter GmbH,Stadt Karlsruhe,752,Erbprinzenstraße,100004165,Y2H16070301,8.4027153,49.0072864,(UTC+01:00) Europe/Paris DST,2013-08-22T13:00:00+02:00,158,209,na,367,25.0,0.0,na
Eco Counter GmbH,Stadt Karlsruhe,752,Erbprinzenstraße,100004165,Y2H16070301,8.4027153,49.0072864,(UTC+01:00) Europe/Paris DST,2013-08-22T14:00:00+02:00,192,199,na,391,25.0,0.0,na
Eco Counter GmbH,Stadt Karlsruhe,752,Erbprinzenstraße,100004165,Y2H16070301,8.4027153,49.0072864,(UTC+01:00) Europe/Paris DST,2013-08-22T15:00:00+02:00,203,223,na,426,24.0,0.0,na
Eco Counter GmbH,Stadt Karlsruhe,752,Erbprinzenstraße,100004165,Y2H16070301,8.4027153,49.0072864,(UTC+01:00) Europe/Paris DST,2013-08-22T16:00:00+02:00,205,236,na,441,24.0,0.0,na
Eco Counter GmbH,Stadt Karlsruhe,752,Erbprinzenstraße,100004165,Y2H16070301,8.4027153,49.0072864,(UTC+01:00) Europe/Paris DST,2013-08-22T17:00:00+02:00,250,282,na,532,23.0,0.0,na
Eco Counter GmbH,Stadt Karlsruhe,752,Erbprinzenstraße,100004165,Y2H16070301,8.4027153,49.0072864,(UTC+01:00) Europe/Paris DST,2013-08-22T18:00:00+02:00,229,310,na,539,22.0,0.0,na
Eco Counter GmbH,Stadt Karlsruhe,752,Erbprinzenstraße,100004165,Y2H16070301,8.4027153,49.0072864,(UTC+01:00) Europe/Paris DST,2013-08-22T19:00:00+02:00,159,238,na,397,21.0,0.0,na
Eco Counter GmbH,Stadt Karlsruhe,752,Erbprinzenstraße,100004165,Y2H16070301,8.4027153,49.0072864,(UTC+01:00) Europe/Paris DST,2013-08-22T20:00:00+02:00,121,193,na,314,20.0,0.0,na
Eco Counter GmbH,Stadt Karlsruhe,752,Erbprinzenstraße,100004165,Y2H16070301,8.4027153,49.0072864,(UTC+01:00) Europe/Paris DST,2013-08-22T21:00:00+02:00,92,145,na,237,19.0,0.0,na
Eco Counter GmbH,Stadt Karlsruhe,752,Erbprinzenstraße,100004165,Y2H16070301,8.4027153,49.0072864,(UTC+01:00) Europe/Paris DST,2013-08-22T22:00:00+02:00,66,80,na,146,17.0,0.0,na
Eco Counter GmbH,Stadt Karlsruhe,752,Erbprinzenstraße,100004165,Y2H16070301,8.4027153,49.0072864,(UTC+01:00) Europe/Paris DST,2013-08-22T23:00:00+02:00,55,65,na,120,16.0,0.0,na
Eco Counter GmbH,Stadt Karlsruhe,752,Erbprinzenstraße,100004165,Y2H16070301,8.4027153,49.0072864,(UTC+01:00) Europe/Paris DST,2013-08-23T00:00:00+02:00,33,26,na,59,16.0,0.0,na
Eco Counter GmbH,Stadt Karlsruhe,752,Erbprinzenstraße,100004165,Y2H16070301,8.4027153,49.0072864,(UTC+01:00) Europe/Paris DST,2013-08-23T01:00:00+02:00,13,9,na,22,15.0,0.0,na
Eco Counter GmbH,Stadt Karlsruhe,752,Erbprinzenstraße,100004165,Y2H16070301,8.4027153,49.0072864,(UTC+01:00) Europe/Paris DST,2013-08-23T02:00:00+02:00,13,12,na,25,15.0,0.0,na
Eco Counter GmbH,Stadt Karlsruhe,752,Erbprinzenstraße,100004165,Y2H16070301,8.4027153,49.0072864,(UTC+01:00) Europe/Paris DST,2013-08-23T03:00:00+02:00,8,9,na,17,15.0,0.0,na
Eco Counter GmbH,Stadt Karlsruhe,752,Erbprinzenstraße,100004165,Y2H16070301,8.4027153,49.0072864,(UTC+01:00) Europe/Paris DST,2013-08-23T04:00:00+02:00,5,5,na,10,15.0,0.0,na
Eco Counter GmbH,Stadt Karlsruhe,752,Erbprinzenstraße,100004165,Y2H16070301,8.4027153,49.0072864,(UTC+01:00) Europe/Paris DST,2013-08-23T05:00:00+02:00,13,10,na,23,16.0,0.0,na
Eco Counter GmbH,Stadt Karlsruhe,752,Erbprinzenstraße,100004165,Y2H16070301,8.4027153,49.0072864,(UTC+01:00) Europe/Paris DST,2013-08-23T06:00:00+02:00,35,54,na,89,17.0,0.0,na
Eco Counter GmbH,Stadt Karlsruhe,752,Erbprinzenstraße,100004165,Y2H16070301,8.4027153,49.0072864,(UTC+01:00) Europe/Paris DST,2013-08-23T07:00:00+02:00,73,113,na,186,18.0,0.0,na
Eco Counter GmbH,Stadt Karlsruhe,752,Erbprinzenstraße,100004165,Y2H16070301,8.4027153,49.0072864,(UTC+01:00) Europe/Paris DST,2013-08-23T08:00:00+02:00,124,167,na,291,19.0,0.0,na
Eco Counter GmbH,Stadt Karlsruhe,752,Erbprinzenstraße,100004165,Y2H16070301,8.4027153,49.0072864,(UTC+01:00) Europe/Paris DST,2013-08-23T09:00:00+02:00,166,171,na,337,20.0,0.0,na
Eco Counter GmbH,Stadt Karlsruhe,752,Erbprinzenstraße,100004165,Y2H16070301,8.4027153,49.0072864,(UTC+01:00) Europe/Paris DST,2013-08-23T10:00:00+02:00,145,170,na,315,22.0,0.0,na
Eco Counter GmbH,Stadt Karlsruhe,752,Erbprinzenstraße,100004165,Y2H16070301,8.4027153,49.0072864,(UTC+01:00) Europe/Paris DST,2013-08-23T11:00:00+02:00,194,181,na,375,23.0,0.0,na
Eco Counter GmbH,Stadt Karlsruhe,752,Erbprinzenstraße,100004165,Y2H16070301,8.4027153,49.0072864,(UTC+01:00) Europe/Paris DST,2013-08-23T12:00:00+02:00,168,246,na,414,24.0,0.0,na
Eco Counter GmbH,Stadt Karlsruhe,752,Erbprinzenstraße,100004165,Y2H16070301,8.4027153,49.0072864,(UTC+01:00) Europe/Paris DST,2013-08-23T13:00:00+02:00,169,210,na,379,24.0,0.0,na
Eco Counter GmbH,Stadt Karlsruhe,752,Erbprinzenstraße,100004165,Y2H16070301,8.4027153,49.0072864,(UTC+01:00) Europe/Paris DST,2013-08-23T14:00:00+02:00,176,225,na,401,25.0,0.0,na
Eco Counter GmbH,Stadt Karlsruhe,752,Erbprinzenstraße,100004165,Y2H16070301,8.4027153,49.0072864,(UTC+01:00) Europe/Paris DST,2013-08-23T15:00:00+02:00,159,222,na,381,24.0,0.0,na
Eco Counter GmbH,Stadt Karlsruhe,752,Erbprinzenstraße,100004165,Y2H16070301,8.4027153,49.0072864,(UTC+01:00) Europe/Paris DST,2013-08-23T16:00:00+02:00,191,240,na,431,24.0,0.0,na
Eco Counter GmbH,Stadt Karlsruhe,752,Erbprinzenstraße,100004165,Y2H16070301,8.4027153,49.0072864,(UTC+01:00) Europe/Paris DST,2013-08-23T17:00:00+02:00,226,241,na,467,24.0,0.0,na
Eco Counter GmbH,Stadt Karlsruhe,752,Erbprinzenstraße,100004165,Y2H16070301,8.4027153,49.0072864,(UTC+01:00) Europe/Paris DST,2013-08-23T18:00:00+02:00,191,291,na,482,23.0,0.0,na
Eco Counter GmbH,Stadt Karlsruhe,752,Erbprinzenstraße,100004165,Y2H16070301,8.4027153,49.0072864,(UTC+01:00) Europe/Paris DST,2013-08-23T19:00:00+02:00,127,210,na,337,22.0,0.0,na
Eco Counter GmbH,Stadt Karlsruhe,752,Erbprinzenstraße,100004165,Y2H16070301,8.4027153,49.0072864,(UTC+01:00) Europe/Paris DST,2013-08-23T20:00:00+02:00,119,150,na,269,20.0,0.0,na
Eco Counter GmbH,Stadt Karlsruhe,752,Erbprinzenstraße,100004165,Y2H16070301,8.4027153,49.0072864,(UTC+01:00) Europe/Paris DST,2013-08-23T21:00:00+02:00,75,107,na,182,19.0,0.0,na
Eco Counter GmbH,Stadt Karlsruhe,752,Erbprinzenstraße,100004165,Y2H16070301,8.4027153,49.0072864,(UTC+01:00) Europe/Paris DST,2013-08-23T22:00:00+02:00,53,81,na,134,18.0,0.0,na
Eco Counter GmbH,Stadt Karlsruhe,752,Erbprinzenstraße,100004165,Y2H16070301,8.4027153,49.0072864,(UTC+01:00) Europe/Paris DST,2013-08-23T23:00:00+02:00,46,79,na,125,18.0,0.0,na
Eco Counter GmbH,Stadt Karlsruhe,752,Erbprinzenstraße,100004165,Y2H16070301,8.4027153,49.0072864,(UTC+01:00) Europe/Paris DST,2013-08-24T00:00:00+02:00,47,67,na,114,17.0,0.0,na
Eco Counter GmbH,Stadt Karlsruhe,752,Erbprinzenstraße,100004165,Y2H16070301,8.4027153,49.0072864,(UTC+01:00) Europe/Paris DST,2013-08-24T01:00:00+02:00,36,35,na,71,16.0,0.0,na
Eco Counter GmbH,Stadt Karlsruhe,752,Erbprinzenstraße,100004165,Y2H16070301,8.4027153,49.0072864,(UTC+01:00) Europe/Paris DST,2013-08-24T02:00:00+02:00,20,32,na,52,15.0,0.0,na
Eco Counter GmbH,Stadt Karlsruhe,752,Erbprinzenstraße,100004165,Y2H16070301,8.4027153,49.0072864,(UTC+01:00) Europe/Paris DST,2013-08-24T03:00:00+02:00,28,31,na,59,15.0,0.0,na
Eco Counter GmbH,Stadt Karlsruhe,752,Erbprinzenstraße,100004165,Y2H16070301,8.4027153,49.0072864,(UTC+01:00) Europe/Paris DST,2013-08-24T04:00:00+02:00,18,13,na,31,15.0,0.0,na
Eco Counter GmbH,Stadt Karlsruhe,752,Erbprinzenstraße,100004165,Y2H16070301,8.4027153,49.0072864,(UTC+01:00) Europe/Paris DST,2013-08-24T05:00:00+02:00,10,28,na,38,16.0,0.0,na
Eco Counter GmbH,Stadt Karlsruhe,752,Erbprinzenstraße,100004165,Y2H16070301,8.4027153,49.0072864,(UTC+01:00) Europe/Paris DST,2013-08-24T06:00:00+02:00,17,16,na,33,17.0,0.0,na
Eco Counter GmbH,Stadt Karlsruhe,752,Erbprinzenstraße,100004165,Y2H16070301,8.4027153,49.0072864,(UTC+01:00) Europe/Paris DST,2013-08-24T07:00:00+02:00,19,39,na,58,19.0,0.0,na
Eco Counter GmbH,Stadt Karlsruhe,752,Erbprinzenstraße,100004165,Y2H16070301,8.4027153,49.0072864,(UTC+01:00) Europe/Paris DST,2013-08-24T08:00:00+02:00,28,35,na,63,20.0,0.0,na
Eco Counter GmbH,Stadt Karlsruhe,752,Erbprinzenstraße,100004165,Y2H16070301,8.4027153,49.0072864,(UTC+01:00) Europe/Paris DST,2013-08-24T09:00:00+02:00,80,80,na,160,21.0,0.0,na
Eco Counter GmbH,Stadt Karlsruhe,752,Erbprinzenstraße,100004165,Y2H16070301,8.4027153,49.0072864,(UTC+01:00) Europe/Paris DST,2013-08-24T10:00:00+02:00,150,115,na,265,22.0,0.0,na
Eco Counter GmbH,Stadt Karlsruhe,752,Erbprinzenstraße,100004165,Y2H16070301,8.4027153,49.0072864,(UTC+01:00) Europe/Paris DST,2013-08-24T11:00:00+02:00,142,179,na,321,22.0,0.0,na
Eco Counter GmbH,Stadt Karlsruhe,752,Erbprinzenstraße,100004165,Y2H16070301,8.4027153,49.0072864,(UTC+01:00) Europe/Paris DST,2013-08-24T12:00:00+02:00,153,192,na,345,22.0,0.0,na
Eco Counter GmbH,Stadt Karlsruhe,752,Erbprinzenstraße,100004165,Y2H16070301,8.4027153,49.0072864,(UTC+01:00) Europe/Paris DST,2013-08-24T13:00:00+02:00,143,247,na,390,21.0,0.6,na
Eco Counter GmbH,Stadt Karlsruhe,752,Erbprinzenstraße,100004165,Y2H16070301,8.4027153,49.0072864,(UTC+01:00) Europe/Paris DST,2013-08-24T14:00:00+02:00,56,95,na,151,21.0,1.2,na
Eco Counter GmbH,Stadt Karlsruhe,752,Erbprinzenstraße,100004165,Y2H16070301,8.4027153,49.0072864,(UTC+01:00) Europe/Paris DST,2013-08-24T15:00:00+02:00,39,83,na,122,20.0,1.1,na
Eco Counter GmbH,Stadt Karlsruhe,752,Erbprinzenstraße,100004165,Y2H16070301,8.4027153,49.0072864,(UTC+01:00) Europe/Paris DST,2013-08-24T16:00:00+02:00,49,63,na,112,19.0,0.3,na
Eco Counter GmbH,Stadt Karlsruhe,752,Erbprinzenstraße,100004165,Y2H16070301,8.4027153,49.0072864,(UTC+01:00) Europe/Paris DST,2013-08-24T17:00:00+02:00,95,114,na,209,19.0,0.1,na
Eco Counter GmbH,Stadt Karlsruhe,752,Erbprinzenstraße,100004165,Y2H16070301,8.4027153,49.0072864,(UTC+01:00) Europe/Paris DST,2013-08-24T18:00:00+02:00,94,140,na,234,18.0,0.3,na
Eco Counter GmbH,Stadt Karlsruhe,752,Erbprinzenstraße,100004165,Y2H16070301,8.4027153,49.0072864,(UTC+01:00) Europe/Paris DST,2013-08-24T19:00:00+02:00,85,101,na,186,17.0,0.3,na
Eco Counter GmbH,Stadt Karlsruhe,752,Erbprinzenstraße,100004165,Y2H16070301,8.4027153,49.0072864,(UTC+01:00) Europe/Paris DST,2013-08-24T20:00:00+02:00,62,95,na,157,17.0,0.0,na
Eco Counter GmbH,Stadt Karlsruhe,752,Erbprinzenstraße,100004165,Y2H16070301,8.4027153,49.0072864,(UTC+01:00) Europe/Paris DST,2013-08-24T21:00:00+02:00,36,59,na,95,16.0,0.0,na
Eco Counter GmbH,Stadt Karlsruhe,752,Erbprinzenstraße,100004165,Y2H16070301,8.4027153,49.0072864,(UTC+01:00) Europe/Paris DST,2013-08-24T22:00:00+02:00,29,35,na,64,15.0,0.0,na
Eco Counter GmbH,Stadt Karlsruhe,752,Erbprinzenstraße,100004165,Y2H16070301,8.4027153,49.0072864,(UTC+01:00) Europe/Paris DST,2013-08-24T23:00:00+02:00,49,44,na,93,15.0,0.0,na
Eco Counter GmbH,Stadt Karlsruhe,752,Erbprinzenstraße,100004165,Y2H16070301,8.4027153,49.0072864,(UTC+01:00) Europe/Paris DST,2013-08-25T00:00:00+02:00,25,38,na,63,15.0,0.0,na
Eco Counter GmbH,Stadt Karlsruhe,752,Erbprinzenstraße,100004165,Y2H16070301,8.4027153,49.0072864,(UTC+01:00) Europe/Paris DST,2013-08-25T01:00:00+02:00,23,25,na,48,15.0,0.0,na
Eco Counter GmbH,Stadt Karlsruhe,752,Erbprinzenstraße,100004165,Y2H16070301,8.4027153,49.0072864,(UTC+01:00) Europe/Paris DST,2013-08-25T02:00:00+02:00,9,27,na,36,14.0,0.0,na
Eco Counter GmbH,Stadt Karlsruhe,752,Erbprinzenstraße,100004165,Y2H16070301,8.4027153,49.0072864,(UTC+01:00) Europe/Paris DST,2013-08-25T03:00:00+02:00,11,13,na,24,14.0,0.0,na
Eco Counter GmbH,Stadt Karlsruhe,752,Erbprinzenstraße,100004165,Y2H16070301,8.4027153,49.0072864,(UTC+01:00) Europe/Paris DST,2013-08-25T04:00:00+02:00,9,8,na,17,14.0,0.0,na
Eco Counter GmbH,Stadt Karlsruhe,752,Erbprinzenstraße,100004165,Y2H16070301,8.4027153,49.0072864,(UTC+01:00) Europe/Paris DST,2013-08-25T05:00:00+02:00,9,6,na,15,14.0,0.0,na
Eco Counter GmbH,Stadt Karlsruhe,752,Erbprinzenstraße,100004165,Y2H16070301,8.4027153,49.0072864,(UTC+01:00) Europe/Paris DST,2013-08-25T06:00:00+02:00,5,3,na,8,14.0,0.0,na
Eco Counter GmbH,Stadt Karlsruhe,752,Erbprinzenstraße,100004165,Y2H16070301,8.4027153,49.0072864,(UTC+01:00) Europe/Paris DST,2013-08-25T07:00:00+02:00,6,19,na,25,15.0,0.1,na
Eco Counter GmbH,Stadt Karlsruhe,752,Erbprinzenstraße,100004165,Y2H16070301,8.4027153,49.0072864,(UTC+01:00) Europe/Paris DST,2013-08-25T08:00:00+02:00,13,15,na,28,16.0,0.1,na
Eco Counter GmbH,Stadt Karlsruhe,752,Erbprinzenstraße,100004165,Y2H16070301,8.4027153,49.0072864,(UTC+01:00) Europe/Paris DST,2013-08-25T09:00:00+02:00,24,22,na,46,16.0,0.0,na
Eco Counter GmbH,Stadt Karlsruhe,752,Erbprinzenstraße,100004165,Y2H16070301,8.4027153,49.0072864,(UTC+01:00) Europe/Paris DST,2013-08-25T10:00:00+02:00,39,46,na,85,17.0,0.0,na
Eco Counter GmbH,Stadt Karlsruhe,752,Erbprinzenstraße,100004165,Y2H16070301,8.4027153,49.0072864,(UTC+01:00) Europe/Paris DST,2013-08-25T11:00:00+02:00,30,41,na,71,18.0,0.0,na
Eco Counter GmbH,Stadt Karlsruhe,752,Erbprinzenstraße,100004165,Y2H16070301,8.4027153,49.0072864,(UTC+01:00) Europe/Paris DST,2013-08-25T12:00:00+02:00,38,58,na,96,18.0,0.0,na
Eco Counter GmbH,Stadt Karlsruhe,752,Erbprinzenstraße,100004165,Y2H16070301,8.4027153,49.0072864,(UTC+01:00) Europe/Paris DST,2013-08-25T13:00:00+02:00,51,62,na,113,18.0,0.0,na
Eco Counter GmbH,Stadt Karlsruhe,752,Erbprinzenstraße,100004165,Y2H16070301,8.4027153,49.0072864,(UTC+01:00) Europe/Paris DST,2013-08-25T14:00:00+02:00,60,45,na,105,19.0,0.0,na
Eco Counter GmbH,Stadt Karlsruhe,752,Erbprinzenstraße,100004165,Y2H16070301,8.4027153,49.0072864,(UTC+01:00) Europe/Paris DST,2013-08-25T15:00:00+02:00,19,37,na,56,18.0,0.0,na
Eco Counter GmbH,Stadt Karlsruhe,752,Erbprinzenstraße,100004165,Y2H16070301,8.4027153,49.0072864,(UTC+01:00) Europe/Paris DST,2013-08-25T16:00:00+02:00,24,38,na,62,17.0,0.0,na
Eco Counter GmbH,Stadt Karlsruhe,752,Erbprinzenstraße,100004165,Y2H16070301,8.4027153,49.0072864,(UTC+01:00) Europe/Paris DST,2013-08-25T17:00:00+02:00,12,23,na,35,17.0,0.1,na
Eco Counter GmbH,Stadt Karlsruhe,752,Erbprinzenstraße,100004165,Y2H16070301,8.4027153,49.0072864,(UTC+01:00) Europe/Paris DST,2013-08-25T18:00:00+02:00,26,29,na,55,17.0,0.4,na
Eco Counter GmbH,Stadt Karlsruhe,752,Erbprinzenstraße,100004165,Y2H16070301,8.4027153,49.0072864,(UTC+01:00) Europe/Paris DST,2013-08-25T19:00:00+02:00,23,24,na,47,16.0,0.2,na
Eco Counter GmbH,Stadt Karlsruhe,752,Erbprinzenstraße,100004165,Y2H16070301,8.4027153,49.0072864,(UTC+01:00) Europe/Paris DST,2013-08-25T20:00:00+02:00,15,33,na,48,15.0,1.2,na
Eco Counter GmbH,Stadt Karlsruhe,752,Erbprinzenstraße,100004165,Y2H16070301,8.4027153,49.0072864,(UTC+01:00) Europe/Paris DST,2013-08-25T21:00:00+02:00,12,14,na,26,15.0,1.4,na
Eco Counter GmbH,Stadt Karlsruhe,752,Erbprinzenstraße,100004165,Y2H16070301,8.4027153,49.0072864,(UTC+01:00) Europe/Paris DST,2013-08-25T22:00:00+02:00,8,11,na,19,14.0,1.4,na
Eco Counter GmbH,Stadt Karlsruhe,752,Erbprinzenstraße,100004165,Y2H16070301,8.4027153,49.0072864,(UTC+01:00) Europe/Paris DST,2013-08-25T23:00:00+02:00,8,13,na,21,14.0,1.2,na
Eco Counter GmbH,Stadt Karlsruhe,752,Erbprinzenstraße,100004165,Y2H16070301,8.4027153,49.0072864,(UTC+01:00) Europe/Paris DST,2013-08-26T00:00:00+02:00,6,9,na,15,14.0,1.1,na
Eco Counter GmbH,Stadt Karlsruhe,752,Erbprinzenstraße,100004165,Y2H16070301,8.4027153,49.0072864,(UTC+01:00) Europe/Paris DST,2013-08-26T01:00:00+02:00,0,5,na,5,14.0,0.9,na
Eco Counter GmbH,Stadt Karlsruhe,752,Erbprinzenstraße,100004165,Y2H16070301,8.4027153,49.0072864,(UTC+01:00) Europe/Paris DST,2013-08-26T02:00:00+02:00,1,2,na,3,14.0,0.6,na
Eco Counter GmbH,Stadt Karlsruhe,752,Erbprinzenstraße,100004165,Y2H16070301,8.4027153,49.0072864,(UTC+01:00) Europe/Paris DST,2013-08-26T03:00:00+02:00,2,3,na,5,14.0,0.8,na
Eco Counter GmbH,Stadt Karlsruhe,752,Erbprinzenstraße,100004165,Y2H16070301,8.4027153,49.0072864,(UTC+01:00) Europe/Paris DST,2013-08-26T04:00:00+02:00,0,2,na,2,14.0,0.2,na
Eco Counter GmbH,Stadt Karlsruhe,752,Erbprinzenstraße,100004165,Y2H16070301,8.4027153,49.0072864,(UTC+01:00) Europe/Paris DST,2013-08-26T05:00:00+02:00,13,15,na,28,14.0,0.3,na
Eco Counter GmbH,Stadt Karlsruhe,752,Erbprinzenstraße,100004165,Y2H16070301,8.4027153,49.0072864,(UTC+01:00) Europe/Paris DST,2013-08-26T06:00:00+02:00,27,32,na,59,15.0,0.4,na
Eco Counter GmbH,Stadt Karlsruhe,752,Erbprinzenstraße,100004165,Y2H16070301,8.4027153,49.0072864,(UTC+01:00) Europe/Paris DST,2013-08-26T07:00:00+02:00,65,76,na,141,16.0,0.2,na
Eco Counter GmbH,Stadt Karlsruhe,752,Erbprinzenstraße,100004165,Y2H16070301,8.4027153,49.0072864,(UTC+01:00) Europe/Paris DST,2013-08-26T08:00:00+02:00,130,154,na,284,16.0,0.0,na
Eco Counter GmbH,Stadt Karlsruhe,752,Erbprinzenstraße,100004165,Y2H16070301,8.4027153,49.0072864,(UTC+01:00) Europe/Paris DST,2013-08-26T09:00:00+02:00,122,162,na,284,17.0,0.0,na
Eco Counter GmbH,Stadt Karlsruhe,752,Erbprinzenstraße,100004165,Y2H16070301,8.4027153,49.0072864,(UTC+01:00) Europe/Paris DST,2013-08-26T10:00:00+02:00,90,113,na,203,18.0,0.0,na
Eco Counter GmbH,Stadt Karlsruhe,752,Erbprinzenstraße,100004165,Y2H16070301,8.4027153,49.0072864,(UTC+01:00) Europe/Paris DST,2013-08-26T11:00:00+02:00,113,145,na,258,19.0,0.1,na
Eco Counter GmbH,Stadt Karlsruhe,752,Erbprinzenstraße,100004165,Y2H16070301,8.4027153,49.0072864,(UTC+01:00) Europe/Paris DST,2013-08-26T12:00:00+02:00,133,146,na,279,19.0,0.1,na
Eco Counter GmbH,Stadt Karlsruhe,752,Erbprinzenstraße,100004165,Y2H16070301,8.4027153,49.0072864,(UTC+01:00) Europe/Paris DST,2013-08-26T13:00:00+02:00,143,158,na,301,20.0,0.2,na
Eco Counter GmbH,Stadt Karlsruhe,752,Erbprinzenstraße,100004165,Y2H16070301,8.4027153,49.0072864,(UTC+01:00) Europe/Paris DST,2013-08-26T14:00:00+02:00,131,157,na,288,20.0,0.1,na
Eco Counter GmbH,Stadt Karlsruhe,752,Erbprinzenstraße,100004165,Y2H16070301,8.4027153,49.0072864,(UTC+01:00) Europe/Paris DST,2013-08-26T15:00:00+02:00,141,174,na,315,19.0,0.2,na
Eco Counter GmbH,Stadt Karlsruhe,752,Erbprinzenstraße,100004165,Y2H16070301,8.4027153,49.0072864,(UTC+01:00) Europe/Paris DST,2013-08-26T16:00:00+02:00,169,181,na,350,18.0,0.0,na
Eco Counter GmbH,Stadt Karlsruhe,752,Erbprinzenstraße,100004165,Y2H16070301,8.4027153,49.0072864,(UTC+01:00) Europe/Paris DST,2013-08-26T17:00:00+02:00,235,207,na,442,18.0,0.0,na
Eco Counter GmbH,Stadt Karlsruhe,752,Erbprinzenstraße,100004165,Y2H16070301,8.4027153,49.0072864,(UTC+01:00) Europe/Paris DST,2013-08-26T18:00:00+02:00,203,266,na,469,18.0,0.0,na
Eco Counter GmbH,Stadt Karlsruhe,752,Erbprinzenstraße,100004165,Y2H16070301,8.4027153,49.0072864,(UTC+01:00) Europe/Paris DST,2013-08-26T19:00:00+02:00,134,196,na,330,17.0,0.0,na
Eco Counter GmbH,Stadt Karlsruhe,752,Erbprinzenstraße,100004165,Y2H16070301,8.4027153,49.0072864,(UTC+01:00) Europe/Paris DST,2013-08-26T20:00:00+02:00,89,139,na,228,16.0,0.0,na
Eco Counter GmbH,Stadt Karlsruhe,752,Erbprinzenstraße,100004165,Y2H16070301,8.4027153,49.0072864,(UTC+01:00) Europe/Paris DST,2013-08-26T21:00:00+02:00,70,73,na,143,16.0,0.0,na
Eco Counter GmbH,Stadt Karlsruhe,752,Erbprinzenstraße,100004165,Y2H16070301,8.4027153,49.0072864,(UTC+01:00) Europe/Paris DST,2013-08-26T22:00:00+02:00,45,60,na,105,15.0,0.0,na
Eco Counter GmbH,Stadt Karlsruhe,752,Erbprinzenstraße,100004165,Y2H16070301,8.4027153,49.0072864,(UTC+01:00) Europe/Paris DST,2013-08-26T23:00:00+02:00,40,44,na,84,15.0,0.0,na
Eco Counter GmbH,Stadt Karlsruhe,752,Erbprinzenstraße,100004165,Y2H16070301,8.4027153,49.0072864,(UTC+01:00) Europe/Paris DST,2013-08-27T00:00:00+02:00,24,30,na,54,14.0,0.0,na
Eco Counter GmbH,Stadt Karlsruhe,752,Erbprinzenstraße,100004165,Y2H16070301,8.4027153,49.0072864,(UTC+01:00) Europe/Paris DST,2013-08-27T01:00:00+02:00,12,18,na,30,14.0,0.0,na
Eco Counter GmbH,Stadt Karlsruhe,752,Erbprinzenstraße,100004165,Y2H16070301,8.4027153,49.0072864,(UTC+01:00) Europe/Paris DST,2013-08-27T02:00:00+02:00,6,9,na,15,13.0,0.0,na
Eco Counter GmbH,Stadt Karlsruhe,752,Erbprinzenstraße,100004165,Y2H16070301,8.4027153,49.0072864,(UTC+01:00) Europe/Paris DST,2013-08-27T03:00:00+02:00,4,6,na,10,13.0,0.0,na
Eco Counter GmbH,Stadt Karlsruhe,752,Erbprinzenstraße,100004165,Y2H16070301,8.4027153,49.0072864,(UTC+01:00) Europe/Paris DST,2013-08-27T04:00:00+02:00,9,8,na,17,13.0,0.0,na
Eco Counter GmbH,Stadt Karlsruhe,752,Erbprinzenstraße,100004165,Y2H16070301,8.4027153,49.0072864,(UTC+01:00) Europe/Paris DST,2013-08-27T05:00:00+02:00,12,14,na,26,13.0,0.0,na
Eco Counter GmbH,Stadt Karlsruhe,752,Erbprinzenstraße,100004165,Y2H16070301,8.4027153,49.0072864,(UTC+01:00) Europe/Paris DST,2013-08-27T06:00:00+02:00,29,42,na,71,14.0,0.0,na
Eco Counter GmbH,Stadt Karlsruhe,752,Erbprinzenstraße,100004165,Y2H16070301,8.4027153,49.0072864,(UTC+01:00) Europe/Paris DST,2013-08-27T07:00:00+02:00,63,96,na,159,16.0,0.0,na
Eco Counter GmbH,Stadt Karlsruhe,752,Erbprinzenstraße,100004165,Y2H16070301,8.4027153,49.0072864,(UTC+01:00) Europe/Paris DST,2013-08-27T08:00:00+02:00,155,199,na,354,17.0,0.1,na
Eco Counter GmbH,Stadt Karlsruhe,752,Erbprinzenstraße,100004165,Y2H16070301,8.4027153,49.0072864,(UTC+01:00) Europe/Paris DST,2013-08-27T09:00:00+02:00,159,187,na,346,18.0,0.0,na
Eco Counter GmbH,Stadt Karlsruhe,752,Erbprinzenstraße,100004165,Y2H16070301,8.4027153,49.0072864,(UTC+01:00) Europe/Paris DST,2013-08-27T10:00:00+02:00,125,165,na,290,19.0,0.0,na
Eco Counter GmbH,Stadt Karlsruhe,752,Erbprinzenstraße,100004165,Y2H16070301,8.4027153,49.0072864,(UTC+01:00) Europe/Paris DST,2013-08-27T11:00:00+02:00,175,161,na,336,20.0,0.0,na
Eco Counter GmbH,Stadt Karlsruhe,752,Erbprinzenstraße,100004165,Y2H16070301,8.4027153,49.0072864,(UTC+01:00) Europe/Paris DST,2013-08-27T12:00:00+02:00,194,172,na,366,20.0,0.1,na
Eco Counter GmbH,Stadt Karlsruhe,752,Erbprinzenstraße,100004165,Y2H16070301,8.4027153,49.0072864,(UTC+01:00) Europe/Paris DST,2013-08-27T13:00:00+02:00,187,199,na,386,21.0,0.2,na
Eco Counter GmbH,Stadt Karlsruhe,752,Erbprinzenstraße,100004165,Y2H16070301,8.4027153,49.0072864,(UTC+01:00) Europe/Paris DST,2013-08-27T14:00:00+02:00,161,193,na,354,21.0,0.1,na
Eco Counter GmbH,Stadt Karlsruhe,752,Erbprinzenstraße,100004165,Y2H16070301,8.4027153,49.0072864,(UTC+01:00) Europe/Paris DST,2013-08-27T15:00:00+02:00,186,207,na,393,20.0,0.0,na
Eco Counter GmbH,Stadt Karlsruhe,752,Erbprinzenstraße,100004165,Y2H16070301,8.4027153,49.0072864,(UTC+01:00) Europe/Paris DST,2013-08-27T16:00:00+02:00,186,221,na,407,19.0,0.0,na
Eco Counter GmbH,Stadt Karlsruhe,752,Erbprinzenstraße,100004165,Y2H16070301,8.4027153,49.0072864,(UTC+01:00) Europe/Paris DST,2013-08-27T17:00:00+02:00,237,266,na,503,18.0,0.8,na
Eco Counter GmbH,Stadt Karlsruhe,752,Erbprinzenstraße,100004165,Y2H16070301,8.4027153,49.0072864,(UTC+01:00) Europe/Paris DST,2013-08-27T18:00:00+02:00,208,278,na,486,18.0,0.1,na
Eco Counter GmbH,Stadt Karlsruhe,752,Erbprinzenstraße,100004165,Y2H16070301,8.4027153,49.0072864,(UTC+01:00) Europe/Paris DST,2013-08-27T19:00:00+02:00,144,218,na,362,17.0,0.0,na
Eco Counter GmbH,Stadt Karlsruhe,752,Erbprinzenstraße,100004165,Y2H16070301,8.4027153,49.0072864,(UTC+01:00) Europe/Paris DST,2013-08-27T20:00:00+02:00,90,136,na,226,16.0,0.0,na
Eco Counter GmbH,Stadt Karlsruhe,752,Erbprinzenstraße,100004165,Y2H16070301,8.4027153,49.0072864,(UTC+01:00) Europe/Paris DST,2013-08-27T21:00:00+02:00,58,76,na,134,15.0,0.0,na
Eco Counter GmbH,Stadt Karlsruhe,752,Erbprinzenstraße,100004165,Y2H16070301,8.4027153,49.0072864,(UTC+01:00) Europe/Paris DST,2013-08-27T22:00:00+02:00,52,60,na,112,14.0,0.0,na
Eco Counter GmbH,Stadt Karlsruhe,752,Erbprinzenstraße,100004165,Y2H16070301,8.4027153,49.0072864,(UTC+01:00) Europe/Paris DST,2013-08-27T23:00:00+02:00,46,47,na,93,14.0,0.0,na
Eco Counter GmbH,Stadt Karlsruhe,752,Erbprinzenstraße,100004165,Y2H16070301,8.4027153,49.0072864,(UTC+01:00) Europe/Paris DST,2013-08-28T00:00:00+02:00,16,24,na,40,14.0,0.0,na
Eco Counter GmbH,Stadt Karlsruhe,752,Erbprinzenstraße,100004165,Y2H16070301,8.4027153,49.0072864,(UTC+01:00) Europe/Paris DST,2013-08-28T01:00:00+02:00,22,25,na,47,14.0,0.0,na
Eco Counter GmbH,Stadt Karlsruhe,752,Erbprinzenstraße,100004165,Y2H16070301,8.4027153,49.0072864,(UTC+01:00) Europe/Paris DST,2013-08-28T02:00:00+02:00,6,4,na,10,14.0,0.0,na
Eco Counter GmbH,Stadt Karlsruhe,752,Erbprinzenstraße,100004165,Y2H16070301,8.4027153,49.0072864,(UTC+01:00) Europe/Paris DST,2013-08-28T03:00:00+02:00,3,9,na,12,14.0,0.0,na
Eco Counter GmbH,Stadt Karlsruhe,752,Erbprinzenstraße,100004165,Y2H16070301,8.4027153,49.0072864,(UTC+01:00) Europe/Paris DST,2013-08-28T04:00:00+02:00,2,2,na,4,14.0,0.0,na
Eco Counter GmbH,Stadt Karlsruhe,752,Erbprinzenstraße,100004165,Y2H16070301,8.4027153,49.0072864,(UTC+01:00) Europe/Paris DST,2013-08-28T05:00:00+02:00,8,11,na,19,15.0,0.0,na
Eco Counter GmbH,Stadt Karlsruhe,752,Erbprinzenstraße,100004165,Y2H16070301,8.4027153,49.0072864,(UTC+01:00) Europe/Paris DST,2013-08-28T06:00:00+02:00,33,47,na,80,16.0,0.0,na
Eco Counter GmbH,Stadt Karlsruhe,752,Erbprinzenstraße,100004165,Y2H16070301,8.4027153,49.0072864,(UTC+01:00) Europe/Paris DST,2013-08-28T07:00:00+02:00,44,131,na,175,16.0,0.0,na
Eco Counter GmbH,Stadt Karlsruhe,752,Erbprinzenstraße,100004165,Y2H16070301,8.4027153,49.0072864,(UTC+01:00) Europe/Paris DST,2013-08-28T08:00:00+02:00,66,235,na,301,18.0,0.0,na
Eco Counter GmbH,Stadt Karlsruhe,752,Erbprinzenstraße,100004165,Y2H16070301,8.4027153,49.0072864,(UTC+01:00) Europe/Paris DST,2013-08-28T09:00:00+02:00,162,141,na,303,19.0,0.0,na
Eco Counter GmbH,Stadt Karlsruhe,752,Erbprinzenstraße,100004165,Y2H16070301,8.4027153,49.0072864,(UTC+01:00) Europe/Paris DST,2013-08-28T10:00:00+02:00,170,88,na,258,20.0,0.0,na
Eco Counter GmbH,Stadt Karlsruhe,752,Erbprinzenstraße,100004165,Y2H16070301,8.4027153,49.0072864,(UTC+01:00) Europe/Paris DST,2013-08-28T11:00:00+02:00,136,142,na,278,21.0,0.0,na
Eco Counter GmbH,Stadt Karlsruhe,752,Erbprinzenstraße,100004165,Y2H16070301,8.4027153,49.0072864,(UTC+01:00) Europe/Paris DST,2013-08-28T12:00:00+02:00,217,180,na,397,22.0,0.0,na
Eco Counter GmbH,Stadt Karlsruhe,752,Erbprinzenstraße,100004165,Y2H16070301,8.4027153,49.0072864,(UTC+01:00) Europe/Paris DST,2013-08-28T13:00:00+02:00,118,217,na,335,22.0,0.0,na
Eco Counter GmbH,Stadt Karlsruhe,752,Erbprinzenstraße,100004165,Y2H16070301,8.4027153,49.0072864,(UTC+01:00) Europe/Paris DST,2013-08-28T14:00:00+02:00,170,184,na,354,23.0,0.0,na
Eco Counter GmbH,Stadt Karlsruhe,752,Erbprinzenstraße,100004165,Y2H16070301,8.4027153,49.0072864,(UTC+01:00) Europe/Paris DST,2013-08-28T15:00:00+02:00,219,183,na,402,21.0,0.0,na
Eco Counter GmbH,Stadt Karlsruhe,752,Erbprinzenstraße,100004165,Y2H16070301,8.4027153,49.0072864,(UTC+01:00) Europe/Paris DST,2013-08-28T16:00:00+02:00,218,201,na,419,20.0,0.0,na
Eco Counter GmbH,Stadt Karlsruhe,752,Erbprinzenstraße,100004165,Y2H16070301,8.4027153,49.0072864,(UTC+01:00) Europe/Paris DST,2013-08-28T17:00:00+02:00,258,226,na,484,20.0,0.0,na
Eco Counter GmbH,Stadt Karlsruhe,752,Erbprinzenstraße,100004165,Y2H16070301,8.4027153,49.0072864,(UTC+01:00) Europe/Paris DST,2013-08-28T18:00:00+02:00,267,239,na,506,19.0,0.0,na
Eco Counter GmbH,Stadt Karlsruhe,752,Erbprinzenstraße,100004165,Y2H16070301,8.4027153,49.0072864,(UTC+01:00) Europe/Paris DST,2013-08-28T19:00:00+02:00,156,225,na,381,18.0,0.0,na
Eco Counter GmbH,Stadt Karlsruhe,752,Erbprinzenstraße,100004165,Y2H16070301,8.4027153,49.0072864,(UTC+01:00) Europe/Paris DST,2013-08-28T20:00:00+02:00,123,159,na,282,17.0,0.0,na
Eco Counter GmbH,Stadt Karlsruhe,752,Erbprinzenstraße,100004165,Y2H16070301,8.4027153,49.0072864,(UTC+01:00) Europe/Paris DST,2013-08-28T21:00:00+02:00,65,106,na,171,16.0,0.0,na
Eco Counter GmbH,Stadt Karlsruhe,752,Erbprinzenstraße,100004165,Y2H16070301,8.4027153,49.0072864,(UTC+01:00) Europe/Paris DST,2013-08-28T22:00:00+02:00,54,92,na,146,16.0,0.0,na
Eco Counter GmbH,Stadt Karlsruhe,752,Erbprinzenstraße,100004165,Y2H16070301,8.4027153,49.0072864,(UTC+01:00) Europe/Paris DST,2013-08-28T23:00:00+02:00,61,52,na,113,15.0,0.0,na
Eco Counter GmbH,Stadt Karlsruhe,752,Erbprinzenstraße,100004165,Y2H16070301,8.4027153,49.0072864,(UTC+01:00) Europe/Paris DST,2013-08-29T00:00:00+02:00,37,33,na,70,15.0,0.0,na
Eco Counter GmbH,Stadt Karlsruhe,752,Erbprinzenstraße,100004165,Y2H16070301,8.4027153,49.0072864,(UTC+01:00) Europe/Paris DST,2013-08-29T01:00:00+02:00,20,29,na,49,15.0,0.0,na
Eco Counter GmbH,Stadt Karlsruhe,752,Erbprinzenstraße,100004165,Y2H16070301,8.4027153,49.0072864,(UTC+01:00) Europe/Paris DST,2013-08-29T02:00:00+02:00,9,13,na,22,14.0,0.0,na
Eco Counter GmbH,Stadt Karlsruhe,752,Erbprinzenstraße,100004165,Y2H16070301,8.4027153,49.0072864,(UTC+01:00) Europe/Paris DST,2013-08-29T03:00:00+02:00,13,14,na,27,14.0,0.0,na
Eco Counter GmbH,Stadt Karlsruhe,752,Erbprinzenstraße,100004165,Y2H16070301,8.4027153,49.0072864,(UTC+01:00) Europe/Paris DST,2013-08-29T04:00:00+02:00,13,15,na,28,14.0,0.0,na
Eco Counter GmbH,Stadt Karlsruhe,752,Erbprinzenstraße,100004165,Y2H16070301,8.4027153,49.0072864,(UTC+01:00) Europe/Paris DST,2013-08-29T05:00:00+02:00,12,9,na,21,14.0,0.0,na
Eco Counter GmbH,Stadt Karlsruhe,752,Erbprinzenstraße,100004165,Y2H16070301,8.4027153,49.0072864,(UTC+01:00) Europe/Paris DST,2013-08-29T06:00:00+02:00,22,37,na,59,15.0,0.0,na
Eco Counter GmbH,Stadt Karlsruhe,752,Erbprinzenstraße,100004165,Y2H16070301,8.4027153,49.0072864,(UTC+01:00) Europe/Paris DST,2013-08-29T07:00:00+02:00,79,86,na,165,16.0,0.0,na
Eco Counter GmbH,Stadt Karlsruhe,752,Erbprinzenstraße,100004165,Y2H16070301,8.4027153,49.0072864,(UTC+01:00) Europe/Paris DST,2013-08-29T08:00:00+02:00,159,187,na,346,18.0,0.0,na
Eco Counter GmbH,Stadt Karlsruhe,752,Erbprinzenstraße,100004165,Y2H16070301,8.4027153,49.0072864,(UTC+01:00) Europe/Paris DST,2013-08-29T09:00:00+02:00,147,197,na,344,20.0,0.0,na
Eco Counter GmbH,Stadt Karlsruhe,752,Erbprinzenstraße,100004165,Y2H16070301,8.4027153,49.0072864,(UTC+01:00) Europe/Paris DST,2013-08-29T10:00:00+02:00,125,173,na,298,22.0,0.0,na
Eco Counter GmbH,Stadt Karlsruhe,752,Erbprinzenstraße,100004165,Y2H16070301,8.4027153,49.0072864,(UTC+01:00) Europe/Paris DST,2013-08-29T11:00:00+02:00,161,178,na,339,22.0,0.0,na
Eco Counter GmbH,Stadt Karlsruhe,752,Erbprinzenstraße,100004165,Y2H16070301,8.4027153,49.0072864,(UTC+01:00) Europe/Paris DST,2013-08-29T12:00:00+02:00,172,253,na,425,23.0,0.0,na
Eco Counter GmbH,Stadt Karlsruhe,752,Erbprinzenstraße,100004165,Y2H16070301,8.4027153,49.0072864,(UTC+01:00) Europe/Paris DST,2013-08-29T13:00:00+02:00,203,209,na,412,24.0,0.0,na
Eco Counter GmbH,Stadt Karlsruhe,752,Erbprinzenstraße,100004165,Y2H16070301,8.4027153,49.0072864,(UTC+01:00) Europe/Paris DST,2013-08-29T14:00:00+02:00,174,210,na,384,24.0,0.0,na
Eco Counter GmbH,Stadt Karlsruhe,752,Erbprinzenstraße,100004165,Y2H16070301,8.4027153,49.0072864,(UTC+01:00) Europe/Paris DST,2013-08-29T15:00:00+02:00,170,229,na,399,23.0,0.0,na
Eco Counter GmbH,Stadt Karlsruhe,752,Erbprinzenstraße,100004165,Y2H16070301,8.4027153,49.0072864,(UTC+01:00) Europe/Paris DST,2013-08-29T16:00:00+02:00,235,248,na,483,22.0,0.0,na
Eco Counter GmbH,Stadt Karlsruhe,752,Erbprinzenstraße,100004165,Y2H16070301,8.4027153,49.0072864,(UTC+01:00) Europe/Paris DST,2013-08-29T17:00:00+02:00,278,290,na,568,21.0,0.0,na
Eco Counter GmbH,Stadt Karlsruhe,752,Erbprinzenstraße,100004165,Y2H16070301,8.4027153,49.0072864,(UTC+01:00) Europe/Paris DST,2013-08-29T18:00:00+02:00,229,343,na,572,20.0,0.0,na
Eco Counter GmbH,Stadt Karlsruhe,752,Erbprinzenstraße,100004165,Y2H16070301,8.4027153,49.0072864,(UTC+01:00) Europe/Paris DST,2013-08-29T19:00:00+02:00,175,226,na,401,19.0,0.0,na
Eco Counter GmbH,Stadt Karlsruhe,752,Erbprinzenstraße,100004165,Y2H16070301,8.4027153,49.0072864,(UTC+01:00) Europe/Paris DST,2013-08-29T20:00:00+02:00,104,191,na,295,18.0,0.0,na
Eco Counter GmbH,Stadt Karlsruhe,752,Erbprinzenstraße,100004165,Y2H16070301,8.4027153,49.0072864,(UTC+01:00) Europe/Paris DST,2013-08-29T21:00:00+02:00,70,131,na,201,17.0,0.0,na
Eco Counter GmbH,Stadt Karlsruhe,752,Erbprinzenstraße,100004165,Y2H16070301,8.4027153,49.0072864,(UTC+01:00) Europe/Paris DST,2013-08-29T22:00:00+02:00,84,89,na,173,17.0,0.0,na
Eco Counter GmbH,Stadt Karlsruhe,752,Erbprinzenstraße,100004165,Y2H16070301,8.4027153,49.0072864,(UTC+01:00) Europe/Paris DST,2013-08-29T23:00:00+02:00,59,56,na,115,17.0,0.0,na
Eco Counter GmbH,Stadt Karlsruhe,752,Erbprinzenstraße,100004165,Y2H16070301,8.4027153,49.0072864,(UTC+01:00) Europe/Paris DST,2013-08-30T00:00:00+02:00,30,36,na,66,16.0,0.0,na
Eco Counter GmbH,Stadt Karlsruhe,752,Erbprinzenstraße,100004165,Y2H16070301,8.4027153,49.0072864,(UTC+01:00) Europe/Paris DST,2013-08-30T01:00:00+02:00,21,17,na,38,16.0,0.0,na
Eco Counter GmbH,Stadt Karlsruhe,752,Erbprinzenstraße,100004165,Y2H16070301,8.4027153,49.0072864,(UTC+01:00) Europe/Paris DST,2013-08-30T02:00:00+02:00,22,11,na,33,15.0,0.0,na
Eco Counter GmbH,Stadt Karlsruhe,752,Erbprinzenstraße,100004165,Y2H16070301,8.4027153,49.0072864,(UTC+01:00) Europe/Paris DST,2013-08-30T03:00:00+02:00,3,5,na,8,14.0,0.0,na
Eco Counter GmbH,Stadt Karlsruhe,752,Erbprinzenstraße,100004165,Y2H16070301,8.4027153,49.0072864,(UTC+01:00) Europe/Paris DST,2013-08-30T04:00:00+02:00,5,14,na,19,14.0,0.0,na
Eco Counter GmbH,Stadt Karlsruhe,752,Erbprinzenstraße,100004165,Y2H16070301,8.4027153,49.0072864,(UTC+01:00) Europe/Paris DST,2013-08-30T05:00:00+02:00,8,17,na,25,15.0,0.0,na
Eco Counter GmbH,Stadt Karlsruhe,752,Erbprinzenstraße,100004165,Y2H16070301,8.4027153,49.0072864,(UTC+01:00) Europe/Paris DST,2013-08-30T06:00:00+02:00,31,50,na,81,16.0,0.0,na
Eco Counter GmbH,Stadt Karlsruhe,752,Erbprinzenstraße,100004165,Y2H16070301,8.4027153,49.0072864,(UTC+01:00) Europe/Paris DST,2013-08-30T07:00:00+02:00,87,78,na,165,17.0,0.0,na
Eco Counter GmbH,Stadt Karlsruhe,752,Erbprinzenstraße,100004165,Y2H16070301,8.4027153,49.0072864,(UTC+01:00) Europe/Paris DST,2013-08-30T08:00:00+02:00,144,193,na,337,19.0,0.0,na
Eco Counter GmbH,Stadt Karlsruhe,752,Erbprinzenstraße,100004165,Y2H16070301,8.4027153,49.0072864,(UTC+01:00) Europe/Paris DST,2013-08-30T09:00:00+02:00,143,130,na,273,21.0,0.0,na
Eco Counter GmbH,Stadt Karlsruhe,752,Erbprinzenstraße,100004165,Y2H16070301,8.4027153,49.0072864,(UTC+01:00) Europe/Paris DST,2013-08-30T10:00:00+02:00,169,176,na,345,23.0,0.0,na
Eco Counter GmbH,Stadt Karlsruhe,752,Erbprinzenstraße,100004165,Y2H16070301,8.4027153,49.0072864,(UTC+01:00) Europe/Paris DST,2013-08-30T11:00:00+02:00,172,206,na,378,24.0,0.0,na
Eco Counter GmbH,Stadt Karlsruhe,752,Erbprinzenstraße,100004165,Y2H16070301,8.4027153,49.0072864,(UTC+01:00) Europe/Paris DST,2013-08-30T12:00:00+02:00,217,247,na,464,25.0,0.0,na
Eco Counter GmbH,Stadt Karlsruhe,752,Erbprinzenstraße,100004165,Y2H16070301,8.4027153,49.0072864,(UTC+01:00) Europe/Paris DST,2013-08-30T13:00:00+02:00,184,255,na,439,26.0,0.0,na
Eco Counter GmbH,Stadt Karlsruhe,752,Erbprinzenstraße,100004165,Y2H16070301,8.4027153,49.0072864,(UTC+01:00) Europe/Paris DST,2013-08-30T14:00:00+02:00,155,243,na,398,26.0,0.0,na
Eco Counter GmbH,Stadt Karlsruhe,752,Erbprinzenstraße,100004165,Y2H16070301,8.4027153,49.0072864,(UTC+01:00) Europe/Paris DST,2013-08-30T15:00:00+02:00,218,241,na,459,24.0,0.0,na
Eco Counter GmbH,Stadt Karlsruhe,752,Erbprinzenstraße,100004165,Y2H16070301,8.4027153,49.0072864,(UTC+01:00) Europe/Paris DST,2013-08-30T16:00:00+02:00,200,260,na,460,24.0,0.0,na
Eco Counter GmbH,Stadt Karlsruhe,752,Erbprinzenstraße,100004165,Y2H16070301,8.4027153,49.0072864,(UTC+01:00) Europe/Paris DST,2013-08-30T17:00:00+02:00,213,280,na,493,23.0,0.0,na
Eco Counter GmbH,Stadt Karlsruhe,752,Erbprinzenstraße,100004165,Y2H16070301,8.4027153,49.0072864,(UTC+01:00) Europe/Paris DST,2013-08-30T18:00:00+02:00,184,256,na,440,22.0,0.0,na
Eco Counter GmbH,Stadt Karlsruhe,752,Erbprinzenstraße,100004165,Y2H16070301,8.4027153,49.0072864,(UTC+01:00) Europe/Paris DST,2013-08-30T19:00:00+02:00,155,216,na,371,22.0,0.0,na
Eco Counter GmbH,Stadt Karlsruhe,752,Erbprinzenstraße,100004165,Y2H16070301,8.4027153,49.0072864,(UTC+01:00) Europe/Paris DST,2013-08-30T20:00:00+02:00,101,182,na,283,20.0,0.0,na
Eco Counter GmbH,Stadt Karlsruhe,752,Erbprinzenstraße,100004165,Y2H16070301,8.4027153,49.0072864,(UTC+01:00) Europe/Paris DST,2013-08-30T21:00:00+02:00,78,79,na,157,18.0,0.0,na
Eco Counter GmbH,Stadt Karlsruhe,752,Erbprinzenstraße,100004165,Y2H16070301,8.4027153,49.0072864,(UTC+01:00) Europe/Paris DST,2013-08-30T22:00:00+02:00,45,63,na,108,17.0,0.0,na
Eco Counter GmbH,Stadt Karlsruhe,752,Erbprinzenstraße,100004165,Y2H16070301,8.4027153,49.0072864,(UTC+01:00) Europe/Paris DST,2013-08-30T23:00:00+02:00,69,43,na,112,16.0,0.1,na
Eco Counter GmbH,Stadt Karlsruhe,752,Erbprinzenstraße,100004165,Y2H16070301,8.4027153,49.0072864,(UTC+01:00) Europe/Paris DST,2013-08-31T00:00:00+02:00,39,34,na,73,16.0,0.0,na
Eco Counter GmbH,Stadt Karlsruhe,752,Erbprinzenstraße,100004165,Y2H16070301,8.4027153,49.0072864,(UTC+01:00) Europe/Paris DST,2013-08-31T01:00:00+02:00,24,42,na,66,15.0,0.0,na
Eco Counter GmbH,Stadt Karlsruhe,752,Erbprinzenstraße,100004165,Y2H16070301,8.4027153,49.0072864,(UTC+01:00) Europe/Paris DST,2013-08-31T02:00:00+02:00,16,19,na,35,15.0,0.0,na
Eco Counter GmbH,Stadt Karlsruhe,752,Erbprinzenstraße,100004165,Y2H16070301,8.4027153,49.0072864,(UTC+01:00) Europe/Paris DST,2013-08-31T03:00:00+02:00,18,30,na,48,14.0,0.0,na
Eco Counter GmbH,Stadt Karlsruhe,752,Erbprinzenstraße,100004165,Y2H16070301,8.4027153,49.0072864,(UTC+01:00) Europe/Paris DST,2013-08-31T04:00:00+02:00,11,22,na,33,14.0,0.0,na
Eco Counter GmbH,Stadt Karlsruhe,752,Erbprinzenstraße,100004165,Y2H16070301,8.4027153,49.0072864,(UTC+01:00) Europe/Paris DST,2013-08-31T05:00:00+02:00,11,13,na,24,14.0,0.0,na
Eco Counter GmbH,Stadt Karlsruhe,752,Erbprinzenstraße,100004165,Y2H16070301,8.4027153,49.0072864,(UTC+01:00) Europe/Paris DST,2013-08-31T06:00:00+02:00,26,26,na,52,16.0,0.0,na
Eco Counter GmbH,Stadt Karlsruhe,752,Erbprinzenstraße,100004165,Y2H16070301,8.4027153,49.0072864,(UTC+01:00) Europe/Paris DST,2013-08-31T07:00:00+02:00,15,24,na,39,17.0,0.0,na
Eco Counter GmbH,Stadt Karlsruhe,752,Erbprinzenstraße,100004165,Y2H16070301,8.4027153,49.0072864,(UTC+01:00) Europe/Paris DST,2013-08-31T08:00:00+02:00,37,35,na,72,19.0,0.0,na
Eco Counter GmbH,Stadt Karlsruhe,752,Erbprinzenstraße,100004165,Y2H16070301,8.4027153,49.0072864,(UTC+01:00) Europe/Paris DST,2013-08-31T09:00:00+02:00,82,66,na,148,20.0,0.0,na
Eco Counter GmbH,Stadt Karlsruhe,752,Erbprinzenstraße,100004165,Y2H16070301,8.4027153,49.0072864,(UTC+01:00) Europe/Paris DST,2013-08-31T10:00:00+02:00,143,112,na,255,21.0,0.0,na
Eco Counter GmbH,Stadt Karlsruhe,752,Erbprinzenstraße,100004165,Y2H16070301,8.4027153,49.0072864,(UTC+01:00) Europe/Paris DST,2013-08-31T11:00:00+02:00,148,141,na,289,22.0,0.0,na
Eco Counter GmbH,Stadt Karlsruhe,752,Erbprinzenstraße,100004165,Y2H16070301,8.4027153,49.0072864,(UTC+01:00) Europe/Paris DST,2013-08-31T12:00:00+02:00,154,181,na,335,22.0,0.0,na
Eco Counter GmbH,Stadt Karlsruhe,752,Erbprinzenstraße,100004165,Y2H16070301,8.4027153,49.0072864,(UTC+01:00) Europe/Paris DST,2013-08-31T13:00:00+02:00,206,207,na,413,21.0,0.0,na
Eco Counter GmbH,Stadt Karlsruhe,752,Erbprinzenstraße,100004165,Y2H16070301,8.4027153,49.0072864,(UTC+01:00) Europe/Paris DST,2013-08-31T14:00:00+02:00,136,240,na,376,21.0,0.0,na
Eco Counter GmbH,Stadt Karlsruhe,752,Erbprinzenstraße,100004165,Y2H16070301,8.4027153,49.0072864,(UTC+01:00) Europe/Paris DST,2013-08-31T15:00:00+02:00,171,232,na,403,20.0,0.1,na
Eco Counter GmbH,Stadt Karlsruhe,752,Erbprinzenstraße,100004165,Y2H16070301,8.4027153,49.0072864,(UTC+01:00) Europe/Paris DST,2013-08-31T16:00:00+02:00,133,169,na,302,19.0,1.2,na
Eco Counter GmbH,Stadt Karlsruhe,752,Erbprinzenstraße,100004165,Y2H16070301,8.4027153,49.0072864,(UTC+01:00) Europe/Paris DST,2013-08-31T17:00:00+02:00,95,139,na,234,19.0,0.0,na
Eco Counter GmbH,Stadt Karlsruhe,752,Erbprinzenstraße,100004165,Y2H16070301,8.4027153,49.0072864,(UTC+01:00) Europe/Paris DST,2013-08-31T18:00:00+02:00,84,185,na,269,18.0,0.0,na
Eco Counter GmbH,Stadt Karlsruhe,752,Erbprinzenstraße,100004165,Y2H16070301,8.4027153,49.0072864,(UTC+01:00) Europe/Paris DST,2013-08-31T19:00:00+02:00,74,129,na,203,17.0,0.0,na
Eco Counter GmbH,Stadt Karlsruhe,752,Erbprinzenstraße,100004165,Y2H16070301,8.4027153,49.0072864,(UTC+01:00) Europe/Paris DST,2013-08-31T20:00:00+02:00,67,135,na,202,17.0,0.1,na
Eco Counter GmbH,Stadt Karlsruhe,752,Erbprinzenstraße,100004165,Y2H16070301,8.4027153,49.0072864,(UTC+01:00) Europe/Paris DST,2013-08-31T21:00:00+02:00,34,63,na,97,16.0,0.0,na
Eco Counter GmbH,Stadt Karlsruhe,752,Erbprinzenstraße,100004165,Y2H16070301,8.4027153,49.0072864,(UTC+01:00) Europe/Paris DST,2013-08-31T22:00:00+02:00,40,65,na,105,16.0,0.0,na
Eco Counter GmbH,Stadt Freiburg,751,Wiwilibrücke,100004595,YTH23035971,7.8407526,47.995213,(UTC+01:00) Europe/Paris DST,2013-08-01T00:00:00+02:00,na,na,209,209,na,na,na
Eco Counter GmbH,Stadt Freiburg,751,Wiwilibrücke,100004595,YTH23035971,7.8407526,47.995213,(UTC+01:00) Europe/Paris DST,2013-08-01T01:00:00+02:00,na,na,102,102,na,na,na
Eco Counter GmbH,Stadt Freiburg,751,Wiwilibrücke,100004595,YTH23035971,7.8407526,47.995213,(UTC+01:00) Europe/Paris DST,2013-08-01T02:00:00+02:00,na,na,44,44,na,na,na
Eco Counter GmbH,Stadt Freiburg,751,Wiwilibrücke,100004595,YTH23035971,7.8407526,47.995213,(UTC+01:00) Europe/Paris DST,2013-08-01T03:00:00+02:00,na,na,30,30,na,na,na
Eco Counter GmbH,Stadt Freiburg,751,Wiwilibrücke,100004595,YTH23035971,7.8407526,47.995213,(UTC+01:00) Europe/Paris DST,2013-08-01T04:00:00+02:00,na,na,14,14,na,na,na
Eco Counter GmbH,Stadt Freiburg,751,Wiwilibrücke,100004595,YTH23035971,7.8407526,47.995213,(UTC+01:00) Europe/Paris DST,2013-08-01T05:00:00+02:00,na,na,20,20,na,na,na
Eco Counter GmbH,Stadt Freiburg,751,Wiwilibrücke,100004595,YTH23035971,7.8407526,47.995213,(UTC+01:00) Europe/Paris DST,2013-08-01T06:00:00+02:00,na,na,103,103,na,na,na
Eco Counter GmbH,Stadt Freiburg,751,Wiwilibrücke,100004595,YTH23035971,7.8407526,47.995213,(UTC+01:00) Europe/Paris DST,2013-08-01T07:00:00+02:00,na,na,373,373,na,na,na
Eco Counter GmbH,Stadt Freiburg,751,Wiwilibrücke,100004595,YTH23035971,7.8407526,47.995213,(UTC+01:00) Europe/Paris DST,2013-08-01T08:00:00+02:00,na,na,636,636,na,na,na
Eco Counter GmbH,Stadt Freiburg,751,Wiwilibrücke,100004595,YTH23035971,7.8407526,47.995213,(UTC+01:00) Europe/Paris DST,2013-08-01T09:00:00+02:00,na,na,573,573,na,na,na
Eco Counter GmbH,Stadt Freiburg,751,Wiwilibrücke,100004595,YTH23035971,7.8407526,47.995213,(UTC+01:00) Europe/Paris DST,2013-08-01T10:00:00+02:00,na,na,443,443,na,na,na
Eco Counter GmbH,Stadt Freiburg,751,Wiwilibrücke,100004595,YTH23035971,7.8407526,47.995213,(UTC+01:00) Europe/Paris DST,2013-08-01T11:00:00+02:00,na,na,463,463,na,na,na
Eco Counter GmbH,Stadt Freiburg,751,Wiwilibrücke,100004595,YTH23035971,7.8407526,47.995213,(UTC+01:00) Europe/Paris DST,2013-08-01T12:00:00+02:00,na,na,558,558,na,na,na
Eco Counter GmbH,Stadt Freiburg,751,Wiwilibrücke,100004595,YTH23035971,7.8407526,47.995213,(UTC+01:00) Europe/Paris DST,2013-08-01T13:00:00+02:00,na,na,595,595,na,na,na
Eco Counter GmbH,Stadt Freiburg,751,Wiwilibrücke,100004595,YTH23035971,7.8407526,47.995213,(UTC+01:00) Europe/Paris DST,2013-08-01T14:00:00+02:00,na,na,570,570,na,na,na
Eco Counter GmbH,Stadt Freiburg,751,Wiwilibrücke,100004595,YTH23035971,7.8407526,47.995213,(UTC+01:00) Europe/Paris DST,2013-08-01T15:00:00+02:00,na,na,525,525,na,na,na
Eco Counter GmbH,Stadt Freiburg,751,Wiwilibrücke,100004595,YTH23035971,7.8407526,47.995213,(UTC+01:00) Europe/Paris DST,2013-08-01T16:00:00+02:00,na,na,633,633,na,na,na
Eco Counter GmbH,Stadt Freiburg,751,Wiwilibrücke,100004595,YTH23035971,7.8407526,47.995213,(UTC+01:00) Europe/Paris DST,2013-08-01T17:00:00+02:00,na,na,764,764,na,na,na
Eco Counter GmbH,Stadt Freiburg,751,Wiwilibrücke,100004595,YTH23035971,7.8407526,47.995213,(UTC+01:00) Europe/Paris DST,2013-08-01T18:00:00+02:00,na,na,697,697,na,na,na
Eco Counter GmbH,Stadt Freiburg,751,Wiwilibrücke,100004595,YTH23035971,7.8407526,47.995213,(UTC+01:00) Europe/Paris DST,2013-08-01T19:00:00+02:00,na,na,599,599,na,na,na
Eco Counter GmbH,Stadt Freiburg,751,Wiwilibrücke,100004595,YTH23035971,7.8407526,47.995213,(UTC+01:00) Europe/Paris DST,2013-08-01T20:00:00+02:00,na,na,500,500,na,na,na
Eco Counter GmbH,Stadt Freiburg,751,Wiwilibrücke,100004595,YTH23035971,7.8407526,47.995213,(UTC+01:00) Europe/Paris DST,2013-08-01T21:00:00+02:00,na,na,339,339,na,na,na
Eco Counter GmbH,Stadt Freiburg,751,Wiwilibrücke,100004595,YTH23035971,7.8407526,47.995213,(UTC+01:00) Europe/Paris DST,2013-08-01T22:00:00+02:00,na,na,352,352,na,na,na
Eco Counter GmbH,Stadt Freiburg,751,Wiwilibrücke,100004595,YTH23035971,7.8407526,47.995213,(UTC+01:00) Europe/Paris DST,2013-08-01T23:00:00+02:00,na,na,294,294,na,na,na
Eco Counter GmbH,Stadt Freiburg,751,Wiwilibrücke,100004595,YTH23035971,7.8407526,47.995213,(UTC+01:00) Europe/Paris DST,2013-08-02T00:00:00+02:00,na,na,213,213,na,na,na
Eco Counter GmbH,Stadt Freiburg,751,Wiwilibrücke,100004595,YTH23035971,7.8407526,47.995213,(UTC+01:00) Europe/Paris DST,2013-08-02T01:00:00+02:00,na,na,115,115,na,na,na
Eco Counter GmbH,Stadt Freiburg,751,Wiwilibrücke,100004595,YTH23035971,7.8407526,47.995213,(UTC+01:00) Europe/Paris DST,2013-08-02T02:00:00+02:00,na,na,40,40,na,na,na
Eco Counter GmbH,Stadt Freiburg,751,Wiwilibrücke,100004595,YTH23035971,7.8407526,47.995213,(UTC+01:00) Europe/Paris DST,2013-08-02T03:00:00+02:00,na,na,29,29,na,na,na
Eco Counter GmbH,Stadt Freiburg,751,Wiwilibrücke,100004595,YTH23035971,7.8407526,47.995213,(UTC+01:00) Europe/Paris DST,2013-08-02T04:00:00+02:00,na,na,18,18,na,na,na
Eco Counter GmbH,Stadt Freiburg,751,Wiwilibrücke,100004595,YTH23035971,7.8407526,47.995213,(UTC+01:00) Europe/Paris DST,2013-08-02T05:00:00+02:00,na,na,24,24,na,na,na
Eco Counter GmbH,Stadt Freiburg,751,Wiwilibrücke,100004595,YTH23035971,7.8407526,47.995213,(UTC+01:00) Europe/Paris DST,2013-08-02T06:00:00+02:00,na,na,93,93,na,na,na
Eco Counter GmbH,Stadt Freiburg,751,Wiwilibrücke,100004595,YTH23035971,7.8407526,47.995213,(UTC+01:00) Europe/Paris DST,2013-08-02T07:00:00+02:00,na,na,347,347,na,na,na
Eco Counter GmbH,Stadt Freiburg,751,Wiwilibrücke,100004595,YTH23035971,7.8407526,47.995213,(UTC+01:00) Europe/Paris DST,2013-08-02T08:00:00+02:00,na,na,545,545,na,na,na
Eco Counter GmbH,Stadt Freiburg,751,Wiwilibrücke,100004595,YTH23035971,7.8407526,47.995213,(UTC+01:00) Europe/Paris DST,2013-08-02T09:00:00+02:00,na,na,566,566,na,na,na
Eco Counter GmbH,Stadt Freiburg,751,Wiwilibrücke,100004595,YTH23035971,7.8407526,47.995213,(UTC+01:00) Europe/Paris DST,2013-08-02T10:00:00+02:00,na,na,433,433,na,na,na
Eco Counter GmbH,Stadt Freiburg,751,Wiwilibrücke,100004595,YTH23035971,7.8407526,47.995213,(UTC+01:00) Europe/Paris DST,2013-08-02T11:00:00+02:00,na,na,473,473,na,na,na
Eco Counter GmbH,Stadt Freiburg,751,Wiwilibrücke,100004595,YTH23035971,7.8407526,47.995213,(UTC+01:00) Europe/Paris DST,2013-08-02T12:00:00+02:00,na,na,582,582,na,na,na
Eco Counter GmbH,Stadt Freiburg,751,Wiwilibrücke,100004595,YTH23035971,7.8407526,47.995213,(UTC+01:00) Europe/Paris DST,2013-08-02T13:00:00+02:00,na,na,535,535,na,na,na
Eco Counter GmbH,Stadt Freiburg,751,Wiwilibrücke,100004595,YTH23035971,7.8407526,47.995213,(UTC+01:00) Europe/Paris DST,2013-08-02T14:00:00+02:00,na,na,503,503,na,na,na
Eco Counter GmbH,Stadt Freiburg,751,Wiwilibrücke,100004595,YTH23035971,7.8407526,47.995213,(UTC+01:00) Europe/Paris DST,2013-08-02T15:00:00+02:00,na,na,513,513,na,na,na
Eco Counter GmbH,Stadt Freiburg,751,Wiwilibrücke,100004595,YTH23035971,7.8407526,47.995213,(UTC+01:00) Europe/Paris DST,2013-08-02T16:00:00+02:00,na,na,527,527,na,na,na
Eco Counter GmbH,Stadt Freiburg,751,Wiwilibrücke,100004595,YTH23035971,7.8407526,47.995213,(UTC+01:00) Europe/Paris DST,2013-08-02T17:00:00+02:00,na,na,578,578,na,na,na
Eco Counter GmbH,Stadt Freiburg,751,Wiwilibrücke,100004595,YTH23035971,7.8407526,47.995213,(UTC+01:00) Europe/Paris DST,2013-08-02T18:00:00+02:00,na,na,585,585,na,na,na
Eco Counter GmbH,Stadt Freiburg,751,Wiwilibrücke,100004595,YTH23035971,7.8407526,47.995213,(UTC+01:00) Europe/Paris DST,2013-08-02T19:00:00+02:00,na,na,540,540,na,na,na
Eco Counter GmbH,Stadt Freiburg,751,Wiwilibrücke,100004595,YTH23035971,7.8407526,47.995213,(UTC+01:00) Europe/Paris DST,2013-08-02T20:00:00+02:00,na,na,480,480,na,na,na
Eco Counter GmbH,Stadt Freiburg,751,Wiwilibrücke,100004595,YTH23035971,7.8407526,47.995213,(UTC+01:00) Europe/Paris DST,2013-08-02T21:00:00+02:00,na,na,341,341,na,na,na
Eco Counter GmbH,Stadt Freiburg,751,Wiwilibrücke,100004595,YTH23035971,7.8407526,47.995213,(UTC+01:00) Europe/Paris DST,2013-08-02T22:00:00+02:00,na,na,343,343,na,na,na
Eco Counter GmbH,Stadt Freiburg,751,Wiwilibrücke,100004595,YTH23035971,7.8407526,47.995213,(UTC+01:00) Europe/Paris DST,2013-08-02T23:00:00+02:00,na,na,344,344,na,na,na
Eco Counter GmbH,Stadt Freiburg,751,Wiwilibrücke,100004595,YTH23035971,7.8407526,47.995213,(UTC+01:00) Europe/Paris DST,2013-08-03T00:00:00+02:00,na,na,275,275,na,na,na
Eco Counter GmbH,Stadt Freiburg,751,Wiwilibrücke,100004595,YTH23035971,7.8407526,47.995213,(UTC+01:00) Europe/Paris DST,2013-08-03T01:00:00+02:00,na,na,204,204,na,na,na
Eco Counter GmbH,Stadt Freiburg,751,Wiwilibrücke,100004595,YTH23035971,7.8407526,47.995213,(UTC+01:00) Europe/Paris DST,2013-08-03T02:00:00+02:00,na,na,144,144,na,na,na
Eco Counter GmbH,Stadt Freiburg,751,Wiwilibrücke,100004595,YTH23035971,7.8407526,47.995213,(UTC+01:00) Europe/Paris DST,2013-08-03T03:00:00+02:00,na,na,93,93,na,na,na
Eco Counter GmbH,Stadt Freiburg,751,Wiwilibrücke,100004595,YTH23035971,7.8407526,47.995213,(UTC+01:00) Europe/Paris DST,2013-08-03T04:00:00+02:00,na,na,69,69,na,na,na
Eco Counter GmbH,Stadt Freiburg,751,Wiwilibrücke,100004595,YTH23035971,7.8407526,47.995213,(UTC+01:00) Europe/Paris DST,2013-08-03T05:00:00+02:00,na,na,55,55,na,na,na
Eco Counter GmbH,Stadt Freiburg,751,Wiwilibrücke,100004595,YTH23035971,7.8407526,47.995213,(UTC+01:00) Europe/Paris DST,2013-08-03T06:00:00+02:00,na,na,43,43,na,na,na
Eco Counter GmbH,Stadt Freiburg,751,Wiwilibrücke,100004595,YTH23035971,7.8407526,47.995213,(UTC+01:00) Europe/Paris DST,2013-08-03T07:00:00+02:00,na,na,65,65,na,na,na
Eco Counter GmbH,Stadt Freiburg,751,Wiwilibrücke,100004595,YTH23035971,7.8407526,47.995213,(UTC+01:00) Europe/Paris DST,2013-08-03T08:00:00+02:00,na,na,146,146,na,na,na
Eco Counter GmbH,Stadt Freiburg,751,Wiwilibrücke,100004595,YTH23035971,7.8407526,47.995213,(UTC+01:00) Europe/Paris DST,2013-08-03T09:00:00+02:00,na,na,269,269,na,na,na
Eco Counter GmbH,Stadt Freiburg,751,Wiwilibrücke,100004595,YTH23035971,7.8407526,47.995213,(UTC+01:00) Europe/Paris DST,2013-08-03T10:00:00+02:00,na,na,406,406,na,na,na
Eco Counter GmbH,Stadt Freiburg,751,Wiwilibrücke,100004595,YTH23035971,7.8407526,47.995213,(UTC+01:00) Europe/Paris DST,2013-08-03T11:00:00+02:00,na,na,510,510,na,na,na
Eco Counter GmbH,Stadt Freiburg,751,Wiwilibrücke,100004595,YTH23035971,7.8407526,47.995213,(UTC+01:00) Europe/Paris DST,2013-08-03T12:00:00+02:00,na,na,545,545,na,na,na
Eco Counter GmbH,Stadt Freiburg,751,Wiwilibrücke,100004595,YTH23035971,7.8407526,47.995213,(UTC+01:00) Europe/Paris DST,2013-08-03T13:00:00+02:00,na,na,537,537,na,na,na
Eco Counter GmbH,Stadt Freiburg,751,Wiwilibrücke,100004595,YTH23035971,7.8407526,47.995213,(UTC+01:00) Europe/Paris DST,2013-08-03T14:00:00+02:00,na,na,445,445,na,na,na
Eco Counter GmbH,Stadt Freiburg,751,Wiwilibrücke,100004595,YTH23035971,7.8407526,47.995213,(UTC+01:00) Europe/Paris DST,2013-08-03T15:00:00+02:00,na,na,409,409,na,na,na
Eco Counter GmbH,Stadt Freiburg,751,Wiwilibrücke,100004595,YTH23035971,7.8407526,47.995213,(UTC+01:00) Europe/Paris DST,2013-08-03T16:00:00+02:00,na,na,352,352,na,na,na
Eco Counter GmbH,Stadt Freiburg,751,Wiwilibrücke,100004595,YTH23035971,7.8407526,47.995213,(UTC+01:00) Europe/Paris DST,2013-08-03T17:00:00+02:00,na,na,337,337,na,na,na
Eco Counter GmbH,Stadt Freiburg,751,Wiwilibrücke,100004595,YTH23035971,7.8407526,47.995213,(UTC+01:00) Europe/Paris DST,2013-08-03T18:00:00+02:00,na,na,384,384,na,na,na
Eco Counter GmbH,Stadt Freiburg,751,Wiwilibrücke,100004595,YTH23035971,7.8407526,47.995213,(UTC+01:00) Europe/Paris DST,2013-08-03T19:00:00+02:00,na,na,429,429,na,na,na
Eco Counter GmbH,Stadt Freiburg,751,Wiwilibrücke,100004595,YTH23035971,7.8407526,47.995213,(UTC+01:00) Europe/Paris DST,2013-08-03T20:00:00+02:00,na,na,354,354,na,na,na
Eco Counter GmbH,Stadt Freiburg,751,Wiwilibrücke,100004595,YTH23035971,7.8407526,47.995213,(UTC+01:00) Europe/Paris DST,2013-08-03T21:00:00+02:00,na,na,322,322,na,na,na
Eco Counter GmbH,Stadt Freiburg,751,Wiwilibrücke,100004595,YTH23035971,7.8407526,47.995213,(UTC+01:00) Europe/Paris DST,2013-08-03T22:00:00+02:00,na,na,239,239,na,na,na
Eco Counter GmbH,Stadt Freiburg,751,Wiwilibrücke,100004595,YTH23035971,7.8407526,47.995213,(UTC+01:00) Europe/Paris DST,2013-08-03T23:00:00+02:00,na,na,275,275,na,na,na
Eco Counter GmbH,Stadt Freiburg,751,Wiwilibrücke,100004595,YTH23035971,7.8407526,47.995213,(UTC+01:00) Europe/Paris DST,2013-08-04T00:00:00+02:00,na,na,281,281,na,na,na
Eco Counter GmbH,Stadt Freiburg,751,Wiwilibrücke,100004595,YTH23035971,7.8407526,47.995213,(UTC+01:00) Europe/Paris DST,2013-08-04T01:00:00+02:00,na,na,151,151,na,na,na
Eco Counter GmbH,Stadt Freiburg,751,Wiwilibrücke,100004595,YTH23035971,7.8407526,47.995213,(UTC+01:00) Europe/Paris DST,2013-08-04T02:00:00+02:00,na,na,125,125,na,na,na
Eco Counter GmbH,Stadt Freiburg,751,Wiwilibrücke,100004595,YTH23035971,7.8407526,47.995213,(UTC+01:00) Europe/Paris DST,2013-08-04T03:00:00+02:00,na,na,77,77,na,na,na
Eco Counter GmbH,Stadt Freiburg,751,Wiwilibrücke,100004595,YTH23035971,7.8407526,47.995213,(UTC+01:00) Europe/Paris DST,2013-08-04T04:00:00+02:00,na,na,50,50,na,na,na
Eco Counter GmbH,Stadt Freiburg,751,Wiwilibrücke,100004595,YTH23035971,7.8407526,47.995213,(UTC+01:00) Europe/Paris DST,2013-08-04T05:00:00+02:00,na,na,58,58,na,na,na
Eco Counter GmbH,Stadt Freiburg,751,Wiwilibrücke,100004595,YTH23035971,7.8407526,47.995213,(UTC+01:00) Europe/Paris DST,2013-08-04T06:00:00+02:00,na,na,34,34,na,na,na
Eco Counter GmbH,Stadt Freiburg,751,Wiwilibrücke,100004595,YTH23035971,7.8407526,47.995213,(UTC+01:00) Europe/Paris DST,2013-08-04T07:00:00+02:00,na,na,45,45,na,na,na
Eco Counter GmbH,Stadt Freiburg,751,Wiwilibrücke,100004595,YTH23035971,7.8407526,47.995213,(UTC+01:00) Europe/Paris DST,2013-08-04T08:00:00+02:00,na,na,67,67,na,na,na
Eco Counter GmbH,Stadt Freiburg,751,Wiwilibrücke,100004595,YTH23035971,7.8407526,47.995213,(UTC+01:00) Europe/Paris DST,2013-08-04T09:00:00+02:00,na,na,136,136,na,na,na
Eco Counter GmbH,Stadt Freiburg,751,Wiwilibrücke,100004595,YTH23035971,7.8407526,47.995213,(UTC+01:00) Europe/Paris DST,2013-08-04T10:00:00+02:00,na,na,181,181,na,na,na
Eco Counter GmbH,Stadt Freiburg,751,Wiwilibrücke,100004595,YTH23035971,7.8407526,47.995213,(UTC+01:00) Europe/Paris DST,2013-08-04T11:00:00+02:00,na,na,82,82,na,na,na
Eco Counter GmbH,Stadt Freiburg,751,Wiwilibrücke,100004595,YTH23035971,7.8407526,47.995213,(UTC+01:00) Europe/Paris DST,2013-08-04T12:00:00+02:00,na,na,148,148,na,na,na
Eco Counter GmbH,Stadt Freiburg,751,Wiwilibrücke,100004595,YTH23035971,7.8407526,47.995213,(UTC+01:00) Europe/Paris DST,2013-08-04T13:00:00+02:00,na,na,185,185,na,na,na
Eco Counter GmbH,Stadt Freiburg,751,Wiwilibrücke,100004595,YTH23035971,7.8407526,47.995213,(UTC+01:00) Europe/Paris DST,2013-08-04T14:00:00+02:00,na,na,226,226,na,na,na
Eco Counter GmbH,Stadt Freiburg,751,Wiwilibrücke,100004595,YTH23035971,7.8407526,47.995213,(UTC+01:00) Europe/Paris DST,2013-08-04T15:00:00+02:00,na,na,262,262,na,na,na
Eco Counter GmbH,Stadt Freiburg,751,Wiwilibrücke,100004595,YTH23035971,7.8407526,47.995213,(UTC+01:00) Europe/Paris DST,2013-08-04T16:00:00+02:00,na,na,289,289,na,na,na
Eco Counter GmbH,Stadt Freiburg,751,Wiwilibrücke,100004595,YTH23035971,7.8407526,47.995213,(UTC+01:00) Europe/Paris DST,2013-08-04T17:00:00+02:00,na,na,312,312,na,na,na
Eco Counter GmbH,Stadt Freiburg,751,Wiwilibrücke,100004595,YTH23035971,7.8407526,47.995213,(UTC+01:00) Europe/Paris DST,2013-08-04T18:00:00+02:00,na,na,340,340,na,na,na
Eco Counter GmbH,Stadt Freiburg,751,Wiwilibrücke,100004595,YTH23035971,7.8407526,47.995213,(UTC+01:00) Europe/Paris DST,2013-08-04T19:00:00+02:00,na,na,369,369,na,na,na
Eco Counter GmbH,Stadt Freiburg,751,Wiwilibrücke,100004595,YTH23035971,7.8407526,47.995213,(UTC+01:00) Europe/Paris DST,2013-08-04T20:00:00+02:00,na,na,360,360,na,na,na
Eco Counter GmbH,Stadt Freiburg,751,Wiwilibrücke,100004595,YTH23035971,7.8407526,47.995213,(UTC+01:00) Europe/Paris DST,2013-08-04T21:00:00+02:00,na,na,230,230,na,na,na
Eco Counter GmbH,Stadt Freiburg,751,Wiwilibrücke,100004595,YTH23035971,7.8407526,47.995213,(UTC+01:00) Europe/Paris DST,2013-08-04T22:00:00+02:00,na,na,214,214,na,na,na
Eco Counter GmbH,Stadt Freiburg,751,Wiwilibrücke,100004595,YTH23035971,7.8407526,47.995213,(UTC+01:00) Europe/Paris DST,2013-08-04T23:00:00+02:00,na,na,169,169,na,na,na
Eco Counter GmbH,Stadt Freiburg,751,Wiwilibrücke,100004595,YTH23035971,7.8407526,47.995213,(UTC+01:00) Europe/Paris DST,2013-08-05T00:00:00+02:00,na,na,99,99,na,na,na
Eco Counter GmbH,Stadt Freiburg,751,Wiwilibrücke,100004595,YTH23035971,7.8407526,47.995213,(UTC+01:00) Europe/Paris DST,2013-08-05T01:00:00+02:00,na,na,26,26,na,na,na
Eco Counter GmbH,Stadt Freiburg,751,Wiwilibrücke,100004595,YTH23035971,7.8407526,47.995213,(UTC+01:00) Europe/Paris DST,2013-08-05T02:00:00+02:00,na,na,16,16,na,na,na
Eco Counter GmbH,Stadt Freiburg,751,Wiwilibrücke,100004595,YTH23035971,7.8407526,47.995213,(UTC+01:00) Europe/Paris DST,2013-08-05T03:00:00+02:00,na,na,5,5,na,na,na
Eco Counter GmbH,Stadt Freiburg,751,Wiwilibrücke,100004595,YTH23035971,7.8407526,47.995213,(UTC+01:00) Europe/Paris DST,2013-08-05T04:00:00+02:00,na,na,3,3,na,na,na
Eco Counter GmbH,Stadt Freiburg,751,Wiwilibrücke,100004595,YTH23035971,7.8407526,47.995213,(UTC+01:00) Europe/Paris DST,2013-08-05T05:00:00+02:00,na,na,21,21,na,na,na
Eco Counter GmbH,Stadt Freiburg,751,Wiwilibrücke,100004595,YTH23035971,7.8407526,47.995213,(UTC+01:00) Europe/Paris DST,2013-08-05T06:00:00+02:00,na,na,106,106,na,na,na
Eco Counter GmbH,Stadt Freiburg,751,Wiwilibrücke,100004595,YTH23035971,7.8407526,47.995213,(UTC+01:00) Europe/Paris DST,2013-08-05T07:00:00+02:00,na,na,379,379,na,na,na
Eco Counter GmbH,Stadt Freiburg,751,Wiwilibrücke,100004595,YTH23035971,7.8407526,47.995213,(UTC+01:00) Europe/Paris DST,2013-08-05T08:00:00+02:00,na,na,577,577,na,na,na
Eco Counter GmbH,Stadt Freiburg,751,Wiwilibrücke,100004595,YTH23035971,7.8407526,47.995213,(UTC+01:00) Europe/Paris DST,2013-08-05T09:00:00+02:00,na,na,543,543,na,na,na
Eco Counter GmbH,Stadt Freiburg,751,Wiwilibrücke,100004595,YTH23035971,7.8407526,47.995213,(UTC+01:00) Europe/Paris DST,2013-08-05T10:00:00+02:00,na,na,455,455,na,na,na
Eco Counter GmbH,Stadt Freiburg,751,Wiwilibrücke,100004595,YTH23035971,7.8407526,47.995213,(UTC+01:00) Europe/Paris DST,2013-08-05T11:00:00+02:00,na,na,462,462,na,na,na
Eco Counter GmbH,Stadt Freiburg,751,Wiwilibrücke,100004595,YTH23035971,7.8407526,47.995213,(UTC+01:00) Europe/Paris DST,2013-08-05T12:00:00+02:00,na,na,557,557,na,na,na
Eco Counter GmbH,Stadt Freiburg,751,Wiwilibrücke,100004595,YTH23035971,7.8407526,47.995213,(UTC+01:00) Europe/Paris DST,2013-08-05T13:00:00+02:00,na,na,574,574,na,na,na
Eco Counter GmbH,Stadt Freiburg,751,Wiwilibrücke,100004595,YTH23035971,7.8407526,47.995213,(UTC+01:00) Europe/Paris DST,2013-08-05T14:00:00+02:00,na,na,470,470,na,na,na
Eco Counter GmbH,Stadt Freiburg,751,Wiwilibrücke,100004595,YTH23035971,7.8407526,47.995213,(UTC+01:00) Europe/Paris DST,2013-08-05T15:00:00+02:00,na,na,443,443,na,na,na
Eco Counter GmbH,Stadt Freiburg,751,Wiwilibrücke,100004595,YTH23035971,7.8407526,47.995213,(UTC+01:00) Europe/Paris DST,2013-08-05T16:00:00+02:00,na,na,568,568,na,na,na
Eco Counter GmbH,Stadt Freiburg,751,Wiwilibrücke,100004595,YTH23035971,7.8407526,47.995213,(UTC+01:00) Europe/Paris DST,2013-08-05T17:00:00+02:00,na,na,729,729,na,na,na
Eco Counter GmbH,Stadt Freiburg,751,Wiwilibrücke,100004595,YTH23035971,7.8407526,47.995213,(UTC+01:00) Europe/Paris DST,2013-08-05T18:00:00+02:00,na,na,758,758,na,na,na
Eco Counter GmbH,Stadt Freiburg,751,Wiwilibrücke,100004595,YTH23035971,7.8407526,47.995213,(UTC+01:00) Europe/Paris DST,2013-08-05T19:00:00+02:00,na,na,610,610,na,na,na
Eco Counter GmbH,Stadt Freiburg,751,Wiwilibrücke,100004595,YTH23035971,7.8407526,47.995213,(UTC+01:00) Europe/Paris DST,2013-08-05T20:00:00+02:00,na,na,492,492,na,na,na
Eco Counter GmbH,Stadt Freiburg,751,Wiwilibrücke,100004595,YTH23035971,7.8407526,47.995213,(UTC+01:00) Europe/Paris DST,2013-08-05T21:00:00+02:00,na,na,335,335,na,na,na
Eco Counter GmbH,Stadt Freiburg,751,Wiwilibrücke,100004595,YTH23035971,7.8407526,47.995213,(UTC+01:00) Europe/Paris DST,2013-08-05T22:00:00+02:00,na,na,319,319,na,na,na
Eco Counter GmbH,Stadt Freiburg,751,Wiwilibrücke,100004595,YTH23035971,7.8407526,47.995213,(UTC+01:00) Europe/Paris DST,2013-08-05T23:00:00+02:00,na,na,234,234,na,na,na
Eco Counter GmbH,Stadt Freiburg,751,Wiwilibrücke,100004595,YTH23035971,7.8407526,47.995213,(UTC+01:00) Europe/Paris DST,2013-08-06T00:00:00+02:00,na,na,161,161,na,na,na
Eco Counter GmbH,Stadt Freiburg,751,Wiwilibrücke,100004595,YTH23035971,7.8407526,47.995213,(UTC+01:00) Europe/Paris DST,2013-08-06T01:00:00+02:00,na,na,72,72,na,na,na
Eco Counter GmbH,Stadt Freiburg,751,Wiwilibrücke,100004595,YTH23035971,7.8407526,47.995213,(UTC+01:00) Europe/Paris DST,2013-08-06T02:00:00+02:00,na,na,34,34,na,na,na
Eco Counter GmbH,Stadt Freiburg,751,Wiwilibrücke,100004595,YTH23035971,7.8407526,47.995213,(UTC+01:00) Europe/Paris DST,2013-08-06T03:00:00+02:00,na,na,36,36,na,na,na
Eco Counter GmbH,Stadt Freiburg,751,Wiwilibrücke,100004595,YTH23035971,7.8407526,47.995213,(UTC+01:00) Europe/Paris DST,2013-08-06T04:00:00+02:00,na,na,20,20,na,na,na
Eco Counter GmbH,Stadt Freiburg,751,Wiwilibrücke,100004595,YTH23035971,7.8407526,47.995213,(UTC+01:00) Europe/Paris DST,2013-08-06T05:00:00+02:00,na,na,27,27,na,na,na
Eco Counter GmbH,Stadt Freiburg,751,Wiwilibrücke,100004595,YTH23035971,7.8407526,47.995213,(UTC+01:00) Europe/Paris DST,2013-08-06T06:00:00+02:00,na,na,104,104,na,na,na
Eco Counter GmbH,Stadt Freiburg,751,Wiwilibrücke,100004595,YTH23035971,7.8407526,47.995213,(UTC+01:00) Europe/Paris DST,2013-08-06T07:00:00+02:00,na,na,388,388,na,na,na
Eco Counter GmbH,Stadt Freiburg,751,Wiwilibrücke,100004595,YTH23035971,7.8407526,47.995213,(UTC+01:00) Europe/Paris DST,2013-08-06T08:00:00+02:00,na,na,596,596,na,na,na
Eco Counter GmbH,Stadt Freiburg,751,Wiwilibrücke,100004595,YTH23035971,7.8407526,47.995213,(UTC+01:00) Europe/Paris DST,2013-08-06T09:00:00+02:00,na,na,495,495,na,na,na
Eco Counter GmbH,Stadt Freiburg,751,Wiwilibrücke,100004595,YTH23035971,7.8407526,47.995213,(UTC+01:00) Europe/Paris DST,2013-08-06T10:00:00+02:00,na,na,454,454,na,na,na
Eco Counter GmbH,Stadt Freiburg,751,Wiwilibrücke,100004595,YTH23035971,7.8407526,47.995213,(UTC+01:00) Europe/Paris DST,2013-08-06T11:00:00+02:00,na,na,419,419,na,na,na
Eco Counter GmbH,Stadt Freiburg,751,Wiwilibrücke,100004595,YTH23035971,7.8407526,47.995213,(UTC+01:00) Europe/Paris DST,2013-08-06T12:00:00+02:00,na,na,561,561,na,na,na
Eco Counter GmbH,Stadt Freiburg,751,Wiwilibrücke,100004595,YTH23035971,7.8407526,47.995213,(UTC+01:00) Europe/Paris DST,2013-08-06T13:00:00+02:00,na,na,569,569,na,na,na
Eco Counter GmbH,Stadt Freiburg,751,Wiwilibrücke,100004595,YTH23035971,7.8407526,47.995213,(UTC+01:00) Europe/Paris DST,2013-08-06T14:00:00+02:00,na,na,517,517,na,na,na
Eco Counter GmbH,Stadt Freiburg,751,Wiwilibrücke,100004595,YTH23035971,7.8407526,47.995213,(UTC+01:00) Europe/Paris DST,2013-08-06T15:00:00+02:00,na,na,513,513,na,na,na
Eco Counter GmbH,Stadt Freiburg,751,Wiwilibrücke,100004595,YTH23035971,7.8407526,47.995213,(UTC+01:00) Europe/Paris DST,2013-08-06T16:00:00+02:00,na,na,563,563,na,na,na
Eco Counter GmbH,Stadt Freiburg,751,Wiwilibrücke,100004595,YTH23035971,7.8407526,47.995213,(UTC+01:00) Europe/Paris DST,2013-08-06T17:00:00+02:00,na,na,688,688,na,na,na
Eco Counter GmbH,Stadt Freiburg,751,Wiwilibrücke,100004595,YTH23035971,7.8407526,47.995213,(UTC+01:00) Europe/Paris DST,2013-08-06T18:00:00+02:00,na,na,725,725,na,na,na
Eco Counter GmbH,Stadt Freiburg,751,Wiwilibrücke,100004595,YTH23035971,7.8407526,47.995213,(UTC+01:00) Europe/Paris DST,2013-08-06T19:00:00+02:00,na,na,590,590,na,na,na
Eco Counter GmbH,Stadt Freiburg,751,Wiwilibrücke,100004595,YTH23035971,7.8407526,47.995213,(UTC+01:00) Europe/Paris DST,2013-08-06T20:00:00+02:00,na,na,405,405,na,na,na
Eco Counter GmbH,Stadt Freiburg,751,Wiwilibrücke,100004595,YTH23035971,7.8407526,47.995213,(UTC+01:00) Europe/Paris DST,2013-08-06T21:00:00+02:00,na,na,308,308,na,na,na
Eco Counter GmbH,Stadt Freiburg,751,Wiwilibrücke,100004595,YTH23035971,7.8407526,47.995213,(UTC+01:00) Europe/Paris DST,2013-08-06T22:00:00+02:00,na,na,259,259,na,na,na
Eco Counter GmbH,Stadt Freiburg,751,Wiwilibrücke,100004595,YTH23035971,7.8407526,47.995213,(UTC+01:00) Europe/Paris DST,2013-08-06T23:00:00+02:00,na,na,327,327,na,na,na
Eco Counter GmbH,Stadt Freiburg,751,Wiwilibrücke,100004595,YTH23035971,7.8407526,47.995213,(UTC+01:00) Europe/Paris DST,2013-08-07T00:00:00+02:00,na,na,180,180,na,na,na
Eco Counter GmbH,Stadt Freiburg,751,Wiwilibrücke,100004595,YTH23035971,7.8407526,47.995213,(UTC+01:00) Europe/Paris DST,2013-08-07T01:00:00+02:00,na,na,94,94,na,na,na
Eco Counter GmbH,Stadt Freiburg,751,Wiwilibrücke,100004595,YTH23035971,7.8407526,47.995213,(UTC+01:00) Europe/Paris DST,2013-08-07T02:00:00+02:00,na,na,37,37,na,na,na
Eco Counter GmbH,Stadt Freiburg,751,Wiwilibrücke,100004595,YTH23035971,7.8407526,47.995213,(UTC+01:00) Europe/Paris DST,2013-08-07T03:00:00+02:00,na,na,14,14,na,na,na
Eco Counter GmbH,Stadt Freiburg,751,Wiwilibrücke,100004595,YTH23035971,7.8407526,47.995213,(UTC+01:00) Europe/Paris DST,2013-08-07T04:00:00+02:00,na,na,12,12,na,na,na
Eco Counter GmbH,Stadt Freiburg,751,Wiwilibrücke,100004595,YTH23035971,7.8407526,47.995213,(UTC+01:00) Europe/Paris DST,2013-08-07T05:00:00+02:00,na,na,15,15,na,na,na
Eco Counter GmbH,Stadt Freiburg,751,Wiwilibrücke,100004595,YTH23035971,7.8407526,47.995213,(UTC+01:00) Europe/Paris DST,2013-08-07T06:00:00+02:00,na,na,79,79,na,na,na
Eco Counter GmbH,Stadt Freiburg,751,Wiwilibrücke,100004595,YTH23035971,7.8407526,47.995213,(UTC+01:00) Europe/Paris DST,2013-08-07T07:00:00+02:00,na,na,315,315,na,na,na
Eco Counter GmbH,Stadt Freiburg,751,Wiwilibrücke,100004595,YTH23035971,7.8407526,47.995213,(UTC+01:00) Europe/Paris DST,2013-08-07T08:00:00+02:00,na,na,511,511,na,na,na
Eco Counter GmbH,Stadt Freiburg,751,Wiwilibrücke,100004595,YTH23035971,7.8407526,47.995213,(UTC+01:00) Europe/Paris DST,2013-08-07T09:00:00+02:00,na,na,477,477,na,na,na
Eco Counter GmbH,Stadt Freiburg,751,Wiwilibrücke,100004595,YTH23035971,7.8407526,47.995213,(UTC+01:00) Europe/Paris DST,2013-08-07T10:00:00+02:00,na,na,386,386,na,na,na
Eco Counter GmbH,Stadt Freiburg,751,Wiwilibrücke,100004595,YTH23035971,7.8407526,47.995213,(UTC+01:00) Europe/Paris DST,2013-08-07T11:00:00+02:00,na,na,449,449,na,na,na
Eco Counter GmbH,Stadt Freiburg,751,Wiwilibrücke,100004595,YTH23035971,7.8407526,47.995213,(UTC+01:00) Europe/Paris DST,2013-08-07T12:00:00+02:00,na,na,505,505,na,na,na
Eco Counter GmbH,Stadt Freiburg,751,Wiwilibrücke,100004595,YTH23035971,7.8407526,47.995213,(UTC+01:00) Europe/Paris DST,2013-08-07T13:00:00+02:00,na,na,480,480,na,na,na
Eco Counter GmbH,Stadt Freiburg,751,Wiwilibrücke,100004595,YTH23035971,7.8407526,47.995213,(UTC+01:00) Europe/Paris DST,2013-08-07T14:00:00+02:00,na,na,486,486,na,na,na
Eco Counter GmbH,Stadt Freiburg,751,Wiwilibrücke,100004595,YTH23035971,7.8407526,47.995213,(UTC+01:00) Europe/Paris DST,2013-08-07T15:00:00+02:00,na,na,451,451,na,na,na
Eco Counter GmbH,Stadt Freiburg,751,Wiwilibrücke,100004595,YTH23035971,7.8407526,47.995213,(UTC+01:00) Europe/Paris DST,2013-08-07T16:00:00+02:00,na,na,555,555,na,na,na
Eco Counter GmbH,Stadt Freiburg,751,Wiwilibrücke,100004595,YTH23035971,7.8407526,47.995213,(UTC+01:00) Europe/Paris DST,2013-08-07T17:00:00+02:00,na,na,668,668,na,na,na
Eco Counter GmbH,Stadt Freiburg,751,Wiwilibrücke,100004595,YTH23035971,7.8407526,47.995213,(UTC+01:00) Europe/Paris DST,2013-08-07T18:00:00+02:00,na,na,476,476,na,na,na
Eco Counter GmbH,Stadt Freiburg,751,Wiwilibrücke,100004595,YTH23035971,7.8407526,47.995213,(UTC+01:00) Europe/Paris DST,2013-08-07T19:00:00+02:00,na,na,370,370,na,na,na
Eco Counter GmbH,Stadt Freiburg,751,Wiwilibrücke,100004595,YTH23035971,7.8407526,47.995213,(UTC+01:00) Europe/Paris DST,2013-08-07T20:00:00+02:00,na,na,314,314,na,na,na
Eco Counter GmbH,Stadt Freiburg,751,Wiwilibrücke,100004595,YTH23035971,7.8407526,47.995213,(UTC+01:00) Europe/Paris DST,2013-08-07T21:00:00+02:00,na,na,164,164,na,na,na
Eco Counter GmbH,Stadt Freiburg,751,Wiwilibrücke,100004595,YTH23035971,7.8407526,47.995213,(UTC+01:00) Europe/Paris DST,2013-08-07T22:00:00+02:00,na,na,145,145,na,na,na
Eco Counter GmbH,Stadt Freiburg,751,Wiwilibrücke,100004595,YTH23035971,7.8407526,47.995213,(UTC+01:00) Europe/Paris DST,2013-08-07T23:00:00+02:00,na,na,127,127,na,na,na
Eco Counter GmbH,Stadt Freiburg,751,Wiwilibrücke,100004595,YTH23035971,7.8407526,47.995213,(UTC+01:00) Europe/Paris DST,2013-08-08T00:00:00+02:00,na,na,95,95,na,na,na
Eco Counter GmbH,Stadt Freiburg,751,Wiwilibrücke,100004595,YTH23035971,7.8407526,47.995213,(UTC+01:00) Europe/Paris DST,2013-08-08T01:00:00+02:00,na,na,55,55,na,na,na
Eco Counter GmbH,Stadt Freiburg,751,Wiwilibrücke,100004595,YTH23035971,7.8407526,47.995213,(UTC+01:00) Europe/Paris DST,2013-08-08T02:00:00+02:00,na,na,26,26,na,na,na
Eco Counter GmbH,Stadt Freiburg,751,Wiwilibrücke,100004595,YTH23035971,7.8407526,47.995213,(UTC+01:00) Europe/Paris DST,2013-08-08T03:00:00+02:00,na,na,13,13,na,na,na
Eco Counter GmbH,Stadt Freiburg,751,Wiwilibrücke,100004595,YTH23035971,7.8407526,47.995213,(UTC+01:00) Europe/Paris DST,2013-08-08T04:00:00+02:00,na,na,9,9,na,na,na
Eco Counter GmbH,Stadt Freiburg,751,Wiwilibrücke,100004595,YTH23035971,7.8407526,47.995213,(UTC+01:00) Europe/Paris DST,2013-08-08T05:00:00+02:00,na,na,25,25,na,na,na
Eco Counter GmbH,Stadt Freiburg,751,Wiwilibrücke,100004595,YTH23035971,7.8407526,47.995213,(UTC+01:00) Europe/Paris DST,2013-08-08T06:00:00+02:00,na,na,88,88,na,na,na
Eco Counter GmbH,Stadt Freiburg,751,Wiwilibrücke,100004595,YTH23035971,7.8407526,47.995213,(UTC+01:00) Europe/Paris DST,2013-08-08T07:00:00+02:00,na,na,316,316,na,na,na
Eco Counter GmbH,Stadt Freiburg,751,Wiwilibrücke,100004595,YTH23035971,7.8407526,47.995213,(UTC+01:00) Europe/Paris DST,2013-08-08T08:00:00+02:00,na,na,475,475,na,na,na
Eco Counter GmbH,Stadt Freiburg,751,Wiwilibrücke,100004595,YTH23035971,7.8407526,47.995213,(UTC+01:00) Europe/Paris DST,2013-08-08T09:00:00+02:00,na,na,390,390,na,na,na
Eco Counter GmbH,Stadt Freiburg,751,Wiwilibrücke,100004595,YTH23035971,7.8407526,47.995213,(UTC+01:00) Europe/Paris DST,2013-08-08T10:00:00+02:00,na,na,387,387,na,na,na
Eco Counter GmbH,Stadt Freiburg,751,Wiwilibrücke,100004595,YTH23035971,7.8407526,47.995213,(UTC+01:00) Europe/Paris DST,2013-08-08T11:00:00+02:00,na,na,379,379,na,na,na
Eco Counter GmbH,Stadt Freiburg,751,Wiwilibrücke,100004595,YTH23035971,7.8407526,47.995213,(UTC+01:00) Europe/Paris DST,2013-08-08T12:00:00+02:00,na,na,474,474,na,na,na
Eco Counter GmbH,Stadt Freiburg,751,Wiwilibrücke,100004595,YTH23035971,7.8407526,47.995213,(UTC+01:00) Europe/Paris DST,2013-08-08T13:00:00+02:00,na,na,513,513,na,na,na
Eco Counter GmbH,Stadt Freiburg,751,Wiwilibrücke,100004595,YTH23035971,7.8407526,47.995213,(UTC+01:00) Europe/Paris DST,2013-08-08T14:00:00+02:00,na,na,418,418,na,na,na
Eco Counter GmbH,Stadt Freiburg,751,Wiwilibrücke,100004595,YTH23035971,7.8407526,47.995213,(UTC+01:00) Europe/Paris DST,2013-08-08T15:00:00+02:00,na,na,493,493,na,na,na
Eco Counter GmbH,Stadt Freiburg,751,Wiwilibrücke,100004595,YTH23035971,7.8407526,47.995213,(UTC+01:00) Europe/Paris DST,2013-08-08T16:00:00+02:00,na,na,609,609,na,na,na
Eco Counter GmbH,Stadt Freiburg,751,Wiwilibrücke,100004595,YTH23035971,7.8407526,47.995213,(UTC+01:00) Europe/Paris DST,2013-08-08T17:00:00+02:00,na,na,667,667,na,na,na
Eco Counter GmbH,Stadt Freiburg,751,Wiwilibrücke,100004595,YTH23035971,7.8407526,47.995213,(UTC+01:00) Europe/Paris DST,2013-08-08T18:00:00+02:00,na,na,597,597,na,na,na
Eco Counter GmbH,Stadt Freiburg,751,Wiwilibrücke,100004595,YTH23035971,7.8407526,47.995213,(UTC+01:00) Europe/Paris DST,2013-08-08T19:00:00+02:00,na,na,518,518,na,na,na
Eco Counter GmbH,Stadt Freiburg,751,Wiwilibrücke,100004595,YTH23035971,7.8407526,47.995213,(UTC+01:00) Europe/Paris DST,2013-08-08T20:00:00+02:00,na,na,389,389,na,na,na
Eco Counter GmbH,Stadt Freiburg,751,Wiwilibrücke,100004595,YTH23035971,7.8407526,47.995213,(UTC+01:00) Europe/Paris DST,2013-08-08T21:00:00+02:00,na,na,241,241,na,na,na
Eco Counter GmbH,Stadt Freiburg,751,Wiwilibrücke,100004595,YTH23035971,7.8407526,47.995213,(UTC+01:00) Europe/Paris DST,2013-08-08T22:00:00+02:00,na,na,270,270,na,na,na
Eco Counter GmbH,Stadt Freiburg,751,Wiwilibrücke,100004595,YTH23035971,7.8407526,47.995213,(UTC+01:00) Europe/Paris DST,2013-08-08T23:00:00+02:00,na,na,207,207,na,na,na
Eco Counter GmbH,Stadt Freiburg,751,Wiwilibrücke,100004595,YTH23035971,7.8407526,47.995213,(UTC+01:00) Europe/Paris DST,2013-08-09T00:00:00+02:00,na,na,146,146,na,na,na
Eco Counter GmbH,Stadt Freiburg,751,Wiwilibrücke,100004595,YTH23035971,7.8407526,47.995213,(UTC+01:00) Europe/Paris DST,2013-08-09T01:00:00+02:00,na,na,87,87,na,na,na
Eco Counter GmbH,Stadt Freiburg,751,Wiwilibrücke,100004595,YTH23035971,7.8407526,47.995213,(UTC+01:00) Europe/Paris DST,2013-08-09T02:00:00+02:00,na,na,64,64,na,na,na
Eco Counter GmbH,Stadt Freiburg,751,Wiwilibrücke,100004595,YTH23035971,7.8407526,47.995213,(UTC+01:00) Europe/Paris DST,2013-08-09T03:00:00+02:00,na,na,38,38,na,na,na
Eco Counter GmbH,Stadt Freiburg,751,Wiwilibrücke,100004595,YTH23035971,7.8407526,47.995213,(UTC+01:00) Europe/Paris DST,2013-08-09T04:00:00+02:00,na,na,26,26,na,na,na
Eco Counter GmbH,Stadt Freiburg,751,Wiwilibrücke,100004595,YTH23035971,7.8407526,47.995213,(UTC+01:00) Europe/Paris DST,2013-08-09T05:00:00+02:00,na,na,22,22,na,na,na
Eco Counter GmbH,Stadt Freiburg,751,Wiwilibrücke,100004595,YTH23035971,7.8407526,47.995213,(UTC+01:00) Europe/Paris DST,2013-08-09T06:00:00+02:00,na,na,94,94,na,na,na
Eco Counter GmbH,Stadt Freiburg,751,Wiwilibrücke,100004595,YTH23035971,7.8407526,47.995213,(UTC+01:00) Europe/Paris DST,2013-08-09T07:00:00+02:00,na,na,303,303,na,na,na
Eco Counter GmbH,Stadt Freiburg,751,Wiwilibrücke,100004595,YTH23035971,7.8407526,47.995213,(UTC+01:00) Europe/Paris DST,2013-08-09T08:00:00+02:00,na,na,453,453,na,na,na
Eco Counter GmbH,Stadt Freiburg,751,Wiwilibrücke,100004595,YTH23035971,7.8407526,47.995213,(UTC+01:00) Europe/Paris DST,2013-08-09T09:00:00+02:00,na,na,462,462,na,na,na
Eco Counter GmbH,Stadt Freiburg,751,Wiwilibrücke,100004595,YTH23035971,7.8407526,47.995213,(UTC+01:00) Europe/Paris DST,2013-08-09T10:00:00+02:00,na,na,367,367,na,na,na
Eco Counter GmbH,Stadt Freiburg,751,Wiwilibrücke,100004595,YTH23035971,7.8407526,47.995213,(UTC+01:00) Europe/Paris DST,2013-08-09T11:00:00+02:00,na,na,399,399,na,na,na
Eco Counter GmbH,Stadt Freiburg,751,Wiwilibrücke,100004595,YTH23035971,7.8407526,47.995213,(UTC+01:00) Europe/Paris DST,2013-08-09T12:00:00+02:00,na,na,504,504,na,na,na
Eco Counter GmbH,Stadt Freiburg,751,Wiwilibrücke,100004595,YTH23035971,7.8407526,47.995213,(UTC+01:00) Europe/Paris DST,2013-08-09T13:00:00+02:00,na,na,475,475,na,na,na
Eco Counter GmbH,Stadt Freiburg,751,Wiwilibrücke,100004595,YTH23035971,7.8407526,47.995213,(UTC+01:00) Europe/Paris DST,2013-08-09T14:00:00+02:00,na,na,508,508,na,na,na
Eco Counter GmbH,Stadt Freiburg,751,Wiwilibrücke,100004595,YTH23035971,7.8407526,47.995213,(UTC+01:00) Europe/Paris DST,2013-08-09T15:00:00+02:00,na,na,524,524,na,na,na
Eco Counter GmbH,Stadt Freiburg,751,Wiwilibrücke,100004595,YTH23035971,7.8407526,47.995213,(UTC+01:00) Europe/Paris DST,2013-08-09T16:00:00+02:00,na,na,557,557,na,na,na
Eco Counter GmbH,Stadt Freiburg,751,Wiwilibrücke,100004595,YTH23035971,7.8407526,47.995213,(UTC+01:00) Europe/Paris DST,2013-08-09T17:00:00+02:00,na,na,596,596,na,na,na
Eco Counter GmbH,Stadt Freiburg,751,Wiwilibrücke,100004595,YTH23035971,7.8407526,47.995213,(UTC+01:00) Europe/Paris DST,2013-08-09T18:00:00+02:00,na,na,599,599,na,na,na
Eco Counter GmbH,Stadt Freiburg,751,Wiwilibrücke,100004595,YTH23035971,7.8407526,47.995213,(UTC+01:00) Europe/Paris DST,2013-08-09T19:00:00+02:00,na,na,491,491,na,na,na
Eco Counter GmbH,Stadt Freiburg,751,Wiwilibrücke,100004595,YTH23035971,7.8407526,47.995213,(UTC+01:00) Europe/Paris DST,2013-08-09T20:00:00+02:00,na,na,509,509,na,na,na
Eco Counter GmbH,Stadt Freiburg,751,Wiwilibrücke,100004595,YTH23035971,7.8407526,47.995213,(UTC+01:00) Europe/Paris DST,2013-08-09T21:00:00+02:00,na,na,310,310,na,na,na
Eco Counter GmbH,Stadt Freiburg,751,Wiwilibrücke,100004595,YTH23035971,7.8407526,47.995213,(UTC+01:00) Europe/Paris DST,2013-08-09T22:00:00+02:00,na,na,278,278,na,na,na
Eco Counter GmbH,Stadt Freiburg,751,Wiwilibrücke,100004595,YTH23035971,7.8407526,47.995213,(UTC+01:00) Europe/Paris DST,2013-08-09T23:00:00+02:00,na,na,308,308,na,na,na
Eco Counter GmbH,Stadt Freiburg,751,Wiwilibrücke,100004595,YTH23035971,7.8407526,47.995213,(UTC+01:00) Europe/Paris DST,2013-08-10T00:00:00+02:00,na,na,225,225,na,na,na
Eco Counter GmbH,Stadt Freiburg,751,Wiwilibrücke,100004595,YTH23035971,7.8407526,47.995213,(UTC+01:00) Europe/Paris DST,2013-08-10T01:00:00+02:00,na,na,158,158,na,na,na
Eco Counter GmbH,Stadt Freiburg,751,Wiwilibrücke,100004595,YTH23035971,7.8407526,47.995213,(UTC+01:00) Europe/Paris DST,2013-08-10T02:00:00+02:00,na,na,99,99,na,na,na
Eco Counter GmbH,Stadt Freiburg,751,Wiwilibrücke,100004595,YTH23035971,7.8407526,47.995213,(UTC+01:00) Europe/Paris DST,2013-08-10T03:00:00+02:00,na,na,84,84,na,na,na
Eco Counter GmbH,Stadt Freiburg,751,Wiwilibrücke,100004595,YTH23035971,7.8407526,47.995213,(UTC+01:00) Europe/Paris DST,2013-08-10T04:00:00+02:00,na,na,62,62,na,na,na
Eco Counter GmbH,Stadt Freiburg,751,Wiwilibrücke,100004595,YTH23035971,7.8407526,47.995213,(UTC+01:00) Europe/Paris DST,2013-08-10T05:00:00+02:00,na,na,47,47,na,na,na
Eco Counter GmbH,Stadt Freiburg,751,Wiwilibrücke,100004595,YTH23035971,7.8407526,47.995213,(UTC+01:00) Europe/Paris DST,2013-08-10T06:00:00+02:00,na,na,38,38,na,na,na
Eco Counter GmbH,Stadt Freiburg,751,Wiwilibrücke,100004595,YTH23035971,7.8407526,47.995213,(UTC+01:00) Europe/Paris DST,2013-08-10T07:00:00+02:00,na,na,61,61,na,na,na
Eco Counter GmbH,Stadt Freiburg,751,Wiwilibrücke,100004595,YTH23035971,7.8407526,47.995213,(UTC+01:00) Europe/Paris DST,2013-08-10T08:00:00+02:00,na,na,140,140,na,na,na
Eco Counter GmbH,Stadt Freiburg,751,Wiwilibrücke,100004595,YTH23035971,7.8407526,47.995213,(UTC+01:00) Europe/Paris DST,2013-08-10T09:00:00+02:00,na,na,282,282,na,na,na
Eco Counter GmbH,Stadt Freiburg,751,Wiwilibrücke,100004595,YTH23035971,7.8407526,47.995213,(UTC+01:00) Europe/Paris DST,2013-08-10T10:00:00+02:00,na,na,374,374,na,na,na
Eco Counter GmbH,Stadt Freiburg,751,Wiwilibrücke,100004595,YTH23035971,7.8407526,47.995213,(UTC+01:00) Europe/Paris DST,2013-08-10T11:00:00+02:00,na,na,435,435,na,na,na
Eco Counter GmbH,Stadt Freiburg,751,Wiwilibrücke,100004595,YTH23035971,7.8407526,47.995213,(UTC+01:00) Europe/Paris DST,2013-08-10T12:00:00+02:00,na,na,562,562,na,na,na
Eco Counter GmbH,Stadt Freiburg,751,Wiwilibrücke,100004595,YTH23035971,7.8407526,47.995213,(UTC+01:00) Europe/Paris DST,2013-08-10T13:00:00+02:00,na,na,542,542,na,na,na
Eco Counter GmbH,Stadt Freiburg,751,Wiwilibrücke,100004595,YTH23035971,7.8407526,47.995213,(UTC+01:00) Europe/Paris DST,2013-08-10T14:00:00+02:00,na,na,517,517,na,na,na
Eco Counter GmbH,Stadt Freiburg,751,Wiwilibrücke,100004595,YTH23035971,7.8407526,47.995213,(UTC+01:00) Europe/Paris DST,2013-08-10T15:00:00+02:00,na,na,483,483,na,na,na
Eco Counter GmbH,Stadt Freiburg,751,Wiwilibrücke,100004595,YTH23035971,7.8407526,47.995213,(UTC+01:00) Europe/Paris DST,2013-08-10T16:00:00+02:00,na,na,438,438,na,na,na
Eco Counter GmbH,Stadt Freiburg,751,Wiwilibrücke,100004595,YTH23035971,7.8407526,47.995213,(UTC+01:00) Europe/Paris DST,2013-08-10T17:00:00+02:00,na,na,420,420,na,na,na
Eco Counter GmbH,Stadt Freiburg,751,Wiwilibrücke,100004595,YTH23035971,7.8407526,47.995213,(UTC+01:00) Europe/Paris DST,2013-08-10T18:00:00+02:00,na,na,438,438,na,na,na
Eco Counter GmbH,Stadt Freiburg,751,Wiwilibrücke,100004595,YTH23035971,7.8407526,47.995213,(UTC+01:00) Europe/Paris DST,2013-08-10T19:00:00+02:00,na,na,369,369,na,na,na
Eco Counter GmbH,Stadt Freiburg,751,Wiwilibrücke,100004595,YTH23035971,7.8407526,47.995213,(UTC+01:00) Europe/Paris DST,2013-08-10T20:00:00+02:00,na,na,347,347,na,na,na
Eco Counter GmbH,Stadt Freiburg,751,Wiwilibrücke,100004595,YTH23035971,7.8407526,47.995213,(UTC+01:00) Europe/Paris DST,2013-08-10T21:00:00+02:00,na,na,270,270,na,na,na
Eco Counter GmbH,Stadt Freiburg,751,Wiwilibrücke,100004595,YTH23035971,7.8407526,47.995213,(UTC+01:00) Europe/Paris DST,2013-08-10T22:00:00+02:00,na,na,242,242,na,na,na
Eco Counter GmbH,Stadt Freiburg,751,Wiwilibrücke,100004595,YTH23035971,7.8407526,47.995213,(UTC+01:00) Europe/Paris DST,2013-08-10T23:00:00+02:00,na,na,263,263,na,na,na
Eco Counter GmbH,Stadt Freiburg,751,Wiwilibrücke,100004595,YTH23035971,7.8407526,47.995213,(UTC+01:00) Europe/Paris DST,2013-08-11T00:00:00+02:00,na,na,196,196,na,na,na
Eco Counter GmbH,Stadt Freiburg,751,Wiwilibrücke,100004595,YTH23035971,7.8407526,47.995213,(UTC+01:00) Europe/Paris DST,2013-08-11T01:00:00+02:00,na,na,151,151,na,na,na
Eco Counter GmbH,Stadt Freiburg,751,Wiwilibrücke,100004595,YTH23035971,7.8407526,47.995213,(UTC+01:00) Europe/Paris DST,2013-08-11T02:00:00+02:00,na,na,94,94,na,na,na
Eco Counter GmbH,Stadt Freiburg,751,Wiwilibrücke,100004595,YTH23035971,7.8407526,47.995213,(UTC+01:00) Europe/Paris DST,2013-08-11T03:00:00+02:00,na,na,81,81,na,na,na
Eco Counter GmbH,Stadt Freiburg,751,Wiwilibrücke,100004595,YTH23035971,7.8407526,47.995213,(UTC+01:00) Europe/Paris DST,2013-08-11T04:00:00+02:00,na,na,44,44,na,na,na
Eco Counter GmbH,Stadt Freiburg,751,Wiwilibrücke,100004595,YTH23035971,7.8407526,47.995213,(UTC+01:00) Europe/Paris DST,2013-08-11T05:00:00+02:00,na,na,39,39,na,na,na
Eco Counter GmbH,Stadt Freiburg,751,Wiwilibrücke,100004595,YTH23035971,7.8407526,47.995213,(UTC+01:00) Europe/Paris DST,2013-08-11T06:00:00+02:00,na,na,29,29,na,na,na
Eco Counter GmbH,Stadt Freiburg,751,Wiwilibrücke,100004595,YTH23035971,7.8407526,47.995213,(UTC+01:00) Europe/Paris DST,2013-08-11T07:00:00+02:00,na,na,36,36,na,na,na
Eco Counter GmbH,Stadt Freiburg,751,Wiwilibrücke,100004595,YTH23035971,7.8407526,47.995213,(UTC+01:00) Europe/Paris DST,2013-08-11T08:00:00+02:00,na,na,58,58,na,na,na
Eco Counter GmbH,Stadt Freiburg,751,Wiwilibrücke,100004595,YTH23035971,7.8407526,47.995213,(UTC+01:00) Europe/Paris DST,2013-08-11T09:00:00+02:00,na,na,129,129,na,na,na
Eco Counter GmbH,Stadt Freiburg,751,Wiwilibrücke,100004595,YTH23035971,7.8407526,47.995213,(UTC+01:00) Europe/Paris DST,2013-08-11T10:00:00+02:00,na,na,169,169,na,na,na
Eco Counter GmbH,Stadt Freiburg,751,Wiwilibrücke,100004595,YTH23035971,7.8407526,47.995213,(UTC+01:00) Europe/Paris DST,2013-08-11T11:00:00+02:00,na,na,208,208,na,na,na
Eco Counter GmbH,Stadt Freiburg,751,Wiwilibrücke,100004595,YTH23035971,7.8407526,47.995213,(UTC+01:00) Europe/Paris DST,2013-08-11T12:00:00+02:00,na,na,221,221,na,na,na
Eco Counter GmbH,Stadt Freiburg,751,Wiwilibrücke,100004595,YTH23035971,7.8407526,47.995213,(UTC+01:00) Europe/Paris DST,2013-08-11T13:00:00+02:00,na,na,254,254,na,na,na
Eco Counter GmbH,Stadt Freiburg,751,Wiwilibrücke,100004595,YTH23035971,7.8407526,47.995213,(UTC+01:00) Europe/Paris DST,2013-08-11T14:00:00+02:00,na,na,232,232,na,na,na
Eco Counter GmbH,Stadt Freiburg,751,Wiwilibrücke,100004595,YTH23035971,7.8407526,47.995213,(UTC+01:00) Europe/Paris DST,2013-08-11T15:00:00+02:00,na,na,256,256,na,na,na
Eco Counter GmbH,Stadt Freiburg,751,Wiwilibrücke,100004595,YTH23035971,7.8407526,47.995213,(UTC+01:00) Europe/Paris DST,2013-08-11T16:00:00+02:00,na,na,234,234,na,na,na
Eco Counter GmbH,Stadt Freiburg,751,Wiwilibrücke,100004595,YTH23035971,7.8407526,47.995213,(UTC+01:00) Europe/Paris DST,2013-08-11T17:00:00+02:00,na,na,344,344,na,na,na
Eco Counter GmbH,Stadt Freiburg,751,Wiwilibrücke,100004595,YTH23035971,7.8407526,47.995213,(UTC+01:00) Europe/Paris DST,2013-08-11T18:00:00+02:00,na,na,300,300,na,na,na
Eco Counter GmbH,Stadt Freiburg,751,Wiwilibrücke,100004595,YTH23035971,7.8407526,47.995213,(UTC+01:00) Europe/Paris DST,2013-08-11T19:00:00+02:00,na,na,323,323,na,na,na
Eco Counter GmbH,Stadt Freiburg,751,Wiwilibrücke,100004595,YTH23035971,7.8407526,47.995213,(UTC+01:00) Europe/Paris DST,2013-08-11T20:00:00+02:00,na,na,296,296,na,na,na
Eco Counter GmbH,Stadt Freiburg,751,Wiwilibrücke,100004595,YTH23035971,7.8407526,47.995213,(UTC+01:00) Europe/Paris DST,2013-08-11T21:00:00+02:00,na,na,216,216,na,na,na
Eco Counter GmbH,Stadt Freiburg,751,Wiwilibrücke,100004595,YTH23035971,7.8407526,47.995213,(UTC+01:00) Europe/Paris DST,2013-08-11T22:00:00+02:00,na,na,164,164,na,na,na
Eco Counter GmbH,Stadt Freiburg,751,Wiwilibrücke,100004595,YTH23035971,7.8407526,47.995213,(UTC+01:00) Europe/Paris DST,2013-08-11T23:00:00+02:00,na,na,125,125,na,na,na
Eco Counter GmbH,Stadt Freiburg,751,Wiwilibrücke,100004595,YTH23035971,7.8407526,47.995213,(UTC+01:00) Europe/Paris DST,2013-08-12T00:00:00+02:00,na,na,65,65,na,na,na
Eco Counter GmbH,Stadt Freiburg,751,Wiwilibrücke,100004595,YTH23035971,7.8407526,47.995213,(UTC+01:00) Europe/Paris DST,2013-08-12T01:00:00+02:00,na,na,39,39,na,na,na
Eco Counter GmbH,Stadt Freiburg,751,Wiwilibrücke,100004595,YTH23035971,7.8407526,47.995213,(UTC+01:00) Europe/Paris DST,2013-08-12T02:00:00+02:00,na,na,16,16,na,na,na
Eco Counter GmbH,Stadt Freiburg,751,Wiwilibrücke,100004595,YTH23035971,7.8407526,47.995213,(UTC+01:00) Europe/Paris DST,2013-08-12T03:00:00+02:00,na,na,5,5,na,na,na
Eco Counter GmbH,Stadt Freiburg,751,Wiwilibrücke,100004595,YTH23035971,7.8407526,47.995213,(UTC+01:00) Europe/Paris DST,2013-08-12T04:00:00+02:00,na,na,2,2,na,na,na
Eco Counter GmbH,Stadt Freiburg,751,Wiwilibrücke,100004595,YTH23035971,7.8407526,47.995213,(UTC+01:00) Europe/Paris DST,2013-08-12T05:00:00+02:00,na,na,30,30,na,na,na
Eco Counter GmbH,Stadt Freiburg,751,Wiwilibrücke,100004595,YTH23035971,7.8407526,47.995213,(UTC+01:00) Europe/Paris DST,2013-08-12T06:00:00+02:00,na,na,107,107,na,na,na
Eco Counter GmbH,Stadt Freiburg,751,Wiwilibrücke,100004595,YTH23035971,7.8407526,47.995213,(UTC+01:00) Europe/Paris DST,2013-08-12T07:00:00+02:00,na,na,332,332,na,na,na
Eco Counter GmbH,Stadt Freiburg,751,Wiwilibrücke,100004595,YTH23035971,7.8407526,47.995213,(UTC+01:00) Europe/Paris DST,2013-08-12T08:00:00+02:00,na,na,535,535,na,na,na
Eco Counter GmbH,Stadt Freiburg,751,Wiwilibrücke,100004595,YTH23035971,7.8407526,47.995213,(UTC+01:00) Europe/Paris DST,2013-08-12T09:00:00+02:00,na,na,443,443,na,na,na
Eco Counter GmbH,Stadt Freiburg,751,Wiwilibrücke,100004595,YTH23035971,7.8407526,47.995213,(UTC+01:00) Europe/Paris DST,2013-08-12T10:00:00+02:00,na,na,400,400,na,na,na
Eco Counter GmbH,Stadt Freiburg,751,Wiwilibrücke,100004595,YTH23035971,7.8407526,47.995213,(UTC+01:00) Europe/Paris DST,2013-08-12T11:00:00+02:00,na,na,419,419,na,na,na
Eco Counter GmbH,Stadt Freiburg,751,Wiwilibrücke,100004595,YTH23035971,7.8407526,47.995213,(UTC+01:00) Europe/Paris DST,2013-08-12T12:00:00+02:00,na,na,513,513,na,na,na
Eco Counter GmbH,Stadt Freiburg,751,Wiwilibrücke,100004595,YTH23035971,7.8407526,47.995213,(UTC+01:00) Europe/Paris DST,2013-08-12T13:00:00+02:00,na,na,525,525,na,na,na
Eco Counter GmbH,Stadt Freiburg,751,Wiwilibrücke,100004595,YTH23035971,7.8407526,47.995213,(UTC+01:00) Europe/Paris DST,2013-08-12T14:00:00+02:00,na,na,514,514,na,na,na
Eco Counter GmbH,Stadt Freiburg,751,Wiwilibrücke,100004595,YTH23035971,7.8407526,47.995213,(UTC+01:00) Europe/Paris DST,2013-08-12T15:00:00+02:00,na,na,516,516,na,na,na
Eco Counter GmbH,Stadt Freiburg,751,Wiwilibrücke,100004595,YTH23035971,7.8407526,47.995213,(UTC+01:00) Europe/Paris DST,2013-08-12T16:00:00+02:00,na,na,583,583,na,na,na
Eco Counter GmbH,Stadt Freiburg,751,Wiwilibrücke,100004595,YTH23035971,7.8407526,47.995213,(UTC+01:00) Europe/Paris DST,2013-08-12T17:00:00+02:00,na,na,733,733,na,na,na
Eco Counter GmbH,Stadt Freiburg,751,Wiwilibrücke,100004595,YTH23035971,7.8407526,47.995213,(UTC+01:00) Europe/Paris DST,2013-08-12T18:00:00+02:00,na,na,688,688,na,na,na
Eco Counter GmbH,Stadt Freiburg,751,Wiwilibrücke,100004595,YTH23035971,7.8407526,47.995213,(UTC+01:00) Europe/Paris DST,2013-08-12T19:00:00+02:00,na,na,523,523,na,na,na
Eco Counter GmbH,Stadt Freiburg,751,Wiwilibrücke,100004595,YTH23035971,7.8407526,47.995213,(UTC+01:00) Europe/Paris DST,2013-08-12T20:00:00+02:00,na,na,479,479,na,na,na
Eco Counter GmbH,Stadt Freiburg,751,Wiwilibrücke,100004595,YTH23035971,7.8407526,47.995213,(UTC+01:00) Europe/Paris DST,2013-08-12T21:00:00+02:00,na,na,267,267,na,na,na
Eco Counter GmbH,Stadt Freiburg,751,Wiwilibrücke,100004595,YTH23035971,7.8407526,47.995213,(UTC+01:00) Europe/Paris DST,2013-08-12T22:00:00+02:00,na,na,269,269,na,na,na
Eco Counter GmbH,Stadt Freiburg,751,Wiwilibrücke,100004595,YTH23035971,7.8407526,47.995213,(UTC+01:00) Europe/Paris DST,2013-08-12T23:00:00+02:00,na,na,204,204,na,na,na
Eco Counter GmbH,Stadt Freiburg,751,Wiwilibrücke,100004595,YTH23035971,7.8407526,47.995213,(UTC+01:00) Europe/Paris DST,2013-08-13T00:00:00+02:00,na,na,110,110,na,na,na
Eco Counter GmbH,Stadt Freiburg,751,Wiwilibrücke,100004595,YTH23035971,7.8407526,47.995213,(UTC+01:00) Europe/Paris DST,2013-08-13T01:00:00+02:00,na,na,57,57,na,na,na
Eco Counter GmbH,Stadt Freiburg,751,Wiwilibrücke,100004595,YTH23035971,7.8407526,47.995213,(UTC+01:00) Europe/Paris DST,2013-08-13T02:00:00+02:00,na,na,37,37,na,na,na
Eco Counter GmbH,Stadt Freiburg,751,Wiwilibrücke,100004595,YTH23035971,7.8407526,47.995213,(UTC+01:00) Europe/Paris DST,2013-08-13T03:00:00+02:00,na,na,31,31,na,na,na
Eco Counter GmbH,Stadt Freiburg,751,Wiwilibrücke,100004595,YTH23035971,7.8407526,47.995213,(UTC+01:00) Europe/Paris DST,2013-08-13T04:00:00+02:00,na,na,15,15,na,na,na
Eco Counter GmbH,Stadt Freiburg,751,Wiwilibrücke,100004595,YTH23035971,7.8407526,47.995213,(UTC+01:00) Europe/Paris DST,2013-08-13T05:00:00+02:00,na,na,28,28,na,na,na
Eco Counter GmbH,Stadt Freiburg,751,Wiwilibrücke,100004595,YTH23035971,7.8407526,47.995213,(UTC+01:00) Europe/Paris DST,2013-08-13T06:00:00+02:00,na,na,100,100,na,na,na
Eco Counter GmbH,Stadt Freiburg,751,Wiwilibrücke,100004595,YTH23035971,7.8407526,47.995213,(UTC+01:00) Europe/Paris DST,2013-08-13T07:00:00+02:00,na,na,335,335,na,na,na
Eco Counter GmbH,Stadt Freiburg,751,Wiwilibrücke,100004595,YTH23035971,7.8407526,47.995213,(UTC+01:00) Europe/Paris DST,2013-08-13T08:00:00+02:00,na,na,545,545,na,na,na
Eco Counter GmbH,Stadt Freiburg,751,Wiwilibrücke,100004595,YTH23035971,7.8407526,47.995213,(UTC+01:00) Europe/Paris DST,2013-08-13T09:00:00+02:00,na,na,441,441,na,na,na
Eco Counter GmbH,Stadt Freiburg,751,Wiwilibrücke,100004595,YTH23035971,7.8407526,47.995213,(UTC+01:00) Europe/Paris DST,2013-08-13T10:00:00+02:00,na,na,408,408,na,na,na
Eco Counter GmbH,Stadt Freiburg,751,Wiwilibrücke,100004595,YTH23035971,7.8407526,47.995213,(UTC+01:00) Europe/Paris DST,2013-08-13T11:00:00+02:00,na,na,424,424,na,na,na
Eco Counter GmbH,Stadt Freiburg,751,Wiwilibrücke,100004595,YTH23035971,7.8407526,47.995213,(UTC+01:00) Europe/Paris DST,2013-08-13T12:00:00+02:00,na,na,518,518,na,na,na
Eco Counter GmbH,Stadt Freiburg,751,Wiwilibrücke,100004595,YTH23035971,7.8407526,47.995213,(UTC+01:00) Europe/Paris DST,2013-08-13T13:00:00+02:00,na,na,496,496,na,na,na
Eco Counter GmbH,Stadt Freiburg,751,Wiwilibrücke,100004595,YTH23035971,7.8407526,47.995213,(UTC+01:00) Europe/Paris DST,2013-08-13T14:00:00+02:00,na,na,452,452,na,na,na
Eco Counter GmbH,Stadt Freiburg,751,Wiwilibrücke,100004595,YTH23035971,7.8407526,47.995213,(UTC+01:00) Europe/Paris DST,2013-08-13T15:00:00+02:00,na,na,357,357,na,na,na
Eco Counter GmbH,Stadt Freiburg,751,Wiwilibrücke,100004595,YTH23035971,7.8407526,47.995213,(UTC+01:00) Europe/Paris DST,2013-08-13T16:00:00+02:00,na,na,439,439,na,na,na
Eco Counter GmbH,Stadt Freiburg,751,Wiwilibrücke,100004595,YTH23035971,7.8407526,47.995213,(UTC+01:00) Europe/Paris DST,2013-08-13T17:00:00+02:00,na,na,642,642,na,na,na
Eco Counter GmbH,Stadt Freiburg,751,Wiwilibrücke,100004595,YTH23035971,7.8407526,47.995213,(UTC+01:00) Europe/Paris DST,2013-08-13T18:00:00+02:00,na,na,660,660,na,na,na
Eco Counter GmbH,Stadt Freiburg,751,Wiwilibrücke,100004595,YTH23035971,7.8407526,47.995213,(UTC+01:00) Europe/Paris DST,2013-08-13T19:00:00+02:00,na,na,574,574,na,na,na
Eco Counter GmbH,Stadt Freiburg,751,Wiwilibrücke,100004595,YTH23035971,7.8407526,47.995213,(UTC+01:00) Europe/Paris DST,2013-08-13T20:00:00+02:00,na,na,387,387,na,na,na
Eco Counter GmbH,Stadt Freiburg,751,Wiwilibrücke,100004595,YTH23035971,7.8407526,47.995213,(UTC+01:00) Europe/Paris DST,2013-08-13T21:00:00+02:00,na,na,276,276,na,na,na
Eco Counter GmbH,Stadt Freiburg,751,Wiwilibrücke,100004595,YTH23035971,7.8407526,47.995213,(UTC+01:00) Europe/Paris DST,2013-08-13T22:00:00+02:00,na,na,236,236,na,na,na
Eco Counter GmbH,Stadt Freiburg,751,Wiwilibrücke,100004595,YTH23035971,7.8407526,47.995213,(UTC+01:00) Europe/Paris DST,2013-08-13T23:00:00+02:00,na,na,207,207,na,na,na
Eco Counter GmbH,Stadt Freiburg,751,Wiwilibrücke,100004595,YTH23035971,7.8407526,47.995213,(UTC+01:00) Europe/Paris DST,2013-08-14T00:00:00+02:00,na,na,110,110,na,na,na
Eco Counter GmbH,Stadt Freiburg,751,Wiwilibrücke,100004595,YTH23035971,7.8407526,47.995213,(UTC+01:00) Europe/Paris DST,2013-08-14T01:00:00+02:00,na,na,72,72,na,na,na
Eco Counter GmbH,Stadt Freiburg,751,Wiwilibrücke,100004595,YTH23035971,7.8407526,47.995213,(UTC+01:00) Europe/Paris DST,2013-08-14T02:00:00+02:00,na,na,20,20,na,na,na
Eco Counter GmbH,Stadt Freiburg,751,Wiwilibrücke,100004595,YTH23035971,7.8407526,47.995213,(UTC+01:00) Europe/Paris DST,2013-08-14T03:00:00+02:00,na,na,16,16,na,na,na
Eco Counter GmbH,Stadt Freiburg,751,Wiwilibrücke,100004595,YTH23035971,7.8407526,47.995213,(UTC+01:00) Europe/Paris DST,2013-08-14T04:00:00+02:00,na,na,3,3,na,na,na
Eco Counter GmbH,Stadt Freiburg,751,Wiwilibrücke,100004595,YTH23035971,7.8407526,47.995213,(UTC+01:00) Europe/Paris DST,2013-08-14T05:00:00+02:00,na,na,35,35,na,na,na
Eco Counter GmbH,Stadt Freiburg,751,Wiwilibrücke,100004595,YTH23035971,7.8407526,47.995213,(UTC+01:00) Europe/Paris DST,2013-08-14T06:00:00+02:00,na,na,88,88,na,na,na
Eco Counter GmbH,Stadt Freiburg,751,Wiwilibrücke,100004595,YTH23035971,7.8407526,47.995213,(UTC+01:00) Europe/Paris DST,2013-08-14T07:00:00+02:00,na,na,325,325,na,na,na
Eco Counter GmbH,Stadt Freiburg,751,Wiwilibrücke,100004595,YTH23035971,7.8407526,47.995213,(UTC+01:00) Europe/Paris DST,2013-08-14T08:00:00+02:00,na,na,586,586,na,na,na
Eco Counter GmbH,Stadt Freiburg,751,Wiwilibrücke,100004595,YTH23035971,7.8407526,47.995213,(UTC+01:00) Europe/Paris DST,2013-08-14T09:00:00+02:00,na,na,434,434,na,na,na
Eco Counter GmbH,Stadt Freiburg,751,Wiwilibrücke,100004595,YTH23035971,7.8407526,47.995213,(UTC+01:00) Europe/Paris DST,2013-08-14T10:00:00+02:00,na,na,428,428,na,na,na
Eco Counter GmbH,Stadt Freiburg,751,Wiwilibrücke,100004595,YTH23035971,7.8407526,47.995213,(UTC+01:00) Europe/Paris DST,2013-08-14T11:00:00+02:00,na,na,404,404,na,na,na
Eco Counter GmbH,Stadt Freiburg,751,Wiwilibrücke,100004595,YTH23035971,7.8407526,47.995213,(UTC+01:00) Europe/Paris DST,2013-08-14T12:00:00+02:00,na,na,529,529,na,na,na
Eco Counter GmbH,Stadt Freiburg,751,Wiwilibrücke,100004595,YTH23035971,7.8407526,47.995213,(UTC+01:00) Europe/Paris DST,2013-08-14T13:00:00+02:00,na,na,535,535,na,na,na
Eco Counter GmbH,Stadt Freiburg,751,Wiwilibrücke,100004595,YTH23035971,7.8407526,47.995213,(UTC+01:00) Europe/Paris DST,2013-08-14T14:00:00+02:00,na,na,491,491,na,na,na
Eco Counter GmbH,Stadt Freiburg,751,Wiwilibrücke,100004595,YTH23035971,7.8407526,47.995213,(UTC+01:00) Europe/Paris DST,2013-08-14T15:00:00+02:00,na,na,509,509,na,na,na
Eco Counter GmbH,Stadt Freiburg,751,Wiwilibrücke,100004595,YTH23035971,7.8407526,47.995213,(UTC+01:00) Europe/Paris DST,2013-08-14T16:00:00+02:00,na,na,604,604,na,na,na
Eco Counter GmbH,Stadt Freiburg,751,Wiwilibrücke,100004595,YTH23035971,7.8407526,47.995213,(UTC+01:00) Europe/Paris DST,2013-08-14T17:00:00+02:00,na,na,685,685,na,na,na
Eco Counter GmbH,Stadt Freiburg,751,Wiwilibrücke,100004595,YTH23035971,7.8407526,47.995213,(UTC+01:00) Europe/Paris DST,2013-08-14T18:00:00+02:00,na,na,648,648,na,na,na
Eco Counter GmbH,Stadt Freiburg,751,Wiwilibrücke,100004595,YTH23035971,7.8407526,47.995213,(UTC+01:00) Europe/Paris DST,2013-08-14T19:00:00+02:00,na,na,580,580,na,na,na
Eco Counter GmbH,Stadt Freiburg,751,Wiwilibrücke,100004595,YTH23035971,7.8407526,47.995213,(UTC+01:00) Europe/Paris DST,2013-08-14T20:00:00+02:00,na,na,409,409,na,na,na
Eco Counter GmbH,Stadt Freiburg,751,Wiwilibrücke,100004595,YTH23035971,7.8407526,47.995213,(UTC+01:00) Europe/Paris DST,2013-08-14T21:00:00+02:00,na,na,307,307,na,na,na
Eco Counter GmbH,Stadt Freiburg,751,Wiwilibrücke,100004595,YTH23035971,7.8407526,47.995213,(UTC+01:00) Europe/Paris DST,2013-08-14T22:00:00+02:00,na,na,265,265,na,na,na
Eco Counter GmbH,Stadt Freiburg,751,Wiwilibrücke,100004595,YTH23035971,7.8407526,47.995213,(UTC+01:00) Europe/Paris DST,2013-08-14T23:00:00+02:00,na,na,233,233,na,na,na
Eco Counter GmbH,Stadt Freiburg,751,Wiwilibrücke,100004595,YTH23035971,7.8407526,47.995213,(UTC+01:00) Europe/Paris DST,2013-08-15T00:00:00+02:00,na,na,115,115,na,na,na
Eco Counter GmbH,Stadt Freiburg,751,Wiwilibrücke,100004595,YTH23035971,7.8407526,47.995213,(UTC+01:00) Europe/Paris DST,2013-08-15T01:00:00+02:00,na,na,65,65,na,na,na
Eco Counter GmbH,Stadt Freiburg,751,Wiwilibrücke,100004595,YTH23035971,7.8407526,47.995213,(UTC+01:00) Europe/Paris DST,2013-08-15T02:00:00+02:00,na,na,38,38,na,na,na
Eco Counter GmbH,Stadt Freiburg,751,Wiwilibrücke,100004595,YTH23035971,7.8407526,47.995213,(UTC+01:00) Europe/Paris DST,2013-08-15T03:00:00+02:00,na,na,32,32,na,na,na
Eco Counter GmbH,Stadt Freiburg,751,Wiwilibrücke,100004595,YTH23035971,7.8407526,47.995213,(UTC+01:00) Europe/Paris DST,2013-08-15T04:00:00+02:00,na,na,19,19,na,na,na
Eco Counter GmbH,Stadt Freiburg,751,Wiwilibrücke,100004595,YTH23035971,7.8407526,47.995213,(UTC+01:00) Europe/Paris DST,2013-08-15T05:00:00+02:00,na,na,22,22,na,na,na
Eco Counter GmbH,Stadt Freiburg,751,Wiwilibrücke,100004595,YTH23035971,7.8407526,47.995213,(UTC+01:00) Europe/Paris DST,2013-08-15T06:00:00+02:00,na,na,85,85,na,na,na
Eco Counter GmbH,Stadt Freiburg,751,Wiwilibrücke,100004595,YTH23035971,7.8407526,47.995213,(UTC+01:00) Europe/Paris DST,2013-08-15T07:00:00+02:00,na,na,329,329,na,na,na
Eco Counter GmbH,Stadt Freiburg,751,Wiwilibrücke,100004595,YTH23035971,7.8407526,47.995213,(UTC+01:00) Europe/Paris DST,2013-08-15T08:00:00+02:00,na,na,527,527,na,na,na
Eco Counter GmbH,Stadt Freiburg,751,Wiwilibrücke,100004595,YTH23035971,7.8407526,47.995213,(UTC+01:00) Europe/Paris DST,2013-08-15T09:00:00+02:00,na,na,459,459,na,na,na
Eco Counter GmbH,Stadt Freiburg,751,Wiwilibrücke,100004595,YTH23035971,7.8407526,47.995213,(UTC+01:00) Europe/Paris DST,2013-08-15T10:00:00+02:00,na,na,342,342,na,na,na
Eco Counter GmbH,Stadt Freiburg,751,Wiwilibrücke,100004595,YTH23035971,7.8407526,47.995213,(UTC+01:00) Europe/Paris DST,2013-08-15T11:00:00+02:00,na,na,413,413,na,na,na
Eco Counter GmbH,Stadt Freiburg,751,Wiwilibrücke,100004595,YTH23035971,7.8407526,47.995213,(UTC+01:00) Europe/Paris DST,2013-08-15T12:00:00+02:00,na,na,545,545,na,na,na
Eco Counter GmbH,Stadt Freiburg,751,Wiwilibrücke,100004595,YTH23035971,7.8407526,47.995213,(UTC+01:00) Europe/Paris DST,2013-08-15T13:00:00+02:00,na,na,501,501,na,na,na
Eco Counter GmbH,Stadt Freiburg,751,Wiwilibrücke,100004595,YTH23035971,7.8407526,47.995213,(UTC+01:00) Europe/Paris DST,2013-08-15T14:00:00+02:00,na,na,453,453,na,na,na
Eco Counter GmbH,Stadt Freiburg,751,Wiwilibrücke,100004595,YTH23035971,7.8407526,47.995213,(UTC+01:00) Europe/Paris DST,2013-08-15T15:00:00+02:00,na,na,461,461,na,na,na
Eco Counter GmbH,Stadt Freiburg,751,Wiwilibrücke,100004595,YTH23035971,7.8407526,47.995213,(UTC+01:00) Europe/Paris DST,2013-08-15T16:00:00+02:00,na,na,623,623,na,na,na
Eco Counter GmbH,Stadt Freiburg,751,Wiwilibrücke,100004595,YTH23035971,7.8407526,47.995213,(UTC+01:00) Europe/Paris DST,2013-08-15T17:00:00+02:00,na,na,654,654,na,na,na
Eco Counter GmbH,Stadt Freiburg,751,Wiwilibrücke,100004595,YTH23035971,7.8407526,47.995213,(UTC+01:00) Europe/Paris DST,2013-08-15T18:00:00+02:00,na,na,644,644,na,na,na
Eco Counter GmbH,Stadt Freiburg,751,Wiwilibrücke,100004595,YTH23035971,7.8407526,47.995213,(UTC+01:00) Europe/Paris DST,2013-08-15T19:00:00+02:00,na,na,572,572,na,na,na
Eco Counter GmbH,Stadt Freiburg,751,Wiwilibrücke,100004595,YTH23035971,7.8407526,47.995213,(UTC+01:00) Europe/Paris DST,2013-08-15T20:00:00+02:00,na,na,446,446,na,na,na
Eco Counter GmbH,Stadt Freiburg,751,Wiwilibrücke,100004595,YTH23035971,7.8407526,47.995213,(UTC+01:00) Europe/Paris DST,2013-08-15T21:00:00+02:00,na,na,330,330,na,na,na
Eco Counter GmbH,Stadt Freiburg,751,Wiwilibrücke,100004595,YTH23035971,7.8407526,47.995213,(UTC+01:00) Europe/Paris DST,2013-08-15T22:00:00+02:00,na,na,281,281,na,na,na
Eco Counter GmbH,Stadt Freiburg,751,Wiwilibrücke,100004595,YTH23035971,7.8407526,47.995213,(UTC+01:00) Europe/Paris DST,2013-08-15T23:00:00+02:00,na,na,224,224,na,na,na
Eco Counter GmbH,Stadt Freiburg,751,Wiwilibrücke,100004595,YTH23035971,7.8407526,47.995213,(UTC+01:00) Europe/Paris DST,2013-08-16T00:00:00+02:00,na,na,141,141,na,na,na
Eco Counter GmbH,Stadt Freiburg,751,Wiwilibrücke,100004595,YTH23035971,7.8407526,47.995213,(UTC+01:00) Europe/Paris DST,2013-08-16T01:00:00+02:00,na,na,81,81,na,na,na
Eco Counter GmbH,Stadt Freiburg,751,Wiwilibrücke,100004595,YTH23035971,7.8407526,47.995213,(UTC+01:00) Europe/Paris DST,2013-08-16T02:00:00+02:00,na,na,50,50,na,na,na
Eco Counter GmbH,Stadt Freiburg,751,Wiwilibrücke,100004595,YTH23035971,7.8407526,47.995213,(UTC+01:00) Europe/Paris DST,2013-08-16T03:00:00+02:00,na,na,20,20,na,na,na
Eco Counter GmbH,Stadt Freiburg,751,Wiwilibrücke,100004595,YTH23035971,7.8407526,47.995213,(UTC+01:00) Europe/Paris DST,2013-08-16T04:00:00+02:00,na,na,8,8,na,na,na
Eco Counter GmbH,Stadt Freiburg,751,Wiwilibrücke,100004595,YTH23035971,7.8407526,47.995213,(UTC+01:00) Europe/Paris DST,2013-08-16T05:00:00+02:00,na,na,23,23,na,na,na
Eco Counter GmbH,Stadt Freiburg,751,Wiwilibrücke,100004595,YTH23035971,7.8407526,47.995213,(UTC+01:00) Europe/Paris DST,2013-08-16T06:00:00+02:00,na,na,87,87,na,na,na
Eco Counter GmbH,Stadt Freiburg,751,Wiwilibrücke,100004595,YTH23035971,7.8407526,47.995213,(UTC+01:00) Europe/Paris DST,2013-08-16T07:00:00+02:00,na,na,298,298,na,na,na
Eco Counter GmbH,Stadt Freiburg,751,Wiwilibrücke,100004595,YTH23035971,7.8407526,47.995213,(UTC+01:00) Europe/Paris DST,2013-08-16T08:00:00+02:00,na,na,483,483,na,na,na
Eco Counter GmbH,Stadt Freiburg,751,Wiwilibrücke,100004595,YTH23035971,7.8407526,47.995213,(UTC+01:00) Europe/Paris DST,2013-08-16T09:00:00+02:00,na,na,454,454,na,na,na
Eco Counter GmbH,Stadt Freiburg,751,Wiwilibrücke,100004595,YTH23035971,7.8407526,47.995213,(UTC+01:00) Europe/Paris DST,2013-08-16T10:00:00+02:00,na,na,407,407,na,na,na
Eco Counter GmbH,Stadt Freiburg,751,Wiwilibrücke,100004595,YTH23035971,7.8407526,47.995213,(UTC+01:00) Europe/Paris DST,2013-08-16T11:00:00+02:00,na,na,424,424,na,na,na
Eco Counter GmbH,Stadt Freiburg,751,Wiwilibrücke,100004595,YTH23035971,7.8407526,47.995213,(UTC+01:00) Europe/Paris DST,2013-08-16T12:00:00+02:00,na,na,556,556,na,na,na
Eco Counter GmbH,Stadt Freiburg,751,Wiwilibrücke,100004595,YTH23035971,7.8407526,47.995213,(UTC+01:00) Europe/Paris DST,2013-08-16T13:00:00+02:00,na,na,586,586,na,na,na
Eco Counter GmbH,Stadt Freiburg,751,Wiwilibrücke,100004595,YTH23035971,7.8407526,47.995213,(UTC+01:00) Europe/Paris DST,2013-08-16T14:00:00+02:00,na,na,485,485,na,na,na
Eco Counter GmbH,Stadt Freiburg,751,Wiwilibrücke,100004595,YTH23035971,7.8407526,47.995213,(UTC+01:00) Europe/Paris DST,2013-08-16T15:00:00+02:00,na,na,510,510,na,na,na
Eco Counter GmbH,Stadt Freiburg,751,Wiwilibrücke,100004595,YTH23035971,7.8407526,47.995213,(UTC+01:00) Europe/Paris DST,2013-08-16T16:00:00+02:00,na,na,507,507,na,na,na
Eco Counter GmbH,Stadt Freiburg,751,Wiwilibrücke,100004595,YTH23035971,7.8407526,47.995213,(UTC+01:00) Europe/Paris DST,2013-08-16T17:00:00+02:00,na,na,601,601,na,na,na
Eco Counter GmbH,Stadt Freiburg,751,Wiwilibrücke,100004595,YTH23035971,7.8407526,47.995213,(UTC+01:00) Europe/Paris DST,2013-08-16T18:00:00+02:00,na,na,583,583,na,na,na
Eco Counter GmbH,Stadt Freiburg,751,Wiwilibrücke,100004595,YTH23035971,7.8407526,47.995213,(UTC+01:00) Europe/Paris DST,2013-08-16T19:00:00+02:00,na,na,485,485,na,na,na
Eco Counter GmbH,Stadt Freiburg,751,Wiwilibrücke,100004595,YTH23035971,7.8407526,47.995213,(UTC+01:00) Europe/Paris DST,2013-08-16T20:00:00+02:00,na,na,403,403,na,na,na
Eco Counter GmbH,Stadt Freiburg,751,Wiwilibrücke,100004595,YTH23035971,7.8407526,47.995213,(UTC+01:00) Europe/Paris DST,2013-08-16T21:00:00+02:00,na,na,322,322,na,na,na
Eco Counter GmbH,Stadt Freiburg,751,Wiwilibrücke,100004595,YTH23035971,7.8407526,47.995213,(UTC+01:00) Europe/Paris DST,2013-08-16T22:00:00+02:00,na,na,318,318,na,na,na
Eco Counter GmbH,Stadt Freiburg,751,Wiwilibrücke,100004595,YTH23035971,7.8407526,47.995213,(UTC+01:00) Europe/Paris DST,2013-08-16T23:00:00+02:00,na,na,249,249,na,na,na
Eco Counter GmbH,Stadt Freiburg,751,Wiwilibrücke,100004595,YTH23035971,7.8407526,47.995213,(UTC+01:00) Europe/Paris DST,2013-08-17T00:00:00+02:00,na,na,202,202,na,na,na
Eco Counter GmbH,Stadt Freiburg,751,Wiwilibrücke,100004595,YTH23035971,7.8407526,47.995213,(UTC+01:00) Europe/Paris DST,2013-08-17T01:00:00+02:00,na,na,126,126,na,na,na
Eco Counter GmbH,Stadt Freiburg,751,Wiwilibrücke,100004595,YTH23035971,7.8407526,47.995213,(UTC+01:00) Europe/Paris DST,2013-08-17T02:00:00+02:00,na,na,110,110,na,na,na
Eco Counter GmbH,Stadt Freiburg,751,Wiwilibrücke,100004595,YTH23035971,7.8407526,47.995213,(UTC+01:00) Europe/Paris DST,2013-08-17T03:00:00+02:00,na,na,64,64,na,na,na
Eco Counter GmbH,Stadt Freiburg,751,Wiwilibrücke,100004595,YTH23035971,7.8407526,47.995213,(UTC+01:00) Europe/Paris DST,2013-08-17T04:00:00+02:00,na,na,33,33,na,na,na
Eco Counter GmbH,Stadt Freiburg,751,Wiwilibrücke,100004595,YTH23035971,7.8407526,47.995213,(UTC+01:00) Europe/Paris DST,2013-08-17T05:00:00+02:00,na,na,31,31,na,na,na
Eco Counter GmbH,Stadt Freiburg,751,Wiwilibrücke,100004595,YTH23035971,7.8407526,47.995213,(UTC+01:00) Europe/Paris DST,2013-08-17T06:00:00+02:00,na,na,40,40,na,na,na
Eco Counter GmbH,Stadt Freiburg,751,Wiwilibrücke,100004595,YTH23035971,7.8407526,47.995213,(UTC+01:00) Europe/Paris DST,2013-08-17T07:00:00+02:00,na,na,61,61,na,na,na
Eco Counter GmbH,Stadt Freiburg,751,Wiwilibrücke,100004595,YTH23035971,7.8407526,47.995213,(UTC+01:00) Europe/Paris DST,2013-08-17T08:00:00+02:00,na,na,134,134,na,na,na
Eco Counter GmbH,Stadt Freiburg,751,Wiwilibrücke,100004595,YTH23035971,7.8407526,47.995213,(UTC+01:00) Europe/Paris DST,2013-08-17T09:00:00+02:00,na,na,217,217,na,na,na
Eco Counter GmbH,Stadt Freiburg,751,Wiwilibrücke,100004595,YTH23035971,7.8407526,47.995213,(UTC+01:00) Europe/Paris DST,2013-08-17T10:00:00+02:00,na,na,400,400,na,na,na
Eco Counter GmbH,Stadt Freiburg,751,Wiwilibrücke,100004595,YTH23035971,7.8407526,47.995213,(UTC+01:00) Europe/Paris DST,2013-08-17T11:00:00+02:00,na,na,469,469,na,na,na
Eco Counter GmbH,Stadt Freiburg,751,Wiwilibrücke,100004595,YTH23035971,7.8407526,47.995213,(UTC+01:00) Europe/Paris DST,2013-08-17T12:00:00+02:00,na,na,506,506,na,na,na
Eco Counter GmbH,Stadt Freiburg,751,Wiwilibrücke,100004595,YTH23035971,7.8407526,47.995213,(UTC+01:00) Europe/Paris DST,2013-08-17T13:00:00+02:00,na,na,524,524,na,na,na
Eco Counter GmbH,Stadt Freiburg,751,Wiwilibrücke,100004595,YTH23035971,7.8407526,47.995213,(UTC+01:00) Europe/Paris DST,2013-08-17T14:00:00+02:00,na,na,453,453,na,na,na
Eco Counter GmbH,Stadt Freiburg,751,Wiwilibrücke,100004595,YTH23035971,7.8407526,47.995213,(UTC+01:00) Europe/Paris DST,2013-08-17T15:00:00+02:00,na,na,381,381,na,na,na
Eco Counter GmbH,Stadt Freiburg,751,Wiwilibrücke,100004595,YTH23035971,7.8407526,47.995213,(UTC+01:00) Europe/Paris DST,2013-08-17T16:00:00+02:00,na,na,345,345,na,na,na
Eco Counter GmbH,Stadt Freiburg,751,Wiwilibrücke,100004595,YTH23035971,7.8407526,47.995213,(UTC+01:00) Europe/Paris DST,2013-08-17T17:00:00+02:00,na,na,401,401,na,na,na
Eco Counter GmbH,Stadt Freiburg,751,Wiwilibrücke,100004595,YTH23035971,7.8407526,47.995213,(UTC+01:00) Europe/Paris DST,2013-08-17T18:00:00+02:00,na,na,424,424,na,na,na
Eco Counter GmbH,Stadt Freiburg,751,Wiwilibrücke,100004595,YTH23035971,7.8407526,47.995213,(UTC+01:00) Europe/Paris DST,2013-08-17T19:00:00+02:00,na,na,377,377,na,na,na
Eco Counter GmbH,Stadt Freiburg,751,Wiwilibrücke,100004595,YTH23035971,7.8407526,47.995213,(UTC+01:00) Europe/Paris DST,2013-08-17T20:00:00+02:00,na,na,328,328,na,na,na
Eco Counter GmbH,Stadt Freiburg,751,Wiwilibrücke,100004595,YTH23035971,7.8407526,47.995213,(UTC+01:00) Europe/Paris DST,2013-08-17T21:00:00+02:00,na,na,294,294,na,na,na
Eco Counter GmbH,Stadt Freiburg,751,Wiwilibrücke,100004595,YTH23035971,7.8407526,47.995213,(UTC+01:00) Europe/Paris DST,2013-08-17T22:00:00+02:00,na,na,239,239,na,na,na
Eco Counter GmbH,Stadt Freiburg,751,Wiwilibrücke,100004595,YTH23035971,7.8407526,47.995213,(UTC+01:00) Europe/Paris DST,2013-08-17T23:00:00+02:00,na,na,222,222,na,na,na
Eco Counter GmbH,Stadt Freiburg,751,Wiwilibrücke,100004595,YTH23035971,7.8407526,47.995213,(UTC+01:00) Europe/Paris DST,2013-08-18T00:00:00+02:00,na,na,239,239,na,na,na
Eco Counter GmbH,Stadt Freiburg,751,Wiwilibrücke,100004595,YTH23035971,7.8407526,47.995213,(UTC+01:00) Europe/Paris DST,2013-08-18T01:00:00+02:00,na,na,125,125,na,na,na
Eco Counter GmbH,Stadt Freiburg,751,Wiwilibrücke,100004595,YTH23035971,7.8407526,47.995213,(UTC+01:00) Europe/Paris DST,2013-08-18T02:00:00+02:00,na,na,86,86,na,na,na
Eco Counter GmbH,Stadt Freiburg,751,Wiwilibrücke,100004595,YTH23035971,7.8407526,47.995213,(UTC+01:00) Europe/Paris DST,2013-08-18T03:00:00+02:00,na,na,76,76,na,na,na
Eco Counter GmbH,Stadt Freiburg,751,Wiwilibrücke,100004595,YTH23035971,7.8407526,47.995213,(UTC+01:00) Europe/Paris DST,2013-08-18T04:00:00+02:00,na,na,59,59,na,na,na
Eco Counter GmbH,Stadt Freiburg,751,Wiwilibrücke,100004595,YTH23035971,7.8407526,47.995213,(UTC+01:00) Europe/Paris DST,2013-08-18T05:00:00+02:00,na,na,37,37,na,na,na
Eco Counter GmbH,Stadt Freiburg,751,Wiwilibrücke,100004595,YTH23035971,7.8407526,47.995213,(UTC+01:00) Europe/Paris DST,2013-08-18T06:00:00+02:00,na,na,34,34,na,na,na
Eco Counter GmbH,Stadt Freiburg,751,Wiwilibrücke,100004595,YTH23035971,7.8407526,47.995213,(UTC+01:00) Europe/Paris DST,2013-08-18T07:00:00+02:00,na,na,28,28,na,na,na
Eco Counter GmbH,Stadt Freiburg,751,Wiwilibrücke,100004595,YTH23035971,7.8407526,47.995213,(UTC+01:00) Europe/Paris DST,2013-08-18T08:00:00+02:00,na,na,52,52,na,na,na
Eco Counter GmbH,Stadt Freiburg,751,Wiwilibrücke,100004595,YTH23035971,7.8407526,47.995213,(UTC+01:00) Europe/Paris DST,2013-08-18T09:00:00+02:00,na,na,88,88,na,na,na
Eco Counter GmbH,Stadt Freiburg,751,Wiwilibrücke,100004595,YTH23035971,7.8407526,47.995213,(UTC+01:00) Europe/Paris DST,2013-08-18T10:00:00+02:00,na,na,219,219,na,na,na
Eco Counter GmbH,Stadt Freiburg,751,Wiwilibrücke,100004595,YTH23035971,7.8407526,47.995213,(UTC+01:00) Europe/Paris DST,2013-08-18T11:00:00+02:00,na,na,173,173,na,na,na
Eco Counter GmbH,Stadt Freiburg,751,Wiwilibrücke,100004595,YTH23035971,7.8407526,47.995213,(UTC+01:00) Europe/Paris DST,2013-08-18T12:00:00+02:00,na,na,237,237,na,na,na
Eco Counter GmbH,Stadt Freiburg,751,Wiwilibrücke,100004595,YTH23035971,7.8407526,47.995213,(UTC+01:00) Europe/Paris DST,2013-08-18T13:00:00+02:00,na,na,230,230,na,na,na
Eco Counter GmbH,Stadt Freiburg,751,Wiwilibrücke,100004595,YTH23035971,7.8407526,47.995213,(UTC+01:00) Europe/Paris DST,2013-08-18T14:00:00+02:00,na,na,274,274,na,na,na
Eco Counter GmbH,Stadt Freiburg,751,Wiwilibrücke,100004595,YTH23035971,7.8407526,47.995213,(UTC+01:00) Europe/Paris DST,2013-08-18T15:00:00+02:00,na,na,240,240,na,na,na
Eco Counter GmbH,Stadt Freiburg,751,Wiwilibrücke,100004595,YTH23035971,7.8407526,47.995213,(UTC+01:00) Europe/Paris DST,2013-08-18T16:00:00+02:00,na,na,262,262,na,na,na
Eco Counter GmbH,Stadt Freiburg,751,Wiwilibrücke,100004595,YTH23035971,7.8407526,47.995213,(UTC+01:00) Europe/Paris DST,2013-08-18T17:00:00+02:00,na,na,309,309,na,na,na
Eco Counter GmbH,Stadt Freiburg,751,Wiwilibrücke,100004595,YTH23035971,7.8407526,47.995213,(UTC+01:00) Europe/Paris DST,2013-08-18T18:00:00+02:00,na,na,282,282,na,na,na
Eco Counter GmbH,Stadt Freiburg,751,Wiwilibrücke,100004595,YTH23035971,7.8407526,47.995213,(UTC+01:00) Europe/Paris DST,2013-08-18T19:00:00+02:00,na,na,235,235,na,na,na
Eco Counter GmbH,Stadt Freiburg,751,Wiwilibrücke,100004595,YTH23035971,7.8407526,47.995213,(UTC+01:00) Europe/Paris DST,2013-08-18T20:00:00+02:00,na,na,188,188,na,na,na
Eco Counter GmbH,Stadt Freiburg,751,Wiwilibrücke,100004595,YTH23035971,7.8407526,47.995213,(UTC+01:00) Europe/Paris DST,2013-08-18T21:00:00+02:00,na,na,128,128,na,na,na
Eco Counter GmbH,Stadt Freiburg,751,Wiwilibrücke,100004595,YTH23035971,7.8407526,47.995213,(UTC+01:00) Europe/Paris DST,2013-08-18T22:00:00+02:00,na,na,118,118,na,na,na
Eco Counter GmbH,Stadt Freiburg,751,Wiwilibrücke,100004595,YTH23035971,7.8407526,47.995213,(UTC+01:00) Europe/Paris DST,2013-08-18T23:00:00+02:00,na,na,93,93,na,na,na
Eco Counter GmbH,Stadt Freiburg,751,Wiwilibrücke,100004595,YTH23035971,7.8407526,47.995213,(UTC+01:00) Europe/Paris DST,2013-08-19T00:00:00+02:00,na,na,49,49,na,na,na
Eco Counter GmbH,Stadt Freiburg,751,Wiwilibrücke,100004595,YTH23035971,7.8407526,47.995213,(UTC+01:00) Europe/Paris DST,2013-08-19T01:00:00+02:00,na,na,23,23,na,na,na
Eco Counter GmbH,Stadt Freiburg,751,Wiwilibrücke,100004595,YTH23035971,7.8407526,47.995213,(UTC+01:00) Europe/Paris DST,2013-08-19T02:00:00+02:00,na,na,49,49,na,na,na
Eco Counter GmbH,Stadt Freiburg,751,Wiwilibrücke,100004595,YTH23035971,7.8407526,47.995213,(UTC+01:00) Europe/Paris DST,2013-08-19T03:00:00+02:00,na,na,3,3,na,na,na
Eco Counter GmbH,Stadt Freiburg,751,Wiwilibrücke,100004595,YTH23035971,7.8407526,47.995213,(UTC+01:00) Europe/Paris DST,2013-08-19T04:00:00+02:00,na,na,0,0,na,na,na
Eco Counter GmbH,Stadt Freiburg,751,Wiwilibrücke,100004595,YTH23035971,7.8407526,47.995213,(UTC+01:00) Europe/Paris DST,2013-08-19T05:00:00+02:00,na,na,25,25,na,na,na
Eco Counter GmbH,Stadt Freiburg,751,Wiwilibrücke,100004595,YTH23035971,7.8407526,47.995213,(UTC+01:00) Europe/Paris DST,2013-08-19T06:00:00+02:00,na,na,96,96,na,na,na
Eco Counter GmbH,Stadt Freiburg,751,Wiwilibrücke,100004595,YTH23035971,7.8407526,47.995213,(UTC+01:00) Europe/Paris DST,2013-08-19T07:00:00+02:00,na,na,275,275,na,na,na
Eco Counter GmbH,Stadt Freiburg,751,Wiwilibrücke,100004595,YTH23035971,7.8407526,47.995213,(UTC+01:00) Europe/Paris DST,2013-08-19T08:00:00+02:00,na,na,398,398,na,na,na
Eco Counter GmbH,Stadt Freiburg,751,Wiwilibrücke,100004595,YTH23035971,7.8407526,47.995213,(UTC+01:00) Europe/Paris DST,2013-08-19T09:00:00+02:00,na,na,367,367,na,na,na
Eco Counter GmbH,Stadt Freiburg,751,Wiwilibrücke,100004595,YTH23035971,7.8407526,47.995213,(UTC+01:00) Europe/Paris DST,2013-08-19T10:00:00+02:00,na,na,368,368,na,na,na
Eco Counter GmbH,Stadt Freiburg,751,Wiwilibrücke,100004595,YTH23035971,7.8407526,47.995213,(UTC+01:00) Europe/Paris DST,2013-08-19T11:00:00+02:00,na,na,342,342,na,na,na
Eco Counter GmbH,Stadt Freiburg,751,Wiwilibrücke,100004595,YTH23035971,7.8407526,47.995213,(UTC+01:00) Europe/Paris DST,2013-08-19T12:00:00+02:00,na,na,437,437,na,na,na
Eco Counter GmbH,Stadt Freiburg,751,Wiwilibrücke,100004595,YTH23035971,7.8407526,47.995213,(UTC+01:00) Europe/Paris DST,2013-08-19T13:00:00+02:00,na,na,337,337,na,na,na
Eco Counter GmbH,Stadt Freiburg,751,Wiwilibrücke,100004595,YTH23035971,7.8407526,47.995213,(UTC+01:00) Europe/Paris DST,2013-08-19T14:00:00+02:00,na,na,339,339,na,na,na
Eco Counter GmbH,Stadt Freiburg,751,Wiwilibrücke,100004595,YTH23035971,7.8407526,47.995213,(UTC+01:00) Europe/Paris DST,2013-08-19T15:00:00+02:00,na,na,344,344,na,na,na
Eco Counter GmbH,Stadt Freiburg,751,Wiwilibrücke,100004595,YTH23035971,7.8407526,47.995213,(UTC+01:00) Europe/Paris DST,2013-08-19T16:00:00+02:00,na,na,430,430,na,na,na
Eco Counter GmbH,Stadt Freiburg,751,Wiwilibrücke,100004595,YTH23035971,7.8407526,47.995213,(UTC+01:00) Europe/Paris DST,2013-08-19T17:00:00+02:00,na,na,502,502,na,na,na
Eco Counter GmbH,Stadt Freiburg,751,Wiwilibrücke,100004595,YTH23035971,7.8407526,47.995213,(UTC+01:00) Europe/Paris DST,2013-08-19T18:00:00+02:00,na,na,508,508,na,na,na
Eco Counter GmbH,Stadt Freiburg,751,Wiwilibrücke,100004595,YTH23035971,7.8407526,47.995213,(UTC+01:00) Europe/Paris DST,2013-08-19T19:00:00+02:00,na,na,482,482,na,na,na
Eco Counter GmbH,Stadt Freiburg,751,Wiwilibrücke,100004595,YTH23035971,7.8407526,47.995213,(UTC+01:00) Europe/Paris DST,2013-08-19T20:00:00+02:00,na,na,321,321,na,na,na
Eco Counter GmbH,Stadt Freiburg,751,Wiwilibrücke,100004595,YTH23035971,7.8407526,47.995213,(UTC+01:00) Europe/Paris DST,2013-08-19T21:00:00+02:00,na,na,174,174,na,na,na
Eco Counter GmbH,Stadt Freiburg,751,Wiwilibrücke,100004595,YTH23035971,7.8407526,47.995213,(UTC+01:00) Europe/Paris DST,2013-08-19T22:00:00+02:00,na,na,153,153,na,na,na
Eco Counter GmbH,Stadt Freiburg,751,Wiwilibrücke,100004595,YTH23035971,7.8407526,47.995213,(UTC+01:00) Europe/Paris DST,2013-08-19T23:00:00+02:00,na,na,132,132,na,na,na
Eco Counter GmbH,Stadt Freiburg,751,Wiwilibrücke,100004595,YTH23035971,7.8407526,47.995213,(UTC+01:00) Europe/Paris DST,2013-08-20T00:00:00+02:00,na,na,105,105,na,na,na
Eco Counter GmbH,Stadt Freiburg,751,Wiwilibrücke,100004595,YTH23035971,7.8407526,47.995213,(UTC+01:00) Europe/Paris DST,2013-08-20T01:00:00+02:00,na,na,55,55,na,na,na
Eco Counter GmbH,Stadt Freiburg,751,Wiwilibrücke,100004595,YTH23035971,7.8407526,47.995213,(UTC+01:00) Europe/Paris DST,2013-08-20T02:00:00+02:00,na,na,15,15,na,na,na
Eco Counter GmbH,Stadt Freiburg,751,Wiwilibrücke,100004595,YTH23035971,7.8407526,47.995213,(UTC+01:00) Europe/Paris DST,2013-08-20T03:00:00+02:00,na,na,17,17,na,na,na
Eco Counter GmbH,Stadt Freiburg,751,Wiwilibrücke,100004595,YTH23035971,7.8407526,47.995213,(UTC+01:00) Europe/Paris DST,2013-08-20T04:00:00+02:00,na,na,13,13,na,na,na
Eco Counter GmbH,Stadt Freiburg,751,Wiwilibrücke,100004595,YTH23035971,7.8407526,47.995213,(UTC+01:00) Europe/Paris DST,2013-08-20T05:00:00+02:00,na,na,25,25,na,na,na
Eco Counter GmbH,Stadt Freiburg,751,Wiwilibrücke,100004595,YTH23035971,7.8407526,47.995213,(UTC+01:00) Europe/Paris DST,2013-08-20T06:00:00+02:00,na,na,95,95,na,na,na
Eco Counter GmbH,Stadt Freiburg,751,Wiwilibrücke,100004595,YTH23035971,7.8407526,47.995213,(UTC+01:00) Europe/Paris DST,2013-08-20T07:00:00+02:00,na,na,317,317,na,na,na
Eco Counter GmbH,Stadt Freiburg,751,Wiwilibrücke,100004595,YTH23035971,7.8407526,47.995213,(UTC+01:00) Europe/Paris DST,2013-08-20T08:00:00+02:00,na,na,488,488,na,na,na
Eco Counter GmbH,Stadt Freiburg,751,Wiwilibrücke,100004595,YTH23035971,7.8407526,47.995213,(UTC+01:00) Europe/Paris DST,2013-08-20T09:00:00+02:00,na,na,435,435,na,na,na
Eco Counter GmbH,Stadt Freiburg,751,Wiwilibrücke,100004595,YTH23035971,7.8407526,47.995213,(UTC+01:00) Europe/Paris DST,2013-08-20T10:00:00+02:00,na,na,358,358,na,na,na
Eco Counter GmbH,Stadt Freiburg,751,Wiwilibrücke,100004595,YTH23035971,7.8407526,47.995213,(UTC+01:00) Europe/Paris DST,2013-08-20T11:00:00+02:00,na,na,429,429,na,na,na
Eco Counter GmbH,Stadt Freiburg,751,Wiwilibrücke,100004595,YTH23035971,7.8407526,47.995213,(UTC+01:00) Europe/Paris DST,2013-08-20T12:00:00+02:00,na,na,513,513,na,na,na
Eco Counter GmbH,Stadt Freiburg,751,Wiwilibrücke,100004595,YTH23035971,7.8407526,47.995213,(UTC+01:00) Europe/Paris DST,2013-08-20T13:00:00+02:00,na,na,507,507,na,na,na
Eco Counter GmbH,Stadt Freiburg,751,Wiwilibrücke,100004595,YTH23035971,7.8407526,47.995213,(UTC+01:00) Europe/Paris DST,2013-08-20T14:00:00+02:00,na,na,482,482,na,na,na
Eco Counter GmbH,Stadt Freiburg,751,Wiwilibrücke,100004595,YTH23035971,7.8407526,47.995213,(UTC+01:00) Europe/Paris DST,2013-08-20T15:00:00+02:00,na,na,445,445,na,na,na
Eco Counter GmbH,Stadt Freiburg,751,Wiwilibrücke,100004595,YTH23035971,7.8407526,47.995213,(UTC+01:00) Europe/Paris DST,2013-08-20T16:00:00+02:00,na,na,573,573,na,na,na
Eco Counter GmbH,Stadt Freiburg,751,Wiwilibrücke,100004595,YTH23035971,7.8407526,47.995213,(UTC+01:00) Europe/Paris DST,2013-08-20T17:00:00+02:00,na,na,735,735,na,na,na
Eco Counter GmbH,Stadt Freiburg,751,Wiwilibrücke,100004595,YTH23035971,7.8407526,47.995213,(UTC+01:00) Europe/Paris DST,2013-08-20T18:00:00+02:00,na,na,737,737,na,na,na
Eco Counter GmbH,Stadt Freiburg,751,Wiwilibrücke,100004595,YTH23035971,7.8407526,47.995213,(UTC+01:00) Europe/Paris DST,2013-08-20T19:00:00+02:00,na,na,520,520,na,na,na
Eco Counter GmbH,Stadt Freiburg,751,Wiwilibrücke,100004595,YTH23035971,7.8407526,47.995213,(UTC+01:00) Europe/Paris DST,2013-08-20T20:00:00+02:00,na,na,443,443,na,na,na
Eco Counter GmbH,Stadt Freiburg,751,Wiwilibrücke,100004595,YTH23035971,7.8407526,47.995213,(UTC+01:00) Europe/Paris DST,2013-08-20T21:00:00+02:00,na,na,287,287,na,na,na
Eco Counter GmbH,Stadt Freiburg,751,Wiwilibrücke,100004595,YTH23035971,7.8407526,47.995213,(UTC+01:00) Europe/Paris DST,2013-08-20T22:00:00+02:00,na,na,254,254,na,na,na
Eco Counter GmbH,Stadt Freiburg,751,Wiwilibrücke,100004595,YTH23035971,7.8407526,47.995213,(UTC+01:00) Europe/Paris DST,2013-08-20T23:00:00+02:00,na,na,184,184,na,na,na
Eco Counter GmbH,Stadt Freiburg,751,Wiwilibrücke,100004595,YTH23035971,7.8407526,47.995213,(UTC+01:00) Europe/Paris DST,2013-08-21T00:00:00+02:00,na,na,92,92,na,na,na
Eco Counter GmbH,Stadt Freiburg,751,Wiwilibrücke,100004595,YTH23035971,7.8407526,47.995213,(UTC+01:00) Europe/Paris DST,2013-08-21T01:00:00+02:00,na,na,50,50,na,na,na
Eco Counter GmbH,Stadt Freiburg,751,Wiwilibrücke,100004595,YTH23035971,7.8407526,47.995213,(UTC+01:00) Europe/Paris DST,2013-08-21T02:00:00+02:00,na,na,42,42,na,na,na
Eco Counter GmbH,Stadt Freiburg,751,Wiwilibrücke,100004595,YTH23035971,7.8407526,47.995213,(UTC+01:00) Europe/Paris DST,2013-08-21T03:00:00+02:00,na,na,12,12,na,na,na
Eco Counter GmbH,Stadt Freiburg,751,Wiwilibrücke,100004595,YTH23035971,7.8407526,47.995213,(UTC+01:00) Europe/Paris DST,2013-08-21T04:00:00+02:00,na,na,9,9,na,na,na
Eco Counter GmbH,Stadt Freiburg,751,Wiwilibrücke,100004595,YTH23035971,7.8407526,47.995213,(UTC+01:00) Europe/Paris DST,2013-08-21T05:00:00+02:00,na,na,35,35,na,na,na
Eco Counter GmbH,Stadt Freiburg,751,Wiwilibrücke,100004595,YTH23035971,7.8407526,47.995213,(UTC+01:00) Europe/Paris DST,2013-08-21T06:00:00+02:00,na,na,95,95,na,na,na
Eco Counter GmbH,Stadt Freiburg,751,Wiwilibrücke,100004595,YTH23035971,7.8407526,47.995213,(UTC+01:00) Europe/Paris DST,2013-08-21T07:00:00+02:00,na,na,322,322,na,na,na
Eco Counter GmbH,Stadt Freiburg,751,Wiwilibrücke,100004595,YTH23035971,7.8407526,47.995213,(UTC+01:00) Europe/Paris DST,2013-08-21T08:00:00+02:00,na,na,529,529,na,na,na
Eco Counter GmbH,Stadt Freiburg,751,Wiwilibrücke,100004595,YTH23035971,7.8407526,47.995213,(UTC+01:00) Europe/Paris DST,2013-08-21T09:00:00+02:00,na,na,447,447,na,na,na
Eco Counter GmbH,Stadt Freiburg,751,Wiwilibrücke,100004595,YTH23035971,7.8407526,47.995213,(UTC+01:00) Europe/Paris DST,2013-08-21T10:00:00+02:00,na,na,418,418,na,na,na
Eco Counter GmbH,Stadt Freiburg,751,Wiwilibrücke,100004595,YTH23035971,7.8407526,47.995213,(UTC+01:00) Europe/Paris DST,2013-08-21T11:00:00+02:00,na,na,395,395,na,na,na
Eco Counter GmbH,Stadt Freiburg,751,Wiwilibrücke,100004595,YTH23035971,7.8407526,47.995213,(UTC+01:00) Europe/Paris DST,2013-08-21T12:00:00+02:00,na,na,506,506,na,na,na
Eco Counter GmbH,Stadt Freiburg,751,Wiwilibrücke,100004595,YTH23035971,7.8407526,47.995213,(UTC+01:00) Europe/Paris DST,2013-08-21T13:00:00+02:00,na,na,558,558,na,na,na
Eco Counter GmbH,Stadt Freiburg,751,Wiwilibrücke,100004595,YTH23035971,7.8407526,47.995213,(UTC+01:00) Europe/Paris DST,2013-08-21T14:00:00+02:00,na,na,485,485,na,na,na
Eco Counter GmbH,Stadt Freiburg,751,Wiwilibrücke,100004595,YTH23035971,7.8407526,47.995213,(UTC+01:00) Europe/Paris DST,2013-08-21T15:00:00+02:00,na,na,439,439,na,na,na
Eco Counter GmbH,Stadt Freiburg,751,Wiwilibrücke,100004595,YTH23035971,7.8407526,47.995213,(UTC+01:00) Europe/Paris DST,2013-08-21T16:00:00+02:00,na,na,551,551,na,na,na
Eco Counter GmbH,Stadt Freiburg,751,Wiwilibrücke,100004595,YTH23035971,7.8407526,47.995213,(UTC+01:00) Europe/Paris DST,2013-08-21T17:00:00+02:00,na,na,683,683,na,na,na
Eco Counter GmbH,Stadt Freiburg,751,Wiwilibrücke,100004595,YTH23035971,7.8407526,47.995213,(UTC+01:00) Europe/Paris DST,2013-08-21T18:00:00+02:00,na,na,672,672,na,na,na
Eco Counter GmbH,Stadt Freiburg,751,Wiwilibrücke,100004595,YTH23035971,7.8407526,47.995213,(UTC+01:00) Europe/Paris DST,2013-08-21T19:00:00+02:00,na,na,582,582,na,na,na
Eco Counter GmbH,Stadt Freiburg,751,Wiwilibrücke,100004595,YTH23035971,7.8407526,47.995213,(UTC+01:00) Europe/Paris DST,2013-08-21T20:00:00+02:00,na,na,429,429,na,na,na
Eco Counter GmbH,Stadt Freiburg,751,Wiwilibrücke,100004595,YTH23035971,7.8407526,47.995213,(UTC+01:00) Europe/Paris DST,2013-08-21T21:00:00+02:00,na,na,312,312,na,na,na
Eco Counter GmbH,Stadt Freiburg,751,Wiwilibrücke,100004595,YTH23035971,7.8407526,47.995213,(UTC+01:00) Europe/Paris DST,2013-08-21T22:00:00+02:00,na,na,247,247,na,na,na
Eco Counter GmbH,Stadt Freiburg,751,Wiwilibrücke,100004595,YTH23035971,7.8407526,47.995213,(UTC+01:00) Europe/Paris DST,2013-08-21T23:00:00+02:00,na,na,211,211,na,na,na
Eco Counter GmbH,Stadt Freiburg,751,Wiwilibrücke,100004595,YTH23035971,7.8407526,47.995213,(UTC+01:00) Europe/Paris DST,2013-08-22T00:00:00+02:00,na,na,126,126,na,na,na
Eco Counter GmbH,Stadt Freiburg,751,Wiwilibrücke,100004595,YTH23035971,7.8407526,47.995213,(UTC+01:00) Europe/Paris DST,2013-08-22T01:00:00+02:00,na,na,56,56,na,na,na
Eco Counter GmbH,Stadt Freiburg,751,Wiwilibrücke,100004595,YTH23035971,7.8407526,47.995213,(UTC+01:00) Europe/Paris DST,2013-08-22T02:00:00+02:00,na,na,37,37,na,na,na
Eco Counter GmbH,Stadt Freiburg,751,Wiwilibrücke,100004595,YTH23035971,7.8407526,47.995213,(UTC+01:00) Europe/Paris DST,2013-08-22T03:00:00+02:00,na,na,10,10,na,na,na
Eco Counter GmbH,Stadt Freiburg,751,Wiwilibrücke,100004595,YTH23035971,7.8407526,47.995213,(UTC+01:00) Europe/Paris DST,2013-08-22T04:00:00+02:00,na,na,16,16,na,na,na
Eco Counter GmbH,Stadt Freiburg,751,Wiwilibrücke,100004595,YTH23035971,7.8407526,47.995213,(UTC+01:00) Europe/Paris DST,2013-08-22T05:00:00+02:00,na,na,26,26,na,na,na
Eco Counter GmbH,Stadt Freiburg,751,Wiwilibrücke,100004595,YTH23035971,7.8407526,47.995213,(UTC+01:00) Europe/Paris DST,2013-08-22T06:00:00+02:00,na,na,102,102,na,na,na
Eco Counter GmbH,Stadt Freiburg,751,Wiwilibrücke,100004595,YTH23035971,7.8407526,47.995213,(UTC+01:00) Europe/Paris DST,2013-08-22T07:00:00+02:00,na,na,312,312,na,na,na
Eco Counter GmbH,Stadt Freiburg,751,Wiwilibrücke,100004595,YTH23035971,7.8407526,47.995213,(UTC+01:00) Europe/Paris DST,2013-08-22T08:00:00+02:00,na,na,474,474,na,na,na
Eco Counter GmbH,Stadt Freiburg,751,Wiwilibrücke,100004595,YTH23035971,7.8407526,47.995213,(UTC+01:00) Europe/Paris DST,2013-08-22T09:00:00+02:00,na,na,388,388,na,na,na
Eco Counter GmbH,Stadt Freiburg,751,Wiwilibrücke,100004595,YTH23035971,7.8407526,47.995213,(UTC+01:00) Europe/Paris DST,2013-08-22T10:00:00+02:00,na,na,346,346,na,na,na
Eco Counter GmbH,Stadt Freiburg,751,Wiwilibrücke,100004595,YTH23035971,7.8407526,47.995213,(UTC+01:00) Europe/Paris DST,2013-08-22T11:00:00+02:00,na,na,340,340,na,na,na
Eco Counter GmbH,Stadt Freiburg,751,Wiwilibrücke,100004595,YTH23035971,7.8407526,47.995213,(UTC+01:00) Europe/Paris DST,2013-08-22T12:00:00+02:00,na,na,514,514,na,na,na
Eco Counter GmbH,Stadt Freiburg,751,Wiwilibrücke,100004595,YTH23035971,7.8407526,47.995213,(UTC+01:00) Europe/Paris DST,2013-08-22T13:00:00+02:00,na,na,508,508,na,na,na
Eco Counter GmbH,Stadt Freiburg,751,Wiwilibrücke,100004595,YTH23035971,7.8407526,47.995213,(UTC+01:00) Europe/Paris DST,2013-08-22T14:00:00+02:00,na,na,484,484,na,na,na
Eco Counter GmbH,Stadt Freiburg,751,Wiwilibrücke,100004595,YTH23035971,7.8407526,47.995213,(UTC+01:00) Europe/Paris DST,2013-08-22T15:00:00+02:00,na,na,457,457,na,na,na
Eco Counter GmbH,Stadt Freiburg,751,Wiwilibrücke,100004595,YTH23035971,7.8407526,47.995213,(UTC+01:00) Europe/Paris DST,2013-08-22T16:00:00+02:00,na,na,534,534,na,na,na
Eco Counter GmbH,Stadt Freiburg,751,Wiwilibrücke,100004595,YTH23035971,7.8407526,47.995213,(UTC+01:00) Europe/Paris DST,2013-08-22T17:00:00+02:00,na,na,705,705,na,na,na
Eco Counter GmbH,Stadt Freiburg,751,Wiwilibrücke,100004595,YTH23035971,7.8407526,47.995213,(UTC+01:00) Europe/Paris DST,2013-08-22T18:00:00+02:00,na,na,716,716,na,na,na
Eco Counter GmbH,Stadt Freiburg,751,Wiwilibrücke,100004595,YTH23035971,7.8407526,47.995213,(UTC+01:00) Europe/Paris DST,2013-08-22T19:00:00+02:00,na,na,506,506,na,na,na
Eco Counter GmbH,Stadt Freiburg,751,Wiwilibrücke,100004595,YTH23035971,7.8407526,47.995213,(UTC+01:00) Europe/Paris DST,2013-08-22T20:00:00+02:00,na,na,410,410,na,na,na
Eco Counter GmbH,Stadt Freiburg,751,Wiwilibrücke,100004595,YTH23035971,7.8407526,47.995213,(UTC+01:00) Europe/Paris DST,2013-08-22T21:00:00+02:00,na,na,313,313,na,na,na
Eco Counter GmbH,Stadt Freiburg,751,Wiwilibrücke,100004595,YTH23035971,7.8407526,47.995213,(UTC+01:00) Europe/Paris DST,2013-08-22T22:00:00+02:00,na,na,237,237,na,na,na
Eco Counter GmbH,Stadt Freiburg,751,Wiwilibrücke,100004595,YTH23035971,7.8407526,47.995213,(UTC+01:00) Europe/Paris DST,2013-08-22T23:00:00+02:00,na,na,227,227,na,na,na
Eco Counter GmbH,Stadt Freiburg,751,Wiwilibrücke,100004595,YTH23035971,7.8407526,47.995213,(UTC+01:00) Europe/Paris DST,2013-08-23T00:00:00+02:00,na,na,130,130,na,na,na
Eco Counter GmbH,Stadt Freiburg,751,Wiwilibrücke,100004595,YTH23035971,7.8407526,47.995213,(UTC+01:00) Europe/Paris DST,2013-08-23T01:00:00+02:00,na,na,82,82,na,na,na
Eco Counter GmbH,Stadt Freiburg,751,Wiwilibrücke,100004595,YTH23035971,7.8407526,47.995213,(UTC+01:00) Europe/Paris DST,2013-08-23T02:00:00+02:00,na,na,40,40,na,na,na
Eco Counter GmbH,Stadt Freiburg,751,Wiwilibrücke,100004595,YTH23035971,7.8407526,47.995213,(UTC+01:00) Europe/Paris DST,2013-08-23T03:00:00+02:00,na,na,38,38,na,na,na
Eco Counter GmbH,Stadt Freiburg,751,Wiwilibrücke,100004595,YTH23035971,7.8407526,47.995213,(UTC+01:00) Europe/Paris DST,2013-08-23T04:00:00+02:00,na,na,12,12,na,na,na
Eco Counter GmbH,Stadt Freiburg,751,Wiwilibrücke,100004595,YTH23035971,7.8407526,47.995213,(UTC+01:00) Europe/Paris DST,2013-08-23T05:00:00+02:00,na,na,21,21,na,na,na
Eco Counter GmbH,Stadt Freiburg,751,Wiwilibrücke,100004595,YTH23035971,7.8407526,47.995213,(UTC+01:00) Europe/Paris DST,2013-08-23T06:00:00+02:00,na,na,92,92,na,na,na
Eco Counter GmbH,Stadt Freiburg,751,Wiwilibrücke,100004595,YTH23035971,7.8407526,47.995213,(UTC+01:00) Europe/Paris DST,2013-08-23T07:00:00+02:00,na,na,271,271,na,na,na
Eco Counter GmbH,Stadt Freiburg,751,Wiwilibrücke,100004595,YTH23035971,7.8407526,47.995213,(UTC+01:00) Europe/Paris DST,2013-08-23T08:00:00+02:00,na,na,425,425,na,na,na
Eco Counter GmbH,Stadt Freiburg,751,Wiwilibrücke,100004595,YTH23035971,7.8407526,47.995213,(UTC+01:00) Europe/Paris DST,2013-08-23T09:00:00+02:00,na,na,391,391,na,na,na
Eco Counter GmbH,Stadt Freiburg,751,Wiwilibrücke,100004595,YTH23035971,7.8407526,47.995213,(UTC+01:00) Europe/Paris DST,2013-08-23T10:00:00+02:00,na,na,349,349,na,na,na
Eco Counter GmbH,Stadt Freiburg,751,Wiwilibrücke,100004595,YTH23035971,7.8407526,47.995213,(UTC+01:00) Europe/Paris DST,2013-08-23T11:00:00+02:00,na,na,419,419,na,na,na
Eco Counter GmbH,Stadt Freiburg,751,Wiwilibrücke,100004595,YTH23035971,7.8407526,47.995213,(UTC+01:00) Europe/Paris DST,2013-08-23T12:00:00+02:00,na,na,488,488,na,na,na
Eco Counter GmbH,Stadt Freiburg,751,Wiwilibrücke,100004595,YTH23035971,7.8407526,47.995213,(UTC+01:00) Europe/Paris DST,2013-08-23T13:00:00+02:00,na,na,553,553,na,na,na
Eco Counter GmbH,Stadt Freiburg,751,Wiwilibrücke,100004595,YTH23035971,7.8407526,47.995213,(UTC+01:00) Europe/Paris DST,2013-08-23T14:00:00+02:00,na,na,532,532,na,na,na
Eco Counter GmbH,Stadt Freiburg,751,Wiwilibrücke,100004595,YTH23035971,7.8407526,47.995213,(UTC+01:00) Europe/Paris DST,2013-08-23T15:00:00+02:00,na,na,505,505,na,na,na
Eco Counter GmbH,Stadt Freiburg,751,Wiwilibrücke,100004595,YTH23035971,7.8407526,47.995213,(UTC+01:00) Europe/Paris DST,2013-08-23T16:00:00+02:00,na,na,546,546,na,na,na
Eco Counter GmbH,Stadt Freiburg,751,Wiwilibrücke,100004595,YTH23035971,7.8407526,47.995213,(UTC+01:00) Europe/Paris DST,2013-08-23T17:00:00+02:00,na,na,537,537,na,na,na
Eco Counter GmbH,Stadt Freiburg,751,Wiwilibrücke,100004595,YTH23035971,7.8407526,47.995213,(UTC+01:00) Europe/Paris DST,2013-08-23T18:00:00+02:00,na,na,539,539,na,na,na
Eco Counter GmbH,Stadt Freiburg,751,Wiwilibrücke,100004595,YTH23035971,7.8407526,47.995213,(UTC+01:00) Europe/Paris DST,2013-08-23T19:00:00+02:00,na,na,462,462,na,na,na
Eco Counter GmbH,Stadt Freiburg,751,Wiwilibrücke,100004595,YTH23035971,7.8407526,47.995213,(UTC+01:00) Europe/Paris DST,2013-08-23T20:00:00+02:00,na,na,352,352,na,na,na
Eco Counter GmbH,Stadt Freiburg,751,Wiwilibrücke,100004595,YTH23035971,7.8407526,47.995213,(UTC+01:00) Europe/Paris DST,2013-08-23T21:00:00+02:00,na,na,283,283,na,na,na
Eco Counter GmbH,Stadt Freiburg,751,Wiwilibrücke,100004595,YTH23035971,7.8407526,47.995213,(UTC+01:00) Europe/Paris DST,2013-08-23T22:00:00+02:00,na,na,228,228,na,na,na
Eco Counter GmbH,Stadt Freiburg,751,Wiwilibrücke,100004595,YTH23035971,7.8407526,47.995213,(UTC+01:00) Europe/Paris DST,2013-08-23T23:00:00+02:00,na,na,249,249,na,na,na
Eco Counter GmbH,Stadt Freiburg,751,Wiwilibrücke,100004595,YTH23035971,7.8407526,47.995213,(UTC+01:00) Europe/Paris DST,2013-08-24T00:00:00+02:00,na,na,222,222,na,na,na
Eco Counter GmbH,Stadt Freiburg,751,Wiwilibrücke,100004595,YTH23035971,7.8407526,47.995213,(UTC+01:00) Europe/Paris DST,2013-08-24T01:00:00+02:00,na,na,145,145,na,na,na
Eco Counter GmbH,Stadt Freiburg,751,Wiwilibrücke,100004595,YTH23035971,7.8407526,47.995213,(UTC+01:00) Europe/Paris DST,2013-08-24T02:00:00+02:00,na,na,88,88,na,na,na
Eco Counter GmbH,Stadt Freiburg,751,Wiwilibrücke,100004595,YTH23035971,7.8407526,47.995213,(UTC+01:00) Europe/Paris DST,2013-08-24T03:00:00+02:00,na,na,73,73,na,na,na
Eco Counter GmbH,Stadt Freiburg,751,Wiwilibrücke,100004595,YTH23035971,7.8407526,47.995213,(UTC+01:00) Europe/Paris DST,2013-08-24T04:00:00+02:00,na,na,59,59,na,na,na
Eco Counter GmbH,Stadt Freiburg,751,Wiwilibrücke,100004595,YTH23035971,7.8407526,47.995213,(UTC+01:00) Europe/Paris DST,2013-08-24T05:00:00+02:00,na,na,33,33,na,na,na
Eco Counter GmbH,Stadt Freiburg,751,Wiwilibrücke,100004595,YTH23035971,7.8407526,47.995213,(UTC+01:00) Europe/Paris DST,2013-08-24T06:00:00+02:00,na,na,34,34,na,na,na
Eco Counter GmbH,Stadt Freiburg,751,Wiwilibrücke,100004595,YTH23035971,7.8407526,47.995213,(UTC+01:00) Europe/Paris DST,2013-08-24T07:00:00+02:00,na,na,49,49,na,na,na
Eco Counter GmbH,Stadt Freiburg,751,Wiwilibrücke,100004595,YTH23035971,7.8407526,47.995213,(UTC+01:00) Europe/Paris DST,2013-08-24T08:00:00+02:00,na,na,121,121,na,na,na
Eco Counter GmbH,Stadt Freiburg,751,Wiwilibrücke,100004595,YTH23035971,7.8407526,47.995213,(UTC+01:00) Europe/Paris DST,2013-08-24T09:00:00+02:00,na,na,228,228,na,na,na
Eco Counter GmbH,Stadt Freiburg,751,Wiwilibrücke,100004595,YTH23035971,7.8407526,47.995213,(UTC+01:00) Europe/Paris DST,2013-08-24T10:00:00+02:00,na,na,356,356,na,na,na
Eco Counter GmbH,Stadt Freiburg,751,Wiwilibrücke,100004595,YTH23035971,7.8407526,47.995213,(UTC+01:00) Europe/Paris DST,2013-08-24T11:00:00+02:00,na,na,336,336,na,na,na
Eco Counter GmbH,Stadt Freiburg,751,Wiwilibrücke,100004595,YTH23035971,7.8407526,47.995213,(UTC+01:00) Europe/Paris DST,2013-08-24T12:00:00+02:00,na,na,232,232,na,na,na
Eco Counter GmbH,Stadt Freiburg,751,Wiwilibrücke,100004595,YTH23035971,7.8407526,47.995213,(UTC+01:00) Europe/Paris DST,2013-08-24T13:00:00+02:00,na,na,175,175,na,na,na
Eco Counter GmbH,Stadt Freiburg,751,Wiwilibrücke,100004595,YTH23035971,7.8407526,47.995213,(UTC+01:00) Europe/Paris DST,2013-08-24T14:00:00+02:00,na,na,180,180,na,na,na
Eco Counter GmbH,Stadt Freiburg,751,Wiwilibrücke,100004595,YTH23035971,7.8407526,47.995213,(UTC+01:00) Europe/Paris DST,2013-08-24T15:00:00+02:00,na,na,307,307,na,na,na
Eco Counter GmbH,Stadt Freiburg,751,Wiwilibrücke,100004595,YTH23035971,7.8407526,47.995213,(UTC+01:00) Europe/Paris DST,2013-08-24T16:00:00+02:00,na,na,235,235,na,na,na
Eco Counter GmbH,Stadt Freiburg,751,Wiwilibrücke,100004595,YTH23035971,7.8407526,47.995213,(UTC+01:00) Europe/Paris DST,2013-08-24T17:00:00+02:00,na,na,244,244,na,na,na
Eco Counter GmbH,Stadt Freiburg,751,Wiwilibrücke,100004595,YTH23035971,7.8407526,47.995213,(UTC+01:00) Europe/Paris DST,2013-08-24T18:00:00+02:00,na,na,308,308,na,na,na
Eco Counter GmbH,Stadt Freiburg,751,Wiwilibrücke,100004595,YTH23035971,7.8407526,47.995213,(UTC+01:00) Europe/Paris DST,2013-08-24T19:00:00+02:00,na,na,257,257,na,na,na
Eco Counter GmbH,Stadt Freiburg,751,Wiwilibrücke,100004595,YTH23035971,7.8407526,47.995213,(UTC+01:00) Europe/Paris DST,2013-08-24T20:00:00+02:00,na,na,233,233,na,na,na
Eco Counter GmbH,Stadt Freiburg,751,Wiwilibrücke,100004595,YTH23035971,7.8407526,47.995213,(UTC+01:00) Europe/Paris DST,2013-08-24T21:00:00+02:00,na,na,206,206,na,na,na
Eco Counter GmbH,Stadt Freiburg,751,Wiwilibrücke,100004595,YTH23035971,7.8407526,47.995213,(UTC+01:00) Europe/Paris DST,2013-08-24T22:00:00+02:00,na,na,147,147,na,na,na
Eco Counter GmbH,Stadt Freiburg,751,Wiwilibrücke,100004595,YTH23035971,7.8407526,47.995213,(UTC+01:00) Europe/Paris DST,2013-08-24T23:00:00+02:00,na,na,136,136,na,na,na
Eco Counter GmbH,Stadt Freiburg,751,Wiwilibrücke,100004595,YTH23035971,7.8407526,47.995213,(UTC+01:00) Europe/Paris DST,2013-08-25T00:00:00+02:00,na,na,124,124,na,na,na
Eco Counter GmbH,Stadt Freiburg,751,Wiwilibrücke,100004595,YTH23035971,7.8407526,47.995213,(UTC+01:00) Europe/Paris DST,2013-08-25T01:00:00+02:00,na,na,143,143,na,na,na
Eco Counter GmbH,Stadt Freiburg,751,Wiwilibrücke,100004595,YTH23035971,7.8407526,47.995213,(UTC+01:00) Europe/Paris DST,2013-08-25T02:00:00+02:00,na,na,73,73,na,na,na
Eco Counter GmbH,Stadt Freiburg,751,Wiwilibrücke,100004595,YTH23035971,7.8407526,47.995213,(UTC+01:00) Europe/Paris DST,2013-08-25T03:00:00+02:00,na,na,68,68,na,na,na
Eco Counter GmbH,Stadt Freiburg,751,Wiwilibrücke,100004595,YTH23035971,7.8407526,47.995213,(UTC+01:00) Europe/Paris DST,2013-08-25T04:00:00+02:00,na,na,43,43,na,na,na
Eco Counter GmbH,Stadt Freiburg,751,Wiwilibrücke,100004595,YTH23035971,7.8407526,47.995213,(UTC+01:00) Europe/Paris DST,2013-08-25T05:00:00+02:00,na,na,25,25,na,na,na
Eco Counter GmbH,Stadt Freiburg,751,Wiwilibrücke,100004595,YTH23035971,7.8407526,47.995213,(UTC+01:00) Europe/Paris DST,2013-08-25T06:00:00+02:00,na,na,35,35,na,na,na
Eco Counter GmbH,Stadt Freiburg,751,Wiwilibrücke,100004595,YTH23035971,7.8407526,47.995213,(UTC+01:00) Europe/Paris DST,2013-08-25T07:00:00+02:00,na,na,24,24,na,na,na
Eco Counter GmbH,Stadt Freiburg,751,Wiwilibrücke,100004595,YTH23035971,7.8407526,47.995213,(UTC+01:00) Europe/Paris DST,2013-08-25T08:00:00+02:00,na,na,29,29,na,na,na
Eco Counter GmbH,Stadt Freiburg,751,Wiwilibrücke,100004595,YTH23035971,7.8407526,47.995213,(UTC+01:00) Europe/Paris DST,2013-08-25T09:00:00+02:00,na,na,53,53,na,na,na
Eco Counter GmbH,Stadt Freiburg,751,Wiwilibrücke,100004595,YTH23035971,7.8407526,47.995213,(UTC+01:00) Europe/Paris DST,2013-08-25T10:00:00+02:00,na,na,104,104,na,na,na
Eco Counter GmbH,Stadt Freiburg,751,Wiwilibrücke,100004595,YTH23035971,7.8407526,47.995213,(UTC+01:00) Europe/Paris DST,2013-08-25T11:00:00+02:00,na,na,127,127,na,na,na
Eco Counter GmbH,Stadt Freiburg,751,Wiwilibrücke,100004595,YTH23035971,7.8407526,47.995213,(UTC+01:00) Europe/Paris DST,2013-08-25T12:00:00+02:00,na,na,160,160,na,na,na
Eco Counter GmbH,Stadt Freiburg,751,Wiwilibrücke,100004595,YTH23035971,7.8407526,47.995213,(UTC+01:00) Europe/Paris DST,2013-08-25T13:00:00+02:00,na,na,141,141,na,na,na
Eco Counter GmbH,Stadt Freiburg,751,Wiwilibrücke,100004595,YTH23035971,7.8407526,47.995213,(UTC+01:00) Europe/Paris DST,2013-08-25T14:00:00+02:00,na,na,122,122,na,na,na
Eco Counter GmbH,Stadt Freiburg,751,Wiwilibrücke,100004595,YTH23035971,7.8407526,47.995213,(UTC+01:00) Europe/Paris DST,2013-08-25T15:00:00+02:00,na,na,116,116,na,na,na
Eco Counter GmbH,Stadt Freiburg,751,Wiwilibrücke,100004595,YTH23035971,7.8407526,47.995213,(UTC+01:00) Europe/Paris DST,2013-08-25T16:00:00+02:00,na,na,169,169,na,na,na
Eco Counter GmbH,Stadt Freiburg,751,Wiwilibrücke,100004595,YTH23035971,7.8407526,47.995213,(UTC+01:00) Europe/Paris DST,2013-08-25T17:00:00+02:00,na,na,158,158,na,na,na
Eco Counter GmbH,Stadt Freiburg,751,Wiwilibrücke,100004595,YTH23035971,7.8407526,47.995213,(UTC+01:00) Europe/Paris DST,2013-08-25T18:00:00+02:00,na,na,196,196,na,na,na
Eco Counter GmbH,Stadt Freiburg,751,Wiwilibrücke,100004595,YTH23035971,7.8407526,47.995213,(UTC+01:00) Europe/Paris DST,2013-08-25T19:00:00+02:00,na,na,184,184,na,na,na
Eco Counter GmbH,Stadt Freiburg,751,Wiwilibrücke,100004595,YTH23035971,7.8407526,47.995213,(UTC+01:00) Europe/Paris DST,2013-08-25T20:00:00+02:00,na,na,191,191,na,na,na
Eco Counter GmbH,Stadt Freiburg,751,Wiwilibrücke,100004595,YTH23035971,7.8407526,47.995213,(UTC+01:00) Europe/Paris DST,2013-08-25T21:00:00+02:00,na,na,102,102,na,na,na
Eco Counter GmbH,Stadt Freiburg,751,Wiwilibrücke,100004595,YTH23035971,7.8407526,47.995213,(UTC+01:00) Europe/Paris DST,2013-08-25T22:00:00+02:00,na,na,109,109,na,na,na
Eco Counter GmbH,Stadt Freiburg,751,Wiwilibrücke,100004595,YTH23035971,7.8407526,47.995213,(UTC+01:00) Europe/Paris DST,2013-08-25T23:00:00+02:00,na,na,92,92,na,na,na
Eco Counter GmbH,Stadt Freiburg,751,Wiwilibrücke,100004595,YTH23035971,7.8407526,47.995213,(UTC+01:00) Europe/Paris DST,2013-08-26T00:00:00+02:00,na,na,43,43,na,na,na
Eco Counter GmbH,Stadt Freiburg,751,Wiwilibrücke,100004595,YTH23035971,7.8407526,47.995213,(UTC+01:00) Europe/Paris DST,2013-08-26T01:00:00+02:00,na,na,28,28,na,na,na
Eco Counter GmbH,Stadt Freiburg,751,Wiwilibrücke,100004595,YTH23035971,7.8407526,47.995213,(UTC+01:00) Europe/Paris DST,2013-08-26T02:00:00+02:00,na,na,16,16,na,na,na
Eco Counter GmbH,Stadt Freiburg,751,Wiwilibrücke,100004595,YTH23035971,7.8407526,47.995213,(UTC+01:00) Europe/Paris DST,2013-08-26T03:00:00+02:00,na,na,9,9,na,na,na
Eco Counter GmbH,Stadt Freiburg,751,Wiwilibrücke,100004595,YTH23035971,7.8407526,47.995213,(UTC+01:00) Europe/Paris DST,2013-08-26T04:00:00+02:00,na,na,6,6,na,na,na
Eco Counter GmbH,Stadt Freiburg,751,Wiwilibrücke,100004595,YTH23035971,7.8407526,47.995213,(UTC+01:00) Europe/Paris DST,2013-08-26T05:00:00+02:00,na,na,26,26,na,na,na
Eco Counter GmbH,Stadt Freiburg,751,Wiwilibrücke,100004595,YTH23035971,7.8407526,47.995213,(UTC+01:00) Europe/Paris DST,2013-08-26T06:00:00+02:00,na,na,81,81,na,na,na
Eco Counter GmbH,Stadt Freiburg,751,Wiwilibrücke,100004595,YTH23035971,7.8407526,47.995213,(UTC+01:00) Europe/Paris DST,2013-08-26T07:00:00+02:00,na,na,310,310,na,na,na
Eco Counter GmbH,Stadt Freiburg,751,Wiwilibrücke,100004595,YTH23035971,7.8407526,47.995213,(UTC+01:00) Europe/Paris DST,2013-08-26T08:00:00+02:00,na,na,445,445,na,na,na
Eco Counter GmbH,Stadt Freiburg,751,Wiwilibrücke,100004595,YTH23035971,7.8407526,47.995213,(UTC+01:00) Europe/Paris DST,2013-08-26T09:00:00+02:00,na,na,394,394,na,na,na
Eco Counter GmbH,Stadt Freiburg,751,Wiwilibrücke,100004595,YTH23035971,7.8407526,47.995213,(UTC+01:00) Europe/Paris DST,2013-08-26T10:00:00+02:00,na,na,346,346,na,na,na
Eco Counter GmbH,Stadt Freiburg,751,Wiwilibrücke,100004595,YTH23035971,7.8407526,47.995213,(UTC+01:00) Europe/Paris DST,2013-08-26T11:00:00+02:00,na,na,340,340,na,na,na
Eco Counter GmbH,Stadt Freiburg,751,Wiwilibrücke,100004595,YTH23035971,7.8407526,47.995213,(UTC+01:00) Europe/Paris DST,2013-08-26T12:00:00+02:00,na,na,428,428,na,na,na
Eco Counter GmbH,Stadt Freiburg,751,Wiwilibrücke,100004595,YTH23035971,7.8407526,47.995213,(UTC+01:00) Europe/Paris DST,2013-08-26T13:00:00+02:00,na,na,465,465,na,na,na
Eco Counter GmbH,Stadt Freiburg,751,Wiwilibrücke,100004595,YTH23035971,7.8407526,47.995213,(UTC+01:00) Europe/Paris DST,2013-08-26T14:00:00+02:00,na,na,412,412,na,na,na
Eco Counter GmbH,Stadt Freiburg,751,Wiwilibrücke,100004595,YTH23035971,7.8407526,47.995213,(UTC+01:00) Europe/Paris DST,2013-08-26T15:00:00+02:00,na,na,471,471,na,na,na
Eco Counter GmbH,Stadt Freiburg,751,Wiwilibrücke,100004595,YTH23035971,7.8407526,47.995213,(UTC+01:00) Europe/Paris DST,2013-08-26T16:00:00+02:00,na,na,536,536,na,na,na
Eco Counter GmbH,Stadt Freiburg,751,Wiwilibrücke,100004595,YTH23035971,7.8407526,47.995213,(UTC+01:00) Europe/Paris DST,2013-08-26T17:00:00+02:00,na,na,668,668,na,na,na
Eco Counter GmbH,Stadt Freiburg,751,Wiwilibrücke,100004595,YTH23035971,7.8407526,47.995213,(UTC+01:00) Europe/Paris DST,2013-08-26T18:00:00+02:00,na,na,568,568,na,na,na
Eco Counter GmbH,Stadt Freiburg,751,Wiwilibrücke,100004595,YTH23035971,7.8407526,47.995213,(UTC+01:00) Europe/Paris DST,2013-08-26T19:00:00+02:00,na,na,489,489,na,na,na
Eco Counter GmbH,Stadt Freiburg,751,Wiwilibrücke,100004595,YTH23035971,7.8407526,47.995213,(UTC+01:00) Europe/Paris DST,2013-08-26T20:00:00+02:00,na,na,358,358,na,na,na
Eco Counter GmbH,Stadt Freiburg,751,Wiwilibrücke,100004595,YTH23035971,7.8407526,47.995213,(UTC+01:00) Europe/Paris DST,2013-08-26T21:00:00+02:00,na,na,227,227,na,na,na
Eco Counter GmbH,Stadt Freiburg,751,Wiwilibrücke,100004595,YTH23035971,7.8407526,47.995213,(UTC+01:00) Europe/Paris DST,2013-08-26T22:00:00+02:00,na,na,156,156,na,na,na
Eco Counter GmbH,Stadt Freiburg,751,Wiwilibrücke,100004595,YTH23035971,7.8407526,47.995213,(UTC+01:00) Europe/Paris DST,2013-08-26T23:00:00+02:00,na,na,170,170,na,na,na
Eco Counter GmbH,Stadt Freiburg,751,Wiwilibrücke,100004595,YTH23035971,7.8407526,47.995213,(UTC+01:00) Europe/Paris DST,2013-08-27T00:00:00+02:00,na,na,101,101,na,na,na
Eco Counter GmbH,Stadt Freiburg,751,Wiwilibrücke,100004595,YTH23035971,7.8407526,47.995213,(UTC+01:00) Europe/Paris DST,2013-08-27T01:00:00+02:00,na,na,53,53,na,na,na
Eco Counter GmbH,Stadt Freiburg,751,Wiwilibrücke,100004595,YTH23035971,7.8407526,47.995213,(UTC+01:00) Europe/Paris DST,2013-08-27T02:00:00+02:00,na,na,26,26,na,na,na
Eco Counter GmbH,Stadt Freiburg,751,Wiwilibrücke,100004595,YTH23035971,7.8407526,47.995213,(UTC+01:00) Europe/Paris DST,2013-08-27T03:00:00+02:00,na,na,32,32,na,na,na
Eco Counter GmbH,Stadt Freiburg,751,Wiwilibrücke,100004595,YTH23035971,7.8407526,47.995213,(UTC+01:00) Europe/Paris DST,2013-08-27T04:00:00+02:00,na,na,15,15,na,na,na
Eco Counter GmbH,Stadt Freiburg,751,Wiwilibrücke,100004595,YTH23035971,7.8407526,47.995213,(UTC+01:00) Europe/Paris DST,2013-08-27T05:00:00+02:00,na,na,20,20,na,na,na
Eco Counter GmbH,Stadt Freiburg,751,Wiwilibrücke,100004595,YTH23035971,7.8407526,47.995213,(UTC+01:00) Europe/Paris DST,2013-08-27T06:00:00+02:00,na,na,89,89,na,na,na
Eco Counter GmbH,Stadt Freiburg,751,Wiwilibrücke,100004595,YTH23035971,7.8407526,47.995213,(UTC+01:00) Europe/Paris DST,2013-08-27T07:00:00+02:00,na,na,326,326,na,na,na
Eco Counter GmbH,Stadt Freiburg,751,Wiwilibrücke,100004595,YTH23035971,7.8407526,47.995213,(UTC+01:00) Europe/Paris DST,2013-08-27T08:00:00+02:00,na,na,502,502,na,na,na
Eco Counter GmbH,Stadt Freiburg,751,Wiwilibrücke,100004595,YTH23035971,7.8407526,47.995213,(UTC+01:00) Europe/Paris DST,2013-08-27T09:00:00+02:00,na,na,405,405,na,na,na
Eco Counter GmbH,Stadt Freiburg,751,Wiwilibrücke,100004595,YTH23035971,7.8407526,47.995213,(UTC+01:00) Europe/Paris DST,2013-08-27T10:00:00+02:00,na,na,333,333,na,na,na
Eco Counter GmbH,Stadt Freiburg,751,Wiwilibrücke,100004595,YTH23035971,7.8407526,47.995213,(UTC+01:00) Europe/Paris DST,2013-08-27T11:00:00+02:00,na,na,377,377,na,na,na
Eco Counter GmbH,Stadt Freiburg,751,Wiwilibrücke,100004595,YTH23035971,7.8407526,47.995213,(UTC+01:00) Europe/Paris DST,2013-08-27T12:00:00+02:00,na,na,480,480,na,na,na
Eco Counter GmbH,Stadt Freiburg,751,Wiwilibrücke,100004595,YTH23035971,7.8407526,47.995213,(UTC+01:00) Europe/Paris DST,2013-08-27T13:00:00+02:00,na,na,450,450,na,na,na
Eco Counter GmbH,Stadt Freiburg,751,Wiwilibrücke,100004595,YTH23035971,7.8407526,47.995213,(UTC+01:00) Europe/Paris DST,2013-08-27T14:00:00+02:00,na,na,372,372,na,na,na
Eco Counter GmbH,Stadt Freiburg,751,Wiwilibrücke,100004595,YTH23035971,7.8407526,47.995213,(UTC+01:00) Europe/Paris DST,2013-08-27T15:00:00+02:00,na,na,424,424,na,na,na
Eco Counter GmbH,Stadt Freiburg,751,Wiwilibrücke,100004595,YTH23035971,7.8407526,47.995213,(UTC+01:00) Europe/Paris DST,2013-08-27T16:00:00+02:00,na,na,505,505,na,na,na
Eco Counter GmbH,Stadt Freiburg,751,Wiwilibrücke,100004595,YTH23035971,7.8407526,47.995213,(UTC+01:00) Europe/Paris DST,2013-08-27T17:00:00+02:00,na,na,530,530,na,na,na
Eco Counter GmbH,Stadt Freiburg,751,Wiwilibrücke,100004595,YTH23035971,7.8407526,47.995213,(UTC+01:00) Europe/Paris DST,2013-08-27T18:00:00+02:00,na,na,501,501,na,na,na
Eco Counter GmbH,Stadt Freiburg,751,Wiwilibrücke,100004595,YTH23035971,7.8407526,47.995213,(UTC+01:00) Europe/Paris DST,2013-08-27T19:00:00+02:00,na,na,302,302,na,na,na
Eco Counter GmbH,Stadt Freiburg,751,Wiwilibrücke,100004595,YTH23035971,7.8407526,47.995213,(UTC+01:00) Europe/Paris DST,2013-08-27T20:00:00+02:00,na,na,272,272,na,na,na
Eco Counter GmbH,Stadt Freiburg,751,Wiwilibrücke,100004595,YTH23035971,7.8407526,47.995213,(UTC+01:00) Europe/Paris DST,2013-08-27T21:00:00+02:00,na,na,258,258,na,na,na
Eco Counter GmbH,Stadt Freiburg,751,Wiwilibrücke,100004595,YTH23035971,7.8407526,47.995213,(UTC+01:00) Europe/Paris DST,2013-08-27T22:00:00+02:00,na,na,150,150,na,na,na
Eco Counter GmbH,Stadt Freiburg,751,Wiwilibrücke,100004595,YTH23035971,7.8407526,47.995213,(UTC+01:00) Europe/Paris DST,2013-08-27T23:00:00+02:00,na,na,163,163,na,na,na
Eco Counter GmbH,Stadt Freiburg,751,Wiwilibrücke,100004595,YTH23035971,7.8407526,47.995213,(UTC+01:00) Europe/Paris DST,2013-08-28T00:00:00+02:00,na,na,105,105,na,na,na
Eco Counter GmbH,Stadt Freiburg,751,Wiwilibrücke,100004595,YTH23035971,7.8407526,47.995213,(UTC+01:00) Europe/Paris DST,2013-08-28T01:00:00+02:00,na,na,31,31,na,na,na
Eco Counter GmbH,Stadt Freiburg,751,Wiwilibrücke,100004595,YTH23035971,7.8407526,47.995213,(UTC+01:00) Europe/Paris DST,2013-08-28T02:00:00+02:00,na,na,31,31,na,na,na
Eco Counter GmbH,Stadt Freiburg,751,Wiwilibrücke,100004595,YTH23035971,7.8407526,47.995213,(UTC+01:00) Europe/Paris DST,2013-08-28T03:00:00+02:00,na,na,21,21,na,na,na
Eco Counter GmbH,Stadt Freiburg,751,Wiwilibrücke,100004595,YTH23035971,7.8407526,47.995213,(UTC+01:00) Europe/Paris DST,2013-08-28T04:00:00+02:00,na,na,7,7,na,na,na
Eco Counter GmbH,Stadt Freiburg,751,Wiwilibrücke,100004595,YTH23035971,7.8407526,47.995213,(UTC+01:00) Europe/Paris DST,2013-08-28T05:00:00+02:00,na,na,20,20,na,na,na
Eco Counter GmbH,Stadt Freiburg,751,Wiwilibrücke,100004595,YTH23035971,7.8407526,47.995213,(UTC+01:00) Europe/Paris DST,2013-08-28T06:00:00+02:00,na,na,88,88,na,na,na
Eco Counter GmbH,Stadt Freiburg,751,Wiwilibrücke,100004595,YTH23035971,7.8407526,47.995213,(UTC+01:00) Europe/Paris DST,2013-08-28T07:00:00+02:00,na,na,288,288,na,na,na
Eco Counter GmbH,Stadt Freiburg,751,Wiwilibrücke,100004595,YTH23035971,7.8407526,47.995213,(UTC+01:00) Europe/Paris DST,2013-08-28T08:00:00+02:00,na,na,418,418,na,na,na
Eco Counter GmbH,Stadt Freiburg,751,Wiwilibrücke,100004595,YTH23035971,7.8407526,47.995213,(UTC+01:00) Europe/Paris DST,2013-08-28T09:00:00+02:00,na,na,382,382,na,na,na
Eco Counter GmbH,Stadt Freiburg,751,Wiwilibrücke,100004595,YTH23035971,7.8407526,47.995213,(UTC+01:00) Europe/Paris DST,2013-08-28T10:00:00+02:00,na,na,293,293,na,na,na
Eco Counter GmbH,Stadt Freiburg,751,Wiwilibrücke,100004595,YTH23035971,7.8407526,47.995213,(UTC+01:00) Europe/Paris DST,2013-08-28T11:00:00+02:00,na,na,324,324,na,na,na
Eco Counter GmbH,Stadt Freiburg,751,Wiwilibrücke,100004595,YTH23035971,7.8407526,47.995213,(UTC+01:00) Europe/Paris DST,2013-08-28T12:00:00+02:00,na,na,437,437,na,na,na
Eco Counter GmbH,Stadt Freiburg,751,Wiwilibrücke,100004595,YTH23035971,7.8407526,47.995213,(UTC+01:00) Europe/Paris DST,2013-08-28T13:00:00+02:00,na,na,429,429,na,na,na
Eco Counter GmbH,Stadt Freiburg,751,Wiwilibrücke,100004595,YTH23035971,7.8407526,47.995213,(UTC+01:00) Europe/Paris DST,2013-08-28T14:00:00+02:00,na,na,397,397,na,na,na
Eco Counter GmbH,Stadt Freiburg,751,Wiwilibrücke,100004595,YTH23035971,7.8407526,47.995213,(UTC+01:00) Europe/Paris DST,2013-08-28T15:00:00+02:00,na,na,414,414,na,na,na
Eco Counter GmbH,Stadt Freiburg,751,Wiwilibrücke,100004595,YTH23035971,7.8407526,47.995213,(UTC+01:00) Europe/Paris DST,2013-08-28T16:00:00+02:00,na,na,460,460,na,na,na
Eco Counter GmbH,Stadt Freiburg,751,Wiwilibrücke,100004595,YTH23035971,7.8407526,47.995213,(UTC+01:00) Europe/Paris DST,2013-08-28T17:00:00+02:00,na,na,599,599,na,na,na
Eco Counter GmbH,Stadt Freiburg,751,Wiwilibrücke,100004595,YTH23035971,7.8407526,47.995213,(UTC+01:00) Europe/Paris DST,2013-08-28T18:00:00+02:00,na,na,529,529,na,na,na
Eco Counter GmbH,Stadt Freiburg,751,Wiwilibrücke,100004595,YTH23035971,7.8407526,47.995213,(UTC+01:00) Europe/Paris DST,2013-08-28T19:00:00+02:00,na,na,446,446,na,na,na
Eco Counter GmbH,Stadt Freiburg,751,Wiwilibrücke,100004595,YTH23035971,7.8407526,47.995213,(UTC+01:00) Europe/Paris DST,2013-08-28T20:00:00+02:00,na,na,331,331,na,na,na
Eco Counter GmbH,Stadt Freiburg,751,Wiwilibrücke,100004595,YTH23035971,7.8407526,47.995213,(UTC+01:00) Europe/Paris DST,2013-08-28T21:00:00+02:00,na,na,188,188,na,na,na
Eco Counter GmbH,Stadt Freiburg,751,Wiwilibrücke,100004595,YTH23035971,7.8407526,47.995213,(UTC+01:00) Europe/Paris DST,2013-08-28T22:00:00+02:00,na,na,191,191,na,na,na
Eco Counter GmbH,Stadt Freiburg,751,Wiwilibrücke,100004595,YTH23035971,7.8407526,47.995213,(UTC+01:00) Europe/Paris DST,2013-08-28T23:00:00+02:00,na,na,146,146,na,na,na
Eco Counter GmbH,Stadt Freiburg,751,Wiwilibrücke,100004595,YTH23035971,7.8407526,47.995213,(UTC+01:00) Europe/Paris DST,2013-08-29T00:00:00+02:00,na,na,103,103,na,na,na
Eco Counter GmbH,Stadt Freiburg,751,Wiwilibrücke,100004595,YTH23035971,7.8407526,47.995213,(UTC+01:00) Europe/Paris DST,2013-08-29T01:00:00+02:00,na,na,48,48,na,na,na
Eco Counter GmbH,Stadt Freiburg,751,Wiwilibrücke,100004595,YTH23035971,7.8407526,47.995213,(UTC+01:00) Europe/Paris DST,2013-08-29T02:00:00+02:00,na,na,29,29,na,na,na
Eco Counter GmbH,Stadt Freiburg,751,Wiwilibrücke,100004595,YTH23035971,7.8407526,47.995213,(UTC+01:00) Europe/Paris DST,2013-08-29T03:00:00+02:00,na,na,22,22,na,na,na
Eco Counter GmbH,Stadt Freiburg,751,Wiwilibrücke,100004595,YTH23035971,7.8407526,47.995213,(UTC+01:00) Europe/Paris DST,2013-08-29T04:00:00+02:00,na,na,12,12,na,na,na
Eco Counter GmbH,Stadt Freiburg,751,Wiwilibrücke,100004595,YTH23035971,7.8407526,47.995213,(UTC+01:00) Europe/Paris DST,2013-08-29T05:00:00+02:00,na,na,19,19,na,na,na
Eco Counter GmbH,Stadt Freiburg,751,Wiwilibrücke,100004595,YTH23035971,7.8407526,47.995213,(UTC+01:00) Europe/Paris DST,2013-08-29T06:00:00+02:00,na,na,94,94,na,na,na
Eco Counter GmbH,Stadt Freiburg,751,Wiwilibrücke,100004595,YTH23035971,7.8407526,47.995213,(UTC+01:00) Europe/Paris DST,2013-08-29T07:00:00+02:00,na,na,308,308,na,na,na
Eco Counter GmbH,Stadt Freiburg,751,Wiwilibrücke,100004595,YTH23035971,7.8407526,47.995213,(UTC+01:00) Europe/Paris DST,2013-08-29T08:00:00+02:00,na,na,488,488,na,na,na
Eco Counter GmbH,Stadt Freiburg,751,Wiwilibrücke,100004595,YTH23035971,7.8407526,47.995213,(UTC+01:00) Europe/Paris DST,2013-08-29T09:00:00+02:00,na,na,418,418,na,na,na
Eco Counter GmbH,Stadt Freiburg,751,Wiwilibrücke,100004595,YTH23035971,7.8407526,47.995213,(UTC+01:00) Europe/Paris DST,2013-08-29T10:00:00+02:00,na,na,368,368,na,na,na
Eco Counter GmbH,Stadt Freiburg,751,Wiwilibrücke,100004595,YTH23035971,7.8407526,47.995213,(UTC+01:00) Europe/Paris DST,2013-08-29T11:00:00+02:00,na,na,412,412,na,na,na
Eco Counter GmbH,Stadt Freiburg,751,Wiwilibrücke,100004595,YTH23035971,7.8407526,47.995213,(UTC+01:00) Europe/Paris DST,2013-08-29T12:00:00+02:00,na,na,455,455,na,na,na
Eco Counter GmbH,Stadt Freiburg,751,Wiwilibrücke,100004595,YTH23035971,7.8407526,47.995213,(UTC+01:00) Europe/Paris DST,2013-08-29T13:00:00+02:00,na,na,520,520,na,na,na
Eco Counter GmbH,Stadt Freiburg,751,Wiwilibrücke,100004595,YTH23035971,7.8407526,47.995213,(UTC+01:00) Europe/Paris DST,2013-08-29T14:00:00+02:00,na,na,492,492,na,na,na
Eco Counter GmbH,Stadt Freiburg,751,Wiwilibrücke,100004595,YTH23035971,7.8407526,47.995213,(UTC+01:00) Europe/Paris DST,2013-08-29T15:00:00+02:00,na,na,526,526,na,na,na
Eco Counter GmbH,Stadt Freiburg,751,Wiwilibrücke,100004595,YTH23035971,7.8407526,47.995213,(UTC+01:00) Europe/Paris DST,2013-08-29T16:00:00+02:00,na,na,629,629,na,na,na
Eco Counter GmbH,Stadt Freiburg,751,Wiwilibrücke,100004595,YTH23035971,7.8407526,47.995213,(UTC+01:00) Europe/Paris DST,2013-08-29T17:00:00+02:00,na,na,736,736,na,na,na
Eco Counter GmbH,Stadt Freiburg,751,Wiwilibrücke,100004595,YTH23035971,7.8407526,47.995213,(UTC+01:00) Europe/Paris DST,2013-08-29T18:00:00+02:00,na,na,677,677,na,na,na
Eco Counter GmbH,Stadt Freiburg,751,Wiwilibrücke,100004595,YTH23035971,7.8407526,47.995213,(UTC+01:00) Europe/Paris DST,2013-08-29T19:00:00+02:00,na,na,518,518,na,na,na
Eco Counter GmbH,Stadt Freiburg,751,Wiwilibrücke,100004595,YTH23035971,7.8407526,47.995213,(UTC+01:00) Europe/Paris DST,2013-08-29T20:00:00+02:00,na,na,358,358,na,na,na
Eco Counter GmbH,Stadt Freiburg,751,Wiwilibrücke,100004595,YTH23035971,7.8407526,47.995213,(UTC+01:00) Europe/Paris DST,2013-08-29T21:00:00+02:00,na,na,280,280,na,na,na
Eco Counter GmbH,Stadt Freiburg,751,Wiwilibrücke,100004595,YTH23035971,7.8407526,47.995213,(UTC+01:00) Europe/Paris DST,2013-08-29T22:00:00+02:00,na,na,255,255,na,na,na
Eco Counter GmbH,Stadt Freiburg,751,Wiwilibrücke,100004595,YTH23035971,7.8407526,47.995213,(UTC+01:00) Europe/Paris DST,2013-08-29T23:00:00+02:00,na,na,205,205,na,na,na
Eco Counter GmbH,Stadt Freiburg,751,Wiwilibrücke,100004595,YTH23035971,7.8407526,47.995213,(UTC+01:00) Europe/Paris DST,2013-08-30T00:00:00+02:00,na,na,155,155,na,na,na
Eco Counter GmbH,Stadt Freiburg,751,Wiwilibrücke,100004595,YTH23035971,7.8407526,47.995213,(UTC+01:00) Europe/Paris DST,2013-08-30T01:00:00+02:00,na,na,103,103,na,na,na
Eco Counter GmbH,Stadt Freiburg,751,Wiwilibrücke,100004595,YTH23035971,7.8407526,47.995213,(UTC+01:00) Europe/Paris DST,2013-08-30T02:00:00+02:00,na,na,38,38,na,na,na
Eco Counter GmbH,Stadt Freiburg,751,Wiwilibrücke,100004595,YTH23035971,7.8407526,47.995213,(UTC+01:00) Europe/Paris DST,2013-08-30T03:00:00+02:00,na,na,22,22,na,na,na
Eco Counter GmbH,Stadt Freiburg,751,Wiwilibrücke,100004595,YTH23035971,7.8407526,47.995213,(UTC+01:00) Europe/Paris DST,2013-08-30T04:00:00+02:00,na,na,19,19,na,na,na
Eco Counter GmbH,Stadt Freiburg,751,Wiwilibrücke,100004595,YTH23035971,7.8407526,47.995213,(UTC+01:00) Europe/Paris DST,2013-08-30T05:00:00+02:00,na,na,28,28,na,na,na
Eco Counter GmbH,Stadt Freiburg,751,Wiwilibrücke,100004595,YTH23035971,7.8407526,47.995213,(UTC+01:00) Europe/Paris DST,2013-08-30T06:00:00+02:00,na,na,77,77,na,na,na
Eco Counter GmbH,Stadt Freiburg,751,Wiwilibrücke,100004595,YTH23035971,7.8407526,47.995213,(UTC+01:00) Europe/Paris DST,2013-08-30T07:00:00+02:00,na,na,308,308,na,na,na
Eco Counter GmbH,Stadt Freiburg,751,Wiwilibrücke,100004595,YTH23035971,7.8407526,47.995213,(UTC+01:00) Europe/Paris DST,2013-08-30T08:00:00+02:00,na,na,431,431,na,na,na
Eco Counter GmbH,Stadt Freiburg,751,Wiwilibrücke,100004595,YTH23035971,7.8407526,47.995213,(UTC+01:00) Europe/Paris DST,2013-08-30T09:00:00+02:00,na,na,427,427,na,na,na
Eco Counter GmbH,Stadt Freiburg,751,Wiwilibrücke,100004595,YTH23035971,7.8407526,47.995213,(UTC+01:00) Europe/Paris DST,2013-08-30T10:00:00+02:00,na,na,379,379,na,na,na
Eco Counter GmbH,Stadt Freiburg,751,Wiwilibrücke,100004595,YTH23035971,7.8407526,47.995213,(UTC+01:00) Europe/Paris DST,2013-08-30T11:00:00+02:00,na,na,419,419,na,na,na
Eco Counter GmbH,Stadt Freiburg,751,Wiwilibrücke,100004595,YTH23035971,7.8407526,47.995213,(UTC+01:00) Europe/Paris DST,2013-08-30T12:00:00+02:00,na,na,483,483,na,na,na
Eco Counter GmbH,Stadt Freiburg,751,Wiwilibrücke,100004595,YTH23035971,7.8407526,47.995213,(UTC+01:00) Europe/Paris DST,2013-08-30T13:00:00+02:00,na,na,553,553,na,na,na
Eco Counter GmbH,Stadt Freiburg,751,Wiwilibrücke,100004595,YTH23035971,7.8407526,47.995213,(UTC+01:00) Europe/Paris DST,2013-08-30T14:00:00+02:00,na,na,496,496,na,na,na
Eco Counter GmbH,Stadt Freiburg,751,Wiwilibrücke,100004595,YTH23035971,7.8407526,47.995213,(UTC+01:00) Europe/Paris DST,2013-08-30T15:00:00+02:00,na,na,568,568,na,na,na
Eco Counter GmbH,Stadt Freiburg,751,Wiwilibrücke,100004595,YTH23035971,7.8407526,47.995213,(UTC+01:00) Europe/Paris DST,2013-08-30T16:00:00+02:00,na,na,569,569,na,na,na
Eco Counter GmbH,Stadt Freiburg,751,Wiwilibrücke,100004595,YTH23035971,7.8407526,47.995213,(UTC+01:00) Europe/Paris DST,2013-08-30T17:00:00+02:00,na,na,636,636,na,na,na
Eco Counter GmbH,Stadt Freiburg,751,Wiwilibrücke,100004595,YTH23035971,7.8407526,47.995213,(UTC+01:00) Europe/Paris DST,2013-08-30T18:00:00+02:00,na,na,591,591,na,na,na
Eco Counter GmbH,Stadt Freiburg,751,Wiwilibrücke,100004595,YTH23035971,7.8407526,47.995213,(UTC+01:00) Europe/Paris DST,2013-08-30T19:00:00+02:00,na,na,485,485,na,na,na
Eco Counter GmbH,Stadt Freiburg,751,Wiwilibrücke,100004595,YTH23035971,7.8407526,47.995213,(UTC+01:00) Europe/Paris DST,2013-08-30T20:00:00+02:00,na,na,395,395,na,na,na
Eco Counter GmbH,Stadt Freiburg,751,Wiwilibrücke,100004595,YTH23035971,7.8407526,47.995213,(UTC+01:00) Europe/Paris DST,2013-08-30T21:00:00+02:00,na,na,218,218,na,na,na
Eco Counter GmbH,Stadt Freiburg,751,Wiwilibrücke,100004595,YTH23035971,7.8407526,47.995213,(UTC+01:00) Europe/Paris DST,2013-08-30T22:00:00+02:00,na,na,223,223,na,na,na
Eco Counter GmbH,Stadt Freiburg,751,Wiwilibrücke,100004595,YTH23035971,7.8407526,47.995213,(UTC+01:00) Europe/Paris DST,2013-08-30T23:00:00+02:00,na,na,213,213,na,na,na
Eco Counter GmbH,Stadt Freiburg,751,Wiwilibrücke,100004595,YTH23035971,7.8407526,47.995213,(UTC+01:00) Europe/Paris DST,2013-08-31T00:00:00+02:00,na,na,195,195,na,na,na
Eco Counter GmbH,Stadt Freiburg,751,Wiwilibrücke,100004595,YTH23035971,7.8407526,47.995213,(UTC+01:00) Europe/Paris DST,2013-08-31T01:00:00+02:00,na,na,123,123,na,na,na
Eco Counter GmbH,Stadt Freiburg,751,Wiwilibrücke,100004595,YTH23035971,7.8407526,47.995213,(UTC+01:00) Europe/Paris DST,2013-08-31T02:00:00+02:00,na,na,89,89,na,na,na
Eco Counter GmbH,Stadt Freiburg,751,Wiwilibrücke,100004595,YTH23035971,7.8407526,47.995213,(UTC+01:00) Europe/Paris DST,2013-08-31T03:00:00+02:00,na,na,75,75,na,na,na
Eco Counter GmbH,Stadt Freiburg,751,Wiwilibrücke,100004595,YTH23035971,7.8407526,47.995213,(UTC+01:00) Europe/Paris DST,2013-08-31T04:00:00+02:00,na,na,62,62,na,na,na
Eco Counter GmbH,Stadt Freiburg,751,Wiwilibrücke,100004595,YTH23035971,7.8407526,47.995213,(UTC+01:00) Europe/Paris DST,2013-08-31T05:00:00+02:00,na,na,40,40,na,na,na
Eco Counter GmbH,Stadt Freiburg,751,Wiwilibrücke,100004595,YTH23035971,7.8407526,47.995213,(UTC+01:00) Europe/Paris DST,2013-08-31T06:00:00+02:00,na,na,36,36,na,na,na
Eco Counter GmbH,Stadt Freiburg,751,Wiwilibrücke,100004595,YTH23035971,7.8407526,47.995213,(UTC+01:00) Europe/Paris DST,2013-08-31T07:00:00+02:00,na,na,67,67,na,na,na
Eco Counter GmbH,Stadt Freiburg,751,Wiwilibrücke,100004595,YTH23035971,7.8407526,47.995213,(UTC+01:00) Europe/Paris DST,2013-08-31T08:00:00+02:00,na,na,114,114,na,na,na
Eco Counter GmbH,Stadt Freiburg,751,Wiwilibrücke,100004595,YTH23035971,7.8407526,47.995213,(UTC+01:00) Europe/Paris DST,2013-08-31T09:00:00+02:00,na,na,206,206,na,na,na
Eco Counter GmbH,Stadt Freiburg,751,Wiwilibrücke,100004595,YTH23035971,7.8407526,47.995213,(UTC+01:00) Europe/Paris DST,2013-08-31T10:00:00+02:00,na,na,329,329,na,na,na
Eco Counter GmbH,Stadt Freiburg,751,Wiwilibrücke,100004595,YTH23035971,7.8407526,47.995213,(UTC+01:00) Europe/Paris DST,2013-08-31T11:00:00+02:00,na,na,416,416,na,na,na
Eco Counter GmbH,Stadt Freiburg,751,Wiwilibrücke,100004595,YTH23035971,7.8407526,47.995213,(UTC+01:00) Europe/Paris DST,2013-08-31T12:00:00+02:00,na,na,506,506,na,na,na
Eco Counter GmbH,Stadt Freiburg,751,Wiwilibrücke,100004595,YTH23035971,7.8407526,47.995213,(UTC+01:00) Europe/Paris DST,2013-08-31T13:00:00+02:00,na,na,560,560,na,na,na
Eco Counter GmbH,Stadt Freiburg,751,Wiwilibrücke,100004595,YTH23035971,7.8407526,47.995213,(UTC+01:00) Europe/Paris DST,2013-08-31T14:00:00+02:00,na,na,451,451,na,na,na
Eco Counter GmbH,Stadt Freiburg,751,Wiwilibrücke,100004595,YTH23035971,7.8407526,47.995213,(UTC+01:00) Europe/Paris DST,2013-08-31T15:00:00+02:00,na,na,439,439,na,na,na
Eco Counter GmbH,Stadt Freiburg,751,Wiwilibrücke,100004595,YTH23035971,7.8407526,47.995213,(UTC+01:00) Europe/Paris DST,2013-08-31T16:00:00+02:00,na,na,386,386,na,na,na
Eco Counter GmbH,Stadt Freiburg,751,Wiwilibrücke,100004595,YTH23035971,7.8407526,47.995213,(UTC+01:00) Europe/Paris DST,2013-08-31T17:00:00+02:00,na,na,439,439,na,na,na
Eco Counter GmbH,Stadt Freiburg,751,Wiwilibrücke,100004595,YTH23035971,7.8407526,47.995213,(UTC+01:00) Europe/Paris DST,2013-08-31T18:00:00+02:00,na,na,332,332,na,na,na
Eco Counter GmbH,Stadt Freiburg,751,Wiwilibrücke,100004595,YTH23035971,7.8407526,47.995213,(UTC+01:00) Europe/Paris DST,2013-08-31T19:00:00+02:00,na,na,258,258,na,na,na
Eco Counter GmbH,Stadt Freiburg,751,Wiwilibrücke,100004595,YTH23035971,7.8407526,47.995213,(UTC+01:00) Europe/Paris DST,2013-08-31T20:00:00+02:00,na,na,227,227,na,na,na
Eco Counter GmbH,Stadt Freiburg,751,Wiwilibrücke,100004595,YTH23035971,7.8407526,47.995213,(UTC+01:00) Europe/Paris DST,2013-08-31T21:00:00+02:00,na,na,206,206,na,na,na
Eco Counter GmbH,Stadt Freiburg,751,Wiwilibrücke,100004595,YTH23035971,7.8407526,47.995213,(UTC+01:00) Europe/Paris DST,2013-08-31T22:00:00+02:00,na,na,176,176,na,na,na
Eco Counter GmbH,Stadt Lörrach,3938,Berliner Platz,100008949,YAH23060720,7.65936,47.61974,(UTC+01:00) Europe/Paris DST,2013-08-01T00:00:00+02:00,na,na,4,4,11.0,0.0,na
Eco Counter GmbH,Stadt Lörrach,3938,Berliner Platz,100008949,YAH23060720,7.65936,47.61974,(UTC+01:00) Europe/Paris DST,2013-08-01T01:00:00+02:00,na,na,4,4,11.0,0.0,na
Eco Counter GmbH,Stadt Lörrach,3938,Berliner Platz,100008949,YAH23060720,7.65936,47.61974,(UTC+01:00) Europe/Paris DST,2013-08-01T02:00:00+02:00,na,na,0,0,11.0,0.0,na
Eco Counter GmbH,Stadt Lörrach,3938,Berliner Platz,100008949,YAH23060720,7.65936,47.61974,(UTC+01:00) Europe/Paris DST,2013-08-01T03:00:00+02:00,na,na,0,0,11.0,0.0,na
Eco Counter GmbH,Stadt Lörrach,3938,Berliner Platz,100008949,YAH23060720,7.65936,47.61974,(UTC+01:00) Europe/Paris DST,2013-08-01T04:00:00+02:00,na,na,1,1,14.0,0.0,na
Eco Counter GmbH,Stadt Lörrach,3938,Berliner Platz,100008949,YAH23060720,7.65936,47.61974,(UTC+01:00) Europe/Paris DST,2013-08-01T05:00:00+02:00,na,na,9,9,16.0,0.0,na
Eco Counter GmbH,Stadt Lörrach,3938,Berliner Platz,100008949,YAH23060720,7.65936,47.61974,(UTC+01:00) Europe/Paris DST,2013-08-01T06:00:00+02:00,na,na,21,21,18.0,0.0,na
Eco Counter GmbH,Stadt Lörrach,3938,Berliner Platz,100008949,YAH23060720,7.65936,47.61974,(UTC+01:00) Europe/Paris DST,2013-08-01T07:00:00+02:00,na,na,68,68,20.0,0.0,na
Eco Counter GmbH,Stadt Lörrach,3938,Berliner Platz,100008949,YAH23060720,7.65936,47.61974,(UTC+01:00) Europe/Paris DST,2013-08-01T08:00:00+02:00,na,na,71,71,22.0,0.0,na
Eco Counter GmbH,Stadt Lörrach,3938,Berliner Platz,100008949,YAH23060720,7.65936,47.61974,(UTC+01:00) Europe/Paris DST,2013-08-01T09:00:00+02:00,na,na,81,81,25.0,0.0,na
Eco Counter GmbH,Stadt Lörrach,3938,Berliner Platz,100008949,YAH23060720,7.65936,47.61974,(UTC+01:00) Europe/Paris DST,2013-08-01T10:00:00+02:00,na,na,59,59,27.0,0.0,na
Eco Counter GmbH,Stadt Lörrach,3938,Berliner Platz,100008949,YAH23060720,7.65936,47.61974,(UTC+01:00) Europe/Paris DST,2013-08-01T11:00:00+02:00,na,na,38,38,30.0,0.0,na
Eco Counter GmbH,Stadt Lörrach,3938,Berliner Platz,100008949,YAH23060720,7.65936,47.61974,(UTC+01:00) Europe/Paris DST,2013-08-01T12:00:00+02:00,na,na,71,71,32.0,0.0,na
Eco Counter GmbH,Stadt Lörrach,3938,Berliner Platz,100008949,YAH23060720,7.65936,47.61974,(UTC+01:00) Europe/Paris DST,2013-08-01T13:00:00+02:00,na,na,40,40,33.0,0.0,na
Eco Counter GmbH,Stadt Lörrach,3938,Berliner Platz,100008949,YAH23060720,7.65936,47.61974,(UTC+01:00) Europe/Paris DST,2013-08-01T14:00:00+02:00,na,na,47,47,33.0,0.0,na
Eco Counter GmbH,Stadt Lörrach,3938,Berliner Platz,100008949,YAH23060720,7.65936,47.61974,(UTC+01:00) Europe/Paris DST,2013-08-01T15:00:00+02:00,na,na,49,49,33.0,0.0,na
Eco Counter GmbH,Stadt Lörrach,3938,Berliner Platz,100008949,YAH23060720,7.65936,47.61974,(UTC+01:00) Europe/Paris DST,2013-08-01T16:00:00+02:00,na,na,53,53,32.0,0.0,na
Eco Counter GmbH,Stadt Lörrach,3938,Berliner Platz,100008949,YAH23060720,7.65936,47.61974,(UTC+01:00) Europe/Paris DST,2013-08-01T17:00:00+02:00,na,na,38,38,30.0,0.0,na
Eco Counter GmbH,Stadt Lörrach,3938,Berliner Platz,100008949,YAH23060720,7.65936,47.61974,(UTC+01:00) Europe/Paris DST,2013-08-01T18:00:00+02:00,na,na,35,35,29.0,0.0,na
Eco Counter GmbH,Stadt Lörrach,3938,Berliner Platz,100008949,YAH23060720,7.65936,47.61974,(UTC+01:00) Europe/Paris DST,2013-08-01T19:00:00+02:00,na,na,38,38,25.0,0.0,na
Eco Counter GmbH,Stadt Lörrach,3938,Berliner Platz,100008949,YAH23060720,7.65936,47.61974,(UTC+01:00) Europe/Paris DST,2013-08-01T20:00:00+02:00,na,na,27,27,21.0,0.0,na
Eco Counter GmbH,Stadt Lörrach,3938,Berliner Platz,100008949,YAH23060720,7.65936,47.61974,(UTC+01:00) Europe/Paris DST,2013-08-01T21:00:00+02:00,na,na,16,16,17.0,0.0,na
Eco Counter GmbH,Stadt Lörrach,3938,Berliner Platz,100008949,YAH23060720,7.65936,47.61974,(UTC+01:00) Europe/Paris DST,2013-08-01T22:00:00+02:00,na,na,7,7,17.0,0.0,na
Eco Counter GmbH,Stadt Lörrach,3938,Berliner Platz,100008949,YAH23060720,7.65936,47.61974,(UTC+01:00) Europe/Paris DST,2013-08-01T23:00:00+02:00,na,na,6,6,17.0,0.0,na
Eco Counter GmbH,Stadt Lörrach,3938,Berliner Platz,100008949,YAH23060720,7.65936,47.61974,(UTC+01:00) Europe/Paris DST,2013-08-02T00:00:00+02:00,na,na,5,5,17.0,0.0,na
Eco Counter GmbH,Stadt Lörrach,3938,Berliner Platz,100008949,YAH23060720,7.65936,47.61974,(UTC+01:00) Europe/Paris DST,2013-08-02T01:00:00+02:00,na,na,1,1,17.0,0.0,na
Eco Counter GmbH,Stadt Lörrach,3938,Berliner Platz,100008949,YAH23060720,7.65936,47.61974,(UTC+01:00) Europe/Paris DST,2013-08-02T02:00:00+02:00,na,na,0,0,17.0,0.0,na
Eco Counter GmbH,Stadt Lörrach,3938,Berliner Platz,100008949,YAH23060720,7.65936,47.61974,(UTC+01:00) Europe/Paris DST,2013-08-02T03:00:00+02:00,na,na,0,0,16.0,0.0,na
Eco Counter GmbH,Stadt Lörrach,3938,Berliner Platz,100008949,YAH23060720,7.65936,47.61974,(UTC+01:00) Europe/Paris DST,2013-08-02T04:00:00+02:00,na,na,0,0,18.0,0.0,na
Eco Counter GmbH,Stadt Lörrach,3938,Berliner Platz,100008949,YAH23060720,7.65936,47.61974,(UTC+01:00) Europe/Paris DST,2013-08-02T05:00:00+02:00,na,na,10,10,19.0,0.0,na
Eco Counter GmbH,Stadt Lörrach,3938,Berliner Platz,100008949,YAH23060720,7.65936,47.61974,(UTC+01:00) Europe/Paris DST,2013-08-02T06:00:00+02:00,na,na,22,22,21.0,0.0,na
Eco Counter GmbH,Stadt Lörrach,3938,Berliner Platz,100008949,YAH23060720,7.65936,47.61974,(UTC+01:00) Europe/Paris DST,2013-08-02T07:00:00+02:00,na,na,57,57,23.0,0.0,na
Eco Counter GmbH,Stadt Lörrach,3938,Berliner Platz,100008949,YAH23060720,7.65936,47.61974,(UTC+01:00) Europe/Paris DST,2013-08-02T08:00:00+02:00,na,na,65,65,25.0,0.0,na
Eco Counter GmbH,Stadt Lörrach,3938,Berliner Platz,100008949,YAH23060720,7.65936,47.61974,(UTC+01:00) Europe/Paris DST,2013-08-02T09:00:00+02:00,na,na,60,60,27.0,0.0,na
Eco Counter GmbH,Stadt Lörrach,3938,Berliner Platz,100008949,YAH23060720,7.65936,47.61974,(UTC+01:00) Europe/Paris DST,2013-08-02T10:00:00+02:00,na,na,36,36,30.0,0.0,na
Eco Counter GmbH,Stadt Lörrach,3938,Berliner Platz,100008949,YAH23060720,7.65936,47.61974,(UTC+01:00) Europe/Paris DST,2013-08-02T11:00:00+02:00,na,na,44,44,32.0,0.0,na
Eco Counter GmbH,Stadt Lörrach,3938,Berliner Platz,100008949,YAH23060720,7.65936,47.61974,(UTC+01:00) Europe/Paris DST,2013-08-02T12:00:00+02:00,na,na,31,31,34.0,0.0,na
Eco Counter GmbH,Stadt Lörrach,3938,Berliner Platz,100008949,YAH23060720,7.65936,47.61974,(UTC+01:00) Europe/Paris DST,2013-08-02T13:00:00+02:00,na,na,27,27,35.0,0.0,na
Eco Counter GmbH,Stadt Lörrach,3938,Berliner Platz,100008949,YAH23060720,7.65936,47.61974,(UTC+01:00) Europe/Paris DST,2013-08-02T14:00:00+02:00,na,na,33,33,35.0,0.0,na
Eco Counter GmbH,Stadt Lörrach,3938,Berliner Platz,100008949,YAH23060720,7.65936,47.61974,(UTC+01:00) Europe/Paris DST,2013-08-02T15:00:00+02:00,na,na,30,30,36.0,0.0,na
Eco Counter GmbH,Stadt Lörrach,3938,Berliner Platz,100008949,YAH23060720,7.65936,47.61974,(UTC+01:00) Europe/Paris DST,2013-08-02T16:00:00+02:00,na,na,36,36,34.0,0.0,na
Eco Counter GmbH,Stadt Lörrach,3938,Berliner Platz,100008949,YAH23060720,7.65936,47.61974,(UTC+01:00) Europe/Paris DST,2013-08-02T17:00:00+02:00,na,na,39,39,31.0,0.0,na
Eco Counter GmbH,Stadt Lörrach,3938,Berliner Platz,100008949,YAH23060720,7.65936,47.61974,(UTC+01:00) Europe/Paris DST,2013-08-02T18:00:00+02:00,na,na,37,37,29.0,0.0,na
Eco Counter GmbH,Stadt Lörrach,3938,Berliner Platz,100008949,YAH23060720,7.65936,47.61974,(UTC+01:00) Europe/Paris DST,2013-08-02T19:00:00+02:00,na,na,32,32,25.0,0.0,na
Eco Counter GmbH,Stadt Lörrach,3938,Berliner Platz,100008949,YAH23060720,7.65936,47.61974,(UTC+01:00) Europe/Paris DST,2013-08-02T20:00:00+02:00,na,na,34,34,20.0,0.0,na
Eco Counter GmbH,Stadt Lörrach,3938,Berliner Platz,100008949,YAH23060720,7.65936,47.61974,(UTC+01:00) Europe/Paris DST,2013-08-02T21:00:00+02:00,na,na,23,23,16.0,0.0,na
Eco Counter GmbH,Stadt Lörrach,3938,Berliner Platz,100008949,YAH23060720,7.65936,47.61974,(UTC+01:00) Europe/Paris DST,2013-08-02T22:00:00+02:00,na,na,16,16,16.0,0.0,na
Eco Counter GmbH,Stadt Lörrach,3938,Berliner Platz,100008949,YAH23060720,7.65936,47.61974,(UTC+01:00) Europe/Paris DST,2013-08-02T23:00:00+02:00,na,na,12,12,15.0,0.0,na
Eco Counter GmbH,Stadt Lörrach,3938,Berliner Platz,100008949,YAH23060720,7.65936,47.61974,(UTC+01:00) Europe/Paris DST,2013-08-03T00:00:00+02:00,na,na,1,1,15.0,0.0,na
Eco Counter GmbH,Stadt Lörrach,3938,Berliner Platz,100008949,YAH23060720,7.65936,47.61974,(UTC+01:00) Europe/Paris DST,2013-08-03T01:00:00+02:00,na,na,12,12,16.0,0.0,na
Eco Counter GmbH,Stadt Lörrach,3938,Berliner Platz,100008949,YAH23060720,7.65936,47.61974,(UTC+01:00) Europe/Paris DST,2013-08-03T02:00:00+02:00,na,na,102,102,17.0,0.0,na
Eco Counter GmbH,Stadt Lörrach,3938,Berliner Platz,100008949,YAH23060720,7.65936,47.61974,(UTC+01:00) Europe/Paris DST,2013-08-03T03:00:00+02:00,na,na,2,2,18.0,0.0,na
Eco Counter GmbH,Stadt Lörrach,3938,Berliner Platz,100008949,YAH23060720,7.65936,47.61974,(UTC+01:00) Europe/Paris DST,2013-08-03T04:00:00+02:00,na,na,1,1,18.0,0.0,na
Eco Counter GmbH,Stadt Lörrach,3938,Berliner Platz,100008949,YAH23060720,7.65936,47.61974,(UTC+01:00) Europe/Paris DST,2013-08-03T05:00:00+02:00,na,na,3,3,18.0,0.0,na
Eco Counter GmbH,Stadt Lörrach,3938,Berliner Platz,100008949,YAH23060720,7.65936,47.61974,(UTC+01:00) Europe/Paris DST,2013-08-03T06:00:00+02:00,na,na,6,6,19.0,0.0,na
Eco Counter GmbH,Stadt Lörrach,3938,Berliner Platz,100008949,YAH23060720,7.65936,47.61974,(UTC+01:00) Europe/Paris DST,2013-08-03T07:00:00+02:00,na,na,19,19,20.0,0.0,na
Eco Counter GmbH,Stadt Lörrach,3938,Berliner Platz,100008949,YAH23060720,7.65936,47.61974,(UTC+01:00) Europe/Paris DST,2013-08-03T08:00:00+02:00,na,na,40,40,22.0,0.0,na
Eco Counter GmbH,Stadt Lörrach,3938,Berliner Platz,100008949,YAH23060720,7.65936,47.61974,(UTC+01:00) Europe/Paris DST,2013-08-03T09:00:00+02:00,na,na,64,64,23.0,0.0,na
Eco Counter GmbH,Stadt Lörrach,3938,Berliner Platz,100008949,YAH23060720,7.65936,47.61974,(UTC+01:00) Europe/Paris DST,2013-08-03T10:00:00+02:00,na,na,60,60,25.0,0.0,na
Eco Counter GmbH,Stadt Lörrach,3938,Berliner Platz,100008949,YAH23060720,7.65936,47.61974,(UTC+01:00) Europe/Paris DST,2013-08-03T11:00:00+02:00,na,na,57,57,26.0,0.0,na
Eco Counter GmbH,Stadt Lörrach,3938,Berliner Platz,100008949,YAH23060720,7.65936,47.61974,(UTC+01:00) Europe/Paris DST,2013-08-03T12:00:00+02:00,na,na,40,40,28.0,0.0,na
Eco Counter GmbH,Stadt Lörrach,3938,Berliner Platz,100008949,YAH23060720,7.65936,47.61974,(UTC+01:00) Europe/Paris DST,2013-08-03T13:00:00+02:00,na,na,30,30,28.0,0.0,na
Eco Counter GmbH,Stadt Lörrach,3938,Berliner Platz,100008949,YAH23060720,7.65936,47.61974,(UTC+01:00) Europe/Paris DST,2013-08-03T14:00:00+02:00,na,na,42,42,28.0,0.0,na
Eco Counter GmbH,Stadt Lörrach,3938,Berliner Platz,100008949,YAH23060720,7.65936,47.61974,(UTC+01:00) Europe/Paris DST,2013-08-03T15:00:00+02:00,na,na,26,26,28.0,0.0,na
Eco Counter GmbH,Stadt Lörrach,3938,Berliner Platz,100008949,YAH23060720,7.65936,47.61974,(UTC+01:00) Europe/Paris DST,2013-08-03T16:00:00+02:00,na,na,30,30,27.0,0.0,na
Eco Counter GmbH,Stadt Lörrach,3938,Berliner Platz,100008949,YAH23060720,7.65936,47.61974,(UTC+01:00) Europe/Paris DST,2013-08-03T17:00:00+02:00,na,na,20,20,25.0,0.0,na
Eco Counter GmbH,Stadt Lörrach,3938,Berliner Platz,100008949,YAH23060720,7.65936,47.61974,(UTC+01:00) Europe/Paris DST,2013-08-03T18:00:00+02:00,na,na,20,20,24.0,0.0,na
Eco Counter GmbH,Stadt Lörrach,3938,Berliner Platz,100008949,YAH23060720,7.65936,47.61974,(UTC+01:00) Europe/Paris DST,2013-08-03T19:00:00+02:00,na,na,37,37,22.0,0.2,na
Eco Counter GmbH,Stadt Lörrach,3938,Berliner Platz,100008949,YAH23060720,7.65936,47.61974,(UTC+01:00) Europe/Paris DST,2013-08-03T20:00:00+02:00,na,na,31,31,20.0,0.4,na
Eco Counter GmbH,Stadt Lörrach,3938,Berliner Platz,100008949,YAH23060720,7.65936,47.61974,(UTC+01:00) Europe/Paris DST,2013-08-03T21:00:00+02:00,na,na,9,9,18.0,0.6,na
Eco Counter GmbH,Stadt Lörrach,3938,Berliner Platz,100008949,YAH23060720,7.65936,47.61974,(UTC+01:00) Europe/Paris DST,2013-08-03T22:00:00+02:00,na,na,7,7,18.0,0.5,na
Eco Counter GmbH,Stadt Lörrach,3938,Berliner Platz,100008949,YAH23060720,7.65936,47.61974,(UTC+01:00) Europe/Paris DST,2013-08-03T23:00:00+02:00,na,na,10,10,17.0,0.5,na
Eco Counter GmbH,Stadt Lörrach,3938,Berliner Platz,100008949,YAH23060720,7.65936,47.61974,(UTC+01:00) Europe/Paris DST,2013-08-04T00:00:00+02:00,na,na,1,1,16.0,0.4,na
Eco Counter GmbH,Stadt Lörrach,3938,Berliner Platz,100008949,YAH23060720,7.65936,47.61974,(UTC+01:00) Europe/Paris DST,2013-08-04T01:00:00+02:00,na,na,1,1,15.0,0.4,na
Eco Counter GmbH,Stadt Lörrach,3938,Berliner Platz,100008949,YAH23060720,7.65936,47.61974,(UTC+01:00) Europe/Paris DST,2013-08-04T02:00:00+02:00,na,na,2,2,14.0,0.5,na
Eco Counter GmbH,Stadt Lörrach,3938,Berliner Platz,100008949,YAH23060720,7.65936,47.61974,(UTC+01:00) Europe/Paris DST,2013-08-04T03:00:00+02:00,na,na,1,1,13.0,0.5,na
Eco Counter GmbH,Stadt Lörrach,3938,Berliner Platz,100008949,YAH23060720,7.65936,47.61974,(UTC+01:00) Europe/Paris DST,2013-08-04T04:00:00+02:00,na,na,1,1,15.0,0.4,na
Eco Counter GmbH,Stadt Lörrach,3938,Berliner Platz,100008949,YAH23060720,7.65936,47.61974,(UTC+01:00) Europe/Paris DST,2013-08-04T05:00:00+02:00,na,na,0,0,17.0,0.2,na
Eco Counter GmbH,Stadt Lörrach,3938,Berliner Platz,100008949,YAH23060720,7.65936,47.61974,(UTC+01:00) Europe/Paris DST,2013-08-04T06:00:00+02:00,na,na,2,2,18.0,0.1,na
Eco Counter GmbH,Stadt Lörrach,3938,Berliner Platz,100008949,YAH23060720,7.65936,47.61974,(UTC+01:00) Europe/Paris DST,2013-08-04T07:00:00+02:00,na,na,2,2,21.0,0.1,na
Eco Counter GmbH,Stadt Lörrach,3938,Berliner Platz,100008949,YAH23060720,7.65936,47.61974,(UTC+01:00) Europe/Paris DST,2013-08-04T08:00:00+02:00,na,na,14,14,23.0,0.0,na
Eco Counter GmbH,Stadt Lörrach,3938,Berliner Platz,100008949,YAH23060720,7.65936,47.61974,(UTC+01:00) Europe/Paris DST,2013-08-04T09:00:00+02:00,na,na,13,13,25.0,0.0,na
Eco Counter GmbH,Stadt Lörrach,3938,Berliner Platz,100008949,YAH23060720,7.65936,47.61974,(UTC+01:00) Europe/Paris DST,2013-08-04T10:00:00+02:00,na,na,5,5,26.0,0.2,na
Eco Counter GmbH,Stadt Lörrach,3938,Berliner Platz,100008949,YAH23060720,7.65936,47.61974,(UTC+01:00) Europe/Paris DST,2013-08-04T11:00:00+02:00,na,na,6,6,27.0,0.3,na
Eco Counter GmbH,Stadt Lörrach,3938,Berliner Platz,100008949,YAH23060720,7.65936,47.61974,(UTC+01:00) Europe/Paris DST,2013-08-04T12:00:00+02:00,na,na,15,15,28.0,0.5,na
Eco Counter GmbH,Stadt Lörrach,3938,Berliner Platz,100008949,YAH23060720,7.65936,47.61974,(UTC+01:00) Europe/Paris DST,2013-08-04T13:00:00+02:00,na,na,11,11,28.0,0.7,na
Eco Counter GmbH,Stadt Lörrach,3938,Berliner Platz,100008949,YAH23060720,7.65936,47.61974,(UTC+01:00) Europe/Paris DST,2013-08-04T14:00:00+02:00,na,na,8,8,28.0,1.0,na
Eco Counter GmbH,Stadt Lörrach,3938,Berliner Platz,100008949,YAH23060720,7.65936,47.61974,(UTC+01:00) Europe/Paris DST,2013-08-04T15:00:00+02:00,na,na,27,27,28.0,1.2,na
Eco Counter GmbH,Stadt Lörrach,3938,Berliner Platz,100008949,YAH23060720,7.65936,47.61974,(UTC+01:00) Europe/Paris DST,2013-08-04T16:00:00+02:00,na,na,15,15,27.0,1.1,na
Eco Counter GmbH,Stadt Lörrach,3938,Berliner Platz,100008949,YAH23060720,7.65936,47.61974,(UTC+01:00) Europe/Paris DST,2013-08-04T17:00:00+02:00,na,na,23,23,26.0,0.9,na
Eco Counter GmbH,Stadt Lörrach,3938,Berliner Platz,100008949,YAH23060720,7.65936,47.61974,(UTC+01:00) Europe/Paris DST,2013-08-04T18:00:00+02:00,na,na,26,26,25.0,0.8,na
Eco Counter GmbH,Stadt Lörrach,3938,Berliner Platz,100008949,YAH23060720,7.65936,47.61974,(UTC+01:00) Europe/Paris DST,2013-08-04T19:00:00+02:00,na,na,26,26,22.0,0.9,na
Eco Counter GmbH,Stadt Lörrach,3938,Berliner Platz,100008949,YAH23060720,7.65936,47.61974,(UTC+01:00) Europe/Paris DST,2013-08-04T20:00:00+02:00,na,na,25,25,19.0,0.9,na
Eco Counter GmbH,Stadt Lörrach,3938,Berliner Platz,100008949,YAH23060720,7.65936,47.61974,(UTC+01:00) Europe/Paris DST,2013-08-04T21:00:00+02:00,na,na,8,8,17.0,1.0,na
Eco Counter GmbH,Stadt Lörrach,3938,Berliner Platz,100008949,YAH23060720,7.65936,47.61974,(UTC+01:00) Europe/Paris DST,2013-08-04T22:00:00+02:00,na,na,11,11,16.0,0.7,na
Eco Counter GmbH,Stadt Lörrach,3938,Berliner Platz,100008949,YAH23060720,7.65936,47.61974,(UTC+01:00) Europe/Paris DST,2013-08-04T23:00:00+02:00,na,na,2,2,16.0,0.3,na
Eco Counter GmbH,Stadt Lörrach,3938,Berliner Platz,100008949,YAH23060720,7.65936,47.61974,(UTC+01:00) Europe/Paris DST,2013-08-05T00:00:00+02:00,na,na,2,2,15.0,0.0,na
Eco Counter GmbH,Stadt Lörrach,3938,Berliner Platz,100008949,YAH23060720,7.65936,47.61974,(UTC+01:00) Europe/Paris DST,2013-08-05T01:00:00+02:00,na,na,25,25,15.0,0.0,na
Eco Counter GmbH,Stadt Lörrach,3938,Berliner Platz,100008949,YAH23060720,7.65936,47.61974,(UTC+01:00) Europe/Paris DST,2013-08-05T02:00:00+02:00,na,na,0,0,14.0,0.0,na
Eco Counter GmbH,Stadt Lörrach,3938,Berliner Platz,100008949,YAH23060720,7.65936,47.61974,(UTC+01:00) Europe/Paris DST,2013-08-05T03:00:00+02:00,na,na,0,0,14.0,0.0,na
Eco Counter GmbH,Stadt Lörrach,3938,Berliner Platz,100008949,YAH23060720,7.65936,47.61974,(UTC+01:00) Europe/Paris DST,2013-08-05T04:00:00+02:00,na,na,0,0,16.0,0.0,na
Eco Counter GmbH,Stadt Lörrach,3938,Berliner Platz,100008949,YAH23060720,7.65936,47.61974,(UTC+01:00) Europe/Paris DST,2013-08-05T05:00:00+02:00,na,na,9,9,18.0,0.0,na
Eco Counter GmbH,Stadt Lörrach,3938,Berliner Platz,100008949,YAH23060720,7.65936,47.61974,(UTC+01:00) Europe/Paris DST,2013-08-05T06:00:00+02:00,na,na,26,26,20.0,0.0,na
Eco Counter GmbH,Stadt Lörrach,3938,Berliner Platz,100008949,YAH23060720,7.65936,47.61974,(UTC+01:00) Europe/Paris DST,2013-08-05T07:00:00+02:00,na,na,62,62,22.0,0.0,na
Eco Counter GmbH,Stadt Lörrach,3938,Berliner Platz,100008949,YAH23060720,7.65936,47.61974,(UTC+01:00) Europe/Paris DST,2013-08-05T08:00:00+02:00,na,na,61,61,24.0,0.0,na
Eco Counter GmbH,Stadt Lörrach,3938,Berliner Platz,100008949,YAH23060720,7.65936,47.61974,(UTC+01:00) Europe/Paris DST,2013-08-05T09:00:00+02:00,na,na,45,45,27.0,0.0,na
Eco Counter GmbH,Stadt Lörrach,3938,Berliner Platz,100008949,YAH23060720,7.65936,47.61974,(UTC+01:00) Europe/Paris DST,2013-08-05T10:00:00+02:00,na,na,46,46,29.0,0.0,na
Eco Counter GmbH,Stadt Lörrach,3938,Berliner Platz,100008949,YAH23060720,7.65936,47.61974,(UTC+01:00) Europe/Paris DST,2013-08-05T11:00:00+02:00,na,na,41,41,30.0,0.0,na
Eco Counter GmbH,Stadt Lörrach,3938,Berliner Platz,100008949,YAH23060720,7.65936,47.61974,(UTC+01:00) Europe/Paris DST,2013-08-05T12:00:00+02:00,na,na,41,41,32.0,0.0,na
Eco Counter GmbH,Stadt Lörrach,3938,Berliner Platz,100008949,YAH23060720,7.65936,47.61974,(UTC+01:00) Europe/Paris DST,2013-08-05T13:00:00+02:00,na,na,36,36,32.0,0.0,na
Eco Counter GmbH,Stadt Lörrach,3938,Berliner Platz,100008949,YAH23060720,7.65936,47.61974,(UTC+01:00) Europe/Paris DST,2013-08-05T14:00:00+02:00,na,na,40,40,32.0,0.0,na
Eco Counter GmbH,Stadt Lörrach,3938,Berliner Platz,100008949,YAH23060720,7.65936,47.61974,(UTC+01:00) Europe/Paris DST,2013-08-05T15:00:00+02:00,na,na,47,47,31.0,0.0,na
Eco Counter GmbH,Stadt Lörrach,3938,Berliner Platz,100008949,YAH23060720,7.65936,47.61974,(UTC+01:00) Europe/Paris DST,2013-08-05T16:00:00+02:00,na,na,33,33,30.0,0.0,na
Eco Counter GmbH,Stadt Lörrach,3938,Berliner Platz,100008949,YAH23060720,7.65936,47.61974,(UTC+01:00) Europe/Paris DST,2013-08-05T17:00:00+02:00,na,na,31,31,29.0,0.0,na
Eco Counter GmbH,Stadt Lörrach,3938,Berliner Platz,100008949,YAH23060720,7.65936,47.61974,(UTC+01:00) Europe/Paris DST,2013-08-05T18:00:00+02:00,na,na,44,44,28.0,0.0,na
Eco Counter GmbH,Stadt Lörrach,3938,Berliner Platz,100008949,YAH23060720,7.65936,47.61974,(UTC+01:00) Europe/Paris DST,2013-08-05T19:00:00+02:00,na,na,34,34,24.0,0.0,na
Eco Counter GmbH,Stadt Lörrach,3938,Berliner Platz,100008949,YAH23060720,7.65936,47.61974,(UTC+01:00) Europe/Paris DST,2013-08-05T20:00:00+02:00,na,na,84,84,21.0,0.1,na
Eco Counter GmbH,Stadt Lörrach,3938,Berliner Platz,100008949,YAH23060720,7.65936,47.61974,(UTC+01:00) Europe/Paris DST,2013-08-05T21:00:00+02:00,na,na,20,20,17.0,0.1,na
Eco Counter GmbH,Stadt Lörrach,3938,Berliner Platz,100008949,YAH23060720,7.65936,47.61974,(UTC+01:00) Europe/Paris DST,2013-08-05T22:00:00+02:00,na,na,10,10,17.0,0.1,na
Eco Counter GmbH,Stadt Lörrach,3938,Berliner Platz,100008949,YAH23060720,7.65936,47.61974,(UTC+01:00) Europe/Paris DST,2013-08-05T23:00:00+02:00,na,na,6,6,17.0,0.1,na
Eco Counter GmbH,Stadt Lörrach,3938,Berliner Platz,100008949,YAH23060720,7.65936,47.61974,(UTC+01:00) Europe/Paris DST,2013-08-06T00:00:00+02:00,na,na,0,0,18.0,0.1,na
Eco Counter GmbH,Stadt Lörrach,3938,Berliner Platz,100008949,YAH23060720,7.65936,47.61974,(UTC+01:00) Europe/Paris DST,2013-08-06T01:00:00+02:00,na,na,2,2,17.0,0.5,na
Eco Counter GmbH,Stadt Lörrach,3938,Berliner Platz,100008949,YAH23060720,7.65936,47.61974,(UTC+01:00) Europe/Paris DST,2013-08-06T02:00:00+02:00,na,na,0,0,17.0,1.0,na
Eco Counter GmbH,Stadt Lörrach,3938,Berliner Platz,100008949,YAH23060720,7.65936,47.61974,(UTC+01:00) Europe/Paris DST,2013-08-06T03:00:00+02:00,na,na,0,0,17.0,1.4,na
Eco Counter GmbH,Stadt Lörrach,3938,Berliner Platz,100008949,YAH23060720,7.65936,47.61974,(UTC+01:00) Europe/Paris DST,2013-08-06T04:00:00+02:00,na,na,1,1,18.0,1.1,na
Eco Counter GmbH,Stadt Lörrach,3938,Berliner Platz,100008949,YAH23060720,7.65936,47.61974,(UTC+01:00) Europe/Paris DST,2013-08-06T05:00:00+02:00,na,na,9,9,19.0,0.7,na
Eco Counter GmbH,Stadt Lörrach,3938,Berliner Platz,100008949,YAH23060720,7.65936,47.61974,(UTC+01:00) Europe/Paris DST,2013-08-06T06:00:00+02:00,na,na,24,24,20.0,0.4,na
Eco Counter GmbH,Stadt Lörrach,3938,Berliner Platz,100008949,YAH23060720,7.65936,47.61974,(UTC+01:00) Europe/Paris DST,2013-08-06T07:00:00+02:00,na,na,64,64,22.0,0.3,na
Eco Counter GmbH,Stadt Lörrach,3938,Berliner Platz,100008949,YAH23060720,7.65936,47.61974,(UTC+01:00) Europe/Paris DST,2013-08-06T08:00:00+02:00,na,na,79,79,24.0,0.2,na
Eco Counter GmbH,Stadt Lörrach,3938,Berliner Platz,100008949,YAH23060720,7.65936,47.61974,(UTC+01:00) Europe/Paris DST,2013-08-06T09:00:00+02:00,na,na,56,56,26.0,0.1,na
Eco Counter GmbH,Stadt Lörrach,3938,Berliner Platz,100008949,YAH23060720,7.65936,47.61974,(UTC+01:00) Europe/Paris DST,2013-08-06T10:00:00+02:00,na,na,55,55,27.0,0.5,na
Eco Counter GmbH,Stadt Lörrach,3938,Berliner Platz,100008949,YAH23060720,7.65936,47.61974,(UTC+01:00) Europe/Paris DST,2013-08-06T11:00:00+02:00,na,na,37,37,28.0,1.0,na
Eco Counter GmbH,Stadt Lörrach,3938,Berliner Platz,100008949,YAH23060720,7.65936,47.61974,(UTC+01:00) Europe/Paris DST,2013-08-06T12:00:00+02:00,na,na,44,44,29.0,1.4,na
Eco Counter GmbH,Stadt Lörrach,3938,Berliner Platz,100008949,YAH23060720,7.65936,47.61974,(UTC+01:00) Europe/Paris DST,2013-08-06T13:00:00+02:00,na,na,28,28,29.0,1.0,na
Eco Counter GmbH,Stadt Lörrach,3938,Berliner Platz,100008949,YAH23060720,7.65936,47.61974,(UTC+01:00) Europe/Paris DST,2013-08-06T14:00:00+02:00,na,na,37,37,29.0,0.6,na
Eco Counter GmbH,Stadt Lörrach,3938,Berliner Platz,100008949,YAH23060720,7.65936,47.61974,(UTC+01:00) Europe/Paris DST,2013-08-06T15:00:00+02:00,na,na,39,39,29.0,0.2,na
Eco Counter GmbH,Stadt Lörrach,3938,Berliner Platz,100008949,YAH23060720,7.65936,47.61974,(UTC+01:00) Europe/Paris DST,2013-08-06T16:00:00+02:00,na,na,33,33,27.0,1.2,na
Eco Counter GmbH,Stadt Lörrach,3938,Berliner Platz,100008949,YAH23060720,7.65936,47.61974,(UTC+01:00) Europe/Paris DST,2013-08-06T17:00:00+02:00,na,na,44,44,26.0,2.1,na
Eco Counter GmbH,Stadt Lörrach,3938,Berliner Platz,100008949,YAH23060720,7.65936,47.61974,(UTC+01:00) Europe/Paris DST,2013-08-06T18:00:00+02:00,na,na,38,38,24.0,3.1,na
Eco Counter GmbH,Stadt Lörrach,3938,Berliner Platz,100008949,YAH23060720,7.65936,47.61974,(UTC+01:00) Europe/Paris DST,2013-08-06T19:00:00+02:00,na,na,38,38,22.0,2.2,na
Eco Counter GmbH,Stadt Lörrach,3938,Berliner Platz,100008949,YAH23060720,7.65936,47.61974,(UTC+01:00) Europe/Paris DST,2013-08-06T20:00:00+02:00,na,na,14,14,20.0,1.2,na
Eco Counter GmbH,Stadt Lörrach,3938,Berliner Platz,100008949,YAH23060720,7.65936,47.61974,(UTC+01:00) Europe/Paris DST,2013-08-06T21:00:00+02:00,na,na,6,6,18.0,0.3,na
Eco Counter GmbH,Stadt Lörrach,3938,Berliner Platz,100008949,YAH23060720,7.65936,47.61974,(UTC+01:00) Europe/Paris DST,2013-08-06T22:00:00+02:00,na,na,4,4,18.0,0.6,na
Eco Counter GmbH,Stadt Lörrach,3938,Berliner Platz,100008949,YAH23060720,7.65936,47.61974,(UTC+01:00) Europe/Paris DST,2013-08-06T23:00:00+02:00,na,na,4,4,18.0,0.8,na
Eco Counter GmbH,Stadt Lörrach,3938,Berliner Platz,100008949,YAH23060720,7.65936,47.61974,(UTC+01:00) Europe/Paris DST,2013-08-07T00:00:00+02:00,na,na,2,2,17.0,1.1,na
Eco Counter GmbH,Stadt Lörrach,3938,Berliner Platz,100008949,YAH23060720,7.65936,47.61974,(UTC+01:00) Europe/Paris DST,2013-08-07T01:00:00+02:00,na,na,0,0,17.0,1.4,na
Eco Counter GmbH,Stadt Lörrach,3938,Berliner Platz,100008949,YAH23060720,7.65936,47.61974,(UTC+01:00) Europe/Paris DST,2013-08-07T02:00:00+02:00,na,na,0,0,17.0,1.6,na
Eco Counter GmbH,Stadt Lörrach,3938,Berliner Platz,100008949,YAH23060720,7.65936,47.61974,(UTC+01:00) Europe/Paris DST,2013-08-07T03:00:00+02:00,na,na,0,0,16.0,1.9,na
Eco Counter GmbH,Stadt Lörrach,3938,Berliner Platz,100008949,YAH23060720,7.65936,47.61974,(UTC+01:00) Europe/Paris DST,2013-08-07T04:00:00+02:00,na,na,0,0,17.0,1.7,na
Eco Counter GmbH,Stadt Lörrach,3938,Berliner Platz,100008949,YAH23060720,7.65936,47.61974,(UTC+01:00) Europe/Paris DST,2013-08-07T05:00:00+02:00,na,na,3,3,17.0,1.4,na
Eco Counter GmbH,Stadt Lörrach,3938,Berliner Platz,100008949,YAH23060720,7.65936,47.61974,(UTC+01:00) Europe/Paris DST,2013-08-07T06:00:00+02:00,na,na,22,22,17.0,1.2,na
Eco Counter GmbH,Stadt Lörrach,3938,Berliner Platz,100008949,YAH23060720,7.65936,47.61974,(UTC+01:00) Europe/Paris DST,2013-08-07T07:00:00+02:00,na,na,50,50,19.0,0.9,na
Eco Counter GmbH,Stadt Lörrach,3938,Berliner Platz,100008949,YAH23060720,7.65936,47.61974,(UTC+01:00) Europe/Paris DST,2013-08-07T08:00:00+02:00,na,na,36,36,22.0,0.7,na
Eco Counter GmbH,Stadt Lörrach,3938,Berliner Platz,100008949,YAH23060720,7.65936,47.61974,(UTC+01:00) Europe/Paris DST,2013-08-07T09:00:00+02:00,na,na,38,38,24.0,0.4,na
Eco Counter GmbH,Stadt Lörrach,3938,Berliner Platz,100008949,YAH23060720,7.65936,47.61974,(UTC+01:00) Europe/Paris DST,2013-08-07T10:00:00+02:00,na,na,20,20,25.0,0.4,na
Eco Counter GmbH,Stadt Lörrach,3938,Berliner Platz,100008949,YAH23060720,7.65936,47.61974,(UTC+01:00) Europe/Paris DST,2013-08-07T11:00:00+02:00,na,na,24,24,25.0,0.4,na
Eco Counter GmbH,Stadt Lörrach,3938,Berliner Platz,100008949,YAH23060720,7.65936,47.61974,(UTC+01:00) Europe/Paris DST,2013-08-07T12:00:00+02:00,na,na,28,28,26.0,0.4,na
Eco Counter GmbH,Stadt Lörrach,3938,Berliner Platz,100008949,YAH23060720,7.65936,47.61974,(UTC+01:00) Europe/Paris DST,2013-08-07T13:00:00+02:00,na,na,22,22,24.0,1.0,na
Eco Counter GmbH,Stadt Lörrach,3938,Berliner Platz,100008949,YAH23060720,7.65936,47.61974,(UTC+01:00) Europe/Paris DST,2013-08-07T14:00:00+02:00,na,na,40,40,23.0,1.6,na
Eco Counter GmbH,Stadt Lörrach,3938,Berliner Platz,100008949,YAH23060720,7.65936,47.61974,(UTC+01:00) Europe/Paris DST,2013-08-07T15:00:00+02:00,na,na,31,31,21.0,2.2,na
Eco Counter GmbH,Stadt Lörrach,3938,Berliner Platz,100008949,YAH23060720,7.65936,47.61974,(UTC+01:00) Europe/Paris DST,2013-08-07T16:00:00+02:00,na,na,20,20,20.0,1.6,na
Eco Counter GmbH,Stadt Lörrach,3938,Berliner Platz,100008949,YAH23060720,7.65936,47.61974,(UTC+01:00) Europe/Paris DST,2013-08-07T17:00:00+02:00,na,na,14,14,19.0,1.0,na
Eco Counter GmbH,Stadt Lörrach,3938,Berliner Platz,100008949,YAH23060720,7.65936,47.61974,(UTC+01:00) Europe/Paris DST,2013-08-07T18:00:00+02:00,na,na,10,10,18.0,0.4,na
Eco Counter GmbH,Stadt Lörrach,3938,Berliner Platz,100008949,YAH23060720,7.65936,47.61974,(UTC+01:00) Europe/Paris DST,2013-08-07T19:00:00+02:00,na,na,14,14,17.0,0.6,na
Eco Counter GmbH,Stadt Lörrach,3938,Berliner Platz,100008949,YAH23060720,7.65936,47.61974,(UTC+01:00) Europe/Paris DST,2013-08-07T20:00:00+02:00,na,na,12,12,16.0,0.7,na
Eco Counter GmbH,Stadt Lörrach,3938,Berliner Platz,100008949,YAH23060720,7.65936,47.61974,(UTC+01:00) Europe/Paris DST,2013-08-07T21:00:00+02:00,na,na,3,3,15.0,0.9,na
Eco Counter GmbH,Stadt Lörrach,3938,Berliner Platz,100008949,YAH23060720,7.65936,47.61974,(UTC+01:00) Europe/Paris DST,2013-08-07T22:00:00+02:00,na,na,1,1,15.0,1.7,na
Eco Counter GmbH,Stadt Lörrach,3938,Berliner Platz,100008949,YAH23060720,7.65936,47.61974,(UTC+01:00) Europe/Paris DST,2013-08-07T23:00:00+02:00,na,na,2,2,15.0,2.4,na
Eco Counter GmbH,Stadt Lörrach,3938,Berliner Platz,100008949,YAH23060720,7.65936,47.61974,(UTC+01:00) Europe/Paris DST,2013-08-08T00:00:00+02:00,na,na,0,0,15.0,3.2,na
Eco Counter GmbH,Stadt Lörrach,3938,Berliner Platz,100008949,YAH23060720,7.65936,47.61974,(UTC+01:00) Europe/Paris DST,2013-08-08T01:00:00+02:00,na,na,1,1,15.0,3.8,na
Eco Counter GmbH,Stadt Lörrach,3938,Berliner Platz,100008949,YAH23060720,7.65936,47.61974,(UTC+01:00) Europe/Paris DST,2013-08-08T02:00:00+02:00,na,na,0,0,15.0,4.4,na
Eco Counter GmbH,Stadt Lörrach,3938,Berliner Platz,100008949,YAH23060720,7.65936,47.61974,(UTC+01:00) Europe/Paris DST,2013-08-08T03:00:00+02:00,na,na,0,0,15.0,5.0,na
Eco Counter GmbH,Stadt Lörrach,3938,Berliner Platz,100008949,YAH23060720,7.65936,47.61974,(UTC+01:00) Europe/Paris DST,2013-08-08T04:00:00+02:00,na,na,1,1,15.0,5.4,na
Eco Counter GmbH,Stadt Lörrach,3938,Berliner Platz,100008949,YAH23060720,7.65936,47.61974,(UTC+01:00) Europe/Paris DST,2013-08-08T05:00:00+02:00,na,na,5,5,15.0,5.7,na
Eco Counter GmbH,Stadt Lörrach,3938,Berliner Platz,100008949,YAH23060720,7.65936,47.61974,(UTC+01:00) Europe/Paris DST,2013-08-08T06:00:00+02:00,na,na,22,22,16.0,6.1,na
Eco Counter GmbH,Stadt Lörrach,3938,Berliner Platz,100008949,YAH23060720,7.65936,47.61974,(UTC+01:00) Europe/Paris DST,2013-08-08T07:00:00+02:00,na,na,42,42,16.0,4.6,na
Eco Counter GmbH,Stadt Lörrach,3938,Berliner Platz,100008949,YAH23060720,7.65936,47.61974,(UTC+01:00) Europe/Paris DST,2013-08-08T08:00:00+02:00,na,na,40,40,16.0,3.1,na
Eco Counter GmbH,Stadt Lörrach,3938,Berliner Platz,100008949,YAH23060720,7.65936,47.61974,(UTC+01:00) Europe/Paris DST,2013-08-08T09:00:00+02:00,na,na,55,55,16.0,1.6,na
Eco Counter GmbH,Stadt Lörrach,3938,Berliner Platz,100008949,YAH23060720,7.65936,47.61974,(UTC+01:00) Europe/Paris DST,2013-08-08T10:00:00+02:00,na,na,40,40,17.0,1.2,na
Eco Counter GmbH,Stadt Lörrach,3938,Berliner Platz,100008949,YAH23060720,7.65936,47.61974,(UTC+01:00) Europe/Paris DST,2013-08-08T11:00:00+02:00,na,na,36,36,17.0,0.9,na
Eco Counter GmbH,Stadt Lörrach,3938,Berliner Platz,100008949,YAH23060720,7.65936,47.61974,(UTC+01:00) Europe/Paris DST,2013-08-08T12:00:00+02:00,na,na,18,18,17.0,0.5,na
Eco Counter GmbH,Stadt Lörrach,3938,Berliner Platz,100008949,YAH23060720,7.65936,47.61974,(UTC+01:00) Europe/Paris DST,2013-08-08T13:00:00+02:00,na,na,30,30,18.0,0.4,na
Eco Counter GmbH,Stadt Lörrach,3938,Berliner Platz,100008949,YAH23060720,7.65936,47.61974,(UTC+01:00) Europe/Paris DST,2013-08-08T14:00:00+02:00,na,na,39,39,19.0,0.2,na
Eco Counter GmbH,Stadt Lörrach,3938,Berliner Platz,100008949,YAH23060720,7.65936,47.61974,(UTC+01:00) Europe/Paris DST,2013-08-08T15:00:00+02:00,na,na,46,46,20.0,0.1,na
Eco Counter GmbH,Stadt Lörrach,3938,Berliner Platz,100008949,YAH23060720,7.65936,47.61974,(UTC+01:00) Europe/Paris DST,2013-08-08T16:00:00+02:00,na,na,44,44,19.0,0.2,na
Eco Counter GmbH,Stadt Lörrach,3938,Berliner Platz,100008949,YAH23060720,7.65936,47.61974,(UTC+01:00) Europe/Paris DST,2013-08-08T17:00:00+02:00,na,na,52,52,19.0,0.4,na
Eco Counter GmbH,Stadt Lörrach,3938,Berliner Platz,100008949,YAH23060720,7.65936,47.61974,(UTC+01:00) Europe/Paris DST,2013-08-08T18:00:00+02:00,na,na,21,21,18.0,0.5,na
Eco Counter GmbH,Stadt Lörrach,3938,Berliner Platz,100008949,YAH23060720,7.65936,47.61974,(UTC+01:00) Europe/Paris DST,2013-08-08T19:00:00+02:00,na,na,10,10,17.0,0.6,na
Eco Counter GmbH,Stadt Lörrach,3938,Berliner Platz,100008949,YAH23060720,7.65936,47.61974,(UTC+01:00) Europe/Paris DST,2013-08-08T20:00:00+02:00,na,na,9,9,16.0,0.6,na
Eco Counter GmbH,Stadt Lörrach,3938,Berliner Platz,100008949,YAH23060720,7.65936,47.61974,(UTC+01:00) Europe/Paris DST,2013-08-08T21:00:00+02:00,na,na,4,4,15.0,0.7,na
Eco Counter GmbH,Stadt Lörrach,3938,Berliner Platz,100008949,YAH23060720,7.65936,47.61974,(UTC+01:00) Europe/Paris DST,2013-08-08T22:00:00+02:00,na,na,7,7,15.0,0.6,na
Eco Counter GmbH,Stadt Lörrach,3938,Berliner Platz,100008949,YAH23060720,7.65936,47.61974,(UTC+01:00) Europe/Paris DST,2013-08-08T23:00:00+02:00,na,na,1,1,14.0,0.6,na
Eco Counter GmbH,Stadt Lörrach,3938,Berliner Platz,100008949,YAH23060720,7.65936,47.61974,(UTC+01:00) Europe/Paris DST,2013-08-09T00:00:00+02:00,na,na,1,1,14.0,0.5,na
Eco Counter GmbH,Stadt Lörrach,3938,Berliner Platz,100008949,YAH23060720,7.65936,47.61974,(UTC+01:00) Europe/Paris DST,2013-08-09T01:00:00+02:00,na,na,2,2,13.0,0.4,na
Eco Counter GmbH,Stadt Lörrach,3938,Berliner Platz,100008949,YAH23060720,7.65936,47.61974,(UTC+01:00) Europe/Paris DST,2013-08-09T02:00:00+02:00,na,na,0,0,13.0,0.2,na
Eco Counter GmbH,Stadt Lörrach,3938,Berliner Platz,100008949,YAH23060720,7.65936,47.61974,(UTC+01:00) Europe/Paris DST,2013-08-09T03:00:00+02:00,na,na,0,0,12.0,0.1,na
Eco Counter GmbH,Stadt Lörrach,3938,Berliner Platz,100008949,YAH23060720,7.65936,47.61974,(UTC+01:00) Europe/Paris DST,2013-08-09T04:00:00+02:00,na,na,1,1,13.0,0.1,na
Eco Counter GmbH,Stadt Lörrach,3938,Berliner Platz,100008949,YAH23060720,7.65936,47.61974,(UTC+01:00) Europe/Paris DST,2013-08-09T05:00:00+02:00,na,na,4,4,14.0,0.1,na
Eco Counter GmbH,Stadt Lörrach,3938,Berliner Platz,100008949,YAH23060720,7.65936,47.61974,(UTC+01:00) Europe/Paris DST,2013-08-09T06:00:00+02:00,na,na,18,18,14.0,0.1,na
Eco Counter GmbH,Stadt Lörrach,3938,Berliner Platz,100008949,YAH23060720,7.65936,47.61974,(UTC+01:00) Europe/Paris DST,2013-08-09T07:00:00+02:00,na,na,23,23,16.0,0.1,na
Eco Counter GmbH,Stadt Lörrach,3938,Berliner Platz,100008949,YAH23060720,7.65936,47.61974,(UTC+01:00) Europe/Paris DST,2013-08-09T08:00:00+02:00,na,na,24,24,18.0,0.2,na
Eco Counter GmbH,Stadt Lörrach,3938,Berliner Platz,100008949,YAH23060720,7.65936,47.61974,(UTC+01:00) Europe/Paris DST,2013-08-09T09:00:00+02:00,na,na,36,36,19.0,0.2,na
Eco Counter GmbH,Stadt Lörrach,3938,Berliner Platz,100008949,YAH23060720,7.65936,47.61974,(UTC+01:00) Europe/Paris DST,2013-08-09T10:00:00+02:00,na,na,25,25,20.0,0.4,na
Eco Counter GmbH,Stadt Lörrach,3938,Berliner Platz,100008949,YAH23060720,7.65936,47.61974,(UTC+01:00) Europe/Paris DST,2013-08-09T11:00:00+02:00,na,na,24,24,21.0,0.5,na
Eco Counter GmbH,Stadt Lörrach,3938,Berliner Platz,100008949,YAH23060720,7.65936,47.61974,(UTC+01:00) Europe/Paris DST,2013-08-09T12:00:00+02:00,na,na,18,18,22.0,0.7,na
Eco Counter GmbH,Stadt Lörrach,3938,Berliner Platz,100008949,YAH23060720,7.65936,47.61974,(UTC+01:00) Europe/Paris DST,2013-08-09T13:00:00+02:00,na,na,29,29,22.0,0.7,na
Eco Counter GmbH,Stadt Lörrach,3938,Berliner Platz,100008949,YAH23060720,7.65936,47.61974,(UTC+01:00) Europe/Paris DST,2013-08-09T14:00:00+02:00,na,na,30,30,22.0,0.8,na
Eco Counter GmbH,Stadt Lörrach,3938,Berliner Platz,100008949,YAH23060720,7.65936,47.61974,(UTC+01:00) Europe/Paris DST,2013-08-09T15:00:00+02:00,na,na,34,34,22.0,0.8,na
Eco Counter GmbH,Stadt Lörrach,3938,Berliner Platz,100008949,YAH23060720,7.65936,47.61974,(UTC+01:00) Europe/Paris DST,2013-08-09T16:00:00+02:00,na,na,22,22,21.0,0.7,na
Eco Counter GmbH,Stadt Lörrach,3938,Berliner Platz,100008949,YAH23060720,7.65936,47.61974,(UTC+01:00) Europe/Paris DST,2013-08-09T17:00:00+02:00,na,na,34,34,20.0,0.7,na
Eco Counter GmbH,Stadt Lörrach,3938,Berliner Platz,100008949,YAH23060720,7.65936,47.61974,(UTC+01:00) Europe/Paris DST,2013-08-09T18:00:00+02:00,na,na,25,25,19.0,0.6,na
Eco Counter GmbH,Stadt Lörrach,3938,Berliner Platz,100008949,YAH23060720,7.65936,47.61974,(UTC+01:00) Europe/Paris DST,2013-08-09T19:00:00+02:00,na,na,41,41,16.0,0.6,na
Eco Counter GmbH,Stadt Lörrach,3938,Berliner Platz,100008949,YAH23060720,7.65936,47.61974,(UTC+01:00) Europe/Paris DST,2013-08-09T20:00:00+02:00,na,na,23,23,13.0,0.7,na
Eco Counter GmbH,Stadt Lörrach,3938,Berliner Platz,100008949,YAH23060720,7.65936,47.61974,(UTC+01:00) Europe/Paris DST,2013-08-09T21:00:00+02:00,na,na,16,16,10.0,0.7,na
Eco Counter GmbH,Stadt Lörrach,3938,Berliner Platz,100008949,YAH23060720,7.65936,47.61974,(UTC+01:00) Europe/Paris DST,2013-08-09T22:00:00+02:00,na,na,10,10,10.0,0.5,na
Eco Counter GmbH,Stadt Lörrach,3938,Berliner Platz,100008949,YAH23060720,7.65936,47.61974,(UTC+01:00) Europe/Paris DST,2013-08-09T23:00:00+02:00,na,na,4,4,10.0,0.2,na
Eco Counter GmbH,Stadt Lörrach,3938,Berliner Platz,100008949,YAH23060720,7.65936,47.61974,(UTC+01:00) Europe/Paris DST,2013-08-10T00:00:00+02:00,na,na,7,7,10.0,0.0,na
Eco Counter GmbH,Stadt Lörrach,3938,Berliner Platz,100008949,YAH23060720,7.65936,47.61974,(UTC+01:00) Europe/Paris DST,2013-08-10T01:00:00+02:00,na,na,2,2,10.0,0.0,na
Eco Counter GmbH,Stadt Lörrach,3938,Berliner Platz,100008949,YAH23060720,7.65936,47.61974,(UTC+01:00) Europe/Paris DST,2013-08-10T02:00:00+02:00,na,na,0,0,9.0,0.0,na
Eco Counter GmbH,Stadt Lörrach,3938,Berliner Platz,100008949,YAH23060720,7.65936,47.61974,(UTC+01:00) Europe/Paris DST,2013-08-10T03:00:00+02:00,na,na,0,0,9.0,0.0,na
Eco Counter GmbH,Stadt Lörrach,3938,Berliner Platz,100008949,YAH23060720,7.65936,47.61974,(UTC+01:00) Europe/Paris DST,2013-08-10T04:00:00+02:00,na,na,0,0,10.0,0.0,na
Eco Counter GmbH,Stadt Lörrach,3938,Berliner Platz,100008949,YAH23060720,7.65936,47.61974,(UTC+01:00) Europe/Paris DST,2013-08-10T05:00:00+02:00,na,na,5,5,12.0,0.0,na
Eco Counter GmbH,Stadt Lörrach,3938,Berliner Platz,100008949,YAH23060720,7.65936,47.61974,(UTC+01:00) Europe/Paris DST,2013-08-10T06:00:00+02:00,na,na,2,2,13.0,0.0,na
Eco Counter GmbH,Stadt Lörrach,3938,Berliner Platz,100008949,YAH23060720,7.65936,47.61974,(UTC+01:00) Europe/Paris DST,2013-08-10T07:00:00+02:00,na,na,10,10,15.0,0.0,na
Eco Counter GmbH,Stadt Lörrach,3938,Berliner Platz,100008949,YAH23060720,7.65936,47.61974,(UTC+01:00) Europe/Paris DST,2013-08-10T08:00:00+02:00,na,na,45,45,18.0,0.1,na
Eco Counter GmbH,Stadt Lörrach,3938,Berliner Platz,100008949,YAH23060720,7.65936,47.61974,(UTC+01:00) Europe/Paris DST,2013-08-10T09:00:00+02:00,na,na,56,56,20.0,0.1,na
Eco Counter GmbH,Stadt Lörrach,3938,Berliner Platz,100008949,YAH23060720,7.65936,47.61974,(UTC+01:00) Europe/Paris DST,2013-08-10T10:00:00+02:00,na,na,66,66,21.0,0.2,na
Eco Counter GmbH,Stadt Lörrach,3938,Berliner Platz,100008949,YAH23060720,7.65936,47.61974,(UTC+01:00) Europe/Paris DST,2013-08-10T11:00:00+02:00,na,na,63,63,22.0,0.3,na
Eco Counter GmbH,Stadt Lörrach,3938,Berliner Platz,100008949,YAH23060720,7.65936,47.61974,(UTC+01:00) Europe/Paris DST,2013-08-10T12:00:00+02:00,na,na,66,66,23.0,0.4,na
Eco Counter GmbH,Stadt Lörrach,3938,Berliner Platz,100008949,YAH23060720,7.65936,47.61974,(UTC+01:00) Europe/Paris DST,2013-08-10T13:00:00+02:00,na,na,33,33,23.0,0.4,na
Eco Counter GmbH,Stadt Lörrach,3938,Berliner Platz,100008949,YAH23060720,7.65936,47.61974,(UTC+01:00) Europe/Paris DST,2013-08-10T14:00:00+02:00,na,na,37,37,23.0,0.3,na
Eco Counter GmbH,Stadt Lörrach,3938,Berliner Platz,100008949,YAH23060720,7.65936,47.61974,(UTC+01:00) Europe/Paris DST,2013-08-10T15:00:00+02:00,na,na,42,42,23.0,0.3,na
Eco Counter GmbH,Stadt Lörrach,3938,Berliner Platz,100008949,YAH23060720,7.65936,47.61974,(UTC+01:00) Europe/Paris DST,2013-08-10T16:00:00+02:00,na,na,23,23,22.0,0.3,na
Eco Counter GmbH,Stadt Lörrach,3938,Berliner Platz,100008949,YAH23060720,7.65936,47.61974,(UTC+01:00) Europe/Paris DST,2013-08-10T17:00:00+02:00,na,na,33,33,21.0,0.2,na
Eco Counter GmbH,Stadt Lörrach,3938,Berliner Platz,100008949,YAH23060720,7.65936,47.61974,(UTC+01:00) Europe/Paris DST,2013-08-10T18:00:00+02:00,na,na,29,29,19.0,0.2,na
Eco Counter GmbH,Stadt Lörrach,3938,Berliner Platz,100008949,YAH23060720,7.65936,47.61974,(UTC+01:00) Europe/Paris DST,2013-08-10T19:00:00+02:00,na,na,36,36,16.0,0.1,na
Eco Counter GmbH,Stadt Lörrach,3938,Berliner Platz,100008949,YAH23060720,7.65936,47.61974,(UTC+01:00) Europe/Paris DST,2013-08-10T20:00:00+02:00,na,na,46,46,13.0,0.1,na
Eco Counter GmbH,Stadt Lörrach,3938,Berliner Platz,100008949,YAH23060720,7.65936,47.61974,(UTC+01:00) Europe/Paris DST,2013-08-10T21:00:00+02:00,na,na,4,4,10.0,0.0,na
Eco Counter GmbH,Stadt Lörrach,3938,Berliner Platz,100008949,YAH23060720,7.65936,47.61974,(UTC+01:00) Europe/Paris DST,2013-08-10T22:00:00+02:00,na,na,5,5,11.0,0.0,na
Eco Counter GmbH,Stadt Lörrach,3938,Berliner Platz,100008949,YAH23060720,7.65936,47.61974,(UTC+01:00) Europe/Paris DST,2013-08-10T23:00:00+02:00,na,na,3,3,12.0,0.1,na
Eco Counter GmbH,Stadt Lörrach,3938,Berliner Platz,100008949,YAH23060720,7.65936,47.61974,(UTC+01:00) Europe/Paris DST,2013-08-11T00:00:00+02:00,na,na,2,2,12.0,0.1,na
Eco Counter GmbH,Stadt Lörrach,3938,Berliner Platz,100008949,YAH23060720,7.65936,47.61974,(UTC+01:00) Europe/Paris DST,2013-08-11T01:00:00+02:00,na,na,3,3,12.0,0.1,na
Eco Counter GmbH,Stadt Lörrach,3938,Berliner Platz,100008949,YAH23060720,7.65936,47.61974,(UTC+01:00) Europe/Paris DST,2013-08-11T02:00:00+02:00,na,na,1,1,12.0,0.0,na
Eco Counter GmbH,Stadt Lörrach,3938,Berliner Platz,100008949,YAH23060720,7.65936,47.61974,(UTC+01:00) Europe/Paris DST,2013-08-11T03:00:00+02:00,na,na,0,0,12.0,0.0,na
Eco Counter GmbH,Stadt Lörrach,3938,Berliner Platz,100008949,YAH23060720,7.65936,47.61974,(UTC+01:00) Europe/Paris DST,2013-08-11T04:00:00+02:00,na,na,1,1,12.0,0.0,na
Eco Counter GmbH,Stadt Lörrach,3938,Berliner Platz,100008949,YAH23060720,7.65936,47.61974,(UTC+01:00) Europe/Paris DST,2013-08-11T05:00:00+02:00,na,na,0,0,13.0,0.1,na
Eco Counter GmbH,Stadt Lörrach,3938,Berliner Platz,100008949,YAH23060720,7.65936,47.61974,(UTC+01:00) Europe/Paris DST,2013-08-11T06:00:00+02:00,na,na,1,1,14.0,0.1,na
Eco Counter GmbH,Stadt Lörrach,3938,Berliner Platz,100008949,YAH23060720,7.65936,47.61974,(UTC+01:00) Europe/Paris DST,2013-08-11T07:00:00+02:00,na,na,1,1,15.0,0.1,na
Eco Counter GmbH,Stadt Lörrach,3938,Berliner Platz,100008949,YAH23060720,7.65936,47.61974,(UTC+01:00) Europe/Paris DST,2013-08-11T08:00:00+02:00,na,na,10,10,17.0,0.1,na
Eco Counter GmbH,Stadt Lörrach,3938,Berliner Platz,100008949,YAH23060720,7.65936,47.61974,(UTC+01:00) Europe/Paris DST,2013-08-11T09:00:00+02:00,na,na,26,26,19.0,0.1,na
Eco Counter GmbH,Stadt Lörrach,3938,Berliner Platz,100008949,YAH23060720,7.65936,47.61974,(UTC+01:00) Europe/Paris DST,2013-08-11T10:00:00+02:00,na,na,17,17,20.0,0.1,na
Eco Counter GmbH,Stadt Lörrach,3938,Berliner Platz,100008949,YAH23060720,7.65936,47.61974,(UTC+01:00) Europe/Paris DST,2013-08-11T11:00:00+02:00,na,na,22,22,21.0,0.0,na
Eco Counter GmbH,Stadt Lörrach,3938,Berliner Platz,100008949,YAH23060720,7.65936,47.61974,(UTC+01:00) Europe/Paris DST,2013-08-11T12:00:00+02:00,na,na,25,25,22.0,0.0,na
Eco Counter GmbH,Stadt Lörrach,3938,Berliner Platz,100008949,YAH23060720,7.65936,47.61974,(UTC+01:00) Europe/Paris DST,2013-08-11T13:00:00+02:00,na,na,28,28,22.0,0.0,na
Eco Counter GmbH,Stadt Lörrach,3938,Berliner Platz,100008949,YAH23060720,7.65936,47.61974,(UTC+01:00) Europe/Paris DST,2013-08-11T14:00:00+02:00,na,na,31,31,23.0,0.0,na
Eco Counter GmbH,Stadt Lörrach,3938,Berliner Platz,100008949,YAH23060720,7.65936,47.61974,(UTC+01:00) Europe/Paris DST,2013-08-11T15:00:00+02:00,na,na,27,27,23.0,0.0,na
Eco Counter GmbH,Stadt Lörrach,3938,Berliner Platz,100008949,YAH23060720,7.65936,47.61974,(UTC+01:00) Europe/Paris DST,2013-08-11T16:00:00+02:00,na,na,36,36,22.0,0.0,na
Eco Counter GmbH,Stadt Lörrach,3938,Berliner Platz,100008949,YAH23060720,7.65936,47.61974,(UTC+01:00) Europe/Paris DST,2013-08-11T17:00:00+02:00,na,na,28,28,21.0,0.0,na
Eco Counter GmbH,Stadt Lörrach,3938,Berliner Platz,100008949,YAH23060720,7.65936,47.61974,(UTC+01:00) Europe/Paris DST,2013-08-11T18:00:00+02:00,na,na,30,30,20.0,0.0,na
Eco Counter GmbH,Stadt Lörrach,3938,Berliner Platz,100008949,YAH23060720,7.65936,47.61974,(UTC+01:00) Europe/Paris DST,2013-08-11T19:00:00+02:00,na,na,25,25,16.0,0.0,na
Eco Counter GmbH,Stadt Lörrach,3938,Berliner Platz,100008949,YAH23060720,7.65936,47.61974,(UTC+01:00) Europe/Paris DST,2013-08-11T20:00:00+02:00,na,na,19,19,13.0,0.0,na
Eco Counter GmbH,Stadt Lörrach,3938,Berliner Platz,100008949,YAH23060720,7.65936,47.61974,(UTC+01:00) Europe/Paris DST,2013-08-11T21:00:00+02:00,na,na,4,4,9.0,0.0,na
Eco Counter GmbH,Stadt Lörrach,3938,Berliner Platz,100008949,YAH23060720,7.65936,47.61974,(UTC+01:00) Europe/Paris DST,2013-08-11T22:00:00+02:00,na,na,4,4,9.0,0.0,na
Eco Counter GmbH,Stadt Lörrach,3938,Berliner Platz,100008949,YAH23060720,7.65936,47.61974,(UTC+01:00) Europe/Paris DST,2013-08-11T23:00:00+02:00,na,na,2,2,9.0,0.0,na
Eco Counter GmbH,Stadt Lörrach,3938,Berliner Platz,100008949,YAH23060720,7.65936,47.61974,(UTC+01:00) Europe/Paris DST,2013-08-12T00:00:00+02:00,na,na,0,0,9.0,0.0,na
Eco Counter GmbH,Stadt Lörrach,3938,Berliner Platz,100008949,YAH23060720,7.65936,47.61974,(UTC+01:00) Europe/Paris DST,2013-08-12T01:00:00+02:00,na,na,1,1,9.0,0.0,na
Eco Counter GmbH,Stadt Lörrach,3938,Berliner Platz,100008949,YAH23060720,7.65936,47.61974,(UTC+01:00) Europe/Paris DST,2013-08-12T02:00:00+02:00,na,na,0,0,9.0,0.0,na
Eco Counter GmbH,Stadt Lörrach,3938,Berliner Platz,100008949,YAH23060720,7.65936,47.61974,(UTC+01:00) Europe/Paris DST,2013-08-12T03:00:00+02:00,na,na,0,0,9.0,0.0,na
Eco Counter GmbH,Stadt Lörrach,3938,Berliner Platz,100008949,YAH23060720,7.65936,47.61974,(UTC+01:00) Europe/Paris DST,2013-08-12T04:00:00+02:00,na,na,0,0,11.0,0.0,na
Eco Counter GmbH,Stadt Lörrach,3938,Berliner Platz,100008949,YAH23060720,7.65936,47.61974,(UTC+01:00) Europe/Paris DST,2013-08-12T05:00:00+02:00,na,na,9,9,13.0,0.0,na
Eco Counter GmbH,Stadt Lörrach,3938,Berliner Platz,100008949,YAH23060720,7.65936,47.61974,(UTC+01:00) Europe/Paris DST,2013-08-12T06:00:00+02:00,na,na,25,25,15.0,0.0,na
Eco Counter GmbH,Stadt Lörrach,3938,Berliner Platz,100008949,YAH23060720,7.65936,47.61974,(UTC+01:00) Europe/Paris DST,2013-08-12T07:00:00+02:00,na,na,57,57,17.0,0.0,na
Eco Counter GmbH,Stadt Lörrach,3938,Berliner Platz,100008949,YAH23060720,7.65936,47.61974,(UTC+01:00) Europe/Paris DST,2013-08-12T08:00:00+02:00,na,na,50,50,19.0,0.0,na
Eco Counter GmbH,Stadt Lörrach,3938,Berliner Platz,100008949,YAH23060720,7.65936,47.61974,(UTC+01:00) Europe/Paris DST,2013-08-12T09:00:00+02:00,na,na,50,50,21.0,0.0,na
Eco Counter GmbH,Stadt Lörrach,3938,Berliner Platz,100008949,YAH23060720,7.65936,47.61974,(UTC+01:00) Europe/Paris DST,2013-08-12T10:00:00+02:00,na,na,39,39,22.0,0.0,na
Eco Counter GmbH,Stadt Lörrach,3938,Berliner Platz,100008949,YAH23060720,7.65936,47.61974,(UTC+01:00) Europe/Paris DST,2013-08-12T11:00:00+02:00,na,na,31,31,23.0,0.0,na
Eco Counter GmbH,Stadt Lörrach,3938,Berliner Platz,100008949,YAH23060720,7.65936,47.61974,(UTC+01:00) Europe/Paris DST,2013-08-12T12:00:00+02:00,na,na,40,40,24.0,0.0,na
Eco Counter GmbH,Stadt Lörrach,3938,Berliner Platz,100008949,YAH23060720,7.65936,47.61974,(UTC+01:00) Europe/Paris DST,2013-08-12T13:00:00+02:00,na,na,34,34,24.0,0.0,na
Eco Counter GmbH,Stadt Lörrach,3938,Berliner Platz,100008949,YAH23060720,7.65936,47.61974,(UTC+01:00) Europe/Paris DST,2013-08-12T14:00:00+02:00,na,na,24,24,24.0,0.0,na
Eco Counter GmbH,Stadt Lörrach,3938,Berliner Platz,100008949,YAH23060720,7.65936,47.61974,(UTC+01:00) Europe/Paris DST,2013-08-12T15:00:00+02:00,na,na,52,52,24.0,0.0,na
Eco Counter GmbH,Stadt Lörrach,3938,Berliner Platz,100008949,YAH23060720,7.65936,47.61974,(UTC+01:00) Europe/Paris DST,2013-08-12T16:00:00+02:00,na,na,23,23,23.0,0.1,na
Eco Counter GmbH,Stadt Lörrach,3938,Berliner Platz,100008949,YAH23060720,7.65936,47.61974,(UTC+01:00) Europe/Paris DST,2013-08-12T17:00:00+02:00,na,na,41,41,21.0,0.2,na
Eco Counter GmbH,Stadt Lörrach,3938,Berliner Platz,100008949,YAH23060720,7.65936,47.61974,(UTC+01:00) Europe/Paris DST,2013-08-12T18:00:00+02:00,na,na,44,44,20.0,0.3,na
Eco Counter GmbH,Stadt Lörrach,3938,Berliner Platz,100008949,YAH23060720,7.65936,47.61974,(UTC+01:00) Europe/Paris DST,2013-08-12T19:00:00+02:00,na,na,37,37,17.0,0.3,na
Eco Counter GmbH,Stadt Lörrach,3938,Berliner Platz,100008949,YAH23060720,7.65936,47.61974,(UTC+01:00) Europe/Paris DST,2013-08-12T20:00:00+02:00,na,na,39,39,14.0,0.4,na
Eco Counter GmbH,Stadt Lörrach,3938,Berliner Platz,100008949,YAH23060720,7.65936,47.61974,(UTC+01:00) Europe/Paris DST,2013-08-12T21:00:00+02:00,na,na,21,21,11.0,0.4,na
Eco Counter GmbH,Stadt Lörrach,3938,Berliner Platz,100008949,YAH23060720,7.65936,47.61974,(UTC+01:00) Europe/Paris DST,2013-08-12T22:00:00+02:00,na,na,8,8,12.0,1.1,na
Eco Counter GmbH,Stadt Lörrach,3938,Berliner Platz,100008949,YAH23060720,7.65936,47.61974,(UTC+01:00) Europe/Paris DST,2013-08-12T23:00:00+02:00,na,na,6,6,12.0,1.9,na
Eco Counter GmbH,Stadt Lörrach,3938,Berliner Platz,100008949,YAH23060720,7.65936,47.61974,(UTC+01:00) Europe/Paris DST,2013-08-13T00:00:00+02:00,na,na,2,2,12.0,2.6,na
Eco Counter GmbH,Stadt Lörrach,3938,Berliner Platz,100008949,YAH23060720,7.65936,47.61974,(UTC+01:00) Europe/Paris DST,2013-08-13T01:00:00+02:00,na,na,1,1,12.0,2.1,na
Eco Counter GmbH,Stadt Lörrach,3938,Berliner Platz,100008949,YAH23060720,7.65936,47.61974,(UTC+01:00) Europe/Paris DST,2013-08-13T02:00:00+02:00,na,na,0,0,12.0,1.6,na
Eco Counter GmbH,Stadt Lörrach,3938,Berliner Platz,100008949,YAH23060720,7.65936,47.61974,(UTC+01:00) Europe/Paris DST,2013-08-13T03:00:00+02:00,na,na,1,1,12.0,1.1,na
Eco Counter GmbH,Stadt Lörrach,3938,Berliner Platz,100008949,YAH23060720,7.65936,47.61974,(UTC+01:00) Europe/Paris DST,2013-08-13T04:00:00+02:00,na,na,0,0,13.0,0.8,na
Eco Counter GmbH,Stadt Lörrach,3938,Berliner Platz,100008949,YAH23060720,7.65936,47.61974,(UTC+01:00) Europe/Paris DST,2013-08-13T05:00:00+02:00,na,na,11,11,13.0,0.4,na
Eco Counter GmbH,Stadt Lörrach,3938,Berliner Platz,100008949,YAH23060720,7.65936,47.61974,(UTC+01:00) Europe/Paris DST,2013-08-13T06:00:00+02:00,na,na,25,25,14.0,0.1,na
Eco Counter GmbH,Stadt Lörrach,3938,Berliner Platz,100008949,YAH23060720,7.65936,47.61974,(UTC+01:00) Europe/Paris DST,2013-08-13T07:00:00+02:00,na,na,63,63,15.0,0.1,na
Eco Counter GmbH,Stadt Lörrach,3938,Berliner Platz,100008949,YAH23060720,7.65936,47.61974,(UTC+01:00) Europe/Paris DST,2013-08-13T08:00:00+02:00,na,na,47,47,17.0,0.1,na
Eco Counter GmbH,Stadt Lörrach,3938,Berliner Platz,100008949,YAH23060720,7.65936,47.61974,(UTC+01:00) Europe/Paris DST,2013-08-13T09:00:00+02:00,na,na,63,63,18.0,0.1,na
Eco Counter GmbH,Stadt Lörrach,3938,Berliner Platz,100008949,YAH23060720,7.65936,47.61974,(UTC+01:00) Europe/Paris DST,2013-08-13T10:00:00+02:00,na,na,48,48,19.0,0.1,na
Eco Counter GmbH,Stadt Lörrach,3938,Berliner Platz,100008949,YAH23060720,7.65936,47.61974,(UTC+01:00) Europe/Paris DST,2013-08-13T11:00:00+02:00,na,na,40,40,20.0,0.0,na
Eco Counter GmbH,Stadt Lörrach,3938,Berliner Platz,100008949,YAH23060720,7.65936,47.61974,(UTC+01:00) Europe/Paris DST,2013-08-13T12:00:00+02:00,na,na,32,32,21.0,0.0,na
Eco Counter GmbH,Stadt Lörrach,3938,Berliner Platz,100008949,YAH23060720,7.65936,47.61974,(UTC+01:00) Europe/Paris DST,2013-08-13T13:00:00+02:00,na,na,38,38,21.0,0.0,na
Eco Counter GmbH,Stadt Lörrach,3938,Berliner Platz,100008949,YAH23060720,7.65936,47.61974,(UTC+01:00) Europe/Paris DST,2013-08-13T14:00:00+02:00,na,na,38,38,21.0,0.0,na
Eco Counter GmbH,Stadt Lörrach,3938,Berliner Platz,100008949,YAH23060720,7.65936,47.61974,(UTC+01:00) Europe/Paris DST,2013-08-13T15:00:00+02:00,na,na,40,40,21.0,0.0,na
Eco Counter GmbH,Stadt Lörrach,3938,Berliner Platz,100008949,YAH23060720,7.65936,47.61974,(UTC+01:00) Europe/Paris DST,2013-08-13T16:00:00+02:00,na,na,34,34,20.0,0.0,na
Eco Counter GmbH,Stadt Lörrach,3938,Berliner Platz,100008949,YAH23060720,7.65936,47.61974,(UTC+01:00) Europe/Paris DST,2013-08-13T17:00:00+02:00,na,na,46,46,18.0,0.0,na
Eco Counter GmbH,Stadt Lörrach,3938,Berliner Platz,100008949,YAH23060720,7.65936,47.61974,(UTC+01:00) Europe/Paris DST,2013-08-13T18:00:00+02:00,na,na,38,38,17.0,0.0,na
Eco Counter GmbH,Stadt Lörrach,3938,Berliner Platz,100008949,YAH23060720,7.65936,47.61974,(UTC+01:00) Europe/Paris DST,2013-08-13T19:00:00+02:00,na,na,72,72,14.0,0.0,na
Eco Counter GmbH,Stadt Lörrach,3938,Berliner Platz,100008949,YAH23060720,7.65936,47.61974,(UTC+01:00) Europe/Paris DST,2013-08-13T20:00:00+02:00,na,na,21,21,12.0,0.0,na
Eco Counter GmbH,Stadt Lörrach,3938,Berliner Platz,100008949,YAH23060720,7.65936,47.61974,(UTC+01:00) Europe/Paris DST,2013-08-13T21:00:00+02:00,na,na,20,20,10.0,0.0,na
Eco Counter GmbH,Stadt Lörrach,3938,Berliner Platz,100008949,YAH23060720,7.65936,47.61974,(UTC+01:00) Europe/Paris DST,2013-08-13T22:00:00+02:00,na,na,8,8,9.0,0.0,na
Eco Counter GmbH,Stadt Lörrach,3938,Berliner Platz,100008949,YAH23060720,7.65936,47.61974,(UTC+01:00) Europe/Paris DST,2013-08-13T23:00:00+02:00,na,na,1,1,9.0,0.0,na
Eco Counter GmbH,Stadt Lörrach,3938,Berliner Platz,100008949,YAH23060720,7.65936,47.61974,(UTC+01:00) Europe/Paris DST,2013-08-14T00:00:00+02:00,na,na,0,0,8.0,0.0,na
Eco Counter GmbH,Stadt Lörrach,3938,Berliner Platz,100008949,YAH23060720,7.65936,47.61974,(UTC+01:00) Europe/Paris DST,2013-08-14T01:00:00+02:00,na,na,1,1,8.0,0.0,na
Eco Counter GmbH,Stadt Lörrach,3938,Berliner Platz,100008949,YAH23060720,7.65936,47.61974,(UTC+01:00) Europe/Paris DST,2013-08-14T02:00:00+02:00,na,na,0,0,7.0,0.0,na
Eco Counter GmbH,Stadt Lörrach,3938,Berliner Platz,100008949,YAH23060720,7.65936,47.61974,(UTC+01:00) Europe/Paris DST,2013-08-14T03:00:00+02:00,na,na,0,0,7.0,0.0,na
Eco Counter GmbH,Stadt Lörrach,3938,Berliner Platz,100008949,YAH23060720,7.65936,47.61974,(UTC+01:00) Europe/Paris DST,2013-08-14T04:00:00+02:00,na,na,0,0,8.0,0.0,na
Eco Counter GmbH,Stadt Lörrach,3938,Berliner Platz,100008949,YAH23060720,7.65936,47.61974,(UTC+01:00) Europe/Paris DST,2013-08-14T05:00:00+02:00,na,na,6,6,10.0,0.0,na
Eco Counter GmbH,Stadt Lörrach,3938,Berliner Platz,100008949,YAH23060720,7.65936,47.61974,(UTC+01:00) Europe/Paris DST,2013-08-14T06:00:00+02:00,na,na,26,26,11.0,0.0,na
Eco Counter GmbH,Stadt Lörrach,3938,Berliner Platz,100008949,YAH23060720,7.65936,47.61974,(UTC+01:00) Europe/Paris DST,2013-08-14T07:00:00+02:00,na,na,47,47,13.0,0.0,na
Eco Counter GmbH,Stadt Lörrach,3938,Berliner Platz,100008949,YAH23060720,7.65936,47.61974,(UTC+01:00) Europe/Paris DST,2013-08-14T08:00:00+02:00,na,na,59,59,15.0,0.0,na
Eco Counter GmbH,Stadt Lörrach,3938,Berliner Platz,100008949,YAH23060720,7.65936,47.61974,(UTC+01:00) Europe/Paris DST,2013-08-14T09:00:00+02:00,na,na,34,34,17.0,0.0,na
Eco Counter GmbH,Stadt Lörrach,3938,Berliner Platz,100008949,YAH23060720,7.65936,47.61974,(UTC+01:00) Europe/Paris DST,2013-08-14T10:00:00+02:00,na,na,47,47,18.0,0.0,na
Eco Counter GmbH,Stadt Lörrach,3938,Berliner Platz,100008949,YAH23060720,7.65936,47.61974,(UTC+01:00) Europe/Paris DST,2013-08-14T11:00:00+02:00,na,na,38,38,20.0,0.0,na
Eco Counter GmbH,Stadt Lörrach,3938,Berliner Platz,100008949,YAH23060720,7.65936,47.61974,(UTC+01:00) Europe/Paris DST,2013-08-14T12:00:00+02:00,na,na,44,44,21.0,0.0,na
Eco Counter GmbH,Stadt Lörrach,3938,Berliner Platz,100008949,YAH23060720,7.65936,47.61974,(UTC+01:00) Europe/Paris DST,2013-08-14T13:00:00+02:00,na,na,39,39,21.0,0.0,na
Eco Counter GmbH,Stadt Lörrach,3938,Berliner Platz,100008949,YAH23060720,7.65936,47.61974,(UTC+01:00) Europe/Paris DST,2013-08-14T14:00:00+02:00,na,na,41,41,21.0,0.0,na
Eco Counter GmbH,Stadt Lörrach,3938,Berliner Platz,100008949,YAH23060720,7.65936,47.61974,(UTC+01:00) Europe/Paris DST,2013-08-14T15:00:00+02:00,na,na,36,36,21.0,0.0,na
Eco Counter GmbH,Stadt Lörrach,3938,Berliner Platz,100008949,YAH23060720,7.65936,47.61974,(UTC+01:00) Europe/Paris DST,2013-08-14T16:00:00+02:00,na,na,34,34,19.0,0.0,na
Eco Counter GmbH,Stadt Lörrach,3938,Berliner Platz,100008949,YAH23060720,7.65936,47.61974,(UTC+01:00) Europe/Paris DST,2013-08-14T17:00:00+02:00,na,na,37,37,18.0,0.0,na
Eco Counter GmbH,Stadt Lörrach,3938,Berliner Platz,100008949,YAH23060720,7.65936,47.61974,(UTC+01:00) Europe/Paris DST,2013-08-14T18:00:00+02:00,na,na,30,30,17.0,0.0,na
Eco Counter GmbH,Stadt Lörrach,3938,Berliner Platz,100008949,YAH23060720,7.65936,47.61974,(UTC+01:00) Europe/Paris DST,2013-08-14T19:00:00+02:00,na,na,21,21,14.0,0.0,na
Eco Counter GmbH,Stadt Lörrach,3938,Berliner Platz,100008949,YAH23060720,7.65936,47.61974,(UTC+01:00) Europe/Paris DST,2013-08-14T20:00:00+02:00,na,na,30,30,12.0,0.0,na
Eco Counter GmbH,Stadt Lörrach,3938,Berliner Platz,100008949,YAH23060720,7.65936,47.61974,(UTC+01:00) Europe/Paris DST,2013-08-14T21:00:00+02:00,na,na,11,11,10.0,0.0,na
Eco Counter GmbH,Stadt Lörrach,3938,Berliner Platz,100008949,YAH23060720,7.65936,47.61974,(UTC+01:00) Europe/Paris DST,2013-08-14T22:00:00+02:00,na,na,11,11,9.0,0.0,na
Eco Counter GmbH,Stadt Lörrach,3938,Berliner Platz,100008949,YAH23060720,7.65936,47.61974,(UTC+01:00) Europe/Paris DST,2013-08-14T23:00:00+02:00,na,na,15,15,9.0,0.0,na
Eco Counter GmbH,Stadt Lörrach,3938,Berliner Platz,100008949,YAH23060720,7.65936,47.61974,(UTC+01:00) Europe/Paris DST,2013-08-15T00:00:00+02:00,na,na,2,2,9.0,0.0,na
Eco Counter GmbH,Stadt Lörrach,3938,Berliner Platz,100008949,YAH23060720,7.65936,47.61974,(UTC+01:00) Europe/Paris DST,2013-08-15T01:00:00+02:00,na,na,1,1,9.0,0.0,na
Eco Counter GmbH,Stadt Lörrach,3938,Berliner Platz,100008949,YAH23060720,7.65936,47.61974,(UTC+01:00) Europe/Paris DST,2013-08-15T02:00:00+02:00,na,na,2,2,8.0,0.0,na
Eco Counter GmbH,Stadt Lörrach,3938,Berliner Platz,100008949,YAH23060720,7.65936,47.61974,(UTC+01:00) Europe/Paris DST,2013-08-15T03:00:00+02:00,na,na,2,2,8.0,0.0,na
Eco Counter GmbH,Stadt Lörrach,3938,Berliner Platz,100008949,YAH23060720,7.65936,47.61974,(UTC+01:00) Europe/Paris DST,2013-08-15T04:00:00+02:00,na,na,0,0,9.0,0.0,na
Eco Counter GmbH,Stadt Lörrach,3938,Berliner Platz,100008949,YAH23060720,7.65936,47.61974,(UTC+01:00) Europe/Paris DST,2013-08-15T05:00:00+02:00,na,na,8,8,11.0,0.0,na
Eco Counter GmbH,Stadt Lörrach,3938,Berliner Platz,100008949,YAH23060720,7.65936,47.61974,(UTC+01:00) Europe/Paris DST,2013-08-15T06:00:00+02:00,na,na,25,25,12.0,0.0,na
Eco Counter GmbH,Stadt Lörrach,3938,Berliner Platz,100008949,YAH23060720,7.65936,47.61974,(UTC+01:00) Europe/Paris DST,2013-08-15T07:00:00+02:00,na,na,54,54,14.0,0.0,na
Eco Counter GmbH,Stadt Lörrach,3938,Berliner Platz,100008949,YAH23060720,7.65936,47.61974,(UTC+01:00) Europe/Paris DST,2013-08-15T08:00:00+02:00,na,na,51,51,16.0,0.0,na
Eco Counter GmbH,Stadt Lörrach,3938,Berliner Platz,100008949,YAH23060720,7.65936,47.61974,(UTC+01:00) Europe/Paris DST,2013-08-15T09:00:00+02:00,na,na,52,52,19.0,0.0,na
Eco Counter GmbH,Stadt Lörrach,3938,Berliner Platz,100008949,YAH23060720,7.65936,47.61974,(UTC+01:00) Europe/Paris DST,2013-08-15T10:00:00+02:00,na,na,52,52,21.0,0.0,na
Eco Counter GmbH,Stadt Lörrach,3938,Berliner Platz,100008949,YAH23060720,7.65936,47.61974,(UTC+01:00) Europe/Paris DST,2013-08-15T11:00:00+02:00,na,na,26,26,22.0,0.0,na
Eco Counter GmbH,Stadt Lörrach,3938,Berliner Platz,100008949,YAH23060720,7.65936,47.61974,(UTC+01:00) Europe/Paris DST,2013-08-15T12:00:00+02:00,na,na,37,37,24.0,0.0,na
Eco Counter GmbH,Stadt Lörrach,3938,Berliner Platz,100008949,YAH23060720,7.65936,47.61974,(UTC+01:00) Europe/Paris DST,2013-08-15T13:00:00+02:00,na,na,32,32,24.0,0.0,na
Eco Counter GmbH,Stadt Lörrach,3938,Berliner Platz,100008949,YAH23060720,7.65936,47.61974,(UTC+01:00) Europe/Paris DST,2013-08-15T14:00:00+02:00,na,na,38,38,24.0,0.0,na
Eco Counter GmbH,Stadt Lörrach,3938,Berliner Platz,100008949,YAH23060720,7.65936,47.61974,(UTC+01:00) Europe/Paris DST,2013-08-15T15:00:00+02:00,na,na,36,36,24.0,0.0,na
Eco Counter GmbH,Stadt Lörrach,3938,Berliner Platz,100008949,YAH23060720,7.65936,47.61974,(UTC+01:00) Europe/Paris DST,2013-08-15T16:00:00+02:00,na,na,36,36,23.0,0.0,na
Eco Counter GmbH,Stadt Lörrach,3938,Berliner Platz,100008949,YAH23060720,7.65936,47.61974,(UTC+01:00) Europe/Paris DST,2013-08-15T17:00:00+02:00,na,na,43,43,22.0,0.0,na
Eco Counter GmbH,Stadt Lörrach,3938,Berliner Platz,100008949,YAH23060720,7.65936,47.61974,(UTC+01:00) Europe/Paris DST,2013-08-15T18:00:00+02:00,na,na,47,47,21.0,0.0,na
Eco Counter GmbH,Stadt Lörrach,3938,Berliner Platz,100008949,YAH23060720,7.65936,47.61974,(UTC+01:00) Europe/Paris DST,2013-08-15T19:00:00+02:00,na,na,42,42,18.0,0.0,na
Eco Counter GmbH,Stadt Lörrach,3938,Berliner Platz,100008949,YAH23060720,7.65936,47.61974,(UTC+01:00) Europe/Paris DST,2013-08-15T20:00:00+02:00,na,na,27,27,15.0,0.0,na
Eco Counter GmbH,Stadt Lörrach,3938,Berliner Platz,100008949,YAH23060720,7.65936,47.61974,(UTC+01:00) Europe/Paris DST,2013-08-15T21:00:00+02:00,na,na,15,15,12.0,0.0,na
Eco Counter GmbH,Stadt Lörrach,3938,Berliner Platz,100008949,YAH23060720,7.65936,47.61974,(UTC+01:00) Europe/Paris DST,2013-08-15T22:00:00+02:00,na,na,6,6,17.0,0.0,na
Eco Counter GmbH,Stadt Lörrach,3938,Berliner Platz,100008949,YAH23060720,7.65936,47.61974,(UTC+01:00) Europe/Paris DST,2013-08-15T23:00:00+02:00,na,na,2,2,21.0,0.0,na
Eco Counter GmbH,Stadt Lörrach,3938,Berliner Platz,100008949,YAH23060720,7.65936,47.61974,(UTC+01:00) Europe/Paris DST,2013-08-16T00:00:00+02:00,na,na,6,6,25.0,0.0,na
Eco Counter GmbH,Stadt Lörrach,3938,Berliner Platz,100008949,YAH23060720,7.65936,47.61974,(UTC+01:00) Europe/Paris DST,2013-08-16T01:00:00+02:00,na,na,2,2,25.0,0.0,na
Eco Counter GmbH,Stadt Lörrach,3938,Berliner Platz,100008949,YAH23060720,7.65936,47.61974,(UTC+01:00) Europe/Paris DST,2013-08-16T02:00:00+02:00,na,na,0,0,25.0,0.0,na
Eco Counter GmbH,Stadt Lörrach,3938,Berliner Platz,100008949,YAH23060720,7.65936,47.61974,(UTC+01:00) Europe/Paris DST,2013-08-16T03:00:00+02:00,na,na,0,0,25.0,0.0,na
Eco Counter GmbH,Stadt Lörrach,3938,Berliner Platz,100008949,YAH23060720,7.65936,47.61974,(UTC+01:00) Europe/Paris DST,2013-08-16T04:00:00+02:00,na,na,0,0,25.0,0.0,na
Eco Counter GmbH,Stadt Lörrach,3938,Berliner Platz,100008949,YAH23060720,7.65936,47.61974,(UTC+01:00) Europe/Paris DST,2013-08-16T05:00:00+02:00,na,na,5,5,25.0,0.0,na
Eco Counter GmbH,Stadt Lörrach,3938,Berliner Platz,100008949,YAH23060720,7.65936,47.61974,(UTC+01:00) Europe/Paris DST,2013-08-16T06:00:00+02:00,na,na,29,29,25.0,0.0,na
Eco Counter GmbH,Stadt Lörrach,3938,Berliner Platz,100008949,YAH23060720,7.65936,47.61974,(UTC+01:00) Europe/Paris DST,2013-08-16T07:00:00+02:00,na,na,45,45,25.0,0.0,na
Eco Counter GmbH,Stadt Lörrach,3938,Berliner Platz,100008949,YAH23060720,7.65936,47.61974,(UTC+01:00) Europe/Paris DST,2013-08-16T08:00:00+02:00,na,na,50,50,25.0,0.0,na
Eco Counter GmbH,Stadt Lörrach,3938,Berliner Platz,100008949,YAH23060720,7.65936,47.61974,(UTC+01:00) Europe/Paris DST,2013-08-16T09:00:00+02:00,na,na,38,38,25.0,0.0,na
Eco Counter GmbH,Stadt Lörrach,3938,Berliner Platz,100008949,YAH23060720,7.65936,47.61974,(UTC+01:00) Europe/Paris DST,2013-08-16T10:00:00+02:00,na,na,37,37,25.0,0.0,na
Eco Counter GmbH,Stadt Lörrach,3938,Berliner Platz,100008949,YAH23060720,7.65936,47.61974,(UTC+01:00) Europe/Paris DST,2013-08-16T11:00:00+02:00,na,na,36,36,25.0,0.0,na
Eco Counter GmbH,Stadt Lörrach,3938,Berliner Platz,100008949,YAH23060720,7.65936,47.61974,(UTC+01:00) Europe/Paris DST,2013-08-16T12:00:00+02:00,na,na,28,28,25.0,0.0,na
Eco Counter GmbH,Stadt Lörrach,3938,Berliner Platz,100008949,YAH23060720,7.65936,47.61974,(UTC+01:00) Europe/Paris DST,2013-08-16T13:00:00+02:00,na,na,34,34,25.0,0.0,na
Eco Counter GmbH,Stadt Lörrach,3938,Berliner Platz,100008949,YAH23060720,7.65936,47.61974,(UTC+01:00) Europe/Paris DST,2013-08-16T14:00:00+02:00,na,na,42,42,25.0,0.0,na
Eco Counter GmbH,Stadt Lörrach,3938,Berliner Platz,100008949,YAH23060720,7.65936,47.61974,(UTC+01:00) Europe/Paris DST,2013-08-16T15:00:00+02:00,na,na,40,40,25.0,0.0,na
Eco Counter GmbH,Stadt Lörrach,3938,Berliner Platz,100008949,YAH23060720,7.65936,47.61974,(UTC+01:00) Europe/Paris DST,2013-08-16T16:00:00+02:00,na,na,39,39,25.0,0.0,na
Eco Counter GmbH,Stadt Lörrach,3938,Berliner Platz,100008949,YAH23060720,7.65936,47.61974,(UTC+01:00) Europe/Paris DST,2013-08-16T17:00:00+02:00,na,na,33,33,25.0,0.0,na
Eco Counter GmbH,Stadt Lörrach,3938,Berliner Platz,100008949,YAH23060720,7.65936,47.61974,(UTC+01:00) Europe/Paris DST,2013-08-16T18:00:00+02:00,na,na,39,39,25.0,0.0,na
Eco Counter GmbH,Stadt Lörrach,3938,Berliner Platz,100008949,YAH23060720,7.65936,47.61974,(UTC+01:00) Europe/Paris DST,2013-08-16T19:00:00+02:00,na,na,60,60,25.0,0.0,na
Eco Counter GmbH,Stadt Lörrach,3938,Berliner Platz,100008949,YAH23060720,7.65936,47.61974,(UTC+01:00) Europe/Paris DST,2013-08-16T20:00:00+02:00,na,na,25,25,25.0,0.0,na
Eco Counter GmbH,Stadt Lörrach,3938,Berliner Platz,100008949,YAH23060720,7.65936,47.61974,(UTC+01:00) Europe/Paris DST,2013-08-16T21:00:00+02:00,na,na,13,13,25.0,0.0,na
Eco Counter GmbH,Stadt Lörrach,3938,Berliner Platz,100008949,YAH23060720,7.65936,47.61974,(UTC+01:00) Europe/Paris DST,2013-08-16T22:00:00+02:00,na,na,10,10,25.0,0.0,na
Eco Counter GmbH,Stadt Lörrach,3938,Berliner Platz,100008949,YAH23060720,7.65936,47.61974,(UTC+01:00) Europe/Paris DST,2013-08-16T23:00:00+02:00,na,na,7,7,25.0,0.0,na
Eco Counter GmbH,Stadt Lörrach,3938,Berliner Platz,100008949,YAH23060720,7.65936,47.61974,(UTC+01:00) Europe/Paris DST,2013-08-17T00:00:00+02:00,na,na,1,1,24.0,0.0,na
Eco Counter GmbH,Stadt Lörrach,3938,Berliner Platz,100008949,YAH23060720,7.65936,47.61974,(UTC+01:00) Europe/Paris DST,2013-08-17T01:00:00+02:00,na,na,1,1,24.0,0.0,na
Eco Counter GmbH,Stadt Lörrach,3938,Berliner Platz,100008949,YAH23060720,7.65936,47.61974,(UTC+01:00) Europe/Paris DST,2013-08-17T02:00:00+02:00,na,na,3,3,24.0,0.0,na
Eco Counter GmbH,Stadt Lörrach,3938,Berliner Platz,100008949,YAH23060720,7.65936,47.61974,(UTC+01:00) Europe/Paris DST,2013-08-17T03:00:00+02:00,na,na,1,1,24.0,0.0,na
Eco Counter GmbH,Stadt Lörrach,3938,Berliner Platz,100008949,YAH23060720,7.65936,47.61974,(UTC+01:00) Europe/Paris DST,2013-08-17T04:00:00+02:00,na,na,1,1,24.0,0.0,na
Eco Counter GmbH,Stadt Lörrach,3938,Berliner Platz,100008949,YAH23060720,7.65936,47.61974,(UTC+01:00) Europe/Paris DST,2013-08-17T05:00:00+02:00,na,na,1,1,24.0,0.0,na
Eco Counter GmbH,Stadt Lörrach,3938,Berliner Platz,100008949,YAH23060720,7.65936,47.61974,(UTC+01:00) Europe/Paris DST,2013-08-17T06:00:00+02:00,na,na,10,10,24.0,0.0,na
Eco Counter GmbH,Stadt Lörrach,3938,Berliner Platz,100008949,YAH23060720,7.65936,47.61974,(UTC+01:00) Europe/Paris DST,2013-08-17T07:00:00+02:00,na,na,19,19,24.0,0.0,na
Eco Counter GmbH,Stadt Lörrach,3938,Berliner Platz,100008949,YAH23060720,7.65936,47.61974,(UTC+01:00) Europe/Paris DST,2013-08-17T08:00:00+02:00,na,na,33,33,24.0,0.0,na
Eco Counter GmbH,Stadt Lörrach,3938,Berliner Platz,100008949,YAH23060720,7.65936,47.61974,(UTC+01:00) Europe/Paris DST,2013-08-17T09:00:00+02:00,na,na,76,76,24.0,0.0,na
Eco Counter GmbH,Stadt Lörrach,3938,Berliner Platz,100008949,YAH23060720,7.65936,47.61974,(UTC+01:00) Europe/Paris DST,2013-08-17T10:00:00+02:00,na,na,68,68,24.0,0.0,na
Eco Counter GmbH,Stadt Lörrach,3938,Berliner Platz,100008949,YAH23060720,7.65936,47.61974,(UTC+01:00) Europe/Paris DST,2013-08-17T11:00:00+02:00,na,na,50,50,24.0,0.0,na
Eco Counter GmbH,Stadt Lörrach,3938,Berliner Platz,100008949,YAH23060720,7.65936,47.61974,(UTC+01:00) Europe/Paris DST,2013-08-17T12:00:00+02:00,na,na,35,35,24.0,0.0,na
Eco Counter GmbH,Stadt Lörrach,3938,Berliner Platz,100008949,YAH23060720,7.65936,47.61974,(UTC+01:00) Europe/Paris DST,2013-08-17T13:00:00+02:00,na,na,41,41,24.0,0.0,na
Eco Counter GmbH,Stadt Lörrach,3938,Berliner Platz,100008949,YAH23060720,7.65936,47.61974,(UTC+01:00) Europe/Paris DST,2013-08-17T14:00:00+02:00,na,na,26,26,24.0,0.0,na
Eco Counter GmbH,Stadt Lörrach,3938,Berliner Platz,100008949,YAH23060720,7.65936,47.61974,(UTC+01:00) Europe/Paris DST,2013-08-17T15:00:00+02:00,na,na,39,39,24.0,0.0,na
Eco Counter GmbH,Stadt Lörrach,3938,Berliner Platz,100008949,YAH23060720,7.65936,47.61974,(UTC+01:00) Europe/Paris DST,2013-08-17T16:00:00+02:00,na,na,20,20,24.0,0.0,na
Eco Counter GmbH,Stadt Lörrach,3938,Berliner Platz,100008949,YAH23060720,7.65936,47.61974,(UTC+01:00) Europe/Paris DST,2013-08-17T17:00:00+02:00,na,na,25,25,24.0,0.0,na
Eco Counter GmbH,Stadt Lörrach,3938,Berliner Platz,100008949,YAH23060720,7.65936,47.61974,(UTC+01:00) Europe/Paris DST,2013-08-17T18:00:00+02:00,na,na,47,47,24.0,0.0,na
Eco Counter GmbH,Stadt Lörrach,3938,Berliner Platz,100008949,YAH23060720,7.65936,47.61974,(UTC+01:00) Europe/Paris DST,2013-08-17T19:00:00+02:00,na,na,36,36,24.0,0.0,na
Eco Counter GmbH,Stadt Lörrach,3938,Berliner Platz,100008949,YAH23060720,7.65936,47.61974,(UTC+01:00) Europe/Paris DST,2013-08-17T20:00:00+02:00,na,na,11,11,24.0,0.0,na
Eco Counter GmbH,Stadt Lörrach,3938,Berliner Platz,100008949,YAH23060720,7.65936,47.61974,(UTC+01:00) Europe/Paris DST,2013-08-17T21:00:00+02:00,na,na,18,18,24.0,0.0,na
Eco Counter GmbH,Stadt Lörrach,3938,Berliner Platz,100008949,YAH23060720,7.65936,47.61974,(UTC+01:00) Europe/Paris DST,2013-08-17T22:00:00+02:00,na,na,5,5,24.0,0.0,na
Eco Counter GmbH,Stadt Lörrach,3938,Berliner Platz,100008949,YAH23060720,7.65936,47.61974,(UTC+01:00) Europe/Paris DST,2013-08-17T23:00:00+02:00,na,na,3,3,24.0,0.0,na
Eco Counter GmbH,Stadt Lörrach,3938,Berliner Platz,100008949,YAH23060720,7.65936,47.61974,(UTC+01:00) Europe/Paris DST,2013-08-18T00:00:00+02:00,na,na,4,4,24.0,0.0,na
Eco Counter GmbH,Stadt Lörrach,3938,Berliner Platz,100008949,YAH23060720,7.65936,47.61974,(UTC+01:00) Europe/Paris DST,2013-08-18T01:00:00+02:00,na,na,5,5,24.0,0.0,na
Eco Counter GmbH,Stadt Lörrach,3938,Berliner Platz,100008949,YAH23060720,7.65936,47.61974,(UTC+01:00) Europe/Paris DST,2013-08-18T02:00:00+02:00,na,na,2,2,24.0,0.0,na
Eco Counter GmbH,Stadt Lörrach,3938,Berliner Platz,100008949,YAH23060720,7.65936,47.61974,(UTC+01:00) Europe/Paris DST,2013-08-18T03:00:00+02:00,na,na,0,0,24.0,0.0,na
Eco Counter GmbH,Stadt Lörrach,3938,Berliner Platz,100008949,YAH23060720,7.65936,47.61974,(UTC+01:00) Europe/Paris DST,2013-08-18T04:00:00+02:00,na,na,0,0,24.0,0.0,na
Eco Counter GmbH,Stadt Lörrach,3938,Berliner Platz,100008949,YAH23060720,7.65936,47.61974,(UTC+01:00) Europe/Paris DST,2013-08-18T05:00:00+02:00,na,na,0,0,24.0,0.0,na
Eco Counter GmbH,Stadt Lörrach,3938,Berliner Platz,100008949,YAH23060720,7.65936,47.61974,(UTC+01:00) Europe/Paris DST,2013-08-18T06:00:00+02:00,na,na,4,4,24.0,0.0,na
Eco Counter GmbH,Stadt Lörrach,3938,Berliner Platz,100008949,YAH23060720,7.65936,47.61974,(UTC+01:00) Europe/Paris DST,2013-08-18T07:00:00+02:00,na,na,0,0,24.0,0.0,na
Eco Counter GmbH,Stadt Lörrach,3938,Berliner Platz,100008949,YAH23060720,7.65936,47.61974,(UTC+01:00) Europe/Paris DST,2013-08-18T08:00:00+02:00,na,na,7,7,24.0,0.0,na
Eco Counter GmbH,Stadt Lörrach,3938,Berliner Platz,100008949,YAH23060720,7.65936,47.61974,(UTC+01:00) Europe/Paris DST,2013-08-18T09:00:00+02:00,na,na,8,8,24.0,0.0,na
Eco Counter GmbH,Stadt Lörrach,3938,Berliner Platz,100008949,YAH23060720,7.65936,47.61974,(UTC+01:00) Europe/Paris DST,2013-08-18T10:00:00+02:00,na,na,29,29,24.0,0.0,na
Eco Counter GmbH,Stadt Lörrach,3938,Berliner Platz,100008949,YAH23060720,7.65936,47.61974,(UTC+01:00) Europe/Paris DST,2013-08-18T11:00:00+02:00,na,na,11,11,24.0,0.0,na
Eco Counter GmbH,Stadt Lörrach,3938,Berliner Platz,100008949,YAH23060720,7.65936,47.61974,(UTC+01:00) Europe/Paris DST,2013-08-18T12:00:00+02:00,na,na,23,23,24.0,0.0,na
Eco Counter GmbH,Stadt Lörrach,3938,Berliner Platz,100008949,YAH23060720,7.65936,47.61974,(UTC+01:00) Europe/Paris DST,2013-08-18T13:00:00+02:00,na,na,30,30,24.0,0.0,na
Eco Counter GmbH,Stadt Lörrach,3938,Berliner Platz,100008949,YAH23060720,7.65936,47.61974,(UTC+01:00) Europe/Paris DST,2013-08-18T14:00:00+02:00,na,na,22,22,24.0,0.0,na
Eco Counter GmbH,Stadt Lörrach,3938,Berliner Platz,100008949,YAH23060720,7.65936,47.61974,(UTC+01:00) Europe/Paris DST,2013-08-18T15:00:00+02:00,na,na,31,31,24.0,0.0,na
Eco Counter GmbH,Stadt Lörrach,3938,Berliner Platz,100008949,YAH23060720,7.65936,47.61974,(UTC+01:00) Europe/Paris DST,2013-08-18T16:00:00+02:00,na,na,36,36,24.0,0.0,na
Eco Counter GmbH,Stadt Lörrach,3938,Berliner Platz,100008949,YAH23060720,7.65936,47.61974,(UTC+01:00) Europe/Paris DST,2013-08-18T17:00:00+02:00,na,na,34,34,24.0,0.0,na
Eco Counter GmbH,Stadt Lörrach,3938,Berliner Platz,100008949,YAH23060720,7.65936,47.61974,(UTC+01:00) Europe/Paris DST,2013-08-18T18:00:00+02:00,na,na,42,42,24.0,0.1,na
Eco Counter GmbH,Stadt Lörrach,3938,Berliner Platz,100008949,YAH23060720,7.65936,47.61974,(UTC+01:00) Europe/Paris DST,2013-08-18T19:00:00+02:00,na,na,17,17,24.0,0.1,na
Eco Counter GmbH,Stadt Lörrach,3938,Berliner Platz,100008949,YAH23060720,7.65936,47.61974,(UTC+01:00) Europe/Paris DST,2013-08-18T20:00:00+02:00,na,na,12,12,24.0,0.0,na
Eco Counter GmbH,Stadt Lörrach,3938,Berliner Platz,100008949,YAH23060720,7.65936,47.61974,(UTC+01:00) Europe/Paris DST,2013-08-18T21:00:00+02:00,na,na,7,7,24.0,0.0,na
Eco Counter GmbH,Stadt Lörrach,3938,Berliner Platz,100008949,YAH23060720,7.65936,47.61974,(UTC+01:00) Europe/Paris DST,2013-08-18T22:00:00+02:00,na,na,3,3,22.0,0.0,na
Eco Counter GmbH,Stadt Lörrach,3938,Berliner Platz,100008949,YAH23060720,7.65936,47.61974,(UTC+01:00) Europe/Paris DST,2013-08-18T23:00:00+02:00,na,na,0,0,20.0,0.0,na
Eco Counter GmbH,Stadt Lörrach,3938,Berliner Platz,100008949,YAH23060720,7.65936,47.61974,(UTC+01:00) Europe/Paris DST,2013-08-19T00:00:00+02:00,na,na,0,0,18.0,0.0,na
Eco Counter GmbH,Stadt Lörrach,3938,Berliner Platz,100008949,YAH23060720,7.65936,47.61974,(UTC+01:00) Europe/Paris DST,2013-08-19T01:00:00+02:00,na,na,1,1,18.0,0.0,na
Eco Counter GmbH,Stadt Lörrach,3938,Berliner Platz,100008949,YAH23060720,7.65936,47.61974,(UTC+01:00) Europe/Paris DST,2013-08-19T02:00:00+02:00,na,na,1,1,18.0,0.0,na
Eco Counter GmbH,Stadt Lörrach,3938,Berliner Platz,100008949,YAH23060720,7.65936,47.61974,(UTC+01:00) Europe/Paris DST,2013-08-19T03:00:00+02:00,na,na,0,0,18.0,0.0,na
Eco Counter GmbH,Stadt Lörrach,3938,Berliner Platz,100008949,YAH23060720,7.65936,47.61974,(UTC+01:00) Europe/Paris DST,2013-08-19T04:00:00+02:00,na,na,1,1,18.0,0.3,na
Eco Counter GmbH,Stadt Lörrach,3938,Berliner Platz,100008949,YAH23060720,7.65936,47.61974,(UTC+01:00) Europe/Paris DST,2013-08-19T05:00:00+02:00,na,na,6,6,18.0,0.5,na
Eco Counter GmbH,Stadt Lörrach,3938,Berliner Platz,100008949,YAH23060720,7.65936,47.61974,(UTC+01:00) Europe/Paris DST,2013-08-19T06:00:00+02:00,na,na,27,27,18.0,0.8,na
Eco Counter GmbH,Stadt Lörrach,3938,Berliner Platz,100008949,YAH23060720,7.65936,47.61974,(UTC+01:00) Europe/Paris DST,2013-08-19T07:00:00+02:00,na,na,47,47,18.0,1.5,na
Eco Counter GmbH,Stadt Lörrach,3938,Berliner Platz,100008949,YAH23060720,7.65936,47.61974,(UTC+01:00) Europe/Paris DST,2013-08-19T08:00:00+02:00,na,na,36,36,18.0,2.1,na
Eco Counter GmbH,Stadt Lörrach,3938,Berliner Platz,100008949,YAH23060720,7.65936,47.61974,(UTC+01:00) Europe/Paris DST,2013-08-19T09:00:00+02:00,na,na,34,34,18.0,2.8,na
Eco Counter GmbH,Stadt Lörrach,3938,Berliner Platz,100008949,YAH23060720,7.65936,47.61974,(UTC+01:00) Europe/Paris DST,2013-08-19T10:00:00+02:00,na,na,27,27,18.0,3.1,na
Eco Counter GmbH,Stadt Lörrach,3938,Berliner Platz,100008949,YAH23060720,7.65936,47.61974,(UTC+01:00) Europe/Paris DST,2013-08-19T11:00:00+02:00,na,na,32,32,18.0,3.4,na
Eco Counter GmbH,Stadt Lörrach,3938,Berliner Platz,100008949,YAH23060720,7.65936,47.61974,(UTC+01:00) Europe/Paris DST,2013-08-19T12:00:00+02:00,na,na,25,25,18.0,3.7,na
Eco Counter GmbH,Stadt Lörrach,3938,Berliner Platz,100008949,YAH23060720,7.65936,47.61974,(UTC+01:00) Europe/Paris DST,2013-08-19T13:00:00+02:00,na,na,30,30,18.0,3.1,na
Eco Counter GmbH,Stadt Lörrach,3938,Berliner Platz,100008949,YAH23060720,7.65936,47.61974,(UTC+01:00) Europe/Paris DST,2013-08-19T14:00:00+02:00,na,na,25,25,18.0,2.5,na
Eco Counter GmbH,Stadt Lörrach,3938,Berliner Platz,100008949,YAH23060720,7.65936,47.61974,(UTC+01:00) Europe/Paris DST,2013-08-19T15:00:00+02:00,na,na,43,43,18.0,1.9,na
Eco Counter GmbH,Stadt Lörrach,3938,Berliner Platz,100008949,YAH23060720,7.65936,47.61974,(UTC+01:00) Europe/Paris DST,2013-08-19T16:00:00+02:00,na,na,31,31,18.0,1.5,na
Eco Counter GmbH,Stadt Lörrach,3938,Berliner Platz,100008949,YAH23060720,7.65936,47.61974,(UTC+01:00) Europe/Paris DST,2013-08-19T17:00:00+02:00,na,na,19,19,18.0,1.1,na
Eco Counter GmbH,Stadt Lörrach,3938,Berliner Platz,100008949,YAH23060720,7.65936,47.61974,(UTC+01:00) Europe/Paris DST,2013-08-19T18:00:00+02:00,na,na,25,25,18.0,0.7,na
Eco Counter GmbH,Stadt Lörrach,3938,Berliner Platz,100008949,YAH23060720,7.65936,47.61974,(UTC+01:00) Europe/Paris DST,2013-08-19T19:00:00+02:00,na,na,13,13,18.0,0.5,na
Eco Counter GmbH,Stadt Lörrach,3938,Berliner Platz,100008949,YAH23060720,7.65936,47.61974,(UTC+01:00) Europe/Paris DST,2013-08-19T20:00:00+02:00,na,na,16,16,18.0,0.4,na
Eco Counter GmbH,Stadt Lörrach,3938,Berliner Platz,100008949,YAH23060720,7.65936,47.61974,(UTC+01:00) Europe/Paris DST,2013-08-19T21:00:00+02:00,na,na,11,11,18.0,0.2,na
Eco Counter GmbH,Stadt Lörrach,3938,Berliner Platz,100008949,YAH23060720,7.65936,47.61974,(UTC+01:00) Europe/Paris DST,2013-08-19T22:00:00+02:00,na,na,3,3,18.0,0.1,na
Eco Counter GmbH,Stadt Lörrach,3938,Berliner Platz,100008949,YAH23060720,7.65936,47.61974,(UTC+01:00) Europe/Paris DST,2013-08-19T23:00:00+02:00,na,na,1,1,18.0,0.1,na
Eco Counter GmbH,Stadt Lörrach,3938,Berliner Platz,100008949,YAH23060720,7.65936,47.61974,(UTC+01:00) Europe/Paris DST,2013-08-20T00:00:00+02:00,na,na,0,0,19.0,0.0,na
Eco Counter GmbH,Stadt Lörrach,3938,Berliner Platz,100008949,YAH23060720,7.65936,47.61974,(UTC+01:00) Europe/Paris DST,2013-08-20T01:00:00+02:00,na,na,2,2,19.0,0.0,na
Eco Counter GmbH,Stadt Lörrach,3938,Berliner Platz,100008949,YAH23060720,7.65936,47.61974,(UTC+01:00) Europe/Paris DST,2013-08-20T02:00:00+02:00,na,na,0,0,19.0,0.0,na
Eco Counter GmbH,Stadt Lörrach,3938,Berliner Platz,100008949,YAH23060720,7.65936,47.61974,(UTC+01:00) Europe/Paris DST,2013-08-20T03:00:00+02:00,na,na,0,0,19.0,0.0,na
Eco Counter GmbH,Stadt Lörrach,3938,Berliner Platz,100008949,YAH23060720,7.65936,47.61974,(UTC+01:00) Europe/Paris DST,2013-08-20T04:00:00+02:00,na,na,0,0,19.0,0.0,na
Eco Counter GmbH,Stadt Lörrach,3938,Berliner Platz,100008949,YAH23060720,7.65936,47.61974,(UTC+01:00) Europe/Paris DST,2013-08-20T05:00:00+02:00,na,na,10,10,19.0,0.0,na
Eco Counter GmbH,Stadt Lörrach,3938,Berliner Platz,100008949,YAH23060720,7.65936,47.61974,(UTC+01:00) Europe/Paris DST,2013-08-20T06:00:00+02:00,na,na,30,30,19.0,0.0,na
Eco Counter GmbH,Stadt Lörrach,3938,Berliner Platz,100008949,YAH23060720,7.65936,47.61974,(UTC+01:00) Europe/Paris DST,2013-08-20T07:00:00+02:00,na,na,50,50,19.0,0.0,na
Eco Counter GmbH,Stadt Lörrach,3938,Berliner Platz,100008949,YAH23060720,7.65936,47.61974,(UTC+01:00) Europe/Paris DST,2013-08-20T08:00:00+02:00,na,na,60,60,19.0,0.0,na
Eco Counter GmbH,Stadt Lörrach,3938,Berliner Platz,100008949,YAH23060720,7.65936,47.61974,(UTC+01:00) Europe/Paris DST,2013-08-20T09:00:00+02:00,na,na,44,44,19.0,0.0,na
Eco Counter GmbH,Stadt Lörrach,3938,Berliner Platz,100008949,YAH23060720,7.65936,47.61974,(UTC+01:00) Europe/Paris DST,2013-08-20T10:00:00+02:00,na,na,60,60,19.0,0.0,na
Eco Counter GmbH,Stadt Lörrach,3938,Berliner Platz,100008949,YAH23060720,7.65936,47.61974,(UTC+01:00) Europe/Paris DST,2013-08-20T11:00:00+02:00,na,na,44,44,19.0,0.0,na
Eco Counter GmbH,Stadt Lörrach,3938,Berliner Platz,100008949,YAH23060720,7.65936,47.61974,(UTC+01:00) Europe/Paris DST,2013-08-20T12:00:00+02:00,na,na,38,38,19.0,0.0,na
Eco Counter GmbH,Stadt Lörrach,3938,Berliner Platz,100008949,YAH23060720,7.65936,47.61974,(UTC+01:00) Europe/Paris DST,2013-08-20T13:00:00+02:00,na,na,27,27,19.0,0.0,na
Eco Counter GmbH,Stadt Lörrach,3938,Berliner Platz,100008949,YAH23060720,7.65936,47.61974,(UTC+01:00) Europe/Paris DST,2013-08-20T14:00:00+02:00,na,na,33,33,19.0,0.0,na
Eco Counter GmbH,Stadt Lörrach,3938,Berliner Platz,100008949,YAH23060720,7.65936,47.61974,(UTC+01:00) Europe/Paris DST,2013-08-20T15:00:00+02:00,na,na,46,46,19.0,0.0,na
Eco Counter GmbH,Stadt Lörrach,3938,Berliner Platz,100008949,YAH23060720,7.65936,47.61974,(UTC+01:00) Europe/Paris DST,2013-08-20T16:00:00+02:00,na,na,42,42,19.0,0.0,na
Eco Counter GmbH,Stadt Lörrach,3938,Berliner Platz,100008949,YAH23060720,7.65936,47.61974,(UTC+01:00) Europe/Paris DST,2013-08-20T17:00:00+02:00,na,na,43,43,19.0,0.0,na
Eco Counter GmbH,Stadt Lörrach,3938,Berliner Platz,100008949,YAH23060720,7.65936,47.61974,(UTC+01:00) Europe/Paris DST,2013-08-20T18:00:00+02:00,na,na,36,36,19.0,0.0,na
Eco Counter GmbH,Stadt Lörrach,3938,Berliner Platz,100008949,YAH23060720,7.65936,47.61974,(UTC+01:00) Europe/Paris DST,2013-08-20T19:00:00+02:00,na,na,37,37,19.0,0.0,na
Eco Counter GmbH,Stadt Lörrach,3938,Berliner Platz,100008949,YAH23060720,7.65936,47.61974,(UTC+01:00) Europe/Paris DST,2013-08-20T20:00:00+02:00,na,na,22,22,19.0,0.0,na
Eco Counter GmbH,Stadt Lörrach,3938,Berliner Platz,100008949,YAH23060720,7.65936,47.61974,(UTC+01:00) Europe/Paris DST,2013-08-20T21:00:00+02:00,na,na,16,16,19.0,0.0,na
Eco Counter GmbH,Stadt Lörrach,3938,Berliner Platz,100008949,YAH23060720,7.65936,47.61974,(UTC+01:00) Europe/Paris DST,2013-08-20T22:00:00+02:00,na,na,11,11,19.0,0.0,na
Eco Counter GmbH,Stadt Lörrach,3938,Berliner Platz,100008949,YAH23060720,7.65936,47.61974,(UTC+01:00) Europe/Paris DST,2013-08-20T23:00:00+02:00,na,na,4,4,20.0,0.0,na
Eco Counter GmbH,Stadt Lörrach,3938,Berliner Platz,100008949,YAH23060720,7.65936,47.61974,(UTC+01:00) Europe/Paris DST,2013-08-21T00:00:00+02:00,na,na,1,1,20.0,0.0,na
Eco Counter GmbH,Stadt Lörrach,3938,Berliner Platz,100008949,YAH23060720,7.65936,47.61974,(UTC+01:00) Europe/Paris DST,2013-08-21T01:00:00+02:00,na,na,1,1,20.0,0.0,na
Eco Counter GmbH,Stadt Lörrach,3938,Berliner Platz,100008949,YAH23060720,7.65936,47.61974,(UTC+01:00) Europe/Paris DST,2013-08-21T02:00:00+02:00,na,na,0,0,20.0,0.0,na
Eco Counter GmbH,Stadt Lörrach,3938,Berliner Platz,100008949,YAH23060720,7.65936,47.61974,(UTC+01:00) Europe/Paris DST,2013-08-21T03:00:00+02:00,na,na,0,0,20.0,0.0,na
Eco Counter GmbH,Stadt Lörrach,3938,Berliner Platz,100008949,YAH23060720,7.65936,47.61974,(UTC+01:00) Europe/Paris DST,2013-08-21T04:00:00+02:00,na,na,2,2,20.0,0.0,na
Eco Counter GmbH,Stadt Lörrach,3938,Berliner Platz,100008949,YAH23060720,7.65936,47.61974,(UTC+01:00) Europe/Paris DST,2013-08-21T05:00:00+02:00,na,na,10,10,20.0,0.0,na
Eco Counter GmbH,Stadt Lörrach,3938,Berliner Platz,100008949,YAH23060720,7.65936,47.61974,(UTC+01:00) Europe/Paris DST,2013-08-21T06:00:00+02:00,na,na,31,31,20.0,0.0,na
Eco Counter GmbH,Stadt Lörrach,3938,Berliner Platz,100008949,YAH23060720,7.65936,47.61974,(UTC+01:00) Europe/Paris DST,2013-08-21T07:00:00+02:00,na,na,55,55,20.0,0.0,na
Eco Counter GmbH,Stadt Lörrach,3938,Berliner Platz,100008949,YAH23060720,7.65936,47.61974,(UTC+01:00) Europe/Paris DST,2013-08-21T08:00:00+02:00,na,na,42,42,20.0,0.0,na
Eco Counter GmbH,Stadt Lörrach,3938,Berliner Platz,100008949,YAH23060720,7.65936,47.61974,(UTC+01:00) Europe/Paris DST,2013-08-21T09:00:00+02:00,na,na,52,52,20.0,0.0,na
Eco Counter GmbH,Stadt Lörrach,3938,Berliner Platz,100008949,YAH23060720,7.65936,47.61974,(UTC+01:00) Europe/Paris DST,2013-08-21T10:00:00+02:00,na,na,39,39,20.0,0.0,na
Eco Counter GmbH,Stadt Lörrach,3938,Berliner Platz,100008949,YAH23060720,7.65936,47.61974,(UTC+01:00) Europe/Paris DST,2013-08-21T11:00:00+02:00,na,na,32,32,20.0,0.0,na
Eco Counter GmbH,Stadt Lörrach,3938,Berliner Platz,100008949,YAH23060720,7.65936,47.61974,(UTC+01:00) Europe/Paris DST,2013-08-21T12:00:00+02:00,na,na,33,33,20.0,0.0,na
Eco Counter GmbH,Stadt Lörrach,3938,Berliner Platz,100008949,YAH23060720,7.65936,47.61974,(UTC+01:00) Europe/Paris DST,2013-08-21T13:00:00+02:00,na,na,19,19,20.0,0.0,na
Eco Counter GmbH,Stadt Lörrach,3938,Berliner Platz,100008949,YAH23060720,7.65936,47.61974,(UTC+01:00) Europe/Paris DST,2013-08-21T14:00:00+02:00,na,na,39,39,20.0,0.0,na
Eco Counter GmbH,Stadt Lörrach,3938,Berliner Platz,100008949,YAH23060720,7.65936,47.61974,(UTC+01:00) Europe/Paris DST,2013-08-21T15:00:00+02:00,na,na,39,39,20.0,0.0,na
Eco Counter GmbH,Stadt Lörrach,3938,Berliner Platz,100008949,YAH23060720,7.65936,47.61974,(UTC+01:00) Europe/Paris DST,2013-08-21T16:00:00+02:00,na,na,29,29,20.0,0.0,na
Eco Counter GmbH,Stadt Lörrach,3938,Berliner Platz,100008949,YAH23060720,7.65936,47.61974,(UTC+01:00) Europe/Paris DST,2013-08-21T17:00:00+02:00,na,na,36,36,20.0,0.0,na
Eco Counter GmbH,Stadt Lörrach,3938,Berliner Platz,100008949,YAH23060720,7.65936,47.61974,(UTC+01:00) Europe/Paris DST,2013-08-21T18:00:00+02:00,na,na,41,41,20.0,0.0,na
Eco Counter GmbH,Stadt Lörrach,3938,Berliner Platz,100008949,YAH23060720,7.65936,47.61974,(UTC+01:00) Europe/Paris DST,2013-08-21T19:00:00+02:00,na,na,39,39,20.0,0.0,na
Eco Counter GmbH,Stadt Lörrach,3938,Berliner Platz,100008949,YAH23060720,7.65936,47.61974,(UTC+01:00) Europe/Paris DST,2013-08-21T20:00:00+02:00,na,na,33,33,20.0,0.0,na
Eco Counter GmbH,Stadt Lörrach,3938,Berliner Platz,100008949,YAH23060720,7.65936,47.61974,(UTC+01:00) Europe/Paris DST,2013-08-21T21:00:00+02:00,na,na,14,14,20.0,0.0,na
Eco Counter GmbH,Stadt Lörrach,3938,Berliner Platz,100008949,YAH23060720,7.65936,47.61974,(UTC+01:00) Europe/Paris DST,2013-08-21T22:00:00+02:00,na,na,11,11,21.0,0.0,na
Eco Counter GmbH,Stadt Lörrach,3938,Berliner Platz,100008949,YAH23060720,7.65936,47.61974,(UTC+01:00) Europe/Paris DST,2013-08-21T23:00:00+02:00,na,na,0,0,21.0,0.0,na
Eco Counter GmbH,Stadt Lörrach,3938,Berliner Platz,100008949,YAH23060720,7.65936,47.61974,(UTC+01:00) Europe/Paris DST,2013-08-22T00:00:00+02:00,na,na,1,1,22.0,0.0,na
Eco Counter GmbH,Stadt Lörrach,3938,Berliner Platz,100008949,YAH23060720,7.65936,47.61974,(UTC+01:00) Europe/Paris DST,2013-08-22T01:00:00+02:00,na,na,1,1,22.0,0.0,na
Eco Counter GmbH,Stadt Lörrach,3938,Berliner Platz,100008949,YAH23060720,7.65936,47.61974,(UTC+01:00) Europe/Paris DST,2013-08-22T02:00:00+02:00,na,na,0,0,22.0,0.0,na
Eco Counter GmbH,Stadt Lörrach,3938,Berliner Platz,100008949,YAH23060720,7.65936,47.61974,(UTC+01:00) Europe/Paris DST,2013-08-22T03:00:00+02:00,na,na,0,0,22.0,0.0,na
Eco Counter GmbH,Stadt Lörrach,3938,Berliner Platz,100008949,YAH23060720,7.65936,47.61974,(UTC+01:00) Europe/Paris DST,2013-08-22T04:00:00+02:00,na,na,2,2,22.0,0.0,na
Eco Counter GmbH,Stadt Lörrach,3938,Berliner Platz,100008949,YAH23060720,7.65936,47.61974,(UTC+01:00) Europe/Paris DST,2013-08-22T05:00:00+02:00,na,na,5,5,22.0,0.0,na
Eco Counter GmbH,Stadt Lörrach,3938,Berliner Platz,100008949,YAH23060720,7.65936,47.61974,(UTC+01:00) Europe/Paris DST,2013-08-22T06:00:00+02:00,na,na,34,34,22.0,0.0,na
Eco Counter GmbH,Stadt Lörrach,3938,Berliner Platz,100008949,YAH23060720,7.65936,47.61974,(UTC+01:00) Europe/Paris DST,2013-08-22T07:00:00+02:00,na,na,53,53,22.0,0.0,na
Eco Counter GmbH,Stadt Lörrach,3938,Berliner Platz,100008949,YAH23060720,7.65936,47.61974,(UTC+01:00) Europe/Paris DST,2013-08-22T08:00:00+02:00,na,na,39,39,22.0,0.0,na
Eco Counter GmbH,Stadt Lörrach,3938,Berliner Platz,100008949,YAH23060720,7.65936,47.61974,(UTC+01:00) Europe/Paris DST,2013-08-22T09:00:00+02:00,na,na,58,58,22.0,0.0,na
Eco Counter GmbH,Stadt Lörrach,3938,Berliner Platz,100008949,YAH23060720,7.65936,47.61974,(UTC+01:00) Europe/Paris DST,2013-08-22T10:00:00+02:00,na,na,39,39,22.0,0.0,na
Eco Counter GmbH,Stadt Lörrach,3938,Berliner Platz,100008949,YAH23060720,7.65936,47.61974,(UTC+01:00) Europe/Paris DST,2013-08-22T11:00:00+02:00,na,na,43,43,22.0,0.0,na
Eco Counter GmbH,Stadt Lörrach,3938,Berliner Platz,100008949,YAH23060720,7.65936,47.61974,(UTC+01:00) Europe/Paris DST,2013-08-22T12:00:00+02:00,na,na,30,30,22.0,0.0,na
Eco Counter GmbH,Stadt Lörrach,3938,Berliner Platz,100008949,YAH23060720,7.65936,47.61974,(UTC+01:00) Europe/Paris DST,2013-08-22T13:00:00+02:00,na,na,40,40,22.0,0.0,na
Eco Counter GmbH,Stadt Lörrach,3938,Berliner Platz,100008949,YAH23060720,7.65936,47.61974,(UTC+01:00) Europe/Paris DST,2013-08-22T14:00:00+02:00,na,na,48,48,22.0,0.0,na
Eco Counter GmbH,Stadt Lörrach,3938,Berliner Platz,100008949,YAH23060720,7.65936,47.61974,(UTC+01:00) Europe/Paris DST,2013-08-22T15:00:00+02:00,na,na,37,37,22.0,0.0,na
Eco Counter GmbH,Stadt Lörrach,3938,Berliner Platz,100008949,YAH23060720,7.65936,47.61974,(UTC+01:00) Europe/Paris DST,2013-08-22T16:00:00+02:00,na,na,40,40,22.0,0.0,na
Eco Counter GmbH,Stadt Lörrach,3938,Berliner Platz,100008949,YAH23060720,7.65936,47.61974,(UTC+01:00) Europe/Paris DST,2013-08-22T17:00:00+02:00,na,na,43,43,22.0,0.0,na
Eco Counter GmbH,Stadt Lörrach,3938,Berliner Platz,100008949,YAH23060720,7.65936,47.61974,(UTC+01:00) Europe/Paris DST,2013-08-22T18:00:00+02:00,na,na,43,43,22.0,0.0,na
Eco Counter GmbH,Stadt Lörrach,3938,Berliner Platz,100008949,YAH23060720,7.65936,47.61974,(UTC+01:00) Europe/Paris DST,2013-08-22T19:00:00+02:00,na,na,48,48,22.0,0.0,na
Eco Counter GmbH,Stadt Lörrach,3938,Berliner Platz,100008949,YAH23060720,7.65936,47.61974,(UTC+01:00) Europe/Paris DST,2013-08-22T20:00:00+02:00,na,na,16,16,22.0,0.0,na
Eco Counter GmbH,Stadt Lörrach,3938,Berliner Platz,100008949,YAH23060720,7.65936,47.61974,(UTC+01:00) Europe/Paris DST,2013-08-22T21:00:00+02:00,na,na,10,10,22.0,0.0,na
Eco Counter GmbH,Stadt Lörrach,3938,Berliner Platz,100008949,YAH23060720,7.65936,47.61974,(UTC+01:00) Europe/Paris DST,2013-08-22T22:00:00+02:00,na,na,3,3,22.0,0.0,na
Eco Counter GmbH,Stadt Lörrach,3938,Berliner Platz,100008949,YAH23060720,7.65936,47.61974,(UTC+01:00) Europe/Paris DST,2013-08-22T23:00:00+02:00,na,na,0,0,23.0,0.0,na
Eco Counter GmbH,Stadt Lörrach,3938,Berliner Platz,100008949,YAH23060720,7.65936,47.61974,(UTC+01:00) Europe/Paris DST,2013-08-23T00:00:00+02:00,na,na,1,1,24.0,0.0,na
Eco Counter GmbH,Stadt Lörrach,3938,Berliner Platz,100008949,YAH23060720,7.65936,47.61974,(UTC+01:00) Europe/Paris DST,2013-08-23T01:00:00+02:00,na,na,2,2,24.0,0.0,na
Eco Counter GmbH,Stadt Lörrach,3938,Berliner Platz,100008949,YAH23060720,7.65936,47.61974,(UTC+01:00) Europe/Paris DST,2013-08-23T02:00:00+02:00,na,na,0,0,24.0,0.0,na
Eco Counter GmbH,Stadt Lörrach,3938,Berliner Platz,100008949,YAH23060720,7.65936,47.61974,(UTC+01:00) Europe/Paris DST,2013-08-23T03:00:00+02:00,na,na,0,0,24.0,0.0,na
Eco Counter GmbH,Stadt Lörrach,3938,Berliner Platz,100008949,YAH23060720,7.65936,47.61974,(UTC+01:00) Europe/Paris DST,2013-08-23T04:00:00+02:00,na,na,2,2,24.0,0.0,na
Eco Counter GmbH,Stadt Lörrach,3938,Berliner Platz,100008949,YAH23060720,7.65936,47.61974,(UTC+01:00) Europe/Paris DST,2013-08-23T05:00:00+02:00,na,na,8,8,24.0,0.0,na
Eco Counter GmbH,Stadt Lörrach,3938,Berliner Platz,100008949,YAH23060720,7.65936,47.61974,(UTC+01:00) Europe/Paris DST,2013-08-23T06:00:00+02:00,na,na,30,30,24.0,0.0,na
Eco Counter GmbH,Stadt Lörrach,3938,Berliner Platz,100008949,YAH23060720,7.65936,47.61974,(UTC+01:00) Europe/Paris DST,2013-08-23T07:00:00+02:00,na,na,49,49,24.0,0.0,na
Eco Counter GmbH,Stadt Lörrach,3938,Berliner Platz,100008949,YAH23060720,7.65936,47.61974,(UTC+01:00) Europe/Paris DST,2013-08-23T08:00:00+02:00,na,na,46,46,24.0,0.0,na
Eco Counter GmbH,Stadt Lörrach,3938,Berliner Platz,100008949,YAH23060720,7.65936,47.61974,(UTC+01:00) Europe/Paris DST,2013-08-23T09:00:00+02:00,na,na,43,43,24.0,0.0,na
Eco Counter GmbH,Stadt Lörrach,3938,Berliner Platz,100008949,YAH23060720,7.65936,47.61974,(UTC+01:00) Europe/Paris DST,2013-08-23T10:00:00+02:00,na,na,38,38,24.0,0.0,na
Eco Counter GmbH,Stadt Lörrach,3938,Berliner Platz,100008949,YAH23060720,7.65936,47.61974,(UTC+01:00) Europe/Paris DST,2013-08-23T11:00:00+02:00,na,na,45,45,24.0,0.0,na
Eco Counter GmbH,Stadt Lörrach,3938,Berliner Platz,100008949,YAH23060720,7.65936,47.61974,(UTC+01:00) Europe/Paris DST,2013-08-23T12:00:00+02:00,na,na,47,47,24.0,0.0,na
Eco Counter GmbH,Stadt Lörrach,3938,Berliner Platz,100008949,YAH23060720,7.65936,47.61974,(UTC+01:00) Europe/Paris DST,2013-08-23T13:00:00+02:00,na,na,24,24,24.0,0.0,na
Eco Counter GmbH,Stadt Lörrach,3938,Berliner Platz,100008949,YAH23060720,7.65936,47.61974,(UTC+01:00) Europe/Paris DST,2013-08-23T14:00:00+02:00,na,na,33,33,24.0,0.1,na
Eco Counter GmbH,Stadt Lörrach,3938,Berliner Platz,100008949,YAH23060720,7.65936,47.61974,(UTC+01:00) Europe/Paris DST,2013-08-23T15:00:00+02:00,na,na,33,33,24.0,0.1,na
Eco Counter GmbH,Stadt Lörrach,3938,Berliner Platz,100008949,YAH23060720,7.65936,47.61974,(UTC+01:00) Europe/Paris DST,2013-08-23T16:00:00+02:00,na,na,40,40,24.0,0.4,na
Eco Counter GmbH,Stadt Lörrach,3938,Berliner Platz,100008949,YAH23060720,7.65936,47.61974,(UTC+01:00) Europe/Paris DST,2013-08-23T17:00:00+02:00,na,na,47,47,24.0,0.6,na
Eco Counter GmbH,Stadt Lörrach,3938,Berliner Platz,100008949,YAH23060720,7.65936,47.61974,(UTC+01:00) Europe/Paris DST,2013-08-23T18:00:00+02:00,na,na,45,45,24.0,0.9,na
Eco Counter GmbH,Stadt Lörrach,3938,Berliner Platz,100008949,YAH23060720,7.65936,47.61974,(UTC+01:00) Europe/Paris DST,2013-08-23T19:00:00+02:00,na,na,36,36,24.0,0.7,na
Eco Counter GmbH,Stadt Lörrach,3938,Berliner Platz,100008949,YAH23060720,7.65936,47.61974,(UTC+01:00) Europe/Paris DST,2013-08-23T20:00:00+02:00,na,na,28,28,24.0,0.6,na
Eco Counter GmbH,Stadt Lörrach,3938,Berliner Platz,100008949,YAH23060720,7.65936,47.61974,(UTC+01:00) Europe/Paris DST,2013-08-23T21:00:00+02:00,na,na,19,19,24.0,0.4,na
Eco Counter GmbH,Stadt Lörrach,3938,Berliner Platz,100008949,YAH23060720,7.65936,47.61974,(UTC+01:00) Europe/Paris DST,2013-08-23T22:00:00+02:00,na,na,6,6,22.0,0.4,na
Eco Counter GmbH,Stadt Lörrach,3938,Berliner Platz,100008949,YAH23060720,7.65936,47.61974,(UTC+01:00) Europe/Paris DST,2013-08-23T23:00:00+02:00,na,na,1,1,21.0,0.4,na
Eco Counter GmbH,Stadt Lörrach,3938,Berliner Platz,100008949,YAH23060720,7.65936,47.61974,(UTC+01:00) Europe/Paris DST,2013-08-24T00:00:00+02:00,na,na,0,0,19.0,0.3,na
Eco Counter GmbH,Stadt Lörrach,3938,Berliner Platz,100008949,YAH23060720,7.65936,47.61974,(UTC+01:00) Europe/Paris DST,2013-08-24T01:00:00+02:00,na,na,0,0,19.0,0.3,na
Eco Counter GmbH,Stadt Lörrach,3938,Berliner Platz,100008949,YAH23060720,7.65936,47.61974,(UTC+01:00) Europe/Paris DST,2013-08-24T02:00:00+02:00,na,na,1,1,19.0,0.3,na
Eco Counter GmbH,Stadt Lörrach,3938,Berliner Platz,100008949,YAH23060720,7.65936,47.61974,(UTC+01:00) Europe/Paris DST,2013-08-24T03:00:00+02:00,na,na,1,1,19.0,0.2,na
Eco Counter GmbH,Stadt Lörrach,3938,Berliner Platz,100008949,YAH23060720,7.65936,47.61974,(UTC+01:00) Europe/Paris DST,2013-08-24T04:00:00+02:00,na,na,5,5,19.0,0.2,na
Eco Counter GmbH,Stadt Lörrach,3938,Berliner Platz,100008949,YAH23060720,7.65936,47.61974,(UTC+01:00) Europe/Paris DST,2013-08-24T05:00:00+02:00,na,na,3,3,19.0,0.1,na
Eco Counter GmbH,Stadt Lörrach,3938,Berliner Platz,100008949,YAH23060720,7.65936,47.61974,(UTC+01:00) Europe/Paris DST,2013-08-24T06:00:00+02:00,na,na,4,4,19.0,0.0,na
Eco Counter GmbH,Stadt Lörrach,3938,Berliner Platz,100008949,YAH23060720,7.65936,47.61974,(UTC+01:00) Europe/Paris DST,2013-08-24T07:00:00+02:00,na,na,15,15,19.0,0.1,na
Eco Counter GmbH,Stadt Lörrach,3938,Berliner Platz,100008949,YAH23060720,7.65936,47.61974,(UTC+01:00) Europe/Paris DST,2013-08-24T08:00:00+02:00,na,na,33,33,19.0,0.1,na
Eco Counter GmbH,Stadt Lörrach,3938,Berliner Platz,100008949,YAH23060720,7.65936,47.61974,(UTC+01:00) Europe/Paris DST,2013-08-24T09:00:00+02:00,na,na,59,59,19.0,0.1,na
Eco Counter GmbH,Stadt Lörrach,3938,Berliner Platz,100008949,YAH23060720,7.65936,47.61974,(UTC+01:00) Europe/Paris DST,2013-08-24T10:00:00+02:00,na,na,59,59,19.0,0.6,na
Eco Counter GmbH,Stadt Lörrach,3938,Berliner Platz,100008949,YAH23060720,7.65936,47.61974,(UTC+01:00) Europe/Paris DST,2013-08-24T11:00:00+02:00,na,na,19,19,19.0,1.0,na
Eco Counter GmbH,Stadt Lörrach,3938,Berliner Platz,100008949,YAH23060720,7.65936,47.61974,(UTC+01:00) Europe/Paris DST,2013-08-24T12:00:00+02:00,na,na,6,6,19.0,1.4,na
Eco Counter GmbH,Stadt Lörrach,3938,Berliner Platz,100008949,YAH23060720,7.65936,47.61974,(UTC+01:00) Europe/Paris DST,2013-08-24T13:00:00+02:00,na,na,6,6,19.0,2.9,na
Eco Counter GmbH,Stadt Lörrach,3938,Berliner Platz,100008949,YAH23060720,7.65936,47.61974,(UTC+01:00) Europe/Paris DST,2013-08-24T14:00:00+02:00,na,na,18,18,19.0,4.4,na
Eco Counter GmbH,Stadt Lörrach,3938,Berliner Platz,100008949,YAH23060720,7.65936,47.61974,(UTC+01:00) Europe/Paris DST,2013-08-24T15:00:00+02:00,na,na,14,14,19.0,5.9,na
Eco Counter GmbH,Stadt Lörrach,3938,Berliner Platz,100008949,YAH23060720,7.65936,47.61974,(UTC+01:00) Europe/Paris DST,2013-08-24T16:00:00+02:00,na,na,16,16,19.0,5.2,na
Eco Counter GmbH,Stadt Lörrach,3938,Berliner Platz,100008949,YAH23060720,7.65936,47.61974,(UTC+01:00) Europe/Paris DST,2013-08-24T17:00:00+02:00,na,na,10,10,19.0,4.6,na
Eco Counter GmbH,Stadt Lörrach,3938,Berliner Platz,100008949,YAH23060720,7.65936,47.61974,(UTC+01:00) Europe/Paris DST,2013-08-24T18:00:00+02:00,na,na,22,22,19.0,3.9,na
Eco Counter GmbH,Stadt Lörrach,3938,Berliner Platz,100008949,YAH23060720,7.65936,47.61974,(UTC+01:00) Europe/Paris DST,2013-08-24T19:00:00+02:00,na,na,17,17,19.0,2.9,na
Eco Counter GmbH,Stadt Lörrach,3938,Berliner Platz,100008949,YAH23060720,7.65936,47.61974,(UTC+01:00) Europe/Paris DST,2013-08-24T20:00:00+02:00,na,na,4,4,19.0,1.9,na
Eco Counter GmbH,Stadt Lörrach,3938,Berliner Platz,100008949,YAH23060720,7.65936,47.61974,(UTC+01:00) Europe/Paris DST,2013-08-24T21:00:00+02:00,na,na,1,1,19.0,0.9,na
Eco Counter GmbH,Stadt Lörrach,3938,Berliner Platz,100008949,YAH23060720,7.65936,47.61974,(UTC+01:00) Europe/Paris DST,2013-08-24T22:00:00+02:00,na,na,6,6,18.0,1.0,na
Eco Counter GmbH,Stadt Lörrach,3938,Berliner Platz,100008949,YAH23060720,7.65936,47.61974,(UTC+01:00) Europe/Paris DST,2013-08-24T23:00:00+02:00,na,na,2,2,17.0,1.1,na
Eco Counter GmbH,Stadt Lörrach,3938,Berliner Platz,100008949,YAH23060720,7.65936,47.61974,(UTC+01:00) Europe/Paris DST,2013-08-25T00:00:00+02:00,na,na,0,0,17.0,1.2,na
Eco Counter GmbH,Stadt Lörrach,3938,Berliner Platz,100008949,YAH23060720,7.65936,47.61974,(UTC+01:00) Europe/Paris DST,2013-08-25T01:00:00+02:00,na,na,2,2,17.0,1.1,na
Eco Counter GmbH,Stadt Lörrach,3938,Berliner Platz,100008949,YAH23060720,7.65936,47.61974,(UTC+01:00) Europe/Paris DST,2013-08-25T02:00:00+02:00,na,na,2,2,17.0,0.9,na
Eco Counter GmbH,Stadt Lörrach,3938,Berliner Platz,100008949,YAH23060720,7.65936,47.61974,(UTC+01:00) Europe/Paris DST,2013-08-25T03:00:00+02:00,na,na,1,1,17.0,0.8,na
Eco Counter GmbH,Stadt Lörrach,3938,Berliner Platz,100008949,YAH23060720,7.65936,47.61974,(UTC+01:00) Europe/Paris DST,2013-08-25T04:00:00+02:00,na,na,0,0,17.0,0.6,na
Eco Counter GmbH,Stadt Lörrach,3938,Berliner Platz,100008949,YAH23060720,7.65936,47.61974,(UTC+01:00) Europe/Paris DST,2013-08-25T05:00:00+02:00,na,na,1,1,17.0,0.4,na
Eco Counter GmbH,Stadt Lörrach,3938,Berliner Platz,100008949,YAH23060720,7.65936,47.61974,(UTC+01:00) Europe/Paris DST,2013-08-25T06:00:00+02:00,na,na,1,1,17.0,0.3,na
Eco Counter GmbH,Stadt Lörrach,3938,Berliner Platz,100008949,YAH23060720,7.65936,47.61974,(UTC+01:00) Europe/Paris DST,2013-08-25T07:00:00+02:00,na,na,1,1,17.0,0.2,na
Eco Counter GmbH,Stadt Lörrach,3938,Berliner Platz,100008949,YAH23060720,7.65936,47.61974,(UTC+01:00) Europe/Paris DST,2013-08-25T08:00:00+02:00,na,na,9,9,17.0,0.2,na
Eco Counter GmbH,Stadt Lörrach,3938,Berliner Platz,100008949,YAH23060720,7.65936,47.61974,(UTC+01:00) Europe/Paris DST,2013-08-25T09:00:00+02:00,na,na,16,16,17.0,0.2,na
Eco Counter GmbH,Stadt Lörrach,3938,Berliner Platz,100008949,YAH23060720,7.65936,47.61974,(UTC+01:00) Europe/Paris DST,2013-08-25T10:00:00+02:00,na,na,10,10,17.0,0.4,na
Eco Counter GmbH,Stadt Lörrach,3938,Berliner Platz,100008949,YAH23060720,7.65936,47.61974,(UTC+01:00) Europe/Paris DST,2013-08-25T11:00:00+02:00,na,na,6,6,17.0,0.5,na
Eco Counter GmbH,Stadt Lörrach,3938,Berliner Platz,100008949,YAH23060720,7.65936,47.61974,(UTC+01:00) Europe/Paris DST,2013-08-25T12:00:00+02:00,na,na,8,8,17.0,0.7,na
Eco Counter GmbH,Stadt Lörrach,3938,Berliner Platz,100008949,YAH23060720,7.65936,47.61974,(UTC+01:00) Europe/Paris DST,2013-08-25T13:00:00+02:00,na,na,12,12,17.0,0.8,na
Eco Counter GmbH,Stadt Lörrach,3938,Berliner Platz,100008949,YAH23060720,7.65936,47.61974,(UTC+01:00) Europe/Paris DST,2013-08-25T14:00:00+02:00,na,na,19,19,17.0,0.9,na
Eco Counter GmbH,Stadt Lörrach,3938,Berliner Platz,100008949,YAH23060720,7.65936,47.61974,(UTC+01:00) Europe/Paris DST,2013-08-25T15:00:00+02:00,na,na,25,25,17.0,1.0,na
Eco Counter GmbH,Stadt Lörrach,3938,Berliner Platz,100008949,YAH23060720,7.65936,47.61974,(UTC+01:00) Europe/Paris DST,2013-08-25T16:00:00+02:00,na,na,33,33,17.0,1.1,na
Eco Counter GmbH,Stadt Lörrach,3938,Berliner Platz,100008949,YAH23060720,7.65936,47.61974,(UTC+01:00) Europe/Paris DST,2013-08-25T17:00:00+02:00,na,na,20,20,17.0,1.2,na
Eco Counter GmbH,Stadt Lörrach,3938,Berliner Platz,100008949,YAH23060720,7.65936,47.61974,(UTC+01:00) Europe/Paris DST,2013-08-25T18:00:00+02:00,na,na,20,20,17.0,1.3,na
Eco Counter GmbH,Stadt Lörrach,3938,Berliner Platz,100008949,YAH23060720,7.65936,47.61974,(UTC+01:00) Europe/Paris DST,2013-08-25T19:00:00+02:00,na,na,17,17,17.0,1.3,na
Eco Counter GmbH,Stadt Lörrach,3938,Berliner Platz,100008949,YAH23060720,7.65936,47.61974,(UTC+01:00) Europe/Paris DST,2013-08-25T20:00:00+02:00,na,na,10,10,17.0,1.2,na
Eco Counter GmbH,Stadt Lörrach,3938,Berliner Platz,100008949,YAH23060720,7.65936,47.61974,(UTC+01:00) Europe/Paris DST,2013-08-25T21:00:00+02:00,na,na,21,21,17.0,1.2,na
Eco Counter GmbH,Stadt Lörrach,3938,Berliner Platz,100008949,YAH23060720,7.65936,47.61974,(UTC+01:00) Europe/Paris DST,2013-08-25T22:00:00+02:00,na,na,1,1,17.0,0.9,na
Eco Counter GmbH,Stadt Lörrach,3938,Berliner Platz,100008949,YAH23060720,7.65936,47.61974,(UTC+01:00) Europe/Paris DST,2013-08-25T23:00:00+02:00,na,na,3,3,18.0,0.6,na
Eco Counter GmbH,Stadt Lörrach,3938,Berliner Platz,100008949,YAH23060720,7.65936,47.61974,(UTC+01:00) Europe/Paris DST,2013-08-26T00:00:00+02:00,na,na,0,0,19.0,0.4,na
Eco Counter GmbH,Stadt Lörrach,3938,Berliner Platz,100008949,YAH23060720,7.65936,47.61974,(UTC+01:00) Europe/Paris DST,2013-08-26T01:00:00+02:00,na,na,1,1,19.0,0.2,na
Eco Counter GmbH,Stadt Lörrach,3938,Berliner Platz,100008949,YAH23060720,7.65936,47.61974,(UTC+01:00) Europe/Paris DST,2013-08-26T02:00:00+02:00,na,na,0,0,19.0,0.1,na
Eco Counter GmbH,Stadt Lörrach,3938,Berliner Platz,100008949,YAH23060720,7.65936,47.61974,(UTC+01:00) Europe/Paris DST,2013-08-26T03:00:00+02:00,na,na,0,0,19.0,0.0,na
Eco Counter GmbH,Stadt Lörrach,3938,Berliner Platz,100008949,YAH23060720,7.65936,47.61974,(UTC+01:00) Europe/Paris DST,2013-08-26T04:00:00+02:00,na,na,1,1,19.0,0.0,na
Eco Counter GmbH,Stadt Lörrach,3938,Berliner Platz,100008949,YAH23060720,7.65936,47.61974,(UTC+01:00) Europe/Paris DST,2013-08-26T05:00:00+02:00,na,na,8,8,19.0,0.0,na
Eco Counter GmbH,Stadt Lörrach,3938,Berliner Platz,100008949,YAH23060720,7.65936,47.61974,(UTC+01:00) Europe/Paris DST,2013-08-26T06:00:00+02:00,na,na,28,28,19.0,0.0,na
Eco Counter GmbH,Stadt Lörrach,3938,Berliner Platz,100008949,YAH23060720,7.65936,47.61974,(UTC+01:00) Europe/Paris DST,2013-08-26T07:00:00+02:00,na,na,46,46,19.0,0.0,na
Eco Counter GmbH,Stadt Lörrach,3938,Berliner Platz,100008949,YAH23060720,7.65936,47.61974,(UTC+01:00) Europe/Paris DST,2013-08-26T08:00:00+02:00,na,na,47,47,19.0,0.0,na
Eco Counter GmbH,Stadt Lörrach,3938,Berliner Platz,100008949,YAH23060720,7.65936,47.61974,(UTC+01:00) Europe/Paris DST,2013-08-26T09:00:00+02:00,na,na,40,40,19.0,0.0,na
Eco Counter GmbH,Stadt Lörrach,3938,Berliner Platz,100008949,YAH23060720,7.65936,47.61974,(UTC+01:00) Europe/Paris DST,2013-08-26T10:00:00+02:00,na,na,44,44,19.0,0.0,na
Eco Counter GmbH,Stadt Lörrach,3938,Berliner Platz,100008949,YAH23060720,7.65936,47.61974,(UTC+01:00) Europe/Paris DST,2013-08-26T11:00:00+02:00,na,na,32,32,19.0,0.0,na
Eco Counter GmbH,Stadt Lörrach,3938,Berliner Platz,100008949,YAH23060720,7.65936,47.61974,(UTC+01:00) Europe/Paris DST,2013-08-26T12:00:00+02:00,na,na,32,32,19.0,0.0,na
Eco Counter GmbH,Stadt Lörrach,3938,Berliner Platz,100008949,YAH23060720,7.65936,47.61974,(UTC+01:00) Europe/Paris DST,2013-08-26T13:00:00+02:00,na,na,38,38,19.0,0.0,na
Eco Counter GmbH,Stadt Lörrach,3938,Berliner Platz,100008949,YAH23060720,7.65936,47.61974,(UTC+01:00) Europe/Paris DST,2013-08-26T14:00:00+02:00,na,na,40,40,19.0,0.0,na
Eco Counter GmbH,Stadt Lörrach,3938,Berliner Platz,100008949,YAH23060720,7.65936,47.61974,(UTC+01:00) Europe/Paris DST,2013-08-26T15:00:00+02:00,na,na,44,44,19.0,0.1,na
Eco Counter GmbH,Stadt Lörrach,3938,Berliner Platz,100008949,YAH23060720,7.65936,47.61974,(UTC+01:00) Europe/Paris DST,2013-08-26T16:00:00+02:00,na,na,30,30,19.0,0.2,na
Eco Counter GmbH,Stadt Lörrach,3938,Berliner Platz,100008949,YAH23060720,7.65936,47.61974,(UTC+01:00) Europe/Paris DST,2013-08-26T17:00:00+02:00,na,na,28,28,19.0,0.3,na
Eco Counter GmbH,Stadt Lörrach,3938,Berliner Platz,100008949,YAH23060720,7.65936,47.61974,(UTC+01:00) Europe/Paris DST,2013-08-26T18:00:00+02:00,na,na,40,40,19.0,0.4,na
Eco Counter GmbH,Stadt Lörrach,3938,Berliner Platz,100008949,YAH23060720,7.65936,47.61974,(UTC+01:00) Europe/Paris DST,2013-08-26T19:00:00+02:00,na,na,29,29,19.0,0.3,na
Eco Counter GmbH,Stadt Lörrach,3938,Berliner Platz,100008949,YAH23060720,7.65936,47.61974,(UTC+01:00) Europe/Paris DST,2013-08-26T20:00:00+02:00,na,na,19,19,19.0,0.2,na
Eco Counter GmbH,Stadt Lörrach,3938,Berliner Platz,100008949,YAH23060720,7.65936,47.61974,(UTC+01:00) Europe/Paris DST,2013-08-26T21:00:00+02:00,na,na,9,9,19.0,0.2,na
Eco Counter GmbH,Stadt Lörrach,3938,Berliner Platz,100008949,YAH23060720,7.65936,47.61974,(UTC+01:00) Europe/Paris DST,2013-08-26T22:00:00+02:00,na,na,7,7,19.0,0.1,na
Eco Counter GmbH,Stadt Lörrach,3938,Berliner Platz,100008949,YAH23060720,7.65936,47.61974,(UTC+01:00) Europe/Paris DST,2013-08-26T23:00:00+02:00,na,na,1,1,19.0,0.1,na
Eco Counter GmbH,Stadt Lörrach,3938,Berliner Platz,100008949,YAH23060720,7.65936,47.61974,(UTC+01:00) Europe/Paris DST,2013-08-27T00:00:00+02:00,na,na,0,0,19.0,0.0,na
Eco Counter GmbH,Stadt Lörrach,3938,Berliner Platz,100008949,YAH23060720,7.65936,47.61974,(UTC+01:00) Europe/Paris DST,2013-08-27T01:00:00+02:00,na,na,3,3,19.0,0.0,na
Eco Counter GmbH,Stadt Lörrach,3938,Berliner Platz,100008949,YAH23060720,7.65936,47.61974,(UTC+01:00) Europe/Paris DST,2013-08-27T02:00:00+02:00,na,na,0,0,19.0,0.0,na
Eco Counter GmbH,Stadt Lörrach,3938,Berliner Platz,100008949,YAH23060720,7.65936,47.61974,(UTC+01:00) Europe/Paris DST,2013-08-27T03:00:00+02:00,na,na,0,0,19.0,0.0,na
Eco Counter GmbH,Stadt Lörrach,3938,Berliner Platz,100008949,YAH23060720,7.65936,47.61974,(UTC+01:00) Europe/Paris DST,2013-08-27T04:00:00+02:00,na,na,1,1,19.0,0.0,na
Eco Counter GmbH,Stadt Lörrach,3938,Berliner Platz,100008949,YAH23060720,7.65936,47.61974,(UTC+01:00) Europe/Paris DST,2013-08-27T05:00:00+02:00,na,na,7,7,19.0,0.0,na
Eco Counter GmbH,Stadt Lörrach,3938,Berliner Platz,100008949,YAH23060720,7.65936,47.61974,(UTC+01:00) Europe/Paris DST,2013-08-27T06:00:00+02:00,na,na,28,28,19.0,0.0,na
Eco Counter GmbH,Stadt Lörrach,3938,Berliner Platz,100008949,YAH23060720,7.65936,47.61974,(UTC+01:00) Europe/Paris DST,2013-08-27T07:00:00+02:00,na,na,57,57,19.0,0.0,na
Eco Counter GmbH,Stadt Lörrach,3938,Berliner Platz,100008949,YAH23060720,7.65936,47.61974,(UTC+01:00) Europe/Paris DST,2013-08-27T08:00:00+02:00,na,na,54,54,19.0,0.0,na
Eco Counter GmbH,Stadt Lörrach,3938,Berliner Platz,100008949,YAH23060720,7.65936,47.61974,(UTC+01:00) Europe/Paris DST,2013-08-27T09:00:00+02:00,na,na,35,35,19.0,0.0,na
Eco Counter GmbH,Stadt Lörrach,3938,Berliner Platz,100008949,YAH23060720,7.65936,47.61974,(UTC+01:00) Europe/Paris DST,2013-08-27T10:00:00+02:00,na,na,40,40,19.0,0.4,na
Eco Counter GmbH,Stadt Lörrach,3938,Berliner Platz,100008949,YAH23060720,7.65936,47.61974,(UTC+01:00) Europe/Paris DST,2013-08-27T11:00:00+02:00,na,na,30,30,19.0,0.7,na
Eco Counter GmbH,Stadt Lörrach,3938,Berliner Platz,100008949,YAH23060720,7.65936,47.61974,(UTC+01:00) Europe/Paris DST,2013-08-27T12:00:00+02:00,na,na,35,35,19.0,1.1,na
Eco Counter GmbH,Stadt Lörrach,3938,Berliner Platz,100008949,YAH23060720,7.65936,47.61974,(UTC+01:00) Europe/Paris DST,2013-08-27T13:00:00+02:00,na,na,40,40,19.0,1.8,na
Eco Counter GmbH,Stadt Lörrach,3938,Berliner Platz,100008949,YAH23060720,7.65936,47.61974,(UTC+01:00) Europe/Paris DST,2013-08-27T14:00:00+02:00,na,na,33,33,19.0,2.6,na
Eco Counter GmbH,Stadt Lörrach,3938,Berliner Platz,100008949,YAH23060720,7.65936,47.61974,(UTC+01:00) Europe/Paris DST,2013-08-27T15:00:00+02:00,na,na,19,19,19.0,3.4,na
Eco Counter GmbH,Stadt Lörrach,3938,Berliner Platz,100008949,YAH23060720,7.65936,47.61974,(UTC+01:00) Europe/Paris DST,2013-08-27T16:00:00+02:00,na,na,30,30,19.0,3.5,na
Eco Counter GmbH,Stadt Lörrach,3938,Berliner Platz,100008949,YAH23060720,7.65936,47.61974,(UTC+01:00) Europe/Paris DST,2013-08-27T17:00:00+02:00,na,na,28,28,19.0,3.5,na
Eco Counter GmbH,Stadt Lörrach,3938,Berliner Platz,100008949,YAH23060720,7.65936,47.61974,(UTC+01:00) Europe/Paris DST,2013-08-27T18:00:00+02:00,na,na,8,8,19.0,3.6,na
Eco Counter GmbH,Stadt Lörrach,3938,Berliner Platz,100008949,YAH23060720,7.65936,47.61974,(UTC+01:00) Europe/Paris DST,2013-08-27T19:00:00+02:00,na,na,14,14,19.0,3.1,na
Eco Counter GmbH,Stadt Lörrach,3938,Berliner Platz,100008949,YAH23060720,7.65936,47.61974,(UTC+01:00) Europe/Paris DST,2013-08-27T20:00:00+02:00,na,na,7,7,19.0,2.6,na
Eco Counter GmbH,Stadt Lörrach,3938,Berliner Platz,100008949,YAH23060720,7.65936,47.61974,(UTC+01:00) Europe/Paris DST,2013-08-27T21:00:00+02:00,na,na,5,5,19.0,2.1,na
Eco Counter GmbH,Stadt Lörrach,3938,Berliner Platz,100008949,YAH23060720,7.65936,47.61974,(UTC+01:00) Europe/Paris DST,2013-08-27T22:00:00+02:00,na,na,5,5,19.0,1.6,na
Eco Counter GmbH,Stadt Lörrach,3938,Berliner Platz,100008949,YAH23060720,7.65936,47.61974,(UTC+01:00) Europe/Paris DST,2013-08-27T23:00:00+02:00,na,na,0,0,19.0,1.1,na
Eco Counter GmbH,Stadt Lörrach,3938,Berliner Platz,100008949,YAH23060720,7.65936,47.61974,(UTC+01:00) Europe/Paris DST,2013-08-28T00:00:00+02:00,na,na,0,0,19.0,0.6,na
Eco Counter GmbH,Stadt Lörrach,3938,Berliner Platz,100008949,YAH23060720,7.65936,47.61974,(UTC+01:00) Europe/Paris DST,2013-08-28T01:00:00+02:00,na,na,1,1,19.0,0.4,na
Eco Counter GmbH,Stadt Lörrach,3938,Berliner Platz,100008949,YAH23060720,7.65936,47.61974,(UTC+01:00) Europe/Paris DST,2013-08-28T02:00:00+02:00,na,na,0,0,19.0,0.2,na
Eco Counter GmbH,Stadt Lörrach,3938,Berliner Platz,100008949,YAH23060720,7.65936,47.61974,(UTC+01:00) Europe/Paris DST,2013-08-28T03:00:00+02:00,na,na,0,0,19.0,0.0,na
Eco Counter GmbH,Stadt Lörrach,3938,Berliner Platz,100008949,YAH23060720,7.65936,47.61974,(UTC+01:00) Europe/Paris DST,2013-08-28T04:00:00+02:00,na,na,1,1,19.0,0.0,na
Eco Counter GmbH,Stadt Lörrach,3938,Berliner Platz,100008949,YAH23060720,7.65936,47.61974,(UTC+01:00) Europe/Paris DST,2013-08-28T05:00:00+02:00,na,na,7,7,19.0,0.1,na
Eco Counter GmbH,Stadt Lörrach,3938,Berliner Platz,100008949,YAH23060720,7.65936,47.61974,(UTC+01:00) Europe/Paris DST,2013-08-28T06:00:00+02:00,na,na,23,23,19.0,0.1,na
Eco Counter GmbH,Stadt Lörrach,3938,Berliner Platz,100008949,YAH23060720,7.65936,47.61974,(UTC+01:00) Europe/Paris DST,2013-08-28T07:00:00+02:00,na,na,45,45,19.0,0.1,na
Eco Counter GmbH,Stadt Lörrach,3938,Berliner Platz,100008949,YAH23060720,7.65936,47.61974,(UTC+01:00) Europe/Paris DST,2013-08-28T08:00:00+02:00,na,na,40,40,19.0,0.1,na
Eco Counter GmbH,Stadt Lörrach,3938,Berliner Platz,100008949,YAH23060720,7.65936,47.61974,(UTC+01:00) Europe/Paris DST,2013-08-28T09:00:00+02:00,na,na,34,34,19.0,0.2,na
Eco Counter GmbH,Stadt Lörrach,3938,Berliner Platz,100008949,YAH23060720,7.65936,47.61974,(UTC+01:00) Europe/Paris DST,2013-08-28T10:00:00+02:00,na,na,27,27,19.0,0.3,na
Eco Counter GmbH,Stadt Lörrach,3938,Berliner Platz,100008949,YAH23060720,7.65936,47.61974,(UTC+01:00) Europe/Paris DST,2013-08-28T11:00:00+02:00,na,na,24,24,19.0,0.5,na
Eco Counter GmbH,Stadt Lörrach,3938,Berliner Platz,100008949,YAH23060720,7.65936,47.61974,(UTC+01:00) Europe/Paris DST,2013-08-28T12:00:00+02:00,na,na,31,31,19.0,0.6,na
Eco Counter GmbH,Stadt Lörrach,3938,Berliner Platz,100008949,YAH23060720,7.65936,47.61974,(UTC+01:00) Europe/Paris DST,2013-08-28T13:00:00+02:00,na,na,40,40,19.0,0.6,na
Eco Counter GmbH,Stadt Lörrach,3938,Berliner Platz,100008949,YAH23060720,7.65936,47.61974,(UTC+01:00) Europe/Paris DST,2013-08-28T14:00:00+02:00,na,na,33,33,19.0,0.7,na
Eco Counter GmbH,Stadt Lörrach,3938,Berliner Platz,100008949,YAH23060720,7.65936,47.61974,(UTC+01:00) Europe/Paris DST,2013-08-28T15:00:00+02:00,na,na,23,23,19.0,0.7,na
Eco Counter GmbH,Stadt Lörrach,3938,Berliner Platz,100008949,YAH23060720,7.65936,47.61974,(UTC+01:00) Europe/Paris DST,2013-08-28T16:00:00+02:00,na,na,20,20,19.0,0.7,na
Eco Counter GmbH,Stadt Lörrach,3938,Berliner Platz,100008949,YAH23060720,7.65936,47.61974,(UTC+01:00) Europe/Paris DST,2013-08-28T17:00:00+02:00,na,na,44,44,19.0,0.7,na
Eco Counter GmbH,Stadt Lörrach,3938,Berliner Platz,100008949,YAH23060720,7.65936,47.61974,(UTC+01:00) Europe/Paris DST,2013-08-28T18:00:00+02:00,na,na,31,31,19.0,0.6,na
Eco Counter GmbH,Stadt Lörrach,3938,Berliner Platz,100008949,YAH23060720,7.65936,47.61974,(UTC+01:00) Europe/Paris DST,2013-08-28T19:00:00+02:00,na,na,22,22,19.0,0.5,na
Eco Counter GmbH,Stadt Lörrach,3938,Berliner Platz,100008949,YAH23060720,7.65936,47.61974,(UTC+01:00) Europe/Paris DST,2013-08-28T20:00:00+02:00,na,na,24,24,19.0,0.4,na
Eco Counter GmbH,Stadt Lörrach,3938,Berliner Platz,100008949,YAH23060720,7.65936,47.61974,(UTC+01:00) Europe/Paris DST,2013-08-28T21:00:00+02:00,na,na,7,7,19.0,0.3,na
Eco Counter GmbH,Stadt Lörrach,3938,Berliner Platz,100008949,YAH23060720,7.65936,47.61974,(UTC+01:00) Europe/Paris DST,2013-08-28T22:00:00+02:00,na,na,8,8,19.0,0.2,na
Eco Counter GmbH,Stadt Lörrach,3938,Berliner Platz,100008949,YAH23060720,7.65936,47.61974,(UTC+01:00) Europe/Paris DST,2013-08-28T23:00:00+02:00,na,na,3,3,19.0,0.2,na
Eco Counter GmbH,Stadt Lörrach,3938,Berliner Platz,100008949,YAH23060720,7.65936,47.61974,(UTC+01:00) Europe/Paris DST,2013-08-29T00:00:00+02:00,na,na,1,1,20.0,0.1,na
Eco Counter GmbH,Stadt Lörrach,3938,Berliner Platz,100008949,YAH23060720,7.65936,47.61974,(UTC+01:00) Europe/Paris DST,2013-08-29T01:00:00+02:00,na,na,1,1,20.0,0.0,na
Eco Counter GmbH,Stadt Lörrach,3938,Berliner Platz,100008949,YAH23060720,7.65936,47.61974,(UTC+01:00) Europe/Paris DST,2013-08-29T02:00:00+02:00,na,na,0,0,20.0,0.0,na
Eco Counter GmbH,Stadt Lörrach,3938,Berliner Platz,100008949,YAH23060720,7.65936,47.61974,(UTC+01:00) Europe/Paris DST,2013-08-29T03:00:00+02:00,na,na,0,0,20.0,0.0,na
Eco Counter GmbH,Stadt Lörrach,3938,Berliner Platz,100008949,YAH23060720,7.65936,47.61974,(UTC+01:00) Europe/Paris DST,2013-08-29T04:00:00+02:00,na,na,1,1,20.0,0.0,na
Eco Counter GmbH,Stadt Lörrach,3938,Berliner Platz,100008949,YAH23060720,7.65936,47.61974,(UTC+01:00) Europe/Paris DST,2013-08-29T05:00:00+02:00,na,na,6,6,20.0,0.0,na
Eco Counter GmbH,Stadt Lörrach,3938,Berliner Platz,100008949,YAH23060720,7.65936,47.61974,(UTC+01:00) Europe/Paris DST,2013-08-29T06:00:00+02:00,na,na,29,29,20.0,0.0,na
Eco Counter GmbH,Stadt Lörrach,3938,Berliner Platz,100008949,YAH23060720,7.65936,47.61974,(UTC+01:00) Europe/Paris DST,2013-08-29T07:00:00+02:00,na,na,47,47,20.0,0.0,na
Eco Counter GmbH,Stadt Lörrach,3938,Berliner Platz,100008949,YAH23060720,7.65936,47.61974,(UTC+01:00) Europe/Paris DST,2013-08-29T08:00:00+02:00,na,na,52,52,20.0,0.0,na
Eco Counter GmbH,Stadt Lörrach,3938,Berliner Platz,100008949,YAH23060720,7.65936,47.61974,(UTC+01:00) Europe/Paris DST,2013-08-29T09:00:00+02:00,na,na,49,49,20.0,0.0,na
Eco Counter GmbH,Stadt Lörrach,3938,Berliner Platz,100008949,YAH23060720,7.65936,47.61974,(UTC+01:00) Europe/Paris DST,2013-08-29T10:00:00+02:00,na,na,40,40,20.0,0.0,na
Eco Counter GmbH,Stadt Lörrach,3938,Berliner Platz,100008949,YAH23060720,7.65936,47.61974,(UTC+01:00) Europe/Paris DST,2013-08-29T11:00:00+02:00,na,na,34,34,20.0,0.0,na
Eco Counter GmbH,Stadt Lörrach,3938,Berliner Platz,100008949,YAH23060720,7.65936,47.61974,(UTC+01:00) Europe/Paris DST,2013-08-29T12:00:00+02:00,na,na,38,38,20.0,0.0,na
Eco Counter GmbH,Stadt Lörrach,3938,Berliner Platz,100008949,YAH23060720,7.65936,47.61974,(UTC+01:00) Europe/Paris DST,2013-08-29T13:00:00+02:00,na,na,44,44,20.0,0.0,na
Eco Counter GmbH,Stadt Lörrach,3938,Berliner Platz,100008949,YAH23060720,7.65936,47.61974,(UTC+01:00) Europe/Paris DST,2013-08-29T14:00:00+02:00,na,na,42,42,20.0,0.0,na
Eco Counter GmbH,Stadt Lörrach,3938,Berliner Platz,100008949,YAH23060720,7.65936,47.61974,(UTC+01:00) Europe/Paris DST,2013-08-29T15:00:00+02:00,na,na,51,51,20.0,0.0,na
Eco Counter GmbH,Stadt Lörrach,3938,Berliner Platz,100008949,YAH23060720,7.65936,47.61974,(UTC+01:00) Europe/Paris DST,2013-08-29T16:00:00+02:00,na,na,42,42,20.0,0.0,na
Eco Counter GmbH,Stadt Lörrach,3938,Berliner Platz,100008949,YAH23060720,7.65936,47.61974,(UTC+01:00) Europe/Paris DST,2013-08-29T17:00:00+02:00,na,na,54,54,20.0,0.0,na
Eco Counter GmbH,Stadt Lörrach,3938,Berliner Platz,100008949,YAH23060720,7.65936,47.61974,(UTC+01:00) Europe/Paris DST,2013-08-29T18:00:00+02:00,na,na,26,26,20.0,0.0,na
Eco Counter GmbH,Stadt Lörrach,3938,Berliner Platz,100008949,YAH23060720,7.65936,47.61974,(UTC+01:00) Europe/Paris DST,2013-08-29T19:00:00+02:00,na,na,22,22,20.0,0.0,na
Eco Counter GmbH,Stadt Lörrach,3938,Berliner Platz,100008949,YAH23060720,7.65936,47.61974,(UTC+01:00) Europe/Paris DST,2013-08-29T20:00:00+02:00,na,na,18,18,20.0,0.0,na
Eco Counter GmbH,Stadt Lörrach,3938,Berliner Platz,100008949,YAH23060720,7.65936,47.61974,(UTC+01:00) Europe/Paris DST,2013-08-29T21:00:00+02:00,na,na,12,12,20.0,0.0,na
Eco Counter GmbH,Stadt Lörrach,3938,Berliner Platz,100008949,YAH23060720,7.65936,47.61974,(UTC+01:00) Europe/Paris DST,2013-08-29T22:00:00+02:00,na,na,5,5,21.0,0.0,na
Eco Counter GmbH,Stadt Lörrach,3938,Berliner Platz,100008949,YAH23060720,7.65936,47.61974,(UTC+01:00) Europe/Paris DST,2013-08-29T23:00:00+02:00,na,na,1,1,21.0,0.0,na
Eco Counter GmbH,Stadt Lörrach,3938,Berliner Platz,100008949,YAH23060720,7.65936,47.61974,(UTC+01:00) Europe/Paris DST,2013-08-30T00:00:00+02:00,na,na,1,1,22.0,0.0,na
Eco Counter GmbH,Stadt Lörrach,3938,Berliner Platz,100008949,YAH23060720,7.65936,47.61974,(UTC+01:00) Europe/Paris DST,2013-08-30T01:00:00+02:00,na,na,4,4,22.0,0.0,na
Eco Counter GmbH,Stadt Lörrach,3938,Berliner Platz,100008949,YAH23060720,7.65936,47.61974,(UTC+01:00) Europe/Paris DST,2013-08-30T02:00:00+02:00,na,na,0,0,22.0,0.0,na
Eco Counter GmbH,Stadt Lörrach,3938,Berliner Platz,100008949,YAH23060720,7.65936,47.61974,(UTC+01:00) Europe/Paris DST,2013-08-30T03:00:00+02:00,na,na,0,0,22.0,0.0,na
Eco Counter GmbH,Stadt Lörrach,3938,Berliner Platz,100008949,YAH23060720,7.65936,47.61974,(UTC+01:00) Europe/Paris DST,2013-08-30T04:00:00+02:00,na,na,1,1,22.0,0.0,na
Eco Counter GmbH,Stadt Lörrach,3938,Berliner Platz,100008949,YAH23060720,7.65936,47.61974,(UTC+01:00) Europe/Paris DST,2013-08-30T05:00:00+02:00,na,na,7,7,22.0,0.0,na
Eco Counter GmbH,Stadt Lörrach,3938,Berliner Platz,100008949,YAH23060720,7.65936,47.61974,(UTC+01:00) Europe/Paris DST,2013-08-30T06:00:00+02:00,na,na,18,18,22.0,0.0,na
Eco Counter GmbH,Stadt Lörrach,3938,Berliner Platz,100008949,YAH23060720,7.65936,47.61974,(UTC+01:00) Europe/Paris DST,2013-08-30T07:00:00+02:00,na,na,47,47,22.0,0.0,na
Eco Counter GmbH,Stadt Lörrach,3938,Berliner Platz,100008949,YAH23060720,7.65936,47.61974,(UTC+01:00) Europe/Paris DST,2013-08-30T08:00:00+02:00,na,na,41,41,22.0,0.0,na
Eco Counter GmbH,Stadt Lörrach,3938,Berliner Platz,100008949,YAH23060720,7.65936,47.61974,(UTC+01:00) Europe/Paris DST,2013-08-30T09:00:00+02:00,na,na,34,34,22.0,0.0,na
Eco Counter GmbH,Stadt Lörrach,3938,Berliner Platz,100008949,YAH23060720,7.65936,47.61974,(UTC+01:00) Europe/Paris DST,2013-08-30T10:00:00+02:00,na,na,40,40,22.0,0.0,na
Eco Counter GmbH,Stadt Lörrach,3938,Berliner Platz,100008949,YAH23060720,7.65936,47.61974,(UTC+01:00) Europe/Paris DST,2013-08-30T11:00:00+02:00,na,na,40,40,22.0,0.0,na
Eco Counter GmbH,Stadt Lörrach,3938,Berliner Platz,100008949,YAH23060720,7.65936,47.61974,(UTC+01:00) Europe/Paris DST,2013-08-30T12:00:00+02:00,na,na,33,33,22.0,0.0,na
Eco Counter GmbH,Stadt Lörrach,3938,Berliner Platz,100008949,YAH23060720,7.65936,47.61974,(UTC+01:00) Europe/Paris DST,2013-08-30T13:00:00+02:00,na,na,49,49,22.0,0.0,na
Eco Counter GmbH,Stadt Lörrach,3938,Berliner Platz,100008949,YAH23060720,7.65936,47.61974,(UTC+01:00) Europe/Paris DST,2013-08-30T14:00:00+02:00,na,na,49,49,22.0,0.0,na
Eco Counter GmbH,Stadt Lörrach,3938,Berliner Platz,100008949,YAH23060720,7.65936,47.61974,(UTC+01:00) Europe/Paris DST,2013-08-30T15:00:00+02:00,na,na,46,46,22.0,0.0,na
Eco Counter GmbH,Stadt Lörrach,3938,Berliner Platz,100008949,YAH23060720,7.65936,47.61974,(UTC+01:00) Europe/Paris DST,2013-08-30T16:00:00+02:00,na,na,30,30,22.0,0.0,na
Eco Counter GmbH,Stadt Lörrach,3938,Berliner Platz,100008949,YAH23060720,7.65936,47.61974,(UTC+01:00) Europe/Paris DST,2013-08-30T17:00:00+02:00,na,na,37,37,22.0,0.0,na
Eco Counter GmbH,Stadt Lörrach,3938,Berliner Platz,100008949,YAH23060720,7.65936,47.61974,(UTC+01:00) Europe/Paris DST,2013-08-30T18:00:00+02:00,na,na,38,38,22.0,0.0,na
Eco Counter GmbH,Stadt Lörrach,3938,Berliner Platz,100008949,YAH23060720,7.65936,47.61974,(UTC+01:00) Europe/Paris DST,2013-08-30T19:00:00+02:00,na,na,34,34,22.0,0.0,na
Eco Counter GmbH,Stadt Lörrach,3938,Berliner Platz,100008949,YAH23060720,7.65936,47.61974,(UTC+01:00) Europe/Paris DST,2013-08-30T20:00:00+02:00,na,na,18,18,22.0,0.0,na
Eco Counter GmbH,Stadt Lörrach,3938,Berliner Platz,100008949,YAH23060720,7.65936,47.61974,(UTC+01:00) Europe/Paris DST,2013-08-30T21:00:00+02:00,na,na,11,11,22.0,0.0,na
Eco Counter GmbH,Stadt Lörrach,3938,Berliner Platz,100008949,YAH23060720,7.65936,47.61974,(UTC+01:00) Europe/Paris DST,2013-08-30T22:00:00+02:00,na,na,2,2,21.0,0.0,na
Eco Counter GmbH,Stadt Lörrach,3938,Berliner Platz,100008949,YAH23060720,7.65936,47.61974,(UTC+01:00) Europe/Paris DST,2013-08-30T23:00:00+02:00,na,na,1,1,21.0,0.0,na
Eco Counter GmbH,Stadt Lörrach,3938,Berliner Platz,100008949,YAH23060720,7.65936,47.61974,(UTC+01:00) Europe/Paris DST,2013-08-31T00:00:00+02:00,na,na,5,5,21.0,0.0,na
Eco Counter GmbH,Stadt Lörrach,3938,Berliner Platz,100008949,YAH23060720,7.65936,47.61974,(UTC+01:00) Europe/Paris DST,2013-08-31T01:00:00+02:00,na,na,1,1,21.0,0.0,na
Eco Counter GmbH,Stadt Lörrach,3938,Berliner Platz,100008949,YAH23060720,7.65936,47.61974,(UTC+01:00) Europe/Paris DST,2013-08-31T02:00:00+02:00,na,na,0,0,21.0,0.0,na
Eco Counter GmbH,Stadt Lörrach,3938,Berliner Platz,100008949,YAH23060720,7.65936,47.61974,(UTC+01:00) Europe/Paris DST,2013-08-31T03:00:00+02:00,na,na,1,1,21.0,0.0,na
Eco Counter GmbH,Stadt Lörrach,3938,Berliner Platz,100008949,YAH23060720,7.65936,47.61974,(UTC+01:00) Europe/Paris DST,2013-08-31T04:00:00+02:00,na,na,1,1,21.0,0.0,na
Eco Counter GmbH,Stadt Lörrach,3938,Berliner Platz,100008949,YAH23060720,7.65936,47.61974,(UTC+01:00) Europe/Paris DST,2013-08-31T05:00:00+02:00,na,na,2,2,21.0,0.0,na
Eco Counter GmbH,Stadt Lörrach,3938,Berliner Platz,100008949,YAH23060720,7.65936,47.61974,(UTC+01:00) Europe/Paris DST,2013-08-31T06:00:00+02:00,na,na,6,6,21.0,0.0,na
Eco Counter GmbH,Stadt Lörrach,3938,Berliner Platz,100008949,YAH23060720,7.65936,47.61974,(UTC+01:00) Europe/Paris DST,2013-08-31T07:00:00+02:00,na,na,18,18,21.0,0.0,na
Eco Counter GmbH,Stadt Lörrach,3938,Berliner Platz,100008949,YAH23060720,7.65936,47.61974,(UTC+01:00) Europe/Paris DST,2013-08-31T08:00:00+02:00,na,na,30,30,21.0,0.0,na
Eco Counter GmbH,Stadt Lörrach,3938,Berliner Platz,100008949,YAH23060720,7.65936,47.61974,(UTC+01:00) Europe/Paris DST,2013-08-31T09:00:00+02:00,na,na,55,55,21.0,0.0,na
Eco Counter GmbH,Stadt Lörrach,3938,Berliner Platz,100008949,YAH23060720,7.65936,47.61974,(UTC+01:00) Europe/Paris DST,2013-08-31T10:00:00+02:00,na,na,74,74,21.0,0.0,na
Eco Counter GmbH,Stadt Lörrach,3938,Berliner Platz,100008949,YAH23060720,7.65936,47.61974,(UTC+01:00) Europe/Paris DST,2013-08-31T11:00:00+02:00,na,na,56,56,21.0,0.0,na
Eco Counter GmbH,Stadt Lörrach,3938,Berliner Platz,100008949,YAH23060720,7.65936,47.61974,(UTC+01:00) Europe/Paris DST,2013-08-31T12:00:00+02:00,na,na,43,43,21.0,0.0,na
Eco Counter GmbH,Stadt Lörrach,3938,Berliner Platz,100008949,YAH23060720,7.65936,47.61974,(UTC+01:00) Europe/Paris DST,2013-08-31T13:00:00+02:00,na,na,31,31,21.0,0.0,na
Eco Counter GmbH,Stadt Lörrach,3938,Berliner Platz,100008949,YAH23060720,7.65936,47.61974,(UTC+01:00) Europe/Paris DST,2013-08-31T14:00:00+02:00,na,na,19,19,21.0,0.0,na
Eco Counter GmbH,Stadt Lörrach,3938,Berliner Platz,100008949,YAH23060720,7.65936,47.61974,(UTC+01:00) Europe/Paris DST,2013-08-31T15:00:00+02:00,na,na,36,36,21.0,0.0,na
Eco Counter GmbH,Stadt Lörrach,3938,Berliner Platz,100008949,YAH23060720,7.65936,47.61974,(UTC+01:00) Europe/Paris DST,2013-08-31T16:00:00+02:00,na,na,25,25,21.0,0.0,na
Eco Counter GmbH,Stadt Lörrach,3938,Berliner Platz,100008949,YAH23060720,7.65936,47.61974,(UTC+01:00) Europe/Paris DST,2013-08-31T17:00:00+02:00,na,na,24,24,21.0,0.1,na
Eco Counter GmbH,Stadt Lörrach,3938,Berliner Platz,100008949,YAH23060720,7.65936,47.61974,(UTC+01:00) Europe/Paris DST,2013-08-31T18:00:00+02:00,na,na,29,29,21.0,0.1,na
Eco Counter GmbH,Stadt Lörrach,3938,Berliner Platz,100008949,YAH23060720,7.65936,47.61974,(UTC+01:00) Europe/Paris DST,2013-08-31T19:00:00+02:00,na,na,12,12,21.0,0.2,na
Eco Counter GmbH,Stadt Lörrach,3938,Berliner Platz,100008949,YAH23060720,7.65936,47.61974,(UTC+01:00) Europe/Paris DST,2013-08-31T20:00:00+02:00,na,na,11,11,21.0,0.3,na
Eco Counter GmbH,Stadt Lörrach,3938,Berliner Platz,100008949,YAH23060720,7.65936,47.61974,(UTC+01:00) Europe/Paris DST,2013-08-31T21:00:00+02:00,na,na,6,6,21.0,0.3,na
Eco Counter GmbH,Stadt Lörrach,3938,Berliner Platz,100008949,YAH23060720,7.65936,47.61974,(UTC+01:00) Europe/Paris DST,2013-08-31T22:00:00+02:00,na,na,4,4,19.0,0.3,na
Eco Counter GmbH,Landeshauptstadt Stuttgart,607,König-Karls-Brücke Barometer,100034882,YTH16019147,9.210372161982697,48.79912609299229,(UTC+01:00) Europe/Paris DST,2013-08-01T00:00:00+02:00,11,11,na,22,16.0,0.0,na
Eco Counter GmbH,Landeshauptstadt Stuttgart,607,König-Karls-Brücke Barometer,100034882,YTH16019147,9.210372161982697,48.79912609299229,(UTC+01:00) Europe/Paris DST,2013-08-01T01:00:00+02:00,4,4,na,8,16.0,0.0,na
Eco Counter GmbH,Landeshauptstadt Stuttgart,607,König-Karls-Brücke Barometer,100034882,YTH16019147,9.210372161982697,48.79912609299229,(UTC+01:00) Europe/Paris DST,2013-08-01T02:00:00+02:00,1,1,na,2,16.0,0.0,na
Eco Counter GmbH,Landeshauptstadt Stuttgart,607,König-Karls-Brücke Barometer,100034882,YTH16019147,9.210372161982697,48.79912609299229,(UTC+01:00) Europe/Paris DST,2013-08-01T03:00:00+02:00,1,6,na,7,16.0,0.0,na
Eco Counter GmbH,Landeshauptstadt Stuttgart,607,König-Karls-Brücke Barometer,100034882,YTH16019147,9.210372161982697,48.79912609299229,(UTC+01:00) Europe/Paris DST,2013-08-01T04:00:00+02:00,3,1,na,4,16.0,0.0,na
Eco Counter GmbH,Landeshauptstadt Stuttgart,607,König-Karls-Brücke Barometer,100034882,YTH16019147,9.210372161982697,48.79912609299229,(UTC+01:00) Europe/Paris DST,2013-08-01T05:00:00+02:00,18,25,na,43,17.0,0.0,na
Eco Counter GmbH,Landeshauptstadt Stuttgart,607,König-Karls-Brücke Barometer,100034882,YTH16019147,9.210372161982697,48.79912609299229,(UTC+01:00) Europe/Paris DST,2013-08-01T06:00:00+02:00,92,57,na,149,17.0,0.0,na
Eco Counter GmbH,Landeshauptstadt Stuttgart,607,König-Karls-Brücke Barometer,100034882,YTH16019147,9.210372161982697,48.79912609299229,(UTC+01:00) Europe/Paris DST,2013-08-01T07:00:00+02:00,136,109,na,245,19.0,0.0,na
Eco Counter GmbH,Landeshauptstadt Stuttgart,607,König-Karls-Brücke Barometer,100034882,YTH16019147,9.210372161982697,48.79912609299229,(UTC+01:00) Europe/Paris DST,2013-08-01T08:00:00+02:00,161,107,na,268,21.0,0.0,na
Eco Counter GmbH,Landeshauptstadt Stuttgart,607,König-Karls-Brücke Barometer,100034882,YTH16019147,9.210372161982697,48.79912609299229,(UTC+01:00) Europe/Paris DST,2013-08-01T09:00:00+02:00,105,87,na,192,23.0,0.0,na
Eco Counter GmbH,Landeshauptstadt Stuttgart,607,König-Karls-Brücke Barometer,100034882,YTH16019147,9.210372161982697,48.79912609299229,(UTC+01:00) Europe/Paris DST,2013-08-01T10:00:00+02:00,86,69,na,155,26.0,0.0,na
Eco Counter GmbH,Landeshauptstadt Stuttgart,607,König-Karls-Brücke Barometer,100034882,YTH16019147,9.210372161982697,48.79912609299229,(UTC+01:00) Europe/Paris DST,2013-08-01T11:00:00+02:00,91,79,na,170,28.0,0.0,na
Eco Counter GmbH,Landeshauptstadt Stuttgart,607,König-Karls-Brücke Barometer,100034882,YTH16019147,9.210372161982697,48.79912609299229,(UTC+01:00) Europe/Paris DST,2013-08-01T12:00:00+02:00,66,113,na,179,30.0,0.0,na
Eco Counter GmbH,Landeshauptstadt Stuttgart,607,König-Karls-Brücke Barometer,100034882,YTH16019147,9.210372161982697,48.79912609299229,(UTC+01:00) Europe/Paris DST,2013-08-01T13:00:00+02:00,72,81,na,153,31.0,0.0,na
Eco Counter GmbH,Landeshauptstadt Stuttgart,607,König-Karls-Brücke Barometer,100034882,YTH16019147,9.210372161982697,48.79912609299229,(UTC+01:00) Europe/Paris DST,2013-08-01T14:00:00+02:00,79,79,na,158,32.0,0.0,na
Eco Counter GmbH,Landeshauptstadt Stuttgart,607,König-Karls-Brücke Barometer,100034882,YTH16019147,9.210372161982697,48.79912609299229,(UTC+01:00) Europe/Paris DST,2013-08-01T15:00:00+02:00,117,134,na,251,33.0,0.0,na
Eco Counter GmbH,Landeshauptstadt Stuttgart,607,König-Karls-Brücke Barometer,100034882,YTH16019147,9.210372161982697,48.79912609299229,(UTC+01:00) Europe/Paris DST,2013-08-01T16:00:00+02:00,139,161,na,300,32.0,0.0,na
Eco Counter GmbH,Landeshauptstadt Stuttgart,607,König-Karls-Brücke Barometer,100034882,YTH16019147,9.210372161982697,48.79912609299229,(UTC+01:00) Europe/Paris DST,2013-08-01T17:00:00+02:00,148,227,na,375,31.0,0.0,na
Eco Counter GmbH,Landeshauptstadt Stuttgart,607,König-Karls-Brücke Barometer,100034882,YTH16019147,9.210372161982697,48.79912609299229,(UTC+01:00) Europe/Paris DST,2013-08-01T18:00:00+02:00,141,217,na,358,30.0,0.0,na
Eco Counter GmbH,Landeshauptstadt Stuttgart,607,König-Karls-Brücke Barometer,100034882,YTH16019147,9.210372161982697,48.79912609299229,(UTC+01:00) Europe/Paris DST,2013-08-01T19:00:00+02:00,117,155,na,272,28.0,0.0,na
Eco Counter GmbH,Landeshauptstadt Stuttgart,607,König-Karls-Brücke Barometer,100034882,YTH16019147,9.210372161982697,48.79912609299229,(UTC+01:00) Europe/Paris DST,2013-08-01T20:00:00+02:00,109,103,na,212,25.0,0.0,na
Eco Counter GmbH,Landeshauptstadt Stuttgart,607,König-Karls-Brücke Barometer,100034882,YTH16019147,9.210372161982697,48.79912609299229,(UTC+01:00) Europe/Paris DST,2013-08-01T21:00:00+02:00,100,94,na,194,23.0,0.0,na
Eco Counter GmbH,Landeshauptstadt Stuttgart,607,König-Karls-Brücke Barometer,100034882,YTH16019147,9.210372161982697,48.79912609299229,(UTC+01:00) Europe/Paris DST,2013-08-01T22:00:00+02:00,51,61,na,112,22.0,0.0,na
Eco Counter GmbH,Landeshauptstadt Stuttgart,607,König-Karls-Brücke Barometer,100034882,YTH16019147,9.210372161982697,48.79912609299229,(UTC+01:00) Europe/Paris DST,2013-08-01T23:00:00+02:00,37,57,na,94,20.0,0.0,na
Eco Counter GmbH,Landeshauptstadt Stuttgart,607,König-Karls-Brücke Barometer,100034882,YTH16019147,9.210372161982697,48.79912609299229,(UTC+01:00) Europe/Paris DST,2013-08-02T00:00:00+02:00,13,33,na,46,19.0,0.0,na
Eco Counter GmbH,Landeshauptstadt Stuttgart,607,König-Karls-Brücke Barometer,100034882,YTH16019147,9.210372161982697,48.79912609299229,(UTC+01:00) Europe/Paris DST,2013-08-02T01:00:00+02:00,9,11,na,20,19.0,0.0,na
Eco Counter GmbH,Landeshauptstadt Stuttgart,607,König-Karls-Brücke Barometer,100034882,YTH16019147,9.210372161982697,48.79912609299229,(UTC+01:00) Europe/Paris DST,2013-08-02T02:00:00+02:00,3,5,na,8,19.0,0.0,na
Eco Counter GmbH,Landeshauptstadt Stuttgart,607,König-Karls-Brücke Barometer,100034882,YTH16019147,9.210372161982697,48.79912609299229,(UTC+01:00) Europe/Paris DST,2013-08-02T03:00:00+02:00,0,5,na,5,18.0,0.0,na
Eco Counter GmbH,Landeshauptstadt Stuttgart,607,König-Karls-Brücke Barometer,100034882,YTH16019147,9.210372161982697,48.79912609299229,(UTC+01:00) Europe/Paris DST,2013-08-02T04:00:00+02:00,7,4,na,11,19.0,0.0,na
Eco Counter GmbH,Landeshauptstadt Stuttgart,607,König-Karls-Brücke Barometer,100034882,YTH16019147,9.210372161982697,48.79912609299229,(UTC+01:00) Europe/Paris DST,2013-08-02T05:00:00+02:00,22,24,na,46,20.0,0.0,na
Eco Counter GmbH,Landeshauptstadt Stuttgart,607,König-Karls-Brücke Barometer,100034882,YTH16019147,9.210372161982697,48.79912609299229,(UTC+01:00) Europe/Paris DST,2013-08-02T06:00:00+02:00,75,58,na,133,21.0,0.0,na
Eco Counter GmbH,Landeshauptstadt Stuttgart,607,König-Karls-Brücke Barometer,100034882,YTH16019147,9.210372161982697,48.79912609299229,(UTC+01:00) Europe/Paris DST,2013-08-02T07:00:00+02:00,124,98,na,222,23.0,0.0,na
Eco Counter GmbH,Landeshauptstadt Stuttgart,607,König-Karls-Brücke Barometer,100034882,YTH16019147,9.210372161982697,48.79912609299229,(UTC+01:00) Europe/Paris DST,2013-08-02T08:00:00+02:00,133,101,na,234,25.0,0.0,na
Eco Counter GmbH,Landeshauptstadt Stuttgart,607,König-Karls-Brücke Barometer,100034882,YTH16019147,9.210372161982697,48.79912609299229,(UTC+01:00) Europe/Paris DST,2013-08-02T09:00:00+02:00,88,65,na,153,27.0,0.0,na
Eco Counter GmbH,Landeshauptstadt Stuttgart,607,König-Karls-Brücke Barometer,100034882,YTH16019147,9.210372161982697,48.79912609299229,(UTC+01:00) Europe/Paris DST,2013-08-02T10:00:00+02:00,81,92,na,173,30.0,0.0,na
Eco Counter GmbH,Landeshauptstadt Stuttgart,607,König-Karls-Brücke Barometer,100034882,YTH16019147,9.210372161982697,48.79912609299229,(UTC+01:00) Europe/Paris DST,2013-08-02T11:00:00+02:00,58,86,na,144,32.0,0.0,na
Eco Counter GmbH,Landeshauptstadt Stuttgart,607,König-Karls-Brücke Barometer,100034882,YTH16019147,9.210372161982697,48.79912609299229,(UTC+01:00) Europe/Paris DST,2013-08-02T12:00:00+02:00,62,84,na,146,35.0,0.0,na
Eco Counter GmbH,Landeshauptstadt Stuttgart,607,König-Karls-Brücke Barometer,100034882,YTH16019147,9.210372161982697,48.79912609299229,(UTC+01:00) Europe/Paris DST,2013-08-02T13:00:00+02:00,76,78,na,154,35.0,0.0,na
Eco Counter GmbH,Landeshauptstadt Stuttgart,607,König-Karls-Brücke Barometer,100034882,YTH16019147,9.210372161982697,48.79912609299229,(UTC+01:00) Europe/Paris DST,2013-08-02T14:00:00+02:00,75,87,na,162,36.0,0.0,na
Eco Counter GmbH,Landeshauptstadt Stuttgart,607,König-Karls-Brücke Barometer,100034882,YTH16019147,9.210372161982697,48.79912609299229,(UTC+01:00) Europe/Paris DST,2013-08-02T15:00:00+02:00,84,128,na,212,36.0,0.0,na
Eco Counter GmbH,Landeshauptstadt Stuttgart,607,König-Karls-Brücke Barometer,100034882,YTH16019147,9.210372161982697,48.79912609299229,(UTC+01:00) Europe/Paris DST,2013-08-02T16:00:00+02:00,127,174,na,301,35.0,0.0,na
Eco Counter GmbH,Landeshauptstadt Stuttgart,607,König-Karls-Brücke Barometer,100034882,YTH16019147,9.210372161982697,48.79912609299229,(UTC+01:00) Europe/Paris DST,2013-08-02T17:00:00+02:00,111,170,na,281,33.0,0.0,na
Eco Counter GmbH,Landeshauptstadt Stuttgart,607,König-Karls-Brücke Barometer,100034882,YTH16019147,9.210372161982697,48.79912609299229,(UTC+01:00) Europe/Paris DST,2013-08-02T18:00:00+02:00,107,123,na,230,31.0,0.0,na
Eco Counter GmbH,Landeshauptstadt Stuttgart,607,König-Karls-Brücke Barometer,100034882,YTH16019147,9.210372161982697,48.79912609299229,(UTC+01:00) Europe/Paris DST,2013-08-02T19:00:00+02:00,120,137,na,257,29.0,0.0,na
Eco Counter GmbH,Landeshauptstadt Stuttgart,607,König-Karls-Brücke Barometer,100034882,YTH16019147,9.210372161982697,48.79912609299229,(UTC+01:00) Europe/Paris DST,2013-08-02T20:00:00+02:00,63,95,na,158,27.0,0.0,na
Eco Counter GmbH,Landeshauptstadt Stuttgart,607,König-Karls-Brücke Barometer,100034882,YTH16019147,9.210372161982697,48.79912609299229,(UTC+01:00) Europe/Paris DST,2013-08-02T21:00:00+02:00,73,60,na,133,25.0,0.0,na
Eco Counter GmbH,Landeshauptstadt Stuttgart,607,König-Karls-Brücke Barometer,100034882,YTH16019147,9.210372161982697,48.79912609299229,(UTC+01:00) Europe/Paris DST,2013-08-02T22:00:00+02:00,30,33,na,63,23.0,0.0,na
Eco Counter GmbH,Landeshauptstadt Stuttgart,607,König-Karls-Brücke Barometer,100034882,YTH16019147,9.210372161982697,48.79912609299229,(UTC+01:00) Europe/Paris DST,2013-08-02T23:00:00+02:00,23,20,na,43,22.0,0.0,na
Eco Counter GmbH,Landeshauptstadt Stuttgart,607,König-Karls-Brücke Barometer,100034882,YTH16019147,9.210372161982697,48.79912609299229,(UTC+01:00) Europe/Paris DST,2013-08-03T00:00:00+02:00,9,40,na,49,21.0,0.0,na
Eco Counter GmbH,Landeshauptstadt Stuttgart,607,König-Karls-Brücke Barometer,100034882,YTH16019147,9.210372161982697,48.79912609299229,(UTC+01:00) Europe/Paris DST,2013-08-03T01:00:00+02:00,8,22,na,30,20.0,0.0,na
Eco Counter GmbH,Landeshauptstadt Stuttgart,607,König-Karls-Brücke Barometer,100034882,YTH16019147,9.210372161982697,48.79912609299229,(UTC+01:00) Europe/Paris DST,2013-08-03T02:00:00+02:00,7,15,na,22,20.0,0.0,na
Eco Counter GmbH,Landeshauptstadt Stuttgart,607,König-Karls-Brücke Barometer,100034882,YTH16019147,9.210372161982697,48.79912609299229,(UTC+01:00) Europe/Paris DST,2013-08-03T03:00:00+02:00,0,7,na,7,19.0,0.0,na
Eco Counter GmbH,Landeshauptstadt Stuttgart,607,König-Karls-Brücke Barometer,100034882,YTH16019147,9.210372161982697,48.79912609299229,(UTC+01:00) Europe/Paris DST,2013-08-03T04:00:00+02:00,3,2,na,5,20.0,0.0,na
Eco Counter GmbH,Landeshauptstadt Stuttgart,607,König-Karls-Brücke Barometer,100034882,YTH16019147,9.210372161982697,48.79912609299229,(UTC+01:00) Europe/Paris DST,2013-08-03T05:00:00+02:00,5,9,na,14,20.0,0.0,na
Eco Counter GmbH,Landeshauptstadt Stuttgart,607,König-Karls-Brücke Barometer,100034882,YTH16019147,9.210372161982697,48.79912609299229,(UTC+01:00) Europe/Paris DST,2013-08-03T06:00:00+02:00,11,9,na,20,21.0,0.0,na
Eco Counter GmbH,Landeshauptstadt Stuttgart,607,König-Karls-Brücke Barometer,100034882,YTH16019147,9.210372161982697,48.79912609299229,(UTC+01:00) Europe/Paris DST,2013-08-03T07:00:00+02:00,16,15,na,31,22.0,0.0,na
Eco Counter GmbH,Landeshauptstadt Stuttgart,607,König-Karls-Brücke Barometer,100034882,YTH16019147,9.210372161982697,48.79912609299229,(UTC+01:00) Europe/Paris DST,2013-08-03T08:00:00+02:00,25,41,na,66,24.0,0.0,na
Eco Counter GmbH,Landeshauptstadt Stuttgart,607,König-Karls-Brücke Barometer,100034882,YTH16019147,9.210372161982697,48.79912609299229,(UTC+01:00) Europe/Paris DST,2013-08-03T09:00:00+02:00,48,51,na,99,25.0,0.0,na
Eco Counter GmbH,Landeshauptstadt Stuttgart,607,König-Karls-Brücke Barometer,100034882,YTH16019147,9.210372161982697,48.79912609299229,(UTC+01:00) Europe/Paris DST,2013-08-03T10:00:00+02:00,94,88,na,182,27.0,0.0,na
Eco Counter GmbH,Landeshauptstadt Stuttgart,607,König-Karls-Brücke Barometer,100034882,YTH16019147,9.210372161982697,48.79912609299229,(UTC+01:00) Europe/Paris DST,2013-08-03T11:00:00+02:00,66,99,na,165,28.0,0.0,na
Eco Counter GmbH,Landeshauptstadt Stuttgart,607,König-Karls-Brücke Barometer,100034882,YTH16019147,9.210372161982697,48.79912609299229,(UTC+01:00) Europe/Paris DST,2013-08-03T12:00:00+02:00,105,107,na,212,29.0,0.0,na
Eco Counter GmbH,Landeshauptstadt Stuttgart,607,König-Karls-Brücke Barometer,100034882,YTH16019147,9.210372161982697,48.79912609299229,(UTC+01:00) Europe/Paris DST,2013-08-03T13:00:00+02:00,66,106,na,172,29.0,0.0,na
Eco Counter GmbH,Landeshauptstadt Stuttgart,607,König-Karls-Brücke Barometer,100034882,YTH16019147,9.210372161982697,48.79912609299229,(UTC+01:00) Europe/Paris DST,2013-08-03T14:00:00+02:00,105,127,na,232,30.0,0.0,na
Eco Counter GmbH,Landeshauptstadt Stuttgart,607,König-Karls-Brücke Barometer,100034882,YTH16019147,9.210372161982697,48.79912609299229,(UTC+01:00) Europe/Paris DST,2013-08-03T15:00:00+02:00,96,109,na,205,30.0,0.0,na
Eco Counter GmbH,Landeshauptstadt Stuttgart,607,König-Karls-Brücke Barometer,100034882,YTH16019147,9.210372161982697,48.79912609299229,(UTC+01:00) Europe/Paris DST,2013-08-03T16:00:00+02:00,103,94,na,197,29.0,0.0,na
Eco Counter GmbH,Landeshauptstadt Stuttgart,607,König-Karls-Brücke Barometer,100034882,YTH16019147,9.210372161982697,48.79912609299229,(UTC+01:00) Europe/Paris DST,2013-08-03T17:00:00+02:00,67,82,na,149,28.0,0.0,na
Eco Counter GmbH,Landeshauptstadt Stuttgart,607,König-Karls-Brücke Barometer,100034882,YTH16019147,9.210372161982697,48.79912609299229,(UTC+01:00) Europe/Paris DST,2013-08-03T18:00:00+02:00,88,94,na,182,27.0,0.0,na
Eco Counter GmbH,Landeshauptstadt Stuttgart,607,König-Karls-Brücke Barometer,100034882,YTH16019147,9.210372161982697,48.79912609299229,(UTC+01:00) Europe/Paris DST,2013-08-03T19:00:00+02:00,92,73,na,165,26.0,0.0,na
Eco Counter GmbH,Landeshauptstadt Stuttgart,607,König-Karls-Brücke Barometer,100034882,YTH16019147,9.210372161982697,48.79912609299229,(UTC+01:00) Europe/Paris DST,2013-08-03T20:00:00+02:00,72,53,na,125,24.0,0.0,na
Eco Counter GmbH,Landeshauptstadt Stuttgart,607,König-Karls-Brücke Barometer,100034882,YTH16019147,9.210372161982697,48.79912609299229,(UTC+01:00) Europe/Paris DST,2013-08-03T21:00:00+02:00,38,41,na,79,22.0,0.0,na
Eco Counter GmbH,Landeshauptstadt Stuttgart,607,König-Karls-Brücke Barometer,100034882,YTH16019147,9.210372161982697,48.79912609299229,(UTC+01:00) Europe/Paris DST,2013-08-03T22:00:00+02:00,23,24,na,47,20.0,0.3,na
Eco Counter GmbH,Landeshauptstadt Stuttgart,607,König-Karls-Brücke Barometer,100034882,YTH16019147,9.210372161982697,48.79912609299229,(UTC+01:00) Europe/Paris DST,2013-08-03T23:00:00+02:00,30,45,na,75,19.0,0.5,na
Eco Counter GmbH,Landeshauptstadt Stuttgart,607,König-Karls-Brücke Barometer,100034882,YTH16019147,9.210372161982697,48.79912609299229,(UTC+01:00) Europe/Paris DST,2013-08-04T00:00:00+02:00,7,20,na,27,17.0,0.8,na
Eco Counter GmbH,Landeshauptstadt Stuttgart,607,König-Karls-Brücke Barometer,100034882,YTH16019147,9.210372161982697,48.79912609299229,(UTC+01:00) Europe/Paris DST,2013-08-04T01:00:00+02:00,2,18,na,20,17.0,0.7,na
Eco Counter GmbH,Landeshauptstadt Stuttgart,607,König-Karls-Brücke Barometer,100034882,YTH16019147,9.210372161982697,48.79912609299229,(UTC+01:00) Europe/Paris DST,2013-08-04T02:00:00+02:00,5,16,na,21,16.0,0.5,na
Eco Counter GmbH,Landeshauptstadt Stuttgart,607,König-Karls-Brücke Barometer,100034882,YTH16019147,9.210372161982697,48.79912609299229,(UTC+01:00) Europe/Paris DST,2013-08-04T03:00:00+02:00,2,8,na,10,15.0,0.4,na
Eco Counter GmbH,Landeshauptstadt Stuttgart,607,König-Karls-Brücke Barometer,100034882,YTH16019147,9.210372161982697,48.79912609299229,(UTC+01:00) Europe/Paris DST,2013-08-04T04:00:00+02:00,2,4,na,6,16.0,0.3,na
Eco Counter GmbH,Landeshauptstadt Stuttgart,607,König-Karls-Brücke Barometer,100034882,YTH16019147,9.210372161982697,48.79912609299229,(UTC+01:00) Europe/Paris DST,2013-08-04T05:00:00+02:00,4,6,na,10,17.0,0.2,na
Eco Counter GmbH,Landeshauptstadt Stuttgart,607,König-Karls-Brücke Barometer,100034882,YTH16019147,9.210372161982697,48.79912609299229,(UTC+01:00) Europe/Paris DST,2013-08-04T06:00:00+02:00,3,5,na,8,18.0,0.1,na
Eco Counter GmbH,Landeshauptstadt Stuttgart,607,König-Karls-Brücke Barometer,100034882,YTH16019147,9.210372161982697,48.79912609299229,(UTC+01:00) Europe/Paris DST,2013-08-04T07:00:00+02:00,11,11,na,22,20.0,0.1,na
Eco Counter GmbH,Landeshauptstadt Stuttgart,607,König-Karls-Brücke Barometer,100034882,YTH16019147,9.210372161982697,48.79912609299229,(UTC+01:00) Europe/Paris DST,2013-08-04T08:00:00+02:00,17,26,na,43,22.0,0.1,na
Eco Counter GmbH,Landeshauptstadt Stuttgart,607,König-Karls-Brücke Barometer,100034882,YTH16019147,9.210372161982697,48.79912609299229,(UTC+01:00) Europe/Paris DST,2013-08-04T09:00:00+02:00,39,111,na,150,24.0,0.1,na
Eco Counter GmbH,Landeshauptstadt Stuttgart,607,König-Karls-Brücke Barometer,100034882,YTH16019147,9.210372161982697,48.79912609299229,(UTC+01:00) Europe/Paris DST,2013-08-04T10:00:00+02:00,91,68,na,159,26.0,0.1,na
Eco Counter GmbH,Landeshauptstadt Stuttgart,607,König-Karls-Brücke Barometer,100034882,YTH16019147,9.210372161982697,48.79912609299229,(UTC+01:00) Europe/Paris DST,2013-08-04T11:00:00+02:00,97,121,na,218,27.0,0.1,na
Eco Counter GmbH,Landeshauptstadt Stuttgart,607,König-Karls-Brücke Barometer,100034882,YTH16019147,9.210372161982697,48.79912609299229,(UTC+01:00) Europe/Paris DST,2013-08-04T12:00:00+02:00,98,127,na,225,28.0,0.1,na
Eco Counter GmbH,Landeshauptstadt Stuttgart,607,König-Karls-Brücke Barometer,100034882,YTH16019147,9.210372161982697,48.79912609299229,(UTC+01:00) Europe/Paris DST,2013-08-04T13:00:00+02:00,69,64,na,133,29.0,0.1,na
Eco Counter GmbH,Landeshauptstadt Stuttgart,607,König-Karls-Brücke Barometer,100034882,YTH16019147,9.210372161982697,48.79912609299229,(UTC+01:00) Europe/Paris DST,2013-08-04T14:00:00+02:00,68,78,na,146,29.0,0.1,na
Eco Counter GmbH,Landeshauptstadt Stuttgart,607,König-Karls-Brücke Barometer,100034882,YTH16019147,9.210372161982697,48.79912609299229,(UTC+01:00) Europe/Paris DST,2013-08-04T15:00:00+02:00,103,105,na,208,29.0,0.0,na
Eco Counter GmbH,Landeshauptstadt Stuttgart,607,König-Karls-Brücke Barometer,100034882,YTH16019147,9.210372161982697,48.79912609299229,(UTC+01:00) Europe/Paris DST,2013-08-04T16:00:00+02:00,115,91,na,206,28.0,0.2,na
Eco Counter GmbH,Landeshauptstadt Stuttgart,607,König-Karls-Brücke Barometer,100034882,YTH16019147,9.210372161982697,48.79912609299229,(UTC+01:00) Europe/Paris DST,2013-08-04T17:00:00+02:00,123,133,na,256,28.0,0.3,na
Eco Counter GmbH,Landeshauptstadt Stuttgart,607,König-Karls-Brücke Barometer,100034882,YTH16019147,9.210372161982697,48.79912609299229,(UTC+01:00) Europe/Paris DST,2013-08-04T18:00:00+02:00,143,111,na,254,27.0,0.4,na
Eco Counter GmbH,Landeshauptstadt Stuttgart,607,König-Karls-Brücke Barometer,100034882,YTH16019147,9.210372161982697,48.79912609299229,(UTC+01:00) Europe/Paris DST,2013-08-04T19:00:00+02:00,91,107,na,198,25.0,0.3,na
Eco Counter GmbH,Landeshauptstadt Stuttgart,607,König-Karls-Brücke Barometer,100034882,YTH16019147,9.210372161982697,48.79912609299229,(UTC+01:00) Europe/Paris DST,2013-08-04T20:00:00+02:00,75,70,na,145,22.0,0.3,na
Eco Counter GmbH,Landeshauptstadt Stuttgart,607,König-Karls-Brücke Barometer,100034882,YTH16019147,9.210372161982697,48.79912609299229,(UTC+01:00) Europe/Paris DST,2013-08-04T21:00:00+02:00,52,43,na,95,20.0,0.2,na
Eco Counter GmbH,Landeshauptstadt Stuttgart,607,König-Karls-Brücke Barometer,100034882,YTH16019147,9.210372161982697,48.79912609299229,(UTC+01:00) Europe/Paris DST,2013-08-04T22:00:00+02:00,18,34,na,52,19.0,0.1,na
Eco Counter GmbH,Landeshauptstadt Stuttgart,607,König-Karls-Brücke Barometer,100034882,YTH16019147,9.210372161982697,48.79912609299229,(UTC+01:00) Europe/Paris DST,2013-08-04T23:00:00+02:00,10,13,na,23,17.0,0.1,na
Eco Counter GmbH,Landeshauptstadt Stuttgart,607,König-Karls-Brücke Barometer,100034882,YTH16019147,9.210372161982697,48.79912609299229,(UTC+01:00) Europe/Paris DST,2013-08-05T00:00:00+02:00,0,6,na,6,16.0,0.0,na
Eco Counter GmbH,Landeshauptstadt Stuttgart,607,König-Karls-Brücke Barometer,100034882,YTH16019147,9.210372161982697,48.79912609299229,(UTC+01:00) Europe/Paris DST,2013-08-05T01:00:00+02:00,0,8,na,8,16.0,0.0,na
Eco Counter GmbH,Landeshauptstadt Stuttgart,607,König-Karls-Brücke Barometer,100034882,YTH16019147,9.210372161982697,48.79912609299229,(UTC+01:00) Europe/Paris DST,2013-08-05T02:00:00+02:00,1,3,na,4,15.0,0.0,na
Eco Counter GmbH,Landeshauptstadt Stuttgart,607,König-Karls-Brücke Barometer,100034882,YTH16019147,9.210372161982697,48.79912609299229,(UTC+01:00) Europe/Paris DST,2013-08-05T03:00:00+02:00,2,0,na,2,15.0,0.0,na
Eco Counter GmbH,Landeshauptstadt Stuttgart,607,König-Karls-Brücke Barometer,100034882,YTH16019147,9.210372161982697,48.79912609299229,(UTC+01:00) Europe/Paris DST,2013-08-05T04:00:00+02:00,5,0,na,5,16.0,0.0,na
Eco Counter GmbH,Landeshauptstadt Stuttgart,607,König-Karls-Brücke Barometer,100034882,YTH16019147,9.210372161982697,48.79912609299229,(UTC+01:00) Europe/Paris DST,2013-08-05T05:00:00+02:00,20,21,na,41,17.0,0.0,na
Eco Counter GmbH,Landeshauptstadt Stuttgart,607,König-Karls-Brücke Barometer,100034882,YTH16019147,9.210372161982697,48.79912609299229,(UTC+01:00) Europe/Paris DST,2013-08-05T06:00:00+02:00,83,51,na,134,18.0,0.0,na
Eco Counter GmbH,Landeshauptstadt Stuttgart,607,König-Karls-Brücke Barometer,100034882,YTH16019147,9.210372161982697,48.79912609299229,(UTC+01:00) Europe/Paris DST,2013-08-05T07:00:00+02:00,143,99,na,242,21.0,0.0,na
Eco Counter GmbH,Landeshauptstadt Stuttgart,607,König-Karls-Brücke Barometer,100034882,YTH16019147,9.210372161982697,48.79912609299229,(UTC+01:00) Europe/Paris DST,2013-08-05T08:00:00+02:00,157,106,na,263,23.0,0.0,na
Eco Counter GmbH,Landeshauptstadt Stuttgart,607,König-Karls-Brücke Barometer,100034882,YTH16019147,9.210372161982697,48.79912609299229,(UTC+01:00) Europe/Paris DST,2013-08-05T09:00:00+02:00,74,76,na,150,25.0,0.0,na
Eco Counter GmbH,Landeshauptstadt Stuttgart,607,König-Karls-Brücke Barometer,100034882,YTH16019147,9.210372161982697,48.79912609299229,(UTC+01:00) Europe/Paris DST,2013-08-05T10:00:00+02:00,69,84,na,153,27.0,0.0,na
Eco Counter GmbH,Landeshauptstadt Stuttgart,607,König-Karls-Brücke Barometer,100034882,YTH16019147,9.210372161982697,48.79912609299229,(UTC+01:00) Europe/Paris DST,2013-08-05T11:00:00+02:00,75,80,na,155,29.0,0.0,na
Eco Counter GmbH,Landeshauptstadt Stuttgart,607,König-Karls-Brücke Barometer,100034882,YTH16019147,9.210372161982697,48.79912609299229,(UTC+01:00) Europe/Paris DST,2013-08-05T12:00:00+02:00,66,75,na,141,31.0,0.0,na
Eco Counter GmbH,Landeshauptstadt Stuttgart,607,König-Karls-Brücke Barometer,100034882,YTH16019147,9.210372161982697,48.79912609299229,(UTC+01:00) Europe/Paris DST,2013-08-05T13:00:00+02:00,73,101,na,174,32.0,0.0,na
Eco Counter GmbH,Landeshauptstadt Stuttgart,607,König-Karls-Brücke Barometer,100034882,YTH16019147,9.210372161982697,48.79912609299229,(UTC+01:00) Europe/Paris DST,2013-08-05T14:00:00+02:00,68,95,na,163,33.0,0.0,na
Eco Counter GmbH,Landeshauptstadt Stuttgart,607,König-Karls-Brücke Barometer,100034882,YTH16019147,9.210372161982697,48.79912609299229,(UTC+01:00) Europe/Paris DST,2013-08-05T15:00:00+02:00,83,136,na,219,34.0,0.0,na
Eco Counter GmbH,Landeshauptstadt Stuttgart,607,König-Karls-Brücke Barometer,100034882,YTH16019147,9.210372161982697,48.79912609299229,(UTC+01:00) Europe/Paris DST,2013-08-05T16:00:00+02:00,122,178,na,300,32.0,0.0,na
Eco Counter GmbH,Landeshauptstadt Stuttgart,607,König-Karls-Brücke Barometer,100034882,YTH16019147,9.210372161982697,48.79912609299229,(UTC+01:00) Europe/Paris DST,2013-08-05T17:00:00+02:00,169,226,na,395,31.0,0.0,na
Eco Counter GmbH,Landeshauptstadt Stuttgart,607,König-Karls-Brücke Barometer,100034882,YTH16019147,9.210372161982697,48.79912609299229,(UTC+01:00) Europe/Paris DST,2013-08-05T18:00:00+02:00,173,182,na,355,30.0,0.0,na
Eco Counter GmbH,Landeshauptstadt Stuttgart,607,König-Karls-Brücke Barometer,100034882,YTH16019147,9.210372161982697,48.79912609299229,(UTC+01:00) Europe/Paris DST,2013-08-05T19:00:00+02:00,144,155,na,299,27.0,0.0,na
Eco Counter GmbH,Landeshauptstadt Stuttgart,607,König-Karls-Brücke Barometer,100034882,YTH16019147,9.210372161982697,48.79912609299229,(UTC+01:00) Europe/Paris DST,2013-08-05T20:00:00+02:00,108,123,na,231,25.0,0.0,na
Eco Counter GmbH,Landeshauptstadt Stuttgart,607,König-Karls-Brücke Barometer,100034882,YTH16019147,9.210372161982697,48.79912609299229,(UTC+01:00) Europe/Paris DST,2013-08-05T21:00:00+02:00,72,74,na,146,22.0,0.0,na
Eco Counter GmbH,Landeshauptstadt Stuttgart,607,König-Karls-Brücke Barometer,100034882,YTH16019147,9.210372161982697,48.79912609299229,(UTC+01:00) Europe/Paris DST,2013-08-05T22:00:00+02:00,26,35,na,61,21.0,0.0,na
Eco Counter GmbH,Landeshauptstadt Stuttgart,607,König-Karls-Brücke Barometer,100034882,YTH16019147,9.210372161982697,48.79912609299229,(UTC+01:00) Europe/Paris DST,2013-08-05T23:00:00+02:00,21,25,na,46,19.0,0.0,na
Eco Counter GmbH,Landeshauptstadt Stuttgart,607,König-Karls-Brücke Barometer,100034882,YTH16019147,9.210372161982697,48.79912609299229,(UTC+01:00) Europe/Paris DST,2013-08-06T00:00:00+02:00,5,5,na,10,18.0,0.0,na
Eco Counter GmbH,Landeshauptstadt Stuttgart,607,König-Karls-Brücke Barometer,100034882,YTH16019147,9.210372161982697,48.79912609299229,(UTC+01:00) Europe/Paris DST,2013-08-06T01:00:00+02:00,0,3,na,3,18.0,0.0,na
Eco Counter GmbH,Landeshauptstadt Stuttgart,607,König-Karls-Brücke Barometer,100034882,YTH16019147,9.210372161982697,48.79912609299229,(UTC+01:00) Europe/Paris DST,2013-08-06T02:00:00+02:00,1,2,na,3,18.0,0.0,na
Eco Counter GmbH,Landeshauptstadt Stuttgart,607,König-Karls-Brücke Barometer,100034882,YTH16019147,9.210372161982697,48.79912609299229,(UTC+01:00) Europe/Paris DST,2013-08-06T03:00:00+02:00,3,4,na,7,18.0,0.0,na
Eco Counter GmbH,Landeshauptstadt Stuttgart,607,König-Karls-Brücke Barometer,100034882,YTH16019147,9.210372161982697,48.79912609299229,(UTC+01:00) Europe/Paris DST,2013-08-06T04:00:00+02:00,3,2,na,5,19.0,0.0,na
Eco Counter GmbH,Landeshauptstadt Stuttgart,607,König-Karls-Brücke Barometer,100034882,YTH16019147,9.210372161982697,48.79912609299229,(UTC+01:00) Europe/Paris DST,2013-08-06T05:00:00+02:00,23,18,na,41,20.0,0.0,na
Eco Counter GmbH,Landeshauptstadt Stuttgart,607,König-Karls-Brücke Barometer,100034882,YTH16019147,9.210372161982697,48.79912609299229,(UTC+01:00) Europe/Paris DST,2013-08-06T06:00:00+02:00,74,60,na,134,21.0,0.0,na
Eco Counter GmbH,Landeshauptstadt Stuttgart,607,König-Karls-Brücke Barometer,100034882,YTH16019147,9.210372161982697,48.79912609299229,(UTC+01:00) Europe/Paris DST,2013-08-06T07:00:00+02:00,125,102,na,227,23.0,0.0,na
Eco Counter GmbH,Landeshauptstadt Stuttgart,607,König-Karls-Brücke Barometer,100034882,YTH16019147,9.210372161982697,48.79912609299229,(UTC+01:00) Europe/Paris DST,2013-08-06T08:00:00+02:00,154,104,na,258,25.0,0.0,na
Eco Counter GmbH,Landeshauptstadt Stuttgart,607,König-Karls-Brücke Barometer,100034882,YTH16019147,9.210372161982697,48.79912609299229,(UTC+01:00) Europe/Paris DST,2013-08-06T09:00:00+02:00,93,75,na,168,26.0,0.0,na
Eco Counter GmbH,Landeshauptstadt Stuttgart,607,König-Karls-Brücke Barometer,100034882,YTH16019147,9.210372161982697,48.79912609299229,(UTC+01:00) Europe/Paris DST,2013-08-06T10:00:00+02:00,91,63,na,154,28.0,0.0,na
Eco Counter GmbH,Landeshauptstadt Stuttgart,607,König-Karls-Brücke Barometer,100034882,YTH16019147,9.210372161982697,48.79912609299229,(UTC+01:00) Europe/Paris DST,2013-08-06T11:00:00+02:00,57,75,na,132,29.0,0.0,na
Eco Counter GmbH,Landeshauptstadt Stuttgart,607,König-Karls-Brücke Barometer,100034882,YTH16019147,9.210372161982697,48.79912609299229,(UTC+01:00) Europe/Paris DST,2013-08-06T12:00:00+02:00,59,121,na,180,31.0,0.0,na
Eco Counter GmbH,Landeshauptstadt Stuttgart,607,König-Karls-Brücke Barometer,100034882,YTH16019147,9.210372161982697,48.79912609299229,(UTC+01:00) Europe/Paris DST,2013-08-06T13:00:00+02:00,44,77,na,121,31.0,0.2,na
Eco Counter GmbH,Landeshauptstadt Stuttgart,607,König-Karls-Brücke Barometer,100034882,YTH16019147,9.210372161982697,48.79912609299229,(UTC+01:00) Europe/Paris DST,2013-08-06T14:00:00+02:00,76,87,na,163,31.0,0.4,na
Eco Counter GmbH,Landeshauptstadt Stuttgart,607,König-Karls-Brücke Barometer,100034882,YTH16019147,9.210372161982697,48.79912609299229,(UTC+01:00) Europe/Paris DST,2013-08-06T15:00:00+02:00,99,109,na,208,31.0,0.5,na
Eco Counter GmbH,Landeshauptstadt Stuttgart,607,König-Karls-Brücke Barometer,100034882,YTH16019147,9.210372161982697,48.79912609299229,(UTC+01:00) Europe/Paris DST,2013-08-06T16:00:00+02:00,57,88,na,145,30.0,0.4,na
Eco Counter GmbH,Landeshauptstadt Stuttgart,607,König-Karls-Brücke Barometer,100034882,YTH16019147,9.210372161982697,48.79912609299229,(UTC+01:00) Europe/Paris DST,2013-08-06T17:00:00+02:00,93,150,na,243,29.0,0.4,na
Eco Counter GmbH,Landeshauptstadt Stuttgart,607,König-Karls-Brücke Barometer,100034882,YTH16019147,9.210372161982697,48.79912609299229,(UTC+01:00) Europe/Paris DST,2013-08-06T18:00:00+02:00,91,126,na,217,28.0,0.3,na
Eco Counter GmbH,Landeshauptstadt Stuttgart,607,König-Karls-Brücke Barometer,100034882,YTH16019147,9.210372161982697,48.79912609299229,(UTC+01:00) Europe/Paris DST,2013-08-06T19:00:00+02:00,75,96,na,171,26.0,0.2,na
Eco Counter GmbH,Landeshauptstadt Stuttgart,607,König-Karls-Brücke Barometer,100034882,YTH16019147,9.210372161982697,48.79912609299229,(UTC+01:00) Europe/Paris DST,2013-08-06T20:00:00+02:00,35,87,na,122,24.0,0.2,na
Eco Counter GmbH,Landeshauptstadt Stuttgart,607,König-Karls-Brücke Barometer,100034882,YTH16019147,9.210372161982697,48.79912609299229,(UTC+01:00) Europe/Paris DST,2013-08-06T21:00:00+02:00,53,39,na,92,22.0,0.2,na
Eco Counter GmbH,Landeshauptstadt Stuttgart,607,König-Karls-Brücke Barometer,100034882,YTH16019147,9.210372161982697,48.79912609299229,(UTC+01:00) Europe/Paris DST,2013-08-06T22:00:00+02:00,13,24,na,37,21.0,0.4,na
Eco Counter GmbH,Landeshauptstadt Stuttgart,607,König-Karls-Brücke Barometer,100034882,YTH16019147,9.210372161982697,48.79912609299229,(UTC+01:00) Europe/Paris DST,2013-08-06T23:00:00+02:00,20,16,na,36,19.0,0.5,na
Eco Counter GmbH,Landeshauptstadt Stuttgart,607,König-Karls-Brücke Barometer,100034882,YTH16019147,9.210372161982697,48.79912609299229,(UTC+01:00) Europe/Paris DST,2013-08-07T00:00:00+02:00,6,12,na,18,18.0,0.7,na
Eco Counter GmbH,Landeshauptstadt Stuttgart,607,König-Karls-Brücke Barometer,100034882,YTH16019147,9.210372161982697,48.79912609299229,(UTC+01:00) Europe/Paris DST,2013-08-07T01:00:00+02:00,2,2,na,4,17.0,1.1,na
Eco Counter GmbH,Landeshauptstadt Stuttgart,607,König-Karls-Brücke Barometer,100034882,YTH16019147,9.210372161982697,48.79912609299229,(UTC+01:00) Europe/Paris DST,2013-08-07T02:00:00+02:00,0,3,na,3,17.0,1.5,na
Eco Counter GmbH,Landeshauptstadt Stuttgart,607,König-Karls-Brücke Barometer,100034882,YTH16019147,9.210372161982697,48.79912609299229,(UTC+01:00) Europe/Paris DST,2013-08-07T03:00:00+02:00,0,3,na,3,17.0,2.0,na
Eco Counter GmbH,Landeshauptstadt Stuttgart,607,König-Karls-Brücke Barometer,100034882,YTH16019147,9.210372161982697,48.79912609299229,(UTC+01:00) Europe/Paris DST,2013-08-07T04:00:00+02:00,1,1,na,2,18.0,1.7,na
Eco Counter GmbH,Landeshauptstadt Stuttgart,607,König-Karls-Brücke Barometer,100034882,YTH16019147,9.210372161982697,48.79912609299229,(UTC+01:00) Europe/Paris DST,2013-08-07T05:00:00+02:00,11,8,na,19,18.0,1.3,na
Eco Counter GmbH,Landeshauptstadt Stuttgart,607,König-Karls-Brücke Barometer,100034882,YTH16019147,9.210372161982697,48.79912609299229,(UTC+01:00) Europe/Paris DST,2013-08-07T06:00:00+02:00,40,34,na,74,19.0,1.0,na
Eco Counter GmbH,Landeshauptstadt Stuttgart,607,König-Karls-Brücke Barometer,100034882,YTH16019147,9.210372161982697,48.79912609299229,(UTC+01:00) Europe/Paris DST,2013-08-07T07:00:00+02:00,54,35,na,89,20.0,0.8,na
Eco Counter GmbH,Landeshauptstadt Stuttgart,607,König-Karls-Brücke Barometer,100034882,YTH16019147,9.210372161982697,48.79912609299229,(UTC+01:00) Europe/Paris DST,2013-08-07T08:00:00+02:00,42,45,na,87,21.0,0.6,na
Eco Counter GmbH,Landeshauptstadt Stuttgart,607,König-Karls-Brücke Barometer,100034882,YTH16019147,9.210372161982697,48.79912609299229,(UTC+01:00) Europe/Paris DST,2013-08-07T09:00:00+02:00,41,41,na,82,22.0,0.4,na
Eco Counter GmbH,Landeshauptstadt Stuttgart,607,König-Karls-Brücke Barometer,100034882,YTH16019147,9.210372161982697,48.79912609299229,(UTC+01:00) Europe/Paris DST,2013-08-07T10:00:00+02:00,49,30,na,79,25.0,0.3,na
Eco Counter GmbH,Landeshauptstadt Stuttgart,607,König-Karls-Brücke Barometer,100034882,YTH16019147,9.210372161982697,48.79912609299229,(UTC+01:00) Europe/Paris DST,2013-08-07T11:00:00+02:00,49,59,na,108,27.0,0.3,na
Eco Counter GmbH,Landeshauptstadt Stuttgart,607,König-Karls-Brücke Barometer,100034882,YTH16019147,9.210372161982697,48.79912609299229,(UTC+01:00) Europe/Paris DST,2013-08-07T12:00:00+02:00,30,48,na,78,29.0,0.2,na
Eco Counter GmbH,Landeshauptstadt Stuttgart,607,König-Karls-Brücke Barometer,100034882,YTH16019147,9.210372161982697,48.79912609299229,(UTC+01:00) Europe/Paris DST,2013-08-07T13:00:00+02:00,48,47,na,95,28.0,0.7,na
Eco Counter GmbH,Landeshauptstadt Stuttgart,607,König-Karls-Brücke Barometer,100034882,YTH16019147,9.210372161982697,48.79912609299229,(UTC+01:00) Europe/Paris DST,2013-08-07T14:00:00+02:00,54,64,na,118,27.0,1.3,na
Eco Counter GmbH,Landeshauptstadt Stuttgart,607,König-Karls-Brücke Barometer,100034882,YTH16019147,9.210372161982697,48.79912609299229,(UTC+01:00) Europe/Paris DST,2013-08-07T15:00:00+02:00,73,75,na,148,27.0,1.9,na
Eco Counter GmbH,Landeshauptstadt Stuttgart,607,König-Karls-Brücke Barometer,100034882,YTH16019147,9.210372161982697,48.79912609299229,(UTC+01:00) Europe/Paris DST,2013-08-07T16:00:00+02:00,83,104,na,187,25.0,1.7,na
Eco Counter GmbH,Landeshauptstadt Stuttgart,607,König-Karls-Brücke Barometer,100034882,YTH16019147,9.210372161982697,48.79912609299229,(UTC+01:00) Europe/Paris DST,2013-08-07T17:00:00+02:00,113,126,na,239,23.0,1.6,na
Eco Counter GmbH,Landeshauptstadt Stuttgart,607,König-Karls-Brücke Barometer,100034882,YTH16019147,9.210372161982697,48.79912609299229,(UTC+01:00) Europe/Paris DST,2013-08-07T18:00:00+02:00,70,132,na,202,21.0,1.5,na
Eco Counter GmbH,Landeshauptstadt Stuttgart,607,König-Karls-Brücke Barometer,100034882,YTH16019147,9.210372161982697,48.79912609299229,(UTC+01:00) Europe/Paris DST,2013-08-07T19:00:00+02:00,40,70,na,110,20.0,1.6,na
Eco Counter GmbH,Landeshauptstadt Stuttgart,607,König-Karls-Brücke Barometer,100034882,YTH16019147,9.210372161982697,48.79912609299229,(UTC+01:00) Europe/Paris DST,2013-08-07T20:00:00+02:00,33,50,na,83,18.0,1.7,na
Eco Counter GmbH,Landeshauptstadt Stuttgart,607,König-Karls-Brücke Barometer,100034882,YTH16019147,9.210372161982697,48.79912609299229,(UTC+01:00) Europe/Paris DST,2013-08-07T21:00:00+02:00,25,27,na,52,17.0,1.8,na
Eco Counter GmbH,Landeshauptstadt Stuttgart,607,König-Karls-Brücke Barometer,100034882,YTH16019147,9.210372161982697,48.79912609299229,(UTC+01:00) Europe/Paris DST,2013-08-07T22:00:00+02:00,14,27,na,41,17.0,1.6,na
Eco Counter GmbH,Landeshauptstadt Stuttgart,607,König-Karls-Brücke Barometer,100034882,YTH16019147,9.210372161982697,48.79912609299229,(UTC+01:00) Europe/Paris DST,2013-08-07T23:00:00+02:00,6,5,na,11,16.0,1.4,na
Eco Counter GmbH,Landeshauptstadt Stuttgart,607,König-Karls-Brücke Barometer,100034882,YTH16019147,9.210372161982697,48.79912609299229,(UTC+01:00) Europe/Paris DST,2013-08-08T00:00:00+02:00,1,5,na,6,16.0,1.2,na
Eco Counter GmbH,Landeshauptstadt Stuttgart,607,König-Karls-Brücke Barometer,100034882,YTH16019147,9.210372161982697,48.79912609299229,(UTC+01:00) Europe/Paris DST,2013-08-08T01:00:00+02:00,1,0,na,1,16.0,0.9,na
Eco Counter GmbH,Landeshauptstadt Stuttgart,607,König-Karls-Brücke Barometer,100034882,YTH16019147,9.210372161982697,48.79912609299229,(UTC+01:00) Europe/Paris DST,2013-08-08T02:00:00+02:00,0,0,na,0,16.0,0.7,na
Eco Counter GmbH,Landeshauptstadt Stuttgart,607,König-Karls-Brücke Barometer,100034882,YTH16019147,9.210372161982697,48.79912609299229,(UTC+01:00) Europe/Paris DST,2013-08-08T03:00:00+02:00,4,0,na,4,16.0,0.5,na
Eco Counter GmbH,Landeshauptstadt Stuttgart,607,König-Karls-Brücke Barometer,100034882,YTH16019147,9.210372161982697,48.79912609299229,(UTC+01:00) Europe/Paris DST,2013-08-08T04:00:00+02:00,2,0,na,2,16.0,0.4,na
Eco Counter GmbH,Landeshauptstadt Stuttgart,607,König-Karls-Brücke Barometer,100034882,YTH16019147,9.210372161982697,48.79912609299229,(UTC+01:00) Europe/Paris DST,2013-08-08T05:00:00+02:00,12,8,na,20,16.0,0.4,na
Eco Counter GmbH,Landeshauptstadt Stuttgart,607,König-Karls-Brücke Barometer,100034882,YTH16019147,9.210372161982697,48.79912609299229,(UTC+01:00) Europe/Paris DST,2013-08-08T06:00:00+02:00,55,36,na,91,16.0,0.4,na
Eco Counter GmbH,Landeshauptstadt Stuttgart,607,König-Karls-Brücke Barometer,100034882,YTH16019147,9.210372161982697,48.79912609299229,(UTC+01:00) Europe/Paris DST,2013-08-08T07:00:00+02:00,105,83,na,188,16.0,0.4,na
Eco Counter GmbH,Landeshauptstadt Stuttgart,607,König-Karls-Brücke Barometer,100034882,YTH16019147,9.210372161982697,48.79912609299229,(UTC+01:00) Europe/Paris DST,2013-08-08T08:00:00+02:00,103,80,na,183,17.0,0.4,na
Eco Counter GmbH,Landeshauptstadt Stuttgart,607,König-Karls-Brücke Barometer,100034882,YTH16019147,9.210372161982697,48.79912609299229,(UTC+01:00) Europe/Paris DST,2013-08-08T09:00:00+02:00,72,47,na,119,17.0,0.5,na
Eco Counter GmbH,Landeshauptstadt Stuttgart,607,König-Karls-Brücke Barometer,100034882,YTH16019147,9.210372161982697,48.79912609299229,(UTC+01:00) Europe/Paris DST,2013-08-08T10:00:00+02:00,61,49,na,110,18.0,0.4,na
Eco Counter GmbH,Landeshauptstadt Stuttgart,607,König-Karls-Brücke Barometer,100034882,YTH16019147,9.210372161982697,48.79912609299229,(UTC+01:00) Europe/Paris DST,2013-08-08T11:00:00+02:00,52,70,na,122,19.0,0.4,na
Eco Counter GmbH,Landeshauptstadt Stuttgart,607,König-Karls-Brücke Barometer,100034882,YTH16019147,9.210372161982697,48.79912609299229,(UTC+01:00) Europe/Paris DST,2013-08-08T12:00:00+02:00,55,61,na,116,20.0,0.3,na
Eco Counter GmbH,Landeshauptstadt Stuttgart,607,König-Karls-Brücke Barometer,100034882,YTH16019147,9.210372161982697,48.79912609299229,(UTC+01:00) Europe/Paris DST,2013-08-08T13:00:00+02:00,59,60,na,119,20.0,0.2,na
Eco Counter GmbH,Landeshauptstadt Stuttgart,607,König-Karls-Brücke Barometer,100034882,YTH16019147,9.210372161982697,48.79912609299229,(UTC+01:00) Europe/Paris DST,2013-08-08T14:00:00+02:00,38,61,na,99,21.0,0.2,na
Eco Counter GmbH,Landeshauptstadt Stuttgart,607,König-Karls-Brücke Barometer,100034882,YTH16019147,9.210372161982697,48.79912609299229,(UTC+01:00) Europe/Paris DST,2013-08-08T15:00:00+02:00,51,84,na,135,22.0,0.1,na
Eco Counter GmbH,Landeshauptstadt Stuttgart,607,König-Karls-Brücke Barometer,100034882,YTH16019147,9.210372161982697,48.79912609299229,(UTC+01:00) Europe/Paris DST,2013-08-08T16:00:00+02:00,80,84,na,164,21.0,0.1,na
Eco Counter GmbH,Landeshauptstadt Stuttgart,607,König-Karls-Brücke Barometer,100034882,YTH16019147,9.210372161982697,48.79912609299229,(UTC+01:00) Europe/Paris DST,2013-08-08T17:00:00+02:00,118,160,na,278,21.0,0.1,na
Eco Counter GmbH,Landeshauptstadt Stuttgart,607,König-Karls-Brücke Barometer,100034882,YTH16019147,9.210372161982697,48.79912609299229,(UTC+01:00) Europe/Paris DST,2013-08-08T18:00:00+02:00,82,127,na,209,20.0,0.1,na
Eco Counter GmbH,Landeshauptstadt Stuttgart,607,König-Karls-Brücke Barometer,100034882,YTH16019147,9.210372161982697,48.79912609299229,(UTC+01:00) Europe/Paris DST,2013-08-08T19:00:00+02:00,54,69,na,123,19.0,0.1,na
Eco Counter GmbH,Landeshauptstadt Stuttgart,607,König-Karls-Brücke Barometer,100034882,YTH16019147,9.210372161982697,48.79912609299229,(UTC+01:00) Europe/Paris DST,2013-08-08T20:00:00+02:00,35,61,na,96,18.0,0.1,na
Eco Counter GmbH,Landeshauptstadt Stuttgart,607,König-Karls-Brücke Barometer,100034882,YTH16019147,9.210372161982697,48.79912609299229,(UTC+01:00) Europe/Paris DST,2013-08-08T21:00:00+02:00,35,30,na,65,17.0,0.0,na
Eco Counter GmbH,Landeshauptstadt Stuttgart,607,König-Karls-Brücke Barometer,100034882,YTH16019147,9.210372161982697,48.79912609299229,(UTC+01:00) Europe/Paris DST,2013-08-08T22:00:00+02:00,20,25,na,45,16.0,0.2,na
Eco Counter GmbH,Landeshauptstadt Stuttgart,607,König-Karls-Brücke Barometer,100034882,YTH16019147,9.210372161982697,48.79912609299229,(UTC+01:00) Europe/Paris DST,2013-08-08T23:00:00+02:00,3,15,na,18,16.0,0.4,na
Eco Counter GmbH,Landeshauptstadt Stuttgart,607,König-Karls-Brücke Barometer,100034882,YTH16019147,9.210372161982697,48.79912609299229,(UTC+01:00) Europe/Paris DST,2013-08-09T00:00:00+02:00,3,11,na,14,15.0,0.5,na
Eco Counter GmbH,Landeshauptstadt Stuttgart,607,König-Karls-Brücke Barometer,100034882,YTH16019147,9.210372161982697,48.79912609299229,(UTC+01:00) Europe/Paris DST,2013-08-09T01:00:00+02:00,2,3,na,5,15.0,0.7,na
Eco Counter GmbH,Landeshauptstadt Stuttgart,607,König-Karls-Brücke Barometer,100034882,YTH16019147,9.210372161982697,48.79912609299229,(UTC+01:00) Europe/Paris DST,2013-08-09T02:00:00+02:00,1,0,na,1,15.0,0.8,na
Eco Counter GmbH,Landeshauptstadt Stuttgart,607,König-Karls-Brücke Barometer,100034882,YTH16019147,9.210372161982697,48.79912609299229,(UTC+01:00) Europe/Paris DST,2013-08-09T03:00:00+02:00,2,0,na,2,15.0,1.0,na
Eco Counter GmbH,Landeshauptstadt Stuttgart,607,König-Karls-Brücke Barometer,100034882,YTH16019147,9.210372161982697,48.79912609299229,(UTC+01:00) Europe/Paris DST,2013-08-09T04:00:00+02:00,6,2,na,8,15.0,0.9,na
Eco Counter GmbH,Landeshauptstadt Stuttgart,607,König-Karls-Brücke Barometer,100034882,YTH16019147,9.210372161982697,48.79912609299229,(UTC+01:00) Europe/Paris DST,2013-08-09T05:00:00+02:00,10,8,na,18,15.0,0.8,na
Eco Counter GmbH,Landeshauptstadt Stuttgart,607,König-Karls-Brücke Barometer,100034882,YTH16019147,9.210372161982697,48.79912609299229,(UTC+01:00) Europe/Paris DST,2013-08-09T06:00:00+02:00,35,14,na,49,15.0,0.7,na
Eco Counter GmbH,Landeshauptstadt Stuttgart,607,König-Karls-Brücke Barometer,100034882,YTH16019147,9.210372161982697,48.79912609299229,(UTC+01:00) Europe/Paris DST,2013-08-09T07:00:00+02:00,49,40,na,89,16.0,0.5,na
Eco Counter GmbH,Landeshauptstadt Stuttgart,607,König-Karls-Brücke Barometer,100034882,YTH16019147,9.210372161982697,48.79912609299229,(UTC+01:00) Europe/Paris DST,2013-08-09T08:00:00+02:00,60,60,na,120,17.0,0.4,na
Eco Counter GmbH,Landeshauptstadt Stuttgart,607,König-Karls-Brücke Barometer,100034882,YTH16019147,9.210372161982697,48.79912609299229,(UTC+01:00) Europe/Paris DST,2013-08-09T09:00:00+02:00,34,48,na,82,18.0,0.2,na
Eco Counter GmbH,Landeshauptstadt Stuttgart,607,König-Karls-Brücke Barometer,100034882,YTH16019147,9.210372161982697,48.79912609299229,(UTC+01:00) Europe/Paris DST,2013-08-09T10:00:00+02:00,44,52,na,96,19.0,0.2,na
Eco Counter GmbH,Landeshauptstadt Stuttgart,607,König-Karls-Brücke Barometer,100034882,YTH16019147,9.210372161982697,48.79912609299229,(UTC+01:00) Europe/Paris DST,2013-08-09T11:00:00+02:00,60,57,na,117,20.0,0.1,na
Eco Counter GmbH,Landeshauptstadt Stuttgart,607,König-Karls-Brücke Barometer,100034882,YTH16019147,9.210372161982697,48.79912609299229,(UTC+01:00) Europe/Paris DST,2013-08-09T12:00:00+02:00,47,49,na,96,22.0,0.0,na
Eco Counter GmbH,Landeshauptstadt Stuttgart,607,König-Karls-Brücke Barometer,100034882,YTH16019147,9.210372161982697,48.79912609299229,(UTC+01:00) Europe/Paris DST,2013-08-09T13:00:00+02:00,43,62,na,105,22.0,0.0,na
Eco Counter GmbH,Landeshauptstadt Stuttgart,607,König-Karls-Brücke Barometer,100034882,YTH16019147,9.210372161982697,48.79912609299229,(UTC+01:00) Europe/Paris DST,2013-08-09T14:00:00+02:00,48,76,na,124,22.0,0.0,na
Eco Counter GmbH,Landeshauptstadt Stuttgart,607,König-Karls-Brücke Barometer,100034882,YTH16019147,9.210372161982697,48.79912609299229,(UTC+01:00) Europe/Paris DST,2013-08-09T15:00:00+02:00,77,79,na,156,23.0,0.0,na
Eco Counter GmbH,Landeshauptstadt Stuttgart,607,König-Karls-Brücke Barometer,100034882,YTH16019147,9.210372161982697,48.79912609299229,(UTC+01:00) Europe/Paris DST,2013-08-09T16:00:00+02:00,74,96,na,170,22.0,0.0,na
Eco Counter GmbH,Landeshauptstadt Stuttgart,607,König-Karls-Brücke Barometer,100034882,YTH16019147,9.210372161982697,48.79912609299229,(UTC+01:00) Europe/Paris DST,2013-08-09T17:00:00+02:00,89,137,na,226,21.0,0.0,na
Eco Counter GmbH,Landeshauptstadt Stuttgart,607,König-Karls-Brücke Barometer,100034882,YTH16019147,9.210372161982697,48.79912609299229,(UTC+01:00) Europe/Paris DST,2013-08-09T18:00:00+02:00,74,106,na,180,21.0,0.0,na
Eco Counter GmbH,Landeshauptstadt Stuttgart,607,König-Karls-Brücke Barometer,100034882,YTH16019147,9.210372161982697,48.79912609299229,(UTC+01:00) Europe/Paris DST,2013-08-09T19:00:00+02:00,72,126,na,198,19.0,0.0,na
Eco Counter GmbH,Landeshauptstadt Stuttgart,607,König-Karls-Brücke Barometer,100034882,YTH16019147,9.210372161982697,48.79912609299229,(UTC+01:00) Europe/Paris DST,2013-08-09T20:00:00+02:00,44,52,na,96,17.0,0.0,na
Eco Counter GmbH,Landeshauptstadt Stuttgart,607,König-Karls-Brücke Barometer,100034882,YTH16019147,9.210372161982697,48.79912609299229,(UTC+01:00) Europe/Paris DST,2013-08-09T21:00:00+02:00,40,30,na,70,15.0,0.0,na
Eco Counter GmbH,Landeshauptstadt Stuttgart,607,König-Karls-Brücke Barometer,100034882,YTH16019147,9.210372161982697,48.79912609299229,(UTC+01:00) Europe/Paris DST,2013-08-09T22:00:00+02:00,25,30,na,55,14.0,0.0,na
Eco Counter GmbH,Landeshauptstadt Stuttgart,607,König-Karls-Brücke Barometer,100034882,YTH16019147,9.210372161982697,48.79912609299229,(UTC+01:00) Europe/Paris DST,2013-08-09T23:00:00+02:00,15,12,na,27,13.0,0.0,na
Eco Counter GmbH,Landeshauptstadt Stuttgart,607,König-Karls-Brücke Barometer,100034882,YTH16019147,9.210372161982697,48.79912609299229,(UTC+01:00) Europe/Paris DST,2013-08-10T00:00:00+02:00,1,5,na,6,12.0,0.0,na
Eco Counter GmbH,Landeshauptstadt Stuttgart,607,König-Karls-Brücke Barometer,100034882,YTH16019147,9.210372161982697,48.79912609299229,(UTC+01:00) Europe/Paris DST,2013-08-10T01:00:00+02:00,2,9,na,11,12.0,0.0,na
Eco Counter GmbH,Landeshauptstadt Stuttgart,607,König-Karls-Brücke Barometer,100034882,YTH16019147,9.210372161982697,48.79912609299229,(UTC+01:00) Europe/Paris DST,2013-08-10T02:00:00+02:00,4,4,na,8,11.0,0.0,na
Eco Counter GmbH,Landeshauptstadt Stuttgart,607,König-Karls-Brücke Barometer,100034882,YTH16019147,9.210372161982697,48.79912609299229,(UTC+01:00) Europe/Paris DST,2013-08-10T03:00:00+02:00,0,2,na,2,11.0,0.0,na
Eco Counter GmbH,Landeshauptstadt Stuttgart,607,König-Karls-Brücke Barometer,100034882,YTH16019147,9.210372161982697,48.79912609299229,(UTC+01:00) Europe/Paris DST,2013-08-10T04:00:00+02:00,3,2,na,5,12.0,0.0,na
Eco Counter GmbH,Landeshauptstadt Stuttgart,607,König-Karls-Brücke Barometer,100034882,YTH16019147,9.210372161982697,48.79912609299229,(UTC+01:00) Europe/Paris DST,2013-08-10T05:00:00+02:00,8,3,na,11,13.0,0.0,na
Eco Counter GmbH,Landeshauptstadt Stuttgart,607,König-Karls-Brücke Barometer,100034882,YTH16019147,9.210372161982697,48.79912609299229,(UTC+01:00) Europe/Paris DST,2013-08-10T06:00:00+02:00,14,5,na,19,13.0,0.0,na
Eco Counter GmbH,Landeshauptstadt Stuttgart,607,König-Karls-Brücke Barometer,100034882,YTH16019147,9.210372161982697,48.79912609299229,(UTC+01:00) Europe/Paris DST,2013-08-10T07:00:00+02:00,17,13,na,30,15.0,0.0,na
Eco Counter GmbH,Landeshauptstadt Stuttgart,607,König-Karls-Brücke Barometer,100034882,YTH16019147,9.210372161982697,48.79912609299229,(UTC+01:00) Europe/Paris DST,2013-08-10T08:00:00+02:00,27,36,na,63,17.0,0.0,na
Eco Counter GmbH,Landeshauptstadt Stuttgart,607,König-Karls-Brücke Barometer,100034882,YTH16019147,9.210372161982697,48.79912609299229,(UTC+01:00) Europe/Paris DST,2013-08-10T09:00:00+02:00,36,40,na,76,19.0,0.0,na
Eco Counter GmbH,Landeshauptstadt Stuttgart,607,König-Karls-Brücke Barometer,100034882,YTH16019147,9.210372161982697,48.79912609299229,(UTC+01:00) Europe/Paris DST,2013-08-10T10:00:00+02:00,53,79,na,132,21.0,0.0,na
Eco Counter GmbH,Landeshauptstadt Stuttgart,607,König-Karls-Brücke Barometer,100034882,YTH16019147,9.210372161982697,48.79912609299229,(UTC+01:00) Europe/Paris DST,2013-08-10T11:00:00+02:00,100,93,na,193,22.0,0.1,na
Eco Counter GmbH,Landeshauptstadt Stuttgart,607,König-Karls-Brücke Barometer,100034882,YTH16019147,9.210372161982697,48.79912609299229,(UTC+01:00) Europe/Paris DST,2013-08-10T12:00:00+02:00,112,99,na,211,23.0,0.1,na
Eco Counter GmbH,Landeshauptstadt Stuttgart,607,König-Karls-Brücke Barometer,100034882,YTH16019147,9.210372161982697,48.79912609299229,(UTC+01:00) Europe/Paris DST,2013-08-10T13:00:00+02:00,97,118,na,215,24.0,0.2,na
Eco Counter GmbH,Landeshauptstadt Stuttgart,607,König-Karls-Brücke Barometer,100034882,YTH16019147,9.210372161982697,48.79912609299229,(UTC+01:00) Europe/Paris DST,2013-08-10T14:00:00+02:00,147,122,na,269,24.0,0.2,na
Eco Counter GmbH,Landeshauptstadt Stuttgart,607,König-Karls-Brücke Barometer,100034882,YTH16019147,9.210372161982697,48.79912609299229,(UTC+01:00) Europe/Paris DST,2013-08-10T15:00:00+02:00,124,135,na,259,24.0,0.2,na
Eco Counter GmbH,Landeshauptstadt Stuttgart,607,König-Karls-Brücke Barometer,100034882,YTH16019147,9.210372161982697,48.79912609299229,(UTC+01:00) Europe/Paris DST,2013-08-10T16:00:00+02:00,128,125,na,253,23.0,0.2,na
Eco Counter GmbH,Landeshauptstadt Stuttgart,607,König-Karls-Brücke Barometer,100034882,YTH16019147,9.210372161982697,48.79912609299229,(UTC+01:00) Europe/Paris DST,2013-08-10T17:00:00+02:00,122,172,na,294,23.0,0.1,na
Eco Counter GmbH,Landeshauptstadt Stuttgart,607,König-Karls-Brücke Barometer,100034882,YTH16019147,9.210372161982697,48.79912609299229,(UTC+01:00) Europe/Paris DST,2013-08-10T18:00:00+02:00,105,139,na,244,22.0,0.1,na
Eco Counter GmbH,Landeshauptstadt Stuttgart,607,König-Karls-Brücke Barometer,100034882,YTH16019147,9.210372161982697,48.79912609299229,(UTC+01:00) Europe/Paris DST,2013-08-10T19:00:00+02:00,85,104,na,189,20.0,0.0,na
Eco Counter GmbH,Landeshauptstadt Stuttgart,607,König-Karls-Brücke Barometer,100034882,YTH16019147,9.210372161982697,48.79912609299229,(UTC+01:00) Europe/Paris DST,2013-08-10T20:00:00+02:00,59,70,na,129,18.0,0.0,na
Eco Counter GmbH,Landeshauptstadt Stuttgart,607,König-Karls-Brücke Barometer,100034882,YTH16019147,9.210372161982697,48.79912609299229,(UTC+01:00) Europe/Paris DST,2013-08-10T21:00:00+02:00,38,30,na,68,16.0,0.0,na
Eco Counter GmbH,Landeshauptstadt Stuttgart,607,König-Karls-Brücke Barometer,100034882,YTH16019147,9.210372161982697,48.79912609299229,(UTC+01:00) Europe/Paris DST,2013-08-10T22:00:00+02:00,28,21,na,49,14.0,0.0,na
Eco Counter GmbH,Landeshauptstadt Stuttgart,607,König-Karls-Brücke Barometer,100034882,YTH16019147,9.210372161982697,48.79912609299229,(UTC+01:00) Europe/Paris DST,2013-08-10T23:00:00+02:00,10,21,na,31,13.0,0.0,na
Eco Counter GmbH,Landeshauptstadt Stuttgart,607,König-Karls-Brücke Barometer,100034882,YTH16019147,9.210372161982697,48.79912609299229,(UTC+01:00) Europe/Paris DST,2013-08-11T00:00:00+02:00,12,18,na,30,12.0,0.0,na
Eco Counter GmbH,Landeshauptstadt Stuttgart,607,König-Karls-Brücke Barometer,100034882,YTH16019147,9.210372161982697,48.79912609299229,(UTC+01:00) Europe/Paris DST,2013-08-11T01:00:00+02:00,7,11,na,18,11.0,0.0,na
Eco Counter GmbH,Landeshauptstadt Stuttgart,607,König-Karls-Brücke Barometer,100034882,YTH16019147,9.210372161982697,48.79912609299229,(UTC+01:00) Europe/Paris DST,2013-08-11T02:00:00+02:00,6,7,na,13,10.0,0.0,na
Eco Counter GmbH,Landeshauptstadt Stuttgart,607,König-Karls-Brücke Barometer,100034882,YTH16019147,9.210372161982697,48.79912609299229,(UTC+01:00) Europe/Paris DST,2013-08-11T03:00:00+02:00,1,9,na,10,10.0,0.0,na
Eco Counter GmbH,Landeshauptstadt Stuttgart,607,König-Karls-Brücke Barometer,100034882,YTH16019147,9.210372161982697,48.79912609299229,(UTC+01:00) Europe/Paris DST,2013-08-11T04:00:00+02:00,1,4,na,5,11.0,0.0,na
Eco Counter GmbH,Landeshauptstadt Stuttgart,607,König-Karls-Brücke Barometer,100034882,YTH16019147,9.210372161982697,48.79912609299229,(UTC+01:00) Europe/Paris DST,2013-08-11T05:00:00+02:00,5,5,na,10,11.0,0.0,na
Eco Counter GmbH,Landeshauptstadt Stuttgart,607,König-Karls-Brücke Barometer,100034882,YTH16019147,9.210372161982697,48.79912609299229,(UTC+01:00) Europe/Paris DST,2013-08-11T06:00:00+02:00,6,3,na,9,12.0,0.0,na
Eco Counter GmbH,Landeshauptstadt Stuttgart,607,König-Karls-Brücke Barometer,100034882,YTH16019147,9.210372161982697,48.79912609299229,(UTC+01:00) Europe/Paris DST,2013-08-11T07:00:00+02:00,8,13,na,21,14.0,0.0,na
Eco Counter GmbH,Landeshauptstadt Stuttgart,607,König-Karls-Brücke Barometer,100034882,YTH16019147,9.210372161982697,48.79912609299229,(UTC+01:00) Europe/Paris DST,2013-08-11T08:00:00+02:00,16,19,na,35,16.0,0.0,na
Eco Counter GmbH,Landeshauptstadt Stuttgart,607,König-Karls-Brücke Barometer,100034882,YTH16019147,9.210372161982697,48.79912609299229,(UTC+01:00) Europe/Paris DST,2013-08-11T09:00:00+02:00,43,62,na,105,18.0,0.0,na
Eco Counter GmbH,Landeshauptstadt Stuttgart,607,König-Karls-Brücke Barometer,100034882,YTH16019147,9.210372161982697,48.79912609299229,(UTC+01:00) Europe/Paris DST,2013-08-11T10:00:00+02:00,79,96,na,175,19.0,0.0,na
Eco Counter GmbH,Landeshauptstadt Stuttgart,607,König-Karls-Brücke Barometer,100034882,YTH16019147,9.210372161982697,48.79912609299229,(UTC+01:00) Europe/Paris DST,2013-08-11T11:00:00+02:00,147,144,na,291,20.0,0.1,na
Eco Counter GmbH,Landeshauptstadt Stuttgart,607,König-Karls-Brücke Barometer,100034882,YTH16019147,9.210372161982697,48.79912609299229,(UTC+01:00) Europe/Paris DST,2013-08-11T12:00:00+02:00,169,181,na,350,21.0,0.1,na
Eco Counter GmbH,Landeshauptstadt Stuttgart,607,König-Karls-Brücke Barometer,100034882,YTH16019147,9.210372161982697,48.79912609299229,(UTC+01:00) Europe/Paris DST,2013-08-11T13:00:00+02:00,135,229,na,364,21.0,0.1,na
Eco Counter GmbH,Landeshauptstadt Stuttgart,607,König-Karls-Brücke Barometer,100034882,YTH16019147,9.210372161982697,48.79912609299229,(UTC+01:00) Europe/Paris DST,2013-08-11T14:00:00+02:00,180,220,na,400,22.0,0.1,na
Eco Counter GmbH,Landeshauptstadt Stuttgart,607,König-Karls-Brücke Barometer,100034882,YTH16019147,9.210372161982697,48.79912609299229,(UTC+01:00) Europe/Paris DST,2013-08-11T15:00:00+02:00,180,185,na,365,22.0,0.1,na
Eco Counter GmbH,Landeshauptstadt Stuttgart,607,König-Karls-Brücke Barometer,100034882,YTH16019147,9.210372161982697,48.79912609299229,(UTC+01:00) Europe/Paris DST,2013-08-11T16:00:00+02:00,191,178,na,369,22.0,0.0,na
Eco Counter GmbH,Landeshauptstadt Stuttgart,607,König-Karls-Brücke Barometer,100034882,YTH16019147,9.210372161982697,48.79912609299229,(UTC+01:00) Europe/Paris DST,2013-08-11T17:00:00+02:00,182,131,na,313,21.0,0.0,na
Eco Counter GmbH,Landeshauptstadt Stuttgart,607,König-Karls-Brücke Barometer,100034882,YTH16019147,9.210372161982697,48.79912609299229,(UTC+01:00) Europe/Paris DST,2013-08-11T18:00:00+02:00,185,117,na,302,20.0,0.0,na
Eco Counter GmbH,Landeshauptstadt Stuttgart,607,König-Karls-Brücke Barometer,100034882,YTH16019147,9.210372161982697,48.79912609299229,(UTC+01:00) Europe/Paris DST,2013-08-11T19:00:00+02:00,106,102,na,208,18.0,0.0,na
Eco Counter GmbH,Landeshauptstadt Stuttgart,607,König-Karls-Brücke Barometer,100034882,YTH16019147,9.210372161982697,48.79912609299229,(UTC+01:00) Europe/Paris DST,2013-08-11T20:00:00+02:00,80,68,na,148,16.0,0.0,na
Eco Counter GmbH,Landeshauptstadt Stuttgart,607,König-Karls-Brücke Barometer,100034882,YTH16019147,9.210372161982697,48.79912609299229,(UTC+01:00) Europe/Paris DST,2013-08-11T21:00:00+02:00,49,36,na,85,14.0,0.0,na
Eco Counter GmbH,Landeshauptstadt Stuttgart,607,König-Karls-Brücke Barometer,100034882,YTH16019147,9.210372161982697,48.79912609299229,(UTC+01:00) Europe/Paris DST,2013-08-11T22:00:00+02:00,35,22,na,57,13.0,0.0,na
Eco Counter GmbH,Landeshauptstadt Stuttgart,607,König-Karls-Brücke Barometer,100034882,YTH16019147,9.210372161982697,48.79912609299229,(UTC+01:00) Europe/Paris DST,2013-08-11T23:00:00+02:00,31,9,na,40,12.0,0.0,na
Eco Counter GmbH,Landeshauptstadt Stuttgart,607,König-Karls-Brücke Barometer,100034882,YTH16019147,9.210372161982697,48.79912609299229,(UTC+01:00) Europe/Paris DST,2013-08-12T00:00:00+02:00,7,4,na,11,11.0,0.0,na
Eco Counter GmbH,Landeshauptstadt Stuttgart,607,König-Karls-Brücke Barometer,100034882,YTH16019147,9.210372161982697,48.79912609299229,(UTC+01:00) Europe/Paris DST,2013-08-12T01:00:00+02:00,4,4,na,8,10.0,0.0,na
Eco Counter GmbH,Landeshauptstadt Stuttgart,607,König-Karls-Brücke Barometer,100034882,YTH16019147,9.210372161982697,48.79912609299229,(UTC+01:00) Europe/Paris DST,2013-08-12T02:00:00+02:00,3,2,na,5,10.0,0.0,na
Eco Counter GmbH,Landeshauptstadt Stuttgart,607,König-Karls-Brücke Barometer,100034882,YTH16019147,9.210372161982697,48.79912609299229,(UTC+01:00) Europe/Paris DST,2013-08-12T03:00:00+02:00,1,2,na,3,10.0,0.0,na
Eco Counter GmbH,Landeshauptstadt Stuttgart,607,König-Karls-Brücke Barometer,100034882,YTH16019147,9.210372161982697,48.79912609299229,(UTC+01:00) Europe/Paris DST,2013-08-12T04:00:00+02:00,7,4,na,11,11.0,0.0,na
Eco Counter GmbH,Landeshauptstadt Stuttgart,607,König-Karls-Brücke Barometer,100034882,YTH16019147,9.210372161982697,48.79912609299229,(UTC+01:00) Europe/Paris DST,2013-08-12T05:00:00+02:00,15,13,na,28,12.0,0.0,na
Eco Counter GmbH,Landeshauptstadt Stuttgart,607,König-Karls-Brücke Barometer,100034882,YTH16019147,9.210372161982697,48.79912609299229,(UTC+01:00) Europe/Paris DST,2013-08-12T06:00:00+02:00,64,28,na,92,13.0,0.0,na
Eco Counter GmbH,Landeshauptstadt Stuttgart,607,König-Karls-Brücke Barometer,100034882,YTH16019147,9.210372161982697,48.79912609299229,(UTC+01:00) Europe/Paris DST,2013-08-12T07:00:00+02:00,119,77,na,196,15.0,0.0,na
Eco Counter GmbH,Landeshauptstadt Stuttgart,607,König-Karls-Brücke Barometer,100034882,YTH16019147,9.210372161982697,48.79912609299229,(UTC+01:00) Europe/Paris DST,2013-08-12T08:00:00+02:00,110,83,na,193,18.0,0.0,na
Eco Counter GmbH,Landeshauptstadt Stuttgart,607,König-Karls-Brücke Barometer,100034882,YTH16019147,9.210372161982697,48.79912609299229,(UTC+01:00) Europe/Paris DST,2013-08-12T09:00:00+02:00,93,81,na,174,20.0,0.0,na
Eco Counter GmbH,Landeshauptstadt Stuttgart,607,König-Karls-Brücke Barometer,100034882,YTH16019147,9.210372161982697,48.79912609299229,(UTC+01:00) Europe/Paris DST,2013-08-12T10:00:00+02:00,63,78,na,141,21.0,0.0,na
Eco Counter GmbH,Landeshauptstadt Stuttgart,607,König-Karls-Brücke Barometer,100034882,YTH16019147,9.210372161982697,48.79912609299229,(UTC+01:00) Europe/Paris DST,2013-08-12T11:00:00+02:00,62,77,na,139,22.0,0.0,na
Eco Counter GmbH,Landeshauptstadt Stuttgart,607,König-Karls-Brücke Barometer,100034882,YTH16019147,9.210372161982697,48.79912609299229,(UTC+01:00) Europe/Paris DST,2013-08-12T12:00:00+02:00,75,78,na,153,23.0,0.0,na
Eco Counter GmbH,Landeshauptstadt Stuttgart,607,König-Karls-Brücke Barometer,100034882,YTH16019147,9.210372161982697,48.79912609299229,(UTC+01:00) Europe/Paris DST,2013-08-12T13:00:00+02:00,64,91,na,155,23.0,0.0,na
Eco Counter GmbH,Landeshauptstadt Stuttgart,607,König-Karls-Brücke Barometer,100034882,YTH16019147,9.210372161982697,48.79912609299229,(UTC+01:00) Europe/Paris DST,2013-08-12T14:00:00+02:00,81,86,na,167,23.0,0.0,na
Eco Counter GmbH,Landeshauptstadt Stuttgart,607,König-Karls-Brücke Barometer,100034882,YTH16019147,9.210372161982697,48.79912609299229,(UTC+01:00) Europe/Paris DST,2013-08-12T15:00:00+02:00,77,126,na,203,23.0,0.0,na
Eco Counter GmbH,Landeshauptstadt Stuttgart,607,König-Karls-Brücke Barometer,100034882,YTH16019147,9.210372161982697,48.79912609299229,(UTC+01:00) Europe/Paris DST,2013-08-12T16:00:00+02:00,113,141,na,254,22.0,0.0,na
Eco Counter GmbH,Landeshauptstadt Stuttgart,607,König-Karls-Brücke Barometer,100034882,YTH16019147,9.210372161982697,48.79912609299229,(UTC+01:00) Europe/Paris DST,2013-08-12T17:00:00+02:00,158,175,na,333,22.0,0.1,na
Eco Counter GmbH,Landeshauptstadt Stuttgart,607,König-Karls-Brücke Barometer,100034882,YTH16019147,9.210372161982697,48.79912609299229,(UTC+01:00) Europe/Paris DST,2013-08-12T18:00:00+02:00,113,177,na,290,21.0,0.1,na
Eco Counter GmbH,Landeshauptstadt Stuttgart,607,König-Karls-Brücke Barometer,100034882,YTH16019147,9.210372161982697,48.79912609299229,(UTC+01:00) Europe/Paris DST,2013-08-12T19:00:00+02:00,82,162,na,244,19.0,0.2,na
Eco Counter GmbH,Landeshauptstadt Stuttgart,607,König-Karls-Brücke Barometer,100034882,YTH16019147,9.210372161982697,48.79912609299229,(UTC+01:00) Europe/Paris DST,2013-08-12T20:00:00+02:00,88,102,na,190,17.0,0.3,na
Eco Counter GmbH,Landeshauptstadt Stuttgart,607,König-Karls-Brücke Barometer,100034882,YTH16019147,9.210372161982697,48.79912609299229,(UTC+01:00) Europe/Paris DST,2013-08-12T21:00:00+02:00,32,37,na,69,15.0,0.3,na
Eco Counter GmbH,Landeshauptstadt Stuttgart,607,König-Karls-Brücke Barometer,100034882,YTH16019147,9.210372161982697,48.79912609299229,(UTC+01:00) Europe/Paris DST,2013-08-12T22:00:00+02:00,9,10,na,19,14.0,0.6,na
Eco Counter GmbH,Landeshauptstadt Stuttgart,607,König-Karls-Brücke Barometer,100034882,YTH16019147,9.210372161982697,48.79912609299229,(UTC+01:00) Europe/Paris DST,2013-08-12T23:00:00+02:00,6,11,na,17,13.0,1.0,na
Eco Counter GmbH,Landeshauptstadt Stuttgart,607,König-Karls-Brücke Barometer,100034882,YTH16019147,9.210372161982697,48.79912609299229,(UTC+01:00) Europe/Paris DST,2013-08-13T00:00:00+02:00,2,3,na,5,12.0,1.3,na
Eco Counter GmbH,Landeshauptstadt Stuttgart,607,König-Karls-Brücke Barometer,100034882,YTH16019147,9.210372161982697,48.79912609299229,(UTC+01:00) Europe/Paris DST,2013-08-13T01:00:00+02:00,3,4,na,7,12.0,1.0,na
Eco Counter GmbH,Landeshauptstadt Stuttgart,607,König-Karls-Brücke Barometer,100034882,YTH16019147,9.210372161982697,48.79912609299229,(UTC+01:00) Europe/Paris DST,2013-08-13T02:00:00+02:00,1,1,na,2,12.0,0.8,na
Eco Counter GmbH,Landeshauptstadt Stuttgart,607,König-Karls-Brücke Barometer,100034882,YTH16019147,9.210372161982697,48.79912609299229,(UTC+01:00) Europe/Paris DST,2013-08-13T03:00:00+02:00,2,4,na,6,12.0,0.6,na
Eco Counter GmbH,Landeshauptstadt Stuttgart,607,König-Karls-Brücke Barometer,100034882,YTH16019147,9.210372161982697,48.79912609299229,(UTC+01:00) Europe/Paris DST,2013-08-13T04:00:00+02:00,3,1,na,4,12.0,0.4,na
Eco Counter GmbH,Landeshauptstadt Stuttgart,607,König-Karls-Brücke Barometer,100034882,YTH16019147,9.210372161982697,48.79912609299229,(UTC+01:00) Europe/Paris DST,2013-08-13T05:00:00+02:00,12,16,na,28,13.0,0.2,na
Eco Counter GmbH,Landeshauptstadt Stuttgart,607,König-Karls-Brücke Barometer,100034882,YTH16019147,9.210372161982697,48.79912609299229,(UTC+01:00) Europe/Paris DST,2013-08-13T06:00:00+02:00,65,45,na,110,13.0,0.0,na
Eco Counter GmbH,Landeshauptstadt Stuttgart,607,König-Karls-Brücke Barometer,100034882,YTH16019147,9.210372161982697,48.79912609299229,(UTC+01:00) Europe/Paris DST,2013-08-13T07:00:00+02:00,115,98,na,213,14.0,0.1,na
Eco Counter GmbH,Landeshauptstadt Stuttgart,607,König-Karls-Brücke Barometer,100034882,YTH16019147,9.210372161982697,48.79912609299229,(UTC+01:00) Europe/Paris DST,2013-08-13T08:00:00+02:00,132,88,na,220,15.0,0.2,na
Eco Counter GmbH,Landeshauptstadt Stuttgart,607,König-Karls-Brücke Barometer,100034882,YTH16019147,9.210372161982697,48.79912609299229,(UTC+01:00) Europe/Paris DST,2013-08-13T09:00:00+02:00,66,61,na,127,16.0,0.3,na
Eco Counter GmbH,Landeshauptstadt Stuttgart,607,König-Karls-Brücke Barometer,100034882,YTH16019147,9.210372161982697,48.79912609299229,(UTC+01:00) Europe/Paris DST,2013-08-13T10:00:00+02:00,52,62,na,114,17.0,0.3,na
Eco Counter GmbH,Landeshauptstadt Stuttgart,607,König-Karls-Brücke Barometer,100034882,YTH16019147,9.210372161982697,48.79912609299229,(UTC+01:00) Europe/Paris DST,2013-08-13T11:00:00+02:00,57,80,na,137,18.0,0.3,na
Eco Counter GmbH,Landeshauptstadt Stuttgart,607,König-Karls-Brücke Barometer,100034882,YTH16019147,9.210372161982697,48.79912609299229,(UTC+01:00) Europe/Paris DST,2013-08-13T12:00:00+02:00,91,79,na,170,19.0,0.3,na
Eco Counter GmbH,Landeshauptstadt Stuttgart,607,König-Karls-Brücke Barometer,100034882,YTH16019147,9.210372161982697,48.79912609299229,(UTC+01:00) Europe/Paris DST,2013-08-13T13:00:00+02:00,63,71,na,134,20.0,0.2,na
Eco Counter GmbH,Landeshauptstadt Stuttgart,607,König-Karls-Brücke Barometer,100034882,YTH16019147,9.210372161982697,48.79912609299229,(UTC+01:00) Europe/Paris DST,2013-08-13T14:00:00+02:00,67,68,na,135,20.0,0.1,na
Eco Counter GmbH,Landeshauptstadt Stuttgart,607,König-Karls-Brücke Barometer,100034882,YTH16019147,9.210372161982697,48.79912609299229,(UTC+01:00) Europe/Paris DST,2013-08-13T15:00:00+02:00,66,103,na,169,21.0,0.1,na
Eco Counter GmbH,Landeshauptstadt Stuttgart,607,König-Karls-Brücke Barometer,100034882,YTH16019147,9.210372161982697,48.79912609299229,(UTC+01:00) Europe/Paris DST,2013-08-13T16:00:00+02:00,142,159,na,301,20.0,0.0,na
Eco Counter GmbH,Landeshauptstadt Stuttgart,607,König-Karls-Brücke Barometer,100034882,YTH16019147,9.210372161982697,48.79912609299229,(UTC+01:00) Europe/Paris DST,2013-08-13T17:00:00+02:00,113,197,na,310,19.0,0.0,na
Eco Counter GmbH,Landeshauptstadt Stuttgart,607,König-Karls-Brücke Barometer,100034882,YTH16019147,9.210372161982697,48.79912609299229,(UTC+01:00) Europe/Paris DST,2013-08-13T18:00:00+02:00,114,191,na,305,19.0,0.0,na
Eco Counter GmbH,Landeshauptstadt Stuttgart,607,König-Karls-Brücke Barometer,100034882,YTH16019147,9.210372161982697,48.79912609299229,(UTC+01:00) Europe/Paris DST,2013-08-13T19:00:00+02:00,96,105,na,201,17.0,0.0,na
Eco Counter GmbH,Landeshauptstadt Stuttgart,607,König-Karls-Brücke Barometer,100034882,YTH16019147,9.210372161982697,48.79912609299229,(UTC+01:00) Europe/Paris DST,2013-08-13T20:00:00+02:00,61,75,na,136,16.0,0.0,na
Eco Counter GmbH,Landeshauptstadt Stuttgart,607,König-Karls-Brücke Barometer,100034882,YTH16019147,9.210372161982697,48.79912609299229,(UTC+01:00) Europe/Paris DST,2013-08-13T21:00:00+02:00,49,53,na,102,14.0,0.0,na
Eco Counter GmbH,Landeshauptstadt Stuttgart,607,König-Karls-Brücke Barometer,100034882,YTH16019147,9.210372161982697,48.79912609299229,(UTC+01:00) Europe/Paris DST,2013-08-13T22:00:00+02:00,12,16,na,28,13.0,0.0,na
Eco Counter GmbH,Landeshauptstadt Stuttgart,607,König-Karls-Brücke Barometer,100034882,YTH16019147,9.210372161982697,48.79912609299229,(UTC+01:00) Europe/Paris DST,2013-08-13T23:00:00+02:00,14,12,na,26,11.0,0.0,na
Eco Counter GmbH,Landeshauptstadt Stuttgart,607,König-Karls-Brücke Barometer,100034882,YTH16019147,9.210372161982697,48.79912609299229,(UTC+01:00) Europe/Paris DST,2013-08-14T00:00:00+02:00,0,9,na,9,10.0,0.0,na
Eco Counter GmbH,Landeshauptstadt Stuttgart,607,König-Karls-Brücke Barometer,100034882,YTH16019147,9.210372161982697,48.79912609299229,(UTC+01:00) Europe/Paris DST,2013-08-14T01:00:00+02:00,1,8,na,9,9.0,0.0,na
Eco Counter GmbH,Landeshauptstadt Stuttgart,607,König-Karls-Brücke Barometer,100034882,YTH16019147,9.210372161982697,48.79912609299229,(UTC+01:00) Europe/Paris DST,2013-08-14T02:00:00+02:00,0,1,na,1,8.0,0.0,na
Eco Counter GmbH,Landeshauptstadt Stuttgart,607,König-Karls-Brücke Barometer,100034882,YTH16019147,9.210372161982697,48.79912609299229,(UTC+01:00) Europe/Paris DST,2013-08-14T03:00:00+02:00,2,3,na,5,7.0,0.0,na
Eco Counter GmbH,Landeshauptstadt Stuttgart,607,König-Karls-Brücke Barometer,100034882,YTH16019147,9.210372161982697,48.79912609299229,(UTC+01:00) Europe/Paris DST,2013-08-14T04:00:00+02:00,5,1,na,6,8.0,0.0,na
Eco Counter GmbH,Landeshauptstadt Stuttgart,607,König-Karls-Brücke Barometer,100034882,YTH16019147,9.210372161982697,48.79912609299229,(UTC+01:00) Europe/Paris DST,2013-08-14T05:00:00+02:00,18,16,na,34,9.0,0.0,na
Eco Counter GmbH,Landeshauptstadt Stuttgart,607,König-Karls-Brücke Barometer,100034882,YTH16019147,9.210372161982697,48.79912609299229,(UTC+01:00) Europe/Paris DST,2013-08-14T06:00:00+02:00,62,53,na,115,10.0,0.0,na
Eco Counter GmbH,Landeshauptstadt Stuttgart,607,König-Karls-Brücke Barometer,100034882,YTH16019147,9.210372161982697,48.79912609299229,(UTC+01:00) Europe/Paris DST,2013-08-14T07:00:00+02:00,124,83,na,207,12.0,0.0,na
Eco Counter GmbH,Landeshauptstadt Stuttgart,607,König-Karls-Brücke Barometer,100034882,YTH16019147,9.210372161982697,48.79912609299229,(UTC+01:00) Europe/Paris DST,2013-08-14T08:00:00+02:00,136,104,na,240,14.0,0.0,na
Eco Counter GmbH,Landeshauptstadt Stuttgart,607,König-Karls-Brücke Barometer,100034882,YTH16019147,9.210372161982697,48.79912609299229,(UTC+01:00) Europe/Paris DST,2013-08-14T09:00:00+02:00,85,89,na,174,17.0,0.0,na
Eco Counter GmbH,Landeshauptstadt Stuttgart,607,König-Karls-Brücke Barometer,100034882,YTH16019147,9.210372161982697,48.79912609299229,(UTC+01:00) Europe/Paris DST,2013-08-14T10:00:00+02:00,70,67,na,137,18.0,0.0,na
Eco Counter GmbH,Landeshauptstadt Stuttgart,607,König-Karls-Brücke Barometer,100034882,YTH16019147,9.210372161982697,48.79912609299229,(UTC+01:00) Europe/Paris DST,2013-08-14T11:00:00+02:00,100,71,na,171,19.0,0.0,na
Eco Counter GmbH,Landeshauptstadt Stuttgart,607,König-Karls-Brücke Barometer,100034882,YTH16019147,9.210372161982697,48.79912609299229,(UTC+01:00) Europe/Paris DST,2013-08-14T12:00:00+02:00,83,76,na,159,20.0,0.0,na
Eco Counter GmbH,Landeshauptstadt Stuttgart,607,König-Karls-Brücke Barometer,100034882,YTH16019147,9.210372161982697,48.79912609299229,(UTC+01:00) Europe/Paris DST,2013-08-14T13:00:00+02:00,62,101,na,163,21.0,0.0,na
Eco Counter GmbH,Landeshauptstadt Stuttgart,607,König-Karls-Brücke Barometer,100034882,YTH16019147,9.210372161982697,48.79912609299229,(UTC+01:00) Europe/Paris DST,2013-08-14T14:00:00+02:00,74,80,na,154,21.0,0.0,na
Eco Counter GmbH,Landeshauptstadt Stuttgart,607,König-Karls-Brücke Barometer,100034882,YTH16019147,9.210372161982697,48.79912609299229,(UTC+01:00) Europe/Paris DST,2013-08-14T15:00:00+02:00,77,89,na,166,21.0,0.0,na
Eco Counter GmbH,Landeshauptstadt Stuttgart,607,König-Karls-Brücke Barometer,100034882,YTH16019147,9.210372161982697,48.79912609299229,(UTC+01:00) Europe/Paris DST,2013-08-14T16:00:00+02:00,110,177,na,287,20.0,0.0,na
Eco Counter GmbH,Landeshauptstadt Stuttgart,607,König-Karls-Brücke Barometer,100034882,YTH16019147,9.210372161982697,48.79912609299229,(UTC+01:00) Europe/Paris DST,2013-08-14T17:00:00+02:00,158,202,na,360,19.0,0.0,na
Eco Counter GmbH,Landeshauptstadt Stuttgart,607,König-Karls-Brücke Barometer,100034882,YTH16019147,9.210372161982697,48.79912609299229,(UTC+01:00) Europe/Paris DST,2013-08-14T18:00:00+02:00,122,201,na,323,19.0,0.0,na
Eco Counter GmbH,Landeshauptstadt Stuttgart,607,König-Karls-Brücke Barometer,100034882,YTH16019147,9.210372161982697,48.79912609299229,(UTC+01:00) Europe/Paris DST,2013-08-14T19:00:00+02:00,97,147,na,244,16.0,0.0,na
Eco Counter GmbH,Landeshauptstadt Stuttgart,607,König-Karls-Brücke Barometer,100034882,YTH16019147,9.210372161982697,48.79912609299229,(UTC+01:00) Europe/Paris DST,2013-08-14T20:00:00+02:00,79,95,na,174,14.0,0.0,na
Eco Counter GmbH,Landeshauptstadt Stuttgart,607,König-Karls-Brücke Barometer,100034882,YTH16019147,9.210372161982697,48.79912609299229,(UTC+01:00) Europe/Paris DST,2013-08-14T21:00:00+02:00,51,39,na,90,12.0,0.0,na
Eco Counter GmbH,Landeshauptstadt Stuttgart,607,König-Karls-Brücke Barometer,100034882,YTH16019147,9.210372161982697,48.79912609299229,(UTC+01:00) Europe/Paris DST,2013-08-14T22:00:00+02:00,20,33,na,53,10.0,0.0,na
Eco Counter GmbH,Landeshauptstadt Stuttgart,607,König-Karls-Brücke Barometer,100034882,YTH16019147,9.210372161982697,48.79912609299229,(UTC+01:00) Europe/Paris DST,2013-08-14T23:00:00+02:00,16,17,na,33,9.0,0.0,na
Eco Counter GmbH,Landeshauptstadt Stuttgart,607,König-Karls-Brücke Barometer,100034882,YTH16019147,9.210372161982697,48.79912609299229,(UTC+01:00) Europe/Paris DST,2013-08-15T00:00:00+02:00,4,4,na,8,8.0,0.0,na
Eco Counter GmbH,Landeshauptstadt Stuttgart,607,König-Karls-Brücke Barometer,100034882,YTH16019147,9.210372161982697,48.79912609299229,(UTC+01:00) Europe/Paris DST,2013-08-15T01:00:00+02:00,0,2,na,2,8.0,0.0,na
Eco Counter GmbH,Landeshauptstadt Stuttgart,607,König-Karls-Brücke Barometer,100034882,YTH16019147,9.210372161982697,48.79912609299229,(UTC+01:00) Europe/Paris DST,2013-08-15T02:00:00+02:00,0,3,na,3,8.0,0.0,na
Eco Counter GmbH,Landeshauptstadt Stuttgart,607,König-Karls-Brücke Barometer,100034882,YTH16019147,9.210372161982697,48.79912609299229,(UTC+01:00) Europe/Paris DST,2013-08-15T03:00:00+02:00,2,4,na,6,8.0,0.0,na
Eco Counter GmbH,Landeshauptstadt Stuttgart,607,König-Karls-Brücke Barometer,100034882,YTH16019147,9.210372161982697,48.79912609299229,(UTC+01:00) Europe/Paris DST,2013-08-15T04:00:00+02:00,2,3,na,5,9.0,0.0,na
Eco Counter GmbH,Landeshauptstadt Stuttgart,607,König-Karls-Brücke Barometer,100034882,YTH16019147,9.210372161982697,48.79912609299229,(UTC+01:00) Europe/Paris DST,2013-08-15T05:00:00+02:00,21,12,na,33,10.0,0.0,na
Eco Counter GmbH,Landeshauptstadt Stuttgart,607,König-Karls-Brücke Barometer,100034882,YTH16019147,9.210372161982697,48.79912609299229,(UTC+01:00) Europe/Paris DST,2013-08-15T06:00:00+02:00,55,38,na,93,11.0,0.0,na
Eco Counter GmbH,Landeshauptstadt Stuttgart,607,König-Karls-Brücke Barometer,100034882,YTH16019147,9.210372161982697,48.79912609299229,(UTC+01:00) Europe/Paris DST,2013-08-15T07:00:00+02:00,128,95,na,223,14.0,0.0,na
Eco Counter GmbH,Landeshauptstadt Stuttgart,607,König-Karls-Brücke Barometer,100034882,YTH16019147,9.210372161982697,48.79912609299229,(UTC+01:00) Europe/Paris DST,2013-08-15T08:00:00+02:00,129,89,na,218,16.0,0.0,na
Eco Counter GmbH,Landeshauptstadt Stuttgart,607,König-Karls-Brücke Barometer,100034882,YTH16019147,9.210372161982697,48.79912609299229,(UTC+01:00) Europe/Paris DST,2013-08-15T09:00:00+02:00,75,73,na,148,18.0,0.0,na
Eco Counter GmbH,Landeshauptstadt Stuttgart,607,König-Karls-Brücke Barometer,100034882,YTH16019147,9.210372161982697,48.79912609299229,(UTC+01:00) Europe/Paris DST,2013-08-15T10:00:00+02:00,52,70,na,122,19.0,0.0,na
Eco Counter GmbH,Landeshauptstadt Stuttgart,607,König-Karls-Brücke Barometer,100034882,YTH16019147,9.210372161982697,48.79912609299229,(UTC+01:00) Europe/Paris DST,2013-08-15T11:00:00+02:00,105,90,na,195,21.0,0.0,na
Eco Counter GmbH,Landeshauptstadt Stuttgart,607,König-Karls-Brücke Barometer,100034882,YTH16019147,9.210372161982697,48.79912609299229,(UTC+01:00) Europe/Paris DST,2013-08-15T12:00:00+02:00,91,78,na,169,23.0,0.0,na
Eco Counter GmbH,Landeshauptstadt Stuttgart,607,König-Karls-Brücke Barometer,100034882,YTH16019147,9.210372161982697,48.79912609299229,(UTC+01:00) Europe/Paris DST,2013-08-15T13:00:00+02:00,72,78,na,150,23.0,0.0,na
Eco Counter GmbH,Landeshauptstadt Stuttgart,607,König-Karls-Brücke Barometer,100034882,YTH16019147,9.210372161982697,48.79912609299229,(UTC+01:00) Europe/Paris DST,2013-08-15T14:00:00+02:00,99,103,na,202,24.0,0.0,na
Eco Counter GmbH,Landeshauptstadt Stuttgart,607,König-Karls-Brücke Barometer,100034882,YTH16019147,9.210372161982697,48.79912609299229,(UTC+01:00) Europe/Paris DST,2013-08-15T15:00:00+02:00,108,136,na,244,24.0,0.0,na
Eco Counter GmbH,Landeshauptstadt Stuttgart,607,König-Karls-Brücke Barometer,100034882,YTH16019147,9.210372161982697,48.79912609299229,(UTC+01:00) Europe/Paris DST,2013-08-15T16:00:00+02:00,139,184,na,323,23.0,0.0,na
Eco Counter GmbH,Landeshauptstadt Stuttgart,607,König-Karls-Brücke Barometer,100034882,YTH16019147,9.210372161982697,48.79912609299229,(UTC+01:00) Europe/Paris DST,2013-08-15T17:00:00+02:00,169,249,na,418,21.0,0.0,na
Eco Counter GmbH,Landeshauptstadt Stuttgart,607,König-Karls-Brücke Barometer,100034882,YTH16019147,9.210372161982697,48.79912609299229,(UTC+01:00) Europe/Paris DST,2013-08-15T18:00:00+02:00,123,173,na,296,20.0,0.0,na
Eco Counter GmbH,Landeshauptstadt Stuttgart,607,König-Karls-Brücke Barometer,100034882,YTH16019147,9.210372161982697,48.79912609299229,(UTC+01:00) Europe/Paris DST,2013-08-15T19:00:00+02:00,101,164,na,265,18.0,0.0,na
Eco Counter GmbH,Landeshauptstadt Stuttgart,607,König-Karls-Brücke Barometer,100034882,YTH16019147,9.210372161982697,48.79912609299229,(UTC+01:00) Europe/Paris DST,2013-08-15T20:00:00+02:00,90,113,na,203,16.0,0.0,na
Eco Counter GmbH,Landeshauptstadt Stuttgart,607,König-Karls-Brücke Barometer,100034882,YTH16019147,9.210372161982697,48.79912609299229,(UTC+01:00) Europe/Paris DST,2013-08-15T21:00:00+02:00,52,58,na,110,14.0,0.0,na
Eco Counter GmbH,Landeshauptstadt Stuttgart,607,König-Karls-Brücke Barometer,100034882,YTH16019147,9.210372161982697,48.79912609299229,(UTC+01:00) Europe/Paris DST,2013-08-15T22:00:00+02:00,28,44,na,72,13.0,0.0,na
Eco Counter GmbH,Landeshauptstadt Stuttgart,607,König-Karls-Brücke Barometer,100034882,YTH16019147,9.210372161982697,48.79912609299229,(UTC+01:00) Europe/Paris DST,2013-08-15T23:00:00+02:00,21,25,na,46,12.0,0.0,na
Eco Counter GmbH,Landeshauptstadt Stuttgart,607,König-Karls-Brücke Barometer,100034882,YTH16019147,9.210372161982697,48.79912609299229,(UTC+01:00) Europe/Paris DST,2013-08-16T00:00:00+02:00,9,9,na,18,11.0,0.0,na
Eco Counter GmbH,Landeshauptstadt Stuttgart,607,König-Karls-Brücke Barometer,100034882,YTH16019147,9.210372161982697,48.79912609299229,(UTC+01:00) Europe/Paris DST,2013-08-16T01:00:00+02:00,5,4,na,9,11.0,0.0,na
Eco Counter GmbH,Landeshauptstadt Stuttgart,607,König-Karls-Brücke Barometer,100034882,YTH16019147,9.210372161982697,48.79912609299229,(UTC+01:00) Europe/Paris DST,2013-08-16T02:00:00+02:00,2,4,na,6,10.0,0.0,na
Eco Counter GmbH,Landeshauptstadt Stuttgart,607,König-Karls-Brücke Barometer,100034882,YTH16019147,9.210372161982697,48.79912609299229,(UTC+01:00) Europe/Paris DST,2013-08-16T03:00:00+02:00,3,4,na,7,10.0,0.0,na
Eco Counter GmbH,Landeshauptstadt Stuttgart,607,König-Karls-Brücke Barometer,100034882,YTH16019147,9.210372161982697,48.79912609299229,(UTC+01:00) Europe/Paris DST,2013-08-16T04:00:00+02:00,4,1,na,5,11.0,0.0,na
Eco Counter GmbH,Landeshauptstadt Stuttgart,607,König-Karls-Brücke Barometer,100034882,YTH16019147,9.210372161982697,48.79912609299229,(UTC+01:00) Europe/Paris DST,2013-08-16T05:00:00+02:00,19,5,na,24,12.0,0.0,na
Eco Counter GmbH,Landeshauptstadt Stuttgart,607,König-Karls-Brücke Barometer,100034882,YTH16019147,9.210372161982697,48.79912609299229,(UTC+01:00) Europe/Paris DST,2013-08-16T06:00:00+02:00,44,49,na,93,12.0,0.0,na
Eco Counter GmbH,Landeshauptstadt Stuttgart,607,König-Karls-Brücke Barometer,100034882,YTH16019147,9.210372161982697,48.79912609299229,(UTC+01:00) Europe/Paris DST,2013-08-16T07:00:00+02:00,96,72,na,168,15.0,0.0,na
Eco Counter GmbH,Landeshauptstadt Stuttgart,607,König-Karls-Brücke Barometer,100034882,YTH16019147,9.210372161982697,48.79912609299229,(UTC+01:00) Europe/Paris DST,2013-08-16T08:00:00+02:00,120,84,na,204,18.0,0.0,na
Eco Counter GmbH,Landeshauptstadt Stuttgart,607,König-Karls-Brücke Barometer,100034882,YTH16019147,9.210372161982697,48.79912609299229,(UTC+01:00) Europe/Paris DST,2013-08-16T09:00:00+02:00,65,68,na,133,21.0,0.0,na
Eco Counter GmbH,Landeshauptstadt Stuttgart,607,König-Karls-Brücke Barometer,100034882,YTH16019147,9.210372161982697,48.79912609299229,(UTC+01:00) Europe/Paris DST,2013-08-16T10:00:00+02:00,67,73,na,140,24.0,0.0,na
Eco Counter GmbH,Landeshauptstadt Stuttgart,607,König-Karls-Brücke Barometer,100034882,YTH16019147,9.210372161982697,48.79912609299229,(UTC+01:00) Europe/Paris DST,2013-08-16T11:00:00+02:00,60,65,na,125,26.0,0.0,na
Eco Counter GmbH,Landeshauptstadt Stuttgart,607,König-Karls-Brücke Barometer,100034882,YTH16019147,9.210372161982697,48.79912609299229,(UTC+01:00) Europe/Paris DST,2013-08-16T12:00:00+02:00,89,74,na,163,29.0,0.0,na
Eco Counter GmbH,Landeshauptstadt Stuttgart,607,König-Karls-Brücke Barometer,100034882,YTH16019147,9.210372161982697,48.79912609299229,(UTC+01:00) Europe/Paris DST,2013-08-16T13:00:00+02:00,97,116,na,213,30.0,0.0,na
Eco Counter GmbH,Landeshauptstadt Stuttgart,607,König-Karls-Brücke Barometer,100034882,YTH16019147,9.210372161982697,48.79912609299229,(UTC+01:00) Europe/Paris DST,2013-08-16T14:00:00+02:00,117,118,na,235,31.0,0.0,na
Eco Counter GmbH,Landeshauptstadt Stuttgart,607,König-Karls-Brücke Barometer,100034882,YTH16019147,9.210372161982697,48.79912609299229,(UTC+01:00) Europe/Paris DST,2013-08-16T15:00:00+02:00,117,143,na,260,32.0,0.0,na
Eco Counter GmbH,Landeshauptstadt Stuttgart,607,König-Karls-Brücke Barometer,100034882,YTH16019147,9.210372161982697,48.79912609299229,(UTC+01:00) Europe/Paris DST,2013-08-16T16:00:00+02:00,125,140,na,265,30.0,0.0,na
Eco Counter GmbH,Landeshauptstadt Stuttgart,607,König-Karls-Brücke Barometer,100034882,YTH16019147,9.210372161982697,48.79912609299229,(UTC+01:00) Europe/Paris DST,2013-08-16T17:00:00+02:00,157,193,na,350,27.0,0.0,na
Eco Counter GmbH,Landeshauptstadt Stuttgart,607,König-Karls-Brücke Barometer,100034882,YTH16019147,9.210372161982697,48.79912609299229,(UTC+01:00) Europe/Paris DST,2013-08-16T18:00:00+02:00,124,139,na,263,25.0,0.0,na
Eco Counter GmbH,Landeshauptstadt Stuttgart,607,König-Karls-Brücke Barometer,100034882,YTH16019147,9.210372161982697,48.79912609299229,(UTC+01:00) Europe/Paris DST,2013-08-16T19:00:00+02:00,71,94,na,165,22.0,0.0,na
Eco Counter GmbH,Landeshauptstadt Stuttgart,607,König-Karls-Brücke Barometer,100034882,YTH16019147,9.210372161982697,48.79912609299229,(UTC+01:00) Europe/Paris DST,2013-08-16T20:00:00+02:00,61,109,na,170,19.0,0.0,na
Eco Counter GmbH,Landeshauptstadt Stuttgart,607,König-Karls-Brücke Barometer,100034882,YTH16019147,9.210372161982697,48.79912609299229,(UTC+01:00) Europe/Paris DST,2013-08-16T21:00:00+02:00,55,55,na,110,16.0,0.0,na
Eco Counter GmbH,Landeshauptstadt Stuttgart,607,König-Karls-Brücke Barometer,100034882,YTH16019147,9.210372161982697,48.79912609299229,(UTC+01:00) Europe/Paris DST,2013-08-16T22:00:00+02:00,27,25,na,52,15.0,0.0,na
Eco Counter GmbH,Landeshauptstadt Stuttgart,607,König-Karls-Brücke Barometer,100034882,YTH16019147,9.210372161982697,48.79912609299229,(UTC+01:00) Europe/Paris DST,2013-08-16T23:00:00+02:00,24,14,na,38,14.0,0.0,na
Eco Counter GmbH,Landeshauptstadt Stuttgart,607,König-Karls-Brücke Barometer,100034882,YTH16019147,9.210372161982697,48.79912609299229,(UTC+01:00) Europe/Paris DST,2013-08-17T00:00:00+02:00,7,17,na,24,13.0,0.0,na
Eco Counter GmbH,Landeshauptstadt Stuttgart,607,König-Karls-Brücke Barometer,100034882,YTH16019147,9.210372161982697,48.79912609299229,(UTC+01:00) Europe/Paris DST,2013-08-17T01:00:00+02:00,3,7,na,10,12.0,0.0,na
Eco Counter GmbH,Landeshauptstadt Stuttgart,607,König-Karls-Brücke Barometer,100034882,YTH16019147,9.210372161982697,48.79912609299229,(UTC+01:00) Europe/Paris DST,2013-08-17T02:00:00+02:00,2,7,na,9,12.0,0.0,na
Eco Counter GmbH,Landeshauptstadt Stuttgart,607,König-Karls-Brücke Barometer,100034882,YTH16019147,9.210372161982697,48.79912609299229,(UTC+01:00) Europe/Paris DST,2013-08-17T03:00:00+02:00,4,7,na,11,12.0,0.0,na
Eco Counter GmbH,Landeshauptstadt Stuttgart,607,König-Karls-Brücke Barometer,100034882,YTH16019147,9.210372161982697,48.79912609299229,(UTC+01:00) Europe/Paris DST,2013-08-17T04:00:00+02:00,0,4,na,4,13.0,0.0,na
Eco Counter GmbH,Landeshauptstadt Stuttgart,607,König-Karls-Brücke Barometer,100034882,YTH16019147,9.210372161982697,48.79912609299229,(UTC+01:00) Europe/Paris DST,2013-08-17T05:00:00+02:00,6,2,na,8,15.0,0.0,na
Eco Counter GmbH,Landeshauptstadt Stuttgart,607,König-Karls-Brücke Barometer,100034882,YTH16019147,9.210372161982697,48.79912609299229,(UTC+01:00) Europe/Paris DST,2013-08-17T06:00:00+02:00,6,11,na,17,16.0,0.0,na
Eco Counter GmbH,Landeshauptstadt Stuttgart,607,König-Karls-Brücke Barometer,100034882,YTH16019147,9.210372161982697,48.79912609299229,(UTC+01:00) Europe/Paris DST,2013-08-17T07:00:00+02:00,16,11,na,27,18.0,0.0,na
Eco Counter GmbH,Landeshauptstadt Stuttgart,607,König-Karls-Brücke Barometer,100034882,YTH16019147,9.210372161982697,48.79912609299229,(UTC+01:00) Europe/Paris DST,2013-08-17T08:00:00+02:00,17,28,na,45,21.0,0.0,na
Eco Counter GmbH,Landeshauptstadt Stuttgart,607,König-Karls-Brücke Barometer,100034882,YTH16019147,9.210372161982697,48.79912609299229,(UTC+01:00) Europe/Paris DST,2013-08-17T09:00:00+02:00,42,64,na,106,24.0,0.0,na
Eco Counter GmbH,Landeshauptstadt Stuttgart,607,König-Karls-Brücke Barometer,100034882,YTH16019147,9.210372161982697,48.79912609299229,(UTC+01:00) Europe/Paris DST,2013-08-17T10:00:00+02:00,77,68,na,145,25.0,0.0,na
Eco Counter GmbH,Landeshauptstadt Stuttgart,607,König-Karls-Brücke Barometer,100034882,YTH16019147,9.210372161982697,48.79912609299229,(UTC+01:00) Europe/Paris DST,2013-08-17T11:00:00+02:00,81,122,na,203,27.0,0.0,na
Eco Counter GmbH,Landeshauptstadt Stuttgart,607,König-Karls-Brücke Barometer,100034882,YTH16019147,9.210372161982697,48.79912609299229,(UTC+01:00) Europe/Paris DST,2013-08-17T12:00:00+02:00,101,133,na,234,29.0,0.0,na
Eco Counter GmbH,Landeshauptstadt Stuttgart,607,König-Karls-Brücke Barometer,100034882,YTH16019147,9.210372161982697,48.79912609299229,(UTC+01:00) Europe/Paris DST,2013-08-17T13:00:00+02:00,106,111,na,217,30.0,0.0,na
Eco Counter GmbH,Landeshauptstadt Stuttgart,607,König-Karls-Brücke Barometer,100034882,YTH16019147,9.210372161982697,48.79912609299229,(UTC+01:00) Europe/Paris DST,2013-08-17T14:00:00+02:00,109,178,na,287,30.0,0.0,na
Eco Counter GmbH,Landeshauptstadt Stuttgart,607,König-Karls-Brücke Barometer,100034882,YTH16019147,9.210372161982697,48.79912609299229,(UTC+01:00) Europe/Paris DST,2013-08-17T15:00:00+02:00,103,139,na,242,31.0,0.0,na
Eco Counter GmbH,Landeshauptstadt Stuttgart,607,König-Karls-Brücke Barometer,100034882,YTH16019147,9.210372161982697,48.79912609299229,(UTC+01:00) Europe/Paris DST,2013-08-17T16:00:00+02:00,107,103,na,210,29.0,0.0,na
Eco Counter GmbH,Landeshauptstadt Stuttgart,607,König-Karls-Brücke Barometer,100034882,YTH16019147,9.210372161982697,48.79912609299229,(UTC+01:00) Europe/Paris DST,2013-08-17T17:00:00+02:00,204,116,na,320,27.0,0.0,na
Eco Counter GmbH,Landeshauptstadt Stuttgart,607,König-Karls-Brücke Barometer,100034882,YTH16019147,9.210372161982697,48.79912609299229,(UTC+01:00) Europe/Paris DST,2013-08-17T18:00:00+02:00,130,108,na,238,25.0,0.0,na
Eco Counter GmbH,Landeshauptstadt Stuttgart,607,König-Karls-Brücke Barometer,100034882,YTH16019147,9.210372161982697,48.79912609299229,(UTC+01:00) Europe/Paris DST,2013-08-17T19:00:00+02:00,113,97,na,210,23.0,0.0,na
Eco Counter GmbH,Landeshauptstadt Stuttgart,607,König-Karls-Brücke Barometer,100034882,YTH16019147,9.210372161982697,48.79912609299229,(UTC+01:00) Europe/Paris DST,2013-08-17T20:00:00+02:00,78,72,na,150,20.0,0.0,na
Eco Counter GmbH,Landeshauptstadt Stuttgart,607,König-Karls-Brücke Barometer,100034882,YTH16019147,9.210372161982697,48.79912609299229,(UTC+01:00) Europe/Paris DST,2013-08-17T21:00:00+02:00,48,46,na,94,17.0,0.0,na
Eco Counter GmbH,Landeshauptstadt Stuttgart,607,König-Karls-Brücke Barometer,100034882,YTH16019147,9.210372161982697,48.79912609299229,(UTC+01:00) Europe/Paris DST,2013-08-17T22:00:00+02:00,21,25,na,46,16.0,0.0,na
Eco Counter GmbH,Landeshauptstadt Stuttgart,607,König-Karls-Brücke Barometer,100034882,YTH16019147,9.210372161982697,48.79912609299229,(UTC+01:00) Europe/Paris DST,2013-08-17T23:00:00+02:00,22,16,na,38,15.0,0.0,na
Eco Counter GmbH,Landeshauptstadt Stuttgart,607,König-Karls-Brücke Barometer,100034882,YTH16019147,9.210372161982697,48.79912609299229,(UTC+01:00) Europe/Paris DST,2013-08-18T00:00:00+02:00,6,15,na,21,14.0,0.0,na
Eco Counter GmbH,Landeshauptstadt Stuttgart,607,König-Karls-Brücke Barometer,100034882,YTH16019147,9.210372161982697,48.79912609299229,(UTC+01:00) Europe/Paris DST,2013-08-18T01:00:00+02:00,2,8,na,10,14.0,0.0,na
Eco Counter GmbH,Landeshauptstadt Stuttgart,607,König-Karls-Brücke Barometer,100034882,YTH16019147,9.210372161982697,48.79912609299229,(UTC+01:00) Europe/Paris DST,2013-08-18T02:00:00+02:00,3,5,na,8,14.0,0.0,na
Eco Counter GmbH,Landeshauptstadt Stuttgart,607,König-Karls-Brücke Barometer,100034882,YTH16019147,9.210372161982697,48.79912609299229,(UTC+01:00) Europe/Paris DST,2013-08-18T03:00:00+02:00,4,10,na,14,15.0,0.0,na
Eco Counter GmbH,Landeshauptstadt Stuttgart,607,König-Karls-Brücke Barometer,100034882,YTH16019147,9.210372161982697,48.79912609299229,(UTC+01:00) Europe/Paris DST,2013-08-18T04:00:00+02:00,4,5,na,9,16.0,0.0,na
Eco Counter GmbH,Landeshauptstadt Stuttgart,607,König-Karls-Brücke Barometer,100034882,YTH16019147,9.210372161982697,48.79912609299229,(UTC+01:00) Europe/Paris DST,2013-08-18T05:00:00+02:00,3,5,na,8,17.0,0.0,na
Eco Counter GmbH,Landeshauptstadt Stuttgart,607,König-Karls-Brücke Barometer,100034882,YTH16019147,9.210372161982697,48.79912609299229,(UTC+01:00) Europe/Paris DST,2013-08-18T06:00:00+02:00,4,11,na,15,18.0,0.0,na
Eco Counter GmbH,Landeshauptstadt Stuttgart,607,König-Karls-Brücke Barometer,100034882,YTH16019147,9.210372161982697,48.79912609299229,(UTC+01:00) Europe/Paris DST,2013-08-18T07:00:00+02:00,4,14,na,18,20.0,0.0,na
Eco Counter GmbH,Landeshauptstadt Stuttgart,607,König-Karls-Brücke Barometer,100034882,YTH16019147,9.210372161982697,48.79912609299229,(UTC+01:00) Europe/Paris DST,2013-08-18T08:00:00+02:00,16,32,na,48,21.0,0.0,na
Eco Counter GmbH,Landeshauptstadt Stuttgart,607,König-Karls-Brücke Barometer,100034882,YTH16019147,9.210372161982697,48.79912609299229,(UTC+01:00) Europe/Paris DST,2013-08-18T09:00:00+02:00,46,52,na,98,23.0,0.0,na
Eco Counter GmbH,Landeshauptstadt Stuttgart,607,König-Karls-Brücke Barometer,100034882,YTH16019147,9.210372161982697,48.79912609299229,(UTC+01:00) Europe/Paris DST,2013-08-18T10:00:00+02:00,82,87,na,169,25.0,0.0,na
Eco Counter GmbH,Landeshauptstadt Stuttgart,607,König-Karls-Brücke Barometer,100034882,YTH16019147,9.210372161982697,48.79912609299229,(UTC+01:00) Europe/Paris DST,2013-08-18T11:00:00+02:00,83,130,na,213,26.0,0.0,na
Eco Counter GmbH,Landeshauptstadt Stuttgart,607,König-Karls-Brücke Barometer,100034882,YTH16019147,9.210372161982697,48.79912609299229,(UTC+01:00) Europe/Paris DST,2013-08-18T12:00:00+02:00,146,127,na,273,28.0,0.0,na
Eco Counter GmbH,Landeshauptstadt Stuttgart,607,König-Karls-Brücke Barometer,100034882,YTH16019147,9.210372161982697,48.79912609299229,(UTC+01:00) Europe/Paris DST,2013-08-18T13:00:00+02:00,133,161,na,294,28.0,0.0,na
Eco Counter GmbH,Landeshauptstadt Stuttgart,607,König-Karls-Brücke Barometer,100034882,YTH16019147,9.210372161982697,48.79912609299229,(UTC+01:00) Europe/Paris DST,2013-08-18T14:00:00+02:00,158,161,na,319,29.0,0.0,na
Eco Counter GmbH,Landeshauptstadt Stuttgart,607,König-Karls-Brücke Barometer,100034882,YTH16019147,9.210372161982697,48.79912609299229,(UTC+01:00) Europe/Paris DST,2013-08-18T15:00:00+02:00,161,137,na,298,29.0,0.0,na
Eco Counter GmbH,Landeshauptstadt Stuttgart,607,König-Karls-Brücke Barometer,100034882,YTH16019147,9.210372161982697,48.79912609299229,(UTC+01:00) Europe/Paris DST,2013-08-18T16:00:00+02:00,182,157,na,339,28.0,0.0,na
Eco Counter GmbH,Landeshauptstadt Stuttgart,607,König-Karls-Brücke Barometer,100034882,YTH16019147,9.210372161982697,48.79912609299229,(UTC+01:00) Europe/Paris DST,2013-08-18T17:00:00+02:00,128,135,na,263,26.0,0.0,na
Eco Counter GmbH,Landeshauptstadt Stuttgart,607,König-Karls-Brücke Barometer,100034882,YTH16019147,9.210372161982697,48.79912609299229,(UTC+01:00) Europe/Paris DST,2013-08-18T18:00:00+02:00,111,98,na,209,25.0,0.0,na
Eco Counter GmbH,Landeshauptstadt Stuttgart,607,König-Karls-Brücke Barometer,100034882,YTH16019147,9.210372161982697,48.79912609299229,(UTC+01:00) Europe/Paris DST,2013-08-18T19:00:00+02:00,55,42,na,97,22.0,0.0,na
Eco Counter GmbH,Landeshauptstadt Stuttgart,607,König-Karls-Brücke Barometer,100034882,YTH16019147,9.210372161982697,48.79912609299229,(UTC+01:00) Europe/Paris DST,2013-08-18T20:00:00+02:00,27,16,na,43,20.0,0.0,na
Eco Counter GmbH,Landeshauptstadt Stuttgart,607,König-Karls-Brücke Barometer,100034882,YTH16019147,9.210372161982697,48.79912609299229,(UTC+01:00) Europe/Paris DST,2013-08-18T21:00:00+02:00,18,13,na,31,18.0,0.0,na
Eco Counter GmbH,Landeshauptstadt Stuttgart,607,König-Karls-Brücke Barometer,100034882,YTH16019147,9.210372161982697,48.79912609299229,(UTC+01:00) Europe/Paris DST,2013-08-18T22:00:00+02:00,6,8,na,14,17.0,0.0,na
Eco Counter GmbH,Landeshauptstadt Stuttgart,607,König-Karls-Brücke Barometer,100034882,YTH16019147,9.210372161982697,48.79912609299229,(UTC+01:00) Europe/Paris DST,2013-08-18T23:00:00+02:00,3,3,na,6,16.0,0.0,na
Eco Counter GmbH,Landeshauptstadt Stuttgart,607,König-Karls-Brücke Barometer,100034882,YTH16019147,9.210372161982697,48.79912609299229,(UTC+01:00) Europe/Paris DST,2013-08-19T00:00:00+02:00,1,2,na,3,16.0,0.0,na
Eco Counter GmbH,Landeshauptstadt Stuttgart,607,König-Karls-Brücke Barometer,100034882,YTH16019147,9.210372161982697,48.79912609299229,(UTC+01:00) Europe/Paris DST,2013-08-19T01:00:00+02:00,3,1,na,4,16.0,0.0,na
Eco Counter GmbH,Landeshauptstadt Stuttgart,607,König-Karls-Brücke Barometer,100034882,YTH16019147,9.210372161982697,48.79912609299229,(UTC+01:00) Europe/Paris DST,2013-08-19T02:00:00+02:00,0,0,na,0,16.0,0.0,na
Eco Counter GmbH,Landeshauptstadt Stuttgart,607,König-Karls-Brücke Barometer,100034882,YTH16019147,9.210372161982697,48.79912609299229,(UTC+01:00) Europe/Paris DST,2013-08-19T03:00:00+02:00,1,2,na,3,16.0,0.0,na
Eco Counter GmbH,Landeshauptstadt Stuttgart,607,König-Karls-Brücke Barometer,100034882,YTH16019147,9.210372161982697,48.79912609299229,(UTC+01:00) Europe/Paris DST,2013-08-19T04:00:00+02:00,1,0,na,1,16.0,0.3,na
Eco Counter GmbH,Landeshauptstadt Stuttgart,607,König-Karls-Brücke Barometer,100034882,YTH16019147,9.210372161982697,48.79912609299229,(UTC+01:00) Europe/Paris DST,2013-08-19T05:00:00+02:00,8,17,na,25,16.0,0.5,na
Eco Counter GmbH,Landeshauptstadt Stuttgart,607,König-Karls-Brücke Barometer,100034882,YTH16019147,9.210372161982697,48.79912609299229,(UTC+01:00) Europe/Paris DST,2013-08-19T06:00:00+02:00,44,34,na,78,17.0,0.8,na
Eco Counter GmbH,Landeshauptstadt Stuttgart,607,König-Karls-Brücke Barometer,100034882,YTH16019147,9.210372161982697,48.79912609299229,(UTC+01:00) Europe/Paris DST,2013-08-19T07:00:00+02:00,81,67,na,148,17.0,2.0,na
Eco Counter GmbH,Landeshauptstadt Stuttgart,607,König-Karls-Brücke Barometer,100034882,YTH16019147,9.210372161982697,48.79912609299229,(UTC+01:00) Europe/Paris DST,2013-08-19T08:00:00+02:00,69,58,na,127,17.0,3.2,na
Eco Counter GmbH,Landeshauptstadt Stuttgart,607,König-Karls-Brücke Barometer,100034882,YTH16019147,9.210372161982697,48.79912609299229,(UTC+01:00) Europe/Paris DST,2013-08-19T09:00:00+02:00,37,41,na,78,17.0,4.3,na
Eco Counter GmbH,Landeshauptstadt Stuttgart,607,König-Karls-Brücke Barometer,100034882,YTH16019147,9.210372161982697,48.79912609299229,(UTC+01:00) Europe/Paris DST,2013-08-19T10:00:00+02:00,33,30,na,63,17.0,4.1,na
Eco Counter GmbH,Landeshauptstadt Stuttgart,607,König-Karls-Brücke Barometer,100034882,YTH16019147,9.210372161982697,48.79912609299229,(UTC+01:00) Europe/Paris DST,2013-08-19T11:00:00+02:00,41,41,na,82,18.0,3.9,na
Eco Counter GmbH,Landeshauptstadt Stuttgart,607,König-Karls-Brücke Barometer,100034882,YTH16019147,9.210372161982697,48.79912609299229,(UTC+01:00) Europe/Paris DST,2013-08-19T12:00:00+02:00,32,38,na,70,18.0,3.7,na
Eco Counter GmbH,Landeshauptstadt Stuttgart,607,König-Karls-Brücke Barometer,100034882,YTH16019147,9.210372161982697,48.79912609299229,(UTC+01:00) Europe/Paris DST,2013-08-19T13:00:00+02:00,25,39,na,64,19.0,2.9,na
Eco Counter GmbH,Landeshauptstadt Stuttgart,607,König-Karls-Brücke Barometer,100034882,YTH16019147,9.210372161982697,48.79912609299229,(UTC+01:00) Europe/Paris DST,2013-08-19T14:00:00+02:00,42,39,na,81,21.0,2.1,na
Eco Counter GmbH,Landeshauptstadt Stuttgart,607,König-Karls-Brücke Barometer,100034882,YTH16019147,9.210372161982697,48.79912609299229,(UTC+01:00) Europe/Paris DST,2013-08-19T15:00:00+02:00,47,58,na,105,22.0,1.3,na
Eco Counter GmbH,Landeshauptstadt Stuttgart,607,König-Karls-Brücke Barometer,100034882,YTH16019147,9.210372161982697,48.79912609299229,(UTC+01:00) Europe/Paris DST,2013-08-19T16:00:00+02:00,69,102,na,171,21.0,1.0,na
Eco Counter GmbH,Landeshauptstadt Stuttgart,607,König-Karls-Brücke Barometer,100034882,YTH16019147,9.210372161982697,48.79912609299229,(UTC+01:00) Europe/Paris DST,2013-08-19T17:00:00+02:00,114,115,na,229,20.0,0.6,na
Eco Counter GmbH,Landeshauptstadt Stuttgart,607,König-Karls-Brücke Barometer,100034882,YTH16019147,9.210372161982697,48.79912609299229,(UTC+01:00) Europe/Paris DST,2013-08-19T18:00:00+02:00,77,105,na,182,20.0,0.2,na
Eco Counter GmbH,Landeshauptstadt Stuttgart,607,König-Karls-Brücke Barometer,100034882,YTH16019147,9.210372161982697,48.79912609299229,(UTC+01:00) Europe/Paris DST,2013-08-19T19:00:00+02:00,53,103,na,156,18.0,0.2,na
Eco Counter GmbH,Landeshauptstadt Stuttgart,607,König-Karls-Brücke Barometer,100034882,YTH16019147,9.210372161982697,48.79912609299229,(UTC+01:00) Europe/Paris DST,2013-08-19T20:00:00+02:00,50,97,na,147,16.0,0.1,na
Eco Counter GmbH,Landeshauptstadt Stuttgart,607,König-Karls-Brücke Barometer,100034882,YTH16019147,9.210372161982697,48.79912609299229,(UTC+01:00) Europe/Paris DST,2013-08-19T21:00:00+02:00,43,39,na,82,14.0,0.0,na
Eco Counter GmbH,Landeshauptstadt Stuttgart,607,König-Karls-Brücke Barometer,100034882,YTH16019147,9.210372161982697,48.79912609299229,(UTC+01:00) Europe/Paris DST,2013-08-19T22:00:00+02:00,13,30,na,43,13.0,0.0,na
Eco Counter GmbH,Landeshauptstadt Stuttgart,607,König-Karls-Brücke Barometer,100034882,YTH16019147,9.210372161982697,48.79912609299229,(UTC+01:00) Europe/Paris DST,2013-08-19T23:00:00+02:00,10,5,na,15,12.0,0.0,na
Eco Counter GmbH,Landeshauptstadt Stuttgart,607,König-Karls-Brücke Barometer,100034882,YTH16019147,9.210372161982697,48.79912609299229,(UTC+01:00) Europe/Paris DST,2013-08-20T00:00:00+02:00,2,2,na,4,11.0,0.0,na
Eco Counter GmbH,Landeshauptstadt Stuttgart,607,König-Karls-Brücke Barometer,100034882,YTH16019147,9.210372161982697,48.79912609299229,(UTC+01:00) Europe/Paris DST,2013-08-20T01:00:00+02:00,0,4,na,4,10.0,0.0,na
Eco Counter GmbH,Landeshauptstadt Stuttgart,607,König-Karls-Brücke Barometer,100034882,YTH16019147,9.210372161982697,48.79912609299229,(UTC+01:00) Europe/Paris DST,2013-08-20T02:00:00+02:00,0,2,na,2,10.0,0.0,na
Eco Counter GmbH,Landeshauptstadt Stuttgart,607,König-Karls-Brücke Barometer,100034882,YTH16019147,9.210372161982697,48.79912609299229,(UTC+01:00) Europe/Paris DST,2013-08-20T03:00:00+02:00,0,3,na,3,9.0,0.0,na
Eco Counter GmbH,Landeshauptstadt Stuttgart,607,König-Karls-Brücke Barometer,100034882,YTH16019147,9.210372161982697,48.79912609299229,(UTC+01:00) Europe/Paris DST,2013-08-20T04:00:00+02:00,4,1,na,5,10.0,0.0,na
Eco Counter GmbH,Landeshauptstadt Stuttgart,607,König-Karls-Brücke Barometer,100034882,YTH16019147,9.210372161982697,48.79912609299229,(UTC+01:00) Europe/Paris DST,2013-08-20T05:00:00+02:00,12,23,na,35,11.0,0.0,na
Eco Counter GmbH,Landeshauptstadt Stuttgart,607,König-Karls-Brücke Barometer,100034882,YTH16019147,9.210372161982697,48.79912609299229,(UTC+01:00) Europe/Paris DST,2013-08-20T06:00:00+02:00,71,44,na,115,11.0,0.0,na
Eco Counter GmbH,Landeshauptstadt Stuttgart,607,König-Karls-Brücke Barometer,100034882,YTH16019147,9.210372161982697,48.79912609299229,(UTC+01:00) Europe/Paris DST,2013-08-20T07:00:00+02:00,117,76,na,193,13.0,0.0,na
Eco Counter GmbH,Landeshauptstadt Stuttgart,607,König-Karls-Brücke Barometer,100034882,YTH16019147,9.210372161982697,48.79912609299229,(UTC+01:00) Europe/Paris DST,2013-08-20T08:00:00+02:00,127,90,na,217,16.0,0.0,na
Eco Counter GmbH,Landeshauptstadt Stuttgart,607,König-Karls-Brücke Barometer,100034882,YTH16019147,9.210372161982697,48.79912609299229,(UTC+01:00) Europe/Paris DST,2013-08-20T09:00:00+02:00,87,77,na,164,18.0,0.0,na
Eco Counter GmbH,Landeshauptstadt Stuttgart,607,König-Karls-Brücke Barometer,100034882,YTH16019147,9.210372161982697,48.79912609299229,(UTC+01:00) Europe/Paris DST,2013-08-20T10:00:00+02:00,57,46,na,103,19.0,0.0,na
Eco Counter GmbH,Landeshauptstadt Stuttgart,607,König-Karls-Brücke Barometer,100034882,YTH16019147,9.210372161982697,48.79912609299229,(UTC+01:00) Europe/Paris DST,2013-08-20T11:00:00+02:00,66,64,na,130,21.0,0.0,na
Eco Counter GmbH,Landeshauptstadt Stuttgart,607,König-Karls-Brücke Barometer,100034882,YTH16019147,9.210372161982697,48.79912609299229,(UTC+01:00) Europe/Paris DST,2013-08-20T12:00:00+02:00,65,85,na,150,22.0,0.0,na
Eco Counter GmbH,Landeshauptstadt Stuttgart,607,König-Karls-Brücke Barometer,100034882,YTH16019147,9.210372161982697,48.79912609299229,(UTC+01:00) Europe/Paris DST,2013-08-20T13:00:00+02:00,62,78,na,140,23.0,0.0,na
Eco Counter GmbH,Landeshauptstadt Stuttgart,607,König-Karls-Brücke Barometer,100034882,YTH16019147,9.210372161982697,48.79912609299229,(UTC+01:00) Europe/Paris DST,2013-08-20T14:00:00+02:00,81,61,na,142,23.0,0.0,na
Eco Counter GmbH,Landeshauptstadt Stuttgart,607,König-Karls-Brücke Barometer,100034882,YTH16019147,9.210372161982697,48.79912609299229,(UTC+01:00) Europe/Paris DST,2013-08-20T15:00:00+02:00,70,76,na,146,24.0,0.0,na
Eco Counter GmbH,Landeshauptstadt Stuttgart,607,König-Karls-Brücke Barometer,100034882,YTH16019147,9.210372161982697,48.79912609299229,(UTC+01:00) Europe/Paris DST,2013-08-20T16:00:00+02:00,130,164,na,294,22.0,0.0,na
Eco Counter GmbH,Landeshauptstadt Stuttgart,607,König-Karls-Brücke Barometer,100034882,YTH16019147,9.210372161982697,48.79912609299229,(UTC+01:00) Europe/Paris DST,2013-08-20T17:00:00+02:00,141,205,na,346,21.0,0.0,na
Eco Counter GmbH,Landeshauptstadt Stuttgart,607,König-Karls-Brücke Barometer,100034882,YTH16019147,9.210372161982697,48.79912609299229,(UTC+01:00) Europe/Paris DST,2013-08-20T18:00:00+02:00,106,176,na,282,19.0,0.0,na
Eco Counter GmbH,Landeshauptstadt Stuttgart,607,König-Karls-Brücke Barometer,100034882,YTH16019147,9.210372161982697,48.79912609299229,(UTC+01:00) Europe/Paris DST,2013-08-20T19:00:00+02:00,93,116,na,209,17.0,0.0,na
Eco Counter GmbH,Landeshauptstadt Stuttgart,607,König-Karls-Brücke Barometer,100034882,YTH16019147,9.210372161982697,48.79912609299229,(UTC+01:00) Europe/Paris DST,2013-08-20T20:00:00+02:00,58,71,na,129,15.0,0.0,na
Eco Counter GmbH,Landeshauptstadt Stuttgart,607,König-Karls-Brücke Barometer,100034882,YTH16019147,9.210372161982697,48.79912609299229,(UTC+01:00) Europe/Paris DST,2013-08-20T21:00:00+02:00,67,32,na,99,13.0,0.0,na
Eco Counter GmbH,Landeshauptstadt Stuttgart,607,König-Karls-Brücke Barometer,100034882,YTH16019147,9.210372161982697,48.79912609299229,(UTC+01:00) Europe/Paris DST,2013-08-20T22:00:00+02:00,10,20,na,30,12.0,0.0,na
Eco Counter GmbH,Landeshauptstadt Stuttgart,607,König-Karls-Brücke Barometer,100034882,YTH16019147,9.210372161982697,48.79912609299229,(UTC+01:00) Europe/Paris DST,2013-08-20T23:00:00+02:00,13,12,na,25,11.0,0.0,na
Eco Counter GmbH,Landeshauptstadt Stuttgart,607,König-Karls-Brücke Barometer,100034882,YTH16019147,9.210372161982697,48.79912609299229,(UTC+01:00) Europe/Paris DST,2013-08-21T00:00:00+02:00,1,2,na,3,11.0,0.0,na
Eco Counter GmbH,Landeshauptstadt Stuttgart,607,König-Karls-Brücke Barometer,100034882,YTH16019147,9.210372161982697,48.79912609299229,(UTC+01:00) Europe/Paris DST,2013-08-21T01:00:00+02:00,1,0,na,1,10.0,0.0,na
Eco Counter GmbH,Landeshauptstadt Stuttgart,607,König-Karls-Brücke Barometer,100034882,YTH16019147,9.210372161982697,48.79912609299229,(UTC+01:00) Europe/Paris DST,2013-08-21T02:00:00+02:00,0,1,na,1,10.0,0.0,na
Eco Counter GmbH,Landeshauptstadt Stuttgart,607,König-Karls-Brücke Barometer,100034882,YTH16019147,9.210372161982697,48.79912609299229,(UTC+01:00) Europe/Paris DST,2013-08-21T03:00:00+02:00,4,4,na,8,10.0,0.0,na
Eco Counter GmbH,Landeshauptstadt Stuttgart,607,König-Karls-Brücke Barometer,100034882,YTH16019147,9.210372161982697,48.79912609299229,(UTC+01:00) Europe/Paris DST,2013-08-21T04:00:00+02:00,0,0,na,0,11.0,0.0,na
Eco Counter GmbH,Landeshauptstadt Stuttgart,607,König-Karls-Brücke Barometer,100034882,YTH16019147,9.210372161982697,48.79912609299229,(UTC+01:00) Europe/Paris DST,2013-08-21T05:00:00+02:00,8,22,na,30,12.0,0.0,na
Eco Counter GmbH,Landeshauptstadt Stuttgart,607,König-Karls-Brücke Barometer,100034882,YTH16019147,9.210372161982697,48.79912609299229,(UTC+01:00) Europe/Paris DST,2013-08-21T06:00:00+02:00,58,38,na,96,13.0,0.0,na
Eco Counter GmbH,Landeshauptstadt Stuttgart,607,König-Karls-Brücke Barometer,100034882,YTH16019147,9.210372161982697,48.79912609299229,(UTC+01:00) Europe/Paris DST,2013-08-21T07:00:00+02:00,135,83,na,218,15.0,0.0,na
Eco Counter GmbH,Landeshauptstadt Stuttgart,607,König-Karls-Brücke Barometer,100034882,YTH16019147,9.210372161982697,48.79912609299229,(UTC+01:00) Europe/Paris DST,2013-08-21T08:00:00+02:00,142,89,na,231,17.0,0.0,na
Eco Counter GmbH,Landeshauptstadt Stuttgart,607,König-Karls-Brücke Barometer,100034882,YTH16019147,9.210372161982697,48.79912609299229,(UTC+01:00) Europe/Paris DST,2013-08-21T09:00:00+02:00,78,64,na,142,19.0,0.0,na
Eco Counter GmbH,Landeshauptstadt Stuttgart,607,König-Karls-Brücke Barometer,100034882,YTH16019147,9.210372161982697,48.79912609299229,(UTC+01:00) Europe/Paris DST,2013-08-21T10:00:00+02:00,59,52,na,111,20.0,0.0,na
Eco Counter GmbH,Landeshauptstadt Stuttgart,607,König-Karls-Brücke Barometer,100034882,YTH16019147,9.210372161982697,48.79912609299229,(UTC+01:00) Europe/Paris DST,2013-08-21T11:00:00+02:00,70,72,na,142,22.0,0.0,na
Eco Counter GmbH,Landeshauptstadt Stuttgart,607,König-Karls-Brücke Barometer,100034882,YTH16019147,9.210372161982697,48.79912609299229,(UTC+01:00) Europe/Paris DST,2013-08-21T12:00:00+02:00,63,69,na,132,24.0,0.0,na
Eco Counter GmbH,Landeshauptstadt Stuttgart,607,König-Karls-Brücke Barometer,100034882,YTH16019147,9.210372161982697,48.79912609299229,(UTC+01:00) Europe/Paris DST,2013-08-21T13:00:00+02:00,88,102,na,190,24.0,0.0,na
Eco Counter GmbH,Landeshauptstadt Stuttgart,607,König-Karls-Brücke Barometer,100034882,YTH16019147,9.210372161982697,48.79912609299229,(UTC+01:00) Europe/Paris DST,2013-08-21T14:00:00+02:00,106,117,na,223,25.0,0.0,na
Eco Counter GmbH,Landeshauptstadt Stuttgart,607,König-Karls-Brücke Barometer,100034882,YTH16019147,9.210372161982697,48.79912609299229,(UTC+01:00) Europe/Paris DST,2013-08-21T15:00:00+02:00,118,130,na,248,25.0,0.0,na
Eco Counter GmbH,Landeshauptstadt Stuttgart,607,König-Karls-Brücke Barometer,100034882,YTH16019147,9.210372161982697,48.79912609299229,(UTC+01:00) Europe/Paris DST,2013-08-21T16:00:00+02:00,133,167,na,300,24.0,0.0,na
Eco Counter GmbH,Landeshauptstadt Stuttgart,607,König-Karls-Brücke Barometer,100034882,YTH16019147,9.210372161982697,48.79912609299229,(UTC+01:00) Europe/Paris DST,2013-08-21T17:00:00+02:00,152,245,na,397,22.0,0.0,na
Eco Counter GmbH,Landeshauptstadt Stuttgart,607,König-Karls-Brücke Barometer,100034882,YTH16019147,9.210372161982697,48.79912609299229,(UTC+01:00) Europe/Paris DST,2013-08-21T18:00:00+02:00,175,215,na,390,21.0,0.0,na
Eco Counter GmbH,Landeshauptstadt Stuttgart,607,König-Karls-Brücke Barometer,100034882,YTH16019147,9.210372161982697,48.79912609299229,(UTC+01:00) Europe/Paris DST,2013-08-21T19:00:00+02:00,123,147,na,270,18.0,0.0,na
Eco Counter GmbH,Landeshauptstadt Stuttgart,607,König-Karls-Brücke Barometer,100034882,YTH16019147,9.210372161982697,48.79912609299229,(UTC+01:00) Europe/Paris DST,2013-08-21T20:00:00+02:00,73,98,na,171,16.0,0.0,na
Eco Counter GmbH,Landeshauptstadt Stuttgart,607,König-Karls-Brücke Barometer,100034882,YTH16019147,9.210372161982697,48.79912609299229,(UTC+01:00) Europe/Paris DST,2013-08-21T21:00:00+02:00,49,53,na,102,14.0,0.0,na
Eco Counter GmbH,Landeshauptstadt Stuttgart,607,König-Karls-Brücke Barometer,100034882,YTH16019147,9.210372161982697,48.79912609299229,(UTC+01:00) Europe/Paris DST,2013-08-21T22:00:00+02:00,17,34,na,51,13.0,0.0,na
Eco Counter GmbH,Landeshauptstadt Stuttgart,607,König-Karls-Brücke Barometer,100034882,YTH16019147,9.210372161982697,48.79912609299229,(UTC+01:00) Europe/Paris DST,2013-08-21T23:00:00+02:00,20,10,na,30,12.0,0.0,na
Eco Counter GmbH,Landeshauptstadt Stuttgart,607,König-Karls-Brücke Barometer,100034882,YTH16019147,9.210372161982697,48.79912609299229,(UTC+01:00) Europe/Paris DST,2013-08-22T00:00:00+02:00,2,10,na,12,11.0,0.0,na
Eco Counter GmbH,Landeshauptstadt Stuttgart,607,König-Karls-Brücke Barometer,100034882,YTH16019147,9.210372161982697,48.79912609299229,(UTC+01:00) Europe/Paris DST,2013-08-22T01:00:00+02:00,5,3,na,8,11.0,0.0,na
Eco Counter GmbH,Landeshauptstadt Stuttgart,607,König-Karls-Brücke Barometer,100034882,YTH16019147,9.210372161982697,48.79912609299229,(UTC+01:00) Europe/Paris DST,2013-08-22T02:00:00+02:00,1,0,na,1,10.0,0.0,na
Eco Counter GmbH,Landeshauptstadt Stuttgart,607,König-Karls-Brücke Barometer,100034882,YTH16019147,9.210372161982697,48.79912609299229,(UTC+01:00) Europe/Paris DST,2013-08-22T03:00:00+02:00,3,2,na,5,10.0,0.0,na
Eco Counter GmbH,Landeshauptstadt Stuttgart,607,König-Karls-Brücke Barometer,100034882,YTH16019147,9.210372161982697,48.79912609299229,(UTC+01:00) Europe/Paris DST,2013-08-22T04:00:00+02:00,2,1,na,3,11.0,0.0,na
Eco Counter GmbH,Landeshauptstadt Stuttgart,607,König-Karls-Brücke Barometer,100034882,YTH16019147,9.210372161982697,48.79912609299229,(UTC+01:00) Europe/Paris DST,2013-08-22T05:00:00+02:00,15,20,na,35,12.0,0.0,na
Eco Counter GmbH,Landeshauptstadt Stuttgart,607,König-Karls-Brücke Barometer,100034882,YTH16019147,9.210372161982697,48.79912609299229,(UTC+01:00) Europe/Paris DST,2013-08-22T06:00:00+02:00,56,41,na,97,12.0,0.0,na
Eco Counter GmbH,Landeshauptstadt Stuttgart,607,König-Karls-Brücke Barometer,100034882,YTH16019147,9.210372161982697,48.79912609299229,(UTC+01:00) Europe/Paris DST,2013-08-22T07:00:00+02:00,125,84,na,209,14.0,0.0,na
Eco Counter GmbH,Landeshauptstadt Stuttgart,607,König-Karls-Brücke Barometer,100034882,YTH16019147,9.210372161982697,48.79912609299229,(UTC+01:00) Europe/Paris DST,2013-08-22T08:00:00+02:00,137,95,na,232,16.0,0.0,na
Eco Counter GmbH,Landeshauptstadt Stuttgart,607,König-Karls-Brücke Barometer,100034882,YTH16019147,9.210372161982697,48.79912609299229,(UTC+01:00) Europe/Paris DST,2013-08-22T09:00:00+02:00,79,67,na,146,19.0,0.0,na
Eco Counter GmbH,Landeshauptstadt Stuttgart,607,König-Karls-Brücke Barometer,100034882,YTH16019147,9.210372161982697,48.79912609299229,(UTC+01:00) Europe/Paris DST,2013-08-22T10:00:00+02:00,69,86,na,155,20.0,0.0,na
Eco Counter GmbH,Landeshauptstadt Stuttgart,607,König-Karls-Brücke Barometer,100034882,YTH16019147,9.210372161982697,48.79912609299229,(UTC+01:00) Europe/Paris DST,2013-08-22T11:00:00+02:00,67,80,na,147,22.0,0.0,na
Eco Counter GmbH,Landeshauptstadt Stuttgart,607,König-Karls-Brücke Barometer,100034882,YTH16019147,9.210372161982697,48.79912609299229,(UTC+01:00) Europe/Paris DST,2013-08-22T12:00:00+02:00,107,89,na,196,24.0,0.0,na
Eco Counter GmbH,Landeshauptstadt Stuttgart,607,König-Karls-Brücke Barometer,100034882,YTH16019147,9.210372161982697,48.79912609299229,(UTC+01:00) Europe/Paris DST,2013-08-22T13:00:00+02:00,77,89,na,166,25.0,0.0,na
Eco Counter GmbH,Landeshauptstadt Stuttgart,607,König-Karls-Brücke Barometer,100034882,YTH16019147,9.210372161982697,48.79912609299229,(UTC+01:00) Europe/Paris DST,2013-08-22T14:00:00+02:00,82,109,na,191,26.0,0.0,na
Eco Counter GmbH,Landeshauptstadt Stuttgart,607,König-Karls-Brücke Barometer,100034882,YTH16019147,9.210372161982697,48.79912609299229,(UTC+01:00) Europe/Paris DST,2013-08-22T15:00:00+02:00,141,123,na,264,26.0,0.0,na
Eco Counter GmbH,Landeshauptstadt Stuttgart,607,König-Karls-Brücke Barometer,100034882,YTH16019147,9.210372161982697,48.79912609299229,(UTC+01:00) Europe/Paris DST,2013-08-22T16:00:00+02:00,122,182,na,304,25.0,0.0,na
Eco Counter GmbH,Landeshauptstadt Stuttgart,607,König-Karls-Brücke Barometer,100034882,YTH16019147,9.210372161982697,48.79912609299229,(UTC+01:00) Europe/Paris DST,2013-08-22T17:00:00+02:00,181,205,na,386,23.0,0.0,na
Eco Counter GmbH,Landeshauptstadt Stuttgart,607,König-Karls-Brücke Barometer,100034882,YTH16019147,9.210372161982697,48.79912609299229,(UTC+01:00) Europe/Paris DST,2013-08-22T18:00:00+02:00,130,189,na,319,22.0,0.0,na
Eco Counter GmbH,Landeshauptstadt Stuttgart,607,König-Karls-Brücke Barometer,100034882,YTH16019147,9.210372161982697,48.79912609299229,(UTC+01:00) Europe/Paris DST,2013-08-22T19:00:00+02:00,115,136,na,251,20.0,0.0,na
Eco Counter GmbH,Landeshauptstadt Stuttgart,607,König-Karls-Brücke Barometer,100034882,YTH16019147,9.210372161982697,48.79912609299229,(UTC+01:00) Europe/Paris DST,2013-08-22T20:00:00+02:00,70,99,na,169,18.0,0.0,na
Eco Counter GmbH,Landeshauptstadt Stuttgart,607,König-Karls-Brücke Barometer,100034882,YTH16019147,9.210372161982697,48.79912609299229,(UTC+01:00) Europe/Paris DST,2013-08-22T21:00:00+02:00,51,45,na,96,16.0,0.0,na
Eco Counter GmbH,Landeshauptstadt Stuttgart,607,König-Karls-Brücke Barometer,100034882,YTH16019147,9.210372161982697,48.79912609299229,(UTC+01:00) Europe/Paris DST,2013-08-22T22:00:00+02:00,22,31,na,53,14.0,0.0,na
Eco Counter GmbH,Landeshauptstadt Stuttgart,607,König-Karls-Brücke Barometer,100034882,YTH16019147,9.210372161982697,48.79912609299229,(UTC+01:00) Europe/Paris DST,2013-08-22T23:00:00+02:00,21,25,na,46,13.0,0.0,na
Eco Counter GmbH,Landeshauptstadt Stuttgart,607,König-Karls-Brücke Barometer,100034882,YTH16019147,9.210372161982697,48.79912609299229,(UTC+01:00) Europe/Paris DST,2013-08-23T00:00:00+02:00,9,16,na,25,12.0,0.0,na
Eco Counter GmbH,Landeshauptstadt Stuttgart,607,König-Karls-Brücke Barometer,100034882,YTH16019147,9.210372161982697,48.79912609299229,(UTC+01:00) Europe/Paris DST,2013-08-23T01:00:00+02:00,3,5,na,8,12.0,0.0,na
Eco Counter GmbH,Landeshauptstadt Stuttgart,607,König-Karls-Brücke Barometer,100034882,YTH16019147,9.210372161982697,48.79912609299229,(UTC+01:00) Europe/Paris DST,2013-08-23T02:00:00+02:00,1,0,na,1,11.0,0.0,na
Eco Counter GmbH,Landeshauptstadt Stuttgart,607,König-Karls-Brücke Barometer,100034882,YTH16019147,9.210372161982697,48.79912609299229,(UTC+01:00) Europe/Paris DST,2013-08-23T03:00:00+02:00,2,4,na,6,11.0,0.0,na
Eco Counter GmbH,Landeshauptstadt Stuttgart,607,König-Karls-Brücke Barometer,100034882,YTH16019147,9.210372161982697,48.79912609299229,(UTC+01:00) Europe/Paris DST,2013-08-23T04:00:00+02:00,5,0,na,5,12.0,0.0,na
Eco Counter GmbH,Landeshauptstadt Stuttgart,607,König-Karls-Brücke Barometer,100034882,YTH16019147,9.210372161982697,48.79912609299229,(UTC+01:00) Europe/Paris DST,2013-08-23T05:00:00+02:00,16,21,na,37,13.0,0.0,na
Eco Counter GmbH,Landeshauptstadt Stuttgart,607,König-Karls-Brücke Barometer,100034882,YTH16019147,9.210372161982697,48.79912609299229,(UTC+01:00) Europe/Paris DST,2013-08-23T06:00:00+02:00,46,37,na,83,14.0,0.0,na
Eco Counter GmbH,Landeshauptstadt Stuttgart,607,König-Karls-Brücke Barometer,100034882,YTH16019147,9.210372161982697,48.79912609299229,(UTC+01:00) Europe/Paris DST,2013-08-23T07:00:00+02:00,101,75,na,176,16.0,0.0,na
Eco Counter GmbH,Landeshauptstadt Stuttgart,607,König-Karls-Brücke Barometer,100034882,YTH16019147,9.210372161982697,48.79912609299229,(UTC+01:00) Europe/Paris DST,2013-08-23T08:00:00+02:00,102,78,na,180,18.0,0.0,na
Eco Counter GmbH,Landeshauptstadt Stuttgart,607,König-Karls-Brücke Barometer,100034882,YTH16019147,9.210372161982697,48.79912609299229,(UTC+01:00) Europe/Paris DST,2013-08-23T09:00:00+02:00,55,53,na,108,20.0,0.0,na
Eco Counter GmbH,Landeshauptstadt Stuttgart,607,König-Karls-Brücke Barometer,100034882,YTH16019147,9.210372161982697,48.79912609299229,(UTC+01:00) Europe/Paris DST,2013-08-23T10:00:00+02:00,56,51,na,107,22.0,0.0,na
Eco Counter GmbH,Landeshauptstadt Stuttgart,607,König-Karls-Brücke Barometer,100034882,YTH16019147,9.210372161982697,48.79912609299229,(UTC+01:00) Europe/Paris DST,2013-08-23T11:00:00+02:00,65,55,na,120,23.0,0.0,na
Eco Counter GmbH,Landeshauptstadt Stuttgart,607,König-Karls-Brücke Barometer,100034882,YTH16019147,9.210372161982697,48.79912609299229,(UTC+01:00) Europe/Paris DST,2013-08-23T12:00:00+02:00,60,83,na,143,24.0,0.0,na
Eco Counter GmbH,Landeshauptstadt Stuttgart,607,König-Karls-Brücke Barometer,100034882,YTH16019147,9.210372161982697,48.79912609299229,(UTC+01:00) Europe/Paris DST,2013-08-23T13:00:00+02:00,116,85,na,201,25.0,0.0,na
Eco Counter GmbH,Landeshauptstadt Stuttgart,607,König-Karls-Brücke Barometer,100034882,YTH16019147,9.210372161982697,48.79912609299229,(UTC+01:00) Europe/Paris DST,2013-08-23T14:00:00+02:00,68,110,na,178,25.0,0.0,na
Eco Counter GmbH,Landeshauptstadt Stuttgart,607,König-Karls-Brücke Barometer,100034882,YTH16019147,9.210372161982697,48.79912609299229,(UTC+01:00) Europe/Paris DST,2013-08-23T15:00:00+02:00,101,136,na,237,25.0,0.0,na
Eco Counter GmbH,Landeshauptstadt Stuttgart,607,König-Karls-Brücke Barometer,100034882,YTH16019147,9.210372161982697,48.79912609299229,(UTC+01:00) Europe/Paris DST,2013-08-23T16:00:00+02:00,126,145,na,271,24.0,0.0,na
Eco Counter GmbH,Landeshauptstadt Stuttgart,607,König-Karls-Brücke Barometer,100034882,YTH16019147,9.210372161982697,48.79912609299229,(UTC+01:00) Europe/Paris DST,2013-08-23T17:00:00+02:00,134,166,na,300,22.0,0.0,na
Eco Counter GmbH,Landeshauptstadt Stuttgart,607,König-Karls-Brücke Barometer,100034882,YTH16019147,9.210372161982697,48.79912609299229,(UTC+01:00) Europe/Paris DST,2013-08-23T18:00:00+02:00,89,119,na,208,21.0,0.0,na
Eco Counter GmbH,Landeshauptstadt Stuttgart,607,König-Karls-Brücke Barometer,100034882,YTH16019147,9.210372161982697,48.79912609299229,(UTC+01:00) Europe/Paris DST,2013-08-23T19:00:00+02:00,114,98,na,212,18.0,0.0,na
Eco Counter GmbH,Landeshauptstadt Stuttgart,607,König-Karls-Brücke Barometer,100034882,YTH16019147,9.210372161982697,48.79912609299229,(UTC+01:00) Europe/Paris DST,2013-08-23T20:00:00+02:00,60,88,na,148,16.0,0.0,na
Eco Counter GmbH,Landeshauptstadt Stuttgart,607,König-Karls-Brücke Barometer,100034882,YTH16019147,9.210372161982697,48.79912609299229,(UTC+01:00) Europe/Paris DST,2013-08-23T21:00:00+02:00,29,40,na,69,14.0,0.0,na
Eco Counter GmbH,Landeshauptstadt Stuttgart,607,König-Karls-Brücke Barometer,100034882,YTH16019147,9.210372161982697,48.79912609299229,(UTC+01:00) Europe/Paris DST,2013-08-23T22:00:00+02:00,20,49,na,69,14.0,0.0,na
Eco Counter GmbH,Landeshauptstadt Stuttgart,607,König-Karls-Brücke Barometer,100034882,YTH16019147,9.210372161982697,48.79912609299229,(UTC+01:00) Europe/Paris DST,2013-08-23T23:00:00+02:00,6,31,na,37,13.0,0.0,na
Eco Counter GmbH,Landeshauptstadt Stuttgart,607,König-Karls-Brücke Barometer,100034882,YTH16019147,9.210372161982697,48.79912609299229,(UTC+01:00) Europe/Paris DST,2013-08-24T00:00:00+02:00,2,12,na,14,12.0,0.0,na
Eco Counter GmbH,Landeshauptstadt Stuttgart,607,König-Karls-Brücke Barometer,100034882,YTH16019147,9.210372161982697,48.79912609299229,(UTC+01:00) Europe/Paris DST,2013-08-24T01:00:00+02:00,0,8,na,8,12.0,0.0,na
Eco Counter GmbH,Landeshauptstadt Stuttgart,607,König-Karls-Brücke Barometer,100034882,YTH16019147,9.210372161982697,48.79912609299229,(UTC+01:00) Europe/Paris DST,2013-08-24T02:00:00+02:00,3,5,na,8,12.0,0.0,na
Eco Counter GmbH,Landeshauptstadt Stuttgart,607,König-Karls-Brücke Barometer,100034882,YTH16019147,9.210372161982697,48.79912609299229,(UTC+01:00) Europe/Paris DST,2013-08-24T03:00:00+02:00,1,0,na,1,12.0,0.0,na
Eco Counter GmbH,Landeshauptstadt Stuttgart,607,König-Karls-Brücke Barometer,100034882,YTH16019147,9.210372161982697,48.79912609299229,(UTC+01:00) Europe/Paris DST,2013-08-24T04:00:00+02:00,0,9,na,9,13.0,0.0,na
Eco Counter GmbH,Landeshauptstadt Stuttgart,607,König-Karls-Brücke Barometer,100034882,YTH16019147,9.210372161982697,48.79912609299229,(UTC+01:00) Europe/Paris DST,2013-08-24T05:00:00+02:00,8,7,na,15,13.0,0.0,na
Eco Counter GmbH,Landeshauptstadt Stuttgart,607,König-Karls-Brücke Barometer,100034882,YTH16019147,9.210372161982697,48.79912609299229,(UTC+01:00) Europe/Paris DST,2013-08-24T06:00:00+02:00,18,6,na,24,14.0,0.0,na
Eco Counter GmbH,Landeshauptstadt Stuttgart,607,König-Karls-Brücke Barometer,100034882,YTH16019147,9.210372161982697,48.79912609299229,(UTC+01:00) Europe/Paris DST,2013-08-24T07:00:00+02:00,14,10,na,24,16.0,0.0,na
Eco Counter GmbH,Landeshauptstadt Stuttgart,607,König-Karls-Brücke Barometer,100034882,YTH16019147,9.210372161982697,48.79912609299229,(UTC+01:00) Europe/Paris DST,2013-08-24T08:00:00+02:00,21,27,na,48,19.0,0.0,na
Eco Counter GmbH,Landeshauptstadt Stuttgart,607,König-Karls-Brücke Barometer,100034882,YTH16019147,9.210372161982697,48.79912609299229,(UTC+01:00) Europe/Paris DST,2013-08-24T09:00:00+02:00,32,43,na,75,21.0,0.0,na
Eco Counter GmbH,Landeshauptstadt Stuttgart,607,König-Karls-Brücke Barometer,100034882,YTH16019147,9.210372161982697,48.79912609299229,(UTC+01:00) Europe/Paris DST,2013-08-24T10:00:00+02:00,60,80,na,140,23.0,0.1,na
Eco Counter GmbH,Landeshauptstadt Stuttgart,607,König-Karls-Brücke Barometer,100034882,YTH16019147,9.210372161982697,48.79912609299229,(UTC+01:00) Europe/Paris DST,2013-08-24T11:00:00+02:00,104,118,na,222,25.0,0.1,na
Eco Counter GmbH,Landeshauptstadt Stuttgart,607,König-Karls-Brücke Barometer,100034882,YTH16019147,9.210372161982697,48.79912609299229,(UTC+01:00) Europe/Paris DST,2013-08-24T12:00:00+02:00,78,108,na,186,27.0,0.2,na
Eco Counter GmbH,Landeshauptstadt Stuttgart,607,König-Karls-Brücke Barometer,100034882,YTH16019147,9.210372161982697,48.79912609299229,(UTC+01:00) Europe/Paris DST,2013-08-24T13:00:00+02:00,139,90,na,229,27.0,0.4,na
Eco Counter GmbH,Landeshauptstadt Stuttgart,607,König-Karls-Brücke Barometer,100034882,YTH16019147,9.210372161982697,48.79912609299229,(UTC+01:00) Europe/Paris DST,2013-08-24T14:00:00+02:00,111,133,na,244,27.0,0.6,na
Eco Counter GmbH,Landeshauptstadt Stuttgart,607,König-Karls-Brücke Barometer,100034882,YTH16019147,9.210372161982697,48.79912609299229,(UTC+01:00) Europe/Paris DST,2013-08-24T15:00:00+02:00,30,26,na,56,26.0,0.8,na
Eco Counter GmbH,Landeshauptstadt Stuttgart,607,König-Karls-Brücke Barometer,100034882,YTH16019147,9.210372161982697,48.79912609299229,(UTC+01:00) Europe/Paris DST,2013-08-24T16:00:00+02:00,31,27,na,58,24.0,1.2,na
Eco Counter GmbH,Landeshauptstadt Stuttgart,607,König-Karls-Brücke Barometer,100034882,YTH16019147,9.210372161982697,48.79912609299229,(UTC+01:00) Europe/Paris DST,2013-08-24T17:00:00+02:00,40,38,na,78,22.0,1.7,na
Eco Counter GmbH,Landeshauptstadt Stuttgart,607,König-Karls-Brücke Barometer,100034882,YTH16019147,9.210372161982697,48.79912609299229,(UTC+01:00) Europe/Paris DST,2013-08-24T18:00:00+02:00,37,26,na,63,20.0,2.2,na
Eco Counter GmbH,Landeshauptstadt Stuttgart,607,König-Karls-Brücke Barometer,100034882,YTH16019147,9.210372161982697,48.79912609299229,(UTC+01:00) Europe/Paris DST,2013-08-24T19:00:00+02:00,34,44,na,78,18.0,2.0,na
Eco Counter GmbH,Landeshauptstadt Stuttgart,607,König-Karls-Brücke Barometer,100034882,YTH16019147,9.210372161982697,48.79912609299229,(UTC+01:00) Europe/Paris DST,2013-08-24T20:00:00+02:00,15,25,na,40,17.0,1.8,na
Eco Counter GmbH,Landeshauptstadt Stuttgart,607,König-Karls-Brücke Barometer,100034882,YTH16019147,9.210372161982697,48.79912609299229,(UTC+01:00) Europe/Paris DST,2013-08-24T21:00:00+02:00,22,22,na,44,15.0,1.5,na
Eco Counter GmbH,Landeshauptstadt Stuttgart,607,König-Karls-Brücke Barometer,100034882,YTH16019147,9.210372161982697,48.79912609299229,(UTC+01:00) Europe/Paris DST,2013-08-24T22:00:00+02:00,16,21,na,37,15.0,1.2,na
Eco Counter GmbH,Landeshauptstadt Stuttgart,607,König-Karls-Brücke Barometer,100034882,YTH16019147,9.210372161982697,48.79912609299229,(UTC+01:00) Europe/Paris DST,2013-08-24T23:00:00+02:00,9,14,na,23,15.0,0.9,na
Eco Counter GmbH,Landeshauptstadt Stuttgart,607,König-Karls-Brücke Barometer,100034882,YTH16019147,9.210372161982697,48.79912609299229,(UTC+01:00) Europe/Paris DST,2013-08-25T00:00:00+02:00,5,7,na,12,14.0,0.6,na
Eco Counter GmbH,Landeshauptstadt Stuttgart,607,König-Karls-Brücke Barometer,100034882,YTH16019147,9.210372161982697,48.79912609299229,(UTC+01:00) Europe/Paris DST,2013-08-25T01:00:00+02:00,1,7,na,8,14.0,0.5,na
Eco Counter GmbH,Landeshauptstadt Stuttgart,607,König-Karls-Brücke Barometer,100034882,YTH16019147,9.210372161982697,48.79912609299229,(UTC+01:00) Europe/Paris DST,2013-08-25T02:00:00+02:00,2,3,na,5,13.0,0.5,na
Eco Counter GmbH,Landeshauptstadt Stuttgart,607,König-Karls-Brücke Barometer,100034882,YTH16019147,9.210372161982697,48.79912609299229,(UTC+01:00) Europe/Paris DST,2013-08-25T03:00:00+02:00,0,3,na,3,13.0,0.4,na
Eco Counter GmbH,Landeshauptstadt Stuttgart,607,König-Karls-Brücke Barometer,100034882,YTH16019147,9.210372161982697,48.79912609299229,(UTC+01:00) Europe/Paris DST,2013-08-25T04:00:00+02:00,0,2,na,2,13.0,0.6,na
Eco Counter GmbH,Landeshauptstadt Stuttgart,607,König-Karls-Brücke Barometer,100034882,YTH16019147,9.210372161982697,48.79912609299229,(UTC+01:00) Europe/Paris DST,2013-08-25T05:00:00+02:00,3,3,na,6,13.0,0.8,na
Eco Counter GmbH,Landeshauptstadt Stuttgart,607,König-Karls-Brücke Barometer,100034882,YTH16019147,9.210372161982697,48.79912609299229,(UTC+01:00) Europe/Paris DST,2013-08-25T06:00:00+02:00,1,0,na,1,13.0,1.0,na
Eco Counter GmbH,Landeshauptstadt Stuttgart,607,König-Karls-Brücke Barometer,100034882,YTH16019147,9.210372161982697,48.79912609299229,(UTC+01:00) Europe/Paris DST,2013-08-25T07:00:00+02:00,4,3,na,7,14.0,1.5,na
Eco Counter GmbH,Landeshauptstadt Stuttgart,607,König-Karls-Brücke Barometer,100034882,YTH16019147,9.210372161982697,48.79912609299229,(UTC+01:00) Europe/Paris DST,2013-08-25T08:00:00+02:00,2,3,na,5,15.0,1.9,na
Eco Counter GmbH,Landeshauptstadt Stuttgart,607,König-Karls-Brücke Barometer,100034882,YTH16019147,9.210372161982697,48.79912609299229,(UTC+01:00) Europe/Paris DST,2013-08-25T09:00:00+02:00,5,17,na,22,15.0,2.4,na
Eco Counter GmbH,Landeshauptstadt Stuttgart,607,König-Karls-Brücke Barometer,100034882,YTH16019147,9.210372161982697,48.79912609299229,(UTC+01:00) Europe/Paris DST,2013-08-25T10:00:00+02:00,9,12,na,21,16.0,3.0,na
Eco Counter GmbH,Landeshauptstadt Stuttgart,607,König-Karls-Brücke Barometer,100034882,YTH16019147,9.210372161982697,48.79912609299229,(UTC+01:00) Europe/Paris DST,2013-08-25T11:00:00+02:00,16,15,na,31,16.0,3.6,na
Eco Counter GmbH,Landeshauptstadt Stuttgart,607,König-Karls-Brücke Barometer,100034882,YTH16019147,9.210372161982697,48.79912609299229,(UTC+01:00) Europe/Paris DST,2013-08-25T12:00:00+02:00,21,22,na,43,16.0,4.2,na
Eco Counter GmbH,Landeshauptstadt Stuttgart,607,König-Karls-Brücke Barometer,100034882,YTH16019147,9.210372161982697,48.79912609299229,(UTC+01:00) Europe/Paris DST,2013-08-25T13:00:00+02:00,15,23,na,38,16.0,4.7,na
Eco Counter GmbH,Landeshauptstadt Stuttgart,607,König-Karls-Brücke Barometer,100034882,YTH16019147,9.210372161982697,48.79912609299229,(UTC+01:00) Europe/Paris DST,2013-08-25T14:00:00+02:00,15,16,na,31,16.0,5.2,na
Eco Counter GmbH,Landeshauptstadt Stuttgart,607,König-Karls-Brücke Barometer,100034882,YTH16019147,9.210372161982697,48.79912609299229,(UTC+01:00) Europe/Paris DST,2013-08-25T15:00:00+02:00,18,13,na,31,16.0,5.7,na
Eco Counter GmbH,Landeshauptstadt Stuttgart,607,König-Karls-Brücke Barometer,100034882,YTH16019147,9.210372161982697,48.79912609299229,(UTC+01:00) Europe/Paris DST,2013-08-25T16:00:00+02:00,14,8,na,22,16.0,5.4,na
Eco Counter GmbH,Landeshauptstadt Stuttgart,607,König-Karls-Brücke Barometer,100034882,YTH16019147,9.210372161982697,48.79912609299229,(UTC+01:00) Europe/Paris DST,2013-08-25T17:00:00+02:00,14,11,na,25,16.0,5.2,na
Eco Counter GmbH,Landeshauptstadt Stuttgart,607,König-Karls-Brücke Barometer,100034882,YTH16019147,9.210372161982697,48.79912609299229,(UTC+01:00) Europe/Paris DST,2013-08-25T18:00:00+02:00,7,13,na,20,15.0,4.9,na
Eco Counter GmbH,Landeshauptstadt Stuttgart,607,König-Karls-Brücke Barometer,100034882,YTH16019147,9.210372161982697,48.79912609299229,(UTC+01:00) Europe/Paris DST,2013-08-25T19:00:00+02:00,8,7,na,15,15.0,4.4,na
Eco Counter GmbH,Landeshauptstadt Stuttgart,607,König-Karls-Brücke Barometer,100034882,YTH16019147,9.210372161982697,48.79912609299229,(UTC+01:00) Europe/Paris DST,2013-08-25T20:00:00+02:00,12,4,na,16,15.0,3.9,na
Eco Counter GmbH,Landeshauptstadt Stuttgart,607,König-Karls-Brücke Barometer,100034882,YTH16019147,9.210372161982697,48.79912609299229,(UTC+01:00) Europe/Paris DST,2013-08-25T21:00:00+02:00,1,3,na,4,15.0,3.4,na
Eco Counter GmbH,Landeshauptstadt Stuttgart,607,König-Karls-Brücke Barometer,100034882,YTH16019147,9.210372161982697,48.79912609299229,(UTC+01:00) Europe/Paris DST,2013-08-25T22:00:00+02:00,4,12,na,16,14.0,2.8,na
Eco Counter GmbH,Landeshauptstadt Stuttgart,607,König-Karls-Brücke Barometer,100034882,YTH16019147,9.210372161982697,48.79912609299229,(UTC+01:00) Europe/Paris DST,2013-08-25T23:00:00+02:00,2,3,na,5,13.0,2.2,na
Eco Counter GmbH,Landeshauptstadt Stuttgart,607,König-Karls-Brücke Barometer,100034882,YTH16019147,9.210372161982697,48.79912609299229,(UTC+01:00) Europe/Paris DST,2013-08-26T00:00:00+02:00,3,2,na,5,13.0,1.5,na
Eco Counter GmbH,Landeshauptstadt Stuttgart,607,König-Karls-Brücke Barometer,100034882,YTH16019147,9.210372161982697,48.79912609299229,(UTC+01:00) Europe/Paris DST,2013-08-26T01:00:00+02:00,1,2,na,3,13.0,1.2,na
Eco Counter GmbH,Landeshauptstadt Stuttgart,607,König-Karls-Brücke Barometer,100034882,YTH16019147,9.210372161982697,48.79912609299229,(UTC+01:00) Europe/Paris DST,2013-08-26T02:00:00+02:00,1,0,na,1,12.0,0.8,na
Eco Counter GmbH,Landeshauptstadt Stuttgart,607,König-Karls-Brücke Barometer,100034882,YTH16019147,9.210372161982697,48.79912609299229,(UTC+01:00) Europe/Paris DST,2013-08-26T03:00:00+02:00,0,0,na,0,12.0,0.4,na
Eco Counter GmbH,Landeshauptstadt Stuttgart,607,König-Karls-Brücke Barometer,100034882,YTH16019147,9.210372161982697,48.79912609299229,(UTC+01:00) Europe/Paris DST,2013-08-26T04:00:00+02:00,2,1,na,3,13.0,0.3,na
Eco Counter GmbH,Landeshauptstadt Stuttgart,607,König-Karls-Brücke Barometer,100034882,YTH16019147,9.210372161982697,48.79912609299229,(UTC+01:00) Europe/Paris DST,2013-08-26T05:00:00+02:00,6,13,na,19,13.0,0.2,na
Eco Counter GmbH,Landeshauptstadt Stuttgart,607,König-Karls-Brücke Barometer,100034882,YTH16019147,9.210372161982697,48.79912609299229,(UTC+01:00) Europe/Paris DST,2013-08-26T06:00:00+02:00,26,27,na,53,13.0,0.1,na
Eco Counter GmbH,Landeshauptstadt Stuttgart,607,König-Karls-Brücke Barometer,100034882,YTH16019147,9.210372161982697,48.79912609299229,(UTC+01:00) Europe/Paris DST,2013-08-26T07:00:00+02:00,53,51,na,104,15.0,0.1,na
Eco Counter GmbH,Landeshauptstadt Stuttgart,607,König-Karls-Brücke Barometer,100034882,YTH16019147,9.210372161982697,48.79912609299229,(UTC+01:00) Europe/Paris DST,2013-08-26T08:00:00+02:00,76,38,na,114,16.0,0.1,na
Eco Counter GmbH,Landeshauptstadt Stuttgart,607,König-Karls-Brücke Barometer,100034882,YTH16019147,9.210372161982697,48.79912609299229,(UTC+01:00) Europe/Paris DST,2013-08-26T09:00:00+02:00,33,47,na,80,18.0,0.1,na
Eco Counter GmbH,Landeshauptstadt Stuttgart,607,König-Karls-Brücke Barometer,100034882,YTH16019147,9.210372161982697,48.79912609299229,(UTC+01:00) Europe/Paris DST,2013-08-26T10:00:00+02:00,32,28,na,60,19.0,0.2,na
Eco Counter GmbH,Landeshauptstadt Stuttgart,607,König-Karls-Brücke Barometer,100034882,YTH16019147,9.210372161982697,48.79912609299229,(UTC+01:00) Europe/Paris DST,2013-08-26T11:00:00+02:00,24,30,na,54,21.0,0.4,na
Eco Counter GmbH,Landeshauptstadt Stuttgart,607,König-Karls-Brücke Barometer,100034882,YTH16019147,9.210372161982697,48.79912609299229,(UTC+01:00) Europe/Paris DST,2013-08-26T12:00:00+02:00,31,39,na,70,23.0,0.5,na
Eco Counter GmbH,Landeshauptstadt Stuttgart,607,König-Karls-Brücke Barometer,100034882,YTH16019147,9.210372161982697,48.79912609299229,(UTC+01:00) Europe/Paris DST,2013-08-26T13:00:00+02:00,38,40,na,78,24.0,0.6,na
Eco Counter GmbH,Landeshauptstadt Stuttgart,607,König-Karls-Brücke Barometer,100034882,YTH16019147,9.210372161982697,48.79912609299229,(UTC+01:00) Europe/Paris DST,2013-08-26T14:00:00+02:00,42,44,na,86,24.0,0.7,na
Eco Counter GmbH,Landeshauptstadt Stuttgart,607,König-Karls-Brücke Barometer,100034882,YTH16019147,9.210372161982697,48.79912609299229,(UTC+01:00) Europe/Paris DST,2013-08-26T15:00:00+02:00,50,53,na,103,24.0,0.8,na
Eco Counter GmbH,Landeshauptstadt Stuttgart,607,König-Karls-Brücke Barometer,100034882,YTH16019147,9.210372161982697,48.79912609299229,(UTC+01:00) Europe/Paris DST,2013-08-26T16:00:00+02:00,78,107,na,185,23.0,0.7,na
Eco Counter GmbH,Landeshauptstadt Stuttgart,607,König-Karls-Brücke Barometer,100034882,YTH16019147,9.210372161982697,48.79912609299229,(UTC+01:00) Europe/Paris DST,2013-08-26T17:00:00+02:00,126,99,na,225,21.0,0.6,na
Eco Counter GmbH,Landeshauptstadt Stuttgart,607,König-Karls-Brücke Barometer,100034882,YTH16019147,9.210372161982697,48.79912609299229,(UTC+01:00) Europe/Paris DST,2013-08-26T18:00:00+02:00,66,123,na,189,19.0,0.4,na
Eco Counter GmbH,Landeshauptstadt Stuttgart,607,König-Karls-Brücke Barometer,100034882,YTH16019147,9.210372161982697,48.79912609299229,(UTC+01:00) Europe/Paris DST,2013-08-26T19:00:00+02:00,60,95,na,155,17.0,0.3,na
Eco Counter GmbH,Landeshauptstadt Stuttgart,607,König-Karls-Brücke Barometer,100034882,YTH16019147,9.210372161982697,48.79912609299229,(UTC+01:00) Europe/Paris DST,2013-08-26T20:00:00+02:00,53,73,na,126,16.0,0.2,na
Eco Counter GmbH,Landeshauptstadt Stuttgart,607,König-Karls-Brücke Barometer,100034882,YTH16019147,9.210372161982697,48.79912609299229,(UTC+01:00) Europe/Paris DST,2013-08-26T21:00:00+02:00,31,20,na,51,14.0,0.1,na
Eco Counter GmbH,Landeshauptstadt Stuttgart,607,König-Karls-Brücke Barometer,100034882,YTH16019147,9.210372161982697,48.79912609299229,(UTC+01:00) Europe/Paris DST,2013-08-26T22:00:00+02:00,13,24,na,37,13.0,0.0,na
Eco Counter GmbH,Landeshauptstadt Stuttgart,607,König-Karls-Brücke Barometer,100034882,YTH16019147,9.210372161982697,48.79912609299229,(UTC+01:00) Europe/Paris DST,2013-08-26T23:00:00+02:00,14,8,na,22,12.0,0.0,na
Eco Counter GmbH,Landeshauptstadt Stuttgart,607,König-Karls-Brücke Barometer,100034882,YTH16019147,9.210372161982697,48.79912609299229,(UTC+01:00) Europe/Paris DST,2013-08-27T00:00:00+02:00,2,10,na,12,11.0,0.0,na
Eco Counter GmbH,Landeshauptstadt Stuttgart,607,König-Karls-Brücke Barometer,100034882,YTH16019147,9.210372161982697,48.79912609299229,(UTC+01:00) Europe/Paris DST,2013-08-27T01:00:00+02:00,0,2,na,2,11.0,0.0,na
Eco Counter GmbH,Landeshauptstadt Stuttgart,607,König-Karls-Brücke Barometer,100034882,YTH16019147,9.210372161982697,48.79912609299229,(UTC+01:00) Europe/Paris DST,2013-08-27T02:00:00+02:00,1,1,na,2,10.0,0.0,na
Eco Counter GmbH,Landeshauptstadt Stuttgart,607,König-Karls-Brücke Barometer,100034882,YTH16019147,9.210372161982697,48.79912609299229,(UTC+01:00) Europe/Paris DST,2013-08-27T03:00:00+02:00,0,1,na,1,10.0,0.0,na
Eco Counter GmbH,Landeshauptstadt Stuttgart,607,König-Karls-Brücke Barometer,100034882,YTH16019147,9.210372161982697,48.79912609299229,(UTC+01:00) Europe/Paris DST,2013-08-27T04:00:00+02:00,3,3,na,6,10.0,0.0,na
Eco Counter GmbH,Landeshauptstadt Stuttgart,607,König-Karls-Brücke Barometer,100034882,YTH16019147,9.210372161982697,48.79912609299229,(UTC+01:00) Europe/Paris DST,2013-08-27T05:00:00+02:00,15,10,na,25,11.0,0.0,na
Eco Counter GmbH,Landeshauptstadt Stuttgart,607,König-Karls-Brücke Barometer,100034882,YTH16019147,9.210372161982697,48.79912609299229,(UTC+01:00) Europe/Paris DST,2013-08-27T06:00:00+02:00,59,43,na,102,12.0,0.0,na
Eco Counter GmbH,Landeshauptstadt Stuttgart,607,König-Karls-Brücke Barometer,100034882,YTH16019147,9.210372161982697,48.79912609299229,(UTC+01:00) Europe/Paris DST,2013-08-27T07:00:00+02:00,86,66,na,152,14.0,0.0,na
Eco Counter GmbH,Landeshauptstadt Stuttgart,607,König-Karls-Brücke Barometer,100034882,YTH16019147,9.210372161982697,48.79912609299229,(UTC+01:00) Europe/Paris DST,2013-08-27T08:00:00+02:00,101,69,na,170,16.0,0.0,na
Eco Counter GmbH,Landeshauptstadt Stuttgart,607,König-Karls-Brücke Barometer,100034882,YTH16019147,9.210372161982697,48.79912609299229,(UTC+01:00) Europe/Paris DST,2013-08-27T09:00:00+02:00,52,43,na,95,18.0,0.0,na
Eco Counter GmbH,Landeshauptstadt Stuttgart,607,König-Karls-Brücke Barometer,100034882,YTH16019147,9.210372161982697,48.79912609299229,(UTC+01:00) Europe/Paris DST,2013-08-27T10:00:00+02:00,31,35,na,66,20.0,0.2,na
Eco Counter GmbH,Landeshauptstadt Stuttgart,607,König-Karls-Brücke Barometer,100034882,YTH16019147,9.210372161982697,48.79912609299229,(UTC+01:00) Europe/Paris DST,2013-08-27T11:00:00+02:00,37,38,na,75,21.0,0.3,na
Eco Counter GmbH,Landeshauptstadt Stuttgart,607,König-Karls-Brücke Barometer,100034882,YTH16019147,9.210372161982697,48.79912609299229,(UTC+01:00) Europe/Paris DST,2013-08-27T12:00:00+02:00,33,38,na,71,22.0,0.5,na
Eco Counter GmbH,Landeshauptstadt Stuttgart,607,König-Karls-Brücke Barometer,100034882,YTH16019147,9.210372161982697,48.79912609299229,(UTC+01:00) Europe/Paris DST,2013-08-27T13:00:00+02:00,37,56,na,93,22.0,0.7,na
Eco Counter GmbH,Landeshauptstadt Stuttgart,607,König-Karls-Brücke Barometer,100034882,YTH16019147,9.210372161982697,48.79912609299229,(UTC+01:00) Europe/Paris DST,2013-08-27T14:00:00+02:00,38,55,na,93,22.0,0.9,na
Eco Counter GmbH,Landeshauptstadt Stuttgart,607,König-Karls-Brücke Barometer,100034882,YTH16019147,9.210372161982697,48.79912609299229,(UTC+01:00) Europe/Paris DST,2013-08-27T15:00:00+02:00,48,71,na,119,22.0,1.2,na
Eco Counter GmbH,Landeshauptstadt Stuttgart,607,König-Karls-Brücke Barometer,100034882,YTH16019147,9.210372161982697,48.79912609299229,(UTC+01:00) Europe/Paris DST,2013-08-27T16:00:00+02:00,86,117,na,203,21.0,1.0,na
Eco Counter GmbH,Landeshauptstadt Stuttgart,607,König-Karls-Brücke Barometer,100034882,YTH16019147,9.210372161982697,48.79912609299229,(UTC+01:00) Europe/Paris DST,2013-08-27T17:00:00+02:00,91,137,na,228,19.0,0.9,na
Eco Counter GmbH,Landeshauptstadt Stuttgart,607,König-Karls-Brücke Barometer,100034882,YTH16019147,9.210372161982697,48.79912609299229,(UTC+01:00) Europe/Paris DST,2013-08-27T18:00:00+02:00,74,110,na,184,18.0,0.7,na
Eco Counter GmbH,Landeshauptstadt Stuttgart,607,König-Karls-Brücke Barometer,100034882,YTH16019147,9.210372161982697,48.79912609299229,(UTC+01:00) Europe/Paris DST,2013-08-27T19:00:00+02:00,49,70,na,119,16.0,0.6,na
Eco Counter GmbH,Landeshauptstadt Stuttgart,607,König-Karls-Brücke Barometer,100034882,YTH16019147,9.210372161982697,48.79912609299229,(UTC+01:00) Europe/Paris DST,2013-08-27T20:00:00+02:00,27,33,na,60,14.0,0.4,na
Eco Counter GmbH,Landeshauptstadt Stuttgart,607,König-Karls-Brücke Barometer,100034882,YTH16019147,9.210372161982697,48.79912609299229,(UTC+01:00) Europe/Paris DST,2013-08-27T21:00:00+02:00,21,20,na,41,13.0,0.2,na
Eco Counter GmbH,Landeshauptstadt Stuttgart,607,König-Karls-Brücke Barometer,100034882,YTH16019147,9.210372161982697,48.79912609299229,(UTC+01:00) Europe/Paris DST,2013-08-27T22:00:00+02:00,10,14,na,24,12.0,0.1,na
Eco Counter GmbH,Landeshauptstadt Stuttgart,607,König-Karls-Brücke Barometer,100034882,YTH16019147,9.210372161982697,48.79912609299229,(UTC+01:00) Europe/Paris DST,2013-08-27T23:00:00+02:00,15,6,na,21,11.0,0.1,na
Eco Counter GmbH,Landeshauptstadt Stuttgart,607,König-Karls-Brücke Barometer,100034882,YTH16019147,9.210372161982697,48.79912609299229,(UTC+01:00) Europe/Paris DST,2013-08-28T00:00:00+02:00,3,8,na,11,10.0,0.0,na
Eco Counter GmbH,Landeshauptstadt Stuttgart,607,König-Karls-Brücke Barometer,100034882,YTH16019147,9.210372161982697,48.79912609299229,(UTC+01:00) Europe/Paris DST,2013-08-28T01:00:00+02:00,0,4,na,4,9.0,0.0,na
Eco Counter GmbH,Landeshauptstadt Stuttgart,607,König-Karls-Brücke Barometer,100034882,YTH16019147,9.210372161982697,48.79912609299229,(UTC+01:00) Europe/Paris DST,2013-08-28T02:00:00+02:00,0,1,na,1,9.0,0.0,na
Eco Counter GmbH,Landeshauptstadt Stuttgart,607,König-Karls-Brücke Barometer,100034882,YTH16019147,9.210372161982697,48.79912609299229,(UTC+01:00) Europe/Paris DST,2013-08-28T03:00:00+02:00,0,3,na,3,8.0,0.0,na
Eco Counter GmbH,Landeshauptstadt Stuttgart,607,König-Karls-Brücke Barometer,100034882,YTH16019147,9.210372161982697,48.79912609299229,(UTC+01:00) Europe/Paris DST,2013-08-28T04:00:00+02:00,5,1,na,6,10.0,0.0,na
Eco Counter GmbH,Landeshauptstadt Stuttgart,607,König-Karls-Brücke Barometer,100034882,YTH16019147,9.210372161982697,48.79912609299229,(UTC+01:00) Europe/Paris DST,2013-08-28T05:00:00+02:00,12,13,na,25,11.0,0.0,na
Eco Counter GmbH,Landeshauptstadt Stuttgart,607,König-Karls-Brücke Barometer,100034882,YTH16019147,9.210372161982697,48.79912609299229,(UTC+01:00) Europe/Paris DST,2013-08-28T06:00:00+02:00,60,36,na,96,12.0,0.0,na
Eco Counter GmbH,Landeshauptstadt Stuttgart,607,König-Karls-Brücke Barometer,100034882,YTH16019147,9.210372161982697,48.79912609299229,(UTC+01:00) Europe/Paris DST,2013-08-28T07:00:00+02:00,105,83,na,188,14.0,0.0,na
Eco Counter GmbH,Landeshauptstadt Stuttgart,607,König-Karls-Brücke Barometer,100034882,YTH16019147,9.210372161982697,48.79912609299229,(UTC+01:00) Europe/Paris DST,2013-08-28T08:00:00+02:00,98,75,na,173,16.0,0.0,na
Eco Counter GmbH,Landeshauptstadt Stuttgart,607,König-Karls-Brücke Barometer,100034882,YTH16019147,9.210372161982697,48.79912609299229,(UTC+01:00) Europe/Paris DST,2013-08-28T09:00:00+02:00,67,40,na,107,18.0,0.1,na
Eco Counter GmbH,Landeshauptstadt Stuttgart,607,König-Karls-Brücke Barometer,100034882,YTH16019147,9.210372161982697,48.79912609299229,(UTC+01:00) Europe/Paris DST,2013-08-28T10:00:00+02:00,41,45,na,86,20.0,0.1,na
Eco Counter GmbH,Landeshauptstadt Stuttgart,607,König-Karls-Brücke Barometer,100034882,YTH16019147,9.210372161982697,48.79912609299229,(UTC+01:00) Europe/Paris DST,2013-08-28T11:00:00+02:00,52,37,na,89,21.0,0.2,na
Eco Counter GmbH,Landeshauptstadt Stuttgart,607,König-Karls-Brücke Barometer,100034882,YTH16019147,9.210372161982697,48.79912609299229,(UTC+01:00) Europe/Paris DST,2013-08-28T12:00:00+02:00,79,37,na,116,22.0,0.3,na
Eco Counter GmbH,Landeshauptstadt Stuttgart,607,König-Karls-Brücke Barometer,100034882,YTH16019147,9.210372161982697,48.79912609299229,(UTC+01:00) Europe/Paris DST,2013-08-28T13:00:00+02:00,62,73,na,135,22.0,0.3,na
Eco Counter GmbH,Landeshauptstadt Stuttgart,607,König-Karls-Brücke Barometer,100034882,YTH16019147,9.210372161982697,48.79912609299229,(UTC+01:00) Europe/Paris DST,2013-08-28T14:00:00+02:00,57,64,na,121,23.0,0.3,na
Eco Counter GmbH,Landeshauptstadt Stuttgart,607,König-Karls-Brücke Barometer,100034882,YTH16019147,9.210372161982697,48.79912609299229,(UTC+01:00) Europe/Paris DST,2013-08-28T15:00:00+02:00,76,95,na,171,23.0,0.3,na
Eco Counter GmbH,Landeshauptstadt Stuttgart,607,König-Karls-Brücke Barometer,100034882,YTH16019147,9.210372161982697,48.79912609299229,(UTC+01:00) Europe/Paris DST,2013-08-28T16:00:00+02:00,94,122,na,216,21.0,0.2,na
Eco Counter GmbH,Landeshauptstadt Stuttgart,607,König-Karls-Brücke Barometer,100034882,YTH16019147,9.210372161982697,48.79912609299229,(UTC+01:00) Europe/Paris DST,2013-08-28T17:00:00+02:00,132,193,na,325,19.0,0.2,na
Eco Counter GmbH,Landeshauptstadt Stuttgart,607,König-Karls-Brücke Barometer,100034882,YTH16019147,9.210372161982697,48.79912609299229,(UTC+01:00) Europe/Paris DST,2013-08-28T18:00:00+02:00,79,121,na,200,18.0,0.1,na
Eco Counter GmbH,Landeshauptstadt Stuttgart,607,König-Karls-Brücke Barometer,100034882,YTH16019147,9.210372161982697,48.79912609299229,(UTC+01:00) Europe/Paris DST,2013-08-28T19:00:00+02:00,68,126,na,194,15.0,0.1,na
Eco Counter GmbH,Landeshauptstadt Stuttgart,607,König-Karls-Brücke Barometer,100034882,YTH16019147,9.210372161982697,48.79912609299229,(UTC+01:00) Europe/Paris DST,2013-08-28T20:00:00+02:00,54,75,na,129,13.0,0.1,na
Eco Counter GmbH,Landeshauptstadt Stuttgart,607,König-Karls-Brücke Barometer,100034882,YTH16019147,9.210372161982697,48.79912609299229,(UTC+01:00) Europe/Paris DST,2013-08-28T21:00:00+02:00,26,29,na,55,11.0,0.0,na
Eco Counter GmbH,Landeshauptstadt Stuttgart,607,König-Karls-Brücke Barometer,100034882,YTH16019147,9.210372161982697,48.79912609299229,(UTC+01:00) Europe/Paris DST,2013-08-28T22:00:00+02:00,13,32,na,45,10.0,0.0,na
Eco Counter GmbH,Landeshauptstadt Stuttgart,607,König-Karls-Brücke Barometer,100034882,YTH16019147,9.210372161982697,48.79912609299229,(UTC+01:00) Europe/Paris DST,2013-08-28T23:00:00+02:00,19,13,na,32,10.0,0.0,na
Eco Counter GmbH,Landeshauptstadt Stuttgart,607,König-Karls-Brücke Barometer,100034882,YTH16019147,9.210372161982697,48.79912609299229,(UTC+01:00) Europe/Paris DST,2013-08-29T00:00:00+02:00,1,6,na,7,9.0,0.0,na
Eco Counter GmbH,Landeshauptstadt Stuttgart,607,König-Karls-Brücke Barometer,100034882,YTH16019147,9.210372161982697,48.79912609299229,(UTC+01:00) Europe/Paris DST,2013-08-29T01:00:00+02:00,1,3,na,4,9.0,0.0,na
Eco Counter GmbH,Landeshauptstadt Stuttgart,607,König-Karls-Brücke Barometer,100034882,YTH16019147,9.210372161982697,48.79912609299229,(UTC+01:00) Europe/Paris DST,2013-08-29T02:00:00+02:00,2,2,na,4,8.0,0.0,na
Eco Counter GmbH,Landeshauptstadt Stuttgart,607,König-Karls-Brücke Barometer,100034882,YTH16019147,9.210372161982697,48.79912609299229,(UTC+01:00) Europe/Paris DST,2013-08-29T03:00:00+02:00,3,1,na,4,8.0,0.0,na
Eco Counter GmbH,Landeshauptstadt Stuttgart,607,König-Karls-Brücke Barometer,100034882,YTH16019147,9.210372161982697,48.79912609299229,(UTC+01:00) Europe/Paris DST,2013-08-29T04:00:00+02:00,2,1,na,3,9.0,0.0,na
Eco Counter GmbH,Landeshauptstadt Stuttgart,607,König-Karls-Brücke Barometer,100034882,YTH16019147,9.210372161982697,48.79912609299229,(UTC+01:00) Europe/Paris DST,2013-08-29T05:00:00+02:00,14,11,na,25,11.0,0.0,na
Eco Counter GmbH,Landeshauptstadt Stuttgart,607,König-Karls-Brücke Barometer,100034882,YTH16019147,9.210372161982697,48.79912609299229,(UTC+01:00) Europe/Paris DST,2013-08-29T06:00:00+02:00,59,41,na,100,12.0,0.0,na
Eco Counter GmbH,Landeshauptstadt Stuttgart,607,König-Karls-Brücke Barometer,100034882,YTH16019147,9.210372161982697,48.79912609299229,(UTC+01:00) Europe/Paris DST,2013-08-29T07:00:00+02:00,106,94,na,200,14.0,0.0,na
Eco Counter GmbH,Landeshauptstadt Stuttgart,607,König-Karls-Brücke Barometer,100034882,YTH16019147,9.210372161982697,48.79912609299229,(UTC+01:00) Europe/Paris DST,2013-08-29T08:00:00+02:00,121,79,na,200,16.0,0.0,na
Eco Counter GmbH,Landeshauptstadt Stuttgart,607,König-Karls-Brücke Barometer,100034882,YTH16019147,9.210372161982697,48.79912609299229,(UTC+01:00) Europe/Paris DST,2013-08-29T09:00:00+02:00,78,80,na,158,18.0,0.0,na
Eco Counter GmbH,Landeshauptstadt Stuttgart,607,König-Karls-Brücke Barometer,100034882,YTH16019147,9.210372161982697,48.79912609299229,(UTC+01:00) Europe/Paris DST,2013-08-29T10:00:00+02:00,60,71,na,131,20.0,0.0,na
Eco Counter GmbH,Landeshauptstadt Stuttgart,607,König-Karls-Brücke Barometer,100034882,YTH16019147,9.210372161982697,48.79912609299229,(UTC+01:00) Europe/Paris DST,2013-08-29T11:00:00+02:00,86,95,na,181,22.0,0.0,na
Eco Counter GmbH,Landeshauptstadt Stuttgart,607,König-Karls-Brücke Barometer,100034882,YTH16019147,9.210372161982697,48.79912609299229,(UTC+01:00) Europe/Paris DST,2013-08-29T12:00:00+02:00,98,91,na,189,24.0,0.0,na
Eco Counter GmbH,Landeshauptstadt Stuttgart,607,König-Karls-Brücke Barometer,100034882,YTH16019147,9.210372161982697,48.79912609299229,(UTC+01:00) Europe/Paris DST,2013-08-29T13:00:00+02:00,93,89,na,182,24.0,0.0,na
Eco Counter GmbH,Landeshauptstadt Stuttgart,607,König-Karls-Brücke Barometer,100034882,YTH16019147,9.210372161982697,48.79912609299229,(UTC+01:00) Europe/Paris DST,2013-08-29T14:00:00+02:00,108,129,na,237,25.0,0.0,na
Eco Counter GmbH,Landeshauptstadt Stuttgart,607,König-Karls-Brücke Barometer,100034882,YTH16019147,9.210372161982697,48.79912609299229,(UTC+01:00) Europe/Paris DST,2013-08-29T15:00:00+02:00,107,138,na,245,25.0,0.1,na
Eco Counter GmbH,Landeshauptstadt Stuttgart,607,König-Karls-Brücke Barometer,100034882,YTH16019147,9.210372161982697,48.79912609299229,(UTC+01:00) Europe/Paris DST,2013-08-29T16:00:00+02:00,134,179,na,313,23.0,0.1,na
Eco Counter GmbH,Landeshauptstadt Stuttgart,607,König-Karls-Brücke Barometer,100034882,YTH16019147,9.210372161982697,48.79912609299229,(UTC+01:00) Europe/Paris DST,2013-08-29T17:00:00+02:00,167,244,na,411,21.0,0.0,na
Eco Counter GmbH,Landeshauptstadt Stuttgart,607,König-Karls-Brücke Barometer,100034882,YTH16019147,9.210372161982697,48.79912609299229,(UTC+01:00) Europe/Paris DST,2013-08-29T18:00:00+02:00,142,222,na,364,19.0,0.0,na
Eco Counter GmbH,Landeshauptstadt Stuttgart,607,König-Karls-Brücke Barometer,100034882,YTH16019147,9.210372161982697,48.79912609299229,(UTC+01:00) Europe/Paris DST,2013-08-29T19:00:00+02:00,93,134,na,227,17.0,0.0,na
Eco Counter GmbH,Landeshauptstadt Stuttgart,607,König-Karls-Brücke Barometer,100034882,YTH16019147,9.210372161982697,48.79912609299229,(UTC+01:00) Europe/Paris DST,2013-08-29T20:00:00+02:00,94,98,na,192,15.0,0.0,na
Eco Counter GmbH,Landeshauptstadt Stuttgart,607,König-Karls-Brücke Barometer,100034882,YTH16019147,9.210372161982697,48.79912609299229,(UTC+01:00) Europe/Paris DST,2013-08-29T21:00:00+02:00,44,50,na,94,13.0,0.0,na
Eco Counter GmbH,Landeshauptstadt Stuttgart,607,König-Karls-Brücke Barometer,100034882,YTH16019147,9.210372161982697,48.79912609299229,(UTC+01:00) Europe/Paris DST,2013-08-29T22:00:00+02:00,43,46,na,89,12.0,0.0,na
Eco Counter GmbH,Landeshauptstadt Stuttgart,607,König-Karls-Brücke Barometer,100034882,YTH16019147,9.210372161982697,48.79912609299229,(UTC+01:00) Europe/Paris DST,2013-08-29T23:00:00+02:00,26,22,na,48,11.0,0.0,na
Eco Counter GmbH,Landeshauptstadt Stuttgart,607,König-Karls-Brücke Barometer,100034882,YTH16019147,9.210372161982697,48.79912609299229,(UTC+01:00) Europe/Paris DST,2013-08-30T00:00:00+02:00,3,15,na,18,10.0,0.0,na
Eco Counter GmbH,Landeshauptstadt Stuttgart,607,König-Karls-Brücke Barometer,100034882,YTH16019147,9.210372161982697,48.79912609299229,(UTC+01:00) Europe/Paris DST,2013-08-30T01:00:00+02:00,8,9,na,17,10.0,0.0,na
Eco Counter GmbH,Landeshauptstadt Stuttgart,607,König-Karls-Brücke Barometer,100034882,YTH16019147,9.210372161982697,48.79912609299229,(UTC+01:00) Europe/Paris DST,2013-08-30T02:00:00+02:00,5,4,na,9,9.0,0.0,na
Eco Counter GmbH,Landeshauptstadt Stuttgart,607,König-Karls-Brücke Barometer,100034882,YTH16019147,9.210372161982697,48.79912609299229,(UTC+01:00) Europe/Paris DST,2013-08-30T03:00:00+02:00,1,5,na,6,9.0,0.0,na
Eco Counter GmbH,Landeshauptstadt Stuttgart,607,König-Karls-Brücke Barometer,100034882,YTH16019147,9.210372161982697,48.79912609299229,(UTC+01:00) Europe/Paris DST,2013-08-30T04:00:00+02:00,4,0,na,4,10.0,0.0,na
Eco Counter GmbH,Landeshauptstadt Stuttgart,607,König-Karls-Brücke Barometer,100034882,YTH16019147,9.210372161982697,48.79912609299229,(UTC+01:00) Europe/Paris DST,2013-08-30T05:00:00+02:00,16,14,na,30,12.0,0.0,na
Eco Counter GmbH,Landeshauptstadt Stuttgart,607,König-Karls-Brücke Barometer,100034882,YTH16019147,9.210372161982697,48.79912609299229,(UTC+01:00) Europe/Paris DST,2013-08-30T06:00:00+02:00,49,43,na,92,13.0,0.0,na
Eco Counter GmbH,Landeshauptstadt Stuttgart,607,König-Karls-Brücke Barometer,100034882,YTH16019147,9.210372161982697,48.79912609299229,(UTC+01:00) Europe/Paris DST,2013-08-30T07:00:00+02:00,103,99,na,202,16.0,0.0,na
Eco Counter GmbH,Landeshauptstadt Stuttgart,607,König-Karls-Brücke Barometer,100034882,YTH16019147,9.210372161982697,48.79912609299229,(UTC+01:00) Europe/Paris DST,2013-08-30T08:00:00+02:00,119,84,na,203,18.0,0.0,na
Eco Counter GmbH,Landeshauptstadt Stuttgart,607,König-Karls-Brücke Barometer,100034882,YTH16019147,9.210372161982697,48.79912609299229,(UTC+01:00) Europe/Paris DST,2013-08-30T09:00:00+02:00,68,71,na,139,21.0,0.0,na
Eco Counter GmbH,Landeshauptstadt Stuttgart,607,König-Karls-Brücke Barometer,100034882,YTH16019147,9.210372161982697,48.79912609299229,(UTC+01:00) Europe/Paris DST,2013-08-30T10:00:00+02:00,41,68,na,109,23.0,0.0,na
Eco Counter GmbH,Landeshauptstadt Stuttgart,607,König-Karls-Brücke Barometer,100034882,YTH16019147,9.210372161982697,48.79912609299229,(UTC+01:00) Europe/Paris DST,2013-08-30T11:00:00+02:00,67,99,na,166,25.0,0.0,na
Eco Counter GmbH,Landeshauptstadt Stuttgart,607,König-Karls-Brücke Barometer,100034882,YTH16019147,9.210372161982697,48.79912609299229,(UTC+01:00) Europe/Paris DST,2013-08-30T12:00:00+02:00,85,99,na,184,27.0,0.0,na
Eco Counter GmbH,Landeshauptstadt Stuttgart,607,König-Karls-Brücke Barometer,100034882,YTH16019147,9.210372161982697,48.79912609299229,(UTC+01:00) Europe/Paris DST,2013-08-30T13:00:00+02:00,79,111,na,190,27.0,0.0,na
Eco Counter GmbH,Landeshauptstadt Stuttgart,607,König-Karls-Brücke Barometer,100034882,YTH16019147,9.210372161982697,48.79912609299229,(UTC+01:00) Europe/Paris DST,2013-08-30T14:00:00+02:00,116,123,na,239,27.0,0.0,na
Eco Counter GmbH,Landeshauptstadt Stuttgart,607,König-Karls-Brücke Barometer,100034882,YTH16019147,9.210372161982697,48.79912609299229,(UTC+01:00) Europe/Paris DST,2013-08-30T15:00:00+02:00,137,164,na,301,28.0,0.0,na
Eco Counter GmbH,Landeshauptstadt Stuttgart,607,König-Karls-Brücke Barometer,100034882,YTH16019147,9.210372161982697,48.79912609299229,(UTC+01:00) Europe/Paris DST,2013-08-30T16:00:00+02:00,159,172,na,331,25.0,0.0,na
Eco Counter GmbH,Landeshauptstadt Stuttgart,607,König-Karls-Brücke Barometer,100034882,YTH16019147,9.210372161982697,48.79912609299229,(UTC+01:00) Europe/Paris DST,2013-08-30T17:00:00+02:00,134,194,na,328,22.0,0.0,na
Eco Counter GmbH,Landeshauptstadt Stuttgart,607,König-Karls-Brücke Barometer,100034882,YTH16019147,9.210372161982697,48.79912609299229,(UTC+01:00) Europe/Paris DST,2013-08-30T18:00:00+02:00,132,155,na,287,20.0,0.0,na
Eco Counter GmbH,Landeshauptstadt Stuttgart,607,König-Karls-Brücke Barometer,100034882,YTH16019147,9.210372161982697,48.79912609299229,(UTC+01:00) Europe/Paris DST,2013-08-30T19:00:00+02:00,85,115,na,200,18.0,0.0,na
Eco Counter GmbH,Landeshauptstadt Stuttgart,607,König-Karls-Brücke Barometer,100034882,YTH16019147,9.210372161982697,48.79912609299229,(UTC+01:00) Europe/Paris DST,2013-08-30T20:00:00+02:00,57,69,na,126,16.0,0.0,na
Eco Counter GmbH,Landeshauptstadt Stuttgart,607,König-Karls-Brücke Barometer,100034882,YTH16019147,9.210372161982697,48.79912609299229,(UTC+01:00) Europe/Paris DST,2013-08-30T21:00:00+02:00,32,33,na,65,14.0,0.0,na
Eco Counter GmbH,Landeshauptstadt Stuttgart,607,König-Karls-Brücke Barometer,100034882,YTH16019147,9.210372161982697,48.79912609299229,(UTC+01:00) Europe/Paris DST,2013-08-30T22:00:00+02:00,12,24,na,36,13.0,0.0,na
Eco Counter GmbH,Landeshauptstadt Stuttgart,607,König-Karls-Brücke Barometer,100034882,YTH16019147,9.210372161982697,48.79912609299229,(UTC+01:00) Europe/Paris DST,2013-08-30T23:00:00+02:00,16,24,na,40,13.0,0.0,na
Eco Counter GmbH,Landeshauptstadt Stuttgart,607,König-Karls-Brücke Barometer,100034882,YTH16019147,9.210372161982697,48.79912609299229,(UTC+01:00) Europe/Paris DST,2013-08-31T00:00:00+02:00,15,9,na,24,13.0,0.0,na
Eco Counter GmbH,Landeshauptstadt Stuttgart,607,König-Karls-Brücke Barometer,100034882,YTH16019147,9.210372161982697,48.79912609299229,(UTC+01:00) Europe/Paris DST,2013-08-31T01:00:00+02:00,3,8,na,11,13.0,0.0,na
Eco Counter GmbH,Landeshauptstadt Stuttgart,607,König-Karls-Brücke Barometer,100034882,YTH16019147,9.210372161982697,48.79912609299229,(UTC+01:00) Europe/Paris DST,2013-08-31T02:00:00+02:00,3,12,na,15,12.0,0.0,na
Eco Counter GmbH,Landeshauptstadt Stuttgart,607,König-Karls-Brücke Barometer,100034882,YTH16019147,9.210372161982697,48.79912609299229,(UTC+01:00) Europe/Paris DST,2013-08-31T03:00:00+02:00,9,2,na,11,12.0,0.0,na
Eco Counter GmbH,Landeshauptstadt Stuttgart,607,König-Karls-Brücke Barometer,100034882,YTH16019147,9.210372161982697,48.79912609299229,(UTC+01:00) Europe/Paris DST,2013-08-31T04:00:00+02:00,4,2,na,6,13.0,0.0,na
Eco Counter GmbH,Landeshauptstadt Stuttgart,607,König-Karls-Brücke Barometer,100034882,YTH16019147,9.210372161982697,48.79912609299229,(UTC+01:00) Europe/Paris DST,2013-08-31T05:00:00+02:00,5,5,na,10,13.0,0.0,na
Eco Counter GmbH,Landeshauptstadt Stuttgart,607,König-Karls-Brücke Barometer,100034882,YTH16019147,9.210372161982697,48.79912609299229,(UTC+01:00) Europe/Paris DST,2013-08-31T06:00:00+02:00,14,11,na,25,14.0,0.0,na
Eco Counter GmbH,Landeshauptstadt Stuttgart,607,König-Karls-Brücke Barometer,100034882,YTH16019147,9.210372161982697,48.79912609299229,(UTC+01:00) Europe/Paris DST,2013-08-31T07:00:00+02:00,11,18,na,29,15.0,0.0,na
Eco Counter GmbH,Landeshauptstadt Stuttgart,607,König-Karls-Brücke Barometer,100034882,YTH16019147,9.210372161982697,48.79912609299229,(UTC+01:00) Europe/Paris DST,2013-08-31T08:00:00+02:00,19,22,na,41,17.0,0.0,na
Eco Counter GmbH,Landeshauptstadt Stuttgart,607,König-Karls-Brücke Barometer,100034882,YTH16019147,9.210372161982697,48.79912609299229,(UTC+01:00) Europe/Paris DST,2013-08-31T09:00:00+02:00,30,51,na,81,19.0,0.0,na
Eco Counter GmbH,Landeshauptstadt Stuttgart,607,König-Karls-Brücke Barometer,100034882,YTH16019147,9.210372161982697,48.79912609299229,(UTC+01:00) Europe/Paris DST,2013-08-31T10:00:00+02:00,64,89,na,153,20.0,0.0,na
Eco Counter GmbH,Landeshauptstadt Stuttgart,607,König-Karls-Brücke Barometer,100034882,YTH16019147,9.210372161982697,48.79912609299229,(UTC+01:00) Europe/Paris DST,2013-08-31T11:00:00+02:00,83,111,na,194,21.0,0.0,na
Eco Counter GmbH,Landeshauptstadt Stuttgart,607,König-Karls-Brücke Barometer,100034882,YTH16019147,9.210372161982697,48.79912609299229,(UTC+01:00) Europe/Paris DST,2013-08-31T12:00:00+02:00,130,152,na,282,23.0,0.0,na
Eco Counter GmbH,Landeshauptstadt Stuttgart,607,König-Karls-Brücke Barometer,100034882,YTH16019147,9.210372161982697,48.79912609299229,(UTC+01:00) Europe/Paris DST,2013-08-31T13:00:00+02:00,135,157,na,292,23.0,0.0,na
Eco Counter GmbH,Landeshauptstadt Stuttgart,607,König-Karls-Brücke Barometer,100034882,YTH16019147,9.210372161982697,48.79912609299229,(UTC+01:00) Europe/Paris DST,2013-08-31T14:00:00+02:00,115,124,na,239,24.0,0.0,na
Eco Counter GmbH,Landeshauptstadt Stuttgart,607,König-Karls-Brücke Barometer,100034882,YTH16019147,9.210372161982697,48.79912609299229,(UTC+01:00) Europe/Paris DST,2013-08-31T15:00:00+02:00,123,116,na,239,24.0,0.0,na
Eco Counter GmbH,Landeshauptstadt Stuttgart,607,König-Karls-Brücke Barometer,100034882,YTH16019147,9.210372161982697,48.79912609299229,(UTC+01:00) Europe/Paris DST,2013-08-31T16:00:00+02:00,130,113,na,243,23.0,0.0,na
Eco Counter GmbH,Landeshauptstadt Stuttgart,607,König-Karls-Brücke Barometer,100034882,YTH16019147,9.210372161982697,48.79912609299229,(UTC+01:00) Europe/Paris DST,2013-08-31T17:00:00+02:00,105,115,na,220,21.0,0.0,na
Eco Counter GmbH,Landeshauptstadt Stuttgart,607,König-Karls-Brücke Barometer,100034882,YTH16019147,9.210372161982697,48.79912609299229,(UTC+01:00) Europe/Paris DST,2013-08-31T18:00:00+02:00,78,84,na,162,20.0,0.0,na
Eco Counter GmbH,Landeshauptstadt Stuttgart,607,König-Karls-Brücke Barometer,100034882,YTH16019147,9.210372161982697,48.79912609299229,(UTC+01:00) Europe/Paris DST,2013-08-31T19:00:00+02:00,41,59,na,100,18.0,0.3,na
Eco Counter GmbH,Landeshauptstadt Stuttgart,607,König-Karls-Brücke Barometer,100034882,YTH16019147,9.210372161982697,48.79912609299229,(UTC+01:00) Europe/Paris DST,2013-08-31T20:00:00+02:00,22,46,na,68,17.0,0.5,na
Eco Counter GmbH,Landeshauptstadt Stuttgart,607,König-Karls-Brücke Barometer,100034882,YTH16019147,9.210372161982697,48.79912609299229,(UTC+01:00) Europe/Paris DST,2013-08-31T21:00:00+02:00,17,25,na,42,15.0,0.8,na
Eco Counter GmbH,Landeshauptstadt Stuttgart,607,König-Karls-Brücke Barometer,100034882,YTH16019147,9.210372161982697,48.79912609299229,(UTC+01:00) Europe/Paris DST,2013-08-31T22:00:00+02:00,21,17,na,38,14.0,0.7,na
