operator_name,domain_name,domain_id,counter_site,counter_site_id,counter_serial,longitude,latitude,timezone,iso_timestamp,channels_in,channels_out,channels_unknown,channels_all,site_temperature,site_rain_accumulation,site_snow_accumulation
Eco Counter GmbH,Stadt Tübingen,667,Fuß- & Radtunnel Südportal - Derendinger Allee,100003358,YAH24052174,9.04806,48.518,(UTC+01:00) Europe/Paris DST,2013-06-21T00:00:00+02:00,0,0,na,0,14.0,1.5,na
Eco Counter GmbH,Stadt Tübingen,667,Fuß- & Radtunnel Südportal - Derendinger Allee,100003358,YAH24052174,9.04806,48.518,(UTC+01:00) Europe/Paris DST,2013-06-21T01:00:00+02:00,0,0,na,0,14.0,0.0,na
Eco Counter GmbH,Stadt Tübingen,667,Fuß- & Radtunnel Südportal - Derendinger Allee,100003358,YAH24052174,9.04806,48.518,(UTC+01:00) Europe/Paris DST,2013-06-21T02:00:00+02:00,0,0,na,0,13.0,0.0,na
Eco Counter GmbH,Stadt Tübingen,667,Fuß- & Radtunnel Südportal - Derendinger Allee,100003358,YAH24052174,9.04806,48.518,(UTC+01:00) Europe/Paris DST,2013-06-21T03:00:00+02:00,0,0,na,0,13.0,0.0,na
Eco Counter GmbH,Stadt Tübingen,667,Fuß- & Radtunnel Südportal - Derendinger Allee,100003358,YAH24052174,9.04806,48.518,(UTC+01:00) Europe/Paris DST,2013-06-21T04:00:00+02:00,0,0,na,0,13.0,0.0,na
Eco Counter GmbH,Stadt Tübingen,667,Fuß- & Radtunnel Südportal - Derendinger Allee,100003358,YAH24052174,9.04806,48.518,(UTC+01:00) Europe/Paris DST,2013-06-21T06:00:00+02:00,0,0,na,0,14.0,0.0,na
Eco Counter GmbH,Stadt Tübingen,667,Fuß- & Radtunnel Südportal - Derendinger Allee,100003358,YAH24052174,9.04806,48.518,(UTC+01:00) Europe/Paris DST,2013-06-21T07:00:00+02:00,95,245,na,340,15.0,0.0,na
Eco Counter GmbH,Stadt Tübingen,667,Fuß- & Radtunnel Südportal - Derendinger Allee,100003358,YAH24052174,9.04806,48.518,(UTC+01:00) Europe/Paris DST,2013-06-21T08:00:00+02:00,201,160,na,361,17.0,0.0,na
Eco Counter GmbH,Stadt Tübingen,667,Fuß- & Radtunnel Südportal - Derendinger Allee,100003358,YAH24052174,9.04806,48.518,(UTC+01:00) Europe/Paris DST,2013-06-21T09:00:00+02:00,169,139,na,308,18.0,0.0,na
Eco Counter GmbH,Stadt Tübingen,667,Fuß- & Radtunnel Südportal - Derendinger Allee,100003358,YAH24052174,9.04806,48.518,(UTC+01:00) Europe/Paris DST,2013-06-21T10:00:00+02:00,143,114,na,257,19.0,0.0,na
Eco Counter GmbH,Stadt Tübingen,667,Fuß- & Radtunnel Südportal - Derendinger Allee,100003358,YAH24052174,9.04806,48.518,(UTC+01:00) Europe/Paris DST,2013-06-21T11:00:00+02:00,135,160,na,295,21.0,0.0,na
Eco Counter GmbH,Stadt Tübingen,667,Fuß- & Radtunnel Südportal - Derendinger Allee,100003358,YAH24052174,9.04806,48.518,(UTC+01:00) Europe/Paris DST,2013-06-21T12:00:00+02:00,260,165,na,425,21.0,0.0,na
Eco Counter GmbH,Stadt Tübingen,667,Fuß- & Radtunnel Südportal - Derendinger Allee,100003358,YAH24052174,9.04806,48.518,(UTC+01:00) Europe/Paris DST,2013-06-21T13:00:00+02:00,282,167,na,449,22.0,0.0,na
Eco Counter GmbH,Stadt Tübingen,667,Fuß- & Radtunnel Südportal - Derendinger Allee,100003358,YAH24052174,9.04806,48.518,(UTC+01:00) Europe/Paris DST,2013-06-21T14:00:00+02:00,174,151,na,325,22.0,0.0,na
Eco Counter GmbH,Stadt Tübingen,667,Fuß- & Radtunnel Südportal - Derendinger Allee,100003358,YAH24052174,9.04806,48.518,(UTC+01:00) Europe/Paris DST,2013-06-21T15:00:00+02:00,185,261,na,446,21.0,0.0,na
Eco Counter GmbH,Stadt Tübingen,667,Fuß- & Radtunnel Südportal - Derendinger Allee,100003358,YAH24052174,9.04806,48.518,(UTC+01:00) Europe/Paris DST,2013-06-21T16:00:00+02:00,221,216,na,437,20.0,0.0,na
Eco Counter GmbH,Stadt Tübingen,667,Fuß- & Radtunnel Südportal - Derendinger Allee,100003358,YAH24052174,9.04806,48.518,(UTC+01:00) Europe/Paris DST,2013-06-21T17:00:00+02:00,223,215,na,438,20.0,0.0,na
Eco Counter GmbH,Stadt Tübingen,667,Fuß- & Radtunnel Südportal - Derendinger Allee,100003358,YAH24052174,9.04806,48.518,(UTC+01:00) Europe/Paris DST,2013-06-21T18:00:00+02:00,201,207,na,408,19.0,0.0,na
Eco Counter GmbH,Stadt Tübingen,667,Fuß- & Radtunnel Südportal - Derendinger Allee,100003358,YAH24052174,9.04806,48.518,(UTC+01:00) Europe/Paris DST,2013-06-21T19:00:00+02:00,178,172,na,350,18.0,0.0,na
Eco Counter GmbH,Stadt Tübingen,667,Fuß- & Radtunnel Südportal - Derendinger Allee,100003358,YAH24052174,9.04806,48.518,(UTC+01:00) Europe/Paris DST,2013-06-21T20:00:00+02:00,155,101,na,256,16.0,0.0,na
Eco Counter GmbH,Stadt Tübingen,667,Fuß- & Radtunnel Südportal - Derendinger Allee,100003358,YAH24052174,9.04806,48.518,(UTC+01:00) Europe/Paris DST,2013-06-21T21:00:00+02:00,105,77,na,182,15.0,0.0,na
Eco Counter GmbH,Stadt Tübingen,667,Fuß- & Radtunnel Südportal - Derendinger Allee,100003358,YAH24052174,9.04806,48.518,(UTC+01:00) Europe/Paris DST,2013-06-21T22:00:00+02:00,67,50,na,117,14.0,0.0,na
Eco Counter GmbH,Stadt Tübingen,667,Fuß- & Radtunnel Südportal - Derendinger Allee,100003358,YAH24052174,9.04806,48.518,(UTC+01:00) Europe/Paris DST,2013-06-21T23:00:00+02:00,50,47,na,97,13.0,0.0,na
Eco Counter GmbH,Stadt Tübingen,667,Fuß- & Radtunnel Südportal - Derendinger Allee,100003358,YAH24052174,9.04806,48.518,(UTC+01:00) Europe/Paris DST,2013-06-22T00:00:00+02:00,42,20,na,62,13.0,0.0,na
Eco Counter GmbH,Stadt Tübingen,667,Fuß- & Radtunnel Südportal - Derendinger Allee,100003358,YAH24052174,9.04806,48.518,(UTC+01:00) Europe/Paris DST,2013-06-22T01:00:00+02:00,23,15,na,38,12.0,0.0,na
Eco Counter GmbH,Stadt Tübingen,667,Fuß- & Radtunnel Südportal - Derendinger Allee,100003358,YAH24052174,9.04806,48.518,(UTC+01:00) Europe/Paris DST,2013-06-22T02:00:00+02:00,20,19,na,39,12.0,0.0,na
Eco Counter GmbH,Stadt Tübingen,667,Fuß- & Radtunnel Südportal - Derendinger Allee,100003358,YAH24052174,9.04806,48.518,(UTC+01:00) Europe/Paris DST,2013-06-22T03:00:00+02:00,11,6,na,17,12.0,0.0,na
Eco Counter GmbH,Stadt Tübingen,667,Fuß- & Radtunnel Südportal - Derendinger Allee,100003358,YAH24052174,9.04806,48.518,(UTC+01:00) Europe/Paris DST,2013-06-22T04:00:00+02:00,5,12,na,17,13.0,0.0,na
Eco Counter GmbH,Stadt Tübingen,667,Fuß- & Radtunnel Südportal - Derendinger Allee,100003358,YAH24052174,9.04806,48.518,(UTC+01:00) Europe/Paris DST,2013-06-22T05:00:00+02:00,6,14,na,20,14.0,0.0,na
Eco Counter GmbH,Stadt Tübingen,667,Fuß- & Radtunnel Südportal - Derendinger Allee,100003358,YAH24052174,9.04806,48.518,(UTC+01:00) Europe/Paris DST,2013-06-22T06:00:00+02:00,13,17,na,30,14.0,0.0,na
Eco Counter GmbH,Stadt Tübingen,667,Fuß- & Radtunnel Südportal - Derendinger Allee,100003358,YAH24052174,9.04806,48.518,(UTC+01:00) Europe/Paris DST,2013-06-22T07:00:00+02:00,32,43,na,75,15.0,0.0,na
Eco Counter GmbH,Stadt Tübingen,667,Fuß- & Radtunnel Südportal - Derendinger Allee,100003358,YAH24052174,9.04806,48.518,(UTC+01:00) Europe/Paris DST,2013-06-22T08:00:00+02:00,56,65,na,121,16.0,0.0,na
Eco Counter GmbH,Stadt Tübingen,667,Fuß- & Radtunnel Südportal - Derendinger Allee,100003358,YAH24052174,9.04806,48.518,(UTC+01:00) Europe/Paris DST,2013-06-22T09:00:00+02:00,106,82,na,188,18.0,0.0,na
Eco Counter GmbH,Stadt Tübingen,667,Fuß- & Radtunnel Südportal - Derendinger Allee,100003358,YAH24052174,9.04806,48.518,(UTC+01:00) Europe/Paris DST,2013-06-22T10:00:00+02:00,161,133,na,294,18.0,0.0,na
Eco Counter GmbH,Stadt Tübingen,667,Fuß- & Radtunnel Südportal - Derendinger Allee,100003358,YAH24052174,9.04806,48.518,(UTC+01:00) Europe/Paris DST,2013-06-22T11:00:00+02:00,212,174,na,386,19.0,0.0,na
Eco Counter GmbH,Stadt Tübingen,667,Fuß- & Radtunnel Südportal - Derendinger Allee,100003358,YAH24052174,9.04806,48.518,(UTC+01:00) Europe/Paris DST,2013-06-22T12:00:00+02:00,183,184,na,367,20.0,0.2,na
Eco Counter GmbH,Stadt Tübingen,667,Fuß- & Radtunnel Südportal - Derendinger Allee,100003358,YAH24052174,9.04806,48.518,(UTC+01:00) Europe/Paris DST,2013-06-22T13:00:00+02:00,146,197,na,343,21.0,0.0,na
Eco Counter GmbH,Stadt Tübingen,667,Fuß- & Radtunnel Südportal - Derendinger Allee,100003358,YAH24052174,9.04806,48.518,(UTC+01:00) Europe/Paris DST,2013-06-22T14:00:00+02:00,151,168,na,319,21.0,0.0,na
Eco Counter GmbH,Stadt Tübingen,667,Fuß- & Radtunnel Südportal - Derendinger Allee,100003358,YAH24052174,9.04806,48.518,(UTC+01:00) Europe/Paris DST,2013-06-22T15:00:00+02:00,175,212,na,387,21.0,0.0,na
Eco Counter GmbH,Stadt Tübingen,667,Fuß- & Radtunnel Südportal - Derendinger Allee,100003358,YAH24052174,9.04806,48.518,(UTC+01:00) Europe/Paris DST,2013-06-22T16:00:00+02:00,175,192,na,367,21.0,0.0,na
Eco Counter GmbH,Stadt Tübingen,667,Fuß- & Radtunnel Südportal - Derendinger Allee,100003358,YAH24052174,9.04806,48.518,(UTC+01:00) Europe/Paris DST,2013-06-22T17:00:00+02:00,192,153,na,345,20.0,0.0,na
Eco Counter GmbH,Stadt Tübingen,667,Fuß- & Radtunnel Südportal - Derendinger Allee,100003358,YAH24052174,9.04806,48.518,(UTC+01:00) Europe/Paris DST,2013-06-22T18:00:00+02:00,215,137,na,352,19.0,0.0,na
Eco Counter GmbH,Stadt Tübingen,667,Fuß- & Radtunnel Südportal - Derendinger Allee,100003358,YAH24052174,9.04806,48.518,(UTC+01:00) Europe/Paris DST,2013-06-22T19:00:00+02:00,186,131,na,317,18.0,0.0,na
Eco Counter GmbH,Stadt Tübingen,667,Fuß- & Radtunnel Südportal - Derendinger Allee,100003358,YAH24052174,9.04806,48.518,(UTC+01:00) Europe/Paris DST,2013-06-22T20:00:00+02:00,137,75,na,212,17.0,0.0,na
Eco Counter GmbH,Stadt Tübingen,667,Fuß- & Radtunnel Südportal - Derendinger Allee,100003358,YAH24052174,9.04806,48.518,(UTC+01:00) Europe/Paris DST,2013-06-22T21:00:00+02:00,95,83,na,178,15.0,0.0,na
Eco Counter GmbH,Stadt Tübingen,667,Fuß- & Radtunnel Südportal - Derendinger Allee,100003358,YAH24052174,9.04806,48.518,(UTC+01:00) Europe/Paris DST,2013-06-22T22:00:00+02:00,36,53,na,89,15.0,0.0,na
Eco Counter GmbH,Stadt Tübingen,667,Fuß- & Radtunnel Südportal - Derendinger Allee,100003358,YAH24052174,9.04806,48.518,(UTC+01:00) Europe/Paris DST,2013-06-22T23:00:00+02:00,34,48,na,82,14.0,0.0,na
Eco Counter GmbH,Stadt Tübingen,667,Fuß- & Radtunnel Südportal - Derendinger Allee,100003358,YAH24052174,9.04806,48.518,(UTC+01:00) Europe/Paris DST,2013-06-23T00:00:00+02:00,33,38,na,71,14.0,0.0,na
Eco Counter GmbH,Stadt Tübingen,667,Fuß- & Radtunnel Südportal - Derendinger Allee,100003358,YAH24052174,9.04806,48.518,(UTC+01:00) Europe/Paris DST,2013-06-23T01:00:00+02:00,20,13,na,33,14.0,0.0,na
Eco Counter GmbH,Stadt Tübingen,667,Fuß- & Radtunnel Südportal - Derendinger Allee,100003358,YAH24052174,9.04806,48.518,(UTC+01:00) Europe/Paris DST,2013-06-23T02:00:00+02:00,12,9,na,21,14.0,0.0,na
Eco Counter GmbH,Stadt Tübingen,667,Fuß- & Radtunnel Südportal - Derendinger Allee,100003358,YAH24052174,9.04806,48.518,(UTC+01:00) Europe/Paris DST,2013-06-23T03:00:00+02:00,11,6,na,17,14.0,0.0,na
Eco Counter GmbH,Stadt Tübingen,667,Fuß- & Radtunnel Südportal - Derendinger Allee,100003358,YAH24052174,9.04806,48.518,(UTC+01:00) Europe/Paris DST,2013-06-23T04:00:00+02:00,8,6,na,14,14.0,0.0,na
Eco Counter GmbH,Stadt Tübingen,667,Fuß- & Radtunnel Südportal - Derendinger Allee,100003358,YAH24052174,9.04806,48.518,(UTC+01:00) Europe/Paris DST,2013-06-23T05:00:00+02:00,3,11,na,14,14.0,0.0,na
Eco Counter GmbH,Stadt Tübingen,667,Fuß- & Radtunnel Südportal - Derendinger Allee,100003358,YAH24052174,9.04806,48.518,(UTC+01:00) Europe/Paris DST,2013-06-23T06:00:00+02:00,12,18,na,30,14.0,0.0,na
Eco Counter GmbH,Stadt Tübingen,667,Fuß- & Radtunnel Südportal - Derendinger Allee,100003358,YAH24052174,9.04806,48.518,(UTC+01:00) Europe/Paris DST,2013-06-23T07:00:00+02:00,16,41,na,57,15.0,0.0,na
Eco Counter GmbH,Stadt Tübingen,667,Fuß- & Radtunnel Südportal - Derendinger Allee,100003358,YAH24052174,9.04806,48.518,(UTC+01:00) Europe/Paris DST,2013-06-23T08:00:00+02:00,20,29,na,49,16.0,0.0,na
Eco Counter GmbH,Stadt Tübingen,667,Fuß- & Radtunnel Südportal - Derendinger Allee,100003358,YAH24052174,9.04806,48.518,(UTC+01:00) Europe/Paris DST,2013-06-23T09:00:00+02:00,62,75,na,137,16.0,0.0,na
Eco Counter GmbH,Stadt Tübingen,667,Fuß- & Radtunnel Südportal - Derendinger Allee,100003358,YAH24052174,9.04806,48.518,(UTC+01:00) Europe/Paris DST,2013-06-23T10:00:00+02:00,98,125,na,223,17.0,0.0,na
Eco Counter GmbH,Stadt Tübingen,667,Fuß- & Radtunnel Südportal - Derendinger Allee,100003358,YAH24052174,9.04806,48.518,(UTC+01:00) Europe/Paris DST,2013-06-23T11:00:00+02:00,129,114,na,243,18.0,0.0,na
Eco Counter GmbH,Stadt Tübingen,667,Fuß- & Radtunnel Südportal - Derendinger Allee,100003358,YAH24052174,9.04806,48.518,(UTC+01:00) Europe/Paris DST,2013-06-23T12:00:00+02:00,114,150,na,264,18.0,0.0,na
Eco Counter GmbH,Stadt Tübingen,667,Fuß- & Radtunnel Südportal - Derendinger Allee,100003358,YAH24052174,9.04806,48.518,(UTC+01:00) Europe/Paris DST,2013-06-23T13:00:00+02:00,106,127,na,233,18.0,0.0,na
Eco Counter GmbH,Stadt Tübingen,667,Fuß- & Radtunnel Südportal - Derendinger Allee,100003358,YAH24052174,9.04806,48.518,(UTC+01:00) Europe/Paris DST,2013-06-23T14:00:00+02:00,133,165,na,298,18.0,0.0,na
Eco Counter GmbH,Stadt Tübingen,667,Fuß- & Radtunnel Südportal - Derendinger Allee,100003358,YAH24052174,9.04806,48.518,(UTC+01:00) Europe/Paris DST,2013-06-23T15:00:00+02:00,193,166,na,359,18.0,0.0,na
Eco Counter GmbH,Stadt Tübingen,667,Fuß- & Radtunnel Südportal - Derendinger Allee,100003358,YAH24052174,9.04806,48.518,(UTC+01:00) Europe/Paris DST,2013-06-23T16:00:00+02:00,157,185,na,342,17.0,0.0,na
Eco Counter GmbH,Stadt Tübingen,667,Fuß- & Radtunnel Südportal - Derendinger Allee,100003358,YAH24052174,9.04806,48.518,(UTC+01:00) Europe/Paris DST,2013-06-23T17:00:00+02:00,270,162,na,432,16.0,0.0,na
Eco Counter GmbH,Stadt Tübingen,667,Fuß- & Radtunnel Südportal - Derendinger Allee,100003358,YAH24052174,9.04806,48.518,(UTC+01:00) Europe/Paris DST,2013-06-23T18:00:00+02:00,171,129,na,300,16.0,0.0,na
Eco Counter GmbH,Stadt Tübingen,667,Fuß- & Radtunnel Südportal - Derendinger Allee,100003358,YAH24052174,9.04806,48.518,(UTC+01:00) Europe/Paris DST,2013-06-23T19:00:00+02:00,119,103,na,222,15.0,0.0,na
Eco Counter GmbH,Stadt Tübingen,667,Fuß- & Radtunnel Südportal - Derendinger Allee,100003358,YAH24052174,9.04806,48.518,(UTC+01:00) Europe/Paris DST,2013-06-23T20:00:00+02:00,99,51,na,150,13.0,0.0,na
Eco Counter GmbH,Stadt Tübingen,667,Fuß- & Radtunnel Südportal - Derendinger Allee,100003358,YAH24052174,9.04806,48.518,(UTC+01:00) Europe/Paris DST,2013-06-23T21:00:00+02:00,55,41,na,96,13.0,0.0,na
Eco Counter GmbH,Stadt Tübingen,667,Fuß- & Radtunnel Südportal - Derendinger Allee,100003358,YAH24052174,9.04806,48.518,(UTC+01:00) Europe/Paris DST,2013-06-23T22:00:00+02:00,31,28,na,59,12.0,0.0,na
Eco Counter GmbH,Stadt Tübingen,667,Fuß- & Radtunnel Südportal - Derendinger Allee,100003358,YAH24052174,9.04806,48.518,(UTC+01:00) Europe/Paris DST,2013-06-23T23:00:00+02:00,12,16,na,28,11.0,0.0,na
Eco Counter GmbH,Stadt Tübingen,667,Fuß- & Radtunnel Südportal - Derendinger Allee,100003358,YAH24052174,9.04806,48.518,(UTC+01:00) Europe/Paris DST,2013-06-24T00:00:00+02:00,11,8,na,19,11.0,0.0,na
Eco Counter GmbH,Stadt Tübingen,667,Fuß- & Radtunnel Südportal - Derendinger Allee,100003358,YAH24052174,9.04806,48.518,(UTC+01:00) Europe/Paris DST,2013-06-24T01:00:00+02:00,2,1,na,3,10.0,0.0,na
Eco Counter GmbH,Stadt Tübingen,667,Fuß- & Radtunnel Südportal - Derendinger Allee,100003358,YAH24052174,9.04806,48.518,(UTC+01:00) Europe/Paris DST,2013-06-24T02:00:00+02:00,1,2,na,3,10.0,0.0,na
Eco Counter GmbH,Stadt Tübingen,667,Fuß- & Radtunnel Südportal - Derendinger Allee,100003358,YAH24052174,9.04806,48.518,(UTC+01:00) Europe/Paris DST,2013-06-24T03:00:00+02:00,2,0,na,2,10.0,0.1,na
Eco Counter GmbH,Stadt Tübingen,667,Fuß- & Radtunnel Südportal - Derendinger Allee,100003358,YAH24052174,9.04806,48.518,(UTC+01:00) Europe/Paris DST,2013-06-24T04:00:00+02:00,1,2,na,3,10.0,0.3,na
Eco Counter GmbH,Stadt Tübingen,667,Fuß- & Radtunnel Südportal - Derendinger Allee,100003358,YAH24052174,9.04806,48.518,(UTC+01:00) Europe/Paris DST,2013-06-24T05:00:00+02:00,16,12,na,28,11.0,0.4,na
Eco Counter GmbH,Stadt Tübingen,667,Fuß- & Radtunnel Südportal - Derendinger Allee,100003358,YAH24052174,9.04806,48.518,(UTC+01:00) Europe/Paris DST,2013-06-24T06:00:00+02:00,43,66,na,109,11.0,0.5,na
Eco Counter GmbH,Stadt Tübingen,667,Fuß- & Radtunnel Südportal - Derendinger Allee,100003358,YAH24052174,9.04806,48.518,(UTC+01:00) Europe/Paris DST,2013-06-24T07:00:00+02:00,139,119,na,258,12.0,0.6,na
Eco Counter GmbH,Stadt Tübingen,667,Fuß- & Radtunnel Südportal - Derendinger Allee,100003358,YAH24052174,9.04806,48.518,(UTC+01:00) Europe/Paris DST,2013-06-24T08:00:00+02:00,172,137,na,309,13.0,0.0,na
Eco Counter GmbH,Stadt Tübingen,667,Fuß- & Radtunnel Südportal - Derendinger Allee,100003358,YAH24052174,9.04806,48.518,(UTC+01:00) Europe/Paris DST,2013-06-24T09:00:00+02:00,109,67,na,176,14.0,0.2,na
Eco Counter GmbH,Stadt Tübingen,667,Fuß- & Radtunnel Südportal - Derendinger Allee,100003358,YAH24052174,9.04806,48.518,(UTC+01:00) Europe/Paris DST,2013-06-24T10:00:00+02:00,113,94,na,207,14.0,0.2,na
Eco Counter GmbH,Stadt Tübingen,667,Fuß- & Radtunnel Südportal - Derendinger Allee,100003358,YAH24052174,9.04806,48.518,(UTC+01:00) Europe/Paris DST,2013-06-24T11:00:00+02:00,86,101,na,187,15.0,0.1,na
Eco Counter GmbH,Stadt Tübingen,667,Fuß- & Radtunnel Südportal - Derendinger Allee,100003358,YAH24052174,9.04806,48.518,(UTC+01:00) Europe/Paris DST,2013-06-24T12:00:00+02:00,148,126,na,274,16.0,0.2,na
Eco Counter GmbH,Stadt Tübingen,667,Fuß- & Radtunnel Südportal - Derendinger Allee,100003358,YAH24052174,9.04806,48.518,(UTC+01:00) Europe/Paris DST,2013-06-24T13:00:00+02:00,130,118,na,248,16.0,0.3,na
Eco Counter GmbH,Stadt Tübingen,667,Fuß- & Radtunnel Südportal - Derendinger Allee,100003358,YAH24052174,9.04806,48.518,(UTC+01:00) Europe/Paris DST,2013-06-24T14:00:00+02:00,112,104,na,216,16.0,0.3,na
Eco Counter GmbH,Stadt Tübingen,667,Fuß- & Radtunnel Südportal - Derendinger Allee,100003358,YAH24052174,9.04806,48.518,(UTC+01:00) Europe/Paris DST,2013-06-24T15:00:00+02:00,131,129,na,260,15.0,0.3,na
Eco Counter GmbH,Stadt Tübingen,667,Fuß- & Radtunnel Südportal - Derendinger Allee,100003358,YAH24052174,9.04806,48.518,(UTC+01:00) Europe/Paris DST,2013-06-24T16:00:00+02:00,161,169,na,330,15.0,1.2,na
Eco Counter GmbH,Stadt Tübingen,667,Fuß- & Radtunnel Südportal - Derendinger Allee,100003358,YAH24052174,9.04806,48.518,(UTC+01:00) Europe/Paris DST,2013-06-24T17:00:00+02:00,155,159,na,314,14.0,0.3,na
Eco Counter GmbH,Stadt Tübingen,667,Fuß- & Radtunnel Südportal - Derendinger Allee,100003358,YAH24052174,9.04806,48.518,(UTC+01:00) Europe/Paris DST,2013-06-24T18:00:00+02:00,179,137,na,316,13.0,0.2,na
Eco Counter GmbH,Stadt Tübingen,667,Fuß- & Radtunnel Südportal - Derendinger Allee,100003358,YAH24052174,9.04806,48.518,(UTC+01:00) Europe/Paris DST,2013-06-24T19:00:00+02:00,137,124,na,261,12.0,0.2,na
Eco Counter GmbH,Stadt Tübingen,667,Fuß- & Radtunnel Südportal - Derendinger Allee,100003358,YAH24052174,9.04806,48.518,(UTC+01:00) Europe/Paris DST,2013-06-24T20:00:00+02:00,88,73,na,161,11.0,0.0,na
Eco Counter GmbH,Stadt Tübingen,667,Fuß- & Radtunnel Südportal - Derendinger Allee,100003358,YAH24052174,9.04806,48.518,(UTC+01:00) Europe/Paris DST,2013-06-24T21:00:00+02:00,61,44,na,105,11.0,0.0,na
Eco Counter GmbH,Stadt Tübingen,667,Fuß- & Radtunnel Südportal - Derendinger Allee,100003358,YAH24052174,9.04806,48.518,(UTC+01:00) Europe/Paris DST,2013-06-24T22:00:00+02:00,53,64,na,117,10.0,0.0,na
Eco Counter GmbH,Stadt Tübingen,667,Fuß- & Radtunnel Südportal - Derendinger Allee,100003358,YAH24052174,9.04806,48.518,(UTC+01:00) Europe/Paris DST,2013-06-24T23:00:00+02:00,22,22,na,44,9.0,0.0,na
Eco Counter GmbH,Stadt Tübingen,667,Fuß- & Radtunnel Südportal - Derendinger Allee,100003358,YAH24052174,9.04806,48.518,(UTC+01:00) Europe/Paris DST,2013-06-25T00:00:00+02:00,9,7,na,16,9.0,0.0,na
Eco Counter GmbH,Stadt Tübingen,667,Fuß- & Radtunnel Südportal - Derendinger Allee,100003358,YAH24052174,9.04806,48.518,(UTC+01:00) Europe/Paris DST,2013-06-25T01:00:00+02:00,0,2,na,2,9.0,0.0,na
Eco Counter GmbH,Stadt Tübingen,667,Fuß- & Radtunnel Südportal - Derendinger Allee,100003358,YAH24052174,9.04806,48.518,(UTC+01:00) Europe/Paris DST,2013-06-25T02:00:00+02:00,5,7,na,12,8.0,0.0,na
Eco Counter GmbH,Stadt Tübingen,667,Fuß- & Radtunnel Südportal - Derendinger Allee,100003358,YAH24052174,9.04806,48.518,(UTC+01:00) Europe/Paris DST,2013-06-25T03:00:00+02:00,3,0,na,3,8.0,0.2,na
Eco Counter GmbH,Stadt Tübingen,667,Fuß- & Radtunnel Südportal - Derendinger Allee,100003358,YAH24052174,9.04806,48.518,(UTC+01:00) Europe/Paris DST,2013-06-25T04:00:00+02:00,2,2,na,4,8.0,0.2,na
Eco Counter GmbH,Stadt Tübingen,667,Fuß- & Radtunnel Südportal - Derendinger Allee,100003358,YAH24052174,9.04806,48.518,(UTC+01:00) Europe/Paris DST,2013-06-25T05:00:00+02:00,15,12,na,27,9.0,0.2,na
Eco Counter GmbH,Stadt Tübingen,667,Fuß- & Radtunnel Südportal - Derendinger Allee,100003358,YAH24052174,9.04806,48.518,(UTC+01:00) Europe/Paris DST,2013-06-25T06:00:00+02:00,50,59,na,109,9.0,0.0,na
Eco Counter GmbH,Stadt Tübingen,667,Fuß- & Radtunnel Südportal - Derendinger Allee,100003358,YAH24052174,9.04806,48.518,(UTC+01:00) Europe/Paris DST,2013-06-25T07:00:00+02:00,168,414,na,582,10.0,0.0,na
Eco Counter GmbH,Stadt Tübingen,667,Fuß- & Radtunnel Südportal - Derendinger Allee,100003358,YAH24052174,9.04806,48.518,(UTC+01:00) Europe/Paris DST,2013-06-25T08:00:00+02:00,165,153,na,318,11.0,0.0,na
Eco Counter GmbH,Stadt Tübingen,667,Fuß- & Radtunnel Südportal - Derendinger Allee,100003358,YAH24052174,9.04806,48.518,(UTC+01:00) Europe/Paris DST,2013-06-25T09:00:00+02:00,139,142,na,281,12.0,0.1,na
Eco Counter GmbH,Stadt Tübingen,667,Fuß- & Radtunnel Südportal - Derendinger Allee,100003358,YAH24052174,9.04806,48.518,(UTC+01:00) Europe/Paris DST,2013-06-25T10:00:00+02:00,88,91,na,179,13.0,0.2,na
Eco Counter GmbH,Stadt Tübingen,667,Fuß- & Radtunnel Südportal - Derendinger Allee,100003358,YAH24052174,9.04806,48.518,(UTC+01:00) Europe/Paris DST,2013-06-25T11:00:00+02:00,125,80,na,205,14.0,0.2,na
Eco Counter GmbH,Stadt Tübingen,667,Fuß- & Radtunnel Südportal - Derendinger Allee,100003358,YAH24052174,9.04806,48.518,(UTC+01:00) Europe/Paris DST,2013-06-25T12:00:00+02:00,159,137,na,296,15.0,0.2,na
Eco Counter GmbH,Stadt Tübingen,667,Fuß- & Radtunnel Südportal - Derendinger Allee,100003358,YAH24052174,9.04806,48.518,(UTC+01:00) Europe/Paris DST,2013-06-25T13:00:00+02:00,170,128,na,298,15.0,0.3,na
Eco Counter GmbH,Stadt Tübingen,667,Fuß- & Radtunnel Südportal - Derendinger Allee,100003358,YAH24052174,9.04806,48.518,(UTC+01:00) Europe/Paris DST,2013-06-25T14:00:00+02:00,135,131,na,266,15.0,1.0,na
Eco Counter GmbH,Stadt Tübingen,667,Fuß- & Radtunnel Südportal - Derendinger Allee,100003358,YAH24052174,9.04806,48.518,(UTC+01:00) Europe/Paris DST,2013-06-25T15:00:00+02:00,228,146,na,374,15.0,1.1,na
Eco Counter GmbH,Stadt Tübingen,667,Fuß- & Radtunnel Südportal - Derendinger Allee,100003358,YAH24052174,9.04806,48.518,(UTC+01:00) Europe/Paris DST,2013-06-25T16:00:00+02:00,177,185,na,362,14.0,1.6,na
Eco Counter GmbH,Stadt Tübingen,667,Fuß- & Radtunnel Südportal - Derendinger Allee,100003358,YAH24052174,9.04806,48.518,(UTC+01:00) Europe/Paris DST,2013-06-25T17:00:00+02:00,209,203,na,412,13.0,0.2,na
Eco Counter GmbH,Stadt Tübingen,667,Fuß- & Radtunnel Südportal - Derendinger Allee,100003358,YAH24052174,9.04806,48.518,(UTC+01:00) Europe/Paris DST,2013-06-25T18:00:00+02:00,183,205,na,388,13.0,0.0,na
Eco Counter GmbH,Stadt Tübingen,667,Fuß- & Radtunnel Südportal - Derendinger Allee,100003358,YAH24052174,9.04806,48.518,(UTC+01:00) Europe/Paris DST,2013-06-25T19:00:00+02:00,174,106,na,280,11.0,0.1,na
Eco Counter GmbH,Stadt Tübingen,667,Fuß- & Radtunnel Südportal - Derendinger Allee,100003358,YAH24052174,9.04806,48.518,(UTC+01:00) Europe/Paris DST,2013-06-25T20:00:00+02:00,110,60,na,170,10.0,0.2,na
Eco Counter GmbH,Stadt Tübingen,667,Fuß- & Radtunnel Südportal - Derendinger Allee,100003358,YAH24052174,9.04806,48.518,(UTC+01:00) Europe/Paris DST,2013-06-25T21:00:00+02:00,52,67,na,119,9.0,0.2,na
Eco Counter GmbH,Stadt Tübingen,667,Fuß- & Radtunnel Südportal - Derendinger Allee,100003358,YAH24052174,9.04806,48.518,(UTC+01:00) Europe/Paris DST,2013-06-25T22:00:00+02:00,44,60,na,104,9.0,0.0,na
Eco Counter GmbH,Stadt Tübingen,667,Fuß- & Radtunnel Südportal - Derendinger Allee,100003358,YAH24052174,9.04806,48.518,(UTC+01:00) Europe/Paris DST,2013-06-25T23:00:00+02:00,16,22,na,38,8.0,0.0,na
Eco Counter GmbH,Stadt Tübingen,667,Fuß- & Radtunnel Südportal - Derendinger Allee,100003358,YAH24052174,9.04806,48.518,(UTC+01:00) Europe/Paris DST,2013-06-26T00:00:00+02:00,11,13,na,24,8.0,0.0,na
Eco Counter GmbH,Stadt Tübingen,667,Fuß- & Radtunnel Südportal - Derendinger Allee,100003358,YAH24052174,9.04806,48.518,(UTC+01:00) Europe/Paris DST,2013-06-26T01:00:00+02:00,5,3,na,8,8.0,0.0,na
Eco Counter GmbH,Stadt Tübingen,667,Fuß- & Radtunnel Südportal - Derendinger Allee,100003358,YAH24052174,9.04806,48.518,(UTC+01:00) Europe/Paris DST,2013-06-26T02:00:00+02:00,3,3,na,6,7.0,0.0,na
Eco Counter GmbH,Stadt Tübingen,667,Fuß- & Radtunnel Südportal - Derendinger Allee,100003358,YAH24052174,9.04806,48.518,(UTC+01:00) Europe/Paris DST,2013-06-26T03:00:00+02:00,2,0,na,2,7.0,0.0,na
Eco Counter GmbH,Stadt Tübingen,667,Fuß- & Radtunnel Südportal - Derendinger Allee,100003358,YAH24052174,9.04806,48.518,(UTC+01:00) Europe/Paris DST,2013-06-26T04:00:00+02:00,2,4,na,6,7.0,0.0,na
Eco Counter GmbH,Stadt Tübingen,667,Fuß- & Radtunnel Südportal - Derendinger Allee,100003358,YAH24052174,9.04806,48.518,(UTC+01:00) Europe/Paris DST,2013-06-26T05:00:00+02:00,15,11,na,26,8.0,0.0,na
Eco Counter GmbH,Stadt Tübingen,667,Fuß- & Radtunnel Südportal - Derendinger Allee,100003358,YAH24052174,9.04806,48.518,(UTC+01:00) Europe/Paris DST,2013-06-26T06:00:00+02:00,58,68,na,126,8.0,0.0,na
Eco Counter GmbH,Stadt Tübingen,667,Fuß- & Radtunnel Südportal - Derendinger Allee,100003358,YAH24052174,9.04806,48.518,(UTC+01:00) Europe/Paris DST,2013-06-26T07:00:00+02:00,195,412,na,607,9.0,0.0,na
Eco Counter GmbH,Stadt Tübingen,667,Fuß- & Radtunnel Südportal - Derendinger Allee,100003358,YAH24052174,9.04806,48.518,(UTC+01:00) Europe/Paris DST,2013-06-26T08:00:00+02:00,180,132,na,312,11.0,0.0,na
Eco Counter GmbH,Stadt Tübingen,667,Fuß- & Radtunnel Südportal - Derendinger Allee,100003358,YAH24052174,9.04806,48.518,(UTC+01:00) Europe/Paris DST,2013-06-26T09:00:00+02:00,160,115,na,275,12.0,0.0,na
Eco Counter GmbH,Stadt Tübingen,667,Fuß- & Radtunnel Südportal - Derendinger Allee,100003358,YAH24052174,9.04806,48.518,(UTC+01:00) Europe/Paris DST,2013-06-26T10:00:00+02:00,238,91,na,329,13.0,0.0,na
Eco Counter GmbH,Stadt Tübingen,667,Fuß- & Radtunnel Südportal - Derendinger Allee,100003358,YAH24052174,9.04806,48.518,(UTC+01:00) Europe/Paris DST,2013-06-26T11:00:00+02:00,203,129,na,332,14.0,0.0,na
Eco Counter GmbH,Stadt Tübingen,667,Fuß- & Radtunnel Südportal - Derendinger Allee,100003358,YAH24052174,9.04806,48.518,(UTC+01:00) Europe/Paris DST,2013-06-26T12:00:00+02:00,171,133,na,304,15.0,0.0,na
Eco Counter GmbH,Stadt Tübingen,667,Fuß- & Radtunnel Südportal - Derendinger Allee,100003358,YAH24052174,9.04806,48.518,(UTC+01:00) Europe/Paris DST,2013-06-26T13:00:00+02:00,121,161,na,282,15.0,0.0,na
Eco Counter GmbH,Stadt Tübingen,667,Fuß- & Radtunnel Südportal - Derendinger Allee,100003358,YAH24052174,9.04806,48.518,(UTC+01:00) Europe/Paris DST,2013-06-26T14:00:00+02:00,114,143,na,257,15.0,0.0,na
Eco Counter GmbH,Stadt Tübingen,667,Fuß- & Radtunnel Südportal - Derendinger Allee,100003358,YAH24052174,9.04806,48.518,(UTC+01:00) Europe/Paris DST,2013-06-26T15:00:00+02:00,218,141,na,359,15.0,0.0,na
Eco Counter GmbH,Stadt Tübingen,667,Fuß- & Radtunnel Südportal - Derendinger Allee,100003358,YAH24052174,9.04806,48.518,(UTC+01:00) Europe/Paris DST,2013-06-26T16:00:00+02:00,164,206,na,370,14.0,0.0,na
Eco Counter GmbH,Stadt Tübingen,667,Fuß- & Radtunnel Südportal - Derendinger Allee,100003358,YAH24052174,9.04806,48.518,(UTC+01:00) Europe/Paris DST,2013-06-26T17:00:00+02:00,227,233,na,460,14.0,0.0,na
Eco Counter GmbH,Stadt Tübingen,667,Fuß- & Radtunnel Südportal - Derendinger Allee,100003358,YAH24052174,9.04806,48.518,(UTC+01:00) Europe/Paris DST,2013-06-26T18:00:00+02:00,222,158,na,380,13.0,0.0,na
Eco Counter GmbH,Stadt Tübingen,667,Fuß- & Radtunnel Südportal - Derendinger Allee,100003358,YAH24052174,9.04806,48.518,(UTC+01:00) Europe/Paris DST,2013-06-26T19:00:00+02:00,179,122,na,301,11.0,0.0,na
Eco Counter GmbH,Stadt Tübingen,667,Fuß- & Radtunnel Südportal - Derendinger Allee,100003358,YAH24052174,9.04806,48.518,(UTC+01:00) Europe/Paris DST,2013-06-26T20:00:00+02:00,97,90,na,187,9.0,0.0,na
Eco Counter GmbH,Stadt Tübingen,667,Fuß- & Radtunnel Südportal - Derendinger Allee,100003358,YAH24052174,9.04806,48.518,(UTC+01:00) Europe/Paris DST,2013-06-26T21:00:00+02:00,70,58,na,128,8.0,0.0,na
Eco Counter GmbH,Stadt Tübingen,667,Fuß- & Radtunnel Südportal - Derendinger Allee,100003358,YAH24052174,9.04806,48.518,(UTC+01:00) Europe/Paris DST,2013-06-26T22:00:00+02:00,70,81,na,151,7.0,0.0,na
Eco Counter GmbH,Stadt Tübingen,667,Fuß- & Radtunnel Südportal - Derendinger Allee,100003358,YAH24052174,9.04806,48.518,(UTC+01:00) Europe/Paris DST,2013-06-26T23:00:00+02:00,29,27,na,56,6.0,0.0,na
Eco Counter GmbH,Stadt Tübingen,667,Fuß- & Radtunnel Südportal - Derendinger Allee,100003358,YAH24052174,9.04806,48.518,(UTC+01:00) Europe/Paris DST,2013-06-27T00:00:00+02:00,12,14,na,26,6.0,0.0,na
Eco Counter GmbH,Stadt Tübingen,667,Fuß- & Radtunnel Südportal - Derendinger Allee,100003358,YAH24052174,9.04806,48.518,(UTC+01:00) Europe/Paris DST,2013-06-27T01:00:00+02:00,6,5,na,11,6.0,0.0,na
Eco Counter GmbH,Stadt Tübingen,667,Fuß- & Radtunnel Südportal - Derendinger Allee,100003358,YAH24052174,9.04806,48.518,(UTC+01:00) Europe/Paris DST,2013-06-27T02:00:00+02:00,10,2,na,12,6.0,0.0,na
Eco Counter GmbH,Stadt Tübingen,667,Fuß- & Radtunnel Südportal - Derendinger Allee,100003358,YAH24052174,9.04806,48.518,(UTC+01:00) Europe/Paris DST,2013-06-27T03:00:00+02:00,4,2,na,6,7.0,0.0,na
Eco Counter GmbH,Stadt Tübingen,667,Fuß- & Radtunnel Südportal - Derendinger Allee,100003358,YAH24052174,9.04806,48.518,(UTC+01:00) Europe/Paris DST,2013-06-27T04:00:00+02:00,0,5,na,5,8.0,0.0,na
Eco Counter GmbH,Stadt Tübingen,667,Fuß- & Radtunnel Südportal - Derendinger Allee,100003358,YAH24052174,9.04806,48.518,(UTC+01:00) Europe/Paris DST,2013-06-27T05:00:00+02:00,13,12,na,25,8.0,0.0,na
Eco Counter GmbH,Stadt Tübingen,667,Fuß- & Radtunnel Südportal - Derendinger Allee,100003358,YAH24052174,9.04806,48.518,(UTC+01:00) Europe/Paris DST,2013-06-27T06:00:00+02:00,46,58,na,104,9.0,0.0,na
Eco Counter GmbH,Stadt Tübingen,667,Fuß- & Radtunnel Südportal - Derendinger Allee,100003358,YAH24052174,9.04806,48.518,(UTC+01:00) Europe/Paris DST,2013-06-27T07:00:00+02:00,184,374,na,558,10.0,0.2,na
Eco Counter GmbH,Stadt Tübingen,667,Fuß- & Radtunnel Südportal - Derendinger Allee,100003358,YAH24052174,9.04806,48.518,(UTC+01:00) Europe/Paris DST,2013-06-27T08:00:00+02:00,155,123,na,278,11.0,0.1,na
Eco Counter GmbH,Stadt Tübingen,667,Fuß- & Radtunnel Südportal - Derendinger Allee,100003358,YAH24052174,9.04806,48.518,(UTC+01:00) Europe/Paris DST,2013-06-27T09:00:00+02:00,137,125,na,262,11.0,0.2,na
Eco Counter GmbH,Stadt Tübingen,667,Fuß- & Radtunnel Südportal - Derendinger Allee,100003358,YAH24052174,9.04806,48.518,(UTC+01:00) Europe/Paris DST,2013-06-27T10:00:00+02:00,83,93,na,176,12.0,0.2,na
Eco Counter GmbH,Stadt Tübingen,667,Fuß- & Radtunnel Südportal - Derendinger Allee,100003358,YAH24052174,9.04806,48.518,(UTC+01:00) Europe/Paris DST,2013-06-27T11:00:00+02:00,109,90,na,199,13.0,0.3,na
Eco Counter GmbH,Stadt Tübingen,667,Fuß- & Radtunnel Südportal - Derendinger Allee,100003358,YAH24052174,9.04806,48.518,(UTC+01:00) Europe/Paris DST,2013-06-27T12:00:00+02:00,173,110,na,283,13.0,0.4,na
Eco Counter GmbH,Stadt Tübingen,667,Fuß- & Radtunnel Südportal - Derendinger Allee,100003358,YAH24052174,9.04806,48.518,(UTC+01:00) Europe/Paris DST,2013-06-27T13:00:00+02:00,182,130,na,312,13.0,1.4,na
Eco Counter GmbH,Stadt Tübingen,667,Fuß- & Radtunnel Südportal - Derendinger Allee,100003358,YAH24052174,9.04806,48.518,(UTC+01:00) Europe/Paris DST,2013-06-27T14:00:00+02:00,121,96,na,217,14.0,2.7,na
Eco Counter GmbH,Stadt Tübingen,667,Fuß- & Radtunnel Südportal - Derendinger Allee,100003358,YAH24052174,9.04806,48.518,(UTC+01:00) Europe/Paris DST,2013-06-27T15:00:00+02:00,154,129,na,283,14.0,0.5,na
Eco Counter GmbH,Stadt Tübingen,667,Fuß- & Radtunnel Südportal - Derendinger Allee,100003358,YAH24052174,9.04806,48.518,(UTC+01:00) Europe/Paris DST,2013-06-27T16:00:00+02:00,149,141,na,290,13.0,0.3,na
Eco Counter GmbH,Stadt Tübingen,667,Fuß- & Radtunnel Südportal - Derendinger Allee,100003358,YAH24052174,9.04806,48.518,(UTC+01:00) Europe/Paris DST,2013-06-27T17:00:00+02:00,145,193,na,338,13.0,0.0,na
Eco Counter GmbH,Stadt Tübingen,667,Fuß- & Radtunnel Südportal - Derendinger Allee,100003358,YAH24052174,9.04806,48.518,(UTC+01:00) Europe/Paris DST,2013-06-27T18:00:00+02:00,152,170,na,322,12.0,0.0,na
Eco Counter GmbH,Stadt Tübingen,667,Fuß- & Radtunnel Südportal - Derendinger Allee,100003358,YAH24052174,9.04806,48.518,(UTC+01:00) Europe/Paris DST,2013-06-27T19:00:00+02:00,157,109,na,266,11.0,0.1,na
Eco Counter GmbH,Stadt Tübingen,667,Fuß- & Radtunnel Südportal - Derendinger Allee,100003358,YAH24052174,9.04806,48.518,(UTC+01:00) Europe/Paris DST,2013-06-27T20:00:00+02:00,107,74,na,181,9.0,1.0,na
Eco Counter GmbH,Stadt Tübingen,667,Fuß- & Radtunnel Südportal - Derendinger Allee,100003358,YAH24052174,9.04806,48.518,(UTC+01:00) Europe/Paris DST,2013-06-27T21:00:00+02:00,65,54,na,119,8.0,0.3,na
Eco Counter GmbH,Stadt Tübingen,667,Fuß- & Radtunnel Südportal - Derendinger Allee,100003358,YAH24052174,9.04806,48.518,(UTC+01:00) Europe/Paris DST,2013-06-27T22:00:00+02:00,60,51,na,111,7.0,0.1,na
Eco Counter GmbH,Stadt Tübingen,667,Fuß- & Radtunnel Südportal - Derendinger Allee,100003358,YAH24052174,9.04806,48.518,(UTC+01:00) Europe/Paris DST,2013-06-27T23:00:00+02:00,32,33,na,65,6.0,0.0,na
Eco Counter GmbH,Stadt Tübingen,667,Fuß- & Radtunnel Südportal - Derendinger Allee,100003358,YAH24052174,9.04806,48.518,(UTC+01:00) Europe/Paris DST,2013-06-28T00:00:00+02:00,16,18,na,34,5.0,0.0,na
Eco Counter GmbH,Stadt Tübingen,667,Fuß- & Radtunnel Südportal - Derendinger Allee,100003358,YAH24052174,9.04806,48.518,(UTC+01:00) Europe/Paris DST,2013-06-28T01:00:00+02:00,6,4,na,10,5.0,0.0,na
Eco Counter GmbH,Stadt Tübingen,667,Fuß- & Radtunnel Südportal - Derendinger Allee,100003358,YAH24052174,9.04806,48.518,(UTC+01:00) Europe/Paris DST,2013-06-28T02:00:00+02:00,6,4,na,10,5.0,0.0,na
Eco Counter GmbH,Stadt Tübingen,667,Fuß- & Radtunnel Südportal - Derendinger Allee,100003358,YAH24052174,9.04806,48.518,(UTC+01:00) Europe/Paris DST,2013-06-28T03:00:00+02:00,10,1,na,11,6.0,0.0,na
Eco Counter GmbH,Stadt Tübingen,667,Fuß- & Radtunnel Südportal - Derendinger Allee,100003358,YAH24052174,9.04806,48.518,(UTC+01:00) Europe/Paris DST,2013-06-28T04:00:00+02:00,8,8,na,16,6.0,0.0,na
Eco Counter GmbH,Stadt Tübingen,667,Fuß- & Radtunnel Südportal - Derendinger Allee,100003358,YAH24052174,9.04806,48.518,(UTC+01:00) Europe/Paris DST,2013-06-28T05:00:00+02:00,15,8,na,23,7.0,0.0,na
Eco Counter GmbH,Stadt Tübingen,667,Fuß- & Radtunnel Südportal - Derendinger Allee,100003358,YAH24052174,9.04806,48.518,(UTC+01:00) Europe/Paris DST,2013-06-28T06:00:00+02:00,47,53,na,100,9.0,0.0,na
Eco Counter GmbH,Stadt Tübingen,667,Fuß- & Radtunnel Südportal - Derendinger Allee,100003358,YAH24052174,9.04806,48.518,(UTC+01:00) Europe/Paris DST,2013-06-28T07:00:00+02:00,154,330,na,484,10.0,0.0,na
Eco Counter GmbH,Stadt Tübingen,667,Fuß- & Radtunnel Südportal - Derendinger Allee,100003358,YAH24052174,9.04806,48.518,(UTC+01:00) Europe/Paris DST,2013-06-28T08:00:00+02:00,181,143,na,324,11.0,0.0,na
Eco Counter GmbH,Stadt Tübingen,667,Fuß- & Radtunnel Südportal - Derendinger Allee,100003358,YAH24052174,9.04806,48.518,(UTC+01:00) Europe/Paris DST,2013-06-28T09:00:00+02:00,155,148,na,303,13.0,0.1,na
Eco Counter GmbH,Stadt Tübingen,667,Fuß- & Radtunnel Südportal - Derendinger Allee,100003358,YAH24052174,9.04806,48.518,(UTC+01:00) Europe/Paris DST,2013-06-28T10:00:00+02:00,137,104,na,241,14.0,0.2,na
Eco Counter GmbH,Stadt Tübingen,667,Fuß- & Radtunnel Südportal - Derendinger Allee,100003358,YAH24052174,9.04806,48.518,(UTC+01:00) Europe/Paris DST,2013-06-28T11:00:00+02:00,164,119,na,283,15.0,0.1,na
Eco Counter GmbH,Stadt Tübingen,667,Fuß- & Radtunnel Südportal - Derendinger Allee,100003358,YAH24052174,9.04806,48.518,(UTC+01:00) Europe/Paris DST,2013-06-28T12:00:00+02:00,252,165,na,417,16.0,0.0,na
Eco Counter GmbH,Stadt Tübingen,667,Fuß- & Radtunnel Südportal - Derendinger Allee,100003358,YAH24052174,9.04806,48.518,(UTC+01:00) Europe/Paris DST,2013-06-28T13:00:00+02:00,225,151,na,376,16.0,0.0,na
Eco Counter GmbH,Stadt Tübingen,667,Fuß- & Radtunnel Südportal - Derendinger Allee,100003358,YAH24052174,9.04806,48.518,(UTC+01:00) Europe/Paris DST,2013-06-28T14:00:00+02:00,143,127,na,270,16.0,0.0,na
Eco Counter GmbH,Stadt Tübingen,667,Fuß- & Radtunnel Südportal - Derendinger Allee,100003358,YAH24052174,9.04806,48.518,(UTC+01:00) Europe/Paris DST,2013-06-28T15:00:00+02:00,145,237,na,382,16.0,0.0,na
Eco Counter GmbH,Stadt Tübingen,667,Fuß- & Radtunnel Südportal - Derendinger Allee,100003358,YAH24052174,9.04806,48.518,(UTC+01:00) Europe/Paris DST,2013-06-28T16:00:00+02:00,165,195,na,360,16.0,0.0,na
Eco Counter GmbH,Stadt Tübingen,667,Fuß- & Radtunnel Südportal - Derendinger Allee,100003358,YAH24052174,9.04806,48.518,(UTC+01:00) Europe/Paris DST,2013-06-28T17:00:00+02:00,195,179,na,374,15.0,0.0,na
Eco Counter GmbH,Stadt Tübingen,667,Fuß- & Radtunnel Südportal - Derendinger Allee,100003358,YAH24052174,9.04806,48.518,(UTC+01:00) Europe/Paris DST,2013-06-28T18:00:00+02:00,160,132,na,292,14.0,0.0,na
Eco Counter GmbH,Stadt Tübingen,667,Fuß- & Radtunnel Südportal - Derendinger Allee,100003358,YAH24052174,9.04806,48.518,(UTC+01:00) Europe/Paris DST,2013-06-28T19:00:00+02:00,101,93,na,194,13.0,0.0,na
Eco Counter GmbH,Stadt Tübingen,667,Fuß- & Radtunnel Südportal - Derendinger Allee,100003358,YAH24052174,9.04806,48.518,(UTC+01:00) Europe/Paris DST,2013-06-28T20:00:00+02:00,89,63,na,152,11.0,0.0,na
Eco Counter GmbH,Stadt Tübingen,667,Fuß- & Radtunnel Südportal - Derendinger Allee,100003358,YAH24052174,9.04806,48.518,(UTC+01:00) Europe/Paris DST,2013-06-28T21:00:00+02:00,58,44,na,102,10.0,0.0,na
Eco Counter GmbH,Stadt Tübingen,667,Fuß- & Radtunnel Südportal - Derendinger Allee,100003358,YAH24052174,9.04806,48.518,(UTC+01:00) Europe/Paris DST,2013-06-28T22:00:00+02:00,44,43,na,87,9.0,0.0,na
Eco Counter GmbH,Stadt Tübingen,667,Fuß- & Radtunnel Südportal - Derendinger Allee,100003358,YAH24052174,9.04806,48.518,(UTC+01:00) Europe/Paris DST,2013-06-28T23:00:00+02:00,30,26,na,56,9.0,0.0,na
Eco Counter GmbH,Stadt Tübingen,667,Fuß- & Radtunnel Südportal - Derendinger Allee,100003358,YAH24052174,9.04806,48.518,(UTC+01:00) Europe/Paris DST,2013-06-29T00:00:00+02:00,21,26,na,47,9.0,0.0,na
Eco Counter GmbH,Stadt Tübingen,667,Fuß- & Radtunnel Südportal - Derendinger Allee,100003358,YAH24052174,9.04806,48.518,(UTC+01:00) Europe/Paris DST,2013-06-29T01:00:00+02:00,10,24,na,34,9.0,0.0,na
Eco Counter GmbH,Stadt Tübingen,667,Fuß- & Radtunnel Südportal - Derendinger Allee,100003358,YAH24052174,9.04806,48.518,(UTC+01:00) Europe/Paris DST,2013-06-29T02:00:00+02:00,10,3,na,13,9.0,0.0,na
Eco Counter GmbH,Stadt Tübingen,667,Fuß- & Radtunnel Südportal - Derendinger Allee,100003358,YAH24052174,9.04806,48.518,(UTC+01:00) Europe/Paris DST,2013-06-29T03:00:00+02:00,8,5,na,13,9.0,0.0,na
Eco Counter GmbH,Stadt Tübingen,667,Fuß- & Radtunnel Südportal - Derendinger Allee,100003358,YAH24052174,9.04806,48.518,(UTC+01:00) Europe/Paris DST,2013-06-29T04:00:00+02:00,1,7,na,8,9.0,0.1,na
Eco Counter GmbH,Stadt Tübingen,667,Fuß- & Radtunnel Südportal - Derendinger Allee,100003358,YAH24052174,9.04806,48.518,(UTC+01:00) Europe/Paris DST,2013-06-29T05:00:00+02:00,5,7,na,12,10.0,0.3,na
Eco Counter GmbH,Stadt Tübingen,667,Fuß- & Radtunnel Südportal - Derendinger Allee,100003358,YAH24052174,9.04806,48.518,(UTC+01:00) Europe/Paris DST,2013-06-29T06:00:00+02:00,12,10,na,22,10.0,0.6,na
Eco Counter GmbH,Stadt Tübingen,667,Fuß- & Radtunnel Südportal - Derendinger Allee,100003358,YAH24052174,9.04806,48.518,(UTC+01:00) Europe/Paris DST,2013-06-29T07:00:00+02:00,8,11,na,19,10.0,0.9,na
Eco Counter GmbH,Stadt Tübingen,667,Fuß- & Radtunnel Südportal - Derendinger Allee,100003358,YAH24052174,9.04806,48.518,(UTC+01:00) Europe/Paris DST,2013-06-29T08:00:00+02:00,20,21,na,41,11.0,1.0,na
Eco Counter GmbH,Stadt Tübingen,667,Fuß- & Radtunnel Südportal - Derendinger Allee,100003358,YAH24052174,9.04806,48.518,(UTC+01:00) Europe/Paris DST,2013-06-29T09:00:00+02:00,47,31,na,78,11.0,1.2,na
Eco Counter GmbH,Stadt Tübingen,667,Fuß- & Radtunnel Südportal - Derendinger Allee,100003358,YAH24052174,9.04806,48.518,(UTC+01:00) Europe/Paris DST,2013-06-29T10:00:00+02:00,55,26,na,81,11.0,0.9,na
Eco Counter GmbH,Stadt Tübingen,667,Fuß- & Radtunnel Südportal - Derendinger Allee,100003358,YAH24052174,9.04806,48.518,(UTC+01:00) Europe/Paris DST,2013-06-29T11:00:00+02:00,81,71,na,152,12.0,1.4,na
Eco Counter GmbH,Stadt Tübingen,667,Fuß- & Radtunnel Südportal - Derendinger Allee,100003358,YAH24052174,9.04806,48.518,(UTC+01:00) Europe/Paris DST,2013-06-29T12:00:00+02:00,74,63,na,137,13.0,2.2,na
Eco Counter GmbH,Stadt Tübingen,667,Fuß- & Radtunnel Südportal - Derendinger Allee,100003358,YAH24052174,9.04806,48.518,(UTC+01:00) Europe/Paris DST,2013-06-29T13:00:00+02:00,56,76,na,132,14.0,0.9,na
Eco Counter GmbH,Stadt Tübingen,667,Fuß- & Radtunnel Südportal - Derendinger Allee,100003358,YAH24052174,9.04806,48.518,(UTC+01:00) Europe/Paris DST,2013-06-29T14:00:00+02:00,72,74,na,146,14.0,0.5,na
Eco Counter GmbH,Stadt Tübingen,667,Fuß- & Radtunnel Südportal - Derendinger Allee,100003358,YAH24052174,9.04806,48.518,(UTC+01:00) Europe/Paris DST,2013-06-29T15:00:00+02:00,61,75,na,136,15.0,0.2,na
Eco Counter GmbH,Stadt Tübingen,667,Fuß- & Radtunnel Südportal - Derendinger Allee,100003358,YAH24052174,9.04806,48.518,(UTC+01:00) Europe/Paris DST,2013-06-29T16:00:00+02:00,58,66,na,124,15.0,0.0,na
Eco Counter GmbH,Stadt Tübingen,667,Fuß- & Radtunnel Südportal - Derendinger Allee,100003358,YAH24052174,9.04806,48.518,(UTC+01:00) Europe/Paris DST,2013-06-29T17:00:00+02:00,61,64,na,125,15.0,0.1,na
Eco Counter GmbH,Stadt Tübingen,667,Fuß- & Radtunnel Südportal - Derendinger Allee,100003358,YAH24052174,9.04806,48.518,(UTC+01:00) Europe/Paris DST,2013-06-29T18:00:00+02:00,69,83,na,152,14.0,0.0,na
Eco Counter GmbH,Stadt Tübingen,667,Fuß- & Radtunnel Südportal - Derendinger Allee,100003358,YAH24052174,9.04806,48.518,(UTC+01:00) Europe/Paris DST,2013-06-29T19:00:00+02:00,81,73,na,154,13.0,0.1,na
Eco Counter GmbH,Stadt Tübingen,667,Fuß- & Radtunnel Südportal - Derendinger Allee,100003358,YAH24052174,9.04806,48.518,(UTC+01:00) Europe/Paris DST,2013-06-29T20:00:00+02:00,73,60,na,133,12.0,0.0,na
Eco Counter GmbH,Stadt Tübingen,667,Fuß- & Radtunnel Südportal - Derendinger Allee,100003358,YAH24052174,9.04806,48.518,(UTC+01:00) Europe/Paris DST,2013-06-29T21:00:00+02:00,35,38,na,73,11.0,0.0,na
Eco Counter GmbH,Stadt Tübingen,667,Fuß- & Radtunnel Südportal - Derendinger Allee,100003358,YAH24052174,9.04806,48.518,(UTC+01:00) Europe/Paris DST,2013-06-29T22:00:00+02:00,44,24,na,68,10.0,0.0,na
Eco Counter GmbH,Stadt Tübingen,667,Fuß- & Radtunnel Südportal - Derendinger Allee,100003358,YAH24052174,9.04806,48.518,(UTC+01:00) Europe/Paris DST,2013-06-29T23:00:00+02:00,26,29,na,55,9.0,0.0,na
Eco Counter GmbH,Stadt Tübingen,667,Fuß- & Radtunnel Südportal - Derendinger Allee,100003358,YAH24052174,9.04806,48.518,(UTC+01:00) Europe/Paris DST,2013-06-30T00:00:00+02:00,24,18,na,42,9.0,0.0,na
Eco Counter GmbH,Stadt Tübingen,667,Fuß- & Radtunnel Südportal - Derendinger Allee,100003358,YAH24052174,9.04806,48.518,(UTC+01:00) Europe/Paris DST,2013-06-30T01:00:00+02:00,12,14,na,26,8.0,0.0,na
Eco Counter GmbH,Stadt Tübingen,667,Fuß- & Radtunnel Südportal - Derendinger Allee,100003358,YAH24052174,9.04806,48.518,(UTC+01:00) Europe/Paris DST,2013-06-30T02:00:00+02:00,9,8,na,17,8.0,0.0,na
Eco Counter GmbH,Stadt Tübingen,667,Fuß- & Radtunnel Südportal - Derendinger Allee,100003358,YAH24052174,9.04806,48.518,(UTC+01:00) Europe/Paris DST,2013-06-30T03:00:00+02:00,4,6,na,10,8.0,0.0,na
Eco Counter GmbH,Stadt Tübingen,667,Fuß- & Radtunnel Südportal - Derendinger Allee,100003358,YAH24052174,9.04806,48.518,(UTC+01:00) Europe/Paris DST,2013-06-30T04:00:00+02:00,5,3,na,8,8.0,0.0,na
Eco Counter GmbH,Stadt Tübingen,667,Fuß- & Radtunnel Südportal - Derendinger Allee,100003358,YAH24052174,9.04806,48.518,(UTC+01:00) Europe/Paris DST,2013-06-30T05:00:00+02:00,3,7,na,10,9.0,0.0,na
Eco Counter GmbH,Stadt Tübingen,667,Fuß- & Radtunnel Südportal - Derendinger Allee,100003358,YAH24052174,9.04806,48.518,(UTC+01:00) Europe/Paris DST,2013-06-30T06:00:00+02:00,12,9,na,21,10.0,0.0,na
Eco Counter GmbH,Stadt Tübingen,667,Fuß- & Radtunnel Südportal - Derendinger Allee,100003358,YAH24052174,9.04806,48.518,(UTC+01:00) Europe/Paris DST,2013-06-30T07:00:00+02:00,13,6,na,19,12.0,0.0,na
Eco Counter GmbH,Stadt Tübingen,667,Fuß- & Radtunnel Südportal - Derendinger Allee,100003358,YAH24052174,9.04806,48.518,(UTC+01:00) Europe/Paris DST,2013-06-30T08:00:00+02:00,40,27,na,67,13.0,0.0,na
Eco Counter GmbH,Stadt Tübingen,667,Fuß- & Radtunnel Südportal - Derendinger Allee,100003358,YAH24052174,9.04806,48.518,(UTC+01:00) Europe/Paris DST,2013-06-30T09:00:00+02:00,88,44,na,132,15.0,0.0,na
Eco Counter GmbH,Stadt Tübingen,667,Fuß- & Radtunnel Südportal - Derendinger Allee,100003358,YAH24052174,9.04806,48.518,(UTC+01:00) Europe/Paris DST,2013-06-30T10:00:00+02:00,86,132,na,218,16.0,0.0,na
Eco Counter GmbH,Stadt Tübingen,667,Fuß- & Radtunnel Südportal - Derendinger Allee,100003358,YAH24052174,9.04806,48.518,(UTC+01:00) Europe/Paris DST,2013-06-30T11:00:00+02:00,102,134,na,236,17.0,0.0,na
Eco Counter GmbH,Stadt Tübingen,667,Fuß- & Radtunnel Südportal - Derendinger Allee,100003358,YAH24052174,9.04806,48.518,(UTC+01:00) Europe/Paris DST,2013-06-30T12:00:00+02:00,128,163,na,291,18.0,0.0,na
Eco Counter GmbH,Stadt Tübingen,667,Fuß- & Radtunnel Südportal - Derendinger Allee,100003358,YAH24052174,9.04806,48.518,(UTC+01:00) Europe/Paris DST,2013-06-30T13:00:00+02:00,138,146,na,284,18.0,0.0,na
Eco Counter GmbH,Stadt Tübingen,667,Fuß- & Radtunnel Südportal - Derendinger Allee,100003358,YAH24052174,9.04806,48.518,(UTC+01:00) Europe/Paris DST,2013-06-30T14:00:00+02:00,153,179,na,332,18.0,0.0,na
Eco Counter GmbH,Stadt Tübingen,667,Fuß- & Radtunnel Südportal - Derendinger Allee,100003358,YAH24052174,9.04806,48.518,(UTC+01:00) Europe/Paris DST,2013-06-30T15:00:00+02:00,211,146,na,357,18.0,0.0,na
Eco Counter GmbH,Stadt Tübingen,667,Fuß- & Radtunnel Südportal - Derendinger Allee,100003358,YAH24052174,9.04806,48.518,(UTC+01:00) Europe/Paris DST,2013-06-30T16:00:00+02:00,185,149,na,334,17.0,0.0,na
Eco Counter GmbH,Stadt Tübingen,667,Fuß- & Radtunnel Südportal - Derendinger Allee,100003358,YAH24052174,9.04806,48.518,(UTC+01:00) Europe/Paris DST,2013-06-30T17:00:00+02:00,160,154,na,314,17.0,0.0,na
Eco Counter GmbH,Stadt Tübingen,667,Fuß- & Radtunnel Südportal - Derendinger Allee,100003358,YAH24052174,9.04806,48.518,(UTC+01:00) Europe/Paris DST,2013-06-30T18:00:00+02:00,206,124,na,330,15.0,0.0,na
Eco Counter GmbH,Stadt Tübingen,667,Fuß- & Radtunnel Südportal - Derendinger Allee,100003358,YAH24052174,9.04806,48.518,(UTC+01:00) Europe/Paris DST,2013-06-30T19:00:00+02:00,100,113,na,213,14.0,0.0,na
Eco Counter GmbH,Stadt Tübingen,667,Fuß- & Radtunnel Südportal - Derendinger Allee,100003358,YAH24052174,9.04806,48.518,(UTC+01:00) Europe/Paris DST,2013-06-30T20:00:00+02:00,78,60,na,138,12.0,0.0,na
Eco Counter GmbH,Stadt Tübingen,667,Fuß- & Radtunnel Südportal - Derendinger Allee,100003358,YAH24052174,9.04806,48.518,(UTC+01:00) Europe/Paris DST,2013-06-30T21:00:00+02:00,70,41,na,111,11.0,0.0,na
Eco Counter GmbH,Stadt Tübingen,667,Fuß- & Radtunnel Südportal - Derendinger Allee,100003358,YAH24052174,9.04806,48.518,(UTC+01:00) Europe/Paris DST,2013-06-30T22:00:00+02:00,37,28,na,65,10.0,0.0,na
Eco Counter GmbH,Stadt Tübingen,667,Unterführung Steinlach/Karlstraße Südseite - Steinlachallee,100003359,Y2H17123962,9.058865,48.515434,(UTC+01:00) Europe/Paris DST,2013-06-01T00:00:00+02:00,12,10,na,22,12.0,8.3,na
Eco Counter GmbH,Stadt Tübingen,667,Unterführung Steinlach/Karlstraße Südseite - Steinlachallee,100003359,Y2H17123962,9.058865,48.515434,(UTC+01:00) Europe/Paris DST,2013-06-01T01:00:00+02:00,3,14,na,17,12.0,4.3,na
Eco Counter GmbH,Stadt Tübingen,667,Unterführung Steinlach/Karlstraße Südseite - Steinlachallee,100003359,Y2H17123962,9.058865,48.515434,(UTC+01:00) Europe/Paris DST,2013-06-01T02:00:00+02:00,8,11,na,19,11.0,0.9,na
Eco Counter GmbH,Stadt Tübingen,667,Unterführung Steinlach/Karlstraße Südseite - Steinlachallee,100003359,Y2H17123962,9.058865,48.515434,(UTC+01:00) Europe/Paris DST,2013-06-01T03:00:00+02:00,1,10,na,11,11.0,0.7,na
Eco Counter GmbH,Stadt Tübingen,667,Unterführung Steinlach/Karlstraße Südseite - Steinlachallee,100003359,Y2H17123962,9.058865,48.515434,(UTC+01:00) Europe/Paris DST,2013-06-01T04:00:00+02:00,4,7,na,11,11.0,0.8,na
Eco Counter GmbH,Stadt Tübingen,667,Unterführung Steinlach/Karlstraße Südseite - Steinlachallee,100003359,Y2H17123962,9.058865,48.515434,(UTC+01:00) Europe/Paris DST,2013-06-01T05:00:00+02:00,7,3,na,10,11.0,0.9,na
Eco Counter GmbH,Stadt Tübingen,667,Unterführung Steinlach/Karlstraße Südseite - Steinlachallee,100003359,Y2H17123962,9.058865,48.515434,(UTC+01:00) Europe/Paris DST,2013-06-01T06:00:00+02:00,12,6,na,18,10.0,1.4,na
Eco Counter GmbH,Stadt Tübingen,667,Unterführung Steinlach/Karlstraße Südseite - Steinlachallee,100003359,Y2H17123962,9.058865,48.515434,(UTC+01:00) Europe/Paris DST,2013-06-01T07:00:00+02:00,24,15,na,39,10.0,1.4,na
Eco Counter GmbH,Stadt Tübingen,667,Unterführung Steinlach/Karlstraße Südseite - Steinlachallee,100003359,Y2H17123962,9.058865,48.515434,(UTC+01:00) Europe/Paris DST,2013-06-01T08:00:00+02:00,43,24,na,67,10.0,3.8,na
Eco Counter GmbH,Stadt Tübingen,667,Unterführung Steinlach/Karlstraße Südseite - Steinlachallee,100003359,Y2H17123962,9.058865,48.515434,(UTC+01:00) Europe/Paris DST,2013-06-01T09:00:00+02:00,87,45,na,132,10.0,3.1,na
Eco Counter GmbH,Stadt Tübingen,667,Unterführung Steinlach/Karlstraße Südseite - Steinlachallee,100003359,Y2H17123962,9.058865,48.515434,(UTC+01:00) Europe/Paris DST,2013-06-01T10:00:00+02:00,71,63,na,134,10.0,2.7,na
Eco Counter GmbH,Stadt Tübingen,667,Unterführung Steinlach/Karlstraße Südseite - Steinlachallee,100003359,Y2H17123962,9.058865,48.515434,(UTC+01:00) Europe/Paris DST,2013-06-01T11:00:00+02:00,61,37,na,98,10.0,4.7,na
Eco Counter GmbH,Stadt Tübingen,667,Unterführung Steinlach/Karlstraße Südseite - Steinlachallee,100003359,Y2H17123962,9.058865,48.515434,(UTC+01:00) Europe/Paris DST,2013-06-01T12:00:00+02:00,66,40,na,106,11.0,5.8,na
Eco Counter GmbH,Stadt Tübingen,667,Unterführung Steinlach/Karlstraße Südseite - Steinlachallee,100003359,Y2H17123962,9.058865,48.515434,(UTC+01:00) Europe/Paris DST,2013-06-01T13:00:00+02:00,69,60,na,129,11.0,2.7,na
Eco Counter GmbH,Stadt Tübingen,667,Unterführung Steinlach/Karlstraße Südseite - Steinlachallee,100003359,Y2H17123962,9.058865,48.515434,(UTC+01:00) Europe/Paris DST,2013-06-01T14:00:00+02:00,75,76,na,151,12.0,2.3,na
Eco Counter GmbH,Stadt Tübingen,667,Unterführung Steinlach/Karlstraße Südseite - Steinlachallee,100003359,Y2H17123962,9.058865,48.515434,(UTC+01:00) Europe/Paris DST,2013-06-01T15:00:00+02:00,50,73,na,123,12.0,1.2,na
Eco Counter GmbH,Stadt Tübingen,667,Unterführung Steinlach/Karlstraße Südseite - Steinlachallee,100003359,Y2H17123962,9.058865,48.515434,(UTC+01:00) Europe/Paris DST,2013-06-01T16:00:00+02:00,46,59,na,105,12.0,0.8,na
Eco Counter GmbH,Stadt Tübingen,667,Unterführung Steinlach/Karlstraße Südseite - Steinlachallee,100003359,Y2H17123962,9.058865,48.515434,(UTC+01:00) Europe/Paris DST,2013-06-01T17:00:00+02:00,43,41,na,84,11.0,0.4,na
Eco Counter GmbH,Stadt Tübingen,667,Unterführung Steinlach/Karlstraße Südseite - Steinlachallee,100003359,Y2H17123962,9.058865,48.515434,(UTC+01:00) Europe/Paris DST,2013-06-01T18:00:00+02:00,35,46,na,81,11.0,0.2,na
Eco Counter GmbH,Stadt Tübingen,667,Unterführung Steinlach/Karlstraße Südseite - Steinlachallee,100003359,Y2H17123962,9.058865,48.515434,(UTC+01:00) Europe/Paris DST,2013-06-01T19:00:00+02:00,57,42,na,99,11.0,0.2,na
Eco Counter GmbH,Stadt Tübingen,667,Unterführung Steinlach/Karlstraße Südseite - Steinlachallee,100003359,Y2H17123962,9.058865,48.515434,(UTC+01:00) Europe/Paris DST,2013-06-01T20:00:00+02:00,26,30,na,56,10.0,0.2,na
Eco Counter GmbH,Stadt Tübingen,667,Unterführung Steinlach/Karlstraße Südseite - Steinlachallee,100003359,Y2H17123962,9.058865,48.515434,(UTC+01:00) Europe/Paris DST,2013-06-01T21:00:00+02:00,23,19,na,42,10.0,0.3,na
Eco Counter GmbH,Stadt Tübingen,667,Unterführung Steinlach/Karlstraße Südseite - Steinlachallee,100003359,Y2H17123962,9.058865,48.515434,(UTC+01:00) Europe/Paris DST,2013-06-01T22:00:00+02:00,36,29,na,65,9.0,0.1,na
Eco Counter GmbH,Stadt Tübingen,667,Unterführung Steinlach/Karlstraße Südseite - Steinlachallee,100003359,Y2H17123962,9.058865,48.515434,(UTC+01:00) Europe/Paris DST,2013-06-01T23:00:00+02:00,17,16,na,33,8.0,0.0,na
Eco Counter GmbH,Stadt Tübingen,667,Unterführung Steinlach/Karlstraße Südseite - Steinlachallee,100003359,Y2H17123962,9.058865,48.515434,(UTC+01:00) Europe/Paris DST,2013-06-02T00:00:00+02:00,10,21,na,31,8.0,0.0,na
Eco Counter GmbH,Stadt Tübingen,667,Unterführung Steinlach/Karlstraße Südseite - Steinlachallee,100003359,Y2H17123962,9.058865,48.515434,(UTC+01:00) Europe/Paris DST,2013-06-02T01:00:00+02:00,7,15,na,22,8.0,0.2,na
Eco Counter GmbH,Stadt Tübingen,667,Unterführung Steinlach/Karlstraße Südseite - Steinlachallee,100003359,Y2H17123962,9.058865,48.515434,(UTC+01:00) Europe/Paris DST,2013-06-02T02:00:00+02:00,3,15,na,18,8.0,0.2,na
Eco Counter GmbH,Stadt Tübingen,667,Unterführung Steinlach/Karlstraße Südseite - Steinlachallee,100003359,Y2H17123962,9.058865,48.515434,(UTC+01:00) Europe/Paris DST,2013-06-02T03:00:00+02:00,4,10,na,14,7.0,0.2,na
Eco Counter GmbH,Stadt Tübingen,667,Unterführung Steinlach/Karlstraße Südseite - Steinlachallee,100003359,Y2H17123962,9.058865,48.515434,(UTC+01:00) Europe/Paris DST,2013-06-02T04:00:00+02:00,3,7,na,10,7.0,0.1,na
Eco Counter GmbH,Stadt Tübingen,667,Unterführung Steinlach/Karlstraße Südseite - Steinlachallee,100003359,Y2H17123962,9.058865,48.515434,(UTC+01:00) Europe/Paris DST,2013-06-02T05:00:00+02:00,12,3,na,15,7.0,0.0,na
Eco Counter GmbH,Stadt Tübingen,667,Unterführung Steinlach/Karlstraße Südseite - Steinlachallee,100003359,Y2H17123962,9.058865,48.515434,(UTC+01:00) Europe/Paris DST,2013-06-02T06:00:00+02:00,5,6,na,11,7.0,0.0,na
Eco Counter GmbH,Stadt Tübingen,667,Unterführung Steinlach/Karlstraße Südseite - Steinlachallee,100003359,Y2H17123962,9.058865,48.515434,(UTC+01:00) Europe/Paris DST,2013-06-02T07:00:00+02:00,10,7,na,17,8.0,0.0,na
Eco Counter GmbH,Stadt Tübingen,667,Unterführung Steinlach/Karlstraße Südseite - Steinlachallee,100003359,Y2H17123962,9.058865,48.515434,(UTC+01:00) Europe/Paris DST,2013-06-02T08:00:00+02:00,32,24,na,56,9.0,0.1,na
Eco Counter GmbH,Stadt Tübingen,667,Unterführung Steinlach/Karlstraße Südseite - Steinlachallee,100003359,Y2H17123962,9.058865,48.515434,(UTC+01:00) Europe/Paris DST,2013-06-02T09:00:00+02:00,62,32,na,94,9.0,0.0,na
Eco Counter GmbH,Stadt Tübingen,667,Unterführung Steinlach/Karlstraße Südseite - Steinlachallee,100003359,Y2H17123962,9.058865,48.515434,(UTC+01:00) Europe/Paris DST,2013-06-02T10:00:00+02:00,93,67,na,160,10.0,0.0,na
Eco Counter GmbH,Stadt Tübingen,667,Unterführung Steinlach/Karlstraße Südseite - Steinlachallee,100003359,Y2H17123962,9.058865,48.515434,(UTC+01:00) Europe/Paris DST,2013-06-02T11:00:00+02:00,120,77,na,197,11.0,0.0,na
Eco Counter GmbH,Stadt Tübingen,667,Unterführung Steinlach/Karlstraße Südseite - Steinlachallee,100003359,Y2H17123962,9.058865,48.515434,(UTC+01:00) Europe/Paris DST,2013-06-02T12:00:00+02:00,123,71,na,194,13.0,0.0,na
Eco Counter GmbH,Stadt Tübingen,667,Unterführung Steinlach/Karlstraße Südseite - Steinlachallee,100003359,Y2H17123962,9.058865,48.515434,(UTC+01:00) Europe/Paris DST,2013-06-02T13:00:00+02:00,145,108,na,253,13.0,0.0,na
Eco Counter GmbH,Stadt Tübingen,667,Unterführung Steinlach/Karlstraße Südseite - Steinlachallee,100003359,Y2H17123962,9.058865,48.515434,(UTC+01:00) Europe/Paris DST,2013-06-02T14:00:00+02:00,179,137,na,316,14.0,0.0,na
Eco Counter GmbH,Stadt Tübingen,667,Unterführung Steinlach/Karlstraße Südseite - Steinlachallee,100003359,Y2H17123962,9.058865,48.515434,(UTC+01:00) Europe/Paris DST,2013-06-02T15:00:00+02:00,259,153,na,412,14.0,0.0,na
Eco Counter GmbH,Stadt Tübingen,667,Unterführung Steinlach/Karlstraße Südseite - Steinlachallee,100003359,Y2H17123962,9.058865,48.515434,(UTC+01:00) Europe/Paris DST,2013-06-02T16:00:00+02:00,206,233,na,439,13.0,0.0,na
Eco Counter GmbH,Stadt Tübingen,667,Unterführung Steinlach/Karlstraße Südseite - Steinlachallee,100003359,Y2H17123962,9.058865,48.515434,(UTC+01:00) Europe/Paris DST,2013-06-02T17:00:00+02:00,185,233,na,418,12.0,0.0,na
Eco Counter GmbH,Stadt Tübingen,667,Unterführung Steinlach/Karlstraße Südseite - Steinlachallee,100003359,Y2H17123962,9.058865,48.515434,(UTC+01:00) Europe/Paris DST,2013-06-02T18:00:00+02:00,139,176,na,315,12.0,0.0,na
Eco Counter GmbH,Stadt Tübingen,667,Unterführung Steinlach/Karlstraße Südseite - Steinlachallee,100003359,Y2H17123962,9.058865,48.515434,(UTC+01:00) Europe/Paris DST,2013-06-02T19:00:00+02:00,99,106,na,205,11.0,0.0,na
Eco Counter GmbH,Stadt Tübingen,667,Unterführung Steinlach/Karlstraße Südseite - Steinlachallee,100003359,Y2H17123962,9.058865,48.515434,(UTC+01:00) Europe/Paris DST,2013-06-02T20:00:00+02:00,50,90,na,140,10.0,0.0,na
Eco Counter GmbH,Stadt Tübingen,667,Unterführung Steinlach/Karlstraße Südseite - Steinlachallee,100003359,Y2H17123962,9.058865,48.515434,(UTC+01:00) Europe/Paris DST,2013-06-02T21:00:00+02:00,32,54,na,86,10.0,0.0,na
Eco Counter GmbH,Stadt Tübingen,667,Unterführung Steinlach/Karlstraße Südseite - Steinlachallee,100003359,Y2H17123962,9.058865,48.515434,(UTC+01:00) Europe/Paris DST,2013-06-02T22:00:00+02:00,36,49,na,85,9.0,0.0,na
Eco Counter GmbH,Stadt Tübingen,667,Unterführung Steinlach/Karlstraße Südseite - Steinlachallee,100003359,Y2H17123962,9.058865,48.515434,(UTC+01:00) Europe/Paris DST,2013-06-02T23:00:00+02:00,24,24,na,48,8.0,0.0,na
Eco Counter GmbH,Stadt Tübingen,667,Unterführung Steinlach/Karlstraße Südseite - Steinlachallee,100003359,Y2H17123962,9.058865,48.515434,(UTC+01:00) Europe/Paris DST,2013-06-03T00:00:00+02:00,13,19,na,32,8.0,0.0,na
Eco Counter GmbH,Stadt Tübingen,667,Unterführung Steinlach/Karlstraße Südseite - Steinlachallee,100003359,Y2H17123962,9.058865,48.515434,(UTC+01:00) Europe/Paris DST,2013-06-03T01:00:00+02:00,4,5,na,9,7.0,0.0,na
Eco Counter GmbH,Stadt Tübingen,667,Unterführung Steinlach/Karlstraße Südseite - Steinlachallee,100003359,Y2H17123962,9.058865,48.515434,(UTC+01:00) Europe/Paris DST,2013-06-03T02:00:00+02:00,1,1,na,2,7.0,0.0,na
Eco Counter GmbH,Stadt Tübingen,667,Unterführung Steinlach/Karlstraße Südseite - Steinlachallee,100003359,Y2H17123962,9.058865,48.515434,(UTC+01:00) Europe/Paris DST,2013-06-03T03:00:00+02:00,2,2,na,4,6.0,0.0,na
Eco Counter GmbH,Stadt Tübingen,667,Unterführung Steinlach/Karlstraße Südseite - Steinlachallee,100003359,Y2H17123962,9.058865,48.515434,(UTC+01:00) Europe/Paris DST,2013-06-03T04:00:00+02:00,3,3,na,6,6.0,0.0,na
Eco Counter GmbH,Stadt Tübingen,667,Unterführung Steinlach/Karlstraße Südseite - Steinlachallee,100003359,Y2H17123962,9.058865,48.515434,(UTC+01:00) Europe/Paris DST,2013-06-03T05:00:00+02:00,40,4,na,44,6.0,0.0,na
Eco Counter GmbH,Stadt Tübingen,667,Unterführung Steinlach/Karlstraße Südseite - Steinlachallee,100003359,Y2H17123962,9.058865,48.515434,(UTC+01:00) Europe/Paris DST,2013-06-03T06:00:00+02:00,65,42,na,107,7.0,0.0,na
Eco Counter GmbH,Stadt Tübingen,667,Unterführung Steinlach/Karlstraße Südseite - Steinlachallee,100003359,Y2H17123962,9.058865,48.515434,(UTC+01:00) Europe/Paris DST,2013-06-03T07:00:00+02:00,410,158,na,568,7.0,0.0,na
Eco Counter GmbH,Stadt Tübingen,667,Unterführung Steinlach/Karlstraße Südseite - Steinlachallee,100003359,Y2H17123962,9.058865,48.515434,(UTC+01:00) Europe/Paris DST,2013-06-03T08:00:00+02:00,366,156,na,522,8.0,0.0,na
Eco Counter GmbH,Stadt Tübingen,667,Unterführung Steinlach/Karlstraße Südseite - Steinlachallee,100003359,Y2H17123962,9.058865,48.515434,(UTC+01:00) Europe/Paris DST,2013-06-03T09:00:00+02:00,302,137,na,439,9.0,0.0,na
Eco Counter GmbH,Stadt Tübingen,667,Unterführung Steinlach/Karlstraße Südseite - Steinlachallee,100003359,Y2H17123962,9.058865,48.515434,(UTC+01:00) Europe/Paris DST,2013-06-03T10:00:00+02:00,200,119,na,319,9.0,0.0,na
Eco Counter GmbH,Stadt Tübingen,667,Unterführung Steinlach/Karlstraße Südseite - Steinlachallee,100003359,Y2H17123962,9.058865,48.515434,(UTC+01:00) Europe/Paris DST,2013-06-03T11:00:00+02:00,214,146,na,360,10.0,0.0,na
Eco Counter GmbH,Stadt Tübingen,667,Unterführung Steinlach/Karlstraße Südseite - Steinlachallee,100003359,Y2H17123962,9.058865,48.515434,(UTC+01:00) Europe/Paris DST,2013-06-03T12:00:00+02:00,267,257,na,524,10.0,0.0,na
Eco Counter GmbH,Stadt Tübingen,667,Unterführung Steinlach/Karlstraße Südseite - Steinlachallee,100003359,Y2H17123962,9.058865,48.515434,(UTC+01:00) Europe/Paris DST,2013-06-03T13:00:00+02:00,221,292,na,513,10.0,0.1,na
Eco Counter GmbH,Stadt Tübingen,667,Unterführung Steinlach/Karlstraße Südseite - Steinlachallee,100003359,Y2H17123962,9.058865,48.515434,(UTC+01:00) Europe/Paris DST,2013-06-03T14:00:00+02:00,133,169,na,302,9.0,0.2,na
Eco Counter GmbH,Stadt Tübingen,667,Unterführung Steinlach/Karlstraße Südseite - Steinlachallee,100003359,Y2H17123962,9.058865,48.515434,(UTC+01:00) Europe/Paris DST,2013-06-03T15:00:00+02:00,205,245,na,450,9.0,0.2,na
Eco Counter GmbH,Stadt Tübingen,667,Unterführung Steinlach/Karlstraße Südseite - Steinlachallee,100003359,Y2H17123962,9.058865,48.515434,(UTC+01:00) Europe/Paris DST,2013-06-03T16:00:00+02:00,236,264,na,500,8.0,0.0,na
Eco Counter GmbH,Stadt Tübingen,667,Unterführung Steinlach/Karlstraße Südseite - Steinlachallee,100003359,Y2H17123962,9.058865,48.515434,(UTC+01:00) Europe/Paris DST,2013-06-03T17:00:00+02:00,260,294,na,554,8.0,0.0,na
Eco Counter GmbH,Stadt Tübingen,667,Unterführung Steinlach/Karlstraße Südseite - Steinlachallee,100003359,Y2H17123962,9.058865,48.515434,(UTC+01:00) Europe/Paris DST,2013-06-03T18:00:00+02:00,193,298,na,491,8.0,0.0,na
Eco Counter GmbH,Stadt Tübingen,667,Unterführung Steinlach/Karlstraße Südseite - Steinlachallee,100003359,Y2H17123962,9.058865,48.515434,(UTC+01:00) Europe/Paris DST,2013-06-03T19:00:00+02:00,159,227,na,386,8.0,0.0,na
Eco Counter GmbH,Stadt Tübingen,667,Unterführung Steinlach/Karlstraße Südseite - Steinlachallee,100003359,Y2H17123962,9.058865,48.515434,(UTC+01:00) Europe/Paris DST,2013-06-03T20:00:00+02:00,93,162,na,255,7.0,0.1,na
Eco Counter GmbH,Stadt Tübingen,667,Unterführung Steinlach/Karlstraße Südseite - Steinlachallee,100003359,Y2H17123962,9.058865,48.515434,(UTC+01:00) Europe/Paris DST,2013-06-03T21:00:00+02:00,43,106,na,149,7.0,0.0,na
Eco Counter GmbH,Stadt Tübingen,667,Unterführung Steinlach/Karlstraße Südseite - Steinlachallee,100003359,Y2H17123962,9.058865,48.515434,(UTC+01:00) Europe/Paris DST,2013-06-03T22:00:00+02:00,67,127,na,194,6.0,0.0,na
Eco Counter GmbH,Stadt Tübingen,667,Unterführung Steinlach/Karlstraße Südseite - Steinlachallee,100003359,Y2H17123962,9.058865,48.515434,(UTC+01:00) Europe/Paris DST,2013-06-03T23:00:00+02:00,17,41,na,58,6.0,0.0,na
Eco Counter GmbH,Stadt Tübingen,667,Unterführung Steinlach/Karlstraße Südseite - Steinlachallee,100003359,Y2H17123962,9.058865,48.515434,(UTC+01:00) Europe/Paris DST,2013-06-04T00:00:00+02:00,6,20,na,26,6.0,0.0,na
Eco Counter GmbH,Stadt Tübingen,667,Unterführung Steinlach/Karlstraße Südseite - Steinlachallee,100003359,Y2H17123962,9.058865,48.515434,(UTC+01:00) Europe/Paris DST,2013-06-04T01:00:00+02:00,3,13,na,16,6.0,0.0,na
Eco Counter GmbH,Stadt Tübingen,667,Unterführung Steinlach/Karlstraße Südseite - Steinlachallee,100003359,Y2H17123962,9.058865,48.515434,(UTC+01:00) Europe/Paris DST,2013-06-04T02:00:00+02:00,2,5,na,7,6.0,0.0,na
Eco Counter GmbH,Stadt Tübingen,667,Unterführung Steinlach/Karlstraße Südseite - Steinlachallee,100003359,Y2H17123962,9.058865,48.515434,(UTC+01:00) Europe/Paris DST,2013-06-04T03:00:00+02:00,1,3,na,4,6.0,0.0,na
Eco Counter GmbH,Stadt Tübingen,667,Unterführung Steinlach/Karlstraße Südseite - Steinlachallee,100003359,Y2H17123962,9.058865,48.515434,(UTC+01:00) Europe/Paris DST,2013-06-04T04:00:00+02:00,2,4,na,6,6.0,0.0,na
Eco Counter GmbH,Stadt Tübingen,667,Unterführung Steinlach/Karlstraße Südseite - Steinlachallee,100003359,Y2H17123962,9.058865,48.515434,(UTC+01:00) Europe/Paris DST,2013-06-04T05:00:00+02:00,20,8,na,28,8.0,0.0,na
Eco Counter GmbH,Stadt Tübingen,667,Unterführung Steinlach/Karlstraße Südseite - Steinlachallee,100003359,Y2H17123962,9.058865,48.515434,(UTC+01:00) Europe/Paris DST,2013-06-04T06:00:00+02:00,80,33,na,113,9.0,0.0,na
Eco Counter GmbH,Stadt Tübingen,667,Unterführung Steinlach/Karlstraße Südseite - Steinlachallee,100003359,Y2H17123962,9.058865,48.515434,(UTC+01:00) Europe/Paris DST,2013-06-04T07:00:00+02:00,472,182,na,654,11.0,0.0,na
Eco Counter GmbH,Stadt Tübingen,667,Unterführung Steinlach/Karlstraße Südseite - Steinlachallee,100003359,Y2H17123962,9.058865,48.515434,(UTC+01:00) Europe/Paris DST,2013-06-04T08:00:00+02:00,422,190,na,612,12.0,0.0,na
Eco Counter GmbH,Stadt Tübingen,667,Unterführung Steinlach/Karlstraße Südseite - Steinlachallee,100003359,Y2H17123962,9.058865,48.515434,(UTC+01:00) Europe/Paris DST,2013-06-04T09:00:00+02:00,330,121,na,451,13.0,0.0,na
Eco Counter GmbH,Stadt Tübingen,667,Unterführung Steinlach/Karlstraße Südseite - Steinlachallee,100003359,Y2H17123962,9.058865,48.515434,(UTC+01:00) Europe/Paris DST,2013-06-04T10:00:00+02:00,265,145,na,410,14.0,0.0,na
Eco Counter GmbH,Stadt Tübingen,667,Unterführung Steinlach/Karlstraße Südseite - Steinlachallee,100003359,Y2H17123962,9.058865,48.515434,(UTC+01:00) Europe/Paris DST,2013-06-04T11:00:00+02:00,219,189,na,408,15.0,0.0,na
Eco Counter GmbH,Stadt Tübingen,667,Unterführung Steinlach/Karlstraße Südseite - Steinlachallee,100003359,Y2H17123962,9.058865,48.515434,(UTC+01:00) Europe/Paris DST,2013-06-04T12:00:00+02:00,261,267,na,528,16.0,0.0,na
Eco Counter GmbH,Stadt Tübingen,667,Unterführung Steinlach/Karlstraße Südseite - Steinlachallee,100003359,Y2H17123962,9.058865,48.515434,(UTC+01:00) Europe/Paris DST,2013-06-04T13:00:00+02:00,252,292,na,544,16.0,0.0,na
Eco Counter GmbH,Stadt Tübingen,667,Unterführung Steinlach/Karlstraße Südseite - Steinlachallee,100003359,Y2H17123962,9.058865,48.515434,(UTC+01:00) Europe/Paris DST,2013-06-04T14:00:00+02:00,214,233,na,447,17.0,0.0,na
Eco Counter GmbH,Stadt Tübingen,667,Unterführung Steinlach/Karlstraße Südseite - Steinlachallee,100003359,Y2H17123962,9.058865,48.515434,(UTC+01:00) Europe/Paris DST,2013-06-04T15:00:00+02:00,331,322,na,653,17.0,0.0,na
Eco Counter GmbH,Stadt Tübingen,667,Unterführung Steinlach/Karlstraße Südseite - Steinlachallee,100003359,Y2H17123962,9.058865,48.515434,(UTC+01:00) Europe/Paris DST,2013-06-04T16:00:00+02:00,333,421,na,754,17.0,0.0,na
Eco Counter GmbH,Stadt Tübingen,667,Unterführung Steinlach/Karlstraße Südseite - Steinlachallee,100003359,Y2H17123962,9.058865,48.515434,(UTC+01:00) Europe/Paris DST,2013-06-04T17:00:00+02:00,344,421,na,765,16.0,0.0,na
Eco Counter GmbH,Stadt Tübingen,667,Unterführung Steinlach/Karlstraße Südseite - Steinlachallee,100003359,Y2H17123962,9.058865,48.515434,(UTC+01:00) Europe/Paris DST,2013-06-04T18:00:00+02:00,303,451,na,754,15.0,0.0,na
Eco Counter GmbH,Stadt Tübingen,667,Unterführung Steinlach/Karlstraße Südseite - Steinlachallee,100003359,Y2H17123962,9.058865,48.515434,(UTC+01:00) Europe/Paris DST,2013-06-04T19:00:00+02:00,255,313,na,568,14.0,0.0,na
Eco Counter GmbH,Stadt Tübingen,667,Unterführung Steinlach/Karlstraße Südseite - Steinlachallee,100003359,Y2H17123962,9.058865,48.515434,(UTC+01:00) Europe/Paris DST,2013-06-04T20:00:00+02:00,167,252,na,419,12.0,0.0,na
Eco Counter GmbH,Stadt Tübingen,667,Unterführung Steinlach/Karlstraße Südseite - Steinlachallee,100003359,Y2H17123962,9.058865,48.515434,(UTC+01:00) Europe/Paris DST,2013-06-04T21:00:00+02:00,81,173,na,254,11.0,0.0,na
Eco Counter GmbH,Stadt Tübingen,667,Unterführung Steinlach/Karlstraße Südseite - Steinlachallee,100003359,Y2H17123962,9.058865,48.515434,(UTC+01:00) Europe/Paris DST,2013-06-04T22:00:00+02:00,88,142,na,230,10.0,0.0,na
Eco Counter GmbH,Stadt Tübingen,667,Unterführung Steinlach/Karlstraße Südseite - Steinlachallee,100003359,Y2H17123962,9.058865,48.515434,(UTC+01:00) Europe/Paris DST,2013-06-04T23:00:00+02:00,30,58,na,88,9.0,0.0,na
Eco Counter GmbH,Stadt Tübingen,667,Unterführung Steinlach/Karlstraße Südseite - Steinlachallee,100003359,Y2H17123962,9.058865,48.515434,(UTC+01:00) Europe/Paris DST,2013-06-05T00:00:00+02:00,16,33,na,49,8.0,0.0,na
Eco Counter GmbH,Stadt Tübingen,667,Unterführung Steinlach/Karlstraße Südseite - Steinlachallee,100003359,Y2H17123962,9.058865,48.515434,(UTC+01:00) Europe/Paris DST,2013-06-05T01:00:00+02:00,2,12,na,14,7.0,0.0,na
Eco Counter GmbH,Stadt Tübingen,667,Unterführung Steinlach/Karlstraße Südseite - Steinlachallee,100003359,Y2H17123962,9.058865,48.515434,(UTC+01:00) Europe/Paris DST,2013-06-05T02:00:00+02:00,2,3,na,5,7.0,0.0,na
Eco Counter GmbH,Stadt Tübingen,667,Unterführung Steinlach/Karlstraße Südseite - Steinlachallee,100003359,Y2H17123962,9.058865,48.515434,(UTC+01:00) Europe/Paris DST,2013-06-05T03:00:00+02:00,1,1,na,2,7.0,0.0,na
Eco Counter GmbH,Stadt Tübingen,667,Unterführung Steinlach/Karlstraße Südseite - Steinlachallee,100003359,Y2H17123962,9.058865,48.515434,(UTC+01:00) Europe/Paris DST,2013-06-05T04:00:00+02:00,4,4,na,8,8.0,0.0,na
Eco Counter GmbH,Stadt Tübingen,667,Unterführung Steinlach/Karlstraße Südseite - Steinlachallee,100003359,Y2H17123962,9.058865,48.515434,(UTC+01:00) Europe/Paris DST,2013-06-05T05:00:00+02:00,29,10,na,39,9.0,0.0,na
Eco Counter GmbH,Stadt Tübingen,667,Unterführung Steinlach/Karlstraße Südseite - Steinlachallee,100003359,Y2H17123962,9.058865,48.515434,(UTC+01:00) Europe/Paris DST,2013-06-05T06:00:00+02:00,73,43,na,116,11.0,0.0,na
Eco Counter GmbH,Stadt Tübingen,667,Unterführung Steinlach/Karlstraße Südseite - Steinlachallee,100003359,Y2H17123962,9.058865,48.515434,(UTC+01:00) Europe/Paris DST,2013-06-05T07:00:00+02:00,473,182,na,655,12.0,0.0,na
Eco Counter GmbH,Stadt Tübingen,667,Unterführung Steinlach/Karlstraße Südseite - Steinlachallee,100003359,Y2H17123962,9.058865,48.515434,(UTC+01:00) Europe/Paris DST,2013-06-05T08:00:00+02:00,445,185,na,630,14.0,0.0,na
Eco Counter GmbH,Stadt Tübingen,667,Unterführung Steinlach/Karlstraße Südseite - Steinlachallee,100003359,Y2H17123962,9.058865,48.515434,(UTC+01:00) Europe/Paris DST,2013-06-05T09:00:00+02:00,371,184,na,555,16.0,0.0,na
Eco Counter GmbH,Stadt Tübingen,667,Unterführung Steinlach/Karlstraße Südseite - Steinlachallee,100003359,Y2H17123962,9.058865,48.515434,(UTC+01:00) Europe/Paris DST,2013-06-05T10:00:00+02:00,327,176,na,503,17.0,0.0,na
Eco Counter GmbH,Stadt Tübingen,667,Unterführung Steinlach/Karlstraße Südseite - Steinlachallee,100003359,Y2H17123962,9.058865,48.515434,(UTC+01:00) Europe/Paris DST,2013-06-05T11:00:00+02:00,253,225,na,478,18.0,0.0,na
Eco Counter GmbH,Stadt Tübingen,667,Unterführung Steinlach/Karlstraße Südseite - Steinlachallee,100003359,Y2H17123962,9.058865,48.515434,(UTC+01:00) Europe/Paris DST,2013-06-05T12:00:00+02:00,290,296,na,586,19.0,0.0,na
Eco Counter GmbH,Stadt Tübingen,667,Unterführung Steinlach/Karlstraße Südseite - Steinlachallee,100003359,Y2H17123962,9.058865,48.515434,(UTC+01:00) Europe/Paris DST,2013-06-05T13:00:00+02:00,284,332,na,616,19.0,0.0,na
Eco Counter GmbH,Stadt Tübingen,667,Unterführung Steinlach/Karlstraße Südseite - Steinlachallee,100003359,Y2H17123962,9.058865,48.515434,(UTC+01:00) Europe/Paris DST,2013-06-05T14:00:00+02:00,236,250,na,486,20.0,0.0,na
Eco Counter GmbH,Stadt Tübingen,667,Unterführung Steinlach/Karlstraße Südseite - Steinlachallee,100003359,Y2H17123962,9.058865,48.515434,(UTC+01:00) Europe/Paris DST,2013-06-05T15:00:00+02:00,353,353,na,706,19.0,0.0,na
Eco Counter GmbH,Stadt Tübingen,667,Unterführung Steinlach/Karlstraße Südseite - Steinlachallee,100003359,Y2H17123962,9.058865,48.515434,(UTC+01:00) Europe/Paris DST,2013-06-05T16:00:00+02:00,325,392,na,717,19.0,0.0,na
Eco Counter GmbH,Stadt Tübingen,667,Unterführung Steinlach/Karlstraße Südseite - Steinlachallee,100003359,Y2H17123962,9.058865,48.515434,(UTC+01:00) Europe/Paris DST,2013-06-05T17:00:00+02:00,349,435,na,784,18.0,0.0,na
Eco Counter GmbH,Stadt Tübingen,667,Unterführung Steinlach/Karlstraße Südseite - Steinlachallee,100003359,Y2H17123962,9.058865,48.515434,(UTC+01:00) Europe/Paris DST,2013-06-05T18:00:00+02:00,325,476,na,801,17.0,0.0,na
Eco Counter GmbH,Stadt Tübingen,667,Unterführung Steinlach/Karlstraße Südseite - Steinlachallee,100003359,Y2H17123962,9.058865,48.515434,(UTC+01:00) Europe/Paris DST,2013-06-05T19:00:00+02:00,239,312,na,551,16.0,0.0,na
Eco Counter GmbH,Stadt Tübingen,667,Unterführung Steinlach/Karlstraße Südseite - Steinlachallee,100003359,Y2H17123962,9.058865,48.515434,(UTC+01:00) Europe/Paris DST,2013-06-05T20:00:00+02:00,161,248,na,409,14.0,0.0,na
Eco Counter GmbH,Stadt Tübingen,667,Unterführung Steinlach/Karlstraße Südseite - Steinlachallee,100003359,Y2H17123962,9.058865,48.515434,(UTC+01:00) Europe/Paris DST,2013-06-05T21:00:00+02:00,117,149,na,266,13.0,0.0,na
Eco Counter GmbH,Stadt Tübingen,667,Unterführung Steinlach/Karlstraße Südseite - Steinlachallee,100003359,Y2H17123962,9.058865,48.515434,(UTC+01:00) Europe/Paris DST,2013-06-05T22:00:00+02:00,94,155,na,249,11.0,0.0,na
Eco Counter GmbH,Stadt Tübingen,667,Unterführung Steinlach/Karlstraße Südseite - Steinlachallee,100003359,Y2H17123962,9.058865,48.515434,(UTC+01:00) Europe/Paris DST,2013-06-05T23:00:00+02:00,36,87,na,123,10.0,0.0,na
Eco Counter GmbH,Stadt Tübingen,667,Unterführung Steinlach/Karlstraße Südseite - Steinlachallee,100003359,Y2H17123962,9.058865,48.515434,(UTC+01:00) Europe/Paris DST,2013-06-06T00:00:00+02:00,16,42,na,58,10.0,0.0,na
Eco Counter GmbH,Stadt Tübingen,667,Unterführung Steinlach/Karlstraße Südseite - Steinlachallee,100003359,Y2H17123962,9.058865,48.515434,(UTC+01:00) Europe/Paris DST,2013-06-06T01:00:00+02:00,7,14,na,21,9.0,0.0,na
Eco Counter GmbH,Stadt Tübingen,667,Unterführung Steinlach/Karlstraße Südseite - Steinlachallee,100003359,Y2H17123962,9.058865,48.515434,(UTC+01:00) Europe/Paris DST,2013-06-06T02:00:00+02:00,2,3,na,5,9.0,0.0,na
Eco Counter GmbH,Stadt Tübingen,667,Unterführung Steinlach/Karlstraße Südseite - Steinlachallee,100003359,Y2H17123962,9.058865,48.515434,(UTC+01:00) Europe/Paris DST,2013-06-06T03:00:00+02:00,3,6,na,9,9.0,0.0,na
Eco Counter GmbH,Stadt Tübingen,667,Unterführung Steinlach/Karlstraße Südseite - Steinlachallee,100003359,Y2H17123962,9.058865,48.515434,(UTC+01:00) Europe/Paris DST,2013-06-06T04:00:00+02:00,3,9,na,12,9.0,0.0,na
Eco Counter GmbH,Stadt Tübingen,667,Unterführung Steinlach/Karlstraße Südseite - Steinlachallee,100003359,Y2H17123962,9.058865,48.515434,(UTC+01:00) Europe/Paris DST,2013-06-06T05:00:00+02:00,26,12,na,38,10.0,0.0,na
Eco Counter GmbH,Stadt Tübingen,667,Unterführung Steinlach/Karlstraße Südseite - Steinlachallee,100003359,Y2H17123962,9.058865,48.515434,(UTC+01:00) Europe/Paris DST,2013-06-06T06:00:00+02:00,81,45,na,126,12.0,0.0,na
Eco Counter GmbH,Stadt Tübingen,667,Unterführung Steinlach/Karlstraße Südseite - Steinlachallee,100003359,Y2H17123962,9.058865,48.515434,(UTC+01:00) Europe/Paris DST,2013-06-06T07:00:00+02:00,495,164,na,659,14.0,0.0,na
Eco Counter GmbH,Stadt Tübingen,667,Unterführung Steinlach/Karlstraße Südseite - Steinlachallee,100003359,Y2H17123962,9.058865,48.515434,(UTC+01:00) Europe/Paris DST,2013-06-06T08:00:00+02:00,435,301,na,736,16.0,0.0,na
Eco Counter GmbH,Stadt Tübingen,667,Unterführung Steinlach/Karlstraße Südseite - Steinlachallee,100003359,Y2H17123962,9.058865,48.515434,(UTC+01:00) Europe/Paris DST,2013-06-06T09:00:00+02:00,317,165,na,482,17.0,0.0,na
Eco Counter GmbH,Stadt Tübingen,667,Unterführung Steinlach/Karlstraße Südseite - Steinlachallee,100003359,Y2H17123962,9.058865,48.515434,(UTC+01:00) Europe/Paris DST,2013-06-06T10:00:00+02:00,265,151,na,416,18.0,0.0,na
Eco Counter GmbH,Stadt Tübingen,667,Unterführung Steinlach/Karlstraße Südseite - Steinlachallee,100003359,Y2H17123962,9.058865,48.515434,(UTC+01:00) Europe/Paris DST,2013-06-06T11:00:00+02:00,242,185,na,427,19.0,0.0,na
Eco Counter GmbH,Stadt Tübingen,667,Unterführung Steinlach/Karlstraße Südseite - Steinlachallee,100003359,Y2H17123962,9.058865,48.515434,(UTC+01:00) Europe/Paris DST,2013-06-06T12:00:00+02:00,300,285,na,585,20.0,0.0,na
Eco Counter GmbH,Stadt Tübingen,667,Unterführung Steinlach/Karlstraße Südseite - Steinlachallee,100003359,Y2H17123962,9.058865,48.515434,(UTC+01:00) Europe/Paris DST,2013-06-06T13:00:00+02:00,264,326,na,590,20.0,0.0,na
Eco Counter GmbH,Stadt Tübingen,667,Unterführung Steinlach/Karlstraße Südseite - Steinlachallee,100003359,Y2H17123962,9.058865,48.515434,(UTC+01:00) Europe/Paris DST,2013-06-06T14:00:00+02:00,298,294,na,592,21.0,0.0,na
Eco Counter GmbH,Stadt Tübingen,667,Unterführung Steinlach/Karlstraße Südseite - Steinlachallee,100003359,Y2H17123962,9.058865,48.515434,(UTC+01:00) Europe/Paris DST,2013-06-06T15:00:00+02:00,356,338,na,694,20.0,0.0,na
Eco Counter GmbH,Stadt Tübingen,667,Unterführung Steinlach/Karlstraße Südseite - Steinlachallee,100003359,Y2H17123962,9.058865,48.515434,(UTC+01:00) Europe/Paris DST,2013-06-06T16:00:00+02:00,376,389,na,765,20.0,0.0,na
Eco Counter GmbH,Stadt Tübingen,667,Unterführung Steinlach/Karlstraße Südseite - Steinlachallee,100003359,Y2H17123962,9.058865,48.515434,(UTC+01:00) Europe/Paris DST,2013-06-06T17:00:00+02:00,318,423,na,741,20.0,0.0,na
Eco Counter GmbH,Stadt Tübingen,667,Unterführung Steinlach/Karlstraße Südseite - Steinlachallee,100003359,Y2H17123962,9.058865,48.515434,(UTC+01:00) Europe/Paris DST,2013-06-06T18:00:00+02:00,331,447,na,778,19.0,0.0,na
Eco Counter GmbH,Stadt Tübingen,667,Unterführung Steinlach/Karlstraße Südseite - Steinlachallee,100003359,Y2H17123962,9.058865,48.515434,(UTC+01:00) Europe/Paris DST,2013-06-06T19:00:00+02:00,263,324,na,587,17.0,0.0,na
Eco Counter GmbH,Stadt Tübingen,667,Unterführung Steinlach/Karlstraße Südseite - Steinlachallee,100003359,Y2H17123962,9.058865,48.515434,(UTC+01:00) Europe/Paris DST,2013-06-06T20:00:00+02:00,184,247,na,431,16.0,0.0,na
Eco Counter GmbH,Stadt Tübingen,667,Unterführung Steinlach/Karlstraße Südseite - Steinlachallee,100003359,Y2H17123962,9.058865,48.515434,(UTC+01:00) Europe/Paris DST,2013-06-06T21:00:00+02:00,125,170,na,295,14.0,0.0,na
Eco Counter GmbH,Stadt Tübingen,667,Unterführung Steinlach/Karlstraße Südseite - Steinlachallee,100003359,Y2H17123962,9.058865,48.515434,(UTC+01:00) Europe/Paris DST,2013-06-06T22:00:00+02:00,75,162,na,237,13.0,0.0,na
Eco Counter GmbH,Stadt Tübingen,667,Unterführung Steinlach/Karlstraße Südseite - Steinlachallee,100003359,Y2H17123962,9.058865,48.515434,(UTC+01:00) Europe/Paris DST,2013-06-06T23:00:00+02:00,54,93,na,147,11.0,0.0,na
Eco Counter GmbH,Stadt Tübingen,667,Unterführung Steinlach/Karlstraße Südseite - Steinlachallee,100003359,Y2H17123962,9.058865,48.515434,(UTC+01:00) Europe/Paris DST,2013-06-07T00:00:00+02:00,18,59,na,77,10.0,0.0,na
Eco Counter GmbH,Stadt Tübingen,667,Unterführung Steinlach/Karlstraße Südseite - Steinlachallee,100003359,Y2H17123962,9.058865,48.515434,(UTC+01:00) Europe/Paris DST,2013-06-07T01:00:00+02:00,4,36,na,40,9.0,0.0,na
Eco Counter GmbH,Stadt Tübingen,667,Unterführung Steinlach/Karlstraße Südseite - Steinlachallee,100003359,Y2H17123962,9.058865,48.515434,(UTC+01:00) Europe/Paris DST,2013-06-07T02:00:00+02:00,4,21,na,25,9.0,0.0,na
Eco Counter GmbH,Stadt Tübingen,667,Unterführung Steinlach/Karlstraße Südseite - Steinlachallee,100003359,Y2H17123962,9.058865,48.515434,(UTC+01:00) Europe/Paris DST,2013-06-07T03:00:00+02:00,1,8,na,9,9.0,0.0,na
Eco Counter GmbH,Stadt Tübingen,667,Unterführung Steinlach/Karlstraße Südseite - Steinlachallee,100003359,Y2H17123962,9.058865,48.515434,(UTC+01:00) Europe/Paris DST,2013-06-07T04:00:00+02:00,6,4,na,10,10.0,0.0,na
Eco Counter GmbH,Stadt Tübingen,667,Unterführung Steinlach/Karlstraße Südseite - Steinlachallee,100003359,Y2H17123962,9.058865,48.515434,(UTC+01:00) Europe/Paris DST,2013-06-07T05:00:00+02:00,28,15,na,43,11.0,0.0,na
Eco Counter GmbH,Stadt Tübingen,667,Unterführung Steinlach/Karlstraße Südseite - Steinlachallee,100003359,Y2H17123962,9.058865,48.515434,(UTC+01:00) Europe/Paris DST,2013-06-07T06:00:00+02:00,79,41,na,120,13.0,0.0,na
Eco Counter GmbH,Stadt Tübingen,667,Unterführung Steinlach/Karlstraße Südseite - Steinlachallee,100003359,Y2H17123962,9.058865,48.515434,(UTC+01:00) Europe/Paris DST,2013-06-07T07:00:00+02:00,434,167,na,601,15.0,0.0,na
Eco Counter GmbH,Stadt Tübingen,667,Unterführung Steinlach/Karlstraße Südseite - Steinlachallee,100003359,Y2H17123962,9.058865,48.515434,(UTC+01:00) Europe/Paris DST,2013-06-07T08:00:00+02:00,397,215,na,612,16.0,0.0,na
Eco Counter GmbH,Stadt Tübingen,667,Unterführung Steinlach/Karlstraße Südseite - Steinlachallee,100003359,Y2H17123962,9.058865,48.515434,(UTC+01:00) Europe/Paris DST,2013-06-07T09:00:00+02:00,428,141,na,569,18.0,0.0,na
Eco Counter GmbH,Stadt Tübingen,667,Unterführung Steinlach/Karlstraße Südseite - Steinlachallee,100003359,Y2H17123962,9.058865,48.515434,(UTC+01:00) Europe/Paris DST,2013-06-07T10:00:00+02:00,295,203,na,498,19.0,0.0,na
Eco Counter GmbH,Stadt Tübingen,667,Unterführung Steinlach/Karlstraße Südseite - Steinlachallee,100003359,Y2H17123962,9.058865,48.515434,(UTC+01:00) Europe/Paris DST,2013-06-07T11:00:00+02:00,279,278,na,557,20.0,0.1,na
Eco Counter GmbH,Stadt Tübingen,667,Unterführung Steinlach/Karlstraße Südseite - Steinlachallee,100003359,Y2H17123962,9.058865,48.515434,(UTC+01:00) Europe/Paris DST,2013-06-07T12:00:00+02:00,319,374,na,693,20.0,0.1,na
Eco Counter GmbH,Stadt Tübingen,667,Unterführung Steinlach/Karlstraße Südseite - Steinlachallee,100003359,Y2H17123962,9.058865,48.515434,(UTC+01:00) Europe/Paris DST,2013-06-07T13:00:00+02:00,265,406,na,671,21.0,0.0,na
Eco Counter GmbH,Stadt Tübingen,667,Unterführung Steinlach/Karlstraße Südseite - Steinlachallee,100003359,Y2H17123962,9.058865,48.515434,(UTC+01:00) Europe/Paris DST,2013-06-07T14:00:00+02:00,308,253,na,561,21.0,0.0,na
Eco Counter GmbH,Stadt Tübingen,667,Unterführung Steinlach/Karlstraße Südseite - Steinlachallee,100003359,Y2H17123962,9.058865,48.515434,(UTC+01:00) Europe/Paris DST,2013-06-07T15:00:00+02:00,306,276,na,582,20.0,0.0,na
Eco Counter GmbH,Stadt Tübingen,667,Unterführung Steinlach/Karlstraße Südseite - Steinlachallee,100003359,Y2H17123962,9.058865,48.515434,(UTC+01:00) Europe/Paris DST,2013-06-07T16:00:00+02:00,296,303,na,599,20.0,0.0,na
Eco Counter GmbH,Stadt Tübingen,667,Unterführung Steinlach/Karlstraße Südseite - Steinlachallee,100003359,Y2H17123962,9.058865,48.515434,(UTC+01:00) Europe/Paris DST,2013-06-07T17:00:00+02:00,272,384,na,656,20.0,0.0,na
Eco Counter GmbH,Stadt Tübingen,667,Unterführung Steinlach/Karlstraße Südseite - Steinlachallee,100003359,Y2H17123962,9.058865,48.515434,(UTC+01:00) Europe/Paris DST,2013-06-07T18:00:00+02:00,287,390,na,677,19.0,0.0,na
Eco Counter GmbH,Stadt Tübingen,667,Unterführung Steinlach/Karlstraße Südseite - Steinlachallee,100003359,Y2H17123962,9.058865,48.515434,(UTC+01:00) Europe/Paris DST,2013-06-07T19:00:00+02:00,198,261,na,459,17.0,0.0,na
Eco Counter GmbH,Stadt Tübingen,667,Unterführung Steinlach/Karlstraße Südseite - Steinlachallee,100003359,Y2H17123962,9.058865,48.515434,(UTC+01:00) Europe/Paris DST,2013-06-07T20:00:00+02:00,202,178,na,380,16.0,0.0,na
Eco Counter GmbH,Stadt Tübingen,667,Unterführung Steinlach/Karlstraße Südseite - Steinlachallee,100003359,Y2H17123962,9.058865,48.515434,(UTC+01:00) Europe/Paris DST,2013-06-07T21:00:00+02:00,145,106,na,251,14.0,0.0,na
Eco Counter GmbH,Stadt Tübingen,667,Unterführung Steinlach/Karlstraße Südseite - Steinlachallee,100003359,Y2H17123962,9.058865,48.515434,(UTC+01:00) Europe/Paris DST,2013-06-07T22:00:00+02:00,81,151,na,232,13.0,0.0,na
Eco Counter GmbH,Stadt Tübingen,667,Unterführung Steinlach/Karlstraße Südseite - Steinlachallee,100003359,Y2H17123962,9.058865,48.515434,(UTC+01:00) Europe/Paris DST,2013-06-07T23:00:00+02:00,48,81,na,129,13.0,0.0,na
Eco Counter GmbH,Stadt Tübingen,667,Unterführung Steinlach/Karlstraße Südseite - Steinlachallee,100003359,Y2H17123962,9.058865,48.515434,(UTC+01:00) Europe/Paris DST,2013-06-08T00:00:00+02:00,32,82,na,114,12.0,0.0,na
Eco Counter GmbH,Stadt Tübingen,667,Unterführung Steinlach/Karlstraße Südseite - Steinlachallee,100003359,Y2H17123962,9.058865,48.515434,(UTC+01:00) Europe/Paris DST,2013-06-08T01:00:00+02:00,18,58,na,76,12.0,0.0,na
Eco Counter GmbH,Stadt Tübingen,667,Unterführung Steinlach/Karlstraße Südseite - Steinlachallee,100003359,Y2H17123962,9.058865,48.515434,(UTC+01:00) Europe/Paris DST,2013-06-08T02:00:00+02:00,5,29,na,34,11.0,0.0,na
Eco Counter GmbH,Stadt Tübingen,667,Unterführung Steinlach/Karlstraße Südseite - Steinlachallee,100003359,Y2H17123962,9.058865,48.515434,(UTC+01:00) Europe/Paris DST,2013-06-08T03:00:00+02:00,5,31,na,36,11.0,0.0,na
Eco Counter GmbH,Stadt Tübingen,667,Unterführung Steinlach/Karlstraße Südseite - Steinlachallee,100003359,Y2H17123962,9.058865,48.515434,(UTC+01:00) Europe/Paris DST,2013-06-08T04:00:00+02:00,2,17,na,19,11.0,0.0,na
Eco Counter GmbH,Stadt Tübingen,667,Unterführung Steinlach/Karlstraße Südseite - Steinlachallee,100003359,Y2H17123962,9.058865,48.515434,(UTC+01:00) Europe/Paris DST,2013-06-08T05:00:00+02:00,14,9,na,23,13.0,0.0,na
Eco Counter GmbH,Stadt Tübingen,667,Unterführung Steinlach/Karlstraße Südseite - Steinlachallee,100003359,Y2H17123962,9.058865,48.515434,(UTC+01:00) Europe/Paris DST,2013-06-08T06:00:00+02:00,15,15,na,30,15.0,0.0,na
Eco Counter GmbH,Stadt Tübingen,667,Unterführung Steinlach/Karlstraße Südseite - Steinlachallee,100003359,Y2H17123962,9.058865,48.515434,(UTC+01:00) Europe/Paris DST,2013-06-08T07:00:00+02:00,47,26,na,73,16.0,0.0,na
Eco Counter GmbH,Stadt Tübingen,667,Unterführung Steinlach/Karlstraße Südseite - Steinlachallee,100003359,Y2H17123962,9.058865,48.515434,(UTC+01:00) Europe/Paris DST,2013-06-08T08:00:00+02:00,120,106,na,226,18.0,0.0,na
Eco Counter GmbH,Stadt Tübingen,667,Unterführung Steinlach/Karlstraße Südseite - Steinlachallee,100003359,Y2H17123962,9.058865,48.515434,(UTC+01:00) Europe/Paris DST,2013-06-08T09:00:00+02:00,283,100,na,383,19.0,0.0,na
Eco Counter GmbH,Stadt Tübingen,667,Unterführung Steinlach/Karlstraße Südseite - Steinlachallee,100003359,Y2H17123962,9.058865,48.515434,(UTC+01:00) Europe/Paris DST,2013-06-08T10:00:00+02:00,326,161,na,487,20.0,0.0,na
Eco Counter GmbH,Stadt Tübingen,667,Unterführung Steinlach/Karlstraße Südseite - Steinlachallee,100003359,Y2H17123962,9.058865,48.515434,(UTC+01:00) Europe/Paris DST,2013-06-08T11:00:00+02:00,354,240,na,594,21.0,0.0,na
Eco Counter GmbH,Stadt Tübingen,667,Unterführung Steinlach/Karlstraße Südseite - Steinlachallee,100003359,Y2H17123962,9.058865,48.515434,(UTC+01:00) Europe/Paris DST,2013-06-08T12:00:00+02:00,408,295,na,703,22.0,0.0,na
Eco Counter GmbH,Stadt Tübingen,667,Unterführung Steinlach/Karlstraße Südseite - Steinlachallee,100003359,Y2H17123962,9.058865,48.515434,(UTC+01:00) Europe/Paris DST,2013-06-08T13:00:00+02:00,292,289,na,581,22.0,0.0,na
Eco Counter GmbH,Stadt Tübingen,667,Unterführung Steinlach/Karlstraße Südseite - Steinlachallee,100003359,Y2H17123962,9.058865,48.515434,(UTC+01:00) Europe/Paris DST,2013-06-08T14:00:00+02:00,315,295,na,610,22.0,0.0,na
Eco Counter GmbH,Stadt Tübingen,667,Unterführung Steinlach/Karlstraße Südseite - Steinlachallee,100003359,Y2H17123962,9.058865,48.515434,(UTC+01:00) Europe/Paris DST,2013-06-08T15:00:00+02:00,264,239,na,503,22.0,0.0,na
Eco Counter GmbH,Stadt Tübingen,667,Unterführung Steinlach/Karlstraße Südseite - Steinlachallee,100003359,Y2H17123962,9.058865,48.515434,(UTC+01:00) Europe/Paris DST,2013-06-08T16:00:00+02:00,228,257,na,485,21.0,0.0,na
Eco Counter GmbH,Stadt Tübingen,667,Unterführung Steinlach/Karlstraße Südseite - Steinlachallee,100003359,Y2H17123962,9.058865,48.515434,(UTC+01:00) Europe/Paris DST,2013-06-08T17:00:00+02:00,189,277,na,466,21.0,0.0,na
Eco Counter GmbH,Stadt Tübingen,667,Unterführung Steinlach/Karlstraße Südseite - Steinlachallee,100003359,Y2H17123962,9.058865,48.515434,(UTC+01:00) Europe/Paris DST,2013-06-08T18:00:00+02:00,178,272,na,450,20.0,0.0,na
Eco Counter GmbH,Stadt Tübingen,667,Unterführung Steinlach/Karlstraße Südseite - Steinlachallee,100003359,Y2H17123962,9.058865,48.515434,(UTC+01:00) Europe/Paris DST,2013-06-08T19:00:00+02:00,150,292,na,442,19.0,0.0,na
Eco Counter GmbH,Stadt Tübingen,667,Unterführung Steinlach/Karlstraße Südseite - Steinlachallee,100003359,Y2H17123962,9.058865,48.515434,(UTC+01:00) Europe/Paris DST,2013-06-08T20:00:00+02:00,117,206,na,323,17.0,0.0,na
Eco Counter GmbH,Stadt Tübingen,667,Unterführung Steinlach/Karlstraße Südseite - Steinlachallee,100003359,Y2H17123962,9.058865,48.515434,(UTC+01:00) Europe/Paris DST,2013-06-08T21:00:00+02:00,95,100,na,195,16.0,0.0,na
Eco Counter GmbH,Stadt Tübingen,667,Unterführung Steinlach/Karlstraße Südseite - Steinlachallee,100003359,Y2H17123962,9.058865,48.515434,(UTC+01:00) Europe/Paris DST,2013-06-08T22:00:00+02:00,74,125,na,199,15.0,0.0,na
Eco Counter GmbH,Stadt Tübingen,667,Unterführung Steinlach/Karlstraße Südseite - Steinlachallee,100003359,Y2H17123962,9.058865,48.515434,(UTC+01:00) Europe/Paris DST,2013-06-08T23:00:00+02:00,144,64,na,208,14.0,0.0,na
Eco Counter GmbH,Stadt Tübingen,667,Unterführung Steinlach/Karlstraße Südseite - Steinlachallee,100003359,Y2H17123962,9.058865,48.515434,(UTC+01:00) Europe/Paris DST,2013-06-09T00:00:00+02:00,53,59,na,112,14.0,0.0,na
Eco Counter GmbH,Stadt Tübingen,667,Unterführung Steinlach/Karlstraße Südseite - Steinlachallee,100003359,Y2H17123962,9.058865,48.515434,(UTC+01:00) Europe/Paris DST,2013-06-09T01:00:00+02:00,26,40,na,66,13.0,0.0,na
Eco Counter GmbH,Stadt Tübingen,667,Unterführung Steinlach/Karlstraße Südseite - Steinlachallee,100003359,Y2H17123962,9.058865,48.515434,(UTC+01:00) Europe/Paris DST,2013-06-09T02:00:00+02:00,10,35,na,45,13.0,0.0,na
Eco Counter GmbH,Stadt Tübingen,667,Unterführung Steinlach/Karlstraße Südseite - Steinlachallee,100003359,Y2H17123962,9.058865,48.515434,(UTC+01:00) Europe/Paris DST,2013-06-09T03:00:00+02:00,3,23,na,26,13.0,0.0,na
Eco Counter GmbH,Stadt Tübingen,667,Unterführung Steinlach/Karlstraße Südseite - Steinlachallee,100003359,Y2H17123962,9.058865,48.515434,(UTC+01:00) Europe/Paris DST,2013-06-09T04:00:00+02:00,0,10,na,10,14.0,0.0,na
Eco Counter GmbH,Stadt Tübingen,667,Unterführung Steinlach/Karlstraße Südseite - Steinlachallee,100003359,Y2H17123962,9.058865,48.515434,(UTC+01:00) Europe/Paris DST,2013-06-09T05:00:00+02:00,10,15,na,25,14.0,0.0,na
Eco Counter GmbH,Stadt Tübingen,667,Unterführung Steinlach/Karlstraße Südseite - Steinlachallee,100003359,Y2H17123962,9.058865,48.515434,(UTC+01:00) Europe/Paris DST,2013-06-09T06:00:00+02:00,10,4,na,14,15.0,1.0,na
Eco Counter GmbH,Stadt Tübingen,667,Unterführung Steinlach/Karlstraße Südseite - Steinlachallee,100003359,Y2H17123962,9.058865,48.515434,(UTC+01:00) Europe/Paris DST,2013-06-09T07:00:00+02:00,25,9,na,34,16.0,0.0,na
Eco Counter GmbH,Stadt Tübingen,667,Unterführung Steinlach/Karlstraße Südseite - Steinlachallee,100003359,Y2H17123962,9.058865,48.515434,(UTC+01:00) Europe/Paris DST,2013-06-09T08:00:00+02:00,39,28,na,67,16.0,0.2,na
Eco Counter GmbH,Stadt Tübingen,667,Unterführung Steinlach/Karlstraße Südseite - Steinlachallee,100003359,Y2H17123962,9.058865,48.515434,(UTC+01:00) Europe/Paris DST,2013-06-09T09:00:00+02:00,88,94,na,182,17.0,0.0,na
Eco Counter GmbH,Stadt Tübingen,667,Unterführung Steinlach/Karlstraße Südseite - Steinlachallee,100003359,Y2H17123962,9.058865,48.515434,(UTC+01:00) Europe/Paris DST,2013-06-09T10:00:00+02:00,150,89,na,239,18.0,0.1,na
Eco Counter GmbH,Stadt Tübingen,667,Unterführung Steinlach/Karlstraße Südseite - Steinlachallee,100003359,Y2H17123962,9.058865,48.515434,(UTC+01:00) Europe/Paris DST,2013-06-09T11:00:00+02:00,122,103,na,225,19.0,0.0,na
Eco Counter GmbH,Stadt Tübingen,667,Unterführung Steinlach/Karlstraße Südseite - Steinlachallee,100003359,Y2H17123962,9.058865,48.515434,(UTC+01:00) Europe/Paris DST,2013-06-09T12:00:00+02:00,191,111,na,302,19.0,0.0,na
Eco Counter GmbH,Stadt Tübingen,667,Unterführung Steinlach/Karlstraße Südseite - Steinlachallee,100003359,Y2H17123962,9.058865,48.515434,(UTC+01:00) Europe/Paris DST,2013-06-09T13:00:00+02:00,160,135,na,295,20.0,0.0,na
Eco Counter GmbH,Stadt Tübingen,667,Unterführung Steinlach/Karlstraße Südseite - Steinlachallee,100003359,Y2H17123962,9.058865,48.515434,(UTC+01:00) Europe/Paris DST,2013-06-09T14:00:00+02:00,281,184,na,465,20.0,0.0,na
Eco Counter GmbH,Stadt Tübingen,667,Unterführung Steinlach/Karlstraße Südseite - Steinlachallee,100003359,Y2H17123962,9.058865,48.515434,(UTC+01:00) Europe/Paris DST,2013-06-09T15:00:00+02:00,246,185,na,431,19.0,0.0,na
Eco Counter GmbH,Stadt Tübingen,667,Unterführung Steinlach/Karlstraße Südseite - Steinlachallee,100003359,Y2H17123962,9.058865,48.515434,(UTC+01:00) Europe/Paris DST,2013-06-09T16:00:00+02:00,259,260,na,519,19.0,0.0,na
Eco Counter GmbH,Stadt Tübingen,667,Unterführung Steinlach/Karlstraße Südseite - Steinlachallee,100003359,Y2H17123962,9.058865,48.515434,(UTC+01:00) Europe/Paris DST,2013-06-09T17:00:00+02:00,164,280,na,444,18.0,0.0,na
Eco Counter GmbH,Stadt Tübingen,667,Unterführung Steinlach/Karlstraße Südseite - Steinlachallee,100003359,Y2H17123962,9.058865,48.515434,(UTC+01:00) Europe/Paris DST,2013-06-09T18:00:00+02:00,116,247,na,363,18.0,0.0,na
Eco Counter GmbH,Stadt Tübingen,667,Unterführung Steinlach/Karlstraße Südseite - Steinlachallee,100003359,Y2H17123962,9.058865,48.515434,(UTC+01:00) Europe/Paris DST,2013-06-09T19:00:00+02:00,117,119,na,236,16.0,0.0,na
Eco Counter GmbH,Stadt Tübingen,667,Unterführung Steinlach/Karlstraße Südseite - Steinlachallee,100003359,Y2H17123962,9.058865,48.515434,(UTC+01:00) Europe/Paris DST,2013-06-09T20:00:00+02:00,86,86,na,172,15.0,0.0,na
Eco Counter GmbH,Stadt Tübingen,667,Unterführung Steinlach/Karlstraße Südseite - Steinlachallee,100003359,Y2H17123962,9.058865,48.515434,(UTC+01:00) Europe/Paris DST,2013-06-09T21:00:00+02:00,28,44,na,72,14.0,0.0,na
Eco Counter GmbH,Stadt Tübingen,667,Unterführung Steinlach/Karlstraße Südseite - Steinlachallee,100003359,Y2H17123962,9.058865,48.515434,(UTC+01:00) Europe/Paris DST,2013-06-09T22:00:00+02:00,40,52,na,92,13.0,0.0,na
Eco Counter GmbH,Stadt Tübingen,667,Unterführung Steinlach/Karlstraße Südseite - Steinlachallee,100003359,Y2H17123962,9.058865,48.515434,(UTC+01:00) Europe/Paris DST,2013-06-09T23:00:00+02:00,15,25,na,40,13.0,0.0,na
Eco Counter GmbH,Stadt Tübingen,667,Unterführung Steinlach/Karlstraße Südseite - Steinlachallee,100003359,Y2H17123962,9.058865,48.515434,(UTC+01:00) Europe/Paris DST,2013-06-10T00:00:00+02:00,2,12,na,14,12.0,0.0,na
Eco Counter GmbH,Stadt Tübingen,667,Unterführung Steinlach/Karlstraße Südseite - Steinlachallee,100003359,Y2H17123962,9.058865,48.515434,(UTC+01:00) Europe/Paris DST,2013-06-10T01:00:00+02:00,4,3,na,7,12.0,0.0,na
Eco Counter GmbH,Stadt Tübingen,667,Unterführung Steinlach/Karlstraße Südseite - Steinlachallee,100003359,Y2H17123962,9.058865,48.515434,(UTC+01:00) Europe/Paris DST,2013-06-10T02:00:00+02:00,1,2,na,3,11.0,0.0,na
Eco Counter GmbH,Stadt Tübingen,667,Unterführung Steinlach/Karlstraße Südseite - Steinlachallee,100003359,Y2H17123962,9.058865,48.515434,(UTC+01:00) Europe/Paris DST,2013-06-10T03:00:00+02:00,1,1,na,2,11.0,0.0,na
Eco Counter GmbH,Stadt Tübingen,667,Unterführung Steinlach/Karlstraße Südseite - Steinlachallee,100003359,Y2H17123962,9.058865,48.515434,(UTC+01:00) Europe/Paris DST,2013-06-10T04:00:00+02:00,4,4,na,8,11.0,0.0,na
Eco Counter GmbH,Stadt Tübingen,667,Unterführung Steinlach/Karlstraße Südseite - Steinlachallee,100003359,Y2H17123962,9.058865,48.515434,(UTC+01:00) Europe/Paris DST,2013-06-10T05:00:00+02:00,20,6,na,26,11.0,0.0,na
Eco Counter GmbH,Stadt Tübingen,667,Unterführung Steinlach/Karlstraße Südseite - Steinlachallee,100003359,Y2H17123962,9.058865,48.515434,(UTC+01:00) Europe/Paris DST,2013-06-10T06:00:00+02:00,63,35,na,98,12.0,0.0,na
Eco Counter GmbH,Stadt Tübingen,667,Unterführung Steinlach/Karlstraße Südseite - Steinlachallee,100003359,Y2H17123962,9.058865,48.515434,(UTC+01:00) Europe/Paris DST,2013-06-10T07:00:00+02:00,438,150,na,588,12.0,0.0,na
Eco Counter GmbH,Stadt Tübingen,667,Unterführung Steinlach/Karlstraße Südseite - Steinlachallee,100003359,Y2H17123962,9.058865,48.515434,(UTC+01:00) Europe/Paris DST,2013-06-10T08:00:00+02:00,349,179,na,528,13.0,0.0,na
Eco Counter GmbH,Stadt Tübingen,667,Unterführung Steinlach/Karlstraße Südseite - Steinlachallee,100003359,Y2H17123962,9.058865,48.515434,(UTC+01:00) Europe/Paris DST,2013-06-10T09:00:00+02:00,330,151,na,481,13.0,0.0,na
Eco Counter GmbH,Stadt Tübingen,667,Unterführung Steinlach/Karlstraße Südseite - Steinlachallee,100003359,Y2H17123962,9.058865,48.515434,(UTC+01:00) Europe/Paris DST,2013-06-10T10:00:00+02:00,248,167,na,415,14.0,0.0,na
Eco Counter GmbH,Stadt Tübingen,667,Unterführung Steinlach/Karlstraße Südseite - Steinlachallee,100003359,Y2H17123962,9.058865,48.515434,(UTC+01:00) Europe/Paris DST,2013-06-10T11:00:00+02:00,213,189,na,402,15.0,0.2,na
Eco Counter GmbH,Stadt Tübingen,667,Unterführung Steinlach/Karlstraße Südseite - Steinlachallee,100003359,Y2H17123962,9.058865,48.515434,(UTC+01:00) Europe/Paris DST,2013-06-10T12:00:00+02:00,271,267,na,538,15.0,0.0,na
Eco Counter GmbH,Stadt Tübingen,667,Unterführung Steinlach/Karlstraße Südseite - Steinlachallee,100003359,Y2H17123962,9.058865,48.515434,(UTC+01:00) Europe/Paris DST,2013-06-10T13:00:00+02:00,215,307,na,522,16.0,0.8,na
Eco Counter GmbH,Stadt Tübingen,667,Unterführung Steinlach/Karlstraße Südseite - Steinlachallee,100003359,Y2H17123962,9.058865,48.515434,(UTC+01:00) Europe/Paris DST,2013-06-10T14:00:00+02:00,187,217,na,404,16.0,0.5,na
Eco Counter GmbH,Stadt Tübingen,667,Unterführung Steinlach/Karlstraße Südseite - Steinlachallee,100003359,Y2H17123962,9.058865,48.515434,(UTC+01:00) Europe/Paris DST,2013-06-10T15:00:00+02:00,251,324,na,575,16.0,1.7,na
Eco Counter GmbH,Stadt Tübingen,667,Unterführung Steinlach/Karlstraße Südseite - Steinlachallee,100003359,Y2H17123962,9.058865,48.515434,(UTC+01:00) Europe/Paris DST,2013-06-10T16:00:00+02:00,253,298,na,551,15.0,1.4,na
Eco Counter GmbH,Stadt Tübingen,667,Unterführung Steinlach/Karlstraße Südseite - Steinlachallee,100003359,Y2H17123962,9.058865,48.515434,(UTC+01:00) Europe/Paris DST,2013-06-10T17:00:00+02:00,194,322,na,516,15.0,1.5,na
Eco Counter GmbH,Stadt Tübingen,667,Unterführung Steinlach/Karlstraße Südseite - Steinlachallee,100003359,Y2H17123962,9.058865,48.515434,(UTC+01:00) Europe/Paris DST,2013-06-10T18:00:00+02:00,142,229,na,371,14.0,1.2,na
Eco Counter GmbH,Stadt Tübingen,667,Unterführung Steinlach/Karlstraße Südseite - Steinlachallee,100003359,Y2H17123962,9.058865,48.515434,(UTC+01:00) Europe/Paris DST,2013-06-10T19:00:00+02:00,150,198,na,348,13.0,1.1,na
Eco Counter GmbH,Stadt Tübingen,667,Unterführung Steinlach/Karlstraße Südseite - Steinlachallee,100003359,Y2H17123962,9.058865,48.515434,(UTC+01:00) Europe/Paris DST,2013-06-10T20:00:00+02:00,73,146,na,219,12.0,0.7,na
Eco Counter GmbH,Stadt Tübingen,667,Unterführung Steinlach/Karlstraße Südseite - Steinlachallee,100003359,Y2H17123962,9.058865,48.515434,(UTC+01:00) Europe/Paris DST,2013-06-10T21:00:00+02:00,55,88,na,143,12.0,0.5,na
Eco Counter GmbH,Stadt Tübingen,667,Unterführung Steinlach/Karlstraße Südseite - Steinlachallee,100003359,Y2H17123962,9.058865,48.515434,(UTC+01:00) Europe/Paris DST,2013-06-10T22:00:00+02:00,44,81,na,125,11.0,0.3,na
Eco Counter GmbH,Stadt Tübingen,667,Unterführung Steinlach/Karlstraße Südseite - Steinlachallee,100003359,Y2H17123962,9.058865,48.515434,(UTC+01:00) Europe/Paris DST,2013-06-10T23:00:00+02:00,18,47,na,65,11.0,0.3,na
Eco Counter GmbH,Stadt Tübingen,667,Unterführung Steinlach/Karlstraße Südseite - Steinlachallee,100003359,Y2H17123962,9.058865,48.515434,(UTC+01:00) Europe/Paris DST,2013-06-11T00:00:00+02:00,9,18,na,27,11.0,0.2,na
Eco Counter GmbH,Stadt Tübingen,667,Unterführung Steinlach/Karlstraße Südseite - Steinlachallee,100003359,Y2H17123962,9.058865,48.515434,(UTC+01:00) Europe/Paris DST,2013-06-11T01:00:00+02:00,4,11,na,15,11.0,0.2,na
Eco Counter GmbH,Stadt Tübingen,667,Unterführung Steinlach/Karlstraße Südseite - Steinlachallee,100003359,Y2H17123962,9.058865,48.515434,(UTC+01:00) Europe/Paris DST,2013-06-11T02:00:00+02:00,2,4,na,6,11.0,1.0,na
Eco Counter GmbH,Stadt Tübingen,667,Unterführung Steinlach/Karlstraße Südseite - Steinlachallee,100003359,Y2H17123962,9.058865,48.515434,(UTC+01:00) Europe/Paris DST,2013-06-11T03:00:00+02:00,2,0,na,2,11.0,0.2,na
Eco Counter GmbH,Stadt Tübingen,667,Unterführung Steinlach/Karlstraße Südseite - Steinlachallee,100003359,Y2H17123962,9.058865,48.515434,(UTC+01:00) Europe/Paris DST,2013-06-11T04:00:00+02:00,3,5,na,8,11.0,0.2,na
Eco Counter GmbH,Stadt Tübingen,667,Unterführung Steinlach/Karlstraße Südseite - Steinlachallee,100003359,Y2H17123962,9.058865,48.515434,(UTC+01:00) Europe/Paris DST,2013-06-11T05:00:00+02:00,32,11,na,43,11.0,0.0,na
Eco Counter GmbH,Stadt Tübingen,667,Unterführung Steinlach/Karlstraße Südseite - Steinlachallee,100003359,Y2H17123962,9.058865,48.515434,(UTC+01:00) Europe/Paris DST,2013-06-11T06:00:00+02:00,70,33,na,103,12.0,0.0,na
Eco Counter GmbH,Stadt Tübingen,667,Unterführung Steinlach/Karlstraße Südseite - Steinlachallee,100003359,Y2H17123962,9.058865,48.515434,(UTC+01:00) Europe/Paris DST,2013-06-11T07:00:00+02:00,435,175,na,610,13.0,0.0,na
Eco Counter GmbH,Stadt Tübingen,667,Unterführung Steinlach/Karlstraße Südseite - Steinlachallee,100003359,Y2H17123962,9.058865,48.515434,(UTC+01:00) Europe/Paris DST,2013-06-11T08:00:00+02:00,414,199,na,613,14.0,0.2,na
Eco Counter GmbH,Stadt Tübingen,667,Unterführung Steinlach/Karlstraße Südseite - Steinlachallee,100003359,Y2H17123962,9.058865,48.515434,(UTC+01:00) Europe/Paris DST,2013-06-11T09:00:00+02:00,336,142,na,478,15.0,0.2,na
Eco Counter GmbH,Stadt Tübingen,667,Unterführung Steinlach/Karlstraße Südseite - Steinlachallee,100003359,Y2H17123962,9.058865,48.515434,(UTC+01:00) Europe/Paris DST,2013-06-11T10:00:00+02:00,251,168,na,419,15.0,0.2,na
Eco Counter GmbH,Stadt Tübingen,667,Unterführung Steinlach/Karlstraße Südseite - Steinlachallee,100003359,Y2H17123962,9.058865,48.515434,(UTC+01:00) Europe/Paris DST,2013-06-11T11:00:00+02:00,199,169,na,368,16.0,0.2,na
Eco Counter GmbH,Stadt Tübingen,667,Unterführung Steinlach/Karlstraße Südseite - Steinlachallee,100003359,Y2H17123962,9.058865,48.515434,(UTC+01:00) Europe/Paris DST,2013-06-11T12:00:00+02:00,260,249,na,509,17.0,0.1,na
Eco Counter GmbH,Stadt Tübingen,667,Unterführung Steinlach/Karlstraße Südseite - Steinlachallee,100003359,Y2H17123962,9.058865,48.515434,(UTC+01:00) Europe/Paris DST,2013-06-11T13:00:00+02:00,179,217,na,396,17.0,0.1,na
Eco Counter GmbH,Stadt Tübingen,667,Unterführung Steinlach/Karlstraße Südseite - Steinlachallee,100003359,Y2H17123962,9.058865,48.515434,(UTC+01:00) Europe/Paris DST,2013-06-11T14:00:00+02:00,208,201,na,409,18.0,0.2,na
Eco Counter GmbH,Stadt Tübingen,667,Unterführung Steinlach/Karlstraße Südseite - Steinlachallee,100003359,Y2H17123962,9.058865,48.515434,(UTC+01:00) Europe/Paris DST,2013-06-11T15:00:00+02:00,238,299,na,537,18.0,0.2,na
Eco Counter GmbH,Stadt Tübingen,667,Unterführung Steinlach/Karlstraße Südseite - Steinlachallee,100003359,Y2H17123962,9.058865,48.515434,(UTC+01:00) Europe/Paris DST,2013-06-11T16:00:00+02:00,242,353,na,595,18.0,0.1,na
Eco Counter GmbH,Stadt Tübingen,667,Unterführung Steinlach/Karlstraße Südseite - Steinlachallee,100003359,Y2H17123962,9.058865,48.515434,(UTC+01:00) Europe/Paris DST,2013-06-11T17:00:00+02:00,333,332,na,665,18.0,0.0,na
Eco Counter GmbH,Stadt Tübingen,667,Unterführung Steinlach/Karlstraße Südseite - Steinlachallee,100003359,Y2H17123962,9.058865,48.515434,(UTC+01:00) Europe/Paris DST,2013-06-11T18:00:00+02:00,249,397,na,646,17.0,0.0,na
Eco Counter GmbH,Stadt Tübingen,667,Unterführung Steinlach/Karlstraße Südseite - Steinlachallee,100003359,Y2H17123962,9.058865,48.515434,(UTC+01:00) Europe/Paris DST,2013-06-11T19:00:00+02:00,226,267,na,493,15.0,0.0,na
Eco Counter GmbH,Stadt Tübingen,667,Unterführung Steinlach/Karlstraße Südseite - Steinlachallee,100003359,Y2H17123962,9.058865,48.515434,(UTC+01:00) Europe/Paris DST,2013-06-11T20:00:00+02:00,167,214,na,381,13.0,0.0,na
Eco Counter GmbH,Stadt Tübingen,667,Unterführung Steinlach/Karlstraße Südseite - Steinlachallee,100003359,Y2H17123962,9.058865,48.515434,(UTC+01:00) Europe/Paris DST,2013-06-11T21:00:00+02:00,92,167,na,259,11.0,0.0,na
Eco Counter GmbH,Stadt Tübingen,667,Unterführung Steinlach/Karlstraße Südseite - Steinlachallee,100003359,Y2H17123962,9.058865,48.515434,(UTC+01:00) Europe/Paris DST,2013-06-11T22:00:00+02:00,82,142,na,224,10.0,0.0,na
Eco Counter GmbH,Stadt Tübingen,667,Unterführung Steinlach/Karlstraße Südseite - Steinlachallee,100003359,Y2H17123962,9.058865,48.515434,(UTC+01:00) Europe/Paris DST,2013-06-11T23:00:00+02:00,26,81,na,107,9.0,0.0,na
Eco Counter GmbH,Stadt Tübingen,667,Unterführung Steinlach/Karlstraße Südseite - Steinlachallee,100003359,Y2H17123962,9.058865,48.515434,(UTC+01:00) Europe/Paris DST,2013-06-12T00:00:00+02:00,9,30,na,39,9.0,0.0,na
Eco Counter GmbH,Stadt Tübingen,667,Unterführung Steinlach/Karlstraße Südseite - Steinlachallee,100003359,Y2H17123962,9.058865,48.515434,(UTC+01:00) Europe/Paris DST,2013-06-12T01:00:00+02:00,6,15,na,21,9.0,0.0,na
Eco Counter GmbH,Stadt Tübingen,667,Unterführung Steinlach/Karlstraße Südseite - Steinlachallee,100003359,Y2H17123962,9.058865,48.515434,(UTC+01:00) Europe/Paris DST,2013-06-12T02:00:00+02:00,3,3,na,6,9.0,0.0,na
Eco Counter GmbH,Stadt Tübingen,667,Unterführung Steinlach/Karlstraße Südseite - Steinlachallee,100003359,Y2H17123962,9.058865,48.515434,(UTC+01:00) Europe/Paris DST,2013-06-12T03:00:00+02:00,2,8,na,10,9.0,0.0,na
Eco Counter GmbH,Stadt Tübingen,667,Unterführung Steinlach/Karlstraße Südseite - Steinlachallee,100003359,Y2H17123962,9.058865,48.515434,(UTC+01:00) Europe/Paris DST,2013-06-12T04:00:00+02:00,7,4,na,11,10.0,0.0,na
Eco Counter GmbH,Stadt Tübingen,667,Unterführung Steinlach/Karlstraße Südseite - Steinlachallee,100003359,Y2H17123962,9.058865,48.515434,(UTC+01:00) Europe/Paris DST,2013-06-12T05:00:00+02:00,28,13,na,41,11.0,0.0,na
Eco Counter GmbH,Stadt Tübingen,667,Unterführung Steinlach/Karlstraße Südseite - Steinlachallee,100003359,Y2H17123962,9.058865,48.515434,(UTC+01:00) Europe/Paris DST,2013-06-12T06:00:00+02:00,69,47,na,116,13.0,0.0,na
Eco Counter GmbH,Stadt Tübingen,667,Unterführung Steinlach/Karlstraße Südseite - Steinlachallee,100003359,Y2H17123962,9.058865,48.515434,(UTC+01:00) Europe/Paris DST,2013-06-12T07:00:00+02:00,446,183,na,629,15.0,0.0,na
Eco Counter GmbH,Stadt Tübingen,667,Unterführung Steinlach/Karlstraße Südseite - Steinlachallee,100003359,Y2H17123962,9.058865,48.515434,(UTC+01:00) Europe/Paris DST,2013-06-12T08:00:00+02:00,444,207,na,651,16.0,0.0,na
Eco Counter GmbH,Stadt Tübingen,667,Unterführung Steinlach/Karlstraße Südseite - Steinlachallee,100003359,Y2H17123962,9.058865,48.515434,(UTC+01:00) Europe/Paris DST,2013-06-12T09:00:00+02:00,393,174,na,567,18.0,0.0,na
Eco Counter GmbH,Stadt Tübingen,667,Unterführung Steinlach/Karlstraße Südseite - Steinlachallee,100003359,Y2H17123962,9.058865,48.515434,(UTC+01:00) Europe/Paris DST,2013-06-12T10:00:00+02:00,283,170,na,453,20.0,0.0,na
Eco Counter GmbH,Stadt Tübingen,667,Unterführung Steinlach/Karlstraße Südseite - Steinlachallee,100003359,Y2H17123962,9.058865,48.515434,(UTC+01:00) Europe/Paris DST,2013-06-12T11:00:00+02:00,244,211,na,455,20.0,0.0,na
Eco Counter GmbH,Stadt Tübingen,667,Unterführung Steinlach/Karlstraße Südseite - Steinlachallee,100003359,Y2H17123962,9.058865,48.515434,(UTC+01:00) Europe/Paris DST,2013-06-12T12:00:00+02:00,280,262,na,542,22.0,0.0,na
Eco Counter GmbH,Stadt Tübingen,667,Unterführung Steinlach/Karlstraße Südseite - Steinlachallee,100003359,Y2H17123962,9.058865,48.515434,(UTC+01:00) Europe/Paris DST,2013-06-12T13:00:00+02:00,263,343,na,606,22.0,0.0,na
Eco Counter GmbH,Stadt Tübingen,667,Unterführung Steinlach/Karlstraße Südseite - Steinlachallee,100003359,Y2H17123962,9.058865,48.515434,(UTC+01:00) Europe/Paris DST,2013-06-12T14:00:00+02:00,246,255,na,501,22.0,0.0,na
Eco Counter GmbH,Stadt Tübingen,667,Unterführung Steinlach/Karlstraße Südseite - Steinlachallee,100003359,Y2H17123962,9.058865,48.515434,(UTC+01:00) Europe/Paris DST,2013-06-12T15:00:00+02:00,301,326,na,627,22.0,0.0,na
Eco Counter GmbH,Stadt Tübingen,667,Unterführung Steinlach/Karlstraße Südseite - Steinlachallee,100003359,Y2H17123962,9.058865,48.515434,(UTC+01:00) Europe/Paris DST,2013-06-12T16:00:00+02:00,301,357,na,658,22.0,0.0,na
Eco Counter GmbH,Stadt Tübingen,667,Unterführung Steinlach/Karlstraße Südseite - Steinlachallee,100003359,Y2H17123962,9.058865,48.515434,(UTC+01:00) Europe/Paris DST,2013-06-12T17:00:00+02:00,345,393,na,738,21.0,0.0,na
Eco Counter GmbH,Stadt Tübingen,667,Unterführung Steinlach/Karlstraße Südseite - Steinlachallee,100003359,Y2H17123962,9.058865,48.515434,(UTC+01:00) Europe/Paris DST,2013-06-12T18:00:00+02:00,304,460,na,764,20.0,0.0,na
Eco Counter GmbH,Stadt Tübingen,667,Unterführung Steinlach/Karlstraße Südseite - Steinlachallee,100003359,Y2H17123962,9.058865,48.515434,(UTC+01:00) Europe/Paris DST,2013-06-12T19:00:00+02:00,304,323,na,627,18.0,0.0,na
Eco Counter GmbH,Stadt Tübingen,667,Unterführung Steinlach/Karlstraße Südseite - Steinlachallee,100003359,Y2H17123962,9.058865,48.515434,(UTC+01:00) Europe/Paris DST,2013-06-12T20:00:00+02:00,180,240,na,420,16.0,0.0,na
Eco Counter GmbH,Stadt Tübingen,667,Unterführung Steinlach/Karlstraße Südseite - Steinlachallee,100003359,Y2H17123962,9.058865,48.515434,(UTC+01:00) Europe/Paris DST,2013-06-12T21:00:00+02:00,93,145,na,238,15.0,0.0,na
Eco Counter GmbH,Stadt Tübingen,667,Unterführung Steinlach/Karlstraße Südseite - Steinlachallee,100003359,Y2H17123962,9.058865,48.515434,(UTC+01:00) Europe/Paris DST,2013-06-12T22:00:00+02:00,88,162,na,250,13.0,0.0,na
Eco Counter GmbH,Stadt Tübingen,667,Unterführung Steinlach/Karlstraße Südseite - Steinlachallee,100003359,Y2H17123962,9.058865,48.515434,(UTC+01:00) Europe/Paris DST,2013-06-12T23:00:00+02:00,40,94,na,134,12.0,0.0,na
Eco Counter GmbH,Stadt Tübingen,667,Unterführung Steinlach/Karlstraße Südseite - Steinlachallee,100003359,Y2H17123962,9.058865,48.515434,(UTC+01:00) Europe/Paris DST,2013-06-13T00:00:00+02:00,18,52,na,70,11.0,0.0,na
Eco Counter GmbH,Stadt Tübingen,667,Unterführung Steinlach/Karlstraße Südseite - Steinlachallee,100003359,Y2H17123962,9.058865,48.515434,(UTC+01:00) Europe/Paris DST,2013-06-13T01:00:00+02:00,12,15,na,27,11.0,0.0,na
Eco Counter GmbH,Stadt Tübingen,667,Unterführung Steinlach/Karlstraße Südseite - Steinlachallee,100003359,Y2H17123962,9.058865,48.515434,(UTC+01:00) Europe/Paris DST,2013-06-13T02:00:00+02:00,5,13,na,18,11.0,0.0,na
Eco Counter GmbH,Stadt Tübingen,667,Unterführung Steinlach/Karlstraße Südseite - Steinlachallee,100003359,Y2H17123962,9.058865,48.515434,(UTC+01:00) Europe/Paris DST,2013-06-13T03:00:00+02:00,2,5,na,7,12.0,0.0,na
Eco Counter GmbH,Stadt Tübingen,667,Unterführung Steinlach/Karlstraße Südseite - Steinlachallee,100003359,Y2H17123962,9.058865,48.515434,(UTC+01:00) Europe/Paris DST,2013-06-13T04:00:00+02:00,2,5,na,7,12.0,0.0,na
Eco Counter GmbH,Stadt Tübingen,667,Unterführung Steinlach/Karlstraße Südseite - Steinlachallee,100003359,Y2H17123962,9.058865,48.515434,(UTC+01:00) Europe/Paris DST,2013-06-13T05:00:00+02:00,32,11,na,43,13.0,0.0,na
Eco Counter GmbH,Stadt Tübingen,667,Unterführung Steinlach/Karlstraße Südseite - Steinlachallee,100003359,Y2H17123962,9.058865,48.515434,(UTC+01:00) Europe/Paris DST,2013-06-13T06:00:00+02:00,75,49,na,124,15.0,0.0,na
Eco Counter GmbH,Stadt Tübingen,667,Unterführung Steinlach/Karlstraße Südseite - Steinlachallee,100003359,Y2H17123962,9.058865,48.515434,(UTC+01:00) Europe/Paris DST,2013-06-13T07:00:00+02:00,443,173,na,616,17.0,0.0,na
Eco Counter GmbH,Stadt Tübingen,667,Unterführung Steinlach/Karlstraße Südseite - Steinlachallee,100003359,Y2H17123962,9.058865,48.515434,(UTC+01:00) Europe/Paris DST,2013-06-13T08:00:00+02:00,473,208,na,681,19.0,0.0,na
Eco Counter GmbH,Stadt Tübingen,667,Unterführung Steinlach/Karlstraße Südseite - Steinlachallee,100003359,Y2H17123962,9.058865,48.515434,(UTC+01:00) Europe/Paris DST,2013-06-13T09:00:00+02:00,335,181,na,516,21.0,0.0,na
Eco Counter GmbH,Stadt Tübingen,667,Unterführung Steinlach/Karlstraße Südseite - Steinlachallee,100003359,Y2H17123962,9.058865,48.515434,(UTC+01:00) Europe/Paris DST,2013-06-13T10:00:00+02:00,285,152,na,437,22.0,0.0,na
Eco Counter GmbH,Stadt Tübingen,667,Unterführung Steinlach/Karlstraße Südseite - Steinlachallee,100003359,Y2H17123962,9.058865,48.515434,(UTC+01:00) Europe/Paris DST,2013-06-13T11:00:00+02:00,240,221,na,461,24.0,0.0,na
Eco Counter GmbH,Stadt Tübingen,667,Unterführung Steinlach/Karlstraße Südseite - Steinlachallee,100003359,Y2H17123962,9.058865,48.515434,(UTC+01:00) Europe/Paris DST,2013-06-13T12:00:00+02:00,302,322,na,624,25.0,0.0,na
Eco Counter GmbH,Stadt Tübingen,667,Unterführung Steinlach/Karlstraße Südseite - Steinlachallee,100003359,Y2H17123962,9.058865,48.515434,(UTC+01:00) Europe/Paris DST,2013-06-13T13:00:00+02:00,306,279,na,585,26.0,0.0,na
Eco Counter GmbH,Stadt Tübingen,667,Unterführung Steinlach/Karlstraße Südseite - Steinlachallee,100003359,Y2H17123962,9.058865,48.515434,(UTC+01:00) Europe/Paris DST,2013-06-13T14:00:00+02:00,289,325,na,614,26.0,0.0,na
Eco Counter GmbH,Stadt Tübingen,667,Unterführung Steinlach/Karlstraße Südseite - Steinlachallee,100003359,Y2H17123962,9.058865,48.515434,(UTC+01:00) Europe/Paris DST,2013-06-13T15:00:00+02:00,397,349,na,746,25.0,0.0,na
Eco Counter GmbH,Stadt Tübingen,667,Unterführung Steinlach/Karlstraße Südseite - Steinlachallee,100003359,Y2H17123962,9.058865,48.515434,(UTC+01:00) Europe/Paris DST,2013-06-13T16:00:00+02:00,390,411,na,801,25.0,0.0,na
Eco Counter GmbH,Stadt Tübingen,667,Unterführung Steinlach/Karlstraße Südseite - Steinlachallee,100003359,Y2H17123962,9.058865,48.515434,(UTC+01:00) Europe/Paris DST,2013-06-13T17:00:00+02:00,408,460,na,868,24.0,0.0,na
Eco Counter GmbH,Stadt Tübingen,667,Unterführung Steinlach/Karlstraße Südseite - Steinlachallee,100003359,Y2H17123962,9.058865,48.515434,(UTC+01:00) Europe/Paris DST,2013-06-13T18:00:00+02:00,308,487,na,795,23.0,0.0,na
Eco Counter GmbH,Stadt Tübingen,667,Unterführung Steinlach/Karlstraße Südseite - Steinlachallee,100003359,Y2H17123962,9.058865,48.515434,(UTC+01:00) Europe/Paris DST,2013-06-13T19:00:00+02:00,330,332,na,662,21.0,0.0,na
Eco Counter GmbH,Stadt Tübingen,667,Unterführung Steinlach/Karlstraße Südseite - Steinlachallee,100003359,Y2H17123962,9.058865,48.515434,(UTC+01:00) Europe/Paris DST,2013-06-13T20:00:00+02:00,205,312,na,517,19.0,0.2,na
Eco Counter GmbH,Stadt Tübingen,667,Unterführung Steinlach/Karlstraße Südseite - Steinlachallee,100003359,Y2H17123962,9.058865,48.515434,(UTC+01:00) Europe/Paris DST,2013-06-13T21:00:00+02:00,152,211,na,363,17.0,0.2,na
Eco Counter GmbH,Stadt Tübingen,667,Unterführung Steinlach/Karlstraße Südseite - Steinlachallee,100003359,Y2H17123962,9.058865,48.515434,(UTC+01:00) Europe/Paris DST,2013-06-13T22:00:00+02:00,93,132,na,225,15.0,0.4,na
Eco Counter GmbH,Stadt Tübingen,667,Unterführung Steinlach/Karlstraße Südseite - Steinlachallee,100003359,Y2H17123962,9.058865,48.515434,(UTC+01:00) Europe/Paris DST,2013-06-13T23:00:00+02:00,52,75,na,127,13.0,1.6,na
Eco Counter GmbH,Stadt Tübingen,667,Unterführung Steinlach/Karlstraße Südseite - Steinlachallee,100003359,Y2H17123962,9.058865,48.515434,(UTC+01:00) Europe/Paris DST,2013-06-14T00:00:00+02:00,23,40,na,63,12.0,2.4,na
Eco Counter GmbH,Stadt Tübingen,667,Unterführung Steinlach/Karlstraße Südseite - Steinlachallee,100003359,Y2H17123962,9.058865,48.515434,(UTC+01:00) Europe/Paris DST,2013-06-14T01:00:00+02:00,3,28,na,31,11.0,1.2,na
Eco Counter GmbH,Stadt Tübingen,667,Unterführung Steinlach/Karlstraße Südseite - Steinlachallee,100003359,Y2H17123962,9.058865,48.515434,(UTC+01:00) Europe/Paris DST,2013-06-14T02:00:00+02:00,2,25,na,27,10.0,0.1,na
Eco Counter GmbH,Stadt Tübingen,667,Unterführung Steinlach/Karlstraße Südseite - Steinlachallee,100003359,Y2H17123962,9.058865,48.515434,(UTC+01:00) Europe/Paris DST,2013-06-14T03:00:00+02:00,3,10,na,13,10.0,0.0,na
Eco Counter GmbH,Stadt Tübingen,667,Unterführung Steinlach/Karlstraße Südseite - Steinlachallee,100003359,Y2H17123962,9.058865,48.515434,(UTC+01:00) Europe/Paris DST,2013-06-14T04:00:00+02:00,1,10,na,11,10.0,0.0,na
Eco Counter GmbH,Stadt Tübingen,667,Unterführung Steinlach/Karlstraße Südseite - Steinlachallee,100003359,Y2H17123962,9.058865,48.515434,(UTC+01:00) Europe/Paris DST,2013-06-14T05:00:00+02:00,28,8,na,36,10.0,0.0,na
Eco Counter GmbH,Stadt Tübingen,667,Unterführung Steinlach/Karlstraße Südseite - Steinlachallee,100003359,Y2H17123962,9.058865,48.515434,(UTC+01:00) Europe/Paris DST,2013-06-14T06:00:00+02:00,77,40,na,117,11.0,0.0,na
Eco Counter GmbH,Stadt Tübingen,667,Unterführung Steinlach/Karlstraße Südseite - Steinlachallee,100003359,Y2H17123962,9.058865,48.515434,(UTC+01:00) Europe/Paris DST,2013-06-14T07:00:00+02:00,472,154,na,626,12.0,0.0,na
Eco Counter GmbH,Stadt Tübingen,667,Unterführung Steinlach/Karlstraße Südseite - Steinlachallee,100003359,Y2H17123962,9.058865,48.515434,(UTC+01:00) Europe/Paris DST,2013-06-14T08:00:00+02:00,417,206,na,623,13.0,0.0,na
Eco Counter GmbH,Stadt Tübingen,667,Unterführung Steinlach/Karlstraße Südseite - Steinlachallee,100003359,Y2H17123962,9.058865,48.515434,(UTC+01:00) Europe/Paris DST,2013-06-14T09:00:00+02:00,358,176,na,534,14.0,0.0,na
Eco Counter GmbH,Stadt Tübingen,667,Unterführung Steinlach/Karlstraße Südseite - Steinlachallee,100003359,Y2H17123962,9.058865,48.515434,(UTC+01:00) Europe/Paris DST,2013-06-14T10:00:00+02:00,312,194,na,506,15.0,0.0,na
Eco Counter GmbH,Stadt Tübingen,667,Unterführung Steinlach/Karlstraße Südseite - Steinlachallee,100003359,Y2H17123962,9.058865,48.515434,(UTC+01:00) Europe/Paris DST,2013-06-14T11:00:00+02:00,287,233,na,520,16.0,0.0,na
Eco Counter GmbH,Stadt Tübingen,667,Unterführung Steinlach/Karlstraße Südseite - Steinlachallee,100003359,Y2H17123962,9.058865,48.515434,(UTC+01:00) Europe/Paris DST,2013-06-14T12:00:00+02:00,324,381,na,705,17.0,0.0,na
Eco Counter GmbH,Stadt Tübingen,667,Unterführung Steinlach/Karlstraße Südseite - Steinlachallee,100003359,Y2H17123962,9.058865,48.515434,(UTC+01:00) Europe/Paris DST,2013-06-14T13:00:00+02:00,253,398,na,651,18.0,0.0,na
Eco Counter GmbH,Stadt Tübingen,667,Unterführung Steinlach/Karlstraße Südseite - Steinlachallee,100003359,Y2H17123962,9.058865,48.515434,(UTC+01:00) Europe/Paris DST,2013-06-14T14:00:00+02:00,264,250,na,514,18.0,0.0,na
Eco Counter GmbH,Stadt Tübingen,667,Unterführung Steinlach/Karlstraße Südseite - Steinlachallee,100003359,Y2H17123962,9.058865,48.515434,(UTC+01:00) Europe/Paris DST,2013-06-14T15:00:00+02:00,273,346,na,619,17.0,0.0,na
Eco Counter GmbH,Stadt Tübingen,667,Unterführung Steinlach/Karlstraße Südseite - Steinlachallee,100003359,Y2H17123962,9.058865,48.515434,(UTC+01:00) Europe/Paris DST,2013-06-14T16:00:00+02:00,274,262,na,536,17.0,0.0,na
Eco Counter GmbH,Stadt Tübingen,667,Unterführung Steinlach/Karlstraße Südseite - Steinlachallee,100003359,Y2H17123962,9.058865,48.515434,(UTC+01:00) Europe/Paris DST,2013-06-14T17:00:00+02:00,281,323,na,604,17.0,0.0,na
Eco Counter GmbH,Stadt Tübingen,667,Unterführung Steinlach/Karlstraße Südseite - Steinlachallee,100003359,Y2H17123962,9.058865,48.515434,(UTC+01:00) Europe/Paris DST,2013-06-14T18:00:00+02:00,263,303,na,566,16.0,0.0,na
Eco Counter GmbH,Stadt Tübingen,667,Unterführung Steinlach/Karlstraße Südseite - Steinlachallee,100003359,Y2H17123962,9.058865,48.515434,(UTC+01:00) Europe/Paris DST,2013-06-14T19:00:00+02:00,229,259,na,488,15.0,0.0,na
Eco Counter GmbH,Stadt Tübingen,667,Unterführung Steinlach/Karlstraße Südseite - Steinlachallee,100003359,Y2H17123962,9.058865,48.515434,(UTC+01:00) Europe/Paris DST,2013-06-14T20:00:00+02:00,193,145,na,338,14.0,0.3,na
Eco Counter GmbH,Stadt Tübingen,667,Unterführung Steinlach/Karlstraße Südseite - Steinlachallee,100003359,Y2H17123962,9.058865,48.515434,(UTC+01:00) Europe/Paris DST,2013-06-14T21:00:00+02:00,127,100,na,227,13.0,0.0,na
Eco Counter GmbH,Stadt Tübingen,667,Unterführung Steinlach/Karlstraße Südseite - Steinlachallee,100003359,Y2H17123962,9.058865,48.515434,(UTC+01:00) Europe/Paris DST,2013-06-14T22:00:00+02:00,124,119,na,243,12.0,0.0,na
Eco Counter GmbH,Stadt Tübingen,667,Unterführung Steinlach/Karlstraße Südseite - Steinlachallee,100003359,Y2H17123962,9.058865,48.515434,(UTC+01:00) Europe/Paris DST,2013-06-14T23:00:00+02:00,54,118,na,172,12.0,0.0,na
Eco Counter GmbH,Stadt Tübingen,667,Unterführung Steinlach/Karlstraße Südseite - Steinlachallee,100003359,Y2H17123962,9.058865,48.515434,(UTC+01:00) Europe/Paris DST,2013-06-15T00:00:00+02:00,39,127,na,166,11.0,0.0,na
Eco Counter GmbH,Stadt Tübingen,667,Unterführung Steinlach/Karlstraße Südseite - Steinlachallee,100003359,Y2H17123962,9.058865,48.515434,(UTC+01:00) Europe/Paris DST,2013-06-15T01:00:00+02:00,24,39,na,63,10.0,0.0,na
Eco Counter GmbH,Stadt Tübingen,667,Unterführung Steinlach/Karlstraße Südseite - Steinlachallee,100003359,Y2H17123962,9.058865,48.515434,(UTC+01:00) Europe/Paris DST,2013-06-15T02:00:00+02:00,7,22,na,29,10.0,0.0,na
Eco Counter GmbH,Stadt Tübingen,667,Unterführung Steinlach/Karlstraße Südseite - Steinlachallee,100003359,Y2H17123962,9.058865,48.515434,(UTC+01:00) Europe/Paris DST,2013-06-15T03:00:00+02:00,1,19,na,20,10.0,0.0,na
Eco Counter GmbH,Stadt Tübingen,667,Unterführung Steinlach/Karlstraße Südseite - Steinlachallee,100003359,Y2H17123962,9.058865,48.515434,(UTC+01:00) Europe/Paris DST,2013-06-15T04:00:00+02:00,2,15,na,17,11.0,0.0,na
Eco Counter GmbH,Stadt Tübingen,667,Unterführung Steinlach/Karlstraße Südseite - Steinlachallee,100003359,Y2H17123962,9.058865,48.515434,(UTC+01:00) Europe/Paris DST,2013-06-15T05:00:00+02:00,8,9,na,17,12.0,0.0,na
Eco Counter GmbH,Stadt Tübingen,667,Unterführung Steinlach/Karlstraße Südseite - Steinlachallee,100003359,Y2H17123962,9.058865,48.515434,(UTC+01:00) Europe/Paris DST,2013-06-15T06:00:00+02:00,21,15,na,36,14.0,0.0,na
Eco Counter GmbH,Stadt Tübingen,667,Unterführung Steinlach/Karlstraße Südseite - Steinlachallee,100003359,Y2H17123962,9.058865,48.515434,(UTC+01:00) Europe/Paris DST,2013-06-15T07:00:00+02:00,49,28,na,77,16.0,0.0,na
Eco Counter GmbH,Stadt Tübingen,667,Unterführung Steinlach/Karlstraße Südseite - Steinlachallee,100003359,Y2H17123962,9.058865,48.515434,(UTC+01:00) Europe/Paris DST,2013-06-15T08:00:00+02:00,132,75,na,207,18.0,0.0,na
Eco Counter GmbH,Stadt Tübingen,667,Unterführung Steinlach/Karlstraße Südseite - Steinlachallee,100003359,Y2H17123962,9.058865,48.515434,(UTC+01:00) Europe/Paris DST,2013-06-15T09:00:00+02:00,295,99,na,394,19.0,0.0,na
Eco Counter GmbH,Stadt Tübingen,667,Unterführung Steinlach/Karlstraße Südseite - Steinlachallee,100003359,Y2H17123962,9.058865,48.515434,(UTC+01:00) Europe/Paris DST,2013-06-15T10:00:00+02:00,381,156,na,537,20.0,0.0,na
Eco Counter GmbH,Stadt Tübingen,667,Unterführung Steinlach/Karlstraße Südseite - Steinlachallee,100003359,Y2H17123962,9.058865,48.515434,(UTC+01:00) Europe/Paris DST,2013-06-15T11:00:00+02:00,343,232,na,575,22.0,0.0,na
Eco Counter GmbH,Stadt Tübingen,667,Unterführung Steinlach/Karlstraße Südseite - Steinlachallee,100003359,Y2H17123962,9.058865,48.515434,(UTC+01:00) Europe/Paris DST,2013-06-15T12:00:00+02:00,355,296,na,651,22.0,0.2,na
Eco Counter GmbH,Stadt Tübingen,667,Unterführung Steinlach/Karlstraße Südseite - Steinlachallee,100003359,Y2H17123962,9.058865,48.515434,(UTC+01:00) Europe/Paris DST,2013-06-15T13:00:00+02:00,287,301,na,588,22.0,0.3,na
Eco Counter GmbH,Stadt Tübingen,667,Unterführung Steinlach/Karlstraße Südseite - Steinlachallee,100003359,Y2H17123962,9.058865,48.515434,(UTC+01:00) Europe/Paris DST,2013-06-15T14:00:00+02:00,247,295,na,542,22.0,0.1,na
Eco Counter GmbH,Stadt Tübingen,667,Unterführung Steinlach/Karlstraße Südseite - Steinlachallee,100003359,Y2H17123962,9.058865,48.515434,(UTC+01:00) Europe/Paris DST,2013-06-15T15:00:00+02:00,309,248,na,557,22.0,0.0,na
Eco Counter GmbH,Stadt Tübingen,667,Unterführung Steinlach/Karlstraße Südseite - Steinlachallee,100003359,Y2H17123962,9.058865,48.515434,(UTC+01:00) Europe/Paris DST,2013-06-15T16:00:00+02:00,247,270,na,517,21.0,0.0,na
Eco Counter GmbH,Stadt Tübingen,667,Unterführung Steinlach/Karlstraße Südseite - Steinlachallee,100003359,Y2H17123962,9.058865,48.515434,(UTC+01:00) Europe/Paris DST,2013-06-15T17:00:00+02:00,186,261,na,447,20.0,0.0,na
Eco Counter GmbH,Stadt Tübingen,667,Unterführung Steinlach/Karlstraße Südseite - Steinlachallee,100003359,Y2H17123962,9.058865,48.515434,(UTC+01:00) Europe/Paris DST,2013-06-15T18:00:00+02:00,176,267,na,443,19.0,0.0,na
Eco Counter GmbH,Stadt Tübingen,667,Unterführung Steinlach/Karlstraße Südseite - Steinlachallee,100003359,Y2H17123962,9.058865,48.515434,(UTC+01:00) Europe/Paris DST,2013-06-15T19:00:00+02:00,163,199,na,362,18.0,0.0,na
Eco Counter GmbH,Stadt Tübingen,667,Unterführung Steinlach/Karlstraße Südseite - Steinlachallee,100003359,Y2H17123962,9.058865,48.515434,(UTC+01:00) Europe/Paris DST,2013-06-15T20:00:00+02:00,203,115,na,318,17.0,0.0,na
Eco Counter GmbH,Stadt Tübingen,667,Unterführung Steinlach/Karlstraße Südseite - Steinlachallee,100003359,Y2H17123962,9.058865,48.515434,(UTC+01:00) Europe/Paris DST,2013-06-15T21:00:00+02:00,130,119,na,249,16.0,0.0,na
Eco Counter GmbH,Stadt Tübingen,667,Unterführung Steinlach/Karlstraße Südseite - Steinlachallee,100003359,Y2H17123962,9.058865,48.515434,(UTC+01:00) Europe/Paris DST,2013-06-15T22:00:00+02:00,73,124,na,197,14.0,0.0,na
Eco Counter GmbH,Stadt Tübingen,667,Unterführung Steinlach/Karlstraße Südseite - Steinlachallee,100003359,Y2H17123962,9.058865,48.515434,(UTC+01:00) Europe/Paris DST,2013-06-15T23:00:00+02:00,38,112,na,150,14.0,0.0,na
Eco Counter GmbH,Stadt Tübingen,667,Unterführung Steinlach/Karlstraße Südseite - Steinlachallee,100003359,Y2H17123962,9.058865,48.515434,(UTC+01:00) Europe/Paris DST,2013-06-16T00:00:00+02:00,32,118,na,150,13.0,0.0,na
Eco Counter GmbH,Stadt Tübingen,667,Unterführung Steinlach/Karlstraße Südseite - Steinlachallee,100003359,Y2H17123962,9.058865,48.515434,(UTC+01:00) Europe/Paris DST,2013-06-16T01:00:00+02:00,27,46,na,73,12.0,0.0,na
Eco Counter GmbH,Stadt Tübingen,667,Unterführung Steinlach/Karlstraße Südseite - Steinlachallee,100003359,Y2H17123962,9.058865,48.515434,(UTC+01:00) Europe/Paris DST,2013-06-16T02:00:00+02:00,26,24,na,50,12.0,0.0,na
Eco Counter GmbH,Stadt Tübingen,667,Unterführung Steinlach/Karlstraße Südseite - Steinlachallee,100003359,Y2H17123962,9.058865,48.515434,(UTC+01:00) Europe/Paris DST,2013-06-16T03:00:00+02:00,5,23,na,28,12.0,0.0,na
Eco Counter GmbH,Stadt Tübingen,667,Unterführung Steinlach/Karlstraße Südseite - Steinlachallee,100003359,Y2H17123962,9.058865,48.515434,(UTC+01:00) Europe/Paris DST,2013-06-16T04:00:00+02:00,4,24,na,28,13.0,0.0,na
Eco Counter GmbH,Stadt Tübingen,667,Unterführung Steinlach/Karlstraße Südseite - Steinlachallee,100003359,Y2H17123962,9.058865,48.515434,(UTC+01:00) Europe/Paris DST,2013-06-16T05:00:00+02:00,8,7,na,15,14.0,0.0,na
Eco Counter GmbH,Stadt Tübingen,667,Unterführung Steinlach/Karlstraße Südseite - Steinlachallee,100003359,Y2H17123962,9.058865,48.515434,(UTC+01:00) Europe/Paris DST,2013-06-16T06:00:00+02:00,9,10,na,19,15.0,0.0,na
Eco Counter GmbH,Stadt Tübingen,667,Unterführung Steinlach/Karlstraße Südseite - Steinlachallee,100003359,Y2H17123962,9.058865,48.515434,(UTC+01:00) Europe/Paris DST,2013-06-16T07:00:00+02:00,29,15,na,44,17.0,0.0,na
Eco Counter GmbH,Stadt Tübingen,667,Unterführung Steinlach/Karlstraße Südseite - Steinlachallee,100003359,Y2H17123962,9.058865,48.515434,(UTC+01:00) Europe/Paris DST,2013-06-16T08:00:00+02:00,51,42,na,93,18.0,0.0,na
Eco Counter GmbH,Stadt Tübingen,667,Unterführung Steinlach/Karlstraße Südseite - Steinlachallee,100003359,Y2H17123962,9.058865,48.515434,(UTC+01:00) Europe/Paris DST,2013-06-16T09:00:00+02:00,144,67,na,211,19.0,0.0,na
Eco Counter GmbH,Stadt Tübingen,667,Unterführung Steinlach/Karlstraße Südseite - Steinlachallee,100003359,Y2H17123962,9.058865,48.515434,(UTC+01:00) Europe/Paris DST,2013-06-16T10:00:00+02:00,268,114,na,382,20.0,0.0,na
Eco Counter GmbH,Stadt Tübingen,667,Unterführung Steinlach/Karlstraße Südseite - Steinlachallee,100003359,Y2H17123962,9.058865,48.515434,(UTC+01:00) Europe/Paris DST,2013-06-16T11:00:00+02:00,271,140,na,411,22.0,0.0,na
Eco Counter GmbH,Stadt Tübingen,667,Unterführung Steinlach/Karlstraße Südseite - Steinlachallee,100003359,Y2H17123962,9.058865,48.515434,(UTC+01:00) Europe/Paris DST,2013-06-16T12:00:00+02:00,288,144,na,432,23.0,0.0,na
Eco Counter GmbH,Stadt Tübingen,667,Unterführung Steinlach/Karlstraße Südseite - Steinlachallee,100003359,Y2H17123962,9.058865,48.515434,(UTC+01:00) Europe/Paris DST,2013-06-16T13:00:00+02:00,270,187,na,457,24.0,0.0,na
Eco Counter GmbH,Stadt Tübingen,667,Unterführung Steinlach/Karlstraße Südseite - Steinlachallee,100003359,Y2H17123962,9.058865,48.515434,(UTC+01:00) Europe/Paris DST,2013-06-16T14:00:00+02:00,318,228,na,546,24.0,0.0,na
Eco Counter GmbH,Stadt Tübingen,667,Unterführung Steinlach/Karlstraße Südseite - Steinlachallee,100003359,Y2H17123962,9.058865,48.515434,(UTC+01:00) Europe/Paris DST,2013-06-16T15:00:00+02:00,285,264,na,549,24.0,0.0,na
Eco Counter GmbH,Stadt Tübingen,667,Unterführung Steinlach/Karlstraße Südseite - Steinlachallee,100003359,Y2H17123962,9.058865,48.515434,(UTC+01:00) Europe/Paris DST,2013-06-16T16:00:00+02:00,193,332,na,525,23.0,0.0,na
Eco Counter GmbH,Stadt Tübingen,667,Unterführung Steinlach/Karlstraße Südseite - Steinlachallee,100003359,Y2H17123962,9.058865,48.515434,(UTC+01:00) Europe/Paris DST,2013-06-16T17:00:00+02:00,209,283,na,492,22.0,0.0,na
Eco Counter GmbH,Stadt Tübingen,667,Unterführung Steinlach/Karlstraße Südseite - Steinlachallee,100003359,Y2H17123962,9.058865,48.515434,(UTC+01:00) Europe/Paris DST,2013-06-16T18:00:00+02:00,176,323,na,499,21.0,0.0,na
Eco Counter GmbH,Stadt Tübingen,667,Unterführung Steinlach/Karlstraße Südseite - Steinlachallee,100003359,Y2H17123962,9.058865,48.515434,(UTC+01:00) Europe/Paris DST,2013-06-16T19:00:00+02:00,154,221,na,375,20.0,0.0,na
Eco Counter GmbH,Stadt Tübingen,667,Unterführung Steinlach/Karlstraße Südseite - Steinlachallee,100003359,Y2H17123962,9.058865,48.515434,(UTC+01:00) Europe/Paris DST,2013-06-16T20:00:00+02:00,77,156,na,233,18.0,0.0,na
Eco Counter GmbH,Stadt Tübingen,667,Unterführung Steinlach/Karlstraße Südseite - Steinlachallee,100003359,Y2H17123962,9.058865,48.515434,(UTC+01:00) Europe/Paris DST,2013-06-16T21:00:00+02:00,60,94,na,154,16.0,0.0,na
Eco Counter GmbH,Stadt Tübingen,667,Unterführung Steinlach/Karlstraße Südseite - Steinlachallee,100003359,Y2H17123962,9.058865,48.515434,(UTC+01:00) Europe/Paris DST,2013-06-16T22:00:00+02:00,58,78,na,136,16.0,0.0,na
Eco Counter GmbH,Stadt Tübingen,667,Unterführung Steinlach/Karlstraße Südseite - Steinlachallee,100003359,Y2H17123962,9.058865,48.515434,(UTC+01:00) Europe/Paris DST,2013-06-16T23:00:00+02:00,37,41,na,78,15.0,0.0,na
Eco Counter GmbH,Stadt Tübingen,667,Unterführung Steinlach/Karlstraße Südseite - Steinlachallee,100003359,Y2H17123962,9.058865,48.515434,(UTC+01:00) Europe/Paris DST,2013-06-17T00:00:00+02:00,12,17,na,29,15.0,0.0,na
Eco Counter GmbH,Stadt Tübingen,667,Unterführung Steinlach/Karlstraße Südseite - Steinlachallee,100003359,Y2H17123962,9.058865,48.515434,(UTC+01:00) Europe/Paris DST,2013-06-17T01:00:00+02:00,1,12,na,13,15.0,0.0,na
Eco Counter GmbH,Stadt Tübingen,667,Unterführung Steinlach/Karlstraße Südseite - Steinlachallee,100003359,Y2H17123962,9.058865,48.515434,(UTC+01:00) Europe/Paris DST,2013-06-17T02:00:00+02:00,5,7,na,12,15.0,0.0,na
Eco Counter GmbH,Stadt Tübingen,667,Unterführung Steinlach/Karlstraße Südseite - Steinlachallee,100003359,Y2H17123962,9.058865,48.515434,(UTC+01:00) Europe/Paris DST,2013-06-17T03:00:00+02:00,2,3,na,5,15.0,0.0,na
Eco Counter GmbH,Stadt Tübingen,667,Unterführung Steinlach/Karlstraße Südseite - Steinlachallee,100003359,Y2H17123962,9.058865,48.515434,(UTC+01:00) Europe/Paris DST,2013-06-17T04:00:00+02:00,3,2,na,5,16.0,0.0,na
Eco Counter GmbH,Stadt Tübingen,667,Unterführung Steinlach/Karlstraße Südseite - Steinlachallee,100003359,Y2H17123962,9.058865,48.515434,(UTC+01:00) Europe/Paris DST,2013-06-17T05:00:00+02:00,28,6,na,34,17.0,0.0,na
Eco Counter GmbH,Stadt Tübingen,667,Unterführung Steinlach/Karlstraße Südseite - Steinlachallee,100003359,Y2H17123962,9.058865,48.515434,(UTC+01:00) Europe/Paris DST,2013-06-17T06:00:00+02:00,89,59,na,148,19.0,0.0,na
Eco Counter GmbH,Stadt Tübingen,667,Unterführung Steinlach/Karlstraße Südseite - Steinlachallee,100003359,Y2H17123962,9.058865,48.515434,(UTC+01:00) Europe/Paris DST,2013-06-17T07:00:00+02:00,490,173,na,663,21.0,0.0,na
Eco Counter GmbH,Stadt Tübingen,667,Unterführung Steinlach/Karlstraße Südseite - Steinlachallee,100003359,Y2H17123962,9.058865,48.515434,(UTC+01:00) Europe/Paris DST,2013-06-17T08:00:00+02:00,426,206,na,632,23.0,0.0,na
Eco Counter GmbH,Stadt Tübingen,667,Unterführung Steinlach/Karlstraße Südseite - Steinlachallee,100003359,Y2H17123962,9.058865,48.515434,(UTC+01:00) Europe/Paris DST,2013-06-17T09:00:00+02:00,351,198,na,549,25.0,0.0,na
Eco Counter GmbH,Stadt Tübingen,667,Unterführung Steinlach/Karlstraße Südseite - Steinlachallee,100003359,Y2H17123962,9.058865,48.515434,(UTC+01:00) Europe/Paris DST,2013-06-17T10:00:00+02:00,337,165,na,502,27.0,0.0,na
Eco Counter GmbH,Stadt Tübingen,667,Unterführung Steinlach/Karlstraße Südseite - Steinlachallee,100003359,Y2H17123962,9.058865,48.515434,(UTC+01:00) Europe/Paris DST,2013-06-17T11:00:00+02:00,287,227,na,514,28.0,0.0,na
Eco Counter GmbH,Stadt Tübingen,667,Unterführung Steinlach/Karlstraße Südseite - Steinlachallee,100003359,Y2H17123962,9.058865,48.515434,(UTC+01:00) Europe/Paris DST,2013-06-17T12:00:00+02:00,325,304,na,629,30.0,0.0,na
Eco Counter GmbH,Stadt Tübingen,667,Unterführung Steinlach/Karlstraße Südseite - Steinlachallee,100003359,Y2H17123962,9.058865,48.515434,(UTC+01:00) Europe/Paris DST,2013-06-17T13:00:00+02:00,305,385,na,690,31.0,0.0,na
Eco Counter GmbH,Stadt Tübingen,667,Unterführung Steinlach/Karlstraße Südseite - Steinlachallee,100003359,Y2H17123962,9.058865,48.515434,(UTC+01:00) Europe/Paris DST,2013-06-17T14:00:00+02:00,257,240,na,497,32.0,0.0,na
Eco Counter GmbH,Stadt Tübingen,667,Unterführung Steinlach/Karlstraße Südseite - Steinlachallee,100003359,Y2H17123962,9.058865,48.515434,(UTC+01:00) Europe/Paris DST,2013-06-17T15:00:00+02:00,353,334,na,687,31.0,0.0,na
Eco Counter GmbH,Stadt Tübingen,667,Unterführung Steinlach/Karlstraße Südseite - Steinlachallee,100003359,Y2H17123962,9.058865,48.515434,(UTC+01:00) Europe/Paris DST,2013-06-17T16:00:00+02:00,399,370,na,769,30.0,0.0,na
Eco Counter GmbH,Stadt Tübingen,667,Unterführung Steinlach/Karlstraße Südseite - Steinlachallee,100003359,Y2H17123962,9.058865,48.515434,(UTC+01:00) Europe/Paris DST,2013-06-17T17:00:00+02:00,347,390,na,737,29.0,0.0,na
Eco Counter GmbH,Stadt Tübingen,667,Unterführung Steinlach/Karlstraße Südseite - Steinlachallee,100003359,Y2H17123962,9.058865,48.515434,(UTC+01:00) Europe/Paris DST,2013-06-17T18:00:00+02:00,346,499,na,845,27.0,0.0,na
Eco Counter GmbH,Stadt Tübingen,667,Unterführung Steinlach/Karlstraße Südseite - Steinlachallee,100003359,Y2H17123962,9.058865,48.515434,(UTC+01:00) Europe/Paris DST,2013-06-17T19:00:00+02:00,270,363,na,633,25.0,0.0,na
Eco Counter GmbH,Stadt Tübingen,667,Unterführung Steinlach/Karlstraße Südseite - Steinlachallee,100003359,Y2H17123962,9.058865,48.515434,(UTC+01:00) Europe/Paris DST,2013-06-17T20:00:00+02:00,173,304,na,477,22.0,0.0,na
Eco Counter GmbH,Stadt Tübingen,667,Unterführung Steinlach/Karlstraße Südseite - Steinlachallee,100003359,Y2H17123962,9.058865,48.515434,(UTC+01:00) Europe/Paris DST,2013-06-17T21:00:00+02:00,132,181,na,313,21.0,0.0,na
Eco Counter GmbH,Stadt Tübingen,667,Unterführung Steinlach/Karlstraße Südseite - Steinlachallee,100003359,Y2H17123962,9.058865,48.515434,(UTC+01:00) Europe/Paris DST,2013-06-17T22:00:00+02:00,104,140,na,244,20.0,0.0,na
Eco Counter GmbH,Stadt Tübingen,667,Unterführung Steinlach/Karlstraße Südseite - Steinlachallee,100003359,Y2H17123962,9.058865,48.515434,(UTC+01:00) Europe/Paris DST,2013-06-17T23:00:00+02:00,50,83,na,133,20.0,0.0,na
Eco Counter GmbH,Stadt Tübingen,667,Unterführung Steinlach/Karlstraße Südseite - Steinlachallee,100003359,Y2H17123962,9.058865,48.515434,(UTC+01:00) Europe/Paris DST,2013-06-18T00:00:00+02:00,20,47,na,67,19.0,0.0,na
Eco Counter GmbH,Stadt Tübingen,667,Unterführung Steinlach/Karlstraße Südseite - Steinlachallee,100003359,Y2H17123962,9.058865,48.515434,(UTC+01:00) Europe/Paris DST,2013-06-18T01:00:00+02:00,3,24,na,27,19.0,0.0,na
Eco Counter GmbH,Stadt Tübingen,667,Unterführung Steinlach/Karlstraße Südseite - Steinlachallee,100003359,Y2H17123962,9.058865,48.515434,(UTC+01:00) Europe/Paris DST,2013-06-18T02:00:00+02:00,3,7,na,10,18.0,0.0,na
Eco Counter GmbH,Stadt Tübingen,667,Unterführung Steinlach/Karlstraße Südseite - Steinlachallee,100003359,Y2H17123962,9.058865,48.515434,(UTC+01:00) Europe/Paris DST,2013-06-18T03:00:00+02:00,2,1,na,3,18.0,0.0,na
Eco Counter GmbH,Stadt Tübingen,667,Unterführung Steinlach/Karlstraße Südseite - Steinlachallee,100003359,Y2H17123962,9.058865,48.515434,(UTC+01:00) Europe/Paris DST,2013-06-18T04:00:00+02:00,4,1,na,5,18.0,0.0,na
Eco Counter GmbH,Stadt Tübingen,667,Unterführung Steinlach/Karlstraße Südseite - Steinlachallee,100003359,Y2H17123962,9.058865,48.515434,(UTC+01:00) Europe/Paris DST,2013-06-18T05:00:00+02:00,34,13,na,47,19.0,0.0,na
Eco Counter GmbH,Stadt Tübingen,667,Unterführung Steinlach/Karlstraße Südseite - Steinlachallee,100003359,Y2H17123962,9.058865,48.515434,(UTC+01:00) Europe/Paris DST,2013-06-18T06:00:00+02:00,99,59,na,158,21.0,0.0,na
Eco Counter GmbH,Stadt Tübingen,667,Unterführung Steinlach/Karlstraße Südseite - Steinlachallee,100003359,Y2H17123962,9.058865,48.515434,(UTC+01:00) Europe/Paris DST,2013-06-18T07:00:00+02:00,543,200,na,743,23.0,0.0,na
Eco Counter GmbH,Stadt Tübingen,667,Unterführung Steinlach/Karlstraße Südseite - Steinlachallee,100003359,Y2H17123962,9.058865,48.515434,(UTC+01:00) Europe/Paris DST,2013-06-18T08:00:00+02:00,513,217,na,730,25.0,0.0,na
Eco Counter GmbH,Stadt Tübingen,667,Unterführung Steinlach/Karlstraße Südseite - Steinlachallee,100003359,Y2H17123962,9.058865,48.515434,(UTC+01:00) Europe/Paris DST,2013-06-18T09:00:00+02:00,429,196,na,625,26.0,0.0,na
Eco Counter GmbH,Stadt Tübingen,667,Unterführung Steinlach/Karlstraße Südseite - Steinlachallee,100003359,Y2H17123962,9.058865,48.515434,(UTC+01:00) Europe/Paris DST,2013-06-18T10:00:00+02:00,267,186,na,453,27.0,0.0,na
Eco Counter GmbH,Stadt Tübingen,667,Unterführung Steinlach/Karlstraße Südseite - Steinlachallee,100003359,Y2H17123962,9.058865,48.515434,(UTC+01:00) Europe/Paris DST,2013-06-18T11:00:00+02:00,292,241,na,533,29.0,0.0,na
Eco Counter GmbH,Stadt Tübingen,667,Unterführung Steinlach/Karlstraße Südseite - Steinlachallee,100003359,Y2H17123962,9.058865,48.515434,(UTC+01:00) Europe/Paris DST,2013-06-18T12:00:00+02:00,313,302,na,615,29.0,0.0,na
Eco Counter GmbH,Stadt Tübingen,667,Unterführung Steinlach/Karlstraße Südseite - Steinlachallee,100003359,Y2H17123962,9.058865,48.515434,(UTC+01:00) Europe/Paris DST,2013-06-18T13:00:00+02:00,277,316,na,593,29.0,0.0,na
Eco Counter GmbH,Stadt Tübingen,667,Unterführung Steinlach/Karlstraße Südseite - Steinlachallee,100003359,Y2H17123962,9.058865,48.515434,(UTC+01:00) Europe/Paris DST,2013-06-18T14:00:00+02:00,287,265,na,552,30.0,0.0,na
Eco Counter GmbH,Stadt Tübingen,667,Unterführung Steinlach/Karlstraße Südseite - Steinlachallee,100003359,Y2H17123962,9.058865,48.515434,(UTC+01:00) Europe/Paris DST,2013-06-18T15:00:00+02:00,392,329,na,721,30.0,0.0,na
Eco Counter GmbH,Stadt Tübingen,667,Unterführung Steinlach/Karlstraße Südseite - Steinlachallee,100003359,Y2H17123962,9.058865,48.515434,(UTC+01:00) Europe/Paris DST,2013-06-18T16:00:00+02:00,383,418,na,801,29.0,0.0,na
Eco Counter GmbH,Stadt Tübingen,667,Unterführung Steinlach/Karlstraße Südseite - Steinlachallee,100003359,Y2H17123962,9.058865,48.515434,(UTC+01:00) Europe/Paris DST,2013-06-18T17:00:00+02:00,448,416,na,864,28.0,0.0,na
Eco Counter GmbH,Stadt Tübingen,667,Unterführung Steinlach/Karlstraße Südseite - Steinlachallee,100003359,Y2H17123962,9.058865,48.515434,(UTC+01:00) Europe/Paris DST,2013-06-18T18:00:00+02:00,389,476,na,865,27.0,0.0,na
Eco Counter GmbH,Stadt Tübingen,667,Unterführung Steinlach/Karlstraße Südseite - Steinlachallee,100003359,Y2H17123962,9.058865,48.515434,(UTC+01:00) Europe/Paris DST,2013-06-18T19:00:00+02:00,276,353,na,629,26.0,0.0,na
Eco Counter GmbH,Stadt Tübingen,667,Unterführung Steinlach/Karlstraße Südseite - Steinlachallee,100003359,Y2H17123962,9.058865,48.515434,(UTC+01:00) Europe/Paris DST,2013-06-18T20:00:00+02:00,234,369,na,603,24.0,0.0,na
Eco Counter GmbH,Stadt Tübingen,667,Unterführung Steinlach/Karlstraße Südseite - Steinlachallee,100003359,Y2H17123962,9.058865,48.515434,(UTC+01:00) Europe/Paris DST,2013-06-18T21:00:00+02:00,142,201,na,343,23.0,0.0,na
Eco Counter GmbH,Stadt Tübingen,667,Unterführung Steinlach/Karlstraße Südseite - Steinlachallee,100003359,Y2H17123962,9.058865,48.515434,(UTC+01:00) Europe/Paris DST,2013-06-18T22:00:00+02:00,117,141,na,258,22.0,0.0,na
Eco Counter GmbH,Stadt Tübingen,667,Unterführung Steinlach/Karlstraße Südseite - Steinlachallee,100003359,Y2H17123962,9.058865,48.515434,(UTC+01:00) Europe/Paris DST,2013-06-18T23:00:00+02:00,54,68,na,122,21.0,0.0,na
Eco Counter GmbH,Stadt Tübingen,667,Unterführung Steinlach/Karlstraße Südseite - Steinlachallee,100003359,Y2H17123962,9.058865,48.515434,(UTC+01:00) Europe/Paris DST,2013-06-19T00:00:00+02:00,34,48,na,82,21.0,0.0,na
Eco Counter GmbH,Stadt Tübingen,667,Unterführung Steinlach/Karlstraße Südseite - Steinlachallee,100003359,Y2H17123962,9.058865,48.515434,(UTC+01:00) Europe/Paris DST,2013-06-19T01:00:00+02:00,9,29,na,38,20.0,0.0,na
Eco Counter GmbH,Stadt Tübingen,667,Unterführung Steinlach/Karlstraße Südseite - Steinlachallee,100003359,Y2H17123962,9.058865,48.515434,(UTC+01:00) Europe/Paris DST,2013-06-19T02:00:00+02:00,3,11,na,14,20.0,0.0,na
Eco Counter GmbH,Stadt Tübingen,667,Unterführung Steinlach/Karlstraße Südseite - Steinlachallee,100003359,Y2H17123962,9.058865,48.515434,(UTC+01:00) Europe/Paris DST,2013-06-19T03:00:00+02:00,2,5,na,7,19.0,0.0,na
Eco Counter GmbH,Stadt Tübingen,667,Unterführung Steinlach/Karlstraße Südseite - Steinlachallee,100003359,Y2H17123962,9.058865,48.515434,(UTC+01:00) Europe/Paris DST,2013-06-19T04:00:00+02:00,5,5,na,10,19.0,0.0,na
Eco Counter GmbH,Stadt Tübingen,667,Unterführung Steinlach/Karlstraße Südseite - Steinlachallee,100003359,Y2H17123962,9.058865,48.515434,(UTC+01:00) Europe/Paris DST,2013-06-19T05:00:00+02:00,22,10,na,32,19.0,0.0,na
Eco Counter GmbH,Stadt Tübingen,667,Unterführung Steinlach/Karlstraße Südseite - Steinlachallee,100003359,Y2H17123962,9.058865,48.515434,(UTC+01:00) Europe/Paris DST,2013-06-19T06:00:00+02:00,91,52,na,143,21.0,0.0,na
Eco Counter GmbH,Stadt Tübingen,667,Unterführung Steinlach/Karlstraße Südseite - Steinlachallee,100003359,Y2H17123962,9.058865,48.515434,(UTC+01:00) Europe/Paris DST,2013-06-19T07:00:00+02:00,490,200,na,690,23.0,0.0,na
Eco Counter GmbH,Stadt Tübingen,667,Unterführung Steinlach/Karlstraße Südseite - Steinlachallee,100003359,Y2H17123962,9.058865,48.515434,(UTC+01:00) Europe/Paris DST,2013-06-19T08:00:00+02:00,532,241,na,773,25.0,0.0,na
Eco Counter GmbH,Stadt Tübingen,667,Unterführung Steinlach/Karlstraße Südseite - Steinlachallee,100003359,Y2H17123962,9.058865,48.515434,(UTC+01:00) Europe/Paris DST,2013-06-19T09:00:00+02:00,411,193,na,604,27.0,0.0,na
Eco Counter GmbH,Stadt Tübingen,667,Unterführung Steinlach/Karlstraße Südseite - Steinlachallee,100003359,Y2H17123962,9.058865,48.515434,(UTC+01:00) Europe/Paris DST,2013-06-19T10:00:00+02:00,338,184,na,522,28.0,0.0,na
Eco Counter GmbH,Stadt Tübingen,667,Unterführung Steinlach/Karlstraße Südseite - Steinlachallee,100003359,Y2H17123962,9.058865,48.515434,(UTC+01:00) Europe/Paris DST,2013-06-19T11:00:00+02:00,256,237,na,493,30.0,0.0,na
Eco Counter GmbH,Stadt Tübingen,667,Unterführung Steinlach/Karlstraße Südseite - Steinlachallee,100003359,Y2H17123962,9.058865,48.515434,(UTC+01:00) Europe/Paris DST,2013-06-19T12:00:00+02:00,296,341,na,637,31.0,0.0,na
Eco Counter GmbH,Stadt Tübingen,667,Unterführung Steinlach/Karlstraße Südseite - Steinlachallee,100003359,Y2H17123962,9.058865,48.515434,(UTC+01:00) Europe/Paris DST,2013-06-19T13:00:00+02:00,334,297,na,631,32.0,0.0,na
Eco Counter GmbH,Stadt Tübingen,667,Unterführung Steinlach/Karlstraße Südseite - Steinlachallee,100003359,Y2H17123962,9.058865,48.515434,(UTC+01:00) Europe/Paris DST,2013-06-19T14:00:00+02:00,272,245,na,517,33.0,0.0,na
Eco Counter GmbH,Stadt Tübingen,667,Unterführung Steinlach/Karlstraße Südseite - Steinlachallee,100003359,Y2H17123962,9.058865,48.515434,(UTC+01:00) Europe/Paris DST,2013-06-19T15:00:00+02:00,275,303,na,578,32.0,0.0,na
Eco Counter GmbH,Stadt Tübingen,667,Unterführung Steinlach/Karlstraße Südseite - Steinlachallee,100003359,Y2H17123962,9.058865,48.515434,(UTC+01:00) Europe/Paris DST,2013-06-19T16:00:00+02:00,362,339,na,701,31.0,0.0,na
Eco Counter GmbH,Stadt Tübingen,667,Unterführung Steinlach/Karlstraße Südseite - Steinlachallee,100003359,Y2H17123962,9.058865,48.515434,(UTC+01:00) Europe/Paris DST,2013-06-19T17:00:00+02:00,391,365,na,756,30.0,0.0,na
Eco Counter GmbH,Stadt Tübingen,667,Unterführung Steinlach/Karlstraße Südseite - Steinlachallee,100003359,Y2H17123962,9.058865,48.515434,(UTC+01:00) Europe/Paris DST,2013-06-19T18:00:00+02:00,319,430,na,749,29.0,0.0,na
Eco Counter GmbH,Stadt Tübingen,667,Unterführung Steinlach/Karlstraße Südseite - Steinlachallee,100003359,Y2H17123962,9.058865,48.515434,(UTC+01:00) Europe/Paris DST,2013-06-19T19:00:00+02:00,283,347,na,630,27.0,0.0,na
Eco Counter GmbH,Stadt Tübingen,667,Unterführung Steinlach/Karlstraße Südseite - Steinlachallee,100003359,Y2H17123962,9.058865,48.515434,(UTC+01:00) Europe/Paris DST,2013-06-19T20:00:00+02:00,247,258,na,505,25.0,0.0,na
Eco Counter GmbH,Stadt Tübingen,667,Unterführung Steinlach/Karlstraße Südseite - Steinlachallee,100003359,Y2H17123962,9.058865,48.515434,(UTC+01:00) Europe/Paris DST,2013-06-19T21:00:00+02:00,167,193,na,360,24.0,0.0,na
Eco Counter GmbH,Stadt Tübingen,667,Unterführung Steinlach/Karlstraße Südseite - Steinlachallee,100003359,Y2H17123962,9.058865,48.515434,(UTC+01:00) Europe/Paris DST,2013-06-19T22:00:00+02:00,82,158,na,240,23.0,0.0,na
Eco Counter GmbH,Stadt Tübingen,667,Unterführung Steinlach/Karlstraße Südseite - Steinlachallee,100003359,Y2H17123962,9.058865,48.515434,(UTC+01:00) Europe/Paris DST,2013-06-19T23:00:00+02:00,63,129,na,192,22.0,0.0,na
Eco Counter GmbH,Stadt Tübingen,667,Unterführung Steinlach/Karlstraße Südseite - Steinlachallee,100003359,Y2H17123962,9.058865,48.515434,(UTC+01:00) Europe/Paris DST,2013-06-20T00:00:00+02:00,28,58,na,86,21.0,0.0,na
Eco Counter GmbH,Stadt Tübingen,667,Unterführung Steinlach/Karlstraße Südseite - Steinlachallee,100003359,Y2H17123962,9.058865,48.515434,(UTC+01:00) Europe/Paris DST,2013-06-20T01:00:00+02:00,21,26,na,47,20.0,0.0,na
Eco Counter GmbH,Stadt Tübingen,667,Unterführung Steinlach/Karlstraße Südseite - Steinlachallee,100003359,Y2H17123962,9.058865,48.515434,(UTC+01:00) Europe/Paris DST,2013-06-20T02:00:00+02:00,6,10,na,16,19.0,0.0,na
Eco Counter GmbH,Stadt Tübingen,667,Unterführung Steinlach/Karlstraße Südseite - Steinlachallee,100003359,Y2H17123962,9.058865,48.515434,(UTC+01:00) Europe/Paris DST,2013-06-20T03:00:00+02:00,4,6,na,10,18.0,0.0,na
Eco Counter GmbH,Stadt Tübingen,667,Unterführung Steinlach/Karlstraße Südseite - Steinlachallee,100003359,Y2H17123962,9.058865,48.515434,(UTC+01:00) Europe/Paris DST,2013-06-20T04:00:00+02:00,2,5,na,7,18.0,0.0,na
Eco Counter GmbH,Stadt Tübingen,667,Unterführung Steinlach/Karlstraße Südseite - Steinlachallee,100003359,Y2H17123962,9.058865,48.515434,(UTC+01:00) Europe/Paris DST,2013-06-20T05:00:00+02:00,26,9,na,35,19.0,0.0,na
Eco Counter GmbH,Stadt Tübingen,667,Unterführung Steinlach/Karlstraße Südseite - Steinlachallee,100003359,Y2H17123962,9.058865,48.515434,(UTC+01:00) Europe/Paris DST,2013-06-20T06:00:00+02:00,93,53,na,146,21.0,0.0,na
Eco Counter GmbH,Stadt Tübingen,667,Unterführung Steinlach/Karlstraße Südseite - Steinlachallee,100003359,Y2H17123962,9.058865,48.515434,(UTC+01:00) Europe/Paris DST,2013-06-20T07:00:00+02:00,519,157,na,676,22.0,0.0,na
Eco Counter GmbH,Stadt Tübingen,667,Unterführung Steinlach/Karlstraße Südseite - Steinlachallee,100003359,Y2H17123962,9.058865,48.515434,(UTC+01:00) Europe/Paris DST,2013-06-20T08:00:00+02:00,439,196,na,635,23.0,0.0,na
Eco Counter GmbH,Stadt Tübingen,667,Unterführung Steinlach/Karlstraße Südseite - Steinlachallee,100003359,Y2H17123962,9.058865,48.515434,(UTC+01:00) Europe/Paris DST,2013-06-20T09:00:00+02:00,408,193,na,601,24.0,0.0,na
Eco Counter GmbH,Stadt Tübingen,667,Unterführung Steinlach/Karlstraße Südseite - Steinlachallee,100003359,Y2H17123962,9.058865,48.515434,(UTC+01:00) Europe/Paris DST,2013-06-20T10:00:00+02:00,318,184,na,502,26.0,0.0,na
Eco Counter GmbH,Stadt Tübingen,667,Unterführung Steinlach/Karlstraße Südseite - Steinlachallee,100003359,Y2H17123962,9.058865,48.515434,(UTC+01:00) Europe/Paris DST,2013-06-20T11:00:00+02:00,259,205,na,464,27.0,0.0,na
Eco Counter GmbH,Stadt Tübingen,667,Unterführung Steinlach/Karlstraße Südseite - Steinlachallee,100003359,Y2H17123962,9.058865,48.515434,(UTC+01:00) Europe/Paris DST,2013-06-20T12:00:00+02:00,285,302,na,587,28.0,0.0,na
Eco Counter GmbH,Stadt Tübingen,667,Unterführung Steinlach/Karlstraße Südseite - Steinlachallee,100003359,Y2H17123962,9.058865,48.515434,(UTC+01:00) Europe/Paris DST,2013-06-20T13:00:00+02:00,253,305,na,558,28.0,0.0,na
Eco Counter GmbH,Stadt Tübingen,667,Unterführung Steinlach/Karlstraße Südseite - Steinlachallee,100003359,Y2H17123962,9.058865,48.515434,(UTC+01:00) Europe/Paris DST,2013-06-20T14:00:00+02:00,264,231,na,495,27.0,0.0,na
Eco Counter GmbH,Stadt Tübingen,667,Unterführung Steinlach/Karlstraße Südseite - Steinlachallee,100003359,Y2H17123962,9.058865,48.515434,(UTC+01:00) Europe/Paris DST,2013-06-20T15:00:00+02:00,282,276,na,558,27.0,0.0,na
Eco Counter GmbH,Stadt Tübingen,667,Unterführung Steinlach/Karlstraße Südseite - Steinlachallee,100003359,Y2H17123962,9.058865,48.515434,(UTC+01:00) Europe/Paris DST,2013-06-20T16:00:00+02:00,360,395,na,755,27.0,0.0,na
Eco Counter GmbH,Stadt Tübingen,667,Unterführung Steinlach/Karlstraße Südseite - Steinlachallee,100003359,Y2H17123962,9.058865,48.515434,(UTC+01:00) Europe/Paris DST,2013-06-20T17:00:00+02:00,234,327,na,561,25.0,2.0,na
Eco Counter GmbH,Stadt Tübingen,667,Unterführung Steinlach/Karlstraße Südseite - Steinlachallee,100003359,Y2H17123962,9.058865,48.515434,(UTC+01:00) Europe/Paris DST,2013-06-20T18:00:00+02:00,289,338,na,627,22.0,5.5,na
Eco Counter GmbH,Stadt Tübingen,667,Unterführung Steinlach/Karlstraße Südseite - Steinlachallee,100003359,Y2H17123962,9.058865,48.515434,(UTC+01:00) Europe/Paris DST,2013-06-20T19:00:00+02:00,239,252,na,491,20.0,1.9,na
Eco Counter GmbH,Stadt Tübingen,667,Unterführung Steinlach/Karlstraße Südseite - Steinlachallee,100003359,Y2H17123962,9.058865,48.515434,(UTC+01:00) Europe/Paris DST,2013-06-20T20:00:00+02:00,216,192,na,408,19.0,0.0,na
Eco Counter GmbH,Stadt Tübingen,667,Unterführung Steinlach/Karlstraße Südseite - Steinlachallee,100003359,Y2H17123962,9.058865,48.515434,(UTC+01:00) Europe/Paris DST,2013-06-20T21:00:00+02:00,135,168,na,303,17.0,1.3,na
Eco Counter GmbH,Stadt Tübingen,667,Unterführung Steinlach/Karlstraße Südseite - Steinlachallee,100003359,Y2H17123962,9.058865,48.515434,(UTC+01:00) Europe/Paris DST,2013-06-20T22:00:00+02:00,60,80,na,140,16.0,1.7,na
Eco Counter GmbH,Stadt Tübingen,667,Unterführung Steinlach/Karlstraße Südseite - Steinlachallee,100003359,Y2H17123962,9.058865,48.515434,(UTC+01:00) Europe/Paris DST,2013-06-20T23:00:00+02:00,33,66,na,99,15.0,2.6,na
Eco Counter GmbH,Stadt Tübingen,667,Unterführung Steinlach/Karlstraße Südseite - Steinlachallee,100003359,Y2H17123962,9.058865,48.515434,(UTC+01:00) Europe/Paris DST,2013-06-21T00:00:00+02:00,8,31,na,39,14.0,1.5,na
Eco Counter GmbH,Stadt Tübingen,667,Unterführung Steinlach/Karlstraße Südseite - Steinlachallee,100003359,Y2H17123962,9.058865,48.515434,(UTC+01:00) Europe/Paris DST,2013-06-21T01:00:00+02:00,7,11,na,18,14.0,0.0,na
Eco Counter GmbH,Stadt Tübingen,667,Unterführung Steinlach/Karlstraße Südseite - Steinlachallee,100003359,Y2H17123962,9.058865,48.515434,(UTC+01:00) Europe/Paris DST,2013-06-21T02:00:00+02:00,4,8,na,12,13.0,0.0,na
Eco Counter GmbH,Stadt Tübingen,667,Unterführung Steinlach/Karlstraße Südseite - Steinlachallee,100003359,Y2H17123962,9.058865,48.515434,(UTC+01:00) Europe/Paris DST,2013-06-21T03:00:00+02:00,6,5,na,11,13.0,0.0,na
Eco Counter GmbH,Stadt Tübingen,667,Unterführung Steinlach/Karlstraße Südseite - Steinlachallee,100003359,Y2H17123962,9.058865,48.515434,(UTC+01:00) Europe/Paris DST,2013-06-21T04:00:00+02:00,5,5,na,10,13.0,0.0,na
Eco Counter GmbH,Stadt Tübingen,667,Unterführung Steinlach/Karlstraße Südseite - Steinlachallee,100003359,Y2H17123962,9.058865,48.515434,(UTC+01:00) Europe/Paris DST,2013-06-21T05:00:00+02:00,23,13,na,36,14.0,0.0,na
Eco Counter GmbH,Stadt Tübingen,667,Unterführung Steinlach/Karlstraße Südseite - Steinlachallee,100003359,Y2H17123962,9.058865,48.515434,(UTC+01:00) Europe/Paris DST,2013-06-21T06:00:00+02:00,73,39,na,112,14.0,0.0,na
Eco Counter GmbH,Stadt Tübingen,667,Unterführung Steinlach/Karlstraße Südseite - Steinlachallee,100003359,Y2H17123962,9.058865,48.515434,(UTC+01:00) Europe/Paris DST,2013-06-21T07:00:00+02:00,427,168,na,595,15.0,0.0,na
Eco Counter GmbH,Stadt Tübingen,667,Unterführung Steinlach/Karlstraße Südseite - Steinlachallee,100003359,Y2H17123962,9.058865,48.515434,(UTC+01:00) Europe/Paris DST,2013-06-21T08:00:00+02:00,433,200,na,633,17.0,0.0,na
Eco Counter GmbH,Stadt Tübingen,667,Unterführung Steinlach/Karlstraße Südseite - Steinlachallee,100003359,Y2H17123962,9.058865,48.515434,(UTC+01:00) Europe/Paris DST,2013-06-21T09:00:00+02:00,392,162,na,554,18.0,0.0,na
Eco Counter GmbH,Stadt Tübingen,667,Unterführung Steinlach/Karlstraße Südseite - Steinlachallee,100003359,Y2H17123962,9.058865,48.515434,(UTC+01:00) Europe/Paris DST,2013-06-21T10:00:00+02:00,311,175,na,486,19.0,0.0,na
Eco Counter GmbH,Stadt Tübingen,667,Unterführung Steinlach/Karlstraße Südseite - Steinlachallee,100003359,Y2H17123962,9.058865,48.515434,(UTC+01:00) Europe/Paris DST,2013-06-21T11:00:00+02:00,251,235,na,486,21.0,0.0,na
Eco Counter GmbH,Stadt Tübingen,667,Unterführung Steinlach/Karlstraße Südseite - Steinlachallee,100003359,Y2H17123962,9.058865,48.515434,(UTC+01:00) Europe/Paris DST,2013-06-21T12:00:00+02:00,314,386,na,700,21.0,0.0,na
Eco Counter GmbH,Stadt Tübingen,667,Unterführung Steinlach/Karlstraße Südseite - Steinlachallee,100003359,Y2H17123962,9.058865,48.515434,(UTC+01:00) Europe/Paris DST,2013-06-21T13:00:00+02:00,260,411,na,671,22.0,0.0,na
Eco Counter GmbH,Stadt Tübingen,667,Unterführung Steinlach/Karlstraße Südseite - Steinlachallee,100003359,Y2H17123962,9.058865,48.515434,(UTC+01:00) Europe/Paris DST,2013-06-21T14:00:00+02:00,255,228,na,483,22.0,0.0,na
Eco Counter GmbH,Stadt Tübingen,667,Unterführung Steinlach/Karlstraße Südseite - Steinlachallee,100003359,Y2H17123962,9.058865,48.515434,(UTC+01:00) Europe/Paris DST,2013-06-21T15:00:00+02:00,320,298,na,618,21.0,0.0,na
Eco Counter GmbH,Stadt Tübingen,667,Unterführung Steinlach/Karlstraße Südseite - Steinlachallee,100003359,Y2H17123962,9.058865,48.515434,(UTC+01:00) Europe/Paris DST,2013-06-21T16:00:00+02:00,292,351,na,643,20.0,0.0,na
Eco Counter GmbH,Stadt Tübingen,667,Unterführung Steinlach/Karlstraße Südseite - Steinlachallee,100003359,Y2H17123962,9.058865,48.515434,(UTC+01:00) Europe/Paris DST,2013-06-21T17:00:00+02:00,290,373,na,663,20.0,0.0,na
Eco Counter GmbH,Stadt Tübingen,667,Unterführung Steinlach/Karlstraße Südseite - Steinlachallee,100003359,Y2H17123962,9.058865,48.515434,(UTC+01:00) Europe/Paris DST,2013-06-21T18:00:00+02:00,270,332,na,602,19.0,0.0,na
Eco Counter GmbH,Stadt Tübingen,667,Unterführung Steinlach/Karlstraße Südseite - Steinlachallee,100003359,Y2H17123962,9.058865,48.515434,(UTC+01:00) Europe/Paris DST,2013-06-21T19:00:00+02:00,206,233,na,439,18.0,0.0,na
Eco Counter GmbH,Stadt Tübingen,667,Unterführung Steinlach/Karlstraße Südseite - Steinlachallee,100003359,Y2H17123962,9.058865,48.515434,(UTC+01:00) Europe/Paris DST,2013-06-21T20:00:00+02:00,183,205,na,388,16.0,0.0,na
Eco Counter GmbH,Stadt Tübingen,667,Unterführung Steinlach/Karlstraße Südseite - Steinlachallee,100003359,Y2H17123962,9.058865,48.515434,(UTC+01:00) Europe/Paris DST,2013-06-21T21:00:00+02:00,154,161,na,315,15.0,0.0,na
Eco Counter GmbH,Stadt Tübingen,667,Unterführung Steinlach/Karlstraße Südseite - Steinlachallee,100003359,Y2H17123962,9.058865,48.515434,(UTC+01:00) Europe/Paris DST,2013-06-21T22:00:00+02:00,92,115,na,207,14.0,0.0,na
Eco Counter GmbH,Stadt Tübingen,667,Unterführung Steinlach/Karlstraße Südseite - Steinlachallee,100003359,Y2H17123962,9.058865,48.515434,(UTC+01:00) Europe/Paris DST,2013-06-21T23:00:00+02:00,78,110,na,188,13.0,0.0,na
Eco Counter GmbH,Stadt Tübingen,667,Unterführung Steinlach/Karlstraße Südseite - Steinlachallee,100003359,Y2H17123962,9.058865,48.515434,(UTC+01:00) Europe/Paris DST,2013-06-22T00:00:00+02:00,49,76,na,125,13.0,0.0,na
Eco Counter GmbH,Stadt Tübingen,667,Unterführung Steinlach/Karlstraße Südseite - Steinlachallee,100003359,Y2H17123962,9.058865,48.515434,(UTC+01:00) Europe/Paris DST,2013-06-22T01:00:00+02:00,33,43,na,76,12.0,0.0,na
Eco Counter GmbH,Stadt Tübingen,667,Unterführung Steinlach/Karlstraße Südseite - Steinlachallee,100003359,Y2H17123962,9.058865,48.515434,(UTC+01:00) Europe/Paris DST,2013-06-22T02:00:00+02:00,14,45,na,59,12.0,0.0,na
Eco Counter GmbH,Stadt Tübingen,667,Unterführung Steinlach/Karlstraße Südseite - Steinlachallee,100003359,Y2H17123962,9.058865,48.515434,(UTC+01:00) Europe/Paris DST,2013-06-22T03:00:00+02:00,4,12,na,16,12.0,0.0,na
Eco Counter GmbH,Stadt Tübingen,667,Unterführung Steinlach/Karlstraße Südseite - Steinlachallee,100003359,Y2H17123962,9.058865,48.515434,(UTC+01:00) Europe/Paris DST,2013-06-22T04:00:00+02:00,7,16,na,23,13.0,0.0,na
Eco Counter GmbH,Stadt Tübingen,667,Unterführung Steinlach/Karlstraße Südseite - Steinlachallee,100003359,Y2H17123962,9.058865,48.515434,(UTC+01:00) Europe/Paris DST,2013-06-22T05:00:00+02:00,12,4,na,16,14.0,0.0,na
Eco Counter GmbH,Stadt Tübingen,667,Unterführung Steinlach/Karlstraße Südseite - Steinlachallee,100003359,Y2H17123962,9.058865,48.515434,(UTC+01:00) Europe/Paris DST,2013-06-22T06:00:00+02:00,17,18,na,35,14.0,0.0,na
Eco Counter GmbH,Stadt Tübingen,667,Unterführung Steinlach/Karlstraße Südseite - Steinlachallee,100003359,Y2H17123962,9.058865,48.515434,(UTC+01:00) Europe/Paris DST,2013-06-22T07:00:00+02:00,46,30,na,76,15.0,0.0,na
Eco Counter GmbH,Stadt Tübingen,667,Unterführung Steinlach/Karlstraße Südseite - Steinlachallee,100003359,Y2H17123962,9.058865,48.515434,(UTC+01:00) Europe/Paris DST,2013-06-22T08:00:00+02:00,101,64,na,165,16.0,0.0,na
Eco Counter GmbH,Stadt Tübingen,667,Unterführung Steinlach/Karlstraße Südseite - Steinlachallee,100003359,Y2H17123962,9.058865,48.515434,(UTC+01:00) Europe/Paris DST,2013-06-22T09:00:00+02:00,212,84,na,296,18.0,0.0,na
Eco Counter GmbH,Stadt Tübingen,667,Unterführung Steinlach/Karlstraße Südseite - Steinlachallee,100003359,Y2H17123962,9.058865,48.515434,(UTC+01:00) Europe/Paris DST,2013-06-22T10:00:00+02:00,270,129,na,399,18.0,0.0,na
Eco Counter GmbH,Stadt Tübingen,667,Unterführung Steinlach/Karlstraße Südseite - Steinlachallee,100003359,Y2H17123962,9.058865,48.515434,(UTC+01:00) Europe/Paris DST,2013-06-22T11:00:00+02:00,356,184,na,540,19.0,0.0,na
Eco Counter GmbH,Stadt Tübingen,667,Unterführung Steinlach/Karlstraße Südseite - Steinlachallee,100003359,Y2H17123962,9.058865,48.515434,(UTC+01:00) Europe/Paris DST,2013-06-22T12:00:00+02:00,264,237,na,501,20.0,0.2,na
Eco Counter GmbH,Stadt Tübingen,667,Unterführung Steinlach/Karlstraße Südseite - Steinlachallee,100003359,Y2H17123962,9.058865,48.515434,(UTC+01:00) Europe/Paris DST,2013-06-22T13:00:00+02:00,225,289,na,514,21.0,0.0,na
Eco Counter GmbH,Stadt Tübingen,667,Unterführung Steinlach/Karlstraße Südseite - Steinlachallee,100003359,Y2H17123962,9.058865,48.515434,(UTC+01:00) Europe/Paris DST,2013-06-22T14:00:00+02:00,264,262,na,526,21.0,0.0,na
Eco Counter GmbH,Stadt Tübingen,667,Unterführung Steinlach/Karlstraße Südseite - Steinlachallee,100003359,Y2H17123962,9.058865,48.515434,(UTC+01:00) Europe/Paris DST,2013-06-22T15:00:00+02:00,222,211,na,433,21.0,0.0,na
Eco Counter GmbH,Stadt Tübingen,667,Unterführung Steinlach/Karlstraße Südseite - Steinlachallee,100003359,Y2H17123962,9.058865,48.515434,(UTC+01:00) Europe/Paris DST,2013-06-22T16:00:00+02:00,191,252,na,443,21.0,0.0,na
Eco Counter GmbH,Stadt Tübingen,667,Unterführung Steinlach/Karlstraße Südseite - Steinlachallee,100003359,Y2H17123962,9.058865,48.515434,(UTC+01:00) Europe/Paris DST,2013-06-22T17:00:00+02:00,215,218,na,433,20.0,0.0,na
Eco Counter GmbH,Stadt Tübingen,667,Unterführung Steinlach/Karlstraße Südseite - Steinlachallee,100003359,Y2H17123962,9.058865,48.515434,(UTC+01:00) Europe/Paris DST,2013-06-22T18:00:00+02:00,163,219,na,382,19.0,0.0,na
Eco Counter GmbH,Stadt Tübingen,667,Unterführung Steinlach/Karlstraße Südseite - Steinlachallee,100003359,Y2H17123962,9.058865,48.515434,(UTC+01:00) Europe/Paris DST,2013-06-22T19:00:00+02:00,196,188,na,384,18.0,0.0,na
Eco Counter GmbH,Stadt Tübingen,667,Unterführung Steinlach/Karlstraße Südseite - Steinlachallee,100003359,Y2H17123962,9.058865,48.515434,(UTC+01:00) Europe/Paris DST,2013-06-22T20:00:00+02:00,140,118,na,258,17.0,0.0,na
Eco Counter GmbH,Stadt Tübingen,667,Unterführung Steinlach/Karlstraße Südseite - Steinlachallee,100003359,Y2H17123962,9.058865,48.515434,(UTC+01:00) Europe/Paris DST,2013-06-22T21:00:00+02:00,105,149,na,254,15.0,0.0,na
Eco Counter GmbH,Stadt Tübingen,667,Unterführung Steinlach/Karlstraße Südseite - Steinlachallee,100003359,Y2H17123962,9.058865,48.515434,(UTC+01:00) Europe/Paris DST,2013-06-22T22:00:00+02:00,77,119,na,196,15.0,0.0,na
Eco Counter GmbH,Stadt Tübingen,667,Unterführung Steinlach/Karlstraße Südseite - Steinlachallee,100003359,Y2H17123962,9.058865,48.515434,(UTC+01:00) Europe/Paris DST,2013-06-22T23:00:00+02:00,48,73,na,121,14.0,0.0,na
Eco Counter GmbH,Stadt Tübingen,667,Unterführung Steinlach/Karlstraße Südseite - Steinlachallee,100003359,Y2H17123962,9.058865,48.515434,(UTC+01:00) Europe/Paris DST,2013-06-23T00:00:00+02:00,37,74,na,111,14.0,0.0,na
Eco Counter GmbH,Stadt Tübingen,667,Unterführung Steinlach/Karlstraße Südseite - Steinlachallee,100003359,Y2H17123962,9.058865,48.515434,(UTC+01:00) Europe/Paris DST,2013-06-23T01:00:00+02:00,19,50,na,69,14.0,0.0,na
Eco Counter GmbH,Stadt Tübingen,667,Unterführung Steinlach/Karlstraße Südseite - Steinlachallee,100003359,Y2H17123962,9.058865,48.515434,(UTC+01:00) Europe/Paris DST,2013-06-23T02:00:00+02:00,22,20,na,42,14.0,0.0,na
Eco Counter GmbH,Stadt Tübingen,667,Unterführung Steinlach/Karlstraße Südseite - Steinlachallee,100003359,Y2H17123962,9.058865,48.515434,(UTC+01:00) Europe/Paris DST,2013-06-23T03:00:00+02:00,17,14,na,31,14.0,0.0,na
Eco Counter GmbH,Stadt Tübingen,667,Unterführung Steinlach/Karlstraße Südseite - Steinlachallee,100003359,Y2H17123962,9.058865,48.515434,(UTC+01:00) Europe/Paris DST,2013-06-23T04:00:00+02:00,16,10,na,26,14.0,0.0,na
Eco Counter GmbH,Stadt Tübingen,667,Unterführung Steinlach/Karlstraße Südseite - Steinlachallee,100003359,Y2H17123962,9.058865,48.515434,(UTC+01:00) Europe/Paris DST,2013-06-23T05:00:00+02:00,9,5,na,14,14.0,0.0,na
Eco Counter GmbH,Stadt Tübingen,667,Unterführung Steinlach/Karlstraße Südseite - Steinlachallee,100003359,Y2H17123962,9.058865,48.515434,(UTC+01:00) Europe/Paris DST,2013-06-23T06:00:00+02:00,18,10,na,28,14.0,0.0,na
Eco Counter GmbH,Stadt Tübingen,667,Unterführung Steinlach/Karlstraße Südseite - Steinlachallee,100003359,Y2H17123962,9.058865,48.515434,(UTC+01:00) Europe/Paris DST,2013-06-23T07:00:00+02:00,24,15,na,39,15.0,0.0,na
Eco Counter GmbH,Stadt Tübingen,667,Unterführung Steinlach/Karlstraße Südseite - Steinlachallee,100003359,Y2H17123962,9.058865,48.515434,(UTC+01:00) Europe/Paris DST,2013-06-23T08:00:00+02:00,58,37,na,95,16.0,0.0,na
Eco Counter GmbH,Stadt Tübingen,667,Unterführung Steinlach/Karlstraße Südseite - Steinlachallee,100003359,Y2H17123962,9.058865,48.515434,(UTC+01:00) Europe/Paris DST,2013-06-23T09:00:00+02:00,126,76,na,202,16.0,0.0,na
Eco Counter GmbH,Stadt Tübingen,667,Unterführung Steinlach/Karlstraße Südseite - Steinlachallee,100003359,Y2H17123962,9.058865,48.515434,(UTC+01:00) Europe/Paris DST,2013-06-23T10:00:00+02:00,168,83,na,251,17.0,0.0,na
Eco Counter GmbH,Stadt Tübingen,667,Unterführung Steinlach/Karlstraße Südseite - Steinlachallee,100003359,Y2H17123962,9.058865,48.515434,(UTC+01:00) Europe/Paris DST,2013-06-23T11:00:00+02:00,133,103,na,236,18.0,0.0,na
Eco Counter GmbH,Stadt Tübingen,667,Unterführung Steinlach/Karlstraße Südseite - Steinlachallee,100003359,Y2H17123962,9.058865,48.515434,(UTC+01:00) Europe/Paris DST,2013-06-23T12:00:00+02:00,143,145,na,288,18.0,0.0,na
Eco Counter GmbH,Stadt Tübingen,667,Unterführung Steinlach/Karlstraße Südseite - Steinlachallee,100003359,Y2H17123962,9.058865,48.515434,(UTC+01:00) Europe/Paris DST,2013-06-23T13:00:00+02:00,154,121,na,275,18.0,0.0,na
Eco Counter GmbH,Stadt Tübingen,667,Unterführung Steinlach/Karlstraße Südseite - Steinlachallee,100003359,Y2H17123962,9.058865,48.515434,(UTC+01:00) Europe/Paris DST,2013-06-23T14:00:00+02:00,197,119,na,316,18.0,0.0,na
Eco Counter GmbH,Stadt Tübingen,667,Unterführung Steinlach/Karlstraße Südseite - Steinlachallee,100003359,Y2H17123962,9.058865,48.515434,(UTC+01:00) Europe/Paris DST,2013-06-23T15:00:00+02:00,244,148,na,392,18.0,0.0,na
Eco Counter GmbH,Stadt Tübingen,667,Unterführung Steinlach/Karlstraße Südseite - Steinlachallee,100003359,Y2H17123962,9.058865,48.515434,(UTC+01:00) Europe/Paris DST,2013-06-23T16:00:00+02:00,142,154,na,296,17.0,0.0,na
Eco Counter GmbH,Stadt Tübingen,667,Unterführung Steinlach/Karlstraße Südseite - Steinlachallee,100003359,Y2H17123962,9.058865,48.515434,(UTC+01:00) Europe/Paris DST,2013-06-23T17:00:00+02:00,148,278,na,426,16.0,0.0,na
Eco Counter GmbH,Stadt Tübingen,667,Unterführung Steinlach/Karlstraße Südseite - Steinlachallee,100003359,Y2H17123962,9.058865,48.515434,(UTC+01:00) Europe/Paris DST,2013-06-23T18:00:00+02:00,154,221,na,375,16.0,0.0,na
Eco Counter GmbH,Stadt Tübingen,667,Unterführung Steinlach/Karlstraße Südseite - Steinlachallee,100003359,Y2H17123962,9.058865,48.515434,(UTC+01:00) Europe/Paris DST,2013-06-23T19:00:00+02:00,141,142,na,283,15.0,0.0,na
Eco Counter GmbH,Stadt Tübingen,667,Unterführung Steinlach/Karlstraße Südseite - Steinlachallee,100003359,Y2H17123962,9.058865,48.515434,(UTC+01:00) Europe/Paris DST,2013-06-23T20:00:00+02:00,63,94,na,157,13.0,0.0,na
Eco Counter GmbH,Stadt Tübingen,667,Unterführung Steinlach/Karlstraße Südseite - Steinlachallee,100003359,Y2H17123962,9.058865,48.515434,(UTC+01:00) Europe/Paris DST,2013-06-23T21:00:00+02:00,37,82,na,119,13.0,0.0,na
Eco Counter GmbH,Stadt Tübingen,667,Unterführung Steinlach/Karlstraße Südseite - Steinlachallee,100003359,Y2H17123962,9.058865,48.515434,(UTC+01:00) Europe/Paris DST,2013-06-23T22:00:00+02:00,22,54,na,76,12.0,0.0,na
Eco Counter GmbH,Stadt Tübingen,667,Unterführung Steinlach/Karlstraße Südseite - Steinlachallee,100003359,Y2H17123962,9.058865,48.515434,(UTC+01:00) Europe/Paris DST,2013-06-23T23:00:00+02:00,22,31,na,53,11.0,0.0,na
Eco Counter GmbH,Stadt Tübingen,667,Unterführung Steinlach/Karlstraße Südseite - Steinlachallee,100003359,Y2H17123962,9.058865,48.515434,(UTC+01:00) Europe/Paris DST,2013-06-24T00:00:00+02:00,6,15,na,21,11.0,0.0,na
Eco Counter GmbH,Stadt Tübingen,667,Unterführung Steinlach/Karlstraße Südseite - Steinlachallee,100003359,Y2H17123962,9.058865,48.515434,(UTC+01:00) Europe/Paris DST,2013-06-24T01:00:00+02:00,4,2,na,6,10.0,0.0,na
Eco Counter GmbH,Stadt Tübingen,667,Unterführung Steinlach/Karlstraße Südseite - Steinlachallee,100003359,Y2H17123962,9.058865,48.515434,(UTC+01:00) Europe/Paris DST,2013-06-24T02:00:00+02:00,1,3,na,4,10.0,0.0,na
Eco Counter GmbH,Stadt Tübingen,667,Unterführung Steinlach/Karlstraße Südseite - Steinlachallee,100003359,Y2H17123962,9.058865,48.515434,(UTC+01:00) Europe/Paris DST,2013-06-24T03:00:00+02:00,1,2,na,3,10.0,0.1,na
Eco Counter GmbH,Stadt Tübingen,667,Unterführung Steinlach/Karlstraße Südseite - Steinlachallee,100003359,Y2H17123962,9.058865,48.515434,(UTC+01:00) Europe/Paris DST,2013-06-24T04:00:00+02:00,2,1,na,3,10.0,0.3,na
Eco Counter GmbH,Stadt Tübingen,667,Unterführung Steinlach/Karlstraße Südseite - Steinlachallee,100003359,Y2H17123962,9.058865,48.515434,(UTC+01:00) Europe/Paris DST,2013-06-24T05:00:00+02:00,24,7,na,31,11.0,0.4,na
Eco Counter GmbH,Stadt Tübingen,667,Unterführung Steinlach/Karlstraße Südseite - Steinlachallee,100003359,Y2H17123962,9.058865,48.515434,(UTC+01:00) Europe/Paris DST,2013-06-24T06:00:00+02:00,61,48,na,109,11.0,0.5,na
Eco Counter GmbH,Stadt Tübingen,667,Unterführung Steinlach/Karlstraße Südseite - Steinlachallee,100003359,Y2H17123962,9.058865,48.515434,(UTC+01:00) Europe/Paris DST,2013-06-24T07:00:00+02:00,284,122,na,406,12.0,0.6,na
Eco Counter GmbH,Stadt Tübingen,667,Unterführung Steinlach/Karlstraße Südseite - Steinlachallee,100003359,Y2H17123962,9.058865,48.515434,(UTC+01:00) Europe/Paris DST,2013-06-24T08:00:00+02:00,379,153,na,532,13.0,0.0,na
Eco Counter GmbH,Stadt Tübingen,667,Unterführung Steinlach/Karlstraße Südseite - Steinlachallee,100003359,Y2H17123962,9.058865,48.515434,(UTC+01:00) Europe/Paris DST,2013-06-24T09:00:00+02:00,265,140,na,405,14.0,0.2,na
Eco Counter GmbH,Stadt Tübingen,667,Unterführung Steinlach/Karlstraße Südseite - Steinlachallee,100003359,Y2H17123962,9.058865,48.515434,(UTC+01:00) Europe/Paris DST,2013-06-24T10:00:00+02:00,256,151,na,407,14.0,0.2,na
Eco Counter GmbH,Stadt Tübingen,667,Unterführung Steinlach/Karlstraße Südseite - Steinlachallee,100003359,Y2H17123962,9.058865,48.515434,(UTC+01:00) Europe/Paris DST,2013-06-24T11:00:00+02:00,197,170,na,367,15.0,0.1,na
Eco Counter GmbH,Stadt Tübingen,667,Unterführung Steinlach/Karlstraße Südseite - Steinlachallee,100003359,Y2H17123962,9.058865,48.515434,(UTC+01:00) Europe/Paris DST,2013-06-24T12:00:00+02:00,243,222,na,465,16.0,0.2,na
Eco Counter GmbH,Stadt Tübingen,667,Unterführung Steinlach/Karlstraße Südseite - Steinlachallee,100003359,Y2H17123962,9.058865,48.515434,(UTC+01:00) Europe/Paris DST,2013-06-24T13:00:00+02:00,247,219,na,466,16.0,0.3,na
Eco Counter GmbH,Stadt Tübingen,667,Unterführung Steinlach/Karlstraße Südseite - Steinlachallee,100003359,Y2H17123962,9.058865,48.515434,(UTC+01:00) Europe/Paris DST,2013-06-24T14:00:00+02:00,210,204,na,414,16.0,0.3,na
Eco Counter GmbH,Stadt Tübingen,667,Unterführung Steinlach/Karlstraße Südseite - Steinlachallee,100003359,Y2H17123962,9.058865,48.515434,(UTC+01:00) Europe/Paris DST,2013-06-24T15:00:00+02:00,247,256,na,503,15.0,0.3,na
Eco Counter GmbH,Stadt Tübingen,667,Unterführung Steinlach/Karlstraße Südseite - Steinlachallee,100003359,Y2H17123962,9.058865,48.515434,(UTC+01:00) Europe/Paris DST,2013-06-24T16:00:00+02:00,283,324,na,607,15.0,1.2,na
Eco Counter GmbH,Stadt Tübingen,667,Unterführung Steinlach/Karlstraße Südseite - Steinlachallee,100003359,Y2H17123962,9.058865,48.515434,(UTC+01:00) Europe/Paris DST,2013-06-24T17:00:00+02:00,208,359,na,567,14.0,0.3,na
Eco Counter GmbH,Stadt Tübingen,667,Unterführung Steinlach/Karlstraße Südseite - Steinlachallee,100003359,Y2H17123962,9.058865,48.515434,(UTC+01:00) Europe/Paris DST,2013-06-24T18:00:00+02:00,227,325,na,552,13.0,0.2,na
Eco Counter GmbH,Stadt Tübingen,667,Unterführung Steinlach/Karlstraße Südseite - Steinlachallee,100003359,Y2H17123962,9.058865,48.515434,(UTC+01:00) Europe/Paris DST,2013-06-24T19:00:00+02:00,203,242,na,445,12.0,0.2,na
Eco Counter GmbH,Stadt Tübingen,667,Unterführung Steinlach/Karlstraße Südseite - Steinlachallee,100003359,Y2H17123962,9.058865,48.515434,(UTC+01:00) Europe/Paris DST,2013-06-24T20:00:00+02:00,130,202,na,332,11.0,0.0,na
Eco Counter GmbH,Stadt Tübingen,667,Unterführung Steinlach/Karlstraße Südseite - Steinlachallee,100003359,Y2H17123962,9.058865,48.515434,(UTC+01:00) Europe/Paris DST,2013-06-24T21:00:00+02:00,77,114,na,191,11.0,0.0,na
Eco Counter GmbH,Stadt Tübingen,667,Unterführung Steinlach/Karlstraße Südseite - Steinlachallee,100003359,Y2H17123962,9.058865,48.515434,(UTC+01:00) Europe/Paris DST,2013-06-24T22:00:00+02:00,73,120,na,193,10.0,0.0,na
Eco Counter GmbH,Stadt Tübingen,667,Unterführung Steinlach/Karlstraße Südseite - Steinlachallee,100003359,Y2H17123962,9.058865,48.515434,(UTC+01:00) Europe/Paris DST,2013-06-24T23:00:00+02:00,24,51,na,75,9.0,0.0,na
Eco Counter GmbH,Stadt Tübingen,667,Unterführung Steinlach/Karlstraße Südseite - Steinlachallee,100003359,Y2H17123962,9.058865,48.515434,(UTC+01:00) Europe/Paris DST,2013-06-25T00:00:00+02:00,16,29,na,45,9.0,0.0,na
Eco Counter GmbH,Stadt Tübingen,667,Unterführung Steinlach/Karlstraße Südseite - Steinlachallee,100003359,Y2H17123962,9.058865,48.515434,(UTC+01:00) Europe/Paris DST,2013-06-25T01:00:00+02:00,3,8,na,11,9.0,0.0,na
Eco Counter GmbH,Stadt Tübingen,667,Unterführung Steinlach/Karlstraße Südseite - Steinlachallee,100003359,Y2H17123962,9.058865,48.515434,(UTC+01:00) Europe/Paris DST,2013-06-25T02:00:00+02:00,2,7,na,9,8.0,0.0,na
Eco Counter GmbH,Stadt Tübingen,667,Unterführung Steinlach/Karlstraße Südseite - Steinlachallee,100003359,Y2H17123962,9.058865,48.515434,(UTC+01:00) Europe/Paris DST,2013-06-25T03:00:00+02:00,2,6,na,8,8.0,0.2,na
Eco Counter GmbH,Stadt Tübingen,667,Unterführung Steinlach/Karlstraße Südseite - Steinlachallee,100003359,Y2H17123962,9.058865,48.515434,(UTC+01:00) Europe/Paris DST,2013-06-25T04:00:00+02:00,2,5,na,7,8.0,0.2,na
Eco Counter GmbH,Stadt Tübingen,667,Unterführung Steinlach/Karlstraße Südseite - Steinlachallee,100003359,Y2H17123962,9.058865,48.515434,(UTC+01:00) Europe/Paris DST,2013-06-25T05:00:00+02:00,24,10,na,34,9.0,0.2,na
Eco Counter GmbH,Stadt Tübingen,667,Unterführung Steinlach/Karlstraße Südseite - Steinlachallee,100003359,Y2H17123962,9.058865,48.515434,(UTC+01:00) Europe/Paris DST,2013-06-25T06:00:00+02:00,72,38,na,110,9.0,0.0,na
Eco Counter GmbH,Stadt Tübingen,667,Unterführung Steinlach/Karlstraße Südseite - Steinlachallee,100003359,Y2H17123962,9.058865,48.515434,(UTC+01:00) Europe/Paris DST,2013-06-25T07:00:00+02:00,486,159,na,645,10.0,0.0,na
Eco Counter GmbH,Stadt Tübingen,667,Unterführung Steinlach/Karlstraße Südseite - Steinlachallee,100003359,Y2H17123962,9.058865,48.515434,(UTC+01:00) Europe/Paris DST,2013-06-25T08:00:00+02:00,459,212,na,671,11.0,0.0,na
Eco Counter GmbH,Stadt Tübingen,667,Unterführung Steinlach/Karlstraße Südseite - Steinlachallee,100003359,Y2H17123962,9.058865,48.515434,(UTC+01:00) Europe/Paris DST,2013-06-25T09:00:00+02:00,343,155,na,498,12.0,0.1,na
Eco Counter GmbH,Stadt Tübingen,667,Unterführung Steinlach/Karlstraße Südseite - Steinlachallee,100003359,Y2H17123962,9.058865,48.515434,(UTC+01:00) Europe/Paris DST,2013-06-25T10:00:00+02:00,246,171,na,417,13.0,0.2,na
Eco Counter GmbH,Stadt Tübingen,667,Unterführung Steinlach/Karlstraße Südseite - Steinlachallee,100003359,Y2H17123962,9.058865,48.515434,(UTC+01:00) Europe/Paris DST,2013-06-25T11:00:00+02:00,221,171,na,392,14.0,0.2,na
Eco Counter GmbH,Stadt Tübingen,667,Unterführung Steinlach/Karlstraße Südseite - Steinlachallee,100003359,Y2H17123962,9.058865,48.515434,(UTC+01:00) Europe/Paris DST,2013-06-25T12:00:00+02:00,282,261,na,543,15.0,0.2,na
Eco Counter GmbH,Stadt Tübingen,667,Unterführung Steinlach/Karlstraße Südseite - Steinlachallee,100003359,Y2H17123962,9.058865,48.515434,(UTC+01:00) Europe/Paris DST,2013-06-25T13:00:00+02:00,236,252,na,488,15.0,0.3,na
Eco Counter GmbH,Stadt Tübingen,667,Unterführung Steinlach/Karlstraße Südseite - Steinlachallee,100003359,Y2H17123962,9.058865,48.515434,(UTC+01:00) Europe/Paris DST,2013-06-25T14:00:00+02:00,208,238,na,446,15.0,1.0,na
Eco Counter GmbH,Stadt Tübingen,667,Unterführung Steinlach/Karlstraße Südseite - Steinlachallee,100003359,Y2H17123962,9.058865,48.515434,(UTC+01:00) Europe/Paris DST,2013-06-25T15:00:00+02:00,275,330,na,605,15.0,1.1,na
Eco Counter GmbH,Stadt Tübingen,667,Unterführung Steinlach/Karlstraße Südseite - Steinlachallee,100003359,Y2H17123962,9.058865,48.515434,(UTC+01:00) Europe/Paris DST,2013-06-25T16:00:00+02:00,286,412,na,698,14.0,1.6,na
Eco Counter GmbH,Stadt Tübingen,667,Unterführung Steinlach/Karlstraße Südseite - Steinlachallee,100003359,Y2H17123962,9.058865,48.515434,(UTC+01:00) Europe/Paris DST,2013-06-25T17:00:00+02:00,315,374,na,689,13.0,0.2,na
Eco Counter GmbH,Stadt Tübingen,667,Unterführung Steinlach/Karlstraße Südseite - Steinlachallee,100003359,Y2H17123962,9.058865,48.515434,(UTC+01:00) Europe/Paris DST,2013-06-25T18:00:00+02:00,307,379,na,686,13.0,0.0,na
Eco Counter GmbH,Stadt Tübingen,667,Unterführung Steinlach/Karlstraße Südseite - Steinlachallee,100003359,Y2H17123962,9.058865,48.515434,(UTC+01:00) Europe/Paris DST,2013-06-25T19:00:00+02:00,224,269,na,493,11.0,0.1,na
Eco Counter GmbH,Stadt Tübingen,667,Unterführung Steinlach/Karlstraße Südseite - Steinlachallee,100003359,Y2H17123962,9.058865,48.515434,(UTC+01:00) Europe/Paris DST,2013-06-25T20:00:00+02:00,144,198,na,342,10.0,0.2,na
Eco Counter GmbH,Stadt Tübingen,667,Unterführung Steinlach/Karlstraße Südseite - Steinlachallee,100003359,Y2H17123962,9.058865,48.515434,(UTC+01:00) Europe/Paris DST,2013-06-25T21:00:00+02:00,88,149,na,237,9.0,0.2,na
Eco Counter GmbH,Stadt Tübingen,667,Unterführung Steinlach/Karlstraße Südseite - Steinlachallee,100003359,Y2H17123962,9.058865,48.515434,(UTC+01:00) Europe/Paris DST,2013-06-25T22:00:00+02:00,47,133,na,180,9.0,0.0,na
Eco Counter GmbH,Stadt Tübingen,667,Unterführung Steinlach/Karlstraße Südseite - Steinlachallee,100003359,Y2H17123962,9.058865,48.515434,(UTC+01:00) Europe/Paris DST,2013-06-25T23:00:00+02:00,32,75,na,107,8.0,0.0,na
Eco Counter GmbH,Stadt Tübingen,667,Unterführung Steinlach/Karlstraße Südseite - Steinlachallee,100003359,Y2H17123962,9.058865,48.515434,(UTC+01:00) Europe/Paris DST,2013-06-26T00:00:00+02:00,6,34,na,40,8.0,0.0,na
Eco Counter GmbH,Stadt Tübingen,667,Unterführung Steinlach/Karlstraße Südseite - Steinlachallee,100003359,Y2H17123962,9.058865,48.515434,(UTC+01:00) Europe/Paris DST,2013-06-26T01:00:00+02:00,7,15,na,22,8.0,0.0,na
Eco Counter GmbH,Stadt Tübingen,667,Unterführung Steinlach/Karlstraße Südseite - Steinlachallee,100003359,Y2H17123962,9.058865,48.515434,(UTC+01:00) Europe/Paris DST,2013-06-26T02:00:00+02:00,4,4,na,8,7.0,0.0,na
Eco Counter GmbH,Stadt Tübingen,667,Unterführung Steinlach/Karlstraße Südseite - Steinlachallee,100003359,Y2H17123962,9.058865,48.515434,(UTC+01:00) Europe/Paris DST,2013-06-26T03:00:00+02:00,5,2,na,7,7.0,0.0,na
Eco Counter GmbH,Stadt Tübingen,667,Unterführung Steinlach/Karlstraße Südseite - Steinlachallee,100003359,Y2H17123962,9.058865,48.515434,(UTC+01:00) Europe/Paris DST,2013-06-26T04:00:00+02:00,4,5,na,9,7.0,0.0,na
Eco Counter GmbH,Stadt Tübingen,667,Unterführung Steinlach/Karlstraße Südseite - Steinlachallee,100003359,Y2H17123962,9.058865,48.515434,(UTC+01:00) Europe/Paris DST,2013-06-26T05:00:00+02:00,30,5,na,35,8.0,0.0,na
Eco Counter GmbH,Stadt Tübingen,667,Unterführung Steinlach/Karlstraße Südseite - Steinlachallee,100003359,Y2H17123962,9.058865,48.515434,(UTC+01:00) Europe/Paris DST,2013-06-26T06:00:00+02:00,71,42,na,113,8.0,0.0,na
Eco Counter GmbH,Stadt Tübingen,667,Unterführung Steinlach/Karlstraße Südseite - Steinlachallee,100003359,Y2H17123962,9.058865,48.515434,(UTC+01:00) Europe/Paris DST,2013-06-26T07:00:00+02:00,452,159,na,611,9.0,0.0,na
Eco Counter GmbH,Stadt Tübingen,667,Unterführung Steinlach/Karlstraße Südseite - Steinlachallee,100003359,Y2H17123962,9.058865,48.515434,(UTC+01:00) Europe/Paris DST,2013-06-26T08:00:00+02:00,445,198,na,643,11.0,0.0,na
Eco Counter GmbH,Stadt Tübingen,667,Unterführung Steinlach/Karlstraße Südseite - Steinlachallee,100003359,Y2H17123962,9.058865,48.515434,(UTC+01:00) Europe/Paris DST,2013-06-26T09:00:00+02:00,353,168,na,521,12.0,0.0,na
Eco Counter GmbH,Stadt Tübingen,667,Unterführung Steinlach/Karlstraße Südseite - Steinlachallee,100003359,Y2H17123962,9.058865,48.515434,(UTC+01:00) Europe/Paris DST,2013-06-26T10:00:00+02:00,287,212,na,499,13.0,0.0,na
Eco Counter GmbH,Stadt Tübingen,667,Unterführung Steinlach/Karlstraße Südseite - Steinlachallee,100003359,Y2H17123962,9.058865,48.515434,(UTC+01:00) Europe/Paris DST,2013-06-26T11:00:00+02:00,237,255,na,492,14.0,0.0,na
Eco Counter GmbH,Stadt Tübingen,667,Unterführung Steinlach/Karlstraße Südseite - Steinlachallee,100003359,Y2H17123962,9.058865,48.515434,(UTC+01:00) Europe/Paris DST,2013-06-26T12:00:00+02:00,301,326,na,627,15.0,0.0,na
Eco Counter GmbH,Stadt Tübingen,667,Unterführung Steinlach/Karlstraße Südseite - Steinlachallee,100003359,Y2H17123962,9.058865,48.515434,(UTC+01:00) Europe/Paris DST,2013-06-26T13:00:00+02:00,248,266,na,514,15.0,0.0,na
Eco Counter GmbH,Stadt Tübingen,667,Unterführung Steinlach/Karlstraße Südseite - Steinlachallee,100003359,Y2H17123962,9.058865,48.515434,(UTC+01:00) Europe/Paris DST,2013-06-26T14:00:00+02:00,242,213,na,455,15.0,0.0,na
Eco Counter GmbH,Stadt Tübingen,667,Unterführung Steinlach/Karlstraße Südseite - Steinlachallee,100003359,Y2H17123962,9.058865,48.515434,(UTC+01:00) Europe/Paris DST,2013-06-26T15:00:00+02:00,252,274,na,526,15.0,0.0,na
Eco Counter GmbH,Stadt Tübingen,667,Unterführung Steinlach/Karlstraße Südseite - Steinlachallee,100003359,Y2H17123962,9.058865,48.515434,(UTC+01:00) Europe/Paris DST,2013-06-26T16:00:00+02:00,251,310,na,561,14.0,0.0,na
Eco Counter GmbH,Stadt Tübingen,667,Unterführung Steinlach/Karlstraße Südseite - Steinlachallee,100003359,Y2H17123962,9.058865,48.515434,(UTC+01:00) Europe/Paris DST,2013-06-26T17:00:00+02:00,295,398,na,693,14.0,0.0,na
Eco Counter GmbH,Stadt Tübingen,667,Unterführung Steinlach/Karlstraße Südseite - Steinlachallee,100003359,Y2H17123962,9.058865,48.515434,(UTC+01:00) Europe/Paris DST,2013-06-26T18:00:00+02:00,309,405,na,714,13.0,0.0,na
Eco Counter GmbH,Stadt Tübingen,667,Unterführung Steinlach/Karlstraße Südseite - Steinlachallee,100003359,Y2H17123962,9.058865,48.515434,(UTC+01:00) Europe/Paris DST,2013-06-26T19:00:00+02:00,222,281,na,503,11.0,0.0,na
Eco Counter GmbH,Stadt Tübingen,667,Unterführung Steinlach/Karlstraße Südseite - Steinlachallee,100003359,Y2H17123962,9.058865,48.515434,(UTC+01:00) Europe/Paris DST,2013-06-26T20:00:00+02:00,135,225,na,360,9.0,0.0,na
Eco Counter GmbH,Stadt Tübingen,667,Unterführung Steinlach/Karlstraße Südseite - Steinlachallee,100003359,Y2H17123962,9.058865,48.515434,(UTC+01:00) Europe/Paris DST,2013-06-26T21:00:00+02:00,87,147,na,234,8.0,0.0,na
Eco Counter GmbH,Stadt Tübingen,667,Unterführung Steinlach/Karlstraße Südseite - Steinlachallee,100003359,Y2H17123962,9.058865,48.515434,(UTC+01:00) Europe/Paris DST,2013-06-26T22:00:00+02:00,71,139,na,210,7.0,0.0,na
Eco Counter GmbH,Stadt Tübingen,667,Unterführung Steinlach/Karlstraße Südseite - Steinlachallee,100003359,Y2H17123962,9.058865,48.515434,(UTC+01:00) Europe/Paris DST,2013-06-26T23:00:00+02:00,29,85,na,114,6.0,0.0,na
Eco Counter GmbH,Stadt Tübingen,667,Unterführung Steinlach/Karlstraße Südseite - Steinlachallee,100003359,Y2H17123962,9.058865,48.515434,(UTC+01:00) Europe/Paris DST,2013-06-27T00:00:00+02:00,10,39,na,49,6.0,0.0,na
Eco Counter GmbH,Stadt Tübingen,667,Unterführung Steinlach/Karlstraße Südseite - Steinlachallee,100003359,Y2H17123962,9.058865,48.515434,(UTC+01:00) Europe/Paris DST,2013-06-27T01:00:00+02:00,10,17,na,27,6.0,0.0,na
Eco Counter GmbH,Stadt Tübingen,667,Unterführung Steinlach/Karlstraße Südseite - Steinlachallee,100003359,Y2H17123962,9.058865,48.515434,(UTC+01:00) Europe/Paris DST,2013-06-27T02:00:00+02:00,5,8,na,13,6.0,0.0,na
Eco Counter GmbH,Stadt Tübingen,667,Unterführung Steinlach/Karlstraße Südseite - Steinlachallee,100003359,Y2H17123962,9.058865,48.515434,(UTC+01:00) Europe/Paris DST,2013-06-27T03:00:00+02:00,4,1,na,5,7.0,0.0,na
Eco Counter GmbH,Stadt Tübingen,667,Unterführung Steinlach/Karlstraße Südseite - Steinlachallee,100003359,Y2H17123962,9.058865,48.515434,(UTC+01:00) Europe/Paris DST,2013-06-27T04:00:00+02:00,6,5,na,11,8.0,0.0,na
Eco Counter GmbH,Stadt Tübingen,667,Unterführung Steinlach/Karlstraße Südseite - Steinlachallee,100003359,Y2H17123962,9.058865,48.515434,(UTC+01:00) Europe/Paris DST,2013-06-27T05:00:00+02:00,25,10,na,35,8.0,0.0,na
Eco Counter GmbH,Stadt Tübingen,667,Unterführung Steinlach/Karlstraße Südseite - Steinlachallee,100003359,Y2H17123962,9.058865,48.515434,(UTC+01:00) Europe/Paris DST,2013-06-27T06:00:00+02:00,67,33,na,100,9.0,0.0,na
Eco Counter GmbH,Stadt Tübingen,667,Unterführung Steinlach/Karlstraße Südseite - Steinlachallee,100003359,Y2H17123962,9.058865,48.515434,(UTC+01:00) Europe/Paris DST,2013-06-27T07:00:00+02:00,460,126,na,586,10.0,0.2,na
Eco Counter GmbH,Stadt Tübingen,667,Unterführung Steinlach/Karlstraße Südseite - Steinlachallee,100003359,Y2H17123962,9.058865,48.515434,(UTC+01:00) Europe/Paris DST,2013-06-27T08:00:00+02:00,423,189,na,612,11.0,0.1,na
Eco Counter GmbH,Stadt Tübingen,667,Unterführung Steinlach/Karlstraße Südseite - Steinlachallee,100003359,Y2H17123962,9.058865,48.515434,(UTC+01:00) Europe/Paris DST,2013-06-27T09:00:00+02:00,325,168,na,493,11.0,0.2,na
Eco Counter GmbH,Stadt Tübingen,667,Unterführung Steinlach/Karlstraße Südseite - Steinlachallee,100003359,Y2H17123962,9.058865,48.515434,(UTC+01:00) Europe/Paris DST,2013-06-27T10:00:00+02:00,265,150,na,415,12.0,0.2,na
Eco Counter GmbH,Stadt Tübingen,667,Unterführung Steinlach/Karlstraße Südseite - Steinlachallee,100003359,Y2H17123962,9.058865,48.515434,(UTC+01:00) Europe/Paris DST,2013-06-27T11:00:00+02:00,191,168,na,359,13.0,0.3,na
Eco Counter GmbH,Stadt Tübingen,667,Unterführung Steinlach/Karlstraße Südseite - Steinlachallee,100003359,Y2H17123962,9.058865,48.515434,(UTC+01:00) Europe/Paris DST,2013-06-27T12:00:00+02:00,235,232,na,467,13.0,0.4,na
Eco Counter GmbH,Stadt Tübingen,667,Unterführung Steinlach/Karlstraße Südseite - Steinlachallee,100003359,Y2H17123962,9.058865,48.515434,(UTC+01:00) Europe/Paris DST,2013-06-27T13:00:00+02:00,189,292,na,481,13.0,1.4,na
Eco Counter GmbH,Stadt Tübingen,667,Unterführung Steinlach/Karlstraße Südseite - Steinlachallee,100003359,Y2H17123962,9.058865,48.515434,(UTC+01:00) Europe/Paris DST,2013-06-27T14:00:00+02:00,192,203,na,395,14.0,2.7,na
Eco Counter GmbH,Stadt Tübingen,667,Unterführung Steinlach/Karlstraße Südseite - Steinlachallee,100003359,Y2H17123962,9.058865,48.515434,(UTC+01:00) Europe/Paris DST,2013-06-27T15:00:00+02:00,218,243,na,461,14.0,0.5,na
Eco Counter GmbH,Stadt Tübingen,667,Unterführung Steinlach/Karlstraße Südseite - Steinlachallee,100003359,Y2H17123962,9.058865,48.515434,(UTC+01:00) Europe/Paris DST,2013-06-27T16:00:00+02:00,285,313,na,598,13.0,0.3,na
Eco Counter GmbH,Stadt Tübingen,667,Unterführung Steinlach/Karlstraße Südseite - Steinlachallee,100003359,Y2H17123962,9.058865,48.515434,(UTC+01:00) Europe/Paris DST,2013-06-27T17:00:00+02:00,261,349,na,610,13.0,0.0,na
Eco Counter GmbH,Stadt Tübingen,667,Unterführung Steinlach/Karlstraße Südseite - Steinlachallee,100003359,Y2H17123962,9.058865,48.515434,(UTC+01:00) Europe/Paris DST,2013-06-27T18:00:00+02:00,288,380,na,668,12.0,0.0,na
Eco Counter GmbH,Stadt Tübingen,667,Unterführung Steinlach/Karlstraße Südseite - Steinlachallee,100003359,Y2H17123962,9.058865,48.515434,(UTC+01:00) Europe/Paris DST,2013-06-27T19:00:00+02:00,224,226,na,450,11.0,0.1,na
Eco Counter GmbH,Stadt Tübingen,667,Unterführung Steinlach/Karlstraße Südseite - Steinlachallee,100003359,Y2H17123962,9.058865,48.515434,(UTC+01:00) Europe/Paris DST,2013-06-27T20:00:00+02:00,133,183,na,316,9.0,1.0,na
Eco Counter GmbH,Stadt Tübingen,667,Unterführung Steinlach/Karlstraße Südseite - Steinlachallee,100003359,Y2H17123962,9.058865,48.515434,(UTC+01:00) Europe/Paris DST,2013-06-27T21:00:00+02:00,92,160,na,252,8.0,0.3,na
Eco Counter GmbH,Stadt Tübingen,667,Unterführung Steinlach/Karlstraße Südseite - Steinlachallee,100003359,Y2H17123962,9.058865,48.515434,(UTC+01:00) Europe/Paris DST,2013-06-27T22:00:00+02:00,59,112,na,171,7.0,0.1,na
Eco Counter GmbH,Stadt Tübingen,667,Unterführung Steinlach/Karlstraße Südseite - Steinlachallee,100003359,Y2H17123962,9.058865,48.515434,(UTC+01:00) Europe/Paris DST,2013-06-27T23:00:00+02:00,38,83,na,121,6.0,0.0,na
Eco Counter GmbH,Stadt Tübingen,667,Unterführung Steinlach/Karlstraße Südseite - Steinlachallee,100003359,Y2H17123962,9.058865,48.515434,(UTC+01:00) Europe/Paris DST,2013-06-28T00:00:00+02:00,14,49,na,63,5.0,0.0,na
Eco Counter GmbH,Stadt Tübingen,667,Unterführung Steinlach/Karlstraße Südseite - Steinlachallee,100003359,Y2H17123962,9.058865,48.515434,(UTC+01:00) Europe/Paris DST,2013-06-28T01:00:00+02:00,2,29,na,31,5.0,0.0,na
Eco Counter GmbH,Stadt Tübingen,667,Unterführung Steinlach/Karlstraße Südseite - Steinlachallee,100003359,Y2H17123962,9.058865,48.515434,(UTC+01:00) Europe/Paris DST,2013-06-28T02:00:00+02:00,4,12,na,16,5.0,0.0,na
Eco Counter GmbH,Stadt Tübingen,667,Unterführung Steinlach/Karlstraße Südseite - Steinlachallee,100003359,Y2H17123962,9.058865,48.515434,(UTC+01:00) Europe/Paris DST,2013-06-28T03:00:00+02:00,3,16,na,19,6.0,0.0,na
Eco Counter GmbH,Stadt Tübingen,667,Unterführung Steinlach/Karlstraße Südseite - Steinlachallee,100003359,Y2H17123962,9.058865,48.515434,(UTC+01:00) Europe/Paris DST,2013-06-28T04:00:00+02:00,3,2,na,5,6.0,0.0,na
Eco Counter GmbH,Stadt Tübingen,667,Unterführung Steinlach/Karlstraße Südseite - Steinlachallee,100003359,Y2H17123962,9.058865,48.515434,(UTC+01:00) Europe/Paris DST,2013-06-28T05:00:00+02:00,20,2,na,22,7.0,0.0,na
Eco Counter GmbH,Stadt Tübingen,667,Unterführung Steinlach/Karlstraße Südseite - Steinlachallee,100003359,Y2H17123962,9.058865,48.515434,(UTC+01:00) Europe/Paris DST,2013-06-28T06:00:00+02:00,59,37,na,96,9.0,0.0,na
Eco Counter GmbH,Stadt Tübingen,667,Unterführung Steinlach/Karlstraße Südseite - Steinlachallee,100003359,Y2H17123962,9.058865,48.515434,(UTC+01:00) Europe/Paris DST,2013-06-28T07:00:00+02:00,392,133,na,525,10.0,0.0,na
Eco Counter GmbH,Stadt Tübingen,667,Unterführung Steinlach/Karlstraße Südseite - Steinlachallee,100003359,Y2H17123962,9.058865,48.515434,(UTC+01:00) Europe/Paris DST,2013-06-28T08:00:00+02:00,399,192,na,591,11.0,0.0,na
Eco Counter GmbH,Stadt Tübingen,667,Unterführung Steinlach/Karlstraße Südseite - Steinlachallee,100003359,Y2H17123962,9.058865,48.515434,(UTC+01:00) Europe/Paris DST,2013-06-28T09:00:00+02:00,358,166,na,524,13.0,0.1,na
Eco Counter GmbH,Stadt Tübingen,667,Unterführung Steinlach/Karlstraße Südseite - Steinlachallee,100003359,Y2H17123962,9.058865,48.515434,(UTC+01:00) Europe/Paris DST,2013-06-28T10:00:00+02:00,353,181,na,534,14.0,0.2,na
Eco Counter GmbH,Stadt Tübingen,667,Unterführung Steinlach/Karlstraße Südseite - Steinlachallee,100003359,Y2H17123962,9.058865,48.515434,(UTC+01:00) Europe/Paris DST,2013-06-28T11:00:00+02:00,285,278,na,563,15.0,0.1,na
Eco Counter GmbH,Stadt Tübingen,667,Unterführung Steinlach/Karlstraße Südseite - Steinlachallee,100003359,Y2H17123962,9.058865,48.515434,(UTC+01:00) Europe/Paris DST,2013-06-28T12:00:00+02:00,292,395,na,687,16.0,0.0,na
Eco Counter GmbH,Stadt Tübingen,667,Unterführung Steinlach/Karlstraße Südseite - Steinlachallee,100003359,Y2H17123962,9.058865,48.515434,(UTC+01:00) Europe/Paris DST,2013-06-28T13:00:00+02:00,235,382,na,617,16.0,0.0,na
Eco Counter GmbH,Stadt Tübingen,667,Unterführung Steinlach/Karlstraße Südseite - Steinlachallee,100003359,Y2H17123962,9.058865,48.515434,(UTC+01:00) Europe/Paris DST,2013-06-28T14:00:00+02:00,213,252,na,465,16.0,0.0,na
Eco Counter GmbH,Stadt Tübingen,667,Unterführung Steinlach/Karlstraße Südseite - Steinlachallee,100003359,Y2H17123962,9.058865,48.515434,(UTC+01:00) Europe/Paris DST,2013-06-28T15:00:00+02:00,327,293,na,620,16.0,0.0,na
Eco Counter GmbH,Stadt Tübingen,667,Unterführung Steinlach/Karlstraße Südseite - Steinlachallee,100003359,Y2H17123962,9.058865,48.515434,(UTC+01:00) Europe/Paris DST,2013-06-28T16:00:00+02:00,245,309,na,554,16.0,0.0,na
Eco Counter GmbH,Stadt Tübingen,667,Unterführung Steinlach/Karlstraße Südseite - Steinlachallee,100003359,Y2H17123962,9.058865,48.515434,(UTC+01:00) Europe/Paris DST,2013-06-28T17:00:00+02:00,242,316,na,558,15.0,0.0,na
Eco Counter GmbH,Stadt Tübingen,667,Unterführung Steinlach/Karlstraße Südseite - Steinlachallee,100003359,Y2H17123962,9.058865,48.515434,(UTC+01:00) Europe/Paris DST,2013-06-28T18:00:00+02:00,207,307,na,514,14.0,0.0,na
Eco Counter GmbH,Stadt Tübingen,667,Unterführung Steinlach/Karlstraße Südseite - Steinlachallee,100003359,Y2H17123962,9.058865,48.515434,(UTC+01:00) Europe/Paris DST,2013-06-28T19:00:00+02:00,178,193,na,371,13.0,0.0,na
Eco Counter GmbH,Stadt Tübingen,667,Unterführung Steinlach/Karlstraße Südseite - Steinlachallee,100003359,Y2H17123962,9.058865,48.515434,(UTC+01:00) Europe/Paris DST,2013-06-28T20:00:00+02:00,131,146,na,277,11.0,0.0,na
Eco Counter GmbH,Stadt Tübingen,667,Unterführung Steinlach/Karlstraße Südseite - Steinlachallee,100003359,Y2H17123962,9.058865,48.515434,(UTC+01:00) Europe/Paris DST,2013-06-28T21:00:00+02:00,113,85,na,198,10.0,0.0,na
Eco Counter GmbH,Stadt Tübingen,667,Unterführung Steinlach/Karlstraße Südseite - Steinlachallee,100003359,Y2H17123962,9.058865,48.515434,(UTC+01:00) Europe/Paris DST,2013-06-28T22:00:00+02:00,61,83,na,144,9.0,0.0,na
Eco Counter GmbH,Stadt Tübingen,667,Unterführung Steinlach/Karlstraße Südseite - Steinlachallee,100003359,Y2H17123962,9.058865,48.515434,(UTC+01:00) Europe/Paris DST,2013-06-28T23:00:00+02:00,75,65,na,140,9.0,0.0,na
Eco Counter GmbH,Stadt Tübingen,667,Unterführung Steinlach/Karlstraße Südseite - Steinlachallee,100003359,Y2H17123962,9.058865,48.515434,(UTC+01:00) Europe/Paris DST,2013-06-29T00:00:00+02:00,23,52,na,75,9.0,0.0,na
Eco Counter GmbH,Stadt Tübingen,667,Unterführung Steinlach/Karlstraße Südseite - Steinlachallee,100003359,Y2H17123962,9.058865,48.515434,(UTC+01:00) Europe/Paris DST,2013-06-29T01:00:00+02:00,12,53,na,65,9.0,0.0,na
Eco Counter GmbH,Stadt Tübingen,667,Unterführung Steinlach/Karlstraße Südseite - Steinlachallee,100003359,Y2H17123962,9.058865,48.515434,(UTC+01:00) Europe/Paris DST,2013-06-29T02:00:00+02:00,7,23,na,30,9.0,0.0,na
Eco Counter GmbH,Stadt Tübingen,667,Unterführung Steinlach/Karlstraße Südseite - Steinlachallee,100003359,Y2H17123962,9.058865,48.515434,(UTC+01:00) Europe/Paris DST,2013-06-29T03:00:00+02:00,8,16,na,24,9.0,0.0,na
Eco Counter GmbH,Stadt Tübingen,667,Unterführung Steinlach/Karlstraße Südseite - Steinlachallee,100003359,Y2H17123962,9.058865,48.515434,(UTC+01:00) Europe/Paris DST,2013-06-29T04:00:00+02:00,0,9,na,9,9.0,0.1,na
Eco Counter GmbH,Stadt Tübingen,667,Unterführung Steinlach/Karlstraße Südseite - Steinlachallee,100003359,Y2H17123962,9.058865,48.515434,(UTC+01:00) Europe/Paris DST,2013-06-29T05:00:00+02:00,8,11,na,19,10.0,0.3,na
Eco Counter GmbH,Stadt Tübingen,667,Unterführung Steinlach/Karlstraße Südseite - Steinlachallee,100003359,Y2H17123962,9.058865,48.515434,(UTC+01:00) Europe/Paris DST,2013-06-29T06:00:00+02:00,14,10,na,24,10.0,0.6,na
Eco Counter GmbH,Stadt Tübingen,667,Unterführung Steinlach/Karlstraße Südseite - Steinlachallee,100003359,Y2H17123962,9.058865,48.515434,(UTC+01:00) Europe/Paris DST,2013-06-29T07:00:00+02:00,19,16,na,35,10.0,0.9,na
Eco Counter GmbH,Stadt Tübingen,667,Unterführung Steinlach/Karlstraße Südseite - Steinlachallee,100003359,Y2H17123962,9.058865,48.515434,(UTC+01:00) Europe/Paris DST,2013-06-29T08:00:00+02:00,71,30,na,101,11.0,1.0,na
Eco Counter GmbH,Stadt Tübingen,667,Unterführung Steinlach/Karlstraße Südseite - Steinlachallee,100003359,Y2H17123962,9.058865,48.515434,(UTC+01:00) Europe/Paris DST,2013-06-29T09:00:00+02:00,94,39,na,133,11.0,1.2,na
Eco Counter GmbH,Stadt Tübingen,667,Unterführung Steinlach/Karlstraße Südseite - Steinlachallee,100003359,Y2H17123962,9.058865,48.515434,(UTC+01:00) Europe/Paris DST,2013-06-29T10:00:00+02:00,93,54,na,147,11.0,0.9,na
Eco Counter GmbH,Stadt Tübingen,667,Unterführung Steinlach/Karlstraße Südseite - Steinlachallee,100003359,Y2H17123962,9.058865,48.515434,(UTC+01:00) Europe/Paris DST,2013-06-29T11:00:00+02:00,147,83,na,230,12.0,1.4,na
Eco Counter GmbH,Stadt Tübingen,667,Unterführung Steinlach/Karlstraße Südseite - Steinlachallee,100003359,Y2H17123962,9.058865,48.515434,(UTC+01:00) Europe/Paris DST,2013-06-29T12:00:00+02:00,134,121,na,255,13.0,2.2,na
Eco Counter GmbH,Stadt Tübingen,667,Unterführung Steinlach/Karlstraße Südseite - Steinlachallee,100003359,Y2H17123962,9.058865,48.515434,(UTC+01:00) Europe/Paris DST,2013-06-29T13:00:00+02:00,133,151,na,284,14.0,0.9,na
Eco Counter GmbH,Stadt Tübingen,667,Unterführung Steinlach/Karlstraße Südseite - Steinlachallee,100003359,Y2H17123962,9.058865,48.515434,(UTC+01:00) Europe/Paris DST,2013-06-29T14:00:00+02:00,135,114,na,249,14.0,0.5,na
Eco Counter GmbH,Stadt Tübingen,667,Unterführung Steinlach/Karlstraße Südseite - Steinlachallee,100003359,Y2H17123962,9.058865,48.515434,(UTC+01:00) Europe/Paris DST,2013-06-29T15:00:00+02:00,137,121,na,258,15.0,0.2,na
Eco Counter GmbH,Stadt Tübingen,667,Unterführung Steinlach/Karlstraße Südseite - Steinlachallee,100003359,Y2H17123962,9.058865,48.515434,(UTC+01:00) Europe/Paris DST,2013-06-29T16:00:00+02:00,86,121,na,207,15.0,0.0,na
Eco Counter GmbH,Stadt Tübingen,667,Unterführung Steinlach/Karlstraße Südseite - Steinlachallee,100003359,Y2H17123962,9.058865,48.515434,(UTC+01:00) Europe/Paris DST,2013-06-29T17:00:00+02:00,109,116,na,225,15.0,0.1,na
Eco Counter GmbH,Stadt Tübingen,667,Unterführung Steinlach/Karlstraße Südseite - Steinlachallee,100003359,Y2H17123962,9.058865,48.515434,(UTC+01:00) Europe/Paris DST,2013-06-29T18:00:00+02:00,81,107,na,188,14.0,0.0,na
Eco Counter GmbH,Stadt Tübingen,667,Unterführung Steinlach/Karlstraße Südseite - Steinlachallee,100003359,Y2H17123962,9.058865,48.515434,(UTC+01:00) Europe/Paris DST,2013-06-29T19:00:00+02:00,102,94,na,196,13.0,0.1,na
Eco Counter GmbH,Stadt Tübingen,667,Unterführung Steinlach/Karlstraße Südseite - Steinlachallee,100003359,Y2H17123962,9.058865,48.515434,(UTC+01:00) Europe/Paris DST,2013-06-29T20:00:00+02:00,87,77,na,164,12.0,0.0,na
Eco Counter GmbH,Stadt Tübingen,667,Unterführung Steinlach/Karlstraße Südseite - Steinlachallee,100003359,Y2H17123962,9.058865,48.515434,(UTC+01:00) Europe/Paris DST,2013-06-29T21:00:00+02:00,58,74,na,132,11.0,0.0,na
Eco Counter GmbH,Stadt Tübingen,667,Unterführung Steinlach/Karlstraße Südseite - Steinlachallee,100003359,Y2H17123962,9.058865,48.515434,(UTC+01:00) Europe/Paris DST,2013-06-29T22:00:00+02:00,37,47,na,84,10.0,0.0,na
Eco Counter GmbH,Stadt Tübingen,667,Unterführung Steinlach/Karlstraße Südseite - Steinlachallee,100003359,Y2H17123962,9.058865,48.515434,(UTC+01:00) Europe/Paris DST,2013-06-29T23:00:00+02:00,26,51,na,77,9.0,0.0,na
Eco Counter GmbH,Stadt Tübingen,667,Unterführung Steinlach/Karlstraße Südseite - Steinlachallee,100003359,Y2H17123962,9.058865,48.515434,(UTC+01:00) Europe/Paris DST,2013-06-30T00:00:00+02:00,14,40,na,54,9.0,0.0,na
Eco Counter GmbH,Stadt Tübingen,667,Unterführung Steinlach/Karlstraße Südseite - Steinlachallee,100003359,Y2H17123962,9.058865,48.515434,(UTC+01:00) Europe/Paris DST,2013-06-30T01:00:00+02:00,8,27,na,35,8.0,0.0,na
Eco Counter GmbH,Stadt Tübingen,667,Unterführung Steinlach/Karlstraße Südseite - Steinlachallee,100003359,Y2H17123962,9.058865,48.515434,(UTC+01:00) Europe/Paris DST,2013-06-30T02:00:00+02:00,1,17,na,18,8.0,0.0,na
Eco Counter GmbH,Stadt Tübingen,667,Unterführung Steinlach/Karlstraße Südseite - Steinlachallee,100003359,Y2H17123962,9.058865,48.515434,(UTC+01:00) Europe/Paris DST,2013-06-30T03:00:00+02:00,7,21,na,28,8.0,0.0,na
Eco Counter GmbH,Stadt Tübingen,667,Unterführung Steinlach/Karlstraße Südseite - Steinlachallee,100003359,Y2H17123962,9.058865,48.515434,(UTC+01:00) Europe/Paris DST,2013-06-30T04:00:00+02:00,8,5,na,13,8.0,0.0,na
Eco Counter GmbH,Stadt Tübingen,667,Unterführung Steinlach/Karlstraße Südseite - Steinlachallee,100003359,Y2H17123962,9.058865,48.515434,(UTC+01:00) Europe/Paris DST,2013-06-30T05:00:00+02:00,4,8,na,12,9.0,0.0,na
Eco Counter GmbH,Stadt Tübingen,667,Unterführung Steinlach/Karlstraße Südseite - Steinlachallee,100003359,Y2H17123962,9.058865,48.515434,(UTC+01:00) Europe/Paris DST,2013-06-30T06:00:00+02:00,10,3,na,13,10.0,0.0,na
Eco Counter GmbH,Stadt Tübingen,667,Unterführung Steinlach/Karlstraße Südseite - Steinlachallee,100003359,Y2H17123962,9.058865,48.515434,(UTC+01:00) Europe/Paris DST,2013-06-30T07:00:00+02:00,21,16,na,37,12.0,0.0,na
Eco Counter GmbH,Stadt Tübingen,667,Unterführung Steinlach/Karlstraße Südseite - Steinlachallee,100003359,Y2H17123962,9.058865,48.515434,(UTC+01:00) Europe/Paris DST,2013-06-30T08:00:00+02:00,70,48,na,118,13.0,0.0,na
Eco Counter GmbH,Stadt Tübingen,667,Unterführung Steinlach/Karlstraße Südseite - Steinlachallee,100003359,Y2H17123962,9.058865,48.515434,(UTC+01:00) Europe/Paris DST,2013-06-30T09:00:00+02:00,137,61,na,198,15.0,0.0,na
Eco Counter GmbH,Stadt Tübingen,667,Unterführung Steinlach/Karlstraße Südseite - Steinlachallee,100003359,Y2H17123962,9.058865,48.515434,(UTC+01:00) Europe/Paris DST,2013-06-30T10:00:00+02:00,151,87,na,238,16.0,0.0,na
Eco Counter GmbH,Stadt Tübingen,667,Unterführung Steinlach/Karlstraße Südseite - Steinlachallee,100003359,Y2H17123962,9.058865,48.515434,(UTC+01:00) Europe/Paris DST,2013-06-30T11:00:00+02:00,155,103,na,258,17.0,0.0,na
Eco Counter GmbH,Stadt Tübingen,667,Unterführung Steinlach/Karlstraße Südseite - Steinlachallee,100003359,Y2H17123962,9.058865,48.515434,(UTC+01:00) Europe/Paris DST,2013-06-30T12:00:00+02:00,191,123,na,314,18.0,0.0,na
Eco Counter GmbH,Stadt Tübingen,667,Unterführung Steinlach/Karlstraße Südseite - Steinlachallee,100003359,Y2H17123962,9.058865,48.515434,(UTC+01:00) Europe/Paris DST,2013-06-30T13:00:00+02:00,152,120,na,272,18.0,0.0,na
Eco Counter GmbH,Stadt Tübingen,667,Unterführung Steinlach/Karlstraße Südseite - Steinlachallee,100003359,Y2H17123962,9.058865,48.515434,(UTC+01:00) Europe/Paris DST,2013-06-30T14:00:00+02:00,206,173,na,379,18.0,0.0,na
Eco Counter GmbH,Stadt Tübingen,667,Unterführung Steinlach/Karlstraße Südseite - Steinlachallee,100003359,Y2H17123962,9.058865,48.515434,(UTC+01:00) Europe/Paris DST,2013-06-30T15:00:00+02:00,263,183,na,446,18.0,0.0,na
Eco Counter GmbH,Stadt Tübingen,667,Unterführung Steinlach/Karlstraße Südseite - Steinlachallee,100003359,Y2H17123962,9.058865,48.515434,(UTC+01:00) Europe/Paris DST,2013-06-30T16:00:00+02:00,192,179,na,371,17.0,0.0,na
Eco Counter GmbH,Stadt Tübingen,667,Unterführung Steinlach/Karlstraße Südseite - Steinlachallee,100003359,Y2H17123962,9.058865,48.515434,(UTC+01:00) Europe/Paris DST,2013-06-30T17:00:00+02:00,162,258,na,420,17.0,0.0,na
Eco Counter GmbH,Stadt Tübingen,667,Unterführung Steinlach/Karlstraße Südseite - Steinlachallee,100003359,Y2H17123962,9.058865,48.515434,(UTC+01:00) Europe/Paris DST,2013-06-30T18:00:00+02:00,160,180,na,340,15.0,0.0,na
Eco Counter GmbH,Stadt Tübingen,667,Unterführung Steinlach/Karlstraße Südseite - Steinlachallee,100003359,Y2H17123962,9.058865,48.515434,(UTC+01:00) Europe/Paris DST,2013-06-30T19:00:00+02:00,145,169,na,314,14.0,0.0,na
Eco Counter GmbH,Stadt Tübingen,667,Unterführung Steinlach/Karlstraße Südseite - Steinlachallee,100003359,Y2H17123962,9.058865,48.515434,(UTC+01:00) Europe/Paris DST,2013-06-30T20:00:00+02:00,73,165,na,238,12.0,0.0,na
Eco Counter GmbH,Stadt Tübingen,667,Unterführung Steinlach/Karlstraße Südseite - Steinlachallee,100003359,Y2H17123962,9.058865,48.515434,(UTC+01:00) Europe/Paris DST,2013-06-30T21:00:00+02:00,51,85,na,136,11.0,0.0,na
Eco Counter GmbH,Stadt Tübingen,667,Unterführung Steinlach/Karlstraße Südseite - Steinlachallee,100003359,Y2H17123962,9.058865,48.515434,(UTC+01:00) Europe/Paris DST,2013-06-30T22:00:00+02:00,34,64,na,98,10.0,0.0,na
Eco Counter GmbH,Stadt Karlsruhe,752,Erbprinzenstraße,100004165,Y2H16070301,8.4027153,49.0072864,(UTC+01:00) Europe/Paris DST,2013-06-01T00:00:00+02:00,18,22,na,40,13.0,1.6,na
Eco Counter GmbH,Stadt Karlsruhe,752,Erbprinzenstraße,100004165,Y2H16070301,8.4027153,49.0072864,(UTC+01:00) Europe/Paris DST,2013-06-01T01:00:00+02:00,17,15,na,32,12.0,0.2,na
Eco Counter GmbH,Stadt Karlsruhe,752,Erbprinzenstraße,100004165,Y2H16070301,8.4027153,49.0072864,(UTC+01:00) Europe/Paris DST,2013-06-01T02:00:00+02:00,1,10,na,11,12.0,0.4,na
Eco Counter GmbH,Stadt Karlsruhe,752,Erbprinzenstraße,100004165,Y2H16070301,8.4027153,49.0072864,(UTC+01:00) Europe/Paris DST,2013-06-01T03:00:00+02:00,8,10,na,18,12.0,0.4,na
Eco Counter GmbH,Stadt Karlsruhe,752,Erbprinzenstraße,100004165,Y2H16070301,8.4027153,49.0072864,(UTC+01:00) Europe/Paris DST,2013-06-01T04:00:00+02:00,8,8,na,16,12.0,0.3,na
Eco Counter GmbH,Stadt Karlsruhe,752,Erbprinzenstraße,100004165,Y2H16070301,8.4027153,49.0072864,(UTC+01:00) Europe/Paris DST,2013-06-01T05:00:00+02:00,8,3,na,11,12.0,0.4,na
Eco Counter GmbH,Stadt Karlsruhe,752,Erbprinzenstraße,100004165,Y2H16070301,8.4027153,49.0072864,(UTC+01:00) Europe/Paris DST,2013-06-01T06:00:00+02:00,3,9,na,12,12.0,0.7,na
Eco Counter GmbH,Stadt Karlsruhe,752,Erbprinzenstraße,100004165,Y2H16070301,8.4027153,49.0072864,(UTC+01:00) Europe/Paris DST,2013-06-01T07:00:00+02:00,4,7,na,11,12.0,0.5,na
Eco Counter GmbH,Stadt Karlsruhe,752,Erbprinzenstraße,100004165,Y2H16070301,8.4027153,49.0072864,(UTC+01:00) Europe/Paris DST,2013-06-01T08:00:00+02:00,7,11,na,18,12.0,2.7,na
Eco Counter GmbH,Stadt Karlsruhe,752,Erbprinzenstraße,100004165,Y2H16070301,8.4027153,49.0072864,(UTC+01:00) Europe/Paris DST,2013-06-01T09:00:00+02:00,22,13,na,35,13.0,2.4,na
Eco Counter GmbH,Stadt Karlsruhe,752,Erbprinzenstraße,100004165,Y2H16070301,8.4027153,49.0072864,(UTC+01:00) Europe/Paris DST,2013-06-01T10:00:00+02:00,29,24,na,53,13.0,1.5,na
Eco Counter GmbH,Stadt Karlsruhe,752,Erbprinzenstraße,100004165,Y2H16070301,8.4027153,49.0072864,(UTC+01:00) Europe/Paris DST,2013-06-01T11:00:00+02:00,20,17,na,37,14.0,1.0,na
Eco Counter GmbH,Stadt Karlsruhe,752,Erbprinzenstraße,100004165,Y2H16070301,8.4027153,49.0072864,(UTC+01:00) Europe/Paris DST,2013-06-01T12:00:00+02:00,33,34,na,67,14.0,0.4,na
Eco Counter GmbH,Stadt Karlsruhe,752,Erbprinzenstraße,100004165,Y2H16070301,8.4027153,49.0072864,(UTC+01:00) Europe/Paris DST,2013-06-01T13:00:00+02:00,63,54,na,117,14.0,0.3,na
Eco Counter GmbH,Stadt Karlsruhe,752,Erbprinzenstraße,100004165,Y2H16070301,8.4027153,49.0072864,(UTC+01:00) Europe/Paris DST,2013-06-01T14:00:00+02:00,76,76,na,152,15.0,0.2,na
Eco Counter GmbH,Stadt Karlsruhe,752,Erbprinzenstraße,100004165,Y2H16070301,8.4027153,49.0072864,(UTC+01:00) Europe/Paris DST,2013-06-01T15:00:00+02:00,94,82,na,176,14.0,0.0,na
Eco Counter GmbH,Stadt Karlsruhe,752,Erbprinzenstraße,100004165,Y2H16070301,8.4027153,49.0072864,(UTC+01:00) Europe/Paris DST,2013-06-01T16:00:00+02:00,96,110,na,206,15.0,0.0,na
Eco Counter GmbH,Stadt Karlsruhe,752,Erbprinzenstraße,100004165,Y2H16070301,8.4027153,49.0072864,(UTC+01:00) Europe/Paris DST,2013-06-01T17:00:00+02:00,86,101,na,187,14.0,0.0,na
Eco Counter GmbH,Stadt Karlsruhe,752,Erbprinzenstraße,100004165,Y2H16070301,8.4027153,49.0072864,(UTC+01:00) Europe/Paris DST,2013-06-01T18:00:00+02:00,72,93,na,165,14.0,0.0,na
Eco Counter GmbH,Stadt Karlsruhe,752,Erbprinzenstraße,100004165,Y2H16070301,8.4027153,49.0072864,(UTC+01:00) Europe/Paris DST,2013-06-01T19:00:00+02:00,79,80,na,159,13.0,0.0,na
Eco Counter GmbH,Stadt Karlsruhe,752,Erbprinzenstraße,100004165,Y2H16070301,8.4027153,49.0072864,(UTC+01:00) Europe/Paris DST,2013-06-01T20:00:00+02:00,63,77,na,140,12.0,0.0,na
Eco Counter GmbH,Stadt Karlsruhe,752,Erbprinzenstraße,100004165,Y2H16070301,8.4027153,49.0072864,(UTC+01:00) Europe/Paris DST,2013-06-01T21:00:00+02:00,31,29,na,60,12.0,0.0,na
Eco Counter GmbH,Stadt Karlsruhe,752,Erbprinzenstraße,100004165,Y2H16070301,8.4027153,49.0072864,(UTC+01:00) Europe/Paris DST,2013-06-01T22:00:00+02:00,23,19,na,42,11.0,0.2,na
Eco Counter GmbH,Stadt Karlsruhe,752,Erbprinzenstraße,100004165,Y2H16070301,8.4027153,49.0072864,(UTC+01:00) Europe/Paris DST,2013-06-01T23:00:00+02:00,27,35,na,62,11.0,0.1,na
Eco Counter GmbH,Stadt Karlsruhe,752,Erbprinzenstraße,100004165,Y2H16070301,8.4027153,49.0072864,(UTC+01:00) Europe/Paris DST,2013-06-02T00:00:00+02:00,23,31,na,54,11.0,0.2,na
Eco Counter GmbH,Stadt Karlsruhe,752,Erbprinzenstraße,100004165,Y2H16070301,8.4027153,49.0072864,(UTC+01:00) Europe/Paris DST,2013-06-02T01:00:00+02:00,19,20,na,39,10.0,0.1,na
Eco Counter GmbH,Stadt Karlsruhe,752,Erbprinzenstraße,100004165,Y2H16070301,8.4027153,49.0072864,(UTC+01:00) Europe/Paris DST,2013-06-02T02:00:00+02:00,13,21,na,34,10.0,0.0,na
Eco Counter GmbH,Stadt Karlsruhe,752,Erbprinzenstraße,100004165,Y2H16070301,8.4027153,49.0072864,(UTC+01:00) Europe/Paris DST,2013-06-02T03:00:00+02:00,20,14,na,34,10.0,0.0,na
Eco Counter GmbH,Stadt Karlsruhe,752,Erbprinzenstraße,100004165,Y2H16070301,8.4027153,49.0072864,(UTC+01:00) Europe/Paris DST,2013-06-02T04:00:00+02:00,8,11,na,19,10.0,0.0,na
Eco Counter GmbH,Stadt Karlsruhe,752,Erbprinzenstraße,100004165,Y2H16070301,8.4027153,49.0072864,(UTC+01:00) Europe/Paris DST,2013-06-02T05:00:00+02:00,9,6,na,15,10.0,0.0,na
Eco Counter GmbH,Stadt Karlsruhe,752,Erbprinzenstraße,100004165,Y2H16070301,8.4027153,49.0072864,(UTC+01:00) Europe/Paris DST,2013-06-02T06:00:00+02:00,11,1,na,12,10.0,0.0,na
Eco Counter GmbH,Stadt Karlsruhe,752,Erbprinzenstraße,100004165,Y2H16070301,8.4027153,49.0072864,(UTC+01:00) Europe/Paris DST,2013-06-02T07:00:00+02:00,5,6,na,11,11.0,0.0,na
Eco Counter GmbH,Stadt Karlsruhe,752,Erbprinzenstraße,100004165,Y2H16070301,8.4027153,49.0072864,(UTC+01:00) Europe/Paris DST,2013-06-02T08:00:00+02:00,10,10,na,20,11.0,0.0,na
Eco Counter GmbH,Stadt Karlsruhe,752,Erbprinzenstraße,100004165,Y2H16070301,8.4027153,49.0072864,(UTC+01:00) Europe/Paris DST,2013-06-02T09:00:00+02:00,19,21,na,40,12.0,0.0,na
Eco Counter GmbH,Stadt Karlsruhe,752,Erbprinzenstraße,100004165,Y2H16070301,8.4027153,49.0072864,(UTC+01:00) Europe/Paris DST,2013-06-02T10:00:00+02:00,29,38,na,67,13.0,0.0,na
Eco Counter GmbH,Stadt Karlsruhe,752,Erbprinzenstraße,100004165,Y2H16070301,8.4027153,49.0072864,(UTC+01:00) Europe/Paris DST,2013-06-02T11:00:00+02:00,46,40,na,86,14.0,0.0,na
Eco Counter GmbH,Stadt Karlsruhe,752,Erbprinzenstraße,100004165,Y2H16070301,8.4027153,49.0072864,(UTC+01:00) Europe/Paris DST,2013-06-02T12:00:00+02:00,75,60,na,135,15.0,0.0,na
Eco Counter GmbH,Stadt Karlsruhe,752,Erbprinzenstraße,100004165,Y2H16070301,8.4027153,49.0072864,(UTC+01:00) Europe/Paris DST,2013-06-02T13:00:00+02:00,78,60,na,138,16.0,0.0,na
Eco Counter GmbH,Stadt Karlsruhe,752,Erbprinzenstraße,100004165,Y2H16070301,8.4027153,49.0072864,(UTC+01:00) Europe/Paris DST,2013-06-02T14:00:00+02:00,114,106,na,220,17.0,0.0,na
Eco Counter GmbH,Stadt Karlsruhe,752,Erbprinzenstraße,100004165,Y2H16070301,8.4027153,49.0072864,(UTC+01:00) Europe/Paris DST,2013-06-02T15:00:00+02:00,114,105,na,219,17.0,0.0,na
Eco Counter GmbH,Stadt Karlsruhe,752,Erbprinzenstraße,100004165,Y2H16070301,8.4027153,49.0072864,(UTC+01:00) Europe/Paris DST,2013-06-02T16:00:00+02:00,80,103,na,183,16.0,0.0,na
Eco Counter GmbH,Stadt Karlsruhe,752,Erbprinzenstraße,100004165,Y2H16070301,8.4027153,49.0072864,(UTC+01:00) Europe/Paris DST,2013-06-02T17:00:00+02:00,95,99,na,194,16.0,0.0,na
Eco Counter GmbH,Stadt Karlsruhe,752,Erbprinzenstraße,100004165,Y2H16070301,8.4027153,49.0072864,(UTC+01:00) Europe/Paris DST,2013-06-02T18:00:00+02:00,92,108,na,200,15.0,0.0,na
Eco Counter GmbH,Stadt Karlsruhe,752,Erbprinzenstraße,100004165,Y2H16070301,8.4027153,49.0072864,(UTC+01:00) Europe/Paris DST,2013-06-02T19:00:00+02:00,59,88,na,147,14.0,0.0,na
Eco Counter GmbH,Stadt Karlsruhe,752,Erbprinzenstraße,100004165,Y2H16070301,8.4027153,49.0072864,(UTC+01:00) Europe/Paris DST,2013-06-02T20:00:00+02:00,47,60,na,107,13.0,0.0,na
Eco Counter GmbH,Stadt Karlsruhe,752,Erbprinzenstraße,100004165,Y2H16070301,8.4027153,49.0072864,(UTC+01:00) Europe/Paris DST,2013-06-02T21:00:00+02:00,42,47,na,89,12.0,0.0,na
Eco Counter GmbH,Stadt Karlsruhe,752,Erbprinzenstraße,100004165,Y2H16070301,8.4027153,49.0072864,(UTC+01:00) Europe/Paris DST,2013-06-02T22:00:00+02:00,27,26,na,53,11.0,0.0,na
Eco Counter GmbH,Stadt Karlsruhe,752,Erbprinzenstraße,100004165,Y2H16070301,8.4027153,49.0072864,(UTC+01:00) Europe/Paris DST,2013-06-02T23:00:00+02:00,27,23,na,50,10.0,0.0,na
Eco Counter GmbH,Stadt Karlsruhe,752,Erbprinzenstraße,100004165,Y2H16070301,8.4027153,49.0072864,(UTC+01:00) Europe/Paris DST,2013-06-03T00:00:00+02:00,7,17,na,24,10.0,0.0,na
Eco Counter GmbH,Stadt Karlsruhe,752,Erbprinzenstraße,100004165,Y2H16070301,8.4027153,49.0072864,(UTC+01:00) Europe/Paris DST,2013-06-03T01:00:00+02:00,2,5,na,7,9.0,0.0,na
Eco Counter GmbH,Stadt Karlsruhe,752,Erbprinzenstraße,100004165,Y2H16070301,8.4027153,49.0072864,(UTC+01:00) Europe/Paris DST,2013-06-03T02:00:00+02:00,0,0,na,0,9.0,0.0,na
Eco Counter GmbH,Stadt Karlsruhe,752,Erbprinzenstraße,100004165,Y2H16070301,8.4027153,49.0072864,(UTC+01:00) Europe/Paris DST,2013-06-03T03:00:00+02:00,2,1,na,3,8.0,0.0,na
Eco Counter GmbH,Stadt Karlsruhe,752,Erbprinzenstraße,100004165,Y2H16070301,8.4027153,49.0072864,(UTC+01:00) Europe/Paris DST,2013-06-03T04:00:00+02:00,1,2,na,3,8.0,0.0,na
Eco Counter GmbH,Stadt Karlsruhe,752,Erbprinzenstraße,100004165,Y2H16070301,8.4027153,49.0072864,(UTC+01:00) Europe/Paris DST,2013-06-03T05:00:00+02:00,11,17,na,28,9.0,0.0,na
Eco Counter GmbH,Stadt Karlsruhe,752,Erbprinzenstraße,100004165,Y2H16070301,8.4027153,49.0072864,(UTC+01:00) Europe/Paris DST,2013-06-03T06:00:00+02:00,28,37,na,65,10.0,0.0,na
Eco Counter GmbH,Stadt Karlsruhe,752,Erbprinzenstraße,100004165,Y2H16070301,8.4027153,49.0072864,(UTC+01:00) Europe/Paris DST,2013-06-03T07:00:00+02:00,118,138,na,256,11.0,0.0,na
Eco Counter GmbH,Stadt Karlsruhe,752,Erbprinzenstraße,100004165,Y2H16070301,8.4027153,49.0072864,(UTC+01:00) Europe/Paris DST,2013-06-03T08:00:00+02:00,166,207,na,373,11.0,0.0,na
Eco Counter GmbH,Stadt Karlsruhe,752,Erbprinzenstraße,100004165,Y2H16070301,8.4027153,49.0072864,(UTC+01:00) Europe/Paris DST,2013-06-03T09:00:00+02:00,186,184,na,370,11.0,0.0,na
Eco Counter GmbH,Stadt Karlsruhe,752,Erbprinzenstraße,100004165,Y2H16070301,8.4027153,49.0072864,(UTC+01:00) Europe/Paris DST,2013-06-03T10:00:00+02:00,155,137,na,292,12.0,0.0,na
Eco Counter GmbH,Stadt Karlsruhe,752,Erbprinzenstraße,100004165,Y2H16070301,8.4027153,49.0072864,(UTC+01:00) Europe/Paris DST,2013-06-03T11:00:00+02:00,137,161,na,298,13.0,0.0,na
Eco Counter GmbH,Stadt Karlsruhe,752,Erbprinzenstraße,100004165,Y2H16070301,8.4027153,49.0072864,(UTC+01:00) Europe/Paris DST,2013-06-03T12:00:00+02:00,174,172,na,346,13.0,0.0,na
Eco Counter GmbH,Stadt Karlsruhe,752,Erbprinzenstraße,100004165,Y2H16070301,8.4027153,49.0072864,(UTC+01:00) Europe/Paris DST,2013-06-03T13:00:00+02:00,187,164,na,351,13.0,0.0,na
Eco Counter GmbH,Stadt Karlsruhe,752,Erbprinzenstraße,100004165,Y2H16070301,8.4027153,49.0072864,(UTC+01:00) Europe/Paris DST,2013-06-03T14:00:00+02:00,156,130,na,286,13.0,0.0,na
Eco Counter GmbH,Stadt Karlsruhe,752,Erbprinzenstraße,100004165,Y2H16070301,8.4027153,49.0072864,(UTC+01:00) Europe/Paris DST,2013-06-03T15:00:00+02:00,198,186,na,384,13.0,0.0,na
Eco Counter GmbH,Stadt Karlsruhe,752,Erbprinzenstraße,100004165,Y2H16070301,8.4027153,49.0072864,(UTC+01:00) Europe/Paris DST,2013-06-03T16:00:00+02:00,226,218,na,444,13.0,0.0,na
Eco Counter GmbH,Stadt Karlsruhe,752,Erbprinzenstraße,100004165,Y2H16070301,8.4027153,49.0072864,(UTC+01:00) Europe/Paris DST,2013-06-03T17:00:00+02:00,252,256,na,508,12.0,0.0,na
Eco Counter GmbH,Stadt Karlsruhe,752,Erbprinzenstraße,100004165,Y2H16070301,8.4027153,49.0072864,(UTC+01:00) Europe/Paris DST,2013-06-03T18:00:00+02:00,213,268,na,481,12.0,0.0,na
Eco Counter GmbH,Stadt Karlsruhe,752,Erbprinzenstraße,100004165,Y2H16070301,8.4027153,49.0072864,(UTC+01:00) Europe/Paris DST,2013-06-03T19:00:00+02:00,164,229,na,393,12.0,0.0,na
Eco Counter GmbH,Stadt Karlsruhe,752,Erbprinzenstraße,100004165,Y2H16070301,8.4027153,49.0072864,(UTC+01:00) Europe/Paris DST,2013-06-03T20:00:00+02:00,95,153,na,248,11.0,0.0,na
Eco Counter GmbH,Stadt Karlsruhe,752,Erbprinzenstraße,100004165,Y2H16070301,8.4027153,49.0072864,(UTC+01:00) Europe/Paris DST,2013-06-03T21:00:00+02:00,65,79,na,144,10.0,0.0,na
Eco Counter GmbH,Stadt Karlsruhe,752,Erbprinzenstraße,100004165,Y2H16070301,8.4027153,49.0072864,(UTC+01:00) Europe/Paris DST,2013-06-03T22:00:00+02:00,76,60,na,136,10.0,0.0,na
Eco Counter GmbH,Stadt Karlsruhe,752,Erbprinzenstraße,100004165,Y2H16070301,8.4027153,49.0072864,(UTC+01:00) Europe/Paris DST,2013-06-03T23:00:00+02:00,34,33,na,67,11.0,0.0,na
Eco Counter GmbH,Stadt Karlsruhe,752,Erbprinzenstraße,100004165,Y2H16070301,8.4027153,49.0072864,(UTC+01:00) Europe/Paris DST,2013-06-04T00:00:00+02:00,39,29,na,68,10.0,0.0,na
Eco Counter GmbH,Stadt Karlsruhe,752,Erbprinzenstraße,100004165,Y2H16070301,8.4027153,49.0072864,(UTC+01:00) Europe/Paris DST,2013-06-04T01:00:00+02:00,16,10,na,26,10.0,0.0,na
Eco Counter GmbH,Stadt Karlsruhe,752,Erbprinzenstraße,100004165,Y2H16070301,8.4027153,49.0072864,(UTC+01:00) Europe/Paris DST,2013-06-04T02:00:00+02:00,8,1,na,9,10.0,0.0,na
Eco Counter GmbH,Stadt Karlsruhe,752,Erbprinzenstraße,100004165,Y2H16070301,8.4027153,49.0072864,(UTC+01:00) Europe/Paris DST,2013-06-04T03:00:00+02:00,1,4,na,5,9.0,0.0,na
Eco Counter GmbH,Stadt Karlsruhe,752,Erbprinzenstraße,100004165,Y2H16070301,8.4027153,49.0072864,(UTC+01:00) Europe/Paris DST,2013-06-04T04:00:00+02:00,7,5,na,12,9.0,0.0,na
Eco Counter GmbH,Stadt Karlsruhe,752,Erbprinzenstraße,100004165,Y2H16070301,8.4027153,49.0072864,(UTC+01:00) Europe/Paris DST,2013-06-04T05:00:00+02:00,9,18,na,27,10.0,0.0,na
Eco Counter GmbH,Stadt Karlsruhe,752,Erbprinzenstraße,100004165,Y2H16070301,8.4027153,49.0072864,(UTC+01:00) Europe/Paris DST,2013-06-04T06:00:00+02:00,33,27,na,60,11.0,0.0,na
Eco Counter GmbH,Stadt Karlsruhe,752,Erbprinzenstraße,100004165,Y2H16070301,8.4027153,49.0072864,(UTC+01:00) Europe/Paris DST,2013-06-04T07:00:00+02:00,119,152,na,271,12.0,0.0,na
Eco Counter GmbH,Stadt Karlsruhe,752,Erbprinzenstraße,100004165,Y2H16070301,8.4027153,49.0072864,(UTC+01:00) Europe/Paris DST,2013-06-04T08:00:00+02:00,168,245,na,413,14.0,0.0,na
Eco Counter GmbH,Stadt Karlsruhe,752,Erbprinzenstraße,100004165,Y2H16070301,8.4027153,49.0072864,(UTC+01:00) Europe/Paris DST,2013-06-04T09:00:00+02:00,199,165,na,364,15.0,0.0,na
Eco Counter GmbH,Stadt Karlsruhe,752,Erbprinzenstraße,100004165,Y2H16070301,8.4027153,49.0072864,(UTC+01:00) Europe/Paris DST,2013-06-04T10:00:00+02:00,147,145,na,292,17.0,0.0,na
Eco Counter GmbH,Stadt Karlsruhe,752,Erbprinzenstraße,100004165,Y2H16070301,8.4027153,49.0072864,(UTC+01:00) Europe/Paris DST,2013-06-04T11:00:00+02:00,176,175,na,351,18.0,0.0,na
Eco Counter GmbH,Stadt Karlsruhe,752,Erbprinzenstraße,100004165,Y2H16070301,8.4027153,49.0072864,(UTC+01:00) Europe/Paris DST,2013-06-04T12:00:00+02:00,146,239,na,385,18.0,0.0,na
Eco Counter GmbH,Stadt Karlsruhe,752,Erbprinzenstraße,100004165,Y2H16070301,8.4027153,49.0072864,(UTC+01:00) Europe/Paris DST,2013-06-04T13:00:00+02:00,236,211,na,447,19.0,0.0,na
Eco Counter GmbH,Stadt Karlsruhe,752,Erbprinzenstraße,100004165,Y2H16070301,8.4027153,49.0072864,(UTC+01:00) Europe/Paris DST,2013-06-04T14:00:00+02:00,169,191,na,360,19.0,0.0,na
Eco Counter GmbH,Stadt Karlsruhe,752,Erbprinzenstraße,100004165,Y2H16070301,8.4027153,49.0072864,(UTC+01:00) Europe/Paris DST,2013-06-04T15:00:00+02:00,205,242,na,447,19.0,0.0,na
Eco Counter GmbH,Stadt Karlsruhe,752,Erbprinzenstraße,100004165,Y2H16070301,8.4027153,49.0072864,(UTC+01:00) Europe/Paris DST,2013-06-04T16:00:00+02:00,232,221,na,453,18.0,0.0,na
Eco Counter GmbH,Stadt Karlsruhe,752,Erbprinzenstraße,100004165,Y2H16070301,8.4027153,49.0072864,(UTC+01:00) Europe/Paris DST,2013-06-04T17:00:00+02:00,289,242,na,531,18.0,0.0,na
Eco Counter GmbH,Stadt Karlsruhe,752,Erbprinzenstraße,100004165,Y2H16070301,8.4027153,49.0072864,(UTC+01:00) Europe/Paris DST,2013-06-04T18:00:00+02:00,286,256,na,542,17.0,0.0,na
Eco Counter GmbH,Stadt Karlsruhe,752,Erbprinzenstraße,100004165,Y2H16070301,8.4027153,49.0072864,(UTC+01:00) Europe/Paris DST,2013-06-04T19:00:00+02:00,198,250,na,448,16.0,0.0,na
Eco Counter GmbH,Stadt Karlsruhe,752,Erbprinzenstraße,100004165,Y2H16070301,8.4027153,49.0072864,(UTC+01:00) Europe/Paris DST,2013-06-04T20:00:00+02:00,110,179,na,289,15.0,0.0,na
Eco Counter GmbH,Stadt Karlsruhe,752,Erbprinzenstraße,100004165,Y2H16070301,8.4027153,49.0072864,(UTC+01:00) Europe/Paris DST,2013-06-04T21:00:00+02:00,94,99,na,193,14.0,0.0,na
Eco Counter GmbH,Stadt Karlsruhe,752,Erbprinzenstraße,100004165,Y2H16070301,8.4027153,49.0072864,(UTC+01:00) Europe/Paris DST,2013-06-04T22:00:00+02:00,89,84,na,173,13.0,0.0,na
Eco Counter GmbH,Stadt Karlsruhe,752,Erbprinzenstraße,100004165,Y2H16070301,8.4027153,49.0072864,(UTC+01:00) Europe/Paris DST,2013-06-04T23:00:00+02:00,69,49,na,118,12.0,0.0,na
Eco Counter GmbH,Stadt Karlsruhe,752,Erbprinzenstraße,100004165,Y2H16070301,8.4027153,49.0072864,(UTC+01:00) Europe/Paris DST,2013-06-05T00:00:00+02:00,32,18,na,50,11.0,0.0,na
Eco Counter GmbH,Stadt Karlsruhe,752,Erbprinzenstraße,100004165,Y2H16070301,8.4027153,49.0072864,(UTC+01:00) Europe/Paris DST,2013-06-05T01:00:00+02:00,14,14,na,28,10.0,0.0,na
Eco Counter GmbH,Stadt Karlsruhe,752,Erbprinzenstraße,100004165,Y2H16070301,8.4027153,49.0072864,(UTC+01:00) Europe/Paris DST,2013-06-05T02:00:00+02:00,6,6,na,12,9.0,0.0,na
Eco Counter GmbH,Stadt Karlsruhe,752,Erbprinzenstraße,100004165,Y2H16070301,8.4027153,49.0072864,(UTC+01:00) Europe/Paris DST,2013-06-05T03:00:00+02:00,6,5,na,11,9.0,0.0,na
Eco Counter GmbH,Stadt Karlsruhe,752,Erbprinzenstraße,100004165,Y2H16070301,8.4027153,49.0072864,(UTC+01:00) Europe/Paris DST,2013-06-05T04:00:00+02:00,2,0,na,2,10.0,0.0,na
Eco Counter GmbH,Stadt Karlsruhe,752,Erbprinzenstraße,100004165,Y2H16070301,8.4027153,49.0072864,(UTC+01:00) Europe/Paris DST,2013-06-05T05:00:00+02:00,22,36,na,58,11.0,0.0,na
Eco Counter GmbH,Stadt Karlsruhe,752,Erbprinzenstraße,100004165,Y2H16070301,8.4027153,49.0072864,(UTC+01:00) Europe/Paris DST,2013-06-05T06:00:00+02:00,32,39,na,71,13.0,0.0,na
Eco Counter GmbH,Stadt Karlsruhe,752,Erbprinzenstraße,100004165,Y2H16070301,8.4027153,49.0072864,(UTC+01:00) Europe/Paris DST,2013-06-05T07:00:00+02:00,122,172,na,294,15.0,0.0,na
Eco Counter GmbH,Stadt Karlsruhe,752,Erbprinzenstraße,100004165,Y2H16070301,8.4027153,49.0072864,(UTC+01:00) Europe/Paris DST,2013-06-05T08:00:00+02:00,204,214,na,418,17.0,0.0,na
Eco Counter GmbH,Stadt Karlsruhe,752,Erbprinzenstraße,100004165,Y2H16070301,8.4027153,49.0072864,(UTC+01:00) Europe/Paris DST,2013-06-05T09:00:00+02:00,197,205,na,402,19.0,0.0,na
Eco Counter GmbH,Stadt Karlsruhe,752,Erbprinzenstraße,100004165,Y2H16070301,8.4027153,49.0072864,(UTC+01:00) Europe/Paris DST,2013-06-05T10:00:00+02:00,184,180,na,364,20.0,0.0,na
Eco Counter GmbH,Stadt Karlsruhe,752,Erbprinzenstraße,100004165,Y2H16070301,8.4027153,49.0072864,(UTC+01:00) Europe/Paris DST,2013-06-05T11:00:00+02:00,189,237,na,426,21.0,0.0,na
Eco Counter GmbH,Stadt Karlsruhe,752,Erbprinzenstraße,100004165,Y2H16070301,8.4027153,49.0072864,(UTC+01:00) Europe/Paris DST,2013-06-05T12:00:00+02:00,205,217,na,422,22.0,0.0,na
Eco Counter GmbH,Stadt Karlsruhe,752,Erbprinzenstraße,100004165,Y2H16070301,8.4027153,49.0072864,(UTC+01:00) Europe/Paris DST,2013-06-05T13:00:00+02:00,231,244,na,475,23.0,0.0,na
Eco Counter GmbH,Stadt Karlsruhe,752,Erbprinzenstraße,100004165,Y2H16070301,8.4027153,49.0072864,(UTC+01:00) Europe/Paris DST,2013-06-05T14:00:00+02:00,180,188,na,368,23.0,0.0,na
Eco Counter GmbH,Stadt Karlsruhe,752,Erbprinzenstraße,100004165,Y2H16070301,8.4027153,49.0072864,(UTC+01:00) Europe/Paris DST,2013-06-05T15:00:00+02:00,221,204,na,425,22.0,0.0,na
Eco Counter GmbH,Stadt Karlsruhe,752,Erbprinzenstraße,100004165,Y2H16070301,8.4027153,49.0072864,(UTC+01:00) Europe/Paris DST,2013-06-05T16:00:00+02:00,229,270,na,499,21.0,0.0,na
Eco Counter GmbH,Stadt Karlsruhe,752,Erbprinzenstraße,100004165,Y2H16070301,8.4027153,49.0072864,(UTC+01:00) Europe/Paris DST,2013-06-05T17:00:00+02:00,269,358,na,627,21.0,0.0,na
Eco Counter GmbH,Stadt Karlsruhe,752,Erbprinzenstraße,100004165,Y2H16070301,8.4027153,49.0072864,(UTC+01:00) Europe/Paris DST,2013-06-05T18:00:00+02:00,270,303,na,573,20.0,0.0,na
Eco Counter GmbH,Stadt Karlsruhe,752,Erbprinzenstraße,100004165,Y2H16070301,8.4027153,49.0072864,(UTC+01:00) Europe/Paris DST,2013-06-05T19:00:00+02:00,197,300,na,497,19.0,0.0,na
Eco Counter GmbH,Stadt Karlsruhe,752,Erbprinzenstraße,100004165,Y2H16070301,8.4027153,49.0072864,(UTC+01:00) Europe/Paris DST,2013-06-05T20:00:00+02:00,138,188,na,326,17.0,0.0,na
Eco Counter GmbH,Stadt Karlsruhe,752,Erbprinzenstraße,100004165,Y2H16070301,8.4027153,49.0072864,(UTC+01:00) Europe/Paris DST,2013-06-05T21:00:00+02:00,102,114,na,216,16.0,0.0,na
Eco Counter GmbH,Stadt Karlsruhe,752,Erbprinzenstraße,100004165,Y2H16070301,8.4027153,49.0072864,(UTC+01:00) Europe/Paris DST,2013-06-05T22:00:00+02:00,67,111,na,178,15.0,0.0,na
Eco Counter GmbH,Stadt Karlsruhe,752,Erbprinzenstraße,100004165,Y2H16070301,8.4027153,49.0072864,(UTC+01:00) Europe/Paris DST,2013-06-05T23:00:00+02:00,81,74,na,155,14.0,0.0,na
Eco Counter GmbH,Stadt Karlsruhe,752,Erbprinzenstraße,100004165,Y2H16070301,8.4027153,49.0072864,(UTC+01:00) Europe/Paris DST,2013-06-06T00:00:00+02:00,39,43,na,82,13.0,0.0,na
Eco Counter GmbH,Stadt Karlsruhe,752,Erbprinzenstraße,100004165,Y2H16070301,8.4027153,49.0072864,(UTC+01:00) Europe/Paris DST,2013-06-06T01:00:00+02:00,22,30,na,52,12.0,0.0,na
Eco Counter GmbH,Stadt Karlsruhe,752,Erbprinzenstraße,100004165,Y2H16070301,8.4027153,49.0072864,(UTC+01:00) Europe/Paris DST,2013-06-06T02:00:00+02:00,12,9,na,21,10.0,0.0,na
Eco Counter GmbH,Stadt Karlsruhe,752,Erbprinzenstraße,100004165,Y2H16070301,8.4027153,49.0072864,(UTC+01:00) Europe/Paris DST,2013-06-06T03:00:00+02:00,9,7,na,16,11.0,0.0,na
Eco Counter GmbH,Stadt Karlsruhe,752,Erbprinzenstraße,100004165,Y2H16070301,8.4027153,49.0072864,(UTC+01:00) Europe/Paris DST,2013-06-06T04:00:00+02:00,7,18,na,25,11.0,0.0,na
Eco Counter GmbH,Stadt Karlsruhe,752,Erbprinzenstraße,100004165,Y2H16070301,8.4027153,49.0072864,(UTC+01:00) Europe/Paris DST,2013-06-06T05:00:00+02:00,13,21,na,34,12.0,0.0,na
Eco Counter GmbH,Stadt Karlsruhe,752,Erbprinzenstraße,100004165,Y2H16070301,8.4027153,49.0072864,(UTC+01:00) Europe/Paris DST,2013-06-06T06:00:00+02:00,39,49,na,88,14.0,0.0,na
Eco Counter GmbH,Stadt Karlsruhe,752,Erbprinzenstraße,100004165,Y2H16070301,8.4027153,49.0072864,(UTC+01:00) Europe/Paris DST,2013-06-06T07:00:00+02:00,122,179,na,301,16.0,0.0,na
Eco Counter GmbH,Stadt Karlsruhe,752,Erbprinzenstraße,100004165,Y2H16070301,8.4027153,49.0072864,(UTC+01:00) Europe/Paris DST,2013-06-06T08:00:00+02:00,218,245,na,463,18.0,0.0,na
Eco Counter GmbH,Stadt Karlsruhe,752,Erbprinzenstraße,100004165,Y2H16070301,8.4027153,49.0072864,(UTC+01:00) Europe/Paris DST,2013-06-06T09:00:00+02:00,184,249,na,433,20.0,0.0,na
Eco Counter GmbH,Stadt Karlsruhe,752,Erbprinzenstraße,100004165,Y2H16070301,8.4027153,49.0072864,(UTC+01:00) Europe/Paris DST,2013-06-06T10:00:00+02:00,192,178,na,370,21.0,0.0,na
Eco Counter GmbH,Stadt Karlsruhe,752,Erbprinzenstraße,100004165,Y2H16070301,8.4027153,49.0072864,(UTC+01:00) Europe/Paris DST,2013-06-06T11:00:00+02:00,164,209,na,373,23.0,0.0,na
Eco Counter GmbH,Stadt Karlsruhe,752,Erbprinzenstraße,100004165,Y2H16070301,8.4027153,49.0072864,(UTC+01:00) Europe/Paris DST,2013-06-06T12:00:00+02:00,165,293,na,458,23.0,0.0,na
Eco Counter GmbH,Stadt Karlsruhe,752,Erbprinzenstraße,100004165,Y2H16070301,8.4027153,49.0072864,(UTC+01:00) Europe/Paris DST,2013-06-06T13:00:00+02:00,223,256,na,479,24.0,0.0,na
Eco Counter GmbH,Stadt Karlsruhe,752,Erbprinzenstraße,100004165,Y2H16070301,8.4027153,49.0072864,(UTC+01:00) Europe/Paris DST,2013-06-06T14:00:00+02:00,193,233,na,426,24.0,0.0,na
Eco Counter GmbH,Stadt Karlsruhe,752,Erbprinzenstraße,100004165,Y2H16070301,8.4027153,49.0072864,(UTC+01:00) Europe/Paris DST,2013-06-06T15:00:00+02:00,209,260,na,469,24.0,0.0,na
Eco Counter GmbH,Stadt Karlsruhe,752,Erbprinzenstraße,100004165,Y2H16070301,8.4027153,49.0072864,(UTC+01:00) Europe/Paris DST,2013-06-06T16:00:00+02:00,268,312,na,580,23.0,0.0,na
Eco Counter GmbH,Stadt Karlsruhe,752,Erbprinzenstraße,100004165,Y2H16070301,8.4027153,49.0072864,(UTC+01:00) Europe/Paris DST,2013-06-06T17:00:00+02:00,292,357,na,649,23.0,0.0,na
Eco Counter GmbH,Stadt Karlsruhe,752,Erbprinzenstraße,100004165,Y2H16070301,8.4027153,49.0072864,(UTC+01:00) Europe/Paris DST,2013-06-06T18:00:00+02:00,274,368,na,642,21.0,0.0,na
Eco Counter GmbH,Stadt Karlsruhe,752,Erbprinzenstraße,100004165,Y2H16070301,8.4027153,49.0072864,(UTC+01:00) Europe/Paris DST,2013-06-06T19:00:00+02:00,195,343,na,538,20.0,0.0,na
Eco Counter GmbH,Stadt Karlsruhe,752,Erbprinzenstraße,100004165,Y2H16070301,8.4027153,49.0072864,(UTC+01:00) Europe/Paris DST,2013-06-06T20:00:00+02:00,135,215,na,350,19.0,0.0,na
Eco Counter GmbH,Stadt Karlsruhe,752,Erbprinzenstraße,100004165,Y2H16070301,8.4027153,49.0072864,(UTC+01:00) Europe/Paris DST,2013-06-06T21:00:00+02:00,104,153,na,257,17.0,0.0,na
Eco Counter GmbH,Stadt Karlsruhe,752,Erbprinzenstraße,100004165,Y2H16070301,8.4027153,49.0072864,(UTC+01:00) Europe/Paris DST,2013-06-06T22:00:00+02:00,103,150,na,253,16.0,0.0,na
Eco Counter GmbH,Stadt Karlsruhe,752,Erbprinzenstraße,100004165,Y2H16070301,8.4027153,49.0072864,(UTC+01:00) Europe/Paris DST,2013-06-06T23:00:00+02:00,92,101,na,193,14.0,0.0,na
Eco Counter GmbH,Stadt Karlsruhe,752,Erbprinzenstraße,100004165,Y2H16070301,8.4027153,49.0072864,(UTC+01:00) Europe/Paris DST,2013-06-07T00:00:00+02:00,45,51,na,96,13.0,0.0,na
Eco Counter GmbH,Stadt Karlsruhe,752,Erbprinzenstraße,100004165,Y2H16070301,8.4027153,49.0072864,(UTC+01:00) Europe/Paris DST,2013-06-07T01:00:00+02:00,22,15,na,37,13.0,0.0,na
Eco Counter GmbH,Stadt Karlsruhe,752,Erbprinzenstraße,100004165,Y2H16070301,8.4027153,49.0072864,(UTC+01:00) Europe/Paris DST,2013-06-07T02:00:00+02:00,21,12,na,33,12.0,0.0,na
Eco Counter GmbH,Stadt Karlsruhe,752,Erbprinzenstraße,100004165,Y2H16070301,8.4027153,49.0072864,(UTC+01:00) Europe/Paris DST,2013-06-07T03:00:00+02:00,18,8,na,26,12.0,0.0,na
Eco Counter GmbH,Stadt Karlsruhe,752,Erbprinzenstraße,100004165,Y2H16070301,8.4027153,49.0072864,(UTC+01:00) Europe/Paris DST,2013-06-07T04:00:00+02:00,1,3,na,4,12.0,0.0,na
Eco Counter GmbH,Stadt Karlsruhe,752,Erbprinzenstraße,100004165,Y2H16070301,8.4027153,49.0072864,(UTC+01:00) Europe/Paris DST,2013-06-07T05:00:00+02:00,15,24,na,39,13.0,0.0,na
Eco Counter GmbH,Stadt Karlsruhe,752,Erbprinzenstraße,100004165,Y2H16070301,8.4027153,49.0072864,(UTC+01:00) Europe/Paris DST,2013-06-07T06:00:00+02:00,33,39,na,72,15.0,0.0,na
Eco Counter GmbH,Stadt Karlsruhe,752,Erbprinzenstraße,100004165,Y2H16070301,8.4027153,49.0072864,(UTC+01:00) Europe/Paris DST,2013-06-07T07:00:00+02:00,120,173,na,293,18.0,0.0,na
Eco Counter GmbH,Stadt Karlsruhe,752,Erbprinzenstraße,100004165,Y2H16070301,8.4027153,49.0072864,(UTC+01:00) Europe/Paris DST,2013-06-07T08:00:00+02:00,182,260,na,442,20.0,0.0,na
Eco Counter GmbH,Stadt Karlsruhe,752,Erbprinzenstraße,100004165,Y2H16070301,8.4027153,49.0072864,(UTC+01:00) Europe/Paris DST,2013-06-07T09:00:00+02:00,202,229,na,431,21.0,0.0,na
Eco Counter GmbH,Stadt Karlsruhe,752,Erbprinzenstraße,100004165,Y2H16070301,8.4027153,49.0072864,(UTC+01:00) Europe/Paris DST,2013-06-07T10:00:00+02:00,149,207,na,356,23.0,0.0,na
Eco Counter GmbH,Stadt Karlsruhe,752,Erbprinzenstraße,100004165,Y2H16070301,8.4027153,49.0072864,(UTC+01:00) Europe/Paris DST,2013-06-07T11:00:00+02:00,216,223,na,439,23.0,0.0,na
Eco Counter GmbH,Stadt Karlsruhe,752,Erbprinzenstraße,100004165,Y2H16070301,8.4027153,49.0072864,(UTC+01:00) Europe/Paris DST,2013-06-07T12:00:00+02:00,198,294,na,492,24.0,0.0,na
Eco Counter GmbH,Stadt Karlsruhe,752,Erbprinzenstraße,100004165,Y2H16070301,8.4027153,49.0072864,(UTC+01:00) Europe/Paris DST,2013-06-07T13:00:00+02:00,247,265,na,512,24.0,0.0,na
Eco Counter GmbH,Stadt Karlsruhe,752,Erbprinzenstraße,100004165,Y2H16070301,8.4027153,49.0072864,(UTC+01:00) Europe/Paris DST,2013-06-07T14:00:00+02:00,197,229,na,426,24.0,0.0,na
Eco Counter GmbH,Stadt Karlsruhe,752,Erbprinzenstraße,100004165,Y2H16070301,8.4027153,49.0072864,(UTC+01:00) Europe/Paris DST,2013-06-07T15:00:00+02:00,236,282,na,518,24.0,0.0,na
Eco Counter GmbH,Stadt Karlsruhe,752,Erbprinzenstraße,100004165,Y2H16070301,8.4027153,49.0072864,(UTC+01:00) Europe/Paris DST,2013-06-07T16:00:00+02:00,277,278,na,555,23.0,0.0,na
Eco Counter GmbH,Stadt Karlsruhe,752,Erbprinzenstraße,100004165,Y2H16070301,8.4027153,49.0072864,(UTC+01:00) Europe/Paris DST,2013-06-07T17:00:00+02:00,228,269,na,497,22.0,0.0,na
Eco Counter GmbH,Stadt Karlsruhe,752,Erbprinzenstraße,100004165,Y2H16070301,8.4027153,49.0072864,(UTC+01:00) Europe/Paris DST,2013-06-07T18:00:00+02:00,199,274,na,473,21.0,0.0,na
Eco Counter GmbH,Stadt Karlsruhe,752,Erbprinzenstraße,100004165,Y2H16070301,8.4027153,49.0072864,(UTC+01:00) Europe/Paris DST,2013-06-07T19:00:00+02:00,173,297,na,470,20.0,0.0,na
Eco Counter GmbH,Stadt Karlsruhe,752,Erbprinzenstraße,100004165,Y2H16070301,8.4027153,49.0072864,(UTC+01:00) Europe/Paris DST,2013-06-07T20:00:00+02:00,139,235,na,374,19.0,0.0,na
Eco Counter GmbH,Stadt Karlsruhe,752,Erbprinzenstraße,100004165,Y2H16070301,8.4027153,49.0072864,(UTC+01:00) Europe/Paris DST,2013-06-07T21:00:00+02:00,91,117,na,208,18.0,0.0,na
Eco Counter GmbH,Stadt Karlsruhe,752,Erbprinzenstraße,100004165,Y2H16070301,8.4027153,49.0072864,(UTC+01:00) Europe/Paris DST,2013-06-07T22:00:00+02:00,46,108,na,154,16.0,0.0,na
Eco Counter GmbH,Stadt Karlsruhe,752,Erbprinzenstraße,100004165,Y2H16070301,8.4027153,49.0072864,(UTC+01:00) Europe/Paris DST,2013-06-07T23:00:00+02:00,81,73,na,154,15.0,0.0,na
Eco Counter GmbH,Stadt Karlsruhe,752,Erbprinzenstraße,100004165,Y2H16070301,8.4027153,49.0072864,(UTC+01:00) Europe/Paris DST,2013-06-08T00:00:00+02:00,84,76,na,160,14.0,0.0,na
Eco Counter GmbH,Stadt Karlsruhe,752,Erbprinzenstraße,100004165,Y2H16070301,8.4027153,49.0072864,(UTC+01:00) Europe/Paris DST,2013-06-08T01:00:00+02:00,50,33,na,83,13.0,0.0,na
Eco Counter GmbH,Stadt Karlsruhe,752,Erbprinzenstraße,100004165,Y2H16070301,8.4027153,49.0072864,(UTC+01:00) Europe/Paris DST,2013-06-08T02:00:00+02:00,25,28,na,53,13.0,0.0,na
Eco Counter GmbH,Stadt Karlsruhe,752,Erbprinzenstraße,100004165,Y2H16070301,8.4027153,49.0072864,(UTC+01:00) Europe/Paris DST,2013-06-08T03:00:00+02:00,18,22,na,40,13.0,0.0,na
Eco Counter GmbH,Stadt Karlsruhe,752,Erbprinzenstraße,100004165,Y2H16070301,8.4027153,49.0072864,(UTC+01:00) Europe/Paris DST,2013-06-08T04:00:00+02:00,14,15,na,29,14.0,0.0,na
Eco Counter GmbH,Stadt Karlsruhe,752,Erbprinzenstraße,100004165,Y2H16070301,8.4027153,49.0072864,(UTC+01:00) Europe/Paris DST,2013-06-08T05:00:00+02:00,22,18,na,40,14.0,0.0,na
Eco Counter GmbH,Stadt Karlsruhe,752,Erbprinzenstraße,100004165,Y2H16070301,8.4027153,49.0072864,(UTC+01:00) Europe/Paris DST,2013-06-08T06:00:00+02:00,10,10,na,20,16.0,0.0,na
Eco Counter GmbH,Stadt Karlsruhe,752,Erbprinzenstraße,100004165,Y2H16070301,8.4027153,49.0072864,(UTC+01:00) Europe/Paris DST,2013-06-08T07:00:00+02:00,16,19,na,35,18.0,0.0,na
Eco Counter GmbH,Stadt Karlsruhe,752,Erbprinzenstraße,100004165,Y2H16070301,8.4027153,49.0072864,(UTC+01:00) Europe/Paris DST,2013-06-08T08:00:00+02:00,34,34,na,68,20.0,0.0,na
Eco Counter GmbH,Stadt Karlsruhe,752,Erbprinzenstraße,100004165,Y2H16070301,8.4027153,49.0072864,(UTC+01:00) Europe/Paris DST,2013-06-08T09:00:00+02:00,91,85,na,176,22.0,0.0,na
Eco Counter GmbH,Stadt Karlsruhe,752,Erbprinzenstraße,100004165,Y2H16070301,8.4027153,49.0072864,(UTC+01:00) Europe/Paris DST,2013-06-08T10:00:00+02:00,173,145,na,318,23.0,0.0,na
Eco Counter GmbH,Stadt Karlsruhe,752,Erbprinzenstraße,100004165,Y2H16070301,8.4027153,49.0072864,(UTC+01:00) Europe/Paris DST,2013-06-08T11:00:00+02:00,193,198,na,391,24.0,0.0,na
Eco Counter GmbH,Stadt Karlsruhe,752,Erbprinzenstraße,100004165,Y2H16070301,8.4027153,49.0072864,(UTC+01:00) Europe/Paris DST,2013-06-08T12:00:00+02:00,206,248,na,454,24.0,0.0,na
Eco Counter GmbH,Stadt Karlsruhe,752,Erbprinzenstraße,100004165,Y2H16070301,8.4027153,49.0072864,(UTC+01:00) Europe/Paris DST,2013-06-08T13:00:00+02:00,226,246,na,472,25.0,0.0,na
Eco Counter GmbH,Stadt Karlsruhe,752,Erbprinzenstraße,100004165,Y2H16070301,8.4027153,49.0072864,(UTC+01:00) Europe/Paris DST,2013-06-08T14:00:00+02:00,190,222,na,412,25.0,0.0,na
Eco Counter GmbH,Stadt Karlsruhe,752,Erbprinzenstraße,100004165,Y2H16070301,8.4027153,49.0072864,(UTC+01:00) Europe/Paris DST,2013-06-08T15:00:00+02:00,143,198,na,341,24.0,0.0,na
Eco Counter GmbH,Stadt Karlsruhe,752,Erbprinzenstraße,100004165,Y2H16070301,8.4027153,49.0072864,(UTC+01:00) Europe/Paris DST,2013-06-08T16:00:00+02:00,145,226,na,371,23.0,0.0,na
Eco Counter GmbH,Stadt Karlsruhe,752,Erbprinzenstraße,100004165,Y2H16070301,8.4027153,49.0072864,(UTC+01:00) Europe/Paris DST,2013-06-08T17:00:00+02:00,122,228,na,350,22.0,0.3,na
Eco Counter GmbH,Stadt Karlsruhe,752,Erbprinzenstraße,100004165,Y2H16070301,8.4027153,49.0072864,(UTC+01:00) Europe/Paris DST,2013-06-08T18:00:00+02:00,124,214,na,338,21.0,0.0,na
Eco Counter GmbH,Stadt Karlsruhe,752,Erbprinzenstraße,100004165,Y2H16070301,8.4027153,49.0072864,(UTC+01:00) Europe/Paris DST,2013-06-08T19:00:00+02:00,104,176,na,280,20.0,0.0,na
Eco Counter GmbH,Stadt Karlsruhe,752,Erbprinzenstraße,100004165,Y2H16070301,8.4027153,49.0072864,(UTC+01:00) Europe/Paris DST,2013-06-08T20:00:00+02:00,86,130,na,216,19.0,0.0,na
Eco Counter GmbH,Stadt Karlsruhe,752,Erbprinzenstraße,100004165,Y2H16070301,8.4027153,49.0072864,(UTC+01:00) Europe/Paris DST,2013-06-08T21:00:00+02:00,66,90,na,156,18.0,0.0,na
Eco Counter GmbH,Stadt Karlsruhe,752,Erbprinzenstraße,100004165,Y2H16070301,8.4027153,49.0072864,(UTC+01:00) Europe/Paris DST,2013-06-08T22:00:00+02:00,73,87,na,160,17.0,0.0,na
Eco Counter GmbH,Stadt Karlsruhe,752,Erbprinzenstraße,100004165,Y2H16070301,8.4027153,49.0072864,(UTC+01:00) Europe/Paris DST,2013-06-08T23:00:00+02:00,51,77,na,128,16.0,0.0,na
Eco Counter GmbH,Stadt Karlsruhe,752,Erbprinzenstraße,100004165,Y2H16070301,8.4027153,49.0072864,(UTC+01:00) Europe/Paris DST,2013-06-09T00:00:00+02:00,66,64,na,130,15.0,0.0,na
Eco Counter GmbH,Stadt Karlsruhe,752,Erbprinzenstraße,100004165,Y2H16070301,8.4027153,49.0072864,(UTC+01:00) Europe/Paris DST,2013-06-09T01:00:00+02:00,27,40,na,67,15.0,0.0,na
Eco Counter GmbH,Stadt Karlsruhe,752,Erbprinzenstraße,100004165,Y2H16070301,8.4027153,49.0072864,(UTC+01:00) Europe/Paris DST,2013-06-09T02:00:00+02:00,23,31,na,54,14.0,0.0,na
Eco Counter GmbH,Stadt Karlsruhe,752,Erbprinzenstraße,100004165,Y2H16070301,8.4027153,49.0072864,(UTC+01:00) Europe/Paris DST,2013-06-09T03:00:00+02:00,17,25,na,42,14.0,0.0,na
Eco Counter GmbH,Stadt Karlsruhe,752,Erbprinzenstraße,100004165,Y2H16070301,8.4027153,49.0072864,(UTC+01:00) Europe/Paris DST,2013-06-09T04:00:00+02:00,14,19,na,33,15.0,0.0,na
Eco Counter GmbH,Stadt Karlsruhe,752,Erbprinzenstraße,100004165,Y2H16070301,8.4027153,49.0072864,(UTC+01:00) Europe/Paris DST,2013-06-09T05:00:00+02:00,8,11,na,19,15.0,0.0,na
Eco Counter GmbH,Stadt Karlsruhe,752,Erbprinzenstraße,100004165,Y2H16070301,8.4027153,49.0072864,(UTC+01:00) Europe/Paris DST,2013-06-09T06:00:00+02:00,7,6,na,13,16.0,0.2,na
Eco Counter GmbH,Stadt Karlsruhe,752,Erbprinzenstraße,100004165,Y2H16070301,8.4027153,49.0072864,(UTC+01:00) Europe/Paris DST,2013-06-09T07:00:00+02:00,10,2,na,12,16.0,0.7,na
Eco Counter GmbH,Stadt Karlsruhe,752,Erbprinzenstraße,100004165,Y2H16070301,8.4027153,49.0072864,(UTC+01:00) Europe/Paris DST,2013-06-09T08:00:00+02:00,3,7,na,10,16.0,1.2,na
Eco Counter GmbH,Stadt Karlsruhe,752,Erbprinzenstraße,100004165,Y2H16070301,8.4027153,49.0072864,(UTC+01:00) Europe/Paris DST,2013-06-09T09:00:00+02:00,12,14,na,26,17.0,0.5,na
Eco Counter GmbH,Stadt Karlsruhe,752,Erbprinzenstraße,100004165,Y2H16070301,8.4027153,49.0072864,(UTC+01:00) Europe/Paris DST,2013-06-09T10:00:00+02:00,24,26,na,50,18.0,0.4,na
Eco Counter GmbH,Stadt Karlsruhe,752,Erbprinzenstraße,100004165,Y2H16070301,8.4027153,49.0072864,(UTC+01:00) Europe/Paris DST,2013-06-09T11:00:00+02:00,36,38,na,74,19.0,0.0,na
Eco Counter GmbH,Stadt Karlsruhe,752,Erbprinzenstraße,100004165,Y2H16070301,8.4027153,49.0072864,(UTC+01:00) Europe/Paris DST,2013-06-09T12:00:00+02:00,46,38,na,84,20.0,0.0,na
Eco Counter GmbH,Stadt Karlsruhe,752,Erbprinzenstraße,100004165,Y2H16070301,8.4027153,49.0072864,(UTC+01:00) Europe/Paris DST,2013-06-09T13:00:00+02:00,55,58,na,113,21.0,0.2,na
Eco Counter GmbH,Stadt Karlsruhe,752,Erbprinzenstraße,100004165,Y2H16070301,8.4027153,49.0072864,(UTC+01:00) Europe/Paris DST,2013-06-09T14:00:00+02:00,47,49,na,96,21.0,0.0,na
Eco Counter GmbH,Stadt Karlsruhe,752,Erbprinzenstraße,100004165,Y2H16070301,8.4027153,49.0072864,(UTC+01:00) Europe/Paris DST,2013-06-09T15:00:00+02:00,58,81,na,139,22.0,0.0,na
Eco Counter GmbH,Stadt Karlsruhe,752,Erbprinzenstraße,100004165,Y2H16070301,8.4027153,49.0072864,(UTC+01:00) Europe/Paris DST,2013-06-09T16:00:00+02:00,92,106,na,198,22.0,0.0,na
Eco Counter GmbH,Stadt Karlsruhe,752,Erbprinzenstraße,100004165,Y2H16070301,8.4027153,49.0072864,(UTC+01:00) Europe/Paris DST,2013-06-09T17:00:00+02:00,104,108,na,212,21.0,0.0,na
Eco Counter GmbH,Stadt Karlsruhe,752,Erbprinzenstraße,100004165,Y2H16070301,8.4027153,49.0072864,(UTC+01:00) Europe/Paris DST,2013-06-09T18:00:00+02:00,94,124,na,218,20.0,0.0,na
Eco Counter GmbH,Stadt Karlsruhe,752,Erbprinzenstraße,100004165,Y2H16070301,8.4027153,49.0072864,(UTC+01:00) Europe/Paris DST,2013-06-09T19:00:00+02:00,67,93,na,160,18.0,0.0,na
Eco Counter GmbH,Stadt Karlsruhe,752,Erbprinzenstraße,100004165,Y2H16070301,8.4027153,49.0072864,(UTC+01:00) Europe/Paris DST,2013-06-09T20:00:00+02:00,64,85,na,149,17.0,0.0,na
Eco Counter GmbH,Stadt Karlsruhe,752,Erbprinzenstraße,100004165,Y2H16070301,8.4027153,49.0072864,(UTC+01:00) Europe/Paris DST,2013-06-09T21:00:00+02:00,43,70,na,113,16.0,0.0,na
Eco Counter GmbH,Stadt Karlsruhe,752,Erbprinzenstraße,100004165,Y2H16070301,8.4027153,49.0072864,(UTC+01:00) Europe/Paris DST,2013-06-09T22:00:00+02:00,37,44,na,81,15.0,0.0,na
Eco Counter GmbH,Stadt Karlsruhe,752,Erbprinzenstraße,100004165,Y2H16070301,8.4027153,49.0072864,(UTC+01:00) Europe/Paris DST,2013-06-09T23:00:00+02:00,25,37,na,62,13.0,0.0,na
Eco Counter GmbH,Stadt Karlsruhe,752,Erbprinzenstraße,100004165,Y2H16070301,8.4027153,49.0072864,(UTC+01:00) Europe/Paris DST,2013-06-10T00:00:00+02:00,18,18,na,36,12.0,0.0,na
Eco Counter GmbH,Stadt Karlsruhe,752,Erbprinzenstraße,100004165,Y2H16070301,8.4027153,49.0072864,(UTC+01:00) Europe/Paris DST,2013-06-10T01:00:00+02:00,4,9,na,13,12.0,0.0,na
Eco Counter GmbH,Stadt Karlsruhe,752,Erbprinzenstraße,100004165,Y2H16070301,8.4027153,49.0072864,(UTC+01:00) Europe/Paris DST,2013-06-10T02:00:00+02:00,1,1,na,2,12.0,0.0,na
Eco Counter GmbH,Stadt Karlsruhe,752,Erbprinzenstraße,100004165,Y2H16070301,8.4027153,49.0072864,(UTC+01:00) Europe/Paris DST,2013-06-10T03:00:00+02:00,6,5,na,11,12.0,0.0,na
Eco Counter GmbH,Stadt Karlsruhe,752,Erbprinzenstraße,100004165,Y2H16070301,8.4027153,49.0072864,(UTC+01:00) Europe/Paris DST,2013-06-10T04:00:00+02:00,4,3,na,7,13.0,0.0,na
Eco Counter GmbH,Stadt Karlsruhe,752,Erbprinzenstraße,100004165,Y2H16070301,8.4027153,49.0072864,(UTC+01:00) Europe/Paris DST,2013-06-10T05:00:00+02:00,19,22,na,41,13.0,0.0,na
Eco Counter GmbH,Stadt Karlsruhe,752,Erbprinzenstraße,100004165,Y2H16070301,8.4027153,49.0072864,(UTC+01:00) Europe/Paris DST,2013-06-10T06:00:00+02:00,39,38,na,77,14.0,0.0,na
Eco Counter GmbH,Stadt Karlsruhe,752,Erbprinzenstraße,100004165,Y2H16070301,8.4027153,49.0072864,(UTC+01:00) Europe/Paris DST,2013-06-10T07:00:00+02:00,108,142,na,250,14.0,0.0,na
Eco Counter GmbH,Stadt Karlsruhe,752,Erbprinzenstraße,100004165,Y2H16070301,8.4027153,49.0072864,(UTC+01:00) Europe/Paris DST,2013-06-10T08:00:00+02:00,151,213,na,364,15.0,0.0,na
Eco Counter GmbH,Stadt Karlsruhe,752,Erbprinzenstraße,100004165,Y2H16070301,8.4027153,49.0072864,(UTC+01:00) Europe/Paris DST,2013-06-10T09:00:00+02:00,228,210,na,438,16.0,0.0,na
Eco Counter GmbH,Stadt Karlsruhe,752,Erbprinzenstraße,100004165,Y2H16070301,8.4027153,49.0072864,(UTC+01:00) Europe/Paris DST,2013-06-10T10:00:00+02:00,139,136,na,275,16.0,0.1,na
Eco Counter GmbH,Stadt Karlsruhe,752,Erbprinzenstraße,100004165,Y2H16070301,8.4027153,49.0072864,(UTC+01:00) Europe/Paris DST,2013-06-10T11:00:00+02:00,116,174,na,290,17.0,0.0,na
Eco Counter GmbH,Stadt Karlsruhe,752,Erbprinzenstraße,100004165,Y2H16070301,8.4027153,49.0072864,(UTC+01:00) Europe/Paris DST,2013-06-10T12:00:00+02:00,152,187,na,339,17.0,0.1,na
Eco Counter GmbH,Stadt Karlsruhe,752,Erbprinzenstraße,100004165,Y2H16070301,8.4027153,49.0072864,(UTC+01:00) Europe/Paris DST,2013-06-10T13:00:00+02:00,153,183,na,336,17.0,0.0,na
Eco Counter GmbH,Stadt Karlsruhe,752,Erbprinzenstraße,100004165,Y2H16070301,8.4027153,49.0072864,(UTC+01:00) Europe/Paris DST,2013-06-10T14:00:00+02:00,125,124,na,249,17.0,0.1,na
Eco Counter GmbH,Stadt Karlsruhe,752,Erbprinzenstraße,100004165,Y2H16070301,8.4027153,49.0072864,(UTC+01:00) Europe/Paris DST,2013-06-10T15:00:00+02:00,156,167,na,323,17.0,2.5,na
Eco Counter GmbH,Stadt Karlsruhe,752,Erbprinzenstraße,100004165,Y2H16070301,8.4027153,49.0072864,(UTC+01:00) Europe/Paris DST,2013-06-10T16:00:00+02:00,184,196,na,380,17.0,0.2,na
Eco Counter GmbH,Stadt Karlsruhe,752,Erbprinzenstraße,100004165,Y2H16070301,8.4027153,49.0072864,(UTC+01:00) Europe/Paris DST,2013-06-10T17:00:00+02:00,231,279,na,510,16.0,0.3,na
Eco Counter GmbH,Stadt Karlsruhe,752,Erbprinzenstraße,100004165,Y2H16070301,8.4027153,49.0072864,(UTC+01:00) Europe/Paris DST,2013-06-10T18:00:00+02:00,210,253,na,463,15.0,1.1,na
Eco Counter GmbH,Stadt Karlsruhe,752,Erbprinzenstraße,100004165,Y2H16070301,8.4027153,49.0072864,(UTC+01:00) Europe/Paris DST,2013-06-10T19:00:00+02:00,158,225,na,383,14.0,0.3,na
Eco Counter GmbH,Stadt Karlsruhe,752,Erbprinzenstraße,100004165,Y2H16070301,8.4027153,49.0072864,(UTC+01:00) Europe/Paris DST,2013-06-10T20:00:00+02:00,85,150,na,235,14.0,0.3,na
Eco Counter GmbH,Stadt Karlsruhe,752,Erbprinzenstraße,100004165,Y2H16070301,8.4027153,49.0072864,(UTC+01:00) Europe/Paris DST,2013-06-10T21:00:00+02:00,53,98,na,151,14.0,0.3,na
Eco Counter GmbH,Stadt Karlsruhe,752,Erbprinzenstraße,100004165,Y2H16070301,8.4027153,49.0072864,(UTC+01:00) Europe/Paris DST,2013-06-10T22:00:00+02:00,70,57,na,127,13.0,0.2,na
Eco Counter GmbH,Stadt Karlsruhe,752,Erbprinzenstraße,100004165,Y2H16070301,8.4027153,49.0072864,(UTC+01:00) Europe/Paris DST,2013-06-10T23:00:00+02:00,42,37,na,79,13.0,0.2,na
Eco Counter GmbH,Stadt Karlsruhe,752,Erbprinzenstraße,100004165,Y2H16070301,8.4027153,49.0072864,(UTC+01:00) Europe/Paris DST,2013-06-11T00:00:00+02:00,34,27,na,61,13.0,0.1,na
Eco Counter GmbH,Stadt Karlsruhe,752,Erbprinzenstraße,100004165,Y2H16070301,8.4027153,49.0072864,(UTC+01:00) Europe/Paris DST,2013-06-11T01:00:00+02:00,15,8,na,23,13.0,0.2,na
Eco Counter GmbH,Stadt Karlsruhe,752,Erbprinzenstraße,100004165,Y2H16070301,8.4027153,49.0072864,(UTC+01:00) Europe/Paris DST,2013-06-11T02:00:00+02:00,7,7,na,14,12.0,0.3,na
Eco Counter GmbH,Stadt Karlsruhe,752,Erbprinzenstraße,100004165,Y2H16070301,8.4027153,49.0072864,(UTC+01:00) Europe/Paris DST,2013-06-11T03:00:00+02:00,3,7,na,10,12.0,0.3,na
Eco Counter GmbH,Stadt Karlsruhe,752,Erbprinzenstraße,100004165,Y2H16070301,8.4027153,49.0072864,(UTC+01:00) Europe/Paris DST,2013-06-11T04:00:00+02:00,6,8,na,14,13.0,0.4,na
Eco Counter GmbH,Stadt Karlsruhe,752,Erbprinzenstraße,100004165,Y2H16070301,8.4027153,49.0072864,(UTC+01:00) Europe/Paris DST,2013-06-11T05:00:00+02:00,6,8,na,14,13.0,0.4,na
Eco Counter GmbH,Stadt Karlsruhe,752,Erbprinzenstraße,100004165,Y2H16070301,8.4027153,49.0072864,(UTC+01:00) Europe/Paris DST,2013-06-11T06:00:00+02:00,29,41,na,70,14.0,0.0,na
Eco Counter GmbH,Stadt Karlsruhe,752,Erbprinzenstraße,100004165,Y2H16070301,8.4027153,49.0072864,(UTC+01:00) Europe/Paris DST,2013-06-11T07:00:00+02:00,104,143,na,247,15.0,0.0,na
Eco Counter GmbH,Stadt Karlsruhe,752,Erbprinzenstraße,100004165,Y2H16070301,8.4027153,49.0072864,(UTC+01:00) Europe/Paris DST,2013-06-11T08:00:00+02:00,198,282,na,480,16.0,0.0,na
Eco Counter GmbH,Stadt Karlsruhe,752,Erbprinzenstraße,100004165,Y2H16070301,8.4027153,49.0072864,(UTC+01:00) Europe/Paris DST,2013-06-11T09:00:00+02:00,193,216,na,409,17.0,0.2,na
Eco Counter GmbH,Stadt Karlsruhe,752,Erbprinzenstraße,100004165,Y2H16070301,8.4027153,49.0072864,(UTC+01:00) Europe/Paris DST,2013-06-11T10:00:00+02:00,141,201,na,342,18.0,0.0,na
Eco Counter GmbH,Stadt Karlsruhe,752,Erbprinzenstraße,100004165,Y2H16070301,8.4027153,49.0072864,(UTC+01:00) Europe/Paris DST,2013-06-11T11:00:00+02:00,171,212,na,383,19.0,0.0,na
Eco Counter GmbH,Stadt Karlsruhe,752,Erbprinzenstraße,100004165,Y2H16070301,8.4027153,49.0072864,(UTC+01:00) Europe/Paris DST,2013-06-11T12:00:00+02:00,186,232,na,418,20.0,0.0,na
Eco Counter GmbH,Stadt Karlsruhe,752,Erbprinzenstraße,100004165,Y2H16070301,8.4027153,49.0072864,(UTC+01:00) Europe/Paris DST,2013-06-11T13:00:00+02:00,206,247,na,453,20.0,0.0,na
Eco Counter GmbH,Stadt Karlsruhe,752,Erbprinzenstraße,100004165,Y2H16070301,8.4027153,49.0072864,(UTC+01:00) Europe/Paris DST,2013-06-11T14:00:00+02:00,177,208,na,385,21.0,0.0,na
Eco Counter GmbH,Stadt Karlsruhe,752,Erbprinzenstraße,100004165,Y2H16070301,8.4027153,49.0072864,(UTC+01:00) Europe/Paris DST,2013-06-11T15:00:00+02:00,215,234,na,449,21.0,0.0,na
Eco Counter GmbH,Stadt Karlsruhe,752,Erbprinzenstraße,100004165,Y2H16070301,8.4027153,49.0072864,(UTC+01:00) Europe/Paris DST,2013-06-11T16:00:00+02:00,278,278,na,556,21.0,0.0,na
Eco Counter GmbH,Stadt Karlsruhe,752,Erbprinzenstraße,100004165,Y2H16070301,8.4027153,49.0072864,(UTC+01:00) Europe/Paris DST,2013-06-11T17:00:00+02:00,312,335,na,647,21.0,0.0,na
Eco Counter GmbH,Stadt Karlsruhe,752,Erbprinzenstraße,100004165,Y2H16070301,8.4027153,49.0072864,(UTC+01:00) Europe/Paris DST,2013-06-11T18:00:00+02:00,290,317,na,607,19.0,0.0,na
Eco Counter GmbH,Stadt Karlsruhe,752,Erbprinzenstraße,100004165,Y2H16070301,8.4027153,49.0072864,(UTC+01:00) Europe/Paris DST,2013-06-11T19:00:00+02:00,232,258,na,490,18.0,0.0,na
Eco Counter GmbH,Stadt Karlsruhe,752,Erbprinzenstraße,100004165,Y2H16070301,8.4027153,49.0072864,(UTC+01:00) Europe/Paris DST,2013-06-11T20:00:00+02:00,140,204,na,344,17.0,0.0,na
Eco Counter GmbH,Stadt Karlsruhe,752,Erbprinzenstraße,100004165,Y2H16070301,8.4027153,49.0072864,(UTC+01:00) Europe/Paris DST,2013-06-11T21:00:00+02:00,91,119,na,210,16.0,0.0,na
Eco Counter GmbH,Stadt Karlsruhe,752,Erbprinzenstraße,100004165,Y2H16070301,8.4027153,49.0072864,(UTC+01:00) Europe/Paris DST,2013-06-11T22:00:00+02:00,111,135,na,246,14.0,0.0,na
Eco Counter GmbH,Stadt Karlsruhe,752,Erbprinzenstraße,100004165,Y2H16070301,8.4027153,49.0072864,(UTC+01:00) Europe/Paris DST,2013-06-11T23:00:00+02:00,63,96,na,159,13.0,0.0,na
Eco Counter GmbH,Stadt Karlsruhe,752,Erbprinzenstraße,100004165,Y2H16070301,8.4027153,49.0072864,(UTC+01:00) Europe/Paris DST,2013-06-12T00:00:00+02:00,30,35,na,65,12.0,0.0,na
Eco Counter GmbH,Stadt Karlsruhe,752,Erbprinzenstraße,100004165,Y2H16070301,8.4027153,49.0072864,(UTC+01:00) Europe/Paris DST,2013-06-12T01:00:00+02:00,14,29,na,43,11.0,0.0,na
Eco Counter GmbH,Stadt Karlsruhe,752,Erbprinzenstraße,100004165,Y2H16070301,8.4027153,49.0072864,(UTC+01:00) Europe/Paris DST,2013-06-12T02:00:00+02:00,8,8,na,16,11.0,0.0,na
Eco Counter GmbH,Stadt Karlsruhe,752,Erbprinzenstraße,100004165,Y2H16070301,8.4027153,49.0072864,(UTC+01:00) Europe/Paris DST,2013-06-12T03:00:00+02:00,1,8,na,9,12.0,0.0,na
Eco Counter GmbH,Stadt Karlsruhe,752,Erbprinzenstraße,100004165,Y2H16070301,8.4027153,49.0072864,(UTC+01:00) Europe/Paris DST,2013-06-12T04:00:00+02:00,5,10,na,15,13.0,0.0,na
Eco Counter GmbH,Stadt Karlsruhe,752,Erbprinzenstraße,100004165,Y2H16070301,8.4027153,49.0072864,(UTC+01:00) Europe/Paris DST,2013-06-12T05:00:00+02:00,8,32,na,40,14.0,0.0,na
Eco Counter GmbH,Stadt Karlsruhe,752,Erbprinzenstraße,100004165,Y2H16070301,8.4027153,49.0072864,(UTC+01:00) Europe/Paris DST,2013-06-12T06:00:00+02:00,33,33,na,66,15.0,0.0,na
Eco Counter GmbH,Stadt Karlsruhe,752,Erbprinzenstraße,100004165,Y2H16070301,8.4027153,49.0072864,(UTC+01:00) Europe/Paris DST,2013-06-12T07:00:00+02:00,114,187,na,301,17.0,0.0,na
Eco Counter GmbH,Stadt Karlsruhe,752,Erbprinzenstraße,100004165,Y2H16070301,8.4027153,49.0072864,(UTC+01:00) Europe/Paris DST,2013-06-12T08:00:00+02:00,204,281,na,485,18.0,0.0,na
Eco Counter GmbH,Stadt Karlsruhe,752,Erbprinzenstraße,100004165,Y2H16070301,8.4027153,49.0072864,(UTC+01:00) Europe/Paris DST,2013-06-12T09:00:00+02:00,219,273,na,492,20.0,0.0,na
Eco Counter GmbH,Stadt Karlsruhe,752,Erbprinzenstraße,100004165,Y2H16070301,8.4027153,49.0072864,(UTC+01:00) Europe/Paris DST,2013-06-12T10:00:00+02:00,156,211,na,367,21.0,0.0,na
Eco Counter GmbH,Stadt Karlsruhe,752,Erbprinzenstraße,100004165,Y2H16070301,8.4027153,49.0072864,(UTC+01:00) Europe/Paris DST,2013-06-12T11:00:00+02:00,202,200,na,402,22.0,0.0,na
Eco Counter GmbH,Stadt Karlsruhe,752,Erbprinzenstraße,100004165,Y2H16070301,8.4027153,49.0072864,(UTC+01:00) Europe/Paris DST,2013-06-12T12:00:00+02:00,250,247,na,497,22.0,0.0,na
Eco Counter GmbH,Stadt Karlsruhe,752,Erbprinzenstraße,100004165,Y2H16070301,8.4027153,49.0072864,(UTC+01:00) Europe/Paris DST,2013-06-12T13:00:00+02:00,244,285,na,529,23.0,0.0,na
Eco Counter GmbH,Stadt Karlsruhe,752,Erbprinzenstraße,100004165,Y2H16070301,8.4027153,49.0072864,(UTC+01:00) Europe/Paris DST,2013-06-12T14:00:00+02:00,239,238,na,477,24.0,0.0,na
Eco Counter GmbH,Stadt Karlsruhe,752,Erbprinzenstraße,100004165,Y2H16070301,8.4027153,49.0072864,(UTC+01:00) Europe/Paris DST,2013-06-12T15:00:00+02:00,213,268,na,481,23.0,0.0,na
Eco Counter GmbH,Stadt Karlsruhe,752,Erbprinzenstraße,100004165,Y2H16070301,8.4027153,49.0072864,(UTC+01:00) Europe/Paris DST,2013-06-12T16:00:00+02:00,238,315,na,553,23.0,0.0,na
Eco Counter GmbH,Stadt Karlsruhe,752,Erbprinzenstraße,100004165,Y2H16070301,8.4027153,49.0072864,(UTC+01:00) Europe/Paris DST,2013-06-12T17:00:00+02:00,336,399,na,735,22.0,0.0,na
Eco Counter GmbH,Stadt Karlsruhe,752,Erbprinzenstraße,100004165,Y2H16070301,8.4027153,49.0072864,(UTC+01:00) Europe/Paris DST,2013-06-12T18:00:00+02:00,251,310,na,561,21.0,0.0,na
Eco Counter GmbH,Stadt Karlsruhe,752,Erbprinzenstraße,100004165,Y2H16070301,8.4027153,49.0072864,(UTC+01:00) Europe/Paris DST,2013-06-12T19:00:00+02:00,175,316,na,491,20.0,0.0,na
Eco Counter GmbH,Stadt Karlsruhe,752,Erbprinzenstraße,100004165,Y2H16070301,8.4027153,49.0072864,(UTC+01:00) Europe/Paris DST,2013-06-12T20:00:00+02:00,142,223,na,365,18.0,0.0,na
Eco Counter GmbH,Stadt Karlsruhe,752,Erbprinzenstraße,100004165,Y2H16070301,8.4027153,49.0072864,(UTC+01:00) Europe/Paris DST,2013-06-12T21:00:00+02:00,100,120,na,220,16.0,0.0,na
Eco Counter GmbH,Stadt Karlsruhe,752,Erbprinzenstraße,100004165,Y2H16070301,8.4027153,49.0072864,(UTC+01:00) Europe/Paris DST,2013-06-12T22:00:00+02:00,94,103,na,197,16.0,0.0,na
Eco Counter GmbH,Stadt Karlsruhe,752,Erbprinzenstraße,100004165,Y2H16070301,8.4027153,49.0072864,(UTC+01:00) Europe/Paris DST,2013-06-12T23:00:00+02:00,90,77,na,167,15.0,0.0,na
Eco Counter GmbH,Stadt Karlsruhe,752,Erbprinzenstraße,100004165,Y2H16070301,8.4027153,49.0072864,(UTC+01:00) Europe/Paris DST,2013-06-13T00:00:00+02:00,64,40,na,104,15.0,0.0,na
Eco Counter GmbH,Stadt Karlsruhe,752,Erbprinzenstraße,100004165,Y2H16070301,8.4027153,49.0072864,(UTC+01:00) Europe/Paris DST,2013-06-13T01:00:00+02:00,25,26,na,51,15.0,0.0,na
Eco Counter GmbH,Stadt Karlsruhe,752,Erbprinzenstraße,100004165,Y2H16070301,8.4027153,49.0072864,(UTC+01:00) Europe/Paris DST,2013-06-13T02:00:00+02:00,18,5,na,23,14.0,0.0,na
Eco Counter GmbH,Stadt Karlsruhe,752,Erbprinzenstraße,100004165,Y2H16070301,8.4027153,49.0072864,(UTC+01:00) Europe/Paris DST,2013-06-13T03:00:00+02:00,17,17,na,34,15.0,0.0,na
Eco Counter GmbH,Stadt Karlsruhe,752,Erbprinzenstraße,100004165,Y2H16070301,8.4027153,49.0072864,(UTC+01:00) Europe/Paris DST,2013-06-13T04:00:00+02:00,8,3,na,11,14.0,0.0,na
Eco Counter GmbH,Stadt Karlsruhe,752,Erbprinzenstraße,100004165,Y2H16070301,8.4027153,49.0072864,(UTC+01:00) Europe/Paris DST,2013-06-13T05:00:00+02:00,11,23,na,34,16.0,0.0,na
Eco Counter GmbH,Stadt Karlsruhe,752,Erbprinzenstraße,100004165,Y2H16070301,8.4027153,49.0072864,(UTC+01:00) Europe/Paris DST,2013-06-13T06:00:00+02:00,35,46,na,81,18.0,0.0,na
Eco Counter GmbH,Stadt Karlsruhe,752,Erbprinzenstraße,100004165,Y2H16070301,8.4027153,49.0072864,(UTC+01:00) Europe/Paris DST,2013-06-13T07:00:00+02:00,143,179,na,322,19.0,0.0,na
Eco Counter GmbH,Stadt Karlsruhe,752,Erbprinzenstraße,100004165,Y2H16070301,8.4027153,49.0072864,(UTC+01:00) Europe/Paris DST,2013-06-13T08:00:00+02:00,202,264,na,466,21.0,0.0,na
Eco Counter GmbH,Stadt Karlsruhe,752,Erbprinzenstraße,100004165,Y2H16070301,8.4027153,49.0072864,(UTC+01:00) Europe/Paris DST,2013-06-13T09:00:00+02:00,202,255,na,457,23.0,0.0,na
Eco Counter GmbH,Stadt Karlsruhe,752,Erbprinzenstraße,100004165,Y2H16070301,8.4027153,49.0072864,(UTC+01:00) Europe/Paris DST,2013-06-13T10:00:00+02:00,181,205,na,386,24.0,0.0,na
Eco Counter GmbH,Stadt Karlsruhe,752,Erbprinzenstraße,100004165,Y2H16070301,8.4027153,49.0072864,(UTC+01:00) Europe/Paris DST,2013-06-13T11:00:00+02:00,225,257,na,482,25.0,0.0,na
Eco Counter GmbH,Stadt Karlsruhe,752,Erbprinzenstraße,100004165,Y2H16070301,8.4027153,49.0072864,(UTC+01:00) Europe/Paris DST,2013-06-13T12:00:00+02:00,229,277,na,506,26.0,0.0,na
Eco Counter GmbH,Stadt Karlsruhe,752,Erbprinzenstraße,100004165,Y2H16070301,8.4027153,49.0072864,(UTC+01:00) Europe/Paris DST,2013-06-13T13:00:00+02:00,225,267,na,492,26.0,0.0,na
Eco Counter GmbH,Stadt Karlsruhe,752,Erbprinzenstraße,100004165,Y2H16070301,8.4027153,49.0072864,(UTC+01:00) Europe/Paris DST,2013-06-13T14:00:00+02:00,194,214,na,408,27.0,0.0,na
Eco Counter GmbH,Stadt Karlsruhe,752,Erbprinzenstraße,100004165,Y2H16070301,8.4027153,49.0072864,(UTC+01:00) Europe/Paris DST,2013-06-13T15:00:00+02:00,251,297,na,548,26.0,0.0,na
Eco Counter GmbH,Stadt Karlsruhe,752,Erbprinzenstraße,100004165,Y2H16070301,8.4027153,49.0072864,(UTC+01:00) Europe/Paris DST,2013-06-13T16:00:00+02:00,283,271,na,554,26.0,0.0,na
Eco Counter GmbH,Stadt Karlsruhe,752,Erbprinzenstraße,100004165,Y2H16070301,8.4027153,49.0072864,(UTC+01:00) Europe/Paris DST,2013-06-13T17:00:00+02:00,334,367,na,701,25.0,0.0,na
Eco Counter GmbH,Stadt Karlsruhe,752,Erbprinzenstraße,100004165,Y2H16070301,8.4027153,49.0072864,(UTC+01:00) Europe/Paris DST,2013-06-13T18:00:00+02:00,306,334,na,640,23.0,0.0,na
Eco Counter GmbH,Stadt Karlsruhe,752,Erbprinzenstraße,100004165,Y2H16070301,8.4027153,49.0072864,(UTC+01:00) Europe/Paris DST,2013-06-13T19:00:00+02:00,218,340,na,558,21.0,0.0,na
Eco Counter GmbH,Stadt Karlsruhe,752,Erbprinzenstraße,100004165,Y2H16070301,8.4027153,49.0072864,(UTC+01:00) Europe/Paris DST,2013-06-13T20:00:00+02:00,152,270,na,422,19.0,0.2,na
Eco Counter GmbH,Stadt Karlsruhe,752,Erbprinzenstraße,100004165,Y2H16070301,8.4027153,49.0072864,(UTC+01:00) Europe/Paris DST,2013-06-13T21:00:00+02:00,76,135,na,211,16.0,0.7,na
Eco Counter GmbH,Stadt Karlsruhe,752,Erbprinzenstraße,100004165,Y2H16070301,8.4027153,49.0072864,(UTC+01:00) Europe/Paris DST,2013-06-13T22:00:00+02:00,68,114,na,182,15.0,2.1,na
Eco Counter GmbH,Stadt Karlsruhe,752,Erbprinzenstraße,100004165,Y2H16070301,8.4027153,49.0072864,(UTC+01:00) Europe/Paris DST,2013-06-13T23:00:00+02:00,66,52,na,118,13.0,2.7,na
Eco Counter GmbH,Stadt Karlsruhe,752,Erbprinzenstraße,100004165,Y2H16070301,8.4027153,49.0072864,(UTC+01:00) Europe/Paris DST,2013-06-14T00:00:00+02:00,26,26,na,52,12.0,1.5,na
Eco Counter GmbH,Stadt Karlsruhe,752,Erbprinzenstraße,100004165,Y2H16070301,8.4027153,49.0072864,(UTC+01:00) Europe/Paris DST,2013-06-14T01:00:00+02:00,16,7,na,23,11.0,0.1,na
Eco Counter GmbH,Stadt Karlsruhe,752,Erbprinzenstraße,100004165,Y2H16070301,8.4027153,49.0072864,(UTC+01:00) Europe/Paris DST,2013-06-14T02:00:00+02:00,7,5,na,12,11.0,0.0,na
Eco Counter GmbH,Stadt Karlsruhe,752,Erbprinzenstraße,100004165,Y2H16070301,8.4027153,49.0072864,(UTC+01:00) Europe/Paris DST,2013-06-14T03:00:00+02:00,10,9,na,19,11.0,0.0,na
Eco Counter GmbH,Stadt Karlsruhe,752,Erbprinzenstraße,100004165,Y2H16070301,8.4027153,49.0072864,(UTC+01:00) Europe/Paris DST,2013-06-14T04:00:00+02:00,6,7,na,13,11.0,0.0,na
Eco Counter GmbH,Stadt Karlsruhe,752,Erbprinzenstraße,100004165,Y2H16070301,8.4027153,49.0072864,(UTC+01:00) Europe/Paris DST,2013-06-14T05:00:00+02:00,18,17,na,35,12.0,0.0,na
Eco Counter GmbH,Stadt Karlsruhe,752,Erbprinzenstraße,100004165,Y2H16070301,8.4027153,49.0072864,(UTC+01:00) Europe/Paris DST,2013-06-14T06:00:00+02:00,43,52,na,95,13.0,0.0,na
Eco Counter GmbH,Stadt Karlsruhe,752,Erbprinzenstraße,100004165,Y2H16070301,8.4027153,49.0072864,(UTC+01:00) Europe/Paris DST,2013-06-14T07:00:00+02:00,136,182,na,318,14.0,0.0,na
Eco Counter GmbH,Stadt Karlsruhe,752,Erbprinzenstraße,100004165,Y2H16070301,8.4027153,49.0072864,(UTC+01:00) Europe/Paris DST,2013-06-14T08:00:00+02:00,220,273,na,493,15.0,0.0,na
Eco Counter GmbH,Stadt Karlsruhe,752,Erbprinzenstraße,100004165,Y2H16070301,8.4027153,49.0072864,(UTC+01:00) Europe/Paris DST,2013-06-14T09:00:00+02:00,236,264,na,500,16.0,0.0,na
Eco Counter GmbH,Stadt Karlsruhe,752,Erbprinzenstraße,100004165,Y2H16070301,8.4027153,49.0072864,(UTC+01:00) Europe/Paris DST,2013-06-14T10:00:00+02:00,221,245,na,466,17.0,0.0,na
Eco Counter GmbH,Stadt Karlsruhe,752,Erbprinzenstraße,100004165,Y2H16070301,8.4027153,49.0072864,(UTC+01:00) Europe/Paris DST,2013-06-14T11:00:00+02:00,244,280,na,524,18.0,0.0,na
Eco Counter GmbH,Stadt Karlsruhe,752,Erbprinzenstraße,100004165,Y2H16070301,8.4027153,49.0072864,(UTC+01:00) Europe/Paris DST,2013-06-14T12:00:00+02:00,250,303,na,553,19.0,0.0,na
Eco Counter GmbH,Stadt Karlsruhe,752,Erbprinzenstraße,100004165,Y2H16070301,8.4027153,49.0072864,(UTC+01:00) Europe/Paris DST,2013-06-14T13:00:00+02:00,266,294,na,560,19.0,0.0,na
Eco Counter GmbH,Stadt Karlsruhe,752,Erbprinzenstraße,100004165,Y2H16070301,8.4027153,49.0072864,(UTC+01:00) Europe/Paris DST,2013-06-14T14:00:00+02:00,258,280,na,538,19.0,0.0,na
Eco Counter GmbH,Stadt Karlsruhe,752,Erbprinzenstraße,100004165,Y2H16070301,8.4027153,49.0072864,(UTC+01:00) Europe/Paris DST,2013-06-14T15:00:00+02:00,255,290,na,545,19.0,0.0,na
Eco Counter GmbH,Stadt Karlsruhe,752,Erbprinzenstraße,100004165,Y2H16070301,8.4027153,49.0072864,(UTC+01:00) Europe/Paris DST,2013-06-14T16:00:00+02:00,256,293,na,549,19.0,0.0,na
Eco Counter GmbH,Stadt Karlsruhe,752,Erbprinzenstraße,100004165,Y2H16070301,8.4027153,49.0072864,(UTC+01:00) Europe/Paris DST,2013-06-14T17:00:00+02:00,287,363,na,650,18.0,0.0,na
Eco Counter GmbH,Stadt Karlsruhe,752,Erbprinzenstraße,100004165,Y2H16070301,8.4027153,49.0072864,(UTC+01:00) Europe/Paris DST,2013-06-14T18:00:00+02:00,234,301,na,535,17.0,0.0,na
Eco Counter GmbH,Stadt Karlsruhe,752,Erbprinzenstraße,100004165,Y2H16070301,8.4027153,49.0072864,(UTC+01:00) Europe/Paris DST,2013-06-14T19:00:00+02:00,161,255,na,416,17.0,0.0,na
Eco Counter GmbH,Stadt Karlsruhe,752,Erbprinzenstraße,100004165,Y2H16070301,8.4027153,49.0072864,(UTC+01:00) Europe/Paris DST,2013-06-14T20:00:00+02:00,135,168,na,303,16.0,0.0,na
Eco Counter GmbH,Stadt Karlsruhe,752,Erbprinzenstraße,100004165,Y2H16070301,8.4027153,49.0072864,(UTC+01:00) Europe/Paris DST,2013-06-14T21:00:00+02:00,86,118,na,204,15.0,0.0,na
Eco Counter GmbH,Stadt Karlsruhe,752,Erbprinzenstraße,100004165,Y2H16070301,8.4027153,49.0072864,(UTC+01:00) Europe/Paris DST,2013-06-14T22:00:00+02:00,84,91,na,175,14.0,0.0,na
Eco Counter GmbH,Stadt Karlsruhe,752,Erbprinzenstraße,100004165,Y2H16070301,8.4027153,49.0072864,(UTC+01:00) Europe/Paris DST,2013-06-14T23:00:00+02:00,54,87,na,141,14.0,0.0,na
Eco Counter GmbH,Stadt Karlsruhe,752,Erbprinzenstraße,100004165,Y2H16070301,8.4027153,49.0072864,(UTC+01:00) Europe/Paris DST,2013-06-15T00:00:00+02:00,57,86,na,143,13.0,0.0,na
Eco Counter GmbH,Stadt Karlsruhe,752,Erbprinzenstraße,100004165,Y2H16070301,8.4027153,49.0072864,(UTC+01:00) Europe/Paris DST,2013-06-15T01:00:00+02:00,39,49,na,88,13.0,0.0,na
Eco Counter GmbH,Stadt Karlsruhe,752,Erbprinzenstraße,100004165,Y2H16070301,8.4027153,49.0072864,(UTC+01:00) Europe/Paris DST,2013-06-15T02:00:00+02:00,33,41,na,74,12.0,0.0,na
Eco Counter GmbH,Stadt Karlsruhe,752,Erbprinzenstraße,100004165,Y2H16070301,8.4027153,49.0072864,(UTC+01:00) Europe/Paris DST,2013-06-15T03:00:00+02:00,28,28,na,56,12.0,0.0,na
Eco Counter GmbH,Stadt Karlsruhe,752,Erbprinzenstraße,100004165,Y2H16070301,8.4027153,49.0072864,(UTC+01:00) Europe/Paris DST,2013-06-15T04:00:00+02:00,19,13,na,32,13.0,0.0,na
Eco Counter GmbH,Stadt Karlsruhe,752,Erbprinzenstraße,100004165,Y2H16070301,8.4027153,49.0072864,(UTC+01:00) Europe/Paris DST,2013-06-15T05:00:00+02:00,9,18,na,27,14.0,0.0,na
Eco Counter GmbH,Stadt Karlsruhe,752,Erbprinzenstraße,100004165,Y2H16070301,8.4027153,49.0072864,(UTC+01:00) Europe/Paris DST,2013-06-15T06:00:00+02:00,15,17,na,32,16.0,0.0,na
Eco Counter GmbH,Stadt Karlsruhe,752,Erbprinzenstraße,100004165,Y2H16070301,8.4027153,49.0072864,(UTC+01:00) Europe/Paris DST,2013-06-15T07:00:00+02:00,18,21,na,39,18.0,0.0,na
Eco Counter GmbH,Stadt Karlsruhe,752,Erbprinzenstraße,100004165,Y2H16070301,8.4027153,49.0072864,(UTC+01:00) Europe/Paris DST,2013-06-15T08:00:00+02:00,42,45,na,87,19.0,0.0,na
Eco Counter GmbH,Stadt Karlsruhe,752,Erbprinzenstraße,100004165,Y2H16070301,8.4027153,49.0072864,(UTC+01:00) Europe/Paris DST,2013-06-15T09:00:00+02:00,100,90,na,190,21.0,0.0,na
Eco Counter GmbH,Stadt Karlsruhe,752,Erbprinzenstraße,100004165,Y2H16070301,8.4027153,49.0072864,(UTC+01:00) Europe/Paris DST,2013-06-15T10:00:00+02:00,157,143,na,300,22.0,0.0,na
Eco Counter GmbH,Stadt Karlsruhe,752,Erbprinzenstraße,100004165,Y2H16070301,8.4027153,49.0072864,(UTC+01:00) Europe/Paris DST,2013-06-15T11:00:00+02:00,194,178,na,372,22.0,0.1,na
Eco Counter GmbH,Stadt Karlsruhe,752,Erbprinzenstraße,100004165,Y2H16070301,8.4027153,49.0072864,(UTC+01:00) Europe/Paris DST,2013-06-15T12:00:00+02:00,176,209,na,385,23.0,0.0,na
Eco Counter GmbH,Stadt Karlsruhe,752,Erbprinzenstraße,100004165,Y2H16070301,8.4027153,49.0072864,(UTC+01:00) Europe/Paris DST,2013-06-15T13:00:00+02:00,205,270,na,475,23.0,0.2,na
Eco Counter GmbH,Stadt Karlsruhe,752,Erbprinzenstraße,100004165,Y2H16070301,8.4027153,49.0072864,(UTC+01:00) Europe/Paris DST,2013-06-15T14:00:00+02:00,185,240,na,425,23.0,0.0,na
Eco Counter GmbH,Stadt Karlsruhe,752,Erbprinzenstraße,100004165,Y2H16070301,8.4027153,49.0072864,(UTC+01:00) Europe/Paris DST,2013-06-15T15:00:00+02:00,211,259,na,470,23.0,0.0,na
Eco Counter GmbH,Stadt Karlsruhe,752,Erbprinzenstraße,100004165,Y2H16070301,8.4027153,49.0072864,(UTC+01:00) Europe/Paris DST,2013-06-15T16:00:00+02:00,174,249,na,423,22.0,0.0,na
Eco Counter GmbH,Stadt Karlsruhe,752,Erbprinzenstraße,100004165,Y2H16070301,8.4027153,49.0072864,(UTC+01:00) Europe/Paris DST,2013-06-15T17:00:00+02:00,159,242,na,401,20.0,0.0,na
Eco Counter GmbH,Stadt Karlsruhe,752,Erbprinzenstraße,100004165,Y2H16070301,8.4027153,49.0072864,(UTC+01:00) Europe/Paris DST,2013-06-15T18:00:00+02:00,136,239,na,375,19.0,0.0,na
Eco Counter GmbH,Stadt Karlsruhe,752,Erbprinzenstraße,100004165,Y2H16070301,8.4027153,49.0072864,(UTC+01:00) Europe/Paris DST,2013-06-15T19:00:00+02:00,144,182,na,326,18.0,0.0,na
Eco Counter GmbH,Stadt Karlsruhe,752,Erbprinzenstraße,100004165,Y2H16070301,8.4027153,49.0072864,(UTC+01:00) Europe/Paris DST,2013-06-15T20:00:00+02:00,87,130,na,217,17.0,0.0,na
Eco Counter GmbH,Stadt Karlsruhe,752,Erbprinzenstraße,100004165,Y2H16070301,8.4027153,49.0072864,(UTC+01:00) Europe/Paris DST,2013-06-15T21:00:00+02:00,63,77,na,140,16.0,0.0,na
Eco Counter GmbH,Stadt Karlsruhe,752,Erbprinzenstraße,100004165,Y2H16070301,8.4027153,49.0072864,(UTC+01:00) Europe/Paris DST,2013-06-15T22:00:00+02:00,67,76,na,143,15.0,0.0,na
Eco Counter GmbH,Stadt Karlsruhe,752,Erbprinzenstraße,100004165,Y2H16070301,8.4027153,49.0072864,(UTC+01:00) Europe/Paris DST,2013-06-15T23:00:00+02:00,71,98,na,169,14.0,0.0,na
Eco Counter GmbH,Stadt Karlsruhe,752,Erbprinzenstraße,100004165,Y2H16070301,8.4027153,49.0072864,(UTC+01:00) Europe/Paris DST,2013-06-16T00:00:00+02:00,68,75,na,143,13.0,0.0,na
Eco Counter GmbH,Stadt Karlsruhe,752,Erbprinzenstraße,100004165,Y2H16070301,8.4027153,49.0072864,(UTC+01:00) Europe/Paris DST,2013-06-16T01:00:00+02:00,40,44,na,84,13.0,0.0,na
Eco Counter GmbH,Stadt Karlsruhe,752,Erbprinzenstraße,100004165,Y2H16070301,8.4027153,49.0072864,(UTC+01:00) Europe/Paris DST,2013-06-16T02:00:00+02:00,27,28,na,55,12.0,0.0,na
Eco Counter GmbH,Stadt Karlsruhe,752,Erbprinzenstraße,100004165,Y2H16070301,8.4027153,49.0072864,(UTC+01:00) Europe/Paris DST,2013-06-16T03:00:00+02:00,22,25,na,47,12.0,0.0,na
Eco Counter GmbH,Stadt Karlsruhe,752,Erbprinzenstraße,100004165,Y2H16070301,8.4027153,49.0072864,(UTC+01:00) Europe/Paris DST,2013-06-16T04:00:00+02:00,24,33,na,57,12.0,0.0,na
Eco Counter GmbH,Stadt Karlsruhe,752,Erbprinzenstraße,100004165,Y2H16070301,8.4027153,49.0072864,(UTC+01:00) Europe/Paris DST,2013-06-16T05:00:00+02:00,10,12,na,22,13.0,0.0,na
Eco Counter GmbH,Stadt Karlsruhe,752,Erbprinzenstraße,100004165,Y2H16070301,8.4027153,49.0072864,(UTC+01:00) Europe/Paris DST,2013-06-16T06:00:00+02:00,11,8,na,19,15.0,0.0,na
Eco Counter GmbH,Stadt Karlsruhe,752,Erbprinzenstraße,100004165,Y2H16070301,8.4027153,49.0072864,(UTC+01:00) Europe/Paris DST,2013-06-16T07:00:00+02:00,4,11,na,15,17.0,0.0,na
Eco Counter GmbH,Stadt Karlsruhe,752,Erbprinzenstraße,100004165,Y2H16070301,8.4027153,49.0072864,(UTC+01:00) Europe/Paris DST,2013-06-16T08:00:00+02:00,24,22,na,46,18.0,0.0,na
Eco Counter GmbH,Stadt Karlsruhe,752,Erbprinzenstraße,100004165,Y2H16070301,8.4027153,49.0072864,(UTC+01:00) Europe/Paris DST,2013-06-16T09:00:00+02:00,38,41,na,79,20.0,0.0,na
Eco Counter GmbH,Stadt Karlsruhe,752,Erbprinzenstraße,100004165,Y2H16070301,8.4027153,49.0072864,(UTC+01:00) Europe/Paris DST,2013-06-16T10:00:00+02:00,50,77,na,127,21.0,0.0,na
Eco Counter GmbH,Stadt Karlsruhe,752,Erbprinzenstraße,100004165,Y2H16070301,8.4027153,49.0072864,(UTC+01:00) Europe/Paris DST,2013-06-16T11:00:00+02:00,74,66,na,140,22.0,0.0,na
Eco Counter GmbH,Stadt Karlsruhe,752,Erbprinzenstraße,100004165,Y2H16070301,8.4027153,49.0072864,(UTC+01:00) Europe/Paris DST,2013-06-16T12:00:00+02:00,77,104,na,181,23.0,0.0,na
Eco Counter GmbH,Stadt Karlsruhe,752,Erbprinzenstraße,100004165,Y2H16070301,8.4027153,49.0072864,(UTC+01:00) Europe/Paris DST,2013-06-16T13:00:00+02:00,78,77,na,155,24.0,0.0,na
Eco Counter GmbH,Stadt Karlsruhe,752,Erbprinzenstraße,100004165,Y2H16070301,8.4027153,49.0072864,(UTC+01:00) Europe/Paris DST,2013-06-16T14:00:00+02:00,81,93,na,174,25.0,0.0,na
Eco Counter GmbH,Stadt Karlsruhe,752,Erbprinzenstraße,100004165,Y2H16070301,8.4027153,49.0072864,(UTC+01:00) Europe/Paris DST,2013-06-16T15:00:00+02:00,81,116,na,197,25.0,0.0,na
Eco Counter GmbH,Stadt Karlsruhe,752,Erbprinzenstraße,100004165,Y2H16070301,8.4027153,49.0072864,(UTC+01:00) Europe/Paris DST,2013-06-16T16:00:00+02:00,87,100,na,187,25.0,0.0,na
Eco Counter GmbH,Stadt Karlsruhe,752,Erbprinzenstraße,100004165,Y2H16070301,8.4027153,49.0072864,(UTC+01:00) Europe/Paris DST,2013-06-16T17:00:00+02:00,97,128,na,225,24.0,0.0,na
Eco Counter GmbH,Stadt Karlsruhe,752,Erbprinzenstraße,100004165,Y2H16070301,8.4027153,49.0072864,(UTC+01:00) Europe/Paris DST,2013-06-16T18:00:00+02:00,107,110,na,217,23.0,0.0,na
Eco Counter GmbH,Stadt Karlsruhe,752,Erbprinzenstraße,100004165,Y2H16070301,8.4027153,49.0072864,(UTC+01:00) Europe/Paris DST,2013-06-16T19:00:00+02:00,96,129,na,225,21.0,0.0,na
Eco Counter GmbH,Stadt Karlsruhe,752,Erbprinzenstraße,100004165,Y2H16070301,8.4027153,49.0072864,(UTC+01:00) Europe/Paris DST,2013-06-16T20:00:00+02:00,96,96,na,192,20.0,0.0,na
Eco Counter GmbH,Stadt Karlsruhe,752,Erbprinzenstraße,100004165,Y2H16070301,8.4027153,49.0072864,(UTC+01:00) Europe/Paris DST,2013-06-16T21:00:00+02:00,76,78,na,154,18.0,0.0,na
Eco Counter GmbH,Stadt Karlsruhe,752,Erbprinzenstraße,100004165,Y2H16070301,8.4027153,49.0072864,(UTC+01:00) Europe/Paris DST,2013-06-16T22:00:00+02:00,76,78,na,154,17.0,0.0,na
Eco Counter GmbH,Stadt Karlsruhe,752,Erbprinzenstraße,100004165,Y2H16070301,8.4027153,49.0072864,(UTC+01:00) Europe/Paris DST,2013-06-16T23:00:00+02:00,43,39,na,82,16.0,0.0,na
Eco Counter GmbH,Stadt Karlsruhe,752,Erbprinzenstraße,100004165,Y2H16070301,8.4027153,49.0072864,(UTC+01:00) Europe/Paris DST,2013-06-17T00:00:00+02:00,17,21,na,38,15.0,0.0,na
Eco Counter GmbH,Stadt Karlsruhe,752,Erbprinzenstraße,100004165,Y2H16070301,8.4027153,49.0072864,(UTC+01:00) Europe/Paris DST,2013-06-17T01:00:00+02:00,10,6,na,16,15.0,0.0,na
Eco Counter GmbH,Stadt Karlsruhe,752,Erbprinzenstraße,100004165,Y2H16070301,8.4027153,49.0072864,(UTC+01:00) Europe/Paris DST,2013-06-17T02:00:00+02:00,1,2,na,3,15.0,0.0,na
Eco Counter GmbH,Stadt Karlsruhe,752,Erbprinzenstraße,100004165,Y2H16070301,8.4027153,49.0072864,(UTC+01:00) Europe/Paris DST,2013-06-17T03:00:00+02:00,8,5,na,13,16.0,0.0,na
Eco Counter GmbH,Stadt Karlsruhe,752,Erbprinzenstraße,100004165,Y2H16070301,8.4027153,49.0072864,(UTC+01:00) Europe/Paris DST,2013-06-17T04:00:00+02:00,7,5,na,12,16.0,0.0,na
Eco Counter GmbH,Stadt Karlsruhe,752,Erbprinzenstraße,100004165,Y2H16070301,8.4027153,49.0072864,(UTC+01:00) Europe/Paris DST,2013-06-17T05:00:00+02:00,15,29,na,44,17.0,0.0,na
Eco Counter GmbH,Stadt Karlsruhe,752,Erbprinzenstraße,100004165,Y2H16070301,8.4027153,49.0072864,(UTC+01:00) Europe/Paris DST,2013-06-17T06:00:00+02:00,37,64,na,101,19.0,0.0,na
Eco Counter GmbH,Stadt Karlsruhe,752,Erbprinzenstraße,100004165,Y2H16070301,8.4027153,49.0072864,(UTC+01:00) Europe/Paris DST,2013-06-17T07:00:00+02:00,134,203,na,337,21.0,0.0,na
Eco Counter GmbH,Stadt Karlsruhe,752,Erbprinzenstraße,100004165,Y2H16070301,8.4027153,49.0072864,(UTC+01:00) Europe/Paris DST,2013-06-17T08:00:00+02:00,207,311,na,518,23.0,0.0,na
Eco Counter GmbH,Stadt Karlsruhe,752,Erbprinzenstraße,100004165,Y2H16070301,8.4027153,49.0072864,(UTC+01:00) Europe/Paris DST,2013-06-17T09:00:00+02:00,239,275,na,514,25.0,0.0,na
Eco Counter GmbH,Stadt Karlsruhe,752,Erbprinzenstraße,100004165,Y2H16070301,8.4027153,49.0072864,(UTC+01:00) Europe/Paris DST,2013-06-17T10:00:00+02:00,189,189,na,378,27.0,0.0,na
Eco Counter GmbH,Stadt Karlsruhe,752,Erbprinzenstraße,100004165,Y2H16070301,8.4027153,49.0072864,(UTC+01:00) Europe/Paris DST,2013-06-17T11:00:00+02:00,205,242,na,447,28.0,0.0,na
Eco Counter GmbH,Stadt Karlsruhe,752,Erbprinzenstraße,100004165,Y2H16070301,8.4027153,49.0072864,(UTC+01:00) Europe/Paris DST,2013-06-17T12:00:00+02:00,200,272,na,472,30.0,0.0,na
Eco Counter GmbH,Stadt Karlsruhe,752,Erbprinzenstraße,100004165,Y2H16070301,8.4027153,49.0072864,(UTC+01:00) Europe/Paris DST,2013-06-17T13:00:00+02:00,232,264,na,496,31.0,0.0,na
Eco Counter GmbH,Stadt Karlsruhe,752,Erbprinzenstraße,100004165,Y2H16070301,8.4027153,49.0072864,(UTC+01:00) Europe/Paris DST,2013-06-17T14:00:00+02:00,204,235,na,439,32.0,0.0,na
Eco Counter GmbH,Stadt Karlsruhe,752,Erbprinzenstraße,100004165,Y2H16070301,8.4027153,49.0072864,(UTC+01:00) Europe/Paris DST,2013-06-17T15:00:00+02:00,229,280,na,509,33.0,0.0,na
Eco Counter GmbH,Stadt Karlsruhe,752,Erbprinzenstraße,100004165,Y2H16070301,8.4027153,49.0072864,(UTC+01:00) Europe/Paris DST,2013-06-17T16:00:00+02:00,224,268,na,492,33.0,0.0,na
Eco Counter GmbH,Stadt Karlsruhe,752,Erbprinzenstraße,100004165,Y2H16070301,8.4027153,49.0072864,(UTC+01:00) Europe/Paris DST,2013-06-17T17:00:00+02:00,292,362,na,654,31.0,0.0,na
Eco Counter GmbH,Stadt Karlsruhe,752,Erbprinzenstraße,100004165,Y2H16070301,8.4027153,49.0072864,(UTC+01:00) Europe/Paris DST,2013-06-17T18:00:00+02:00,288,325,na,613,30.0,0.0,na
Eco Counter GmbH,Stadt Karlsruhe,752,Erbprinzenstraße,100004165,Y2H16070301,8.4027153,49.0072864,(UTC+01:00) Europe/Paris DST,2013-06-17T19:00:00+02:00,237,291,na,528,29.0,0.0,na
Eco Counter GmbH,Stadt Karlsruhe,752,Erbprinzenstraße,100004165,Y2H16070301,8.4027153,49.0072864,(UTC+01:00) Europe/Paris DST,2013-06-17T20:00:00+02:00,136,215,na,351,27.0,0.0,na
Eco Counter GmbH,Stadt Karlsruhe,752,Erbprinzenstraße,100004165,Y2H16070301,8.4027153,49.0072864,(UTC+01:00) Europe/Paris DST,2013-06-17T21:00:00+02:00,103,159,na,262,25.0,0.0,na
Eco Counter GmbH,Stadt Karlsruhe,752,Erbprinzenstraße,100004165,Y2H16070301,8.4027153,49.0072864,(UTC+01:00) Europe/Paris DST,2013-06-17T22:00:00+02:00,121,126,na,247,23.0,0.0,na
Eco Counter GmbH,Stadt Karlsruhe,752,Erbprinzenstraße,100004165,Y2H16070301,8.4027153,49.0072864,(UTC+01:00) Europe/Paris DST,2013-06-17T23:00:00+02:00,92,70,na,162,22.0,0.0,na
Eco Counter GmbH,Stadt Karlsruhe,752,Erbprinzenstraße,100004165,Y2H16070301,8.4027153,49.0072864,(UTC+01:00) Europe/Paris DST,2013-06-18T00:00:00+02:00,41,38,na,79,21.0,0.0,na
Eco Counter GmbH,Stadt Karlsruhe,752,Erbprinzenstraße,100004165,Y2H16070301,8.4027153,49.0072864,(UTC+01:00) Europe/Paris DST,2013-06-18T01:00:00+02:00,14,8,na,22,20.0,0.0,na
Eco Counter GmbH,Stadt Karlsruhe,752,Erbprinzenstraße,100004165,Y2H16070301,8.4027153,49.0072864,(UTC+01:00) Europe/Paris DST,2013-06-18T02:00:00+02:00,7,4,na,11,20.0,0.0,na
Eco Counter GmbH,Stadt Karlsruhe,752,Erbprinzenstraße,100004165,Y2H16070301,8.4027153,49.0072864,(UTC+01:00) Europe/Paris DST,2013-06-18T03:00:00+02:00,9,4,na,13,20.0,0.0,na
Eco Counter GmbH,Stadt Karlsruhe,752,Erbprinzenstraße,100004165,Y2H16070301,8.4027153,49.0072864,(UTC+01:00) Europe/Paris DST,2013-06-18T04:00:00+02:00,6,1,na,7,20.0,0.0,na
Eco Counter GmbH,Stadt Karlsruhe,752,Erbprinzenstraße,100004165,Y2H16070301,8.4027153,49.0072864,(UTC+01:00) Europe/Paris DST,2013-06-18T05:00:00+02:00,11,24,na,35,20.0,0.0,na
Eco Counter GmbH,Stadt Karlsruhe,752,Erbprinzenstraße,100004165,Y2H16070301,8.4027153,49.0072864,(UTC+01:00) Europe/Paris DST,2013-06-18T06:00:00+02:00,41,70,na,111,23.0,0.0,na
Eco Counter GmbH,Stadt Karlsruhe,752,Erbprinzenstraße,100004165,Y2H16070301,8.4027153,49.0072864,(UTC+01:00) Europe/Paris DST,2013-06-18T07:00:00+02:00,139,230,na,369,24.0,0.0,na
Eco Counter GmbH,Stadt Karlsruhe,752,Erbprinzenstraße,100004165,Y2H16070301,8.4027153,49.0072864,(UTC+01:00) Europe/Paris DST,2013-06-18T08:00:00+02:00,197,273,na,470,26.0,0.0,na
Eco Counter GmbH,Stadt Karlsruhe,752,Erbprinzenstraße,100004165,Y2H16070301,8.4027153,49.0072864,(UTC+01:00) Europe/Paris DST,2013-06-18T09:00:00+02:00,238,265,na,503,27.0,0.0,na
Eco Counter GmbH,Stadt Karlsruhe,752,Erbprinzenstraße,100004165,Y2H16070301,8.4027153,49.0072864,(UTC+01:00) Europe/Paris DST,2013-06-18T10:00:00+02:00,200,219,na,419,29.0,0.0,na
Eco Counter GmbH,Stadt Karlsruhe,752,Erbprinzenstraße,100004165,Y2H16070301,8.4027153,49.0072864,(UTC+01:00) Europe/Paris DST,2013-06-18T11:00:00+02:00,197,230,na,427,31.0,0.0,na
Eco Counter GmbH,Stadt Karlsruhe,752,Erbprinzenstraße,100004165,Y2H16070301,8.4027153,49.0072864,(UTC+01:00) Europe/Paris DST,2013-06-18T12:00:00+02:00,178,271,na,449,32.0,0.0,na
Eco Counter GmbH,Stadt Karlsruhe,752,Erbprinzenstraße,100004165,Y2H16070301,8.4027153,49.0072864,(UTC+01:00) Europe/Paris DST,2013-06-18T13:00:00+02:00,244,281,na,525,32.0,0.0,na
Eco Counter GmbH,Stadt Karlsruhe,752,Erbprinzenstraße,100004165,Y2H16070301,8.4027153,49.0072864,(UTC+01:00) Europe/Paris DST,2013-06-18T14:00:00+02:00,195,208,na,403,33.0,0.0,na
Eco Counter GmbH,Stadt Karlsruhe,752,Erbprinzenstraße,100004165,Y2H16070301,8.4027153,49.0072864,(UTC+01:00) Europe/Paris DST,2013-06-18T15:00:00+02:00,239,265,na,504,32.0,0.0,na
Eco Counter GmbH,Stadt Karlsruhe,752,Erbprinzenstraße,100004165,Y2H16070301,8.4027153,49.0072864,(UTC+01:00) Europe/Paris DST,2013-06-18T16:00:00+02:00,223,271,na,494,31.0,0.0,na
Eco Counter GmbH,Stadt Karlsruhe,752,Erbprinzenstraße,100004165,Y2H16070301,8.4027153,49.0072864,(UTC+01:00) Europe/Paris DST,2013-06-18T17:00:00+02:00,325,304,na,629,30.0,0.0,na
Eco Counter GmbH,Stadt Karlsruhe,752,Erbprinzenstraße,100004165,Y2H16070301,8.4027153,49.0072864,(UTC+01:00) Europe/Paris DST,2013-06-18T18:00:00+02:00,236,300,na,536,29.0,0.0,na
Eco Counter GmbH,Stadt Karlsruhe,752,Erbprinzenstraße,100004165,Y2H16070301,8.4027153,49.0072864,(UTC+01:00) Europe/Paris DST,2013-06-18T19:00:00+02:00,223,262,na,485,27.0,0.0,na
Eco Counter GmbH,Stadt Karlsruhe,752,Erbprinzenstraße,100004165,Y2H16070301,8.4027153,49.0072864,(UTC+01:00) Europe/Paris DST,2013-06-18T20:00:00+02:00,111,196,na,307,26.0,0.0,na
Eco Counter GmbH,Stadt Karlsruhe,752,Erbprinzenstraße,100004165,Y2H16070301,8.4027153,49.0072864,(UTC+01:00) Europe/Paris DST,2013-06-18T21:00:00+02:00,125,179,na,304,25.0,0.0,na
Eco Counter GmbH,Stadt Karlsruhe,752,Erbprinzenstraße,100004165,Y2H16070301,8.4027153,49.0072864,(UTC+01:00) Europe/Paris DST,2013-06-18T22:00:00+02:00,110,137,na,247,24.0,0.0,na
Eco Counter GmbH,Stadt Karlsruhe,752,Erbprinzenstraße,100004165,Y2H16070301,8.4027153,49.0072864,(UTC+01:00) Europe/Paris DST,2013-06-18T23:00:00+02:00,89,89,na,178,23.0,0.0,na
Eco Counter GmbH,Stadt Karlsruhe,752,Erbprinzenstraße,100004165,Y2H16070301,8.4027153,49.0072864,(UTC+01:00) Europe/Paris DST,2013-06-19T00:00:00+02:00,32,57,na,89,22.0,0.0,na
Eco Counter GmbH,Stadt Karlsruhe,752,Erbprinzenstraße,100004165,Y2H16070301,8.4027153,49.0072864,(UTC+01:00) Europe/Paris DST,2013-06-19T01:00:00+02:00,8,20,na,28,21.0,0.0,na
Eco Counter GmbH,Stadt Karlsruhe,752,Erbprinzenstraße,100004165,Y2H16070301,8.4027153,49.0072864,(UTC+01:00) Europe/Paris DST,2013-06-19T02:00:00+02:00,3,5,na,8,21.0,0.0,na
Eco Counter GmbH,Stadt Karlsruhe,752,Erbprinzenstraße,100004165,Y2H16070301,8.4027153,49.0072864,(UTC+01:00) Europe/Paris DST,2013-06-19T03:00:00+02:00,5,10,na,15,21.0,0.0,na
Eco Counter GmbH,Stadt Karlsruhe,752,Erbprinzenstraße,100004165,Y2H16070301,8.4027153,49.0072864,(UTC+01:00) Europe/Paris DST,2013-06-19T04:00:00+02:00,1,5,na,6,21.0,0.0,na
Eco Counter GmbH,Stadt Karlsruhe,752,Erbprinzenstraße,100004165,Y2H16070301,8.4027153,49.0072864,(UTC+01:00) Europe/Paris DST,2013-06-19T05:00:00+02:00,28,25,na,53,22.0,0.0,na
Eco Counter GmbH,Stadt Karlsruhe,752,Erbprinzenstraße,100004165,Y2H16070301,8.4027153,49.0072864,(UTC+01:00) Europe/Paris DST,2013-06-19T06:00:00+02:00,46,59,na,105,23.0,0.0,na
Eco Counter GmbH,Stadt Karlsruhe,752,Erbprinzenstraße,100004165,Y2H16070301,8.4027153,49.0072864,(UTC+01:00) Europe/Paris DST,2013-06-19T07:00:00+02:00,161,202,na,363,25.0,0.0,na
Eco Counter GmbH,Stadt Karlsruhe,752,Erbprinzenstraße,100004165,Y2H16070301,8.4027153,49.0072864,(UTC+01:00) Europe/Paris DST,2013-06-19T08:00:00+02:00,252,299,na,551,27.0,0.0,na
Eco Counter GmbH,Stadt Karlsruhe,752,Erbprinzenstraße,100004165,Y2H16070301,8.4027153,49.0072864,(UTC+01:00) Europe/Paris DST,2013-06-19T09:00:00+02:00,245,284,na,529,29.0,0.0,na
Eco Counter GmbH,Stadt Karlsruhe,752,Erbprinzenstraße,100004165,Y2H16070301,8.4027153,49.0072864,(UTC+01:00) Europe/Paris DST,2013-06-19T10:00:00+02:00,189,213,na,402,30.0,0.0,na
Eco Counter GmbH,Stadt Karlsruhe,752,Erbprinzenstraße,100004165,Y2H16070301,8.4027153,49.0072864,(UTC+01:00) Europe/Paris DST,2013-06-19T11:00:00+02:00,201,222,na,423,32.0,0.0,na
Eco Counter GmbH,Stadt Karlsruhe,752,Erbprinzenstraße,100004165,Y2H16070301,8.4027153,49.0072864,(UTC+01:00) Europe/Paris DST,2013-06-19T12:00:00+02:00,215,271,na,486,33.0,0.0,na
Eco Counter GmbH,Stadt Karlsruhe,752,Erbprinzenstraße,100004165,Y2H16070301,8.4027153,49.0072864,(UTC+01:00) Europe/Paris DST,2013-06-19T13:00:00+02:00,235,281,na,516,34.0,0.0,na
Eco Counter GmbH,Stadt Karlsruhe,752,Erbprinzenstraße,100004165,Y2H16070301,8.4027153,49.0072864,(UTC+01:00) Europe/Paris DST,2013-06-19T14:00:00+02:00,200,228,na,428,34.0,0.0,na
Eco Counter GmbH,Stadt Karlsruhe,752,Erbprinzenstraße,100004165,Y2H16070301,8.4027153,49.0072864,(UTC+01:00) Europe/Paris DST,2013-06-19T15:00:00+02:00,206,235,na,441,35.0,0.0,na
Eco Counter GmbH,Stadt Karlsruhe,752,Erbprinzenstraße,100004165,Y2H16070301,8.4027153,49.0072864,(UTC+01:00) Europe/Paris DST,2013-06-19T16:00:00+02:00,226,264,na,490,34.0,0.0,na
Eco Counter GmbH,Stadt Karlsruhe,752,Erbprinzenstraße,100004165,Y2H16070301,8.4027153,49.0072864,(UTC+01:00) Europe/Paris DST,2013-06-19T17:00:00+02:00,307,305,na,612,33.0,0.0,na
Eco Counter GmbH,Stadt Karlsruhe,752,Erbprinzenstraße,100004165,Y2H16070301,8.4027153,49.0072864,(UTC+01:00) Europe/Paris DST,2013-06-19T18:00:00+02:00,224,297,na,521,31.0,0.0,na
Eco Counter GmbH,Stadt Karlsruhe,752,Erbprinzenstraße,100004165,Y2H16070301,8.4027153,49.0072864,(UTC+01:00) Europe/Paris DST,2013-06-19T19:00:00+02:00,195,262,na,457,29.0,0.0,na
Eco Counter GmbH,Stadt Karlsruhe,752,Erbprinzenstraße,100004165,Y2H16070301,8.4027153,49.0072864,(UTC+01:00) Europe/Paris DST,2013-06-19T20:00:00+02:00,133,187,na,320,27.0,0.0,na
Eco Counter GmbH,Stadt Karlsruhe,752,Erbprinzenstraße,100004165,Y2H16070301,8.4027153,49.0072864,(UTC+01:00) Europe/Paris DST,2013-06-19T21:00:00+02:00,109,131,na,240,25.0,0.0,na
Eco Counter GmbH,Stadt Karlsruhe,752,Erbprinzenstraße,100004165,Y2H16070301,8.4027153,49.0072864,(UTC+01:00) Europe/Paris DST,2013-06-19T22:00:00+02:00,103,117,na,220,23.0,0.0,na
Eco Counter GmbH,Stadt Karlsruhe,752,Erbprinzenstraße,100004165,Y2H16070301,8.4027153,49.0072864,(UTC+01:00) Europe/Paris DST,2013-06-19T23:00:00+02:00,71,86,na,157,22.0,0.0,na
Eco Counter GmbH,Stadt Karlsruhe,752,Erbprinzenstraße,100004165,Y2H16070301,8.4027153,49.0072864,(UTC+01:00) Europe/Paris DST,2013-06-20T00:00:00+02:00,37,48,na,85,21.0,0.0,na
Eco Counter GmbH,Stadt Karlsruhe,752,Erbprinzenstraße,100004165,Y2H16070301,8.4027153,49.0072864,(UTC+01:00) Europe/Paris DST,2013-06-20T01:00:00+02:00,19,19,na,38,21.0,0.0,na
Eco Counter GmbH,Stadt Karlsruhe,752,Erbprinzenstraße,100004165,Y2H16070301,8.4027153,49.0072864,(UTC+01:00) Europe/Paris DST,2013-06-20T02:00:00+02:00,7,12,na,19,20.0,0.0,na
Eco Counter GmbH,Stadt Karlsruhe,752,Erbprinzenstraße,100004165,Y2H16070301,8.4027153,49.0072864,(UTC+01:00) Europe/Paris DST,2013-06-20T03:00:00+02:00,5,2,na,7,21.0,0.0,na
Eco Counter GmbH,Stadt Karlsruhe,752,Erbprinzenstraße,100004165,Y2H16070301,8.4027153,49.0072864,(UTC+01:00) Europe/Paris DST,2013-06-20T04:00:00+02:00,8,11,na,19,21.0,0.0,na
Eco Counter GmbH,Stadt Karlsruhe,752,Erbprinzenstraße,100004165,Y2H16070301,8.4027153,49.0072864,(UTC+01:00) Europe/Paris DST,2013-06-20T05:00:00+02:00,14,31,na,45,22.0,0.0,na
Eco Counter GmbH,Stadt Karlsruhe,752,Erbprinzenstraße,100004165,Y2H16070301,8.4027153,49.0072864,(UTC+01:00) Europe/Paris DST,2013-06-20T06:00:00+02:00,40,55,na,95,23.0,0.0,na
Eco Counter GmbH,Stadt Karlsruhe,752,Erbprinzenstraße,100004165,Y2H16070301,8.4027153,49.0072864,(UTC+01:00) Europe/Paris DST,2013-06-20T07:00:00+02:00,105,142,na,247,24.0,0.0,na
Eco Counter GmbH,Stadt Karlsruhe,752,Erbprinzenstraße,100004165,Y2H16070301,8.4027153,49.0072864,(UTC+01:00) Europe/Paris DST,2013-06-20T08:00:00+02:00,187,267,na,454,24.0,0.0,na
Eco Counter GmbH,Stadt Karlsruhe,752,Erbprinzenstraße,100004165,Y2H16070301,8.4027153,49.0072864,(UTC+01:00) Europe/Paris DST,2013-06-20T09:00:00+02:00,194,259,na,453,25.0,0.0,na
Eco Counter GmbH,Stadt Karlsruhe,752,Erbprinzenstraße,100004165,Y2H16070301,8.4027153,49.0072864,(UTC+01:00) Europe/Paris DST,2013-06-20T10:00:00+02:00,173,210,na,383,25.0,0.0,na
Eco Counter GmbH,Stadt Karlsruhe,752,Erbprinzenstraße,100004165,Y2H16070301,8.4027153,49.0072864,(UTC+01:00) Europe/Paris DST,2013-06-20T11:00:00+02:00,178,172,na,350,25.0,0.0,na
Eco Counter GmbH,Stadt Karlsruhe,752,Erbprinzenstraße,100004165,Y2H16070301,8.4027153,49.0072864,(UTC+01:00) Europe/Paris DST,2013-06-20T12:00:00+02:00,172,239,na,411,25.0,0.0,na
Eco Counter GmbH,Stadt Karlsruhe,752,Erbprinzenstraße,100004165,Y2H16070301,8.4027153,49.0072864,(UTC+01:00) Europe/Paris DST,2013-06-20T13:00:00+02:00,205,250,na,455,25.0,0.0,na
Eco Counter GmbH,Stadt Karlsruhe,752,Erbprinzenstraße,100004165,Y2H16070301,8.4027153,49.0072864,(UTC+01:00) Europe/Paris DST,2013-06-20T14:00:00+02:00,174,210,na,384,26.0,0.0,na
Eco Counter GmbH,Stadt Karlsruhe,752,Erbprinzenstraße,100004165,Y2H16070301,8.4027153,49.0072864,(UTC+01:00) Europe/Paris DST,2013-06-20T15:00:00+02:00,229,260,na,489,26.0,0.0,na
Eco Counter GmbH,Stadt Karlsruhe,752,Erbprinzenstraße,100004165,Y2H16070301,8.4027153,49.0072864,(UTC+01:00) Europe/Paris DST,2013-06-20T16:00:00+02:00,257,293,na,550,25.0,0.0,na
Eco Counter GmbH,Stadt Karlsruhe,752,Erbprinzenstraße,100004165,Y2H16070301,8.4027153,49.0072864,(UTC+01:00) Europe/Paris DST,2013-06-20T17:00:00+02:00,328,346,na,674,24.0,2.8,na
Eco Counter GmbH,Stadt Karlsruhe,752,Erbprinzenstraße,100004165,Y2H16070301,8.4027153,49.0072864,(UTC+01:00) Europe/Paris DST,2013-06-20T18:00:00+02:00,269,313,na,582,22.0,9.3,na
Eco Counter GmbH,Stadt Karlsruhe,752,Erbprinzenstraße,100004165,Y2H16070301,8.4027153,49.0072864,(UTC+01:00) Europe/Paris DST,2013-06-20T19:00:00+02:00,214,298,na,512,22.0,2.4,na
Eco Counter GmbH,Stadt Karlsruhe,752,Erbprinzenstraße,100004165,Y2H16070301,8.4027153,49.0072864,(UTC+01:00) Europe/Paris DST,2013-06-20T20:00:00+02:00,121,204,na,325,21.0,0.4,na
Eco Counter GmbH,Stadt Karlsruhe,752,Erbprinzenstraße,100004165,Y2H16070301,8.4027153,49.0072864,(UTC+01:00) Europe/Paris DST,2013-06-20T21:00:00+02:00,75,117,na,192,19.0,0.7,na
Eco Counter GmbH,Stadt Karlsruhe,752,Erbprinzenstraße,100004165,Y2H16070301,8.4027153,49.0072864,(UTC+01:00) Europe/Paris DST,2013-06-20T22:00:00+02:00,88,86,na,174,17.0,3.9,na
Eco Counter GmbH,Stadt Karlsruhe,752,Erbprinzenstraße,100004165,Y2H16070301,8.4027153,49.0072864,(UTC+01:00) Europe/Paris DST,2013-06-20T23:00:00+02:00,54,53,na,107,16.0,5.0,na
Eco Counter GmbH,Stadt Karlsruhe,752,Erbprinzenstraße,100004165,Y2H16070301,8.4027153,49.0072864,(UTC+01:00) Europe/Paris DST,2013-06-21T00:00:00+02:00,24,24,na,48,15.0,0.8,na
Eco Counter GmbH,Stadt Karlsruhe,752,Erbprinzenstraße,100004165,Y2H16070301,8.4027153,49.0072864,(UTC+01:00) Europe/Paris DST,2013-06-21T01:00:00+02:00,9,11,na,20,15.0,0.0,na
Eco Counter GmbH,Stadt Karlsruhe,752,Erbprinzenstraße,100004165,Y2H16070301,8.4027153,49.0072864,(UTC+01:00) Europe/Paris DST,2013-06-21T02:00:00+02:00,9,8,na,17,15.0,0.0,na
Eco Counter GmbH,Stadt Karlsruhe,752,Erbprinzenstraße,100004165,Y2H16070301,8.4027153,49.0072864,(UTC+01:00) Europe/Paris DST,2013-06-21T03:00:00+02:00,10,9,na,19,15.0,0.0,na
Eco Counter GmbH,Stadt Karlsruhe,752,Erbprinzenstraße,100004165,Y2H16070301,8.4027153,49.0072864,(UTC+01:00) Europe/Paris DST,2013-06-21T04:00:00+02:00,4,17,na,21,14.0,0.0,na
Eco Counter GmbH,Stadt Karlsruhe,752,Erbprinzenstraße,100004165,Y2H16070301,8.4027153,49.0072864,(UTC+01:00) Europe/Paris DST,2013-06-21T05:00:00+02:00,17,24,na,41,15.0,0.0,na
Eco Counter GmbH,Stadt Karlsruhe,752,Erbprinzenstraße,100004165,Y2H16070301,8.4027153,49.0072864,(UTC+01:00) Europe/Paris DST,2013-06-21T06:00:00+02:00,35,39,na,74,16.0,0.0,na
Eco Counter GmbH,Stadt Karlsruhe,752,Erbprinzenstraße,100004165,Y2H16070301,8.4027153,49.0072864,(UTC+01:00) Europe/Paris DST,2013-06-21T07:00:00+02:00,127,162,na,289,17.0,0.0,na
Eco Counter GmbH,Stadt Karlsruhe,752,Erbprinzenstraße,100004165,Y2H16070301,8.4027153,49.0072864,(UTC+01:00) Europe/Paris DST,2013-06-21T08:00:00+02:00,188,217,na,405,19.0,0.2,na
Eco Counter GmbH,Stadt Karlsruhe,752,Erbprinzenstraße,100004165,Y2H16070301,8.4027153,49.0072864,(UTC+01:00) Europe/Paris DST,2013-06-21T09:00:00+02:00,217,219,na,436,20.0,0.1,na
Eco Counter GmbH,Stadt Karlsruhe,752,Erbprinzenstraße,100004165,Y2H16070301,8.4027153,49.0072864,(UTC+01:00) Europe/Paris DST,2013-06-21T10:00:00+02:00,171,198,na,369,21.0,0.0,na
Eco Counter GmbH,Stadt Karlsruhe,752,Erbprinzenstraße,100004165,Y2H16070301,8.4027153,49.0072864,(UTC+01:00) Europe/Paris DST,2013-06-21T11:00:00+02:00,204,256,na,460,21.0,0.0,na
Eco Counter GmbH,Stadt Karlsruhe,752,Erbprinzenstraße,100004165,Y2H16070301,8.4027153,49.0072864,(UTC+01:00) Europe/Paris DST,2013-06-21T12:00:00+02:00,208,254,na,462,22.0,0.0,na
Eco Counter GmbH,Stadt Karlsruhe,752,Erbprinzenstraße,100004165,Y2H16070301,8.4027153,49.0072864,(UTC+01:00) Europe/Paris DST,2013-06-21T13:00:00+02:00,236,239,na,475,22.0,0.0,na
Eco Counter GmbH,Stadt Karlsruhe,752,Erbprinzenstraße,100004165,Y2H16070301,8.4027153,49.0072864,(UTC+01:00) Europe/Paris DST,2013-06-21T14:00:00+02:00,227,267,na,494,22.0,0.0,na
Eco Counter GmbH,Stadt Karlsruhe,752,Erbprinzenstraße,100004165,Y2H16070301,8.4027153,49.0072864,(UTC+01:00) Europe/Paris DST,2013-06-21T15:00:00+02:00,224,301,na,525,22.0,0.0,na
Eco Counter GmbH,Stadt Karlsruhe,752,Erbprinzenstraße,100004165,Y2H16070301,8.4027153,49.0072864,(UTC+01:00) Europe/Paris DST,2013-06-21T16:00:00+02:00,257,279,na,536,21.0,0.0,na
Eco Counter GmbH,Stadt Karlsruhe,752,Erbprinzenstraße,100004165,Y2H16070301,8.4027153,49.0072864,(UTC+01:00) Europe/Paris DST,2013-06-21T17:00:00+02:00,216,310,na,526,20.0,0.0,na
Eco Counter GmbH,Stadt Karlsruhe,752,Erbprinzenstraße,100004165,Y2H16070301,8.4027153,49.0072864,(UTC+01:00) Europe/Paris DST,2013-06-21T18:00:00+02:00,195,270,na,465,20.0,0.0,na
Eco Counter GmbH,Stadt Karlsruhe,752,Erbprinzenstraße,100004165,Y2H16070301,8.4027153,49.0072864,(UTC+01:00) Europe/Paris DST,2013-06-21T19:00:00+02:00,168,258,na,426,18.0,0.0,na
Eco Counter GmbH,Stadt Karlsruhe,752,Erbprinzenstraße,100004165,Y2H16070301,8.4027153,49.0072864,(UTC+01:00) Europe/Paris DST,2013-06-21T20:00:00+02:00,123,168,na,291,18.0,0.0,na
Eco Counter GmbH,Stadt Karlsruhe,752,Erbprinzenstraße,100004165,Y2H16070301,8.4027153,49.0072864,(UTC+01:00) Europe/Paris DST,2013-06-21T21:00:00+02:00,92,97,na,189,17.0,0.0,na
Eco Counter GmbH,Stadt Karlsruhe,752,Erbprinzenstraße,100004165,Y2H16070301,8.4027153,49.0072864,(UTC+01:00) Europe/Paris DST,2013-06-21T22:00:00+02:00,71,87,na,158,16.0,0.0,na
Eco Counter GmbH,Stadt Karlsruhe,752,Erbprinzenstraße,100004165,Y2H16070301,8.4027153,49.0072864,(UTC+01:00) Europe/Paris DST,2013-06-21T23:00:00+02:00,50,68,na,118,15.0,0.0,na
Eco Counter GmbH,Stadt Karlsruhe,752,Erbprinzenstraße,100004165,Y2H16070301,8.4027153,49.0072864,(UTC+01:00) Europe/Paris DST,2013-06-22T00:00:00+02:00,55,66,na,121,14.0,0.0,na
Eco Counter GmbH,Stadt Karlsruhe,752,Erbprinzenstraße,100004165,Y2H16070301,8.4027153,49.0072864,(UTC+01:00) Europe/Paris DST,2013-06-22T01:00:00+02:00,38,48,na,86,14.0,0.0,na
Eco Counter GmbH,Stadt Karlsruhe,752,Erbprinzenstraße,100004165,Y2H16070301,8.4027153,49.0072864,(UTC+01:00) Europe/Paris DST,2013-06-22T02:00:00+02:00,22,30,na,52,13.0,0.0,na
Eco Counter GmbH,Stadt Karlsruhe,752,Erbprinzenstraße,100004165,Y2H16070301,8.4027153,49.0072864,(UTC+01:00) Europe/Paris DST,2013-06-22T03:00:00+02:00,16,22,na,38,13.0,0.0,na
Eco Counter GmbH,Stadt Karlsruhe,752,Erbprinzenstraße,100004165,Y2H16070301,8.4027153,49.0072864,(UTC+01:00) Europe/Paris DST,2013-06-22T04:00:00+02:00,20,21,na,41,14.0,0.0,na
Eco Counter GmbH,Stadt Karlsruhe,752,Erbprinzenstraße,100004165,Y2H16070301,8.4027153,49.0072864,(UTC+01:00) Europe/Paris DST,2013-06-22T05:00:00+02:00,8,26,na,34,15.0,0.0,na
Eco Counter GmbH,Stadt Karlsruhe,752,Erbprinzenstraße,100004165,Y2H16070301,8.4027153,49.0072864,(UTC+01:00) Europe/Paris DST,2013-06-22T06:00:00+02:00,8,12,na,20,16.0,0.0,na
Eco Counter GmbH,Stadt Karlsruhe,752,Erbprinzenstraße,100004165,Y2H16070301,8.4027153,49.0072864,(UTC+01:00) Europe/Paris DST,2013-06-22T07:00:00+02:00,20,25,na,45,18.0,0.0,na
Eco Counter GmbH,Stadt Karlsruhe,752,Erbprinzenstraße,100004165,Y2H16070301,8.4027153,49.0072864,(UTC+01:00) Europe/Paris DST,2013-06-22T08:00:00+02:00,28,37,na,65,19.0,0.0,na
Eco Counter GmbH,Stadt Karlsruhe,752,Erbprinzenstraße,100004165,Y2H16070301,8.4027153,49.0072864,(UTC+01:00) Europe/Paris DST,2013-06-22T09:00:00+02:00,105,105,na,210,20.0,0.0,na
Eco Counter GmbH,Stadt Karlsruhe,752,Erbprinzenstraße,100004165,Y2H16070301,8.4027153,49.0072864,(UTC+01:00) Europe/Paris DST,2013-06-22T10:00:00+02:00,182,113,na,295,21.0,0.0,na
Eco Counter GmbH,Stadt Karlsruhe,752,Erbprinzenstraße,100004165,Y2H16070301,8.4027153,49.0072864,(UTC+01:00) Europe/Paris DST,2013-06-22T11:00:00+02:00,193,180,na,373,22.0,0.0,na
Eco Counter GmbH,Stadt Karlsruhe,752,Erbprinzenstraße,100004165,Y2H16070301,8.4027153,49.0072864,(UTC+01:00) Europe/Paris DST,2013-06-22T12:00:00+02:00,199,207,na,406,23.0,0.0,na
Eco Counter GmbH,Stadt Karlsruhe,752,Erbprinzenstraße,100004165,Y2H16070301,8.4027153,49.0072864,(UTC+01:00) Europe/Paris DST,2013-06-22T13:00:00+02:00,197,248,na,445,23.0,0.0,na
Eco Counter GmbH,Stadt Karlsruhe,752,Erbprinzenstraße,100004165,Y2H16070301,8.4027153,49.0072864,(UTC+01:00) Europe/Paris DST,2013-06-22T14:00:00+02:00,205,254,na,459,23.0,0.0,na
Eco Counter GmbH,Stadt Karlsruhe,752,Erbprinzenstraße,100004165,Y2H16070301,8.4027153,49.0072864,(UTC+01:00) Europe/Paris DST,2013-06-22T15:00:00+02:00,165,203,na,368,23.0,0.0,na
Eco Counter GmbH,Stadt Karlsruhe,752,Erbprinzenstraße,100004165,Y2H16070301,8.4027153,49.0072864,(UTC+01:00) Europe/Paris DST,2013-06-22T16:00:00+02:00,178,231,na,409,22.0,0.0,na
Eco Counter GmbH,Stadt Karlsruhe,752,Erbprinzenstraße,100004165,Y2H16070301,8.4027153,49.0072864,(UTC+01:00) Europe/Paris DST,2013-06-22T17:00:00+02:00,174,232,na,406,21.0,0.0,na
Eco Counter GmbH,Stadt Karlsruhe,752,Erbprinzenstraße,100004165,Y2H16070301,8.4027153,49.0072864,(UTC+01:00) Europe/Paris DST,2013-06-22T18:00:00+02:00,137,237,na,374,20.0,0.0,na
Eco Counter GmbH,Stadt Karlsruhe,752,Erbprinzenstraße,100004165,Y2H16070301,8.4027153,49.0072864,(UTC+01:00) Europe/Paris DST,2013-06-22T19:00:00+02:00,159,225,na,384,19.0,0.0,na
Eco Counter GmbH,Stadt Karlsruhe,752,Erbprinzenstraße,100004165,Y2H16070301,8.4027153,49.0072864,(UTC+01:00) Europe/Paris DST,2013-06-22T20:00:00+02:00,127,154,na,281,18.0,0.0,na
Eco Counter GmbH,Stadt Karlsruhe,752,Erbprinzenstraße,100004165,Y2H16070301,8.4027153,49.0072864,(UTC+01:00) Europe/Paris DST,2013-06-22T21:00:00+02:00,85,99,na,184,18.0,0.0,na
Eco Counter GmbH,Stadt Karlsruhe,752,Erbprinzenstraße,100004165,Y2H16070301,8.4027153,49.0072864,(UTC+01:00) Europe/Paris DST,2013-06-22T22:00:00+02:00,62,77,na,139,17.0,0.0,na
Eco Counter GmbH,Stadt Karlsruhe,752,Erbprinzenstraße,100004165,Y2H16070301,8.4027153,49.0072864,(UTC+01:00) Europe/Paris DST,2013-06-22T23:00:00+02:00,57,80,na,137,16.0,0.0,na
Eco Counter GmbH,Stadt Karlsruhe,752,Erbprinzenstraße,100004165,Y2H16070301,8.4027153,49.0072864,(UTC+01:00) Europe/Paris DST,2013-06-23T00:00:00+02:00,71,81,na,152,16.0,0.0,na
Eco Counter GmbH,Stadt Karlsruhe,752,Erbprinzenstraße,100004165,Y2H16070301,8.4027153,49.0072864,(UTC+01:00) Europe/Paris DST,2013-06-23T01:00:00+02:00,44,62,na,106,16.0,0.0,na
Eco Counter GmbH,Stadt Karlsruhe,752,Erbprinzenstraße,100004165,Y2H16070301,8.4027153,49.0072864,(UTC+01:00) Europe/Paris DST,2013-06-23T02:00:00+02:00,33,41,na,74,16.0,0.0,na
Eco Counter GmbH,Stadt Karlsruhe,752,Erbprinzenstraße,100004165,Y2H16070301,8.4027153,49.0072864,(UTC+01:00) Europe/Paris DST,2013-06-23T03:00:00+02:00,21,40,na,61,16.0,0.0,na
Eco Counter GmbH,Stadt Karlsruhe,752,Erbprinzenstraße,100004165,Y2H16070301,8.4027153,49.0072864,(UTC+01:00) Europe/Paris DST,2013-06-23T04:00:00+02:00,17,13,na,30,16.0,0.0,na
Eco Counter GmbH,Stadt Karlsruhe,752,Erbprinzenstraße,100004165,Y2H16070301,8.4027153,49.0072864,(UTC+01:00) Europe/Paris DST,2013-06-23T05:00:00+02:00,8,11,na,19,15.0,0.0,na
Eco Counter GmbH,Stadt Karlsruhe,752,Erbprinzenstraße,100004165,Y2H16070301,8.4027153,49.0072864,(UTC+01:00) Europe/Paris DST,2013-06-23T06:00:00+02:00,7,4,na,11,15.0,0.0,na
Eco Counter GmbH,Stadt Karlsruhe,752,Erbprinzenstraße,100004165,Y2H16070301,8.4027153,49.0072864,(UTC+01:00) Europe/Paris DST,2013-06-23T07:00:00+02:00,1,11,na,12,16.0,0.0,na
Eco Counter GmbH,Stadt Karlsruhe,752,Erbprinzenstraße,100004165,Y2H16070301,8.4027153,49.0072864,(UTC+01:00) Europe/Paris DST,2013-06-23T08:00:00+02:00,11,21,na,32,17.0,0.0,na
Eco Counter GmbH,Stadt Karlsruhe,752,Erbprinzenstraße,100004165,Y2H16070301,8.4027153,49.0072864,(UTC+01:00) Europe/Paris DST,2013-06-23T09:00:00+02:00,32,21,na,53,17.0,0.0,na
Eco Counter GmbH,Stadt Karlsruhe,752,Erbprinzenstraße,100004165,Y2H16070301,8.4027153,49.0072864,(UTC+01:00) Europe/Paris DST,2013-06-23T10:00:00+02:00,30,33,na,63,18.0,0.0,na
Eco Counter GmbH,Stadt Karlsruhe,752,Erbprinzenstraße,100004165,Y2H16070301,8.4027153,49.0072864,(UTC+01:00) Europe/Paris DST,2013-06-23T11:00:00+02:00,67,50,na,117,18.0,0.0,na
Eco Counter GmbH,Stadt Karlsruhe,752,Erbprinzenstraße,100004165,Y2H16070301,8.4027153,49.0072864,(UTC+01:00) Europe/Paris DST,2013-06-23T12:00:00+02:00,53,75,na,128,18.0,0.0,na
Eco Counter GmbH,Stadt Karlsruhe,752,Erbprinzenstraße,100004165,Y2H16070301,8.4027153,49.0072864,(UTC+01:00) Europe/Paris DST,2013-06-23T13:00:00+02:00,65,65,na,130,19.0,0.0,na
Eco Counter GmbH,Stadt Karlsruhe,752,Erbprinzenstraße,100004165,Y2H16070301,8.4027153,49.0072864,(UTC+01:00) Europe/Paris DST,2013-06-23T14:00:00+02:00,74,85,na,159,19.0,0.0,na
Eco Counter GmbH,Stadt Karlsruhe,752,Erbprinzenstraße,100004165,Y2H16070301,8.4027153,49.0072864,(UTC+01:00) Europe/Paris DST,2013-06-23T15:00:00+02:00,91,82,na,173,19.0,0.0,na
Eco Counter GmbH,Stadt Karlsruhe,752,Erbprinzenstraße,100004165,Y2H16070301,8.4027153,49.0072864,(UTC+01:00) Europe/Paris DST,2013-06-23T16:00:00+02:00,89,103,na,192,18.0,0.0,na
Eco Counter GmbH,Stadt Karlsruhe,752,Erbprinzenstraße,100004165,Y2H16070301,8.4027153,49.0072864,(UTC+01:00) Europe/Paris DST,2013-06-23T17:00:00+02:00,92,98,na,190,18.0,0.0,na
Eco Counter GmbH,Stadt Karlsruhe,752,Erbprinzenstraße,100004165,Y2H16070301,8.4027153,49.0072864,(UTC+01:00) Europe/Paris DST,2013-06-23T18:00:00+02:00,123,144,na,267,17.0,0.0,na
Eco Counter GmbH,Stadt Karlsruhe,752,Erbprinzenstraße,100004165,Y2H16070301,8.4027153,49.0072864,(UTC+01:00) Europe/Paris DST,2013-06-23T19:00:00+02:00,100,88,na,188,16.0,0.0,na
Eco Counter GmbH,Stadt Karlsruhe,752,Erbprinzenstraße,100004165,Y2H16070301,8.4027153,49.0072864,(UTC+01:00) Europe/Paris DST,2013-06-23T20:00:00+02:00,86,88,na,174,16.0,0.0,na
Eco Counter GmbH,Stadt Karlsruhe,752,Erbprinzenstraße,100004165,Y2H16070301,8.4027153,49.0072864,(UTC+01:00) Europe/Paris DST,2013-06-23T21:00:00+02:00,53,70,na,123,15.0,0.0,na
Eco Counter GmbH,Stadt Karlsruhe,752,Erbprinzenstraße,100004165,Y2H16070301,8.4027153,49.0072864,(UTC+01:00) Europe/Paris DST,2013-06-23T22:00:00+02:00,63,33,na,96,14.0,0.0,na
Eco Counter GmbH,Stadt Karlsruhe,752,Erbprinzenstraße,100004165,Y2H16070301,8.4027153,49.0072864,(UTC+01:00) Europe/Paris DST,2013-06-23T23:00:00+02:00,28,33,na,61,14.0,0.0,na
Eco Counter GmbH,Stadt Karlsruhe,752,Erbprinzenstraße,100004165,Y2H16070301,8.4027153,49.0072864,(UTC+01:00) Europe/Paris DST,2013-06-24T00:00:00+02:00,15,23,na,38,13.0,0.0,na
Eco Counter GmbH,Stadt Karlsruhe,752,Erbprinzenstraße,100004165,Y2H16070301,8.4027153,49.0072864,(UTC+01:00) Europe/Paris DST,2013-06-24T01:00:00+02:00,4,15,na,19,13.0,0.0,na
Eco Counter GmbH,Stadt Karlsruhe,752,Erbprinzenstraße,100004165,Y2H16070301,8.4027153,49.0072864,(UTC+01:00) Europe/Paris DST,2013-06-24T02:00:00+02:00,0,4,na,4,12.0,0.2,na
Eco Counter GmbH,Stadt Karlsruhe,752,Erbprinzenstraße,100004165,Y2H16070301,8.4027153,49.0072864,(UTC+01:00) Europe/Paris DST,2013-06-24T03:00:00+02:00,5,3,na,8,12.0,0.3,na
Eco Counter GmbH,Stadt Karlsruhe,752,Erbprinzenstraße,100004165,Y2H16070301,8.4027153,49.0072864,(UTC+01:00) Europe/Paris DST,2013-06-24T04:00:00+02:00,3,5,na,8,12.0,0.3,na
Eco Counter GmbH,Stadt Karlsruhe,752,Erbprinzenstraße,100004165,Y2H16070301,8.4027153,49.0072864,(UTC+01:00) Europe/Paris DST,2013-06-24T05:00:00+02:00,13,19,na,32,12.0,0.2,na
Eco Counter GmbH,Stadt Karlsruhe,752,Erbprinzenstraße,100004165,Y2H16070301,8.4027153,49.0072864,(UTC+01:00) Europe/Paris DST,2013-06-24T06:00:00+02:00,37,41,na,78,13.0,0.1,na
Eco Counter GmbH,Stadt Karlsruhe,752,Erbprinzenstraße,100004165,Y2H16070301,8.4027153,49.0072864,(UTC+01:00) Europe/Paris DST,2013-06-24T07:00:00+02:00,108,174,na,282,14.0,0.0,na
Eco Counter GmbH,Stadt Karlsruhe,752,Erbprinzenstraße,100004165,Y2H16070301,8.4027153,49.0072864,(UTC+01:00) Europe/Paris DST,2013-06-24T08:00:00+02:00,185,214,na,399,15.0,0.0,na
Eco Counter GmbH,Stadt Karlsruhe,752,Erbprinzenstraße,100004165,Y2H16070301,8.4027153,49.0072864,(UTC+01:00) Europe/Paris DST,2013-06-24T09:00:00+02:00,195,244,na,439,16.0,0.0,na
Eco Counter GmbH,Stadt Karlsruhe,752,Erbprinzenstraße,100004165,Y2H16070301,8.4027153,49.0072864,(UTC+01:00) Europe/Paris DST,2013-06-24T10:00:00+02:00,169,181,na,350,16.0,0.0,na
Eco Counter GmbH,Stadt Karlsruhe,752,Erbprinzenstraße,100004165,Y2H16070301,8.4027153,49.0072864,(UTC+01:00) Europe/Paris DST,2013-06-24T11:00:00+02:00,201,210,na,411,17.0,0.0,na
Eco Counter GmbH,Stadt Karlsruhe,752,Erbprinzenstraße,100004165,Y2H16070301,8.4027153,49.0072864,(UTC+01:00) Europe/Paris DST,2013-06-24T12:00:00+02:00,187,216,na,403,18.0,0.1,na
Eco Counter GmbH,Stadt Karlsruhe,752,Erbprinzenstraße,100004165,Y2H16070301,8.4027153,49.0072864,(UTC+01:00) Europe/Paris DST,2013-06-24T13:00:00+02:00,189,216,na,405,18.0,0.2,na
Eco Counter GmbH,Stadt Karlsruhe,752,Erbprinzenstraße,100004165,Y2H16070301,8.4027153,49.0072864,(UTC+01:00) Europe/Paris DST,2013-06-24T14:00:00+02:00,169,199,na,368,18.0,0.2,na
Eco Counter GmbH,Stadt Karlsruhe,752,Erbprinzenstraße,100004165,Y2H16070301,8.4027153,49.0072864,(UTC+01:00) Europe/Paris DST,2013-06-24T15:00:00+02:00,222,210,na,432,17.0,0.2,na
Eco Counter GmbH,Stadt Karlsruhe,752,Erbprinzenstraße,100004165,Y2H16070301,8.4027153,49.0072864,(UTC+01:00) Europe/Paris DST,2013-06-24T16:00:00+02:00,269,280,na,549,16.0,0.5,na
Eco Counter GmbH,Stadt Karlsruhe,752,Erbprinzenstraße,100004165,Y2H16070301,8.4027153,49.0072864,(UTC+01:00) Europe/Paris DST,2013-06-24T17:00:00+02:00,254,314,na,568,16.0,0.0,na
Eco Counter GmbH,Stadt Karlsruhe,752,Erbprinzenstraße,100004165,Y2H16070301,8.4027153,49.0072864,(UTC+01:00) Europe/Paris DST,2013-06-24T18:00:00+02:00,229,326,na,555,16.0,0.0,na
Eco Counter GmbH,Stadt Karlsruhe,752,Erbprinzenstraße,100004165,Y2H16070301,8.4027153,49.0072864,(UTC+01:00) Europe/Paris DST,2013-06-24T19:00:00+02:00,212,248,na,460,15.0,0.0,na
Eco Counter GmbH,Stadt Karlsruhe,752,Erbprinzenstraße,100004165,Y2H16070301,8.4027153,49.0072864,(UTC+01:00) Europe/Paris DST,2013-06-24T20:00:00+02:00,100,161,na,261,14.0,0.0,na
Eco Counter GmbH,Stadt Karlsruhe,752,Erbprinzenstraße,100004165,Y2H16070301,8.4027153,49.0072864,(UTC+01:00) Europe/Paris DST,2013-06-24T21:00:00+02:00,85,89,na,174,14.0,0.0,na
Eco Counter GmbH,Stadt Karlsruhe,752,Erbprinzenstraße,100004165,Y2H16070301,8.4027153,49.0072864,(UTC+01:00) Europe/Paris DST,2013-06-24T22:00:00+02:00,70,71,na,141,13.0,0.0,na
Eco Counter GmbH,Stadt Karlsruhe,752,Erbprinzenstraße,100004165,Y2H16070301,8.4027153,49.0072864,(UTC+01:00) Europe/Paris DST,2013-06-24T23:00:00+02:00,53,41,na,94,13.0,0.0,na
Eco Counter GmbH,Stadt Karlsruhe,752,Erbprinzenstraße,100004165,Y2H16070301,8.4027153,49.0072864,(UTC+01:00) Europe/Paris DST,2013-06-25T00:00:00+02:00,35,23,na,58,12.0,0.0,na
Eco Counter GmbH,Stadt Karlsruhe,752,Erbprinzenstraße,100004165,Y2H16070301,8.4027153,49.0072864,(UTC+01:00) Europe/Paris DST,2013-06-25T01:00:00+02:00,15,13,na,28,12.0,0.0,na
Eco Counter GmbH,Stadt Karlsruhe,752,Erbprinzenstraße,100004165,Y2H16070301,8.4027153,49.0072864,(UTC+01:00) Europe/Paris DST,2013-06-25T02:00:00+02:00,6,4,na,10,11.0,0.0,na
Eco Counter GmbH,Stadt Karlsruhe,752,Erbprinzenstraße,100004165,Y2H16070301,8.4027153,49.0072864,(UTC+01:00) Europe/Paris DST,2013-06-25T03:00:00+02:00,1,3,na,4,11.0,0.0,na
Eco Counter GmbH,Stadt Karlsruhe,752,Erbprinzenstraße,100004165,Y2H16070301,8.4027153,49.0072864,(UTC+01:00) Europe/Paris DST,2013-06-25T04:00:00+02:00,6,11,na,17,10.0,0.0,na
Eco Counter GmbH,Stadt Karlsruhe,752,Erbprinzenstraße,100004165,Y2H16070301,8.4027153,49.0072864,(UTC+01:00) Europe/Paris DST,2013-06-25T05:00:00+02:00,14,14,na,28,10.0,0.0,na
Eco Counter GmbH,Stadt Karlsruhe,752,Erbprinzenstraße,100004165,Y2H16070301,8.4027153,49.0072864,(UTC+01:00) Europe/Paris DST,2013-06-25T06:00:00+02:00,44,50,na,94,11.0,0.0,na
Eco Counter GmbH,Stadt Karlsruhe,752,Erbprinzenstraße,100004165,Y2H16070301,8.4027153,49.0072864,(UTC+01:00) Europe/Paris DST,2013-06-25T07:00:00+02:00,113,161,na,274,12.0,0.0,na
Eco Counter GmbH,Stadt Karlsruhe,752,Erbprinzenstraße,100004165,Y2H16070301,8.4027153,49.0072864,(UTC+01:00) Europe/Paris DST,2013-06-25T08:00:00+02:00,194,281,na,475,13.0,0.0,na
Eco Counter GmbH,Stadt Karlsruhe,752,Erbprinzenstraße,100004165,Y2H16070301,8.4027153,49.0072864,(UTC+01:00) Europe/Paris DST,2013-06-25T09:00:00+02:00,187,282,na,469,14.0,0.0,na
Eco Counter GmbH,Stadt Karlsruhe,752,Erbprinzenstraße,100004165,Y2H16070301,8.4027153,49.0072864,(UTC+01:00) Europe/Paris DST,2013-06-25T10:00:00+02:00,157,180,na,337,15.0,0.2,na
Eco Counter GmbH,Stadt Karlsruhe,752,Erbprinzenstraße,100004165,Y2H16070301,8.4027153,49.0072864,(UTC+01:00) Europe/Paris DST,2013-06-25T11:00:00+02:00,175,182,na,357,16.0,0.2,na
Eco Counter GmbH,Stadt Karlsruhe,752,Erbprinzenstraße,100004165,Y2H16070301,8.4027153,49.0072864,(UTC+01:00) Europe/Paris DST,2013-06-25T12:00:00+02:00,169,234,na,403,16.0,0.7,na
Eco Counter GmbH,Stadt Karlsruhe,752,Erbprinzenstraße,100004165,Y2H16070301,8.4027153,49.0072864,(UTC+01:00) Europe/Paris DST,2013-06-25T13:00:00+02:00,211,231,na,442,17.0,1.7,na
Eco Counter GmbH,Stadt Karlsruhe,752,Erbprinzenstraße,100004165,Y2H16070301,8.4027153,49.0072864,(UTC+01:00) Europe/Paris DST,2013-06-25T14:00:00+02:00,151,197,na,348,17.0,0.4,na
Eco Counter GmbH,Stadt Karlsruhe,752,Erbprinzenstraße,100004165,Y2H16070301,8.4027153,49.0072864,(UTC+01:00) Europe/Paris DST,2013-06-25T15:00:00+02:00,213,206,na,419,17.0,0.1,na
Eco Counter GmbH,Stadt Karlsruhe,752,Erbprinzenstraße,100004165,Y2H16070301,8.4027153,49.0072864,(UTC+01:00) Europe/Paris DST,2013-06-25T16:00:00+02:00,212,228,na,440,16.0,0.0,na
Eco Counter GmbH,Stadt Karlsruhe,752,Erbprinzenstraße,100004165,Y2H16070301,8.4027153,49.0072864,(UTC+01:00) Europe/Paris DST,2013-06-25T17:00:00+02:00,299,301,na,600,16.0,0.0,na
Eco Counter GmbH,Stadt Karlsruhe,752,Erbprinzenstraße,100004165,Y2H16070301,8.4027153,49.0072864,(UTC+01:00) Europe/Paris DST,2013-06-25T18:00:00+02:00,272,302,na,574,15.0,0.0,na
Eco Counter GmbH,Stadt Karlsruhe,752,Erbprinzenstraße,100004165,Y2H16070301,8.4027153,49.0072864,(UTC+01:00) Europe/Paris DST,2013-06-25T19:00:00+02:00,164,209,na,373,14.0,0.2,na
Eco Counter GmbH,Stadt Karlsruhe,752,Erbprinzenstraße,100004165,Y2H16070301,8.4027153,49.0072864,(UTC+01:00) Europe/Paris DST,2013-06-25T20:00:00+02:00,92,144,na,236,13.0,0.0,na
Eco Counter GmbH,Stadt Karlsruhe,752,Erbprinzenstraße,100004165,Y2H16070301,8.4027153,49.0072864,(UTC+01:00) Europe/Paris DST,2013-06-25T21:00:00+02:00,69,110,na,179,12.0,0.0,na
Eco Counter GmbH,Stadt Karlsruhe,752,Erbprinzenstraße,100004165,Y2H16070301,8.4027153,49.0072864,(UTC+01:00) Europe/Paris DST,2013-06-25T22:00:00+02:00,32,111,na,143,11.0,0.0,na
Eco Counter GmbH,Stadt Karlsruhe,752,Erbprinzenstraße,100004165,Y2H16070301,8.4027153,49.0072864,(UTC+01:00) Europe/Paris DST,2013-06-25T23:00:00+02:00,56,62,na,118,11.0,0.0,na
Eco Counter GmbH,Stadt Karlsruhe,752,Erbprinzenstraße,100004165,Y2H16070301,8.4027153,49.0072864,(UTC+01:00) Europe/Paris DST,2013-06-26T00:00:00+02:00,26,38,na,64,11.0,0.0,na
Eco Counter GmbH,Stadt Karlsruhe,752,Erbprinzenstraße,100004165,Y2H16070301,8.4027153,49.0072864,(UTC+01:00) Europe/Paris DST,2013-06-26T01:00:00+02:00,5,14,na,19,10.0,0.0,na
Eco Counter GmbH,Stadt Karlsruhe,752,Erbprinzenstraße,100004165,Y2H16070301,8.4027153,49.0072864,(UTC+01:00) Europe/Paris DST,2013-06-26T02:00:00+02:00,3,3,na,6,10.0,0.0,na
Eco Counter GmbH,Stadt Karlsruhe,752,Erbprinzenstraße,100004165,Y2H16070301,8.4027153,49.0072864,(UTC+01:00) Europe/Paris DST,2013-06-26T03:00:00+02:00,5,9,na,14,9.0,0.0,na
Eco Counter GmbH,Stadt Karlsruhe,752,Erbprinzenstraße,100004165,Y2H16070301,8.4027153,49.0072864,(UTC+01:00) Europe/Paris DST,2013-06-26T04:00:00+02:00,6,17,na,23,9.0,0.0,na
Eco Counter GmbH,Stadt Karlsruhe,752,Erbprinzenstraße,100004165,Y2H16070301,8.4027153,49.0072864,(UTC+01:00) Europe/Paris DST,2013-06-26T05:00:00+02:00,13,14,na,27,10.0,0.0,na
Eco Counter GmbH,Stadt Karlsruhe,752,Erbprinzenstraße,100004165,Y2H16070301,8.4027153,49.0072864,(UTC+01:00) Europe/Paris DST,2013-06-26T06:00:00+02:00,30,59,na,89,11.0,0.0,na
Eco Counter GmbH,Stadt Karlsruhe,752,Erbprinzenstraße,100004165,Y2H16070301,8.4027153,49.0072864,(UTC+01:00) Europe/Paris DST,2013-06-26T07:00:00+02:00,112,168,na,280,13.0,0.0,na
Eco Counter GmbH,Stadt Karlsruhe,752,Erbprinzenstraße,100004165,Y2H16070301,8.4027153,49.0072864,(UTC+01:00) Europe/Paris DST,2013-06-26T08:00:00+02:00,210,297,na,507,14.0,0.0,na
Eco Counter GmbH,Stadt Karlsruhe,752,Erbprinzenstraße,100004165,Y2H16070301,8.4027153,49.0072864,(UTC+01:00) Europe/Paris DST,2013-06-26T09:00:00+02:00,249,277,na,526,15.0,0.0,na
Eco Counter GmbH,Stadt Karlsruhe,752,Erbprinzenstraße,100004165,Y2H16070301,8.4027153,49.0072864,(UTC+01:00) Europe/Paris DST,2013-06-26T10:00:00+02:00,199,208,na,407,16.0,0.0,na
Eco Counter GmbH,Stadt Karlsruhe,752,Erbprinzenstraße,100004165,Y2H16070301,8.4027153,49.0072864,(UTC+01:00) Europe/Paris DST,2013-06-26T11:00:00+02:00,186,190,na,376,16.0,0.0,na
Eco Counter GmbH,Stadt Karlsruhe,752,Erbprinzenstraße,100004165,Y2H16070301,8.4027153,49.0072864,(UTC+01:00) Europe/Paris DST,2013-06-26T12:00:00+02:00,230,267,na,497,17.0,0.0,na
Eco Counter GmbH,Stadt Karlsruhe,752,Erbprinzenstraße,100004165,Y2H16070301,8.4027153,49.0072864,(UTC+01:00) Europe/Paris DST,2013-06-26T13:00:00+02:00,247,258,na,505,17.0,0.0,na
Eco Counter GmbH,Stadt Karlsruhe,752,Erbprinzenstraße,100004165,Y2H16070301,8.4027153,49.0072864,(UTC+01:00) Europe/Paris DST,2013-06-26T14:00:00+02:00,233,192,na,425,17.0,0.0,na
Eco Counter GmbH,Stadt Karlsruhe,752,Erbprinzenstraße,100004165,Y2H16070301,8.4027153,49.0072864,(UTC+01:00) Europe/Paris DST,2013-06-26T15:00:00+02:00,224,255,na,479,17.0,0.0,na
Eco Counter GmbH,Stadt Karlsruhe,752,Erbprinzenstraße,100004165,Y2H16070301,8.4027153,49.0072864,(UTC+01:00) Europe/Paris DST,2013-06-26T16:00:00+02:00,289,279,na,568,17.0,0.0,na
Eco Counter GmbH,Stadt Karlsruhe,752,Erbprinzenstraße,100004165,Y2H16070301,8.4027153,49.0072864,(UTC+01:00) Europe/Paris DST,2013-06-26T17:00:00+02:00,336,336,na,672,16.0,0.0,na
Eco Counter GmbH,Stadt Karlsruhe,752,Erbprinzenstraße,100004165,Y2H16070301,8.4027153,49.0072864,(UTC+01:00) Europe/Paris DST,2013-06-26T18:00:00+02:00,261,308,na,569,15.0,0.0,na
Eco Counter GmbH,Stadt Karlsruhe,752,Erbprinzenstraße,100004165,Y2H16070301,8.4027153,49.0072864,(UTC+01:00) Europe/Paris DST,2013-06-26T19:00:00+02:00,209,281,na,490,14.0,0.0,na
Eco Counter GmbH,Stadt Karlsruhe,752,Erbprinzenstraße,100004165,Y2H16070301,8.4027153,49.0072864,(UTC+01:00) Europe/Paris DST,2013-06-26T20:00:00+02:00,105,195,na,300,14.0,0.0,na
Eco Counter GmbH,Stadt Karlsruhe,752,Erbprinzenstraße,100004165,Y2H16070301,8.4027153,49.0072864,(UTC+01:00) Europe/Paris DST,2013-06-26T21:00:00+02:00,85,106,na,191,13.0,0.0,na
Eco Counter GmbH,Stadt Karlsruhe,752,Erbprinzenstraße,100004165,Y2H16070301,8.4027153,49.0072864,(UTC+01:00) Europe/Paris DST,2013-06-26T22:00:00+02:00,70,84,na,154,13.0,0.0,na
Eco Counter GmbH,Stadt Karlsruhe,752,Erbprinzenstraße,100004165,Y2H16070301,8.4027153,49.0072864,(UTC+01:00) Europe/Paris DST,2013-06-26T23:00:00+02:00,54,64,na,118,11.0,0.0,na
Eco Counter GmbH,Stadt Karlsruhe,752,Erbprinzenstraße,100004165,Y2H16070301,8.4027153,49.0072864,(UTC+01:00) Europe/Paris DST,2013-06-27T00:00:00+02:00,38,33,na,71,11.0,0.0,na
Eco Counter GmbH,Stadt Karlsruhe,752,Erbprinzenstraße,100004165,Y2H16070301,8.4027153,49.0072864,(UTC+01:00) Europe/Paris DST,2013-06-27T01:00:00+02:00,19,34,na,53,10.0,0.0,na
Eco Counter GmbH,Stadt Karlsruhe,752,Erbprinzenstraße,100004165,Y2H16070301,8.4027153,49.0072864,(UTC+01:00) Europe/Paris DST,2013-06-27T02:00:00+02:00,16,5,na,21,10.0,0.0,na
Eco Counter GmbH,Stadt Karlsruhe,752,Erbprinzenstraße,100004165,Y2H16070301,8.4027153,49.0072864,(UTC+01:00) Europe/Paris DST,2013-06-27T03:00:00+02:00,14,8,na,22,10.0,0.0,na
Eco Counter GmbH,Stadt Karlsruhe,752,Erbprinzenstraße,100004165,Y2H16070301,8.4027153,49.0072864,(UTC+01:00) Europe/Paris DST,2013-06-27T04:00:00+02:00,8,6,na,14,10.0,0.0,na
Eco Counter GmbH,Stadt Karlsruhe,752,Erbprinzenstraße,100004165,Y2H16070301,8.4027153,49.0072864,(UTC+01:00) Europe/Paris DST,2013-06-27T05:00:00+02:00,8,19,na,27,11.0,0.0,na
Eco Counter GmbH,Stadt Karlsruhe,752,Erbprinzenstraße,100004165,Y2H16070301,8.4027153,49.0072864,(UTC+01:00) Europe/Paris DST,2013-06-27T06:00:00+02:00,34,42,na,76,12.0,0.0,na
Eco Counter GmbH,Stadt Karlsruhe,752,Erbprinzenstraße,100004165,Y2H16070301,8.4027153,49.0072864,(UTC+01:00) Europe/Paris DST,2013-06-27T07:00:00+02:00,119,166,na,285,13.0,0.0,na
Eco Counter GmbH,Stadt Karlsruhe,752,Erbprinzenstraße,100004165,Y2H16070301,8.4027153,49.0072864,(UTC+01:00) Europe/Paris DST,2013-06-27T08:00:00+02:00,181,296,na,477,13.0,0.4,na
Eco Counter GmbH,Stadt Karlsruhe,752,Erbprinzenstraße,100004165,Y2H16070301,8.4027153,49.0072864,(UTC+01:00) Europe/Paris DST,2013-06-27T09:00:00+02:00,179,242,na,421,13.0,0.3,na
Eco Counter GmbH,Stadt Karlsruhe,752,Erbprinzenstraße,100004165,Y2H16070301,8.4027153,49.0072864,(UTC+01:00) Europe/Paris DST,2013-06-27T10:00:00+02:00,140,151,na,291,14.0,0.4,na
Eco Counter GmbH,Stadt Karlsruhe,752,Erbprinzenstraße,100004165,Y2H16070301,8.4027153,49.0072864,(UTC+01:00) Europe/Paris DST,2013-06-27T11:00:00+02:00,116,145,na,261,14.0,0.5,na
Eco Counter GmbH,Stadt Karlsruhe,752,Erbprinzenstraße,100004165,Y2H16070301,8.4027153,49.0072864,(UTC+01:00) Europe/Paris DST,2013-06-27T12:00:00+02:00,156,192,na,348,15.0,0.6,na
Eco Counter GmbH,Stadt Karlsruhe,752,Erbprinzenstraße,100004165,Y2H16070301,8.4027153,49.0072864,(UTC+01:00) Europe/Paris DST,2013-06-27T13:00:00+02:00,165,179,na,344,15.0,0.2,na
Eco Counter GmbH,Stadt Karlsruhe,752,Erbprinzenstraße,100004165,Y2H16070301,8.4027153,49.0072864,(UTC+01:00) Europe/Paris DST,2013-06-27T14:00:00+02:00,195,234,na,429,16.0,0.1,na
Eco Counter GmbH,Stadt Karlsruhe,752,Erbprinzenstraße,100004165,Y2H16070301,8.4027153,49.0072864,(UTC+01:00) Europe/Paris DST,2013-06-27T15:00:00+02:00,220,235,na,455,16.0,0.0,na
Eco Counter GmbH,Stadt Karlsruhe,752,Erbprinzenstraße,100004165,Y2H16070301,8.4027153,49.0072864,(UTC+01:00) Europe/Paris DST,2013-06-27T16:00:00+02:00,241,236,na,477,16.0,0.0,na
Eco Counter GmbH,Stadt Karlsruhe,752,Erbprinzenstraße,100004165,Y2H16070301,8.4027153,49.0072864,(UTC+01:00) Europe/Paris DST,2013-06-27T17:00:00+02:00,250,283,na,533,16.0,0.0,na
Eco Counter GmbH,Stadt Karlsruhe,752,Erbprinzenstraße,100004165,Y2H16070301,8.4027153,49.0072864,(UTC+01:00) Europe/Paris DST,2013-06-27T18:00:00+02:00,238,295,na,533,15.0,0.0,na
Eco Counter GmbH,Stadt Karlsruhe,752,Erbprinzenstraße,100004165,Y2H16070301,8.4027153,49.0072864,(UTC+01:00) Europe/Paris DST,2013-06-27T19:00:00+02:00,185,265,na,450,14.0,0.0,na
Eco Counter GmbH,Stadt Karlsruhe,752,Erbprinzenstraße,100004165,Y2H16070301,8.4027153,49.0072864,(UTC+01:00) Europe/Paris DST,2013-06-27T20:00:00+02:00,119,171,na,290,12.0,0.2,na
Eco Counter GmbH,Stadt Karlsruhe,752,Erbprinzenstraße,100004165,Y2H16070301,8.4027153,49.0072864,(UTC+01:00) Europe/Paris DST,2013-06-27T21:00:00+02:00,74,138,na,212,11.0,0.0,na
Eco Counter GmbH,Stadt Karlsruhe,752,Erbprinzenstraße,100004165,Y2H16070301,8.4027153,49.0072864,(UTC+01:00) Europe/Paris DST,2013-06-27T22:00:00+02:00,88,91,na,179,10.0,0.0,na
Eco Counter GmbH,Stadt Karlsruhe,752,Erbprinzenstraße,100004165,Y2H16070301,8.4027153,49.0072864,(UTC+01:00) Europe/Paris DST,2013-06-27T23:00:00+02:00,68,51,na,119,10.0,0.0,na
Eco Counter GmbH,Stadt Karlsruhe,752,Erbprinzenstraße,100004165,Y2H16070301,8.4027153,49.0072864,(UTC+01:00) Europe/Paris DST,2013-06-28T00:00:00+02:00,71,37,na,108,9.0,0.0,na
Eco Counter GmbH,Stadt Karlsruhe,752,Erbprinzenstraße,100004165,Y2H16070301,8.4027153,49.0072864,(UTC+01:00) Europe/Paris DST,2013-06-28T01:00:00+02:00,29,22,na,51,9.0,0.0,na
Eco Counter GmbH,Stadt Karlsruhe,752,Erbprinzenstraße,100004165,Y2H16070301,8.4027153,49.0072864,(UTC+01:00) Europe/Paris DST,2013-06-28T02:00:00+02:00,9,12,na,21,9.0,0.0,na
Eco Counter GmbH,Stadt Karlsruhe,752,Erbprinzenstraße,100004165,Y2H16070301,8.4027153,49.0072864,(UTC+01:00) Europe/Paris DST,2013-06-28T03:00:00+02:00,8,8,na,16,8.0,0.0,na
Eco Counter GmbH,Stadt Karlsruhe,752,Erbprinzenstraße,100004165,Y2H16070301,8.4027153,49.0072864,(UTC+01:00) Europe/Paris DST,2013-06-28T04:00:00+02:00,9,11,na,20,9.0,0.0,na
Eco Counter GmbH,Stadt Karlsruhe,752,Erbprinzenstraße,100004165,Y2H16070301,8.4027153,49.0072864,(UTC+01:00) Europe/Paris DST,2013-06-28T05:00:00+02:00,13,20,na,33,10.0,0.0,na
Eco Counter GmbH,Stadt Karlsruhe,752,Erbprinzenstraße,100004165,Y2H16070301,8.4027153,49.0072864,(UTC+01:00) Europe/Paris DST,2013-06-28T06:00:00+02:00,35,51,na,86,11.0,0.0,na
Eco Counter GmbH,Stadt Karlsruhe,752,Erbprinzenstraße,100004165,Y2H16070301,8.4027153,49.0072864,(UTC+01:00) Europe/Paris DST,2013-06-28T07:00:00+02:00,114,152,na,266,13.0,0.0,na
Eco Counter GmbH,Stadt Karlsruhe,752,Erbprinzenstraße,100004165,Y2H16070301,8.4027153,49.0072864,(UTC+01:00) Europe/Paris DST,2013-06-28T08:00:00+02:00,200,243,na,443,14.0,0.0,na
Eco Counter GmbH,Stadt Karlsruhe,752,Erbprinzenstraße,100004165,Y2H16070301,8.4027153,49.0072864,(UTC+01:00) Europe/Paris DST,2013-06-28T09:00:00+02:00,223,237,na,460,15.0,0.1,na
Eco Counter GmbH,Stadt Karlsruhe,752,Erbprinzenstraße,100004165,Y2H16070301,8.4027153,49.0072864,(UTC+01:00) Europe/Paris DST,2013-06-28T10:00:00+02:00,161,224,na,385,16.0,0.0,na
Eco Counter GmbH,Stadt Karlsruhe,752,Erbprinzenstraße,100004165,Y2H16070301,8.4027153,49.0072864,(UTC+01:00) Europe/Paris DST,2013-06-28T11:00:00+02:00,229,240,na,469,17.0,0.0,na
Eco Counter GmbH,Stadt Karlsruhe,752,Erbprinzenstraße,100004165,Y2H16070301,8.4027153,49.0072864,(UTC+01:00) Europe/Paris DST,2013-06-28T12:00:00+02:00,220,271,na,491,18.0,0.0,na
Eco Counter GmbH,Stadt Karlsruhe,752,Erbprinzenstraße,100004165,Y2H16070301,8.4027153,49.0072864,(UTC+01:00) Europe/Paris DST,2013-06-28T13:00:00+02:00,235,325,na,560,19.0,0.0,na
Eco Counter GmbH,Stadt Karlsruhe,752,Erbprinzenstraße,100004165,Y2H16070301,8.4027153,49.0072864,(UTC+01:00) Europe/Paris DST,2013-06-28T14:00:00+02:00,231,261,na,492,19.0,0.0,na
Eco Counter GmbH,Stadt Karlsruhe,752,Erbprinzenstraße,100004165,Y2H16070301,8.4027153,49.0072864,(UTC+01:00) Europe/Paris DST,2013-06-28T15:00:00+02:00,256,264,na,520,19.0,0.0,na
Eco Counter GmbH,Stadt Karlsruhe,752,Erbprinzenstraße,100004165,Y2H16070301,8.4027153,49.0072864,(UTC+01:00) Europe/Paris DST,2013-06-28T16:00:00+02:00,230,277,na,507,19.0,0.0,na
Eco Counter GmbH,Stadt Karlsruhe,752,Erbprinzenstraße,100004165,Y2H16070301,8.4027153,49.0072864,(UTC+01:00) Europe/Paris DST,2013-06-28T17:00:00+02:00,251,328,na,579,18.0,0.0,na
Eco Counter GmbH,Stadt Karlsruhe,752,Erbprinzenstraße,100004165,Y2H16070301,8.4027153,49.0072864,(UTC+01:00) Europe/Paris DST,2013-06-28T18:00:00+02:00,245,304,na,549,17.0,0.0,na
Eco Counter GmbH,Stadt Karlsruhe,752,Erbprinzenstraße,100004165,Y2H16070301,8.4027153,49.0072864,(UTC+01:00) Europe/Paris DST,2013-06-28T19:00:00+02:00,180,205,na,385,16.0,0.0,na
Eco Counter GmbH,Stadt Karlsruhe,752,Erbprinzenstraße,100004165,Y2H16070301,8.4027153,49.0072864,(UTC+01:00) Europe/Paris DST,2013-06-28T20:00:00+02:00,119,231,na,350,15.0,0.0,na
Eco Counter GmbH,Stadt Karlsruhe,752,Erbprinzenstraße,100004165,Y2H16070301,8.4027153,49.0072864,(UTC+01:00) Europe/Paris DST,2013-06-28T21:00:00+02:00,80,131,na,211,14.0,0.0,na
Eco Counter GmbH,Stadt Karlsruhe,752,Erbprinzenstraße,100004165,Y2H16070301,8.4027153,49.0072864,(UTC+01:00) Europe/Paris DST,2013-06-28T22:00:00+02:00,85,70,na,155,13.0,0.0,na
Eco Counter GmbH,Stadt Karlsruhe,752,Erbprinzenstraße,100004165,Y2H16070301,8.4027153,49.0072864,(UTC+01:00) Europe/Paris DST,2013-06-28T23:00:00+02:00,65,61,na,126,12.0,0.0,na
Eco Counter GmbH,Stadt Karlsruhe,752,Erbprinzenstraße,100004165,Y2H16070301,8.4027153,49.0072864,(UTC+01:00) Europe/Paris DST,2013-06-29T00:00:00+02:00,59,51,na,110,12.0,0.0,na
Eco Counter GmbH,Stadt Karlsruhe,752,Erbprinzenstraße,100004165,Y2H16070301,8.4027153,49.0072864,(UTC+01:00) Europe/Paris DST,2013-06-29T01:00:00+02:00,38,45,na,83,12.0,0.0,na
Eco Counter GmbH,Stadt Karlsruhe,752,Erbprinzenstraße,100004165,Y2H16070301,8.4027153,49.0072864,(UTC+01:00) Europe/Paris DST,2013-06-29T02:00:00+02:00,27,48,na,75,12.0,0.0,na
Eco Counter GmbH,Stadt Karlsruhe,752,Erbprinzenstraße,100004165,Y2H16070301,8.4027153,49.0072864,(UTC+01:00) Europe/Paris DST,2013-06-29T03:00:00+02:00,16,34,na,50,12.0,0.2,na
Eco Counter GmbH,Stadt Karlsruhe,752,Erbprinzenstraße,100004165,Y2H16070301,8.4027153,49.0072864,(UTC+01:00) Europe/Paris DST,2013-06-29T04:00:00+02:00,14,41,na,55,12.0,0.4,na
Eco Counter GmbH,Stadt Karlsruhe,752,Erbprinzenstraße,100004165,Y2H16070301,8.4027153,49.0072864,(UTC+01:00) Europe/Paris DST,2013-06-29T05:00:00+02:00,11,10,na,21,12.0,0.8,na
Eco Counter GmbH,Stadt Karlsruhe,752,Erbprinzenstraße,100004165,Y2H16070301,8.4027153,49.0072864,(UTC+01:00) Europe/Paris DST,2013-06-29T06:00:00+02:00,7,6,na,13,12.0,0.9,na
Eco Counter GmbH,Stadt Karlsruhe,752,Erbprinzenstraße,100004165,Y2H16070301,8.4027153,49.0072864,(UTC+01:00) Europe/Paris DST,2013-06-29T07:00:00+02:00,12,26,na,38,12.0,0.9,na
Eco Counter GmbH,Stadt Karlsruhe,752,Erbprinzenstraße,100004165,Y2H16070301,8.4027153,49.0072864,(UTC+01:00) Europe/Paris DST,2013-06-29T08:00:00+02:00,16,32,na,48,12.0,0.7,na
Eco Counter GmbH,Stadt Karlsruhe,752,Erbprinzenstraße,100004165,Y2H16070301,8.4027153,49.0072864,(UTC+01:00) Europe/Paris DST,2013-06-29T09:00:00+02:00,41,38,na,79,13.0,0.6,na
Eco Counter GmbH,Stadt Karlsruhe,752,Erbprinzenstraße,100004165,Y2H16070301,8.4027153,49.0072864,(UTC+01:00) Europe/Paris DST,2013-06-29T10:00:00+02:00,99,83,na,182,14.0,0.9,na
Eco Counter GmbH,Stadt Karlsruhe,752,Erbprinzenstraße,100004165,Y2H16070301,8.4027153,49.0072864,(UTC+01:00) Europe/Paris DST,2013-06-29T11:00:00+02:00,120,105,na,225,15.0,0.9,na
Eco Counter GmbH,Stadt Karlsruhe,752,Erbprinzenstraße,100004165,Y2H16070301,8.4027153,49.0072864,(UTC+01:00) Europe/Paris DST,2013-06-29T12:00:00+02:00,133,114,na,247,16.0,0.7,na
Eco Counter GmbH,Stadt Karlsruhe,752,Erbprinzenstraße,100004165,Y2H16070301,8.4027153,49.0072864,(UTC+01:00) Europe/Paris DST,2013-06-29T13:00:00+02:00,135,194,na,329,17.0,0.5,na
Eco Counter GmbH,Stadt Karlsruhe,752,Erbprinzenstraße,100004165,Y2H16070301,8.4027153,49.0072864,(UTC+01:00) Europe/Paris DST,2013-06-29T14:00:00+02:00,97,146,na,243,18.0,0.1,na
Eco Counter GmbH,Stadt Karlsruhe,752,Erbprinzenstraße,100004165,Y2H16070301,8.4027153,49.0072864,(UTC+01:00) Europe/Paris DST,2013-06-29T15:00:00+02:00,74,132,na,206,18.0,0.2,na
Eco Counter GmbH,Stadt Karlsruhe,752,Erbprinzenstraße,100004165,Y2H16070301,8.4027153,49.0072864,(UTC+01:00) Europe/Paris DST,2013-06-29T16:00:00+02:00,142,139,na,281,18.0,0.1,na
Eco Counter GmbH,Stadt Karlsruhe,752,Erbprinzenstraße,100004165,Y2H16070301,8.4027153,49.0072864,(UTC+01:00) Europe/Paris DST,2013-06-29T17:00:00+02:00,130,126,na,256,18.0,0.0,na
Eco Counter GmbH,Stadt Karlsruhe,752,Erbprinzenstraße,100004165,Y2H16070301,8.4027153,49.0072864,(UTC+01:00) Europe/Paris DST,2013-06-29T18:00:00+02:00,143,180,na,323,17.0,0.0,na
Eco Counter GmbH,Stadt Karlsruhe,752,Erbprinzenstraße,100004165,Y2H16070301,8.4027153,49.0072864,(UTC+01:00) Europe/Paris DST,2013-06-29T19:00:00+02:00,131,171,na,302,16.0,0.7,na
Eco Counter GmbH,Stadt Karlsruhe,752,Erbprinzenstraße,100004165,Y2H16070301,8.4027153,49.0072864,(UTC+01:00) Europe/Paris DST,2013-06-29T20:00:00+02:00,87,176,na,263,15.0,0.0,na
Eco Counter GmbH,Stadt Karlsruhe,752,Erbprinzenstraße,100004165,Y2H16070301,8.4027153,49.0072864,(UTC+01:00) Europe/Paris DST,2013-06-29T21:00:00+02:00,53,113,na,166,14.0,0.0,na
Eco Counter GmbH,Stadt Karlsruhe,752,Erbprinzenstraße,100004165,Y2H16070301,8.4027153,49.0072864,(UTC+01:00) Europe/Paris DST,2013-06-29T22:00:00+02:00,53,115,na,168,13.0,0.0,na
Eco Counter GmbH,Stadt Karlsruhe,752,Erbprinzenstraße,100004165,Y2H16070301,8.4027153,49.0072864,(UTC+01:00) Europe/Paris DST,2013-06-29T23:00:00+02:00,46,65,na,111,12.0,0.0,na
Eco Counter GmbH,Stadt Karlsruhe,752,Erbprinzenstraße,100004165,Y2H16070301,8.4027153,49.0072864,(UTC+01:00) Europe/Paris DST,2013-06-30T00:00:00+02:00,47,48,na,95,11.0,0.0,na
Eco Counter GmbH,Stadt Karlsruhe,752,Erbprinzenstraße,100004165,Y2H16070301,8.4027153,49.0072864,(UTC+01:00) Europe/Paris DST,2013-06-30T01:00:00+02:00,46,26,na,72,11.0,0.0,na
Eco Counter GmbH,Stadt Karlsruhe,752,Erbprinzenstraße,100004165,Y2H16070301,8.4027153,49.0072864,(UTC+01:00) Europe/Paris DST,2013-06-30T02:00:00+02:00,38,30,na,68,11.0,0.0,na
Eco Counter GmbH,Stadt Karlsruhe,752,Erbprinzenstraße,100004165,Y2H16070301,8.4027153,49.0072864,(UTC+01:00) Europe/Paris DST,2013-06-30T03:00:00+02:00,23,23,na,46,10.0,0.0,na
Eco Counter GmbH,Stadt Karlsruhe,752,Erbprinzenstraße,100004165,Y2H16070301,8.4027153,49.0072864,(UTC+01:00) Europe/Paris DST,2013-06-30T04:00:00+02:00,23,13,na,36,11.0,0.0,na
Eco Counter GmbH,Stadt Karlsruhe,752,Erbprinzenstraße,100004165,Y2H16070301,8.4027153,49.0072864,(UTC+01:00) Europe/Paris DST,2013-06-30T05:00:00+02:00,12,9,na,21,12.0,0.0,na
Eco Counter GmbH,Stadt Karlsruhe,752,Erbprinzenstraße,100004165,Y2H16070301,8.4027153,49.0072864,(UTC+01:00) Europe/Paris DST,2013-06-30T06:00:00+02:00,4,9,na,13,13.0,0.0,na
Eco Counter GmbH,Stadt Karlsruhe,752,Erbprinzenstraße,100004165,Y2H16070301,8.4027153,49.0072864,(UTC+01:00) Europe/Paris DST,2013-06-30T07:00:00+02:00,12,12,na,24,15.0,0.0,na
Eco Counter GmbH,Stadt Karlsruhe,752,Erbprinzenstraße,100004165,Y2H16070301,8.4027153,49.0072864,(UTC+01:00) Europe/Paris DST,2013-06-30T08:00:00+02:00,22,24,na,46,16.0,0.0,na
Eco Counter GmbH,Stadt Karlsruhe,752,Erbprinzenstraße,100004165,Y2H16070301,8.4027153,49.0072864,(UTC+01:00) Europe/Paris DST,2013-06-30T09:00:00+02:00,27,51,na,78,17.0,0.0,na
Eco Counter GmbH,Stadt Karlsruhe,752,Erbprinzenstraße,100004165,Y2H16070301,8.4027153,49.0072864,(UTC+01:00) Europe/Paris DST,2013-06-30T10:00:00+02:00,56,71,na,127,18.0,0.0,na
Eco Counter GmbH,Stadt Karlsruhe,752,Erbprinzenstraße,100004165,Y2H16070301,8.4027153,49.0072864,(UTC+01:00) Europe/Paris DST,2013-06-30T11:00:00+02:00,69,58,na,127,19.0,0.0,na
Eco Counter GmbH,Stadt Karlsruhe,752,Erbprinzenstraße,100004165,Y2H16070301,8.4027153,49.0072864,(UTC+01:00) Europe/Paris DST,2013-06-30T12:00:00+02:00,76,83,na,159,19.0,0.0,na
Eco Counter GmbH,Stadt Karlsruhe,752,Erbprinzenstraße,100004165,Y2H16070301,8.4027153,49.0072864,(UTC+01:00) Europe/Paris DST,2013-06-30T13:00:00+02:00,91,94,na,185,19.0,0.0,na
Eco Counter GmbH,Stadt Karlsruhe,752,Erbprinzenstraße,100004165,Y2H16070301,8.4027153,49.0072864,(UTC+01:00) Europe/Paris DST,2013-06-30T14:00:00+02:00,85,116,na,201,19.0,0.0,na
Eco Counter GmbH,Stadt Karlsruhe,752,Erbprinzenstraße,100004165,Y2H16070301,8.4027153,49.0072864,(UTC+01:00) Europe/Paris DST,2013-06-30T15:00:00+02:00,56,98,na,154,20.0,0.0,na
Eco Counter GmbH,Stadt Karlsruhe,752,Erbprinzenstraße,100004165,Y2H16070301,8.4027153,49.0072864,(UTC+01:00) Europe/Paris DST,2013-06-30T16:00:00+02:00,86,129,na,215,20.0,0.0,na
Eco Counter GmbH,Stadt Karlsruhe,752,Erbprinzenstraße,100004165,Y2H16070301,8.4027153,49.0072864,(UTC+01:00) Europe/Paris DST,2013-06-30T17:00:00+02:00,93,94,na,187,19.0,0.0,na
Eco Counter GmbH,Stadt Karlsruhe,752,Erbprinzenstraße,100004165,Y2H16070301,8.4027153,49.0072864,(UTC+01:00) Europe/Paris DST,2013-06-30T18:00:00+02:00,120,96,na,216,18.0,0.0,na
Eco Counter GmbH,Stadt Karlsruhe,752,Erbprinzenstraße,100004165,Y2H16070301,8.4027153,49.0072864,(UTC+01:00) Europe/Paris DST,2013-06-30T19:00:00+02:00,64,112,na,176,18.0,0.0,na
Eco Counter GmbH,Stadt Karlsruhe,752,Erbprinzenstraße,100004165,Y2H16070301,8.4027153,49.0072864,(UTC+01:00) Europe/Paris DST,2013-06-30T20:00:00+02:00,50,82,na,132,16.0,0.0,na
Eco Counter GmbH,Stadt Karlsruhe,752,Erbprinzenstraße,100004165,Y2H16070301,8.4027153,49.0072864,(UTC+01:00) Europe/Paris DST,2013-06-30T21:00:00+02:00,59,59,na,118,15.0,0.0,na
Eco Counter GmbH,Stadt Karlsruhe,752,Erbprinzenstraße,100004165,Y2H16070301,8.4027153,49.0072864,(UTC+01:00) Europe/Paris DST,2013-06-30T22:00:00+02:00,43,57,na,100,13.0,0.0,na
Eco Counter GmbH,Stadt Freiburg,751,Wiwilibrücke,100004595,YTH23035971,7.8407526,47.995213,(UTC+01:00) Europe/Paris DST,2013-06-01T00:00:00+02:00,na,na,100,100,na,na,na
Eco Counter GmbH,Stadt Freiburg,751,Wiwilibrücke,100004595,YTH23035971,7.8407526,47.995213,(UTC+01:00) Europe/Paris DST,2013-06-01T01:00:00+02:00,na,na,81,81,na,na,na
Eco Counter GmbH,Stadt Freiburg,751,Wiwilibrücke,100004595,YTH23035971,7.8407526,47.995213,(UTC+01:00) Europe/Paris DST,2013-06-01T02:00:00+02:00,na,na,53,53,na,na,na
Eco Counter GmbH,Stadt Freiburg,751,Wiwilibrücke,100004595,YTH23035971,7.8407526,47.995213,(UTC+01:00) Europe/Paris DST,2013-06-01T03:00:00+02:00,na,na,39,39,na,na,na
Eco Counter GmbH,Stadt Freiburg,751,Wiwilibrücke,100004595,YTH23035971,7.8407526,47.995213,(UTC+01:00) Europe/Paris DST,2013-06-01T04:00:00+02:00,na,na,26,26,na,na,na
Eco Counter GmbH,Stadt Freiburg,751,Wiwilibrücke,100004595,YTH23035971,7.8407526,47.995213,(UTC+01:00) Europe/Paris DST,2013-06-01T05:00:00+02:00,na,na,22,22,na,na,na
Eco Counter GmbH,Stadt Freiburg,751,Wiwilibrücke,100004595,YTH23035971,7.8407526,47.995213,(UTC+01:00) Europe/Paris DST,2013-06-01T06:00:00+02:00,na,na,19,19,na,na,na
Eco Counter GmbH,Stadt Freiburg,751,Wiwilibrücke,100004595,YTH23035971,7.8407526,47.995213,(UTC+01:00) Europe/Paris DST,2013-06-01T07:00:00+02:00,na,na,23,23,na,na,na
Eco Counter GmbH,Stadt Freiburg,751,Wiwilibrücke,100004595,YTH23035971,7.8407526,47.995213,(UTC+01:00) Europe/Paris DST,2013-06-01T08:00:00+02:00,na,na,30,30,na,na,na
Eco Counter GmbH,Stadt Freiburg,751,Wiwilibrücke,100004595,YTH23035971,7.8407526,47.995213,(UTC+01:00) Europe/Paris DST,2013-06-01T09:00:00+02:00,na,na,88,88,na,na,na
Eco Counter GmbH,Stadt Freiburg,751,Wiwilibrücke,100004595,YTH23035971,7.8407526,47.995213,(UTC+01:00) Europe/Paris DST,2013-06-01T10:00:00+02:00,na,na,119,119,na,na,na
Eco Counter GmbH,Stadt Freiburg,751,Wiwilibrücke,100004595,YTH23035971,7.8407526,47.995213,(UTC+01:00) Europe/Paris DST,2013-06-01T11:00:00+02:00,na,na,123,123,na,na,na
Eco Counter GmbH,Stadt Freiburg,751,Wiwilibrücke,100004595,YTH23035971,7.8407526,47.995213,(UTC+01:00) Europe/Paris DST,2013-06-01T12:00:00+02:00,na,na,141,141,na,na,na
Eco Counter GmbH,Stadt Freiburg,751,Wiwilibrücke,100004595,YTH23035971,7.8407526,47.995213,(UTC+01:00) Europe/Paris DST,2013-06-01T13:00:00+02:00,na,na,175,175,na,na,na
Eco Counter GmbH,Stadt Freiburg,751,Wiwilibrücke,100004595,YTH23035971,7.8407526,47.995213,(UTC+01:00) Europe/Paris DST,2013-06-01T14:00:00+02:00,na,na,196,196,na,na,na
Eco Counter GmbH,Stadt Freiburg,751,Wiwilibrücke,100004595,YTH23035971,7.8407526,47.995213,(UTC+01:00) Europe/Paris DST,2013-06-01T15:00:00+02:00,na,na,197,197,na,na,na
Eco Counter GmbH,Stadt Freiburg,751,Wiwilibrücke,100004595,YTH23035971,7.8407526,47.995213,(UTC+01:00) Europe/Paris DST,2013-06-01T16:00:00+02:00,na,na,215,215,na,na,na
Eco Counter GmbH,Stadt Freiburg,751,Wiwilibrücke,100004595,YTH23035971,7.8407526,47.995213,(UTC+01:00) Europe/Paris DST,2013-06-01T17:00:00+02:00,na,na,222,222,na,na,na
Eco Counter GmbH,Stadt Freiburg,751,Wiwilibrücke,100004595,YTH23035971,7.8407526,47.995213,(UTC+01:00) Europe/Paris DST,2013-06-01T18:00:00+02:00,na,na,249,249,na,na,na
Eco Counter GmbH,Stadt Freiburg,751,Wiwilibrücke,100004595,YTH23035971,7.8407526,47.995213,(UTC+01:00) Europe/Paris DST,2013-06-01T19:00:00+02:00,na,na,281,281,na,na,na
Eco Counter GmbH,Stadt Freiburg,751,Wiwilibrücke,100004595,YTH23035971,7.8407526,47.995213,(UTC+01:00) Europe/Paris DST,2013-06-01T20:00:00+02:00,na,na,178,178,na,na,na
Eco Counter GmbH,Stadt Freiburg,751,Wiwilibrücke,100004595,YTH23035971,7.8407526,47.995213,(UTC+01:00) Europe/Paris DST,2013-06-01T21:00:00+02:00,na,na,161,161,na,na,na
Eco Counter GmbH,Stadt Freiburg,751,Wiwilibrücke,100004595,YTH23035971,7.8407526,47.995213,(UTC+01:00) Europe/Paris DST,2013-06-01T22:00:00+02:00,na,na,216,216,na,na,na
Eco Counter GmbH,Stadt Freiburg,751,Wiwilibrücke,100004595,YTH23035971,7.8407526,47.995213,(UTC+01:00) Europe/Paris DST,2013-06-01T23:00:00+02:00,na,na,182,182,na,na,na
Eco Counter GmbH,Stadt Freiburg,751,Wiwilibrücke,100004595,YTH23035971,7.8407526,47.995213,(UTC+01:00) Europe/Paris DST,2013-06-02T00:00:00+02:00,na,na,197,197,na,na,na
Eco Counter GmbH,Stadt Freiburg,751,Wiwilibrücke,100004595,YTH23035971,7.8407526,47.995213,(UTC+01:00) Europe/Paris DST,2013-06-02T01:00:00+02:00,na,na,160,160,na,na,na
Eco Counter GmbH,Stadt Freiburg,751,Wiwilibrücke,100004595,YTH23035971,7.8407526,47.995213,(UTC+01:00) Europe/Paris DST,2013-06-02T02:00:00+02:00,na,na,120,120,na,na,na
Eco Counter GmbH,Stadt Freiburg,751,Wiwilibrücke,100004595,YTH23035971,7.8407526,47.995213,(UTC+01:00) Europe/Paris DST,2013-06-02T03:00:00+02:00,na,na,106,106,na,na,na
Eco Counter GmbH,Stadt Freiburg,751,Wiwilibrücke,100004595,YTH23035971,7.8407526,47.995213,(UTC+01:00) Europe/Paris DST,2013-06-02T04:00:00+02:00,na,na,70,70,na,na,na
Eco Counter GmbH,Stadt Freiburg,751,Wiwilibrücke,100004595,YTH23035971,7.8407526,47.995213,(UTC+01:00) Europe/Paris DST,2013-06-02T05:00:00+02:00,na,na,45,45,na,na,na
Eco Counter GmbH,Stadt Freiburg,751,Wiwilibrücke,100004595,YTH23035971,7.8407526,47.995213,(UTC+01:00) Europe/Paris DST,2013-06-02T06:00:00+02:00,na,na,26,26,na,na,na
Eco Counter GmbH,Stadt Freiburg,751,Wiwilibrücke,100004595,YTH23035971,7.8407526,47.995213,(UTC+01:00) Europe/Paris DST,2013-06-02T07:00:00+02:00,na,na,27,27,na,na,na
Eco Counter GmbH,Stadt Freiburg,751,Wiwilibrücke,100004595,YTH23035971,7.8407526,47.995213,(UTC+01:00) Europe/Paris DST,2013-06-02T08:00:00+02:00,na,na,37,37,na,na,na
Eco Counter GmbH,Stadt Freiburg,751,Wiwilibrücke,100004595,YTH23035971,7.8407526,47.995213,(UTC+01:00) Europe/Paris DST,2013-06-02T09:00:00+02:00,na,na,137,137,na,na,na
Eco Counter GmbH,Stadt Freiburg,751,Wiwilibrücke,100004595,YTH23035971,7.8407526,47.995213,(UTC+01:00) Europe/Paris DST,2013-06-02T10:00:00+02:00,na,na,116,116,na,na,na
Eco Counter GmbH,Stadt Freiburg,751,Wiwilibrücke,100004595,YTH23035971,7.8407526,47.995213,(UTC+01:00) Europe/Paris DST,2013-06-02T11:00:00+02:00,na,na,264,264,na,na,na
Eco Counter GmbH,Stadt Freiburg,751,Wiwilibrücke,100004595,YTH23035971,7.8407526,47.995213,(UTC+01:00) Europe/Paris DST,2013-06-02T12:00:00+02:00,na,na,254,254,na,na,na
Eco Counter GmbH,Stadt Freiburg,751,Wiwilibrücke,100004595,YTH23035971,7.8407526,47.995213,(UTC+01:00) Europe/Paris DST,2013-06-02T13:00:00+02:00,na,na,288,288,na,na,na
Eco Counter GmbH,Stadt Freiburg,751,Wiwilibrücke,100004595,YTH23035971,7.8407526,47.995213,(UTC+01:00) Europe/Paris DST,2013-06-02T14:00:00+02:00,na,na,363,363,na,na,na
Eco Counter GmbH,Stadt Freiburg,751,Wiwilibrücke,100004595,YTH23035971,7.8407526,47.995213,(UTC+01:00) Europe/Paris DST,2013-06-02T15:00:00+02:00,na,na,389,389,na,na,na
Eco Counter GmbH,Stadt Freiburg,751,Wiwilibrücke,100004595,YTH23035971,7.8407526,47.995213,(UTC+01:00) Europe/Paris DST,2013-06-02T16:00:00+02:00,na,na,435,435,na,na,na
Eco Counter GmbH,Stadt Freiburg,751,Wiwilibrücke,100004595,YTH23035971,7.8407526,47.995213,(UTC+01:00) Europe/Paris DST,2013-06-02T17:00:00+02:00,na,na,508,508,na,na,na
Eco Counter GmbH,Stadt Freiburg,751,Wiwilibrücke,100004595,YTH23035971,7.8407526,47.995213,(UTC+01:00) Europe/Paris DST,2013-06-02T18:00:00+02:00,na,na,469,469,na,na,na
Eco Counter GmbH,Stadt Freiburg,751,Wiwilibrücke,100004595,YTH23035971,7.8407526,47.995213,(UTC+01:00) Europe/Paris DST,2013-06-02T19:00:00+02:00,na,na,373,373,na,na,na
Eco Counter GmbH,Stadt Freiburg,751,Wiwilibrücke,100004595,YTH23035971,7.8407526,47.995213,(UTC+01:00) Europe/Paris DST,2013-06-02T20:00:00+02:00,na,na,289,289,na,na,na
Eco Counter GmbH,Stadt Freiburg,751,Wiwilibrücke,100004595,YTH23035971,7.8407526,47.995213,(UTC+01:00) Europe/Paris DST,2013-06-02T21:00:00+02:00,na,na,195,195,na,na,na
Eco Counter GmbH,Stadt Freiburg,751,Wiwilibrücke,100004595,YTH23035971,7.8407526,47.995213,(UTC+01:00) Europe/Paris DST,2013-06-02T22:00:00+02:00,na,na,247,247,na,na,na
Eco Counter GmbH,Stadt Freiburg,751,Wiwilibrücke,100004595,YTH23035971,7.8407526,47.995213,(UTC+01:00) Europe/Paris DST,2013-06-02T23:00:00+02:00,na,na,141,141,na,na,na
Eco Counter GmbH,Stadt Freiburg,751,Wiwilibrücke,100004595,YTH23035971,7.8407526,47.995213,(UTC+01:00) Europe/Paris DST,2013-06-03T00:00:00+02:00,na,na,66,66,na,na,na
Eco Counter GmbH,Stadt Freiburg,751,Wiwilibrücke,100004595,YTH23035971,7.8407526,47.995213,(UTC+01:00) Europe/Paris DST,2013-06-03T01:00:00+02:00,na,na,33,33,na,na,na
Eco Counter GmbH,Stadt Freiburg,751,Wiwilibrücke,100004595,YTH23035971,7.8407526,47.995213,(UTC+01:00) Europe/Paris DST,2013-06-03T02:00:00+02:00,na,na,18,18,na,na,na
Eco Counter GmbH,Stadt Freiburg,751,Wiwilibrücke,100004595,YTH23035971,7.8407526,47.995213,(UTC+01:00) Europe/Paris DST,2013-06-03T03:00:00+02:00,na,na,8,8,na,na,na
Eco Counter GmbH,Stadt Freiburg,751,Wiwilibrücke,100004595,YTH23035971,7.8407526,47.995213,(UTC+01:00) Europe/Paris DST,2013-06-03T04:00:00+02:00,na,na,4,4,na,na,na
Eco Counter GmbH,Stadt Freiburg,751,Wiwilibrücke,100004595,YTH23035971,7.8407526,47.995213,(UTC+01:00) Europe/Paris DST,2013-06-03T05:00:00+02:00,na,na,28,28,na,na,na
Eco Counter GmbH,Stadt Freiburg,751,Wiwilibrücke,100004595,YTH23035971,7.8407526,47.995213,(UTC+01:00) Europe/Paris DST,2013-06-03T06:00:00+02:00,na,na,124,124,na,na,na
Eco Counter GmbH,Stadt Freiburg,751,Wiwilibrücke,100004595,YTH23035971,7.8407526,47.995213,(UTC+01:00) Europe/Paris DST,2013-06-03T07:00:00+02:00,na,na,636,636,na,na,na
Eco Counter GmbH,Stadt Freiburg,751,Wiwilibrücke,100004595,YTH23035971,7.8407526,47.995213,(UTC+01:00) Europe/Paris DST,2013-06-03T08:00:00+02:00,na,na,811,811,na,na,na
Eco Counter GmbH,Stadt Freiburg,751,Wiwilibrücke,100004595,YTH23035971,7.8407526,47.995213,(UTC+01:00) Europe/Paris DST,2013-06-03T09:00:00+02:00,na,na,622,622,na,na,na
Eco Counter GmbH,Stadt Freiburg,751,Wiwilibrücke,100004595,YTH23035971,7.8407526,47.995213,(UTC+01:00) Europe/Paris DST,2013-06-03T10:00:00+02:00,na,na,530,530,na,na,na
Eco Counter GmbH,Stadt Freiburg,751,Wiwilibrücke,100004595,YTH23035971,7.8407526,47.995213,(UTC+01:00) Europe/Paris DST,2013-06-03T11:00:00+02:00,na,na,494,494,na,na,na
Eco Counter GmbH,Stadt Freiburg,751,Wiwilibrücke,100004595,YTH23035971,7.8407526,47.995213,(UTC+01:00) Europe/Paris DST,2013-06-03T12:00:00+02:00,na,na,648,648,na,na,na
Eco Counter GmbH,Stadt Freiburg,751,Wiwilibrücke,100004595,YTH23035971,7.8407526,47.995213,(UTC+01:00) Europe/Paris DST,2013-06-03T13:00:00+02:00,na,na,669,669,na,na,na
Eco Counter GmbH,Stadt Freiburg,751,Wiwilibrücke,100004595,YTH23035971,7.8407526,47.995213,(UTC+01:00) Europe/Paris DST,2013-06-03T14:00:00+02:00,na,na,601,601,na,na,na
Eco Counter GmbH,Stadt Freiburg,751,Wiwilibrücke,100004595,YTH23035971,7.8407526,47.995213,(UTC+01:00) Europe/Paris DST,2013-06-03T15:00:00+02:00,na,na,559,559,na,na,na
Eco Counter GmbH,Stadt Freiburg,751,Wiwilibrücke,100004595,YTH23035971,7.8407526,47.995213,(UTC+01:00) Europe/Paris DST,2013-06-03T16:00:00+02:00,na,na,665,665,na,na,na
Eco Counter GmbH,Stadt Freiburg,751,Wiwilibrücke,100004595,YTH23035971,7.8407526,47.995213,(UTC+01:00) Europe/Paris DST,2013-06-03T17:00:00+02:00,na,na,850,850,na,na,na
Eco Counter GmbH,Stadt Freiburg,751,Wiwilibrücke,100004595,YTH23035971,7.8407526,47.995213,(UTC+01:00) Europe/Paris DST,2013-06-03T18:00:00+02:00,na,na,781,781,na,na,na
Eco Counter GmbH,Stadt Freiburg,751,Wiwilibrücke,100004595,YTH23035971,7.8407526,47.995213,(UTC+01:00) Europe/Paris DST,2013-06-03T19:00:00+02:00,na,na,603,603,na,na,na
Eco Counter GmbH,Stadt Freiburg,751,Wiwilibrücke,100004595,YTH23035971,7.8407526,47.995213,(UTC+01:00) Europe/Paris DST,2013-06-03T20:00:00+02:00,na,na,447,447,na,na,na
Eco Counter GmbH,Stadt Freiburg,751,Wiwilibrücke,100004595,YTH23035971,7.8407526,47.995213,(UTC+01:00) Europe/Paris DST,2013-06-03T21:00:00+02:00,na,na,326,326,na,na,na
Eco Counter GmbH,Stadt Freiburg,751,Wiwilibrücke,100004595,YTH23035971,7.8407526,47.995213,(UTC+01:00) Europe/Paris DST,2013-06-03T22:00:00+02:00,na,na,268,268,na,na,na
Eco Counter GmbH,Stadt Freiburg,751,Wiwilibrücke,100004595,YTH23035971,7.8407526,47.995213,(UTC+01:00) Europe/Paris DST,2013-06-03T23:00:00+02:00,na,na,175,175,na,na,na
Eco Counter GmbH,Stadt Freiburg,751,Wiwilibrücke,100004595,YTH23035971,7.8407526,47.995213,(UTC+01:00) Europe/Paris DST,2013-06-04T00:00:00+02:00,na,na,101,101,na,na,na
Eco Counter GmbH,Stadt Freiburg,751,Wiwilibrücke,100004595,YTH23035971,7.8407526,47.995213,(UTC+01:00) Europe/Paris DST,2013-06-04T01:00:00+02:00,na,na,36,36,na,na,na
Eco Counter GmbH,Stadt Freiburg,751,Wiwilibrücke,100004595,YTH23035971,7.8407526,47.995213,(UTC+01:00) Europe/Paris DST,2013-06-04T02:00:00+02:00,na,na,37,37,na,na,na
Eco Counter GmbH,Stadt Freiburg,751,Wiwilibrücke,100004595,YTH23035971,7.8407526,47.995213,(UTC+01:00) Europe/Paris DST,2013-06-04T03:00:00+02:00,na,na,22,22,na,na,na
Eco Counter GmbH,Stadt Freiburg,751,Wiwilibrücke,100004595,YTH23035971,7.8407526,47.995213,(UTC+01:00) Europe/Paris DST,2013-06-04T04:00:00+02:00,na,na,6,6,na,na,na
Eco Counter GmbH,Stadt Freiburg,751,Wiwilibrücke,100004595,YTH23035971,7.8407526,47.995213,(UTC+01:00) Europe/Paris DST,2013-06-04T05:00:00+02:00,na,na,27,27,na,na,na
Eco Counter GmbH,Stadt Freiburg,751,Wiwilibrücke,100004595,YTH23035971,7.8407526,47.995213,(UTC+01:00) Europe/Paris DST,2013-06-04T06:00:00+02:00,na,na,129,129,na,na,na
Eco Counter GmbH,Stadt Freiburg,751,Wiwilibrücke,100004595,YTH23035971,7.8407526,47.995213,(UTC+01:00) Europe/Paris DST,2013-06-04T07:00:00+02:00,na,na,571,571,na,na,na
Eco Counter GmbH,Stadt Freiburg,751,Wiwilibrücke,100004595,YTH23035971,7.8407526,47.995213,(UTC+01:00) Europe/Paris DST,2013-06-04T08:00:00+02:00,na,na,903,903,na,na,na
Eco Counter GmbH,Stadt Freiburg,751,Wiwilibrücke,100004595,YTH23035971,7.8407526,47.995213,(UTC+01:00) Europe/Paris DST,2013-06-04T09:00:00+02:00,na,na,578,578,na,na,na
Eco Counter GmbH,Stadt Freiburg,751,Wiwilibrücke,100004595,YTH23035971,7.8407526,47.995213,(UTC+01:00) Europe/Paris DST,2013-06-04T10:00:00+02:00,na,na,528,528,na,na,na
Eco Counter GmbH,Stadt Freiburg,751,Wiwilibrücke,100004595,YTH23035971,7.8407526,47.995213,(UTC+01:00) Europe/Paris DST,2013-06-04T11:00:00+02:00,na,na,499,499,na,na,na
Eco Counter GmbH,Stadt Freiburg,751,Wiwilibrücke,100004595,YTH23035971,7.8407526,47.995213,(UTC+01:00) Europe/Paris DST,2013-06-04T12:00:00+02:00,na,na,739,739,na,na,na
Eco Counter GmbH,Stadt Freiburg,751,Wiwilibrücke,100004595,YTH23035971,7.8407526,47.995213,(UTC+01:00) Europe/Paris DST,2013-06-04T13:00:00+02:00,na,na,697,697,na,na,na
Eco Counter GmbH,Stadt Freiburg,751,Wiwilibrücke,100004595,YTH23035971,7.8407526,47.995213,(UTC+01:00) Europe/Paris DST,2013-06-04T14:00:00+02:00,na,na,588,588,na,na,na
Eco Counter GmbH,Stadt Freiburg,751,Wiwilibrücke,100004595,YTH23035971,7.8407526,47.995213,(UTC+01:00) Europe/Paris DST,2013-06-04T15:00:00+02:00,na,na,668,668,na,na,na
Eco Counter GmbH,Stadt Freiburg,751,Wiwilibrücke,100004595,YTH23035971,7.8407526,47.995213,(UTC+01:00) Europe/Paris DST,2013-06-04T16:00:00+02:00,na,na,830,830,na,na,na
Eco Counter GmbH,Stadt Freiburg,751,Wiwilibrücke,100004595,YTH23035971,7.8407526,47.995213,(UTC+01:00) Europe/Paris DST,2013-06-04T17:00:00+02:00,na,na,921,921,na,na,na
Eco Counter GmbH,Stadt Freiburg,751,Wiwilibrücke,100004595,YTH23035971,7.8407526,47.995213,(UTC+01:00) Europe/Paris DST,2013-06-04T18:00:00+02:00,na,na,1001,1001,na,na,na
Eco Counter GmbH,Stadt Freiburg,751,Wiwilibrücke,100004595,YTH23035971,7.8407526,47.995213,(UTC+01:00) Europe/Paris DST,2013-06-04T19:00:00+02:00,na,na,890,890,na,na,na
Eco Counter GmbH,Stadt Freiburg,751,Wiwilibrücke,100004595,YTH23035971,7.8407526,47.995213,(UTC+01:00) Europe/Paris DST,2013-06-04T20:00:00+02:00,na,na,598,598,na,na,na
Eco Counter GmbH,Stadt Freiburg,751,Wiwilibrücke,100004595,YTH23035971,7.8407526,47.995213,(UTC+01:00) Europe/Paris DST,2013-06-04T21:00:00+02:00,na,na,379,379,na,na,na
Eco Counter GmbH,Stadt Freiburg,751,Wiwilibrücke,100004595,YTH23035971,7.8407526,47.995213,(UTC+01:00) Europe/Paris DST,2013-06-04T22:00:00+02:00,na,na,425,425,na,na,na
Eco Counter GmbH,Stadt Freiburg,751,Wiwilibrücke,100004595,YTH23035971,7.8407526,47.995213,(UTC+01:00) Europe/Paris DST,2013-06-04T23:00:00+02:00,na,na,271,271,na,na,na
Eco Counter GmbH,Stadt Freiburg,751,Wiwilibrücke,100004595,YTH23035971,7.8407526,47.995213,(UTC+01:00) Europe/Paris DST,2013-06-05T00:00:00+02:00,na,na,150,150,na,na,na
Eco Counter GmbH,Stadt Freiburg,751,Wiwilibrücke,100004595,YTH23035971,7.8407526,47.995213,(UTC+01:00) Europe/Paris DST,2013-06-05T01:00:00+02:00,na,na,72,72,na,na,na
Eco Counter GmbH,Stadt Freiburg,751,Wiwilibrücke,100004595,YTH23035971,7.8407526,47.995213,(UTC+01:00) Europe/Paris DST,2013-06-05T02:00:00+02:00,na,na,26,26,na,na,na
Eco Counter GmbH,Stadt Freiburg,751,Wiwilibrücke,100004595,YTH23035971,7.8407526,47.995213,(UTC+01:00) Europe/Paris DST,2013-06-05T03:00:00+02:00,na,na,8,8,na,na,na
Eco Counter GmbH,Stadt Freiburg,751,Wiwilibrücke,100004595,YTH23035971,7.8407526,47.995213,(UTC+01:00) Europe/Paris DST,2013-06-05T04:00:00+02:00,na,na,3,3,na,na,na
Eco Counter GmbH,Stadt Freiburg,751,Wiwilibrücke,100004595,YTH23035971,7.8407526,47.995213,(UTC+01:00) Europe/Paris DST,2013-06-05T05:00:00+02:00,na,na,32,32,na,na,na
Eco Counter GmbH,Stadt Freiburg,751,Wiwilibrücke,100004595,YTH23035971,7.8407526,47.995213,(UTC+01:00) Europe/Paris DST,2013-06-05T06:00:00+02:00,na,na,127,127,na,na,na
Eco Counter GmbH,Stadt Freiburg,751,Wiwilibrücke,100004595,YTH23035971,7.8407526,47.995213,(UTC+01:00) Europe/Paris DST,2013-06-05T07:00:00+02:00,na,na,579,579,na,na,na
Eco Counter GmbH,Stadt Freiburg,751,Wiwilibrücke,100004595,YTH23035971,7.8407526,47.995213,(UTC+01:00) Europe/Paris DST,2013-06-05T08:00:00+02:00,na,na,892,892,na,na,na
Eco Counter GmbH,Stadt Freiburg,751,Wiwilibrücke,100004595,YTH23035971,7.8407526,47.995213,(UTC+01:00) Europe/Paris DST,2013-06-05T09:00:00+02:00,na,na,651,651,na,na,na
Eco Counter GmbH,Stadt Freiburg,751,Wiwilibrücke,100004595,YTH23035971,7.8407526,47.995213,(UTC+01:00) Europe/Paris DST,2013-06-05T10:00:00+02:00,na,na,524,524,na,na,na
Eco Counter GmbH,Stadt Freiburg,751,Wiwilibrücke,100004595,YTH23035971,7.8407526,47.995213,(UTC+01:00) Europe/Paris DST,2013-06-05T11:00:00+02:00,na,na,490,490,na,na,na
Eco Counter GmbH,Stadt Freiburg,751,Wiwilibrücke,100004595,YTH23035971,7.8407526,47.995213,(UTC+01:00) Europe/Paris DST,2013-06-05T12:00:00+02:00,na,na,732,732,na,na,na
Eco Counter GmbH,Stadt Freiburg,751,Wiwilibrücke,100004595,YTH23035971,7.8407526,47.995213,(UTC+01:00) Europe/Paris DST,2013-06-05T13:00:00+02:00,na,na,756,756,na,na,na
Eco Counter GmbH,Stadt Freiburg,751,Wiwilibrücke,100004595,YTH23035971,7.8407526,47.995213,(UTC+01:00) Europe/Paris DST,2013-06-05T14:00:00+02:00,na,na,626,626,na,na,na
Eco Counter GmbH,Stadt Freiburg,751,Wiwilibrücke,100004595,YTH23035971,7.8407526,47.995213,(UTC+01:00) Europe/Paris DST,2013-06-05T15:00:00+02:00,na,na,649,649,na,na,na
Eco Counter GmbH,Stadt Freiburg,751,Wiwilibrücke,100004595,YTH23035971,7.8407526,47.995213,(UTC+01:00) Europe/Paris DST,2013-06-05T16:00:00+02:00,na,na,800,800,na,na,na
Eco Counter GmbH,Stadt Freiburg,751,Wiwilibrücke,100004595,YTH23035971,7.8407526,47.995213,(UTC+01:00) Europe/Paris DST,2013-06-05T17:00:00+02:00,na,na,970,970,na,na,na
Eco Counter GmbH,Stadt Freiburg,751,Wiwilibrücke,100004595,YTH23035971,7.8407526,47.995213,(UTC+01:00) Europe/Paris DST,2013-06-05T18:00:00+02:00,na,na,886,886,na,na,na
Eco Counter GmbH,Stadt Freiburg,751,Wiwilibrücke,100004595,YTH23035971,7.8407526,47.995213,(UTC+01:00) Europe/Paris DST,2013-06-05T19:00:00+02:00,na,na,806,806,na,na,na
Eco Counter GmbH,Stadt Freiburg,751,Wiwilibrücke,100004595,YTH23035971,7.8407526,47.995213,(UTC+01:00) Europe/Paris DST,2013-06-05T20:00:00+02:00,na,na,516,516,na,na,na
Eco Counter GmbH,Stadt Freiburg,751,Wiwilibrücke,100004595,YTH23035971,7.8407526,47.995213,(UTC+01:00) Europe/Paris DST,2013-06-05T21:00:00+02:00,na,na,393,393,na,na,na
Eco Counter GmbH,Stadt Freiburg,751,Wiwilibrücke,100004595,YTH23035971,7.8407526,47.995213,(UTC+01:00) Europe/Paris DST,2013-06-05T22:00:00+02:00,na,na,393,393,na,na,na
Eco Counter GmbH,Stadt Freiburg,751,Wiwilibrücke,100004595,YTH23035971,7.8407526,47.995213,(UTC+01:00) Europe/Paris DST,2013-06-05T23:00:00+02:00,na,na,284,284,na,na,na
Eco Counter GmbH,Stadt Freiburg,751,Wiwilibrücke,100004595,YTH23035971,7.8407526,47.995213,(UTC+01:00) Europe/Paris DST,2013-06-06T00:00:00+02:00,na,na,158,158,na,na,na
Eco Counter GmbH,Stadt Freiburg,751,Wiwilibrücke,100004595,YTH23035971,7.8407526,47.995213,(UTC+01:00) Europe/Paris DST,2013-06-06T01:00:00+02:00,na,na,87,87,na,na,na
Eco Counter GmbH,Stadt Freiburg,751,Wiwilibrücke,100004595,YTH23035971,7.8407526,47.995213,(UTC+01:00) Europe/Paris DST,2013-06-06T02:00:00+02:00,na,na,16,16,na,na,na
Eco Counter GmbH,Stadt Freiburg,751,Wiwilibrücke,100004595,YTH23035971,7.8407526,47.995213,(UTC+01:00) Europe/Paris DST,2013-06-06T03:00:00+02:00,na,na,17,17,na,na,na
Eco Counter GmbH,Stadt Freiburg,751,Wiwilibrücke,100004595,YTH23035971,7.8407526,47.995213,(UTC+01:00) Europe/Paris DST,2013-06-06T04:00:00+02:00,na,na,12,12,na,na,na
Eco Counter GmbH,Stadt Freiburg,751,Wiwilibrücke,100004595,YTH23035971,7.8407526,47.995213,(UTC+01:00) Europe/Paris DST,2013-06-06T05:00:00+02:00,na,na,33,33,na,na,na
Eco Counter GmbH,Stadt Freiburg,751,Wiwilibrücke,100004595,YTH23035971,7.8407526,47.995213,(UTC+01:00) Europe/Paris DST,2013-06-06T06:00:00+02:00,na,na,127,127,na,na,na
Eco Counter GmbH,Stadt Freiburg,751,Wiwilibrücke,100004595,YTH23035971,7.8407526,47.995213,(UTC+01:00) Europe/Paris DST,2013-06-06T07:00:00+02:00,na,na,543,543,na,na,na
Eco Counter GmbH,Stadt Freiburg,751,Wiwilibrücke,100004595,YTH23035971,7.8407526,47.995213,(UTC+01:00) Europe/Paris DST,2013-06-06T08:00:00+02:00,na,na,815,815,na,na,na
Eco Counter GmbH,Stadt Freiburg,751,Wiwilibrücke,100004595,YTH23035971,7.8407526,47.995213,(UTC+01:00) Europe/Paris DST,2013-06-06T09:00:00+02:00,na,na,616,616,na,na,na
Eco Counter GmbH,Stadt Freiburg,751,Wiwilibrücke,100004595,YTH23035971,7.8407526,47.995213,(UTC+01:00) Europe/Paris DST,2013-06-06T10:00:00+02:00,na,na,557,557,na,na,na
Eco Counter GmbH,Stadt Freiburg,751,Wiwilibrücke,100004595,YTH23035971,7.8407526,47.995213,(UTC+01:00) Europe/Paris DST,2013-06-06T11:00:00+02:00,na,na,521,521,na,na,na
Eco Counter GmbH,Stadt Freiburg,751,Wiwilibrücke,100004595,YTH23035971,7.8407526,47.995213,(UTC+01:00) Europe/Paris DST,2013-06-06T12:00:00+02:00,na,na,720,720,na,na,na
Eco Counter GmbH,Stadt Freiburg,751,Wiwilibrücke,100004595,YTH23035971,7.8407526,47.995213,(UTC+01:00) Europe/Paris DST,2013-06-06T13:00:00+02:00,na,na,856,856,na,na,na
Eco Counter GmbH,Stadt Freiburg,751,Wiwilibrücke,100004595,YTH23035971,7.8407526,47.995213,(UTC+01:00) Europe/Paris DST,2013-06-06T14:00:00+02:00,na,na,739,739,na,na,na
Eco Counter GmbH,Stadt Freiburg,751,Wiwilibrücke,100004595,YTH23035971,7.8407526,47.995213,(UTC+01:00) Europe/Paris DST,2013-06-06T15:00:00+02:00,na,na,813,813,na,na,na
Eco Counter GmbH,Stadt Freiburg,751,Wiwilibrücke,100004595,YTH23035971,7.8407526,47.995213,(UTC+01:00) Europe/Paris DST,2013-06-06T16:00:00+02:00,na,na,826,826,na,na,na
Eco Counter GmbH,Stadt Freiburg,751,Wiwilibrücke,100004595,YTH23035971,7.8407526,47.995213,(UTC+01:00) Europe/Paris DST,2013-06-06T17:00:00+02:00,na,na,1047,1047,na,na,na
Eco Counter GmbH,Stadt Freiburg,751,Wiwilibrücke,100004595,YTH23035971,7.8407526,47.995213,(UTC+01:00) Europe/Paris DST,2013-06-06T18:00:00+02:00,na,na,941,941,na,na,na
Eco Counter GmbH,Stadt Freiburg,751,Wiwilibrücke,100004595,YTH23035971,7.8407526,47.995213,(UTC+01:00) Europe/Paris DST,2013-06-06T19:00:00+02:00,na,na,824,824,na,na,na
Eco Counter GmbH,Stadt Freiburg,751,Wiwilibrücke,100004595,YTH23035971,7.8407526,47.995213,(UTC+01:00) Europe/Paris DST,2013-06-06T20:00:00+02:00,na,na,644,644,na,na,na
Eco Counter GmbH,Stadt Freiburg,751,Wiwilibrücke,100004595,YTH23035971,7.8407526,47.995213,(UTC+01:00) Europe/Paris DST,2013-06-06T21:00:00+02:00,na,na,405,405,na,na,na
Eco Counter GmbH,Stadt Freiburg,751,Wiwilibrücke,100004595,YTH23035971,7.8407526,47.995213,(UTC+01:00) Europe/Paris DST,2013-06-06T22:00:00+02:00,na,na,498,498,na,na,na
Eco Counter GmbH,Stadt Freiburg,751,Wiwilibrücke,100004595,YTH23035971,7.8407526,47.995213,(UTC+01:00) Europe/Paris DST,2013-06-06T23:00:00+02:00,na,na,391,391,na,na,na
Eco Counter GmbH,Stadt Freiburg,751,Wiwilibrücke,100004595,YTH23035971,7.8407526,47.995213,(UTC+01:00) Europe/Paris DST,2013-06-07T00:00:00+02:00,na,na,214,214,na,na,na
Eco Counter GmbH,Stadt Freiburg,751,Wiwilibrücke,100004595,YTH23035971,7.8407526,47.995213,(UTC+01:00) Europe/Paris DST,2013-06-07T01:00:00+02:00,na,na,114,114,na,na,na
Eco Counter GmbH,Stadt Freiburg,751,Wiwilibrücke,100004595,YTH23035971,7.8407526,47.995213,(UTC+01:00) Europe/Paris DST,2013-06-07T02:00:00+02:00,na,na,52,52,na,na,na
Eco Counter GmbH,Stadt Freiburg,751,Wiwilibrücke,100004595,YTH23035971,7.8407526,47.995213,(UTC+01:00) Europe/Paris DST,2013-06-07T03:00:00+02:00,na,na,45,45,na,na,na
Eco Counter GmbH,Stadt Freiburg,751,Wiwilibrücke,100004595,YTH23035971,7.8407526,47.995213,(UTC+01:00) Europe/Paris DST,2013-06-07T04:00:00+02:00,na,na,22,22,na,na,na
Eco Counter GmbH,Stadt Freiburg,751,Wiwilibrücke,100004595,YTH23035971,7.8407526,47.995213,(UTC+01:00) Europe/Paris DST,2013-06-07T05:00:00+02:00,na,na,25,25,na,na,na
Eco Counter GmbH,Stadt Freiburg,751,Wiwilibrücke,100004595,YTH23035971,7.8407526,47.995213,(UTC+01:00) Europe/Paris DST,2013-06-07T06:00:00+02:00,na,na,110,110,na,na,na
Eco Counter GmbH,Stadt Freiburg,751,Wiwilibrücke,100004595,YTH23035971,7.8407526,47.995213,(UTC+01:00) Europe/Paris DST,2013-06-07T07:00:00+02:00,na,na,508,508,na,na,na
Eco Counter GmbH,Stadt Freiburg,751,Wiwilibrücke,100004595,YTH23035971,7.8407526,47.995213,(UTC+01:00) Europe/Paris DST,2013-06-07T08:00:00+02:00,na,na,733,733,na,na,na
Eco Counter GmbH,Stadt Freiburg,751,Wiwilibrücke,100004595,YTH23035971,7.8407526,47.995213,(UTC+01:00) Europe/Paris DST,2013-06-07T09:00:00+02:00,na,na,641,641,na,na,na
Eco Counter GmbH,Stadt Freiburg,751,Wiwilibrücke,100004595,YTH23035971,7.8407526,47.995213,(UTC+01:00) Europe/Paris DST,2013-06-07T10:00:00+02:00,na,na,554,554,na,na,na
Eco Counter GmbH,Stadt Freiburg,751,Wiwilibrücke,100004595,YTH23035971,7.8407526,47.995213,(UTC+01:00) Europe/Paris DST,2013-06-07T11:00:00+02:00,na,na,561,561,na,na,na
Eco Counter GmbH,Stadt Freiburg,751,Wiwilibrücke,100004595,YTH23035971,7.8407526,47.995213,(UTC+01:00) Europe/Paris DST,2013-06-07T12:00:00+02:00,na,na,702,702,na,na,na
Eco Counter GmbH,Stadt Freiburg,751,Wiwilibrücke,100004595,YTH23035971,7.8407526,47.995213,(UTC+01:00) Europe/Paris DST,2013-06-07T13:00:00+02:00,na,na,775,775,na,na,na
Eco Counter GmbH,Stadt Freiburg,751,Wiwilibrücke,100004595,YTH23035971,7.8407526,47.995213,(UTC+01:00) Europe/Paris DST,2013-06-07T14:00:00+02:00,na,na,691,691,na,na,na
Eco Counter GmbH,Stadt Freiburg,751,Wiwilibrücke,100004595,YTH23035971,7.8407526,47.995213,(UTC+01:00) Europe/Paris DST,2013-06-07T15:00:00+02:00,na,na,687,687,na,na,na
Eco Counter GmbH,Stadt Freiburg,751,Wiwilibrücke,100004595,YTH23035971,7.8407526,47.995213,(UTC+01:00) Europe/Paris DST,2013-06-07T16:00:00+02:00,na,na,821,821,na,na,na
Eco Counter GmbH,Stadt Freiburg,751,Wiwilibrücke,100004595,YTH23035971,7.8407526,47.995213,(UTC+01:00) Europe/Paris DST,2013-06-07T17:00:00+02:00,na,na,395,395,na,na,na
Eco Counter GmbH,Stadt Freiburg,751,Wiwilibrücke,100004595,YTH23035971,7.8407526,47.995213,(UTC+01:00) Europe/Paris DST,2013-06-07T18:00:00+02:00,na,na,549,549,na,na,na
Eco Counter GmbH,Stadt Freiburg,751,Wiwilibrücke,100004595,YTH23035971,7.8407526,47.995213,(UTC+01:00) Europe/Paris DST,2013-06-07T19:00:00+02:00,na,na,485,485,na,na,na
Eco Counter GmbH,Stadt Freiburg,751,Wiwilibrücke,100004595,YTH23035971,7.8407526,47.995213,(UTC+01:00) Europe/Paris DST,2013-06-07T20:00:00+02:00,na,na,365,365,na,na,na
Eco Counter GmbH,Stadt Freiburg,751,Wiwilibrücke,100004595,YTH23035971,7.8407526,47.995213,(UTC+01:00) Europe/Paris DST,2013-06-07T21:00:00+02:00,na,na,348,348,na,na,na
Eco Counter GmbH,Stadt Freiburg,751,Wiwilibrücke,100004595,YTH23035971,7.8407526,47.995213,(UTC+01:00) Europe/Paris DST,2013-06-07T22:00:00+02:00,na,na,348,348,na,na,na
Eco Counter GmbH,Stadt Freiburg,751,Wiwilibrücke,100004595,YTH23035971,7.8407526,47.995213,(UTC+01:00) Europe/Paris DST,2013-06-07T23:00:00+02:00,na,na,257,257,na,na,na
Eco Counter GmbH,Stadt Freiburg,751,Wiwilibrücke,100004595,YTH23035971,7.8407526,47.995213,(UTC+01:00) Europe/Paris DST,2013-06-08T00:00:00+02:00,na,na,239,239,na,na,na
Eco Counter GmbH,Stadt Freiburg,751,Wiwilibrücke,100004595,YTH23035971,7.8407526,47.995213,(UTC+01:00) Europe/Paris DST,2013-06-08T01:00:00+02:00,na,na,197,197,na,na,na
Eco Counter GmbH,Stadt Freiburg,751,Wiwilibrücke,100004595,YTH23035971,7.8407526,47.995213,(UTC+01:00) Europe/Paris DST,2013-06-08T02:00:00+02:00,na,na,140,140,na,na,na
Eco Counter GmbH,Stadt Freiburg,751,Wiwilibrücke,100004595,YTH23035971,7.8407526,47.995213,(UTC+01:00) Europe/Paris DST,2013-06-08T03:00:00+02:00,na,na,85,85,na,na,na
Eco Counter GmbH,Stadt Freiburg,751,Wiwilibrücke,100004595,YTH23035971,7.8407526,47.995213,(UTC+01:00) Europe/Paris DST,2013-06-08T04:00:00+02:00,na,na,52,52,na,na,na
Eco Counter GmbH,Stadt Freiburg,751,Wiwilibrücke,100004595,YTH23035971,7.8407526,47.995213,(UTC+01:00) Europe/Paris DST,2013-06-08T05:00:00+02:00,na,na,44,44,na,na,na
Eco Counter GmbH,Stadt Freiburg,751,Wiwilibrücke,100004595,YTH23035971,7.8407526,47.995213,(UTC+01:00) Europe/Paris DST,2013-06-08T06:00:00+02:00,na,na,38,38,na,na,na
Eco Counter GmbH,Stadt Freiburg,751,Wiwilibrücke,100004595,YTH23035971,7.8407526,47.995213,(UTC+01:00) Europe/Paris DST,2013-06-08T07:00:00+02:00,na,na,75,75,na,na,na
Eco Counter GmbH,Stadt Freiburg,751,Wiwilibrücke,100004595,YTH23035971,7.8407526,47.995213,(UTC+01:00) Europe/Paris DST,2013-06-08T08:00:00+02:00,na,na,202,202,na,na,na
Eco Counter GmbH,Stadt Freiburg,751,Wiwilibrücke,100004595,YTH23035971,7.8407526,47.995213,(UTC+01:00) Europe/Paris DST,2013-06-08T09:00:00+02:00,na,na,314,314,na,na,na
Eco Counter GmbH,Stadt Freiburg,751,Wiwilibrücke,100004595,YTH23035971,7.8407526,47.995213,(UTC+01:00) Europe/Paris DST,2013-06-08T10:00:00+02:00,na,na,450,450,na,na,na
Eco Counter GmbH,Stadt Freiburg,751,Wiwilibrücke,100004595,YTH23035971,7.8407526,47.995213,(UTC+01:00) Europe/Paris DST,2013-06-08T11:00:00+02:00,na,na,572,572,na,na,na
Eco Counter GmbH,Stadt Freiburg,751,Wiwilibrücke,100004595,YTH23035971,7.8407526,47.995213,(UTC+01:00) Europe/Paris DST,2013-06-08T12:00:00+02:00,na,na,621,621,na,na,na
Eco Counter GmbH,Stadt Freiburg,751,Wiwilibrücke,100004595,YTH23035971,7.8407526,47.995213,(UTC+01:00) Europe/Paris DST,2013-06-08T13:00:00+02:00,na,na,700,700,na,na,na
Eco Counter GmbH,Stadt Freiburg,751,Wiwilibrücke,100004595,YTH23035971,7.8407526,47.995213,(UTC+01:00) Europe/Paris DST,2013-06-08T14:00:00+02:00,na,na,592,592,na,na,na
Eco Counter GmbH,Stadt Freiburg,751,Wiwilibrücke,100004595,YTH23035971,7.8407526,47.995213,(UTC+01:00) Europe/Paris DST,2013-06-08T15:00:00+02:00,na,na,574,574,na,na,na
Eco Counter GmbH,Stadt Freiburg,751,Wiwilibrücke,100004595,YTH23035971,7.8407526,47.995213,(UTC+01:00) Europe/Paris DST,2013-06-08T16:00:00+02:00,na,na,573,573,na,na,na
Eco Counter GmbH,Stadt Freiburg,751,Wiwilibrücke,100004595,YTH23035971,7.8407526,47.995213,(UTC+01:00) Europe/Paris DST,2013-06-08T17:00:00+02:00,na,na,450,450,na,na,na
Eco Counter GmbH,Stadt Freiburg,751,Wiwilibrücke,100004595,YTH23035971,7.8407526,47.995213,(UTC+01:00) Europe/Paris DST,2013-06-08T18:00:00+02:00,na,na,468,468,na,na,na
Eco Counter GmbH,Stadt Freiburg,751,Wiwilibrücke,100004595,YTH23035971,7.8407526,47.995213,(UTC+01:00) Europe/Paris DST,2013-06-08T19:00:00+02:00,na,na,464,464,na,na,na
Eco Counter GmbH,Stadt Freiburg,751,Wiwilibrücke,100004595,YTH23035971,7.8407526,47.995213,(UTC+01:00) Europe/Paris DST,2013-06-08T20:00:00+02:00,na,na,394,394,na,na,na
Eco Counter GmbH,Stadt Freiburg,751,Wiwilibrücke,100004595,YTH23035971,7.8407526,47.995213,(UTC+01:00) Europe/Paris DST,2013-06-08T21:00:00+02:00,na,na,314,314,na,na,na
Eco Counter GmbH,Stadt Freiburg,751,Wiwilibrücke,100004595,YTH23035971,7.8407526,47.995213,(UTC+01:00) Europe/Paris DST,2013-06-08T22:00:00+02:00,na,na,286,286,na,na,na
Eco Counter GmbH,Stadt Freiburg,751,Wiwilibrücke,100004595,YTH23035971,7.8407526,47.995213,(UTC+01:00) Europe/Paris DST,2013-06-08T23:00:00+02:00,na,na,286,286,na,na,na
Eco Counter GmbH,Stadt Freiburg,751,Wiwilibrücke,100004595,YTH23035971,7.8407526,47.995213,(UTC+01:00) Europe/Paris DST,2013-06-09T00:00:00+02:00,na,na,226,226,na,na,na
Eco Counter GmbH,Stadt Freiburg,751,Wiwilibrücke,100004595,YTH23035971,7.8407526,47.995213,(UTC+01:00) Europe/Paris DST,2013-06-09T01:00:00+02:00,na,na,198,198,na,na,na
Eco Counter GmbH,Stadt Freiburg,751,Wiwilibrücke,100004595,YTH23035971,7.8407526,47.995213,(UTC+01:00) Europe/Paris DST,2013-06-09T02:00:00+02:00,na,na,162,162,na,na,na
Eco Counter GmbH,Stadt Freiburg,751,Wiwilibrücke,100004595,YTH23035971,7.8407526,47.995213,(UTC+01:00) Europe/Paris DST,2013-06-09T03:00:00+02:00,na,na,117,117,na,na,na
Eco Counter GmbH,Stadt Freiburg,751,Wiwilibrücke,100004595,YTH23035971,7.8407526,47.995213,(UTC+01:00) Europe/Paris DST,2013-06-09T04:00:00+02:00,na,na,64,64,na,na,na
Eco Counter GmbH,Stadt Freiburg,751,Wiwilibrücke,100004595,YTH23035971,7.8407526,47.995213,(UTC+01:00) Europe/Paris DST,2013-06-09T05:00:00+02:00,na,na,44,44,na,na,na
Eco Counter GmbH,Stadt Freiburg,751,Wiwilibrücke,100004595,YTH23035971,7.8407526,47.995213,(UTC+01:00) Europe/Paris DST,2013-06-09T06:00:00+02:00,na,na,29,29,na,na,na
Eco Counter GmbH,Stadt Freiburg,751,Wiwilibrücke,100004595,YTH23035971,7.8407526,47.995213,(UTC+01:00) Europe/Paris DST,2013-06-09T07:00:00+02:00,na,na,33,33,na,na,na
Eco Counter GmbH,Stadt Freiburg,751,Wiwilibrücke,100004595,YTH23035971,7.8407526,47.995213,(UTC+01:00) Europe/Paris DST,2013-06-09T08:00:00+02:00,na,na,34,34,na,na,na
Eco Counter GmbH,Stadt Freiburg,751,Wiwilibrücke,100004595,YTH23035971,7.8407526,47.995213,(UTC+01:00) Europe/Paris DST,2013-06-09T09:00:00+02:00,na,na,123,123,na,na,na
Eco Counter GmbH,Stadt Freiburg,751,Wiwilibrücke,100004595,YTH23035971,7.8407526,47.995213,(UTC+01:00) Europe/Paris DST,2013-06-09T10:00:00+02:00,na,na,195,195,na,na,na
Eco Counter GmbH,Stadt Freiburg,751,Wiwilibrücke,100004595,YTH23035971,7.8407526,47.995213,(UTC+01:00) Europe/Paris DST,2013-06-09T11:00:00+02:00,na,na,266,266,na,na,na
Eco Counter GmbH,Stadt Freiburg,751,Wiwilibrücke,100004595,YTH23035971,7.8407526,47.995213,(UTC+01:00) Europe/Paris DST,2013-06-09T12:00:00+02:00,na,na,259,259,na,na,na
Eco Counter GmbH,Stadt Freiburg,751,Wiwilibrücke,100004595,YTH23035971,7.8407526,47.995213,(UTC+01:00) Europe/Paris DST,2013-06-09T13:00:00+02:00,na,na,341,341,na,na,na
Eco Counter GmbH,Stadt Freiburg,751,Wiwilibrücke,100004595,YTH23035971,7.8407526,47.995213,(UTC+01:00) Europe/Paris DST,2013-06-09T14:00:00+02:00,na,na,307,307,na,na,na
Eco Counter GmbH,Stadt Freiburg,751,Wiwilibrücke,100004595,YTH23035971,7.8407526,47.995213,(UTC+01:00) Europe/Paris DST,2013-06-09T15:00:00+02:00,na,na,340,340,na,na,na
Eco Counter GmbH,Stadt Freiburg,751,Wiwilibrücke,100004595,YTH23035971,7.8407526,47.995213,(UTC+01:00) Europe/Paris DST,2013-06-09T16:00:00+02:00,na,na,335,335,na,na,na
Eco Counter GmbH,Stadt Freiburg,751,Wiwilibrücke,100004595,YTH23035971,7.8407526,47.995213,(UTC+01:00) Europe/Paris DST,2013-06-09T17:00:00+02:00,na,na,376,376,na,na,na
Eco Counter GmbH,Stadt Freiburg,751,Wiwilibrücke,100004595,YTH23035971,7.8407526,47.995213,(UTC+01:00) Europe/Paris DST,2013-06-09T18:00:00+02:00,na,na,418,418,na,na,na
Eco Counter GmbH,Stadt Freiburg,751,Wiwilibrücke,100004595,YTH23035971,7.8407526,47.995213,(UTC+01:00) Europe/Paris DST,2013-06-09T19:00:00+02:00,na,na,407,407,na,na,na
Eco Counter GmbH,Stadt Freiburg,751,Wiwilibrücke,100004595,YTH23035971,7.8407526,47.995213,(UTC+01:00) Europe/Paris DST,2013-06-09T20:00:00+02:00,na,na,300,300,na,na,na
Eco Counter GmbH,Stadt Freiburg,751,Wiwilibrücke,100004595,YTH23035971,7.8407526,47.995213,(UTC+01:00) Europe/Paris DST,2013-06-09T21:00:00+02:00,na,na,165,165,na,na,na
Eco Counter GmbH,Stadt Freiburg,751,Wiwilibrücke,100004595,YTH23035971,7.8407526,47.995213,(UTC+01:00) Europe/Paris DST,2013-06-09T22:00:00+02:00,na,na,203,203,na,na,na
Eco Counter GmbH,Stadt Freiburg,751,Wiwilibrücke,100004595,YTH23035971,7.8407526,47.995213,(UTC+01:00) Europe/Paris DST,2013-06-09T23:00:00+02:00,na,na,108,108,na,na,na
Eco Counter GmbH,Stadt Freiburg,751,Wiwilibrücke,100004595,YTH23035971,7.8407526,47.995213,(UTC+01:00) Europe/Paris DST,2013-06-10T00:00:00+02:00,na,na,58,58,na,na,na
Eco Counter GmbH,Stadt Freiburg,751,Wiwilibrücke,100004595,YTH23035971,7.8407526,47.995213,(UTC+01:00) Europe/Paris DST,2013-06-10T01:00:00+02:00,na,na,26,26,na,na,na
Eco Counter GmbH,Stadt Freiburg,751,Wiwilibrücke,100004595,YTH23035971,7.8407526,47.995213,(UTC+01:00) Europe/Paris DST,2013-06-10T02:00:00+02:00,na,na,14,14,na,na,na
Eco Counter GmbH,Stadt Freiburg,751,Wiwilibrücke,100004595,YTH23035971,7.8407526,47.995213,(UTC+01:00) Europe/Paris DST,2013-06-10T03:00:00+02:00,na,na,149,149,na,na,na
Eco Counter GmbH,Stadt Freiburg,751,Wiwilibrücke,100004595,YTH23035971,7.8407526,47.995213,(UTC+01:00) Europe/Paris DST,2013-06-10T04:00:00+02:00,na,na,5,5,na,na,na
Eco Counter GmbH,Stadt Freiburg,751,Wiwilibrücke,100004595,YTH23035971,7.8407526,47.995213,(UTC+01:00) Europe/Paris DST,2013-06-10T05:00:00+02:00,na,na,29,29,na,na,na
Eco Counter GmbH,Stadt Freiburg,751,Wiwilibrücke,100004595,YTH23035971,7.8407526,47.995213,(UTC+01:00) Europe/Paris DST,2013-06-10T06:00:00+02:00,na,na,117,117,na,na,na
Eco Counter GmbH,Stadt Freiburg,751,Wiwilibrücke,100004595,YTH23035971,7.8407526,47.995213,(UTC+01:00) Europe/Paris DST,2013-06-10T07:00:00+02:00,na,na,483,483,na,na,na
Eco Counter GmbH,Stadt Freiburg,751,Wiwilibrücke,100004595,YTH23035971,7.8407526,47.995213,(UTC+01:00) Europe/Paris DST,2013-06-10T08:00:00+02:00,na,na,687,687,na,na,na
Eco Counter GmbH,Stadt Freiburg,751,Wiwilibrücke,100004595,YTH23035971,7.8407526,47.995213,(UTC+01:00) Europe/Paris DST,2013-06-10T09:00:00+02:00,na,na,526,526,na,na,na
Eco Counter GmbH,Stadt Freiburg,751,Wiwilibrücke,100004595,YTH23035971,7.8407526,47.995213,(UTC+01:00) Europe/Paris DST,2013-06-10T10:00:00+02:00,na,na,547,547,na,na,na
Eco Counter GmbH,Stadt Freiburg,751,Wiwilibrücke,100004595,YTH23035971,7.8407526,47.995213,(UTC+01:00) Europe/Paris DST,2013-06-10T11:00:00+02:00,na,na,432,432,na,na,na
Eco Counter GmbH,Stadt Freiburg,751,Wiwilibrücke,100004595,YTH23035971,7.8407526,47.995213,(UTC+01:00) Europe/Paris DST,2013-06-10T12:00:00+02:00,na,na,595,595,na,na,na
Eco Counter GmbH,Stadt Freiburg,751,Wiwilibrücke,100004595,YTH23035971,7.8407526,47.995213,(UTC+01:00) Europe/Paris DST,2013-06-10T13:00:00+02:00,na,na,560,560,na,na,na
Eco Counter GmbH,Stadt Freiburg,751,Wiwilibrücke,100004595,YTH23035971,7.8407526,47.995213,(UTC+01:00) Europe/Paris DST,2013-06-10T14:00:00+02:00,na,na,436,436,na,na,na
Eco Counter GmbH,Stadt Freiburg,751,Wiwilibrücke,100004595,YTH23035971,7.8407526,47.995213,(UTC+01:00) Europe/Paris DST,2013-06-10T15:00:00+02:00,na,na,478,478,na,na,na
Eco Counter GmbH,Stadt Freiburg,751,Wiwilibrücke,100004595,YTH23035971,7.8407526,47.995213,(UTC+01:00) Europe/Paris DST,2013-06-10T16:00:00+02:00,na,na,585,585,na,na,na
Eco Counter GmbH,Stadt Freiburg,751,Wiwilibrücke,100004595,YTH23035971,7.8407526,47.995213,(UTC+01:00) Europe/Paris DST,2013-06-10T17:00:00+02:00,na,na,759,759,na,na,na
Eco Counter GmbH,Stadt Freiburg,751,Wiwilibrücke,100004595,YTH23035971,7.8407526,47.995213,(UTC+01:00) Europe/Paris DST,2013-06-10T18:00:00+02:00,na,na,793,793,na,na,na
Eco Counter GmbH,Stadt Freiburg,751,Wiwilibrücke,100004595,YTH23035971,7.8407526,47.995213,(UTC+01:00) Europe/Paris DST,2013-06-10T19:00:00+02:00,na,na,625,625,na,na,na
Eco Counter GmbH,Stadt Freiburg,751,Wiwilibrücke,100004595,YTH23035971,7.8407526,47.995213,(UTC+01:00) Europe/Paris DST,2013-06-10T20:00:00+02:00,na,na,431,431,na,na,na
Eco Counter GmbH,Stadt Freiburg,751,Wiwilibrücke,100004595,YTH23035971,7.8407526,47.995213,(UTC+01:00) Europe/Paris DST,2013-06-10T21:00:00+02:00,na,na,268,268,na,na,na
Eco Counter GmbH,Stadt Freiburg,751,Wiwilibrücke,100004595,YTH23035971,7.8407526,47.995213,(UTC+01:00) Europe/Paris DST,2013-06-10T22:00:00+02:00,na,na,247,247,na,na,na
Eco Counter GmbH,Stadt Freiburg,751,Wiwilibrücke,100004595,YTH23035971,7.8407526,47.995213,(UTC+01:00) Europe/Paris DST,2013-06-10T23:00:00+02:00,na,na,142,142,na,na,na
Eco Counter GmbH,Stadt Freiburg,751,Wiwilibrücke,100004595,YTH23035971,7.8407526,47.995213,(UTC+01:00) Europe/Paris DST,2013-06-11T00:00:00+02:00,na,na,71,71,na,na,na
Eco Counter GmbH,Stadt Freiburg,751,Wiwilibrücke,100004595,YTH23035971,7.8407526,47.995213,(UTC+01:00) Europe/Paris DST,2013-06-11T01:00:00+02:00,na,na,28,28,na,na,na
Eco Counter GmbH,Stadt Freiburg,751,Wiwilibrücke,100004595,YTH23035971,7.8407526,47.995213,(UTC+01:00) Europe/Paris DST,2013-06-11T02:00:00+02:00,na,na,20,20,na,na,na
Eco Counter GmbH,Stadt Freiburg,751,Wiwilibrücke,100004595,YTH23035971,7.8407526,47.995213,(UTC+01:00) Europe/Paris DST,2013-06-11T03:00:00+02:00,na,na,3,3,na,na,na
Eco Counter GmbH,Stadt Freiburg,751,Wiwilibrücke,100004595,YTH23035971,7.8407526,47.995213,(UTC+01:00) Europe/Paris DST,2013-06-11T04:00:00+02:00,na,na,5,5,na,na,na
Eco Counter GmbH,Stadt Freiburg,751,Wiwilibrücke,100004595,YTH23035971,7.8407526,47.995213,(UTC+01:00) Europe/Paris DST,2013-06-11T05:00:00+02:00,na,na,23,23,na,na,na
Eco Counter GmbH,Stadt Freiburg,751,Wiwilibrücke,100004595,YTH23035971,7.8407526,47.995213,(UTC+01:00) Europe/Paris DST,2013-06-11T06:00:00+02:00,na,na,85,85,na,na,na
Eco Counter GmbH,Stadt Freiburg,751,Wiwilibrücke,100004595,YTH23035971,7.8407526,47.995213,(UTC+01:00) Europe/Paris DST,2013-06-11T07:00:00+02:00,na,na,463,463,na,na,na
Eco Counter GmbH,Stadt Freiburg,751,Wiwilibrücke,100004595,YTH23035971,7.8407526,47.995213,(UTC+01:00) Europe/Paris DST,2013-06-11T08:00:00+02:00,na,na,745,745,na,na,na
Eco Counter GmbH,Stadt Freiburg,751,Wiwilibrücke,100004595,YTH23035971,7.8407526,47.995213,(UTC+01:00) Europe/Paris DST,2013-06-11T09:00:00+02:00,na,na,529,529,na,na,na
Eco Counter GmbH,Stadt Freiburg,751,Wiwilibrücke,100004595,YTH23035971,7.8407526,47.995213,(UTC+01:00) Europe/Paris DST,2013-06-11T10:00:00+02:00,na,na,503,503,na,na,na
Eco Counter GmbH,Stadt Freiburg,751,Wiwilibrücke,100004595,YTH23035971,7.8407526,47.995213,(UTC+01:00) Europe/Paris DST,2013-06-11T11:00:00+02:00,na,na,459,459,na,na,na
Eco Counter GmbH,Stadt Freiburg,751,Wiwilibrücke,100004595,YTH23035971,7.8407526,47.995213,(UTC+01:00) Europe/Paris DST,2013-06-11T12:00:00+02:00,na,na,591,591,na,na,na
Eco Counter GmbH,Stadt Freiburg,751,Wiwilibrücke,100004595,YTH23035971,7.8407526,47.995213,(UTC+01:00) Europe/Paris DST,2013-06-11T13:00:00+02:00,na,na,671,671,na,na,na
Eco Counter GmbH,Stadt Freiburg,751,Wiwilibrücke,100004595,YTH23035971,7.8407526,47.995213,(UTC+01:00) Europe/Paris DST,2013-06-11T14:00:00+02:00,na,na,591,591,na,na,na
Eco Counter GmbH,Stadt Freiburg,751,Wiwilibrücke,100004595,YTH23035971,7.8407526,47.995213,(UTC+01:00) Europe/Paris DST,2013-06-11T15:00:00+02:00,na,na,613,613,na,na,na
Eco Counter GmbH,Stadt Freiburg,751,Wiwilibrücke,100004595,YTH23035971,7.8407526,47.995213,(UTC+01:00) Europe/Paris DST,2013-06-11T16:00:00+02:00,na,na,692,692,na,na,na
Eco Counter GmbH,Stadt Freiburg,751,Wiwilibrücke,100004595,YTH23035971,7.8407526,47.995213,(UTC+01:00) Europe/Paris DST,2013-06-11T17:00:00+02:00,na,na,899,899,na,na,na
Eco Counter GmbH,Stadt Freiburg,751,Wiwilibrücke,100004595,YTH23035971,7.8407526,47.995213,(UTC+01:00) Europe/Paris DST,2013-06-11T18:00:00+02:00,na,na,947,947,na,na,na
Eco Counter GmbH,Stadt Freiburg,751,Wiwilibrücke,100004595,YTH23035971,7.8407526,47.995213,(UTC+01:00) Europe/Paris DST,2013-06-11T19:00:00+02:00,na,na,829,829,na,na,na
Eco Counter GmbH,Stadt Freiburg,751,Wiwilibrücke,100004595,YTH23035971,7.8407526,47.995213,(UTC+01:00) Europe/Paris DST,2013-06-11T20:00:00+02:00,na,na,618,618,na,na,na
Eco Counter GmbH,Stadt Freiburg,751,Wiwilibrücke,100004595,YTH23035971,7.8407526,47.995213,(UTC+01:00) Europe/Paris DST,2013-06-11T21:00:00+02:00,na,na,429,429,na,na,na
Eco Counter GmbH,Stadt Freiburg,751,Wiwilibrücke,100004595,YTH23035971,7.8407526,47.995213,(UTC+01:00) Europe/Paris DST,2013-06-11T22:00:00+02:00,na,na,425,425,na,na,na
Eco Counter GmbH,Stadt Freiburg,751,Wiwilibrücke,100004595,YTH23035971,7.8407526,47.995213,(UTC+01:00) Europe/Paris DST,2013-06-11T23:00:00+02:00,na,na,278,278,na,na,na
Eco Counter GmbH,Stadt Freiburg,751,Wiwilibrücke,100004595,YTH23035971,7.8407526,47.995213,(UTC+01:00) Europe/Paris DST,2013-06-12T00:00:00+02:00,na,na,140,140,na,na,na
Eco Counter GmbH,Stadt Freiburg,751,Wiwilibrücke,100004595,YTH23035971,7.8407526,47.995213,(UTC+01:00) Europe/Paris DST,2013-06-12T01:00:00+02:00,na,na,61,61,na,na,na
Eco Counter GmbH,Stadt Freiburg,751,Wiwilibrücke,100004595,YTH23035971,7.8407526,47.995213,(UTC+01:00) Europe/Paris DST,2013-06-12T02:00:00+02:00,na,na,17,17,na,na,na
Eco Counter GmbH,Stadt Freiburg,751,Wiwilibrücke,100004595,YTH23035971,7.8407526,47.995213,(UTC+01:00) Europe/Paris DST,2013-06-12T03:00:00+02:00,na,na,10,10,na,na,na
Eco Counter GmbH,Stadt Freiburg,751,Wiwilibrücke,100004595,YTH23035971,7.8407526,47.995213,(UTC+01:00) Europe/Paris DST,2013-06-12T04:00:00+02:00,na,na,1,1,na,na,na
Eco Counter GmbH,Stadt Freiburg,751,Wiwilibrücke,100004595,YTH23035971,7.8407526,47.995213,(UTC+01:00) Europe/Paris DST,2013-06-12T05:00:00+02:00,na,na,31,31,na,na,na
Eco Counter GmbH,Stadt Freiburg,751,Wiwilibrücke,100004595,YTH23035971,7.8407526,47.995213,(UTC+01:00) Europe/Paris DST,2013-06-12T06:00:00+02:00,na,na,128,128,na,na,na
Eco Counter GmbH,Stadt Freiburg,751,Wiwilibrücke,100004595,YTH23035971,7.8407526,47.995213,(UTC+01:00) Europe/Paris DST,2013-06-12T07:00:00+02:00,na,na,532,532,na,na,na
Eco Counter GmbH,Stadt Freiburg,751,Wiwilibrücke,100004595,YTH23035971,7.8407526,47.995213,(UTC+01:00) Europe/Paris DST,2013-06-12T08:00:00+02:00,na,na,872,872,na,na,na
Eco Counter GmbH,Stadt Freiburg,751,Wiwilibrücke,100004595,YTH23035971,7.8407526,47.995213,(UTC+01:00) Europe/Paris DST,2013-06-12T09:00:00+02:00,na,na,601,601,na,na,na
Eco Counter GmbH,Stadt Freiburg,751,Wiwilibrücke,100004595,YTH23035971,7.8407526,47.995213,(UTC+01:00) Europe/Paris DST,2013-06-12T10:00:00+02:00,na,na,526,526,na,na,na
Eco Counter GmbH,Stadt Freiburg,751,Wiwilibrücke,100004595,YTH23035971,7.8407526,47.995213,(UTC+01:00) Europe/Paris DST,2013-06-12T11:00:00+02:00,na,na,505,505,na,na,na
Eco Counter GmbH,Stadt Freiburg,751,Wiwilibrücke,100004595,YTH23035971,7.8407526,47.995213,(UTC+01:00) Europe/Paris DST,2013-06-12T12:00:00+02:00,na,na,694,694,na,na,na
Eco Counter GmbH,Stadt Freiburg,751,Wiwilibrücke,100004595,YTH23035971,7.8407526,47.995213,(UTC+01:00) Europe/Paris DST,2013-06-12T13:00:00+02:00,na,na,740,740,na,na,na
Eco Counter GmbH,Stadt Freiburg,751,Wiwilibrücke,100004595,YTH23035971,7.8407526,47.995213,(UTC+01:00) Europe/Paris DST,2013-06-12T14:00:00+02:00,na,na,616,616,na,na,na
Eco Counter GmbH,Stadt Freiburg,751,Wiwilibrücke,100004595,YTH23035971,7.8407526,47.995213,(UTC+01:00) Europe/Paris DST,2013-06-12T15:00:00+02:00,na,na,647,647,na,na,na
Eco Counter GmbH,Stadt Freiburg,751,Wiwilibrücke,100004595,YTH23035971,7.8407526,47.995213,(UTC+01:00) Europe/Paris DST,2013-06-12T16:00:00+02:00,na,na,808,808,na,na,na
Eco Counter GmbH,Stadt Freiburg,751,Wiwilibrücke,100004595,YTH23035971,7.8407526,47.995213,(UTC+01:00) Europe/Paris DST,2013-06-12T17:00:00+02:00,na,na,990,990,na,na,na
Eco Counter GmbH,Stadt Freiburg,751,Wiwilibrücke,100004595,YTH23035971,7.8407526,47.995213,(UTC+01:00) Europe/Paris DST,2013-06-12T18:00:00+02:00,na,na,983,983,na,na,na
Eco Counter GmbH,Stadt Freiburg,751,Wiwilibrücke,100004595,YTH23035971,7.8407526,47.995213,(UTC+01:00) Europe/Paris DST,2013-06-12T19:00:00+02:00,na,na,755,755,na,na,na
Eco Counter GmbH,Stadt Freiburg,751,Wiwilibrücke,100004595,YTH23035971,7.8407526,47.995213,(UTC+01:00) Europe/Paris DST,2013-06-12T20:00:00+02:00,na,na,600,600,na,na,na
Eco Counter GmbH,Stadt Freiburg,751,Wiwilibrücke,100004595,YTH23035971,7.8407526,47.995213,(UTC+01:00) Europe/Paris DST,2013-06-12T21:00:00+02:00,na,na,414,414,na,na,na
Eco Counter GmbH,Stadt Freiburg,751,Wiwilibrücke,100004595,YTH23035971,7.8407526,47.995213,(UTC+01:00) Europe/Paris DST,2013-06-12T22:00:00+02:00,na,na,448,448,na,na,na
Eco Counter GmbH,Stadt Freiburg,751,Wiwilibrücke,100004595,YTH23035971,7.8407526,47.995213,(UTC+01:00) Europe/Paris DST,2013-06-12T23:00:00+02:00,na,na,309,309,na,na,na
Eco Counter GmbH,Stadt Freiburg,751,Wiwilibrücke,100004595,YTH23035971,7.8407526,47.995213,(UTC+01:00) Europe/Paris DST,2013-06-13T00:00:00+02:00,na,na,180,180,na,na,na
Eco Counter GmbH,Stadt Freiburg,751,Wiwilibrücke,100004595,YTH23035971,7.8407526,47.995213,(UTC+01:00) Europe/Paris DST,2013-06-13T01:00:00+02:00,na,na,69,69,na,na,na
Eco Counter GmbH,Stadt Freiburg,751,Wiwilibrücke,100004595,YTH23035971,7.8407526,47.995213,(UTC+01:00) Europe/Paris DST,2013-06-13T02:00:00+02:00,na,na,36,36,na,na,na
Eco Counter GmbH,Stadt Freiburg,751,Wiwilibrücke,100004595,YTH23035971,7.8407526,47.995213,(UTC+01:00) Europe/Paris DST,2013-06-13T03:00:00+02:00,na,na,10,10,na,na,na
Eco Counter GmbH,Stadt Freiburg,751,Wiwilibrücke,100004595,YTH23035971,7.8407526,47.995213,(UTC+01:00) Europe/Paris DST,2013-06-13T04:00:00+02:00,na,na,7,7,na,na,na
Eco Counter GmbH,Stadt Freiburg,751,Wiwilibrücke,100004595,YTH23035971,7.8407526,47.995213,(UTC+01:00) Europe/Paris DST,2013-06-13T05:00:00+02:00,na,na,33,33,na,na,na
Eco Counter GmbH,Stadt Freiburg,751,Wiwilibrücke,100004595,YTH23035971,7.8407526,47.995213,(UTC+01:00) Europe/Paris DST,2013-06-13T06:00:00+02:00,na,na,162,162,na,na,na
Eco Counter GmbH,Stadt Freiburg,751,Wiwilibrücke,100004595,YTH23035971,7.8407526,47.995213,(UTC+01:00) Europe/Paris DST,2013-06-13T07:00:00+02:00,na,na,516,516,na,na,na
Eco Counter GmbH,Stadt Freiburg,751,Wiwilibrücke,100004595,YTH23035971,7.8407526,47.995213,(UTC+01:00) Europe/Paris DST,2013-06-13T08:00:00+02:00,na,na,836,836,na,na,na
Eco Counter GmbH,Stadt Freiburg,751,Wiwilibrücke,100004595,YTH23035971,7.8407526,47.995213,(UTC+01:00) Europe/Paris DST,2013-06-13T09:00:00+02:00,na,na,622,622,na,na,na
Eco Counter GmbH,Stadt Freiburg,751,Wiwilibrücke,100004595,YTH23035971,7.8407526,47.995213,(UTC+01:00) Europe/Paris DST,2013-06-13T10:00:00+02:00,na,na,547,547,na,na,na
Eco Counter GmbH,Stadt Freiburg,751,Wiwilibrücke,100004595,YTH23035971,7.8407526,47.995213,(UTC+01:00) Europe/Paris DST,2013-06-13T11:00:00+02:00,na,na,527,527,na,na,na
Eco Counter GmbH,Stadt Freiburg,751,Wiwilibrücke,100004595,YTH23035971,7.8407526,47.995213,(UTC+01:00) Europe/Paris DST,2013-06-13T12:00:00+02:00,na,na,737,737,na,na,na
Eco Counter GmbH,Stadt Freiburg,751,Wiwilibrücke,100004595,YTH23035971,7.8407526,47.995213,(UTC+01:00) Europe/Paris DST,2013-06-13T13:00:00+02:00,na,na,746,746,na,na,na
Eco Counter GmbH,Stadt Freiburg,751,Wiwilibrücke,100004595,YTH23035971,7.8407526,47.995213,(UTC+01:00) Europe/Paris DST,2013-06-13T14:00:00+02:00,na,na,697,697,na,na,na
Eco Counter GmbH,Stadt Freiburg,751,Wiwilibrücke,100004595,YTH23035971,7.8407526,47.995213,(UTC+01:00) Europe/Paris DST,2013-06-13T15:00:00+02:00,na,na,670,670,na,na,na
Eco Counter GmbH,Stadt Freiburg,751,Wiwilibrücke,100004595,YTH23035971,7.8407526,47.995213,(UTC+01:00) Europe/Paris DST,2013-06-13T16:00:00+02:00,na,na,791,791,na,na,na
Eco Counter GmbH,Stadt Freiburg,751,Wiwilibrücke,100004595,YTH23035971,7.8407526,47.995213,(UTC+01:00) Europe/Paris DST,2013-06-13T17:00:00+02:00,na,na,914,914,na,na,na
Eco Counter GmbH,Stadt Freiburg,751,Wiwilibrücke,100004595,YTH23035971,7.8407526,47.995213,(UTC+01:00) Europe/Paris DST,2013-06-13T18:00:00+02:00,na,na,1045,1045,na,na,na
Eco Counter GmbH,Stadt Freiburg,751,Wiwilibrücke,100004595,YTH23035971,7.8407526,47.995213,(UTC+01:00) Europe/Paris DST,2013-06-13T19:00:00+02:00,na,na,835,835,na,na,na
Eco Counter GmbH,Stadt Freiburg,751,Wiwilibrücke,100004595,YTH23035971,7.8407526,47.995213,(UTC+01:00) Europe/Paris DST,2013-06-13T20:00:00+02:00,na,na,719,719,na,na,na
Eco Counter GmbH,Stadt Freiburg,751,Wiwilibrücke,100004595,YTH23035971,7.8407526,47.995213,(UTC+01:00) Europe/Paris DST,2013-06-13T21:00:00+02:00,na,na,389,389,na,na,na
Eco Counter GmbH,Stadt Freiburg,751,Wiwilibrücke,100004595,YTH23035971,7.8407526,47.995213,(UTC+01:00) Europe/Paris DST,2013-06-13T22:00:00+02:00,na,na,254,254,na,na,na
Eco Counter GmbH,Stadt Freiburg,751,Wiwilibrücke,100004595,YTH23035971,7.8407526,47.995213,(UTC+01:00) Europe/Paris DST,2013-06-13T23:00:00+02:00,na,na,273,273,na,na,na
Eco Counter GmbH,Stadt Freiburg,751,Wiwilibrücke,100004595,YTH23035971,7.8407526,47.995213,(UTC+01:00) Europe/Paris DST,2013-06-14T00:00:00+02:00,na,na,125,125,na,na,na
Eco Counter GmbH,Stadt Freiburg,751,Wiwilibrücke,100004595,YTH23035971,7.8407526,47.995213,(UTC+01:00) Europe/Paris DST,2013-06-14T01:00:00+02:00,na,na,88,88,na,na,na
Eco Counter GmbH,Stadt Freiburg,751,Wiwilibrücke,100004595,YTH23035971,7.8407526,47.995213,(UTC+01:00) Europe/Paris DST,2013-06-14T02:00:00+02:00,na,na,39,39,na,na,na
Eco Counter GmbH,Stadt Freiburg,751,Wiwilibrücke,100004595,YTH23035971,7.8407526,47.995213,(UTC+01:00) Europe/Paris DST,2013-06-14T03:00:00+02:00,na,na,27,27,na,na,na
Eco Counter GmbH,Stadt Freiburg,751,Wiwilibrücke,100004595,YTH23035971,7.8407526,47.995213,(UTC+01:00) Europe/Paris DST,2013-06-14T04:00:00+02:00,na,na,12,12,na,na,na
Eco Counter GmbH,Stadt Freiburg,751,Wiwilibrücke,100004595,YTH23035971,7.8407526,47.995213,(UTC+01:00) Europe/Paris DST,2013-06-14T05:00:00+02:00,na,na,22,22,na,na,na
Eco Counter GmbH,Stadt Freiburg,751,Wiwilibrücke,100004595,YTH23035971,7.8407526,47.995213,(UTC+01:00) Europe/Paris DST,2013-06-14T06:00:00+02:00,na,na,122,122,na,na,na
Eco Counter GmbH,Stadt Freiburg,751,Wiwilibrücke,100004595,YTH23035971,7.8407526,47.995213,(UTC+01:00) Europe/Paris DST,2013-06-14T07:00:00+02:00,na,na,488,488,na,na,na
Eco Counter GmbH,Stadt Freiburg,751,Wiwilibrücke,100004595,YTH23035971,7.8407526,47.995213,(UTC+01:00) Europe/Paris DST,2013-06-14T08:00:00+02:00,na,na,723,723,na,na,na
Eco Counter GmbH,Stadt Freiburg,751,Wiwilibrücke,100004595,YTH23035971,7.8407526,47.995213,(UTC+01:00) Europe/Paris DST,2013-06-14T09:00:00+02:00,na,na,578,578,na,na,na
Eco Counter GmbH,Stadt Freiburg,751,Wiwilibrücke,100004595,YTH23035971,7.8407526,47.995213,(UTC+01:00) Europe/Paris DST,2013-06-14T10:00:00+02:00,na,na,538,538,na,na,na
Eco Counter GmbH,Stadt Freiburg,751,Wiwilibrücke,100004595,YTH23035971,7.8407526,47.995213,(UTC+01:00) Europe/Paris DST,2013-06-14T11:00:00+02:00,na,na,540,540,na,na,na
Eco Counter GmbH,Stadt Freiburg,751,Wiwilibrücke,100004595,YTH23035971,7.8407526,47.995213,(UTC+01:00) Europe/Paris DST,2013-06-14T12:00:00+02:00,na,na,683,683,na,na,na
Eco Counter GmbH,Stadt Freiburg,751,Wiwilibrücke,100004595,YTH23035971,7.8407526,47.995213,(UTC+01:00) Europe/Paris DST,2013-06-14T13:00:00+02:00,na,na,725,725,na,na,na
Eco Counter GmbH,Stadt Freiburg,751,Wiwilibrücke,100004595,YTH23035971,7.8407526,47.995213,(UTC+01:00) Europe/Paris DST,2013-06-14T14:00:00+02:00,na,na,614,614,na,na,na
Eco Counter GmbH,Stadt Freiburg,751,Wiwilibrücke,100004595,YTH23035971,7.8407526,47.995213,(UTC+01:00) Europe/Paris DST,2013-06-14T15:00:00+02:00,na,na,590,590,na,na,na
Eco Counter GmbH,Stadt Freiburg,751,Wiwilibrücke,100004595,YTH23035971,7.8407526,47.995213,(UTC+01:00) Europe/Paris DST,2013-06-14T16:00:00+02:00,na,na,655,655,na,na,na
Eco Counter GmbH,Stadt Freiburg,751,Wiwilibrücke,100004595,YTH23035971,7.8407526,47.995213,(UTC+01:00) Europe/Paris DST,2013-06-14T17:00:00+02:00,na,na,710,710,na,na,na
Eco Counter GmbH,Stadt Freiburg,751,Wiwilibrücke,100004595,YTH23035971,7.8407526,47.995213,(UTC+01:00) Europe/Paris DST,2013-06-14T18:00:00+02:00,na,na,678,678,na,na,na
Eco Counter GmbH,Stadt Freiburg,751,Wiwilibrücke,100004595,YTH23035971,7.8407526,47.995213,(UTC+01:00) Europe/Paris DST,2013-06-14T19:00:00+02:00,na,na,596,596,na,na,na
Eco Counter GmbH,Stadt Freiburg,751,Wiwilibrücke,100004595,YTH23035971,7.8407526,47.995213,(UTC+01:00) Europe/Paris DST,2013-06-14T20:00:00+02:00,na,na,427,427,na,na,na
Eco Counter GmbH,Stadt Freiburg,751,Wiwilibrücke,100004595,YTH23035971,7.8407526,47.995213,(UTC+01:00) Europe/Paris DST,2013-06-14T21:00:00+02:00,na,na,350,350,na,na,na
Eco Counter GmbH,Stadt Freiburg,751,Wiwilibrücke,100004595,YTH23035971,7.8407526,47.995213,(UTC+01:00) Europe/Paris DST,2013-06-14T22:00:00+02:00,na,na,319,319,na,na,na
Eco Counter GmbH,Stadt Freiburg,751,Wiwilibrücke,100004595,YTH23035971,7.8407526,47.995213,(UTC+01:00) Europe/Paris DST,2013-06-14T23:00:00+02:00,na,na,323,323,na,na,na
Eco Counter GmbH,Stadt Freiburg,751,Wiwilibrücke,100004595,YTH23035971,7.8407526,47.995213,(UTC+01:00) Europe/Paris DST,2013-06-15T00:00:00+02:00,na,na,221,221,na,na,na
Eco Counter GmbH,Stadt Freiburg,751,Wiwilibrücke,100004595,YTH23035971,7.8407526,47.995213,(UTC+01:00) Europe/Paris DST,2013-06-15T01:00:00+02:00,na,na,196,196,na,na,na
Eco Counter GmbH,Stadt Freiburg,751,Wiwilibrücke,100004595,YTH23035971,7.8407526,47.995213,(UTC+01:00) Europe/Paris DST,2013-06-15T02:00:00+02:00,na,na,111,111,na,na,na
Eco Counter GmbH,Stadt Freiburg,751,Wiwilibrücke,100004595,YTH23035971,7.8407526,47.995213,(UTC+01:00) Europe/Paris DST,2013-06-15T03:00:00+02:00,na,na,91,91,na,na,na
Eco Counter GmbH,Stadt Freiburg,751,Wiwilibrücke,100004595,YTH23035971,7.8407526,47.995213,(UTC+01:00) Europe/Paris DST,2013-06-15T04:00:00+02:00,na,na,45,45,na,na,na
Eco Counter GmbH,Stadt Freiburg,751,Wiwilibrücke,100004595,YTH23035971,7.8407526,47.995213,(UTC+01:00) Europe/Paris DST,2013-06-15T05:00:00+02:00,na,na,40,40,na,na,na
Eco Counter GmbH,Stadt Freiburg,751,Wiwilibrücke,100004595,YTH23035971,7.8407526,47.995213,(UTC+01:00) Europe/Paris DST,2013-06-15T06:00:00+02:00,na,na,46,46,na,na,na
Eco Counter GmbH,Stadt Freiburg,751,Wiwilibrücke,100004595,YTH23035971,7.8407526,47.995213,(UTC+01:00) Europe/Paris DST,2013-06-15T07:00:00+02:00,na,na,68,68,na,na,na
Eco Counter GmbH,Stadt Freiburg,751,Wiwilibrücke,100004595,YTH23035971,7.8407526,47.995213,(UTC+01:00) Europe/Paris DST,2013-06-15T08:00:00+02:00,na,na,139,139,na,na,na
Eco Counter GmbH,Stadt Freiburg,751,Wiwilibrücke,100004595,YTH23035971,7.8407526,47.995213,(UTC+01:00) Europe/Paris DST,2013-06-15T09:00:00+02:00,na,na,325,325,na,na,na
Eco Counter GmbH,Stadt Freiburg,751,Wiwilibrücke,100004595,YTH23035971,7.8407526,47.995213,(UTC+01:00) Europe/Paris DST,2013-06-15T10:00:00+02:00,na,na,415,415,na,na,na
Eco Counter GmbH,Stadt Freiburg,751,Wiwilibrücke,100004595,YTH23035971,7.8407526,47.995213,(UTC+01:00) Europe/Paris DST,2013-06-15T11:00:00+02:00,na,na,488,488,na,na,na
Eco Counter GmbH,Stadt Freiburg,751,Wiwilibrücke,100004595,YTH23035971,7.8407526,47.995213,(UTC+01:00) Europe/Paris DST,2013-06-15T12:00:00+02:00,na,na,556,556,na,na,na
Eco Counter GmbH,Stadt Freiburg,751,Wiwilibrücke,100004595,YTH23035971,7.8407526,47.995213,(UTC+01:00) Europe/Paris DST,2013-06-15T13:00:00+02:00,na,na,623,623,na,na,na
Eco Counter GmbH,Stadt Freiburg,751,Wiwilibrücke,100004595,YTH23035971,7.8407526,47.995213,(UTC+01:00) Europe/Paris DST,2013-06-15T14:00:00+02:00,na,na,591,591,na,na,na
Eco Counter GmbH,Stadt Freiburg,751,Wiwilibrücke,100004595,YTH23035971,7.8407526,47.995213,(UTC+01:00) Europe/Paris DST,2013-06-15T15:00:00+02:00,na,na,538,538,na,na,na
Eco Counter GmbH,Stadt Freiburg,751,Wiwilibrücke,100004595,YTH23035971,7.8407526,47.995213,(UTC+01:00) Europe/Paris DST,2013-06-15T16:00:00+02:00,na,na,493,493,na,na,na
Eco Counter GmbH,Stadt Freiburg,751,Wiwilibrücke,100004595,YTH23035971,7.8407526,47.995213,(UTC+01:00) Europe/Paris DST,2013-06-15T17:00:00+02:00,na,na,513,513,na,na,na
Eco Counter GmbH,Stadt Freiburg,751,Wiwilibrücke,100004595,YTH23035971,7.8407526,47.995213,(UTC+01:00) Europe/Paris DST,2013-06-15T18:00:00+02:00,na,na,548,548,na,na,na
Eco Counter GmbH,Stadt Freiburg,751,Wiwilibrücke,100004595,YTH23035971,7.8407526,47.995213,(UTC+01:00) Europe/Paris DST,2013-06-15T19:00:00+02:00,na,na,425,425,na,na,na
Eco Counter GmbH,Stadt Freiburg,751,Wiwilibrücke,100004595,YTH23035971,7.8407526,47.995213,(UTC+01:00) Europe/Paris DST,2013-06-15T20:00:00+02:00,na,na,390,390,na,na,na
Eco Counter GmbH,Stadt Freiburg,751,Wiwilibrücke,100004595,YTH23035971,7.8407526,47.995213,(UTC+01:00) Europe/Paris DST,2013-06-15T21:00:00+02:00,na,na,315,315,na,na,na
Eco Counter GmbH,Stadt Freiburg,751,Wiwilibrücke,100004595,YTH23035971,7.8407526,47.995213,(UTC+01:00) Europe/Paris DST,2013-06-15T22:00:00+02:00,na,na,340,340,na,na,na
Eco Counter GmbH,Stadt Freiburg,751,Wiwilibrücke,100004595,YTH23035971,7.8407526,47.995213,(UTC+01:00) Europe/Paris DST,2013-06-15T23:00:00+02:00,na,na,275,275,na,na,na
Eco Counter GmbH,Stadt Freiburg,751,Wiwilibrücke,100004595,YTH23035971,7.8407526,47.995213,(UTC+01:00) Europe/Paris DST,2013-06-16T00:00:00+02:00,na,na,247,247,na,na,na
Eco Counter GmbH,Stadt Freiburg,751,Wiwilibrücke,100004595,YTH23035971,7.8407526,47.995213,(UTC+01:00) Europe/Paris DST,2013-06-16T01:00:00+02:00,na,na,180,180,na,na,na
Eco Counter GmbH,Stadt Freiburg,751,Wiwilibrücke,100004595,YTH23035971,7.8407526,47.995213,(UTC+01:00) Europe/Paris DST,2013-06-16T02:00:00+02:00,na,na,167,167,na,na,na
Eco Counter GmbH,Stadt Freiburg,751,Wiwilibrücke,100004595,YTH23035971,7.8407526,47.995213,(UTC+01:00) Europe/Paris DST,2013-06-16T03:00:00+02:00,na,na,126,126,na,na,na
Eco Counter GmbH,Stadt Freiburg,751,Wiwilibrücke,100004595,YTH23035971,7.8407526,47.995213,(UTC+01:00) Europe/Paris DST,2013-06-16T04:00:00+02:00,na,na,82,82,na,na,na
Eco Counter GmbH,Stadt Freiburg,751,Wiwilibrücke,100004595,YTH23035971,7.8407526,47.995213,(UTC+01:00) Europe/Paris DST,2013-06-16T05:00:00+02:00,na,na,42,42,na,na,na
Eco Counter GmbH,Stadt Freiburg,751,Wiwilibrücke,100004595,YTH23035971,7.8407526,47.995213,(UTC+01:00) Europe/Paris DST,2013-06-16T06:00:00+02:00,na,na,41,41,na,na,na
Eco Counter GmbH,Stadt Freiburg,751,Wiwilibrücke,100004595,YTH23035971,7.8407526,47.995213,(UTC+01:00) Europe/Paris DST,2013-06-16T07:00:00+02:00,na,na,38,38,na,na,na
Eco Counter GmbH,Stadt Freiburg,751,Wiwilibrücke,100004595,YTH23035971,7.8407526,47.995213,(UTC+01:00) Europe/Paris DST,2013-06-16T08:00:00+02:00,na,na,70,70,na,na,na
Eco Counter GmbH,Stadt Freiburg,751,Wiwilibrücke,100004595,YTH23035971,7.8407526,47.995213,(UTC+01:00) Europe/Paris DST,2013-06-16T09:00:00+02:00,na,na,144,144,na,na,na
Eco Counter GmbH,Stadt Freiburg,751,Wiwilibrücke,100004595,YTH23035971,7.8407526,47.995213,(UTC+01:00) Europe/Paris DST,2013-06-16T10:00:00+02:00,na,na,188,188,na,na,na
Eco Counter GmbH,Stadt Freiburg,751,Wiwilibrücke,100004595,YTH23035971,7.8407526,47.995213,(UTC+01:00) Europe/Paris DST,2013-06-16T11:00:00+02:00,na,na,257,257,na,na,na
Eco Counter GmbH,Stadt Freiburg,751,Wiwilibrücke,100004595,YTH23035971,7.8407526,47.995213,(UTC+01:00) Europe/Paris DST,2013-06-16T12:00:00+02:00,na,na,271,271,na,na,na
Eco Counter GmbH,Stadt Freiburg,751,Wiwilibrücke,100004595,YTH23035971,7.8407526,47.995213,(UTC+01:00) Europe/Paris DST,2013-06-16T13:00:00+02:00,na,na,336,336,na,na,na
Eco Counter GmbH,Stadt Freiburg,751,Wiwilibrücke,100004595,YTH23035971,7.8407526,47.995213,(UTC+01:00) Europe/Paris DST,2013-06-16T14:00:00+02:00,na,na,374,374,na,na,na
Eco Counter GmbH,Stadt Freiburg,751,Wiwilibrücke,100004595,YTH23035971,7.8407526,47.995213,(UTC+01:00) Europe/Paris DST,2013-06-16T15:00:00+02:00,na,na,344,344,na,na,na
Eco Counter GmbH,Stadt Freiburg,751,Wiwilibrücke,100004595,YTH23035971,7.8407526,47.995213,(UTC+01:00) Europe/Paris DST,2013-06-16T16:00:00+02:00,na,na,334,334,na,na,na
Eco Counter GmbH,Stadt Freiburg,751,Wiwilibrücke,100004595,YTH23035971,7.8407526,47.995213,(UTC+01:00) Europe/Paris DST,2013-06-16T17:00:00+02:00,na,na,413,413,na,na,na
Eco Counter GmbH,Stadt Freiburg,751,Wiwilibrücke,100004595,YTH23035971,7.8407526,47.995213,(UTC+01:00) Europe/Paris DST,2013-06-16T18:00:00+02:00,na,na,370,370,na,na,na
Eco Counter GmbH,Stadt Freiburg,751,Wiwilibrücke,100004595,YTH23035971,7.8407526,47.995213,(UTC+01:00) Europe/Paris DST,2013-06-16T19:00:00+02:00,na,na,388,388,na,na,na
Eco Counter GmbH,Stadt Freiburg,751,Wiwilibrücke,100004595,YTH23035971,7.8407526,47.995213,(UTC+01:00) Europe/Paris DST,2013-06-16T20:00:00+02:00,na,na,317,317,na,na,na
Eco Counter GmbH,Stadt Freiburg,751,Wiwilibrücke,100004595,YTH23035971,7.8407526,47.995213,(UTC+01:00) Europe/Paris DST,2013-06-16T21:00:00+02:00,na,na,231,231,na,na,na
Eco Counter GmbH,Stadt Freiburg,751,Wiwilibrücke,100004595,YTH23035971,7.8407526,47.995213,(UTC+01:00) Europe/Paris DST,2013-06-16T22:00:00+02:00,na,na,247,247,na,na,na
Eco Counter GmbH,Stadt Freiburg,751,Wiwilibrücke,100004595,YTH23035971,7.8407526,47.995213,(UTC+01:00) Europe/Paris DST,2013-06-16T23:00:00+02:00,na,na,114,114,na,na,na
Eco Counter GmbH,Stadt Freiburg,751,Wiwilibrücke,100004595,YTH23035971,7.8407526,47.995213,(UTC+01:00) Europe/Paris DST,2013-06-17T00:00:00+02:00,na,na,67,67,na,na,na
Eco Counter GmbH,Stadt Freiburg,751,Wiwilibrücke,100004595,YTH23035971,7.8407526,47.995213,(UTC+01:00) Europe/Paris DST,2013-06-17T01:00:00+02:00,na,na,34,34,na,na,na
Eco Counter GmbH,Stadt Freiburg,751,Wiwilibrücke,100004595,YTH23035971,7.8407526,47.995213,(UTC+01:00) Europe/Paris DST,2013-06-17T02:00:00+02:00,na,na,12,12,na,na,na
Eco Counter GmbH,Stadt Freiburg,751,Wiwilibrücke,100004595,YTH23035971,7.8407526,47.995213,(UTC+01:00) Europe/Paris DST,2013-06-17T03:00:00+02:00,na,na,11,11,na,na,na
Eco Counter GmbH,Stadt Freiburg,751,Wiwilibrücke,100004595,YTH23035971,7.8407526,47.995213,(UTC+01:00) Europe/Paris DST,2013-06-17T04:00:00+02:00,na,na,1,1,na,na,na
Eco Counter GmbH,Stadt Freiburg,751,Wiwilibrücke,100004595,YTH23035971,7.8407526,47.995213,(UTC+01:00) Europe/Paris DST,2013-06-17T05:00:00+02:00,na,na,20,20,na,na,na
Eco Counter GmbH,Stadt Freiburg,751,Wiwilibrücke,100004595,YTH23035971,7.8407526,47.995213,(UTC+01:00) Europe/Paris DST,2013-06-17T06:00:00+02:00,na,na,120,120,na,na,na
Eco Counter GmbH,Stadt Freiburg,751,Wiwilibrücke,100004595,YTH23035971,7.8407526,47.995213,(UTC+01:00) Europe/Paris DST,2013-06-17T07:00:00+02:00,na,na,586,586,na,na,na
Eco Counter GmbH,Stadt Freiburg,751,Wiwilibrücke,100004595,YTH23035971,7.8407526,47.995213,(UTC+01:00) Europe/Paris DST,2013-06-17T08:00:00+02:00,na,na,844,844,na,na,na
Eco Counter GmbH,Stadt Freiburg,751,Wiwilibrücke,100004595,YTH23035971,7.8407526,47.995213,(UTC+01:00) Europe/Paris DST,2013-06-17T09:00:00+02:00,na,na,691,691,na,na,na
Eco Counter GmbH,Stadt Freiburg,751,Wiwilibrücke,100004595,YTH23035971,7.8407526,47.995213,(UTC+01:00) Europe/Paris DST,2013-06-17T10:00:00+02:00,na,na,594,594,na,na,na
Eco Counter GmbH,Stadt Freiburg,751,Wiwilibrücke,100004595,YTH23035971,7.8407526,47.995213,(UTC+01:00) Europe/Paris DST,2013-06-17T11:00:00+02:00,na,na,520,520,na,na,na
Eco Counter GmbH,Stadt Freiburg,751,Wiwilibrücke,100004595,YTH23035971,7.8407526,47.995213,(UTC+01:00) Europe/Paris DST,2013-06-17T12:00:00+02:00,na,na,659,659,na,na,na
Eco Counter GmbH,Stadt Freiburg,751,Wiwilibrücke,100004595,YTH23035971,7.8407526,47.995213,(UTC+01:00) Europe/Paris DST,2013-06-17T13:00:00+02:00,na,na,717,717,na,na,na
Eco Counter GmbH,Stadt Freiburg,751,Wiwilibrücke,100004595,YTH23035971,7.8407526,47.995213,(UTC+01:00) Europe/Paris DST,2013-06-17T14:00:00+02:00,na,na,646,646,na,na,na
Eco Counter GmbH,Stadt Freiburg,751,Wiwilibrücke,100004595,YTH23035971,7.8407526,47.995213,(UTC+01:00) Europe/Paris DST,2013-06-17T15:00:00+02:00,na,na,594,594,na,na,na
Eco Counter GmbH,Stadt Freiburg,751,Wiwilibrücke,100004595,YTH23035971,7.8407526,47.995213,(UTC+01:00) Europe/Paris DST,2013-06-17T16:00:00+02:00,na,na,728,728,na,na,na
Eco Counter GmbH,Stadt Freiburg,751,Wiwilibrücke,100004595,YTH23035971,7.8407526,47.995213,(UTC+01:00) Europe/Paris DST,2013-06-17T17:00:00+02:00,na,na,901,901,na,na,na
Eco Counter GmbH,Stadt Freiburg,751,Wiwilibrücke,100004595,YTH23035971,7.8407526,47.995213,(UTC+01:00) Europe/Paris DST,2013-06-17T18:00:00+02:00,na,na,920,920,na,na,na
Eco Counter GmbH,Stadt Freiburg,751,Wiwilibrücke,100004595,YTH23035971,7.8407526,47.995213,(UTC+01:00) Europe/Paris DST,2013-06-17T19:00:00+02:00,na,na,738,738,na,na,na
Eco Counter GmbH,Stadt Freiburg,751,Wiwilibrücke,100004595,YTH23035971,7.8407526,47.995213,(UTC+01:00) Europe/Paris DST,2013-06-17T20:00:00+02:00,na,na,661,661,na,na,na
Eco Counter GmbH,Stadt Freiburg,751,Wiwilibrücke,100004595,YTH23035971,7.8407526,47.995213,(UTC+01:00) Europe/Paris DST,2013-06-17T21:00:00+02:00,na,na,484,484,na,na,na
Eco Counter GmbH,Stadt Freiburg,751,Wiwilibrücke,100004595,YTH23035971,7.8407526,47.995213,(UTC+01:00) Europe/Paris DST,2013-06-17T22:00:00+02:00,na,na,437,437,na,na,na
Eco Counter GmbH,Stadt Freiburg,751,Wiwilibrücke,100004595,YTH23035971,7.8407526,47.995213,(UTC+01:00) Europe/Paris DST,2013-06-17T23:00:00+02:00,na,na,272,272,na,na,na
Eco Counter GmbH,Stadt Freiburg,751,Wiwilibrücke,100004595,YTH23035971,7.8407526,47.995213,(UTC+01:00) Europe/Paris DST,2013-06-18T00:00:00+02:00,na,na,170,170,na,na,na
Eco Counter GmbH,Stadt Freiburg,751,Wiwilibrücke,100004595,YTH23035971,7.8407526,47.995213,(UTC+01:00) Europe/Paris DST,2013-06-18T01:00:00+02:00,na,na,91,91,na,na,na
Eco Counter GmbH,Stadt Freiburg,751,Wiwilibrücke,100004595,YTH23035971,7.8407526,47.995213,(UTC+01:00) Europe/Paris DST,2013-06-18T02:00:00+02:00,na,na,51,51,na,na,na
Eco Counter GmbH,Stadt Freiburg,751,Wiwilibrücke,100004595,YTH23035971,7.8407526,47.995213,(UTC+01:00) Europe/Paris DST,2013-06-18T03:00:00+02:00,na,na,20,20,na,na,na
Eco Counter GmbH,Stadt Freiburg,751,Wiwilibrücke,100004595,YTH23035971,7.8407526,47.995213,(UTC+01:00) Europe/Paris DST,2013-06-18T04:00:00+02:00,na,na,6,6,na,na,na
Eco Counter GmbH,Stadt Freiburg,751,Wiwilibrücke,100004595,YTH23035971,7.8407526,47.995213,(UTC+01:00) Europe/Paris DST,2013-06-18T05:00:00+02:00,na,na,31,31,na,na,na
Eco Counter GmbH,Stadt Freiburg,751,Wiwilibrücke,100004595,YTH23035971,7.8407526,47.995213,(UTC+01:00) Europe/Paris DST,2013-06-18T06:00:00+02:00,na,na,120,120,na,na,na
Eco Counter GmbH,Stadt Freiburg,751,Wiwilibrücke,100004595,YTH23035971,7.8407526,47.995213,(UTC+01:00) Europe/Paris DST,2013-06-18T07:00:00+02:00,na,na,606,606,na,na,na
Eco Counter GmbH,Stadt Freiburg,751,Wiwilibrücke,100004595,YTH23035971,7.8407526,47.995213,(UTC+01:00) Europe/Paris DST,2013-06-18T08:00:00+02:00,na,na,928,928,na,na,na
Eco Counter GmbH,Stadt Freiburg,751,Wiwilibrücke,100004595,YTH23035971,7.8407526,47.995213,(UTC+01:00) Europe/Paris DST,2013-06-18T09:00:00+02:00,na,na,637,637,na,na,na
Eco Counter GmbH,Stadt Freiburg,751,Wiwilibrücke,100004595,YTH23035971,7.8407526,47.995213,(UTC+01:00) Europe/Paris DST,2013-06-18T10:00:00+02:00,na,na,624,624,na,na,na
Eco Counter GmbH,Stadt Freiburg,751,Wiwilibrücke,100004595,YTH23035971,7.8407526,47.995213,(UTC+01:00) Europe/Paris DST,2013-06-18T11:00:00+02:00,na,na,556,556,na,na,na
Eco Counter GmbH,Stadt Freiburg,751,Wiwilibrücke,100004595,YTH23035971,7.8407526,47.995213,(UTC+01:00) Europe/Paris DST,2013-06-18T12:00:00+02:00,na,na,709,709,na,na,na
Eco Counter GmbH,Stadt Freiburg,751,Wiwilibrücke,100004595,YTH23035971,7.8407526,47.995213,(UTC+01:00) Europe/Paris DST,2013-06-18T13:00:00+02:00,na,na,705,705,na,na,na
Eco Counter GmbH,Stadt Freiburg,751,Wiwilibrücke,100004595,YTH23035971,7.8407526,47.995213,(UTC+01:00) Europe/Paris DST,2013-06-18T14:00:00+02:00,na,na,608,608,na,na,na
Eco Counter GmbH,Stadt Freiburg,751,Wiwilibrücke,100004595,YTH23035971,7.8407526,47.995213,(UTC+01:00) Europe/Paris DST,2013-06-18T15:00:00+02:00,na,na,615,615,na,na,na
Eco Counter GmbH,Stadt Freiburg,751,Wiwilibrücke,100004595,YTH23035971,7.8407526,47.995213,(UTC+01:00) Europe/Paris DST,2013-06-18T16:00:00+02:00,na,na,786,786,na,na,na
Eco Counter GmbH,Stadt Freiburg,751,Wiwilibrücke,100004595,YTH23035971,7.8407526,47.995213,(UTC+01:00) Europe/Paris DST,2013-06-18T17:00:00+02:00,na,na,968,968,na,na,na
Eco Counter GmbH,Stadt Freiburg,751,Wiwilibrücke,100004595,YTH23035971,7.8407526,47.995213,(UTC+01:00) Europe/Paris DST,2013-06-18T18:00:00+02:00,na,na,880,880,na,na,na
Eco Counter GmbH,Stadt Freiburg,751,Wiwilibrücke,100004595,YTH23035971,7.8407526,47.995213,(UTC+01:00) Europe/Paris DST,2013-06-18T19:00:00+02:00,na,na,848,848,na,na,na
Eco Counter GmbH,Stadt Freiburg,751,Wiwilibrücke,100004595,YTH23035971,7.8407526,47.995213,(UTC+01:00) Europe/Paris DST,2013-06-18T20:00:00+02:00,na,na,643,643,na,na,na
Eco Counter GmbH,Stadt Freiburg,751,Wiwilibrücke,100004595,YTH23035971,7.8407526,47.995213,(UTC+01:00) Europe/Paris DST,2013-06-18T21:00:00+02:00,na,na,486,486,na,na,na
Eco Counter GmbH,Stadt Freiburg,751,Wiwilibrücke,100004595,YTH23035971,7.8407526,47.995213,(UTC+01:00) Europe/Paris DST,2013-06-18T22:00:00+02:00,na,na,479,479,na,na,na
Eco Counter GmbH,Stadt Freiburg,751,Wiwilibrücke,100004595,YTH23035971,7.8407526,47.995213,(UTC+01:00) Europe/Paris DST,2013-06-18T23:00:00+02:00,na,na,387,387,na,na,na
Eco Counter GmbH,Stadt Freiburg,751,Wiwilibrücke,100004595,YTH23035971,7.8407526,47.995213,(UTC+01:00) Europe/Paris DST,2013-06-19T00:00:00+02:00,na,na,205,205,na,na,na
Eco Counter GmbH,Stadt Freiburg,751,Wiwilibrücke,100004595,YTH23035971,7.8407526,47.995213,(UTC+01:00) Europe/Paris DST,2013-06-19T01:00:00+02:00,na,na,51,51,na,na,na
Eco Counter GmbH,Stadt Freiburg,751,Wiwilibrücke,100004595,YTH23035971,7.8407526,47.995213,(UTC+01:00) Europe/Paris DST,2013-06-19T02:00:00+02:00,na,na,29,29,na,na,na
Eco Counter GmbH,Stadt Freiburg,751,Wiwilibrücke,100004595,YTH23035971,7.8407526,47.995213,(UTC+01:00) Europe/Paris DST,2013-06-19T03:00:00+02:00,na,na,10,10,na,na,na
Eco Counter GmbH,Stadt Freiburg,751,Wiwilibrücke,100004595,YTH23035971,7.8407526,47.995213,(UTC+01:00) Europe/Paris DST,2013-06-19T04:00:00+02:00,na,na,5,5,na,na,na
Eco Counter GmbH,Stadt Freiburg,751,Wiwilibrücke,100004595,YTH23035971,7.8407526,47.995213,(UTC+01:00) Europe/Paris DST,2013-06-19T05:00:00+02:00,na,na,38,38,na,na,na
Eco Counter GmbH,Stadt Freiburg,751,Wiwilibrücke,100004595,YTH23035971,7.8407526,47.995213,(UTC+01:00) Europe/Paris DST,2013-06-19T06:00:00+02:00,na,na,137,137,na,na,na
Eco Counter GmbH,Stadt Freiburg,751,Wiwilibrücke,100004595,YTH23035971,7.8407526,47.995213,(UTC+01:00) Europe/Paris DST,2013-06-19T07:00:00+02:00,na,na,574,574,na,na,na
Eco Counter GmbH,Stadt Freiburg,751,Wiwilibrücke,100004595,YTH23035971,7.8407526,47.995213,(UTC+01:00) Europe/Paris DST,2013-06-19T08:00:00+02:00,na,na,878,878,na,na,na
Eco Counter GmbH,Stadt Freiburg,751,Wiwilibrücke,100004595,YTH23035971,7.8407526,47.995213,(UTC+01:00) Europe/Paris DST,2013-06-19T09:00:00+02:00,na,na,646,646,na,na,na
Eco Counter GmbH,Stadt Freiburg,751,Wiwilibrücke,100004595,YTH23035971,7.8407526,47.995213,(UTC+01:00) Europe/Paris DST,2013-06-19T10:00:00+02:00,na,na,594,594,na,na,na
Eco Counter GmbH,Stadt Freiburg,751,Wiwilibrücke,100004595,YTH23035971,7.8407526,47.995213,(UTC+01:00) Europe/Paris DST,2013-06-19T11:00:00+02:00,na,na,489,489,na,na,na
Eco Counter GmbH,Stadt Freiburg,751,Wiwilibrücke,100004595,YTH23035971,7.8407526,47.995213,(UTC+01:00) Europe/Paris DST,2013-06-19T12:00:00+02:00,na,na,735,735,na,na,na
Eco Counter GmbH,Stadt Freiburg,751,Wiwilibrücke,100004595,YTH23035971,7.8407526,47.995213,(UTC+01:00) Europe/Paris DST,2013-06-19T13:00:00+02:00,na,na,715,715,na,na,na
Eco Counter GmbH,Stadt Freiburg,751,Wiwilibrücke,100004595,YTH23035971,7.8407526,47.995213,(UTC+01:00) Europe/Paris DST,2013-06-19T14:00:00+02:00,na,na,686,686,na,na,na
Eco Counter GmbH,Stadt Freiburg,751,Wiwilibrücke,100004595,YTH23035971,7.8407526,47.995213,(UTC+01:00) Europe/Paris DST,2013-06-19T15:00:00+02:00,na,na,638,638,na,na,na
Eco Counter GmbH,Stadt Freiburg,751,Wiwilibrücke,100004595,YTH23035971,7.8407526,47.995213,(UTC+01:00) Europe/Paris DST,2013-06-19T16:00:00+02:00,na,na,774,774,na,na,na
Eco Counter GmbH,Stadt Freiburg,751,Wiwilibrücke,100004595,YTH23035971,7.8407526,47.995213,(UTC+01:00) Europe/Paris DST,2013-06-19T17:00:00+02:00,na,na,939,939,na,na,na
Eco Counter GmbH,Stadt Freiburg,751,Wiwilibrücke,100004595,YTH23035971,7.8407526,47.995213,(UTC+01:00) Europe/Paris DST,2013-06-19T18:00:00+02:00,na,na,852,852,na,na,na
Eco Counter GmbH,Stadt Freiburg,751,Wiwilibrücke,100004595,YTH23035971,7.8407526,47.995213,(UTC+01:00) Europe/Paris DST,2013-06-19T19:00:00+02:00,na,na,756,756,na,na,na
Eco Counter GmbH,Stadt Freiburg,751,Wiwilibrücke,100004595,YTH23035971,7.8407526,47.995213,(UTC+01:00) Europe/Paris DST,2013-06-19T20:00:00+02:00,na,na,622,622,na,na,na
Eco Counter GmbH,Stadt Freiburg,751,Wiwilibrücke,100004595,YTH23035971,7.8407526,47.995213,(UTC+01:00) Europe/Paris DST,2013-06-19T21:00:00+02:00,na,na,484,484,na,na,na
Eco Counter GmbH,Stadt Freiburg,751,Wiwilibrücke,100004595,YTH23035971,7.8407526,47.995213,(UTC+01:00) Europe/Paris DST,2013-06-19T22:00:00+02:00,na,na,429,429,na,na,na
Eco Counter GmbH,Stadt Freiburg,751,Wiwilibrücke,100004595,YTH23035971,7.8407526,47.995213,(UTC+01:00) Europe/Paris DST,2013-06-19T23:00:00+02:00,na,na,358,358,na,na,na
Eco Counter GmbH,Stadt Freiburg,751,Wiwilibrücke,100004595,YTH23035971,7.8407526,47.995213,(UTC+01:00) Europe/Paris DST,2013-06-20T00:00:00+02:00,na,na,242,242,na,na,na
Eco Counter GmbH,Stadt Freiburg,751,Wiwilibrücke,100004595,YTH23035971,7.8407526,47.995213,(UTC+01:00) Europe/Paris DST,2013-06-20T01:00:00+02:00,na,na,85,85,na,na,na
Eco Counter GmbH,Stadt Freiburg,751,Wiwilibrücke,100004595,YTH23035971,7.8407526,47.995213,(UTC+01:00) Europe/Paris DST,2013-06-20T02:00:00+02:00,na,na,50,50,na,na,na
Eco Counter GmbH,Stadt Freiburg,751,Wiwilibrücke,100004595,YTH23035971,7.8407526,47.995213,(UTC+01:00) Europe/Paris DST,2013-06-20T03:00:00+02:00,na,na,22,22,na,na,na
Eco Counter GmbH,Stadt Freiburg,751,Wiwilibrücke,100004595,YTH23035971,7.8407526,47.995213,(UTC+01:00) Europe/Paris DST,2013-06-20T04:00:00+02:00,na,na,12,12,na,na,na
Eco Counter GmbH,Stadt Freiburg,751,Wiwilibrücke,100004595,YTH23035971,7.8407526,47.995213,(UTC+01:00) Europe/Paris DST,2013-06-20T05:00:00+02:00,na,na,27,27,na,na,na
Eco Counter GmbH,Stadt Freiburg,751,Wiwilibrücke,100004595,YTH23035971,7.8407526,47.995213,(UTC+01:00) Europe/Paris DST,2013-06-20T06:00:00+02:00,na,na,135,135,na,na,na
Eco Counter GmbH,Stadt Freiburg,751,Wiwilibrücke,100004595,YTH23035971,7.8407526,47.995213,(UTC+01:00) Europe/Paris DST,2013-06-20T07:00:00+02:00,na,na,511,511,na,na,na
Eco Counter GmbH,Stadt Freiburg,751,Wiwilibrücke,100004595,YTH23035971,7.8407526,47.995213,(UTC+01:00) Europe/Paris DST,2013-06-20T08:00:00+02:00,na,na,812,812,na,na,na
Eco Counter GmbH,Stadt Freiburg,751,Wiwilibrücke,100004595,YTH23035971,7.8407526,47.995213,(UTC+01:00) Europe/Paris DST,2013-06-20T09:00:00+02:00,na,na,554,554,na,na,na
Eco Counter GmbH,Stadt Freiburg,751,Wiwilibrücke,100004595,YTH23035971,7.8407526,47.995213,(UTC+01:00) Europe/Paris DST,2013-06-20T10:00:00+02:00,na,na,554,554,na,na,na
Eco Counter GmbH,Stadt Freiburg,751,Wiwilibrücke,100004595,YTH23035971,7.8407526,47.995213,(UTC+01:00) Europe/Paris DST,2013-06-20T11:00:00+02:00,na,na,433,433,na,na,na
Eco Counter GmbH,Stadt Freiburg,751,Wiwilibrücke,100004595,YTH23035971,7.8407526,47.995213,(UTC+01:00) Europe/Paris DST,2013-06-20T12:00:00+02:00,na,na,656,656,na,na,na
Eco Counter GmbH,Stadt Freiburg,751,Wiwilibrücke,100004595,YTH23035971,7.8407526,47.995213,(UTC+01:00) Europe/Paris DST,2013-06-20T13:00:00+02:00,na,na,699,699,na,na,na
Eco Counter GmbH,Stadt Freiburg,751,Wiwilibrücke,100004595,YTH23035971,7.8407526,47.995213,(UTC+01:00) Europe/Paris DST,2013-06-20T14:00:00+02:00,na,na,607,607,na,na,na
Eco Counter GmbH,Stadt Freiburg,751,Wiwilibrücke,100004595,YTH23035971,7.8407526,47.995213,(UTC+01:00) Europe/Paris DST,2013-06-20T15:00:00+02:00,na,na,559,559,na,na,na
Eco Counter GmbH,Stadt Freiburg,751,Wiwilibrücke,100004595,YTH23035971,7.8407526,47.995213,(UTC+01:00) Europe/Paris DST,2013-06-20T16:00:00+02:00,na,na,635,635,na,na,na
Eco Counter GmbH,Stadt Freiburg,751,Wiwilibrücke,100004595,YTH23035971,7.8407526,47.995213,(UTC+01:00) Europe/Paris DST,2013-06-20T17:00:00+02:00,na,na,796,796,na,na,na
Eco Counter GmbH,Stadt Freiburg,751,Wiwilibrücke,100004595,YTH23035971,7.8407526,47.995213,(UTC+01:00) Europe/Paris DST,2013-06-20T18:00:00+02:00,na,na,834,834,na,na,na
Eco Counter GmbH,Stadt Freiburg,751,Wiwilibrücke,100004595,YTH23035971,7.8407526,47.995213,(UTC+01:00) Europe/Paris DST,2013-06-20T19:00:00+02:00,na,na,614,614,na,na,na
Eco Counter GmbH,Stadt Freiburg,751,Wiwilibrücke,100004595,YTH23035971,7.8407526,47.995213,(UTC+01:00) Europe/Paris DST,2013-06-20T20:00:00+02:00,na,na,421,421,na,na,na
Eco Counter GmbH,Stadt Freiburg,751,Wiwilibrücke,100004595,YTH23035971,7.8407526,47.995213,(UTC+01:00) Europe/Paris DST,2013-06-20T21:00:00+02:00,na,na,244,244,na,na,na
Eco Counter GmbH,Stadt Freiburg,751,Wiwilibrücke,100004595,YTH23035971,7.8407526,47.995213,(UTC+01:00) Europe/Paris DST,2013-06-20T22:00:00+02:00,na,na,224,224,na,na,na
Eco Counter GmbH,Stadt Freiburg,751,Wiwilibrücke,100004595,YTH23035971,7.8407526,47.995213,(UTC+01:00) Europe/Paris DST,2013-06-20T23:00:00+02:00,na,na,251,251,na,na,na
Eco Counter GmbH,Stadt Freiburg,751,Wiwilibrücke,100004595,YTH23035971,7.8407526,47.995213,(UTC+01:00) Europe/Paris DST,2013-06-21T00:00:00+02:00,na,na,114,114,na,na,na
Eco Counter GmbH,Stadt Freiburg,751,Wiwilibrücke,100004595,YTH23035971,7.8407526,47.995213,(UTC+01:00) Europe/Paris DST,2013-06-21T01:00:00+02:00,na,na,64,64,na,na,na
Eco Counter GmbH,Stadt Freiburg,751,Wiwilibrücke,100004595,YTH23035971,7.8407526,47.995213,(UTC+01:00) Europe/Paris DST,2013-06-21T02:00:00+02:00,na,na,50,50,na,na,na
Eco Counter GmbH,Stadt Freiburg,751,Wiwilibrücke,100004595,YTH23035971,7.8407526,47.995213,(UTC+01:00) Europe/Paris DST,2013-06-21T03:00:00+02:00,na,na,18,18,na,na,na
Eco Counter GmbH,Stadt Freiburg,751,Wiwilibrücke,100004595,YTH23035971,7.8407526,47.995213,(UTC+01:00) Europe/Paris DST,2013-06-21T04:00:00+02:00,na,na,6,6,na,na,na
Eco Counter GmbH,Stadt Freiburg,751,Wiwilibrücke,100004595,YTH23035971,7.8407526,47.995213,(UTC+01:00) Europe/Paris DST,2013-06-21T05:00:00+02:00,na,na,29,29,na,na,na
Eco Counter GmbH,Stadt Freiburg,751,Wiwilibrücke,100004595,YTH23035971,7.8407526,47.995213,(UTC+01:00) Europe/Paris DST,2013-06-21T06:00:00+02:00,na,na,120,120,na,na,na
Eco Counter GmbH,Stadt Freiburg,751,Wiwilibrücke,100004595,YTH23035971,7.8407526,47.995213,(UTC+01:00) Europe/Paris DST,2013-06-21T07:00:00+02:00,na,na,496,496,na,na,na
Eco Counter GmbH,Stadt Freiburg,751,Wiwilibrücke,100004595,YTH23035971,7.8407526,47.995213,(UTC+01:00) Europe/Paris DST,2013-06-21T08:00:00+02:00,na,na,671,671,na,na,na
Eco Counter GmbH,Stadt Freiburg,751,Wiwilibrücke,100004595,YTH23035971,7.8407526,47.995213,(UTC+01:00) Europe/Paris DST,2013-06-21T09:00:00+02:00,na,na,557,557,na,na,na
Eco Counter GmbH,Stadt Freiburg,751,Wiwilibrücke,100004595,YTH23035971,7.8407526,47.995213,(UTC+01:00) Europe/Paris DST,2013-06-21T10:00:00+02:00,na,na,525,525,na,na,na
Eco Counter GmbH,Stadt Freiburg,751,Wiwilibrücke,100004595,YTH23035971,7.8407526,47.995213,(UTC+01:00) Europe/Paris DST,2013-06-21T11:00:00+02:00,na,na,590,590,na,na,na
Eco Counter GmbH,Stadt Freiburg,751,Wiwilibrücke,100004595,YTH23035971,7.8407526,47.995213,(UTC+01:00) Europe/Paris DST,2013-06-21T12:00:00+02:00,na,na,738,738,na,na,na
Eco Counter GmbH,Stadt Freiburg,751,Wiwilibrücke,100004595,YTH23035971,7.8407526,47.995213,(UTC+01:00) Europe/Paris DST,2013-06-21T13:00:00+02:00,na,na,787,787,na,na,na
Eco Counter GmbH,Stadt Freiburg,751,Wiwilibrücke,100004595,YTH23035971,7.8407526,47.995213,(UTC+01:00) Europe/Paris DST,2013-06-21T14:00:00+02:00,na,na,697,697,na,na,na
Eco Counter GmbH,Stadt Freiburg,751,Wiwilibrücke,100004595,YTH23035971,7.8407526,47.995213,(UTC+01:00) Europe/Paris DST,2013-06-21T15:00:00+02:00,na,na,624,624,na,na,na
Eco Counter GmbH,Stadt Freiburg,751,Wiwilibrücke,100004595,YTH23035971,7.8407526,47.995213,(UTC+01:00) Europe/Paris DST,2013-06-21T16:00:00+02:00,na,na,790,790,na,na,na
Eco Counter GmbH,Stadt Freiburg,751,Wiwilibrücke,100004595,YTH23035971,7.8407526,47.995213,(UTC+01:00) Europe/Paris DST,2013-06-21T17:00:00+02:00,na,na,701,701,na,na,na
Eco Counter GmbH,Stadt Freiburg,751,Wiwilibrücke,100004595,YTH23035971,7.8407526,47.995213,(UTC+01:00) Europe/Paris DST,2013-06-21T18:00:00+02:00,na,na,745,745,na,na,na
Eco Counter GmbH,Stadt Freiburg,751,Wiwilibrücke,100004595,YTH23035971,7.8407526,47.995213,(UTC+01:00) Europe/Paris DST,2013-06-21T19:00:00+02:00,na,na,636,636,na,na,na
Eco Counter GmbH,Stadt Freiburg,751,Wiwilibrücke,100004595,YTH23035971,7.8407526,47.995213,(UTC+01:00) Europe/Paris DST,2013-06-21T20:00:00+02:00,na,na,444,444,na,na,na
Eco Counter GmbH,Stadt Freiburg,751,Wiwilibrücke,100004595,YTH23035971,7.8407526,47.995213,(UTC+01:00) Europe/Paris DST,2013-06-21T21:00:00+02:00,na,na,378,378,na,na,na
Eco Counter GmbH,Stadt Freiburg,751,Wiwilibrücke,100004595,YTH23035971,7.8407526,47.995213,(UTC+01:00) Europe/Paris DST,2013-06-21T22:00:00+02:00,na,na,377,377,na,na,na
Eco Counter GmbH,Stadt Freiburg,751,Wiwilibrücke,100004595,YTH23035971,7.8407526,47.995213,(UTC+01:00) Europe/Paris DST,2013-06-21T23:00:00+02:00,na,na,365,365,na,na,na
Eco Counter GmbH,Stadt Freiburg,751,Wiwilibrücke,100004595,YTH23035971,7.8407526,47.995213,(UTC+01:00) Europe/Paris DST,2013-06-22T00:00:00+02:00,na,na,260,260,na,na,na
Eco Counter GmbH,Stadt Freiburg,751,Wiwilibrücke,100004595,YTH23035971,7.8407526,47.995213,(UTC+01:00) Europe/Paris DST,2013-06-22T01:00:00+02:00,na,na,210,210,na,na,na
Eco Counter GmbH,Stadt Freiburg,751,Wiwilibrücke,100004595,YTH23035971,7.8407526,47.995213,(UTC+01:00) Europe/Paris DST,2013-06-22T02:00:00+02:00,na,na,143,143,na,na,na
Eco Counter GmbH,Stadt Freiburg,751,Wiwilibrücke,100004595,YTH23035971,7.8407526,47.995213,(UTC+01:00) Europe/Paris DST,2013-06-22T03:00:00+02:00,na,na,106,106,na,na,na
Eco Counter GmbH,Stadt Freiburg,751,Wiwilibrücke,100004595,YTH23035971,7.8407526,47.995213,(UTC+01:00) Europe/Paris DST,2013-06-22T04:00:00+02:00,na,na,82,82,na,na,na
Eco Counter GmbH,Stadt Freiburg,751,Wiwilibrücke,100004595,YTH23035971,7.8407526,47.995213,(UTC+01:00) Europe/Paris DST,2013-06-22T05:00:00+02:00,na,na,52,52,na,na,na
Eco Counter GmbH,Stadt Freiburg,751,Wiwilibrücke,100004595,YTH23035971,7.8407526,47.995213,(UTC+01:00) Europe/Paris DST,2013-06-22T06:00:00+02:00,na,na,50,50,na,na,na
Eco Counter GmbH,Stadt Freiburg,751,Wiwilibrücke,100004595,YTH23035971,7.8407526,47.995213,(UTC+01:00) Europe/Paris DST,2013-06-22T07:00:00+02:00,na,na,83,83,na,na,na
Eco Counter GmbH,Stadt Freiburg,751,Wiwilibrücke,100004595,YTH23035971,7.8407526,47.995213,(UTC+01:00) Europe/Paris DST,2013-06-22T08:00:00+02:00,na,na,197,197,na,na,na
Eco Counter GmbH,Stadt Freiburg,751,Wiwilibrücke,100004595,YTH23035971,7.8407526,47.995213,(UTC+01:00) Europe/Paris DST,2013-06-22T09:00:00+02:00,na,na,348,348,na,na,na
Eco Counter GmbH,Stadt Freiburg,751,Wiwilibrücke,100004595,YTH23035971,7.8407526,47.995213,(UTC+01:00) Europe/Paris DST,2013-06-22T10:00:00+02:00,na,na,524,524,na,na,na
Eco Counter GmbH,Stadt Freiburg,751,Wiwilibrücke,100004595,YTH23035971,7.8407526,47.995213,(UTC+01:00) Europe/Paris DST,2013-06-22T11:00:00+02:00,na,na,632,632,na,na,na
Eco Counter GmbH,Stadt Freiburg,751,Wiwilibrücke,100004595,YTH23035971,7.8407526,47.995213,(UTC+01:00) Europe/Paris DST,2013-06-22T12:00:00+02:00,na,na,679,679,na,na,na
Eco Counter GmbH,Stadt Freiburg,751,Wiwilibrücke,100004595,YTH23035971,7.8407526,47.995213,(UTC+01:00) Europe/Paris DST,2013-06-22T13:00:00+02:00,na,na,756,756,na,na,na
Eco Counter GmbH,Stadt Freiburg,751,Wiwilibrücke,100004595,YTH23035971,7.8407526,47.995213,(UTC+01:00) Europe/Paris DST,2013-06-22T14:00:00+02:00,na,na,633,633,na,na,na
Eco Counter GmbH,Stadt Freiburg,751,Wiwilibrücke,100004595,YTH23035971,7.8407526,47.995213,(UTC+01:00) Europe/Paris DST,2013-06-22T15:00:00+02:00,na,na,549,549,na,na,na
Eco Counter GmbH,Stadt Freiburg,751,Wiwilibrücke,100004595,YTH23035971,7.8407526,47.995213,(UTC+01:00) Europe/Paris DST,2013-06-22T16:00:00+02:00,na,na,587,587,na,na,na
Eco Counter GmbH,Stadt Freiburg,751,Wiwilibrücke,100004595,YTH23035971,7.8407526,47.995213,(UTC+01:00) Europe/Paris DST,2013-06-22T17:00:00+02:00,na,na,570,570,na,na,na
Eco Counter GmbH,Stadt Freiburg,751,Wiwilibrücke,100004595,YTH23035971,7.8407526,47.995213,(UTC+01:00) Europe/Paris DST,2013-06-22T18:00:00+02:00,na,na,536,536,na,na,na
Eco Counter GmbH,Stadt Freiburg,751,Wiwilibrücke,100004595,YTH23035971,7.8407526,47.995213,(UTC+01:00) Europe/Paris DST,2013-06-22T19:00:00+02:00,na,na,505,505,na,na,na
Eco Counter GmbH,Stadt Freiburg,751,Wiwilibrücke,100004595,YTH23035971,7.8407526,47.995213,(UTC+01:00) Europe/Paris DST,2013-06-22T20:00:00+02:00,na,na,433,433,na,na,na
Eco Counter GmbH,Stadt Freiburg,751,Wiwilibrücke,100004595,YTH23035971,7.8407526,47.995213,(UTC+01:00) Europe/Paris DST,2013-06-22T21:00:00+02:00,na,na,398,398,na,na,na
Eco Counter GmbH,Stadt Freiburg,751,Wiwilibrücke,100004595,YTH23035971,7.8407526,47.995213,(UTC+01:00) Europe/Paris DST,2013-06-22T22:00:00+02:00,na,na,347,347,na,na,na
Eco Counter GmbH,Stadt Freiburg,751,Wiwilibrücke,100004595,YTH23035971,7.8407526,47.995213,(UTC+01:00) Europe/Paris DST,2013-06-22T23:00:00+02:00,na,na,318,318,na,na,na
Eco Counter GmbH,Stadt Freiburg,751,Wiwilibrücke,100004595,YTH23035971,7.8407526,47.995213,(UTC+01:00) Europe/Paris DST,2013-06-23T00:00:00+02:00,na,na,338,338,na,na,na
Eco Counter GmbH,Stadt Freiburg,751,Wiwilibrücke,100004595,YTH23035971,7.8407526,47.995213,(UTC+01:00) Europe/Paris DST,2013-06-23T01:00:00+02:00,na,na,237,237,na,na,na
Eco Counter GmbH,Stadt Freiburg,751,Wiwilibrücke,100004595,YTH23035971,7.8407526,47.995213,(UTC+01:00) Europe/Paris DST,2013-06-23T02:00:00+02:00,na,na,125,125,na,na,na
Eco Counter GmbH,Stadt Freiburg,751,Wiwilibrücke,100004595,YTH23035971,7.8407526,47.995213,(UTC+01:00) Europe/Paris DST,2013-06-23T03:00:00+02:00,na,na,101,101,na,na,na
Eco Counter GmbH,Stadt Freiburg,751,Wiwilibrücke,100004595,YTH23035971,7.8407526,47.995213,(UTC+01:00) Europe/Paris DST,2013-06-23T04:00:00+02:00,na,na,59,59,na,na,na
Eco Counter GmbH,Stadt Freiburg,751,Wiwilibrücke,100004595,YTH23035971,7.8407526,47.995213,(UTC+01:00) Europe/Paris DST,2013-06-23T05:00:00+02:00,na,na,55,55,na,na,na
Eco Counter GmbH,Stadt Freiburg,751,Wiwilibrücke,100004595,YTH23035971,7.8407526,47.995213,(UTC+01:00) Europe/Paris DST,2013-06-23T06:00:00+02:00,na,na,21,21,na,na,na
Eco Counter GmbH,Stadt Freiburg,751,Wiwilibrücke,100004595,YTH23035971,7.8407526,47.995213,(UTC+01:00) Europe/Paris DST,2013-06-23T07:00:00+02:00,na,na,33,33,na,na,na
Eco Counter GmbH,Stadt Freiburg,751,Wiwilibrücke,100004595,YTH23035971,7.8407526,47.995213,(UTC+01:00) Europe/Paris DST,2013-06-23T08:00:00+02:00,na,na,71,71,na,na,na
Eco Counter GmbH,Stadt Freiburg,751,Wiwilibrücke,100004595,YTH23035971,7.8407526,47.995213,(UTC+01:00) Europe/Paris DST,2013-06-23T09:00:00+02:00,na,na,94,94,na,na,na
Eco Counter GmbH,Stadt Freiburg,751,Wiwilibrücke,100004595,YTH23035971,7.8407526,47.995213,(UTC+01:00) Europe/Paris DST,2013-06-23T10:00:00+02:00,na,na,164,164,na,na,na
Eco Counter GmbH,Stadt Freiburg,751,Wiwilibrücke,100004595,YTH23035971,7.8407526,47.995213,(UTC+01:00) Europe/Paris DST,2013-06-23T11:00:00+02:00,na,na,223,223,na,na,na
Eco Counter GmbH,Stadt Freiburg,751,Wiwilibrücke,100004595,YTH23035971,7.8407526,47.995213,(UTC+01:00) Europe/Paris DST,2013-06-23T12:00:00+02:00,na,na,221,221,na,na,na
Eco Counter GmbH,Stadt Freiburg,751,Wiwilibrücke,100004595,YTH23035971,7.8407526,47.995213,(UTC+01:00) Europe/Paris DST,2013-06-23T13:00:00+02:00,na,na,270,270,na,na,na
Eco Counter GmbH,Stadt Freiburg,751,Wiwilibrücke,100004595,YTH23035971,7.8407526,47.995213,(UTC+01:00) Europe/Paris DST,2013-06-23T14:00:00+02:00,na,na,375,375,na,na,na
Eco Counter GmbH,Stadt Freiburg,751,Wiwilibrücke,100004595,YTH23035971,7.8407526,47.995213,(UTC+01:00) Europe/Paris DST,2013-06-23T15:00:00+02:00,na,na,386,386,na,na,na
Eco Counter GmbH,Stadt Freiburg,751,Wiwilibrücke,100004595,YTH23035971,7.8407526,47.995213,(UTC+01:00) Europe/Paris DST,2013-06-23T16:00:00+02:00,na,na,384,384,na,na,na
Eco Counter GmbH,Stadt Freiburg,751,Wiwilibrücke,100004595,YTH23035971,7.8407526,47.995213,(UTC+01:00) Europe/Paris DST,2013-06-23T17:00:00+02:00,na,na,401,401,na,na,na
Eco Counter GmbH,Stadt Freiburg,751,Wiwilibrücke,100004595,YTH23035971,7.8407526,47.995213,(UTC+01:00) Europe/Paris DST,2013-06-23T18:00:00+02:00,na,na,410,410,na,na,na
Eco Counter GmbH,Stadt Freiburg,751,Wiwilibrücke,100004595,YTH23035971,7.8407526,47.995213,(UTC+01:00) Europe/Paris DST,2013-06-23T19:00:00+02:00,na,na,392,392,na,na,na
Eco Counter GmbH,Stadt Freiburg,751,Wiwilibrücke,100004595,YTH23035971,7.8407526,47.995213,(UTC+01:00) Europe/Paris DST,2013-06-23T20:00:00+02:00,na,na,320,320,na,na,na
Eco Counter GmbH,Stadt Freiburg,751,Wiwilibrücke,100004595,YTH23035971,7.8407526,47.995213,(UTC+01:00) Europe/Paris DST,2013-06-23T21:00:00+02:00,na,na,216,216,na,na,na
Eco Counter GmbH,Stadt Freiburg,751,Wiwilibrücke,100004595,YTH23035971,7.8407526,47.995213,(UTC+01:00) Europe/Paris DST,2013-06-23T22:00:00+02:00,na,na,156,156,na,na,na
Eco Counter GmbH,Stadt Freiburg,751,Wiwilibrücke,100004595,YTH23035971,7.8407526,47.995213,(UTC+01:00) Europe/Paris DST,2013-06-23T23:00:00+02:00,na,na,159,159,na,na,na
Eco Counter GmbH,Stadt Freiburg,751,Wiwilibrücke,100004595,YTH23035971,7.8407526,47.995213,(UTC+01:00) Europe/Paris DST,2013-06-24T00:00:00+02:00,na,na,85,85,na,na,na
Eco Counter GmbH,Stadt Freiburg,751,Wiwilibrücke,100004595,YTH23035971,7.8407526,47.995213,(UTC+01:00) Europe/Paris DST,2013-06-24T01:00:00+02:00,na,na,27,27,na,na,na
Eco Counter GmbH,Stadt Freiburg,751,Wiwilibrücke,100004595,YTH23035971,7.8407526,47.995213,(UTC+01:00) Europe/Paris DST,2013-06-24T02:00:00+02:00,na,na,23,23,na,na,na
Eco Counter GmbH,Stadt Freiburg,751,Wiwilibrücke,100004595,YTH23035971,7.8407526,47.995213,(UTC+01:00) Europe/Paris DST,2013-06-24T03:00:00+02:00,na,na,21,21,na,na,na
Eco Counter GmbH,Stadt Freiburg,751,Wiwilibrücke,100004595,YTH23035971,7.8407526,47.995213,(UTC+01:00) Europe/Paris DST,2013-06-24T04:00:00+02:00,na,na,13,13,na,na,na
Eco Counter GmbH,Stadt Freiburg,751,Wiwilibrücke,100004595,YTH23035971,7.8407526,47.995213,(UTC+01:00) Europe/Paris DST,2013-06-24T05:00:00+02:00,na,na,36,36,na,na,na
Eco Counter GmbH,Stadt Freiburg,751,Wiwilibrücke,100004595,YTH23035971,7.8407526,47.995213,(UTC+01:00) Europe/Paris DST,2013-06-24T06:00:00+02:00,na,na,80,80,na,na,na
Eco Counter GmbH,Stadt Freiburg,751,Wiwilibrücke,100004595,YTH23035971,7.8407526,47.995213,(UTC+01:00) Europe/Paris DST,2013-06-24T07:00:00+02:00,na,na,454,454,na,na,na
Eco Counter GmbH,Stadt Freiburg,751,Wiwilibrücke,100004595,YTH23035971,7.8407526,47.995213,(UTC+01:00) Europe/Paris DST,2013-06-24T08:00:00+02:00,na,na,674,674,na,na,na
Eco Counter GmbH,Stadt Freiburg,751,Wiwilibrücke,100004595,YTH23035971,7.8407526,47.995213,(UTC+01:00) Europe/Paris DST,2013-06-24T09:00:00+02:00,na,na,566,566,na,na,na
Eco Counter GmbH,Stadt Freiburg,751,Wiwilibrücke,100004595,YTH23035971,7.8407526,47.995213,(UTC+01:00) Europe/Paris DST,2013-06-24T10:00:00+02:00,na,na,492,492,na,na,na
Eco Counter GmbH,Stadt Freiburg,751,Wiwilibrücke,100004595,YTH23035971,7.8407526,47.995213,(UTC+01:00) Europe/Paris DST,2013-06-24T11:00:00+02:00,na,na,384,384,na,na,na
Eco Counter GmbH,Stadt Freiburg,751,Wiwilibrücke,100004595,YTH23035971,7.8407526,47.995213,(UTC+01:00) Europe/Paris DST,2013-06-24T12:00:00+02:00,na,na,466,466,na,na,na
Eco Counter GmbH,Stadt Freiburg,751,Wiwilibrücke,100004595,YTH23035971,7.8407526,47.995213,(UTC+01:00) Europe/Paris DST,2013-06-24T13:00:00+02:00,na,na,574,574,na,na,na
Eco Counter GmbH,Stadt Freiburg,751,Wiwilibrücke,100004595,YTH23035971,7.8407526,47.995213,(UTC+01:00) Europe/Paris DST,2013-06-24T14:00:00+02:00,na,na,444,444,na,na,na
Eco Counter GmbH,Stadt Freiburg,751,Wiwilibrücke,100004595,YTH23035971,7.8407526,47.995213,(UTC+01:00) Europe/Paris DST,2013-06-24T15:00:00+02:00,na,na,494,494,na,na,na
Eco Counter GmbH,Stadt Freiburg,751,Wiwilibrücke,100004595,YTH23035971,7.8407526,47.995213,(UTC+01:00) Europe/Paris DST,2013-06-24T16:00:00+02:00,na,na,597,597,na,na,na
Eco Counter GmbH,Stadt Freiburg,751,Wiwilibrücke,100004595,YTH23035971,7.8407526,47.995213,(UTC+01:00) Europe/Paris DST,2013-06-24T17:00:00+02:00,na,na,788,788,na,na,na
Eco Counter GmbH,Stadt Freiburg,751,Wiwilibrücke,100004595,YTH23035971,7.8407526,47.995213,(UTC+01:00) Europe/Paris DST,2013-06-24T18:00:00+02:00,na,na,692,692,na,na,na
Eco Counter GmbH,Stadt Freiburg,751,Wiwilibrücke,100004595,YTH23035971,7.8407526,47.995213,(UTC+01:00) Europe/Paris DST,2013-06-24T19:00:00+02:00,na,na,555,555,na,na,na
Eco Counter GmbH,Stadt Freiburg,751,Wiwilibrücke,100004595,YTH23035971,7.8407526,47.995213,(UTC+01:00) Europe/Paris DST,2013-06-24T20:00:00+02:00,na,na,456,456,na,na,na
Eco Counter GmbH,Stadt Freiburg,751,Wiwilibrücke,100004595,YTH23035971,7.8407526,47.995213,(UTC+01:00) Europe/Paris DST,2013-06-24T21:00:00+02:00,na,na,309,309,na,na,na
Eco Counter GmbH,Stadt Freiburg,751,Wiwilibrücke,100004595,YTH23035971,7.8407526,47.995213,(UTC+01:00) Europe/Paris DST,2013-06-24T22:00:00+02:00,na,na,238,238,na,na,na
Eco Counter GmbH,Stadt Freiburg,751,Wiwilibrücke,100004595,YTH23035971,7.8407526,47.995213,(UTC+01:00) Europe/Paris DST,2013-06-24T23:00:00+02:00,na,na,164,164,na,na,na
Eco Counter GmbH,Stadt Freiburg,751,Wiwilibrücke,100004595,YTH23035971,7.8407526,47.995213,(UTC+01:00) Europe/Paris DST,2013-06-25T00:00:00+02:00,na,na,97,97,na,na,na
Eco Counter GmbH,Stadt Freiburg,751,Wiwilibrücke,100004595,YTH23035971,7.8407526,47.995213,(UTC+01:00) Europe/Paris DST,2013-06-25T01:00:00+02:00,na,na,60,60,na,na,na
Eco Counter GmbH,Stadt Freiburg,751,Wiwilibrücke,100004595,YTH23035971,7.8407526,47.995213,(UTC+01:00) Europe/Paris DST,2013-06-25T02:00:00+02:00,na,na,30,30,na,na,na
Eco Counter GmbH,Stadt Freiburg,751,Wiwilibrücke,100004595,YTH23035971,7.8407526,47.995213,(UTC+01:00) Europe/Paris DST,2013-06-25T03:00:00+02:00,na,na,24,24,na,na,na
Eco Counter GmbH,Stadt Freiburg,751,Wiwilibrücke,100004595,YTH23035971,7.8407526,47.995213,(UTC+01:00) Europe/Paris DST,2013-06-25T04:00:00+02:00,na,na,18,18,na,na,na
Eco Counter GmbH,Stadt Freiburg,751,Wiwilibrücke,100004595,YTH23035971,7.8407526,47.995213,(UTC+01:00) Europe/Paris DST,2013-06-25T05:00:00+02:00,na,na,32,32,na,na,na
Eco Counter GmbH,Stadt Freiburg,751,Wiwilibrücke,100004595,YTH23035971,7.8407526,47.995213,(UTC+01:00) Europe/Paris DST,2013-06-25T06:00:00+02:00,na,na,95,95,na,na,na
Eco Counter GmbH,Stadt Freiburg,751,Wiwilibrücke,100004595,YTH23035971,7.8407526,47.995213,(UTC+01:00) Europe/Paris DST,2013-06-25T07:00:00+02:00,na,na,490,490,na,na,na
Eco Counter GmbH,Stadt Freiburg,751,Wiwilibrücke,100004595,YTH23035971,7.8407526,47.995213,(UTC+01:00) Europe/Paris DST,2013-06-25T08:00:00+02:00,na,na,799,799,na,na,na
Eco Counter GmbH,Stadt Freiburg,751,Wiwilibrücke,100004595,YTH23035971,7.8407526,47.995213,(UTC+01:00) Europe/Paris DST,2013-06-25T09:00:00+02:00,na,na,544,544,na,na,na
Eco Counter GmbH,Stadt Freiburg,751,Wiwilibrücke,100004595,YTH23035971,7.8407526,47.995213,(UTC+01:00) Europe/Paris DST,2013-06-25T10:00:00+02:00,na,na,566,566,na,na,na
Eco Counter GmbH,Stadt Freiburg,751,Wiwilibrücke,100004595,YTH23035971,7.8407526,47.995213,(UTC+01:00) Europe/Paris DST,2013-06-25T11:00:00+02:00,na,na,414,414,na,na,na
Eco Counter GmbH,Stadt Freiburg,751,Wiwilibrücke,100004595,YTH23035971,7.8407526,47.995213,(UTC+01:00) Europe/Paris DST,2013-06-25T12:00:00+02:00,na,na,567,567,na,na,na
Eco Counter GmbH,Stadt Freiburg,751,Wiwilibrücke,100004595,YTH23035971,7.8407526,47.995213,(UTC+01:00) Europe/Paris DST,2013-06-25T13:00:00+02:00,na,na,663,663,na,na,na
Eco Counter GmbH,Stadt Freiburg,751,Wiwilibrücke,100004595,YTH23035971,7.8407526,47.995213,(UTC+01:00) Europe/Paris DST,2013-06-25T14:00:00+02:00,na,na,599,599,na,na,na
Eco Counter GmbH,Stadt Freiburg,751,Wiwilibrücke,100004595,YTH23035971,7.8407526,47.995213,(UTC+01:00) Europe/Paris DST,2013-06-25T15:00:00+02:00,na,na,542,542,na,na,na
Eco Counter GmbH,Stadt Freiburg,751,Wiwilibrücke,100004595,YTH23035971,7.8407526,47.995213,(UTC+01:00) Europe/Paris DST,2013-06-25T16:00:00+02:00,na,na,694,694,na,na,na
Eco Counter GmbH,Stadt Freiburg,751,Wiwilibrücke,100004595,YTH23035971,7.8407526,47.995213,(UTC+01:00) Europe/Paris DST,2013-06-25T17:00:00+02:00,na,na,784,784,na,na,na
Eco Counter GmbH,Stadt Freiburg,751,Wiwilibrücke,100004595,YTH23035971,7.8407526,47.995213,(UTC+01:00) Europe/Paris DST,2013-06-25T18:00:00+02:00,na,na,795,795,na,na,na
Eco Counter GmbH,Stadt Freiburg,751,Wiwilibrücke,100004595,YTH23035971,7.8407526,47.995213,(UTC+01:00) Europe/Paris DST,2013-06-25T19:00:00+02:00,na,na,698,698,na,na,na
Eco Counter GmbH,Stadt Freiburg,751,Wiwilibrücke,100004595,YTH23035971,7.8407526,47.995213,(UTC+01:00) Europe/Paris DST,2013-06-25T20:00:00+02:00,na,na,437,437,na,na,na
Eco Counter GmbH,Stadt Freiburg,751,Wiwilibrücke,100004595,YTH23035971,7.8407526,47.995213,(UTC+01:00) Europe/Paris DST,2013-06-25T21:00:00+02:00,na,na,295,295,na,na,na
Eco Counter GmbH,Stadt Freiburg,751,Wiwilibrücke,100004595,YTH23035971,7.8407526,47.995213,(UTC+01:00) Europe/Paris DST,2013-06-25T22:00:00+02:00,na,na,341,341,na,na,na
Eco Counter GmbH,Stadt Freiburg,751,Wiwilibrücke,100004595,YTH23035971,7.8407526,47.995213,(UTC+01:00) Europe/Paris DST,2013-06-25T23:00:00+02:00,na,na,189,189,na,na,na
Eco Counter GmbH,Stadt Freiburg,751,Wiwilibrücke,100004595,YTH23035971,7.8407526,47.995213,(UTC+01:00) Europe/Paris DST,2013-06-26T00:00:00+02:00,na,na,116,116,na,na,na
Eco Counter GmbH,Stadt Freiburg,751,Wiwilibrücke,100004595,YTH23035971,7.8407526,47.995213,(UTC+01:00) Europe/Paris DST,2013-06-26T01:00:00+02:00,na,na,48,48,na,na,na
Eco Counter GmbH,Stadt Freiburg,751,Wiwilibrücke,100004595,YTH23035971,7.8407526,47.995213,(UTC+01:00) Europe/Paris DST,2013-06-26T02:00:00+02:00,na,na,29,29,na,na,na
Eco Counter GmbH,Stadt Freiburg,751,Wiwilibrücke,100004595,YTH23035971,7.8407526,47.995213,(UTC+01:00) Europe/Paris DST,2013-06-26T03:00:00+02:00,na,na,7,7,na,na,na
Eco Counter GmbH,Stadt Freiburg,751,Wiwilibrücke,100004595,YTH23035971,7.8407526,47.995213,(UTC+01:00) Europe/Paris DST,2013-06-26T04:00:00+02:00,na,na,15,15,na,na,na
Eco Counter GmbH,Stadt Freiburg,751,Wiwilibrücke,100004595,YTH23035971,7.8407526,47.995213,(UTC+01:00) Europe/Paris DST,2013-06-26T05:00:00+02:00,na,na,31,31,na,na,na
Eco Counter GmbH,Stadt Freiburg,751,Wiwilibrücke,100004595,YTH23035971,7.8407526,47.995213,(UTC+01:00) Europe/Paris DST,2013-06-26T06:00:00+02:00,na,na,117,117,na,na,na
Eco Counter GmbH,Stadt Freiburg,751,Wiwilibrücke,100004595,YTH23035971,7.8407526,47.995213,(UTC+01:00) Europe/Paris DST,2013-06-26T07:00:00+02:00,na,na,518,518,na,na,na
Eco Counter GmbH,Stadt Freiburg,751,Wiwilibrücke,100004595,YTH23035971,7.8407526,47.995213,(UTC+01:00) Europe/Paris DST,2013-06-26T08:00:00+02:00,na,na,876,876,na,na,na
Eco Counter GmbH,Stadt Freiburg,751,Wiwilibrücke,100004595,YTH23035971,7.8407526,47.995213,(UTC+01:00) Europe/Paris DST,2013-06-26T09:00:00+02:00,na,na,597,597,na,na,na
Eco Counter GmbH,Stadt Freiburg,751,Wiwilibrücke,100004595,YTH23035971,7.8407526,47.995213,(UTC+01:00) Europe/Paris DST,2013-06-26T10:00:00+02:00,na,na,576,576,na,na,na
Eco Counter GmbH,Stadt Freiburg,751,Wiwilibrücke,100004595,YTH23035971,7.8407526,47.995213,(UTC+01:00) Europe/Paris DST,2013-06-26T11:00:00+02:00,na,na,488,488,na,na,na
Eco Counter GmbH,Stadt Freiburg,751,Wiwilibrücke,100004595,YTH23035971,7.8407526,47.995213,(UTC+01:00) Europe/Paris DST,2013-06-26T12:00:00+02:00,na,na,698,698,na,na,na
Eco Counter GmbH,Stadt Freiburg,751,Wiwilibrücke,100004595,YTH23035971,7.8407526,47.995213,(UTC+01:00) Europe/Paris DST,2013-06-26T13:00:00+02:00,na,na,784,784,na,na,na
Eco Counter GmbH,Stadt Freiburg,751,Wiwilibrücke,100004595,YTH23035971,7.8407526,47.995213,(UTC+01:00) Europe/Paris DST,2013-06-26T14:00:00+02:00,na,na,607,607,na,na,na
Eco Counter GmbH,Stadt Freiburg,751,Wiwilibrücke,100004595,YTH23035971,7.8407526,47.995213,(UTC+01:00) Europe/Paris DST,2013-06-26T15:00:00+02:00,na,na,713,713,na,na,na
Eco Counter GmbH,Stadt Freiburg,751,Wiwilibrücke,100004595,YTH23035971,7.8407526,47.995213,(UTC+01:00) Europe/Paris DST,2013-06-26T16:00:00+02:00,na,na,739,739,na,na,na
Eco Counter GmbH,Stadt Freiburg,751,Wiwilibrücke,100004595,YTH23035971,7.8407526,47.995213,(UTC+01:00) Europe/Paris DST,2013-06-26T17:00:00+02:00,na,na,958,958,na,na,na
Eco Counter GmbH,Stadt Freiburg,751,Wiwilibrücke,100004595,YTH23035971,7.8407526,47.995213,(UTC+01:00) Europe/Paris DST,2013-06-26T18:00:00+02:00,na,na,903,903,na,na,na
Eco Counter GmbH,Stadt Freiburg,751,Wiwilibrücke,100004595,YTH23035971,7.8407526,47.995213,(UTC+01:00) Europe/Paris DST,2013-06-26T19:00:00+02:00,na,na,719,719,na,na,na
Eco Counter GmbH,Stadt Freiburg,751,Wiwilibrücke,100004595,YTH23035971,7.8407526,47.995213,(UTC+01:00) Europe/Paris DST,2013-06-26T20:00:00+02:00,na,na,581,581,na,na,na
Eco Counter GmbH,Stadt Freiburg,751,Wiwilibrücke,100004595,YTH23035971,7.8407526,47.995213,(UTC+01:00) Europe/Paris DST,2013-06-26T21:00:00+02:00,na,na,367,367,na,na,na
Eco Counter GmbH,Stadt Freiburg,751,Wiwilibrücke,100004595,YTH23035971,7.8407526,47.995213,(UTC+01:00) Europe/Paris DST,2013-06-26T22:00:00+02:00,na,na,342,342,na,na,na
Eco Counter GmbH,Stadt Freiburg,751,Wiwilibrücke,100004595,YTH23035971,7.8407526,47.995213,(UTC+01:00) Europe/Paris DST,2013-06-26T23:00:00+02:00,na,na,282,282,na,na,na
Eco Counter GmbH,Stadt Freiburg,751,Wiwilibrücke,100004595,YTH23035971,7.8407526,47.995213,(UTC+01:00) Europe/Paris DST,2013-06-27T00:00:00+02:00,na,na,148,148,na,na,na
Eco Counter GmbH,Stadt Freiburg,751,Wiwilibrücke,100004595,YTH23035971,7.8407526,47.995213,(UTC+01:00) Europe/Paris DST,2013-06-27T01:00:00+02:00,na,na,77,77,na,na,na
Eco Counter GmbH,Stadt Freiburg,751,Wiwilibrücke,100004595,YTH23035971,7.8407526,47.995213,(UTC+01:00) Europe/Paris DST,2013-06-27T02:00:00+02:00,na,na,42,42,na,na,na
Eco Counter GmbH,Stadt Freiburg,751,Wiwilibrücke,100004595,YTH23035971,7.8407526,47.995213,(UTC+01:00) Europe/Paris DST,2013-06-27T03:00:00+02:00,na,na,42,42,na,na,na
Eco Counter GmbH,Stadt Freiburg,751,Wiwilibrücke,100004595,YTH23035971,7.8407526,47.995213,(UTC+01:00) Europe/Paris DST,2013-06-27T04:00:00+02:00,na,na,25,25,na,na,na
Eco Counter GmbH,Stadt Freiburg,751,Wiwilibrücke,100004595,YTH23035971,7.8407526,47.995213,(UTC+01:00) Europe/Paris DST,2013-06-27T05:00:00+02:00,na,na,33,33,na,na,na
Eco Counter GmbH,Stadt Freiburg,751,Wiwilibrücke,100004595,YTH23035971,7.8407526,47.995213,(UTC+01:00) Europe/Paris DST,2013-06-27T06:00:00+02:00,na,na,121,121,na,na,na
Eco Counter GmbH,Stadt Freiburg,751,Wiwilibrücke,100004595,YTH23035971,7.8407526,47.995213,(UTC+01:00) Europe/Paris DST,2013-06-27T07:00:00+02:00,na,na,458,458,na,na,na
Eco Counter GmbH,Stadt Freiburg,751,Wiwilibrücke,100004595,YTH23035971,7.8407526,47.995213,(UTC+01:00) Europe/Paris DST,2013-06-27T08:00:00+02:00,na,na,715,715,na,na,na
Eco Counter GmbH,Stadt Freiburg,751,Wiwilibrücke,100004595,YTH23035971,7.8407526,47.995213,(UTC+01:00) Europe/Paris DST,2013-06-27T09:00:00+02:00,na,na,473,473,na,na,na
Eco Counter GmbH,Stadt Freiburg,751,Wiwilibrücke,100004595,YTH23035971,7.8407526,47.995213,(UTC+01:00) Europe/Paris DST,2013-06-27T10:00:00+02:00,na,na,443,443,na,na,na
Eco Counter GmbH,Stadt Freiburg,751,Wiwilibrücke,100004595,YTH23035971,7.8407526,47.995213,(UTC+01:00) Europe/Paris DST,2013-06-27T11:00:00+02:00,na,na,414,414,na,na,na
Eco Counter GmbH,Stadt Freiburg,751,Wiwilibrücke,100004595,YTH23035971,7.8407526,47.995213,(UTC+01:00) Europe/Paris DST,2013-06-27T12:00:00+02:00,na,na,496,496,na,na,na
Eco Counter GmbH,Stadt Freiburg,751,Wiwilibrücke,100004595,YTH23035971,7.8407526,47.995213,(UTC+01:00) Europe/Paris DST,2013-06-27T13:00:00+02:00,na,na,593,593,na,na,na
Eco Counter GmbH,Stadt Freiburg,751,Wiwilibrücke,100004595,YTH23035971,7.8407526,47.995213,(UTC+01:00) Europe/Paris DST,2013-06-27T14:00:00+02:00,na,na,455,455,na,na,na
Eco Counter GmbH,Stadt Freiburg,751,Wiwilibrücke,100004595,YTH23035971,7.8407526,47.995213,(UTC+01:00) Europe/Paris DST,2013-06-27T15:00:00+02:00,na,na,522,522,na,na,na
Eco Counter GmbH,Stadt Freiburg,751,Wiwilibrücke,100004595,YTH23035971,7.8407526,47.995213,(UTC+01:00) Europe/Paris DST,2013-06-27T16:00:00+02:00,na,na,594,594,na,na,na
Eco Counter GmbH,Stadt Freiburg,751,Wiwilibrücke,100004595,YTH23035971,7.8407526,47.995213,(UTC+01:00) Europe/Paris DST,2013-06-27T17:00:00+02:00,na,na,718,718,na,na,na
Eco Counter GmbH,Stadt Freiburg,751,Wiwilibrücke,100004595,YTH23035971,7.8407526,47.995213,(UTC+01:00) Europe/Paris DST,2013-06-27T18:00:00+02:00,na,na,734,734,na,na,na
Eco Counter GmbH,Stadt Freiburg,751,Wiwilibrücke,100004595,YTH23035971,7.8407526,47.995213,(UTC+01:00) Europe/Paris DST,2013-06-27T19:00:00+02:00,na,na,591,591,na,na,na
Eco Counter GmbH,Stadt Freiburg,751,Wiwilibrücke,100004595,YTH23035971,7.8407526,47.995213,(UTC+01:00) Europe/Paris DST,2013-06-27T20:00:00+02:00,na,na,413,413,na,na,na
Eco Counter GmbH,Stadt Freiburg,751,Wiwilibrücke,100004595,YTH23035971,7.8407526,47.995213,(UTC+01:00) Europe/Paris DST,2013-06-27T21:00:00+02:00,na,na,291,291,na,na,na
Eco Counter GmbH,Stadt Freiburg,751,Wiwilibrücke,100004595,YTH23035971,7.8407526,47.995213,(UTC+01:00) Europe/Paris DST,2013-06-27T22:00:00+02:00,na,na,330,330,na,na,na
Eco Counter GmbH,Stadt Freiburg,751,Wiwilibrücke,100004595,YTH23035971,7.8407526,47.995213,(UTC+01:00) Europe/Paris DST,2013-06-27T23:00:00+02:00,na,na,202,202,na,na,na
Eco Counter GmbH,Stadt Freiburg,751,Wiwilibrücke,100004595,YTH23035971,7.8407526,47.995213,(UTC+01:00) Europe/Paris DST,2013-06-28T00:00:00+02:00,na,na,141,141,na,na,na
Eco Counter GmbH,Stadt Freiburg,751,Wiwilibrücke,100004595,YTH23035971,7.8407526,47.995213,(UTC+01:00) Europe/Paris DST,2013-06-28T01:00:00+02:00,na,na,63,63,na,na,na
Eco Counter GmbH,Stadt Freiburg,751,Wiwilibrücke,100004595,YTH23035971,7.8407526,47.995213,(UTC+01:00) Europe/Paris DST,2013-06-28T02:00:00+02:00,na,na,26,26,na,na,na
Eco Counter GmbH,Stadt Freiburg,751,Wiwilibrücke,100004595,YTH23035971,7.8407526,47.995213,(UTC+01:00) Europe/Paris DST,2013-06-28T03:00:00+02:00,na,na,15,15,na,na,na
Eco Counter GmbH,Stadt Freiburg,751,Wiwilibrücke,100004595,YTH23035971,7.8407526,47.995213,(UTC+01:00) Europe/Paris DST,2013-06-28T04:00:00+02:00,na,na,22,22,na,na,na
Eco Counter GmbH,Stadt Freiburg,751,Wiwilibrücke,100004595,YTH23035971,7.8407526,47.995213,(UTC+01:00) Europe/Paris DST,2013-06-28T05:00:00+02:00,na,na,23,23,na,na,na
Eco Counter GmbH,Stadt Freiburg,751,Wiwilibrücke,100004595,YTH23035971,7.8407526,47.995213,(UTC+01:00) Europe/Paris DST,2013-06-28T06:00:00+02:00,na,na,104,104,na,na,na
Eco Counter GmbH,Stadt Freiburg,751,Wiwilibrücke,100004595,YTH23035971,7.8407526,47.995213,(UTC+01:00) Europe/Paris DST,2013-06-28T07:00:00+02:00,na,na,425,425,na,na,na
Eco Counter GmbH,Stadt Freiburg,751,Wiwilibrücke,100004595,YTH23035971,7.8407526,47.995213,(UTC+01:00) Europe/Paris DST,2013-06-28T08:00:00+02:00,na,na,656,656,na,na,na
Eco Counter GmbH,Stadt Freiburg,751,Wiwilibrücke,100004595,YTH23035971,7.8407526,47.995213,(UTC+01:00) Europe/Paris DST,2013-06-28T09:00:00+02:00,na,na,557,557,na,na,na
Eco Counter GmbH,Stadt Freiburg,751,Wiwilibrücke,100004595,YTH23035971,7.8407526,47.995213,(UTC+01:00) Europe/Paris DST,2013-06-28T10:00:00+02:00,na,na,531,531,na,na,na
Eco Counter GmbH,Stadt Freiburg,751,Wiwilibrücke,100004595,YTH23035971,7.8407526,47.995213,(UTC+01:00) Europe/Paris DST,2013-06-28T11:00:00+02:00,na,na,491,491,na,na,na
Eco Counter GmbH,Stadt Freiburg,751,Wiwilibrücke,100004595,YTH23035971,7.8407526,47.995213,(UTC+01:00) Europe/Paris DST,2013-06-28T12:00:00+02:00,na,na,649,649,na,na,na
Eco Counter GmbH,Stadt Freiburg,751,Wiwilibrücke,100004595,YTH23035971,7.8407526,47.995213,(UTC+01:00) Europe/Paris DST,2013-06-28T13:00:00+02:00,na,na,748,748,na,na,na
Eco Counter GmbH,Stadt Freiburg,751,Wiwilibrücke,100004595,YTH23035971,7.8407526,47.995213,(UTC+01:00) Europe/Paris DST,2013-06-28T14:00:00+02:00,na,na,621,621,na,na,na
Eco Counter GmbH,Stadt Freiburg,751,Wiwilibrücke,100004595,YTH23035971,7.8407526,47.995213,(UTC+01:00) Europe/Paris DST,2013-06-28T15:00:00+02:00,na,na,671,671,na,na,na
Eco Counter GmbH,Stadt Freiburg,751,Wiwilibrücke,100004595,YTH23035971,7.8407526,47.995213,(UTC+01:00) Europe/Paris DST,2013-06-28T16:00:00+02:00,na,na,662,662,na,na,na
Eco Counter GmbH,Stadt Freiburg,751,Wiwilibrücke,100004595,YTH23035971,7.8407526,47.995213,(UTC+01:00) Europe/Paris DST,2013-06-28T17:00:00+02:00,na,na,752,752,na,na,na
Eco Counter GmbH,Stadt Freiburg,751,Wiwilibrücke,100004595,YTH23035971,7.8407526,47.995213,(UTC+01:00) Europe/Paris DST,2013-06-28T18:00:00+02:00,na,na,710,710,na,na,na
Eco Counter GmbH,Stadt Freiburg,751,Wiwilibrücke,100004595,YTH23035971,7.8407526,47.995213,(UTC+01:00) Europe/Paris DST,2013-06-28T19:00:00+02:00,na,na,594,594,na,na,na
Eco Counter GmbH,Stadt Freiburg,751,Wiwilibrücke,100004595,YTH23035971,7.8407526,47.995213,(UTC+01:00) Europe/Paris DST,2013-06-28T20:00:00+02:00,na,na,490,490,na,na,na
Eco Counter GmbH,Stadt Freiburg,751,Wiwilibrücke,100004595,YTH23035971,7.8407526,47.995213,(UTC+01:00) Europe/Paris DST,2013-06-28T21:00:00+02:00,na,na,300,300,na,na,na
Eco Counter GmbH,Stadt Freiburg,751,Wiwilibrücke,100004595,YTH23035971,7.8407526,47.995213,(UTC+01:00) Europe/Paris DST,2013-06-28T22:00:00+02:00,na,na,405,405,na,na,na
Eco Counter GmbH,Stadt Freiburg,751,Wiwilibrücke,100004595,YTH23035971,7.8407526,47.995213,(UTC+01:00) Europe/Paris DST,2013-06-28T23:00:00+02:00,na,na,394,394,na,na,na
Eco Counter GmbH,Stadt Freiburg,751,Wiwilibrücke,100004595,YTH23035971,7.8407526,47.995213,(UTC+01:00) Europe/Paris DST,2013-06-29T00:00:00+02:00,na,na,334,334,na,na,na
Eco Counter GmbH,Stadt Freiburg,751,Wiwilibrücke,100004595,YTH23035971,7.8407526,47.995213,(UTC+01:00) Europe/Paris DST,2013-06-29T01:00:00+02:00,na,na,242,242,na,na,na
Eco Counter GmbH,Stadt Freiburg,751,Wiwilibrücke,100004595,YTH23035971,7.8407526,47.995213,(UTC+01:00) Europe/Paris DST,2013-06-29T02:00:00+02:00,na,na,128,128,na,na,na
Eco Counter GmbH,Stadt Freiburg,751,Wiwilibrücke,100004595,YTH23035971,7.8407526,47.995213,(UTC+01:00) Europe/Paris DST,2013-06-29T03:00:00+02:00,na,na,103,103,na,na,na
Eco Counter GmbH,Stadt Freiburg,751,Wiwilibrücke,100004595,YTH23035971,7.8407526,47.995213,(UTC+01:00) Europe/Paris DST,2013-06-29T04:00:00+02:00,na,na,70,70,na,na,na
Eco Counter GmbH,Stadt Freiburg,751,Wiwilibrücke,100004595,YTH23035971,7.8407526,47.995213,(UTC+01:00) Europe/Paris DST,2013-06-29T05:00:00+02:00,na,na,54,54,na,na,na
Eco Counter GmbH,Stadt Freiburg,751,Wiwilibrücke,100004595,YTH23035971,7.8407526,47.995213,(UTC+01:00) Europe/Paris DST,2013-06-29T06:00:00+02:00,na,na,38,38,na,na,na
Eco Counter GmbH,Stadt Freiburg,751,Wiwilibrücke,100004595,YTH23035971,7.8407526,47.995213,(UTC+01:00) Europe/Paris DST,2013-06-29T07:00:00+02:00,na,na,41,41,na,na,na
Eco Counter GmbH,Stadt Freiburg,751,Wiwilibrücke,100004595,YTH23035971,7.8407526,47.995213,(UTC+01:00) Europe/Paris DST,2013-06-29T08:00:00+02:00,na,na,109,109,na,na,na
Eco Counter GmbH,Stadt Freiburg,751,Wiwilibrücke,100004595,YTH23035971,7.8407526,47.995213,(UTC+01:00) Europe/Paris DST,2013-06-29T09:00:00+02:00,na,na,151,151,na,na,na
Eco Counter GmbH,Stadt Freiburg,751,Wiwilibrücke,100004595,YTH23035971,7.8407526,47.995213,(UTC+01:00) Europe/Paris DST,2013-06-29T10:00:00+02:00,na,na,175,175,na,na,na
Eco Counter GmbH,Stadt Freiburg,751,Wiwilibrücke,100004595,YTH23035971,7.8407526,47.995213,(UTC+01:00) Europe/Paris DST,2013-06-29T11:00:00+02:00,na,na,151,151,na,na,na
Eco Counter GmbH,Stadt Freiburg,751,Wiwilibrücke,100004595,YTH23035971,7.8407526,47.995213,(UTC+01:00) Europe/Paris DST,2013-06-29T12:00:00+02:00,na,na,238,238,na,na,na
Eco Counter GmbH,Stadt Freiburg,751,Wiwilibrücke,100004595,YTH23035971,7.8407526,47.995213,(UTC+01:00) Europe/Paris DST,2013-06-29T13:00:00+02:00,na,na,329,329,na,na,na
Eco Counter GmbH,Stadt Freiburg,751,Wiwilibrücke,100004595,YTH23035971,7.8407526,47.995213,(UTC+01:00) Europe/Paris DST,2013-06-29T14:00:00+02:00,na,na,318,318,na,na,na
Eco Counter GmbH,Stadt Freiburg,751,Wiwilibrücke,100004595,YTH23035971,7.8407526,47.995213,(UTC+01:00) Europe/Paris DST,2013-06-29T15:00:00+02:00,na,na,278,278,na,na,na
Eco Counter GmbH,Stadt Freiburg,751,Wiwilibrücke,100004595,YTH23035971,7.8407526,47.995213,(UTC+01:00) Europe/Paris DST,2013-06-29T16:00:00+02:00,na,na,299,299,na,na,na
Eco Counter GmbH,Stadt Freiburg,751,Wiwilibrücke,100004595,YTH23035971,7.8407526,47.995213,(UTC+01:00) Europe/Paris DST,2013-06-29T17:00:00+02:00,na,na,275,275,na,na,na
Eco Counter GmbH,Stadt Freiburg,751,Wiwilibrücke,100004595,YTH23035971,7.8407526,47.995213,(UTC+01:00) Europe/Paris DST,2013-06-29T18:00:00+02:00,na,na,340,340,na,na,na
Eco Counter GmbH,Stadt Freiburg,751,Wiwilibrücke,100004595,YTH23035971,7.8407526,47.995213,(UTC+01:00) Europe/Paris DST,2013-06-29T19:00:00+02:00,na,na,383,383,na,na,na
Eco Counter GmbH,Stadt Freiburg,751,Wiwilibrücke,100004595,YTH23035971,7.8407526,47.995213,(UTC+01:00) Europe/Paris DST,2013-06-29T20:00:00+02:00,na,na,353,353,na,na,na
Eco Counter GmbH,Stadt Freiburg,751,Wiwilibrücke,100004595,YTH23035971,7.8407526,47.995213,(UTC+01:00) Europe/Paris DST,2013-06-29T21:00:00+02:00,na,na,287,287,na,na,na
Eco Counter GmbH,Stadt Freiburg,751,Wiwilibrücke,100004595,YTH23035971,7.8407526,47.995213,(UTC+01:00) Europe/Paris DST,2013-06-29T22:00:00+02:00,na,na,237,237,na,na,na
Eco Counter GmbH,Stadt Freiburg,751,Wiwilibrücke,100004595,YTH23035971,7.8407526,47.995213,(UTC+01:00) Europe/Paris DST,2013-06-29T23:00:00+02:00,na,na,251,251,na,na,na
Eco Counter GmbH,Stadt Freiburg,751,Wiwilibrücke,100004595,YTH23035971,7.8407526,47.995213,(UTC+01:00) Europe/Paris DST,2013-06-30T00:00:00+02:00,na,na,265,265,na,na,na
Eco Counter GmbH,Stadt Freiburg,751,Wiwilibrücke,100004595,YTH23035971,7.8407526,47.995213,(UTC+01:00) Europe/Paris DST,2013-06-30T01:00:00+02:00,na,na,241,241,na,na,na
Eco Counter GmbH,Stadt Freiburg,751,Wiwilibrücke,100004595,YTH23035971,7.8407526,47.995213,(UTC+01:00) Europe/Paris DST,2013-06-30T02:00:00+02:00,na,na,142,142,na,na,na
Eco Counter GmbH,Stadt Freiburg,751,Wiwilibrücke,100004595,YTH23035971,7.8407526,47.995213,(UTC+01:00) Europe/Paris DST,2013-06-30T03:00:00+02:00,na,na,106,106,na,na,na
Eco Counter GmbH,Stadt Freiburg,751,Wiwilibrücke,100004595,YTH23035971,7.8407526,47.995213,(UTC+01:00) Europe/Paris DST,2013-06-30T04:00:00+02:00,na,na,84,84,na,na,na
Eco Counter GmbH,Stadt Freiburg,751,Wiwilibrücke,100004595,YTH23035971,7.8407526,47.995213,(UTC+01:00) Europe/Paris DST,2013-06-30T05:00:00+02:00,na,na,47,47,na,na,na
Eco Counter GmbH,Stadt Freiburg,751,Wiwilibrücke,100004595,YTH23035971,7.8407526,47.995213,(UTC+01:00) Europe/Paris DST,2013-06-30T06:00:00+02:00,na,na,35,35,na,na,na
Eco Counter GmbH,Stadt Freiburg,751,Wiwilibrücke,100004595,YTH23035971,7.8407526,47.995213,(UTC+01:00) Europe/Paris DST,2013-06-30T07:00:00+02:00,na,na,35,35,na,na,na
Eco Counter GmbH,Stadt Freiburg,751,Wiwilibrücke,100004595,YTH23035971,7.8407526,47.995213,(UTC+01:00) Europe/Paris DST,2013-06-30T08:00:00+02:00,na,na,60,60,na,na,na
Eco Counter GmbH,Stadt Freiburg,751,Wiwilibrücke,100004595,YTH23035971,7.8407526,47.995213,(UTC+01:00) Europe/Paris DST,2013-06-30T09:00:00+02:00,na,na,163,163,na,na,na
Eco Counter GmbH,Stadt Freiburg,751,Wiwilibrücke,100004595,YTH23035971,7.8407526,47.995213,(UTC+01:00) Europe/Paris DST,2013-06-30T10:00:00+02:00,na,na,143,143,na,na,na
Eco Counter GmbH,Stadt Freiburg,751,Wiwilibrücke,100004595,YTH23035971,7.8407526,47.995213,(UTC+01:00) Europe/Paris DST,2013-06-30T11:00:00+02:00,na,na,208,208,na,na,na
Eco Counter GmbH,Stadt Freiburg,751,Wiwilibrücke,100004595,YTH23035971,7.8407526,47.995213,(UTC+01:00) Europe/Paris DST,2013-06-30T12:00:00+02:00,na,na,250,250,na,na,na
Eco Counter GmbH,Stadt Freiburg,751,Wiwilibrücke,100004595,YTH23035971,7.8407526,47.995213,(UTC+01:00) Europe/Paris DST,2013-06-30T13:00:00+02:00,na,na,310,310,na,na,na
Eco Counter GmbH,Stadt Freiburg,751,Wiwilibrücke,100004595,YTH23035971,7.8407526,47.995213,(UTC+01:00) Europe/Paris DST,2013-06-30T14:00:00+02:00,na,na,287,287,na,na,na
Eco Counter GmbH,Stadt Freiburg,751,Wiwilibrücke,100004595,YTH23035971,7.8407526,47.995213,(UTC+01:00) Europe/Paris DST,2013-06-30T15:00:00+02:00,na,na,373,373,na,na,na
Eco Counter GmbH,Stadt Freiburg,751,Wiwilibrücke,100004595,YTH23035971,7.8407526,47.995213,(UTC+01:00) Europe/Paris DST,2013-06-30T16:00:00+02:00,na,na,347,347,na,na,na
Eco Counter GmbH,Stadt Freiburg,751,Wiwilibrücke,100004595,YTH23035971,7.8407526,47.995213,(UTC+01:00) Europe/Paris DST,2013-06-30T17:00:00+02:00,na,na,413,413,na,na,na
Eco Counter GmbH,Stadt Freiburg,751,Wiwilibrücke,100004595,YTH23035971,7.8407526,47.995213,(UTC+01:00) Europe/Paris DST,2013-06-30T18:00:00+02:00,na,na,389,389,na,na,na
Eco Counter GmbH,Stadt Freiburg,751,Wiwilibrücke,100004595,YTH23035971,7.8407526,47.995213,(UTC+01:00) Europe/Paris DST,2013-06-30T19:00:00+02:00,na,na,410,410,na,na,na
Eco Counter GmbH,Stadt Freiburg,751,Wiwilibrücke,100004595,YTH23035971,7.8407526,47.995213,(UTC+01:00) Europe/Paris DST,2013-06-30T20:00:00+02:00,na,na,295,295,na,na,na
Eco Counter GmbH,Stadt Freiburg,751,Wiwilibrücke,100004595,YTH23035971,7.8407526,47.995213,(UTC+01:00) Europe/Paris DST,2013-06-30T21:00:00+02:00,na,na,232,232,na,na,na
Eco Counter GmbH,Stadt Freiburg,751,Wiwilibrücke,100004595,YTH23035971,7.8407526,47.995213,(UTC+01:00) Europe/Paris DST,2013-06-30T22:00:00+02:00,na,na,231,231,na,na,na
Eco Counter GmbH,Landeshauptstadt Stuttgart,607,König-Karls-Brücke Barometer,100034882,YTH16019147,9.210372161982697,48.79912609299229,(UTC+01:00) Europe/Paris DST,2013-06-01T00:00:00+02:00,1,1,na,2,12.0,11.9,na
Eco Counter GmbH,Landeshauptstadt Stuttgart,607,König-Karls-Brücke Barometer,100034882,YTH16019147,9.210372161982697,48.79912609299229,(UTC+01:00) Europe/Paris DST,2013-06-01T01:00:00+02:00,2,1,na,3,11.0,9.9,na
Eco Counter GmbH,Landeshauptstadt Stuttgart,607,König-Karls-Brücke Barometer,100034882,YTH16019147,9.210372161982697,48.79912609299229,(UTC+01:00) Europe/Paris DST,2013-06-01T02:00:00+02:00,0,2,na,2,11.0,7.9,na
Eco Counter GmbH,Landeshauptstadt Stuttgart,607,König-Karls-Brücke Barometer,100034882,YTH16019147,9.210372161982697,48.79912609299229,(UTC+01:00) Europe/Paris DST,2013-06-01T03:00:00+02:00,2,1,na,3,11.0,5.9,na
Eco Counter GmbH,Landeshauptstadt Stuttgart,607,König-Karls-Brücke Barometer,100034882,YTH16019147,9.210372161982697,48.79912609299229,(UTC+01:00) Europe/Paris DST,2013-06-01T04:00:00+02:00,2,2,na,4,11.0,5.5,na
Eco Counter GmbH,Landeshauptstadt Stuttgart,607,König-Karls-Brücke Barometer,100034882,YTH16019147,9.210372161982697,48.79912609299229,(UTC+01:00) Europe/Paris DST,2013-06-01T05:00:00+02:00,5,2,na,7,11.0,5.1,na
Eco Counter GmbH,Landeshauptstadt Stuttgart,607,König-Karls-Brücke Barometer,100034882,YTH16019147,9.210372161982697,48.79912609299229,(UTC+01:00) Europe/Paris DST,2013-06-01T06:00:00+02:00,5,0,na,5,11.0,4.7,na
Eco Counter GmbH,Landeshauptstadt Stuttgart,607,König-Karls-Brücke Barometer,100034882,YTH16019147,9.210372161982697,48.79912609299229,(UTC+01:00) Europe/Paris DST,2013-06-01T07:00:00+02:00,1,7,na,8,11.0,5.4,na
Eco Counter GmbH,Landeshauptstadt Stuttgart,607,König-Karls-Brücke Barometer,100034882,YTH16019147,9.210372161982697,48.79912609299229,(UTC+01:00) Europe/Paris DST,2013-06-01T08:00:00+02:00,3,10,na,13,11.0,6.0,na
Eco Counter GmbH,Landeshauptstadt Stuttgart,607,König-Karls-Brücke Barometer,100034882,YTH16019147,9.210372161982697,48.79912609299229,(UTC+01:00) Europe/Paris DST,2013-06-01T09:00:00+02:00,7,11,na,18,12.0,6.7,na
Eco Counter GmbH,Landeshauptstadt Stuttgart,607,König-Karls-Brücke Barometer,100034882,YTH16019147,9.210372161982697,48.79912609299229,(UTC+01:00) Europe/Paris DST,2013-06-01T10:00:00+02:00,7,8,na,15,12.0,6.9,na
Eco Counter GmbH,Landeshauptstadt Stuttgart,607,König-Karls-Brücke Barometer,100034882,YTH16019147,9.210372161982697,48.79912609299229,(UTC+01:00) Europe/Paris DST,2013-06-01T11:00:00+02:00,5,6,na,11,13.0,7.1,na
Eco Counter GmbH,Landeshauptstadt Stuttgart,607,König-Karls-Brücke Barometer,100034882,YTH16019147,9.210372161982697,48.79912609299229,(UTC+01:00) Europe/Paris DST,2013-06-01T12:00:00+02:00,7,5,na,12,13.0,7.3,na
Eco Counter GmbH,Landeshauptstadt Stuttgart,607,König-Karls-Brücke Barometer,100034882,YTH16019147,9.210372161982697,48.79912609299229,(UTC+01:00) Europe/Paris DST,2013-06-01T13:00:00+02:00,14,21,na,35,13.0,6.4,na
Eco Counter GmbH,Landeshauptstadt Stuttgart,607,König-Karls-Brücke Barometer,100034882,YTH16019147,9.210372161982697,48.79912609299229,(UTC+01:00) Europe/Paris DST,2013-06-01T14:00:00+02:00,8,15,na,23,14.0,5.6,na
Eco Counter GmbH,Landeshauptstadt Stuttgart,607,König-Karls-Brücke Barometer,100034882,YTH16019147,9.210372161982697,48.79912609299229,(UTC+01:00) Europe/Paris DST,2013-06-01T15:00:00+02:00,17,23,na,40,14.0,4.7,na
Eco Counter GmbH,Landeshauptstadt Stuttgart,607,König-Karls-Brücke Barometer,100034882,YTH16019147,9.210372161982697,48.79912609299229,(UTC+01:00) Europe/Paris DST,2013-06-01T16:00:00+02:00,17,17,na,34,14.0,3.6,na
Eco Counter GmbH,Landeshauptstadt Stuttgart,607,König-Karls-Brücke Barometer,100034882,YTH16019147,9.210372161982697,48.79912609299229,(UTC+01:00) Europe/Paris DST,2013-06-01T17:00:00+02:00,16,22,na,38,13.0,2.6,na
Eco Counter GmbH,Landeshauptstadt Stuttgart,607,König-Karls-Brücke Barometer,100034882,YTH16019147,9.210372161982697,48.79912609299229,(UTC+01:00) Europe/Paris DST,2013-06-01T18:00:00+02:00,14,28,na,42,13.0,1.5,na
Eco Counter GmbH,Landeshauptstadt Stuttgart,607,König-Karls-Brücke Barometer,100034882,YTH16019147,9.210372161982697,48.79912609299229,(UTC+01:00) Europe/Paris DST,2013-06-01T19:00:00+02:00,9,11,na,20,13.0,1.1,na
Eco Counter GmbH,Landeshauptstadt Stuttgart,607,König-Karls-Brücke Barometer,100034882,YTH16019147,9.210372161982697,48.79912609299229,(UTC+01:00) Europe/Paris DST,2013-06-01T20:00:00+02:00,2,7,na,9,12.0,0.8,na
Eco Counter GmbH,Landeshauptstadt Stuttgart,607,König-Karls-Brücke Barometer,100034882,YTH16019147,9.210372161982697,48.79912609299229,(UTC+01:00) Europe/Paris DST,2013-06-01T21:00:00+02:00,5,5,na,10,12.0,0.4,na
Eco Counter GmbH,Landeshauptstadt Stuttgart,607,König-Karls-Brücke Barometer,100034882,YTH16019147,9.210372161982697,48.79912609299229,(UTC+01:00) Europe/Paris DST,2013-06-01T22:00:00+02:00,7,3,na,10,11.0,0.5,na
Eco Counter GmbH,Landeshauptstadt Stuttgart,607,König-Karls-Brücke Barometer,100034882,YTH16019147,9.210372161982697,48.79912609299229,(UTC+01:00) Europe/Paris DST,2013-06-01T23:00:00+02:00,0,3,na,3,10.0,0.6,na
Eco Counter GmbH,Landeshauptstadt Stuttgart,607,König-Karls-Brücke Barometer,100034882,YTH16019147,9.210372161982697,48.79912609299229,(UTC+01:00) Europe/Paris DST,2013-06-02T00:00:00+02:00,2,2,na,4,10.0,0.6,na
Eco Counter GmbH,Landeshauptstadt Stuttgart,607,König-Karls-Brücke Barometer,100034882,YTH16019147,9.210372161982697,48.79912609299229,(UTC+01:00) Europe/Paris DST,2013-06-02T01:00:00+02:00,1,1,na,2,9.0,0.6,na
Eco Counter GmbH,Landeshauptstadt Stuttgart,607,König-Karls-Brücke Barometer,100034882,YTH16019147,9.210372161982697,48.79912609299229,(UTC+01:00) Europe/Paris DST,2013-06-02T02:00:00+02:00,1,1,na,2,9.0,0.6,na
Eco Counter GmbH,Landeshauptstadt Stuttgart,607,König-Karls-Brücke Barometer,100034882,YTH16019147,9.210372161982697,48.79912609299229,(UTC+01:00) Europe/Paris DST,2013-06-02T03:00:00+02:00,1,4,na,5,9.0,0.5,na
Eco Counter GmbH,Landeshauptstadt Stuttgart,607,König-Karls-Brücke Barometer,100034882,YTH16019147,9.210372161982697,48.79912609299229,(UTC+01:00) Europe/Paris DST,2013-06-02T04:00:00+02:00,3,1,na,4,9.0,0.5,na
Eco Counter GmbH,Landeshauptstadt Stuttgart,607,König-Karls-Brücke Barometer,100034882,YTH16019147,9.210372161982697,48.79912609299229,(UTC+01:00) Europe/Paris DST,2013-06-02T05:00:00+02:00,2,4,na,6,9.0,0.4,na
Eco Counter GmbH,Landeshauptstadt Stuttgart,607,König-Karls-Brücke Barometer,100034882,YTH16019147,9.210372161982697,48.79912609299229,(UTC+01:00) Europe/Paris DST,2013-06-02T06:00:00+02:00,3,1,na,4,9.0,0.3,na
Eco Counter GmbH,Landeshauptstadt Stuttgart,607,König-Karls-Brücke Barometer,100034882,YTH16019147,9.210372161982697,48.79912609299229,(UTC+01:00) Europe/Paris DST,2013-06-02T07:00:00+02:00,2,13,na,15,9.0,0.3,na
Eco Counter GmbH,Landeshauptstadt Stuttgart,607,König-Karls-Brücke Barometer,100034882,YTH16019147,9.210372161982697,48.79912609299229,(UTC+01:00) Europe/Paris DST,2013-06-02T08:00:00+02:00,7,7,na,14,9.0,0.2,na
Eco Counter GmbH,Landeshauptstadt Stuttgart,607,König-Karls-Brücke Barometer,100034882,YTH16019147,9.210372161982697,48.79912609299229,(UTC+01:00) Europe/Paris DST,2013-06-02T09:00:00+02:00,17,34,na,51,9.0,0.2,na
Eco Counter GmbH,Landeshauptstadt Stuttgart,607,König-Karls-Brücke Barometer,100034882,YTH16019147,9.210372161982697,48.79912609299229,(UTC+01:00) Europe/Paris DST,2013-06-02T10:00:00+02:00,20,47,na,67,10.0,0.1,na
Eco Counter GmbH,Landeshauptstadt Stuttgart,607,König-Karls-Brücke Barometer,100034882,YTH16019147,9.210372161982697,48.79912609299229,(UTC+01:00) Europe/Paris DST,2013-06-02T11:00:00+02:00,33,58,na,91,12.0,0.1,na
Eco Counter GmbH,Landeshauptstadt Stuttgart,607,König-Karls-Brücke Barometer,100034882,YTH16019147,9.210372161982697,48.79912609299229,(UTC+01:00) Europe/Paris DST,2013-06-02T12:00:00+02:00,40,115,na,155,13.0,0.0,na
Eco Counter GmbH,Landeshauptstadt Stuttgart,607,König-Karls-Brücke Barometer,100034882,YTH16019147,9.210372161982697,48.79912609299229,(UTC+01:00) Europe/Paris DST,2013-06-02T13:00:00+02:00,68,107,na,175,14.0,0.0,na
Eco Counter GmbH,Landeshauptstadt Stuttgart,607,König-Karls-Brücke Barometer,100034882,YTH16019147,9.210372161982697,48.79912609299229,(UTC+01:00) Europe/Paris DST,2013-06-02T14:00:00+02:00,79,134,na,213,14.0,0.0,na
Eco Counter GmbH,Landeshauptstadt Stuttgart,607,König-Karls-Brücke Barometer,100034882,YTH16019147,9.210372161982697,48.79912609299229,(UTC+01:00) Europe/Paris DST,2013-06-02T15:00:00+02:00,94,157,na,251,15.0,0.0,na
Eco Counter GmbH,Landeshauptstadt Stuttgart,607,König-Karls-Brücke Barometer,100034882,YTH16019147,9.210372161982697,48.79912609299229,(UTC+01:00) Europe/Paris DST,2013-06-02T16:00:00+02:00,128,165,na,293,15.0,0.0,na
Eco Counter GmbH,Landeshauptstadt Stuttgart,607,König-Karls-Brücke Barometer,100034882,YTH16019147,9.210372161982697,48.79912609299229,(UTC+01:00) Europe/Paris DST,2013-06-02T17:00:00+02:00,138,148,na,286,14.0,0.0,na
Eco Counter GmbH,Landeshauptstadt Stuttgart,607,König-Karls-Brücke Barometer,100034882,YTH16019147,9.210372161982697,48.79912609299229,(UTC+01:00) Europe/Paris DST,2013-06-02T18:00:00+02:00,121,71,na,192,14.0,0.0,na
Eco Counter GmbH,Landeshauptstadt Stuttgart,607,König-Karls-Brücke Barometer,100034882,YTH16019147,9.210372161982697,48.79912609299229,(UTC+01:00) Europe/Paris DST,2013-06-02T19:00:00+02:00,52,72,na,124,13.0,0.0,na
Eco Counter GmbH,Landeshauptstadt Stuttgart,607,König-Karls-Brücke Barometer,100034882,YTH16019147,9.210372161982697,48.79912609299229,(UTC+01:00) Europe/Paris DST,2013-06-02T20:00:00+02:00,34,43,na,77,11.0,0.0,na
Eco Counter GmbH,Landeshauptstadt Stuttgart,607,König-Karls-Brücke Barometer,100034882,YTH16019147,9.210372161982697,48.79912609299229,(UTC+01:00) Europe/Paris DST,2013-06-02T21:00:00+02:00,21,22,na,43,10.0,0.0,na
Eco Counter GmbH,Landeshauptstadt Stuttgart,607,König-Karls-Brücke Barometer,100034882,YTH16019147,9.210372161982697,48.79912609299229,(UTC+01:00) Europe/Paris DST,2013-06-02T22:00:00+02:00,7,11,na,18,9.0,0.0,na
Eco Counter GmbH,Landeshauptstadt Stuttgart,607,König-Karls-Brücke Barometer,100034882,YTH16019147,9.210372161982697,48.79912609299229,(UTC+01:00) Europe/Paris DST,2013-06-02T23:00:00+02:00,7,13,na,20,8.0,0.0,na
Eco Counter GmbH,Landeshauptstadt Stuttgart,607,König-Karls-Brücke Barometer,100034882,YTH16019147,9.210372161982697,48.79912609299229,(UTC+01:00) Europe/Paris DST,2013-06-03T00:00:00+02:00,0,0,na,0,7.0,0.0,na
Eco Counter GmbH,Landeshauptstadt Stuttgart,607,König-Karls-Brücke Barometer,100034882,YTH16019147,9.210372161982697,48.79912609299229,(UTC+01:00) Europe/Paris DST,2013-06-03T01:00:00+02:00,4,2,na,6,7.0,0.0,na
Eco Counter GmbH,Landeshauptstadt Stuttgart,607,König-Karls-Brücke Barometer,100034882,YTH16019147,9.210372161982697,48.79912609299229,(UTC+01:00) Europe/Paris DST,2013-06-03T02:00:00+02:00,0,2,na,2,6.0,0.0,na
Eco Counter GmbH,Landeshauptstadt Stuttgart,607,König-Karls-Brücke Barometer,100034882,YTH16019147,9.210372161982697,48.79912609299229,(UTC+01:00) Europe/Paris DST,2013-06-03T03:00:00+02:00,1,0,na,1,5.0,0.1,na
Eco Counter GmbH,Landeshauptstadt Stuttgart,607,König-Karls-Brücke Barometer,100034882,YTH16019147,9.210372161982697,48.79912609299229,(UTC+01:00) Europe/Paris DST,2013-06-03T04:00:00+02:00,2,1,na,3,5.0,0.1,na
Eco Counter GmbH,Landeshauptstadt Stuttgart,607,König-Karls-Brücke Barometer,100034882,YTH16019147,9.210372161982697,48.79912609299229,(UTC+01:00) Europe/Paris DST,2013-06-03T05:00:00+02:00,16,19,na,35,5.0,0.1,na
Eco Counter GmbH,Landeshauptstadt Stuttgart,607,König-Karls-Brücke Barometer,100034882,YTH16019147,9.210372161982697,48.79912609299229,(UTC+01:00) Europe/Paris DST,2013-06-03T06:00:00+02:00,55,51,na,106,6.0,0.1,na
Eco Counter GmbH,Landeshauptstadt Stuttgart,607,König-Karls-Brücke Barometer,100034882,YTH16019147,9.210372161982697,48.79912609299229,(UTC+01:00) Europe/Paris DST,2013-06-03T07:00:00+02:00,118,127,na,245,6.0,0.1,na
Eco Counter GmbH,Landeshauptstadt Stuttgart,607,König-Karls-Brücke Barometer,100034882,YTH16019147,9.210372161982697,48.79912609299229,(UTC+01:00) Europe/Paris DST,2013-06-03T08:00:00+02:00,114,115,na,229,7.0,0.1,na
Eco Counter GmbH,Landeshauptstadt Stuttgart,607,König-Karls-Brücke Barometer,100034882,YTH16019147,9.210372161982697,48.79912609299229,(UTC+01:00) Europe/Paris DST,2013-06-03T09:00:00+02:00,63,61,na,124,8.0,0.1,na
Eco Counter GmbH,Landeshauptstadt Stuttgart,607,König-Karls-Brücke Barometer,100034882,YTH16019147,9.210372161982697,48.79912609299229,(UTC+01:00) Europe/Paris DST,2013-06-03T10:00:00+02:00,38,58,na,96,9.0,0.1,na
Eco Counter GmbH,Landeshauptstadt Stuttgart,607,König-Karls-Brücke Barometer,100034882,YTH16019147,9.210372161982697,48.79912609299229,(UTC+01:00) Europe/Paris DST,2013-06-03T11:00:00+02:00,42,37,na,79,10.0,0.1,na
Eco Counter GmbH,Landeshauptstadt Stuttgart,607,König-Karls-Brücke Barometer,100034882,YTH16019147,9.210372161982697,48.79912609299229,(UTC+01:00) Europe/Paris DST,2013-06-03T12:00:00+02:00,49,64,na,113,11.0,0.0,na
Eco Counter GmbH,Landeshauptstadt Stuttgart,607,König-Karls-Brücke Barometer,100034882,YTH16019147,9.210372161982697,48.79912609299229,(UTC+01:00) Europe/Paris DST,2013-06-03T13:00:00+02:00,15,34,na,49,12.0,0.0,na
Eco Counter GmbH,Landeshauptstadt Stuttgart,607,König-Karls-Brücke Barometer,100034882,YTH16019147,9.210372161982697,48.79912609299229,(UTC+01:00) Europe/Paris DST,2013-06-03T14:00:00+02:00,21,44,na,65,12.0,0.0,na
Eco Counter GmbH,Landeshauptstadt Stuttgart,607,König-Karls-Brücke Barometer,100034882,YTH16019147,9.210372161982697,48.79912609299229,(UTC+01:00) Europe/Paris DST,2013-06-03T15:00:00+02:00,47,72,na,119,13.0,0.0,na
Eco Counter GmbH,Landeshauptstadt Stuttgart,607,König-Karls-Brücke Barometer,100034882,YTH16019147,9.210372161982697,48.79912609299229,(UTC+01:00) Europe/Paris DST,2013-06-03T16:00:00+02:00,64,116,na,180,13.0,0.0,na
Eco Counter GmbH,Landeshauptstadt Stuttgart,607,König-Karls-Brücke Barometer,100034882,YTH16019147,9.210372161982697,48.79912609299229,(UTC+01:00) Europe/Paris DST,2013-06-03T17:00:00+02:00,90,131,na,221,12.0,0.0,na
Eco Counter GmbH,Landeshauptstadt Stuttgart,607,König-Karls-Brücke Barometer,100034882,YTH16019147,9.210372161982697,48.79912609299229,(UTC+01:00) Europe/Paris DST,2013-06-03T18:00:00+02:00,49,125,na,174,12.0,0.0,na
Eco Counter GmbH,Landeshauptstadt Stuttgart,607,König-Karls-Brücke Barometer,100034882,YTH16019147,9.210372161982697,48.79912609299229,(UTC+01:00) Europe/Paris DST,2013-06-03T19:00:00+02:00,48,102,na,150,11.0,0.0,na
Eco Counter GmbH,Landeshauptstadt Stuttgart,607,König-Karls-Brücke Barometer,100034882,YTH16019147,9.210372161982697,48.79912609299229,(UTC+01:00) Europe/Paris DST,2013-06-03T20:00:00+02:00,30,54,na,84,10.0,0.0,na
Eco Counter GmbH,Landeshauptstadt Stuttgart,607,König-Karls-Brücke Barometer,100034882,YTH16019147,9.210372161982697,48.79912609299229,(UTC+01:00) Europe/Paris DST,2013-06-03T21:00:00+02:00,14,28,na,42,9.0,0.0,na
Eco Counter GmbH,Landeshauptstadt Stuttgart,607,König-Karls-Brücke Barometer,100034882,YTH16019147,9.210372161982697,48.79912609299229,(UTC+01:00) Europe/Paris DST,2013-06-03T22:00:00+02:00,23,16,na,39,7.0,0.0,na
Eco Counter GmbH,Landeshauptstadt Stuttgart,607,König-Karls-Brücke Barometer,100034882,YTH16019147,9.210372161982697,48.79912609299229,(UTC+01:00) Europe/Paris DST,2013-06-03T23:00:00+02:00,15,4,na,19,6.0,0.0,na
Eco Counter GmbH,Landeshauptstadt Stuttgart,607,König-Karls-Brücke Barometer,100034882,YTH16019147,9.210372161982697,48.79912609299229,(UTC+01:00) Europe/Paris DST,2013-06-04T00:00:00+02:00,12,4,na,16,4.0,0.0,na
Eco Counter GmbH,Landeshauptstadt Stuttgart,607,König-Karls-Brücke Barometer,100034882,YTH16019147,9.210372161982697,48.79912609299229,(UTC+01:00) Europe/Paris DST,2013-06-04T01:00:00+02:00,4,1,na,5,3.0,0.0,na
Eco Counter GmbH,Landeshauptstadt Stuttgart,607,König-Karls-Brücke Barometer,100034882,YTH16019147,9.210372161982697,48.79912609299229,(UTC+01:00) Europe/Paris DST,2013-06-04T02:00:00+02:00,3,1,na,4,3.0,0.0,na
Eco Counter GmbH,Landeshauptstadt Stuttgart,607,König-Karls-Brücke Barometer,100034882,YTH16019147,9.210372161982697,48.79912609299229,(UTC+01:00) Europe/Paris DST,2013-06-04T03:00:00+02:00,2,2,na,4,2.0,0.0,na
Eco Counter GmbH,Landeshauptstadt Stuttgart,607,König-Karls-Brücke Barometer,100034882,YTH16019147,9.210372161982697,48.79912609299229,(UTC+01:00) Europe/Paris DST,2013-06-04T04:00:00+02:00,2,2,na,4,3.0,0.0,na
Eco Counter GmbH,Landeshauptstadt Stuttgart,607,König-Karls-Brücke Barometer,100034882,YTH16019147,9.210372161982697,48.79912609299229,(UTC+01:00) Europe/Paris DST,2013-06-04T05:00:00+02:00,19,22,na,41,5.0,0.0,na
Eco Counter GmbH,Landeshauptstadt Stuttgart,607,König-Karls-Brücke Barometer,100034882,YTH16019147,9.210372161982697,48.79912609299229,(UTC+01:00) Europe/Paris DST,2013-06-04T06:00:00+02:00,72,53,na,125,7.0,0.0,na
Eco Counter GmbH,Landeshauptstadt Stuttgart,607,König-Karls-Brücke Barometer,100034882,YTH16019147,9.210372161982697,48.79912609299229,(UTC+01:00) Europe/Paris DST,2013-06-04T07:00:00+02:00,131,145,na,276,9.0,0.0,na
Eco Counter GmbH,Landeshauptstadt Stuttgart,607,König-Karls-Brücke Barometer,100034882,YTH16019147,9.210372161982697,48.79912609299229,(UTC+01:00) Europe/Paris DST,2013-06-04T08:00:00+02:00,148,139,na,287,11.0,0.0,na
Eco Counter GmbH,Landeshauptstadt Stuttgart,607,König-Karls-Brücke Barometer,100034882,YTH16019147,9.210372161982697,48.79912609299229,(UTC+01:00) Europe/Paris DST,2013-06-04T09:00:00+02:00,72,88,na,160,13.0,0.0,na
Eco Counter GmbH,Landeshauptstadt Stuttgart,607,König-Karls-Brücke Barometer,100034882,YTH16019147,9.210372161982697,48.79912609299229,(UTC+01:00) Europe/Paris DST,2013-06-04T10:00:00+02:00,54,71,na,125,14.0,0.0,na
Eco Counter GmbH,Landeshauptstadt Stuttgart,607,König-Karls-Brücke Barometer,100034882,YTH16019147,9.210372161982697,48.79912609299229,(UTC+01:00) Europe/Paris DST,2013-06-04T11:00:00+02:00,57,62,na,119,15.0,0.0,na
Eco Counter GmbH,Landeshauptstadt Stuttgart,607,König-Karls-Brücke Barometer,100034882,YTH16019147,9.210372161982697,48.79912609299229,(UTC+01:00) Europe/Paris DST,2013-06-04T12:00:00+02:00,56,81,na,137,16.0,0.1,na
Eco Counter GmbH,Landeshauptstadt Stuttgart,607,König-Karls-Brücke Barometer,100034882,YTH16019147,9.210372161982697,48.79912609299229,(UTC+01:00) Europe/Paris DST,2013-06-04T13:00:00+02:00,57,84,na,141,17.0,0.1,na
Eco Counter GmbH,Landeshauptstadt Stuttgart,607,König-Karls-Brücke Barometer,100034882,YTH16019147,9.210372161982697,48.79912609299229,(UTC+01:00) Europe/Paris DST,2013-06-04T14:00:00+02:00,69,110,na,179,17.0,0.0,na
Eco Counter GmbH,Landeshauptstadt Stuttgart,607,König-Karls-Brücke Barometer,100034882,YTH16019147,9.210372161982697,48.79912609299229,(UTC+01:00) Europe/Paris DST,2013-06-04T15:00:00+02:00,90,106,na,196,18.0,0.0,na
Eco Counter GmbH,Landeshauptstadt Stuttgart,607,König-Karls-Brücke Barometer,100034882,YTH16019147,9.210372161982697,48.79912609299229,(UTC+01:00) Europe/Paris DST,2013-06-04T16:00:00+02:00,99,171,na,270,18.0,0.0,na
Eco Counter GmbH,Landeshauptstadt Stuttgart,607,König-Karls-Brücke Barometer,100034882,YTH16019147,9.210372161982697,48.79912609299229,(UTC+01:00) Europe/Paris DST,2013-06-04T17:00:00+02:00,152,229,na,381,17.0,0.0,na
Eco Counter GmbH,Landeshauptstadt Stuttgart,607,König-Karls-Brücke Barometer,100034882,YTH16019147,9.210372161982697,48.79912609299229,(UTC+01:00) Europe/Paris DST,2013-06-04T18:00:00+02:00,122,216,na,338,17.0,0.0,na
Eco Counter GmbH,Landeshauptstadt Stuttgart,607,König-Karls-Brücke Barometer,100034882,YTH16019147,9.210372161982697,48.79912609299229,(UTC+01:00) Europe/Paris DST,2013-06-04T19:00:00+02:00,110,176,na,286,15.0,0.0,na
Eco Counter GmbH,Landeshauptstadt Stuttgart,607,König-Karls-Brücke Barometer,100034882,YTH16019147,9.210372161982697,48.79912609299229,(UTC+01:00) Europe/Paris DST,2013-06-04T20:00:00+02:00,77,125,na,202,13.0,0.0,na
Eco Counter GmbH,Landeshauptstadt Stuttgart,607,König-Karls-Brücke Barometer,100034882,YTH16019147,9.210372161982697,48.79912609299229,(UTC+01:00) Europe/Paris DST,2013-06-04T21:00:00+02:00,67,81,na,148,11.0,0.0,na
Eco Counter GmbH,Landeshauptstadt Stuttgart,607,König-Karls-Brücke Barometer,100034882,YTH16019147,9.210372161982697,48.79912609299229,(UTC+01:00) Europe/Paris DST,2013-06-04T22:00:00+02:00,25,49,na,74,10.0,0.0,na
Eco Counter GmbH,Landeshauptstadt Stuttgart,607,König-Karls-Brücke Barometer,100034882,YTH16019147,9.210372161982697,48.79912609299229,(UTC+01:00) Europe/Paris DST,2013-06-04T23:00:00+02:00,11,14,na,25,9.0,0.0,na
Eco Counter GmbH,Landeshauptstadt Stuttgart,607,König-Karls-Brücke Barometer,100034882,YTH16019147,9.210372161982697,48.79912609299229,(UTC+01:00) Europe/Paris DST,2013-06-05T00:00:00+02:00,1,6,na,7,8.0,0.0,na
Eco Counter GmbH,Landeshauptstadt Stuttgart,607,König-Karls-Brücke Barometer,100034882,YTH16019147,9.210372161982697,48.79912609299229,(UTC+01:00) Europe/Paris DST,2013-06-05T01:00:00+02:00,0,3,na,3,7.0,0.0,na
Eco Counter GmbH,Landeshauptstadt Stuttgart,607,König-Karls-Brücke Barometer,100034882,YTH16019147,9.210372161982697,48.79912609299229,(UTC+01:00) Europe/Paris DST,2013-06-05T02:00:00+02:00,0,2,na,2,7.0,0.0,na
Eco Counter GmbH,Landeshauptstadt Stuttgart,607,König-Karls-Brücke Barometer,100034882,YTH16019147,9.210372161982697,48.79912609299229,(UTC+01:00) Europe/Paris DST,2013-06-05T03:00:00+02:00,2,4,na,6,6.0,0.0,na
Eco Counter GmbH,Landeshauptstadt Stuttgart,607,König-Karls-Brücke Barometer,100034882,YTH16019147,9.210372161982697,48.79912609299229,(UTC+01:00) Europe/Paris DST,2013-06-05T04:00:00+02:00,1,2,na,3,7.0,0.0,na
Eco Counter GmbH,Landeshauptstadt Stuttgart,607,König-Karls-Brücke Barometer,100034882,YTH16019147,9.210372161982697,48.79912609299229,(UTC+01:00) Europe/Paris DST,2013-06-05T05:00:00+02:00,20,23,na,43,8.0,0.0,na
Eco Counter GmbH,Landeshauptstadt Stuttgart,607,König-Karls-Brücke Barometer,100034882,YTH16019147,9.210372161982697,48.79912609299229,(UTC+01:00) Europe/Paris DST,2013-06-05T06:00:00+02:00,74,73,na,147,10.0,0.0,na
Eco Counter GmbH,Landeshauptstadt Stuttgart,607,König-Karls-Brücke Barometer,100034882,YTH16019147,9.210372161982697,48.79912609299229,(UTC+01:00) Europe/Paris DST,2013-06-05T07:00:00+02:00,154,146,na,300,12.0,0.0,na
Eco Counter GmbH,Landeshauptstadt Stuttgart,607,König-Karls-Brücke Barometer,100034882,YTH16019147,9.210372161982697,48.79912609299229,(UTC+01:00) Europe/Paris DST,2013-06-05T08:00:00+02:00,168,165,na,333,14.0,0.0,na
Eco Counter GmbH,Landeshauptstadt Stuttgart,607,König-Karls-Brücke Barometer,100034882,YTH16019147,9.210372161982697,48.79912609299229,(UTC+01:00) Europe/Paris DST,2013-06-05T09:00:00+02:00,98,89,na,187,16.0,0.0,na
Eco Counter GmbH,Landeshauptstadt Stuttgart,607,König-Karls-Brücke Barometer,100034882,YTH16019147,9.210372161982697,48.79912609299229,(UTC+01:00) Europe/Paris DST,2013-06-05T10:00:00+02:00,72,65,na,137,17.0,0.0,na
Eco Counter GmbH,Landeshauptstadt Stuttgart,607,König-Karls-Brücke Barometer,100034882,YTH16019147,9.210372161982697,48.79912609299229,(UTC+01:00) Europe/Paris DST,2013-06-05T11:00:00+02:00,71,92,na,163,18.0,0.0,na
Eco Counter GmbH,Landeshauptstadt Stuttgart,607,König-Karls-Brücke Barometer,100034882,YTH16019147,9.210372161982697,48.79912609299229,(UTC+01:00) Europe/Paris DST,2013-06-05T12:00:00+02:00,63,98,na,161,19.0,0.0,na
Eco Counter GmbH,Landeshauptstadt Stuttgart,607,König-Karls-Brücke Barometer,100034882,YTH16019147,9.210372161982697,48.79912609299229,(UTC+01:00) Europe/Paris DST,2013-06-05T13:00:00+02:00,69,89,na,158,20.0,0.0,na
Eco Counter GmbH,Landeshauptstadt Stuttgart,607,König-Karls-Brücke Barometer,100034882,YTH16019147,9.210372161982697,48.79912609299229,(UTC+01:00) Europe/Paris DST,2013-06-05T14:00:00+02:00,88,116,na,204,20.0,0.0,na
Eco Counter GmbH,Landeshauptstadt Stuttgart,607,König-Karls-Brücke Barometer,100034882,YTH16019147,9.210372161982697,48.79912609299229,(UTC+01:00) Europe/Paris DST,2013-06-05T15:00:00+02:00,84,140,na,224,20.0,0.0,na
Eco Counter GmbH,Landeshauptstadt Stuttgart,607,König-Karls-Brücke Barometer,100034882,YTH16019147,9.210372161982697,48.79912609299229,(UTC+01:00) Europe/Paris DST,2013-06-05T16:00:00+02:00,128,217,na,345,20.0,0.0,na
Eco Counter GmbH,Landeshauptstadt Stuttgart,607,König-Karls-Brücke Barometer,100034882,YTH16019147,9.210372161982697,48.79912609299229,(UTC+01:00) Europe/Paris DST,2013-06-05T17:00:00+02:00,185,283,na,468,20.0,0.0,na
Eco Counter GmbH,Landeshauptstadt Stuttgart,607,König-Karls-Brücke Barometer,100034882,YTH16019147,9.210372161982697,48.79912609299229,(UTC+01:00) Europe/Paris DST,2013-06-05T18:00:00+02:00,138,270,na,408,19.0,0.0,na
Eco Counter GmbH,Landeshauptstadt Stuttgart,607,König-Karls-Brücke Barometer,100034882,YTH16019147,9.210372161982697,48.79912609299229,(UTC+01:00) Europe/Paris DST,2013-06-05T19:00:00+02:00,136,206,na,342,18.0,0.0,na
Eco Counter GmbH,Landeshauptstadt Stuttgart,607,König-Karls-Brücke Barometer,100034882,YTH16019147,9.210372161982697,48.79912609299229,(UTC+01:00) Europe/Paris DST,2013-06-05T20:00:00+02:00,85,127,na,212,16.0,0.0,na
Eco Counter GmbH,Landeshauptstadt Stuttgart,607,König-Karls-Brücke Barometer,100034882,YTH16019147,9.210372161982697,48.79912609299229,(UTC+01:00) Europe/Paris DST,2013-06-05T21:00:00+02:00,49,72,na,121,14.0,0.0,na
Eco Counter GmbH,Landeshauptstadt Stuttgart,607,König-Karls-Brücke Barometer,100034882,YTH16019147,9.210372161982697,48.79912609299229,(UTC+01:00) Europe/Paris DST,2013-06-05T22:00:00+02:00,31,42,na,73,13.0,0.0,na
Eco Counter GmbH,Landeshauptstadt Stuttgart,607,König-Karls-Brücke Barometer,100034882,YTH16019147,9.210372161982697,48.79912609299229,(UTC+01:00) Europe/Paris DST,2013-06-05T23:00:00+02:00,21,22,na,43,12.0,0.0,na
Eco Counter GmbH,Landeshauptstadt Stuttgart,607,König-Karls-Brücke Barometer,100034882,YTH16019147,9.210372161982697,48.79912609299229,(UTC+01:00) Europe/Paris DST,2013-06-06T00:00:00+02:00,4,8,na,12,11.0,0.0,na
Eco Counter GmbH,Landeshauptstadt Stuttgart,607,König-Karls-Brücke Barometer,100034882,YTH16019147,9.210372161982697,48.79912609299229,(UTC+01:00) Europe/Paris DST,2013-06-06T01:00:00+02:00,0,3,na,3,10.0,0.0,na
Eco Counter GmbH,Landeshauptstadt Stuttgart,607,König-Karls-Brücke Barometer,100034882,YTH16019147,9.210372161982697,48.79912609299229,(UTC+01:00) Europe/Paris DST,2013-06-06T02:00:00+02:00,2,1,na,3,10.0,0.0,na
Eco Counter GmbH,Landeshauptstadt Stuttgart,607,König-Karls-Brücke Barometer,100034882,YTH16019147,9.210372161982697,48.79912609299229,(UTC+01:00) Europe/Paris DST,2013-06-06T03:00:00+02:00,2,2,na,4,9.0,0.0,na
Eco Counter GmbH,Landeshauptstadt Stuttgart,607,König-Karls-Brücke Barometer,100034882,YTH16019147,9.210372161982697,48.79912609299229,(UTC+01:00) Europe/Paris DST,2013-06-06T04:00:00+02:00,6,5,na,11,10.0,0.0,na
Eco Counter GmbH,Landeshauptstadt Stuttgart,607,König-Karls-Brücke Barometer,100034882,YTH16019147,9.210372161982697,48.79912609299229,(UTC+01:00) Europe/Paris DST,2013-06-06T05:00:00+02:00,18,24,na,42,11.0,0.0,na
Eco Counter GmbH,Landeshauptstadt Stuttgart,607,König-Karls-Brücke Barometer,100034882,YTH16019147,9.210372161982697,48.79912609299229,(UTC+01:00) Europe/Paris DST,2013-06-06T06:00:00+02:00,80,68,na,148,12.0,0.0,na
Eco Counter GmbH,Landeshauptstadt Stuttgart,607,König-Karls-Brücke Barometer,100034882,YTH16019147,9.210372161982697,48.79912609299229,(UTC+01:00) Europe/Paris DST,2013-06-06T07:00:00+02:00,174,167,na,341,14.0,0.0,na
Eco Counter GmbH,Landeshauptstadt Stuttgart,607,König-Karls-Brücke Barometer,100034882,YTH16019147,9.210372161982697,48.79912609299229,(UTC+01:00) Europe/Paris DST,2013-06-06T08:00:00+02:00,176,141,na,317,16.0,0.0,na
Eco Counter GmbH,Landeshauptstadt Stuttgart,607,König-Karls-Brücke Barometer,100034882,YTH16019147,9.210372161982697,48.79912609299229,(UTC+01:00) Europe/Paris DST,2013-06-06T09:00:00+02:00,81,85,na,166,17.0,0.0,na
Eco Counter GmbH,Landeshauptstadt Stuttgart,607,König-Karls-Brücke Barometer,100034882,YTH16019147,9.210372161982697,48.79912609299229,(UTC+01:00) Europe/Paris DST,2013-06-06T10:00:00+02:00,57,80,na,137,19.0,0.0,na
Eco Counter GmbH,Landeshauptstadt Stuttgart,607,König-Karls-Brücke Barometer,100034882,YTH16019147,9.210372161982697,48.79912609299229,(UTC+01:00) Europe/Paris DST,2013-06-06T11:00:00+02:00,70,76,na,146,20.0,0.0,na
Eco Counter GmbH,Landeshauptstadt Stuttgart,607,König-Karls-Brücke Barometer,100034882,YTH16019147,9.210372161982697,48.79912609299229,(UTC+01:00) Europe/Paris DST,2013-06-06T12:00:00+02:00,60,104,na,164,21.0,0.0,na
Eco Counter GmbH,Landeshauptstadt Stuttgart,607,König-Karls-Brücke Barometer,100034882,YTH16019147,9.210372161982697,48.79912609299229,(UTC+01:00) Europe/Paris DST,2013-06-06T13:00:00+02:00,68,104,na,172,21.0,0.0,na
Eco Counter GmbH,Landeshauptstadt Stuttgart,607,König-Karls-Brücke Barometer,100034882,YTH16019147,9.210372161982697,48.79912609299229,(UTC+01:00) Europe/Paris DST,2013-06-06T14:00:00+02:00,100,92,na,192,22.0,0.0,na
Eco Counter GmbH,Landeshauptstadt Stuttgart,607,König-Karls-Brücke Barometer,100034882,YTH16019147,9.210372161982697,48.79912609299229,(UTC+01:00) Europe/Paris DST,2013-06-06T15:00:00+02:00,108,153,na,261,22.0,0.0,na
Eco Counter GmbH,Landeshauptstadt Stuttgart,607,König-Karls-Brücke Barometer,100034882,YTH16019147,9.210372161982697,48.79912609299229,(UTC+01:00) Europe/Paris DST,2013-06-06T16:00:00+02:00,126,202,na,328,22.0,0.0,na
Eco Counter GmbH,Landeshauptstadt Stuttgart,607,König-Karls-Brücke Barometer,100034882,YTH16019147,9.210372161982697,48.79912609299229,(UTC+01:00) Europe/Paris DST,2013-06-06T17:00:00+02:00,158,274,na,432,22.0,0.0,na
Eco Counter GmbH,Landeshauptstadt Stuttgart,607,König-Karls-Brücke Barometer,100034882,YTH16019147,9.210372161982697,48.79912609299229,(UTC+01:00) Europe/Paris DST,2013-06-06T18:00:00+02:00,131,271,na,402,22.0,0.0,na
Eco Counter GmbH,Landeshauptstadt Stuttgart,607,König-Karls-Brücke Barometer,100034882,YTH16019147,9.210372161982697,48.79912609299229,(UTC+01:00) Europe/Paris DST,2013-06-06T19:00:00+02:00,136,184,na,320,20.0,0.0,na
Eco Counter GmbH,Landeshauptstadt Stuttgart,607,König-Karls-Brücke Barometer,100034882,YTH16019147,9.210372161982697,48.79912609299229,(UTC+01:00) Europe/Paris DST,2013-06-06T20:00:00+02:00,94,152,na,246,18.0,0.0,na
Eco Counter GmbH,Landeshauptstadt Stuttgart,607,König-Karls-Brücke Barometer,100034882,YTH16019147,9.210372161982697,48.79912609299229,(UTC+01:00) Europe/Paris DST,2013-06-06T21:00:00+02:00,77,95,na,172,16.0,0.0,na
Eco Counter GmbH,Landeshauptstadt Stuttgart,607,König-Karls-Brücke Barometer,100034882,YTH16019147,9.210372161982697,48.79912609299229,(UTC+01:00) Europe/Paris DST,2013-06-06T22:00:00+02:00,48,52,na,100,14.0,0.0,na
Eco Counter GmbH,Landeshauptstadt Stuttgart,607,König-Karls-Brücke Barometer,100034882,YTH16019147,9.210372161982697,48.79912609299229,(UTC+01:00) Europe/Paris DST,2013-06-06T23:00:00+02:00,33,40,na,73,13.0,0.0,na
Eco Counter GmbH,Landeshauptstadt Stuttgart,607,König-Karls-Brücke Barometer,100034882,YTH16019147,9.210372161982697,48.79912609299229,(UTC+01:00) Europe/Paris DST,2013-06-07T00:00:00+02:00,9,12,na,21,11.0,0.0,na
Eco Counter GmbH,Landeshauptstadt Stuttgart,607,König-Karls-Brücke Barometer,100034882,YTH16019147,9.210372161982697,48.79912609299229,(UTC+01:00) Europe/Paris DST,2013-06-07T01:00:00+02:00,8,2,na,10,11.0,0.0,na
Eco Counter GmbH,Landeshauptstadt Stuttgart,607,König-Karls-Brücke Barometer,100034882,YTH16019147,9.210372161982697,48.79912609299229,(UTC+01:00) Europe/Paris DST,2013-06-07T02:00:00+02:00,1,5,na,6,10.0,0.0,na
Eco Counter GmbH,Landeshauptstadt Stuttgart,607,König-Karls-Brücke Barometer,100034882,YTH16019147,9.210372161982697,48.79912609299229,(UTC+01:00) Europe/Paris DST,2013-06-07T03:00:00+02:00,2,3,na,5,10.0,0.0,na
Eco Counter GmbH,Landeshauptstadt Stuttgart,607,König-Karls-Brücke Barometer,100034882,YTH16019147,9.210372161982697,48.79912609299229,(UTC+01:00) Europe/Paris DST,2013-06-07T04:00:00+02:00,4,3,na,7,11.0,0.0,na
Eco Counter GmbH,Landeshauptstadt Stuttgart,607,König-Karls-Brücke Barometer,100034882,YTH16019147,9.210372161982697,48.79912609299229,(UTC+01:00) Europe/Paris DST,2013-06-07T05:00:00+02:00,15,25,na,40,12.0,0.0,na
Eco Counter GmbH,Landeshauptstadt Stuttgart,607,König-Karls-Brücke Barometer,100034882,YTH16019147,9.210372161982697,48.79912609299229,(UTC+01:00) Europe/Paris DST,2013-06-07T06:00:00+02:00,49,57,na,106,13.0,0.0,na
Eco Counter GmbH,Landeshauptstadt Stuttgart,607,König-Karls-Brücke Barometer,100034882,YTH16019147,9.210372161982697,48.79912609299229,(UTC+01:00) Europe/Paris DST,2013-06-07T07:00:00+02:00,141,127,na,268,15.0,0.0,na
Eco Counter GmbH,Landeshauptstadt Stuttgart,607,König-Karls-Brücke Barometer,100034882,YTH16019147,9.210372161982697,48.79912609299229,(UTC+01:00) Europe/Paris DST,2013-06-07T08:00:00+02:00,132,143,na,275,17.0,0.0,na
Eco Counter GmbH,Landeshauptstadt Stuttgart,607,König-Karls-Brücke Barometer,100034882,YTH16019147,9.210372161982697,48.79912609299229,(UTC+01:00) Europe/Paris DST,2013-06-07T09:00:00+02:00,76,64,na,140,18.0,0.0,na
Eco Counter GmbH,Landeshauptstadt Stuttgart,607,König-Karls-Brücke Barometer,100034882,YTH16019147,9.210372161982697,48.79912609299229,(UTC+01:00) Europe/Paris DST,2013-06-07T10:00:00+02:00,59,65,na,124,19.0,0.1,na
Eco Counter GmbH,Landeshauptstadt Stuttgart,607,König-Karls-Brücke Barometer,100034882,YTH16019147,9.210372161982697,48.79912609299229,(UTC+01:00) Europe/Paris DST,2013-06-07T11:00:00+02:00,68,71,na,139,21.0,0.2,na
Eco Counter GmbH,Landeshauptstadt Stuttgart,607,König-Karls-Brücke Barometer,100034882,YTH16019147,9.210372161982697,48.79912609299229,(UTC+01:00) Europe/Paris DST,2013-06-07T12:00:00+02:00,52,97,na,149,22.0,0.3,na
Eco Counter GmbH,Landeshauptstadt Stuttgart,607,König-Karls-Brücke Barometer,100034882,YTH16019147,9.210372161982697,48.79912609299229,(UTC+01:00) Europe/Paris DST,2013-06-07T13:00:00+02:00,77,140,na,217,22.0,0.3,na
Eco Counter GmbH,Landeshauptstadt Stuttgart,607,König-Karls-Brücke Barometer,100034882,YTH16019147,9.210372161982697,48.79912609299229,(UTC+01:00) Europe/Paris DST,2013-06-07T14:00:00+02:00,93,142,na,235,22.0,0.4,na
Eco Counter GmbH,Landeshauptstadt Stuttgart,607,König-Karls-Brücke Barometer,100034882,YTH16019147,9.210372161982697,48.79912609299229,(UTC+01:00) Europe/Paris DST,2013-06-07T15:00:00+02:00,127,184,na,311,23.0,0.5,na
Eco Counter GmbH,Landeshauptstadt Stuttgart,607,König-Karls-Brücke Barometer,100034882,YTH16019147,9.210372161982697,48.79912609299229,(UTC+01:00) Europe/Paris DST,2013-06-07T16:00:00+02:00,121,213,na,334,22.0,0.6,na
Eco Counter GmbH,Landeshauptstadt Stuttgart,607,König-Karls-Brücke Barometer,100034882,YTH16019147,9.210372161982697,48.79912609299229,(UTC+01:00) Europe/Paris DST,2013-06-07T17:00:00+02:00,133,193,na,326,22.0,0.7,na
Eco Counter GmbH,Landeshauptstadt Stuttgart,607,König-Karls-Brücke Barometer,100034882,YTH16019147,9.210372161982697,48.79912609299229,(UTC+01:00) Europe/Paris DST,2013-06-07T18:00:00+02:00,136,187,na,323,21.0,0.8,na
Eco Counter GmbH,Landeshauptstadt Stuttgart,607,König-Karls-Brücke Barometer,100034882,YTH16019147,9.210372161982697,48.79912609299229,(UTC+01:00) Europe/Paris DST,2013-06-07T19:00:00+02:00,93,159,na,252,19.0,0.7,na
Eco Counter GmbH,Landeshauptstadt Stuttgart,607,König-Karls-Brücke Barometer,100034882,YTH16019147,9.210372161982697,48.79912609299229,(UTC+01:00) Europe/Paris DST,2013-06-07T20:00:00+02:00,50,106,na,156,17.0,0.5,na
Eco Counter GmbH,Landeshauptstadt Stuttgart,607,König-Karls-Brücke Barometer,100034882,YTH16019147,9.210372161982697,48.79912609299229,(UTC+01:00) Europe/Paris DST,2013-06-07T21:00:00+02:00,46,41,na,87,15.0,0.4,na
Eco Counter GmbH,Landeshauptstadt Stuttgart,607,König-Karls-Brücke Barometer,100034882,YTH16019147,9.210372161982697,48.79912609299229,(UTC+01:00) Europe/Paris DST,2013-06-07T22:00:00+02:00,41,52,na,93,14.0,0.3,na
Eco Counter GmbH,Landeshauptstadt Stuttgart,607,König-Karls-Brücke Barometer,100034882,YTH16019147,9.210372161982697,48.79912609299229,(UTC+01:00) Europe/Paris DST,2013-06-07T23:00:00+02:00,15,23,na,38,12.0,0.2,na
Eco Counter GmbH,Landeshauptstadt Stuttgart,607,König-Karls-Brücke Barometer,100034882,YTH16019147,9.210372161982697,48.79912609299229,(UTC+01:00) Europe/Paris DST,2013-06-08T00:00:00+02:00,11,24,na,35,11.0,0.1,na
Eco Counter GmbH,Landeshauptstadt Stuttgart,607,König-Karls-Brücke Barometer,100034882,YTH16019147,9.210372161982697,48.79912609299229,(UTC+01:00) Europe/Paris DST,2013-06-08T01:00:00+02:00,0,9,na,9,11.0,0.0,na
Eco Counter GmbH,Landeshauptstadt Stuttgart,607,König-Karls-Brücke Barometer,100034882,YTH16019147,9.210372161982697,48.79912609299229,(UTC+01:00) Europe/Paris DST,2013-06-08T02:00:00+02:00,3,11,na,14,10.0,0.0,na
Eco Counter GmbH,Landeshauptstadt Stuttgart,607,König-Karls-Brücke Barometer,100034882,YTH16019147,9.210372161982697,48.79912609299229,(UTC+01:00) Europe/Paris DST,2013-06-08T03:00:00+02:00,3,6,na,9,10.0,0.0,na
Eco Counter GmbH,Landeshauptstadt Stuttgart,607,König-Karls-Brücke Barometer,100034882,YTH16019147,9.210372161982697,48.79912609299229,(UTC+01:00) Europe/Paris DST,2013-06-08T04:00:00+02:00,5,6,na,11,11.0,0.0,na
Eco Counter GmbH,Landeshauptstadt Stuttgart,607,König-Karls-Brücke Barometer,100034882,YTH16019147,9.210372161982697,48.79912609299229,(UTC+01:00) Europe/Paris DST,2013-06-08T05:00:00+02:00,15,16,na,31,13.0,0.0,na
Eco Counter GmbH,Landeshauptstadt Stuttgart,607,König-Karls-Brücke Barometer,100034882,YTH16019147,9.210372161982697,48.79912609299229,(UTC+01:00) Europe/Paris DST,2013-06-08T06:00:00+02:00,10,9,na,19,14.0,0.0,na
Eco Counter GmbH,Landeshauptstadt Stuttgart,607,König-Karls-Brücke Barometer,100034882,YTH16019147,9.210372161982697,48.79912609299229,(UTC+01:00) Europe/Paris DST,2013-06-08T07:00:00+02:00,26,18,na,44,16.0,0.0,na
Eco Counter GmbH,Landeshauptstadt Stuttgart,607,König-Karls-Brücke Barometer,100034882,YTH16019147,9.210372161982697,48.79912609299229,(UTC+01:00) Europe/Paris DST,2013-06-08T08:00:00+02:00,29,39,na,68,18.0,0.0,na
Eco Counter GmbH,Landeshauptstadt Stuttgart,607,König-Karls-Brücke Barometer,100034882,YTH16019147,9.210372161982697,48.79912609299229,(UTC+01:00) Europe/Paris DST,2013-06-08T09:00:00+02:00,52,80,na,132,20.0,0.1,na
Eco Counter GmbH,Landeshauptstadt Stuttgart,607,König-Karls-Brücke Barometer,100034882,YTH16019147,9.210372161982697,48.79912609299229,(UTC+01:00) Europe/Paris DST,2013-06-08T10:00:00+02:00,76,127,na,203,21.0,0.1,na
Eco Counter GmbH,Landeshauptstadt Stuttgart,607,König-Karls-Brücke Barometer,100034882,YTH16019147,9.210372161982697,48.79912609299229,(UTC+01:00) Europe/Paris DST,2013-06-08T11:00:00+02:00,96,193,na,289,22.0,0.2,na
Eco Counter GmbH,Landeshauptstadt Stuttgart,607,König-Karls-Brücke Barometer,100034882,YTH16019147,9.210372161982697,48.79912609299229,(UTC+01:00) Europe/Paris DST,2013-06-08T12:00:00+02:00,112,199,na,311,23.0,0.2,na
Eco Counter GmbH,Landeshauptstadt Stuttgart,607,König-Karls-Brücke Barometer,100034882,YTH16019147,9.210372161982697,48.79912609299229,(UTC+01:00) Europe/Paris DST,2013-06-08T13:00:00+02:00,99,161,na,260,23.0,0.3,na
Eco Counter GmbH,Landeshauptstadt Stuttgart,607,König-Karls-Brücke Barometer,100034882,YTH16019147,9.210372161982697,48.79912609299229,(UTC+01:00) Europe/Paris DST,2013-06-08T14:00:00+02:00,160,243,na,403,24.0,0.3,na
Eco Counter GmbH,Landeshauptstadt Stuttgart,607,König-Karls-Brücke Barometer,100034882,YTH16019147,9.210372161982697,48.79912609299229,(UTC+01:00) Europe/Paris DST,2013-06-08T15:00:00+02:00,144,211,na,355,24.0,0.3,na
Eco Counter GmbH,Landeshauptstadt Stuttgart,607,König-Karls-Brücke Barometer,100034882,YTH16019147,9.210372161982697,48.79912609299229,(UTC+01:00) Europe/Paris DST,2013-06-08T16:00:00+02:00,139,221,na,360,23.0,0.3,na
Eco Counter GmbH,Landeshauptstadt Stuttgart,607,König-Karls-Brücke Barometer,100034882,YTH16019147,9.210372161982697,48.79912609299229,(UTC+01:00) Europe/Paris DST,2013-06-08T17:00:00+02:00,135,178,na,313,22.0,0.3,na
Eco Counter GmbH,Landeshauptstadt Stuttgart,607,König-Karls-Brücke Barometer,100034882,YTH16019147,9.210372161982697,48.79912609299229,(UTC+01:00) Europe/Paris DST,2013-06-08T18:00:00+02:00,132,158,na,290,22.0,0.3,na
Eco Counter GmbH,Landeshauptstadt Stuttgart,607,König-Karls-Brücke Barometer,100034882,YTH16019147,9.210372161982697,48.79912609299229,(UTC+01:00) Europe/Paris DST,2013-06-08T19:00:00+02:00,106,114,na,220,20.0,0.4,na
Eco Counter GmbH,Landeshauptstadt Stuttgart,607,König-Karls-Brücke Barometer,100034882,YTH16019147,9.210372161982697,48.79912609299229,(UTC+01:00) Europe/Paris DST,2013-06-08T20:00:00+02:00,60,92,na,152,18.0,0.5,na
Eco Counter GmbH,Landeshauptstadt Stuttgart,607,König-Karls-Brücke Barometer,100034882,YTH16019147,9.210372161982697,48.79912609299229,(UTC+01:00) Europe/Paris DST,2013-06-08T21:00:00+02:00,52,64,na,116,17.0,0.6,na
Eco Counter GmbH,Landeshauptstadt Stuttgart,607,König-Karls-Brücke Barometer,100034882,YTH16019147,9.210372161982697,48.79912609299229,(UTC+01:00) Europe/Paris DST,2013-06-08T22:00:00+02:00,37,33,na,70,16.0,0.5,na
Eco Counter GmbH,Landeshauptstadt Stuttgart,607,König-Karls-Brücke Barometer,100034882,YTH16019147,9.210372161982697,48.79912609299229,(UTC+01:00) Europe/Paris DST,2013-06-08T23:00:00+02:00,23,25,na,48,15.0,0.3,na
Eco Counter GmbH,Landeshauptstadt Stuttgart,607,König-Karls-Brücke Barometer,100034882,YTH16019147,9.210372161982697,48.79912609299229,(UTC+01:00) Europe/Paris DST,2013-06-09T00:00:00+02:00,7,20,na,27,13.0,0.2,na
Eco Counter GmbH,Landeshauptstadt Stuttgart,607,König-Karls-Brücke Barometer,100034882,YTH16019147,9.210372161982697,48.79912609299229,(UTC+01:00) Europe/Paris DST,2013-06-09T01:00:00+02:00,8,13,na,21,13.0,0.2,na
Eco Counter GmbH,Landeshauptstadt Stuttgart,607,König-Karls-Brücke Barometer,100034882,YTH16019147,9.210372161982697,48.79912609299229,(UTC+01:00) Europe/Paris DST,2013-06-09T02:00:00+02:00,4,9,na,13,13.0,0.3,na
Eco Counter GmbH,Landeshauptstadt Stuttgart,607,König-Karls-Brücke Barometer,100034882,YTH16019147,9.210372161982697,48.79912609299229,(UTC+01:00) Europe/Paris DST,2013-06-09T03:00:00+02:00,3,3,na,6,12.0,0.3,na
Eco Counter GmbH,Landeshauptstadt Stuttgart,607,König-Karls-Brücke Barometer,100034882,YTH16019147,9.210372161982697,48.79912609299229,(UTC+01:00) Europe/Paris DST,2013-06-09T04:00:00+02:00,0,2,na,2,13.0,0.4,na
Eco Counter GmbH,Landeshauptstadt Stuttgart,607,König-Karls-Brücke Barometer,100034882,YTH16019147,9.210372161982697,48.79912609299229,(UTC+01:00) Europe/Paris DST,2013-06-09T05:00:00+02:00,7,4,na,11,13.0,0.6,na
Eco Counter GmbH,Landeshauptstadt Stuttgart,607,König-Karls-Brücke Barometer,100034882,YTH16019147,9.210372161982697,48.79912609299229,(UTC+01:00) Europe/Paris DST,2013-06-09T06:00:00+02:00,3,8,na,11,14.0,0.8,na
Eco Counter GmbH,Landeshauptstadt Stuttgart,607,König-Karls-Brücke Barometer,100034882,YTH16019147,9.210372161982697,48.79912609299229,(UTC+01:00) Europe/Paris DST,2013-06-09T07:00:00+02:00,1,7,na,8,15.0,0.7,na
Eco Counter GmbH,Landeshauptstadt Stuttgart,607,König-Karls-Brücke Barometer,100034882,YTH16019147,9.210372161982697,48.79912609299229,(UTC+01:00) Europe/Paris DST,2013-06-09T08:00:00+02:00,3,5,na,8,16.0,0.6,na
Eco Counter GmbH,Landeshauptstadt Stuttgart,607,König-Karls-Brücke Barometer,100034882,YTH16019147,9.210372161982697,48.79912609299229,(UTC+01:00) Europe/Paris DST,2013-06-09T09:00:00+02:00,11,18,na,29,18.0,0.5,na
Eco Counter GmbH,Landeshauptstadt Stuttgart,607,König-Karls-Brücke Barometer,100034882,YTH16019147,9.210372161982697,48.79912609299229,(UTC+01:00) Europe/Paris DST,2013-06-09T10:00:00+02:00,24,27,na,51,19.0,0.9,na
Eco Counter GmbH,Landeshauptstadt Stuttgart,607,König-Karls-Brücke Barometer,100034882,YTH16019147,9.210372161982697,48.79912609299229,(UTC+01:00) Europe/Paris DST,2013-06-09T11:00:00+02:00,27,59,na,86,19.0,1.4,na
Eco Counter GmbH,Landeshauptstadt Stuttgart,607,König-Karls-Brücke Barometer,100034882,YTH16019147,9.210372161982697,48.79912609299229,(UTC+01:00) Europe/Paris DST,2013-06-09T12:00:00+02:00,41,108,na,149,20.0,1.8,na
Eco Counter GmbH,Landeshauptstadt Stuttgart,607,König-Karls-Brücke Barometer,100034882,YTH16019147,9.210372161982697,48.79912609299229,(UTC+01:00) Europe/Paris DST,2013-06-09T13:00:00+02:00,81,106,na,187,20.0,1.9,na
Eco Counter GmbH,Landeshauptstadt Stuttgart,607,König-Karls-Brücke Barometer,100034882,YTH16019147,9.210372161982697,48.79912609299229,(UTC+01:00) Europe/Paris DST,2013-06-09T14:00:00+02:00,100,109,na,209,20.0,1.9,na
Eco Counter GmbH,Landeshauptstadt Stuttgart,607,König-Karls-Brücke Barometer,100034882,YTH16019147,9.210372161982697,48.79912609299229,(UTC+01:00) Europe/Paris DST,2013-06-09T15:00:00+02:00,103,170,na,273,20.0,2.0,na
Eco Counter GmbH,Landeshauptstadt Stuttgart,607,König-Karls-Brücke Barometer,100034882,YTH16019147,9.210372161982697,48.79912609299229,(UTC+01:00) Europe/Paris DST,2013-06-09T16:00:00+02:00,127,168,na,295,19.0,1.6,na
Eco Counter GmbH,Landeshauptstadt Stuttgart,607,König-Karls-Brücke Barometer,100034882,YTH16019147,9.210372161982697,48.79912609299229,(UTC+01:00) Europe/Paris DST,2013-06-09T17:00:00+02:00,112,151,na,263,19.0,1.1,na
Eco Counter GmbH,Landeshauptstadt Stuttgart,607,König-Karls-Brücke Barometer,100034882,YTH16019147,9.210372161982697,48.79912609299229,(UTC+01:00) Europe/Paris DST,2013-06-09T18:00:00+02:00,105,154,na,259,18.0,0.7,na
Eco Counter GmbH,Landeshauptstadt Stuttgart,607,König-Karls-Brücke Barometer,100034882,YTH16019147,9.210372161982697,48.79912609299229,(UTC+01:00) Europe/Paris DST,2013-06-09T19:00:00+02:00,91,88,na,179,17.0,0.5,na
Eco Counter GmbH,Landeshauptstadt Stuttgart,607,König-Karls-Brücke Barometer,100034882,YTH16019147,9.210372161982697,48.79912609299229,(UTC+01:00) Europe/Paris DST,2013-06-09T20:00:00+02:00,55,67,na,122,16.0,0.4,na
Eco Counter GmbH,Landeshauptstadt Stuttgart,607,König-Karls-Brücke Barometer,100034882,YTH16019147,9.210372161982697,48.79912609299229,(UTC+01:00) Europe/Paris DST,2013-06-09T21:00:00+02:00,25,43,na,68,15.0,0.2,na
Eco Counter GmbH,Landeshauptstadt Stuttgart,607,König-Karls-Brücke Barometer,100034882,YTH16019147,9.210372161982697,48.79912609299229,(UTC+01:00) Europe/Paris DST,2013-06-09T22:00:00+02:00,14,11,na,25,14.0,0.2,na
Eco Counter GmbH,Landeshauptstadt Stuttgart,607,König-Karls-Brücke Barometer,100034882,YTH16019147,9.210372161982697,48.79912609299229,(UTC+01:00) Europe/Paris DST,2013-06-09T23:00:00+02:00,5,11,na,16,13.0,0.2,na
Eco Counter GmbH,Landeshauptstadt Stuttgart,607,König-Karls-Brücke Barometer,100034882,YTH16019147,9.210372161982697,48.79912609299229,(UTC+01:00) Europe/Paris DST,2013-06-10T00:00:00+02:00,4,10,na,14,13.0,0.1,na
Eco Counter GmbH,Landeshauptstadt Stuttgart,607,König-Karls-Brücke Barometer,100034882,YTH16019147,9.210372161982697,48.79912609299229,(UTC+01:00) Europe/Paris DST,2013-06-10T01:00:00+02:00,0,0,na,0,12.0,0.2,na
Eco Counter GmbH,Landeshauptstadt Stuttgart,607,König-Karls-Brücke Barometer,100034882,YTH16019147,9.210372161982697,48.79912609299229,(UTC+01:00) Europe/Paris DST,2013-06-10T02:00:00+02:00,2,0,na,2,12.0,0.3,na
Eco Counter GmbH,Landeshauptstadt Stuttgart,607,König-Karls-Brücke Barometer,100034882,YTH16019147,9.210372161982697,48.79912609299229,(UTC+01:00) Europe/Paris DST,2013-06-10T03:00:00+02:00,1,2,na,3,12.0,0.4,na
Eco Counter GmbH,Landeshauptstadt Stuttgart,607,König-Karls-Brücke Barometer,100034882,YTH16019147,9.210372161982697,48.79912609299229,(UTC+01:00) Europe/Paris DST,2013-06-10T04:00:00+02:00,1,2,na,3,12.0,0.5,na
Eco Counter GmbH,Landeshauptstadt Stuttgart,607,König-Karls-Brücke Barometer,100034882,YTH16019147,9.210372161982697,48.79912609299229,(UTC+01:00) Europe/Paris DST,2013-06-10T05:00:00+02:00,10,15,na,25,12.0,0.5,na
Eco Counter GmbH,Landeshauptstadt Stuttgart,607,König-Karls-Brücke Barometer,100034882,YTH16019147,9.210372161982697,48.79912609299229,(UTC+01:00) Europe/Paris DST,2013-06-10T06:00:00+02:00,55,34,na,89,12.0,0.5,na
Eco Counter GmbH,Landeshauptstadt Stuttgart,607,König-Karls-Brücke Barometer,100034882,YTH16019147,9.210372161982697,48.79912609299229,(UTC+01:00) Europe/Paris DST,2013-06-10T07:00:00+02:00,109,94,na,203,13.0,0.5,na
Eco Counter GmbH,Landeshauptstadt Stuttgart,607,König-Karls-Brücke Barometer,100034882,YTH16019147,9.210372161982697,48.79912609299229,(UTC+01:00) Europe/Paris DST,2013-06-10T08:00:00+02:00,107,97,na,204,13.0,0.6,na
Eco Counter GmbH,Landeshauptstadt Stuttgart,607,König-Karls-Brücke Barometer,100034882,YTH16019147,9.210372161982697,48.79912609299229,(UTC+01:00) Europe/Paris DST,2013-06-10T09:00:00+02:00,32,47,na,79,14.0,0.6,na
Eco Counter GmbH,Landeshauptstadt Stuttgart,607,König-Karls-Brücke Barometer,100034882,YTH16019147,9.210372161982697,48.79912609299229,(UTC+01:00) Europe/Paris DST,2013-06-10T10:00:00+02:00,27,28,na,55,15.0,0.6,na
Eco Counter GmbH,Landeshauptstadt Stuttgart,607,König-Karls-Brücke Barometer,100034882,YTH16019147,9.210372161982697,48.79912609299229,(UTC+01:00) Europe/Paris DST,2013-06-10T11:00:00+02:00,25,28,na,53,15.0,0.6,na
Eco Counter GmbH,Landeshauptstadt Stuttgart,607,König-Karls-Brücke Barometer,100034882,YTH16019147,9.210372161982697,48.79912609299229,(UTC+01:00) Europe/Paris DST,2013-06-10T12:00:00+02:00,30,51,na,81,16.0,0.6,na
Eco Counter GmbH,Landeshauptstadt Stuttgart,607,König-Karls-Brücke Barometer,100034882,YTH16019147,9.210372161982697,48.79912609299229,(UTC+01:00) Europe/Paris DST,2013-06-10T13:00:00+02:00,29,34,na,63,16.0,0.7,na
Eco Counter GmbH,Landeshauptstadt Stuttgart,607,König-Karls-Brücke Barometer,100034882,YTH16019147,9.210372161982697,48.79912609299229,(UTC+01:00) Europe/Paris DST,2013-06-10T14:00:00+02:00,36,36,na,72,16.0,0.7,na
Eco Counter GmbH,Landeshauptstadt Stuttgart,607,König-Karls-Brücke Barometer,100034882,YTH16019147,9.210372161982697,48.79912609299229,(UTC+01:00) Europe/Paris DST,2013-06-10T15:00:00+02:00,29,48,na,77,17.0,0.8,na
Eco Counter GmbH,Landeshauptstadt Stuttgart,607,König-Karls-Brücke Barometer,100034882,YTH16019147,9.210372161982697,48.79912609299229,(UTC+01:00) Europe/Paris DST,2013-06-10T16:00:00+02:00,32,65,na,97,16.0,0.7,na
Eco Counter GmbH,Landeshauptstadt Stuttgart,607,König-Karls-Brücke Barometer,100034882,YTH16019147,9.210372161982697,48.79912609299229,(UTC+01:00) Europe/Paris DST,2013-06-10T17:00:00+02:00,76,105,na,181,16.0,0.6,na
Eco Counter GmbH,Landeshauptstadt Stuttgart,607,König-Karls-Brücke Barometer,100034882,YTH16019147,9.210372161982697,48.79912609299229,(UTC+01:00) Europe/Paris DST,2013-06-10T18:00:00+02:00,49,103,na,152,16.0,0.6,na
Eco Counter GmbH,Landeshauptstadt Stuttgart,607,König-Karls-Brücke Barometer,100034882,YTH16019147,9.210372161982697,48.79912609299229,(UTC+01:00) Europe/Paris DST,2013-06-10T19:00:00+02:00,32,68,na,100,15.0,0.4,na
Eco Counter GmbH,Landeshauptstadt Stuttgart,607,König-Karls-Brücke Barometer,100034882,YTH16019147,9.210372161982697,48.79912609299229,(UTC+01:00) Europe/Paris DST,2013-06-10T20:00:00+02:00,19,20,na,39,14.0,0.3,na
Eco Counter GmbH,Landeshauptstadt Stuttgart,607,König-Karls-Brücke Barometer,100034882,YTH16019147,9.210372161982697,48.79912609299229,(UTC+01:00) Europe/Paris DST,2013-06-10T21:00:00+02:00,14,22,na,36,13.0,0.1,na
Eco Counter GmbH,Landeshauptstadt Stuttgart,607,König-Karls-Brücke Barometer,100034882,YTH16019147,9.210372161982697,48.79912609299229,(UTC+01:00) Europe/Paris DST,2013-06-10T22:00:00+02:00,6,15,na,21,12.0,0.2,na
Eco Counter GmbH,Landeshauptstadt Stuttgart,607,König-Karls-Brücke Barometer,100034882,YTH16019147,9.210372161982697,48.79912609299229,(UTC+01:00) Europe/Paris DST,2013-06-10T23:00:00+02:00,8,10,na,18,11.0,0.3,na
Eco Counter GmbH,Landeshauptstadt Stuttgart,607,König-Karls-Brücke Barometer,100034882,YTH16019147,9.210372161982697,48.79912609299229,(UTC+01:00) Europe/Paris DST,2013-06-11T00:00:00+02:00,1,6,na,7,11.0,0.3,na
Eco Counter GmbH,Landeshauptstadt Stuttgart,607,König-Karls-Brücke Barometer,100034882,YTH16019147,9.210372161982697,48.79912609299229,(UTC+01:00) Europe/Paris DST,2013-06-11T01:00:00+02:00,2,0,na,2,10.0,0.3,na
Eco Counter GmbH,Landeshauptstadt Stuttgart,607,König-Karls-Brücke Barometer,100034882,YTH16019147,9.210372161982697,48.79912609299229,(UTC+01:00) Europe/Paris DST,2013-06-11T02:00:00+02:00,0,3,na,3,9.0,0.2,na
Eco Counter GmbH,Landeshauptstadt Stuttgart,607,König-Karls-Brücke Barometer,100034882,YTH16019147,9.210372161982697,48.79912609299229,(UTC+01:00) Europe/Paris DST,2013-06-11T03:00:00+02:00,2,0,na,2,8.0,0.2,na
Eco Counter GmbH,Landeshauptstadt Stuttgart,607,König-Karls-Brücke Barometer,100034882,YTH16019147,9.210372161982697,48.79912609299229,(UTC+01:00) Europe/Paris DST,2013-06-11T04:00:00+02:00,2,2,na,4,9.0,0.1,na
Eco Counter GmbH,Landeshauptstadt Stuttgart,607,König-Karls-Brücke Barometer,100034882,YTH16019147,9.210372161982697,48.79912609299229,(UTC+01:00) Europe/Paris DST,2013-06-11T05:00:00+02:00,17,24,na,41,10.0,0.1,na
Eco Counter GmbH,Landeshauptstadt Stuttgart,607,König-Karls-Brücke Barometer,100034882,YTH16019147,9.210372161982697,48.79912609299229,(UTC+01:00) Europe/Paris DST,2013-06-11T06:00:00+02:00,63,49,na,112,11.0,0.0,na
Eco Counter GmbH,Landeshauptstadt Stuttgart,607,König-Karls-Brücke Barometer,100034882,YTH16019147,9.210372161982697,48.79912609299229,(UTC+01:00) Europe/Paris DST,2013-06-11T07:00:00+02:00,104,126,na,230,13.0,0.1,na
Eco Counter GmbH,Landeshauptstadt Stuttgart,607,König-Karls-Brücke Barometer,100034882,YTH16019147,9.210372161982697,48.79912609299229,(UTC+01:00) Europe/Paris DST,2013-06-11T08:00:00+02:00,129,121,na,250,15.0,0.2,na
Eco Counter GmbH,Landeshauptstadt Stuttgart,607,König-Karls-Brücke Barometer,100034882,YTH16019147,9.210372161982697,48.79912609299229,(UTC+01:00) Europe/Paris DST,2013-06-11T09:00:00+02:00,59,67,na,126,17.0,0.3,na
Eco Counter GmbH,Landeshauptstadt Stuttgart,607,König-Karls-Brücke Barometer,100034882,YTH16019147,9.210372161982697,48.79912609299229,(UTC+01:00) Europe/Paris DST,2013-06-11T10:00:00+02:00,39,47,na,86,18.0,0.6,na
Eco Counter GmbH,Landeshauptstadt Stuttgart,607,König-Karls-Brücke Barometer,100034882,YTH16019147,9.210372161982697,48.79912609299229,(UTC+01:00) Europe/Paris DST,2013-06-11T11:00:00+02:00,36,48,na,84,19.0,0.8,na
Eco Counter GmbH,Landeshauptstadt Stuttgart,607,König-Karls-Brücke Barometer,100034882,YTH16019147,9.210372161982697,48.79912609299229,(UTC+01:00) Europe/Paris DST,2013-06-11T12:00:00+02:00,26,48,na,74,20.0,1.1,na
Eco Counter GmbH,Landeshauptstadt Stuttgart,607,König-Karls-Brücke Barometer,100034882,YTH16019147,9.210372161982697,48.79912609299229,(UTC+01:00) Europe/Paris DST,2013-06-11T13:00:00+02:00,33,57,na,90,21.0,1.1,na
Eco Counter GmbH,Landeshauptstadt Stuttgart,607,König-Karls-Brücke Barometer,100034882,YTH16019147,9.210372161982697,48.79912609299229,(UTC+01:00) Europe/Paris DST,2013-06-11T14:00:00+02:00,43,58,na,101,21.0,1.0,na
Eco Counter GmbH,Landeshauptstadt Stuttgart,607,König-Karls-Brücke Barometer,100034882,YTH16019147,9.210372161982697,48.79912609299229,(UTC+01:00) Europe/Paris DST,2013-06-11T15:00:00+02:00,53,94,na,147,21.0,1.0,na
Eco Counter GmbH,Landeshauptstadt Stuttgart,607,König-Karls-Brücke Barometer,100034882,YTH16019147,9.210372161982697,48.79912609299229,(UTC+01:00) Europe/Paris DST,2013-06-11T16:00:00+02:00,74,139,na,213,21.0,0.8,na
Eco Counter GmbH,Landeshauptstadt Stuttgart,607,König-Karls-Brücke Barometer,100034882,YTH16019147,9.210372161982697,48.79912609299229,(UTC+01:00) Europe/Paris DST,2013-06-11T17:00:00+02:00,95,176,na,271,20.0,0.7,na
Eco Counter GmbH,Landeshauptstadt Stuttgart,607,König-Karls-Brücke Barometer,100034882,YTH16019147,9.210372161982697,48.79912609299229,(UTC+01:00) Europe/Paris DST,2013-06-11T18:00:00+02:00,114,201,na,315,20.0,0.5,na
Eco Counter GmbH,Landeshauptstadt Stuttgart,607,König-Karls-Brücke Barometer,100034882,YTH16019147,9.210372161982697,48.79912609299229,(UTC+01:00) Europe/Paris DST,2013-06-11T19:00:00+02:00,104,149,na,253,18.0,0.5,na
Eco Counter GmbH,Landeshauptstadt Stuttgart,607,König-Karls-Brücke Barometer,100034882,YTH16019147,9.210372161982697,48.79912609299229,(UTC+01:00) Europe/Paris DST,2013-06-11T20:00:00+02:00,60,119,na,179,16.0,0.5,na
Eco Counter GmbH,Landeshauptstadt Stuttgart,607,König-Karls-Brücke Barometer,100034882,YTH16019147,9.210372161982697,48.79912609299229,(UTC+01:00) Europe/Paris DST,2013-06-11T21:00:00+02:00,55,49,na,104,14.0,0.5,na
Eco Counter GmbH,Landeshauptstadt Stuttgart,607,König-Karls-Brücke Barometer,100034882,YTH16019147,9.210372161982697,48.79912609299229,(UTC+01:00) Europe/Paris DST,2013-06-11T22:00:00+02:00,22,40,na,62,13.0,0.4,na
Eco Counter GmbH,Landeshauptstadt Stuttgart,607,König-Karls-Brücke Barometer,100034882,YTH16019147,9.210372161982697,48.79912609299229,(UTC+01:00) Europe/Paris DST,2013-06-11T23:00:00+02:00,13,29,na,42,11.0,0.3,na
Eco Counter GmbH,Landeshauptstadt Stuttgart,607,König-Karls-Brücke Barometer,100034882,YTH16019147,9.210372161982697,48.79912609299229,(UTC+01:00) Europe/Paris DST,2013-06-12T00:00:00+02:00,4,7,na,11,10.0,0.2,na
Eco Counter GmbH,Landeshauptstadt Stuttgart,607,König-Karls-Brücke Barometer,100034882,YTH16019147,9.210372161982697,48.79912609299229,(UTC+01:00) Europe/Paris DST,2013-06-12T01:00:00+02:00,2,1,na,3,9.0,0.1,na
Eco Counter GmbH,Landeshauptstadt Stuttgart,607,König-Karls-Brücke Barometer,100034882,YTH16019147,9.210372161982697,48.79912609299229,(UTC+01:00) Europe/Paris DST,2013-06-12T02:00:00+02:00,0,1,na,1,9.0,0.1,na
Eco Counter GmbH,Landeshauptstadt Stuttgart,607,König-Karls-Brücke Barometer,100034882,YTH16019147,9.210372161982697,48.79912609299229,(UTC+01:00) Europe/Paris DST,2013-06-12T03:00:00+02:00,1,1,na,2,9.0,0.0,na
Eco Counter GmbH,Landeshauptstadt Stuttgart,607,König-Karls-Brücke Barometer,100034882,YTH16019147,9.210372161982697,48.79912609299229,(UTC+01:00) Europe/Paris DST,2013-06-12T04:00:00+02:00,1,0,na,1,10.0,0.0,na
Eco Counter GmbH,Landeshauptstadt Stuttgart,607,König-Karls-Brücke Barometer,100034882,YTH16019147,9.210372161982697,48.79912609299229,(UTC+01:00) Europe/Paris DST,2013-06-12T05:00:00+02:00,11,31,na,42,11.0,0.0,na
Eco Counter GmbH,Landeshauptstadt Stuttgart,607,König-Karls-Brücke Barometer,100034882,YTH16019147,9.210372161982697,48.79912609299229,(UTC+01:00) Europe/Paris DST,2013-06-12T06:00:00+02:00,84,75,na,159,12.0,0.0,na
Eco Counter GmbH,Landeshauptstadt Stuttgart,607,König-Karls-Brücke Barometer,100034882,YTH16019147,9.210372161982697,48.79912609299229,(UTC+01:00) Europe/Paris DST,2013-06-12T07:00:00+02:00,161,146,na,307,14.0,0.0,na
Eco Counter GmbH,Landeshauptstadt Stuttgart,607,König-Karls-Brücke Barometer,100034882,YTH16019147,9.210372161982697,48.79912609299229,(UTC+01:00) Europe/Paris DST,2013-06-12T08:00:00+02:00,149,137,na,286,16.0,0.0,na
Eco Counter GmbH,Landeshauptstadt Stuttgart,607,König-Karls-Brücke Barometer,100034882,YTH16019147,9.210372161982697,48.79912609299229,(UTC+01:00) Europe/Paris DST,2013-06-12T09:00:00+02:00,96,80,na,176,18.0,0.0,na
Eco Counter GmbH,Landeshauptstadt Stuttgart,607,König-Karls-Brücke Barometer,100034882,YTH16019147,9.210372161982697,48.79912609299229,(UTC+01:00) Europe/Paris DST,2013-06-12T10:00:00+02:00,55,65,na,120,20.0,0.0,na
Eco Counter GmbH,Landeshauptstadt Stuttgart,607,König-Karls-Brücke Barometer,100034882,YTH16019147,9.210372161982697,48.79912609299229,(UTC+01:00) Europe/Paris DST,2013-06-12T11:00:00+02:00,58,72,na,130,21.0,0.0,na
Eco Counter GmbH,Landeshauptstadt Stuttgart,607,König-Karls-Brücke Barometer,100034882,YTH16019147,9.210372161982697,48.79912609299229,(UTC+01:00) Europe/Paris DST,2013-06-12T12:00:00+02:00,75,58,na,133,22.0,0.1,na
Eco Counter GmbH,Landeshauptstadt Stuttgart,607,König-Karls-Brücke Barometer,100034882,YTH16019147,9.210372161982697,48.79912609299229,(UTC+01:00) Europe/Paris DST,2013-06-12T13:00:00+02:00,51,75,na,126,23.0,0.1,na
Eco Counter GmbH,Landeshauptstadt Stuttgart,607,König-Karls-Brücke Barometer,100034882,YTH16019147,9.210372161982697,48.79912609299229,(UTC+01:00) Europe/Paris DST,2013-06-12T14:00:00+02:00,80,96,na,176,23.0,0.1,na
Eco Counter GmbH,Landeshauptstadt Stuttgart,607,König-Karls-Brücke Barometer,100034882,YTH16019147,9.210372161982697,48.79912609299229,(UTC+01:00) Europe/Paris DST,2013-06-12T15:00:00+02:00,97,136,na,233,23.0,0.1,na
Eco Counter GmbH,Landeshauptstadt Stuttgart,607,König-Karls-Brücke Barometer,100034882,YTH16019147,9.210372161982697,48.79912609299229,(UTC+01:00) Europe/Paris DST,2013-06-12T16:00:00+02:00,84,187,na,271,23.0,0.1,na
Eco Counter GmbH,Landeshauptstadt Stuttgart,607,König-Karls-Brücke Barometer,100034882,YTH16019147,9.210372161982697,48.79912609299229,(UTC+01:00) Europe/Paris DST,2013-06-12T17:00:00+02:00,122,262,na,384,23.0,0.1,na
Eco Counter GmbH,Landeshauptstadt Stuttgart,607,König-Karls-Brücke Barometer,100034882,YTH16019147,9.210372161982697,48.79912609299229,(UTC+01:00) Europe/Paris DST,2013-06-12T18:00:00+02:00,117,210,na,327,22.0,0.1,na
Eco Counter GmbH,Landeshauptstadt Stuttgart,607,König-Karls-Brücke Barometer,100034882,YTH16019147,9.210372161982697,48.79912609299229,(UTC+01:00) Europe/Paris DST,2013-06-12T19:00:00+02:00,113,151,na,264,20.0,0.1,na
Eco Counter GmbH,Landeshauptstadt Stuttgart,607,König-Karls-Brücke Barometer,100034882,YTH16019147,9.210372161982697,48.79912609299229,(UTC+01:00) Europe/Paris DST,2013-06-12T20:00:00+02:00,78,104,na,182,18.0,0.1,na
Eco Counter GmbH,Landeshauptstadt Stuttgart,607,König-Karls-Brücke Barometer,100034882,YTH16019147,9.210372161982697,48.79912609299229,(UTC+01:00) Europe/Paris DST,2013-06-12T21:00:00+02:00,40,65,na,105,15.0,0.0,na
Eco Counter GmbH,Landeshauptstadt Stuttgart,607,König-Karls-Brücke Barometer,100034882,YTH16019147,9.210372161982697,48.79912609299229,(UTC+01:00) Europe/Paris DST,2013-06-12T22:00:00+02:00,29,48,na,77,14.0,0.0,na
Eco Counter GmbH,Landeshauptstadt Stuttgart,607,König-Karls-Brücke Barometer,100034882,YTH16019147,9.210372161982697,48.79912609299229,(UTC+01:00) Europe/Paris DST,2013-06-12T23:00:00+02:00,24,23,na,47,14.0,0.0,na
Eco Counter GmbH,Landeshauptstadt Stuttgart,607,König-Karls-Brücke Barometer,100034882,YTH16019147,9.210372161982697,48.79912609299229,(UTC+01:00) Europe/Paris DST,2013-06-13T00:00:00+02:00,3,4,na,7,13.0,0.0,na
Eco Counter GmbH,Landeshauptstadt Stuttgart,607,König-Karls-Brücke Barometer,100034882,YTH16019147,9.210372161982697,48.79912609299229,(UTC+01:00) Europe/Paris DST,2013-06-13T01:00:00+02:00,1,4,na,5,13.0,0.0,na
Eco Counter GmbH,Landeshauptstadt Stuttgart,607,König-Karls-Brücke Barometer,100034882,YTH16019147,9.210372161982697,48.79912609299229,(UTC+01:00) Europe/Paris DST,2013-06-13T02:00:00+02:00,0,1,na,1,13.0,0.0,na
Eco Counter GmbH,Landeshauptstadt Stuttgart,607,König-Karls-Brücke Barometer,100034882,YTH16019147,9.210372161982697,48.79912609299229,(UTC+01:00) Europe/Paris DST,2013-06-13T03:00:00+02:00,3,4,na,7,13.0,0.0,na
Eco Counter GmbH,Landeshauptstadt Stuttgart,607,König-Karls-Brücke Barometer,100034882,YTH16019147,9.210372161982697,48.79912609299229,(UTC+01:00) Europe/Paris DST,2013-06-13T04:00:00+02:00,5,2,na,7,13.0,0.0,na
Eco Counter GmbH,Landeshauptstadt Stuttgart,607,König-Karls-Brücke Barometer,100034882,YTH16019147,9.210372161982697,48.79912609299229,(UTC+01:00) Europe/Paris DST,2013-06-13T05:00:00+02:00,23,33,na,56,14.0,0.0,na
Eco Counter GmbH,Landeshauptstadt Stuttgart,607,König-Karls-Brücke Barometer,100034882,YTH16019147,9.210372161982697,48.79912609299229,(UTC+01:00) Europe/Paris DST,2013-06-13T06:00:00+02:00,88,58,na,146,15.0,0.0,na
Eco Counter GmbH,Landeshauptstadt Stuttgart,607,König-Karls-Brücke Barometer,100034882,YTH16019147,9.210372161982697,48.79912609299229,(UTC+01:00) Europe/Paris DST,2013-06-13T07:00:00+02:00,155,157,na,312,17.0,0.0,na
Eco Counter GmbH,Landeshauptstadt Stuttgart,607,König-Karls-Brücke Barometer,100034882,YTH16019147,9.210372161982697,48.79912609299229,(UTC+01:00) Europe/Paris DST,2013-06-13T08:00:00+02:00,154,154,na,308,19.0,0.0,na
Eco Counter GmbH,Landeshauptstadt Stuttgart,607,König-Karls-Brücke Barometer,100034882,YTH16019147,9.210372161982697,48.79912609299229,(UTC+01:00) Europe/Paris DST,2013-06-13T09:00:00+02:00,99,97,na,196,21.0,0.0,na
Eco Counter GmbH,Landeshauptstadt Stuttgart,607,König-Karls-Brücke Barometer,100034882,YTH16019147,9.210372161982697,48.79912609299229,(UTC+01:00) Europe/Paris DST,2013-06-13T10:00:00+02:00,64,85,na,149,22.0,0.0,na
Eco Counter GmbH,Landeshauptstadt Stuttgart,607,König-Karls-Brücke Barometer,100034882,YTH16019147,9.210372161982697,48.79912609299229,(UTC+01:00) Europe/Paris DST,2013-06-13T11:00:00+02:00,74,81,na,155,24.0,0.0,na
Eco Counter GmbH,Landeshauptstadt Stuttgart,607,König-Karls-Brücke Barometer,100034882,YTH16019147,9.210372161982697,48.79912609299229,(UTC+01:00) Europe/Paris DST,2013-06-13T12:00:00+02:00,84,108,na,192,25.0,0.0,na
Eco Counter GmbH,Landeshauptstadt Stuttgart,607,König-Karls-Brücke Barometer,100034882,YTH16019147,9.210372161982697,48.79912609299229,(UTC+01:00) Europe/Paris DST,2013-06-13T13:00:00+02:00,74,127,na,201,26.0,0.0,na
Eco Counter GmbH,Landeshauptstadt Stuttgart,607,König-Karls-Brücke Barometer,100034882,YTH16019147,9.210372161982697,48.79912609299229,(UTC+01:00) Europe/Paris DST,2013-06-13T14:00:00+02:00,80,116,na,196,26.0,0.0,na
Eco Counter GmbH,Landeshauptstadt Stuttgart,607,König-Karls-Brücke Barometer,100034882,YTH16019147,9.210372161982697,48.79912609299229,(UTC+01:00) Europe/Paris DST,2013-06-13T15:00:00+02:00,101,153,na,254,27.0,0.0,na
Eco Counter GmbH,Landeshauptstadt Stuttgart,607,König-Karls-Brücke Barometer,100034882,YTH16019147,9.210372161982697,48.79912609299229,(UTC+01:00) Europe/Paris DST,2013-06-13T16:00:00+02:00,137,200,na,337,25.0,0.3,na
Eco Counter GmbH,Landeshauptstadt Stuttgart,607,König-Karls-Brücke Barometer,100034882,YTH16019147,9.210372161982697,48.79912609299229,(UTC+01:00) Europe/Paris DST,2013-06-13T17:00:00+02:00,144,255,na,399,24.0,0.5,na
Eco Counter GmbH,Landeshauptstadt Stuttgart,607,König-Karls-Brücke Barometer,100034882,YTH16019147,9.210372161982697,48.79912609299229,(UTC+01:00) Europe/Paris DST,2013-06-13T18:00:00+02:00,152,266,na,418,23.0,0.8,na
Eco Counter GmbH,Landeshauptstadt Stuttgart,607,König-Karls-Brücke Barometer,100034882,YTH16019147,9.210372161982697,48.79912609299229,(UTC+01:00) Europe/Paris DST,2013-06-13T19:00:00+02:00,132,216,na,348,20.0,1.0,na
Eco Counter GmbH,Landeshauptstadt Stuttgart,607,König-Karls-Brücke Barometer,100034882,YTH16019147,9.210372161982697,48.79912609299229,(UTC+01:00) Europe/Paris DST,2013-06-13T20:00:00+02:00,85,171,na,256,17.0,1.2,na
Eco Counter GmbH,Landeshauptstadt Stuttgart,607,König-Karls-Brücke Barometer,100034882,YTH16019147,9.210372161982697,48.79912609299229,(UTC+01:00) Europe/Paris DST,2013-06-13T21:00:00+02:00,90,103,na,193,14.0,1.3,na
Eco Counter GmbH,Landeshauptstadt Stuttgart,607,König-Karls-Brücke Barometer,100034882,YTH16019147,9.210372161982697,48.79912609299229,(UTC+01:00) Europe/Paris DST,2013-06-13T22:00:00+02:00,21,40,na,61,13.0,1.5,na
Eco Counter GmbH,Landeshauptstadt Stuttgart,607,König-Karls-Brücke Barometer,100034882,YTH16019147,9.210372161982697,48.79912609299229,(UTC+01:00) Europe/Paris DST,2013-06-13T23:00:00+02:00,17,13,na,30,11.0,1.6,na
Eco Counter GmbH,Landeshauptstadt Stuttgart,607,König-Karls-Brücke Barometer,100034882,YTH16019147,9.210372161982697,48.79912609299229,(UTC+01:00) Europe/Paris DST,2013-06-14T00:00:00+02:00,10,4,na,14,10.0,1.8,na
Eco Counter GmbH,Landeshauptstadt Stuttgart,607,König-Karls-Brücke Barometer,100034882,YTH16019147,9.210372161982697,48.79912609299229,(UTC+01:00) Europe/Paris DST,2013-06-14T01:00:00+02:00,2,3,na,5,10.0,1.5,na
Eco Counter GmbH,Landeshauptstadt Stuttgart,607,König-Karls-Brücke Barometer,100034882,YTH16019147,9.210372161982697,48.79912609299229,(UTC+01:00) Europe/Paris DST,2013-06-14T02:00:00+02:00,1,1,na,2,9.0,1.2,na
Eco Counter GmbH,Landeshauptstadt Stuttgart,607,König-Karls-Brücke Barometer,100034882,YTH16019147,9.210372161982697,48.79912609299229,(UTC+01:00) Europe/Paris DST,2013-06-14T03:00:00+02:00,4,2,na,6,9.0,0.9,na
Eco Counter GmbH,Landeshauptstadt Stuttgart,607,König-Karls-Brücke Barometer,100034882,YTH16019147,9.210372161982697,48.79912609299229,(UTC+01:00) Europe/Paris DST,2013-06-14T04:00:00+02:00,4,1,na,5,9.0,0.7,na
Eco Counter GmbH,Landeshauptstadt Stuttgart,607,König-Karls-Brücke Barometer,100034882,YTH16019147,9.210372161982697,48.79912609299229,(UTC+01:00) Europe/Paris DST,2013-06-14T05:00:00+02:00,13,24,na,37,10.0,0.4,na
Eco Counter GmbH,Landeshauptstadt Stuttgart,607,König-Karls-Brücke Barometer,100034882,YTH16019147,9.210372161982697,48.79912609299229,(UTC+01:00) Europe/Paris DST,2013-06-14T06:00:00+02:00,83,59,na,142,10.0,0.1,na
Eco Counter GmbH,Landeshauptstadt Stuttgart,607,König-Karls-Brücke Barometer,100034882,YTH16019147,9.210372161982697,48.79912609299229,(UTC+01:00) Europe/Paris DST,2013-06-14T07:00:00+02:00,125,116,na,241,11.0,0.1,na
Eco Counter GmbH,Landeshauptstadt Stuttgart,607,König-Karls-Brücke Barometer,100034882,YTH16019147,9.210372161982697,48.79912609299229,(UTC+01:00) Europe/Paris DST,2013-06-14T08:00:00+02:00,175,119,na,294,13.0,0.0,na
Eco Counter GmbH,Landeshauptstadt Stuttgart,607,König-Karls-Brücke Barometer,100034882,YTH16019147,9.210372161982697,48.79912609299229,(UTC+01:00) Europe/Paris DST,2013-06-14T09:00:00+02:00,67,71,na,138,14.0,0.0,na
Eco Counter GmbH,Landeshauptstadt Stuttgart,607,König-Karls-Brücke Barometer,100034882,YTH16019147,9.210372161982697,48.79912609299229,(UTC+01:00) Europe/Paris DST,2013-06-14T10:00:00+02:00,59,59,na,118,16.0,0.0,na
Eco Counter GmbH,Landeshauptstadt Stuttgart,607,König-Karls-Brücke Barometer,100034882,YTH16019147,9.210372161982697,48.79912609299229,(UTC+01:00) Europe/Paris DST,2013-06-14T11:00:00+02:00,49,59,na,108,17.0,0.0,na
Eco Counter GmbH,Landeshauptstadt Stuttgart,607,König-Karls-Brücke Barometer,100034882,YTH16019147,9.210372161982697,48.79912609299229,(UTC+01:00) Europe/Paris DST,2013-06-14T12:00:00+02:00,61,105,na,166,18.0,0.0,na
Eco Counter GmbH,Landeshauptstadt Stuttgart,607,König-Karls-Brücke Barometer,100034882,YTH16019147,9.210372161982697,48.79912609299229,(UTC+01:00) Europe/Paris DST,2013-06-14T13:00:00+02:00,47,99,na,146,19.0,0.0,na
Eco Counter GmbH,Landeshauptstadt Stuttgart,607,König-Karls-Brücke Barometer,100034882,YTH16019147,9.210372161982697,48.79912609299229,(UTC+01:00) Europe/Paris DST,2013-06-14T14:00:00+02:00,76,107,na,183,19.0,0.0,na
Eco Counter GmbH,Landeshauptstadt Stuttgart,607,König-Karls-Brücke Barometer,100034882,YTH16019147,9.210372161982697,48.79912609299229,(UTC+01:00) Europe/Paris DST,2013-06-14T15:00:00+02:00,95,134,na,229,19.0,0.0,na
Eco Counter GmbH,Landeshauptstadt Stuttgart,607,König-Karls-Brücke Barometer,100034882,YTH16019147,9.210372161982697,48.79912609299229,(UTC+01:00) Europe/Paris DST,2013-06-14T16:00:00+02:00,105,184,na,289,19.0,0.0,na
Eco Counter GmbH,Landeshauptstadt Stuttgart,607,König-Karls-Brücke Barometer,100034882,YTH16019147,9.210372161982697,48.79912609299229,(UTC+01:00) Europe/Paris DST,2013-06-14T17:00:00+02:00,101,217,na,318,18.0,0.0,na
Eco Counter GmbH,Landeshauptstadt Stuttgart,607,König-Karls-Brücke Barometer,100034882,YTH16019147,9.210372161982697,48.79912609299229,(UTC+01:00) Europe/Paris DST,2013-06-14T18:00:00+02:00,103,137,na,240,18.0,0.0,na
Eco Counter GmbH,Landeshauptstadt Stuttgart,607,König-Karls-Brücke Barometer,100034882,YTH16019147,9.210372161982697,48.79912609299229,(UTC+01:00) Europe/Paris DST,2013-06-14T19:00:00+02:00,77,103,na,180,16.0,0.0,na
Eco Counter GmbH,Landeshauptstadt Stuttgart,607,König-Karls-Brücke Barometer,100034882,YTH16019147,9.210372161982697,48.79912609299229,(UTC+01:00) Europe/Paris DST,2013-06-14T20:00:00+02:00,45,94,na,139,15.0,0.0,na
Eco Counter GmbH,Landeshauptstadt Stuttgart,607,König-Karls-Brücke Barometer,100034882,YTH16019147,9.210372161982697,48.79912609299229,(UTC+01:00) Europe/Paris DST,2013-06-14T21:00:00+02:00,37,36,na,73,14.0,0.0,na
Eco Counter GmbH,Landeshauptstadt Stuttgart,607,König-Karls-Brücke Barometer,100034882,YTH16019147,9.210372161982697,48.79912609299229,(UTC+01:00) Europe/Paris DST,2013-06-14T22:00:00+02:00,26,27,na,53,13.0,0.0,na
Eco Counter GmbH,Landeshauptstadt Stuttgart,607,König-Karls-Brücke Barometer,100034882,YTH16019147,9.210372161982697,48.79912609299229,(UTC+01:00) Europe/Paris DST,2013-06-14T23:00:00+02:00,16,22,na,38,12.0,0.0,na
Eco Counter GmbH,Landeshauptstadt Stuttgart,607,König-Karls-Brücke Barometer,100034882,YTH16019147,9.210372161982697,48.79912609299229,(UTC+01:00) Europe/Paris DST,2013-06-15T00:00:00+02:00,6,15,na,21,11.0,0.0,na
Eco Counter GmbH,Landeshauptstadt Stuttgart,607,König-Karls-Brücke Barometer,100034882,YTH16019147,9.210372161982697,48.79912609299229,(UTC+01:00) Europe/Paris DST,2013-06-15T01:00:00+02:00,3,7,na,10,11.0,0.0,na
Eco Counter GmbH,Landeshauptstadt Stuttgart,607,König-Karls-Brücke Barometer,100034882,YTH16019147,9.210372161982697,48.79912609299229,(UTC+01:00) Europe/Paris DST,2013-06-15T02:00:00+02:00,1,6,na,7,10.0,0.0,na
Eco Counter GmbH,Landeshauptstadt Stuttgart,607,König-Karls-Brücke Barometer,100034882,YTH16019147,9.210372161982697,48.79912609299229,(UTC+01:00) Europe/Paris DST,2013-06-15T03:00:00+02:00,0,10,na,10,10.0,0.0,na
Eco Counter GmbH,Landeshauptstadt Stuttgart,607,König-Karls-Brücke Barometer,100034882,YTH16019147,9.210372161982697,48.79912609299229,(UTC+01:00) Europe/Paris DST,2013-06-15T04:00:00+02:00,0,3,na,3,11.0,0.0,na
Eco Counter GmbH,Landeshauptstadt Stuttgart,607,König-Karls-Brücke Barometer,100034882,YTH16019147,9.210372161982697,48.79912609299229,(UTC+01:00) Europe/Paris DST,2013-06-15T05:00:00+02:00,11,12,na,23,12.0,0.0,na
Eco Counter GmbH,Landeshauptstadt Stuttgart,607,König-Karls-Brücke Barometer,100034882,YTH16019147,9.210372161982697,48.79912609299229,(UTC+01:00) Europe/Paris DST,2013-06-15T06:00:00+02:00,6,5,na,11,13.0,0.0,na
Eco Counter GmbH,Landeshauptstadt Stuttgart,607,König-Karls-Brücke Barometer,100034882,YTH16019147,9.210372161982697,48.79912609299229,(UTC+01:00) Europe/Paris DST,2013-06-15T07:00:00+02:00,17,24,na,41,15.0,0.0,na
Eco Counter GmbH,Landeshauptstadt Stuttgart,607,König-Karls-Brücke Barometer,100034882,YTH16019147,9.210372161982697,48.79912609299229,(UTC+01:00) Europe/Paris DST,2013-06-15T08:00:00+02:00,26,38,na,64,17.0,0.0,na
Eco Counter GmbH,Landeshauptstadt Stuttgart,607,König-Karls-Brücke Barometer,100034882,YTH16019147,9.210372161982697,48.79912609299229,(UTC+01:00) Europe/Paris DST,2013-06-15T09:00:00+02:00,62,72,na,134,20.0,0.1,na
Eco Counter GmbH,Landeshauptstadt Stuttgart,607,König-Karls-Brücke Barometer,100034882,YTH16019147,9.210372161982697,48.79912609299229,(UTC+01:00) Europe/Paris DST,2013-06-15T10:00:00+02:00,88,123,na,211,21.0,0.2,na
Eco Counter GmbH,Landeshauptstadt Stuttgart,607,König-Karls-Brücke Barometer,100034882,YTH16019147,9.210372161982697,48.79912609299229,(UTC+01:00) Europe/Paris DST,2013-06-15T11:00:00+02:00,107,125,na,232,22.0,0.3,na
Eco Counter GmbH,Landeshauptstadt Stuttgart,607,König-Karls-Brücke Barometer,100034882,YTH16019147,9.210372161982697,48.79912609299229,(UTC+01:00) Europe/Paris DST,2013-06-15T12:00:00+02:00,101,193,na,294,23.0,0.4,na
Eco Counter GmbH,Landeshauptstadt Stuttgart,607,König-Karls-Brücke Barometer,100034882,YTH16019147,9.210372161982697,48.79912609299229,(UTC+01:00) Europe/Paris DST,2013-06-15T13:00:00+02:00,99,134,na,233,23.0,0.4,na
Eco Counter GmbH,Landeshauptstadt Stuttgart,607,König-Karls-Brücke Barometer,100034882,YTH16019147,9.210372161982697,48.79912609299229,(UTC+01:00) Europe/Paris DST,2013-06-15T14:00:00+02:00,137,147,na,284,23.0,0.3,na
Eco Counter GmbH,Landeshauptstadt Stuttgart,607,König-Karls-Brücke Barometer,100034882,YTH16019147,9.210372161982697,48.79912609299229,(UTC+01:00) Europe/Paris DST,2013-06-15T15:00:00+02:00,121,172,na,293,23.0,0.3,na
Eco Counter GmbH,Landeshauptstadt Stuttgart,607,König-Karls-Brücke Barometer,100034882,YTH16019147,9.210372161982697,48.79912609299229,(UTC+01:00) Europe/Paris DST,2013-06-15T16:00:00+02:00,150,192,na,342,22.0,0.2,na
Eco Counter GmbH,Landeshauptstadt Stuttgart,607,König-Karls-Brücke Barometer,100034882,YTH16019147,9.210372161982697,48.79912609299229,(UTC+01:00) Europe/Paris DST,2013-06-15T17:00:00+02:00,134,130,na,264,22.0,0.2,na
Eco Counter GmbH,Landeshauptstadt Stuttgart,607,König-Karls-Brücke Barometer,100034882,YTH16019147,9.210372161982697,48.79912609299229,(UTC+01:00) Europe/Paris DST,2013-06-15T18:00:00+02:00,103,169,na,272,21.0,0.1,na
Eco Counter GmbH,Landeshauptstadt Stuttgart,607,König-Karls-Brücke Barometer,100034882,YTH16019147,9.210372161982697,48.79912609299229,(UTC+01:00) Europe/Paris DST,2013-06-15T19:00:00+02:00,82,143,na,225,19.0,0.1,na
Eco Counter GmbH,Landeshauptstadt Stuttgart,607,König-Karls-Brücke Barometer,100034882,YTH16019147,9.210372161982697,48.79912609299229,(UTC+01:00) Europe/Paris DST,2013-06-15T20:00:00+02:00,55,99,na,154,17.0,0.1,na
Eco Counter GmbH,Landeshauptstadt Stuttgart,607,König-Karls-Brücke Barometer,100034882,YTH16019147,9.210372161982697,48.79912609299229,(UTC+01:00) Europe/Paris DST,2013-06-15T21:00:00+02:00,39,81,na,120,16.0,0.0,na
Eco Counter GmbH,Landeshauptstadt Stuttgart,607,König-Karls-Brücke Barometer,100034882,YTH16019147,9.210372161982697,48.79912609299229,(UTC+01:00) Europe/Paris DST,2013-06-15T22:00:00+02:00,26,33,na,59,14.0,0.0,na
Eco Counter GmbH,Landeshauptstadt Stuttgart,607,König-Karls-Brücke Barometer,100034882,YTH16019147,9.210372161982697,48.79912609299229,(UTC+01:00) Europe/Paris DST,2013-06-15T23:00:00+02:00,19,21,na,40,13.0,0.0,na
Eco Counter GmbH,Landeshauptstadt Stuttgart,607,König-Karls-Brücke Barometer,100034882,YTH16019147,9.210372161982697,48.79912609299229,(UTC+01:00) Europe/Paris DST,2013-06-16T00:00:00+02:00,17,13,na,30,12.0,0.0,na
Eco Counter GmbH,Landeshauptstadt Stuttgart,607,König-Karls-Brücke Barometer,100034882,YTH16019147,9.210372161982697,48.79912609299229,(UTC+01:00) Europe/Paris DST,2013-06-16T01:00:00+02:00,10,13,na,23,11.0,0.0,na
Eco Counter GmbH,Landeshauptstadt Stuttgart,607,König-Karls-Brücke Barometer,100034882,YTH16019147,9.210372161982697,48.79912609299229,(UTC+01:00) Europe/Paris DST,2013-06-16T02:00:00+02:00,1,7,na,8,10.0,0.0,na
Eco Counter GmbH,Landeshauptstadt Stuttgart,607,König-Karls-Brücke Barometer,100034882,YTH16019147,9.210372161982697,48.79912609299229,(UTC+01:00) Europe/Paris DST,2013-06-16T03:00:00+02:00,1,6,na,7,8.0,0.0,na
Eco Counter GmbH,Landeshauptstadt Stuttgart,607,König-Karls-Brücke Barometer,100034882,YTH16019147,9.210372161982697,48.79912609299229,(UTC+01:00) Europe/Paris DST,2013-06-16T04:00:00+02:00,3,9,na,12,10.0,0.0,na
Eco Counter GmbH,Landeshauptstadt Stuttgart,607,König-Karls-Brücke Barometer,100034882,YTH16019147,9.210372161982697,48.79912609299229,(UTC+01:00) Europe/Paris DST,2013-06-16T05:00:00+02:00,3,9,na,12,11.0,0.0,na
Eco Counter GmbH,Landeshauptstadt Stuttgart,607,König-Karls-Brücke Barometer,100034882,YTH16019147,9.210372161982697,48.79912609299229,(UTC+01:00) Europe/Paris DST,2013-06-16T06:00:00+02:00,5,6,na,11,12.0,0.0,na
Eco Counter GmbH,Landeshauptstadt Stuttgart,607,König-Karls-Brücke Barometer,100034882,YTH16019147,9.210372161982697,48.79912609299229,(UTC+01:00) Europe/Paris DST,2013-06-16T07:00:00+02:00,8,18,na,26,14.0,0.0,na
Eco Counter GmbH,Landeshauptstadt Stuttgart,607,König-Karls-Brücke Barometer,100034882,YTH16019147,9.210372161982697,48.79912609299229,(UTC+01:00) Europe/Paris DST,2013-06-16T08:00:00+02:00,14,32,na,46,17.0,0.0,na
Eco Counter GmbH,Landeshauptstadt Stuttgart,607,König-Karls-Brücke Barometer,100034882,YTH16019147,9.210372161982697,48.79912609299229,(UTC+01:00) Europe/Paris DST,2013-06-16T09:00:00+02:00,55,108,na,163,19.0,0.0,na
Eco Counter GmbH,Landeshauptstadt Stuttgart,607,König-Karls-Brücke Barometer,100034882,YTH16019147,9.210372161982697,48.79912609299229,(UTC+01:00) Europe/Paris DST,2013-06-16T10:00:00+02:00,92,155,na,247,20.0,0.0,na
Eco Counter GmbH,Landeshauptstadt Stuttgart,607,König-Karls-Brücke Barometer,100034882,YTH16019147,9.210372161982697,48.79912609299229,(UTC+01:00) Europe/Paris DST,2013-06-16T11:00:00+02:00,137,217,na,354,22.0,0.0,na
Eco Counter GmbH,Landeshauptstadt Stuttgart,607,König-Karls-Brücke Barometer,100034882,YTH16019147,9.210372161982697,48.79912609299229,(UTC+01:00) Europe/Paris DST,2013-06-16T12:00:00+02:00,172,258,na,430,23.0,0.0,na
Eco Counter GmbH,Landeshauptstadt Stuttgart,607,König-Karls-Brücke Barometer,100034882,YTH16019147,9.210372161982697,48.79912609299229,(UTC+01:00) Europe/Paris DST,2013-06-16T13:00:00+02:00,165,263,na,428,24.0,0.0,na
Eco Counter GmbH,Landeshauptstadt Stuttgart,607,König-Karls-Brücke Barometer,100034882,YTH16019147,9.210372161982697,48.79912609299229,(UTC+01:00) Europe/Paris DST,2013-06-16T14:00:00+02:00,162,305,na,467,24.0,0.0,na
Eco Counter GmbH,Landeshauptstadt Stuttgart,607,König-Karls-Brücke Barometer,100034882,YTH16019147,9.210372161982697,48.79912609299229,(UTC+01:00) Europe/Paris DST,2013-06-16T15:00:00+02:00,230,324,na,554,25.0,0.0,na
Eco Counter GmbH,Landeshauptstadt Stuttgart,607,König-Karls-Brücke Barometer,100034882,YTH16019147,9.210372161982697,48.79912609299229,(UTC+01:00) Europe/Paris DST,2013-06-16T16:00:00+02:00,193,225,na,418,24.0,0.0,na
Eco Counter GmbH,Landeshauptstadt Stuttgart,607,König-Karls-Brücke Barometer,100034882,YTH16019147,9.210372161982697,48.79912609299229,(UTC+01:00) Europe/Paris DST,2013-06-16T17:00:00+02:00,180,232,na,412,24.0,0.0,na
Eco Counter GmbH,Landeshauptstadt Stuttgart,607,König-Karls-Brücke Barometer,100034882,YTH16019147,9.210372161982697,48.79912609299229,(UTC+01:00) Europe/Paris DST,2013-06-16T18:00:00+02:00,199,175,na,374,23.0,0.0,na
Eco Counter GmbH,Landeshauptstadt Stuttgart,607,König-Karls-Brücke Barometer,100034882,YTH16019147,9.210372161982697,48.79912609299229,(UTC+01:00) Europe/Paris DST,2013-06-16T19:00:00+02:00,146,162,na,308,21.0,0.0,na
Eco Counter GmbH,Landeshauptstadt Stuttgart,607,König-Karls-Brücke Barometer,100034882,YTH16019147,9.210372161982697,48.79912609299229,(UTC+01:00) Europe/Paris DST,2013-06-16T20:00:00+02:00,95,108,na,203,19.0,0.0,na
Eco Counter GmbH,Landeshauptstadt Stuttgart,607,König-Karls-Brücke Barometer,100034882,YTH16019147,9.210372161982697,48.79912609299229,(UTC+01:00) Europe/Paris DST,2013-06-16T21:00:00+02:00,51,60,na,111,17.0,0.0,na
Eco Counter GmbH,Landeshauptstadt Stuttgart,607,König-Karls-Brücke Barometer,100034882,YTH16019147,9.210372161982697,48.79912609299229,(UTC+01:00) Europe/Paris DST,2013-06-16T22:00:00+02:00,30,35,na,65,17.0,0.0,na
Eco Counter GmbH,Landeshauptstadt Stuttgart,607,König-Karls-Brücke Barometer,100034882,YTH16019147,9.210372161982697,48.79912609299229,(UTC+01:00) Europe/Paris DST,2013-06-16T23:00:00+02:00,19,22,na,41,16.0,0.0,na
Eco Counter GmbH,Landeshauptstadt Stuttgart,607,König-Karls-Brücke Barometer,100034882,YTH16019147,9.210372161982697,48.79912609299229,(UTC+01:00) Europe/Paris DST,2013-06-17T00:00:00+02:00,2,6,na,8,15.0,0.0,na
Eco Counter GmbH,Landeshauptstadt Stuttgart,607,König-Karls-Brücke Barometer,100034882,YTH16019147,9.210372161982697,48.79912609299229,(UTC+01:00) Europe/Paris DST,2013-06-17T01:00:00+02:00,2,3,na,5,15.0,0.0,na
Eco Counter GmbH,Landeshauptstadt Stuttgart,607,König-Karls-Brücke Barometer,100034882,YTH16019147,9.210372161982697,48.79912609299229,(UTC+01:00) Europe/Paris DST,2013-06-17T02:00:00+02:00,1,2,na,3,15.0,0.0,na
Eco Counter GmbH,Landeshauptstadt Stuttgart,607,König-Karls-Brücke Barometer,100034882,YTH16019147,9.210372161982697,48.79912609299229,(UTC+01:00) Europe/Paris DST,2013-06-17T03:00:00+02:00,1,1,na,2,15.0,0.0,na
Eco Counter GmbH,Landeshauptstadt Stuttgart,607,König-Karls-Brücke Barometer,100034882,YTH16019147,9.210372161982697,48.79912609299229,(UTC+01:00) Europe/Paris DST,2013-06-17T04:00:00+02:00,7,5,na,12,16.0,0.0,na
Eco Counter GmbH,Landeshauptstadt Stuttgart,607,König-Karls-Brücke Barometer,100034882,YTH16019147,9.210372161982697,48.79912609299229,(UTC+01:00) Europe/Paris DST,2013-06-17T05:00:00+02:00,22,36,na,58,17.0,0.0,na
Eco Counter GmbH,Landeshauptstadt Stuttgart,607,König-Karls-Brücke Barometer,100034882,YTH16019147,9.210372161982697,48.79912609299229,(UTC+01:00) Europe/Paris DST,2013-06-17T06:00:00+02:00,84,61,na,145,18.0,0.0,na
Eco Counter GmbH,Landeshauptstadt Stuttgart,607,König-Karls-Brücke Barometer,100034882,YTH16019147,9.210372161982697,48.79912609299229,(UTC+01:00) Europe/Paris DST,2013-06-17T07:00:00+02:00,180,187,na,367,20.0,0.0,na
Eco Counter GmbH,Landeshauptstadt Stuttgart,607,König-Karls-Brücke Barometer,100034882,YTH16019147,9.210372161982697,48.79912609299229,(UTC+01:00) Europe/Paris DST,2013-06-17T08:00:00+02:00,177,173,na,350,22.0,0.0,na
Eco Counter GmbH,Landeshauptstadt Stuttgart,607,König-Karls-Brücke Barometer,100034882,YTH16019147,9.210372161982697,48.79912609299229,(UTC+01:00) Europe/Paris DST,2013-06-17T09:00:00+02:00,91,92,na,183,24.0,0.0,na
Eco Counter GmbH,Landeshauptstadt Stuttgart,607,König-Karls-Brücke Barometer,100034882,YTH16019147,9.210372161982697,48.79912609299229,(UTC+01:00) Europe/Paris DST,2013-06-17T10:00:00+02:00,63,87,na,150,26.0,0.0,na
Eco Counter GmbH,Landeshauptstadt Stuttgart,607,König-Karls-Brücke Barometer,100034882,YTH16019147,9.210372161982697,48.79912609299229,(UTC+01:00) Europe/Paris DST,2013-06-17T11:00:00+02:00,69,72,na,141,27.0,0.0,na
Eco Counter GmbH,Landeshauptstadt Stuttgart,607,König-Karls-Brücke Barometer,100034882,YTH16019147,9.210372161982697,48.79912609299229,(UTC+01:00) Europe/Paris DST,2013-06-17T12:00:00+02:00,53,108,na,161,29.0,0.0,na
Eco Counter GmbH,Landeshauptstadt Stuttgart,607,König-Karls-Brücke Barometer,100034882,YTH16019147,9.210372161982697,48.79912609299229,(UTC+01:00) Europe/Paris DST,2013-06-17T13:00:00+02:00,57,97,na,154,29.0,0.0,na
Eco Counter GmbH,Landeshauptstadt Stuttgart,607,König-Karls-Brücke Barometer,100034882,YTH16019147,9.210372161982697,48.79912609299229,(UTC+01:00) Europe/Paris DST,2013-06-17T14:00:00+02:00,77,86,na,163,30.0,0.0,na
Eco Counter GmbH,Landeshauptstadt Stuttgart,607,König-Karls-Brücke Barometer,100034882,YTH16019147,9.210372161982697,48.79912609299229,(UTC+01:00) Europe/Paris DST,2013-06-17T15:00:00+02:00,102,128,na,230,30.0,0.0,na
Eco Counter GmbH,Landeshauptstadt Stuttgart,607,König-Karls-Brücke Barometer,100034882,YTH16019147,9.210372161982697,48.79912609299229,(UTC+01:00) Europe/Paris DST,2013-06-17T16:00:00+02:00,138,206,na,344,29.0,0.0,na
Eco Counter GmbH,Landeshauptstadt Stuttgart,607,König-Karls-Brücke Barometer,100034882,YTH16019147,9.210372161982697,48.79912609299229,(UTC+01:00) Europe/Paris DST,2013-06-17T17:00:00+02:00,184,251,na,435,29.0,0.1,na
Eco Counter GmbH,Landeshauptstadt Stuttgart,607,König-Karls-Brücke Barometer,100034882,YTH16019147,9.210372161982697,48.79912609299229,(UTC+01:00) Europe/Paris DST,2013-06-17T18:00:00+02:00,170,245,na,415,28.0,0.1,na
Eco Counter GmbH,Landeshauptstadt Stuttgart,607,König-Karls-Brücke Barometer,100034882,YTH16019147,9.210372161982697,48.79912609299229,(UTC+01:00) Europe/Paris DST,2013-06-17T19:00:00+02:00,110,197,na,307,26.0,0.1,na
Eco Counter GmbH,Landeshauptstadt Stuttgart,607,König-Karls-Brücke Barometer,100034882,YTH16019147,9.210372161982697,48.79912609299229,(UTC+01:00) Europe/Paris DST,2013-06-17T20:00:00+02:00,120,176,na,296,25.0,0.1,na
Eco Counter GmbH,Landeshauptstadt Stuttgart,607,König-Karls-Brücke Barometer,100034882,YTH16019147,9.210372161982697,48.79912609299229,(UTC+01:00) Europe/Paris DST,2013-06-17T21:00:00+02:00,82,104,na,186,23.0,0.1,na
Eco Counter GmbH,Landeshauptstadt Stuttgart,607,König-Karls-Brücke Barometer,100034882,YTH16019147,9.210372161982697,48.79912609299229,(UTC+01:00) Europe/Paris DST,2013-06-17T22:00:00+02:00,36,64,na,100,21.0,0.0,na
Eco Counter GmbH,Landeshauptstadt Stuttgart,607,König-Karls-Brücke Barometer,100034882,YTH16019147,9.210372161982697,48.79912609299229,(UTC+01:00) Europe/Paris DST,2013-06-17T23:00:00+02:00,22,35,na,57,20.0,0.0,na
Eco Counter GmbH,Landeshauptstadt Stuttgart,607,König-Karls-Brücke Barometer,100034882,YTH16019147,9.210372161982697,48.79912609299229,(UTC+01:00) Europe/Paris DST,2013-06-18T00:00:00+02:00,3,13,na,16,18.0,0.0,na
Eco Counter GmbH,Landeshauptstadt Stuttgart,607,König-Karls-Brücke Barometer,100034882,YTH16019147,9.210372161982697,48.79912609299229,(UTC+01:00) Europe/Paris DST,2013-06-18T01:00:00+02:00,3,10,na,13,18.0,0.0,na
Eco Counter GmbH,Landeshauptstadt Stuttgart,607,König-Karls-Brücke Barometer,100034882,YTH16019147,9.210372161982697,48.79912609299229,(UTC+01:00) Europe/Paris DST,2013-06-18T02:00:00+02:00,2,1,na,3,17.0,0.0,na
Eco Counter GmbH,Landeshauptstadt Stuttgart,607,König-Karls-Brücke Barometer,100034882,YTH16019147,9.210372161982697,48.79912609299229,(UTC+01:00) Europe/Paris DST,2013-06-18T03:00:00+02:00,2,1,na,3,17.0,0.0,na
Eco Counter GmbH,Landeshauptstadt Stuttgart,607,König-Karls-Brücke Barometer,100034882,YTH16019147,9.210372161982697,48.79912609299229,(UTC+01:00) Europe/Paris DST,2013-06-18T04:00:00+02:00,7,5,na,12,19.0,0.0,na
Eco Counter GmbH,Landeshauptstadt Stuttgart,607,König-Karls-Brücke Barometer,100034882,YTH16019147,9.210372161982697,48.79912609299229,(UTC+01:00) Europe/Paris DST,2013-06-18T05:00:00+02:00,19,40,na,59,20.0,0.0,na
Eco Counter GmbH,Landeshauptstadt Stuttgart,607,König-Karls-Brücke Barometer,100034882,YTH16019147,9.210372161982697,48.79912609299229,(UTC+01:00) Europe/Paris DST,2013-06-18T06:00:00+02:00,95,93,na,188,22.0,0.0,na
Eco Counter GmbH,Landeshauptstadt Stuttgart,607,König-Karls-Brücke Barometer,100034882,YTH16019147,9.210372161982697,48.79912609299229,(UTC+01:00) Europe/Paris DST,2013-06-18T07:00:00+02:00,191,203,na,394,24.0,0.0,na
Eco Counter GmbH,Landeshauptstadt Stuttgart,607,König-Karls-Brücke Barometer,100034882,YTH16019147,9.210372161982697,48.79912609299229,(UTC+01:00) Europe/Paris DST,2013-06-18T08:00:00+02:00,182,198,na,380,26.0,0.0,na
Eco Counter GmbH,Landeshauptstadt Stuttgart,607,König-Karls-Brücke Barometer,100034882,YTH16019147,9.210372161982697,48.79912609299229,(UTC+01:00) Europe/Paris DST,2013-06-18T09:00:00+02:00,106,122,na,228,28.0,0.0,na
Eco Counter GmbH,Landeshauptstadt Stuttgart,607,König-Karls-Brücke Barometer,100034882,YTH16019147,9.210372161982697,48.79912609299229,(UTC+01:00) Europe/Paris DST,2013-06-18T10:00:00+02:00,68,86,na,154,29.0,0.0,na
Eco Counter GmbH,Landeshauptstadt Stuttgart,607,König-Karls-Brücke Barometer,100034882,YTH16019147,9.210372161982697,48.79912609299229,(UTC+01:00) Europe/Paris DST,2013-06-18T11:00:00+02:00,56,91,na,147,30.0,0.0,na
Eco Counter GmbH,Landeshauptstadt Stuttgart,607,König-Karls-Brücke Barometer,100034882,YTH16019147,9.210372161982697,48.79912609299229,(UTC+01:00) Europe/Paris DST,2013-06-18T12:00:00+02:00,59,83,na,142,31.0,0.0,na
Eco Counter GmbH,Landeshauptstadt Stuttgart,607,König-Karls-Brücke Barometer,100034882,YTH16019147,9.210372161982697,48.79912609299229,(UTC+01:00) Europe/Paris DST,2013-06-18T13:00:00+02:00,52,100,na,152,31.0,0.0,na
Eco Counter GmbH,Landeshauptstadt Stuttgart,607,König-Karls-Brücke Barometer,100034882,YTH16019147,9.210372161982697,48.79912609299229,(UTC+01:00) Europe/Paris DST,2013-06-18T14:00:00+02:00,71,84,na,155,31.0,0.0,na
Eco Counter GmbH,Landeshauptstadt Stuttgart,607,König-Karls-Brücke Barometer,100034882,YTH16019147,9.210372161982697,48.79912609299229,(UTC+01:00) Europe/Paris DST,2013-06-18T15:00:00+02:00,108,150,na,258,31.0,0.0,na
Eco Counter GmbH,Landeshauptstadt Stuttgart,607,König-Karls-Brücke Barometer,100034882,YTH16019147,9.210372161982697,48.79912609299229,(UTC+01:00) Europe/Paris DST,2013-06-18T16:00:00+02:00,117,195,na,312,30.0,0.2,na
Eco Counter GmbH,Landeshauptstadt Stuttgart,607,König-Karls-Brücke Barometer,100034882,YTH16019147,9.210372161982697,48.79912609299229,(UTC+01:00) Europe/Paris DST,2013-06-18T17:00:00+02:00,166,245,na,411,30.0,0.3,na
Eco Counter GmbH,Landeshauptstadt Stuttgart,607,König-Karls-Brücke Barometer,100034882,YTH16019147,9.210372161982697,48.79912609299229,(UTC+01:00) Europe/Paris DST,2013-06-18T18:00:00+02:00,170,230,na,400,29.0,0.5,na
Eco Counter GmbH,Landeshauptstadt Stuttgart,607,König-Karls-Brücke Barometer,100034882,YTH16019147,9.210372161982697,48.79912609299229,(UTC+01:00) Europe/Paris DST,2013-06-18T19:00:00+02:00,124,173,na,297,27.0,0.4,na
Eco Counter GmbH,Landeshauptstadt Stuttgart,607,König-Karls-Brücke Barometer,100034882,YTH16019147,9.210372161982697,48.79912609299229,(UTC+01:00) Europe/Paris DST,2013-06-18T20:00:00+02:00,130,118,na,248,25.0,0.3,na
Eco Counter GmbH,Landeshauptstadt Stuttgart,607,König-Karls-Brücke Barometer,100034882,YTH16019147,9.210372161982697,48.79912609299229,(UTC+01:00) Europe/Paris DST,2013-06-18T21:00:00+02:00,81,87,na,168,24.0,0.2,na
Eco Counter GmbH,Landeshauptstadt Stuttgart,607,König-Karls-Brücke Barometer,100034882,YTH16019147,9.210372161982697,48.79912609299229,(UTC+01:00) Europe/Paris DST,2013-06-18T22:00:00+02:00,35,60,na,95,23.0,0.2,na
Eco Counter GmbH,Landeshauptstadt Stuttgart,607,König-Karls-Brücke Barometer,100034882,YTH16019147,9.210372161982697,48.79912609299229,(UTC+01:00) Europe/Paris DST,2013-06-18T23:00:00+02:00,31,41,na,72,22.0,0.1,na
Eco Counter GmbH,Landeshauptstadt Stuttgart,607,König-Karls-Brücke Barometer,100034882,YTH16019147,9.210372161982697,48.79912609299229,(UTC+01:00) Europe/Paris DST,2013-06-19T00:00:00+02:00,7,19,na,26,20.0,0.0,na
Eco Counter GmbH,Landeshauptstadt Stuttgart,607,König-Karls-Brücke Barometer,100034882,YTH16019147,9.210372161982697,48.79912609299229,(UTC+01:00) Europe/Paris DST,2013-06-19T01:00:00+02:00,1,11,na,12,20.0,0.0,na
Eco Counter GmbH,Landeshauptstadt Stuttgart,607,König-Karls-Brücke Barometer,100034882,YTH16019147,9.210372161982697,48.79912609299229,(UTC+01:00) Europe/Paris DST,2013-06-19T02:00:00+02:00,2,3,na,5,19.0,0.0,na
Eco Counter GmbH,Landeshauptstadt Stuttgart,607,König-Karls-Brücke Barometer,100034882,YTH16019147,9.210372161982697,48.79912609299229,(UTC+01:00) Europe/Paris DST,2013-06-19T03:00:00+02:00,2,2,na,4,18.0,0.0,na
Eco Counter GmbH,Landeshauptstadt Stuttgart,607,König-Karls-Brücke Barometer,100034882,YTH16019147,9.210372161982697,48.79912609299229,(UTC+01:00) Europe/Paris DST,2013-06-19T04:00:00+02:00,4,3,na,7,19.0,0.0,na
Eco Counter GmbH,Landeshauptstadt Stuttgart,607,König-Karls-Brücke Barometer,100034882,YTH16019147,9.210372161982697,48.79912609299229,(UTC+01:00) Europe/Paris DST,2013-06-19T05:00:00+02:00,21,35,na,56,19.0,0.0,na
Eco Counter GmbH,Landeshauptstadt Stuttgart,607,König-Karls-Brücke Barometer,100034882,YTH16019147,9.210372161982697,48.79912609299229,(UTC+01:00) Europe/Paris DST,2013-06-19T06:00:00+02:00,88,83,na,171,20.0,0.0,na
Eco Counter GmbH,Landeshauptstadt Stuttgart,607,König-Karls-Brücke Barometer,100034882,YTH16019147,9.210372161982697,48.79912609299229,(UTC+01:00) Europe/Paris DST,2013-06-19T07:00:00+02:00,164,163,na,327,22.0,0.0,na
Eco Counter GmbH,Landeshauptstadt Stuttgart,607,König-Karls-Brücke Barometer,100034882,YTH16019147,9.210372161982697,48.79912609299229,(UTC+01:00) Europe/Paris DST,2013-06-19T08:00:00+02:00,182,163,na,345,23.0,0.0,na
Eco Counter GmbH,Landeshauptstadt Stuttgart,607,König-Karls-Brücke Barometer,100034882,YTH16019147,9.210372161982697,48.79912609299229,(UTC+01:00) Europe/Paris DST,2013-06-19T09:00:00+02:00,113,106,na,219,25.0,0.0,na
Eco Counter GmbH,Landeshauptstadt Stuttgart,607,König-Karls-Brücke Barometer,100034882,YTH16019147,9.210372161982697,48.79912609299229,(UTC+01:00) Europe/Paris DST,2013-06-19T10:00:00+02:00,64,85,na,149,27.0,0.0,na
Eco Counter GmbH,Landeshauptstadt Stuttgart,607,König-Karls-Brücke Barometer,100034882,YTH16019147,9.210372161982697,48.79912609299229,(UTC+01:00) Europe/Paris DST,2013-06-19T11:00:00+02:00,63,59,na,122,28.0,0.0,na
Eco Counter GmbH,Landeshauptstadt Stuttgart,607,König-Karls-Brücke Barometer,100034882,YTH16019147,9.210372161982697,48.79912609299229,(UTC+01:00) Europe/Paris DST,2013-06-19T12:00:00+02:00,45,77,na,122,29.0,0.0,na
Eco Counter GmbH,Landeshauptstadt Stuttgart,607,König-Karls-Brücke Barometer,100034882,YTH16019147,9.210372161982697,48.79912609299229,(UTC+01:00) Europe/Paris DST,2013-06-19T13:00:00+02:00,40,84,na,124,30.0,0.0,na
Eco Counter GmbH,Landeshauptstadt Stuttgart,607,König-Karls-Brücke Barometer,100034882,YTH16019147,9.210372161982697,48.79912609299229,(UTC+01:00) Europe/Paris DST,2013-06-19T14:00:00+02:00,60,90,na,150,31.0,0.0,na
Eco Counter GmbH,Landeshauptstadt Stuttgart,607,König-Karls-Brücke Barometer,100034882,YTH16019147,9.210372161982697,48.79912609299229,(UTC+01:00) Europe/Paris DST,2013-06-19T15:00:00+02:00,89,123,na,212,31.0,0.0,na
Eco Counter GmbH,Landeshauptstadt Stuttgart,607,König-Karls-Brücke Barometer,100034882,YTH16019147,9.210372161982697,48.79912609299229,(UTC+01:00) Europe/Paris DST,2013-06-19T16:00:00+02:00,135,171,na,306,31.0,0.0,na
Eco Counter GmbH,Landeshauptstadt Stuttgart,607,König-Karls-Brücke Barometer,100034882,YTH16019147,9.210372161982697,48.79912609299229,(UTC+01:00) Europe/Paris DST,2013-06-19T17:00:00+02:00,153,213,na,366,30.0,0.0,na
Eco Counter GmbH,Landeshauptstadt Stuttgart,607,König-Karls-Brücke Barometer,100034882,YTH16019147,9.210372161982697,48.79912609299229,(UTC+01:00) Europe/Paris DST,2013-06-19T18:00:00+02:00,141,207,na,348,29.0,0.1,na
Eco Counter GmbH,Landeshauptstadt Stuttgart,607,König-Karls-Brücke Barometer,100034882,YTH16019147,9.210372161982697,48.79912609299229,(UTC+01:00) Europe/Paris DST,2013-06-19T19:00:00+02:00,123,140,na,263,27.0,0.1,na
Eco Counter GmbH,Landeshauptstadt Stuttgart,607,König-Karls-Brücke Barometer,100034882,YTH16019147,9.210372161982697,48.79912609299229,(UTC+01:00) Europe/Paris DST,2013-06-19T20:00:00+02:00,105,109,na,214,25.0,0.0,na
Eco Counter GmbH,Landeshauptstadt Stuttgart,607,König-Karls-Brücke Barometer,100034882,YTH16019147,9.210372161982697,48.79912609299229,(UTC+01:00) Europe/Paris DST,2013-06-19T21:00:00+02:00,78,71,na,149,23.0,0.0,na
Eco Counter GmbH,Landeshauptstadt Stuttgart,607,König-Karls-Brücke Barometer,100034882,YTH16019147,9.210372161982697,48.79912609299229,(UTC+01:00) Europe/Paris DST,2013-06-19T22:00:00+02:00,42,52,na,94,22.0,0.0,na
Eco Counter GmbH,Landeshauptstadt Stuttgart,607,König-Karls-Brücke Barometer,100034882,YTH16019147,9.210372161982697,48.79912609299229,(UTC+01:00) Europe/Paris DST,2013-06-19T23:00:00+02:00,28,37,na,65,21.0,0.0,na
Eco Counter GmbH,Landeshauptstadt Stuttgart,607,König-Karls-Brücke Barometer,100034882,YTH16019147,9.210372161982697,48.79912609299229,(UTC+01:00) Europe/Paris DST,2013-06-20T00:00:00+02:00,4,11,na,15,20.0,0.0,na
Eco Counter GmbH,Landeshauptstadt Stuttgart,607,König-Karls-Brücke Barometer,100034882,YTH16019147,9.210372161982697,48.79912609299229,(UTC+01:00) Europe/Paris DST,2013-06-20T01:00:00+02:00,2,9,na,11,20.0,0.0,na
Eco Counter GmbH,Landeshauptstadt Stuttgart,607,König-Karls-Brücke Barometer,100034882,YTH16019147,9.210372161982697,48.79912609299229,(UTC+01:00) Europe/Paris DST,2013-06-20T02:00:00+02:00,2,1,na,3,19.0,0.0,na
Eco Counter GmbH,Landeshauptstadt Stuttgart,607,König-Karls-Brücke Barometer,100034882,YTH16019147,9.210372161982697,48.79912609299229,(UTC+01:00) Europe/Paris DST,2013-06-20T03:00:00+02:00,2,6,na,8,18.0,0.0,na
Eco Counter GmbH,Landeshauptstadt Stuttgart,607,König-Karls-Brücke Barometer,100034882,YTH16019147,9.210372161982697,48.79912609299229,(UTC+01:00) Europe/Paris DST,2013-06-20T04:00:00+02:00,2,1,na,3,19.0,0.0,na
Eco Counter GmbH,Landeshauptstadt Stuttgart,607,König-Karls-Brücke Barometer,100034882,YTH16019147,9.210372161982697,48.79912609299229,(UTC+01:00) Europe/Paris DST,2013-06-20T05:00:00+02:00,26,29,na,55,20.0,0.0,na
Eco Counter GmbH,Landeshauptstadt Stuttgart,607,König-Karls-Brücke Barometer,100034882,YTH16019147,9.210372161982697,48.79912609299229,(UTC+01:00) Europe/Paris DST,2013-06-20T06:00:00+02:00,74,67,na,141,20.0,0.0,na
Eco Counter GmbH,Landeshauptstadt Stuttgart,607,König-Karls-Brücke Barometer,100034882,YTH16019147,9.210372161982697,48.79912609299229,(UTC+01:00) Europe/Paris DST,2013-06-20T07:00:00+02:00,151,141,na,292,22.0,0.0,na
Eco Counter GmbH,Landeshauptstadt Stuttgart,607,König-Karls-Brücke Barometer,100034882,YTH16019147,9.210372161982697,48.79912609299229,(UTC+01:00) Europe/Paris DST,2013-06-20T08:00:00+02:00,144,137,na,281,23.0,0.0,na
Eco Counter GmbH,Landeshauptstadt Stuttgart,607,König-Karls-Brücke Barometer,100034882,YTH16019147,9.210372161982697,48.79912609299229,(UTC+01:00) Europe/Paris DST,2013-06-20T09:00:00+02:00,107,87,na,194,24.0,0.1,na
Eco Counter GmbH,Landeshauptstadt Stuttgart,607,König-Karls-Brücke Barometer,100034882,YTH16019147,9.210372161982697,48.79912609299229,(UTC+01:00) Europe/Paris DST,2013-06-20T10:00:00+02:00,47,57,na,104,25.0,0.1,na
Eco Counter GmbH,Landeshauptstadt Stuttgart,607,König-Karls-Brücke Barometer,100034882,YTH16019147,9.210372161982697,48.79912609299229,(UTC+01:00) Europe/Paris DST,2013-06-20T11:00:00+02:00,54,63,na,117,25.0,0.2,na
Eco Counter GmbH,Landeshauptstadt Stuttgart,607,König-Karls-Brücke Barometer,100034882,YTH16019147,9.210372161982697,48.79912609299229,(UTC+01:00) Europe/Paris DST,2013-06-20T12:00:00+02:00,62,71,na,133,26.0,0.2,na
Eco Counter GmbH,Landeshauptstadt Stuttgart,607,König-Karls-Brücke Barometer,100034882,YTH16019147,9.210372161982697,48.79912609299229,(UTC+01:00) Europe/Paris DST,2013-06-20T13:00:00+02:00,37,49,na,86,26.0,0.2,na
Eco Counter GmbH,Landeshauptstadt Stuttgart,607,König-Karls-Brücke Barometer,100034882,YTH16019147,9.210372161982697,48.79912609299229,(UTC+01:00) Europe/Paris DST,2013-06-20T14:00:00+02:00,35,63,na,98,26.0,0.1,na
Eco Counter GmbH,Landeshauptstadt Stuttgart,607,König-Karls-Brücke Barometer,100034882,YTH16019147,9.210372161982697,48.79912609299229,(UTC+01:00) Europe/Paris DST,2013-06-20T15:00:00+02:00,88,98,na,186,26.0,0.1,na
Eco Counter GmbH,Landeshauptstadt Stuttgart,607,König-Karls-Brücke Barometer,100034882,YTH16019147,9.210372161982697,48.79912609299229,(UTC+01:00) Europe/Paris DST,2013-06-20T16:00:00+02:00,99,153,na,252,25.0,0.6,na
Eco Counter GmbH,Landeshauptstadt Stuttgart,607,König-Karls-Brücke Barometer,100034882,YTH16019147,9.210372161982697,48.79912609299229,(UTC+01:00) Europe/Paris DST,2013-06-20T17:00:00+02:00,103,193,na,296,23.0,1.0,na
Eco Counter GmbH,Landeshauptstadt Stuttgart,607,König-Karls-Brücke Barometer,100034882,YTH16019147,9.210372161982697,48.79912609299229,(UTC+01:00) Europe/Paris DST,2013-06-20T18:00:00+02:00,101,107,na,208,22.0,1.5,na
Eco Counter GmbH,Landeshauptstadt Stuttgart,607,König-Karls-Brücke Barometer,100034882,YTH16019147,9.210372161982697,48.79912609299229,(UTC+01:00) Europe/Paris DST,2013-06-20T19:00:00+02:00,79,104,na,183,20.0,2.7,na
Eco Counter GmbH,Landeshauptstadt Stuttgart,607,König-Karls-Brücke Barometer,100034882,YTH16019147,9.210372161982697,48.79912609299229,(UTC+01:00) Europe/Paris DST,2013-06-20T20:00:00+02:00,50,77,na,127,18.0,3.9,na
Eco Counter GmbH,Landeshauptstadt Stuttgart,607,König-Karls-Brücke Barometer,100034882,YTH16019147,9.210372161982697,48.79912609299229,(UTC+01:00) Europe/Paris DST,2013-06-20T21:00:00+02:00,38,39,na,77,17.0,5.1,na
Eco Counter GmbH,Landeshauptstadt Stuttgart,607,König-Karls-Brücke Barometer,100034882,YTH16019147,9.210372161982697,48.79912609299229,(UTC+01:00) Europe/Paris DST,2013-06-20T22:00:00+02:00,20,15,na,35,15.0,4.6,na
Eco Counter GmbH,Landeshauptstadt Stuttgart,607,König-Karls-Brücke Barometer,100034882,YTH16019147,9.210372161982697,48.79912609299229,(UTC+01:00) Europe/Paris DST,2013-06-20T23:00:00+02:00,11,22,na,33,14.0,4.0,na
Eco Counter GmbH,Landeshauptstadt Stuttgart,607,König-Karls-Brücke Barometer,100034882,YTH16019147,9.210372161982697,48.79912609299229,(UTC+01:00) Europe/Paris DST,2013-06-21T00:00:00+02:00,6,7,na,13,13.0,3.5,na
Eco Counter GmbH,Landeshauptstadt Stuttgart,607,König-Karls-Brücke Barometer,100034882,YTH16019147,9.210372161982697,48.79912609299229,(UTC+01:00) Europe/Paris DST,2013-06-21T01:00:00+02:00,2,6,na,8,13.0,2.5,na
Eco Counter GmbH,Landeshauptstadt Stuttgart,607,König-Karls-Brücke Barometer,100034882,YTH16019147,9.210372161982697,48.79912609299229,(UTC+01:00) Europe/Paris DST,2013-06-21T02:00:00+02:00,2,1,na,3,12.0,1.6,na
Eco Counter GmbH,Landeshauptstadt Stuttgart,607,König-Karls-Brücke Barometer,100034882,YTH16019147,9.210372161982697,48.79912609299229,(UTC+01:00) Europe/Paris DST,2013-06-21T03:00:00+02:00,6,8,na,14,12.0,0.6,na
Eco Counter GmbH,Landeshauptstadt Stuttgart,607,König-Karls-Brücke Barometer,100034882,YTH16019147,9.210372161982697,48.79912609299229,(UTC+01:00) Europe/Paris DST,2013-06-21T04:00:00+02:00,4,1,na,5,13.0,0.4,na
Eco Counter GmbH,Landeshauptstadt Stuttgart,607,König-Karls-Brücke Barometer,100034882,YTH16019147,9.210372161982697,48.79912609299229,(UTC+01:00) Europe/Paris DST,2013-06-21T05:00:00+02:00,20,12,na,32,13.0,0.2,na
Eco Counter GmbH,Landeshauptstadt Stuttgart,607,König-Karls-Brücke Barometer,100034882,YTH16019147,9.210372161982697,48.79912609299229,(UTC+01:00) Europe/Paris DST,2013-06-21T06:00:00+02:00,56,53,na,109,14.0,0.0,na
Eco Counter GmbH,Landeshauptstadt Stuttgart,607,König-Karls-Brücke Barometer,100034882,YTH16019147,9.210372161982697,48.79912609299229,(UTC+01:00) Europe/Paris DST,2013-06-21T07:00:00+02:00,141,87,na,228,15.0,0.0,na
Eco Counter GmbH,Landeshauptstadt Stuttgart,607,König-Karls-Brücke Barometer,100034882,YTH16019147,9.210372161982697,48.79912609299229,(UTC+01:00) Europe/Paris DST,2013-06-21T08:00:00+02:00,137,107,na,244,16.0,0.0,na
Eco Counter GmbH,Landeshauptstadt Stuttgart,607,König-Karls-Brücke Barometer,100034882,YTH16019147,9.210372161982697,48.79912609299229,(UTC+01:00) Europe/Paris DST,2013-06-21T09:00:00+02:00,90,64,na,154,18.0,0.0,na
Eco Counter GmbH,Landeshauptstadt Stuttgart,607,König-Karls-Brücke Barometer,100034882,YTH16019147,9.210372161982697,48.79912609299229,(UTC+01:00) Europe/Paris DST,2013-06-21T10:00:00+02:00,54,63,na,117,19.0,0.0,na
Eco Counter GmbH,Landeshauptstadt Stuttgart,607,König-Karls-Brücke Barometer,100034882,YTH16019147,9.210372161982697,48.79912609299229,(UTC+01:00) Europe/Paris DST,2013-06-21T11:00:00+02:00,65,55,na,120,20.0,0.0,na
Eco Counter GmbH,Landeshauptstadt Stuttgart,607,König-Karls-Brücke Barometer,100034882,YTH16019147,9.210372161982697,48.79912609299229,(UTC+01:00) Europe/Paris DST,2013-06-21T12:00:00+02:00,50,73,na,123,21.0,0.0,na
Eco Counter GmbH,Landeshauptstadt Stuttgart,607,König-Karls-Brücke Barometer,100034882,YTH16019147,9.210372161982697,48.79912609299229,(UTC+01:00) Europe/Paris DST,2013-06-21T13:00:00+02:00,70,89,na,159,21.0,0.0,na
Eco Counter GmbH,Landeshauptstadt Stuttgart,607,König-Karls-Brücke Barometer,100034882,YTH16019147,9.210372161982697,48.79912609299229,(UTC+01:00) Europe/Paris DST,2013-06-21T14:00:00+02:00,82,118,na,200,22.0,0.0,na
Eco Counter GmbH,Landeshauptstadt Stuttgart,607,König-Karls-Brücke Barometer,100034882,YTH16019147,9.210372161982697,48.79912609299229,(UTC+01:00) Europe/Paris DST,2013-06-21T15:00:00+02:00,106,139,na,245,22.0,0.0,na
Eco Counter GmbH,Landeshauptstadt Stuttgart,607,König-Karls-Brücke Barometer,100034882,YTH16019147,9.210372161982697,48.79912609299229,(UTC+01:00) Europe/Paris DST,2013-06-21T16:00:00+02:00,115,152,na,267,21.0,0.0,na
Eco Counter GmbH,Landeshauptstadt Stuttgart,607,König-Karls-Brücke Barometer,100034882,YTH16019147,9.210372161982697,48.79912609299229,(UTC+01:00) Europe/Paris DST,2013-06-21T17:00:00+02:00,136,216,na,352,21.0,0.0,na
Eco Counter GmbH,Landeshauptstadt Stuttgart,607,König-Karls-Brücke Barometer,100034882,YTH16019147,9.210372161982697,48.79912609299229,(UTC+01:00) Europe/Paris DST,2013-06-21T18:00:00+02:00,132,178,na,310,21.0,0.0,na
Eco Counter GmbH,Landeshauptstadt Stuttgart,607,König-Karls-Brücke Barometer,100034882,YTH16019147,9.210372161982697,48.79912609299229,(UTC+01:00) Europe/Paris DST,2013-06-21T19:00:00+02:00,88,126,na,214,19.0,0.0,na
Eco Counter GmbH,Landeshauptstadt Stuttgart,607,König-Karls-Brücke Barometer,100034882,YTH16019147,9.210372161982697,48.79912609299229,(UTC+01:00) Europe/Paris DST,2013-06-21T20:00:00+02:00,75,113,na,188,17.0,0.0,na
Eco Counter GmbH,Landeshauptstadt Stuttgart,607,König-Karls-Brücke Barometer,100034882,YTH16019147,9.210372161982697,48.79912609299229,(UTC+01:00) Europe/Paris DST,2013-06-21T21:00:00+02:00,73,98,na,171,16.0,0.0,na
Eco Counter GmbH,Landeshauptstadt Stuttgart,607,König-Karls-Brücke Barometer,100034882,YTH16019147,9.210372161982697,48.79912609299229,(UTC+01:00) Europe/Paris DST,2013-06-21T22:00:00+02:00,91,54,na,145,14.0,0.0,na
Eco Counter GmbH,Landeshauptstadt Stuttgart,607,König-Karls-Brücke Barometer,100034882,YTH16019147,9.210372161982697,48.79912609299229,(UTC+01:00) Europe/Paris DST,2013-06-21T23:00:00+02:00,16,27,na,43,13.0,0.0,na
Eco Counter GmbH,Landeshauptstadt Stuttgart,607,König-Karls-Brücke Barometer,100034882,YTH16019147,9.210372161982697,48.79912609299229,(UTC+01:00) Europe/Paris DST,2013-06-22T00:00:00+02:00,7,19,na,26,12.0,0.0,na
Eco Counter GmbH,Landeshauptstadt Stuttgart,607,König-Karls-Brücke Barometer,100034882,YTH16019147,9.210372161982697,48.79912609299229,(UTC+01:00) Europe/Paris DST,2013-06-22T01:00:00+02:00,11,11,na,22,12.0,0.0,na
Eco Counter GmbH,Landeshauptstadt Stuttgart,607,König-Karls-Brücke Barometer,100034882,YTH16019147,9.210372161982697,48.79912609299229,(UTC+01:00) Europe/Paris DST,2013-06-22T02:00:00+02:00,4,12,na,16,11.0,0.0,na
Eco Counter GmbH,Landeshauptstadt Stuttgart,607,König-Karls-Brücke Barometer,100034882,YTH16019147,9.210372161982697,48.79912609299229,(UTC+01:00) Europe/Paris DST,2013-06-22T03:00:00+02:00,2,6,na,8,11.0,0.0,na
Eco Counter GmbH,Landeshauptstadt Stuttgart,607,König-Karls-Brücke Barometer,100034882,YTH16019147,9.210372161982697,48.79912609299229,(UTC+01:00) Europe/Paris DST,2013-06-22T04:00:00+02:00,2,3,na,5,12.0,0.0,na
Eco Counter GmbH,Landeshauptstadt Stuttgart,607,König-Karls-Brücke Barometer,100034882,YTH16019147,9.210372161982697,48.79912609299229,(UTC+01:00) Europe/Paris DST,2013-06-22T05:00:00+02:00,10,10,na,20,12.0,0.0,na
Eco Counter GmbH,Landeshauptstadt Stuttgart,607,König-Karls-Brücke Barometer,100034882,YTH16019147,9.210372161982697,48.79912609299229,(UTC+01:00) Europe/Paris DST,2013-06-22T06:00:00+02:00,12,7,na,19,13.0,0.0,na
Eco Counter GmbH,Landeshauptstadt Stuttgart,607,König-Karls-Brücke Barometer,100034882,YTH16019147,9.210372161982697,48.79912609299229,(UTC+01:00) Europe/Paris DST,2013-06-22T07:00:00+02:00,17,17,na,34,15.0,0.0,na
Eco Counter GmbH,Landeshauptstadt Stuttgart,607,König-Karls-Brücke Barometer,100034882,YTH16019147,9.210372161982697,48.79912609299229,(UTC+01:00) Europe/Paris DST,2013-06-22T08:00:00+02:00,35,23,na,58,17.0,0.0,na
Eco Counter GmbH,Landeshauptstadt Stuttgart,607,König-Karls-Brücke Barometer,100034882,YTH16019147,9.210372161982697,48.79912609299229,(UTC+01:00) Europe/Paris DST,2013-06-22T09:00:00+02:00,34,46,na,80,18.0,0.0,na
Eco Counter GmbH,Landeshauptstadt Stuttgart,607,König-Karls-Brücke Barometer,100034882,YTH16019147,9.210372161982697,48.79912609299229,(UTC+01:00) Europe/Paris DST,2013-06-22T10:00:00+02:00,58,84,na,142,19.0,0.0,na
Eco Counter GmbH,Landeshauptstadt Stuttgart,607,König-Karls-Brücke Barometer,100034882,YTH16019147,9.210372161982697,48.79912609299229,(UTC+01:00) Europe/Paris DST,2013-06-22T11:00:00+02:00,90,95,na,185,21.0,0.0,na
Eco Counter GmbH,Landeshauptstadt Stuttgart,607,König-Karls-Brücke Barometer,100034882,YTH16019147,9.210372161982697,48.79912609299229,(UTC+01:00) Europe/Paris DST,2013-06-22T12:00:00+02:00,80,117,na,197,22.0,0.1,na
Eco Counter GmbH,Landeshauptstadt Stuttgart,607,König-Karls-Brücke Barometer,100034882,YTH16019147,9.210372161982697,48.79912609299229,(UTC+01:00) Europe/Paris DST,2013-06-22T13:00:00+02:00,140,174,na,314,22.0,0.1,na
Eco Counter GmbH,Landeshauptstadt Stuttgart,607,König-Karls-Brücke Barometer,100034882,YTH16019147,9.210372161982697,48.79912609299229,(UTC+01:00) Europe/Paris DST,2013-06-22T14:00:00+02:00,148,162,na,310,22.0,0.2,na
Eco Counter GmbH,Landeshauptstadt Stuttgart,607,König-Karls-Brücke Barometer,100034882,YTH16019147,9.210372161982697,48.79912609299229,(UTC+01:00) Europe/Paris DST,2013-06-22T15:00:00+02:00,152,149,na,301,23.0,0.2,na
Eco Counter GmbH,Landeshauptstadt Stuttgart,607,König-Karls-Brücke Barometer,100034882,YTH16019147,9.210372161982697,48.79912609299229,(UTC+01:00) Europe/Paris DST,2013-06-22T16:00:00+02:00,198,156,na,354,22.0,0.2,na
Eco Counter GmbH,Landeshauptstadt Stuttgart,607,König-Karls-Brücke Barometer,100034882,YTH16019147,9.210372161982697,48.79912609299229,(UTC+01:00) Europe/Paris DST,2013-06-22T17:00:00+02:00,144,165,na,309,21.0,0.2,na
Eco Counter GmbH,Landeshauptstadt Stuttgart,607,König-Karls-Brücke Barometer,100034882,YTH16019147,9.210372161982697,48.79912609299229,(UTC+01:00) Europe/Paris DST,2013-06-22T18:00:00+02:00,165,135,na,300,21.0,0.2,na
Eco Counter GmbH,Landeshauptstadt Stuttgart,607,König-Karls-Brücke Barometer,100034882,YTH16019147,9.210372161982697,48.79912609299229,(UTC+01:00) Europe/Paris DST,2013-06-22T19:00:00+02:00,89,87,na,176,19.0,0.2,na
Eco Counter GmbH,Landeshauptstadt Stuttgart,607,König-Karls-Brücke Barometer,100034882,YTH16019147,9.210372161982697,48.79912609299229,(UTC+01:00) Europe/Paris DST,2013-06-22T20:00:00+02:00,72,105,na,177,18.0,0.1,na
Eco Counter GmbH,Landeshauptstadt Stuttgart,607,König-Karls-Brücke Barometer,100034882,YTH16019147,9.210372161982697,48.79912609299229,(UTC+01:00) Europe/Paris DST,2013-06-22T21:00:00+02:00,42,72,na,114,16.0,0.1,na
Eco Counter GmbH,Landeshauptstadt Stuttgart,607,König-Karls-Brücke Barometer,100034882,YTH16019147,9.210372161982697,48.79912609299229,(UTC+01:00) Europe/Paris DST,2013-06-22T22:00:00+02:00,29,33,na,62,15.0,0.0,na
Eco Counter GmbH,Landeshauptstadt Stuttgart,607,König-Karls-Brücke Barometer,100034882,YTH16019147,9.210372161982697,48.79912609299229,(UTC+01:00) Europe/Paris DST,2013-06-22T23:00:00+02:00,5,22,na,27,14.0,0.0,na
Eco Counter GmbH,Landeshauptstadt Stuttgart,607,König-Karls-Brücke Barometer,100034882,YTH16019147,9.210372161982697,48.79912609299229,(UTC+01:00) Europe/Paris DST,2013-06-23T00:00:00+02:00,16,23,na,39,13.0,0.0,na
Eco Counter GmbH,Landeshauptstadt Stuttgart,607,König-Karls-Brücke Barometer,100034882,YTH16019147,9.210372161982697,48.79912609299229,(UTC+01:00) Europe/Paris DST,2013-06-23T01:00:00+02:00,0,10,na,10,12.0,0.0,na
Eco Counter GmbH,Landeshauptstadt Stuttgart,607,König-Karls-Brücke Barometer,100034882,YTH16019147,9.210372161982697,48.79912609299229,(UTC+01:00) Europe/Paris DST,2013-06-23T02:00:00+02:00,9,6,na,15,12.0,0.0,na
Eco Counter GmbH,Landeshauptstadt Stuttgart,607,König-Karls-Brücke Barometer,100034882,YTH16019147,9.210372161982697,48.79912609299229,(UTC+01:00) Europe/Paris DST,2013-06-23T03:00:00+02:00,3,3,na,6,11.0,0.1,na
Eco Counter GmbH,Landeshauptstadt Stuttgart,607,König-Karls-Brücke Barometer,100034882,YTH16019147,9.210372161982697,48.79912609299229,(UTC+01:00) Europe/Paris DST,2013-06-23T04:00:00+02:00,2,5,na,7,12.0,0.1,na
Eco Counter GmbH,Landeshauptstadt Stuttgart,607,König-Karls-Brücke Barometer,100034882,YTH16019147,9.210372161982697,48.79912609299229,(UTC+01:00) Europe/Paris DST,2013-06-23T05:00:00+02:00,11,6,na,17,12.0,0.2,na
Eco Counter GmbH,Landeshauptstadt Stuttgart,607,König-Karls-Brücke Barometer,100034882,YTH16019147,9.210372161982697,48.79912609299229,(UTC+01:00) Europe/Paris DST,2013-06-23T06:00:00+02:00,5,9,na,14,12.0,0.3,na
Eco Counter GmbH,Landeshauptstadt Stuttgart,607,König-Karls-Brücke Barometer,100034882,YTH16019147,9.210372161982697,48.79912609299229,(UTC+01:00) Europe/Paris DST,2013-06-23T07:00:00+02:00,12,54,na,66,13.0,0.3,na
Eco Counter GmbH,Landeshauptstadt Stuttgart,607,König-Karls-Brücke Barometer,100034882,YTH16019147,9.210372161982697,48.79912609299229,(UTC+01:00) Europe/Paris DST,2013-06-23T08:00:00+02:00,11,102,na,113,14.0,0.3,na
Eco Counter GmbH,Landeshauptstadt Stuttgart,607,König-Karls-Brücke Barometer,100034882,YTH16019147,9.210372161982697,48.79912609299229,(UTC+01:00) Europe/Paris DST,2013-06-23T09:00:00+02:00,40,88,na,128,15.0,0.3,na
Eco Counter GmbH,Landeshauptstadt Stuttgart,607,König-Karls-Brücke Barometer,100034882,YTH16019147,9.210372161982697,48.79912609299229,(UTC+01:00) Europe/Paris DST,2013-06-23T10:00:00+02:00,56,115,na,171,16.0,0.2,na
Eco Counter GmbH,Landeshauptstadt Stuttgart,607,König-Karls-Brücke Barometer,100034882,YTH16019147,9.210372161982697,48.79912609299229,(UTC+01:00) Europe/Paris DST,2013-06-23T11:00:00+02:00,115,101,na,216,17.0,0.2,na
Eco Counter GmbH,Landeshauptstadt Stuttgart,607,König-Karls-Brücke Barometer,100034882,YTH16019147,9.210372161982697,48.79912609299229,(UTC+01:00) Europe/Paris DST,2013-06-23T12:00:00+02:00,150,110,na,260,18.0,0.1,na
Eco Counter GmbH,Landeshauptstadt Stuttgart,607,König-Karls-Brücke Barometer,100034882,YTH16019147,9.210372161982697,48.79912609299229,(UTC+01:00) Europe/Paris DST,2013-06-23T13:00:00+02:00,198,137,na,335,18.0,0.1,na
Eco Counter GmbH,Landeshauptstadt Stuttgart,607,König-Karls-Brücke Barometer,100034882,YTH16019147,9.210372161982697,48.79912609299229,(UTC+01:00) Europe/Paris DST,2013-06-23T14:00:00+02:00,184,149,na,333,18.0,0.1,na
Eco Counter GmbH,Landeshauptstadt Stuttgart,607,König-Karls-Brücke Barometer,100034882,YTH16019147,9.210372161982697,48.79912609299229,(UTC+01:00) Europe/Paris DST,2013-06-23T15:00:00+02:00,159,140,na,299,19.0,0.0,na
Eco Counter GmbH,Landeshauptstadt Stuttgart,607,König-Karls-Brücke Barometer,100034882,YTH16019147,9.210372161982697,48.79912609299229,(UTC+01:00) Europe/Paris DST,2013-06-23T16:00:00+02:00,150,165,na,315,18.0,0.0,na
Eco Counter GmbH,Landeshauptstadt Stuttgart,607,König-Karls-Brücke Barometer,100034882,YTH16019147,9.210372161982697,48.79912609299229,(UTC+01:00) Europe/Paris DST,2013-06-23T17:00:00+02:00,155,120,na,275,18.0,0.0,na
Eco Counter GmbH,Landeshauptstadt Stuttgart,607,König-Karls-Brücke Barometer,100034882,YTH16019147,9.210372161982697,48.79912609299229,(UTC+01:00) Europe/Paris DST,2013-06-23T18:00:00+02:00,144,143,na,287,17.0,0.0,na
Eco Counter GmbH,Landeshauptstadt Stuttgart,607,König-Karls-Brücke Barometer,100034882,YTH16019147,9.210372161982697,48.79912609299229,(UTC+01:00) Europe/Paris DST,2013-06-23T19:00:00+02:00,81,67,na,148,16.0,0.1,na
Eco Counter GmbH,Landeshauptstadt Stuttgart,607,König-Karls-Brücke Barometer,100034882,YTH16019147,9.210372161982697,48.79912609299229,(UTC+01:00) Europe/Paris DST,2013-06-23T20:00:00+02:00,52,52,na,104,14.0,0.2,na
Eco Counter GmbH,Landeshauptstadt Stuttgart,607,König-Karls-Brücke Barometer,100034882,YTH16019147,9.210372161982697,48.79912609299229,(UTC+01:00) Europe/Paris DST,2013-06-23T21:00:00+02:00,27,41,na,68,13.0,0.3,na
Eco Counter GmbH,Landeshauptstadt Stuttgart,607,König-Karls-Brücke Barometer,100034882,YTH16019147,9.210372161982697,48.79912609299229,(UTC+01:00) Europe/Paris DST,2013-06-23T22:00:00+02:00,23,15,na,38,12.0,0.2,na
Eco Counter GmbH,Landeshauptstadt Stuttgart,607,König-Karls-Brücke Barometer,100034882,YTH16019147,9.210372161982697,48.79912609299229,(UTC+01:00) Europe/Paris DST,2013-06-23T23:00:00+02:00,4,4,na,8,11.0,0.2,na
Eco Counter GmbH,Landeshauptstadt Stuttgart,607,König-Karls-Brücke Barometer,100034882,YTH16019147,9.210372161982697,48.79912609299229,(UTC+01:00) Europe/Paris DST,2013-06-24T00:00:00+02:00,7,7,na,14,10.0,0.2,na
Eco Counter GmbH,Landeshauptstadt Stuttgart,607,König-Karls-Brücke Barometer,100034882,YTH16019147,9.210372161982697,48.79912609299229,(UTC+01:00) Europe/Paris DST,2013-06-24T01:00:00+02:00,1,1,na,2,10.0,0.2,na
Eco Counter GmbH,Landeshauptstadt Stuttgart,607,König-Karls-Brücke Barometer,100034882,YTH16019147,9.210372161982697,48.79912609299229,(UTC+01:00) Europe/Paris DST,2013-06-24T02:00:00+02:00,1,1,na,2,10.0,0.1,na
Eco Counter GmbH,Landeshauptstadt Stuttgart,607,König-Karls-Brücke Barometer,100034882,YTH16019147,9.210372161982697,48.79912609299229,(UTC+01:00) Europe/Paris DST,2013-06-24T03:00:00+02:00,2,1,na,3,10.0,0.1,na
Eco Counter GmbH,Landeshauptstadt Stuttgart,607,König-Karls-Brücke Barometer,100034882,YTH16019147,9.210372161982697,48.79912609299229,(UTC+01:00) Europe/Paris DST,2013-06-24T04:00:00+02:00,1,0,na,1,10.0,0.1,na
Eco Counter GmbH,Landeshauptstadt Stuttgart,607,König-Karls-Brücke Barometer,100034882,YTH16019147,9.210372161982697,48.79912609299229,(UTC+01:00) Europe/Paris DST,2013-06-24T05:00:00+02:00,22,32,na,54,10.0,0.2,na
Eco Counter GmbH,Landeshauptstadt Stuttgart,607,König-Karls-Brücke Barometer,100034882,YTH16019147,9.210372161982697,48.79912609299229,(UTC+01:00) Europe/Paris DST,2013-06-24T06:00:00+02:00,55,52,na,107,11.0,0.2,na
Eco Counter GmbH,Landeshauptstadt Stuttgart,607,König-Karls-Brücke Barometer,100034882,YTH16019147,9.210372161982697,48.79912609299229,(UTC+01:00) Europe/Paris DST,2013-06-24T07:00:00+02:00,125,118,na,243,12.0,0.3,na
Eco Counter GmbH,Landeshauptstadt Stuttgart,607,König-Karls-Brücke Barometer,100034882,YTH16019147,9.210372161982697,48.79912609299229,(UTC+01:00) Europe/Paris DST,2013-06-24T08:00:00+02:00,120,107,na,227,12.0,0.3,na
Eco Counter GmbH,Landeshauptstadt Stuttgart,607,König-Karls-Brücke Barometer,100034882,YTH16019147,9.210372161982697,48.79912609299229,(UTC+01:00) Europe/Paris DST,2013-06-24T09:00:00+02:00,58,60,na,118,13.0,0.3,na
Eco Counter GmbH,Landeshauptstadt Stuttgart,607,König-Karls-Brücke Barometer,100034882,YTH16019147,9.210372161982697,48.79912609299229,(UTC+01:00) Europe/Paris DST,2013-06-24T10:00:00+02:00,35,50,na,85,14.0,0.3,na
Eco Counter GmbH,Landeshauptstadt Stuttgart,607,König-Karls-Brücke Barometer,100034882,YTH16019147,9.210372161982697,48.79912609299229,(UTC+01:00) Europe/Paris DST,2013-06-24T11:00:00+02:00,36,55,na,91,15.0,0.3,na
Eco Counter GmbH,Landeshauptstadt Stuttgart,607,König-Karls-Brücke Barometer,100034882,YTH16019147,9.210372161982697,48.79912609299229,(UTC+01:00) Europe/Paris DST,2013-06-24T12:00:00+02:00,42,71,na,113,16.0,0.4,na
Eco Counter GmbH,Landeshauptstadt Stuttgart,607,König-Karls-Brücke Barometer,100034882,YTH16019147,9.210372161982697,48.79912609299229,(UTC+01:00) Europe/Paris DST,2013-06-24T13:00:00+02:00,32,67,na,99,16.0,0.5,na
Eco Counter GmbH,Landeshauptstadt Stuttgart,607,König-Karls-Brücke Barometer,100034882,YTH16019147,9.210372161982697,48.79912609299229,(UTC+01:00) Europe/Paris DST,2013-06-24T14:00:00+02:00,37,70,na,107,16.0,0.6,na
Eco Counter GmbH,Landeshauptstadt Stuttgart,607,König-Karls-Brücke Barometer,100034882,YTH16019147,9.210372161982697,48.79912609299229,(UTC+01:00) Europe/Paris DST,2013-06-24T15:00:00+02:00,62,71,na,133,16.0,0.7,na
Eco Counter GmbH,Landeshauptstadt Stuttgart,607,König-Karls-Brücke Barometer,100034882,YTH16019147,9.210372161982697,48.79912609299229,(UTC+01:00) Europe/Paris DST,2013-06-24T16:00:00+02:00,81,125,na,206,16.0,0.7,na
Eco Counter GmbH,Landeshauptstadt Stuttgart,607,König-Karls-Brücke Barometer,100034882,YTH16019147,9.210372161982697,48.79912609299229,(UTC+01:00) Europe/Paris DST,2013-06-24T17:00:00+02:00,115,198,na,313,15.0,0.7,na
Eco Counter GmbH,Landeshauptstadt Stuttgart,607,König-Karls-Brücke Barometer,100034882,YTH16019147,9.210372161982697,48.79912609299229,(UTC+01:00) Europe/Paris DST,2013-06-24T18:00:00+02:00,104,139,na,243,15.0,0.7,na
Eco Counter GmbH,Landeshauptstadt Stuttgart,607,König-Karls-Brücke Barometer,100034882,YTH16019147,9.210372161982697,48.79912609299229,(UTC+01:00) Europe/Paris DST,2013-06-24T19:00:00+02:00,56,105,na,161,14.0,0.6,na
Eco Counter GmbH,Landeshauptstadt Stuttgart,607,König-Karls-Brücke Barometer,100034882,YTH16019147,9.210372161982697,48.79912609299229,(UTC+01:00) Europe/Paris DST,2013-06-24T20:00:00+02:00,37,61,na,98,13.0,0.4,na
Eco Counter GmbH,Landeshauptstadt Stuttgart,607,König-Karls-Brücke Barometer,100034882,YTH16019147,9.210372161982697,48.79912609299229,(UTC+01:00) Europe/Paris DST,2013-06-24T21:00:00+02:00,20,40,na,60,11.0,0.2,na
Eco Counter GmbH,Landeshauptstadt Stuttgart,607,König-Karls-Brücke Barometer,100034882,YTH16019147,9.210372161982697,48.79912609299229,(UTC+01:00) Europe/Paris DST,2013-06-24T22:00:00+02:00,11,23,na,34,10.0,0.2,na
Eco Counter GmbH,Landeshauptstadt Stuttgart,607,König-Karls-Brücke Barometer,100034882,YTH16019147,9.210372161982697,48.79912609299229,(UTC+01:00) Europe/Paris DST,2013-06-24T23:00:00+02:00,12,15,na,27,9.0,0.1,na
Eco Counter GmbH,Landeshauptstadt Stuttgart,607,König-Karls-Brücke Barometer,100034882,YTH16019147,9.210372161982697,48.79912609299229,(UTC+01:00) Europe/Paris DST,2013-06-25T00:00:00+02:00,0,4,na,4,8.0,0.0,na
Eco Counter GmbH,Landeshauptstadt Stuttgart,607,König-Karls-Brücke Barometer,100034882,YTH16019147,9.210372161982697,48.79912609299229,(UTC+01:00) Europe/Paris DST,2013-06-25T01:00:00+02:00,1,0,na,1,8.0,0.0,na
Eco Counter GmbH,Landeshauptstadt Stuttgart,607,König-Karls-Brücke Barometer,100034882,YTH16019147,9.210372161982697,48.79912609299229,(UTC+01:00) Europe/Paris DST,2013-06-25T02:00:00+02:00,1,1,na,2,7.0,0.0,na
Eco Counter GmbH,Landeshauptstadt Stuttgart,607,König-Karls-Brücke Barometer,100034882,YTH16019147,9.210372161982697,48.79912609299229,(UTC+01:00) Europe/Paris DST,2013-06-25T03:00:00+02:00,3,1,na,4,7.0,0.0,na
Eco Counter GmbH,Landeshauptstadt Stuttgart,607,König-Karls-Brücke Barometer,100034882,YTH16019147,9.210372161982697,48.79912609299229,(UTC+01:00) Europe/Paris DST,2013-06-25T04:00:00+02:00,2,1,na,3,7.0,0.0,na
Eco Counter GmbH,Landeshauptstadt Stuttgart,607,König-Karls-Brücke Barometer,100034882,YTH16019147,9.210372161982697,48.79912609299229,(UTC+01:00) Europe/Paris DST,2013-06-25T05:00:00+02:00,20,33,na,53,8.0,0.0,na
Eco Counter GmbH,Landeshauptstadt Stuttgart,607,König-Karls-Brücke Barometer,100034882,YTH16019147,9.210372161982697,48.79912609299229,(UTC+01:00) Europe/Paris DST,2013-06-25T06:00:00+02:00,69,71,na,140,9.0,0.1,na
Eco Counter GmbH,Landeshauptstadt Stuttgart,607,König-Karls-Brücke Barometer,100034882,YTH16019147,9.210372161982697,48.79912609299229,(UTC+01:00) Europe/Paris DST,2013-06-25T07:00:00+02:00,140,139,na,279,10.0,0.1,na
Eco Counter GmbH,Landeshauptstadt Stuttgart,607,König-Karls-Brücke Barometer,100034882,YTH16019147,9.210372161982697,48.79912609299229,(UTC+01:00) Europe/Paris DST,2013-06-25T08:00:00+02:00,147,147,na,294,11.0,0.1,na
Eco Counter GmbH,Landeshauptstadt Stuttgart,607,König-Karls-Brücke Barometer,100034882,YTH16019147,9.210372161982697,48.79912609299229,(UTC+01:00) Europe/Paris DST,2013-06-25T09:00:00+02:00,70,69,na,139,12.0,0.2,na
Eco Counter GmbH,Landeshauptstadt Stuttgart,607,König-Karls-Brücke Barometer,100034882,YTH16019147,9.210372161982697,48.79912609299229,(UTC+01:00) Europe/Paris DST,2013-06-25T10:00:00+02:00,47,56,na,103,13.0,0.2,na
Eco Counter GmbH,Landeshauptstadt Stuttgart,607,König-Karls-Brücke Barometer,100034882,YTH16019147,9.210372161982697,48.79912609299229,(UTC+01:00) Europe/Paris DST,2013-06-25T11:00:00+02:00,42,58,na,100,14.0,0.3,na
Eco Counter GmbH,Landeshauptstadt Stuttgart,607,König-Karls-Brücke Barometer,100034882,YTH16019147,9.210372161982697,48.79912609299229,(UTC+01:00) Europe/Paris DST,2013-06-25T12:00:00+02:00,45,65,na,110,15.0,0.4,na
Eco Counter GmbH,Landeshauptstadt Stuttgart,607,König-Karls-Brücke Barometer,100034882,YTH16019147,9.210372161982697,48.79912609299229,(UTC+01:00) Europe/Paris DST,2013-06-25T13:00:00+02:00,43,76,na,119,16.0,0.6,na
Eco Counter GmbH,Landeshauptstadt Stuttgart,607,König-Karls-Brücke Barometer,100034882,YTH16019147,9.210372161982697,48.79912609299229,(UTC+01:00) Europe/Paris DST,2013-06-25T14:00:00+02:00,46,72,na,118,16.0,0.7,na
Eco Counter GmbH,Landeshauptstadt Stuttgart,607,König-Karls-Brücke Barometer,100034882,YTH16019147,9.210372161982697,48.79912609299229,(UTC+01:00) Europe/Paris DST,2013-06-25T15:00:00+02:00,66,104,na,170,17.0,0.9,na
Eco Counter GmbH,Landeshauptstadt Stuttgart,607,König-Karls-Brücke Barometer,100034882,YTH16019147,9.210372161982697,48.79912609299229,(UTC+01:00) Europe/Paris DST,2013-06-25T16:00:00+02:00,93,165,na,258,16.0,0.9,na
Eco Counter GmbH,Landeshauptstadt Stuttgart,607,König-Karls-Brücke Barometer,100034882,YTH16019147,9.210372161982697,48.79912609299229,(UTC+01:00) Europe/Paris DST,2013-06-25T17:00:00+02:00,95,227,na,322,16.0,0.9,na
Eco Counter GmbH,Landeshauptstadt Stuttgart,607,König-Karls-Brücke Barometer,100034882,YTH16019147,9.210372161982697,48.79912609299229,(UTC+01:00) Europe/Paris DST,2013-06-25T18:00:00+02:00,106,175,na,281,15.0,0.9,na
Eco Counter GmbH,Landeshauptstadt Stuttgart,607,König-Karls-Brücke Barometer,100034882,YTH16019147,9.210372161982697,48.79912609299229,(UTC+01:00) Europe/Paris DST,2013-06-25T19:00:00+02:00,42,73,na,115,14.0,0.7,na
Eco Counter GmbH,Landeshauptstadt Stuttgart,607,König-Karls-Brücke Barometer,100034882,YTH16019147,9.210372161982697,48.79912609299229,(UTC+01:00) Europe/Paris DST,2013-06-25T20:00:00+02:00,29,62,na,91,12.0,0.6,na
Eco Counter GmbH,Landeshauptstadt Stuttgart,607,König-Karls-Brücke Barometer,100034882,YTH16019147,9.210372161982697,48.79912609299229,(UTC+01:00) Europe/Paris DST,2013-06-25T21:00:00+02:00,21,28,na,49,11.0,0.4,na
Eco Counter GmbH,Landeshauptstadt Stuttgart,607,König-Karls-Brücke Barometer,100034882,YTH16019147,9.210372161982697,48.79912609299229,(UTC+01:00) Europe/Paris DST,2013-06-25T22:00:00+02:00,7,18,na,25,10.0,0.3,na
Eco Counter GmbH,Landeshauptstadt Stuttgart,607,König-Karls-Brücke Barometer,100034882,YTH16019147,9.210372161982697,48.79912609299229,(UTC+01:00) Europe/Paris DST,2013-06-25T23:00:00+02:00,12,16,na,28,9.0,0.2,na
Eco Counter GmbH,Landeshauptstadt Stuttgart,607,König-Karls-Brücke Barometer,100034882,YTH16019147,9.210372161982697,48.79912609299229,(UTC+01:00) Europe/Paris DST,2013-06-26T00:00:00+02:00,1,7,na,8,8.0,0.1,na
Eco Counter GmbH,Landeshauptstadt Stuttgart,607,König-Karls-Brücke Barometer,100034882,YTH16019147,9.210372161982697,48.79912609299229,(UTC+01:00) Europe/Paris DST,2013-06-26T01:00:00+02:00,0,2,na,2,7.0,0.0,na
Eco Counter GmbH,Landeshauptstadt Stuttgart,607,König-Karls-Brücke Barometer,100034882,YTH16019147,9.210372161982697,48.79912609299229,(UTC+01:00) Europe/Paris DST,2013-06-26T02:00:00+02:00,1,2,na,3,7.0,0.0,na
Eco Counter GmbH,Landeshauptstadt Stuttgart,607,König-Karls-Brücke Barometer,100034882,YTH16019147,9.210372161982697,48.79912609299229,(UTC+01:00) Europe/Paris DST,2013-06-26T03:00:00+02:00,1,2,na,3,6.0,0.0,na
Eco Counter GmbH,Landeshauptstadt Stuttgart,607,König-Karls-Brücke Barometer,100034882,YTH16019147,9.210372161982697,48.79912609299229,(UTC+01:00) Europe/Paris DST,2013-06-26T04:00:00+02:00,1,0,na,1,7.0,0.0,na
Eco Counter GmbH,Landeshauptstadt Stuttgart,607,König-Karls-Brücke Barometer,100034882,YTH16019147,9.210372161982697,48.79912609299229,(UTC+01:00) Europe/Paris DST,2013-06-26T05:00:00+02:00,25,20,na,45,7.0,0.0,na
Eco Counter GmbH,Landeshauptstadt Stuttgart,607,König-Karls-Brücke Barometer,100034882,YTH16019147,9.210372161982697,48.79912609299229,(UTC+01:00) Europe/Paris DST,2013-06-26T06:00:00+02:00,66,67,na,133,8.0,0.0,na
Eco Counter GmbH,Landeshauptstadt Stuttgart,607,König-Karls-Brücke Barometer,100034882,YTH16019147,9.210372161982697,48.79912609299229,(UTC+01:00) Europe/Paris DST,2013-06-26T07:00:00+02:00,125,117,na,242,9.0,0.0,na
Eco Counter GmbH,Landeshauptstadt Stuttgart,607,König-Karls-Brücke Barometer,100034882,YTH16019147,9.210372161982697,48.79912609299229,(UTC+01:00) Europe/Paris DST,2013-06-26T08:00:00+02:00,142,126,na,268,11.0,0.0,na
Eco Counter GmbH,Landeshauptstadt Stuttgart,607,König-Karls-Brücke Barometer,100034882,YTH16019147,9.210372161982697,48.79912609299229,(UTC+01:00) Europe/Paris DST,2013-06-26T09:00:00+02:00,79,86,na,165,13.0,0.0,na
Eco Counter GmbH,Landeshauptstadt Stuttgart,607,König-Karls-Brücke Barometer,100034882,YTH16019147,9.210372161982697,48.79912609299229,(UTC+01:00) Europe/Paris DST,2013-06-26T10:00:00+02:00,51,34,na,85,14.0,0.0,na
Eco Counter GmbH,Landeshauptstadt Stuttgart,607,König-Karls-Brücke Barometer,100034882,YTH16019147,9.210372161982697,48.79912609299229,(UTC+01:00) Europe/Paris DST,2013-06-26T11:00:00+02:00,51,64,na,115,15.0,0.0,na
Eco Counter GmbH,Landeshauptstadt Stuttgart,607,König-Karls-Brücke Barometer,100034882,YTH16019147,9.210372161982697,48.79912609299229,(UTC+01:00) Europe/Paris DST,2013-06-26T12:00:00+02:00,48,57,na,105,16.0,0.1,na
Eco Counter GmbH,Landeshauptstadt Stuttgart,607,König-Karls-Brücke Barometer,100034882,YTH16019147,9.210372161982697,48.79912609299229,(UTC+01:00) Europe/Paris DST,2013-06-26T13:00:00+02:00,57,78,na,135,17.0,0.1,na
Eco Counter GmbH,Landeshauptstadt Stuttgart,607,König-Karls-Brücke Barometer,100034882,YTH16019147,9.210372161982697,48.79912609299229,(UTC+01:00) Europe/Paris DST,2013-06-26T14:00:00+02:00,52,70,na,122,17.0,0.0,na
Eco Counter GmbH,Landeshauptstadt Stuttgart,607,König-Karls-Brücke Barometer,100034882,YTH16019147,9.210372161982697,48.79912609299229,(UTC+01:00) Europe/Paris DST,2013-06-26T15:00:00+02:00,149,107,na,256,17.0,0.0,na
Eco Counter GmbH,Landeshauptstadt Stuttgart,607,König-Karls-Brücke Barometer,100034882,YTH16019147,9.210372161982697,48.79912609299229,(UTC+01:00) Europe/Paris DST,2013-06-26T16:00:00+02:00,121,161,na,282,17.0,0.0,na
Eco Counter GmbH,Landeshauptstadt Stuttgart,607,König-Karls-Brücke Barometer,100034882,YTH16019147,9.210372161982697,48.79912609299229,(UTC+01:00) Europe/Paris DST,2013-06-26T17:00:00+02:00,145,201,na,346,17.0,0.0,na
Eco Counter GmbH,Landeshauptstadt Stuttgart,607,König-Karls-Brücke Barometer,100034882,YTH16019147,9.210372161982697,48.79912609299229,(UTC+01:00) Europe/Paris DST,2013-06-26T18:00:00+02:00,120,168,na,288,16.0,0.0,na
Eco Counter GmbH,Landeshauptstadt Stuttgart,607,König-Karls-Brücke Barometer,100034882,YTH16019147,9.210372161982697,48.79912609299229,(UTC+01:00) Europe/Paris DST,2013-06-26T19:00:00+02:00,88,118,na,206,14.0,0.0,na
Eco Counter GmbH,Landeshauptstadt Stuttgart,607,König-Karls-Brücke Barometer,100034882,YTH16019147,9.210372161982697,48.79912609299229,(UTC+01:00) Europe/Paris DST,2013-06-26T20:00:00+02:00,60,85,na,145,11.0,0.0,na
Eco Counter GmbH,Landeshauptstadt Stuttgart,607,König-Karls-Brücke Barometer,100034882,YTH16019147,9.210372161982697,48.79912609299229,(UTC+01:00) Europe/Paris DST,2013-06-26T21:00:00+02:00,43,56,na,99,9.0,0.0,na
Eco Counter GmbH,Landeshauptstadt Stuttgart,607,König-Karls-Brücke Barometer,100034882,YTH16019147,9.210372161982697,48.79912609299229,(UTC+01:00) Europe/Paris DST,2013-06-26T22:00:00+02:00,20,24,na,44,7.0,0.0,na
Eco Counter GmbH,Landeshauptstadt Stuttgart,607,König-Karls-Brücke Barometer,100034882,YTH16019147,9.210372161982697,48.79912609299229,(UTC+01:00) Europe/Paris DST,2013-06-26T23:00:00+02:00,8,20,na,28,6.0,0.0,na
Eco Counter GmbH,Landeshauptstadt Stuttgart,607,König-Karls-Brücke Barometer,100034882,YTH16019147,9.210372161982697,48.79912609299229,(UTC+01:00) Europe/Paris DST,2013-06-27T00:00:00+02:00,3,9,na,12,5.0,0.0,na
Eco Counter GmbH,Landeshauptstadt Stuttgart,607,König-Karls-Brücke Barometer,100034882,YTH16019147,9.210372161982697,48.79912609299229,(UTC+01:00) Europe/Paris DST,2013-06-27T01:00:00+02:00,1,3,na,4,5.0,0.0,na
Eco Counter GmbH,Landeshauptstadt Stuttgart,607,König-Karls-Brücke Barometer,100034882,YTH16019147,9.210372161982697,48.79912609299229,(UTC+01:00) Europe/Paris DST,2013-06-27T02:00:00+02:00,0,2,na,2,5.0,0.0,na
Eco Counter GmbH,Landeshauptstadt Stuttgart,607,König-Karls-Brücke Barometer,100034882,YTH16019147,9.210372161982697,48.79912609299229,(UTC+01:00) Europe/Paris DST,2013-06-27T03:00:00+02:00,2,5,na,7,5.0,0.0,na
Eco Counter GmbH,Landeshauptstadt Stuttgart,607,König-Karls-Brücke Barometer,100034882,YTH16019147,9.210372161982697,48.79912609299229,(UTC+01:00) Europe/Paris DST,2013-06-27T04:00:00+02:00,2,1,na,3,6.0,0.0,na
Eco Counter GmbH,Landeshauptstadt Stuttgart,607,König-Karls-Brücke Barometer,100034882,YTH16019147,9.210372161982697,48.79912609299229,(UTC+01:00) Europe/Paris DST,2013-06-27T05:00:00+02:00,20,21,na,41,7.0,0.0,na
Eco Counter GmbH,Landeshauptstadt Stuttgart,607,König-Karls-Brücke Barometer,100034882,YTH16019147,9.210372161982697,48.79912609299229,(UTC+01:00) Europe/Paris DST,2013-06-27T06:00:00+02:00,58,60,na,118,9.0,0.0,na
Eco Counter GmbH,Landeshauptstadt Stuttgart,607,König-Karls-Brücke Barometer,100034882,YTH16019147,9.210372161982697,48.79912609299229,(UTC+01:00) Europe/Paris DST,2013-06-27T07:00:00+02:00,121,130,na,251,10.0,0.1,na
Eco Counter GmbH,Landeshauptstadt Stuttgart,607,König-Karls-Brücke Barometer,100034882,YTH16019147,9.210372161982697,48.79912609299229,(UTC+01:00) Europe/Paris DST,2013-06-27T08:00:00+02:00,126,117,na,243,12.0,0.2,na
Eco Counter GmbH,Landeshauptstadt Stuttgart,607,König-Karls-Brücke Barometer,100034882,YTH16019147,9.210372161982697,48.79912609299229,(UTC+01:00) Europe/Paris DST,2013-06-27T09:00:00+02:00,74,63,na,137,13.0,0.3,na
Eco Counter GmbH,Landeshauptstadt Stuttgart,607,König-Karls-Brücke Barometer,100034882,YTH16019147,9.210372161982697,48.79912609299229,(UTC+01:00) Europe/Paris DST,2013-06-27T10:00:00+02:00,33,40,na,73,14.0,0.4,na
Eco Counter GmbH,Landeshauptstadt Stuttgart,607,König-Karls-Brücke Barometer,100034882,YTH16019147,9.210372161982697,48.79912609299229,(UTC+01:00) Europe/Paris DST,2013-06-27T11:00:00+02:00,42,39,na,81,14.0,0.6,na
Eco Counter GmbH,Landeshauptstadt Stuttgart,607,König-Karls-Brücke Barometer,100034882,YTH16019147,9.210372161982697,48.79912609299229,(UTC+01:00) Europe/Paris DST,2013-06-27T12:00:00+02:00,21,52,na,73,15.0,0.8,na
Eco Counter GmbH,Landeshauptstadt Stuttgart,607,König-Karls-Brücke Barometer,100034882,YTH16019147,9.210372161982697,48.79912609299229,(UTC+01:00) Europe/Paris DST,2013-06-27T13:00:00+02:00,33,44,na,77,15.0,0.8,na
Eco Counter GmbH,Landeshauptstadt Stuttgart,607,König-Karls-Brücke Barometer,100034882,YTH16019147,9.210372161982697,48.79912609299229,(UTC+01:00) Europe/Paris DST,2013-06-27T14:00:00+02:00,34,41,na,75,15.0,0.8,na
Eco Counter GmbH,Landeshauptstadt Stuttgart,607,König-Karls-Brücke Barometer,100034882,YTH16019147,9.210372161982697,48.79912609299229,(UTC+01:00) Europe/Paris DST,2013-06-27T15:00:00+02:00,50,65,na,115,16.0,0.9,na
Eco Counter GmbH,Landeshauptstadt Stuttgart,607,König-Karls-Brücke Barometer,100034882,YTH16019147,9.210372161982697,48.79912609299229,(UTC+01:00) Europe/Paris DST,2013-06-27T16:00:00+02:00,56,115,na,171,15.0,0.7,na
Eco Counter GmbH,Landeshauptstadt Stuttgart,607,König-Karls-Brücke Barometer,100034882,YTH16019147,9.210372161982697,48.79912609299229,(UTC+01:00) Europe/Paris DST,2013-06-27T17:00:00+02:00,98,146,na,244,15.0,0.6,na
Eco Counter GmbH,Landeshauptstadt Stuttgart,607,König-Karls-Brücke Barometer,100034882,YTH16019147,9.210372161982697,48.79912609299229,(UTC+01:00) Europe/Paris DST,2013-06-27T18:00:00+02:00,72,127,na,199,15.0,0.5,na
Eco Counter GmbH,Landeshauptstadt Stuttgart,607,König-Karls-Brücke Barometer,100034882,YTH16019147,9.210372161982697,48.79912609299229,(UTC+01:00) Europe/Paris DST,2013-06-27T19:00:00+02:00,52,91,na,143,14.0,0.4,na
Eco Counter GmbH,Landeshauptstadt Stuttgart,607,König-Karls-Brücke Barometer,100034882,YTH16019147,9.210372161982697,48.79912609299229,(UTC+01:00) Europe/Paris DST,2013-06-27T20:00:00+02:00,36,49,na,85,12.0,0.3,na
Eco Counter GmbH,Landeshauptstadt Stuttgart,607,König-Karls-Brücke Barometer,100034882,YTH16019147,9.210372161982697,48.79912609299229,(UTC+01:00) Europe/Paris DST,2013-06-27T21:00:00+02:00,37,44,na,81,11.0,0.2,na
Eco Counter GmbH,Landeshauptstadt Stuttgart,607,König-Karls-Brücke Barometer,100034882,YTH16019147,9.210372161982697,48.79912609299229,(UTC+01:00) Europe/Paris DST,2013-06-27T22:00:00+02:00,14,28,na,42,9.0,0.1,na
Eco Counter GmbH,Landeshauptstadt Stuttgart,607,König-Karls-Brücke Barometer,100034882,YTH16019147,9.210372161982697,48.79912609299229,(UTC+01:00) Europe/Paris DST,2013-06-27T23:00:00+02:00,10,14,na,24,8.0,0.1,na
Eco Counter GmbH,Landeshauptstadt Stuttgart,607,König-Karls-Brücke Barometer,100034882,YTH16019147,9.210372161982697,48.79912609299229,(UTC+01:00) Europe/Paris DST,2013-06-28T00:00:00+02:00,2,5,na,7,7.0,0.0,na
Eco Counter GmbH,Landeshauptstadt Stuttgart,607,König-Karls-Brücke Barometer,100034882,YTH16019147,9.210372161982697,48.79912609299229,(UTC+01:00) Europe/Paris DST,2013-06-28T01:00:00+02:00,3,7,na,10,6.0,0.0,na
Eco Counter GmbH,Landeshauptstadt Stuttgart,607,König-Karls-Brücke Barometer,100034882,YTH16019147,9.210372161982697,48.79912609299229,(UTC+01:00) Europe/Paris DST,2013-06-28T02:00:00+02:00,2,3,na,5,6.0,0.0,na
Eco Counter GmbH,Landeshauptstadt Stuttgart,607,König-Karls-Brücke Barometer,100034882,YTH16019147,9.210372161982697,48.79912609299229,(UTC+01:00) Europe/Paris DST,2013-06-28T03:00:00+02:00,1,1,na,2,5.0,0.0,na
Eco Counter GmbH,Landeshauptstadt Stuttgart,607,König-Karls-Brücke Barometer,100034882,YTH16019147,9.210372161982697,48.79912609299229,(UTC+01:00) Europe/Paris DST,2013-06-28T04:00:00+02:00,3,2,na,5,6.0,0.0,na
Eco Counter GmbH,Landeshauptstadt Stuttgart,607,König-Karls-Brücke Barometer,100034882,YTH16019147,9.210372161982697,48.79912609299229,(UTC+01:00) Europe/Paris DST,2013-06-28T05:00:00+02:00,21,23,na,44,7.0,0.0,na
Eco Counter GmbH,Landeshauptstadt Stuttgart,607,König-Karls-Brücke Barometer,100034882,YTH16019147,9.210372161982697,48.79912609299229,(UTC+01:00) Europe/Paris DST,2013-06-28T06:00:00+02:00,47,51,na,98,8.0,0.0,na
Eco Counter GmbH,Landeshauptstadt Stuttgart,607,König-Karls-Brücke Barometer,100034882,YTH16019147,9.210372161982697,48.79912609299229,(UTC+01:00) Europe/Paris DST,2013-06-28T07:00:00+02:00,105,73,na,178,10.0,0.0,na
Eco Counter GmbH,Landeshauptstadt Stuttgart,607,König-Karls-Brücke Barometer,100034882,YTH16019147,9.210372161982697,48.79912609299229,(UTC+01:00) Europe/Paris DST,2013-06-28T08:00:00+02:00,122,91,na,213,12.0,0.0,na
Eco Counter GmbH,Landeshauptstadt Stuttgart,607,König-Karls-Brücke Barometer,100034882,YTH16019147,9.210372161982697,48.79912609299229,(UTC+01:00) Europe/Paris DST,2013-06-28T09:00:00+02:00,77,128,na,205,14.0,0.0,na
Eco Counter GmbH,Landeshauptstadt Stuttgart,607,König-Karls-Brücke Barometer,100034882,YTH16019147,9.210372161982697,48.79912609299229,(UTC+01:00) Europe/Paris DST,2013-06-28T10:00:00+02:00,53,57,na,110,15.0,0.0,na
Eco Counter GmbH,Landeshauptstadt Stuttgart,607,König-Karls-Brücke Barometer,100034882,YTH16019147,9.210372161982697,48.79912609299229,(UTC+01:00) Europe/Paris DST,2013-06-28T11:00:00+02:00,65,72,na,137,17.0,0.1,na
Eco Counter GmbH,Landeshauptstadt Stuttgart,607,König-Karls-Brücke Barometer,100034882,YTH16019147,9.210372161982697,48.79912609299229,(UTC+01:00) Europe/Paris DST,2013-06-28T12:00:00+02:00,54,53,na,107,18.0,0.1,na
Eco Counter GmbH,Landeshauptstadt Stuttgart,607,König-Karls-Brücke Barometer,100034882,YTH16019147,9.210372161982697,48.79912609299229,(UTC+01:00) Europe/Paris DST,2013-06-28T13:00:00+02:00,41,74,na,115,18.0,0.2,na
Eco Counter GmbH,Landeshauptstadt Stuttgart,607,König-Karls-Brücke Barometer,100034882,YTH16019147,9.210372161982697,48.79912609299229,(UTC+01:00) Europe/Paris DST,2013-06-28T14:00:00+02:00,49,82,na,131,19.0,0.2,na
Eco Counter GmbH,Landeshauptstadt Stuttgart,607,König-Karls-Brücke Barometer,100034882,YTH16019147,9.210372161982697,48.79912609299229,(UTC+01:00) Europe/Paris DST,2013-06-28T15:00:00+02:00,71,113,na,184,19.0,0.3,na
Eco Counter GmbH,Landeshauptstadt Stuttgart,607,König-Karls-Brücke Barometer,100034882,YTH16019147,9.210372161982697,48.79912609299229,(UTC+01:00) Europe/Paris DST,2013-06-28T16:00:00+02:00,94,150,na,244,19.0,0.2,na
Eco Counter GmbH,Landeshauptstadt Stuttgart,607,König-Karls-Brücke Barometer,100034882,YTH16019147,9.210372161982697,48.79912609299229,(UTC+01:00) Europe/Paris DST,2013-06-28T17:00:00+02:00,83,145,na,228,19.0,0.2,na
Eco Counter GmbH,Landeshauptstadt Stuttgart,607,König-Karls-Brücke Barometer,100034882,YTH16019147,9.210372161982697,48.79912609299229,(UTC+01:00) Europe/Paris DST,2013-06-28T18:00:00+02:00,86,119,na,205,18.0,0.2,na
Eco Counter GmbH,Landeshauptstadt Stuttgart,607,König-Karls-Brücke Barometer,100034882,YTH16019147,9.210372161982697,48.79912609299229,(UTC+01:00) Europe/Paris DST,2013-06-28T19:00:00+02:00,56,74,na,130,17.0,0.1,na
Eco Counter GmbH,Landeshauptstadt Stuttgart,607,König-Karls-Brücke Barometer,100034882,YTH16019147,9.210372161982697,48.79912609299229,(UTC+01:00) Europe/Paris DST,2013-06-28T20:00:00+02:00,37,62,na,99,15.0,0.1,na
Eco Counter GmbH,Landeshauptstadt Stuttgart,607,König-Karls-Brücke Barometer,100034882,YTH16019147,9.210372161982697,48.79912609299229,(UTC+01:00) Europe/Paris DST,2013-06-28T21:00:00+02:00,24,47,na,71,13.0,0.0,na
Eco Counter GmbH,Landeshauptstadt Stuttgart,607,König-Karls-Brücke Barometer,100034882,YTH16019147,9.210372161982697,48.79912609299229,(UTC+01:00) Europe/Paris DST,2013-06-28T22:00:00+02:00,28,27,na,55,12.0,0.0,na
Eco Counter GmbH,Landeshauptstadt Stuttgart,607,König-Karls-Brücke Barometer,100034882,YTH16019147,9.210372161982697,48.79912609299229,(UTC+01:00) Europe/Paris DST,2013-06-28T23:00:00+02:00,9,21,na,30,11.0,0.0,na
Eco Counter GmbH,Landeshauptstadt Stuttgart,607,König-Karls-Brücke Barometer,100034882,YTH16019147,9.210372161982697,48.79912609299229,(UTC+01:00) Europe/Paris DST,2013-06-29T00:00:00+02:00,14,15,na,29,10.0,0.0,na
Eco Counter GmbH,Landeshauptstadt Stuttgart,607,König-Karls-Brücke Barometer,100034882,YTH16019147,9.210372161982697,48.79912609299229,(UTC+01:00) Europe/Paris DST,2013-06-29T01:00:00+02:00,8,8,na,16,9.0,0.0,na
Eco Counter GmbH,Landeshauptstadt Stuttgart,607,König-Karls-Brücke Barometer,100034882,YTH16019147,9.210372161982697,48.79912609299229,(UTC+01:00) Europe/Paris DST,2013-06-29T02:00:00+02:00,2,8,na,10,9.0,0.0,na
Eco Counter GmbH,Landeshauptstadt Stuttgart,607,König-Karls-Brücke Barometer,100034882,YTH16019147,9.210372161982697,48.79912609299229,(UTC+01:00) Europe/Paris DST,2013-06-29T03:00:00+02:00,4,3,na,7,9.0,0.1,na
Eco Counter GmbH,Landeshauptstadt Stuttgart,607,König-Karls-Brücke Barometer,100034882,YTH16019147,9.210372161982697,48.79912609299229,(UTC+01:00) Europe/Paris DST,2013-06-29T04:00:00+02:00,0,2,na,2,9.0,0.5,na
Eco Counter GmbH,Landeshauptstadt Stuttgart,607,König-Karls-Brücke Barometer,100034882,YTH16019147,9.210372161982697,48.79912609299229,(UTC+01:00) Europe/Paris DST,2013-06-29T05:00:00+02:00,8,4,na,12,9.0,1.0,na
Eco Counter GmbH,Landeshauptstadt Stuttgart,607,König-Karls-Brücke Barometer,100034882,YTH16019147,9.210372161982697,48.79912609299229,(UTC+01:00) Europe/Paris DST,2013-06-29T06:00:00+02:00,10,7,na,17,9.0,1.4,na
Eco Counter GmbH,Landeshauptstadt Stuttgart,607,König-Karls-Brücke Barometer,100034882,YTH16019147,9.210372161982697,48.79912609299229,(UTC+01:00) Europe/Paris DST,2013-06-29T07:00:00+02:00,8,6,na,14,9.0,1.5,na
Eco Counter GmbH,Landeshauptstadt Stuttgart,607,König-Karls-Brücke Barometer,100034882,YTH16019147,9.210372161982697,48.79912609299229,(UTC+01:00) Europe/Paris DST,2013-06-29T08:00:00+02:00,5,5,na,10,10.0,1.6,na
Eco Counter GmbH,Landeshauptstadt Stuttgart,607,König-Karls-Brücke Barometer,100034882,YTH16019147,9.210372161982697,48.79912609299229,(UTC+01:00) Europe/Paris DST,2013-06-29T09:00:00+02:00,6,3,na,9,10.0,1.6,na
Eco Counter GmbH,Landeshauptstadt Stuttgart,607,König-Karls-Brücke Barometer,100034882,YTH16019147,9.210372161982697,48.79912609299229,(UTC+01:00) Europe/Paris DST,2013-06-29T10:00:00+02:00,27,7,na,34,11.0,1.5,na
Eco Counter GmbH,Landeshauptstadt Stuttgart,607,König-Karls-Brücke Barometer,100034882,YTH16019147,9.210372161982697,48.79912609299229,(UTC+01:00) Europe/Paris DST,2013-06-29T11:00:00+02:00,11,17,na,28,11.0,1.3,na
Eco Counter GmbH,Landeshauptstadt Stuttgart,607,König-Karls-Brücke Barometer,100034882,YTH16019147,9.210372161982697,48.79912609299229,(UTC+01:00) Europe/Paris DST,2013-06-29T12:00:00+02:00,16,30,na,46,12.0,1.2,na
Eco Counter GmbH,Landeshauptstadt Stuttgart,607,König-Karls-Brücke Barometer,100034882,YTH16019147,9.210372161982697,48.79912609299229,(UTC+01:00) Europe/Paris DST,2013-06-29T13:00:00+02:00,22,25,na,47,13.0,1.1,na
Eco Counter GmbH,Landeshauptstadt Stuttgart,607,König-Karls-Brücke Barometer,100034882,YTH16019147,9.210372161982697,48.79912609299229,(UTC+01:00) Europe/Paris DST,2013-06-29T14:00:00+02:00,13,20,na,33,14.0,1.1,na
Eco Counter GmbH,Landeshauptstadt Stuttgart,607,König-Karls-Brücke Barometer,100034882,YTH16019147,9.210372161982697,48.79912609299229,(UTC+01:00) Europe/Paris DST,2013-06-29T15:00:00+02:00,40,48,na,88,15.0,1.0,na
Eco Counter GmbH,Landeshauptstadt Stuttgart,607,König-Karls-Brücke Barometer,100034882,YTH16019147,9.210372161982697,48.79912609299229,(UTC+01:00) Europe/Paris DST,2013-06-29T16:00:00+02:00,33,31,na,64,15.0,1.1,na
Eco Counter GmbH,Landeshauptstadt Stuttgart,607,König-Karls-Brücke Barometer,100034882,YTH16019147,9.210372161982697,48.79912609299229,(UTC+01:00) Europe/Paris DST,2013-06-29T17:00:00+02:00,20,31,na,51,16.0,1.2,na
Eco Counter GmbH,Landeshauptstadt Stuttgart,607,König-Karls-Brücke Barometer,100034882,YTH16019147,9.210372161982697,48.79912609299229,(UTC+01:00) Europe/Paris DST,2013-06-29T18:00:00+02:00,28,38,na,66,16.0,1.3,na
Eco Counter GmbH,Landeshauptstadt Stuttgart,607,König-Karls-Brücke Barometer,100034882,YTH16019147,9.210372161982697,48.79912609299229,(UTC+01:00) Europe/Paris DST,2013-06-29T19:00:00+02:00,34,59,na,93,15.0,1.1,na
Eco Counter GmbH,Landeshauptstadt Stuttgart,607,König-Karls-Brücke Barometer,100034882,YTH16019147,9.210372161982697,48.79912609299229,(UTC+01:00) Europe/Paris DST,2013-06-29T20:00:00+02:00,22,51,na,73,14.0,1.0,na
Eco Counter GmbH,Landeshauptstadt Stuttgart,607,König-Karls-Brücke Barometer,100034882,YTH16019147,9.210372161982697,48.79912609299229,(UTC+01:00) Europe/Paris DST,2013-06-29T21:00:00+02:00,16,16,na,32,13.0,0.9,na
Eco Counter GmbH,Landeshauptstadt Stuttgart,607,König-Karls-Brücke Barometer,100034882,YTH16019147,9.210372161982697,48.79912609299229,(UTC+01:00) Europe/Paris DST,2013-06-29T22:00:00+02:00,18,12,na,30,12.0,0.6,na
Eco Counter GmbH,Landeshauptstadt Stuttgart,607,König-Karls-Brücke Barometer,100034882,YTH16019147,9.210372161982697,48.79912609299229,(UTC+01:00) Europe/Paris DST,2013-06-29T23:00:00+02:00,6,14,na,20,10.0,0.4,na
Eco Counter GmbH,Landeshauptstadt Stuttgart,607,König-Karls-Brücke Barometer,100034882,YTH16019147,9.210372161982697,48.79912609299229,(UTC+01:00) Europe/Paris DST,2013-06-30T00:00:00+02:00,4,12,na,16,9.0,0.2,na
Eco Counter GmbH,Landeshauptstadt Stuttgart,607,König-Karls-Brücke Barometer,100034882,YTH16019147,9.210372161982697,48.79912609299229,(UTC+01:00) Europe/Paris DST,2013-06-30T01:00:00+02:00,2,4,na,6,8.0,0.1,na
Eco Counter GmbH,Landeshauptstadt Stuttgart,607,König-Karls-Brücke Barometer,100034882,YTH16019147,9.210372161982697,48.79912609299229,(UTC+01:00) Europe/Paris DST,2013-06-30T02:00:00+02:00,3,10,na,13,7.0,0.1,na
Eco Counter GmbH,Landeshauptstadt Stuttgart,607,König-Karls-Brücke Barometer,100034882,YTH16019147,9.210372161982697,48.79912609299229,(UTC+01:00) Europe/Paris DST,2013-06-30T03:00:00+02:00,1,1,na,2,6.0,0.0,na
Eco Counter GmbH,Landeshauptstadt Stuttgart,607,König-Karls-Brücke Barometer,100034882,YTH16019147,9.210372161982697,48.79912609299229,(UTC+01:00) Europe/Paris DST,2013-06-30T04:00:00+02:00,1,3,na,4,7.0,0.0,na
Eco Counter GmbH,Landeshauptstadt Stuttgart,607,König-Karls-Brücke Barometer,100034882,YTH16019147,9.210372161982697,48.79912609299229,(UTC+01:00) Europe/Paris DST,2013-06-30T05:00:00+02:00,8,0,na,8,8.0,0.0,na
Eco Counter GmbH,Landeshauptstadt Stuttgart,607,König-Karls-Brücke Barometer,100034882,YTH16019147,9.210372161982697,48.79912609299229,(UTC+01:00) Europe/Paris DST,2013-06-30T06:00:00+02:00,15,8,na,23,9.0,0.0,na
Eco Counter GmbH,Landeshauptstadt Stuttgart,607,König-Karls-Brücke Barometer,100034882,YTH16019147,9.210372161982697,48.79912609299229,(UTC+01:00) Europe/Paris DST,2013-06-30T07:00:00+02:00,4,6,na,10,11.0,0.0,na
Eco Counter GmbH,Landeshauptstadt Stuttgart,607,König-Karls-Brücke Barometer,100034882,YTH16019147,9.210372161982697,48.79912609299229,(UTC+01:00) Europe/Paris DST,2013-06-30T08:00:00+02:00,12,19,na,31,13.0,0.0,na
Eco Counter GmbH,Landeshauptstadt Stuttgart,607,König-Karls-Brücke Barometer,100034882,YTH16019147,9.210372161982697,48.79912609299229,(UTC+01:00) Europe/Paris DST,2013-06-30T09:00:00+02:00,33,29,na,62,15.0,0.0,na
Eco Counter GmbH,Landeshauptstadt Stuttgart,607,König-Karls-Brücke Barometer,100034882,YTH16019147,9.210372161982697,48.79912609299229,(UTC+01:00) Europe/Paris DST,2013-06-30T10:00:00+02:00,46,78,na,124,16.0,0.0,na
Eco Counter GmbH,Landeshauptstadt Stuttgart,607,König-Karls-Brücke Barometer,100034882,YTH16019147,9.210372161982697,48.79912609299229,(UTC+01:00) Europe/Paris DST,2013-06-30T11:00:00+02:00,98,139,na,237,17.0,0.0,na
Eco Counter GmbH,Landeshauptstadt Stuttgart,607,König-Karls-Brücke Barometer,100034882,YTH16019147,9.210372161982697,48.79912609299229,(UTC+01:00) Europe/Paris DST,2013-06-30T12:00:00+02:00,109,142,na,251,19.0,0.1,na
Eco Counter GmbH,Landeshauptstadt Stuttgart,607,König-Karls-Brücke Barometer,100034882,YTH16019147,9.210372161982697,48.79912609299229,(UTC+01:00) Europe/Paris DST,2013-06-30T13:00:00+02:00,164,215,na,379,19.0,0.1,na
Eco Counter GmbH,Landeshauptstadt Stuttgart,607,König-Karls-Brücke Barometer,100034882,YTH16019147,9.210372161982697,48.79912609299229,(UTC+01:00) Europe/Paris DST,2013-06-30T14:00:00+02:00,132,188,na,320,20.0,0.0,na
Eco Counter GmbH,Landeshauptstadt Stuttgart,607,König-Karls-Brücke Barometer,100034882,YTH16019147,9.210372161982697,48.79912609299229,(UTC+01:00) Europe/Paris DST,2013-06-30T15:00:00+02:00,148,170,na,318,20.0,0.0,na
Eco Counter GmbH,Landeshauptstadt Stuttgart,607,König-Karls-Brücke Barometer,100034882,YTH16019147,9.210372161982697,48.79912609299229,(UTC+01:00) Europe/Paris DST,2013-06-30T16:00:00+02:00,191,213,na,404,20.0,0.0,na
Eco Counter GmbH,Landeshauptstadt Stuttgart,607,König-Karls-Brücke Barometer,100034882,YTH16019147,9.210372161982697,48.79912609299229,(UTC+01:00) Europe/Paris DST,2013-06-30T17:00:00+02:00,196,122,na,318,20.0,0.0,na
Eco Counter GmbH,Landeshauptstadt Stuttgart,607,König-Karls-Brücke Barometer,100034882,YTH16019147,9.210372161982697,48.79912609299229,(UTC+01:00) Europe/Paris DST,2013-06-30T18:00:00+02:00,122,130,na,252,19.0,0.0,na
Eco Counter GmbH,Landeshauptstadt Stuttgart,607,König-Karls-Brücke Barometer,100034882,YTH16019147,9.210372161982697,48.79912609299229,(UTC+01:00) Europe/Paris DST,2013-06-30T19:00:00+02:00,107,84,na,191,17.0,0.0,na
Eco Counter GmbH,Landeshauptstadt Stuttgart,607,König-Karls-Brücke Barometer,100034882,YTH16019147,9.210372161982697,48.79912609299229,(UTC+01:00) Europe/Paris DST,2013-06-30T20:00:00+02:00,64,50,na,114,15.0,0.0,na
Eco Counter GmbH,Landeshauptstadt Stuttgart,607,König-Karls-Brücke Barometer,100034882,YTH16019147,9.210372161982697,48.79912609299229,(UTC+01:00) Europe/Paris DST,2013-06-30T21:00:00+02:00,28,51,na,79,13.0,0.0,na
Eco Counter GmbH,Landeshauptstadt Stuttgart,607,König-Karls-Brücke Barometer,100034882,YTH16019147,9.210372161982697,48.79912609299229,(UTC+01:00) Europe/Paris DST,2013-06-30T22:00:00+02:00,7,23,na,30,11.0,0.0,na
