operator_name,domain_name,domain_id,counter_site,counter_site_id,counter_serial,longitude,latitude,timezone,iso_timestamp,channels_in,channels_out,channels_unknown,channels_all,site_temperature,site_rain_accumulation,site_snow_accumulation
Eco Counter GmbH,Stadt Karlsruhe,752,Erbprinzenstraße,100004165,Y2H16070301,8.4027153,49.0072864,(UTC+01:00) Europe/Paris DST,2013-01-01T00:00:00+01:00,9,10,na,19,5.0,0.0,na
Eco Counter GmbH,Stadt Karlsruhe,752,Erbprinzenstraße,100004165,Y2H16070301,8.4027153,49.0072864,(UTC+01:00) Europe/Paris DST,2013-01-01T01:00:00+01:00,15,18,na,33,5.0,0.0,na
Eco Counter GmbH,Stadt Karlsruhe,752,Erbprinzenstraße,100004165,Y2H16070301,8.4027153,49.0072864,(UTC+01:00) Europe/Paris DST,2013-01-01T02:00:00+01:00,17,14,na,31,5.0,0.0,na
Eco Counter GmbH,Stadt Karlsruhe,752,Erbprinzenstraße,100004165,Y2H16070301,8.4027153,49.0072864,(UTC+01:00) Europe/Paris DST,2013-01-01T03:00:00+01:00,14,26,na,40,5.0,0.0,na
Eco Counter GmbH,Stadt Karlsruhe,752,Erbprinzenstraße,100004165,Y2H16070301,8.4027153,49.0072864,(UTC+01:00) Europe/Paris DST,2013-01-01T04:00:00+01:00,13,17,na,30,5.0,0.0,na
Eco Counter GmbH,Stadt Karlsruhe,752,Erbprinzenstraße,100004165,Y2H16070301,8.4027153,49.0072864,(UTC+01:00) Europe/Paris DST,2013-01-01T05:00:00+01:00,9,10,na,19,5.0,0.0,na
Eco Counter GmbH,Stadt Karlsruhe,752,Erbprinzenstraße,100004165,Y2H16070301,8.4027153,49.0072864,(UTC+01:00) Europe/Paris DST,2013-01-01T06:00:00+01:00,6,1,na,7,6.0,0.0,na
Eco Counter GmbH,Stadt Karlsruhe,752,Erbprinzenstraße,100004165,Y2H16070301,8.4027153,49.0072864,(UTC+01:00) Europe/Paris DST,2013-01-01T07:00:00+01:00,3,4,na,7,5.0,0.0,na
Eco Counter GmbH,Stadt Karlsruhe,752,Erbprinzenstraße,100004165,Y2H16070301,8.4027153,49.0072864,(UTC+01:00) Europe/Paris DST,2013-01-01T08:00:00+01:00,6,3,na,9,5.0,0.2,na
Eco Counter GmbH,Stadt Karlsruhe,752,Erbprinzenstraße,100004165,Y2H16070301,8.4027153,49.0072864,(UTC+01:00) Europe/Paris DST,2013-01-01T09:00:00+01:00,2,2,na,4,6.0,0.3,na
Eco Counter GmbH,Stadt Karlsruhe,752,Erbprinzenstraße,100004165,Y2H16070301,8.4027153,49.0072864,(UTC+01:00) Europe/Paris DST,2013-01-01T10:00:00+01:00,3,6,na,9,6.0,0.5,na
Eco Counter GmbH,Stadt Karlsruhe,752,Erbprinzenstraße,100004165,Y2H16070301,8.4027153,49.0072864,(UTC+01:00) Europe/Paris DST,2013-01-01T11:00:00+01:00,3,3,na,6,6.0,0.6,na
Eco Counter GmbH,Stadt Karlsruhe,752,Erbprinzenstraße,100004165,Y2H16070301,8.4027153,49.0072864,(UTC+01:00) Europe/Paris DST,2013-01-01T12:00:00+01:00,5,9,na,14,6.0,0.6,na
Eco Counter GmbH,Stadt Karlsruhe,752,Erbprinzenstraße,100004165,Y2H16070301,8.4027153,49.0072864,(UTC+01:00) Europe/Paris DST,2013-01-01T13:00:00+01:00,6,5,na,11,7.0,0.7,na
Eco Counter GmbH,Stadt Karlsruhe,752,Erbprinzenstraße,100004165,Y2H16070301,8.4027153,49.0072864,(UTC+01:00) Europe/Paris DST,2013-01-01T14:00:00+01:00,11,16,na,27,7.0,0.4,na
Eco Counter GmbH,Stadt Karlsruhe,752,Erbprinzenstraße,100004165,Y2H16070301,8.4027153,49.0072864,(UTC+01:00) Europe/Paris DST,2013-01-01T15:00:00+01:00,11,22,na,33,6.0,0.2,na
Eco Counter GmbH,Stadt Karlsruhe,752,Erbprinzenstraße,100004165,Y2H16070301,8.4027153,49.0072864,(UTC+01:00) Europe/Paris DST,2013-01-01T16:00:00+01:00,13,25,na,38,6.0,0.2,na
Eco Counter GmbH,Stadt Karlsruhe,752,Erbprinzenstraße,100004165,Y2H16070301,8.4027153,49.0072864,(UTC+01:00) Europe/Paris DST,2013-01-01T17:00:00+01:00,9,16,na,25,6.0,0.5,na
Eco Counter GmbH,Stadt Karlsruhe,752,Erbprinzenstraße,100004165,Y2H16070301,8.4027153,49.0072864,(UTC+01:00) Europe/Paris DST,2013-01-01T18:00:00+01:00,14,16,na,30,5.0,0.4,na
Eco Counter GmbH,Stadt Karlsruhe,752,Erbprinzenstraße,100004165,Y2H16070301,8.4027153,49.0072864,(UTC+01:00) Europe/Paris DST,2013-01-01T19:00:00+01:00,11,8,na,19,6.0,0.3,na
Eco Counter GmbH,Stadt Karlsruhe,752,Erbprinzenstraße,100004165,Y2H16070301,8.4027153,49.0072864,(UTC+01:00) Europe/Paris DST,2013-01-01T20:00:00+01:00,8,12,na,20,5.0,0.0,na
Eco Counter GmbH,Stadt Karlsruhe,752,Erbprinzenstraße,100004165,Y2H16070301,8.4027153,49.0072864,(UTC+01:00) Europe/Paris DST,2013-01-01T21:00:00+01:00,6,9,na,15,5.0,0.0,na
Eco Counter GmbH,Stadt Karlsruhe,752,Erbprinzenstraße,100004165,Y2H16070301,8.4027153,49.0072864,(UTC+01:00) Europe/Paris DST,2013-01-01T22:00:00+01:00,6,8,na,14,4.0,0.0,na
Eco Counter GmbH,Stadt Karlsruhe,752,Erbprinzenstraße,100004165,Y2H16070301,8.4027153,49.0072864,(UTC+01:00) Europe/Paris DST,2013-01-01T23:00:00+01:00,4,5,na,9,3.0,0.0,na
Eco Counter GmbH,Stadt Karlsruhe,752,Erbprinzenstraße,100004165,Y2H16070301,8.4027153,49.0072864,(UTC+01:00) Europe/Paris DST,2013-01-02T00:00:00+01:00,2,4,na,6,3.0,0.0,na
Eco Counter GmbH,Stadt Karlsruhe,752,Erbprinzenstraße,100004165,Y2H16070301,8.4027153,49.0072864,(UTC+01:00) Europe/Paris DST,2013-01-02T01:00:00+01:00,1,2,na,3,2.0,0.0,na
Eco Counter GmbH,Stadt Karlsruhe,752,Erbprinzenstraße,100004165,Y2H16070301,8.4027153,49.0072864,(UTC+01:00) Europe/Paris DST,2013-01-02T02:00:00+01:00,1,1,na,2,2.0,0.0,na
Eco Counter GmbH,Stadt Karlsruhe,752,Erbprinzenstraße,100004165,Y2H16070301,8.4027153,49.0072864,(UTC+01:00) Europe/Paris DST,2013-01-02T03:00:00+01:00,1,1,na,2,2.0,0.0,na
Eco Counter GmbH,Stadt Karlsruhe,752,Erbprinzenstraße,100004165,Y2H16070301,8.4027153,49.0072864,(UTC+01:00) Europe/Paris DST,2013-01-02T04:00:00+01:00,11,5,na,16,2.0,0.0,na
Eco Counter GmbH,Stadt Karlsruhe,752,Erbprinzenstraße,100004165,Y2H16070301,8.4027153,49.0072864,(UTC+01:00) Europe/Paris DST,2013-01-02T05:00:00+01:00,5,13,na,18,2.0,0.0,na
Eco Counter GmbH,Stadt Karlsruhe,752,Erbprinzenstraße,100004165,Y2H16070301,8.4027153,49.0072864,(UTC+01:00) Europe/Paris DST,2013-01-02T06:00:00+01:00,21,23,na,44,2.0,0.0,na
Eco Counter GmbH,Stadt Karlsruhe,752,Erbprinzenstraße,100004165,Y2H16070301,8.4027153,49.0072864,(UTC+01:00) Europe/Paris DST,2013-01-02T07:00:00+01:00,34,35,na,69,2.0,0.0,na
Eco Counter GmbH,Stadt Karlsruhe,752,Erbprinzenstraße,100004165,Y2H16070301,8.4027153,49.0072864,(UTC+01:00) Europe/Paris DST,2013-01-02T08:00:00+01:00,58,67,na,125,3.0,0.0,na
Eco Counter GmbH,Stadt Karlsruhe,752,Erbprinzenstraße,100004165,Y2H16070301,8.4027153,49.0072864,(UTC+01:00) Europe/Paris DST,2013-01-02T09:00:00+01:00,65,72,na,137,4.0,0.0,na
Eco Counter GmbH,Stadt Karlsruhe,752,Erbprinzenstraße,100004165,Y2H16070301,8.4027153,49.0072864,(UTC+01:00) Europe/Paris DST,2013-01-02T10:00:00+01:00,86,73,na,159,4.0,0.0,na
Eco Counter GmbH,Stadt Karlsruhe,752,Erbprinzenstraße,100004165,Y2H16070301,8.4027153,49.0072864,(UTC+01:00) Europe/Paris DST,2013-01-02T11:00:00+01:00,99,107,na,206,5.0,0.0,na
Eco Counter GmbH,Stadt Karlsruhe,752,Erbprinzenstraße,100004165,Y2H16070301,8.4027153,49.0072864,(UTC+01:00) Europe/Paris DST,2013-01-02T12:00:00+01:00,101,125,na,226,5.0,0.0,na
Eco Counter GmbH,Stadt Karlsruhe,752,Erbprinzenstraße,100004165,Y2H16070301,8.4027153,49.0072864,(UTC+01:00) Europe/Paris DST,2013-01-02T13:00:00+01:00,82,130,na,212,5.0,0.0,na
Eco Counter GmbH,Stadt Karlsruhe,752,Erbprinzenstraße,100004165,Y2H16070301,8.4027153,49.0072864,(UTC+01:00) Europe/Paris DST,2013-01-02T14:00:00+01:00,94,112,na,206,5.0,0.0,na
Eco Counter GmbH,Stadt Karlsruhe,752,Erbprinzenstraße,100004165,Y2H16070301,8.4027153,49.0072864,(UTC+01:00) Europe/Paris DST,2013-01-02T15:00:00+01:00,92,107,na,199,5.0,0.0,na
Eco Counter GmbH,Stadt Karlsruhe,752,Erbprinzenstraße,100004165,Y2H16070301,8.4027153,49.0072864,(UTC+01:00) Europe/Paris DST,2013-01-02T16:00:00+01:00,113,154,na,267,4.0,0.0,na
Eco Counter GmbH,Stadt Karlsruhe,752,Erbprinzenstraße,100004165,Y2H16070301,8.4027153,49.0072864,(UTC+01:00) Europe/Paris DST,2013-01-02T17:00:00+01:00,121,132,na,253,4.0,0.0,na
Eco Counter GmbH,Stadt Karlsruhe,752,Erbprinzenstraße,100004165,Y2H16070301,8.4027153,49.0072864,(UTC+01:00) Europe/Paris DST,2013-01-02T18:00:00+01:00,93,121,na,214,4.0,0.0,na
Eco Counter GmbH,Stadt Karlsruhe,752,Erbprinzenstraße,100004165,Y2H16070301,8.4027153,49.0072864,(UTC+01:00) Europe/Paris DST,2013-01-02T19:00:00+01:00,59,91,na,150,4.0,0.0,na
Eco Counter GmbH,Stadt Karlsruhe,752,Erbprinzenstraße,100004165,Y2H16070301,8.4027153,49.0072864,(UTC+01:00) Europe/Paris DST,2013-01-02T20:00:00+01:00,26,62,na,88,3.0,0.0,na
Eco Counter GmbH,Stadt Karlsruhe,752,Erbprinzenstraße,100004165,Y2H16070301,8.4027153,49.0072864,(UTC+01:00) Europe/Paris DST,2013-01-02T21:00:00+01:00,18,24,na,42,3.0,0.0,na
Eco Counter GmbH,Stadt Karlsruhe,752,Erbprinzenstraße,100004165,Y2H16070301,8.4027153,49.0072864,(UTC+01:00) Europe/Paris DST,2013-01-02T22:00:00+01:00,9,16,na,25,3.0,0.0,na
Eco Counter GmbH,Stadt Karlsruhe,752,Erbprinzenstraße,100004165,Y2H16070301,8.4027153,49.0072864,(UTC+01:00) Europe/Paris DST,2013-01-02T23:00:00+01:00,10,25,na,35,3.0,0.0,na
Eco Counter GmbH,Stadt Karlsruhe,752,Erbprinzenstraße,100004165,Y2H16070301,8.4027153,49.0072864,(UTC+01:00) Europe/Paris DST,2013-01-03T00:00:00+01:00,10,10,na,20,2.0,0.0,na
Eco Counter GmbH,Stadt Karlsruhe,752,Erbprinzenstraße,100004165,Y2H16070301,8.4027153,49.0072864,(UTC+01:00) Europe/Paris DST,2013-01-03T01:00:00+01:00,5,3,na,8,2.0,0.0,na
Eco Counter GmbH,Stadt Karlsruhe,752,Erbprinzenstraße,100004165,Y2H16070301,8.4027153,49.0072864,(UTC+01:00) Europe/Paris DST,2013-01-03T02:00:00+01:00,2,3,na,5,2.0,0.0,na
Eco Counter GmbH,Stadt Karlsruhe,752,Erbprinzenstraße,100004165,Y2H16070301,8.4027153,49.0072864,(UTC+01:00) Europe/Paris DST,2013-01-03T03:00:00+01:00,3,3,na,6,2.0,0.0,na
Eco Counter GmbH,Stadt Karlsruhe,752,Erbprinzenstraße,100004165,Y2H16070301,8.4027153,49.0072864,(UTC+01:00) Europe/Paris DST,2013-01-03T04:00:00+01:00,2,2,na,4,3.0,0.0,na
Eco Counter GmbH,Stadt Karlsruhe,752,Erbprinzenstraße,100004165,Y2H16070301,8.4027153,49.0072864,(UTC+01:00) Europe/Paris DST,2013-01-03T05:00:00+01:00,10,17,na,27,3.0,0.0,na
Eco Counter GmbH,Stadt Karlsruhe,752,Erbprinzenstraße,100004165,Y2H16070301,8.4027153,49.0072864,(UTC+01:00) Europe/Paris DST,2013-01-03T06:00:00+01:00,12,27,na,39,3.0,0.0,na
Eco Counter GmbH,Stadt Karlsruhe,752,Erbprinzenstraße,100004165,Y2H16070301,8.4027153,49.0072864,(UTC+01:00) Europe/Paris DST,2013-01-03T07:00:00+01:00,35,32,na,67,3.0,0.0,na
Eco Counter GmbH,Stadt Karlsruhe,752,Erbprinzenstraße,100004165,Y2H16070301,8.4027153,49.0072864,(UTC+01:00) Europe/Paris DST,2013-01-03T08:00:00+01:00,55,52,na,107,3.0,0.0,na
Eco Counter GmbH,Stadt Karlsruhe,752,Erbprinzenstraße,100004165,Y2H16070301,8.4027153,49.0072864,(UTC+01:00) Europe/Paris DST,2013-01-03T09:00:00+01:00,50,37,na,87,4.0,0.0,na
Eco Counter GmbH,Stadt Karlsruhe,752,Erbprinzenstraße,100004165,Y2H16070301,8.4027153,49.0072864,(UTC+01:00) Europe/Paris DST,2013-01-03T10:00:00+01:00,38,47,na,85,4.0,0.2,na
Eco Counter GmbH,Stadt Karlsruhe,752,Erbprinzenstraße,100004165,Y2H16070301,8.4027153,49.0072864,(UTC+01:00) Europe/Paris DST,2013-01-03T11:00:00+01:00,48,63,na,111,5.0,0.4,na
Eco Counter GmbH,Stadt Karlsruhe,752,Erbprinzenstraße,100004165,Y2H16070301,8.4027153,49.0072864,(UTC+01:00) Europe/Paris DST,2013-01-03T12:00:00+01:00,75,92,na,167,5.0,0.2,na
Eco Counter GmbH,Stadt Karlsruhe,752,Erbprinzenstraße,100004165,Y2H16070301,8.4027153,49.0072864,(UTC+01:00) Europe/Paris DST,2013-01-03T13:00:00+01:00,83,84,na,167,5.0,0.2,na
Eco Counter GmbH,Stadt Karlsruhe,752,Erbprinzenstraße,100004165,Y2H16070301,8.4027153,49.0072864,(UTC+01:00) Europe/Paris DST,2013-01-03T14:00:00+01:00,95,98,na,193,5.0,0.1,na
Eco Counter GmbH,Stadt Karlsruhe,752,Erbprinzenstraße,100004165,Y2H16070301,8.4027153,49.0072864,(UTC+01:00) Europe/Paris DST,2013-01-03T15:00:00+01:00,95,121,na,216,5.0,0.1,na
Eco Counter GmbH,Stadt Karlsruhe,752,Erbprinzenstraße,100004165,Y2H16070301,8.4027153,49.0072864,(UTC+01:00) Europe/Paris DST,2013-01-03T16:00:00+01:00,95,117,na,212,5.0,0.2,na
Eco Counter GmbH,Stadt Karlsruhe,752,Erbprinzenstraße,100004165,Y2H16070301,8.4027153,49.0072864,(UTC+01:00) Europe/Paris DST,2013-01-03T17:00:00+01:00,100,127,na,227,5.0,0.1,na
Eco Counter GmbH,Stadt Karlsruhe,752,Erbprinzenstraße,100004165,Y2H16070301,8.4027153,49.0072864,(UTC+01:00) Europe/Paris DST,2013-01-03T18:00:00+01:00,64,113,na,177,5.0,0.1,na
Eco Counter GmbH,Stadt Karlsruhe,752,Erbprinzenstraße,100004165,Y2H16070301,8.4027153,49.0072864,(UTC+01:00) Europe/Paris DST,2013-01-03T19:00:00+01:00,60,71,na,131,5.0,0.1,na
Eco Counter GmbH,Stadt Karlsruhe,752,Erbprinzenstraße,100004165,Y2H16070301,8.4027153,49.0072864,(UTC+01:00) Europe/Paris DST,2013-01-03T20:00:00+01:00,35,45,na,80,5.0,0.4,na
Eco Counter GmbH,Stadt Karlsruhe,752,Erbprinzenstraße,100004165,Y2H16070301,8.4027153,49.0072864,(UTC+01:00) Europe/Paris DST,2013-01-03T21:00:00+01:00,19,28,na,47,5.0,0.1,na
Eco Counter GmbH,Stadt Karlsruhe,752,Erbprinzenstraße,100004165,Y2H16070301,8.4027153,49.0072864,(UTC+01:00) Europe/Paris DST,2013-01-03T22:00:00+01:00,18,39,na,57,5.0,0.2,na
Eco Counter GmbH,Stadt Karlsruhe,752,Erbprinzenstraße,100004165,Y2H16070301,8.4027153,49.0072864,(UTC+01:00) Europe/Paris DST,2013-01-03T23:00:00+01:00,7,19,na,26,5.0,0.3,na
Eco Counter GmbH,Stadt Karlsruhe,752,Erbprinzenstraße,100004165,Y2H16070301,8.4027153,49.0072864,(UTC+01:00) Europe/Paris DST,2013-01-04T00:00:00+01:00,5,8,na,13,5.0,0.3,na
Eco Counter GmbH,Stadt Karlsruhe,752,Erbprinzenstraße,100004165,Y2H16070301,8.4027153,49.0072864,(UTC+01:00) Europe/Paris DST,2013-01-04T01:00:00+01:00,9,11,na,20,5.0,0.3,na
Eco Counter GmbH,Stadt Karlsruhe,752,Erbprinzenstraße,100004165,Y2H16070301,8.4027153,49.0072864,(UTC+01:00) Europe/Paris DST,2013-01-04T02:00:00+01:00,1,4,na,5,5.0,0.3,na
Eco Counter GmbH,Stadt Karlsruhe,752,Erbprinzenstraße,100004165,Y2H16070301,8.4027153,49.0072864,(UTC+01:00) Europe/Paris DST,2013-01-04T03:00:00+01:00,0,5,na,5,5.0,0.3,na
Eco Counter GmbH,Stadt Karlsruhe,752,Erbprinzenstraße,100004165,Y2H16070301,8.4027153,49.0072864,(UTC+01:00) Europe/Paris DST,2013-01-04T04:00:00+01:00,0,7,na,7,5.0,0.2,na
Eco Counter GmbH,Stadt Karlsruhe,752,Erbprinzenstraße,100004165,Y2H16070301,8.4027153,49.0072864,(UTC+01:00) Europe/Paris DST,2013-01-04T05:00:00+01:00,11,17,na,28,6.0,0.0,na
Eco Counter GmbH,Stadt Karlsruhe,752,Erbprinzenstraße,100004165,Y2H16070301,8.4027153,49.0072864,(UTC+01:00) Europe/Paris DST,2013-01-04T06:00:00+01:00,15,23,na,38,6.0,0.0,na
Eco Counter GmbH,Stadt Karlsruhe,752,Erbprinzenstraße,100004165,Y2H16070301,8.4027153,49.0072864,(UTC+01:00) Europe/Paris DST,2013-01-04T07:00:00+01:00,32,29,na,61,6.0,0.0,na
Eco Counter GmbH,Stadt Karlsruhe,752,Erbprinzenstraße,100004165,Y2H16070301,8.4027153,49.0072864,(UTC+01:00) Europe/Paris DST,2013-01-04T08:00:00+01:00,50,100,na,150,6.0,0.1,na
Eco Counter GmbH,Stadt Karlsruhe,752,Erbprinzenstraße,100004165,Y2H16070301,8.4027153,49.0072864,(UTC+01:00) Europe/Paris DST,2013-01-04T09:00:00+01:00,66,74,na,140,7.0,0.1,na
Eco Counter GmbH,Stadt Karlsruhe,752,Erbprinzenstraße,100004165,Y2H16070301,8.4027153,49.0072864,(UTC+01:00) Europe/Paris DST,2013-01-04T10:00:00+01:00,91,96,na,187,7.0,0.2,na
Eco Counter GmbH,Stadt Karlsruhe,752,Erbprinzenstraße,100004165,Y2H16070301,8.4027153,49.0072864,(UTC+01:00) Europe/Paris DST,2013-01-04T11:00:00+01:00,87,118,na,205,8.0,0.2,na
Eco Counter GmbH,Stadt Karlsruhe,752,Erbprinzenstraße,100004165,Y2H16070301,8.4027153,49.0072864,(UTC+01:00) Europe/Paris DST,2013-01-04T12:00:00+01:00,102,129,na,231,8.0,0.3,na
Eco Counter GmbH,Stadt Karlsruhe,752,Erbprinzenstraße,100004165,Y2H16070301,8.4027153,49.0072864,(UTC+01:00) Europe/Paris DST,2013-01-04T13:00:00+01:00,95,113,na,208,8.0,0.2,na
Eco Counter GmbH,Stadt Karlsruhe,752,Erbprinzenstraße,100004165,Y2H16070301,8.4027153,49.0072864,(UTC+01:00) Europe/Paris DST,2013-01-04T14:00:00+01:00,84,117,na,201,8.0,0.0,na
Eco Counter GmbH,Stadt Karlsruhe,752,Erbprinzenstraße,100004165,Y2H16070301,8.4027153,49.0072864,(UTC+01:00) Europe/Paris DST,2013-01-04T15:00:00+01:00,111,120,na,231,8.0,0.0,na
Eco Counter GmbH,Stadt Karlsruhe,752,Erbprinzenstraße,100004165,Y2H16070301,8.4027153,49.0072864,(UTC+01:00) Europe/Paris DST,2013-01-04T16:00:00+01:00,116,122,na,238,8.0,0.0,na
Eco Counter GmbH,Stadt Karlsruhe,752,Erbprinzenstraße,100004165,Y2H16070301,8.4027153,49.0072864,(UTC+01:00) Europe/Paris DST,2013-01-04T17:00:00+01:00,108,136,na,244,8.0,0.0,na
Eco Counter GmbH,Stadt Karlsruhe,752,Erbprinzenstraße,100004165,Y2H16070301,8.4027153,49.0072864,(UTC+01:00) Europe/Paris DST,2013-01-04T18:00:00+01:00,91,133,na,224,8.0,0.0,na
Eco Counter GmbH,Stadt Karlsruhe,752,Erbprinzenstraße,100004165,Y2H16070301,8.4027153,49.0072864,(UTC+01:00) Europe/Paris DST,2013-01-04T19:00:00+01:00,59,87,na,146,8.0,0.0,na
Eco Counter GmbH,Stadt Karlsruhe,752,Erbprinzenstraße,100004165,Y2H16070301,8.4027153,49.0072864,(UTC+01:00) Europe/Paris DST,2013-01-04T20:00:00+01:00,44,83,na,127,8.0,0.0,na
Eco Counter GmbH,Stadt Karlsruhe,752,Erbprinzenstraße,100004165,Y2H16070301,8.4027153,49.0072864,(UTC+01:00) Europe/Paris DST,2013-01-04T21:00:00+01:00,20,34,na,54,8.0,0.0,na
Eco Counter GmbH,Stadt Karlsruhe,752,Erbprinzenstraße,100004165,Y2H16070301,8.4027153,49.0072864,(UTC+01:00) Europe/Paris DST,2013-01-04T22:00:00+01:00,19,26,na,45,8.0,0.0,na
Eco Counter GmbH,Stadt Karlsruhe,752,Erbprinzenstraße,100004165,Y2H16070301,8.4027153,49.0072864,(UTC+01:00) Europe/Paris DST,2013-01-04T23:00:00+01:00,14,26,na,40,7.0,0.0,na
Eco Counter GmbH,Stadt Karlsruhe,752,Erbprinzenstraße,100004165,Y2H16070301,8.4027153,49.0072864,(UTC+01:00) Europe/Paris DST,2013-01-05T00:00:00+01:00,17,42,na,59,7.0,0.0,na
Eco Counter GmbH,Stadt Karlsruhe,752,Erbprinzenstraße,100004165,Y2H16070301,8.4027153,49.0072864,(UTC+01:00) Europe/Paris DST,2013-01-05T01:00:00+01:00,12,17,na,29,7.0,0.0,na
Eco Counter GmbH,Stadt Karlsruhe,752,Erbprinzenstraße,100004165,Y2H16070301,8.4027153,49.0072864,(UTC+01:00) Europe/Paris DST,2013-01-05T02:00:00+01:00,8,6,na,14,7.0,0.0,na
Eco Counter GmbH,Stadt Karlsruhe,752,Erbprinzenstraße,100004165,Y2H16070301,8.4027153,49.0072864,(UTC+01:00) Europe/Paris DST,2013-01-05T03:00:00+01:00,13,13,na,26,7.0,0.0,na
Eco Counter GmbH,Stadt Karlsruhe,752,Erbprinzenstraße,100004165,Y2H16070301,8.4027153,49.0072864,(UTC+01:00) Europe/Paris DST,2013-01-05T04:00:00+01:00,5,16,na,21,7.0,0.0,na
Eco Counter GmbH,Stadt Karlsruhe,752,Erbprinzenstraße,100004165,Y2H16070301,8.4027153,49.0072864,(UTC+01:00) Europe/Paris DST,2013-01-05T05:00:00+01:00,6,13,na,19,7.0,0.0,na
Eco Counter GmbH,Stadt Karlsruhe,752,Erbprinzenstraße,100004165,Y2H16070301,8.4027153,49.0072864,(UTC+01:00) Europe/Paris DST,2013-01-05T06:00:00+01:00,9,7,na,16,7.0,0.0,na
Eco Counter GmbH,Stadt Karlsruhe,752,Erbprinzenstraße,100004165,Y2H16070301,8.4027153,49.0072864,(UTC+01:00) Europe/Paris DST,2013-01-05T07:00:00+01:00,4,5,na,9,7.0,0.0,na
Eco Counter GmbH,Stadt Karlsruhe,752,Erbprinzenstraße,100004165,Y2H16070301,8.4027153,49.0072864,(UTC+01:00) Europe/Paris DST,2013-01-05T08:00:00+01:00,14,6,na,20,7.0,0.1,na
Eco Counter GmbH,Stadt Karlsruhe,752,Erbprinzenstraße,100004165,Y2H16070301,8.4027153,49.0072864,(UTC+01:00) Europe/Paris DST,2013-01-05T09:00:00+01:00,25,38,na,63,7.0,0.0,na
Eco Counter GmbH,Stadt Karlsruhe,752,Erbprinzenstraße,100004165,Y2H16070301,8.4027153,49.0072864,(UTC+01:00) Europe/Paris DST,2013-01-05T10:00:00+01:00,60,71,na,131,8.0,0.0,na
Eco Counter GmbH,Stadt Karlsruhe,752,Erbprinzenstraße,100004165,Y2H16070301,8.4027153,49.0072864,(UTC+01:00) Europe/Paris DST,2013-01-05T11:00:00+01:00,76,74,na,150,8.0,0.0,na
Eco Counter GmbH,Stadt Karlsruhe,752,Erbprinzenstraße,100004165,Y2H16070301,8.4027153,49.0072864,(UTC+01:00) Europe/Paris DST,2013-01-05T12:00:00+01:00,89,106,na,195,8.0,0.0,na
Eco Counter GmbH,Stadt Karlsruhe,752,Erbprinzenstraße,100004165,Y2H16070301,8.4027153,49.0072864,(UTC+01:00) Europe/Paris DST,2013-01-05T13:00:00+01:00,104,112,na,216,8.0,0.0,na
Eco Counter GmbH,Stadt Karlsruhe,752,Erbprinzenstraße,100004165,Y2H16070301,8.4027153,49.0072864,(UTC+01:00) Europe/Paris DST,2013-01-05T14:00:00+01:00,100,137,na,237,8.0,0.0,na
Eco Counter GmbH,Stadt Karlsruhe,752,Erbprinzenstraße,100004165,Y2H16070301,8.4027153,49.0072864,(UTC+01:00) Europe/Paris DST,2013-01-05T15:00:00+01:00,112,134,na,246,7.0,0.0,na
Eco Counter GmbH,Stadt Karlsruhe,752,Erbprinzenstraße,100004165,Y2H16070301,8.4027153,49.0072864,(UTC+01:00) Europe/Paris DST,2013-01-05T16:00:00+01:00,98,128,na,226,7.0,0.0,na
Eco Counter GmbH,Stadt Karlsruhe,752,Erbprinzenstraße,100004165,Y2H16070301,8.4027153,49.0072864,(UTC+01:00) Europe/Paris DST,2013-01-05T17:00:00+01:00,67,96,na,163,7.0,0.0,na
Eco Counter GmbH,Stadt Karlsruhe,752,Erbprinzenstraße,100004165,Y2H16070301,8.4027153,49.0072864,(UTC+01:00) Europe/Paris DST,2013-01-05T18:00:00+01:00,67,109,na,176,6.0,0.0,na
Eco Counter GmbH,Stadt Karlsruhe,752,Erbprinzenstraße,100004165,Y2H16070301,8.4027153,49.0072864,(UTC+01:00) Europe/Paris DST,2013-01-05T19:00:00+01:00,42,74,na,116,6.0,0.0,na
Eco Counter GmbH,Stadt Karlsruhe,752,Erbprinzenstraße,100004165,Y2H16070301,8.4027153,49.0072864,(UTC+01:00) Europe/Paris DST,2013-01-05T20:00:00+01:00,30,68,na,98,6.0,0.0,na
Eco Counter GmbH,Stadt Karlsruhe,752,Erbprinzenstraße,100004165,Y2H16070301,8.4027153,49.0072864,(UTC+01:00) Europe/Paris DST,2013-01-05T21:00:00+01:00,21,25,na,46,6.0,0.0,na
Eco Counter GmbH,Stadt Karlsruhe,752,Erbprinzenstraße,100004165,Y2H16070301,8.4027153,49.0072864,(UTC+01:00) Europe/Paris DST,2013-01-05T22:00:00+01:00,11,20,na,31,6.0,0.0,na
Eco Counter GmbH,Stadt Karlsruhe,752,Erbprinzenstraße,100004165,Y2H16070301,8.4027153,49.0072864,(UTC+01:00) Europe/Paris DST,2013-01-05T23:00:00+01:00,11,17,na,28,6.0,0.0,na
Eco Counter GmbH,Stadt Karlsruhe,752,Erbprinzenstraße,100004165,Y2H16070301,8.4027153,49.0072864,(UTC+01:00) Europe/Paris DST,2013-01-06T00:00:00+01:00,13,24,na,37,6.0,0.0,na
Eco Counter GmbH,Stadt Karlsruhe,752,Erbprinzenstraße,100004165,Y2H16070301,8.4027153,49.0072864,(UTC+01:00) Europe/Paris DST,2013-01-06T01:00:00+01:00,19,18,na,37,6.0,0.0,na
Eco Counter GmbH,Stadt Karlsruhe,752,Erbprinzenstraße,100004165,Y2H16070301,8.4027153,49.0072864,(UTC+01:00) Europe/Paris DST,2013-01-06T02:00:00+01:00,9,16,na,25,6.0,0.0,na
Eco Counter GmbH,Stadt Karlsruhe,752,Erbprinzenstraße,100004165,Y2H16070301,8.4027153,49.0072864,(UTC+01:00) Europe/Paris DST,2013-01-06T03:00:00+01:00,7,10,na,17,6.0,0.0,na
Eco Counter GmbH,Stadt Karlsruhe,752,Erbprinzenstraße,100004165,Y2H16070301,8.4027153,49.0072864,(UTC+01:00) Europe/Paris DST,2013-01-06T04:00:00+01:00,21,11,na,32,6.0,0.0,na
Eco Counter GmbH,Stadt Karlsruhe,752,Erbprinzenstraße,100004165,Y2H16070301,8.4027153,49.0072864,(UTC+01:00) Europe/Paris DST,2013-01-06T05:00:00+01:00,4,3,na,7,6.0,0.0,na
Eco Counter GmbH,Stadt Karlsruhe,752,Erbprinzenstraße,100004165,Y2H16070301,8.4027153,49.0072864,(UTC+01:00) Europe/Paris DST,2013-01-06T06:00:00+01:00,9,3,na,12,6.0,0.0,na
Eco Counter GmbH,Stadt Karlsruhe,752,Erbprinzenstraße,100004165,Y2H16070301,8.4027153,49.0072864,(UTC+01:00) Europe/Paris DST,2013-01-06T07:00:00+01:00,2,4,na,6,6.0,0.0,na
Eco Counter GmbH,Stadt Karlsruhe,752,Erbprinzenstraße,100004165,Y2H16070301,8.4027153,49.0072864,(UTC+01:00) Europe/Paris DST,2013-01-06T08:00:00+01:00,15,11,na,26,6.0,0.0,na
Eco Counter GmbH,Stadt Karlsruhe,752,Erbprinzenstraße,100004165,Y2H16070301,8.4027153,49.0072864,(UTC+01:00) Europe/Paris DST,2013-01-06T09:00:00+01:00,9,13,na,22,6.0,0.0,na
Eco Counter GmbH,Stadt Karlsruhe,752,Erbprinzenstraße,100004165,Y2H16070301,8.4027153,49.0072864,(UTC+01:00) Europe/Paris DST,2013-01-06T10:00:00+01:00,17,24,na,41,7.0,0.1,na
Eco Counter GmbH,Stadt Karlsruhe,752,Erbprinzenstraße,100004165,Y2H16070301,8.4027153,49.0072864,(UTC+01:00) Europe/Paris DST,2013-01-06T11:00:00+01:00,28,37,na,65,7.0,0.0,na
Eco Counter GmbH,Stadt Karlsruhe,752,Erbprinzenstraße,100004165,Y2H16070301,8.4027153,49.0072864,(UTC+01:00) Europe/Paris DST,2013-01-06T12:00:00+01:00,23,24,na,47,7.0,0.0,na
Eco Counter GmbH,Stadt Karlsruhe,752,Erbprinzenstraße,100004165,Y2H16070301,8.4027153,49.0072864,(UTC+01:00) Europe/Paris DST,2013-01-06T13:00:00+01:00,33,25,na,58,7.0,0.0,na
Eco Counter GmbH,Stadt Karlsruhe,752,Erbprinzenstraße,100004165,Y2H16070301,8.4027153,49.0072864,(UTC+01:00) Europe/Paris DST,2013-01-06T14:00:00+01:00,46,28,na,74,7.0,0.0,na
Eco Counter GmbH,Stadt Karlsruhe,752,Erbprinzenstraße,100004165,Y2H16070301,8.4027153,49.0072864,(UTC+01:00) Europe/Paris DST,2013-01-06T15:00:00+01:00,65,36,na,101,7.0,0.0,na
Eco Counter GmbH,Stadt Karlsruhe,752,Erbprinzenstraße,100004165,Y2H16070301,8.4027153,49.0072864,(UTC+01:00) Europe/Paris DST,2013-01-06T16:00:00+01:00,46,40,na,86,7.0,0.0,na
Eco Counter GmbH,Stadt Karlsruhe,752,Erbprinzenstraße,100004165,Y2H16070301,8.4027153,49.0072864,(UTC+01:00) Europe/Paris DST,2013-01-06T17:00:00+01:00,30,43,na,73,7.0,0.0,na
Eco Counter GmbH,Stadt Karlsruhe,752,Erbprinzenstraße,100004165,Y2H16070301,8.4027153,49.0072864,(UTC+01:00) Europe/Paris DST,2013-01-06T18:00:00+01:00,35,43,na,78,6.0,0.0,na
Eco Counter GmbH,Stadt Karlsruhe,752,Erbprinzenstraße,100004165,Y2H16070301,8.4027153,49.0072864,(UTC+01:00) Europe/Paris DST,2013-01-06T19:00:00+01:00,25,31,na,56,7.0,0.0,na
Eco Counter GmbH,Stadt Karlsruhe,752,Erbprinzenstraße,100004165,Y2H16070301,8.4027153,49.0072864,(UTC+01:00) Europe/Paris DST,2013-01-06T20:00:00+01:00,20,23,na,43,7.0,0.0,na
Eco Counter GmbH,Stadt Karlsruhe,752,Erbprinzenstraße,100004165,Y2H16070301,8.4027153,49.0072864,(UTC+01:00) Europe/Paris DST,2013-01-06T21:00:00+01:00,20,22,na,42,7.0,0.0,na
Eco Counter GmbH,Stadt Karlsruhe,752,Erbprinzenstraße,100004165,Y2H16070301,8.4027153,49.0072864,(UTC+01:00) Europe/Paris DST,2013-01-06T22:00:00+01:00,13,27,na,40,7.0,0.0,na
Eco Counter GmbH,Stadt Karlsruhe,752,Erbprinzenstraße,100004165,Y2H16070301,8.4027153,49.0072864,(UTC+01:00) Europe/Paris DST,2013-01-06T23:00:00+01:00,10,6,na,16,7.0,0.0,na
Eco Counter GmbH,Stadt Karlsruhe,752,Erbprinzenstraße,100004165,Y2H16070301,8.4027153,49.0072864,(UTC+01:00) Europe/Paris DST,2013-01-07T00:00:00+01:00,2,9,na,11,6.0,0.0,na
Eco Counter GmbH,Stadt Karlsruhe,752,Erbprinzenstraße,100004165,Y2H16070301,8.4027153,49.0072864,(UTC+01:00) Europe/Paris DST,2013-01-07T01:00:00+01:00,3,3,na,6,5.0,0.0,na
Eco Counter GmbH,Stadt Karlsruhe,752,Erbprinzenstraße,100004165,Y2H16070301,8.4027153,49.0072864,(UTC+01:00) Europe/Paris DST,2013-01-07T02:00:00+01:00,1,1,na,2,5.0,0.0,na
Eco Counter GmbH,Stadt Karlsruhe,752,Erbprinzenstraße,100004165,Y2H16070301,8.4027153,49.0072864,(UTC+01:00) Europe/Paris DST,2013-01-07T03:00:00+01:00,1,1,na,2,5.0,0.0,na
Eco Counter GmbH,Stadt Karlsruhe,752,Erbprinzenstraße,100004165,Y2H16070301,8.4027153,49.0072864,(UTC+01:00) Europe/Paris DST,2013-01-07T04:00:00+01:00,6,5,na,11,5.0,0.0,na
Eco Counter GmbH,Stadt Karlsruhe,752,Erbprinzenstraße,100004165,Y2H16070301,8.4027153,49.0072864,(UTC+01:00) Europe/Paris DST,2013-01-07T05:00:00+01:00,18,30,na,48,5.0,0.0,na
Eco Counter GmbH,Stadt Karlsruhe,752,Erbprinzenstraße,100004165,Y2H16070301,8.4027153,49.0072864,(UTC+01:00) Europe/Paris DST,2013-01-07T06:00:00+01:00,36,20,na,56,5.0,0.0,na
Eco Counter GmbH,Stadt Karlsruhe,752,Erbprinzenstraße,100004165,Y2H16070301,8.4027153,49.0072864,(UTC+01:00) Europe/Paris DST,2013-01-07T07:00:00+01:00,76,125,na,201,5.0,0.0,na
Eco Counter GmbH,Stadt Karlsruhe,752,Erbprinzenstraße,100004165,Y2H16070301,8.4027153,49.0072864,(UTC+01:00) Europe/Paris DST,2013-01-07T08:00:00+01:00,104,165,na,269,5.0,0.0,na
Eco Counter GmbH,Stadt Karlsruhe,752,Erbprinzenstraße,100004165,Y2H16070301,8.4027153,49.0072864,(UTC+01:00) Europe/Paris DST,2013-01-07T09:00:00+01:00,115,160,na,275,6.0,0.0,na
Eco Counter GmbH,Stadt Karlsruhe,752,Erbprinzenstraße,100004165,Y2H16070301,8.4027153,49.0072864,(UTC+01:00) Europe/Paris DST,2013-01-07T10:00:00+01:00,102,120,na,222,7.0,0.0,na
Eco Counter GmbH,Stadt Karlsruhe,752,Erbprinzenstraße,100004165,Y2H16070301,8.4027153,49.0072864,(UTC+01:00) Europe/Paris DST,2013-01-07T11:00:00+01:00,99,171,na,270,8.0,0.0,na
Eco Counter GmbH,Stadt Karlsruhe,752,Erbprinzenstraße,100004165,Y2H16070301,8.4027153,49.0072864,(UTC+01:00) Europe/Paris DST,2013-01-07T12:00:00+01:00,116,159,na,275,8.0,0.0,na
Eco Counter GmbH,Stadt Karlsruhe,752,Erbprinzenstraße,100004165,Y2H16070301,8.4027153,49.0072864,(UTC+01:00) Europe/Paris DST,2013-01-07T13:00:00+01:00,137,157,na,294,7.0,0.0,na
Eco Counter GmbH,Stadt Karlsruhe,752,Erbprinzenstraße,100004165,Y2H16070301,8.4027153,49.0072864,(UTC+01:00) Europe/Paris DST,2013-01-07T14:00:00+01:00,135,134,na,269,7.0,0.0,na
Eco Counter GmbH,Stadt Karlsruhe,752,Erbprinzenstraße,100004165,Y2H16070301,8.4027153,49.0072864,(UTC+01:00) Europe/Paris DST,2013-01-07T15:00:00+01:00,150,182,na,332,7.0,0.0,na
Eco Counter GmbH,Stadt Karlsruhe,752,Erbprinzenstraße,100004165,Y2H16070301,8.4027153,49.0072864,(UTC+01:00) Europe/Paris DST,2013-01-07T16:00:00+01:00,160,183,na,343,6.0,0.0,na
Eco Counter GmbH,Stadt Karlsruhe,752,Erbprinzenstraße,100004165,Y2H16070301,8.4027153,49.0072864,(UTC+01:00) Europe/Paris DST,2013-01-07T17:00:00+01:00,186,227,na,413,6.0,0.0,na
Eco Counter GmbH,Stadt Karlsruhe,752,Erbprinzenstraße,100004165,Y2H16070301,8.4027153,49.0072864,(UTC+01:00) Europe/Paris DST,2013-01-07T18:00:00+01:00,153,179,na,332,6.0,0.0,na
Eco Counter GmbH,Stadt Karlsruhe,752,Erbprinzenstraße,100004165,Y2H16070301,8.4027153,49.0072864,(UTC+01:00) Europe/Paris DST,2013-01-07T19:00:00+01:00,107,145,na,252,5.0,0.0,na
Eco Counter GmbH,Stadt Karlsruhe,752,Erbprinzenstraße,100004165,Y2H16070301,8.4027153,49.0072864,(UTC+01:00) Europe/Paris DST,2013-01-07T20:00:00+01:00,61,103,na,164,4.0,0.0,na
Eco Counter GmbH,Stadt Karlsruhe,752,Erbprinzenstraße,100004165,Y2H16070301,8.4027153,49.0072864,(UTC+01:00) Europe/Paris DST,2013-01-07T21:00:00+01:00,39,40,na,79,4.0,0.0,na
Eco Counter GmbH,Stadt Karlsruhe,752,Erbprinzenstraße,100004165,Y2H16070301,8.4027153,49.0072864,(UTC+01:00) Europe/Paris DST,2013-01-07T22:00:00+01:00,32,35,na,67,3.0,0.0,na
Eco Counter GmbH,Stadt Karlsruhe,752,Erbprinzenstraße,100004165,Y2H16070301,8.4027153,49.0072864,(UTC+01:00) Europe/Paris DST,2013-01-07T23:00:00+01:00,22,19,na,41,3.0,0.0,na
Eco Counter GmbH,Stadt Karlsruhe,752,Erbprinzenstraße,100004165,Y2H16070301,8.4027153,49.0072864,(UTC+01:00) Europe/Paris DST,2013-01-08T00:00:00+01:00,13,15,na,28,2.0,0.0,na
Eco Counter GmbH,Stadt Karlsruhe,752,Erbprinzenstraße,100004165,Y2H16070301,8.4027153,49.0072864,(UTC+01:00) Europe/Paris DST,2013-01-08T01:00:00+01:00,6,8,na,14,2.0,0.0,na
Eco Counter GmbH,Stadt Karlsruhe,752,Erbprinzenstraße,100004165,Y2H16070301,8.4027153,49.0072864,(UTC+01:00) Europe/Paris DST,2013-01-08T02:00:00+01:00,0,0,na,0,2.0,0.0,na
Eco Counter GmbH,Stadt Karlsruhe,752,Erbprinzenstraße,100004165,Y2H16070301,8.4027153,49.0072864,(UTC+01:00) Europe/Paris DST,2013-01-08T03:00:00+01:00,2,0,na,2,2.0,0.0,na
Eco Counter GmbH,Stadt Karlsruhe,752,Erbprinzenstraße,100004165,Y2H16070301,8.4027153,49.0072864,(UTC+01:00) Europe/Paris DST,2013-01-08T04:00:00+01:00,6,9,na,15,2.0,0.0,na
Eco Counter GmbH,Stadt Karlsruhe,752,Erbprinzenstraße,100004165,Y2H16070301,8.4027153,49.0072864,(UTC+01:00) Europe/Paris DST,2013-01-08T05:00:00+01:00,10,16,na,26,2.0,0.0,na
Eco Counter GmbH,Stadt Karlsruhe,752,Erbprinzenstraße,100004165,Y2H16070301,8.4027153,49.0072864,(UTC+01:00) Europe/Paris DST,2013-01-08T06:00:00+01:00,25,34,na,59,2.0,0.0,na
Eco Counter GmbH,Stadt Karlsruhe,752,Erbprinzenstraße,100004165,Y2H16070301,8.4027153,49.0072864,(UTC+01:00) Europe/Paris DST,2013-01-08T07:00:00+01:00,92,137,na,229,2.0,0.0,na
Eco Counter GmbH,Stadt Karlsruhe,752,Erbprinzenstraße,100004165,Y2H16070301,8.4027153,49.0072864,(UTC+01:00) Europe/Paris DST,2013-01-08T08:00:00+01:00,133,184,na,317,2.0,0.0,na
Eco Counter GmbH,Stadt Karlsruhe,752,Erbprinzenstraße,100004165,Y2H16070301,8.4027153,49.0072864,(UTC+01:00) Europe/Paris DST,2013-01-08T09:00:00+01:00,122,142,na,264,3.0,0.0,na
Eco Counter GmbH,Stadt Karlsruhe,752,Erbprinzenstraße,100004165,Y2H16070301,8.4027153,49.0072864,(UTC+01:00) Europe/Paris DST,2013-01-08T10:00:00+01:00,91,105,na,196,4.0,0.0,na
Eco Counter GmbH,Stadt Karlsruhe,752,Erbprinzenstraße,100004165,Y2H16070301,8.4027153,49.0072864,(UTC+01:00) Europe/Paris DST,2013-01-08T11:00:00+01:00,107,130,na,237,5.0,0.0,na
Eco Counter GmbH,Stadt Karlsruhe,752,Erbprinzenstraße,100004165,Y2H16070301,8.4027153,49.0072864,(UTC+01:00) Europe/Paris DST,2013-01-08T12:00:00+01:00,133,161,na,294,5.0,0.0,na
Eco Counter GmbH,Stadt Karlsruhe,752,Erbprinzenstraße,100004165,Y2H16070301,8.4027153,49.0072864,(UTC+01:00) Europe/Paris DST,2013-01-08T13:00:00+01:00,135,158,na,293,5.0,0.0,na
Eco Counter GmbH,Stadt Karlsruhe,752,Erbprinzenstraße,100004165,Y2H16070301,8.4027153,49.0072864,(UTC+01:00) Europe/Paris DST,2013-01-08T14:00:00+01:00,114,128,na,242,5.0,0.0,na
Eco Counter GmbH,Stadt Karlsruhe,752,Erbprinzenstraße,100004165,Y2H16070301,8.4027153,49.0072864,(UTC+01:00) Europe/Paris DST,2013-01-08T15:00:00+01:00,137,155,na,292,4.0,0.0,na
Eco Counter GmbH,Stadt Karlsruhe,752,Erbprinzenstraße,100004165,Y2H16070301,8.4027153,49.0072864,(UTC+01:00) Europe/Paris DST,2013-01-08T16:00:00+01:00,156,168,na,324,4.0,0.0,na
Eco Counter GmbH,Stadt Karlsruhe,752,Erbprinzenstraße,100004165,Y2H16070301,8.4027153,49.0072864,(UTC+01:00) Europe/Paris DST,2013-01-08T17:00:00+01:00,187,225,na,412,4.0,0.0,na
Eco Counter GmbH,Stadt Karlsruhe,752,Erbprinzenstraße,100004165,Y2H16070301,8.4027153,49.0072864,(UTC+01:00) Europe/Paris DST,2013-01-08T18:00:00+01:00,139,175,na,314,3.0,0.0,na
Eco Counter GmbH,Stadt Karlsruhe,752,Erbprinzenstraße,100004165,Y2H16070301,8.4027153,49.0072864,(UTC+01:00) Europe/Paris DST,2013-01-08T19:00:00+01:00,107,156,na,263,3.0,0.0,na
Eco Counter GmbH,Stadt Karlsruhe,752,Erbprinzenstraße,100004165,Y2H16070301,8.4027153,49.0072864,(UTC+01:00) Europe/Paris DST,2013-01-08T20:00:00+01:00,58,92,na,150,3.0,0.0,na
Eco Counter GmbH,Stadt Karlsruhe,752,Erbprinzenstraße,100004165,Y2H16070301,8.4027153,49.0072864,(UTC+01:00) Europe/Paris DST,2013-01-08T21:00:00+01:00,40,58,na,98,3.0,0.0,na
Eco Counter GmbH,Stadt Karlsruhe,752,Erbprinzenstraße,100004165,Y2H16070301,8.4027153,49.0072864,(UTC+01:00) Europe/Paris DST,2013-01-08T22:00:00+01:00,30,38,na,68,3.0,0.0,na
Eco Counter GmbH,Stadt Karlsruhe,752,Erbprinzenstraße,100004165,Y2H16070301,8.4027153,49.0072864,(UTC+01:00) Europe/Paris DST,2013-01-08T23:00:00+01:00,19,26,na,45,3.0,0.0,na
Eco Counter GmbH,Stadt Karlsruhe,752,Erbprinzenstraße,100004165,Y2H16070301,8.4027153,49.0072864,(UTC+01:00) Europe/Paris DST,2013-01-09T00:00:00+01:00,11,13,na,24,2.0,0.0,na
Eco Counter GmbH,Stadt Karlsruhe,752,Erbprinzenstraße,100004165,Y2H16070301,8.4027153,49.0072864,(UTC+01:00) Europe/Paris DST,2013-01-09T01:00:00+01:00,4,4,na,8,2.0,0.0,na
Eco Counter GmbH,Stadt Karlsruhe,752,Erbprinzenstraße,100004165,Y2H16070301,8.4027153,49.0072864,(UTC+01:00) Europe/Paris DST,2013-01-09T02:00:00+01:00,0,0,na,0,2.0,0.0,na
Eco Counter GmbH,Stadt Karlsruhe,752,Erbprinzenstraße,100004165,Y2H16070301,8.4027153,49.0072864,(UTC+01:00) Europe/Paris DST,2013-01-09T03:00:00+01:00,2,3,na,5,2.0,0.0,na
Eco Counter GmbH,Stadt Karlsruhe,752,Erbprinzenstraße,100004165,Y2H16070301,8.4027153,49.0072864,(UTC+01:00) Europe/Paris DST,2013-01-09T04:00:00+01:00,4,7,na,11,2.0,0.0,na
Eco Counter GmbH,Stadt Karlsruhe,752,Erbprinzenstraße,100004165,Y2H16070301,8.4027153,49.0072864,(UTC+01:00) Europe/Paris DST,2013-01-09T05:00:00+01:00,6,9,na,15,1.0,0.0,na
Eco Counter GmbH,Stadt Karlsruhe,752,Erbprinzenstraße,100004165,Y2H16070301,8.4027153,49.0072864,(UTC+01:00) Europe/Paris DST,2013-01-09T06:00:00+01:00,23,30,na,53,1.0,0.0,na
Eco Counter GmbH,Stadt Karlsruhe,752,Erbprinzenstraße,100004165,Y2H16070301,8.4027153,49.0072864,(UTC+01:00) Europe/Paris DST,2013-01-09T07:00:00+01:00,85,127,na,212,2.0,0.0,na
Eco Counter GmbH,Stadt Karlsruhe,752,Erbprinzenstraße,100004165,Y2H16070301,8.4027153,49.0072864,(UTC+01:00) Europe/Paris DST,2013-01-09T08:00:00+01:00,133,180,na,313,2.0,0.0,na
Eco Counter GmbH,Stadt Karlsruhe,752,Erbprinzenstraße,100004165,Y2H16070301,8.4027153,49.0072864,(UTC+01:00) Europe/Paris DST,2013-01-09T09:00:00+01:00,143,166,na,309,3.0,0.0,na
Eco Counter GmbH,Stadt Karlsruhe,752,Erbprinzenstraße,100004165,Y2H16070301,8.4027153,49.0072864,(UTC+01:00) Europe/Paris DST,2013-01-09T10:00:00+01:00,102,117,na,219,3.0,0.0,na
Eco Counter GmbH,Stadt Karlsruhe,752,Erbprinzenstraße,100004165,Y2H16070301,8.4027153,49.0072864,(UTC+01:00) Europe/Paris DST,2013-01-09T11:00:00+01:00,112,137,na,249,4.0,0.0,na
Eco Counter GmbH,Stadt Karlsruhe,752,Erbprinzenstraße,100004165,Y2H16070301,8.4027153,49.0072864,(UTC+01:00) Europe/Paris DST,2013-01-09T12:00:00+01:00,119,144,na,263,4.0,0.0,na
Eco Counter GmbH,Stadt Karlsruhe,752,Erbprinzenstraße,100004165,Y2H16070301,8.4027153,49.0072864,(UTC+01:00) Europe/Paris DST,2013-01-09T13:00:00+01:00,135,156,na,291,4.0,0.0,na
Eco Counter GmbH,Stadt Karlsruhe,752,Erbprinzenstraße,100004165,Y2H16070301,8.4027153,49.0072864,(UTC+01:00) Europe/Paris DST,2013-01-09T14:00:00+01:00,114,130,na,244,3.0,0.0,na
Eco Counter GmbH,Stadt Karlsruhe,752,Erbprinzenstraße,100004165,Y2H16070301,8.4027153,49.0072864,(UTC+01:00) Europe/Paris DST,2013-01-09T15:00:00+01:00,129,144,na,273,3.0,0.0,na
Eco Counter GmbH,Stadt Karlsruhe,752,Erbprinzenstraße,100004165,Y2H16070301,8.4027153,49.0072864,(UTC+01:00) Europe/Paris DST,2013-01-09T16:00:00+01:00,163,175,na,338,2.0,0.0,na
Eco Counter GmbH,Stadt Karlsruhe,752,Erbprinzenstraße,100004165,Y2H16070301,8.4027153,49.0072864,(UTC+01:00) Europe/Paris DST,2013-01-09T17:00:00+01:00,188,229,na,417,2.0,0.0,na
Eco Counter GmbH,Stadt Karlsruhe,752,Erbprinzenstraße,100004165,Y2H16070301,8.4027153,49.0072864,(UTC+01:00) Europe/Paris DST,2013-01-09T18:00:00+01:00,110,137,na,247,2.0,0.0,na
Eco Counter GmbH,Stadt Karlsruhe,752,Erbprinzenstraße,100004165,Y2H16070301,8.4027153,49.0072864,(UTC+01:00) Europe/Paris DST,2013-01-09T19:00:00+01:00,75,109,na,184,2.0,0.0,na
Eco Counter GmbH,Stadt Karlsruhe,752,Erbprinzenstraße,100004165,Y2H16070301,8.4027153,49.0072864,(UTC+01:00) Europe/Paris DST,2013-01-09T20:00:00+01:00,43,68,na,111,2.0,0.3,na
Eco Counter GmbH,Stadt Karlsruhe,752,Erbprinzenstraße,100004165,Y2H16070301,8.4027153,49.0072864,(UTC+01:00) Europe/Paris DST,2013-01-09T21:00:00+01:00,30,43,na,73,1.0,0.4,na
Eco Counter GmbH,Stadt Karlsruhe,752,Erbprinzenstraße,100004165,Y2H16070301,8.4027153,49.0072864,(UTC+01:00) Europe/Paris DST,2013-01-09T22:00:00+01:00,25,32,na,57,1.0,0.2,na
Eco Counter GmbH,Stadt Karlsruhe,752,Erbprinzenstraße,100004165,Y2H16070301,8.4027153,49.0072864,(UTC+01:00) Europe/Paris DST,2013-01-09T23:00:00+01:00,19,23,na,42,1.0,0.0,na
Eco Counter GmbH,Stadt Karlsruhe,752,Erbprinzenstraße,100004165,Y2H16070301,8.4027153,49.0072864,(UTC+01:00) Europe/Paris DST,2013-01-10T00:00:00+01:00,10,12,na,22,1.0,0.0,na
Eco Counter GmbH,Stadt Karlsruhe,752,Erbprinzenstraße,100004165,Y2H16070301,8.4027153,49.0072864,(UTC+01:00) Europe/Paris DST,2013-01-10T01:00:00+01:00,4,4,na,8,1.0,0.0,na
Eco Counter GmbH,Stadt Karlsruhe,752,Erbprinzenstraße,100004165,Y2H16070301,8.4027153,49.0072864,(UTC+01:00) Europe/Paris DST,2013-01-10T02:00:00+01:00,4,4,na,8,1.0,0.0,na
Eco Counter GmbH,Stadt Karlsruhe,752,Erbprinzenstraße,100004165,Y2H16070301,8.4027153,49.0072864,(UTC+01:00) Europe/Paris DST,2013-01-10T03:00:00+01:00,2,3,na,5,1.0,0.0,na
Eco Counter GmbH,Stadt Karlsruhe,752,Erbprinzenstraße,100004165,Y2H16070301,8.4027153,49.0072864,(UTC+01:00) Europe/Paris DST,2013-01-10T04:00:00+01:00,7,13,na,20,1.0,0.1,na
Eco Counter GmbH,Stadt Karlsruhe,752,Erbprinzenstraße,100004165,Y2H16070301,8.4027153,49.0072864,(UTC+01:00) Europe/Paris DST,2013-01-10T05:00:00+01:00,6,8,na,14,1.0,0.1,na
Eco Counter GmbH,Stadt Karlsruhe,752,Erbprinzenstraße,100004165,Y2H16070301,8.4027153,49.0072864,(UTC+01:00) Europe/Paris DST,2013-01-10T06:00:00+01:00,20,28,na,48,1.0,0.1,na
Eco Counter GmbH,Stadt Karlsruhe,752,Erbprinzenstraße,100004165,Y2H16070301,8.4027153,49.0072864,(UTC+01:00) Europe/Paris DST,2013-01-10T07:00:00+01:00,79,117,na,196,2.0,0.1,na
Eco Counter GmbH,Stadt Karlsruhe,752,Erbprinzenstraße,100004165,Y2H16070301,8.4027153,49.0072864,(UTC+01:00) Europe/Paris DST,2013-01-10T08:00:00+01:00,112,153,na,265,2.0,0.0,na
Eco Counter GmbH,Stadt Karlsruhe,752,Erbprinzenstraße,100004165,Y2H16070301,8.4027153,49.0072864,(UTC+01:00) Europe/Paris DST,2013-01-10T09:00:00+01:00,119,139,na,258,2.0,0.0,na
Eco Counter GmbH,Stadt Karlsruhe,752,Erbprinzenstraße,100004165,Y2H16070301,8.4027153,49.0072864,(UTC+01:00) Europe/Paris DST,2013-01-10T10:00:00+01:00,85,98,na,183,3.0,0.0,na
Eco Counter GmbH,Stadt Karlsruhe,752,Erbprinzenstraße,100004165,Y2H16070301,8.4027153,49.0072864,(UTC+01:00) Europe/Paris DST,2013-01-10T11:00:00+01:00,104,127,na,231,3.0,0.2,na
Eco Counter GmbH,Stadt Karlsruhe,752,Erbprinzenstraße,100004165,Y2H16070301,8.4027153,49.0072864,(UTC+01:00) Europe/Paris DST,2013-01-10T12:00:00+01:00,102,121,na,223,4.0,0.3,na
Eco Counter GmbH,Stadt Karlsruhe,752,Erbprinzenstraße,100004165,Y2H16070301,8.4027153,49.0072864,(UTC+01:00) Europe/Paris DST,2013-01-10T13:00:00+01:00,131,154,na,285,4.0,0.3,na
Eco Counter GmbH,Stadt Karlsruhe,752,Erbprinzenstraße,100004165,Y2H16070301,8.4027153,49.0072864,(UTC+01:00) Europe/Paris DST,2013-01-10T14:00:00+01:00,117,133,na,250,4.0,0.3,na
Eco Counter GmbH,Stadt Karlsruhe,752,Erbprinzenstraße,100004165,Y2H16070301,8.4027153,49.0072864,(UTC+01:00) Europe/Paris DST,2013-01-10T15:00:00+01:00,135,153,na,288,3.0,0.2,na
Eco Counter GmbH,Stadt Karlsruhe,752,Erbprinzenstraße,100004165,Y2H16070301,8.4027153,49.0072864,(UTC+01:00) Europe/Paris DST,2013-01-10T16:00:00+01:00,128,138,na,266,3.0,0.2,na
Eco Counter GmbH,Stadt Karlsruhe,752,Erbprinzenstraße,100004165,Y2H16070301,8.4027153,49.0072864,(UTC+01:00) Europe/Paris DST,2013-01-10T17:00:00+01:00,163,197,na,360,3.0,0.2,na
Eco Counter GmbH,Stadt Karlsruhe,752,Erbprinzenstraße,100004165,Y2H16070301,8.4027153,49.0072864,(UTC+01:00) Europe/Paris DST,2013-01-10T18:00:00+01:00,144,179,na,323,3.0,0.2,na
Eco Counter GmbH,Stadt Karlsruhe,752,Erbprinzenstraße,100004165,Y2H16070301,8.4027153,49.0072864,(UTC+01:00) Europe/Paris DST,2013-01-10T19:00:00+01:00,96,141,na,237,3.0,0.2,na
Eco Counter GmbH,Stadt Karlsruhe,752,Erbprinzenstraße,100004165,Y2H16070301,8.4027153,49.0072864,(UTC+01:00) Europe/Paris DST,2013-01-10T20:00:00+01:00,56,88,na,144,3.0,0.0,na
Eco Counter GmbH,Stadt Karlsruhe,752,Erbprinzenstraße,100004165,Y2H16070301,8.4027153,49.0072864,(UTC+01:00) Europe/Paris DST,2013-01-10T21:00:00+01:00,36,52,na,88,3.0,0.0,na
Eco Counter GmbH,Stadt Karlsruhe,752,Erbprinzenstraße,100004165,Y2H16070301,8.4027153,49.0072864,(UTC+01:00) Europe/Paris DST,2013-01-10T22:00:00+01:00,39,50,na,89,3.0,0.0,na
Eco Counter GmbH,Stadt Karlsruhe,752,Erbprinzenstraße,100004165,Y2H16070301,8.4027153,49.0072864,(UTC+01:00) Europe/Paris DST,2013-01-10T23:00:00+01:00,19,26,na,45,3.0,0.0,na
Eco Counter GmbH,Stadt Karlsruhe,752,Erbprinzenstraße,100004165,Y2H16070301,8.4027153,49.0072864,(UTC+01:00) Europe/Paris DST,2013-01-11T00:00:00+01:00,14,17,na,31,3.0,0.0,na
Eco Counter GmbH,Stadt Karlsruhe,752,Erbprinzenstraße,100004165,Y2H16070301,8.4027153,49.0072864,(UTC+01:00) Europe/Paris DST,2013-01-11T01:00:00+01:00,42,49,na,91,3.0,0.0,na
Eco Counter GmbH,Stadt Karlsruhe,752,Erbprinzenstraße,100004165,Y2H16070301,8.4027153,49.0072864,(UTC+01:00) Europe/Paris DST,2013-01-11T02:00:00+01:00,4,4,na,8,3.0,0.0,na
Eco Counter GmbH,Stadt Karlsruhe,752,Erbprinzenstraße,100004165,Y2H16070301,8.4027153,49.0072864,(UTC+01:00) Europe/Paris DST,2013-01-11T03:00:00+01:00,6,4,na,10,3.0,0.0,na
Eco Counter GmbH,Stadt Karlsruhe,752,Erbprinzenstraße,100004165,Y2H16070301,8.4027153,49.0072864,(UTC+01:00) Europe/Paris DST,2013-01-11T04:00:00+01:00,8,14,na,22,3.0,0.0,na
Eco Counter GmbH,Stadt Karlsruhe,752,Erbprinzenstraße,100004165,Y2H16070301,8.4027153,49.0072864,(UTC+01:00) Europe/Paris DST,2013-01-11T05:00:00+01:00,10,16,na,26,3.0,0.0,na
Eco Counter GmbH,Stadt Karlsruhe,752,Erbprinzenstraße,100004165,Y2H16070301,8.4027153,49.0072864,(UTC+01:00) Europe/Paris DST,2013-01-11T06:00:00+01:00,32,45,na,77,3.0,0.0,na
Eco Counter GmbH,Stadt Karlsruhe,752,Erbprinzenstraße,100004165,Y2H16070301,8.4027153,49.0072864,(UTC+01:00) Europe/Paris DST,2013-01-11T07:00:00+01:00,75,112,na,187,2.0,0.0,na
Eco Counter GmbH,Stadt Karlsruhe,752,Erbprinzenstraße,100004165,Y2H16070301,8.4027153,49.0072864,(UTC+01:00) Europe/Paris DST,2013-01-11T08:00:00+01:00,110,151,na,261,2.0,0.0,na
Eco Counter GmbH,Stadt Karlsruhe,752,Erbprinzenstraße,100004165,Y2H16070301,8.4027153,49.0072864,(UTC+01:00) Europe/Paris DST,2013-01-11T09:00:00+01:00,126,147,na,273,2.0,0.1,na
Eco Counter GmbH,Stadt Karlsruhe,752,Erbprinzenstraße,100004165,Y2H16070301,8.4027153,49.0072864,(UTC+01:00) Europe/Paris DST,2013-01-11T10:00:00+01:00,98,112,na,210,2.0,0.0,na
Eco Counter GmbH,Stadt Karlsruhe,752,Erbprinzenstraße,100004165,Y2H16070301,8.4027153,49.0072864,(UTC+01:00) Europe/Paris DST,2013-01-11T11:00:00+01:00,143,172,na,315,3.0,0.0,na
Eco Counter GmbH,Stadt Karlsruhe,752,Erbprinzenstraße,100004165,Y2H16070301,8.4027153,49.0072864,(UTC+01:00) Europe/Paris DST,2013-01-11T12:00:00+01:00,137,166,na,303,3.0,0.0,na
Eco Counter GmbH,Stadt Karlsruhe,752,Erbprinzenstraße,100004165,Y2H16070301,8.4027153,49.0072864,(UTC+01:00) Europe/Paris DST,2013-01-11T13:00:00+01:00,138,160,na,298,3.0,0.0,na
Eco Counter GmbH,Stadt Karlsruhe,752,Erbprinzenstraße,100004165,Y2H16070301,8.4027153,49.0072864,(UTC+01:00) Europe/Paris DST,2013-01-11T14:00:00+01:00,133,152,na,285,3.0,0.0,na
Eco Counter GmbH,Stadt Karlsruhe,752,Erbprinzenstraße,100004165,Y2H16070301,8.4027153,49.0072864,(UTC+01:00) Europe/Paris DST,2013-01-11T15:00:00+01:00,147,166,na,313,3.0,0.0,na
Eco Counter GmbH,Stadt Karlsruhe,752,Erbprinzenstraße,100004165,Y2H16070301,8.4027153,49.0072864,(UTC+01:00) Europe/Paris DST,2013-01-11T16:00:00+01:00,150,160,na,310,2.0,0.0,na
Eco Counter GmbH,Stadt Karlsruhe,752,Erbprinzenstraße,100004165,Y2H16070301,8.4027153,49.0072864,(UTC+01:00) Europe/Paris DST,2013-01-11T17:00:00+01:00,160,194,na,354,2.0,0.0,na
Eco Counter GmbH,Stadt Karlsruhe,752,Erbprinzenstraße,100004165,Y2H16070301,8.4027153,49.0072864,(UTC+01:00) Europe/Paris DST,2013-01-11T18:00:00+01:00,134,167,na,301,2.0,0.0,na
Eco Counter GmbH,Stadt Karlsruhe,752,Erbprinzenstraße,100004165,Y2H16070301,8.4027153,49.0072864,(UTC+01:00) Europe/Paris DST,2013-01-11T19:00:00+01:00,92,135,na,227,2.0,0.0,na
Eco Counter GmbH,Stadt Karlsruhe,752,Erbprinzenstraße,100004165,Y2H16070301,8.4027153,49.0072864,(UTC+01:00) Europe/Paris DST,2013-01-11T20:00:00+01:00,49,77,na,126,2.0,0.2,na
Eco Counter GmbH,Stadt Karlsruhe,752,Erbprinzenstraße,100004165,Y2H16070301,8.4027153,49.0072864,(UTC+01:00) Europe/Paris DST,2013-01-11T21:00:00+01:00,36,53,na,89,2.0,0.5,na
Eco Counter GmbH,Stadt Karlsruhe,752,Erbprinzenstraße,100004165,Y2H16070301,8.4027153,49.0072864,(UTC+01:00) Europe/Paris DST,2013-01-11T22:00:00+01:00,27,34,na,61,2.0,0.6,na
Eco Counter GmbH,Stadt Karlsruhe,752,Erbprinzenstraße,100004165,Y2H16070301,8.4027153,49.0072864,(UTC+01:00) Europe/Paris DST,2013-01-11T23:00:00+01:00,27,36,na,63,2.0,0.8,na
Eco Counter GmbH,Stadt Karlsruhe,752,Erbprinzenstraße,100004165,Y2H16070301,8.4027153,49.0072864,(UTC+01:00) Europe/Paris DST,2013-01-12T00:00:00+01:00,15,23,na,38,1.0,0.8,na
Eco Counter GmbH,Stadt Karlsruhe,752,Erbprinzenstraße,100004165,Y2H16070301,8.4027153,49.0072864,(UTC+01:00) Europe/Paris DST,2013-01-12T01:00:00+01:00,15,21,na,36,1.0,0.7,na
Eco Counter GmbH,Stadt Karlsruhe,752,Erbprinzenstraße,100004165,Y2H16070301,8.4027153,49.0072864,(UTC+01:00) Europe/Paris DST,2013-01-12T02:00:00+01:00,9,14,na,23,0.0,0.6,na
Eco Counter GmbH,Stadt Karlsruhe,752,Erbprinzenstraße,100004165,Y2H16070301,8.4027153,49.0072864,(UTC+01:00) Europe/Paris DST,2013-01-12T03:00:00+01:00,13,15,na,28,0.0,0.5,na
Eco Counter GmbH,Stadt Karlsruhe,752,Erbprinzenstraße,100004165,Y2H16070301,8.4027153,49.0072864,(UTC+01:00) Europe/Paris DST,2013-01-12T04:00:00+01:00,8,8,na,16,0.0,0.5,na
Eco Counter GmbH,Stadt Karlsruhe,752,Erbprinzenstraße,100004165,Y2H16070301,8.4027153,49.0072864,(UTC+01:00) Europe/Paris DST,2013-01-12T05:00:00+01:00,6,7,na,13,-1.0,0.4,na
Eco Counter GmbH,Stadt Karlsruhe,752,Erbprinzenstraße,100004165,Y2H16070301,8.4027153,49.0072864,(UTC+01:00) Europe/Paris DST,2013-01-12T06:00:00+01:00,18,17,na,35,-1.0,0.3,na
Eco Counter GmbH,Stadt Karlsruhe,752,Erbprinzenstraße,100004165,Y2H16070301,8.4027153,49.0072864,(UTC+01:00) Europe/Paris DST,2013-01-12T07:00:00+01:00,6,12,na,18,-1.0,0.3,na
Eco Counter GmbH,Stadt Karlsruhe,752,Erbprinzenstraße,100004165,Y2H16070301,8.4027153,49.0072864,(UTC+01:00) Europe/Paris DST,2013-01-12T08:00:00+01:00,9,11,na,20,0.0,0.4,na
Eco Counter GmbH,Stadt Karlsruhe,752,Erbprinzenstraße,100004165,Y2H16070301,8.4027153,49.0072864,(UTC+01:00) Europe/Paris DST,2013-01-12T09:00:00+01:00,26,24,na,50,0.0,0.3,na
Eco Counter GmbH,Stadt Karlsruhe,752,Erbprinzenstraße,100004165,Y2H16070301,8.4027153,49.0072864,(UTC+01:00) Europe/Paris DST,2013-01-12T10:00:00+01:00,50,51,na,101,0.0,0.3,na
Eco Counter GmbH,Stadt Karlsruhe,752,Erbprinzenstraße,100004165,Y2H16070301,8.4027153,49.0072864,(UTC+01:00) Europe/Paris DST,2013-01-12T11:00:00+01:00,42,43,na,85,1.0,0.2,na
Eco Counter GmbH,Stadt Karlsruhe,752,Erbprinzenstraße,100004165,Y2H16070301,8.4027153,49.0072864,(UTC+01:00) Europe/Paris DST,2013-01-12T12:00:00+01:00,50,60,na,110,0.0,0.1,na
Eco Counter GmbH,Stadt Karlsruhe,752,Erbprinzenstraße,100004165,Y2H16070301,8.4027153,49.0072864,(UTC+01:00) Europe/Paris DST,2013-01-12T13:00:00+01:00,60,73,na,133,0.0,0.1,na
Eco Counter GmbH,Stadt Karlsruhe,752,Erbprinzenstraße,100004165,Y2H16070301,8.4027153,49.0072864,(UTC+01:00) Europe/Paris DST,2013-01-12T14:00:00+01:00,71,88,na,159,-1.0,0.0,na
Eco Counter GmbH,Stadt Karlsruhe,752,Erbprinzenstraße,100004165,Y2H16070301,8.4027153,49.0072864,(UTC+01:00) Europe/Paris DST,2013-01-12T15:00:00+01:00,79,88,na,167,-1.0,0.0,na
Eco Counter GmbH,Stadt Karlsruhe,752,Erbprinzenstraße,100004165,Y2H16070301,8.4027153,49.0072864,(UTC+01:00) Europe/Paris DST,2013-01-12T16:00:00+01:00,66,78,na,144,-1.0,0.0,na
Eco Counter GmbH,Stadt Karlsruhe,752,Erbprinzenstraße,100004165,Y2H16070301,8.4027153,49.0072864,(UTC+01:00) Europe/Paris DST,2013-01-12T17:00:00+01:00,65,94,na,159,-1.0,0.0,na
Eco Counter GmbH,Stadt Karlsruhe,752,Erbprinzenstraße,100004165,Y2H16070301,8.4027153,49.0072864,(UTC+01:00) Europe/Paris DST,2013-01-12T18:00:00+01:00,59,96,na,155,-1.0,0.0,na
Eco Counter GmbH,Stadt Karlsruhe,752,Erbprinzenstraße,100004165,Y2H16070301,8.4027153,49.0072864,(UTC+01:00) Europe/Paris DST,2013-01-12T19:00:00+01:00,47,74,na,121,-2.0,0.0,na
Eco Counter GmbH,Stadt Karlsruhe,752,Erbprinzenstraße,100004165,Y2H16070301,8.4027153,49.0072864,(UTC+01:00) Europe/Paris DST,2013-01-12T20:00:00+01:00,34,53,na,87,-2.0,0.0,na
Eco Counter GmbH,Stadt Karlsruhe,752,Erbprinzenstraße,100004165,Y2H16070301,8.4027153,49.0072864,(UTC+01:00) Europe/Paris DST,2013-01-12T21:00:00+01:00,17,24,na,41,-2.0,0.0,na
Eco Counter GmbH,Stadt Karlsruhe,752,Erbprinzenstraße,100004165,Y2H16070301,8.4027153,49.0072864,(UTC+01:00) Europe/Paris DST,2013-01-12T22:00:00+01:00,17,28,na,45,-2.0,0.0,na
Eco Counter GmbH,Stadt Karlsruhe,752,Erbprinzenstraße,100004165,Y2H16070301,8.4027153,49.0072864,(UTC+01:00) Europe/Paris DST,2013-01-12T23:00:00+01:00,20,29,na,49,-3.0,0.0,na
Eco Counter GmbH,Stadt Karlsruhe,752,Erbprinzenstraße,100004165,Y2H16070301,8.4027153,49.0072864,(UTC+01:00) Europe/Paris DST,2013-01-13T00:00:00+01:00,15,23,na,38,-3.0,0.0,na
Eco Counter GmbH,Stadt Karlsruhe,752,Erbprinzenstraße,100004165,Y2H16070301,8.4027153,49.0072864,(UTC+01:00) Europe/Paris DST,2013-01-13T01:00:00+01:00,19,29,na,48,-4.0,0.0,na
Eco Counter GmbH,Stadt Karlsruhe,752,Erbprinzenstraße,100004165,Y2H16070301,8.4027153,49.0072864,(UTC+01:00) Europe/Paris DST,2013-01-13T02:00:00+01:00,5,8,na,13,-4.0,0.0,na
Eco Counter GmbH,Stadt Karlsruhe,752,Erbprinzenstraße,100004165,Y2H16070301,8.4027153,49.0072864,(UTC+01:00) Europe/Paris DST,2013-01-13T03:00:00+01:00,6,7,na,13,-4.0,0.0,na
Eco Counter GmbH,Stadt Karlsruhe,752,Erbprinzenstraße,100004165,Y2H16070301,8.4027153,49.0072864,(UTC+01:00) Europe/Paris DST,2013-01-13T04:00:00+01:00,8,7,na,15,-4.0,0.0,na
Eco Counter GmbH,Stadt Karlsruhe,752,Erbprinzenstraße,100004165,Y2H16070301,8.4027153,49.0072864,(UTC+01:00) Europe/Paris DST,2013-01-13T05:00:00+01:00,4,4,na,8,-3.0,0.0,na
Eco Counter GmbH,Stadt Karlsruhe,752,Erbprinzenstraße,100004165,Y2H16070301,8.4027153,49.0072864,(UTC+01:00) Europe/Paris DST,2013-01-13T06:00:00+01:00,2,2,na,4,-4.0,0.0,na
Eco Counter GmbH,Stadt Karlsruhe,752,Erbprinzenstraße,100004165,Y2H16070301,8.4027153,49.0072864,(UTC+01:00) Europe/Paris DST,2013-01-13T07:00:00+01:00,4,7,na,11,-3.0,0.0,na
Eco Counter GmbH,Stadt Karlsruhe,752,Erbprinzenstraße,100004165,Y2H16070301,8.4027153,49.0072864,(UTC+01:00) Europe/Paris DST,2013-01-13T08:00:00+01:00,10,13,na,23,-3.0,0.0,na
Eco Counter GmbH,Stadt Karlsruhe,752,Erbprinzenstraße,100004165,Y2H16070301,8.4027153,49.0072864,(UTC+01:00) Europe/Paris DST,2013-01-13T09:00:00+01:00,19,18,na,37,-2.0,0.0,na
Eco Counter GmbH,Stadt Karlsruhe,752,Erbprinzenstraße,100004165,Y2H16070301,8.4027153,49.0072864,(UTC+01:00) Europe/Paris DST,2013-01-13T10:00:00+01:00,21,22,na,43,-1.0,0.0,na
Eco Counter GmbH,Stadt Karlsruhe,752,Erbprinzenstraße,100004165,Y2H16070301,8.4027153,49.0072864,(UTC+01:00) Europe/Paris DST,2013-01-13T11:00:00+01:00,26,27,na,53,-1.0,0.0,na
Eco Counter GmbH,Stadt Karlsruhe,752,Erbprinzenstraße,100004165,Y2H16070301,8.4027153,49.0072864,(UTC+01:00) Europe/Paris DST,2013-01-13T12:00:00+01:00,21,26,na,47,0.0,0.0,na
Eco Counter GmbH,Stadt Karlsruhe,752,Erbprinzenstraße,100004165,Y2H16070301,8.4027153,49.0072864,(UTC+01:00) Europe/Paris DST,2013-01-13T13:00:00+01:00,29,35,na,64,0.0,0.0,na
Eco Counter GmbH,Stadt Karlsruhe,752,Erbprinzenstraße,100004165,Y2H16070301,8.4027153,49.0072864,(UTC+01:00) Europe/Paris DST,2013-01-13T14:00:00+01:00,16,22,na,38,0.0,0.0,na
Eco Counter GmbH,Stadt Karlsruhe,752,Erbprinzenstraße,100004165,Y2H16070301,8.4027153,49.0072864,(UTC+01:00) Europe/Paris DST,2013-01-13T15:00:00+01:00,35,37,na,72,-1.0,0.0,na
Eco Counter GmbH,Stadt Karlsruhe,752,Erbprinzenstraße,100004165,Y2H16070301,8.4027153,49.0072864,(UTC+01:00) Europe/Paris DST,2013-01-13T16:00:00+01:00,31,38,na,69,-1.0,0.0,na
Eco Counter GmbH,Stadt Karlsruhe,752,Erbprinzenstraße,100004165,Y2H16070301,8.4027153,49.0072864,(UTC+01:00) Europe/Paris DST,2013-01-13T17:00:00+01:00,28,40,na,68,-2.0,0.0,na
Eco Counter GmbH,Stadt Karlsruhe,752,Erbprinzenstraße,100004165,Y2H16070301,8.4027153,49.0072864,(UTC+01:00) Europe/Paris DST,2013-01-13T18:00:00+01:00,20,33,na,53,-2.0,0.0,na
Eco Counter GmbH,Stadt Karlsruhe,752,Erbprinzenstraße,100004165,Y2H16070301,8.4027153,49.0072864,(UTC+01:00) Europe/Paris DST,2013-01-13T19:00:00+01:00,21,32,na,53,-3.0,0.0,na
Eco Counter GmbH,Stadt Karlsruhe,752,Erbprinzenstraße,100004165,Y2H16070301,8.4027153,49.0072864,(UTC+01:00) Europe/Paris DST,2013-01-13T20:00:00+01:00,14,23,na,37,-3.0,0.0,na
Eco Counter GmbH,Stadt Karlsruhe,752,Erbprinzenstraße,100004165,Y2H16070301,8.4027153,49.0072864,(UTC+01:00) Europe/Paris DST,2013-01-13T21:00:00+01:00,17,24,na,41,-3.0,0.0,na
Eco Counter GmbH,Stadt Karlsruhe,752,Erbprinzenstraße,100004165,Y2H16070301,8.4027153,49.0072864,(UTC+01:00) Europe/Paris DST,2013-01-13T22:00:00+01:00,12,17,na,29,-3.0,0.0,na
Eco Counter GmbH,Stadt Karlsruhe,752,Erbprinzenstraße,100004165,Y2H16070301,8.4027153,49.0072864,(UTC+01:00) Europe/Paris DST,2013-01-13T23:00:00+01:00,6,11,na,17,-3.0,0.0,na
Eco Counter GmbH,Stadt Karlsruhe,752,Erbprinzenstraße,100004165,Y2H16070301,8.4027153,49.0072864,(UTC+01:00) Europe/Paris DST,2013-01-14T00:00:00+01:00,4,4,na,8,-3.0,0.0,na
Eco Counter GmbH,Stadt Karlsruhe,752,Erbprinzenstraße,100004165,Y2H16070301,8.4027153,49.0072864,(UTC+01:00) Europe/Paris DST,2013-01-14T01:00:00+01:00,4,4,na,8,-3.0,0.0,na
Eco Counter GmbH,Stadt Karlsruhe,752,Erbprinzenstraße,100004165,Y2H16070301,8.4027153,49.0072864,(UTC+01:00) Europe/Paris DST,2013-01-14T02:00:00+01:00,2,1,na,3,-3.0,0.0,na
Eco Counter GmbH,Stadt Karlsruhe,752,Erbprinzenstraße,100004165,Y2H16070301,8.4027153,49.0072864,(UTC+01:00) Europe/Paris DST,2013-01-14T03:00:00+01:00,0,0,na,0,-3.0,0.0,na
Eco Counter GmbH,Stadt Karlsruhe,752,Erbprinzenstraße,100004165,Y2H16070301,8.4027153,49.0072864,(UTC+01:00) Europe/Paris DST,2013-01-14T04:00:00+01:00,5,9,na,14,-3.0,0.0,na
Eco Counter GmbH,Stadt Karlsruhe,752,Erbprinzenstraße,100004165,Y2H16070301,8.4027153,49.0072864,(UTC+01:00) Europe/Paris DST,2013-01-14T05:00:00+01:00,8,12,na,20,-3.0,0.0,na
Eco Counter GmbH,Stadt Karlsruhe,752,Erbprinzenstraße,100004165,Y2H16070301,8.4027153,49.0072864,(UTC+01:00) Europe/Paris DST,2013-01-14T06:00:00+01:00,30,41,na,71,-3.0,0.0,na
Eco Counter GmbH,Stadt Karlsruhe,752,Erbprinzenstraße,100004165,Y2H16070301,8.4027153,49.0072864,(UTC+01:00) Europe/Paris DST,2013-01-14T07:00:00+01:00,79,117,na,196,-2.0,0.0,na
Eco Counter GmbH,Stadt Karlsruhe,752,Erbprinzenstraße,100004165,Y2H16070301,8.4027153,49.0072864,(UTC+01:00) Europe/Paris DST,2013-01-14T08:00:00+01:00,126,172,na,298,-2.0,0.2,na
Eco Counter GmbH,Stadt Karlsruhe,752,Erbprinzenstraße,100004165,Y2H16070301,8.4027153,49.0072864,(UTC+01:00) Europe/Paris DST,2013-01-14T09:00:00+01:00,129,150,na,279,-2.0,0.1,na
Eco Counter GmbH,Stadt Karlsruhe,752,Erbprinzenstraße,100004165,Y2H16070301,8.4027153,49.0072864,(UTC+01:00) Europe/Paris DST,2013-01-14T10:00:00+01:00,73,84,na,157,-1.0,0.0,na
Eco Counter GmbH,Stadt Karlsruhe,752,Erbprinzenstraße,100004165,Y2H16070301,8.4027153,49.0072864,(UTC+01:00) Europe/Paris DST,2013-01-14T11:00:00+01:00,107,128,na,235,-1.0,0.0,na
Eco Counter GmbH,Stadt Karlsruhe,752,Erbprinzenstraße,100004165,Y2H16070301,8.4027153,49.0072864,(UTC+01:00) Europe/Paris DST,2013-01-14T12:00:00+01:00,100,121,na,221,-1.0,0.0,na
Eco Counter GmbH,Stadt Karlsruhe,752,Erbprinzenstraße,100004165,Y2H16070301,8.4027153,49.0072864,(UTC+01:00) Europe/Paris DST,2013-01-14T13:00:00+01:00,112,130,na,242,-1.0,0.0,na
Eco Counter GmbH,Stadt Karlsruhe,752,Erbprinzenstraße,100004165,Y2H16070301,8.4027153,49.0072864,(UTC+01:00) Europe/Paris DST,2013-01-14T14:00:00+01:00,104,117,na,221,-1.0,0.0,na
Eco Counter GmbH,Stadt Karlsruhe,752,Erbprinzenstraße,100004165,Y2H16070301,8.4027153,49.0072864,(UTC+01:00) Europe/Paris DST,2013-01-14T15:00:00+01:00,118,134,na,252,-1.0,0.0,na
Eco Counter GmbH,Stadt Karlsruhe,752,Erbprinzenstraße,100004165,Y2H16070301,8.4027153,49.0072864,(UTC+01:00) Europe/Paris DST,2013-01-14T16:00:00+01:00,134,144,na,278,-2.0,0.0,na
Eco Counter GmbH,Stadt Karlsruhe,752,Erbprinzenstraße,100004165,Y2H16070301,8.4027153,49.0072864,(UTC+01:00) Europe/Paris DST,2013-01-14T17:00:00+01:00,141,171,na,312,-2.0,0.0,na
Eco Counter GmbH,Stadt Karlsruhe,752,Erbprinzenstraße,100004165,Y2H16070301,8.4027153,49.0072864,(UTC+01:00) Europe/Paris DST,2013-01-14T18:00:00+01:00,149,187,na,336,-3.0,0.0,na
Eco Counter GmbH,Stadt Karlsruhe,752,Erbprinzenstraße,100004165,Y2H16070301,8.4027153,49.0072864,(UTC+01:00) Europe/Paris DST,2013-01-14T19:00:00+01:00,85,124,na,209,-3.0,0.0,na
Eco Counter GmbH,Stadt Karlsruhe,752,Erbprinzenstraße,100004165,Y2H16070301,8.4027153,49.0072864,(UTC+01:00) Europe/Paris DST,2013-01-14T20:00:00+01:00,49,77,na,126,-3.0,0.0,na
Eco Counter GmbH,Stadt Karlsruhe,752,Erbprinzenstraße,100004165,Y2H16070301,8.4027153,49.0072864,(UTC+01:00) Europe/Paris DST,2013-01-14T21:00:00+01:00,30,43,na,73,-3.0,0.0,na
Eco Counter GmbH,Stadt Karlsruhe,752,Erbprinzenstraße,100004165,Y2H16070301,8.4027153,49.0072864,(UTC+01:00) Europe/Paris DST,2013-01-14T22:00:00+01:00,29,37,na,66,-4.0,0.0,na
Eco Counter GmbH,Stadt Karlsruhe,752,Erbprinzenstraße,100004165,Y2H16070301,8.4027153,49.0072864,(UTC+01:00) Europe/Paris DST,2013-01-14T23:00:00+01:00,13,16,na,29,-4.0,0.0,na
Eco Counter GmbH,Stadt Karlsruhe,752,Erbprinzenstraße,100004165,Y2H16070301,8.4027153,49.0072864,(UTC+01:00) Europe/Paris DST,2013-01-15T00:00:00+01:00,8,10,na,18,-4.0,0.0,na
Eco Counter GmbH,Stadt Karlsruhe,752,Erbprinzenstraße,100004165,Y2H16070301,8.4027153,49.0072864,(UTC+01:00) Europe/Paris DST,2013-01-15T01:00:00+01:00,6,8,na,14,-4.0,0.0,na
Eco Counter GmbH,Stadt Karlsruhe,752,Erbprinzenstraße,100004165,Y2H16070301,8.4027153,49.0072864,(UTC+01:00) Europe/Paris DST,2013-01-15T02:00:00+01:00,4,4,na,8,-4.0,0.0,na
Eco Counter GmbH,Stadt Karlsruhe,752,Erbprinzenstraße,100004165,Y2H16070301,8.4027153,49.0072864,(UTC+01:00) Europe/Paris DST,2013-01-15T03:00:00+01:00,2,3,na,5,-4.0,0.0,na
Eco Counter GmbH,Stadt Karlsruhe,752,Erbprinzenstraße,100004165,Y2H16070301,8.4027153,49.0072864,(UTC+01:00) Europe/Paris DST,2013-01-15T04:00:00+01:00,6,10,na,16,-5.0,0.0,na
Eco Counter GmbH,Stadt Karlsruhe,752,Erbprinzenstraße,100004165,Y2H16070301,8.4027153,49.0072864,(UTC+01:00) Europe/Paris DST,2013-01-15T05:00:00+01:00,8,12,na,20,-5.0,0.0,na
Eco Counter GmbH,Stadt Karlsruhe,752,Erbprinzenstraße,100004165,Y2H16070301,8.4027153,49.0072864,(UTC+01:00) Europe/Paris DST,2013-01-15T06:00:00+01:00,17,23,na,40,-4.0,0.0,na
Eco Counter GmbH,Stadt Karlsruhe,752,Erbprinzenstraße,100004165,Y2H16070301,8.4027153,49.0072864,(UTC+01:00) Europe/Paris DST,2013-01-15T07:00:00+01:00,71,107,na,178,-4.0,0.0,na
Eco Counter GmbH,Stadt Karlsruhe,752,Erbprinzenstraße,100004165,Y2H16070301,8.4027153,49.0072864,(UTC+01:00) Europe/Paris DST,2013-01-15T08:00:00+01:00,130,180,na,310,-4.0,0.0,na
Eco Counter GmbH,Stadt Karlsruhe,752,Erbprinzenstraße,100004165,Y2H16070301,8.4027153,49.0072864,(UTC+01:00) Europe/Paris DST,2013-01-15T09:00:00+01:00,140,165,na,305,-2.0,0.0,na
Eco Counter GmbH,Stadt Karlsruhe,752,Erbprinzenstraße,100004165,Y2H16070301,8.4027153,49.0072864,(UTC+01:00) Europe/Paris DST,2013-01-15T10:00:00+01:00,78,90,na,168,-1.0,0.0,na
Eco Counter GmbH,Stadt Karlsruhe,752,Erbprinzenstraße,100004165,Y2H16070301,8.4027153,49.0072864,(UTC+01:00) Europe/Paris DST,2013-01-15T11:00:00+01:00,97,116,na,213,0.0,0.0,na
Eco Counter GmbH,Stadt Karlsruhe,752,Erbprinzenstraße,100004165,Y2H16070301,8.4027153,49.0072864,(UTC+01:00) Europe/Paris DST,2013-01-15T12:00:00+01:00,105,125,na,230,1.0,0.0,na
Eco Counter GmbH,Stadt Karlsruhe,752,Erbprinzenstraße,100004165,Y2H16070301,8.4027153,49.0072864,(UTC+01:00) Europe/Paris DST,2013-01-15T13:00:00+01:00,106,123,na,229,1.0,0.0,na
Eco Counter GmbH,Stadt Karlsruhe,752,Erbprinzenstraße,100004165,Y2H16070301,8.4027153,49.0072864,(UTC+01:00) Europe/Paris DST,2013-01-15T14:00:00+01:00,98,111,na,209,1.0,0.0,na
Eco Counter GmbH,Stadt Karlsruhe,752,Erbprinzenstraße,100004165,Y2H16070301,8.4027153,49.0072864,(UTC+01:00) Europe/Paris DST,2013-01-15T15:00:00+01:00,115,130,na,245,0.0,0.0,na
Eco Counter GmbH,Stadt Karlsruhe,752,Erbprinzenstraße,100004165,Y2H16070301,8.4027153,49.0072864,(UTC+01:00) Europe/Paris DST,2013-01-15T16:00:00+01:00,130,140,na,270,0.0,0.0,na
Eco Counter GmbH,Stadt Karlsruhe,752,Erbprinzenstraße,100004165,Y2H16070301,8.4027153,49.0072864,(UTC+01:00) Europe/Paris DST,2013-01-15T17:00:00+01:00,169,205,na,374,-1.0,0.0,na
Eco Counter GmbH,Stadt Karlsruhe,752,Erbprinzenstraße,100004165,Y2H16070301,8.4027153,49.0072864,(UTC+01:00) Europe/Paris DST,2013-01-15T18:00:00+01:00,130,163,na,293,-1.0,0.0,na
Eco Counter GmbH,Stadt Karlsruhe,752,Erbprinzenstraße,100004165,Y2H16070301,8.4027153,49.0072864,(UTC+01:00) Europe/Paris DST,2013-01-15T19:00:00+01:00,99,145,na,244,-2.0,0.0,na
Eco Counter GmbH,Stadt Karlsruhe,752,Erbprinzenstraße,100004165,Y2H16070301,8.4027153,49.0072864,(UTC+01:00) Europe/Paris DST,2013-01-15T20:00:00+01:00,53,84,na,137,-2.0,0.0,na
Eco Counter GmbH,Stadt Karlsruhe,752,Erbprinzenstraße,100004165,Y2H16070301,8.4027153,49.0072864,(UTC+01:00) Europe/Paris DST,2013-01-15T21:00:00+01:00,32,44,na,76,-3.0,0.0,na
Eco Counter GmbH,Stadt Karlsruhe,752,Erbprinzenstraße,100004165,Y2H16070301,8.4027153,49.0072864,(UTC+01:00) Europe/Paris DST,2013-01-15T22:00:00+01:00,35,45,na,80,-4.0,0.0,na
Eco Counter GmbH,Stadt Karlsruhe,752,Erbprinzenstraße,100004165,Y2H16070301,8.4027153,49.0072864,(UTC+01:00) Europe/Paris DST,2013-01-15T23:00:00+01:00,18,22,na,40,-4.0,0.0,na
Eco Counter GmbH,Stadt Karlsruhe,752,Erbprinzenstraße,100004165,Y2H16070301,8.4027153,49.0072864,(UTC+01:00) Europe/Paris DST,2013-01-16T00:00:00+01:00,7,8,na,15,-4.0,0.0,na
Eco Counter GmbH,Stadt Karlsruhe,752,Erbprinzenstraße,100004165,Y2H16070301,8.4027153,49.0072864,(UTC+01:00) Europe/Paris DST,2013-01-16T01:00:00+01:00,4,4,na,8,-4.0,0.0,na
Eco Counter GmbH,Stadt Karlsruhe,752,Erbprinzenstraße,100004165,Y2H16070301,8.4027153,49.0072864,(UTC+01:00) Europe/Paris DST,2013-01-16T02:00:00+01:00,0,0,na,0,-4.0,0.0,na
Eco Counter GmbH,Stadt Karlsruhe,752,Erbprinzenstraße,100004165,Y2H16070301,8.4027153,49.0072864,(UTC+01:00) Europe/Paris DST,2013-01-16T03:00:00+01:00,2,3,na,5,-4.0,0.0,na
Eco Counter GmbH,Stadt Karlsruhe,752,Erbprinzenstraße,100004165,Y2H16070301,8.4027153,49.0072864,(UTC+01:00) Europe/Paris DST,2013-01-16T04:00:00+01:00,2,4,na,6,-4.0,0.0,na
Eco Counter GmbH,Stadt Karlsruhe,752,Erbprinzenstraße,100004165,Y2H16070301,8.4027153,49.0072864,(UTC+01:00) Europe/Paris DST,2013-01-16T05:00:00+01:00,10,16,na,26,-4.0,0.0,na
Eco Counter GmbH,Stadt Karlsruhe,752,Erbprinzenstraße,100004165,Y2H16070301,8.4027153,49.0072864,(UTC+01:00) Europe/Paris DST,2013-01-16T06:00:00+01:00,17,23,na,40,-4.0,0.0,na
Eco Counter GmbH,Stadt Karlsruhe,752,Erbprinzenstraße,100004165,Y2H16070301,8.4027153,49.0072864,(UTC+01:00) Europe/Paris DST,2013-01-16T07:00:00+01:00,70,104,na,174,-4.0,0.0,na
Eco Counter GmbH,Stadt Karlsruhe,752,Erbprinzenstraße,100004165,Y2H16070301,8.4027153,49.0072864,(UTC+01:00) Europe/Paris DST,2013-01-16T08:00:00+01:00,95,131,na,226,-4.0,0.0,na
Eco Counter GmbH,Stadt Karlsruhe,752,Erbprinzenstraße,100004165,Y2H16070301,8.4027153,49.0072864,(UTC+01:00) Europe/Paris DST,2013-01-16T09:00:00+01:00,116,136,na,252,-4.0,0.0,na
Eco Counter GmbH,Stadt Karlsruhe,752,Erbprinzenstraße,100004165,Y2H16070301,8.4027153,49.0072864,(UTC+01:00) Europe/Paris DST,2013-01-16T10:00:00+01:00,82,94,na,176,-3.0,0.0,na
Eco Counter GmbH,Stadt Karlsruhe,752,Erbprinzenstraße,100004165,Y2H16070301,8.4027153,49.0072864,(UTC+01:00) Europe/Paris DST,2013-01-16T11:00:00+01:00,75,91,na,166,-3.0,0.0,na
Eco Counter GmbH,Stadt Karlsruhe,752,Erbprinzenstraße,100004165,Y2H16070301,8.4027153,49.0072864,(UTC+01:00) Europe/Paris DST,2013-01-16T12:00:00+01:00,90,109,na,199,-3.0,0.0,na
Eco Counter GmbH,Stadt Karlsruhe,752,Erbprinzenstraße,100004165,Y2H16070301,8.4027153,49.0072864,(UTC+01:00) Europe/Paris DST,2013-01-16T13:00:00+01:00,112,131,na,243,-3.0,0.0,na
Eco Counter GmbH,Stadt Karlsruhe,752,Erbprinzenstraße,100004165,Y2H16070301,8.4027153,49.0072864,(UTC+01:00) Europe/Paris DST,2013-01-16T14:00:00+01:00,92,105,na,197,-3.0,0.0,na
Eco Counter GmbH,Stadt Karlsruhe,752,Erbprinzenstraße,100004165,Y2H16070301,8.4027153,49.0072864,(UTC+01:00) Europe/Paris DST,2013-01-16T15:00:00+01:00,103,115,na,218,-3.0,0.0,na
Eco Counter GmbH,Stadt Karlsruhe,752,Erbprinzenstraße,100004165,Y2H16070301,8.4027153,49.0072864,(UTC+01:00) Europe/Paris DST,2013-01-16T16:00:00+01:00,117,126,na,243,-3.0,0.0,na
Eco Counter GmbH,Stadt Karlsruhe,752,Erbprinzenstraße,100004165,Y2H16070301,8.4027153,49.0072864,(UTC+01:00) Europe/Paris DST,2013-01-16T17:00:00+01:00,130,158,na,288,-4.0,0.0,na
Eco Counter GmbH,Stadt Karlsruhe,752,Erbprinzenstraße,100004165,Y2H16070301,8.4027153,49.0072864,(UTC+01:00) Europe/Paris DST,2013-01-16T18:00:00+01:00,102,128,na,230,-4.0,0.0,na
Eco Counter GmbH,Stadt Karlsruhe,752,Erbprinzenstraße,100004165,Y2H16070301,8.4027153,49.0072864,(UTC+01:00) Europe/Paris DST,2013-01-16T19:00:00+01:00,73,109,na,182,-4.0,0.0,na
Eco Counter GmbH,Stadt Karlsruhe,752,Erbprinzenstraße,100004165,Y2H16070301,8.4027153,49.0072864,(UTC+01:00) Europe/Paris DST,2013-01-16T20:00:00+01:00,47,72,na,119,-3.0,0.1,na
Eco Counter GmbH,Stadt Karlsruhe,752,Erbprinzenstraße,100004165,Y2H16070301,8.4027153,49.0072864,(UTC+01:00) Europe/Paris DST,2013-01-16T21:00:00+01:00,27,39,na,66,-3.0,0.2,na
Eco Counter GmbH,Stadt Karlsruhe,752,Erbprinzenstraße,100004165,Y2H16070301,8.4027153,49.0072864,(UTC+01:00) Europe/Paris DST,2013-01-16T22:00:00+01:00,21,25,na,46,-3.0,0.2,na
Eco Counter GmbH,Stadt Karlsruhe,752,Erbprinzenstraße,100004165,Y2H16070301,8.4027153,49.0072864,(UTC+01:00) Europe/Paris DST,2013-01-16T23:00:00+01:00,19,23,na,42,-3.0,0.3,na
Eco Counter GmbH,Stadt Karlsruhe,752,Erbprinzenstraße,100004165,Y2H16070301,8.4027153,49.0072864,(UTC+01:00) Europe/Paris DST,2013-01-17T00:00:00+01:00,7,8,na,15,-3.0,0.3,na
Eco Counter GmbH,Stadt Karlsruhe,752,Erbprinzenstraße,100004165,Y2H16070301,8.4027153,49.0072864,(UTC+01:00) Europe/Paris DST,2013-01-17T01:00:00+01:00,4,5,na,9,-3.0,0.3,na
Eco Counter GmbH,Stadt Karlsruhe,752,Erbprinzenstraße,100004165,Y2H16070301,8.4027153,49.0072864,(UTC+01:00) Europe/Paris DST,2013-01-17T02:00:00+01:00,4,4,na,8,-3.0,0.2,na
Eco Counter GmbH,Stadt Karlsruhe,752,Erbprinzenstraße,100004165,Y2H16070301,8.4027153,49.0072864,(UTC+01:00) Europe/Paris DST,2013-01-17T03:00:00+01:00,2,3,na,5,-3.0,0.1,na
Eco Counter GmbH,Stadt Karlsruhe,752,Erbprinzenstraße,100004165,Y2H16070301,8.4027153,49.0072864,(UTC+01:00) Europe/Paris DST,2013-01-17T04:00:00+01:00,5,8,na,13,-3.0,0.0,na
Eco Counter GmbH,Stadt Karlsruhe,752,Erbprinzenstraße,100004165,Y2H16070301,8.4027153,49.0072864,(UTC+01:00) Europe/Paris DST,2013-01-17T05:00:00+01:00,9,12,na,21,-4.0,0.0,na
Eco Counter GmbH,Stadt Karlsruhe,752,Erbprinzenstraße,100004165,Y2H16070301,8.4027153,49.0072864,(UTC+01:00) Europe/Paris DST,2013-01-17T06:00:00+01:00,25,34,na,59,-4.0,0.1,na
Eco Counter GmbH,Stadt Karlsruhe,752,Erbprinzenstraße,100004165,Y2H16070301,8.4027153,49.0072864,(UTC+01:00) Europe/Paris DST,2013-01-17T07:00:00+01:00,51,76,na,127,-4.0,0.2,na
Eco Counter GmbH,Stadt Karlsruhe,752,Erbprinzenstraße,100004165,Y2H16070301,8.4027153,49.0072864,(UTC+01:00) Europe/Paris DST,2013-01-17T08:00:00+01:00,83,112,na,195,-3.0,0.3,na
Eco Counter GmbH,Stadt Karlsruhe,752,Erbprinzenstraße,100004165,Y2H16070301,8.4027153,49.0072864,(UTC+01:00) Europe/Paris DST,2013-01-17T09:00:00+01:00,89,104,na,193,-3.0,0.3,na
Eco Counter GmbH,Stadt Karlsruhe,752,Erbprinzenstraße,100004165,Y2H16070301,8.4027153,49.0072864,(UTC+01:00) Europe/Paris DST,2013-01-17T10:00:00+01:00,49,56,na,105,-3.0,0.2,na
Eco Counter GmbH,Stadt Karlsruhe,752,Erbprinzenstraße,100004165,Y2H16070301,8.4027153,49.0072864,(UTC+01:00) Europe/Paris DST,2013-01-17T11:00:00+01:00,63,75,na,138,-2.0,0.1,na
Eco Counter GmbH,Stadt Karlsruhe,752,Erbprinzenstraße,100004165,Y2H16070301,8.4027153,49.0072864,(UTC+01:00) Europe/Paris DST,2013-01-17T12:00:00+01:00,61,74,na,135,-2.0,0.2,na
Eco Counter GmbH,Stadt Karlsruhe,752,Erbprinzenstraße,100004165,Y2H16070301,8.4027153,49.0072864,(UTC+01:00) Europe/Paris DST,2013-01-17T13:00:00+01:00,71,83,na,154,-2.0,0.1,na
Eco Counter GmbH,Stadt Karlsruhe,752,Erbprinzenstraße,100004165,Y2H16070301,8.4027153,49.0072864,(UTC+01:00) Europe/Paris DST,2013-01-17T14:00:00+01:00,72,81,na,153,-2.0,0.0,na
Eco Counter GmbH,Stadt Karlsruhe,752,Erbprinzenstraße,100004165,Y2H16070301,8.4027153,49.0072864,(UTC+01:00) Europe/Paris DST,2013-01-17T15:00:00+01:00,85,96,na,181,-2.0,0.0,na
Eco Counter GmbH,Stadt Karlsruhe,752,Erbprinzenstraße,100004165,Y2H16070301,8.4027153,49.0072864,(UTC+01:00) Europe/Paris DST,2013-01-17T16:00:00+01:00,79,84,na,163,-2.0,0.0,na
Eco Counter GmbH,Stadt Karlsruhe,752,Erbprinzenstraße,100004165,Y2H16070301,8.4027153,49.0072864,(UTC+01:00) Europe/Paris DST,2013-01-17T17:00:00+01:00,110,133,na,243,-2.0,0.0,na
Eco Counter GmbH,Stadt Karlsruhe,752,Erbprinzenstraße,100004165,Y2H16070301,8.4027153,49.0072864,(UTC+01:00) Europe/Paris DST,2013-01-17T18:00:00+01:00,100,127,na,227,-2.0,0.0,na
Eco Counter GmbH,Stadt Karlsruhe,752,Erbprinzenstraße,100004165,Y2H16070301,8.4027153,49.0072864,(UTC+01:00) Europe/Paris DST,2013-01-17T19:00:00+01:00,73,105,na,178,-2.0,0.0,na
Eco Counter GmbH,Stadt Karlsruhe,752,Erbprinzenstraße,100004165,Y2H16070301,8.4027153,49.0072864,(UTC+01:00) Europe/Paris DST,2013-01-17T20:00:00+01:00,43,66,na,109,-3.0,0.2,na
Eco Counter GmbH,Stadt Karlsruhe,752,Erbprinzenstraße,100004165,Y2H16070301,8.4027153,49.0072864,(UTC+01:00) Europe/Paris DST,2013-01-17T21:00:00+01:00,26,38,na,64,-3.0,0.1,na
Eco Counter GmbH,Stadt Karlsruhe,752,Erbprinzenstraße,100004165,Y2H16070301,8.4027153,49.0072864,(UTC+01:00) Europe/Paris DST,2013-01-17T22:00:00+01:00,29,36,na,65,-3.0,0.1,na
Eco Counter GmbH,Stadt Karlsruhe,752,Erbprinzenstraße,100004165,Y2H16070301,8.4027153,49.0072864,(UTC+01:00) Europe/Paris DST,2013-01-17T23:00:00+01:00,30,39,na,69,-3.0,0.0,na
Eco Counter GmbH,Stadt Karlsruhe,752,Erbprinzenstraße,100004165,Y2H16070301,8.4027153,49.0072864,(UTC+01:00) Europe/Paris DST,2013-01-18T00:00:00+01:00,7,8,na,15,-3.0,0.0,na
Eco Counter GmbH,Stadt Karlsruhe,752,Erbprinzenstraße,100004165,Y2H16070301,8.4027153,49.0072864,(UTC+01:00) Europe/Paris DST,2013-01-18T01:00:00+01:00,4,5,na,9,-3.0,0.0,na
Eco Counter GmbH,Stadt Karlsruhe,752,Erbprinzenstraße,100004165,Y2H16070301,8.4027153,49.0072864,(UTC+01:00) Europe/Paris DST,2013-01-18T02:00:00+01:00,0,0,na,0,-4.0,0.0,na
Eco Counter GmbH,Stadt Karlsruhe,752,Erbprinzenstraße,100004165,Y2H16070301,8.4027153,49.0072864,(UTC+01:00) Europe/Paris DST,2013-01-18T03:00:00+01:00,7,4,na,11,-4.0,0.0,na
Eco Counter GmbH,Stadt Karlsruhe,752,Erbprinzenstraße,100004165,Y2H16070301,8.4027153,49.0072864,(UTC+01:00) Europe/Paris DST,2013-01-18T04:00:00+01:00,4,7,na,11,-5.0,0.0,na
Eco Counter GmbH,Stadt Karlsruhe,752,Erbprinzenstraße,100004165,Y2H16070301,8.4027153,49.0072864,(UTC+01:00) Europe/Paris DST,2013-01-18T05:00:00+01:00,14,21,na,35,-5.0,0.0,na
Eco Counter GmbH,Stadt Karlsruhe,752,Erbprinzenstraße,100004165,Y2H16070301,8.4027153,49.0072864,(UTC+01:00) Europe/Paris DST,2013-01-18T06:00:00+01:00,20,26,na,46,-6.0,0.0,na
Eco Counter GmbH,Stadt Karlsruhe,752,Erbprinzenstraße,100004165,Y2H16070301,8.4027153,49.0072864,(UTC+01:00) Europe/Paris DST,2013-01-18T07:00:00+01:00,49,73,na,122,-5.0,0.0,na
Eco Counter GmbH,Stadt Karlsruhe,752,Erbprinzenstraße,100004165,Y2H16070301,8.4027153,49.0072864,(UTC+01:00) Europe/Paris DST,2013-01-18T08:00:00+01:00,89,123,na,212,-5.0,0.0,na
Eco Counter GmbH,Stadt Karlsruhe,752,Erbprinzenstraße,100004165,Y2H16070301,8.4027153,49.0072864,(UTC+01:00) Europe/Paris DST,2013-01-18T09:00:00+01:00,107,124,na,231,-5.0,0.0,na
Eco Counter GmbH,Stadt Karlsruhe,752,Erbprinzenstraße,100004165,Y2H16070301,8.4027153,49.0072864,(UTC+01:00) Europe/Paris DST,2013-01-18T10:00:00+01:00,77,88,na,165,-5.0,0.0,na
Eco Counter GmbH,Stadt Karlsruhe,752,Erbprinzenstraße,100004165,Y2H16070301,8.4027153,49.0072864,(UTC+01:00) Europe/Paris DST,2013-01-18T11:00:00+01:00,79,95,na,174,-3.0,0.0,na
Eco Counter GmbH,Stadt Karlsruhe,752,Erbprinzenstraße,100004165,Y2H16070301,8.4027153,49.0072864,(UTC+01:00) Europe/Paris DST,2013-01-18T12:00:00+01:00,84,101,na,185,-2.0,0.0,na
Eco Counter GmbH,Stadt Karlsruhe,752,Erbprinzenstraße,100004165,Y2H16070301,8.4027153,49.0072864,(UTC+01:00) Europe/Paris DST,2013-01-18T13:00:00+01:00,99,115,na,214,-1.0,0.0,na
Eco Counter GmbH,Stadt Karlsruhe,752,Erbprinzenstraße,100004165,Y2H16070301,8.4027153,49.0072864,(UTC+01:00) Europe/Paris DST,2013-01-18T14:00:00+01:00,100,113,na,213,-1.0,0.0,na
Eco Counter GmbH,Stadt Karlsruhe,752,Erbprinzenstraße,100004165,Y2H16070301,8.4027153,49.0072864,(UTC+01:00) Europe/Paris DST,2013-01-18T15:00:00+01:00,94,106,na,200,-1.0,0.0,na
Eco Counter GmbH,Stadt Karlsruhe,752,Erbprinzenstraße,100004165,Y2H16070301,8.4027153,49.0072864,(UTC+01:00) Europe/Paris DST,2013-01-18T16:00:00+01:00,95,104,na,199,-2.0,0.0,na
Eco Counter GmbH,Stadt Karlsruhe,752,Erbprinzenstraße,100004165,Y2H16070301,8.4027153,49.0072864,(UTC+01:00) Europe/Paris DST,2013-01-18T17:00:00+01:00,102,124,na,226,-3.0,0.0,na
Eco Counter GmbH,Stadt Karlsruhe,752,Erbprinzenstraße,100004165,Y2H16070301,8.4027153,49.0072864,(UTC+01:00) Europe/Paris DST,2013-01-18T18:00:00+01:00,84,103,na,187,-3.0,0.0,na
Eco Counter GmbH,Stadt Karlsruhe,752,Erbprinzenstraße,100004165,Y2H16070301,8.4027153,49.0072864,(UTC+01:00) Europe/Paris DST,2013-01-18T19:00:00+01:00,73,109,na,182,-4.0,0.0,na
Eco Counter GmbH,Stadt Karlsruhe,752,Erbprinzenstraße,100004165,Y2H16070301,8.4027153,49.0072864,(UTC+01:00) Europe/Paris DST,2013-01-18T20:00:00+01:00,35,54,na,89,-4.0,0.0,na
Eco Counter GmbH,Stadt Karlsruhe,752,Erbprinzenstraße,100004165,Y2H16070301,8.4027153,49.0072864,(UTC+01:00) Europe/Paris DST,2013-01-18T21:00:00+01:00,19,29,na,48,-5.0,0.0,na
Eco Counter GmbH,Stadt Karlsruhe,752,Erbprinzenstraße,100004165,Y2H16070301,8.4027153,49.0072864,(UTC+01:00) Europe/Paris DST,2013-01-18T22:00:00+01:00,22,28,na,50,-5.0,0.0,na
Eco Counter GmbH,Stadt Karlsruhe,752,Erbprinzenstraße,100004165,Y2H16070301,8.4027153,49.0072864,(UTC+01:00) Europe/Paris DST,2013-01-18T23:00:00+01:00,19,26,na,45,-6.0,0.0,na
Eco Counter GmbH,Stadt Karlsruhe,752,Erbprinzenstraße,100004165,Y2H16070301,8.4027153,49.0072864,(UTC+01:00) Europe/Paris DST,2013-01-19T00:00:00+01:00,11,16,na,27,-6.0,0.0,na
Eco Counter GmbH,Stadt Karlsruhe,752,Erbprinzenstraße,100004165,Y2H16070301,8.4027153,49.0072864,(UTC+01:00) Europe/Paris DST,2013-01-19T01:00:00+01:00,8,11,na,19,-5.0,0.0,na
Eco Counter GmbH,Stadt Karlsruhe,752,Erbprinzenstraße,100004165,Y2H16070301,8.4027153,49.0072864,(UTC+01:00) Europe/Paris DST,2013-01-19T02:00:00+01:00,9,12,na,21,-5.0,0.0,na
Eco Counter GmbH,Stadt Karlsruhe,752,Erbprinzenstraße,100004165,Y2H16070301,8.4027153,49.0072864,(UTC+01:00) Europe/Paris DST,2013-01-19T03:00:00+01:00,7,8,na,15,-5.0,0.0,na
Eco Counter GmbH,Stadt Karlsruhe,752,Erbprinzenstraße,100004165,Y2H16070301,8.4027153,49.0072864,(UTC+01:00) Europe/Paris DST,2013-01-19T04:00:00+01:00,4,4,na,8,-5.0,0.0,na
Eco Counter GmbH,Stadt Karlsruhe,752,Erbprinzenstraße,100004165,Y2H16070301,8.4027153,49.0072864,(UTC+01:00) Europe/Paris DST,2013-01-19T05:00:00+01:00,11,12,na,23,-5.0,0.0,na
Eco Counter GmbH,Stadt Karlsruhe,752,Erbprinzenstraße,100004165,Y2H16070301,8.4027153,49.0072864,(UTC+01:00) Europe/Paris DST,2013-01-19T06:00:00+01:00,5,5,na,10,-4.0,0.0,na
Eco Counter GmbH,Stadt Karlsruhe,752,Erbprinzenstraße,100004165,Y2H16070301,8.4027153,49.0072864,(UTC+01:00) Europe/Paris DST,2013-01-19T07:00:00+01:00,7,15,na,22,-4.0,0.0,na
Eco Counter GmbH,Stadt Karlsruhe,752,Erbprinzenstraße,100004165,Y2H16070301,8.4027153,49.0072864,(UTC+01:00) Europe/Paris DST,2013-01-19T08:00:00+01:00,14,18,na,32,-4.0,0.0,na
Eco Counter GmbH,Stadt Karlsruhe,752,Erbprinzenstraße,100004165,Y2H16070301,8.4027153,49.0072864,(UTC+01:00) Europe/Paris DST,2013-01-19T09:00:00+01:00,41,37,na,78,-3.0,0.0,na
Eco Counter GmbH,Stadt Karlsruhe,752,Erbprinzenstraße,100004165,Y2H16070301,8.4027153,49.0072864,(UTC+01:00) Europe/Paris DST,2013-01-19T10:00:00+01:00,60,60,na,120,-2.0,0.0,na
Eco Counter GmbH,Stadt Karlsruhe,752,Erbprinzenstraße,100004165,Y2H16070301,8.4027153,49.0072864,(UTC+01:00) Europe/Paris DST,2013-01-19T11:00:00+01:00,68,70,na,138,-2.0,0.0,na
Eco Counter GmbH,Stadt Karlsruhe,752,Erbprinzenstraße,100004165,Y2H16070301,8.4027153,49.0072864,(UTC+01:00) Europe/Paris DST,2013-01-19T12:00:00+01:00,65,76,na,141,-1.0,0.0,na
Eco Counter GmbH,Stadt Karlsruhe,752,Erbprinzenstraße,100004165,Y2H16070301,8.4027153,49.0072864,(UTC+01:00) Europe/Paris DST,2013-01-19T13:00:00+01:00,78,94,na,172,-1.0,0.0,na
Eco Counter GmbH,Stadt Karlsruhe,752,Erbprinzenstraße,100004165,Y2H16070301,8.4027153,49.0072864,(UTC+01:00) Europe/Paris DST,2013-01-19T14:00:00+01:00,85,105,na,190,-2.0,0.0,na
Eco Counter GmbH,Stadt Karlsruhe,752,Erbprinzenstraße,100004165,Y2H16070301,8.4027153,49.0072864,(UTC+01:00) Europe/Paris DST,2013-01-19T15:00:00+01:00,88,100,na,188,-2.0,0.0,na
Eco Counter GmbH,Stadt Karlsruhe,752,Erbprinzenstraße,100004165,Y2H16070301,8.4027153,49.0072864,(UTC+01:00) Europe/Paris DST,2013-01-19T16:00:00+01:00,78,92,na,170,-2.0,0.0,na
Eco Counter GmbH,Stadt Karlsruhe,752,Erbprinzenstraße,100004165,Y2H16070301,8.4027153,49.0072864,(UTC+01:00) Europe/Paris DST,2013-01-19T17:00:00+01:00,71,102,na,173,-3.0,0.0,na
Eco Counter GmbH,Stadt Karlsruhe,752,Erbprinzenstraße,100004165,Y2H16070301,8.4027153,49.0072864,(UTC+01:00) Europe/Paris DST,2013-01-19T18:00:00+01:00,54,87,na,141,-4.0,0.0,na
Eco Counter GmbH,Stadt Karlsruhe,752,Erbprinzenstraße,100004165,Y2H16070301,8.4027153,49.0072864,(UTC+01:00) Europe/Paris DST,2013-01-19T19:00:00+01:00,44,68,na,112,-4.0,0.0,na
Eco Counter GmbH,Stadt Karlsruhe,752,Erbprinzenstraße,100004165,Y2H16070301,8.4027153,49.0072864,(UTC+01:00) Europe/Paris DST,2013-01-19T20:00:00+01:00,40,65,na,105,-4.0,0.0,na
Eco Counter GmbH,Stadt Karlsruhe,752,Erbprinzenstraße,100004165,Y2H16070301,8.4027153,49.0072864,(UTC+01:00) Europe/Paris DST,2013-01-19T21:00:00+01:00,17,27,na,44,-5.0,0.0,na
Eco Counter GmbH,Stadt Karlsruhe,752,Erbprinzenstraße,100004165,Y2H16070301,8.4027153,49.0072864,(UTC+01:00) Europe/Paris DST,2013-01-19T22:00:00+01:00,17,28,na,45,-5.0,0.0,na
Eco Counter GmbH,Stadt Karlsruhe,752,Erbprinzenstraße,100004165,Y2H16070301,8.4027153,49.0072864,(UTC+01:00) Europe/Paris DST,2013-01-19T23:00:00+01:00,16,25,na,41,-5.0,0.0,na
Eco Counter GmbH,Stadt Karlsruhe,752,Erbprinzenstraße,100004165,Y2H16070301,8.4027153,49.0072864,(UTC+01:00) Europe/Paris DST,2013-01-20T00:00:00+01:00,15,23,na,38,-5.0,0.0,na
Eco Counter GmbH,Stadt Karlsruhe,752,Erbprinzenstraße,100004165,Y2H16070301,8.4027153,49.0072864,(UTC+01:00) Europe/Paris DST,2013-01-20T01:00:00+01:00,10,14,na,24,-5.0,0.0,na
Eco Counter GmbH,Stadt Karlsruhe,752,Erbprinzenstraße,100004165,Y2H16070301,8.4027153,49.0072864,(UTC+01:00) Europe/Paris DST,2013-01-20T02:00:00+01:00,12,19,na,31,-4.0,0.0,na
Eco Counter GmbH,Stadt Karlsruhe,752,Erbprinzenstraße,100004165,Y2H16070301,8.4027153,49.0072864,(UTC+01:00) Europe/Paris DST,2013-01-20T03:00:00+01:00,13,15,na,28,-4.0,0.0,na
Eco Counter GmbH,Stadt Karlsruhe,752,Erbprinzenstraße,100004165,Y2H16070301,8.4027153,49.0072864,(UTC+01:00) Europe/Paris DST,2013-01-20T04:00:00+01:00,4,4,na,8,-4.0,0.1,na
Eco Counter GmbH,Stadt Karlsruhe,752,Erbprinzenstraße,100004165,Y2H16070301,8.4027153,49.0072864,(UTC+01:00) Europe/Paris DST,2013-01-20T05:00:00+01:00,5,4,na,9,-3.0,0.2,na
Eco Counter GmbH,Stadt Karlsruhe,752,Erbprinzenstraße,100004165,Y2H16070301,8.4027153,49.0072864,(UTC+01:00) Europe/Paris DST,2013-01-20T06:00:00+01:00,1,2,na,3,-3.0,0.5,na
Eco Counter GmbH,Stadt Karlsruhe,752,Erbprinzenstraße,100004165,Y2H16070301,8.4027153,49.0072864,(UTC+01:00) Europe/Paris DST,2013-01-20T07:00:00+01:00,2,5,na,7,-3.0,0.7,na
Eco Counter GmbH,Stadt Karlsruhe,752,Erbprinzenstraße,100004165,Y2H16070301,8.4027153,49.0072864,(UTC+01:00) Europe/Paris DST,2013-01-20T08:00:00+01:00,3,4,na,7,-3.0,0.5,na
Eco Counter GmbH,Stadt Karlsruhe,752,Erbprinzenstraße,100004165,Y2H16070301,8.4027153,49.0072864,(UTC+01:00) Europe/Paris DST,2013-01-20T09:00:00+01:00,6,5,na,11,-2.0,0.3,na
Eco Counter GmbH,Stadt Karlsruhe,752,Erbprinzenstraße,100004165,Y2H16070301,8.4027153,49.0072864,(UTC+01:00) Europe/Paris DST,2013-01-20T10:00:00+01:00,8,7,na,15,-2.0,0.0,na
Eco Counter GmbH,Stadt Karlsruhe,752,Erbprinzenstraße,100004165,Y2H16070301,8.4027153,49.0072864,(UTC+01:00) Europe/Paris DST,2013-01-20T11:00:00+01:00,14,14,na,28,-1.0,0.0,na
Eco Counter GmbH,Stadt Karlsruhe,752,Erbprinzenstraße,100004165,Y2H16070301,8.4027153,49.0072864,(UTC+01:00) Europe/Paris DST,2013-01-20T12:00:00+01:00,10,12,na,22,-1.0,0.1,na
Eco Counter GmbH,Stadt Karlsruhe,752,Erbprinzenstraße,100004165,Y2H16070301,8.4027153,49.0072864,(UTC+01:00) Europe/Paris DST,2013-01-20T13:00:00+01:00,12,15,na,27,-1.0,0.1,na
Eco Counter GmbH,Stadt Karlsruhe,752,Erbprinzenstraße,100004165,Y2H16070301,8.4027153,49.0072864,(UTC+01:00) Europe/Paris DST,2013-01-20T14:00:00+01:00,9,12,na,21,-1.0,0.2,na
Eco Counter GmbH,Stadt Karlsruhe,752,Erbprinzenstraße,100004165,Y2H16070301,8.4027153,49.0072864,(UTC+01:00) Europe/Paris DST,2013-01-20T15:00:00+01:00,11,12,na,23,-1.0,0.9,na
Eco Counter GmbH,Stadt Karlsruhe,752,Erbprinzenstraße,100004165,Y2H16070301,8.4027153,49.0072864,(UTC+01:00) Europe/Paris DST,2013-01-20T16:00:00+01:00,12,14,na,26,-1.0,1.0,na
Eco Counter GmbH,Stadt Karlsruhe,752,Erbprinzenstraße,100004165,Y2H16070301,8.4027153,49.0072864,(UTC+01:00) Europe/Paris DST,2013-01-20T17:00:00+01:00,9,14,na,23,-1.0,0.8,na
Eco Counter GmbH,Stadt Karlsruhe,752,Erbprinzenstraße,100004165,Y2H16070301,8.4027153,49.0072864,(UTC+01:00) Europe/Paris DST,2013-01-20T18:00:00+01:00,12,20,na,32,-1.0,0.6,na
Eco Counter GmbH,Stadt Karlsruhe,752,Erbprinzenstraße,100004165,Y2H16070301,8.4027153,49.0072864,(UTC+01:00) Europe/Paris DST,2013-01-20T19:00:00+01:00,8,11,na,19,-2.0,0.4,na
Eco Counter GmbH,Stadt Karlsruhe,752,Erbprinzenstraße,100004165,Y2H16070301,8.4027153,49.0072864,(UTC+01:00) Europe/Paris DST,2013-01-20T20:00:00+01:00,4,8,na,12,-2.0,0.2,na
Eco Counter GmbH,Stadt Karlsruhe,752,Erbprinzenstraße,100004165,Y2H16070301,8.4027153,49.0072864,(UTC+01:00) Europe/Paris DST,2013-01-20T21:00:00+01:00,7,10,na,17,-2.0,0.4,na
Eco Counter GmbH,Stadt Karlsruhe,752,Erbprinzenstraße,100004165,Y2H16070301,8.4027153,49.0072864,(UTC+01:00) Europe/Paris DST,2013-01-20T22:00:00+01:00,1,3,na,4,-2.0,0.5,na
Eco Counter GmbH,Stadt Karlsruhe,752,Erbprinzenstraße,100004165,Y2H16070301,8.4027153,49.0072864,(UTC+01:00) Europe/Paris DST,2013-01-20T23:00:00+01:00,4,6,na,10,-2.0,0.7,na
Eco Counter GmbH,Stadt Karlsruhe,752,Erbprinzenstraße,100004165,Y2H16070301,8.4027153,49.0072864,(UTC+01:00) Europe/Paris DST,2013-01-21T00:00:00+01:00,0,0,na,0,-2.0,0.7,na
Eco Counter GmbH,Stadt Karlsruhe,752,Erbprinzenstraße,100004165,Y2H16070301,8.4027153,49.0072864,(UTC+01:00) Europe/Paris DST,2013-01-21T01:00:00+01:00,0,0,na,0,-2.0,0.4,na
Eco Counter GmbH,Stadt Karlsruhe,752,Erbprinzenstraße,100004165,Y2H16070301,8.4027153,49.0072864,(UTC+01:00) Europe/Paris DST,2013-01-21T02:00:00+01:00,0,0,na,0,-2.0,0.3,na
Eco Counter GmbH,Stadt Karlsruhe,752,Erbprinzenstraße,100004165,Y2H16070301,8.4027153,49.0072864,(UTC+01:00) Europe/Paris DST,2013-01-21T03:00:00+01:00,0,0,na,0,-2.0,0.2,na
Eco Counter GmbH,Stadt Karlsruhe,752,Erbprinzenstraße,100004165,Y2H16070301,8.4027153,49.0072864,(UTC+01:00) Europe/Paris DST,2013-01-21T04:00:00+01:00,5,9,na,14,-3.0,0.2,na
Eco Counter GmbH,Stadt Karlsruhe,752,Erbprinzenstraße,100004165,Y2H16070301,8.4027153,49.0072864,(UTC+01:00) Europe/Paris DST,2013-01-21T05:00:00+01:00,6,8,na,14,-3.0,0.2,na
Eco Counter GmbH,Stadt Karlsruhe,752,Erbprinzenstraße,100004165,Y2H16070301,8.4027153,49.0072864,(UTC+01:00) Europe/Paris DST,2013-01-21T06:00:00+01:00,10,14,na,24,-3.0,0.2,na
Eco Counter GmbH,Stadt Karlsruhe,752,Erbprinzenstraße,100004165,Y2H16070301,8.4027153,49.0072864,(UTC+01:00) Europe/Paris DST,2013-01-21T07:00:00+01:00,42,64,na,106,-2.0,0.2,na
Eco Counter GmbH,Stadt Karlsruhe,752,Erbprinzenstraße,100004165,Y2H16070301,8.4027153,49.0072864,(UTC+01:00) Europe/Paris DST,2013-01-21T08:00:00+01:00,57,79,na,136,-1.0,0.1,na
Eco Counter GmbH,Stadt Karlsruhe,752,Erbprinzenstraße,100004165,Y2H16070301,8.4027153,49.0072864,(UTC+01:00) Europe/Paris DST,2013-01-21T09:00:00+01:00,85,100,na,185,-1.0,0.0,na
Eco Counter GmbH,Stadt Karlsruhe,752,Erbprinzenstraße,100004165,Y2H16070301,8.4027153,49.0072864,(UTC+01:00) Europe/Paris DST,2013-01-21T10:00:00+01:00,46,52,na,98,0.0,0.0,na
Eco Counter GmbH,Stadt Karlsruhe,752,Erbprinzenstraße,100004165,Y2H16070301,8.4027153,49.0072864,(UTC+01:00) Europe/Paris DST,2013-01-21T11:00:00+01:00,64,76,na,140,1.0,0.0,na
Eco Counter GmbH,Stadt Karlsruhe,752,Erbprinzenstraße,100004165,Y2H16070301,8.4027153,49.0072864,(UTC+01:00) Europe/Paris DST,2013-01-21T12:00:00+01:00,58,70,na,128,1.0,0.0,na
Eco Counter GmbH,Stadt Karlsruhe,752,Erbprinzenstraße,100004165,Y2H16070301,8.4027153,49.0072864,(UTC+01:00) Europe/Paris DST,2013-01-21T13:00:00+01:00,84,99,na,183,1.0,0.0,na
Eco Counter GmbH,Stadt Karlsruhe,752,Erbprinzenstraße,100004165,Y2H16070301,8.4027153,49.0072864,(UTC+01:00) Europe/Paris DST,2013-01-21T14:00:00+01:00,60,68,na,128,0.0,0.0,na
Eco Counter GmbH,Stadt Karlsruhe,752,Erbprinzenstraße,100004165,Y2H16070301,8.4027153,49.0072864,(UTC+01:00) Europe/Paris DST,2013-01-21T15:00:00+01:00,92,103,na,195,0.0,0.0,na
Eco Counter GmbH,Stadt Karlsruhe,752,Erbprinzenstraße,100004165,Y2H16070301,8.4027153,49.0072864,(UTC+01:00) Europe/Paris DST,2013-01-21T16:00:00+01:00,76,80,na,156,0.0,0.0,na
Eco Counter GmbH,Stadt Karlsruhe,752,Erbprinzenstraße,100004165,Y2H16070301,8.4027153,49.0072864,(UTC+01:00) Europe/Paris DST,2013-01-21T17:00:00+01:00,82,100,na,182,-1.0,0.0,na
Eco Counter GmbH,Stadt Karlsruhe,752,Erbprinzenstraße,100004165,Y2H16070301,8.4027153,49.0072864,(UTC+01:00) Europe/Paris DST,2013-01-21T18:00:00+01:00,81,102,na,183,-1.0,0.0,na
Eco Counter GmbH,Stadt Karlsruhe,752,Erbprinzenstraße,100004165,Y2H16070301,8.4027153,49.0072864,(UTC+01:00) Europe/Paris DST,2013-01-21T19:00:00+01:00,64,92,na,156,-2.0,0.1,na
Eco Counter GmbH,Stadt Karlsruhe,752,Erbprinzenstraße,100004165,Y2H16070301,8.4027153,49.0072864,(UTC+01:00) Europe/Paris DST,2013-01-21T20:00:00+01:00,40,63,na,103,-2.0,0.1,na
Eco Counter GmbH,Stadt Karlsruhe,752,Erbprinzenstraße,100004165,Y2H16070301,8.4027153,49.0072864,(UTC+01:00) Europe/Paris DST,2013-01-21T21:00:00+01:00,25,35,na,60,-1.0,0.0,na
Eco Counter GmbH,Stadt Karlsruhe,752,Erbprinzenstraße,100004165,Y2H16070301,8.4027153,49.0072864,(UTC+01:00) Europe/Paris DST,2013-01-21T22:00:00+01:00,21,26,na,47,-1.0,0.1,na
Eco Counter GmbH,Stadt Karlsruhe,752,Erbprinzenstraße,100004165,Y2H16070301,8.4027153,49.0072864,(UTC+01:00) Europe/Paris DST,2013-01-21T23:00:00+01:00,10,12,na,22,-1.0,0.0,na
Eco Counter GmbH,Stadt Karlsruhe,752,Erbprinzenstraße,100004165,Y2H16070301,8.4027153,49.0072864,(UTC+01:00) Europe/Paris DST,2013-01-22T00:00:00+01:00,10,12,na,22,-1.0,0.0,na
Eco Counter GmbH,Stadt Karlsruhe,752,Erbprinzenstraße,100004165,Y2H16070301,8.4027153,49.0072864,(UTC+01:00) Europe/Paris DST,2013-01-22T01:00:00+01:00,4,4,na,8,-1.0,0.1,na
Eco Counter GmbH,Stadt Karlsruhe,752,Erbprinzenstraße,100004165,Y2H16070301,8.4027153,49.0072864,(UTC+01:00) Europe/Paris DST,2013-01-22T02:00:00+01:00,0,0,na,0,0.0,0.0,na
Eco Counter GmbH,Stadt Karlsruhe,752,Erbprinzenstraße,100004165,Y2H16070301,8.4027153,49.0072864,(UTC+01:00) Europe/Paris DST,2013-01-22T03:00:00+01:00,2,0,na,2,-1.0,0.0,na
Eco Counter GmbH,Stadt Karlsruhe,752,Erbprinzenstraße,100004165,Y2H16070301,8.4027153,49.0072864,(UTC+01:00) Europe/Paris DST,2013-01-22T04:00:00+01:00,5,7,na,12,-1.0,0.0,na
Eco Counter GmbH,Stadt Karlsruhe,752,Erbprinzenstraße,100004165,Y2H16070301,8.4027153,49.0072864,(UTC+01:00) Europe/Paris DST,2013-01-22T05:00:00+01:00,13,18,na,31,-1.0,0.0,na
Eco Counter GmbH,Stadt Karlsruhe,752,Erbprinzenstraße,100004165,Y2H16070301,8.4027153,49.0072864,(UTC+01:00) Europe/Paris DST,2013-01-22T06:00:00+01:00,13,18,na,31,-1.0,0.0,na
Eco Counter GmbH,Stadt Karlsruhe,752,Erbprinzenstraße,100004165,Y2H16070301,8.4027153,49.0072864,(UTC+01:00) Europe/Paris DST,2013-01-22T07:00:00+01:00,60,89,na,149,0.0,0.0,na
Eco Counter GmbH,Stadt Karlsruhe,752,Erbprinzenstraße,100004165,Y2H16070301,8.4027153,49.0072864,(UTC+01:00) Europe/Paris DST,2013-01-22T08:00:00+01:00,90,124,na,214,0.0,0.1,na
Eco Counter GmbH,Stadt Karlsruhe,752,Erbprinzenstraße,100004165,Y2H16070301,8.4027153,49.0072864,(UTC+01:00) Europe/Paris DST,2013-01-22T09:00:00+01:00,111,129,na,240,1.0,0.0,na
Eco Counter GmbH,Stadt Karlsruhe,752,Erbprinzenstraße,100004165,Y2H16070301,8.4027153,49.0072864,(UTC+01:00) Europe/Paris DST,2013-01-22T10:00:00+01:00,56,64,na,120,1.0,0.0,na
Eco Counter GmbH,Stadt Karlsruhe,752,Erbprinzenstraße,100004165,Y2H16070301,8.4027153,49.0072864,(UTC+01:00) Europe/Paris DST,2013-01-22T11:00:00+01:00,83,99,na,182,2.0,0.0,na
Eco Counter GmbH,Stadt Karlsruhe,752,Erbprinzenstraße,100004165,Y2H16070301,8.4027153,49.0072864,(UTC+01:00) Europe/Paris DST,2013-01-22T12:00:00+01:00,92,113,na,205,2.0,0.0,na
Eco Counter GmbH,Stadt Karlsruhe,752,Erbprinzenstraße,100004165,Y2H16070301,8.4027153,49.0072864,(UTC+01:00) Europe/Paris DST,2013-01-22T13:00:00+01:00,100,116,na,216,2.0,0.0,na
Eco Counter GmbH,Stadt Karlsruhe,752,Erbprinzenstraße,100004165,Y2H16070301,8.4027153,49.0072864,(UTC+01:00) Europe/Paris DST,2013-01-22T14:00:00+01:00,88,101,na,189,2.0,0.0,na
Eco Counter GmbH,Stadt Karlsruhe,752,Erbprinzenstraße,100004165,Y2H16070301,8.4027153,49.0072864,(UTC+01:00) Europe/Paris DST,2013-01-22T15:00:00+01:00,121,135,na,256,1.0,0.0,na
Eco Counter GmbH,Stadt Karlsruhe,752,Erbprinzenstraße,100004165,Y2H16070301,8.4027153,49.0072864,(UTC+01:00) Europe/Paris DST,2013-01-22T16:00:00+01:00,124,132,na,256,1.0,0.0,na
Eco Counter GmbH,Stadt Karlsruhe,752,Erbprinzenstraße,100004165,Y2H16070301,8.4027153,49.0072864,(UTC+01:00) Europe/Paris DST,2013-01-22T17:00:00+01:00,132,160,na,292,0.0,0.0,na
Eco Counter GmbH,Stadt Karlsruhe,752,Erbprinzenstraße,100004165,Y2H16070301,8.4027153,49.0072864,(UTC+01:00) Europe/Paris DST,2013-01-22T18:00:00+01:00,103,128,na,231,-1.0,0.0,na
Eco Counter GmbH,Stadt Karlsruhe,752,Erbprinzenstraße,100004165,Y2H16070301,8.4027153,49.0072864,(UTC+01:00) Europe/Paris DST,2013-01-22T19:00:00+01:00,80,117,na,197,-1.0,0.0,na
Eco Counter GmbH,Stadt Karlsruhe,752,Erbprinzenstraße,100004165,Y2H16070301,8.4027153,49.0072864,(UTC+01:00) Europe/Paris DST,2013-01-22T20:00:00+01:00,48,77,na,125,-2.0,0.0,na
Eco Counter GmbH,Stadt Karlsruhe,752,Erbprinzenstraße,100004165,Y2H16070301,8.4027153,49.0072864,(UTC+01:00) Europe/Paris DST,2013-01-22T21:00:00+01:00,31,44,na,75,-2.0,0.0,na
Eco Counter GmbH,Stadt Karlsruhe,752,Erbprinzenstraße,100004165,Y2H16070301,8.4027153,49.0072864,(UTC+01:00) Europe/Paris DST,2013-01-22T22:00:00+01:00,33,41,na,74,-3.0,0.0,na
Eco Counter GmbH,Stadt Karlsruhe,752,Erbprinzenstraße,100004165,Y2H16070301,8.4027153,49.0072864,(UTC+01:00) Europe/Paris DST,2013-01-22T23:00:00+01:00,19,26,na,45,-3.0,0.0,na
Eco Counter GmbH,Stadt Karlsruhe,752,Erbprinzenstraße,100004165,Y2H16070301,8.4027153,49.0072864,(UTC+01:00) Europe/Paris DST,2013-01-23T00:00:00+01:00,7,9,na,16,-3.0,0.0,na
Eco Counter GmbH,Stadt Karlsruhe,752,Erbprinzenstraße,100004165,Y2H16070301,8.4027153,49.0072864,(UTC+01:00) Europe/Paris DST,2013-01-23T01:00:00+01:00,7,8,na,15,-2.0,0.0,na
Eco Counter GmbH,Stadt Karlsruhe,752,Erbprinzenstraße,100004165,Y2H16070301,8.4027153,49.0072864,(UTC+01:00) Europe/Paris DST,2013-01-23T02:00:00+01:00,0,0,na,0,-2.0,0.0,na
Eco Counter GmbH,Stadt Karlsruhe,752,Erbprinzenstraße,100004165,Y2H16070301,8.4027153,49.0072864,(UTC+01:00) Europe/Paris DST,2013-01-23T03:00:00+01:00,2,3,na,5,-2.0,0.0,na
Eco Counter GmbH,Stadt Karlsruhe,752,Erbprinzenstraße,100004165,Y2H16070301,8.4027153,49.0072864,(UTC+01:00) Europe/Paris DST,2013-01-23T04:00:00+01:00,0,0,na,0,-2.0,0.0,na
Eco Counter GmbH,Stadt Karlsruhe,752,Erbprinzenstraße,100004165,Y2H16070301,8.4027153,49.0072864,(UTC+01:00) Europe/Paris DST,2013-01-23T05:00:00+01:00,10,16,na,26,-2.0,0.0,na
Eco Counter GmbH,Stadt Karlsruhe,752,Erbprinzenstraße,100004165,Y2H16070301,8.4027153,49.0072864,(UTC+01:00) Europe/Paris DST,2013-01-23T06:00:00+01:00,18,24,na,42,-1.0,0.0,na
Eco Counter GmbH,Stadt Karlsruhe,752,Erbprinzenstraße,100004165,Y2H16070301,8.4027153,49.0072864,(UTC+01:00) Europe/Paris DST,2013-01-23T07:00:00+01:00,66,99,na,165,-1.0,0.0,na
Eco Counter GmbH,Stadt Karlsruhe,752,Erbprinzenstraße,100004165,Y2H16070301,8.4027153,49.0072864,(UTC+01:00) Europe/Paris DST,2013-01-23T08:00:00+01:00,110,153,na,263,-1.0,0.0,na
Eco Counter GmbH,Stadt Karlsruhe,752,Erbprinzenstraße,100004165,Y2H16070301,8.4027153,49.0072864,(UTC+01:00) Europe/Paris DST,2013-01-23T09:00:00+01:00,125,145,na,270,0.0,0.0,na
Eco Counter GmbH,Stadt Karlsruhe,752,Erbprinzenstraße,100004165,Y2H16070301,8.4027153,49.0072864,(UTC+01:00) Europe/Paris DST,2013-01-23T10:00:00+01:00,84,97,na,181,0.0,0.0,na
Eco Counter GmbH,Stadt Karlsruhe,752,Erbprinzenstraße,100004165,Y2H16070301,8.4027153,49.0072864,(UTC+01:00) Europe/Paris DST,2013-01-23T11:00:00+01:00,93,112,na,205,1.0,0.0,na
Eco Counter GmbH,Stadt Karlsruhe,752,Erbprinzenstraße,100004165,Y2H16070301,8.4027153,49.0072864,(UTC+01:00) Europe/Paris DST,2013-01-23T12:00:00+01:00,106,129,na,235,1.0,0.0,na
Eco Counter GmbH,Stadt Karlsruhe,752,Erbprinzenstraße,100004165,Y2H16070301,8.4027153,49.0072864,(UTC+01:00) Europe/Paris DST,2013-01-23T13:00:00+01:00,116,135,na,251,1.0,0.0,na
Eco Counter GmbH,Stadt Karlsruhe,752,Erbprinzenstraße,100004165,Y2H16070301,8.4027153,49.0072864,(UTC+01:00) Europe/Paris DST,2013-01-23T14:00:00+01:00,100,113,na,213,1.0,0.0,na
Eco Counter GmbH,Stadt Karlsruhe,752,Erbprinzenstraße,100004165,Y2H16070301,8.4027153,49.0072864,(UTC+01:00) Europe/Paris DST,2013-01-23T15:00:00+01:00,115,130,na,245,0.0,0.0,na
Eco Counter GmbH,Stadt Karlsruhe,752,Erbprinzenstraße,100004165,Y2H16070301,8.4027153,49.0072864,(UTC+01:00) Europe/Paris DST,2013-01-23T16:00:00+01:00,126,136,na,262,0.0,0.0,na
Eco Counter GmbH,Stadt Karlsruhe,752,Erbprinzenstraße,100004165,Y2H16070301,8.4027153,49.0072864,(UTC+01:00) Europe/Paris DST,2013-01-23T17:00:00+01:00,134,163,na,297,-1.0,0.0,na
Eco Counter GmbH,Stadt Karlsruhe,752,Erbprinzenstraße,100004165,Y2H16070301,8.4027153,49.0072864,(UTC+01:00) Europe/Paris DST,2013-01-23T18:00:00+01:00,122,153,na,275,-1.0,0.0,na
Eco Counter GmbH,Stadt Karlsruhe,752,Erbprinzenstraße,100004165,Y2H16070301,8.4027153,49.0072864,(UTC+01:00) Europe/Paris DST,2013-01-23T19:00:00+01:00,97,141,na,238,-1.0,0.0,na
Eco Counter GmbH,Stadt Karlsruhe,752,Erbprinzenstraße,100004165,Y2H16070301,8.4027153,49.0072864,(UTC+01:00) Europe/Paris DST,2013-01-23T20:00:00+01:00,53,84,na,137,-2.0,0.0,na
Eco Counter GmbH,Stadt Karlsruhe,752,Erbprinzenstraße,100004165,Y2H16070301,8.4027153,49.0072864,(UTC+01:00) Europe/Paris DST,2013-01-23T21:00:00+01:00,35,49,na,84,-2.0,0.0,na
Eco Counter GmbH,Stadt Karlsruhe,752,Erbprinzenstraße,100004165,Y2H16070301,8.4027153,49.0072864,(UTC+01:00) Europe/Paris DST,2013-01-23T22:00:00+01:00,42,53,na,95,-2.0,0.0,na
Eco Counter GmbH,Stadt Karlsruhe,752,Erbprinzenstraße,100004165,Y2H16070301,8.4027153,49.0072864,(UTC+01:00) Europe/Paris DST,2013-01-23T23:00:00+01:00,30,38,na,68,-2.0,0.0,na
Eco Counter GmbH,Stadt Karlsruhe,752,Erbprinzenstraße,100004165,Y2H16070301,8.4027153,49.0072864,(UTC+01:00) Europe/Paris DST,2013-01-24T00:00:00+01:00,14,17,na,31,-2.0,0.0,na
Eco Counter GmbH,Stadt Karlsruhe,752,Erbprinzenstraße,100004165,Y2H16070301,8.4027153,49.0072864,(UTC+01:00) Europe/Paris DST,2013-01-24T01:00:00+01:00,7,9,na,16,-2.0,0.0,na
Eco Counter GmbH,Stadt Karlsruhe,752,Erbprinzenstraße,100004165,Y2H16070301,8.4027153,49.0072864,(UTC+01:00) Europe/Paris DST,2013-01-24T02:00:00+01:00,4,4,na,8,-2.0,0.0,na
Eco Counter GmbH,Stadt Karlsruhe,752,Erbprinzenstraße,100004165,Y2H16070301,8.4027153,49.0072864,(UTC+01:00) Europe/Paris DST,2013-01-24T03:00:00+01:00,2,0,na,2,-2.0,0.0,na
Eco Counter GmbH,Stadt Karlsruhe,752,Erbprinzenstraße,100004165,Y2H16070301,8.4027153,49.0072864,(UTC+01:00) Europe/Paris DST,2013-01-24T04:00:00+01:00,1,2,na,3,-2.0,0.0,na
Eco Counter GmbH,Stadt Karlsruhe,752,Erbprinzenstraße,100004165,Y2H16070301,8.4027153,49.0072864,(UTC+01:00) Europe/Paris DST,2013-01-24T05:00:00+01:00,14,18,na,32,-2.0,0.0,na
Eco Counter GmbH,Stadt Karlsruhe,752,Erbprinzenstraße,100004165,Y2H16070301,8.4027153,49.0072864,(UTC+01:00) Europe/Paris DST,2013-01-24T06:00:00+01:00,23,30,na,53,-2.0,0.0,na
Eco Counter GmbH,Stadt Karlsruhe,752,Erbprinzenstraße,100004165,Y2H16070301,8.4027153,49.0072864,(UTC+01:00) Europe/Paris DST,2013-01-24T07:00:00+01:00,71,105,na,176,-2.0,0.0,na
Eco Counter GmbH,Stadt Karlsruhe,752,Erbprinzenstraße,100004165,Y2H16070301,8.4027153,49.0072864,(UTC+01:00) Europe/Paris DST,2013-01-24T08:00:00+01:00,106,145,na,251,-2.0,0.0,na
Eco Counter GmbH,Stadt Karlsruhe,752,Erbprinzenstraße,100004165,Y2H16070301,8.4027153,49.0072864,(UTC+01:00) Europe/Paris DST,2013-01-24T09:00:00+01:00,108,127,na,235,-2.0,0.0,na
Eco Counter GmbH,Stadt Karlsruhe,752,Erbprinzenstraße,100004165,Y2H16070301,8.4027153,49.0072864,(UTC+01:00) Europe/Paris DST,2013-01-24T10:00:00+01:00,73,84,na,157,-2.0,0.0,na
Eco Counter GmbH,Stadt Karlsruhe,752,Erbprinzenstraße,100004165,Y2H16070301,8.4027153,49.0072864,(UTC+01:00) Europe/Paris DST,2013-01-24T11:00:00+01:00,87,104,na,191,-2.0,0.0,na
Eco Counter GmbH,Stadt Karlsruhe,752,Erbprinzenstraße,100004165,Y2H16070301,8.4027153,49.0072864,(UTC+01:00) Europe/Paris DST,2013-01-24T12:00:00+01:00,102,123,na,225,-2.0,0.0,na
Eco Counter GmbH,Stadt Karlsruhe,752,Erbprinzenstraße,100004165,Y2H16070301,8.4027153,49.0072864,(UTC+01:00) Europe/Paris DST,2013-01-24T13:00:00+01:00,127,148,na,275,-2.0,0.0,na
Eco Counter GmbH,Stadt Karlsruhe,752,Erbprinzenstraße,100004165,Y2H16070301,8.4027153,49.0072864,(UTC+01:00) Europe/Paris DST,2013-01-24T14:00:00+01:00,110,125,na,235,-2.0,0.0,na
Eco Counter GmbH,Stadt Karlsruhe,752,Erbprinzenstraße,100004165,Y2H16070301,8.4027153,49.0072864,(UTC+01:00) Europe/Paris DST,2013-01-24T15:00:00+01:00,110,123,na,233,-2.0,0.0,na
Eco Counter GmbH,Stadt Karlsruhe,752,Erbprinzenstraße,100004165,Y2H16070301,8.4027153,49.0072864,(UTC+01:00) Europe/Paris DST,2013-01-24T16:00:00+01:00,127,136,na,263,-2.0,0.0,na
Eco Counter GmbH,Stadt Karlsruhe,752,Erbprinzenstraße,100004165,Y2H16070301,8.4027153,49.0072864,(UTC+01:00) Europe/Paris DST,2013-01-24T17:00:00+01:00,155,187,na,342,-3.0,0.0,na
Eco Counter GmbH,Stadt Karlsruhe,752,Erbprinzenstraße,100004165,Y2H16070301,8.4027153,49.0072864,(UTC+01:00) Europe/Paris DST,2013-01-24T18:00:00+01:00,132,165,na,297,-3.0,0.0,na
Eco Counter GmbH,Stadt Karlsruhe,752,Erbprinzenstraße,100004165,Y2H16070301,8.4027153,49.0072864,(UTC+01:00) Europe/Paris DST,2013-01-24T19:00:00+01:00,91,132,na,223,-3.0,0.0,na
Eco Counter GmbH,Stadt Karlsruhe,752,Erbprinzenstraße,100004165,Y2H16070301,8.4027153,49.0072864,(UTC+01:00) Europe/Paris DST,2013-01-24T20:00:00+01:00,53,84,na,137,-3.0,0.0,na
Eco Counter GmbH,Stadt Karlsruhe,752,Erbprinzenstraße,100004165,Y2H16070301,8.4027153,49.0072864,(UTC+01:00) Europe/Paris DST,2013-01-24T21:00:00+01:00,40,58,na,98,-3.0,0.0,na
Eco Counter GmbH,Stadt Karlsruhe,752,Erbprinzenstraße,100004165,Y2H16070301,8.4027153,49.0072864,(UTC+01:00) Europe/Paris DST,2013-01-24T22:00:00+01:00,41,50,na,91,-3.0,0.0,na
Eco Counter GmbH,Stadt Karlsruhe,752,Erbprinzenstraße,100004165,Y2H16070301,8.4027153,49.0072864,(UTC+01:00) Europe/Paris DST,2013-01-24T23:00:00+01:00,21,28,na,49,-3.0,0.0,na
Eco Counter GmbH,Stadt Karlsruhe,752,Erbprinzenstraße,100004165,Y2H16070301,8.4027153,49.0072864,(UTC+01:00) Europe/Paris DST,2013-01-25T00:00:00+01:00,10,12,na,22,-4.0,0.0,na
Eco Counter GmbH,Stadt Karlsruhe,752,Erbprinzenstraße,100004165,Y2H16070301,8.4027153,49.0072864,(UTC+01:00) Europe/Paris DST,2013-01-25T01:00:00+01:00,7,8,na,15,-4.0,0.0,na
Eco Counter GmbH,Stadt Karlsruhe,752,Erbprinzenstraße,100004165,Y2H16070301,8.4027153,49.0072864,(UTC+01:00) Europe/Paris DST,2013-01-25T02:00:00+01:00,7,7,na,14,-4.0,0.0,na
Eco Counter GmbH,Stadt Karlsruhe,752,Erbprinzenstraße,100004165,Y2H16070301,8.4027153,49.0072864,(UTC+01:00) Europe/Paris DST,2013-01-25T03:00:00+01:00,5,4,na,9,-4.0,0.0,na
Eco Counter GmbH,Stadt Karlsruhe,752,Erbprinzenstraße,100004165,Y2H16070301,8.4027153,49.0072864,(UTC+01:00) Europe/Paris DST,2013-01-25T04:00:00+01:00,8,14,na,22,-5.0,0.0,na
Eco Counter GmbH,Stadt Karlsruhe,752,Erbprinzenstraße,100004165,Y2H16070301,8.4027153,49.0072864,(UTC+01:00) Europe/Paris DST,2013-01-25T05:00:00+01:00,4,6,na,10,-5.0,0.0,na
Eco Counter GmbH,Stadt Karlsruhe,752,Erbprinzenstraße,100004165,Y2H16070301,8.4027153,49.0072864,(UTC+01:00) Europe/Paris DST,2013-01-25T06:00:00+01:00,20,27,na,47,-5.0,0.0,na
Eco Counter GmbH,Stadt Karlsruhe,752,Erbprinzenstraße,100004165,Y2H16070301,8.4027153,49.0072864,(UTC+01:00) Europe/Paris DST,2013-01-25T07:00:00+01:00,70,104,na,174,-5.0,0.0,na
Eco Counter GmbH,Stadt Karlsruhe,752,Erbprinzenstraße,100004165,Y2H16070301,8.4027153,49.0072864,(UTC+01:00) Europe/Paris DST,2013-01-25T08:00:00+01:00,120,165,na,285,-4.0,0.0,na
Eco Counter GmbH,Stadt Karlsruhe,752,Erbprinzenstraße,100004165,Y2H16070301,8.4027153,49.0072864,(UTC+01:00) Europe/Paris DST,2013-01-25T09:00:00+01:00,105,124,na,229,-4.0,0.0,na
Eco Counter GmbH,Stadt Karlsruhe,752,Erbprinzenstraße,100004165,Y2H16070301,8.4027153,49.0072864,(UTC+01:00) Europe/Paris DST,2013-01-25T10:00:00+01:00,73,84,na,157,-3.0,0.0,na
Eco Counter GmbH,Stadt Karlsruhe,752,Erbprinzenstraße,100004165,Y2H16070301,8.4027153,49.0072864,(UTC+01:00) Europe/Paris DST,2013-01-25T11:00:00+01:00,104,127,na,231,-2.0,0.0,na
Eco Counter GmbH,Stadt Karlsruhe,752,Erbprinzenstraße,100004165,Y2H16070301,8.4027153,49.0072864,(UTC+01:00) Europe/Paris DST,2013-01-25T12:00:00+01:00,86,105,na,191,-1.0,0.0,na
Eco Counter GmbH,Stadt Karlsruhe,752,Erbprinzenstraße,100004165,Y2H16070301,8.4027153,49.0072864,(UTC+01:00) Europe/Paris DST,2013-01-25T13:00:00+01:00,116,135,na,251,-1.0,0.0,na
Eco Counter GmbH,Stadt Karlsruhe,752,Erbprinzenstraße,100004165,Y2H16070301,8.4027153,49.0072864,(UTC+01:00) Europe/Paris DST,2013-01-25T14:00:00+01:00,92,105,na,197,-1.0,0.0,na
Eco Counter GmbH,Stadt Karlsruhe,752,Erbprinzenstraße,100004165,Y2H16070301,8.4027153,49.0072864,(UTC+01:00) Europe/Paris DST,2013-01-25T15:00:00+01:00,119,134,na,253,-1.0,0.0,na
Eco Counter GmbH,Stadt Karlsruhe,752,Erbprinzenstraße,100004165,Y2H16070301,8.4027153,49.0072864,(UTC+01:00) Europe/Paris DST,2013-01-25T16:00:00+01:00,121,130,na,251,-2.0,0.0,na
Eco Counter GmbH,Stadt Karlsruhe,752,Erbprinzenstraße,100004165,Y2H16070301,8.4027153,49.0072864,(UTC+01:00) Europe/Paris DST,2013-01-25T17:00:00+01:00,116,141,na,257,-3.0,0.0,na
Eco Counter GmbH,Stadt Karlsruhe,752,Erbprinzenstraße,100004165,Y2H16070301,8.4027153,49.0072864,(UTC+01:00) Europe/Paris DST,2013-01-25T18:00:00+01:00,106,132,na,238,-3.0,0.0,na
Eco Counter GmbH,Stadt Karlsruhe,752,Erbprinzenstraße,100004165,Y2H16070301,8.4027153,49.0072864,(UTC+01:00) Europe/Paris DST,2013-01-25T19:00:00+01:00,77,113,na,190,-4.0,0.0,na
Eco Counter GmbH,Stadt Karlsruhe,752,Erbprinzenstraße,100004165,Y2H16070301,8.4027153,49.0072864,(UTC+01:00) Europe/Paris DST,2013-01-25T20:00:00+01:00,52,82,na,134,-5.0,0.0,na
Eco Counter GmbH,Stadt Karlsruhe,752,Erbprinzenstraße,100004165,Y2H16070301,8.4027153,49.0072864,(UTC+01:00) Europe/Paris DST,2013-01-25T21:00:00+01:00,28,39,na,67,-6.0,0.0,na
Eco Counter GmbH,Stadt Karlsruhe,752,Erbprinzenstraße,100004165,Y2H16070301,8.4027153,49.0072864,(UTC+01:00) Europe/Paris DST,2013-01-25T22:00:00+01:00,27,34,na,61,-6.0,0.0,na
Eco Counter GmbH,Stadt Karlsruhe,752,Erbprinzenstraße,100004165,Y2H16070301,8.4027153,49.0072864,(UTC+01:00) Europe/Paris DST,2013-01-25T23:00:00+01:00,19,26,na,45,-6.0,0.0,na
Eco Counter GmbH,Stadt Karlsruhe,752,Erbprinzenstraße,100004165,Y2H16070301,8.4027153,49.0072864,(UTC+01:00) Europe/Paris DST,2013-01-26T00:00:00+01:00,20,31,na,51,-6.0,0.0,na
Eco Counter GmbH,Stadt Karlsruhe,752,Erbprinzenstraße,100004165,Y2H16070301,8.4027153,49.0072864,(UTC+01:00) Europe/Paris DST,2013-01-26T01:00:00+01:00,15,21,na,36,-7.0,0.0,na
Eco Counter GmbH,Stadt Karlsruhe,752,Erbprinzenstraße,100004165,Y2H16070301,8.4027153,49.0072864,(UTC+01:00) Europe/Paris DST,2013-01-26T02:00:00+01:00,8,12,na,20,-7.0,0.0,na
Eco Counter GmbH,Stadt Karlsruhe,752,Erbprinzenstraße,100004165,Y2H16070301,8.4027153,49.0072864,(UTC+01:00) Europe/Paris DST,2013-01-26T03:00:00+01:00,12,12,na,24,-7.0,0.0,na
Eco Counter GmbH,Stadt Karlsruhe,752,Erbprinzenstraße,100004165,Y2H16070301,8.4027153,49.0072864,(UTC+01:00) Europe/Paris DST,2013-01-26T04:00:00+01:00,10,9,na,19,-7.0,0.0,na
Eco Counter GmbH,Stadt Karlsruhe,752,Erbprinzenstraße,100004165,Y2H16070301,8.4027153,49.0072864,(UTC+01:00) Europe/Paris DST,2013-01-26T05:00:00+01:00,1,3,na,4,-7.0,0.0,na
Eco Counter GmbH,Stadt Karlsruhe,752,Erbprinzenstraße,100004165,Y2H16070301,8.4027153,49.0072864,(UTC+01:00) Europe/Paris DST,2013-01-26T06:00:00+01:00,9,9,na,18,-7.0,0.0,na
Eco Counter GmbH,Stadt Karlsruhe,752,Erbprinzenstraße,100004165,Y2H16070301,8.4027153,49.0072864,(UTC+01:00) Europe/Paris DST,2013-01-26T07:00:00+01:00,8,15,na,23,-6.0,0.0,na
Eco Counter GmbH,Stadt Karlsruhe,752,Erbprinzenstraße,100004165,Y2H16070301,8.4027153,49.0072864,(UTC+01:00) Europe/Paris DST,2013-01-26T08:00:00+01:00,18,22,na,40,-6.0,0.0,na
Eco Counter GmbH,Stadt Karlsruhe,752,Erbprinzenstraße,100004165,Y2H16070301,8.4027153,49.0072864,(UTC+01:00) Europe/Paris DST,2013-01-26T09:00:00+01:00,49,46,na,95,-5.0,0.0,na
Eco Counter GmbH,Stadt Karlsruhe,752,Erbprinzenstraße,100004165,Y2H16070301,8.4027153,49.0072864,(UTC+01:00) Europe/Paris DST,2013-01-26T10:00:00+01:00,60,61,na,121,-3.0,0.0,na
Eco Counter GmbH,Stadt Karlsruhe,752,Erbprinzenstraße,100004165,Y2H16070301,8.4027153,49.0072864,(UTC+01:00) Europe/Paris DST,2013-01-26T11:00:00+01:00,77,82,na,159,-2.0,0.0,na
Eco Counter GmbH,Stadt Karlsruhe,752,Erbprinzenstraße,100004165,Y2H16070301,8.4027153,49.0072864,(UTC+01:00) Europe/Paris DST,2013-01-26T12:00:00+01:00,73,88,na,161,-1.0,0.0,na
Eco Counter GmbH,Stadt Karlsruhe,752,Erbprinzenstraße,100004165,Y2H16070301,8.4027153,49.0072864,(UTC+01:00) Europe/Paris DST,2013-01-26T13:00:00+01:00,94,114,na,208,-1.0,0.0,na
Eco Counter GmbH,Stadt Karlsruhe,752,Erbprinzenstraße,100004165,Y2H16070301,8.4027153,49.0072864,(UTC+01:00) Europe/Paris DST,2013-01-26T14:00:00+01:00,94,117,na,211,0.0,0.0,na
Eco Counter GmbH,Stadt Karlsruhe,752,Erbprinzenstraße,100004165,Y2H16070301,8.4027153,49.0072864,(UTC+01:00) Europe/Paris DST,2013-01-26T15:00:00+01:00,92,104,na,196,-1.0,0.0,na
Eco Counter GmbH,Stadt Karlsruhe,752,Erbprinzenstraße,100004165,Y2H16070301,8.4027153,49.0072864,(UTC+01:00) Europe/Paris DST,2013-01-26T16:00:00+01:00,81,97,na,178,-1.0,0.0,na
Eco Counter GmbH,Stadt Karlsruhe,752,Erbprinzenstraße,100004165,Y2H16070301,8.4027153,49.0072864,(UTC+01:00) Europe/Paris DST,2013-01-26T17:00:00+01:00,81,116,na,197,-2.0,0.0,na
Eco Counter GmbH,Stadt Karlsruhe,752,Erbprinzenstraße,100004165,Y2H16070301,8.4027153,49.0072864,(UTC+01:00) Europe/Paris DST,2013-01-26T18:00:00+01:00,58,95,na,153,-2.0,0.0,na
Eco Counter GmbH,Stadt Karlsruhe,752,Erbprinzenstraße,100004165,Y2H16070301,8.4027153,49.0072864,(UTC+01:00) Europe/Paris DST,2013-01-26T19:00:00+01:00,47,74,na,121,-3.0,0.0,na
Eco Counter GmbH,Stadt Karlsruhe,752,Erbprinzenstraße,100004165,Y2H16070301,8.4027153,49.0072864,(UTC+01:00) Europe/Paris DST,2013-01-26T20:00:00+01:00,34,54,na,88,-3.0,0.0,na
Eco Counter GmbH,Stadt Karlsruhe,752,Erbprinzenstraße,100004165,Y2H16070301,8.4027153,49.0072864,(UTC+01:00) Europe/Paris DST,2013-01-26T21:00:00+01:00,23,35,na,58,-3.0,0.0,na
Eco Counter GmbH,Stadt Karlsruhe,752,Erbprinzenstraße,100004165,Y2H16070301,8.4027153,49.0072864,(UTC+01:00) Europe/Paris DST,2013-01-26T22:00:00+01:00,18,30,na,48,-3.0,0.0,na
Eco Counter GmbH,Stadt Karlsruhe,752,Erbprinzenstraße,100004165,Y2H16070301,8.4027153,49.0072864,(UTC+01:00) Europe/Paris DST,2013-01-26T23:00:00+01:00,17,27,na,44,-2.0,0.0,na
Eco Counter GmbH,Stadt Karlsruhe,752,Erbprinzenstraße,100004165,Y2H16070301,8.4027153,49.0072864,(UTC+01:00) Europe/Paris DST,2013-01-27T00:00:00+01:00,19,29,na,48,-2.0,0.0,na
Eco Counter GmbH,Stadt Karlsruhe,752,Erbprinzenstraße,100004165,Y2H16070301,8.4027153,49.0072864,(UTC+01:00) Europe/Paris DST,2013-01-27T01:00:00+01:00,11,16,na,27,-2.0,0.0,na
Eco Counter GmbH,Stadt Karlsruhe,752,Erbprinzenstraße,100004165,Y2H16070301,8.4027153,49.0072864,(UTC+01:00) Europe/Paris DST,2013-01-27T02:00:00+01:00,9,12,na,21,-2.0,0.0,na
Eco Counter GmbH,Stadt Karlsruhe,752,Erbprinzenstraße,100004165,Y2H16070301,8.4027153,49.0072864,(UTC+01:00) Europe/Paris DST,2013-01-27T03:00:00+01:00,9,11,na,20,-2.0,0.0,na
Eco Counter GmbH,Stadt Karlsruhe,752,Erbprinzenstraße,100004165,Y2H16070301,8.4027153,49.0072864,(UTC+01:00) Europe/Paris DST,2013-01-27T04:00:00+01:00,6,5,na,11,-2.0,0.0,na
Eco Counter GmbH,Stadt Karlsruhe,752,Erbprinzenstraße,100004165,Y2H16070301,8.4027153,49.0072864,(UTC+01:00) Europe/Paris DST,2013-01-27T05:00:00+01:00,5,4,na,9,-2.0,0.0,na
Eco Counter GmbH,Stadt Karlsruhe,752,Erbprinzenstraße,100004165,Y2H16070301,8.4027153,49.0072864,(UTC+01:00) Europe/Paris DST,2013-01-27T06:00:00+01:00,5,3,na,8,-2.0,0.0,na
Eco Counter GmbH,Stadt Karlsruhe,752,Erbprinzenstraße,100004165,Y2H16070301,8.4027153,49.0072864,(UTC+01:00) Europe/Paris DST,2013-01-27T07:00:00+01:00,5,8,na,13,-2.0,0.0,na
Eco Counter GmbH,Stadt Karlsruhe,752,Erbprinzenstraße,100004165,Y2H16070301,8.4027153,49.0072864,(UTC+01:00) Europe/Paris DST,2013-01-27T08:00:00+01:00,6,7,na,13,-1.0,0.0,na
Eco Counter GmbH,Stadt Karlsruhe,752,Erbprinzenstraße,100004165,Y2H16070301,8.4027153,49.0072864,(UTC+01:00) Europe/Paris DST,2013-01-27T09:00:00+01:00,15,14,na,29,0.0,0.0,na
Eco Counter GmbH,Stadt Karlsruhe,752,Erbprinzenstraße,100004165,Y2H16070301,8.4027153,49.0072864,(UTC+01:00) Europe/Paris DST,2013-01-27T10:00:00+01:00,24,23,na,47,1.0,0.0,na
Eco Counter GmbH,Stadt Karlsruhe,752,Erbprinzenstraße,100004165,Y2H16070301,8.4027153,49.0072864,(UTC+01:00) Europe/Paris DST,2013-01-27T11:00:00+01:00,20,21,na,41,2.0,0.0,na
Eco Counter GmbH,Stadt Karlsruhe,752,Erbprinzenstraße,100004165,Y2H16070301,8.4027153,49.0072864,(UTC+01:00) Europe/Paris DST,2013-01-27T12:00:00+01:00,22,28,na,50,3.0,0.0,na
Eco Counter GmbH,Stadt Karlsruhe,752,Erbprinzenstraße,100004165,Y2H16070301,8.4027153,49.0072864,(UTC+01:00) Europe/Paris DST,2013-01-27T13:00:00+01:00,31,38,na,69,3.0,0.0,na
Eco Counter GmbH,Stadt Karlsruhe,752,Erbprinzenstraße,100004165,Y2H16070301,8.4027153,49.0072864,(UTC+01:00) Europe/Paris DST,2013-01-27T14:00:00+01:00,27,34,na,61,4.0,0.0,na
Eco Counter GmbH,Stadt Karlsruhe,752,Erbprinzenstraße,100004165,Y2H16070301,8.4027153,49.0072864,(UTC+01:00) Europe/Paris DST,2013-01-27T15:00:00+01:00,43,48,na,91,4.0,0.0,na
Eco Counter GmbH,Stadt Karlsruhe,752,Erbprinzenstraße,100004165,Y2H16070301,8.4027153,49.0072864,(UTC+01:00) Europe/Paris DST,2013-01-27T16:00:00+01:00,27,32,na,59,3.0,0.4,na
Eco Counter GmbH,Stadt Karlsruhe,752,Erbprinzenstraße,100004165,Y2H16070301,8.4027153,49.0072864,(UTC+01:00) Europe/Paris DST,2013-01-27T17:00:00+01:00,25,36,na,61,2.0,0.8,na
Eco Counter GmbH,Stadt Karlsruhe,752,Erbprinzenstraße,100004165,Y2H16070301,8.4027153,49.0072864,(UTC+01:00) Europe/Paris DST,2013-01-27T18:00:00+01:00,23,38,na,61,2.0,0.9,na
Eco Counter GmbH,Stadt Karlsruhe,752,Erbprinzenstraße,100004165,Y2H16070301,8.4027153,49.0072864,(UTC+01:00) Europe/Paris DST,2013-01-27T19:00:00+01:00,18,28,na,46,2.0,0.9,na
Eco Counter GmbH,Stadt Karlsruhe,752,Erbprinzenstraße,100004165,Y2H16070301,8.4027153,49.0072864,(UTC+01:00) Europe/Paris DST,2013-01-27T20:00:00+01:00,20,33,na,53,1.0,0.6,na
Eco Counter GmbH,Stadt Karlsruhe,752,Erbprinzenstraße,100004165,Y2H16070301,8.4027153,49.0072864,(UTC+01:00) Europe/Paris DST,2013-01-27T21:00:00+01:00,14,22,na,36,1.0,0.4,na
Eco Counter GmbH,Stadt Karlsruhe,752,Erbprinzenstraße,100004165,Y2H16070301,8.4027153,49.0072864,(UTC+01:00) Europe/Paris DST,2013-01-27T22:00:00+01:00,12,20,na,32,1.0,0.2,na
Eco Counter GmbH,Stadt Karlsruhe,752,Erbprinzenstraße,100004165,Y2H16070301,8.4027153,49.0072864,(UTC+01:00) Europe/Paris DST,2013-01-27T23:00:00+01:00,9,13,na,22,1.0,0.2,na
Eco Counter GmbH,Stadt Karlsruhe,752,Erbprinzenstraße,100004165,Y2H16070301,8.4027153,49.0072864,(UTC+01:00) Europe/Paris DST,2013-01-28T00:00:00+01:00,4,5,na,9,1.0,0.1,na
Eco Counter GmbH,Stadt Karlsruhe,752,Erbprinzenstraße,100004165,Y2H16070301,8.4027153,49.0072864,(UTC+01:00) Europe/Paris DST,2013-01-28T01:00:00+01:00,4,4,na,8,1.0,0.0,na
Eco Counter GmbH,Stadt Karlsruhe,752,Erbprinzenstraße,100004165,Y2H16070301,8.4027153,49.0072864,(UTC+01:00) Europe/Paris DST,2013-01-28T02:00:00+01:00,0,0,na,0,1.0,0.0,na
Eco Counter GmbH,Stadt Karlsruhe,752,Erbprinzenstraße,100004165,Y2H16070301,8.4027153,49.0072864,(UTC+01:00) Europe/Paris DST,2013-01-28T03:00:00+01:00,0,0,na,0,1.0,0.0,na
Eco Counter GmbH,Stadt Karlsruhe,752,Erbprinzenstraße,100004165,Y2H16070301,8.4027153,49.0072864,(UTC+01:00) Europe/Paris DST,2013-01-28T04:00:00+01:00,2,4,na,6,1.0,0.0,na
Eco Counter GmbH,Stadt Karlsruhe,752,Erbprinzenstraße,100004165,Y2H16070301,8.4027153,49.0072864,(UTC+01:00) Europe/Paris DST,2013-01-28T05:00:00+01:00,9,15,na,24,1.0,0.0,na
Eco Counter GmbH,Stadt Karlsruhe,752,Erbprinzenstraße,100004165,Y2H16070301,8.4027153,49.0072864,(UTC+01:00) Europe/Paris DST,2013-01-28T06:00:00+01:00,28,37,na,65,1.0,0.0,na
Eco Counter GmbH,Stadt Karlsruhe,752,Erbprinzenstraße,100004165,Y2H16070301,8.4027153,49.0072864,(UTC+01:00) Europe/Paris DST,2013-01-28T07:00:00+01:00,77,116,na,193,1.0,0.0,na
Eco Counter GmbH,Stadt Karlsruhe,752,Erbprinzenstraße,100004165,Y2H16070301,8.4027153,49.0072864,(UTC+01:00) Europe/Paris DST,2013-01-28T08:00:00+01:00,107,148,na,255,2.0,0.0,na
Eco Counter GmbH,Stadt Karlsruhe,752,Erbprinzenstraße,100004165,Y2H16070301,8.4027153,49.0072864,(UTC+01:00) Europe/Paris DST,2013-01-28T09:00:00+01:00,120,140,na,260,3.0,0.0,na
Eco Counter GmbH,Stadt Karlsruhe,752,Erbprinzenstraße,100004165,Y2H16070301,8.4027153,49.0072864,(UTC+01:00) Europe/Paris DST,2013-01-28T10:00:00+01:00,101,116,na,217,4.0,0.0,na
Eco Counter GmbH,Stadt Karlsruhe,752,Erbprinzenstraße,100004165,Y2H16070301,8.4027153,49.0072864,(UTC+01:00) Europe/Paris DST,2013-01-28T11:00:00+01:00,120,146,na,266,5.0,0.0,na
Eco Counter GmbH,Stadt Karlsruhe,752,Erbprinzenstraße,100004165,Y2H16070301,8.4027153,49.0072864,(UTC+01:00) Europe/Paris DST,2013-01-28T12:00:00+01:00,126,152,na,278,5.0,0.0,na
Eco Counter GmbH,Stadt Karlsruhe,752,Erbprinzenstraße,100004165,Y2H16070301,8.4027153,49.0072864,(UTC+01:00) Europe/Paris DST,2013-01-28T13:00:00+01:00,134,154,na,288,5.0,0.0,na
Eco Counter GmbH,Stadt Karlsruhe,752,Erbprinzenstraße,100004165,Y2H16070301,8.4027153,49.0072864,(UTC+01:00) Europe/Paris DST,2013-01-28T14:00:00+01:00,107,121,na,228,5.0,0.0,na
Eco Counter GmbH,Stadt Karlsruhe,752,Erbprinzenstraße,100004165,Y2H16070301,8.4027153,49.0072864,(UTC+01:00) Europe/Paris DST,2013-01-28T15:00:00+01:00,135,153,na,288,5.0,0.1,na
Eco Counter GmbH,Stadt Karlsruhe,752,Erbprinzenstraße,100004165,Y2H16070301,8.4027153,49.0072864,(UTC+01:00) Europe/Paris DST,2013-01-28T16:00:00+01:00,126,136,na,262,4.0,0.0,na
Eco Counter GmbH,Stadt Karlsruhe,752,Erbprinzenstraße,100004165,Y2H16070301,8.4027153,49.0072864,(UTC+01:00) Europe/Paris DST,2013-01-28T17:00:00+01:00,171,207,na,378,4.0,0.0,na
Eco Counter GmbH,Stadt Karlsruhe,752,Erbprinzenstraße,100004165,Y2H16070301,8.4027153,49.0072864,(UTC+01:00) Europe/Paris DST,2013-01-28T18:00:00+01:00,140,176,na,316,3.0,0.0,na
Eco Counter GmbH,Stadt Karlsruhe,752,Erbprinzenstraße,100004165,Y2H16070301,8.4027153,49.0072864,(UTC+01:00) Europe/Paris DST,2013-01-28T19:00:00+01:00,77,114,na,191,3.0,0.0,na
Eco Counter GmbH,Stadt Karlsruhe,752,Erbprinzenstraße,100004165,Y2H16070301,8.4027153,49.0072864,(UTC+01:00) Europe/Paris DST,2013-01-28T20:00:00+01:00,48,77,na,125,3.0,0.0,na
Eco Counter GmbH,Stadt Karlsruhe,752,Erbprinzenstraße,100004165,Y2H16070301,8.4027153,49.0072864,(UTC+01:00) Europe/Paris DST,2013-01-28T21:00:00+01:00,40,57,na,97,3.0,0.0,na
Eco Counter GmbH,Stadt Karlsruhe,752,Erbprinzenstraße,100004165,Y2H16070301,8.4027153,49.0072864,(UTC+01:00) Europe/Paris DST,2013-01-28T22:00:00+01:00,31,39,na,70,3.0,0.0,na
Eco Counter GmbH,Stadt Karlsruhe,752,Erbprinzenstraße,100004165,Y2H16070301,8.4027153,49.0072864,(UTC+01:00) Europe/Paris DST,2013-01-28T23:00:00+01:00,21,28,na,49,3.0,0.0,na
Eco Counter GmbH,Stadt Karlsruhe,752,Erbprinzenstraße,100004165,Y2H16070301,8.4027153,49.0072864,(UTC+01:00) Europe/Paris DST,2013-01-29T00:00:00+01:00,12,14,na,26,3.0,0.0,na
Eco Counter GmbH,Stadt Karlsruhe,752,Erbprinzenstraße,100004165,Y2H16070301,8.4027153,49.0072864,(UTC+01:00) Europe/Paris DST,2013-01-29T01:00:00+01:00,9,9,na,18,3.0,0.0,na
Eco Counter GmbH,Stadt Karlsruhe,752,Erbprinzenstraße,100004165,Y2H16070301,8.4027153,49.0072864,(UTC+01:00) Europe/Paris DST,2013-01-29T02:00:00+01:00,4,4,na,8,3.0,0.0,na
Eco Counter GmbH,Stadt Karlsruhe,752,Erbprinzenstraße,100004165,Y2H16070301,8.4027153,49.0072864,(UTC+01:00) Europe/Paris DST,2013-01-29T03:00:00+01:00,2,0,na,2,4.0,0.0,na
Eco Counter GmbH,Stadt Karlsruhe,752,Erbprinzenstraße,100004165,Y2H16070301,8.4027153,49.0072864,(UTC+01:00) Europe/Paris DST,2013-01-29T04:00:00+01:00,7,13,na,20,4.0,0.2,na
Eco Counter GmbH,Stadt Karlsruhe,752,Erbprinzenstraße,100004165,Y2H16070301,8.4027153,49.0072864,(UTC+01:00) Europe/Paris DST,2013-01-29T05:00:00+01:00,6,8,na,14,4.0,0.3,na
Eco Counter GmbH,Stadt Karlsruhe,752,Erbprinzenstraße,100004165,Y2H16070301,8.4027153,49.0072864,(UTC+01:00) Europe/Paris DST,2013-01-29T06:00:00+01:00,20,28,na,48,4.0,0.4,na
Eco Counter GmbH,Stadt Karlsruhe,752,Erbprinzenstraße,100004165,Y2H16070301,8.4027153,49.0072864,(UTC+01:00) Europe/Paris DST,2013-01-29T07:00:00+01:00,55,79,na,134,4.0,0.6,na
Eco Counter GmbH,Stadt Karlsruhe,752,Erbprinzenstraße,100004165,Y2H16070301,8.4027153,49.0072864,(UTC+01:00) Europe/Paris DST,2013-01-29T08:00:00+01:00,87,118,na,205,5.0,0.9,na
Eco Counter GmbH,Stadt Karlsruhe,752,Erbprinzenstraße,100004165,Y2H16070301,8.4027153,49.0072864,(UTC+01:00) Europe/Paris DST,2013-01-29T09:00:00+01:00,76,88,na,164,5.0,1.0,na
Eco Counter GmbH,Stadt Karlsruhe,752,Erbprinzenstraße,100004165,Y2H16070301,8.4027153,49.0072864,(UTC+01:00) Europe/Paris DST,2013-01-29T10:00:00+01:00,55,64,na,119,5.0,0.8,na
Eco Counter GmbH,Stadt Karlsruhe,752,Erbprinzenstraße,100004165,Y2H16070301,8.4027153,49.0072864,(UTC+01:00) Europe/Paris DST,2013-01-29T11:00:00+01:00,53,64,na,117,6.0,0.5,na
Eco Counter GmbH,Stadt Karlsruhe,752,Erbprinzenstraße,100004165,Y2H16070301,8.4027153,49.0072864,(UTC+01:00) Europe/Paris DST,2013-01-29T12:00:00+01:00,57,69,na,126,6.0,0.1,na
Eco Counter GmbH,Stadt Karlsruhe,752,Erbprinzenstraße,100004165,Y2H16070301,8.4027153,49.0072864,(UTC+01:00) Europe/Paris DST,2013-01-29T13:00:00+01:00,89,103,na,192,6.0,0.7,na
Eco Counter GmbH,Stadt Karlsruhe,752,Erbprinzenstraße,100004165,Y2H16070301,8.4027153,49.0072864,(UTC+01:00) Europe/Paris DST,2013-01-29T14:00:00+01:00,70,79,na,149,6.0,0.8,na
Eco Counter GmbH,Stadt Karlsruhe,752,Erbprinzenstraße,100004165,Y2H16070301,8.4027153,49.0072864,(UTC+01:00) Europe/Paris DST,2013-01-29T15:00:00+01:00,68,77,na,145,6.0,1.0,na
Eco Counter GmbH,Stadt Karlsruhe,752,Erbprinzenstraße,100004165,Y2H16070301,8.4027153,49.0072864,(UTC+01:00) Europe/Paris DST,2013-01-29T16:00:00+01:00,80,88,na,168,6.0,0.4,na
Eco Counter GmbH,Stadt Karlsruhe,752,Erbprinzenstraße,100004165,Y2H16070301,8.4027153,49.0072864,(UTC+01:00) Europe/Paris DST,2013-01-29T17:00:00+01:00,120,144,na,264,7.0,0.3,na
Eco Counter GmbH,Stadt Karlsruhe,752,Erbprinzenstraße,100004165,Y2H16070301,8.4027153,49.0072864,(UTC+01:00) Europe/Paris DST,2013-01-29T18:00:00+01:00,96,120,na,216,7.0,0.2,na
Eco Counter GmbH,Stadt Karlsruhe,752,Erbprinzenstraße,100004165,Y2H16070301,8.4027153,49.0072864,(UTC+01:00) Europe/Paris DST,2013-01-29T19:00:00+01:00,77,110,na,187,6.0,0.3,na
Eco Counter GmbH,Stadt Karlsruhe,752,Erbprinzenstraße,100004165,Y2H16070301,8.4027153,49.0072864,(UTC+01:00) Europe/Paris DST,2013-01-29T20:00:00+01:00,34,53,na,87,6.0,0.4,na
Eco Counter GmbH,Stadt Karlsruhe,752,Erbprinzenstraße,100004165,Y2H16070301,8.4027153,49.0072864,(UTC+01:00) Europe/Paris DST,2013-01-29T21:00:00+01:00,31,44,na,75,6.0,0.2,na
Eco Counter GmbH,Stadt Karlsruhe,752,Erbprinzenstraße,100004165,Y2H16070301,8.4027153,49.0072864,(UTC+01:00) Europe/Paris DST,2013-01-29T22:00:00+01:00,26,33,na,59,7.0,0.0,na
Eco Counter GmbH,Stadt Karlsruhe,752,Erbprinzenstraße,100004165,Y2H16070301,8.4027153,49.0072864,(UTC+01:00) Europe/Paris DST,2013-01-29T23:00:00+01:00,19,23,na,42,7.0,0.0,na
Eco Counter GmbH,Stadt Karlsruhe,752,Erbprinzenstraße,100004165,Y2H16070301,8.4027153,49.0072864,(UTC+01:00) Europe/Paris DST,2013-01-30T00:00:00+01:00,6,7,na,13,8.0,0.1,na
Eco Counter GmbH,Stadt Karlsruhe,752,Erbprinzenstraße,100004165,Y2H16070301,8.4027153,49.0072864,(UTC+01:00) Europe/Paris DST,2013-01-30T01:00:00+01:00,4,5,na,9,8.0,0.0,na
Eco Counter GmbH,Stadt Karlsruhe,752,Erbprinzenstraße,100004165,Y2H16070301,8.4027153,49.0072864,(UTC+01:00) Europe/Paris DST,2013-01-30T02:00:00+01:00,0,0,na,0,8.0,0.0,na
Eco Counter GmbH,Stadt Karlsruhe,752,Erbprinzenstraße,100004165,Y2H16070301,8.4027153,49.0072864,(UTC+01:00) Europe/Paris DST,2013-01-30T03:00:00+01:00,7,4,na,11,8.0,0.0,na
Eco Counter GmbH,Stadt Karlsruhe,752,Erbprinzenstraße,100004165,Y2H16070301,8.4027153,49.0072864,(UTC+01:00) Europe/Paris DST,2013-01-30T04:00:00+01:00,1,4,na,5,9.0,0.0,na
Eco Counter GmbH,Stadt Karlsruhe,752,Erbprinzenstraße,100004165,Y2H16070301,8.4027153,49.0072864,(UTC+01:00) Europe/Paris DST,2013-01-30T05:00:00+01:00,8,12,na,20,9.0,0.0,na
Eco Counter GmbH,Stadt Karlsruhe,752,Erbprinzenstraße,100004165,Y2H16070301,8.4027153,49.0072864,(UTC+01:00) Europe/Paris DST,2013-01-30T06:00:00+01:00,19,25,na,44,9.0,0.0,na
Eco Counter GmbH,Stadt Karlsruhe,752,Erbprinzenstraße,100004165,Y2H16070301,8.4027153,49.0072864,(UTC+01:00) Europe/Paris DST,2013-01-30T07:00:00+01:00,76,115,na,191,9.0,0.0,na
Eco Counter GmbH,Stadt Karlsruhe,752,Erbprinzenstraße,100004165,Y2H16070301,8.4027153,49.0072864,(UTC+01:00) Europe/Paris DST,2013-01-30T08:00:00+01:00,104,143,na,247,9.0,0.0,na
Eco Counter GmbH,Stadt Karlsruhe,752,Erbprinzenstraße,100004165,Y2H16070301,8.4027153,49.0072864,(UTC+01:00) Europe/Paris DST,2013-01-30T09:00:00+01:00,115,134,na,249,10.0,0.0,na
Eco Counter GmbH,Stadt Karlsruhe,752,Erbprinzenstraße,100004165,Y2H16070301,8.4027153,49.0072864,(UTC+01:00) Europe/Paris DST,2013-01-30T10:00:00+01:00,86,98,na,184,10.0,0.0,na
Eco Counter GmbH,Stadt Karlsruhe,752,Erbprinzenstraße,100004165,Y2H16070301,8.4027153,49.0072864,(UTC+01:00) Europe/Paris DST,2013-01-30T11:00:00+01:00,108,132,na,240,11.0,0.0,na
Eco Counter GmbH,Stadt Karlsruhe,752,Erbprinzenstraße,100004165,Y2H16070301,8.4027153,49.0072864,(UTC+01:00) Europe/Paris DST,2013-01-30T12:00:00+01:00,115,139,na,254,11.0,0.0,na
Eco Counter GmbH,Stadt Karlsruhe,752,Erbprinzenstraße,100004165,Y2H16070301,8.4027153,49.0072864,(UTC+01:00) Europe/Paris DST,2013-01-30T13:00:00+01:00,114,133,na,247,12.0,0.0,na
Eco Counter GmbH,Stadt Karlsruhe,752,Erbprinzenstraße,100004165,Y2H16070301,8.4027153,49.0072864,(UTC+01:00) Europe/Paris DST,2013-01-30T14:00:00+01:00,98,111,na,209,12.0,0.0,na
Eco Counter GmbH,Stadt Karlsruhe,752,Erbprinzenstraße,100004165,Y2H16070301,8.4027153,49.0072864,(UTC+01:00) Europe/Paris DST,2013-01-30T15:00:00+01:00,103,117,na,220,12.0,0.2,na
Eco Counter GmbH,Stadt Karlsruhe,752,Erbprinzenstraße,100004165,Y2H16070301,8.4027153,49.0072864,(UTC+01:00) Europe/Paris DST,2013-01-30T16:00:00+01:00,87,94,na,181,11.0,0.3,na
Eco Counter GmbH,Stadt Karlsruhe,752,Erbprinzenstraße,100004165,Y2H16070301,8.4027153,49.0072864,(UTC+01:00) Europe/Paris DST,2013-01-30T17:00:00+01:00,97,116,na,213,10.0,0.6,na
Eco Counter GmbH,Stadt Karlsruhe,752,Erbprinzenstraße,100004165,Y2H16070301,8.4027153,49.0072864,(UTC+01:00) Europe/Paris DST,2013-01-30T18:00:00+01:00,100,124,na,224,9.0,0.9,na
Eco Counter GmbH,Stadt Karlsruhe,752,Erbprinzenstraße,100004165,Y2H16070301,8.4027153,49.0072864,(UTC+01:00) Europe/Paris DST,2013-01-30T19:00:00+01:00,69,101,na,170,9.0,1.8,na
Eco Counter GmbH,Stadt Karlsruhe,752,Erbprinzenstraße,100004165,Y2H16070301,8.4027153,49.0072864,(UTC+01:00) Europe/Paris DST,2013-01-30T20:00:00+01:00,45,71,na,116,8.0,0.3,na
Eco Counter GmbH,Stadt Karlsruhe,752,Erbprinzenstraße,100004165,Y2H16070301,8.4027153,49.0072864,(UTC+01:00) Europe/Paris DST,2013-01-30T21:00:00+01:00,29,40,na,69,7.0,0.0,na
Eco Counter GmbH,Stadt Karlsruhe,752,Erbprinzenstraße,100004165,Y2H16070301,8.4027153,49.0072864,(UTC+01:00) Europe/Paris DST,2013-01-30T22:00:00+01:00,26,33,na,59,7.0,0.0,na
Eco Counter GmbH,Stadt Karlsruhe,752,Erbprinzenstraße,100004165,Y2H16070301,8.4027153,49.0072864,(UTC+01:00) Europe/Paris DST,2013-01-30T23:00:00+01:00,19,23,na,42,6.0,0.0,na
Eco Counter GmbH,Stadt Karlsruhe,752,Erbprinzenstraße,100004165,Y2H16070301,8.4027153,49.0072864,(UTC+01:00) Europe/Paris DST,2013-01-31T00:00:00+01:00,11,13,na,24,6.0,0.0,na
Eco Counter GmbH,Stadt Karlsruhe,752,Erbprinzenstraße,100004165,Y2H16070301,8.4027153,49.0072864,(UTC+01:00) Europe/Paris DST,2013-01-31T01:00:00+01:00,9,9,na,18,5.0,0.0,na
Eco Counter GmbH,Stadt Karlsruhe,752,Erbprinzenstraße,100004165,Y2H16070301,8.4027153,49.0072864,(UTC+01:00) Europe/Paris DST,2013-01-31T02:00:00+01:00,8,7,na,15,5.0,0.0,na
Eco Counter GmbH,Stadt Karlsruhe,752,Erbprinzenstraße,100004165,Y2H16070301,8.4027153,49.0072864,(UTC+01:00) Europe/Paris DST,2013-01-31T03:00:00+01:00,2,3,na,5,5.0,0.0,na
Eco Counter GmbH,Stadt Karlsruhe,752,Erbprinzenstraße,100004165,Y2H16070301,8.4027153,49.0072864,(UTC+01:00) Europe/Paris DST,2013-01-31T04:00:00+01:00,5,8,na,13,5.0,0.0,na
Eco Counter GmbH,Stadt Karlsruhe,752,Erbprinzenstraße,100004165,Y2H16070301,8.4027153,49.0072864,(UTC+01:00) Europe/Paris DST,2013-01-31T05:00:00+01:00,13,18,na,31,4.0,0.0,na
Eco Counter GmbH,Stadt Karlsruhe,752,Erbprinzenstraße,100004165,Y2H16070301,8.4027153,49.0072864,(UTC+01:00) Europe/Paris DST,2013-01-31T06:00:00+01:00,25,34,na,59,4.0,0.0,na
Eco Counter GmbH,Stadt Karlsruhe,752,Erbprinzenstraße,100004165,Y2H16070301,8.4027153,49.0072864,(UTC+01:00) Europe/Paris DST,2013-01-31T07:00:00+01:00,77,116,na,193,5.0,0.0,na
Eco Counter GmbH,Stadt Karlsruhe,752,Erbprinzenstraße,100004165,Y2H16070301,8.4027153,49.0072864,(UTC+01:00) Europe/Paris DST,2013-01-31T08:00:00+01:00,110,149,na,259,6.0,0.0,na
Eco Counter GmbH,Stadt Karlsruhe,752,Erbprinzenstraße,100004165,Y2H16070301,8.4027153,49.0072864,(UTC+01:00) Europe/Paris DST,2013-01-31T09:00:00+01:00,120,140,na,260,6.0,0.0,na
Eco Counter GmbH,Stadt Karlsruhe,752,Erbprinzenstraße,100004165,Y2H16070301,8.4027153,49.0072864,(UTC+01:00) Europe/Paris DST,2013-01-31T10:00:00+01:00,108,124,na,232,7.0,0.0,na
Eco Counter GmbH,Stadt Karlsruhe,752,Erbprinzenstraße,100004165,Y2H16070301,8.4027153,49.0072864,(UTC+01:00) Europe/Paris DST,2013-01-31T11:00:00+01:00,116,140,na,256,8.0,0.0,na
Eco Counter GmbH,Stadt Karlsruhe,752,Erbprinzenstraße,100004165,Y2H16070301,8.4027153,49.0072864,(UTC+01:00) Europe/Paris DST,2013-01-31T12:00:00+01:00,126,151,na,277,8.0,0.0,na
Eco Counter GmbH,Stadt Karlsruhe,752,Erbprinzenstraße,100004165,Y2H16070301,8.4027153,49.0072864,(UTC+01:00) Europe/Paris DST,2013-01-31T13:00:00+01:00,135,158,na,293,9.0,0.0,na
Eco Counter GmbH,Stadt Karlsruhe,752,Erbprinzenstraße,100004165,Y2H16070301,8.4027153,49.0072864,(UTC+01:00) Europe/Paris DST,2013-01-31T14:00:00+01:00,137,154,na,291,9.0,0.0,na
Eco Counter GmbH,Stadt Karlsruhe,752,Erbprinzenstraße,100004165,Y2H16070301,8.4027153,49.0072864,(UTC+01:00) Europe/Paris DST,2013-01-31T15:00:00+01:00,143,163,na,306,8.0,0.0,na
Eco Counter GmbH,Stadt Karlsruhe,752,Erbprinzenstraße,100004165,Y2H16070301,8.4027153,49.0072864,(UTC+01:00) Europe/Paris DST,2013-01-31T16:00:00+01:00,138,148,na,286,8.0,0.0,na
Eco Counter GmbH,Stadt Karlsruhe,752,Erbprinzenstraße,100004165,Y2H16070301,8.4027153,49.0072864,(UTC+01:00) Europe/Paris DST,2013-01-31T17:00:00+01:00,165,199,na,364,8.0,0.2,na
Eco Counter GmbH,Stadt Karlsruhe,752,Erbprinzenstraße,100004165,Y2H16070301,8.4027153,49.0072864,(UTC+01:00) Europe/Paris DST,2013-01-31T18:00:00+01:00,135,169,na,304,7.0,0.5,na
Eco Counter GmbH,Stadt Karlsruhe,752,Erbprinzenstraße,100004165,Y2H16070301,8.4027153,49.0072864,(UTC+01:00) Europe/Paris DST,2013-01-31T19:00:00+01:00,95,138,na,233,7.0,0.7,na
Eco Counter GmbH,Stadt Karlsruhe,752,Erbprinzenstraße,100004165,Y2H16070301,8.4027153,49.0072864,(UTC+01:00) Europe/Paris DST,2013-01-31T20:00:00+01:00,52,79,na,131,7.0,0.0,na
Eco Counter GmbH,Stadt Karlsruhe,752,Erbprinzenstraße,100004165,Y2H16070301,8.4027153,49.0072864,(UTC+01:00) Europe/Paris DST,2013-01-31T21:00:00+01:00,36,51,na,87,7.0,0.3,na
Eco Counter GmbH,Stadt Karlsruhe,752,Erbprinzenstraße,100004165,Y2H16070301,8.4027153,49.0072864,(UTC+01:00) Europe/Paris DST,2013-01-31T22:00:00+01:00,37,46,na,83,7.0,0.2,na
Eco Counter GmbH,Stadt Freiburg,751,Wiwilibrücke,100004595,YTH23035971,7.8407526,47.995213,(UTC+01:00) Europe/Paris DST,2013-01-01T00:00:00+01:00,na,na,51,51,na,na,na
Eco Counter GmbH,Stadt Freiburg,751,Wiwilibrücke,100004595,YTH23035971,7.8407526,47.995213,(UTC+01:00) Europe/Paris DST,2013-01-01T01:00:00+01:00,na,na,117,117,na,na,na
Eco Counter GmbH,Stadt Freiburg,751,Wiwilibrücke,100004595,YTH23035971,7.8407526,47.995213,(UTC+01:00) Europe/Paris DST,2013-01-01T02:00:00+01:00,na,na,131,131,na,na,na
Eco Counter GmbH,Stadt Freiburg,751,Wiwilibrücke,100004595,YTH23035971,7.8407526,47.995213,(UTC+01:00) Europe/Paris DST,2013-01-01T03:00:00+01:00,na,na,145,145,na,na,na
Eco Counter GmbH,Stadt Freiburg,751,Wiwilibrücke,100004595,YTH23035971,7.8407526,47.995213,(UTC+01:00) Europe/Paris DST,2013-01-01T04:00:00+01:00,na,na,76,76,na,na,na
Eco Counter GmbH,Stadt Freiburg,751,Wiwilibrücke,100004595,YTH23035971,7.8407526,47.995213,(UTC+01:00) Europe/Paris DST,2013-01-01T05:00:00+01:00,na,na,58,58,na,na,na
Eco Counter GmbH,Stadt Freiburg,751,Wiwilibrücke,100004595,YTH23035971,7.8407526,47.995213,(UTC+01:00) Europe/Paris DST,2013-01-01T06:00:00+01:00,na,na,44,44,na,na,na
Eco Counter GmbH,Stadt Freiburg,751,Wiwilibrücke,100004595,YTH23035971,7.8407526,47.995213,(UTC+01:00) Europe/Paris DST,2013-01-01T07:00:00+01:00,na,na,20,20,na,na,na
Eco Counter GmbH,Stadt Freiburg,751,Wiwilibrücke,100004595,YTH23035971,7.8407526,47.995213,(UTC+01:00) Europe/Paris DST,2013-01-01T08:00:00+01:00,na,na,20,20,na,na,na
Eco Counter GmbH,Stadt Freiburg,751,Wiwilibrücke,100004595,YTH23035971,7.8407526,47.995213,(UTC+01:00) Europe/Paris DST,2013-01-01T09:00:00+01:00,na,na,18,18,na,na,na
Eco Counter GmbH,Stadt Freiburg,751,Wiwilibrücke,100004595,YTH23035971,7.8407526,47.995213,(UTC+01:00) Europe/Paris DST,2013-01-01T10:00:00+01:00,na,na,20,20,na,na,na
Eco Counter GmbH,Stadt Freiburg,751,Wiwilibrücke,100004595,YTH23035971,7.8407526,47.995213,(UTC+01:00) Europe/Paris DST,2013-01-01T11:00:00+01:00,na,na,43,43,na,na,na
Eco Counter GmbH,Stadt Freiburg,751,Wiwilibrücke,100004595,YTH23035971,7.8407526,47.995213,(UTC+01:00) Europe/Paris DST,2013-01-01T12:00:00+01:00,na,na,49,49,na,na,na
Eco Counter GmbH,Stadt Freiburg,751,Wiwilibrücke,100004595,YTH23035971,7.8407526,47.995213,(UTC+01:00) Europe/Paris DST,2013-01-01T13:00:00+01:00,na,na,61,61,na,na,na
Eco Counter GmbH,Stadt Freiburg,751,Wiwilibrücke,100004595,YTH23035971,7.8407526,47.995213,(UTC+01:00) Europe/Paris DST,2013-01-01T14:00:00+01:00,na,na,65,65,na,na,na
Eco Counter GmbH,Stadt Freiburg,751,Wiwilibrücke,100004595,YTH23035971,7.8407526,47.995213,(UTC+01:00) Europe/Paris DST,2013-01-01T15:00:00+01:00,na,na,65,65,na,na,na
Eco Counter GmbH,Stadt Freiburg,751,Wiwilibrücke,100004595,YTH23035971,7.8407526,47.995213,(UTC+01:00) Europe/Paris DST,2013-01-01T16:00:00+01:00,na,na,96,96,na,na,na
Eco Counter GmbH,Stadt Freiburg,751,Wiwilibrücke,100004595,YTH23035971,7.8407526,47.995213,(UTC+01:00) Europe/Paris DST,2013-01-01T17:00:00+01:00,na,na,80,80,na,na,na
Eco Counter GmbH,Stadt Freiburg,751,Wiwilibrücke,100004595,YTH23035971,7.8407526,47.995213,(UTC+01:00) Europe/Paris DST,2013-01-01T18:00:00+01:00,na,na,48,48,na,na,na
Eco Counter GmbH,Stadt Freiburg,751,Wiwilibrücke,100004595,YTH23035971,7.8407526,47.995213,(UTC+01:00) Europe/Paris DST,2013-01-01T19:00:00+01:00,na,na,63,63,na,na,na
Eco Counter GmbH,Stadt Freiburg,751,Wiwilibrücke,100004595,YTH23035971,7.8407526,47.995213,(UTC+01:00) Europe/Paris DST,2013-01-01T20:00:00+01:00,na,na,34,34,na,na,na
Eco Counter GmbH,Stadt Freiburg,751,Wiwilibrücke,100004595,YTH23035971,7.8407526,47.995213,(UTC+01:00) Europe/Paris DST,2013-01-01T21:00:00+01:00,na,na,37,37,na,na,na
Eco Counter GmbH,Stadt Freiburg,751,Wiwilibrücke,100004595,YTH23035971,7.8407526,47.995213,(UTC+01:00) Europe/Paris DST,2013-01-01T22:00:00+01:00,na,na,30,30,na,na,na
Eco Counter GmbH,Stadt Freiburg,751,Wiwilibrücke,100004595,YTH23035971,7.8407526,47.995213,(UTC+01:00) Europe/Paris DST,2013-01-01T23:00:00+01:00,na,na,28,28,na,na,na
Eco Counter GmbH,Stadt Freiburg,751,Wiwilibrücke,100004595,YTH23035971,7.8407526,47.995213,(UTC+01:00) Europe/Paris DST,2013-01-02T00:00:00+01:00,na,na,16,16,na,na,na
Eco Counter GmbH,Stadt Freiburg,751,Wiwilibrücke,100004595,YTH23035971,7.8407526,47.995213,(UTC+01:00) Europe/Paris DST,2013-01-02T01:00:00+01:00,na,na,13,13,na,na,na
Eco Counter GmbH,Stadt Freiburg,751,Wiwilibrücke,100004595,YTH23035971,7.8407526,47.995213,(UTC+01:00) Europe/Paris DST,2013-01-02T02:00:00+01:00,na,na,3,3,na,na,na
Eco Counter GmbH,Stadt Freiburg,751,Wiwilibrücke,100004595,YTH23035971,7.8407526,47.995213,(UTC+01:00) Europe/Paris DST,2013-01-02T03:00:00+01:00,na,na,0,0,na,na,na
Eco Counter GmbH,Stadt Freiburg,751,Wiwilibrücke,100004595,YTH23035971,7.8407526,47.995213,(UTC+01:00) Europe/Paris DST,2013-01-02T04:00:00+01:00,na,na,1,1,na,na,na
Eco Counter GmbH,Stadt Freiburg,751,Wiwilibrücke,100004595,YTH23035971,7.8407526,47.995213,(UTC+01:00) Europe/Paris DST,2013-01-02T05:00:00+01:00,na,na,23,23,na,na,na
Eco Counter GmbH,Stadt Freiburg,751,Wiwilibrücke,100004595,YTH23035971,7.8407526,47.995213,(UTC+01:00) Europe/Paris DST,2013-01-02T06:00:00+01:00,na,na,57,57,na,na,na
Eco Counter GmbH,Stadt Freiburg,751,Wiwilibrücke,100004595,YTH23035971,7.8407526,47.995213,(UTC+01:00) Europe/Paris DST,2013-01-02T07:00:00+01:00,na,na,124,124,na,na,na
Eco Counter GmbH,Stadt Freiburg,751,Wiwilibrücke,100004595,YTH23035971,7.8407526,47.995213,(UTC+01:00) Europe/Paris DST,2013-01-02T08:00:00+01:00,na,na,166,166,na,na,na
Eco Counter GmbH,Stadt Freiburg,751,Wiwilibrücke,100004595,YTH23035971,7.8407526,47.995213,(UTC+01:00) Europe/Paris DST,2013-01-02T09:00:00+01:00,na,na,196,196,na,na,na
Eco Counter GmbH,Stadt Freiburg,751,Wiwilibrücke,100004595,YTH23035971,7.8407526,47.995213,(UTC+01:00) Europe/Paris DST,2013-01-02T10:00:00+01:00,na,na,194,194,na,na,na
Eco Counter GmbH,Stadt Freiburg,751,Wiwilibrücke,100004595,YTH23035971,7.8407526,47.995213,(UTC+01:00) Europe/Paris DST,2013-01-02T11:00:00+01:00,na,na,292,292,na,na,na
Eco Counter GmbH,Stadt Freiburg,751,Wiwilibrücke,100004595,YTH23035971,7.8407526,47.995213,(UTC+01:00) Europe/Paris DST,2013-01-02T12:00:00+01:00,na,na,293,293,na,na,na
Eco Counter GmbH,Stadt Freiburg,751,Wiwilibrücke,100004595,YTH23035971,7.8407526,47.995213,(UTC+01:00) Europe/Paris DST,2013-01-02T13:00:00+01:00,na,na,311,311,na,na,na
Eco Counter GmbH,Stadt Freiburg,751,Wiwilibrücke,100004595,YTH23035971,7.8407526,47.995213,(UTC+01:00) Europe/Paris DST,2013-01-02T14:00:00+01:00,na,na,245,245,na,na,na
Eco Counter GmbH,Stadt Freiburg,751,Wiwilibrücke,100004595,YTH23035971,7.8407526,47.995213,(UTC+01:00) Europe/Paris DST,2013-01-02T15:00:00+01:00,na,na,313,313,na,na,na
Eco Counter GmbH,Stadt Freiburg,751,Wiwilibrücke,100004595,YTH23035971,7.8407526,47.995213,(UTC+01:00) Europe/Paris DST,2013-01-02T16:00:00+01:00,na,na,327,327,na,na,na
Eco Counter GmbH,Stadt Freiburg,751,Wiwilibrücke,100004595,YTH23035971,7.8407526,47.995213,(UTC+01:00) Europe/Paris DST,2013-01-02T17:00:00+01:00,na,na,356,356,na,na,na
Eco Counter GmbH,Stadt Freiburg,751,Wiwilibrücke,100004595,YTH23035971,7.8407526,47.995213,(UTC+01:00) Europe/Paris DST,2013-01-02T18:00:00+01:00,na,na,258,258,na,na,na
Eco Counter GmbH,Stadt Freiburg,751,Wiwilibrücke,100004595,YTH23035971,7.8407526,47.995213,(UTC+01:00) Europe/Paris DST,2013-01-02T19:00:00+01:00,na,na,215,215,na,na,na
Eco Counter GmbH,Stadt Freiburg,751,Wiwilibrücke,100004595,YTH23035971,7.8407526,47.995213,(UTC+01:00) Europe/Paris DST,2013-01-02T20:00:00+01:00,na,na,151,151,na,na,na
Eco Counter GmbH,Stadt Freiburg,751,Wiwilibrücke,100004595,YTH23035971,7.8407526,47.995213,(UTC+01:00) Europe/Paris DST,2013-01-02T21:00:00+01:00,na,na,87,87,na,na,na
Eco Counter GmbH,Stadt Freiburg,751,Wiwilibrücke,100004595,YTH23035971,7.8407526,47.995213,(UTC+01:00) Europe/Paris DST,2013-01-02T22:00:00+01:00,na,na,101,101,na,na,na
Eco Counter GmbH,Stadt Freiburg,751,Wiwilibrücke,100004595,YTH23035971,7.8407526,47.995213,(UTC+01:00) Europe/Paris DST,2013-01-02T23:00:00+01:00,na,na,89,89,na,na,na
Eco Counter GmbH,Stadt Freiburg,751,Wiwilibrücke,100004595,YTH23035971,7.8407526,47.995213,(UTC+01:00) Europe/Paris DST,2013-01-03T00:00:00+01:00,na,na,46,46,na,na,na
Eco Counter GmbH,Stadt Freiburg,751,Wiwilibrücke,100004595,YTH23035971,7.8407526,47.995213,(UTC+01:00) Europe/Paris DST,2013-01-03T01:00:00+01:00,na,na,32,32,na,na,na
Eco Counter GmbH,Stadt Freiburg,751,Wiwilibrücke,100004595,YTH23035971,7.8407526,47.995213,(UTC+01:00) Europe/Paris DST,2013-01-03T02:00:00+01:00,na,na,20,20,na,na,na
Eco Counter GmbH,Stadt Freiburg,751,Wiwilibrücke,100004595,YTH23035971,7.8407526,47.995213,(UTC+01:00) Europe/Paris DST,2013-01-03T03:00:00+01:00,na,na,8,8,na,na,na
Eco Counter GmbH,Stadt Freiburg,751,Wiwilibrücke,100004595,YTH23035971,7.8407526,47.995213,(UTC+01:00) Europe/Paris DST,2013-01-03T04:00:00+01:00,na,na,5,5,na,na,na
Eco Counter GmbH,Stadt Freiburg,751,Wiwilibrücke,100004595,YTH23035971,7.8407526,47.995213,(UTC+01:00) Europe/Paris DST,2013-01-03T05:00:00+01:00,na,na,18,18,na,na,na
Eco Counter GmbH,Stadt Freiburg,751,Wiwilibrücke,100004595,YTH23035971,7.8407526,47.995213,(UTC+01:00) Europe/Paris DST,2013-01-03T06:00:00+01:00,na,na,67,67,na,na,na
Eco Counter GmbH,Stadt Freiburg,751,Wiwilibrücke,100004595,YTH23035971,7.8407526,47.995213,(UTC+01:00) Europe/Paris DST,2013-01-03T07:00:00+01:00,na,na,155,155,na,na,na
Eco Counter GmbH,Stadt Freiburg,751,Wiwilibrücke,100004595,YTH23035971,7.8407526,47.995213,(UTC+01:00) Europe/Paris DST,2013-01-03T08:00:00+01:00,na,na,200,200,na,na,na
Eco Counter GmbH,Stadt Freiburg,751,Wiwilibrücke,100004595,YTH23035971,7.8407526,47.995213,(UTC+01:00) Europe/Paris DST,2013-01-03T09:00:00+01:00,na,na,188,188,na,na,na
Eco Counter GmbH,Stadt Freiburg,751,Wiwilibrücke,100004595,YTH23035971,7.8407526,47.995213,(UTC+01:00) Europe/Paris DST,2013-01-03T10:00:00+01:00,na,na,189,189,na,na,na
Eco Counter GmbH,Stadt Freiburg,751,Wiwilibrücke,100004595,YTH23035971,7.8407526,47.995213,(UTC+01:00) Europe/Paris DST,2013-01-03T11:00:00+01:00,na,na,234,234,na,na,na
Eco Counter GmbH,Stadt Freiburg,751,Wiwilibrücke,100004595,YTH23035971,7.8407526,47.995213,(UTC+01:00) Europe/Paris DST,2013-01-03T12:00:00+01:00,na,na,231,231,na,na,na
Eco Counter GmbH,Stadt Freiburg,751,Wiwilibrücke,100004595,YTH23035971,7.8407526,47.995213,(UTC+01:00) Europe/Paris DST,2013-01-03T13:00:00+01:00,na,na,229,229,na,na,na
Eco Counter GmbH,Stadt Freiburg,751,Wiwilibrücke,100004595,YTH23035971,7.8407526,47.995213,(UTC+01:00) Europe/Paris DST,2013-01-03T14:00:00+01:00,na,na,229,229,na,na,na
Eco Counter GmbH,Stadt Freiburg,751,Wiwilibrücke,100004595,YTH23035971,7.8407526,47.995213,(UTC+01:00) Europe/Paris DST,2013-01-03T15:00:00+01:00,na,na,247,247,na,na,na
Eco Counter GmbH,Stadt Freiburg,751,Wiwilibrücke,100004595,YTH23035971,7.8407526,47.995213,(UTC+01:00) Europe/Paris DST,2013-01-03T16:00:00+01:00,na,na,304,304,na,na,na
Eco Counter GmbH,Stadt Freiburg,751,Wiwilibrücke,100004595,YTH23035971,7.8407526,47.995213,(UTC+01:00) Europe/Paris DST,2013-01-03T17:00:00+01:00,na,na,300,300,na,na,na
Eco Counter GmbH,Stadt Freiburg,751,Wiwilibrücke,100004595,YTH23035971,7.8407526,47.995213,(UTC+01:00) Europe/Paris DST,2013-01-03T18:00:00+01:00,na,na,313,313,na,na,na
Eco Counter GmbH,Stadt Freiburg,751,Wiwilibrücke,100004595,YTH23035971,7.8407526,47.995213,(UTC+01:00) Europe/Paris DST,2013-01-03T19:00:00+01:00,na,na,240,240,na,na,na
Eco Counter GmbH,Stadt Freiburg,751,Wiwilibrücke,100004595,YTH23035971,7.8407526,47.995213,(UTC+01:00) Europe/Paris DST,2013-01-03T20:00:00+01:00,na,na,151,151,na,na,na
Eco Counter GmbH,Stadt Freiburg,751,Wiwilibrücke,100004595,YTH23035971,7.8407526,47.995213,(UTC+01:00) Europe/Paris DST,2013-01-03T21:00:00+01:00,na,na,134,134,na,na,na
Eco Counter GmbH,Stadt Freiburg,751,Wiwilibrücke,100004595,YTH23035971,7.8407526,47.995213,(UTC+01:00) Europe/Paris DST,2013-01-03T22:00:00+01:00,na,na,110,110,na,na,na
Eco Counter GmbH,Stadt Freiburg,751,Wiwilibrücke,100004595,YTH23035971,7.8407526,47.995213,(UTC+01:00) Europe/Paris DST,2013-01-03T23:00:00+01:00,na,na,105,105,na,na,na
Eco Counter GmbH,Stadt Freiburg,751,Wiwilibrücke,100004595,YTH23035971,7.8407526,47.995213,(UTC+01:00) Europe/Paris DST,2013-01-04T00:00:00+01:00,na,na,70,70,na,na,na
Eco Counter GmbH,Stadt Freiburg,751,Wiwilibrücke,100004595,YTH23035971,7.8407526,47.995213,(UTC+01:00) Europe/Paris DST,2013-01-04T01:00:00+01:00,na,na,49,49,na,na,na
Eco Counter GmbH,Stadt Freiburg,751,Wiwilibrücke,100004595,YTH23035971,7.8407526,47.995213,(UTC+01:00) Europe/Paris DST,2013-01-04T02:00:00+01:00,na,na,18,18,na,na,na
Eco Counter GmbH,Stadt Freiburg,751,Wiwilibrücke,100004595,YTH23035971,7.8407526,47.995213,(UTC+01:00) Europe/Paris DST,2013-01-04T03:00:00+01:00,na,na,11,11,na,na,na
Eco Counter GmbH,Stadt Freiburg,751,Wiwilibrücke,100004595,YTH23035971,7.8407526,47.995213,(UTC+01:00) Europe/Paris DST,2013-01-04T04:00:00+01:00,na,na,13,13,na,na,na
Eco Counter GmbH,Stadt Freiburg,751,Wiwilibrücke,100004595,YTH23035971,7.8407526,47.995213,(UTC+01:00) Europe/Paris DST,2013-01-04T05:00:00+01:00,na,na,17,17,na,na,na
Eco Counter GmbH,Stadt Freiburg,751,Wiwilibrücke,100004595,YTH23035971,7.8407526,47.995213,(UTC+01:00) Europe/Paris DST,2013-01-04T06:00:00+01:00,na,na,58,58,na,na,na
Eco Counter GmbH,Stadt Freiburg,751,Wiwilibrücke,100004595,YTH23035971,7.8407526,47.995213,(UTC+01:00) Europe/Paris DST,2013-01-04T07:00:00+01:00,na,na,140,140,na,na,na
Eco Counter GmbH,Stadt Freiburg,751,Wiwilibrücke,100004595,YTH23035971,7.8407526,47.995213,(UTC+01:00) Europe/Paris DST,2013-01-04T08:00:00+01:00,na,na,217,217,na,na,na
Eco Counter GmbH,Stadt Freiburg,751,Wiwilibrücke,100004595,YTH23035971,7.8407526,47.995213,(UTC+01:00) Europe/Paris DST,2013-01-04T09:00:00+01:00,na,na,209,209,na,na,na
Eco Counter GmbH,Stadt Freiburg,751,Wiwilibrücke,100004595,YTH23035971,7.8407526,47.995213,(UTC+01:00) Europe/Paris DST,2013-01-04T10:00:00+01:00,na,na,216,216,na,na,na
Eco Counter GmbH,Stadt Freiburg,751,Wiwilibrücke,100004595,YTH23035971,7.8407526,47.995213,(UTC+01:00) Europe/Paris DST,2013-01-04T11:00:00+01:00,na,na,216,216,na,na,na
Eco Counter GmbH,Stadt Freiburg,751,Wiwilibrücke,100004595,YTH23035971,7.8407526,47.995213,(UTC+01:00) Europe/Paris DST,2013-01-04T12:00:00+01:00,na,na,261,261,na,na,na
Eco Counter GmbH,Stadt Freiburg,751,Wiwilibrücke,100004595,YTH23035971,7.8407526,47.995213,(UTC+01:00) Europe/Paris DST,2013-01-04T13:00:00+01:00,na,na,284,284,na,na,na
Eco Counter GmbH,Stadt Freiburg,751,Wiwilibrücke,100004595,YTH23035971,7.8407526,47.995213,(UTC+01:00) Europe/Paris DST,2013-01-04T14:00:00+01:00,na,na,286,286,na,na,na
Eco Counter GmbH,Stadt Freiburg,751,Wiwilibrücke,100004595,YTH23035971,7.8407526,47.995213,(UTC+01:00) Europe/Paris DST,2013-01-04T15:00:00+01:00,na,na,269,269,na,na,na
Eco Counter GmbH,Stadt Freiburg,751,Wiwilibrücke,100004595,YTH23035971,7.8407526,47.995213,(UTC+01:00) Europe/Paris DST,2013-01-04T16:00:00+01:00,na,na,322,322,na,na,na
Eco Counter GmbH,Stadt Freiburg,751,Wiwilibrücke,100004595,YTH23035971,7.8407526,47.995213,(UTC+01:00) Europe/Paris DST,2013-01-04T17:00:00+01:00,na,na,316,316,na,na,na
Eco Counter GmbH,Stadt Freiburg,751,Wiwilibrücke,100004595,YTH23035971,7.8407526,47.995213,(UTC+01:00) Europe/Paris DST,2013-01-04T18:00:00+01:00,na,na,274,274,na,na,na
Eco Counter GmbH,Stadt Freiburg,751,Wiwilibrücke,100004595,YTH23035971,7.8407526,47.995213,(UTC+01:00) Europe/Paris DST,2013-01-04T19:00:00+01:00,na,na,251,251,na,na,na
Eco Counter GmbH,Stadt Freiburg,751,Wiwilibrücke,100004595,YTH23035971,7.8407526,47.995213,(UTC+01:00) Europe/Paris DST,2013-01-04T20:00:00+01:00,na,na,171,171,na,na,na
Eco Counter GmbH,Stadt Freiburg,751,Wiwilibrücke,100004595,YTH23035971,7.8407526,47.995213,(UTC+01:00) Europe/Paris DST,2013-01-04T21:00:00+01:00,na,na,142,142,na,na,na
Eco Counter GmbH,Stadt Freiburg,751,Wiwilibrücke,100004595,YTH23035971,7.8407526,47.995213,(UTC+01:00) Europe/Paris DST,2013-01-04T22:00:00+01:00,na,na,113,113,na,na,na
Eco Counter GmbH,Stadt Freiburg,751,Wiwilibrücke,100004595,YTH23035971,7.8407526,47.995213,(UTC+01:00) Europe/Paris DST,2013-01-04T23:00:00+01:00,na,na,128,128,na,na,na
Eco Counter GmbH,Stadt Freiburg,751,Wiwilibrücke,100004595,YTH23035971,7.8407526,47.995213,(UTC+01:00) Europe/Paris DST,2013-01-05T00:00:00+01:00,na,na,104,104,na,na,na
Eco Counter GmbH,Stadt Freiburg,751,Wiwilibrücke,100004595,YTH23035971,7.8407526,47.995213,(UTC+01:00) Europe/Paris DST,2013-01-05T01:00:00+01:00,na,na,99,99,na,na,na
Eco Counter GmbH,Stadt Freiburg,751,Wiwilibrücke,100004595,YTH23035971,7.8407526,47.995213,(UTC+01:00) Europe/Paris DST,2013-01-05T02:00:00+01:00,na,na,57,57,na,na,na
Eco Counter GmbH,Stadt Freiburg,751,Wiwilibrücke,100004595,YTH23035971,7.8407526,47.995213,(UTC+01:00) Europe/Paris DST,2013-01-05T03:00:00+01:00,na,na,45,45,na,na,na
Eco Counter GmbH,Stadt Freiburg,751,Wiwilibrücke,100004595,YTH23035971,7.8407526,47.995213,(UTC+01:00) Europe/Paris DST,2013-01-05T04:00:00+01:00,na,na,36,36,na,na,na
Eco Counter GmbH,Stadt Freiburg,751,Wiwilibrücke,100004595,YTH23035971,7.8407526,47.995213,(UTC+01:00) Europe/Paris DST,2013-01-05T05:00:00+01:00,na,na,26,26,na,na,na
Eco Counter GmbH,Stadt Freiburg,751,Wiwilibrücke,100004595,YTH23035971,7.8407526,47.995213,(UTC+01:00) Europe/Paris DST,2013-01-05T06:00:00+01:00,na,na,21,21,na,na,na
Eco Counter GmbH,Stadt Freiburg,751,Wiwilibrücke,100004595,YTH23035971,7.8407526,47.995213,(UTC+01:00) Europe/Paris DST,2013-01-05T07:00:00+01:00,na,na,34,34,na,na,na
Eco Counter GmbH,Stadt Freiburg,751,Wiwilibrücke,100004595,YTH23035971,7.8407526,47.995213,(UTC+01:00) Europe/Paris DST,2013-01-05T08:00:00+01:00,na,na,64,64,na,na,na
Eco Counter GmbH,Stadt Freiburg,751,Wiwilibrücke,100004595,YTH23035971,7.8407526,47.995213,(UTC+01:00) Europe/Paris DST,2013-01-05T09:00:00+01:00,na,na,118,118,na,na,na
Eco Counter GmbH,Stadt Freiburg,751,Wiwilibrücke,100004595,YTH23035971,7.8407526,47.995213,(UTC+01:00) Europe/Paris DST,2013-01-05T10:00:00+01:00,na,na,170,170,na,na,na
Eco Counter GmbH,Stadt Freiburg,751,Wiwilibrücke,100004595,YTH23035971,7.8407526,47.995213,(UTC+01:00) Europe/Paris DST,2013-01-05T11:00:00+01:00,na,na,269,269,na,na,na
Eco Counter GmbH,Stadt Freiburg,751,Wiwilibrücke,100004595,YTH23035971,7.8407526,47.995213,(UTC+01:00) Europe/Paris DST,2013-01-05T12:00:00+01:00,na,na,260,260,na,na,na
Eco Counter GmbH,Stadt Freiburg,751,Wiwilibrücke,100004595,YTH23035971,7.8407526,47.995213,(UTC+01:00) Europe/Paris DST,2013-01-05T13:00:00+01:00,na,na,231,231,na,na,na
Eco Counter GmbH,Stadt Freiburg,751,Wiwilibrücke,100004595,YTH23035971,7.8407526,47.995213,(UTC+01:00) Europe/Paris DST,2013-01-05T14:00:00+01:00,na,na,261,261,na,na,na
Eco Counter GmbH,Stadt Freiburg,751,Wiwilibrücke,100004595,YTH23035971,7.8407526,47.995213,(UTC+01:00) Europe/Paris DST,2013-01-05T15:00:00+01:00,na,na,242,242,na,na,na
Eco Counter GmbH,Stadt Freiburg,751,Wiwilibrücke,100004595,YTH23035971,7.8407526,47.995213,(UTC+01:00) Europe/Paris DST,2013-01-05T16:00:00+01:00,na,na,214,214,na,na,na
Eco Counter GmbH,Stadt Freiburg,751,Wiwilibrücke,100004595,YTH23035971,7.8407526,47.995213,(UTC+01:00) Europe/Paris DST,2013-01-05T17:00:00+01:00,na,na,245,245,na,na,na
Eco Counter GmbH,Stadt Freiburg,751,Wiwilibrücke,100004595,YTH23035971,7.8407526,47.995213,(UTC+01:00) Europe/Paris DST,2013-01-05T18:00:00+01:00,na,na,205,205,na,na,na
Eco Counter GmbH,Stadt Freiburg,751,Wiwilibrücke,100004595,YTH23035971,7.8407526,47.995213,(UTC+01:00) Europe/Paris DST,2013-01-05T19:00:00+01:00,na,na,220,220,na,na,na
Eco Counter GmbH,Stadt Freiburg,751,Wiwilibrücke,100004595,YTH23035971,7.8407526,47.995213,(UTC+01:00) Europe/Paris DST,2013-01-05T20:00:00+01:00,na,na,174,174,na,na,na
Eco Counter GmbH,Stadt Freiburg,751,Wiwilibrücke,100004595,YTH23035971,7.8407526,47.995213,(UTC+01:00) Europe/Paris DST,2013-01-05T21:00:00+01:00,na,na,155,155,na,na,na
Eco Counter GmbH,Stadt Freiburg,751,Wiwilibrücke,100004595,YTH23035971,7.8407526,47.995213,(UTC+01:00) Europe/Paris DST,2013-01-05T22:00:00+01:00,na,na,122,122,na,na,na
Eco Counter GmbH,Stadt Freiburg,751,Wiwilibrücke,100004595,YTH23035971,7.8407526,47.995213,(UTC+01:00) Europe/Paris DST,2013-01-05T23:00:00+01:00,na,na,133,133,na,na,na
Eco Counter GmbH,Stadt Freiburg,751,Wiwilibrücke,100004595,YTH23035971,7.8407526,47.995213,(UTC+01:00) Europe/Paris DST,2013-01-06T00:00:00+01:00,na,na,153,153,na,na,na
Eco Counter GmbH,Stadt Freiburg,751,Wiwilibrücke,100004595,YTH23035971,7.8407526,47.995213,(UTC+01:00) Europe/Paris DST,2013-01-06T01:00:00+01:00,na,na,73,73,na,na,na
Eco Counter GmbH,Stadt Freiburg,751,Wiwilibrücke,100004595,YTH23035971,7.8407526,47.995213,(UTC+01:00) Europe/Paris DST,2013-01-06T02:00:00+01:00,na,na,81,81,na,na,na
Eco Counter GmbH,Stadt Freiburg,751,Wiwilibrücke,100004595,YTH23035971,7.8407526,47.995213,(UTC+01:00) Europe/Paris DST,2013-01-06T03:00:00+01:00,na,na,38,38,na,na,na
Eco Counter GmbH,Stadt Freiburg,751,Wiwilibrücke,100004595,YTH23035971,7.8407526,47.995213,(UTC+01:00) Europe/Paris DST,2013-01-06T04:00:00+01:00,na,na,24,24,na,na,na
Eco Counter GmbH,Stadt Freiburg,751,Wiwilibrücke,100004595,YTH23035971,7.8407526,47.995213,(UTC+01:00) Europe/Paris DST,2013-01-06T05:00:00+01:00,na,na,29,29,na,na,na
Eco Counter GmbH,Stadt Freiburg,751,Wiwilibrücke,100004595,YTH23035971,7.8407526,47.995213,(UTC+01:00) Europe/Paris DST,2013-01-06T06:00:00+01:00,na,na,18,18,na,na,na
Eco Counter GmbH,Stadt Freiburg,751,Wiwilibrücke,100004595,YTH23035971,7.8407526,47.995213,(UTC+01:00) Europe/Paris DST,2013-01-06T07:00:00+01:00,na,na,13,13,na,na,na
Eco Counter GmbH,Stadt Freiburg,751,Wiwilibrücke,100004595,YTH23035971,7.8407526,47.995213,(UTC+01:00) Europe/Paris DST,2013-01-06T08:00:00+01:00,na,na,29,29,na,na,na
Eco Counter GmbH,Stadt Freiburg,751,Wiwilibrücke,100004595,YTH23035971,7.8407526,47.995213,(UTC+01:00) Europe/Paris DST,2013-01-06T09:00:00+01:00,na,na,49,49,na,na,na
Eco Counter GmbH,Stadt Freiburg,751,Wiwilibrücke,100004595,YTH23035971,7.8407526,47.995213,(UTC+01:00) Europe/Paris DST,2013-01-06T10:00:00+01:00,na,na,77,77,na,na,na
Eco Counter GmbH,Stadt Freiburg,751,Wiwilibrücke,100004595,YTH23035971,7.8407526,47.995213,(UTC+01:00) Europe/Paris DST,2013-01-06T11:00:00+01:00,na,na,101,101,na,na,na
Eco Counter GmbH,Stadt Freiburg,751,Wiwilibrücke,100004595,YTH23035971,7.8407526,47.995213,(UTC+01:00) Europe/Paris DST,2013-01-06T12:00:00+01:00,na,na,111,111,na,na,na
Eco Counter GmbH,Stadt Freiburg,751,Wiwilibrücke,100004595,YTH23035971,7.8407526,47.995213,(UTC+01:00) Europe/Paris DST,2013-01-06T13:00:00+01:00,na,na,132,132,na,na,na
Eco Counter GmbH,Stadt Freiburg,751,Wiwilibrücke,100004595,YTH23035971,7.8407526,47.995213,(UTC+01:00) Europe/Paris DST,2013-01-06T14:00:00+01:00,na,na,153,153,na,na,na
Eco Counter GmbH,Stadt Freiburg,751,Wiwilibrücke,100004595,YTH23035971,7.8407526,47.995213,(UTC+01:00) Europe/Paris DST,2013-01-06T15:00:00+01:00,na,na,123,123,na,na,na
Eco Counter GmbH,Stadt Freiburg,751,Wiwilibrücke,100004595,YTH23035971,7.8407526,47.995213,(UTC+01:00) Europe/Paris DST,2013-01-06T16:00:00+01:00,na,na,174,174,na,na,na
Eco Counter GmbH,Stadt Freiburg,751,Wiwilibrücke,100004595,YTH23035971,7.8407526,47.995213,(UTC+01:00) Europe/Paris DST,2013-01-06T17:00:00+01:00,na,na,171,171,na,na,na
Eco Counter GmbH,Stadt Freiburg,751,Wiwilibrücke,100004595,YTH23035971,7.8407526,47.995213,(UTC+01:00) Europe/Paris DST,2013-01-06T18:00:00+01:00,na,na,158,158,na,na,na
Eco Counter GmbH,Stadt Freiburg,751,Wiwilibrücke,100004595,YTH23035971,7.8407526,47.995213,(UTC+01:00) Europe/Paris DST,2013-01-06T19:00:00+01:00,na,na,158,158,na,na,na
Eco Counter GmbH,Stadt Freiburg,751,Wiwilibrücke,100004595,YTH23035971,7.8407526,47.995213,(UTC+01:00) Europe/Paris DST,2013-01-06T20:00:00+01:00,na,na,114,114,na,na,na
Eco Counter GmbH,Stadt Freiburg,751,Wiwilibrücke,100004595,YTH23035971,7.8407526,47.995213,(UTC+01:00) Europe/Paris DST,2013-01-06T21:00:00+01:00,na,na,80,80,na,na,na
Eco Counter GmbH,Stadt Freiburg,751,Wiwilibrücke,100004595,YTH23035971,7.8407526,47.995213,(UTC+01:00) Europe/Paris DST,2013-01-06T22:00:00+01:00,na,na,102,102,na,na,na
Eco Counter GmbH,Stadt Freiburg,751,Wiwilibrücke,100004595,YTH23035971,7.8407526,47.995213,(UTC+01:00) Europe/Paris DST,2013-01-06T23:00:00+01:00,na,na,77,77,na,na,na
Eco Counter GmbH,Stadt Freiburg,751,Wiwilibrücke,100004595,YTH23035971,7.8407526,47.995213,(UTC+01:00) Europe/Paris DST,2013-01-07T00:00:00+01:00,na,na,37,37,na,na,na
Eco Counter GmbH,Stadt Freiburg,751,Wiwilibrücke,100004595,YTH23035971,7.8407526,47.995213,(UTC+01:00) Europe/Paris DST,2013-01-07T01:00:00+01:00,na,na,13,13,na,na,na
Eco Counter GmbH,Stadt Freiburg,751,Wiwilibrücke,100004595,YTH23035971,7.8407526,47.995213,(UTC+01:00) Europe/Paris DST,2013-01-07T02:00:00+01:00,na,na,6,6,na,na,na
Eco Counter GmbH,Stadt Freiburg,751,Wiwilibrücke,100004595,YTH23035971,7.8407526,47.995213,(UTC+01:00) Europe/Paris DST,2013-01-07T03:00:00+01:00,na,na,5,5,na,na,na
Eco Counter GmbH,Stadt Freiburg,751,Wiwilibrücke,100004595,YTH23035971,7.8407526,47.995213,(UTC+01:00) Europe/Paris DST,2013-01-07T04:00:00+01:00,na,na,3,3,na,na,na
Eco Counter GmbH,Stadt Freiburg,751,Wiwilibrücke,100004595,YTH23035971,7.8407526,47.995213,(UTC+01:00) Europe/Paris DST,2013-01-07T05:00:00+01:00,na,na,22,22,na,na,na
Eco Counter GmbH,Stadt Freiburg,751,Wiwilibrücke,100004595,YTH23035971,7.8407526,47.995213,(UTC+01:00) Europe/Paris DST,2013-01-07T06:00:00+01:00,na,na,89,89,na,na,na
Eco Counter GmbH,Stadt Freiburg,751,Wiwilibrücke,100004595,YTH23035971,7.8407526,47.995213,(UTC+01:00) Europe/Paris DST,2013-01-07T07:00:00+01:00,na,na,402,402,na,na,na
Eco Counter GmbH,Stadt Freiburg,751,Wiwilibrücke,100004595,YTH23035971,7.8407526,47.995213,(UTC+01:00) Europe/Paris DST,2013-01-07T08:00:00+01:00,na,na,602,602,na,na,na
Eco Counter GmbH,Stadt Freiburg,751,Wiwilibrücke,100004595,YTH23035971,7.8407526,47.995213,(UTC+01:00) Europe/Paris DST,2013-01-07T09:00:00+01:00,na,na,374,374,na,na,na
Eco Counter GmbH,Stadt Freiburg,751,Wiwilibrücke,100004595,YTH23035971,7.8407526,47.995213,(UTC+01:00) Europe/Paris DST,2013-01-07T10:00:00+01:00,na,na,354,354,na,na,na
Eco Counter GmbH,Stadt Freiburg,751,Wiwilibrücke,100004595,YTH23035971,7.8407526,47.995213,(UTC+01:00) Europe/Paris DST,2013-01-07T11:00:00+01:00,na,na,327,327,na,na,na
Eco Counter GmbH,Stadt Freiburg,751,Wiwilibrücke,100004595,YTH23035971,7.8407526,47.995213,(UTC+01:00) Europe/Paris DST,2013-01-07T12:00:00+01:00,na,na,470,470,na,na,na
Eco Counter GmbH,Stadt Freiburg,751,Wiwilibrücke,100004595,YTH23035971,7.8407526,47.995213,(UTC+01:00) Europe/Paris DST,2013-01-07T13:00:00+01:00,na,na,470,470,na,na,na
Eco Counter GmbH,Stadt Freiburg,751,Wiwilibrücke,100004595,YTH23035971,7.8407526,47.995213,(UTC+01:00) Europe/Paris DST,2013-01-07T14:00:00+01:00,na,na,401,401,na,na,na
Eco Counter GmbH,Stadt Freiburg,751,Wiwilibrücke,100004595,YTH23035971,7.8407526,47.995213,(UTC+01:00) Europe/Paris DST,2013-01-07T15:00:00+01:00,na,na,397,397,na,na,na
Eco Counter GmbH,Stadt Freiburg,751,Wiwilibrücke,100004595,YTH23035971,7.8407526,47.995213,(UTC+01:00) Europe/Paris DST,2013-01-07T16:00:00+01:00,na,na,517,517,na,na,na
Eco Counter GmbH,Stadt Freiburg,751,Wiwilibrücke,100004595,YTH23035971,7.8407526,47.995213,(UTC+01:00) Europe/Paris DST,2013-01-07T17:00:00+01:00,na,na,644,644,na,na,na
Eco Counter GmbH,Stadt Freiburg,751,Wiwilibrücke,100004595,YTH23035971,7.8407526,47.995213,(UTC+01:00) Europe/Paris DST,2013-01-07T18:00:00+01:00,na,na,579,579,na,na,na
Eco Counter GmbH,Stadt Freiburg,751,Wiwilibrücke,100004595,YTH23035971,7.8407526,47.995213,(UTC+01:00) Europe/Paris DST,2013-01-07T19:00:00+01:00,na,na,382,382,na,na,na
Eco Counter GmbH,Stadt Freiburg,751,Wiwilibrücke,100004595,YTH23035971,7.8407526,47.995213,(UTC+01:00) Europe/Paris DST,2013-01-07T20:00:00+01:00,na,na,269,269,na,na,na
Eco Counter GmbH,Stadt Freiburg,751,Wiwilibrücke,100004595,YTH23035971,7.8407526,47.995213,(UTC+01:00) Europe/Paris DST,2013-01-07T21:00:00+01:00,na,na,174,174,na,na,na
Eco Counter GmbH,Stadt Freiburg,751,Wiwilibrücke,100004595,YTH23035971,7.8407526,47.995213,(UTC+01:00) Europe/Paris DST,2013-01-07T22:00:00+01:00,na,na,133,133,na,na,na
Eco Counter GmbH,Stadt Freiburg,751,Wiwilibrücke,100004595,YTH23035971,7.8407526,47.995213,(UTC+01:00) Europe/Paris DST,2013-01-07T23:00:00+01:00,na,na,116,116,na,na,na
Eco Counter GmbH,Stadt Freiburg,751,Wiwilibrücke,100004595,YTH23035971,7.8407526,47.995213,(UTC+01:00) Europe/Paris DST,2013-01-08T00:00:00+01:00,na,na,83,83,na,na,na
Eco Counter GmbH,Stadt Freiburg,751,Wiwilibrücke,100004595,YTH23035971,7.8407526,47.995213,(UTC+01:00) Europe/Paris DST,2013-01-08T01:00:00+01:00,na,na,22,22,na,na,na
Eco Counter GmbH,Stadt Freiburg,751,Wiwilibrücke,100004595,YTH23035971,7.8407526,47.995213,(UTC+01:00) Europe/Paris DST,2013-01-08T02:00:00+01:00,na,na,21,21,na,na,na
Eco Counter GmbH,Stadt Freiburg,751,Wiwilibrücke,100004595,YTH23035971,7.8407526,47.995213,(UTC+01:00) Europe/Paris DST,2013-01-08T03:00:00+01:00,na,na,10,10,na,na,na
Eco Counter GmbH,Stadt Freiburg,751,Wiwilibrücke,100004595,YTH23035971,7.8407526,47.995213,(UTC+01:00) Europe/Paris DST,2013-01-08T04:00:00+01:00,na,na,7,7,na,na,na
Eco Counter GmbH,Stadt Freiburg,751,Wiwilibrücke,100004595,YTH23035971,7.8407526,47.995213,(UTC+01:00) Europe/Paris DST,2013-01-08T05:00:00+01:00,na,na,29,29,na,na,na
Eco Counter GmbH,Stadt Freiburg,751,Wiwilibrücke,100004595,YTH23035971,7.8407526,47.995213,(UTC+01:00) Europe/Paris DST,2013-01-08T06:00:00+01:00,na,na,85,85,na,na,na
Eco Counter GmbH,Stadt Freiburg,751,Wiwilibrücke,100004595,YTH23035971,7.8407526,47.995213,(UTC+01:00) Europe/Paris DST,2013-01-08T07:00:00+01:00,na,na,405,405,na,na,na
Eco Counter GmbH,Stadt Freiburg,751,Wiwilibrücke,100004595,YTH23035971,7.8407526,47.995213,(UTC+01:00) Europe/Paris DST,2013-01-08T08:00:00+01:00,na,na,623,623,na,na,na
Eco Counter GmbH,Stadt Freiburg,751,Wiwilibrücke,100004595,YTH23035971,7.8407526,47.995213,(UTC+01:00) Europe/Paris DST,2013-01-08T09:00:00+01:00,na,na,435,435,na,na,na
Eco Counter GmbH,Stadt Freiburg,751,Wiwilibrücke,100004595,YTH23035971,7.8407526,47.995213,(UTC+01:00) Europe/Paris DST,2013-01-08T10:00:00+01:00,na,na,374,374,na,na,na
Eco Counter GmbH,Stadt Freiburg,751,Wiwilibrücke,100004595,YTH23035971,7.8407526,47.995213,(UTC+01:00) Europe/Paris DST,2013-01-08T11:00:00+01:00,na,na,363,363,na,na,na
Eco Counter GmbH,Stadt Freiburg,751,Wiwilibrücke,100004595,YTH23035971,7.8407526,47.995213,(UTC+01:00) Europe/Paris DST,2013-01-08T12:00:00+01:00,na,na,449,449,na,na,na
Eco Counter GmbH,Stadt Freiburg,751,Wiwilibrücke,100004595,YTH23035971,7.8407526,47.995213,(UTC+01:00) Europe/Paris DST,2013-01-08T13:00:00+01:00,na,na,475,475,na,na,na
Eco Counter GmbH,Stadt Freiburg,751,Wiwilibrücke,100004595,YTH23035971,7.8407526,47.995213,(UTC+01:00) Europe/Paris DST,2013-01-08T14:00:00+01:00,na,na,362,362,na,na,na
Eco Counter GmbH,Stadt Freiburg,751,Wiwilibrücke,100004595,YTH23035971,7.8407526,47.995213,(UTC+01:00) Europe/Paris DST,2013-01-08T15:00:00+01:00,na,na,426,426,na,na,na
Eco Counter GmbH,Stadt Freiburg,751,Wiwilibrücke,100004595,YTH23035971,7.8407526,47.995213,(UTC+01:00) Europe/Paris DST,2013-01-08T16:00:00+01:00,na,na,527,527,na,na,na
Eco Counter GmbH,Stadt Freiburg,751,Wiwilibrücke,100004595,YTH23035971,7.8407526,47.995213,(UTC+01:00) Europe/Paris DST,2013-01-08T17:00:00+01:00,na,na,625,625,na,na,na
Eco Counter GmbH,Stadt Freiburg,751,Wiwilibrücke,100004595,YTH23035971,7.8407526,47.995213,(UTC+01:00) Europe/Paris DST,2013-01-08T18:00:00+01:00,na,na,581,581,na,na,na
Eco Counter GmbH,Stadt Freiburg,751,Wiwilibrücke,100004595,YTH23035971,7.8407526,47.995213,(UTC+01:00) Europe/Paris DST,2013-01-08T19:00:00+01:00,na,na,449,449,na,na,na
Eco Counter GmbH,Stadt Freiburg,751,Wiwilibrücke,100004595,YTH23035971,7.8407526,47.995213,(UTC+01:00) Europe/Paris DST,2013-01-08T20:00:00+01:00,na,na,320,320,na,na,na
Eco Counter GmbH,Stadt Freiburg,751,Wiwilibrücke,100004595,YTH23035971,7.8407526,47.995213,(UTC+01:00) Europe/Paris DST,2013-01-08T21:00:00+01:00,na,na,192,192,na,na,na
Eco Counter GmbH,Stadt Freiburg,751,Wiwilibrücke,100004595,YTH23035971,7.8407526,47.995213,(UTC+01:00) Europe/Paris DST,2013-01-08T22:00:00+01:00,na,na,240,240,na,na,na
Eco Counter GmbH,Stadt Freiburg,751,Wiwilibrücke,100004595,YTH23035971,7.8407526,47.995213,(UTC+01:00) Europe/Paris DST,2013-01-08T23:00:00+01:00,na,na,133,133,na,na,na
Eco Counter GmbH,Stadt Freiburg,751,Wiwilibrücke,100004595,YTH23035971,7.8407526,47.995213,(UTC+01:00) Europe/Paris DST,2013-01-09T00:00:00+01:00,na,na,118,118,na,na,na
Eco Counter GmbH,Stadt Freiburg,751,Wiwilibrücke,100004595,YTH23035971,7.8407526,47.995213,(UTC+01:00) Europe/Paris DST,2013-01-09T01:00:00+01:00,na,na,73,73,na,na,na
Eco Counter GmbH,Stadt Freiburg,751,Wiwilibrücke,100004595,YTH23035971,7.8407526,47.995213,(UTC+01:00) Europe/Paris DST,2013-01-09T02:00:00+01:00,na,na,16,16,na,na,na
Eco Counter GmbH,Stadt Freiburg,751,Wiwilibrücke,100004595,YTH23035971,7.8407526,47.995213,(UTC+01:00) Europe/Paris DST,2013-01-09T03:00:00+01:00,na,na,7,7,na,na,na
Eco Counter GmbH,Stadt Freiburg,751,Wiwilibrücke,100004595,YTH23035971,7.8407526,47.995213,(UTC+01:00) Europe/Paris DST,2013-01-09T04:00:00+01:00,na,na,7,7,na,na,na
Eco Counter GmbH,Stadt Freiburg,751,Wiwilibrücke,100004595,YTH23035971,7.8407526,47.995213,(UTC+01:00) Europe/Paris DST,2013-01-09T05:00:00+01:00,na,na,20,20,na,na,na
Eco Counter GmbH,Stadt Freiburg,751,Wiwilibrücke,100004595,YTH23035971,7.8407526,47.995213,(UTC+01:00) Europe/Paris DST,2013-01-09T06:00:00+01:00,na,na,81,81,na,na,na
Eco Counter GmbH,Stadt Freiburg,751,Wiwilibrücke,100004595,YTH23035971,7.8407526,47.995213,(UTC+01:00) Europe/Paris DST,2013-01-09T07:00:00+01:00,na,na,393,393,na,na,na
Eco Counter GmbH,Stadt Freiburg,751,Wiwilibrücke,100004595,YTH23035971,7.8407526,47.995213,(UTC+01:00) Europe/Paris DST,2013-01-09T08:00:00+01:00,na,na,619,619,na,na,na
Eco Counter GmbH,Stadt Freiburg,751,Wiwilibrücke,100004595,YTH23035971,7.8407526,47.995213,(UTC+01:00) Europe/Paris DST,2013-01-09T09:00:00+01:00,na,na,422,422,na,na,na
Eco Counter GmbH,Stadt Freiburg,751,Wiwilibrücke,100004595,YTH23035971,7.8407526,47.995213,(UTC+01:00) Europe/Paris DST,2013-01-09T10:00:00+01:00,na,na,380,380,na,na,na
Eco Counter GmbH,Stadt Freiburg,751,Wiwilibrücke,100004595,YTH23035971,7.8407526,47.995213,(UTC+01:00) Europe/Paris DST,2013-01-09T11:00:00+01:00,na,na,348,348,na,na,na
Eco Counter GmbH,Stadt Freiburg,751,Wiwilibrücke,100004595,YTH23035971,7.8407526,47.995213,(UTC+01:00) Europe/Paris DST,2013-01-09T12:00:00+01:00,na,na,477,477,na,na,na
Eco Counter GmbH,Stadt Freiburg,751,Wiwilibrücke,100004595,YTH23035971,7.8407526,47.995213,(UTC+01:00) Europe/Paris DST,2013-01-09T13:00:00+01:00,na,na,474,474,na,na,na
Eco Counter GmbH,Stadt Freiburg,751,Wiwilibrücke,100004595,YTH23035971,7.8407526,47.995213,(UTC+01:00) Europe/Paris DST,2013-01-09T14:00:00+01:00,na,na,458,458,na,na,na
Eco Counter GmbH,Stadt Freiburg,751,Wiwilibrücke,100004595,YTH23035971,7.8407526,47.995213,(UTC+01:00) Europe/Paris DST,2013-01-09T15:00:00+01:00,na,na,397,397,na,na,na
Eco Counter GmbH,Stadt Freiburg,751,Wiwilibrücke,100004595,YTH23035971,7.8407526,47.995213,(UTC+01:00) Europe/Paris DST,2013-01-09T16:00:00+01:00,na,na,478,478,na,na,na
Eco Counter GmbH,Stadt Freiburg,751,Wiwilibrücke,100004595,YTH23035971,7.8407526,47.995213,(UTC+01:00) Europe/Paris DST,2013-01-09T17:00:00+01:00,na,na,592,592,na,na,na
Eco Counter GmbH,Stadt Freiburg,751,Wiwilibrücke,100004595,YTH23035971,7.8407526,47.995213,(UTC+01:00) Europe/Paris DST,2013-01-09T18:00:00+01:00,na,na,596,596,na,na,na
Eco Counter GmbH,Stadt Freiburg,751,Wiwilibrücke,100004595,YTH23035971,7.8407526,47.995213,(UTC+01:00) Europe/Paris DST,2013-01-09T19:00:00+01:00,na,na,448,448,na,na,na
Eco Counter GmbH,Stadt Freiburg,751,Wiwilibrücke,100004595,YTH23035971,7.8407526,47.995213,(UTC+01:00) Europe/Paris DST,2013-01-09T20:00:00+01:00,na,na,334,334,na,na,na
Eco Counter GmbH,Stadt Freiburg,751,Wiwilibrücke,100004595,YTH23035971,7.8407526,47.995213,(UTC+01:00) Europe/Paris DST,2013-01-09T21:00:00+01:00,na,na,241,241,na,na,na
Eco Counter GmbH,Stadt Freiburg,751,Wiwilibrücke,100004595,YTH23035971,7.8407526,47.995213,(UTC+01:00) Europe/Paris DST,2013-01-09T22:00:00+01:00,na,na,227,227,na,na,na
Eco Counter GmbH,Stadt Freiburg,751,Wiwilibrücke,100004595,YTH23035971,7.8407526,47.995213,(UTC+01:00) Europe/Paris DST,2013-01-09T23:00:00+01:00,na,na,144,144,na,na,na
Eco Counter GmbH,Stadt Freiburg,751,Wiwilibrücke,100004595,YTH23035971,7.8407526,47.995213,(UTC+01:00) Europe/Paris DST,2013-01-10T00:00:00+01:00,na,na,91,91,na,na,na
Eco Counter GmbH,Stadt Freiburg,751,Wiwilibrücke,100004595,YTH23035971,7.8407526,47.995213,(UTC+01:00) Europe/Paris DST,2013-01-10T01:00:00+01:00,na,na,50,50,na,na,na
Eco Counter GmbH,Stadt Freiburg,751,Wiwilibrücke,100004595,YTH23035971,7.8407526,47.995213,(UTC+01:00) Europe/Paris DST,2013-01-10T02:00:00+01:00,na,na,10,10,na,na,na
Eco Counter GmbH,Stadt Freiburg,751,Wiwilibrücke,100004595,YTH23035971,7.8407526,47.995213,(UTC+01:00) Europe/Paris DST,2013-01-10T03:00:00+01:00,na,na,25,25,na,na,na
Eco Counter GmbH,Stadt Freiburg,751,Wiwilibrücke,100004595,YTH23035971,7.8407526,47.995213,(UTC+01:00) Europe/Paris DST,2013-01-10T04:00:00+01:00,na,na,12,12,na,na,na
Eco Counter GmbH,Stadt Freiburg,751,Wiwilibrücke,100004595,YTH23035971,7.8407526,47.995213,(UTC+01:00) Europe/Paris DST,2013-01-10T05:00:00+01:00,na,na,21,21,na,na,na
Eco Counter GmbH,Stadt Freiburg,751,Wiwilibrücke,100004595,YTH23035971,7.8407526,47.995213,(UTC+01:00) Europe/Paris DST,2013-01-10T06:00:00+01:00,na,na,94,94,na,na,na
Eco Counter GmbH,Stadt Freiburg,751,Wiwilibrücke,100004595,YTH23035971,7.8407526,47.995213,(UTC+01:00) Europe/Paris DST,2013-01-10T07:00:00+01:00,na,na,371,371,na,na,na
Eco Counter GmbH,Stadt Freiburg,751,Wiwilibrücke,100004595,YTH23035971,7.8407526,47.995213,(UTC+01:00) Europe/Paris DST,2013-01-10T08:00:00+01:00,na,na,541,541,na,na,na
Eco Counter GmbH,Stadt Freiburg,751,Wiwilibrücke,100004595,YTH23035971,7.8407526,47.995213,(UTC+01:00) Europe/Paris DST,2013-01-10T09:00:00+01:00,na,na,430,430,na,na,na
Eco Counter GmbH,Stadt Freiburg,751,Wiwilibrücke,100004595,YTH23035971,7.8407526,47.995213,(UTC+01:00) Europe/Paris DST,2013-01-10T10:00:00+01:00,na,na,335,335,na,na,na
Eco Counter GmbH,Stadt Freiburg,751,Wiwilibrücke,100004595,YTH23035971,7.8407526,47.995213,(UTC+01:00) Europe/Paris DST,2013-01-10T11:00:00+01:00,na,na,325,325,na,na,na
Eco Counter GmbH,Stadt Freiburg,751,Wiwilibrücke,100004595,YTH23035971,7.8407526,47.995213,(UTC+01:00) Europe/Paris DST,2013-01-10T12:00:00+01:00,na,na,443,443,na,na,na
Eco Counter GmbH,Stadt Freiburg,751,Wiwilibrücke,100004595,YTH23035971,7.8407526,47.995213,(UTC+01:00) Europe/Paris DST,2013-01-10T13:00:00+01:00,na,na,445,445,na,na,na
Eco Counter GmbH,Stadt Freiburg,751,Wiwilibrücke,100004595,YTH23035971,7.8407526,47.995213,(UTC+01:00) Europe/Paris DST,2013-01-10T14:00:00+01:00,na,na,385,385,na,na,na
Eco Counter GmbH,Stadt Freiburg,751,Wiwilibrücke,100004595,YTH23035971,7.8407526,47.995213,(UTC+01:00) Europe/Paris DST,2013-01-10T15:00:00+01:00,na,na,451,451,na,na,na
Eco Counter GmbH,Stadt Freiburg,751,Wiwilibrücke,100004595,YTH23035971,7.8407526,47.995213,(UTC+01:00) Europe/Paris DST,2013-01-10T16:00:00+01:00,na,na,455,455,na,na,na
Eco Counter GmbH,Stadt Freiburg,751,Wiwilibrücke,100004595,YTH23035971,7.8407526,47.995213,(UTC+01:00) Europe/Paris DST,2013-01-10T17:00:00+01:00,na,na,544,544,na,na,na
Eco Counter GmbH,Stadt Freiburg,751,Wiwilibrücke,100004595,YTH23035971,7.8407526,47.995213,(UTC+01:00) Europe/Paris DST,2013-01-10T18:00:00+01:00,na,na,588,588,na,na,na
Eco Counter GmbH,Stadt Freiburg,751,Wiwilibrücke,100004595,YTH23035971,7.8407526,47.995213,(UTC+01:00) Europe/Paris DST,2013-01-10T19:00:00+01:00,na,na,418,418,na,na,na
Eco Counter GmbH,Stadt Freiburg,751,Wiwilibrücke,100004595,YTH23035971,7.8407526,47.995213,(UTC+01:00) Europe/Paris DST,2013-01-10T20:00:00+01:00,na,na,307,307,na,na,na
Eco Counter GmbH,Stadt Freiburg,751,Wiwilibrücke,100004595,YTH23035971,7.8407526,47.995213,(UTC+01:00) Europe/Paris DST,2013-01-10T21:00:00+01:00,na,na,210,210,na,na,na
Eco Counter GmbH,Stadt Freiburg,751,Wiwilibrücke,100004595,YTH23035971,7.8407526,47.995213,(UTC+01:00) Europe/Paris DST,2013-01-10T22:00:00+01:00,na,na,242,242,na,na,na
Eco Counter GmbH,Stadt Freiburg,751,Wiwilibrücke,100004595,YTH23035971,7.8407526,47.995213,(UTC+01:00) Europe/Paris DST,2013-01-10T23:00:00+01:00,na,na,141,141,na,na,na
Eco Counter GmbH,Stadt Freiburg,751,Wiwilibrücke,100004595,YTH23035971,7.8407526,47.995213,(UTC+01:00) Europe/Paris DST,2013-01-11T00:00:00+01:00,na,na,114,114,na,na,na
Eco Counter GmbH,Stadt Freiburg,751,Wiwilibrücke,100004595,YTH23035971,7.8407526,47.995213,(UTC+01:00) Europe/Paris DST,2013-01-11T01:00:00+01:00,na,na,98,98,na,na,na
Eco Counter GmbH,Stadt Freiburg,751,Wiwilibrücke,100004595,YTH23035971,7.8407526,47.995213,(UTC+01:00) Europe/Paris DST,2013-01-11T02:00:00+01:00,na,na,44,44,na,na,na
Eco Counter GmbH,Stadt Freiburg,751,Wiwilibrücke,100004595,YTH23035971,7.8407526,47.995213,(UTC+01:00) Europe/Paris DST,2013-01-11T03:00:00+01:00,na,na,17,17,na,na,na
Eco Counter GmbH,Stadt Freiburg,751,Wiwilibrücke,100004595,YTH23035971,7.8407526,47.995213,(UTC+01:00) Europe/Paris DST,2013-01-11T04:00:00+01:00,na,na,15,15,na,na,na
Eco Counter GmbH,Stadt Freiburg,751,Wiwilibrücke,100004595,YTH23035971,7.8407526,47.995213,(UTC+01:00) Europe/Paris DST,2013-01-11T05:00:00+01:00,na,na,24,24,na,na,na
Eco Counter GmbH,Stadt Freiburg,751,Wiwilibrücke,100004595,YTH23035971,7.8407526,47.995213,(UTC+01:00) Europe/Paris DST,2013-01-11T06:00:00+01:00,na,na,76,76,na,na,na
Eco Counter GmbH,Stadt Freiburg,751,Wiwilibrücke,100004595,YTH23035971,7.8407526,47.995213,(UTC+01:00) Europe/Paris DST,2013-01-11T07:00:00+01:00,na,na,337,337,na,na,na
Eco Counter GmbH,Stadt Freiburg,751,Wiwilibrücke,100004595,YTH23035971,7.8407526,47.995213,(UTC+01:00) Europe/Paris DST,2013-01-11T08:00:00+01:00,na,na,522,522,na,na,na
Eco Counter GmbH,Stadt Freiburg,751,Wiwilibrücke,100004595,YTH23035971,7.8407526,47.995213,(UTC+01:00) Europe/Paris DST,2013-01-11T09:00:00+01:00,na,na,371,371,na,na,na
Eco Counter GmbH,Stadt Freiburg,751,Wiwilibrücke,100004595,YTH23035971,7.8407526,47.995213,(UTC+01:00) Europe/Paris DST,2013-01-11T10:00:00+01:00,na,na,342,342,na,na,na
Eco Counter GmbH,Stadt Freiburg,751,Wiwilibrücke,100004595,YTH23035971,7.8407526,47.995213,(UTC+01:00) Europe/Paris DST,2013-01-11T11:00:00+01:00,na,na,327,327,na,na,na
Eco Counter GmbH,Stadt Freiburg,751,Wiwilibrücke,100004595,YTH23035971,7.8407526,47.995213,(UTC+01:00) Europe/Paris DST,2013-01-11T12:00:00+01:00,na,na,428,428,na,na,na
Eco Counter GmbH,Stadt Freiburg,751,Wiwilibrücke,100004595,YTH23035971,7.8407526,47.995213,(UTC+01:00) Europe/Paris DST,2013-01-11T13:00:00+01:00,na,na,479,479,na,na,na
Eco Counter GmbH,Stadt Freiburg,751,Wiwilibrücke,100004595,YTH23035971,7.8407526,47.995213,(UTC+01:00) Europe/Paris DST,2013-01-11T14:00:00+01:00,na,na,453,453,na,na,na
Eco Counter GmbH,Stadt Freiburg,751,Wiwilibrücke,100004595,YTH23035971,7.8407526,47.995213,(UTC+01:00) Europe/Paris DST,2013-01-11T15:00:00+01:00,na,na,419,419,na,na,na
Eco Counter GmbH,Stadt Freiburg,751,Wiwilibrücke,100004595,YTH23035971,7.8407526,47.995213,(UTC+01:00) Europe/Paris DST,2013-01-11T16:00:00+01:00,na,na,450,450,na,na,na
Eco Counter GmbH,Stadt Freiburg,751,Wiwilibrücke,100004595,YTH23035971,7.8407526,47.995213,(UTC+01:00) Europe/Paris DST,2013-01-11T17:00:00+01:00,na,na,471,471,na,na,na
Eco Counter GmbH,Stadt Freiburg,751,Wiwilibrücke,100004595,YTH23035971,7.8407526,47.995213,(UTC+01:00) Europe/Paris DST,2013-01-11T18:00:00+01:00,na,na,472,472,na,na,na
Eco Counter GmbH,Stadt Freiburg,751,Wiwilibrücke,100004595,YTH23035971,7.8407526,47.995213,(UTC+01:00) Europe/Paris DST,2013-01-11T19:00:00+01:00,na,na,364,364,na,na,na
Eco Counter GmbH,Stadt Freiburg,751,Wiwilibrücke,100004595,YTH23035971,7.8407526,47.995213,(UTC+01:00) Europe/Paris DST,2013-01-11T20:00:00+01:00,na,na,294,294,na,na,na
Eco Counter GmbH,Stadt Freiburg,751,Wiwilibrücke,100004595,YTH23035971,7.8407526,47.995213,(UTC+01:00) Europe/Paris DST,2013-01-11T21:00:00+01:00,na,na,248,248,na,na,na
Eco Counter GmbH,Stadt Freiburg,751,Wiwilibrücke,100004595,YTH23035971,7.8407526,47.995213,(UTC+01:00) Europe/Paris DST,2013-01-11T22:00:00+01:00,na,na,204,204,na,na,na
Eco Counter GmbH,Stadt Freiburg,751,Wiwilibrücke,100004595,YTH23035971,7.8407526,47.995213,(UTC+01:00) Europe/Paris DST,2013-01-11T23:00:00+01:00,na,na,199,199,na,na,na
Eco Counter GmbH,Stadt Freiburg,751,Wiwilibrücke,100004595,YTH23035971,7.8407526,47.995213,(UTC+01:00) Europe/Paris DST,2013-01-12T00:00:00+01:00,na,na,179,179,na,na,na
Eco Counter GmbH,Stadt Freiburg,751,Wiwilibrücke,100004595,YTH23035971,7.8407526,47.995213,(UTC+01:00) Europe/Paris DST,2013-01-12T01:00:00+01:00,na,na,103,103,na,na,na
Eco Counter GmbH,Stadt Freiburg,751,Wiwilibrücke,100004595,YTH23035971,7.8407526,47.995213,(UTC+01:00) Europe/Paris DST,2013-01-12T02:00:00+01:00,na,na,92,92,na,na,na
Eco Counter GmbH,Stadt Freiburg,751,Wiwilibrücke,100004595,YTH23035971,7.8407526,47.995213,(UTC+01:00) Europe/Paris DST,2013-01-12T03:00:00+01:00,na,na,79,79,na,na,na
Eco Counter GmbH,Stadt Freiburg,751,Wiwilibrücke,100004595,YTH23035971,7.8407526,47.995213,(UTC+01:00) Europe/Paris DST,2013-01-12T04:00:00+01:00,na,na,31,31,na,na,na
Eco Counter GmbH,Stadt Freiburg,751,Wiwilibrücke,100004595,YTH23035971,7.8407526,47.995213,(UTC+01:00) Europe/Paris DST,2013-01-12T05:00:00+01:00,na,na,32,32,na,na,na
Eco Counter GmbH,Stadt Freiburg,751,Wiwilibrücke,100004595,YTH23035971,7.8407526,47.995213,(UTC+01:00) Europe/Paris DST,2013-01-12T06:00:00+01:00,na,na,29,29,na,na,na
Eco Counter GmbH,Stadt Freiburg,751,Wiwilibrücke,100004595,YTH23035971,7.8407526,47.995213,(UTC+01:00) Europe/Paris DST,2013-01-12T07:00:00+01:00,na,na,38,38,na,na,na
Eco Counter GmbH,Stadt Freiburg,751,Wiwilibrücke,100004595,YTH23035971,7.8407526,47.995213,(UTC+01:00) Europe/Paris DST,2013-01-12T08:00:00+01:00,na,na,63,63,na,na,na
Eco Counter GmbH,Stadt Freiburg,751,Wiwilibrücke,100004595,YTH23035971,7.8407526,47.995213,(UTC+01:00) Europe/Paris DST,2013-01-12T09:00:00+01:00,na,na,202,202,na,na,na
Eco Counter GmbH,Stadt Freiburg,751,Wiwilibrücke,100004595,YTH23035971,7.8407526,47.995213,(UTC+01:00) Europe/Paris DST,2013-01-12T10:00:00+01:00,na,na,266,266,na,na,na
Eco Counter GmbH,Stadt Freiburg,751,Wiwilibrücke,100004595,YTH23035971,7.8407526,47.995213,(UTC+01:00) Europe/Paris DST,2013-01-12T11:00:00+01:00,na,na,354,354,na,na,na
Eco Counter GmbH,Stadt Freiburg,751,Wiwilibrücke,100004595,YTH23035971,7.8407526,47.995213,(UTC+01:00) Europe/Paris DST,2013-01-12T12:00:00+01:00,na,na,457,457,na,na,na
Eco Counter GmbH,Stadt Freiburg,751,Wiwilibrücke,100004595,YTH23035971,7.8407526,47.995213,(UTC+01:00) Europe/Paris DST,2013-01-12T13:00:00+01:00,na,na,421,421,na,na,na
Eco Counter GmbH,Stadt Freiburg,751,Wiwilibrücke,100004595,YTH23035971,7.8407526,47.995213,(UTC+01:00) Europe/Paris DST,2013-01-12T14:00:00+01:00,na,na,373,373,na,na,na
Eco Counter GmbH,Stadt Freiburg,751,Wiwilibrücke,100004595,YTH23035971,7.8407526,47.995213,(UTC+01:00) Europe/Paris DST,2013-01-12T15:00:00+01:00,na,na,352,352,na,na,na
Eco Counter GmbH,Stadt Freiburg,751,Wiwilibrücke,100004595,YTH23035971,7.8407526,47.995213,(UTC+01:00) Europe/Paris DST,2013-01-12T16:00:00+01:00,na,na,288,288,na,na,na
Eco Counter GmbH,Stadt Freiburg,751,Wiwilibrücke,100004595,YTH23035971,7.8407526,47.995213,(UTC+01:00) Europe/Paris DST,2013-01-12T17:00:00+01:00,na,na,297,297,na,na,na
Eco Counter GmbH,Stadt Freiburg,751,Wiwilibrücke,100004595,YTH23035971,7.8407526,47.995213,(UTC+01:00) Europe/Paris DST,2013-01-12T18:00:00+01:00,na,na,249,249,na,na,na
Eco Counter GmbH,Stadt Freiburg,751,Wiwilibrücke,100004595,YTH23035971,7.8407526,47.995213,(UTC+01:00) Europe/Paris DST,2013-01-12T19:00:00+01:00,na,na,297,297,na,na,na
Eco Counter GmbH,Stadt Freiburg,751,Wiwilibrücke,100004595,YTH23035971,7.8407526,47.995213,(UTC+01:00) Europe/Paris DST,2013-01-12T20:00:00+01:00,na,na,248,248,na,na,na
Eco Counter GmbH,Stadt Freiburg,751,Wiwilibrücke,100004595,YTH23035971,7.8407526,47.995213,(UTC+01:00) Europe/Paris DST,2013-01-12T21:00:00+01:00,na,na,188,188,na,na,na
Eco Counter GmbH,Stadt Freiburg,751,Wiwilibrücke,100004595,YTH23035971,7.8407526,47.995213,(UTC+01:00) Europe/Paris DST,2013-01-12T22:00:00+01:00,na,na,171,171,na,na,na
Eco Counter GmbH,Stadt Freiburg,751,Wiwilibrücke,100004595,YTH23035971,7.8407526,47.995213,(UTC+01:00) Europe/Paris DST,2013-01-12T23:00:00+01:00,na,na,201,201,na,na,na
Eco Counter GmbH,Stadt Freiburg,751,Wiwilibrücke,100004595,YTH23035971,7.8407526,47.995213,(UTC+01:00) Europe/Paris DST,2013-01-13T00:00:00+01:00,na,na,188,188,na,na,na
Eco Counter GmbH,Stadt Freiburg,751,Wiwilibrücke,100004595,YTH23035971,7.8407526,47.995213,(UTC+01:00) Europe/Paris DST,2013-01-13T01:00:00+01:00,na,na,168,168,na,na,na
Eco Counter GmbH,Stadt Freiburg,751,Wiwilibrücke,100004595,YTH23035971,7.8407526,47.995213,(UTC+01:00) Europe/Paris DST,2013-01-13T02:00:00+01:00,na,na,112,112,na,na,na
Eco Counter GmbH,Stadt Freiburg,751,Wiwilibrücke,100004595,YTH23035971,7.8407526,47.995213,(UTC+01:00) Europe/Paris DST,2013-01-13T03:00:00+01:00,na,na,87,87,na,na,na
Eco Counter GmbH,Stadt Freiburg,751,Wiwilibrücke,100004595,YTH23035971,7.8407526,47.995213,(UTC+01:00) Europe/Paris DST,2013-01-13T04:00:00+01:00,na,na,63,63,na,na,na
Eco Counter GmbH,Stadt Freiburg,751,Wiwilibrücke,100004595,YTH23035971,7.8407526,47.995213,(UTC+01:00) Europe/Paris DST,2013-01-13T05:00:00+01:00,na,na,54,54,na,na,na
Eco Counter GmbH,Stadt Freiburg,751,Wiwilibrücke,100004595,YTH23035971,7.8407526,47.995213,(UTC+01:00) Europe/Paris DST,2013-01-13T06:00:00+01:00,na,na,14,14,na,na,na
Eco Counter GmbH,Stadt Freiburg,751,Wiwilibrücke,100004595,YTH23035971,7.8407526,47.995213,(UTC+01:00) Europe/Paris DST,2013-01-13T07:00:00+01:00,na,na,21,21,na,na,na
Eco Counter GmbH,Stadt Freiburg,751,Wiwilibrücke,100004595,YTH23035971,7.8407526,47.995213,(UTC+01:00) Europe/Paris DST,2013-01-13T08:00:00+01:00,na,na,25,25,na,na,na
Eco Counter GmbH,Stadt Freiburg,751,Wiwilibrücke,100004595,YTH23035971,7.8407526,47.995213,(UTC+01:00) Europe/Paris DST,2013-01-13T09:00:00+01:00,na,na,68,68,na,na,na
Eco Counter GmbH,Stadt Freiburg,751,Wiwilibrücke,100004595,YTH23035971,7.8407526,47.995213,(UTC+01:00) Europe/Paris DST,2013-01-13T10:00:00+01:00,na,na,79,79,na,na,na
Eco Counter GmbH,Stadt Freiburg,751,Wiwilibrücke,100004595,YTH23035971,7.8407526,47.995213,(UTC+01:00) Europe/Paris DST,2013-01-13T11:00:00+01:00,na,na,104,104,na,na,na
Eco Counter GmbH,Stadt Freiburg,751,Wiwilibrücke,100004595,YTH23035971,7.8407526,47.995213,(UTC+01:00) Europe/Paris DST,2013-01-13T12:00:00+01:00,na,na,91,91,na,na,na
Eco Counter GmbH,Stadt Freiburg,751,Wiwilibrücke,100004595,YTH23035971,7.8407526,47.995213,(UTC+01:00) Europe/Paris DST,2013-01-13T13:00:00+01:00,na,na,158,158,na,na,na
Eco Counter GmbH,Stadt Freiburg,751,Wiwilibrücke,100004595,YTH23035971,7.8407526,47.995213,(UTC+01:00) Europe/Paris DST,2013-01-13T14:00:00+01:00,na,na,192,192,na,na,na
Eco Counter GmbH,Stadt Freiburg,751,Wiwilibrücke,100004595,YTH23035971,7.8407526,47.995213,(UTC+01:00) Europe/Paris DST,2013-01-13T15:00:00+01:00,na,na,150,150,na,na,na
Eco Counter GmbH,Stadt Freiburg,751,Wiwilibrücke,100004595,YTH23035971,7.8407526,47.995213,(UTC+01:00) Europe/Paris DST,2013-01-13T16:00:00+01:00,na,na,141,141,na,na,na
Eco Counter GmbH,Stadt Freiburg,751,Wiwilibrücke,100004595,YTH23035971,7.8407526,47.995213,(UTC+01:00) Europe/Paris DST,2013-01-13T17:00:00+01:00,na,na,167,167,na,na,na
Eco Counter GmbH,Stadt Freiburg,751,Wiwilibrücke,100004595,YTH23035971,7.8407526,47.995213,(UTC+01:00) Europe/Paris DST,2013-01-13T18:00:00+01:00,na,na,206,206,na,na,na
Eco Counter GmbH,Stadt Freiburg,751,Wiwilibrücke,100004595,YTH23035971,7.8407526,47.995213,(UTC+01:00) Europe/Paris DST,2013-01-13T19:00:00+01:00,na,na,179,179,na,na,na
Eco Counter GmbH,Stadt Freiburg,751,Wiwilibrücke,100004595,YTH23035971,7.8407526,47.995213,(UTC+01:00) Europe/Paris DST,2013-01-13T20:00:00+01:00,na,na,133,133,na,na,na
Eco Counter GmbH,Stadt Freiburg,751,Wiwilibrücke,100004595,YTH23035971,7.8407526,47.995213,(UTC+01:00) Europe/Paris DST,2013-01-13T21:00:00+01:00,na,na,115,115,na,na,na
Eco Counter GmbH,Stadt Freiburg,751,Wiwilibrücke,100004595,YTH23035971,7.8407526,47.995213,(UTC+01:00) Europe/Paris DST,2013-01-13T22:00:00+01:00,na,na,116,116,na,na,na
Eco Counter GmbH,Stadt Freiburg,751,Wiwilibrücke,100004595,YTH23035971,7.8407526,47.995213,(UTC+01:00) Europe/Paris DST,2013-01-13T23:00:00+01:00,na,na,65,65,na,na,na
Eco Counter GmbH,Stadt Freiburg,751,Wiwilibrücke,100004595,YTH23035971,7.8407526,47.995213,(UTC+01:00) Europe/Paris DST,2013-01-14T00:00:00+01:00,na,na,52,52,na,na,na
Eco Counter GmbH,Stadt Freiburg,751,Wiwilibrücke,100004595,YTH23035971,7.8407526,47.995213,(UTC+01:00) Europe/Paris DST,2013-01-14T01:00:00+01:00,na,na,16,16,na,na,na
Eco Counter GmbH,Stadt Freiburg,751,Wiwilibrücke,100004595,YTH23035971,7.8407526,47.995213,(UTC+01:00) Europe/Paris DST,2013-01-14T02:00:00+01:00,na,na,9,9,na,na,na
Eco Counter GmbH,Stadt Freiburg,751,Wiwilibrücke,100004595,YTH23035971,7.8407526,47.995213,(UTC+01:00) Europe/Paris DST,2013-01-14T03:00:00+01:00,na,na,4,4,na,na,na
Eco Counter GmbH,Stadt Freiburg,751,Wiwilibrücke,100004595,YTH23035971,7.8407526,47.995213,(UTC+01:00) Europe/Paris DST,2013-01-14T04:00:00+01:00,na,na,1,1,na,na,na
Eco Counter GmbH,Stadt Freiburg,751,Wiwilibrücke,100004595,YTH23035971,7.8407526,47.995213,(UTC+01:00) Europe/Paris DST,2013-01-14T05:00:00+01:00,na,na,19,19,na,na,na
Eco Counter GmbH,Stadt Freiburg,751,Wiwilibrücke,100004595,YTH23035971,7.8407526,47.995213,(UTC+01:00) Europe/Paris DST,2013-01-14T06:00:00+01:00,na,na,91,91,na,na,na
Eco Counter GmbH,Stadt Freiburg,751,Wiwilibrücke,100004595,YTH23035971,7.8407526,47.995213,(UTC+01:00) Europe/Paris DST,2013-01-14T07:00:00+01:00,na,na,368,368,na,na,na
Eco Counter GmbH,Stadt Freiburg,751,Wiwilibrücke,100004595,YTH23035971,7.8407526,47.995213,(UTC+01:00) Europe/Paris DST,2013-01-14T08:00:00+01:00,na,na,578,578,na,na,na
Eco Counter GmbH,Stadt Freiburg,751,Wiwilibrücke,100004595,YTH23035971,7.8407526,47.995213,(UTC+01:00) Europe/Paris DST,2013-01-14T09:00:00+01:00,na,na,408,408,na,na,na
Eco Counter GmbH,Stadt Freiburg,751,Wiwilibrücke,100004595,YTH23035971,7.8407526,47.995213,(UTC+01:00) Europe/Paris DST,2013-01-14T10:00:00+01:00,na,na,308,308,na,na,na
Eco Counter GmbH,Stadt Freiburg,751,Wiwilibrücke,100004595,YTH23035971,7.8407526,47.995213,(UTC+01:00) Europe/Paris DST,2013-01-14T11:00:00+01:00,na,na,264,264,na,na,na
Eco Counter GmbH,Stadt Freiburg,751,Wiwilibrücke,100004595,YTH23035971,7.8407526,47.995213,(UTC+01:00) Europe/Paris DST,2013-01-14T12:00:00+01:00,na,na,383,383,na,na,na
Eco Counter GmbH,Stadt Freiburg,751,Wiwilibrücke,100004595,YTH23035971,7.8407526,47.995213,(UTC+01:00) Europe/Paris DST,2013-01-14T13:00:00+01:00,na,na,447,447,na,na,na
Eco Counter GmbH,Stadt Freiburg,751,Wiwilibrücke,100004595,YTH23035971,7.8407526,47.995213,(UTC+01:00) Europe/Paris DST,2013-01-14T14:00:00+01:00,na,na,337,337,na,na,na
Eco Counter GmbH,Stadt Freiburg,751,Wiwilibrücke,100004595,YTH23035971,7.8407526,47.995213,(UTC+01:00) Europe/Paris DST,2013-01-14T15:00:00+01:00,na,na,339,339,na,na,na
Eco Counter GmbH,Stadt Freiburg,751,Wiwilibrücke,100004595,YTH23035971,7.8407526,47.995213,(UTC+01:00) Europe/Paris DST,2013-01-14T16:00:00+01:00,na,na,424,424,na,na,na
Eco Counter GmbH,Stadt Freiburg,751,Wiwilibrücke,100004595,YTH23035971,7.8407526,47.995213,(UTC+01:00) Europe/Paris DST,2013-01-14T17:00:00+01:00,na,na,513,513,na,na,na
Eco Counter GmbH,Stadt Freiburg,751,Wiwilibrücke,100004595,YTH23035971,7.8407526,47.995213,(UTC+01:00) Europe/Paris DST,2013-01-14T18:00:00+01:00,na,na,538,538,na,na,na
Eco Counter GmbH,Stadt Freiburg,751,Wiwilibrücke,100004595,YTH23035971,7.8407526,47.995213,(UTC+01:00) Europe/Paris DST,2013-01-14T19:00:00+01:00,na,na,429,429,na,na,na
Eco Counter GmbH,Stadt Freiburg,751,Wiwilibrücke,100004595,YTH23035971,7.8407526,47.995213,(UTC+01:00) Europe/Paris DST,2013-01-14T20:00:00+01:00,na,na,278,278,na,na,na
Eco Counter GmbH,Stadt Freiburg,751,Wiwilibrücke,100004595,YTH23035971,7.8407526,47.995213,(UTC+01:00) Europe/Paris DST,2013-01-14T21:00:00+01:00,na,na,188,188,na,na,na
Eco Counter GmbH,Stadt Freiburg,751,Wiwilibrücke,100004595,YTH23035971,7.8407526,47.995213,(UTC+01:00) Europe/Paris DST,2013-01-14T22:00:00+01:00,na,na,199,199,na,na,na
Eco Counter GmbH,Stadt Freiburg,751,Wiwilibrücke,100004595,YTH23035971,7.8407526,47.995213,(UTC+01:00) Europe/Paris DST,2013-01-14T23:00:00+01:00,na,na,85,85,na,na,na
Eco Counter GmbH,Stadt Freiburg,751,Wiwilibrücke,100004595,YTH23035971,7.8407526,47.995213,(UTC+01:00) Europe/Paris DST,2013-01-15T00:00:00+01:00,na,na,69,69,na,na,na
Eco Counter GmbH,Stadt Freiburg,751,Wiwilibrücke,100004595,YTH23035971,7.8407526,47.995213,(UTC+01:00) Europe/Paris DST,2013-01-15T01:00:00+01:00,na,na,28,28,na,na,na
Eco Counter GmbH,Stadt Freiburg,751,Wiwilibrücke,100004595,YTH23035971,7.8407526,47.995213,(UTC+01:00) Europe/Paris DST,2013-01-15T02:00:00+01:00,na,na,20,20,na,na,na
Eco Counter GmbH,Stadt Freiburg,751,Wiwilibrücke,100004595,YTH23035971,7.8407526,47.995213,(UTC+01:00) Europe/Paris DST,2013-01-15T03:00:00+01:00,na,na,7,7,na,na,na
Eco Counter GmbH,Stadt Freiburg,751,Wiwilibrücke,100004595,YTH23035971,7.8407526,47.995213,(UTC+01:00) Europe/Paris DST,2013-01-15T04:00:00+01:00,na,na,2,2,na,na,na
Eco Counter GmbH,Stadt Freiburg,751,Wiwilibrücke,100004595,YTH23035971,7.8407526,47.995213,(UTC+01:00) Europe/Paris DST,2013-01-15T05:00:00+01:00,na,na,18,18,na,na,na
Eco Counter GmbH,Stadt Freiburg,751,Wiwilibrücke,100004595,YTH23035971,7.8407526,47.995213,(UTC+01:00) Europe/Paris DST,2013-01-15T06:00:00+01:00,na,na,91,91,na,na,na
Eco Counter GmbH,Stadt Freiburg,751,Wiwilibrücke,100004595,YTH23035971,7.8407526,47.995213,(UTC+01:00) Europe/Paris DST,2013-01-15T07:00:00+01:00,na,na,340,340,na,na,na
Eco Counter GmbH,Stadt Freiburg,751,Wiwilibrücke,100004595,YTH23035971,7.8407526,47.995213,(UTC+01:00) Europe/Paris DST,2013-01-15T08:00:00+01:00,na,na,567,567,na,na,na
Eco Counter GmbH,Stadt Freiburg,751,Wiwilibrücke,100004595,YTH23035971,7.8407526,47.995213,(UTC+01:00) Europe/Paris DST,2013-01-15T09:00:00+01:00,na,na,413,413,na,na,na
Eco Counter GmbH,Stadt Freiburg,751,Wiwilibrücke,100004595,YTH23035971,7.8407526,47.995213,(UTC+01:00) Europe/Paris DST,2013-01-15T10:00:00+01:00,na,na,285,285,na,na,na
Eco Counter GmbH,Stadt Freiburg,751,Wiwilibrücke,100004595,YTH23035971,7.8407526,47.995213,(UTC+01:00) Europe/Paris DST,2013-01-15T11:00:00+01:00,na,na,242,242,na,na,na
Eco Counter GmbH,Stadt Freiburg,751,Wiwilibrücke,100004595,YTH23035971,7.8407526,47.995213,(UTC+01:00) Europe/Paris DST,2013-01-15T12:00:00+01:00,na,na,328,328,na,na,na
Eco Counter GmbH,Stadt Freiburg,751,Wiwilibrücke,100004595,YTH23035971,7.8407526,47.995213,(UTC+01:00) Europe/Paris DST,2013-01-15T13:00:00+01:00,na,na,423,423,na,na,na
Eco Counter GmbH,Stadt Freiburg,751,Wiwilibrücke,100004595,YTH23035971,7.8407526,47.995213,(UTC+01:00) Europe/Paris DST,2013-01-15T14:00:00+01:00,na,na,346,346,na,na,na
Eco Counter GmbH,Stadt Freiburg,751,Wiwilibrücke,100004595,YTH23035971,7.8407526,47.995213,(UTC+01:00) Europe/Paris DST,2013-01-15T15:00:00+01:00,na,na,329,329,na,na,na
Eco Counter GmbH,Stadt Freiburg,751,Wiwilibrücke,100004595,YTH23035971,7.8407526,47.995213,(UTC+01:00) Europe/Paris DST,2013-01-15T16:00:00+01:00,na,na,412,412,na,na,na
Eco Counter GmbH,Stadt Freiburg,751,Wiwilibrücke,100004595,YTH23035971,7.8407526,47.995213,(UTC+01:00) Europe/Paris DST,2013-01-15T17:00:00+01:00,na,na,492,492,na,na,na
Eco Counter GmbH,Stadt Freiburg,751,Wiwilibrücke,100004595,YTH23035971,7.8407526,47.995213,(UTC+01:00) Europe/Paris DST,2013-01-15T18:00:00+01:00,na,na,565,565,na,na,na
Eco Counter GmbH,Stadt Freiburg,751,Wiwilibrücke,100004595,YTH23035971,7.8407526,47.995213,(UTC+01:00) Europe/Paris DST,2013-01-15T19:00:00+01:00,na,na,473,473,na,na,na
Eco Counter GmbH,Stadt Freiburg,751,Wiwilibrücke,100004595,YTH23035971,7.8407526,47.995213,(UTC+01:00) Europe/Paris DST,2013-01-15T20:00:00+01:00,na,na,317,317,na,na,na
Eco Counter GmbH,Stadt Freiburg,751,Wiwilibrücke,100004595,YTH23035971,7.8407526,47.995213,(UTC+01:00) Europe/Paris DST,2013-01-15T21:00:00+01:00,na,na,188,188,na,na,na
Eco Counter GmbH,Stadt Freiburg,751,Wiwilibrücke,100004595,YTH23035971,7.8407526,47.995213,(UTC+01:00) Europe/Paris DST,2013-01-15T22:00:00+01:00,na,na,222,222,na,na,na
Eco Counter GmbH,Stadt Freiburg,751,Wiwilibrücke,100004595,YTH23035971,7.8407526,47.995213,(UTC+01:00) Europe/Paris DST,2013-01-15T23:00:00+01:00,na,na,148,148,na,na,na
Eco Counter GmbH,Stadt Freiburg,751,Wiwilibrücke,100004595,YTH23035971,7.8407526,47.995213,(UTC+01:00) Europe/Paris DST,2013-01-16T00:00:00+01:00,na,na,96,96,na,na,na
Eco Counter GmbH,Stadt Freiburg,751,Wiwilibrücke,100004595,YTH23035971,7.8407526,47.995213,(UTC+01:00) Europe/Paris DST,2013-01-16T01:00:00+01:00,na,na,39,39,na,na,na
Eco Counter GmbH,Stadt Freiburg,751,Wiwilibrücke,100004595,YTH23035971,7.8407526,47.995213,(UTC+01:00) Europe/Paris DST,2013-01-16T02:00:00+01:00,na,na,20,20,na,na,na
Eco Counter GmbH,Stadt Freiburg,751,Wiwilibrücke,100004595,YTH23035971,7.8407526,47.995213,(UTC+01:00) Europe/Paris DST,2013-01-16T03:00:00+01:00,na,na,5,5,na,na,na
Eco Counter GmbH,Stadt Freiburg,751,Wiwilibrücke,100004595,YTH23035971,7.8407526,47.995213,(UTC+01:00) Europe/Paris DST,2013-01-16T04:00:00+01:00,na,na,8,8,na,na,na
Eco Counter GmbH,Stadt Freiburg,751,Wiwilibrücke,100004595,YTH23035971,7.8407526,47.995213,(UTC+01:00) Europe/Paris DST,2013-01-16T05:00:00+01:00,na,na,20,20,na,na,na
Eco Counter GmbH,Stadt Freiburg,751,Wiwilibrücke,100004595,YTH23035971,7.8407526,47.995213,(UTC+01:00) Europe/Paris DST,2013-01-16T06:00:00+01:00,na,na,84,84,na,na,na
Eco Counter GmbH,Stadt Freiburg,751,Wiwilibrücke,100004595,YTH23035971,7.8407526,47.995213,(UTC+01:00) Europe/Paris DST,2013-01-16T07:00:00+01:00,na,na,286,286,na,na,na
Eco Counter GmbH,Stadt Freiburg,751,Wiwilibrücke,100004595,YTH23035971,7.8407526,47.995213,(UTC+01:00) Europe/Paris DST,2013-01-16T08:00:00+01:00,na,na,515,515,na,na,na
Eco Counter GmbH,Stadt Freiburg,751,Wiwilibrücke,100004595,YTH23035971,7.8407526,47.995213,(UTC+01:00) Europe/Paris DST,2013-01-16T09:00:00+01:00,na,na,325,325,na,na,na
Eco Counter GmbH,Stadt Freiburg,751,Wiwilibrücke,100004595,YTH23035971,7.8407526,47.995213,(UTC+01:00) Europe/Paris DST,2013-01-16T10:00:00+01:00,na,na,307,307,na,na,na
Eco Counter GmbH,Stadt Freiburg,751,Wiwilibrücke,100004595,YTH23035971,7.8407526,47.995213,(UTC+01:00) Europe/Paris DST,2013-01-16T11:00:00+01:00,na,na,276,276,na,na,na
Eco Counter GmbH,Stadt Freiburg,751,Wiwilibrücke,100004595,YTH23035971,7.8407526,47.995213,(UTC+01:00) Europe/Paris DST,2013-01-16T12:00:00+01:00,na,na,367,367,na,na,na
Eco Counter GmbH,Stadt Freiburg,751,Wiwilibrücke,100004595,YTH23035971,7.8407526,47.995213,(UTC+01:00) Europe/Paris DST,2013-01-16T13:00:00+01:00,na,na,411,411,na,na,na
Eco Counter GmbH,Stadt Freiburg,751,Wiwilibrücke,100004595,YTH23035971,7.8407526,47.995213,(UTC+01:00) Europe/Paris DST,2013-01-16T14:00:00+01:00,na,na,354,354,na,na,na
Eco Counter GmbH,Stadt Freiburg,751,Wiwilibrücke,100004595,YTH23035971,7.8407526,47.995213,(UTC+01:00) Europe/Paris DST,2013-01-16T15:00:00+01:00,na,na,357,357,na,na,na
Eco Counter GmbH,Stadt Freiburg,751,Wiwilibrücke,100004595,YTH23035971,7.8407526,47.995213,(UTC+01:00) Europe/Paris DST,2013-01-16T16:00:00+01:00,na,na,433,433,na,na,na
Eco Counter GmbH,Stadt Freiburg,751,Wiwilibrücke,100004595,YTH23035971,7.8407526,47.995213,(UTC+01:00) Europe/Paris DST,2013-01-16T17:00:00+01:00,na,na,497,497,na,na,na
Eco Counter GmbH,Stadt Freiburg,751,Wiwilibrücke,100004595,YTH23035971,7.8407526,47.995213,(UTC+01:00) Europe/Paris DST,2013-01-16T18:00:00+01:00,na,na,455,455,na,na,na
Eco Counter GmbH,Stadt Freiburg,751,Wiwilibrücke,100004595,YTH23035971,7.8407526,47.995213,(UTC+01:00) Europe/Paris DST,2013-01-16T19:00:00+01:00,na,na,416,416,na,na,na
Eco Counter GmbH,Stadt Freiburg,751,Wiwilibrücke,100004595,YTH23035971,7.8407526,47.995213,(UTC+01:00) Europe/Paris DST,2013-01-16T20:00:00+01:00,na,na,312,312,na,na,na
Eco Counter GmbH,Stadt Freiburg,751,Wiwilibrücke,100004595,YTH23035971,7.8407526,47.995213,(UTC+01:00) Europe/Paris DST,2013-01-16T21:00:00+01:00,na,na,199,199,na,na,na
Eco Counter GmbH,Stadt Freiburg,751,Wiwilibrücke,100004595,YTH23035971,7.8407526,47.995213,(UTC+01:00) Europe/Paris DST,2013-01-16T22:00:00+01:00,na,na,183,183,na,na,na
Eco Counter GmbH,Stadt Freiburg,751,Wiwilibrücke,100004595,YTH23035971,7.8407526,47.995213,(UTC+01:00) Europe/Paris DST,2013-01-16T23:00:00+01:00,na,na,129,129,na,na,na
Eco Counter GmbH,Stadt Freiburg,751,Wiwilibrücke,100004595,YTH23035971,7.8407526,47.995213,(UTC+01:00) Europe/Paris DST,2013-01-17T00:00:00+01:00,na,na,64,64,na,na,na
Eco Counter GmbH,Stadt Freiburg,751,Wiwilibrücke,100004595,YTH23035971,7.8407526,47.995213,(UTC+01:00) Europe/Paris DST,2013-01-17T01:00:00+01:00,na,na,31,31,na,na,na
Eco Counter GmbH,Stadt Freiburg,751,Wiwilibrücke,100004595,YTH23035971,7.8407526,47.995213,(UTC+01:00) Europe/Paris DST,2013-01-17T02:00:00+01:00,na,na,24,24,na,na,na
Eco Counter GmbH,Stadt Freiburg,751,Wiwilibrücke,100004595,YTH23035971,7.8407526,47.995213,(UTC+01:00) Europe/Paris DST,2013-01-17T03:00:00+01:00,na,na,7,7,na,na,na
Eco Counter GmbH,Stadt Freiburg,751,Wiwilibrücke,100004595,YTH23035971,7.8407526,47.995213,(UTC+01:00) Europe/Paris DST,2013-01-17T04:00:00+01:00,na,na,5,5,na,na,na
Eco Counter GmbH,Stadt Freiburg,751,Wiwilibrücke,100004595,YTH23035971,7.8407526,47.995213,(UTC+01:00) Europe/Paris DST,2013-01-17T05:00:00+01:00,na,na,24,24,na,na,na
Eco Counter GmbH,Stadt Freiburg,751,Wiwilibrücke,100004595,YTH23035971,7.8407526,47.995213,(UTC+01:00) Europe/Paris DST,2013-01-17T06:00:00+01:00,na,na,57,57,na,na,na
Eco Counter GmbH,Stadt Freiburg,751,Wiwilibrücke,100004595,YTH23035971,7.8407526,47.995213,(UTC+01:00) Europe/Paris DST,2013-01-17T07:00:00+01:00,na,na,242,242,na,na,na
Eco Counter GmbH,Stadt Freiburg,751,Wiwilibrücke,100004595,YTH23035971,7.8407526,47.995213,(UTC+01:00) Europe/Paris DST,2013-01-17T08:00:00+01:00,na,na,435,435,na,na,na
Eco Counter GmbH,Stadt Freiburg,751,Wiwilibrücke,100004595,YTH23035971,7.8407526,47.995213,(UTC+01:00) Europe/Paris DST,2013-01-17T09:00:00+01:00,na,na,263,263,na,na,na
Eco Counter GmbH,Stadt Freiburg,751,Wiwilibrücke,100004595,YTH23035971,7.8407526,47.995213,(UTC+01:00) Europe/Paris DST,2013-01-17T10:00:00+01:00,na,na,235,235,na,na,na
Eco Counter GmbH,Stadt Freiburg,751,Wiwilibrücke,100004595,YTH23035971,7.8407526,47.995213,(UTC+01:00) Europe/Paris DST,2013-01-17T11:00:00+01:00,na,na,153,153,na,na,na
Eco Counter GmbH,Stadt Freiburg,751,Wiwilibrücke,100004595,YTH23035971,7.8407526,47.995213,(UTC+01:00) Europe/Paris DST,2013-01-17T12:00:00+01:00,na,na,240,240,na,na,na
Eco Counter GmbH,Stadt Freiburg,751,Wiwilibrücke,100004595,YTH23035971,7.8407526,47.995213,(UTC+01:00) Europe/Paris DST,2013-01-17T13:00:00+01:00,na,na,265,265,na,na,na
Eco Counter GmbH,Stadt Freiburg,751,Wiwilibrücke,100004595,YTH23035971,7.8407526,47.995213,(UTC+01:00) Europe/Paris DST,2013-01-17T14:00:00+01:00,na,na,254,254,na,na,na
Eco Counter GmbH,Stadt Freiburg,751,Wiwilibrücke,100004595,YTH23035971,7.8407526,47.995213,(UTC+01:00) Europe/Paris DST,2013-01-17T15:00:00+01:00,na,na,231,231,na,na,na
Eco Counter GmbH,Stadt Freiburg,751,Wiwilibrücke,100004595,YTH23035971,7.8407526,47.995213,(UTC+01:00) Europe/Paris DST,2013-01-17T16:00:00+01:00,na,na,285,285,na,na,na
Eco Counter GmbH,Stadt Freiburg,751,Wiwilibrücke,100004595,YTH23035971,7.8407526,47.995213,(UTC+01:00) Europe/Paris DST,2013-01-17T17:00:00+01:00,na,na,290,290,na,na,na
Eco Counter GmbH,Stadt Freiburg,751,Wiwilibrücke,100004595,YTH23035971,7.8407526,47.995213,(UTC+01:00) Europe/Paris DST,2013-01-17T18:00:00+01:00,na,na,298,298,na,na,na
Eco Counter GmbH,Stadt Freiburg,751,Wiwilibrücke,100004595,YTH23035971,7.8407526,47.995213,(UTC+01:00) Europe/Paris DST,2013-01-17T19:00:00+01:00,na,na,251,251,na,na,na
Eco Counter GmbH,Stadt Freiburg,751,Wiwilibrücke,100004595,YTH23035971,7.8407526,47.995213,(UTC+01:00) Europe/Paris DST,2013-01-17T20:00:00+01:00,na,na,169,169,na,na,na
Eco Counter GmbH,Stadt Freiburg,751,Wiwilibrücke,100004595,YTH23035971,7.8407526,47.995213,(UTC+01:00) Europe/Paris DST,2013-01-17T21:00:00+01:00,na,na,108,108,na,na,na
Eco Counter GmbH,Stadt Freiburg,751,Wiwilibrücke,100004595,YTH23035971,7.8407526,47.995213,(UTC+01:00) Europe/Paris DST,2013-01-17T22:00:00+01:00,na,na,154,154,na,na,na
Eco Counter GmbH,Stadt Freiburg,751,Wiwilibrücke,100004595,YTH23035971,7.8407526,47.995213,(UTC+01:00) Europe/Paris DST,2013-01-17T23:00:00+01:00,na,na,95,95,na,na,na
Eco Counter GmbH,Stadt Freiburg,751,Wiwilibrücke,100004595,YTH23035971,7.8407526,47.995213,(UTC+01:00) Europe/Paris DST,2013-01-18T00:00:00+01:00,na,na,59,59,na,na,na
Eco Counter GmbH,Stadt Freiburg,751,Wiwilibrücke,100004595,YTH23035971,7.8407526,47.995213,(UTC+01:00) Europe/Paris DST,2013-01-18T01:00:00+01:00,na,na,26,26,na,na,na
Eco Counter GmbH,Stadt Freiburg,751,Wiwilibrücke,100004595,YTH23035971,7.8407526,47.995213,(UTC+01:00) Europe/Paris DST,2013-01-18T02:00:00+01:00,na,na,23,23,na,na,na
Eco Counter GmbH,Stadt Freiburg,751,Wiwilibrücke,100004595,YTH23035971,7.8407526,47.995213,(UTC+01:00) Europe/Paris DST,2013-01-18T03:00:00+01:00,na,na,9,9,na,na,na
Eco Counter GmbH,Stadt Freiburg,751,Wiwilibrücke,100004595,YTH23035971,7.8407526,47.995213,(UTC+01:00) Europe/Paris DST,2013-01-18T04:00:00+01:00,na,na,5,5,na,na,na
Eco Counter GmbH,Stadt Freiburg,751,Wiwilibrücke,100004595,YTH23035971,7.8407526,47.995213,(UTC+01:00) Europe/Paris DST,2013-01-18T05:00:00+01:00,na,na,14,14,na,na,na
Eco Counter GmbH,Stadt Freiburg,751,Wiwilibrücke,100004595,YTH23035971,7.8407526,47.995213,(UTC+01:00) Europe/Paris DST,2013-01-18T06:00:00+01:00,na,na,69,69,na,na,na
Eco Counter GmbH,Stadt Freiburg,751,Wiwilibrücke,100004595,YTH23035971,7.8407526,47.995213,(UTC+01:00) Europe/Paris DST,2013-01-18T07:00:00+01:00,na,na,196,196,na,na,na
Eco Counter GmbH,Stadt Freiburg,751,Wiwilibrücke,100004595,YTH23035971,7.8407526,47.995213,(UTC+01:00) Europe/Paris DST,2013-01-18T08:00:00+01:00,na,na,327,327,na,na,na
Eco Counter GmbH,Stadt Freiburg,751,Wiwilibrücke,100004595,YTH23035971,7.8407526,47.995213,(UTC+01:00) Europe/Paris DST,2013-01-18T09:00:00+01:00,na,na,272,272,na,na,na
Eco Counter GmbH,Stadt Freiburg,751,Wiwilibrücke,100004595,YTH23035971,7.8407526,47.995213,(UTC+01:00) Europe/Paris DST,2013-01-18T10:00:00+01:00,na,na,196,196,na,na,na
Eco Counter GmbH,Stadt Freiburg,751,Wiwilibrücke,100004595,YTH23035971,7.8407526,47.995213,(UTC+01:00) Europe/Paris DST,2013-01-18T11:00:00+01:00,na,na,164,164,na,na,na
Eco Counter GmbH,Stadt Freiburg,751,Wiwilibrücke,100004595,YTH23035971,7.8407526,47.995213,(UTC+01:00) Europe/Paris DST,2013-01-18T12:00:00+01:00,na,na,252,252,na,na,na
Eco Counter GmbH,Stadt Freiburg,751,Wiwilibrücke,100004595,YTH23035971,7.8407526,47.995213,(UTC+01:00) Europe/Paris DST,2013-01-18T13:00:00+01:00,na,na,297,297,na,na,na
Eco Counter GmbH,Stadt Freiburg,751,Wiwilibrücke,100004595,YTH23035971,7.8407526,47.995213,(UTC+01:00) Europe/Paris DST,2013-01-18T14:00:00+01:00,na,na,299,299,na,na,na
Eco Counter GmbH,Stadt Freiburg,751,Wiwilibrücke,100004595,YTH23035971,7.8407526,47.995213,(UTC+01:00) Europe/Paris DST,2013-01-18T15:00:00+01:00,na,na,284,284,na,na,na
Eco Counter GmbH,Stadt Freiburg,751,Wiwilibrücke,100004595,YTH23035971,7.8407526,47.995213,(UTC+01:00) Europe/Paris DST,2013-01-18T16:00:00+01:00,na,na,297,297,na,na,na
Eco Counter GmbH,Stadt Freiburg,751,Wiwilibrücke,100004595,YTH23035971,7.8407526,47.995213,(UTC+01:00) Europe/Paris DST,2013-01-18T17:00:00+01:00,na,na,301,301,na,na,na
Eco Counter GmbH,Stadt Freiburg,751,Wiwilibrücke,100004595,YTH23035971,7.8407526,47.995213,(UTC+01:00) Europe/Paris DST,2013-01-18T18:00:00+01:00,na,na,286,286,na,na,na
Eco Counter GmbH,Stadt Freiburg,751,Wiwilibrücke,100004595,YTH23035971,7.8407526,47.995213,(UTC+01:00) Europe/Paris DST,2013-01-18T19:00:00+01:00,na,na,261,261,na,na,na
Eco Counter GmbH,Stadt Freiburg,751,Wiwilibrücke,100004595,YTH23035971,7.8407526,47.995213,(UTC+01:00) Europe/Paris DST,2013-01-18T20:00:00+01:00,na,na,168,168,na,na,na
Eco Counter GmbH,Stadt Freiburg,751,Wiwilibrücke,100004595,YTH23035971,7.8407526,47.995213,(UTC+01:00) Europe/Paris DST,2013-01-18T21:00:00+01:00,na,na,141,141,na,na,na
Eco Counter GmbH,Stadt Freiburg,751,Wiwilibrücke,100004595,YTH23035971,7.8407526,47.995213,(UTC+01:00) Europe/Paris DST,2013-01-18T22:00:00+01:00,na,na,124,124,na,na,na
Eco Counter GmbH,Stadt Freiburg,751,Wiwilibrücke,100004595,YTH23035971,7.8407526,47.995213,(UTC+01:00) Europe/Paris DST,2013-01-18T23:00:00+01:00,na,na,101,101,na,na,na
Eco Counter GmbH,Stadt Freiburg,751,Wiwilibrücke,100004595,YTH23035971,7.8407526,47.995213,(UTC+01:00) Europe/Paris DST,2013-01-19T00:00:00+01:00,na,na,88,88,na,na,na
Eco Counter GmbH,Stadt Freiburg,751,Wiwilibrücke,100004595,YTH23035971,7.8407526,47.995213,(UTC+01:00) Europe/Paris DST,2013-01-19T01:00:00+01:00,na,na,66,66,na,na,na
Eco Counter GmbH,Stadt Freiburg,751,Wiwilibrücke,100004595,YTH23035971,7.8407526,47.995213,(UTC+01:00) Europe/Paris DST,2013-01-19T02:00:00+01:00,na,na,54,54,na,na,na
Eco Counter GmbH,Stadt Freiburg,751,Wiwilibrücke,100004595,YTH23035971,7.8407526,47.995213,(UTC+01:00) Europe/Paris DST,2013-01-19T03:00:00+01:00,na,na,35,35,na,na,na
Eco Counter GmbH,Stadt Freiburg,751,Wiwilibrücke,100004595,YTH23035971,7.8407526,47.995213,(UTC+01:00) Europe/Paris DST,2013-01-19T04:00:00+01:00,na,na,18,18,na,na,na
Eco Counter GmbH,Stadt Freiburg,751,Wiwilibrücke,100004595,YTH23035971,7.8407526,47.995213,(UTC+01:00) Europe/Paris DST,2013-01-19T05:00:00+01:00,na,na,27,27,na,na,na
Eco Counter GmbH,Stadt Freiburg,751,Wiwilibrücke,100004595,YTH23035971,7.8407526,47.995213,(UTC+01:00) Europe/Paris DST,2013-01-19T06:00:00+01:00,na,na,19,19,na,na,na
Eco Counter GmbH,Stadt Freiburg,751,Wiwilibrücke,100004595,YTH23035971,7.8407526,47.995213,(UTC+01:00) Europe/Paris DST,2013-01-19T07:00:00+01:00,na,na,26,26,na,na,na
Eco Counter GmbH,Stadt Freiburg,751,Wiwilibrücke,100004595,YTH23035971,7.8407526,47.995213,(UTC+01:00) Europe/Paris DST,2013-01-19T08:00:00+01:00,na,na,71,71,na,na,na
Eco Counter GmbH,Stadt Freiburg,751,Wiwilibrücke,100004595,YTH23035971,7.8407526,47.995213,(UTC+01:00) Europe/Paris DST,2013-01-19T09:00:00+01:00,na,na,85,85,na,na,na
Eco Counter GmbH,Stadt Freiburg,751,Wiwilibrücke,100004595,YTH23035971,7.8407526,47.995213,(UTC+01:00) Europe/Paris DST,2013-01-19T10:00:00+01:00,na,na,116,116,na,na,na
Eco Counter GmbH,Stadt Freiburg,751,Wiwilibrücke,100004595,YTH23035971,7.8407526,47.995213,(UTC+01:00) Europe/Paris DST,2013-01-19T11:00:00+01:00,na,na,130,130,na,na,na
Eco Counter GmbH,Stadt Freiburg,751,Wiwilibrücke,100004595,YTH23035971,7.8407526,47.995213,(UTC+01:00) Europe/Paris DST,2013-01-19T12:00:00+01:00,na,na,150,150,na,na,na
Eco Counter GmbH,Stadt Freiburg,751,Wiwilibrücke,100004595,YTH23035971,7.8407526,47.995213,(UTC+01:00) Europe/Paris DST,2013-01-19T13:00:00+01:00,na,na,185,185,na,na,na
Eco Counter GmbH,Stadt Freiburg,751,Wiwilibrücke,100004595,YTH23035971,7.8407526,47.995213,(UTC+01:00) Europe/Paris DST,2013-01-19T14:00:00+01:00,na,na,163,163,na,na,na
Eco Counter GmbH,Stadt Freiburg,751,Wiwilibrücke,100004595,YTH23035971,7.8407526,47.995213,(UTC+01:00) Europe/Paris DST,2013-01-19T15:00:00+01:00,na,na,162,162,na,na,na
Eco Counter GmbH,Stadt Freiburg,751,Wiwilibrücke,100004595,YTH23035971,7.8407526,47.995213,(UTC+01:00) Europe/Paris DST,2013-01-19T16:00:00+01:00,na,na,171,171,na,na,na
Eco Counter GmbH,Stadt Freiburg,751,Wiwilibrücke,100004595,YTH23035971,7.8407526,47.995213,(UTC+01:00) Europe/Paris DST,2013-01-19T17:00:00+01:00,na,na,168,168,na,na,na
Eco Counter GmbH,Stadt Freiburg,751,Wiwilibrücke,100004595,YTH23035971,7.8407526,47.995213,(UTC+01:00) Europe/Paris DST,2013-01-19T18:00:00+01:00,na,na,188,188,na,na,na
Eco Counter GmbH,Stadt Freiburg,751,Wiwilibrücke,100004595,YTH23035971,7.8407526,47.995213,(UTC+01:00) Europe/Paris DST,2013-01-19T19:00:00+01:00,na,na,175,175,na,na,na
Eco Counter GmbH,Stadt Freiburg,751,Wiwilibrücke,100004595,YTH23035971,7.8407526,47.995213,(UTC+01:00) Europe/Paris DST,2013-01-19T20:00:00+01:00,na,na,128,128,na,na,na
Eco Counter GmbH,Stadt Freiburg,751,Wiwilibrücke,100004595,YTH23035971,7.8407526,47.995213,(UTC+01:00) Europe/Paris DST,2013-01-19T21:00:00+01:00,na,na,128,128,na,na,na
Eco Counter GmbH,Stadt Freiburg,751,Wiwilibrücke,100004595,YTH23035971,7.8407526,47.995213,(UTC+01:00) Europe/Paris DST,2013-01-19T22:00:00+01:00,na,na,88,88,na,na,na
Eco Counter GmbH,Stadt Freiburg,751,Wiwilibrücke,100004595,YTH23035971,7.8407526,47.995213,(UTC+01:00) Europe/Paris DST,2013-01-19T23:00:00+01:00,na,na,68,68,na,na,na
Eco Counter GmbH,Stadt Freiburg,751,Wiwilibrücke,100004595,YTH23035971,7.8407526,47.995213,(UTC+01:00) Europe/Paris DST,2013-01-20T00:00:00+01:00,na,na,78,78,na,na,na
Eco Counter GmbH,Stadt Freiburg,751,Wiwilibrücke,100004595,YTH23035971,7.8407526,47.995213,(UTC+01:00) Europe/Paris DST,2013-01-20T01:00:00+01:00,na,na,59,59,na,na,na
Eco Counter GmbH,Stadt Freiburg,751,Wiwilibrücke,100004595,YTH23035971,7.8407526,47.995213,(UTC+01:00) Europe/Paris DST,2013-01-20T02:00:00+01:00,na,na,41,41,na,na,na
Eco Counter GmbH,Stadt Freiburg,751,Wiwilibrücke,100004595,YTH23035971,7.8407526,47.995213,(UTC+01:00) Europe/Paris DST,2013-01-20T03:00:00+01:00,na,na,31,31,na,na,na
Eco Counter GmbH,Stadt Freiburg,751,Wiwilibrücke,100004595,YTH23035971,7.8407526,47.995213,(UTC+01:00) Europe/Paris DST,2013-01-20T04:00:00+01:00,na,na,17,17,na,na,na
Eco Counter GmbH,Stadt Freiburg,751,Wiwilibrücke,100004595,YTH23035971,7.8407526,47.995213,(UTC+01:00) Europe/Paris DST,2013-01-20T05:00:00+01:00,na,na,11,11,na,na,na
Eco Counter GmbH,Stadt Freiburg,751,Wiwilibrücke,100004595,YTH23035971,7.8407526,47.995213,(UTC+01:00) Europe/Paris DST,2013-01-20T06:00:00+01:00,na,na,9,9,na,na,na
Eco Counter GmbH,Stadt Freiburg,751,Wiwilibrücke,100004595,YTH23035971,7.8407526,47.995213,(UTC+01:00) Europe/Paris DST,2013-01-20T07:00:00+01:00,na,na,12,12,na,na,na
Eco Counter GmbH,Stadt Freiburg,751,Wiwilibrücke,100004595,YTH23035971,7.8407526,47.995213,(UTC+01:00) Europe/Paris DST,2013-01-20T08:00:00+01:00,na,na,5,5,na,na,na
Eco Counter GmbH,Stadt Freiburg,751,Wiwilibrücke,100004595,YTH23035971,7.8407526,47.995213,(UTC+01:00) Europe/Paris DST,2013-01-20T09:00:00+01:00,na,na,18,18,na,na,na
Eco Counter GmbH,Stadt Freiburg,751,Wiwilibrücke,100004595,YTH23035971,7.8407526,47.995213,(UTC+01:00) Europe/Paris DST,2013-01-20T10:00:00+01:00,na,na,22,22,na,na,na
Eco Counter GmbH,Stadt Freiburg,751,Wiwilibrücke,100004595,YTH23035971,7.8407526,47.995213,(UTC+01:00) Europe/Paris DST,2013-01-20T11:00:00+01:00,na,na,33,33,na,na,na
Eco Counter GmbH,Stadt Freiburg,751,Wiwilibrücke,100004595,YTH23035971,7.8407526,47.995213,(UTC+01:00) Europe/Paris DST,2013-01-20T12:00:00+01:00,na,na,29,29,na,na,na
Eco Counter GmbH,Stadt Freiburg,751,Wiwilibrücke,100004595,YTH23035971,7.8407526,47.995213,(UTC+01:00) Europe/Paris DST,2013-01-20T13:00:00+01:00,na,na,60,60,na,na,na
Eco Counter GmbH,Stadt Freiburg,751,Wiwilibrücke,100004595,YTH23035971,7.8407526,47.995213,(UTC+01:00) Europe/Paris DST,2013-01-20T14:00:00+01:00,na,na,46,46,na,na,na
Eco Counter GmbH,Stadt Freiburg,751,Wiwilibrücke,100004595,YTH23035971,7.8407526,47.995213,(UTC+01:00) Europe/Paris DST,2013-01-20T15:00:00+01:00,na,na,81,81,na,na,na
Eco Counter GmbH,Stadt Freiburg,751,Wiwilibrücke,100004595,YTH23035971,7.8407526,47.995213,(UTC+01:00) Europe/Paris DST,2013-01-20T16:00:00+01:00,na,na,44,44,na,na,na
Eco Counter GmbH,Stadt Freiburg,751,Wiwilibrücke,100004595,YTH23035971,7.8407526,47.995213,(UTC+01:00) Europe/Paris DST,2013-01-20T17:00:00+01:00,na,na,39,39,na,na,na
Eco Counter GmbH,Stadt Freiburg,751,Wiwilibrücke,100004595,YTH23035971,7.8407526,47.995213,(UTC+01:00) Europe/Paris DST,2013-01-20T18:00:00+01:00,na,na,28,28,na,na,na
Eco Counter GmbH,Stadt Freiburg,751,Wiwilibrücke,100004595,YTH23035971,7.8407526,47.995213,(UTC+01:00) Europe/Paris DST,2013-01-20T19:00:00+01:00,na,na,55,55,na,na,na
Eco Counter GmbH,Stadt Freiburg,751,Wiwilibrücke,100004595,YTH23035971,7.8407526,47.995213,(UTC+01:00) Europe/Paris DST,2013-01-20T20:00:00+01:00,na,na,26,26,na,na,na
Eco Counter GmbH,Stadt Freiburg,751,Wiwilibrücke,100004595,YTH23035971,7.8407526,47.995213,(UTC+01:00) Europe/Paris DST,2013-01-20T21:00:00+01:00,na,na,20,20,na,na,na
Eco Counter GmbH,Stadt Freiburg,751,Wiwilibrücke,100004595,YTH23035971,7.8407526,47.995213,(UTC+01:00) Europe/Paris DST,2013-01-20T22:00:00+01:00,na,na,33,33,na,na,na
Eco Counter GmbH,Stadt Freiburg,751,Wiwilibrücke,100004595,YTH23035971,7.8407526,47.995213,(UTC+01:00) Europe/Paris DST,2013-01-20T23:00:00+01:00,na,na,9,9,na,na,na
Eco Counter GmbH,Stadt Freiburg,751,Wiwilibrücke,100004595,YTH23035971,7.8407526,47.995213,(UTC+01:00) Europe/Paris DST,2013-01-21T00:00:00+01:00,na,na,6,6,na,na,na
Eco Counter GmbH,Stadt Freiburg,751,Wiwilibrücke,100004595,YTH23035971,7.8407526,47.995213,(UTC+01:00) Europe/Paris DST,2013-01-21T01:00:00+01:00,na,na,8,8,na,na,na
Eco Counter GmbH,Stadt Freiburg,751,Wiwilibrücke,100004595,YTH23035971,7.8407526,47.995213,(UTC+01:00) Europe/Paris DST,2013-01-21T02:00:00+01:00,na,na,0,0,na,na,na
Eco Counter GmbH,Stadt Freiburg,751,Wiwilibrücke,100004595,YTH23035971,7.8407526,47.995213,(UTC+01:00) Europe/Paris DST,2013-01-21T03:00:00+01:00,na,na,3,3,na,na,na
Eco Counter GmbH,Stadt Freiburg,751,Wiwilibrücke,100004595,YTH23035971,7.8407526,47.995213,(UTC+01:00) Europe/Paris DST,2013-01-21T04:00:00+01:00,na,na,0,0,na,na,na
Eco Counter GmbH,Stadt Freiburg,751,Wiwilibrücke,100004595,YTH23035971,7.8407526,47.995213,(UTC+01:00) Europe/Paris DST,2013-01-21T05:00:00+01:00,na,na,14,14,na,na,na
Eco Counter GmbH,Stadt Freiburg,751,Wiwilibrücke,100004595,YTH23035971,7.8407526,47.995213,(UTC+01:00) Europe/Paris DST,2013-01-21T06:00:00+01:00,na,na,60,60,na,na,na
Eco Counter GmbH,Stadt Freiburg,751,Wiwilibrücke,100004595,YTH23035971,7.8407526,47.995213,(UTC+01:00) Europe/Paris DST,2013-01-21T07:00:00+01:00,na,na,185,185,na,na,na
Eco Counter GmbH,Stadt Freiburg,751,Wiwilibrücke,100004595,YTH23035971,7.8407526,47.995213,(UTC+01:00) Europe/Paris DST,2013-01-21T08:00:00+01:00,na,na,251,251,na,na,na
Eco Counter GmbH,Stadt Freiburg,751,Wiwilibrücke,100004595,YTH23035971,7.8407526,47.995213,(UTC+01:00) Europe/Paris DST,2013-01-21T09:00:00+01:00,na,na,208,208,na,na,na
Eco Counter GmbH,Stadt Freiburg,751,Wiwilibrücke,100004595,YTH23035971,7.8407526,47.995213,(UTC+01:00) Europe/Paris DST,2013-01-21T10:00:00+01:00,na,na,189,189,na,na,na
Eco Counter GmbH,Stadt Freiburg,751,Wiwilibrücke,100004595,YTH23035971,7.8407526,47.995213,(UTC+01:00) Europe/Paris DST,2013-01-21T11:00:00+01:00,na,na,139,139,na,na,na
Eco Counter GmbH,Stadt Freiburg,751,Wiwilibrücke,100004595,YTH23035971,7.8407526,47.995213,(UTC+01:00) Europe/Paris DST,2013-01-21T12:00:00+01:00,na,na,264,264,na,na,na
Eco Counter GmbH,Stadt Freiburg,751,Wiwilibrücke,100004595,YTH23035971,7.8407526,47.995213,(UTC+01:00) Europe/Paris DST,2013-01-21T13:00:00+01:00,na,na,255,255,na,na,na
Eco Counter GmbH,Stadt Freiburg,751,Wiwilibrücke,100004595,YTH23035971,7.8407526,47.995213,(UTC+01:00) Europe/Paris DST,2013-01-21T14:00:00+01:00,na,na,266,266,na,na,na
Eco Counter GmbH,Stadt Freiburg,751,Wiwilibrücke,100004595,YTH23035971,7.8407526,47.995213,(UTC+01:00) Europe/Paris DST,2013-01-21T15:00:00+01:00,na,na,232,232,na,na,na
Eco Counter GmbH,Stadt Freiburg,751,Wiwilibrücke,100004595,YTH23035971,7.8407526,47.995213,(UTC+01:00) Europe/Paris DST,2013-01-21T16:00:00+01:00,na,na,318,318,na,na,na
Eco Counter GmbH,Stadt Freiburg,751,Wiwilibrücke,100004595,YTH23035971,7.8407526,47.995213,(UTC+01:00) Europe/Paris DST,2013-01-21T17:00:00+01:00,na,na,339,339,na,na,na
Eco Counter GmbH,Stadt Freiburg,751,Wiwilibrücke,100004595,YTH23035971,7.8407526,47.995213,(UTC+01:00) Europe/Paris DST,2013-01-21T18:00:00+01:00,na,na,375,375,na,na,na
Eco Counter GmbH,Stadt Freiburg,751,Wiwilibrücke,100004595,YTH23035971,7.8407526,47.995213,(UTC+01:00) Europe/Paris DST,2013-01-21T19:00:00+01:00,na,na,284,284,na,na,na
Eco Counter GmbH,Stadt Freiburg,751,Wiwilibrücke,100004595,YTH23035971,7.8407526,47.995213,(UTC+01:00) Europe/Paris DST,2013-01-21T20:00:00+01:00,na,na,212,212,na,na,na
Eco Counter GmbH,Stadt Freiburg,751,Wiwilibrücke,100004595,YTH23035971,7.8407526,47.995213,(UTC+01:00) Europe/Paris DST,2013-01-21T21:00:00+01:00,na,na,132,132,na,na,na
Eco Counter GmbH,Stadt Freiburg,751,Wiwilibrücke,100004595,YTH23035971,7.8407526,47.995213,(UTC+01:00) Europe/Paris DST,2013-01-21T22:00:00+01:00,na,na,139,139,na,na,na
Eco Counter GmbH,Stadt Freiburg,751,Wiwilibrücke,100004595,YTH23035971,7.8407526,47.995213,(UTC+01:00) Europe/Paris DST,2013-01-21T23:00:00+01:00,na,na,111,111,na,na,na
Eco Counter GmbH,Stadt Freiburg,751,Wiwilibrücke,100004595,YTH23035971,7.8407526,47.995213,(UTC+01:00) Europe/Paris DST,2013-01-22T00:00:00+01:00,na,na,37,37,na,na,na
Eco Counter GmbH,Stadt Freiburg,751,Wiwilibrücke,100004595,YTH23035971,7.8407526,47.995213,(UTC+01:00) Europe/Paris DST,2013-01-22T01:00:00+01:00,na,na,23,23,na,na,na
Eco Counter GmbH,Stadt Freiburg,751,Wiwilibrücke,100004595,YTH23035971,7.8407526,47.995213,(UTC+01:00) Europe/Paris DST,2013-01-22T02:00:00+01:00,na,na,15,15,na,na,na
Eco Counter GmbH,Stadt Freiburg,751,Wiwilibrücke,100004595,YTH23035971,7.8407526,47.995213,(UTC+01:00) Europe/Paris DST,2013-01-22T03:00:00+01:00,na,na,4,4,na,na,na
Eco Counter GmbH,Stadt Freiburg,751,Wiwilibrücke,100004595,YTH23035971,7.8407526,47.995213,(UTC+01:00) Europe/Paris DST,2013-01-22T04:00:00+01:00,na,na,1,1,na,na,na
Eco Counter GmbH,Stadt Freiburg,751,Wiwilibrücke,100004595,YTH23035971,7.8407526,47.995213,(UTC+01:00) Europe/Paris DST,2013-01-22T05:00:00+01:00,na,na,8,8,na,na,na
Eco Counter GmbH,Stadt Freiburg,751,Wiwilibrücke,100004595,YTH23035971,7.8407526,47.995213,(UTC+01:00) Europe/Paris DST,2013-01-22T06:00:00+01:00,na,na,66,66,na,na,na
Eco Counter GmbH,Stadt Freiburg,751,Wiwilibrücke,100004595,YTH23035971,7.8407526,47.995213,(UTC+01:00) Europe/Paris DST,2013-01-22T07:00:00+01:00,na,na,264,264,na,na,na
Eco Counter GmbH,Stadt Freiburg,751,Wiwilibrücke,100004595,YTH23035971,7.8407526,47.995213,(UTC+01:00) Europe/Paris DST,2013-01-22T08:00:00+01:00,na,na,487,487,na,na,na
Eco Counter GmbH,Stadt Freiburg,751,Wiwilibrücke,100004595,YTH23035971,7.8407526,47.995213,(UTC+01:00) Europe/Paris DST,2013-01-22T09:00:00+01:00,na,na,299,299,na,na,na
Eco Counter GmbH,Stadt Freiburg,751,Wiwilibrücke,100004595,YTH23035971,7.8407526,47.995213,(UTC+01:00) Europe/Paris DST,2013-01-22T10:00:00+01:00,na,na,296,296,na,na,na
Eco Counter GmbH,Stadt Freiburg,751,Wiwilibrücke,100004595,YTH23035971,7.8407526,47.995213,(UTC+01:00) Europe/Paris DST,2013-01-22T11:00:00+01:00,na,na,230,230,na,na,na
Eco Counter GmbH,Stadt Freiburg,751,Wiwilibrücke,100004595,YTH23035971,7.8407526,47.995213,(UTC+01:00) Europe/Paris DST,2013-01-22T12:00:00+01:00,na,na,338,338,na,na,na
Eco Counter GmbH,Stadt Freiburg,751,Wiwilibrücke,100004595,YTH23035971,7.8407526,47.995213,(UTC+01:00) Europe/Paris DST,2013-01-22T13:00:00+01:00,na,na,353,353,na,na,na
Eco Counter GmbH,Stadt Freiburg,751,Wiwilibrücke,100004595,YTH23035971,7.8407526,47.995213,(UTC+01:00) Europe/Paris DST,2013-01-22T14:00:00+01:00,na,na,325,325,na,na,na
Eco Counter GmbH,Stadt Freiburg,751,Wiwilibrücke,100004595,YTH23035971,7.8407526,47.995213,(UTC+01:00) Europe/Paris DST,2013-01-22T15:00:00+01:00,na,na,293,293,na,na,na
Eco Counter GmbH,Stadt Freiburg,751,Wiwilibrücke,100004595,YTH23035971,7.8407526,47.995213,(UTC+01:00) Europe/Paris DST,2013-01-22T16:00:00+01:00,na,na,422,422,na,na,na
Eco Counter GmbH,Stadt Freiburg,751,Wiwilibrücke,100004595,YTH23035971,7.8407526,47.995213,(UTC+01:00) Europe/Paris DST,2013-01-22T17:00:00+01:00,na,na,483,483,na,na,na
Eco Counter GmbH,Stadt Freiburg,751,Wiwilibrücke,100004595,YTH23035971,7.8407526,47.995213,(UTC+01:00) Europe/Paris DST,2013-01-22T18:00:00+01:00,na,na,506,506,na,na,na
Eco Counter GmbH,Stadt Freiburg,751,Wiwilibrücke,100004595,YTH23035971,7.8407526,47.995213,(UTC+01:00) Europe/Paris DST,2013-01-22T19:00:00+01:00,na,na,416,416,na,na,na
Eco Counter GmbH,Stadt Freiburg,751,Wiwilibrücke,100004595,YTH23035971,7.8407526,47.995213,(UTC+01:00) Europe/Paris DST,2013-01-22T20:00:00+01:00,na,na,276,276,na,na,na
Eco Counter GmbH,Stadt Freiburg,751,Wiwilibrücke,100004595,YTH23035971,7.8407526,47.995213,(UTC+01:00) Europe/Paris DST,2013-01-22T21:00:00+01:00,na,na,174,174,na,na,na
Eco Counter GmbH,Stadt Freiburg,751,Wiwilibrücke,100004595,YTH23035971,7.8407526,47.995213,(UTC+01:00) Europe/Paris DST,2013-01-22T22:00:00+01:00,na,na,193,193,na,na,na
Eco Counter GmbH,Stadt Freiburg,751,Wiwilibrücke,100004595,YTH23035971,7.8407526,47.995213,(UTC+01:00) Europe/Paris DST,2013-01-22T23:00:00+01:00,na,na,162,162,na,na,na
Eco Counter GmbH,Stadt Freiburg,751,Wiwilibrücke,100004595,YTH23035971,7.8407526,47.995213,(UTC+01:00) Europe/Paris DST,2013-01-23T00:00:00+01:00,na,na,70,70,na,na,na
Eco Counter GmbH,Stadt Freiburg,751,Wiwilibrücke,100004595,YTH23035971,7.8407526,47.995213,(UTC+01:00) Europe/Paris DST,2013-01-23T01:00:00+01:00,na,na,35,35,na,na,na
Eco Counter GmbH,Stadt Freiburg,751,Wiwilibrücke,100004595,YTH23035971,7.8407526,47.995213,(UTC+01:00) Europe/Paris DST,2013-01-23T02:00:00+01:00,na,na,24,24,na,na,na
Eco Counter GmbH,Stadt Freiburg,751,Wiwilibrücke,100004595,YTH23035971,7.8407526,47.995213,(UTC+01:00) Europe/Paris DST,2013-01-23T03:00:00+01:00,na,na,13,13,na,na,na
Eco Counter GmbH,Stadt Freiburg,751,Wiwilibrücke,100004595,YTH23035971,7.8407526,47.995213,(UTC+01:00) Europe/Paris DST,2013-01-23T04:00:00+01:00,na,na,4,4,na,na,na
Eco Counter GmbH,Stadt Freiburg,751,Wiwilibrücke,100004595,YTH23035971,7.8407526,47.995213,(UTC+01:00) Europe/Paris DST,2013-01-23T05:00:00+01:00,na,na,17,17,na,na,na
Eco Counter GmbH,Stadt Freiburg,751,Wiwilibrücke,100004595,YTH23035971,7.8407526,47.995213,(UTC+01:00) Europe/Paris DST,2013-01-23T06:00:00+01:00,na,na,85,85,na,na,na
Eco Counter GmbH,Stadt Freiburg,751,Wiwilibrücke,100004595,YTH23035971,7.8407526,47.995213,(UTC+01:00) Europe/Paris DST,2013-01-23T07:00:00+01:00,na,na,298,298,na,na,na
Eco Counter GmbH,Stadt Freiburg,751,Wiwilibrücke,100004595,YTH23035971,7.8407526,47.995213,(UTC+01:00) Europe/Paris DST,2013-01-23T08:00:00+01:00,na,na,523,523,na,na,na
Eco Counter GmbH,Stadt Freiburg,751,Wiwilibrücke,100004595,YTH23035971,7.8407526,47.995213,(UTC+01:00) Europe/Paris DST,2013-01-23T09:00:00+01:00,na,na,358,358,na,na,na
Eco Counter GmbH,Stadt Freiburg,751,Wiwilibrücke,100004595,YTH23035971,7.8407526,47.995213,(UTC+01:00) Europe/Paris DST,2013-01-23T10:00:00+01:00,na,na,313,313,na,na,na
Eco Counter GmbH,Stadt Freiburg,751,Wiwilibrücke,100004595,YTH23035971,7.8407526,47.995213,(UTC+01:00) Europe/Paris DST,2013-01-23T11:00:00+01:00,na,na,303,303,na,na,na
Eco Counter GmbH,Stadt Freiburg,751,Wiwilibrücke,100004595,YTH23035971,7.8407526,47.995213,(UTC+01:00) Europe/Paris DST,2013-01-23T12:00:00+01:00,na,na,350,350,na,na,na
Eco Counter GmbH,Stadt Freiburg,751,Wiwilibrücke,100004595,YTH23035971,7.8407526,47.995213,(UTC+01:00) Europe/Paris DST,2013-01-23T13:00:00+01:00,na,na,403,403,na,na,na
Eco Counter GmbH,Stadt Freiburg,751,Wiwilibrücke,100004595,YTH23035971,7.8407526,47.995213,(UTC+01:00) Europe/Paris DST,2013-01-23T14:00:00+01:00,na,na,367,367,na,na,na
Eco Counter GmbH,Stadt Freiburg,751,Wiwilibrücke,100004595,YTH23035971,7.8407526,47.995213,(UTC+01:00) Europe/Paris DST,2013-01-23T15:00:00+01:00,na,na,362,362,na,na,na
Eco Counter GmbH,Stadt Freiburg,751,Wiwilibrücke,100004595,YTH23035971,7.8407526,47.995213,(UTC+01:00) Europe/Paris DST,2013-01-23T16:00:00+01:00,na,na,365,365,na,na,na
Eco Counter GmbH,Stadt Freiburg,751,Wiwilibrücke,100004595,YTH23035971,7.8407526,47.995213,(UTC+01:00) Europe/Paris DST,2013-01-23T17:00:00+01:00,na,na,512,512,na,na,na
Eco Counter GmbH,Stadt Freiburg,751,Wiwilibrücke,100004595,YTH23035971,7.8407526,47.995213,(UTC+01:00) Europe/Paris DST,2013-01-23T18:00:00+01:00,na,na,497,497,na,na,na
Eco Counter GmbH,Stadt Freiburg,751,Wiwilibrücke,100004595,YTH23035971,7.8407526,47.995213,(UTC+01:00) Europe/Paris DST,2013-01-23T19:00:00+01:00,na,na,362,362,na,na,na
Eco Counter GmbH,Stadt Freiburg,751,Wiwilibrücke,100004595,YTH23035971,7.8407526,47.995213,(UTC+01:00) Europe/Paris DST,2013-01-23T20:00:00+01:00,na,na,333,333,na,na,na
Eco Counter GmbH,Stadt Freiburg,751,Wiwilibrücke,100004595,YTH23035971,7.8407526,47.995213,(UTC+01:00) Europe/Paris DST,2013-01-23T21:00:00+01:00,na,na,170,170,na,na,na
Eco Counter GmbH,Stadt Freiburg,751,Wiwilibrücke,100004595,YTH23035971,7.8407526,47.995213,(UTC+01:00) Europe/Paris DST,2013-01-23T22:00:00+01:00,na,na,168,168,na,na,na
Eco Counter GmbH,Stadt Freiburg,751,Wiwilibrücke,100004595,YTH23035971,7.8407526,47.995213,(UTC+01:00) Europe/Paris DST,2013-01-23T23:00:00+01:00,na,na,137,137,na,na,na
Eco Counter GmbH,Stadt Freiburg,751,Wiwilibrücke,100004595,YTH23035971,7.8407526,47.995213,(UTC+01:00) Europe/Paris DST,2013-01-24T00:00:00+01:00,na,na,67,67,na,na,na
Eco Counter GmbH,Stadt Freiburg,751,Wiwilibrücke,100004595,YTH23035971,7.8407526,47.995213,(UTC+01:00) Europe/Paris DST,2013-01-24T01:00:00+01:00,na,na,33,33,na,na,na
Eco Counter GmbH,Stadt Freiburg,751,Wiwilibrücke,100004595,YTH23035971,7.8407526,47.995213,(UTC+01:00) Europe/Paris DST,2013-01-24T02:00:00+01:00,na,na,17,17,na,na,na
Eco Counter GmbH,Stadt Freiburg,751,Wiwilibrücke,100004595,YTH23035971,7.8407526,47.995213,(UTC+01:00) Europe/Paris DST,2013-01-24T03:00:00+01:00,na,na,9,9,na,na,na
Eco Counter GmbH,Stadt Freiburg,751,Wiwilibrücke,100004595,YTH23035971,7.8407526,47.995213,(UTC+01:00) Europe/Paris DST,2013-01-24T04:00:00+01:00,na,na,3,3,na,na,na
Eco Counter GmbH,Stadt Freiburg,751,Wiwilibrücke,100004595,YTH23035971,7.8407526,47.995213,(UTC+01:00) Europe/Paris DST,2013-01-24T05:00:00+01:00,na,na,15,15,na,na,na
Eco Counter GmbH,Stadt Freiburg,751,Wiwilibrücke,100004595,YTH23035971,7.8407526,47.995213,(UTC+01:00) Europe/Paris DST,2013-01-24T06:00:00+01:00,na,na,75,75,na,na,na
Eco Counter GmbH,Stadt Freiburg,751,Wiwilibrücke,100004595,YTH23035971,7.8407526,47.995213,(UTC+01:00) Europe/Paris DST,2013-01-24T07:00:00+01:00,na,na,332,332,na,na,na
Eco Counter GmbH,Stadt Freiburg,751,Wiwilibrücke,100004595,YTH23035971,7.8407526,47.995213,(UTC+01:00) Europe/Paris DST,2013-01-24T08:00:00+01:00,na,na,472,472,na,na,na
Eco Counter GmbH,Stadt Freiburg,751,Wiwilibrücke,100004595,YTH23035971,7.8407526,47.995213,(UTC+01:00) Europe/Paris DST,2013-01-24T09:00:00+01:00,na,na,336,336,na,na,na
Eco Counter GmbH,Stadt Freiburg,751,Wiwilibrücke,100004595,YTH23035971,7.8407526,47.995213,(UTC+01:00) Europe/Paris DST,2013-01-24T10:00:00+01:00,na,na,298,298,na,na,na
Eco Counter GmbH,Stadt Freiburg,751,Wiwilibrücke,100004595,YTH23035971,7.8407526,47.995213,(UTC+01:00) Europe/Paris DST,2013-01-24T11:00:00+01:00,na,na,275,275,na,na,na
Eco Counter GmbH,Stadt Freiburg,751,Wiwilibrücke,100004595,YTH23035971,7.8407526,47.995213,(UTC+01:00) Europe/Paris DST,2013-01-24T12:00:00+01:00,na,na,329,329,na,na,na
Eco Counter GmbH,Stadt Freiburg,751,Wiwilibrücke,100004595,YTH23035971,7.8407526,47.995213,(UTC+01:00) Europe/Paris DST,2013-01-24T13:00:00+01:00,na,na,409,409,na,na,na
Eco Counter GmbH,Stadt Freiburg,751,Wiwilibrücke,100004595,YTH23035971,7.8407526,47.995213,(UTC+01:00) Europe/Paris DST,2013-01-24T14:00:00+01:00,na,na,356,356,na,na,na
Eco Counter GmbH,Stadt Freiburg,751,Wiwilibrücke,100004595,YTH23035971,7.8407526,47.995213,(UTC+01:00) Europe/Paris DST,2013-01-24T15:00:00+01:00,na,na,342,342,na,na,na
Eco Counter GmbH,Stadt Freiburg,751,Wiwilibrücke,100004595,YTH23035971,7.8407526,47.995213,(UTC+01:00) Europe/Paris DST,2013-01-24T16:00:00+01:00,na,na,443,443,na,na,na
Eco Counter GmbH,Stadt Freiburg,751,Wiwilibrücke,100004595,YTH23035971,7.8407526,47.995213,(UTC+01:00) Europe/Paris DST,2013-01-24T17:00:00+01:00,na,na,444,444,na,na,na
Eco Counter GmbH,Stadt Freiburg,751,Wiwilibrücke,100004595,YTH23035971,7.8407526,47.995213,(UTC+01:00) Europe/Paris DST,2013-01-24T18:00:00+01:00,na,na,474,474,na,na,na
Eco Counter GmbH,Stadt Freiburg,751,Wiwilibrücke,100004595,YTH23035971,7.8407526,47.995213,(UTC+01:00) Europe/Paris DST,2013-01-24T19:00:00+01:00,na,na,356,356,na,na,na
Eco Counter GmbH,Stadt Freiburg,751,Wiwilibrücke,100004595,YTH23035971,7.8407526,47.995213,(UTC+01:00) Europe/Paris DST,2013-01-24T20:00:00+01:00,na,na,268,268,na,na,na
Eco Counter GmbH,Stadt Freiburg,751,Wiwilibrücke,100004595,YTH23035971,7.8407526,47.995213,(UTC+01:00) Europe/Paris DST,2013-01-24T21:00:00+01:00,na,na,187,187,na,na,na
Eco Counter GmbH,Stadt Freiburg,751,Wiwilibrücke,100004595,YTH23035971,7.8407526,47.995213,(UTC+01:00) Europe/Paris DST,2013-01-24T22:00:00+01:00,na,na,225,225,na,na,na
Eco Counter GmbH,Stadt Freiburg,751,Wiwilibrücke,100004595,YTH23035971,7.8407526,47.995213,(UTC+01:00) Europe/Paris DST,2013-01-24T23:00:00+01:00,na,na,161,161,na,na,na
Eco Counter GmbH,Stadt Freiburg,751,Wiwilibrücke,100004595,YTH23035971,7.8407526,47.995213,(UTC+01:00) Europe/Paris DST,2013-01-25T00:00:00+01:00,na,na,100,100,na,na,na
Eco Counter GmbH,Stadt Freiburg,751,Wiwilibrücke,100004595,YTH23035971,7.8407526,47.995213,(UTC+01:00) Europe/Paris DST,2013-01-25T01:00:00+01:00,na,na,57,57,na,na,na
Eco Counter GmbH,Stadt Freiburg,751,Wiwilibrücke,100004595,YTH23035971,7.8407526,47.995213,(UTC+01:00) Europe/Paris DST,2013-01-25T02:00:00+01:00,na,na,34,34,na,na,na
Eco Counter GmbH,Stadt Freiburg,751,Wiwilibrücke,100004595,YTH23035971,7.8407526,47.995213,(UTC+01:00) Europe/Paris DST,2013-01-25T03:00:00+01:00,na,na,16,16,na,na,na
Eco Counter GmbH,Stadt Freiburg,751,Wiwilibrücke,100004595,YTH23035971,7.8407526,47.995213,(UTC+01:00) Europe/Paris DST,2013-01-25T04:00:00+01:00,na,na,14,14,na,na,na
Eco Counter GmbH,Stadt Freiburg,751,Wiwilibrücke,100004595,YTH23035971,7.8407526,47.995213,(UTC+01:00) Europe/Paris DST,2013-01-25T05:00:00+01:00,na,na,19,19,na,na,na
Eco Counter GmbH,Stadt Freiburg,751,Wiwilibrücke,100004595,YTH23035971,7.8407526,47.995213,(UTC+01:00) Europe/Paris DST,2013-01-25T06:00:00+01:00,na,na,74,74,na,na,na
Eco Counter GmbH,Stadt Freiburg,751,Wiwilibrücke,100004595,YTH23035971,7.8407526,47.995213,(UTC+01:00) Europe/Paris DST,2013-01-25T07:00:00+01:00,na,na,285,285,na,na,na
Eco Counter GmbH,Stadt Freiburg,751,Wiwilibrücke,100004595,YTH23035971,7.8407526,47.995213,(UTC+01:00) Europe/Paris DST,2013-01-25T08:00:00+01:00,na,na,456,456,na,na,na
Eco Counter GmbH,Stadt Freiburg,751,Wiwilibrücke,100004595,YTH23035971,7.8407526,47.995213,(UTC+01:00) Europe/Paris DST,2013-01-25T09:00:00+01:00,na,na,337,337,na,na,na
Eco Counter GmbH,Stadt Freiburg,751,Wiwilibrücke,100004595,YTH23035971,7.8407526,47.995213,(UTC+01:00) Europe/Paris DST,2013-01-25T10:00:00+01:00,na,na,282,282,na,na,na
Eco Counter GmbH,Stadt Freiburg,751,Wiwilibrücke,100004595,YTH23035971,7.8407526,47.995213,(UTC+01:00) Europe/Paris DST,2013-01-25T11:00:00+01:00,na,na,275,275,na,na,na
Eco Counter GmbH,Stadt Freiburg,751,Wiwilibrücke,100004595,YTH23035971,7.8407526,47.995213,(UTC+01:00) Europe/Paris DST,2013-01-25T12:00:00+01:00,na,na,369,369,na,na,na
Eco Counter GmbH,Stadt Freiburg,751,Wiwilibrücke,100004595,YTH23035971,7.8407526,47.995213,(UTC+01:00) Europe/Paris DST,2013-01-25T13:00:00+01:00,na,na,385,385,na,na,na
Eco Counter GmbH,Stadt Freiburg,751,Wiwilibrücke,100004595,YTH23035971,7.8407526,47.995213,(UTC+01:00) Europe/Paris DST,2013-01-25T14:00:00+01:00,na,na,370,370,na,na,na
Eco Counter GmbH,Stadt Freiburg,751,Wiwilibrücke,100004595,YTH23035971,7.8407526,47.995213,(UTC+01:00) Europe/Paris DST,2013-01-25T15:00:00+01:00,na,na,312,312,na,na,na
Eco Counter GmbH,Stadt Freiburg,751,Wiwilibrücke,100004595,YTH23035971,7.8407526,47.995213,(UTC+01:00) Europe/Paris DST,2013-01-25T16:00:00+01:00,na,na,356,356,na,na,na
Eco Counter GmbH,Stadt Freiburg,751,Wiwilibrücke,100004595,YTH23035971,7.8407526,47.995213,(UTC+01:00) Europe/Paris DST,2013-01-25T17:00:00+01:00,na,na,457,457,na,na,na
Eco Counter GmbH,Stadt Freiburg,751,Wiwilibrücke,100004595,YTH23035971,7.8407526,47.995213,(UTC+01:00) Europe/Paris DST,2013-01-25T18:00:00+01:00,na,na,370,370,na,na,na
Eco Counter GmbH,Stadt Freiburg,751,Wiwilibrücke,100004595,YTH23035971,7.8407526,47.995213,(UTC+01:00) Europe/Paris DST,2013-01-25T19:00:00+01:00,na,na,359,359,na,na,na
Eco Counter GmbH,Stadt Freiburg,751,Wiwilibrücke,100004595,YTH23035971,7.8407526,47.995213,(UTC+01:00) Europe/Paris DST,2013-01-25T20:00:00+01:00,na,na,213,213,na,na,na
Eco Counter GmbH,Stadt Freiburg,751,Wiwilibrücke,100004595,YTH23035971,7.8407526,47.995213,(UTC+01:00) Europe/Paris DST,2013-01-25T21:00:00+01:00,na,na,195,195,na,na,na
Eco Counter GmbH,Stadt Freiburg,751,Wiwilibrücke,100004595,YTH23035971,7.8407526,47.995213,(UTC+01:00) Europe/Paris DST,2013-01-25T22:00:00+01:00,na,na,224,224,na,na,na
Eco Counter GmbH,Stadt Freiburg,751,Wiwilibrücke,100004595,YTH23035971,7.8407526,47.995213,(UTC+01:00) Europe/Paris DST,2013-01-25T23:00:00+01:00,na,na,148,148,na,na,na
Eco Counter GmbH,Stadt Freiburg,751,Wiwilibrücke,100004595,YTH23035971,7.8407526,47.995213,(UTC+01:00) Europe/Paris DST,2013-01-26T00:00:00+01:00,na,na,169,169,na,na,na
Eco Counter GmbH,Stadt Freiburg,751,Wiwilibrücke,100004595,YTH23035971,7.8407526,47.995213,(UTC+01:00) Europe/Paris DST,2013-01-26T01:00:00+01:00,na,na,94,94,na,na,na
Eco Counter GmbH,Stadt Freiburg,751,Wiwilibrücke,100004595,YTH23035971,7.8407526,47.995213,(UTC+01:00) Europe/Paris DST,2013-01-26T02:00:00+01:00,na,na,85,85,na,na,na
Eco Counter GmbH,Stadt Freiburg,751,Wiwilibrücke,100004595,YTH23035971,7.8407526,47.995213,(UTC+01:00) Europe/Paris DST,2013-01-26T03:00:00+01:00,na,na,49,49,na,na,na
Eco Counter GmbH,Stadt Freiburg,751,Wiwilibrücke,100004595,YTH23035971,7.8407526,47.995213,(UTC+01:00) Europe/Paris DST,2013-01-26T04:00:00+01:00,na,na,34,34,na,na,na
Eco Counter GmbH,Stadt Freiburg,751,Wiwilibrücke,100004595,YTH23035971,7.8407526,47.995213,(UTC+01:00) Europe/Paris DST,2013-01-26T05:00:00+01:00,na,na,15,15,na,na,na
Eco Counter GmbH,Stadt Freiburg,751,Wiwilibrücke,100004595,YTH23035971,7.8407526,47.995213,(UTC+01:00) Europe/Paris DST,2013-01-26T06:00:00+01:00,na,na,18,18,na,na,na
Eco Counter GmbH,Stadt Freiburg,751,Wiwilibrücke,100004595,YTH23035971,7.8407526,47.995213,(UTC+01:00) Europe/Paris DST,2013-01-26T07:00:00+01:00,na,na,36,36,na,na,na
Eco Counter GmbH,Stadt Freiburg,751,Wiwilibrücke,100004595,YTH23035971,7.8407526,47.995213,(UTC+01:00) Europe/Paris DST,2013-01-26T08:00:00+01:00,na,na,79,79,na,na,na
Eco Counter GmbH,Stadt Freiburg,751,Wiwilibrücke,100004595,YTH23035971,7.8407526,47.995213,(UTC+01:00) Europe/Paris DST,2013-01-26T09:00:00+01:00,na,na,197,197,na,na,na
Eco Counter GmbH,Stadt Freiburg,751,Wiwilibrücke,100004595,YTH23035971,7.8407526,47.995213,(UTC+01:00) Europe/Paris DST,2013-01-26T10:00:00+01:00,na,na,241,241,na,na,na
Eco Counter GmbH,Stadt Freiburg,751,Wiwilibrücke,100004595,YTH23035971,7.8407526,47.995213,(UTC+01:00) Europe/Paris DST,2013-01-26T11:00:00+01:00,na,na,287,287,na,na,na
Eco Counter GmbH,Stadt Freiburg,751,Wiwilibrücke,100004595,YTH23035971,7.8407526,47.995213,(UTC+01:00) Europe/Paris DST,2013-01-26T12:00:00+01:00,na,na,351,351,na,na,na
Eco Counter GmbH,Stadt Freiburg,751,Wiwilibrücke,100004595,YTH23035971,7.8407526,47.995213,(UTC+01:00) Europe/Paris DST,2013-01-26T13:00:00+01:00,na,na,388,388,na,na,na
Eco Counter GmbH,Stadt Freiburg,751,Wiwilibrücke,100004595,YTH23035971,7.8407526,47.995213,(UTC+01:00) Europe/Paris DST,2013-01-26T14:00:00+01:00,na,na,322,322,na,na,na
Eco Counter GmbH,Stadt Freiburg,751,Wiwilibrücke,100004595,YTH23035971,7.8407526,47.995213,(UTC+01:00) Europe/Paris DST,2013-01-26T15:00:00+01:00,na,na,274,274,na,na,na
Eco Counter GmbH,Stadt Freiburg,751,Wiwilibrücke,100004595,YTH23035971,7.8407526,47.995213,(UTC+01:00) Europe/Paris DST,2013-01-26T16:00:00+01:00,na,na,246,246,na,na,na
Eco Counter GmbH,Stadt Freiburg,751,Wiwilibrücke,100004595,YTH23035971,7.8407526,47.995213,(UTC+01:00) Europe/Paris DST,2013-01-26T17:00:00+01:00,na,na,284,284,na,na,na
Eco Counter GmbH,Stadt Freiburg,751,Wiwilibrücke,100004595,YTH23035971,7.8407526,47.995213,(UTC+01:00) Europe/Paris DST,2013-01-26T18:00:00+01:00,na,na,220,220,na,na,na
Eco Counter GmbH,Stadt Freiburg,751,Wiwilibrücke,100004595,YTH23035971,7.8407526,47.995213,(UTC+01:00) Europe/Paris DST,2013-01-26T19:00:00+01:00,na,na,200,200,na,na,na
Eco Counter GmbH,Stadt Freiburg,751,Wiwilibrücke,100004595,YTH23035971,7.8407526,47.995213,(UTC+01:00) Europe/Paris DST,2013-01-26T20:00:00+01:00,na,na,185,185,na,na,na
Eco Counter GmbH,Stadt Freiburg,751,Wiwilibrücke,100004595,YTH23035971,7.8407526,47.995213,(UTC+01:00) Europe/Paris DST,2013-01-26T21:00:00+01:00,na,na,165,165,na,na,na
Eco Counter GmbH,Stadt Freiburg,751,Wiwilibrücke,100004595,YTH23035971,7.8407526,47.995213,(UTC+01:00) Europe/Paris DST,2013-01-26T22:00:00+01:00,na,na,178,178,na,na,na
Eco Counter GmbH,Stadt Freiburg,751,Wiwilibrücke,100004595,YTH23035971,7.8407526,47.995213,(UTC+01:00) Europe/Paris DST,2013-01-26T23:00:00+01:00,na,na,165,165,na,na,na
Eco Counter GmbH,Stadt Freiburg,751,Wiwilibrücke,100004595,YTH23035971,7.8407526,47.995213,(UTC+01:00) Europe/Paris DST,2013-01-27T00:00:00+01:00,na,na,176,176,na,na,na
Eco Counter GmbH,Stadt Freiburg,751,Wiwilibrücke,100004595,YTH23035971,7.8407526,47.995213,(UTC+01:00) Europe/Paris DST,2013-01-27T01:00:00+01:00,na,na,134,134,na,na,na
Eco Counter GmbH,Stadt Freiburg,751,Wiwilibrücke,100004595,YTH23035971,7.8407526,47.995213,(UTC+01:00) Europe/Paris DST,2013-01-27T02:00:00+01:00,na,na,106,106,na,na,na
Eco Counter GmbH,Stadt Freiburg,751,Wiwilibrücke,100004595,YTH23035971,7.8407526,47.995213,(UTC+01:00) Europe/Paris DST,2013-01-27T03:00:00+01:00,na,na,66,66,na,na,na
Eco Counter GmbH,Stadt Freiburg,751,Wiwilibrücke,100004595,YTH23035971,7.8407526,47.995213,(UTC+01:00) Europe/Paris DST,2013-01-27T04:00:00+01:00,na,na,49,49,na,na,na
Eco Counter GmbH,Stadt Freiburg,751,Wiwilibrücke,100004595,YTH23035971,7.8407526,47.995213,(UTC+01:00) Europe/Paris DST,2013-01-27T05:00:00+01:00,na,na,25,25,na,na,na
Eco Counter GmbH,Stadt Freiburg,751,Wiwilibrücke,100004595,YTH23035971,7.8407526,47.995213,(UTC+01:00) Europe/Paris DST,2013-01-27T06:00:00+01:00,na,na,18,18,na,na,na
Eco Counter GmbH,Stadt Freiburg,751,Wiwilibrücke,100004595,YTH23035971,7.8407526,47.995213,(UTC+01:00) Europe/Paris DST,2013-01-27T07:00:00+01:00,na,na,13,13,na,na,na
Eco Counter GmbH,Stadt Freiburg,751,Wiwilibrücke,100004595,YTH23035971,7.8407526,47.995213,(UTC+01:00) Europe/Paris DST,2013-01-27T08:00:00+01:00,na,na,33,33,na,na,na
Eco Counter GmbH,Stadt Freiburg,751,Wiwilibrücke,100004595,YTH23035971,7.8407526,47.995213,(UTC+01:00) Europe/Paris DST,2013-01-27T09:00:00+01:00,na,na,83,83,na,na,na
Eco Counter GmbH,Stadt Freiburg,751,Wiwilibrücke,100004595,YTH23035971,7.8407526,47.995213,(UTC+01:00) Europe/Paris DST,2013-01-27T10:00:00+01:00,na,na,85,85,na,na,na
Eco Counter GmbH,Stadt Freiburg,751,Wiwilibrücke,100004595,YTH23035971,7.8407526,47.995213,(UTC+01:00) Europe/Paris DST,2013-01-27T11:00:00+01:00,na,na,146,146,na,na,na
Eco Counter GmbH,Stadt Freiburg,751,Wiwilibrücke,100004595,YTH23035971,7.8407526,47.995213,(UTC+01:00) Europe/Paris DST,2013-01-27T12:00:00+01:00,na,na,120,120,na,na,na
Eco Counter GmbH,Stadt Freiburg,751,Wiwilibrücke,100004595,YTH23035971,7.8407526,47.995213,(UTC+01:00) Europe/Paris DST,2013-01-27T13:00:00+01:00,na,na,162,162,na,na,na
Eco Counter GmbH,Stadt Freiburg,751,Wiwilibrücke,100004595,YTH23035971,7.8407526,47.995213,(UTC+01:00) Europe/Paris DST,2013-01-27T14:00:00+01:00,na,na,136,136,na,na,na
Eco Counter GmbH,Stadt Freiburg,751,Wiwilibrücke,100004595,YTH23035971,7.8407526,47.995213,(UTC+01:00) Europe/Paris DST,2013-01-27T15:00:00+01:00,na,na,160,160,na,na,na
Eco Counter GmbH,Stadt Freiburg,751,Wiwilibrücke,100004595,YTH23035971,7.8407526,47.995213,(UTC+01:00) Europe/Paris DST,2013-01-27T16:00:00+01:00,na,na,122,122,na,na,na
Eco Counter GmbH,Stadt Freiburg,751,Wiwilibrücke,100004595,YTH23035971,7.8407526,47.995213,(UTC+01:00) Europe/Paris DST,2013-01-27T17:00:00+01:00,na,na,126,126,na,na,na
Eco Counter GmbH,Stadt Freiburg,751,Wiwilibrücke,100004595,YTH23035971,7.8407526,47.995213,(UTC+01:00) Europe/Paris DST,2013-01-27T18:00:00+01:00,na,na,134,134,na,na,na
Eco Counter GmbH,Stadt Freiburg,751,Wiwilibrücke,100004595,YTH23035971,7.8407526,47.995213,(UTC+01:00) Europe/Paris DST,2013-01-27T19:00:00+01:00,na,na,187,187,na,na,na
Eco Counter GmbH,Stadt Freiburg,751,Wiwilibrücke,100004595,YTH23035971,7.8407526,47.995213,(UTC+01:00) Europe/Paris DST,2013-01-27T20:00:00+01:00,na,na,103,103,na,na,na
Eco Counter GmbH,Stadt Freiburg,751,Wiwilibrücke,100004595,YTH23035971,7.8407526,47.995213,(UTC+01:00) Europe/Paris DST,2013-01-27T21:00:00+01:00,na,na,67,67,na,na,na
Eco Counter GmbH,Stadt Freiburg,751,Wiwilibrücke,100004595,YTH23035971,7.8407526,47.995213,(UTC+01:00) Europe/Paris DST,2013-01-27T22:00:00+01:00,na,na,83,83,na,na,na
Eco Counter GmbH,Stadt Freiburg,751,Wiwilibrücke,100004595,YTH23035971,7.8407526,47.995213,(UTC+01:00) Europe/Paris DST,2013-01-27T23:00:00+01:00,na,na,65,65,na,na,na
Eco Counter GmbH,Stadt Freiburg,751,Wiwilibrücke,100004595,YTH23035971,7.8407526,47.995213,(UTC+01:00) Europe/Paris DST,2013-01-28T00:00:00+01:00,na,na,33,33,na,na,na
Eco Counter GmbH,Stadt Freiburg,751,Wiwilibrücke,100004595,YTH23035971,7.8407526,47.995213,(UTC+01:00) Europe/Paris DST,2013-01-28T01:00:00+01:00,na,na,23,23,na,na,na
Eco Counter GmbH,Stadt Freiburg,751,Wiwilibrücke,100004595,YTH23035971,7.8407526,47.995213,(UTC+01:00) Europe/Paris DST,2013-01-28T02:00:00+01:00,na,na,6,6,na,na,na
Eco Counter GmbH,Stadt Freiburg,751,Wiwilibrücke,100004595,YTH23035971,7.8407526,47.995213,(UTC+01:00) Europe/Paris DST,2013-01-28T03:00:00+01:00,na,na,3,3,na,na,na
Eco Counter GmbH,Stadt Freiburg,751,Wiwilibrücke,100004595,YTH23035971,7.8407526,47.995213,(UTC+01:00) Europe/Paris DST,2013-01-28T04:00:00+01:00,na,na,6,6,na,na,na
Eco Counter GmbH,Stadt Freiburg,751,Wiwilibrücke,100004595,YTH23035971,7.8407526,47.995213,(UTC+01:00) Europe/Paris DST,2013-01-28T05:00:00+01:00,na,na,14,14,na,na,na
Eco Counter GmbH,Stadt Freiburg,751,Wiwilibrücke,100004595,YTH23035971,7.8407526,47.995213,(UTC+01:00) Europe/Paris DST,2013-01-28T06:00:00+01:00,na,na,73,73,na,na,na
Eco Counter GmbH,Stadt Freiburg,751,Wiwilibrücke,100004595,YTH23035971,7.8407526,47.995213,(UTC+01:00) Europe/Paris DST,2013-01-28T07:00:00+01:00,na,na,258,258,na,na,na
Eco Counter GmbH,Stadt Freiburg,751,Wiwilibrücke,100004595,YTH23035971,7.8407526,47.995213,(UTC+01:00) Europe/Paris DST,2013-01-28T08:00:00+01:00,na,na,494,494,na,na,na
Eco Counter GmbH,Stadt Freiburg,751,Wiwilibrücke,100004595,YTH23035971,7.8407526,47.995213,(UTC+01:00) Europe/Paris DST,2013-01-28T09:00:00+01:00,na,na,393,393,na,na,na
Eco Counter GmbH,Stadt Freiburg,751,Wiwilibrücke,100004595,YTH23035971,7.8407526,47.995213,(UTC+01:00) Europe/Paris DST,2013-01-28T10:00:00+01:00,na,na,370,370,na,na,na
Eco Counter GmbH,Stadt Freiburg,751,Wiwilibrücke,100004595,YTH23035971,7.8407526,47.995213,(UTC+01:00) Europe/Paris DST,2013-01-28T11:00:00+01:00,na,na,333,333,na,na,na
Eco Counter GmbH,Stadt Freiburg,751,Wiwilibrücke,100004595,YTH23035971,7.8407526,47.995213,(UTC+01:00) Europe/Paris DST,2013-01-28T12:00:00+01:00,na,na,442,442,na,na,na
Eco Counter GmbH,Stadt Freiburg,751,Wiwilibrücke,100004595,YTH23035971,7.8407526,47.995213,(UTC+01:00) Europe/Paris DST,2013-01-28T13:00:00+01:00,na,na,441,441,na,na,na
Eco Counter GmbH,Stadt Freiburg,751,Wiwilibrücke,100004595,YTH23035971,7.8407526,47.995213,(UTC+01:00) Europe/Paris DST,2013-01-28T14:00:00+01:00,na,na,427,427,na,na,na
Eco Counter GmbH,Stadt Freiburg,751,Wiwilibrücke,100004595,YTH23035971,7.8407526,47.995213,(UTC+01:00) Europe/Paris DST,2013-01-28T15:00:00+01:00,na,na,387,387,na,na,na
Eco Counter GmbH,Stadt Freiburg,751,Wiwilibrücke,100004595,YTH23035971,7.8407526,47.995213,(UTC+01:00) Europe/Paris DST,2013-01-28T16:00:00+01:00,na,na,445,445,na,na,na
Eco Counter GmbH,Stadt Freiburg,751,Wiwilibrücke,100004595,YTH23035971,7.8407526,47.995213,(UTC+01:00) Europe/Paris DST,2013-01-28T17:00:00+01:00,na,na,563,563,na,na,na
Eco Counter GmbH,Stadt Freiburg,751,Wiwilibrücke,100004595,YTH23035971,7.8407526,47.995213,(UTC+01:00) Europe/Paris DST,2013-01-28T18:00:00+01:00,na,na,553,553,na,na,na
Eco Counter GmbH,Stadt Freiburg,751,Wiwilibrücke,100004595,YTH23035971,7.8407526,47.995213,(UTC+01:00) Europe/Paris DST,2013-01-28T19:00:00+01:00,na,na,442,442,na,na,na
Eco Counter GmbH,Stadt Freiburg,751,Wiwilibrücke,100004595,YTH23035971,7.8407526,47.995213,(UTC+01:00) Europe/Paris DST,2013-01-28T20:00:00+01:00,na,na,273,273,na,na,na
Eco Counter GmbH,Stadt Freiburg,751,Wiwilibrücke,100004595,YTH23035971,7.8407526,47.995213,(UTC+01:00) Europe/Paris DST,2013-01-28T21:00:00+01:00,na,na,167,167,na,na,na
Eco Counter GmbH,Stadt Freiburg,751,Wiwilibrücke,100004595,YTH23035971,7.8407526,47.995213,(UTC+01:00) Europe/Paris DST,2013-01-28T22:00:00+01:00,na,na,175,175,na,na,na
Eco Counter GmbH,Stadt Freiburg,751,Wiwilibrücke,100004595,YTH23035971,7.8407526,47.995213,(UTC+01:00) Europe/Paris DST,2013-01-28T23:00:00+01:00,na,na,118,118,na,na,na
Eco Counter GmbH,Stadt Freiburg,751,Wiwilibrücke,100004595,YTH23035971,7.8407526,47.995213,(UTC+01:00) Europe/Paris DST,2013-01-29T00:00:00+01:00,na,na,61,61,na,na,na
Eco Counter GmbH,Stadt Freiburg,751,Wiwilibrücke,100004595,YTH23035971,7.8407526,47.995213,(UTC+01:00) Europe/Paris DST,2013-01-29T01:00:00+01:00,na,na,31,31,na,na,na
Eco Counter GmbH,Stadt Freiburg,751,Wiwilibrücke,100004595,YTH23035971,7.8407526,47.995213,(UTC+01:00) Europe/Paris DST,2013-01-29T02:00:00+01:00,na,na,19,19,na,na,na
Eco Counter GmbH,Stadt Freiburg,751,Wiwilibrücke,100004595,YTH23035971,7.8407526,47.995213,(UTC+01:00) Europe/Paris DST,2013-01-29T03:00:00+01:00,na,na,10,10,na,na,na
Eco Counter GmbH,Stadt Freiburg,751,Wiwilibrücke,100004595,YTH23035971,7.8407526,47.995213,(UTC+01:00) Europe/Paris DST,2013-01-29T04:00:00+01:00,na,na,5,5,na,na,na
Eco Counter GmbH,Stadt Freiburg,751,Wiwilibrücke,100004595,YTH23035971,7.8407526,47.995213,(UTC+01:00) Europe/Paris DST,2013-01-29T05:00:00+01:00,na,na,17,17,na,na,na
Eco Counter GmbH,Stadt Freiburg,751,Wiwilibrücke,100004595,YTH23035971,7.8407526,47.995213,(UTC+01:00) Europe/Paris DST,2013-01-29T06:00:00+01:00,na,na,89,89,na,na,na
Eco Counter GmbH,Stadt Freiburg,751,Wiwilibrücke,100004595,YTH23035971,7.8407526,47.995213,(UTC+01:00) Europe/Paris DST,2013-01-29T07:00:00+01:00,na,na,341,341,na,na,na
Eco Counter GmbH,Stadt Freiburg,751,Wiwilibrücke,100004595,YTH23035971,7.8407526,47.995213,(UTC+01:00) Europe/Paris DST,2013-01-29T08:00:00+01:00,na,na,527,527,na,na,na
Eco Counter GmbH,Stadt Freiburg,751,Wiwilibrücke,100004595,YTH23035971,7.8407526,47.995213,(UTC+01:00) Europe/Paris DST,2013-01-29T09:00:00+01:00,na,na,381,381,na,na,na
Eco Counter GmbH,Stadt Freiburg,751,Wiwilibrücke,100004595,YTH23035971,7.8407526,47.995213,(UTC+01:00) Europe/Paris DST,2013-01-29T10:00:00+01:00,na,na,315,315,na,na,na
Eco Counter GmbH,Stadt Freiburg,751,Wiwilibrücke,100004595,YTH23035971,7.8407526,47.995213,(UTC+01:00) Europe/Paris DST,2013-01-29T11:00:00+01:00,na,na,283,283,na,na,na
Eco Counter GmbH,Stadt Freiburg,751,Wiwilibrücke,100004595,YTH23035971,7.8407526,47.995213,(UTC+01:00) Europe/Paris DST,2013-01-29T12:00:00+01:00,na,na,368,368,na,na,na
Eco Counter GmbH,Stadt Freiburg,751,Wiwilibrücke,100004595,YTH23035971,7.8407526,47.995213,(UTC+01:00) Europe/Paris DST,2013-01-29T13:00:00+01:00,na,na,405,405,na,na,na
Eco Counter GmbH,Stadt Freiburg,751,Wiwilibrücke,100004595,YTH23035971,7.8407526,47.995213,(UTC+01:00) Europe/Paris DST,2013-01-29T14:00:00+01:00,na,na,364,364,na,na,na
Eco Counter GmbH,Stadt Freiburg,751,Wiwilibrücke,100004595,YTH23035971,7.8407526,47.995213,(UTC+01:00) Europe/Paris DST,2013-01-29T15:00:00+01:00,na,na,247,247,na,na,na
Eco Counter GmbH,Stadt Freiburg,751,Wiwilibrücke,100004595,YTH23035971,7.8407526,47.995213,(UTC+01:00) Europe/Paris DST,2013-01-29T16:00:00+01:00,na,na,374,374,na,na,na
Eco Counter GmbH,Stadt Freiburg,751,Wiwilibrücke,100004595,YTH23035971,7.8407526,47.995213,(UTC+01:00) Europe/Paris DST,2013-01-29T17:00:00+01:00,na,na,406,406,na,na,na
Eco Counter GmbH,Stadt Freiburg,751,Wiwilibrücke,100004595,YTH23035971,7.8407526,47.995213,(UTC+01:00) Europe/Paris DST,2013-01-29T18:00:00+01:00,na,na,423,423,na,na,na
Eco Counter GmbH,Stadt Freiburg,751,Wiwilibrücke,100004595,YTH23035971,7.8407526,47.995213,(UTC+01:00) Europe/Paris DST,2013-01-29T19:00:00+01:00,na,na,414,414,na,na,na
Eco Counter GmbH,Stadt Freiburg,751,Wiwilibrücke,100004595,YTH23035971,7.8407526,47.995213,(UTC+01:00) Europe/Paris DST,2013-01-29T20:00:00+01:00,na,na,249,249,na,na,na
Eco Counter GmbH,Stadt Freiburg,751,Wiwilibrücke,100004595,YTH23035971,7.8407526,47.995213,(UTC+01:00) Europe/Paris DST,2013-01-29T21:00:00+01:00,na,na,177,177,na,na,na
Eco Counter GmbH,Stadt Freiburg,751,Wiwilibrücke,100004595,YTH23035971,7.8407526,47.995213,(UTC+01:00) Europe/Paris DST,2013-01-29T22:00:00+01:00,na,na,200,200,na,na,na
Eco Counter GmbH,Stadt Freiburg,751,Wiwilibrücke,100004595,YTH23035971,7.8407526,47.995213,(UTC+01:00) Europe/Paris DST,2013-01-29T23:00:00+01:00,na,na,135,135,na,na,na
Eco Counter GmbH,Stadt Freiburg,751,Wiwilibrücke,100004595,YTH23035971,7.8407526,47.995213,(UTC+01:00) Europe/Paris DST,2013-01-30T00:00:00+01:00,na,na,85,85,na,na,na
Eco Counter GmbH,Stadt Freiburg,751,Wiwilibrücke,100004595,YTH23035971,7.8407526,47.995213,(UTC+01:00) Europe/Paris DST,2013-01-30T01:00:00+01:00,na,na,58,58,na,na,na
Eco Counter GmbH,Stadt Freiburg,751,Wiwilibrücke,100004595,YTH23035971,7.8407526,47.995213,(UTC+01:00) Europe/Paris DST,2013-01-30T02:00:00+01:00,na,na,34,34,na,na,na
Eco Counter GmbH,Stadt Freiburg,751,Wiwilibrücke,100004595,YTH23035971,7.8407526,47.995213,(UTC+01:00) Europe/Paris DST,2013-01-30T03:00:00+01:00,na,na,13,13,na,na,na
Eco Counter GmbH,Stadt Freiburg,751,Wiwilibrücke,100004595,YTH23035971,7.8407526,47.995213,(UTC+01:00) Europe/Paris DST,2013-01-30T04:00:00+01:00,na,na,4,4,na,na,na
Eco Counter GmbH,Stadt Freiburg,751,Wiwilibrücke,100004595,YTH23035971,7.8407526,47.995213,(UTC+01:00) Europe/Paris DST,2013-01-30T05:00:00+01:00,na,na,28,28,na,na,na
Eco Counter GmbH,Stadt Freiburg,751,Wiwilibrücke,100004595,YTH23035971,7.8407526,47.995213,(UTC+01:00) Europe/Paris DST,2013-01-30T06:00:00+01:00,na,na,76,76,na,na,na
Eco Counter GmbH,Stadt Freiburg,751,Wiwilibrücke,100004595,YTH23035971,7.8407526,47.995213,(UTC+01:00) Europe/Paris DST,2013-01-30T07:00:00+01:00,na,na,340,340,na,na,na
Eco Counter GmbH,Stadt Freiburg,751,Wiwilibrücke,100004595,YTH23035971,7.8407526,47.995213,(UTC+01:00) Europe/Paris DST,2013-01-30T08:00:00+01:00,na,na,534,534,na,na,na
Eco Counter GmbH,Stadt Freiburg,751,Wiwilibrücke,100004595,YTH23035971,7.8407526,47.995213,(UTC+01:00) Europe/Paris DST,2013-01-30T09:00:00+01:00,na,na,374,374,na,na,na
Eco Counter GmbH,Stadt Freiburg,751,Wiwilibrücke,100004595,YTH23035971,7.8407526,47.995213,(UTC+01:00) Europe/Paris DST,2013-01-30T10:00:00+01:00,na,na,332,332,na,na,na
Eco Counter GmbH,Stadt Freiburg,751,Wiwilibrücke,100004595,YTH23035971,7.8407526,47.995213,(UTC+01:00) Europe/Paris DST,2013-01-30T11:00:00+01:00,na,na,306,306,na,na,na
Eco Counter GmbH,Stadt Freiburg,751,Wiwilibrücke,100004595,YTH23035971,7.8407526,47.995213,(UTC+01:00) Europe/Paris DST,2013-01-30T12:00:00+01:00,na,na,403,403,na,na,na
Eco Counter GmbH,Stadt Freiburg,751,Wiwilibrücke,100004595,YTH23035971,7.8407526,47.995213,(UTC+01:00) Europe/Paris DST,2013-01-30T13:00:00+01:00,na,na,458,458,na,na,na
Eco Counter GmbH,Stadt Freiburg,751,Wiwilibrücke,100004595,YTH23035971,7.8407526,47.995213,(UTC+01:00) Europe/Paris DST,2013-01-30T14:00:00+01:00,na,na,405,405,na,na,na
Eco Counter GmbH,Stadt Freiburg,751,Wiwilibrücke,100004595,YTH23035971,7.8407526,47.995213,(UTC+01:00) Europe/Paris DST,2013-01-30T15:00:00+01:00,na,na,400,400,na,na,na
Eco Counter GmbH,Stadt Freiburg,751,Wiwilibrücke,100004595,YTH23035971,7.8407526,47.995213,(UTC+01:00) Europe/Paris DST,2013-01-30T16:00:00+01:00,na,na,394,394,na,na,na
Eco Counter GmbH,Stadt Freiburg,751,Wiwilibrücke,100004595,YTH23035971,7.8407526,47.995213,(UTC+01:00) Europe/Paris DST,2013-01-30T17:00:00+01:00,na,na,470,470,na,na,na
Eco Counter GmbH,Stadt Freiburg,751,Wiwilibrücke,100004595,YTH23035971,7.8407526,47.995213,(UTC+01:00) Europe/Paris DST,2013-01-30T18:00:00+01:00,na,na,499,499,na,na,na
Eco Counter GmbH,Stadt Freiburg,751,Wiwilibrücke,100004595,YTH23035971,7.8407526,47.995213,(UTC+01:00) Europe/Paris DST,2013-01-30T19:00:00+01:00,na,na,347,347,na,na,na
Eco Counter GmbH,Stadt Freiburg,751,Wiwilibrücke,100004595,YTH23035971,7.8407526,47.995213,(UTC+01:00) Europe/Paris DST,2013-01-30T20:00:00+01:00,na,na,256,256,na,na,na
Eco Counter GmbH,Stadt Freiburg,751,Wiwilibrücke,100004595,YTH23035971,7.8407526,47.995213,(UTC+01:00) Europe/Paris DST,2013-01-30T21:00:00+01:00,na,na,183,183,na,na,na
Eco Counter GmbH,Stadt Freiburg,751,Wiwilibrücke,100004595,YTH23035971,7.8407526,47.995213,(UTC+01:00) Europe/Paris DST,2013-01-30T22:00:00+01:00,na,na,202,202,na,na,na
Eco Counter GmbH,Stadt Freiburg,751,Wiwilibrücke,100004595,YTH23035971,7.8407526,47.995213,(UTC+01:00) Europe/Paris DST,2013-01-30T23:00:00+01:00,na,na,116,116,na,na,na
Eco Counter GmbH,Stadt Freiburg,751,Wiwilibrücke,100004595,YTH23035971,7.8407526,47.995213,(UTC+01:00) Europe/Paris DST,2013-01-31T00:00:00+01:00,na,na,67,67,na,na,na
Eco Counter GmbH,Stadt Freiburg,751,Wiwilibrücke,100004595,YTH23035971,7.8407526,47.995213,(UTC+01:00) Europe/Paris DST,2013-01-31T01:00:00+01:00,na,na,31,31,na,na,na
Eco Counter GmbH,Stadt Freiburg,751,Wiwilibrücke,100004595,YTH23035971,7.8407526,47.995213,(UTC+01:00) Europe/Paris DST,2013-01-31T02:00:00+01:00,na,na,14,14,na,na,na
Eco Counter GmbH,Stadt Freiburg,751,Wiwilibrücke,100004595,YTH23035971,7.8407526,47.995213,(UTC+01:00) Europe/Paris DST,2013-01-31T03:00:00+01:00,na,na,10,10,na,na,na
Eco Counter GmbH,Stadt Freiburg,751,Wiwilibrücke,100004595,YTH23035971,7.8407526,47.995213,(UTC+01:00) Europe/Paris DST,2013-01-31T04:00:00+01:00,na,na,21,21,na,na,na
Eco Counter GmbH,Stadt Freiburg,751,Wiwilibrücke,100004595,YTH23035971,7.8407526,47.995213,(UTC+01:00) Europe/Paris DST,2013-01-31T05:00:00+01:00,na,na,21,21,na,na,na
Eco Counter GmbH,Stadt Freiburg,751,Wiwilibrücke,100004595,YTH23035971,7.8407526,47.995213,(UTC+01:00) Europe/Paris DST,2013-01-31T06:00:00+01:00,na,na,84,84,na,na,na
Eco Counter GmbH,Stadt Freiburg,751,Wiwilibrücke,100004595,YTH23035971,7.8407526,47.995213,(UTC+01:00) Europe/Paris DST,2013-01-31T07:00:00+01:00,na,na,332,332,na,na,na
Eco Counter GmbH,Stadt Freiburg,751,Wiwilibrücke,100004595,YTH23035971,7.8407526,47.995213,(UTC+01:00) Europe/Paris DST,2013-01-31T08:00:00+01:00,na,na,563,563,na,na,na
Eco Counter GmbH,Stadt Freiburg,751,Wiwilibrücke,100004595,YTH23035971,7.8407526,47.995213,(UTC+01:00) Europe/Paris DST,2013-01-31T09:00:00+01:00,na,na,406,406,na,na,na
Eco Counter GmbH,Stadt Freiburg,751,Wiwilibrücke,100004595,YTH23035971,7.8407526,47.995213,(UTC+01:00) Europe/Paris DST,2013-01-31T10:00:00+01:00,na,na,398,398,na,na,na
Eco Counter GmbH,Stadt Freiburg,751,Wiwilibrücke,100004595,YTH23035971,7.8407526,47.995213,(UTC+01:00) Europe/Paris DST,2013-01-31T11:00:00+01:00,na,na,343,343,na,na,na
Eco Counter GmbH,Stadt Freiburg,751,Wiwilibrücke,100004595,YTH23035971,7.8407526,47.995213,(UTC+01:00) Europe/Paris DST,2013-01-31T12:00:00+01:00,na,na,426,426,na,na,na
Eco Counter GmbH,Stadt Freiburg,751,Wiwilibrücke,100004595,YTH23035971,7.8407526,47.995213,(UTC+01:00) Europe/Paris DST,2013-01-31T13:00:00+01:00,na,na,484,484,na,na,na
Eco Counter GmbH,Stadt Freiburg,751,Wiwilibrücke,100004595,YTH23035971,7.8407526,47.995213,(UTC+01:00) Europe/Paris DST,2013-01-31T14:00:00+01:00,na,na,418,418,na,na,na
Eco Counter GmbH,Stadt Freiburg,751,Wiwilibrücke,100004595,YTH23035971,7.8407526,47.995213,(UTC+01:00) Europe/Paris DST,2013-01-31T15:00:00+01:00,na,na,468,468,na,na,na
Eco Counter GmbH,Stadt Freiburg,751,Wiwilibrücke,100004595,YTH23035971,7.8407526,47.995213,(UTC+01:00) Europe/Paris DST,2013-01-31T16:00:00+01:00,na,na,494,494,na,na,na
Eco Counter GmbH,Stadt Freiburg,751,Wiwilibrücke,100004595,YTH23035971,7.8407526,47.995213,(UTC+01:00) Europe/Paris DST,2013-01-31T17:00:00+01:00,na,na,525,525,na,na,na
Eco Counter GmbH,Stadt Freiburg,751,Wiwilibrücke,100004595,YTH23035971,7.8407526,47.995213,(UTC+01:00) Europe/Paris DST,2013-01-31T18:00:00+01:00,na,na,566,566,na,na,na
Eco Counter GmbH,Stadt Freiburg,751,Wiwilibrücke,100004595,YTH23035971,7.8407526,47.995213,(UTC+01:00) Europe/Paris DST,2013-01-31T19:00:00+01:00,na,na,395,395,na,na,na
Eco Counter GmbH,Stadt Freiburg,751,Wiwilibrücke,100004595,YTH23035971,7.8407526,47.995213,(UTC+01:00) Europe/Paris DST,2013-01-31T20:00:00+01:00,na,na,301,301,na,na,na
Eco Counter GmbH,Stadt Freiburg,751,Wiwilibrücke,100004595,YTH23035971,7.8407526,47.995213,(UTC+01:00) Europe/Paris DST,2013-01-31T21:00:00+01:00,na,na,194,194,na,na,na
Eco Counter GmbH,Stadt Freiburg,751,Wiwilibrücke,100004595,YTH23035971,7.8407526,47.995213,(UTC+01:00) Europe/Paris DST,2013-01-31T22:00:00+01:00,na,na,211,211,na,na,na
Eco Counter GmbH,Landeshauptstadt Stuttgart,607,König-Karls-Brücke Barometer,100034882,YTH16019147,9.210372161982697,48.79912609299229,(UTC+01:00) Europe/Paris DST,2013-01-01T00:00:00+01:00,0,1,na,1,3.0,0.0,na
Eco Counter GmbH,Landeshauptstadt Stuttgart,607,König-Karls-Brücke Barometer,100034882,YTH16019147,9.210372161982697,48.79912609299229,(UTC+01:00) Europe/Paris DST,2013-01-01T01:00:00+01:00,3,2,na,5,3.0,0.0,na
Eco Counter GmbH,Landeshauptstadt Stuttgart,607,König-Karls-Brücke Barometer,100034882,YTH16019147,9.210372161982697,48.79912609299229,(UTC+01:00) Europe/Paris DST,2013-01-01T02:00:00+01:00,2,1,na,3,3.0,0.0,na
Eco Counter GmbH,Landeshauptstadt Stuttgart,607,König-Karls-Brücke Barometer,100034882,YTH16019147,9.210372161982697,48.79912609299229,(UTC+01:00) Europe/Paris DST,2013-01-01T03:00:00+01:00,1,1,na,2,3.0,0.0,na
Eco Counter GmbH,Landeshauptstadt Stuttgart,607,König-Karls-Brücke Barometer,100034882,YTH16019147,9.210372161982697,48.79912609299229,(UTC+01:00) Europe/Paris DST,2013-01-01T04:00:00+01:00,0,0,na,0,2.0,0.0,na
Eco Counter GmbH,Landeshauptstadt Stuttgart,607,König-Karls-Brücke Barometer,100034882,YTH16019147,9.210372161982697,48.79912609299229,(UTC+01:00) Europe/Paris DST,2013-01-01T05:00:00+01:00,1,1,na,2,2.0,0.0,na
Eco Counter GmbH,Landeshauptstadt Stuttgart,607,König-Karls-Brücke Barometer,100034882,YTH16019147,9.210372161982697,48.79912609299229,(UTC+01:00) Europe/Paris DST,2013-01-01T06:00:00+01:00,1,3,na,4,2.0,0.0,na
Eco Counter GmbH,Landeshauptstadt Stuttgart,607,König-Karls-Brücke Barometer,100034882,YTH16019147,9.210372161982697,48.79912609299229,(UTC+01:00) Europe/Paris DST,2013-01-01T07:00:00+01:00,10,1,na,11,3.0,0.0,na
Eco Counter GmbH,Landeshauptstadt Stuttgart,607,König-Karls-Brücke Barometer,100034882,YTH16019147,9.210372161982697,48.79912609299229,(UTC+01:00) Europe/Paris DST,2013-01-01T08:00:00+01:00,2,1,na,3,3.0,0.0,na
Eco Counter GmbH,Landeshauptstadt Stuttgart,607,König-Karls-Brücke Barometer,100034882,YTH16019147,9.210372161982697,48.79912609299229,(UTC+01:00) Europe/Paris DST,2013-01-01T09:00:00+01:00,5,4,na,9,4.0,0.0,na
Eco Counter GmbH,Landeshauptstadt Stuttgart,607,König-Karls-Brücke Barometer,100034882,YTH16019147,9.210372161982697,48.79912609299229,(UTC+01:00) Europe/Paris DST,2013-01-01T10:00:00+01:00,8,4,na,12,4.0,0.2,na
Eco Counter GmbH,Landeshauptstadt Stuttgart,607,König-Karls-Brücke Barometer,100034882,YTH16019147,9.210372161982697,48.79912609299229,(UTC+01:00) Europe/Paris DST,2013-01-01T11:00:00+01:00,3,14,na,17,5.0,0.5,na
Eco Counter GmbH,Landeshauptstadt Stuttgart,607,König-Karls-Brücke Barometer,100034882,YTH16019147,9.210372161982697,48.79912609299229,(UTC+01:00) Europe/Paris DST,2013-01-01T12:00:00+01:00,10,20,na,30,5.0,0.7,na
Eco Counter GmbH,Landeshauptstadt Stuttgart,607,König-Karls-Brücke Barometer,100034882,YTH16019147,9.210372161982697,48.79912609299229,(UTC+01:00) Europe/Paris DST,2013-01-01T13:00:00+01:00,13,26,na,39,5.0,1.1,na
Eco Counter GmbH,Landeshauptstadt Stuttgart,607,König-Karls-Brücke Barometer,100034882,YTH16019147,9.210372161982697,48.79912609299229,(UTC+01:00) Europe/Paris DST,2013-01-01T14:00:00+01:00,11,21,na,32,6.0,1.5,na
Eco Counter GmbH,Landeshauptstadt Stuttgart,607,König-Karls-Brücke Barometer,100034882,YTH16019147,9.210372161982697,48.79912609299229,(UTC+01:00) Europe/Paris DST,2013-01-01T15:00:00+01:00,14,27,na,41,6.0,1.8,na
Eco Counter GmbH,Landeshauptstadt Stuttgart,607,König-Karls-Brücke Barometer,100034882,YTH16019147,9.210372161982697,48.79912609299229,(UTC+01:00) Europe/Paris DST,2013-01-01T16:00:00+01:00,19,18,na,37,6.0,1.6,na
Eco Counter GmbH,Landeshauptstadt Stuttgart,607,König-Karls-Brücke Barometer,100034882,YTH16019147,9.210372161982697,48.79912609299229,(UTC+01:00) Europe/Paris DST,2013-01-01T17:00:00+01:00,14,11,na,25,5.0,1.4,na
Eco Counter GmbH,Landeshauptstadt Stuttgart,607,König-Karls-Brücke Barometer,100034882,YTH16019147,9.210372161982697,48.79912609299229,(UTC+01:00) Europe/Paris DST,2013-01-01T18:00:00+01:00,7,7,na,14,5.0,1.2,na
Eco Counter GmbH,Landeshauptstadt Stuttgart,607,König-Karls-Brücke Barometer,100034882,YTH16019147,9.210372161982697,48.79912609299229,(UTC+01:00) Europe/Paris DST,2013-01-01T19:00:00+01:00,7,5,na,12,5.0,1.1,na
Eco Counter GmbH,Landeshauptstadt Stuttgart,607,König-Karls-Brücke Barometer,100034882,YTH16019147,9.210372161982697,48.79912609299229,(UTC+01:00) Europe/Paris DST,2013-01-01T20:00:00+01:00,8,6,na,14,4.0,1.0,na
Eco Counter GmbH,Landeshauptstadt Stuttgart,607,König-Karls-Brücke Barometer,100034882,YTH16019147,9.210372161982697,48.79912609299229,(UTC+01:00) Europe/Paris DST,2013-01-01T21:00:00+01:00,5,2,na,7,4.0,0.8,na
Eco Counter GmbH,Landeshauptstadt Stuttgart,607,König-Karls-Brücke Barometer,100034882,YTH16019147,9.210372161982697,48.79912609299229,(UTC+01:00) Europe/Paris DST,2013-01-01T22:00:00+01:00,2,1,na,3,3.0,0.8,na
Eco Counter GmbH,Landeshauptstadt Stuttgart,607,König-Karls-Brücke Barometer,100034882,YTH16019147,9.210372161982697,48.79912609299229,(UTC+01:00) Europe/Paris DST,2013-01-01T23:00:00+01:00,0,0,na,0,3.0,0.7,na
Eco Counter GmbH,Landeshauptstadt Stuttgart,607,König-Karls-Brücke Barometer,100034882,YTH16019147,9.210372161982697,48.79912609299229,(UTC+01:00) Europe/Paris DST,2013-01-02T00:00:00+01:00,0,1,na,1,2.0,0.6,na
Eco Counter GmbH,Landeshauptstadt Stuttgart,607,König-Karls-Brücke Barometer,100034882,YTH16019147,9.210372161982697,48.79912609299229,(UTC+01:00) Europe/Paris DST,2013-01-02T01:00:00+01:00,0,0,na,0,2.0,0.5,na
Eco Counter GmbH,Landeshauptstadt Stuttgart,607,König-Karls-Brücke Barometer,100034882,YTH16019147,9.210372161982697,48.79912609299229,(UTC+01:00) Europe/Paris DST,2013-01-02T02:00:00+01:00,0,1,na,1,2.0,0.3,na
Eco Counter GmbH,Landeshauptstadt Stuttgart,607,König-Karls-Brücke Barometer,100034882,YTH16019147,9.210372161982697,48.79912609299229,(UTC+01:00) Europe/Paris DST,2013-01-02T03:00:00+01:00,2,1,na,3,1.0,0.2,na
Eco Counter GmbH,Landeshauptstadt Stuttgart,607,König-Karls-Brücke Barometer,100034882,YTH16019147,9.210372161982697,48.79912609299229,(UTC+01:00) Europe/Paris DST,2013-01-02T04:00:00+01:00,1,0,na,1,1.0,0.1,na
Eco Counter GmbH,Landeshauptstadt Stuttgart,607,König-Karls-Brücke Barometer,100034882,YTH16019147,9.210372161982697,48.79912609299229,(UTC+01:00) Europe/Paris DST,2013-01-02T05:00:00+01:00,6,6,na,12,1.0,0.1,na
Eco Counter GmbH,Landeshauptstadt Stuttgart,607,König-Karls-Brücke Barometer,100034882,YTH16019147,9.210372161982697,48.79912609299229,(UTC+01:00) Europe/Paris DST,2013-01-02T06:00:00+01:00,18,10,na,28,1.0,0.0,na
Eco Counter GmbH,Landeshauptstadt Stuttgart,607,König-Karls-Brücke Barometer,100034882,YTH16019147,9.210372161982697,48.79912609299229,(UTC+01:00) Europe/Paris DST,2013-01-02T07:00:00+01:00,30,12,na,42,1.0,0.0,na
Eco Counter GmbH,Landeshauptstadt Stuttgart,607,König-Karls-Brücke Barometer,100034882,YTH16019147,9.210372161982697,48.79912609299229,(UTC+01:00) Europe/Paris DST,2013-01-02T08:00:00+01:00,23,19,na,42,2.0,0.0,na
Eco Counter GmbH,Landeshauptstadt Stuttgart,607,König-Karls-Brücke Barometer,100034882,YTH16019147,9.210372161982697,48.79912609299229,(UTC+01:00) Europe/Paris DST,2013-01-02T09:00:00+01:00,21,27,na,48,2.0,0.0,na
Eco Counter GmbH,Landeshauptstadt Stuttgart,607,König-Karls-Brücke Barometer,100034882,YTH16019147,9.210372161982697,48.79912609299229,(UTC+01:00) Europe/Paris DST,2013-01-02T10:00:00+01:00,24,24,na,48,3.0,0.0,na
Eco Counter GmbH,Landeshauptstadt Stuttgart,607,König-Karls-Brücke Barometer,100034882,YTH16019147,9.210372161982697,48.79912609299229,(UTC+01:00) Europe/Paris DST,2013-01-02T11:00:00+01:00,20,22,na,42,3.0,0.0,na
Eco Counter GmbH,Landeshauptstadt Stuttgart,607,König-Karls-Brücke Barometer,100034882,YTH16019147,9.210372161982697,48.79912609299229,(UTC+01:00) Europe/Paris DST,2013-01-02T12:00:00+01:00,36,53,na,89,3.0,0.0,na
Eco Counter GmbH,Landeshauptstadt Stuttgart,607,König-Karls-Brücke Barometer,100034882,YTH16019147,9.210372161982697,48.79912609299229,(UTC+01:00) Europe/Paris DST,2013-01-02T13:00:00+01:00,46,64,na,110,4.0,0.0,na
Eco Counter GmbH,Landeshauptstadt Stuttgart,607,König-Karls-Brücke Barometer,100034882,YTH16019147,9.210372161982697,48.79912609299229,(UTC+01:00) Europe/Paris DST,2013-01-02T14:00:00+01:00,49,54,na,103,4.0,0.0,na
Eco Counter GmbH,Landeshauptstadt Stuttgart,607,König-Karls-Brücke Barometer,100034882,YTH16019147,9.210372161982697,48.79912609299229,(UTC+01:00) Europe/Paris DST,2013-01-02T15:00:00+01:00,37,47,na,84,4.0,0.0,na
Eco Counter GmbH,Landeshauptstadt Stuttgart,607,König-Karls-Brücke Barometer,100034882,YTH16019147,9.210372161982697,48.79912609299229,(UTC+01:00) Europe/Paris DST,2013-01-02T16:00:00+01:00,37,65,na,102,4.0,0.0,na
Eco Counter GmbH,Landeshauptstadt Stuttgart,607,König-Karls-Brücke Barometer,100034882,YTH16019147,9.210372161982697,48.79912609299229,(UTC+01:00) Europe/Paris DST,2013-01-02T17:00:00+01:00,25,50,na,75,4.0,0.0,na
Eco Counter GmbH,Landeshauptstadt Stuttgart,607,König-Karls-Brücke Barometer,100034882,YTH16019147,9.210372161982697,48.79912609299229,(UTC+01:00) Europe/Paris DST,2013-01-02T18:00:00+01:00,29,56,na,85,4.0,0.0,na
Eco Counter GmbH,Landeshauptstadt Stuttgart,607,König-Karls-Brücke Barometer,100034882,YTH16019147,9.210372161982697,48.79912609299229,(UTC+01:00) Europe/Paris DST,2013-01-02T19:00:00+01:00,15,32,na,47,3.0,0.0,na
Eco Counter GmbH,Landeshauptstadt Stuttgart,607,König-Karls-Brücke Barometer,100034882,YTH16019147,9.210372161982697,48.79912609299229,(UTC+01:00) Europe/Paris DST,2013-01-02T20:00:00+01:00,3,12,na,15,3.0,0.0,na
Eco Counter GmbH,Landeshauptstadt Stuttgart,607,König-Karls-Brücke Barometer,100034882,YTH16019147,9.210372161982697,48.79912609299229,(UTC+01:00) Europe/Paris DST,2013-01-02T21:00:00+01:00,10,8,na,18,3.0,0.0,na
Eco Counter GmbH,Landeshauptstadt Stuttgart,607,König-Karls-Brücke Barometer,100034882,YTH16019147,9.210372161982697,48.79912609299229,(UTC+01:00) Europe/Paris DST,2013-01-02T22:00:00+01:00,6,4,na,10,2.0,0.0,na
Eco Counter GmbH,Landeshauptstadt Stuttgart,607,König-Karls-Brücke Barometer,100034882,YTH16019147,9.210372161982697,48.79912609299229,(UTC+01:00) Europe/Paris DST,2013-01-02T23:00:00+01:00,4,4,na,8,2.0,0.0,na
Eco Counter GmbH,Landeshauptstadt Stuttgart,607,König-Karls-Brücke Barometer,100034882,YTH16019147,9.210372161982697,48.79912609299229,(UTC+01:00) Europe/Paris DST,2013-01-03T00:00:00+01:00,1,1,na,2,1.0,0.0,na
Eco Counter GmbH,Landeshauptstadt Stuttgart,607,König-Karls-Brücke Barometer,100034882,YTH16019147,9.210372161982697,48.79912609299229,(UTC+01:00) Europe/Paris DST,2013-01-03T01:00:00+01:00,1,1,na,2,1.0,0.0,na
Eco Counter GmbH,Landeshauptstadt Stuttgart,607,König-Karls-Brücke Barometer,100034882,YTH16019147,9.210372161982697,48.79912609299229,(UTC+01:00) Europe/Paris DST,2013-01-03T02:00:00+01:00,0,1,na,1,0.0,0.0,na
Eco Counter GmbH,Landeshauptstadt Stuttgart,607,König-Karls-Brücke Barometer,100034882,YTH16019147,9.210372161982697,48.79912609299229,(UTC+01:00) Europe/Paris DST,2013-01-03T03:00:00+01:00,0,0,na,0,0.0,0.0,na
Eco Counter GmbH,Landeshauptstadt Stuttgart,607,König-Karls-Brücke Barometer,100034882,YTH16019147,9.210372161982697,48.79912609299229,(UTC+01:00) Europe/Paris DST,2013-01-03T04:00:00+01:00,4,1,na,5,0.0,0.0,na
Eco Counter GmbH,Landeshauptstadt Stuttgart,607,König-Karls-Brücke Barometer,100034882,YTH16019147,9.210372161982697,48.79912609299229,(UTC+01:00) Europe/Paris DST,2013-01-03T05:00:00+01:00,4,4,na,8,0.0,0.0,na
Eco Counter GmbH,Landeshauptstadt Stuttgart,607,König-Karls-Brücke Barometer,100034882,YTH16019147,9.210372161982697,48.79912609299229,(UTC+01:00) Europe/Paris DST,2013-01-03T06:00:00+01:00,24,14,na,38,1.0,0.0,na
Eco Counter GmbH,Landeshauptstadt Stuttgart,607,König-Karls-Brücke Barometer,100034882,YTH16019147,9.210372161982697,48.79912609299229,(UTC+01:00) Europe/Paris DST,2013-01-03T07:00:00+01:00,47,17,na,64,1.0,0.1,na
Eco Counter GmbH,Landeshauptstadt Stuttgart,607,König-Karls-Brücke Barometer,100034882,YTH16019147,9.210372161982697,48.79912609299229,(UTC+01:00) Europe/Paris DST,2013-01-03T08:00:00+01:00,35,14,na,49,2.0,0.2,na
Eco Counter GmbH,Landeshauptstadt Stuttgart,607,König-Karls-Brücke Barometer,100034882,YTH16019147,9.210372161982697,48.79912609299229,(UTC+01:00) Europe/Paris DST,2013-01-03T09:00:00+01:00,16,11,na,27,2.0,0.3,na
Eco Counter GmbH,Landeshauptstadt Stuttgart,607,König-Karls-Brücke Barometer,100034882,YTH16019147,9.210372161982697,48.79912609299229,(UTC+01:00) Europe/Paris DST,2013-01-03T10:00:00+01:00,15,8,na,23,3.0,0.3,na
Eco Counter GmbH,Landeshauptstadt Stuttgart,607,König-Karls-Brücke Barometer,100034882,YTH16019147,9.210372161982697,48.79912609299229,(UTC+01:00) Europe/Paris DST,2013-01-03T11:00:00+01:00,16,17,na,33,4.0,0.3,na
Eco Counter GmbH,Landeshauptstadt Stuttgart,607,König-Karls-Brücke Barometer,100034882,YTH16019147,9.210372161982697,48.79912609299229,(UTC+01:00) Europe/Paris DST,2013-01-03T12:00:00+01:00,19,14,na,33,4.0,0.3,na
Eco Counter GmbH,Landeshauptstadt Stuttgart,607,König-Karls-Brücke Barometer,100034882,YTH16019147,9.210372161982697,48.79912609299229,(UTC+01:00) Europe/Paris DST,2013-01-03T13:00:00+01:00,10,18,na,28,5.0,0.4,na
Eco Counter GmbH,Landeshauptstadt Stuttgart,607,König-Karls-Brücke Barometer,100034882,YTH16019147,9.210372161982697,48.79912609299229,(UTC+01:00) Europe/Paris DST,2013-01-03T14:00:00+01:00,15,19,na,34,5.0,0.4,na
Eco Counter GmbH,Landeshauptstadt Stuttgart,607,König-Karls-Brücke Barometer,100034882,YTH16019147,9.210372161982697,48.79912609299229,(UTC+01:00) Europe/Paris DST,2013-01-03T15:00:00+01:00,17,24,na,41,5.0,0.4,na
Eco Counter GmbH,Landeshauptstadt Stuttgart,607,König-Karls-Brücke Barometer,100034882,YTH16019147,9.210372161982697,48.79912609299229,(UTC+01:00) Europe/Paris DST,2013-01-03T16:00:00+01:00,32,38,na,70,5.0,0.4,na
Eco Counter GmbH,Landeshauptstadt Stuttgart,607,König-Karls-Brücke Barometer,100034882,YTH16019147,9.210372161982697,48.79912609299229,(UTC+01:00) Europe/Paris DST,2013-01-03T17:00:00+01:00,12,41,na,53,5.0,0.3,na
Eco Counter GmbH,Landeshauptstadt Stuttgart,607,König-Karls-Brücke Barometer,100034882,YTH16019147,9.210372161982697,48.79912609299229,(UTC+01:00) Europe/Paris DST,2013-01-03T18:00:00+01:00,19,27,na,46,4.0,0.3,na
Eco Counter GmbH,Landeshauptstadt Stuttgart,607,König-Karls-Brücke Barometer,100034882,YTH16019147,9.210372161982697,48.79912609299229,(UTC+01:00) Europe/Paris DST,2013-01-03T19:00:00+01:00,12,21,na,33,4.0,0.3,na
Eco Counter GmbH,Landeshauptstadt Stuttgart,607,König-Karls-Brücke Barometer,100034882,YTH16019147,9.210372161982697,48.79912609299229,(UTC+01:00) Europe/Paris DST,2013-01-03T20:00:00+01:00,15,23,na,38,4.0,0.4,na
Eco Counter GmbH,Landeshauptstadt Stuttgart,607,König-Karls-Brücke Barometer,100034882,YTH16019147,9.210372161982697,48.79912609299229,(UTC+01:00) Europe/Paris DST,2013-01-03T21:00:00+01:00,5,4,na,9,4.0,0.4,na
Eco Counter GmbH,Landeshauptstadt Stuttgart,607,König-Karls-Brücke Barometer,100034882,YTH16019147,9.210372161982697,48.79912609299229,(UTC+01:00) Europe/Paris DST,2013-01-03T22:00:00+01:00,3,2,na,5,4.0,0.4,na
Eco Counter GmbH,Landeshauptstadt Stuttgart,607,König-Karls-Brücke Barometer,100034882,YTH16019147,9.210372161982697,48.79912609299229,(UTC+01:00) Europe/Paris DST,2013-01-03T23:00:00+01:00,4,2,na,6,4.0,0.3,na
Eco Counter GmbH,Landeshauptstadt Stuttgart,607,König-Karls-Brücke Barometer,100034882,YTH16019147,9.210372161982697,48.79912609299229,(UTC+01:00) Europe/Paris DST,2013-01-04T00:00:00+01:00,1,2,na,3,4.0,0.3,na
Eco Counter GmbH,Landeshauptstadt Stuttgart,607,König-Karls-Brücke Barometer,100034882,YTH16019147,9.210372161982697,48.79912609299229,(UTC+01:00) Europe/Paris DST,2013-01-04T01:00:00+01:00,0,3,na,3,4.0,0.2,na
Eco Counter GmbH,Landeshauptstadt Stuttgart,607,König-Karls-Brücke Barometer,100034882,YTH16019147,9.210372161982697,48.79912609299229,(UTC+01:00) Europe/Paris DST,2013-01-04T02:00:00+01:00,0,1,na,1,4.0,0.2,na
Eco Counter GmbH,Landeshauptstadt Stuttgart,607,König-Karls-Brücke Barometer,100034882,YTH16019147,9.210372161982697,48.79912609299229,(UTC+01:00) Europe/Paris DST,2013-01-04T03:00:00+01:00,2,0,na,2,4.0,0.1,na
Eco Counter GmbH,Landeshauptstadt Stuttgart,607,König-Karls-Brücke Barometer,100034882,YTH16019147,9.210372161982697,48.79912609299229,(UTC+01:00) Europe/Paris DST,2013-01-04T04:00:00+01:00,0,0,na,0,4.0,0.1,na
Eco Counter GmbH,Landeshauptstadt Stuttgart,607,König-Karls-Brücke Barometer,100034882,YTH16019147,9.210372161982697,48.79912609299229,(UTC+01:00) Europe/Paris DST,2013-01-04T05:00:00+01:00,5,9,na,14,4.0,0.1,na
Eco Counter GmbH,Landeshauptstadt Stuttgart,607,König-Karls-Brücke Barometer,100034882,YTH16019147,9.210372161982697,48.79912609299229,(UTC+01:00) Europe/Paris DST,2013-01-04T06:00:00+01:00,13,10,na,23,4.0,0.1,na
Eco Counter GmbH,Landeshauptstadt Stuttgart,607,König-Karls-Brücke Barometer,100034882,YTH16019147,9.210372161982697,48.79912609299229,(UTC+01:00) Europe/Paris DST,2013-01-04T07:00:00+01:00,20,8,na,28,4.0,0.1,na
Eco Counter GmbH,Landeshauptstadt Stuttgart,607,König-Karls-Brücke Barometer,100034882,YTH16019147,9.210372161982697,48.79912609299229,(UTC+01:00) Europe/Paris DST,2013-01-04T08:00:00+01:00,24,18,na,42,5.0,0.1,na
Eco Counter GmbH,Landeshauptstadt Stuttgart,607,König-Karls-Brücke Barometer,100034882,YTH16019147,9.210372161982697,48.79912609299229,(UTC+01:00) Europe/Paris DST,2013-01-04T09:00:00+01:00,21,16,na,37,5.0,0.1,na
Eco Counter GmbH,Landeshauptstadt Stuttgart,607,König-Karls-Brücke Barometer,100034882,YTH16019147,9.210372161982697,48.79912609299229,(UTC+01:00) Europe/Paris DST,2013-01-04T10:00:00+01:00,20,22,na,42,5.0,0.1,na
Eco Counter GmbH,Landeshauptstadt Stuttgart,607,König-Karls-Brücke Barometer,100034882,YTH16019147,9.210372161982697,48.79912609299229,(UTC+01:00) Europe/Paris DST,2013-01-04T11:00:00+01:00,28,31,na,59,6.0,0.1,na
Eco Counter GmbH,Landeshauptstadt Stuttgart,607,König-Karls-Brücke Barometer,100034882,YTH16019147,9.210372161982697,48.79912609299229,(UTC+01:00) Europe/Paris DST,2013-01-04T12:00:00+01:00,21,25,na,46,7.0,0.2,na
Eco Counter GmbH,Landeshauptstadt Stuttgart,607,König-Karls-Brücke Barometer,100034882,YTH16019147,9.210372161982697,48.79912609299229,(UTC+01:00) Europe/Paris DST,2013-01-04T13:00:00+01:00,22,32,na,54,7.0,0.2,na
Eco Counter GmbH,Landeshauptstadt Stuttgart,607,König-Karls-Brücke Barometer,100034882,YTH16019147,9.210372161982697,48.79912609299229,(UTC+01:00) Europe/Paris DST,2013-01-04T14:00:00+01:00,23,17,na,40,7.0,0.2,na
Eco Counter GmbH,Landeshauptstadt Stuttgart,607,König-Karls-Brücke Barometer,100034882,YTH16019147,9.210372161982697,48.79912609299229,(UTC+01:00) Europe/Paris DST,2013-01-04T15:00:00+01:00,16,26,na,42,7.0,0.2,na
Eco Counter GmbH,Landeshauptstadt Stuttgart,607,König-Karls-Brücke Barometer,100034882,YTH16019147,9.210372161982697,48.79912609299229,(UTC+01:00) Europe/Paris DST,2013-01-04T16:00:00+01:00,16,31,na,47,7.0,0.2,na
Eco Counter GmbH,Landeshauptstadt Stuttgart,607,König-Karls-Brücke Barometer,100034882,YTH16019147,9.210372161982697,48.79912609299229,(UTC+01:00) Europe/Paris DST,2013-01-04T17:00:00+01:00,17,36,na,53,7.0,0.2,na
Eco Counter GmbH,Landeshauptstadt Stuttgart,607,König-Karls-Brücke Barometer,100034882,YTH16019147,9.210372161982697,48.79912609299229,(UTC+01:00) Europe/Paris DST,2013-01-04T18:00:00+01:00,7,26,na,33,7.0,0.2,na
Eco Counter GmbH,Landeshauptstadt Stuttgart,607,König-Karls-Brücke Barometer,100034882,YTH16019147,9.210372161982697,48.79912609299229,(UTC+01:00) Europe/Paris DST,2013-01-04T19:00:00+01:00,10,25,na,35,6.0,0.2,na
Eco Counter GmbH,Landeshauptstadt Stuttgart,607,König-Karls-Brücke Barometer,100034882,YTH16019147,9.210372161982697,48.79912609299229,(UTC+01:00) Europe/Paris DST,2013-01-04T20:00:00+01:00,11,13,na,24,6.0,0.2,na
Eco Counter GmbH,Landeshauptstadt Stuttgart,607,König-Karls-Brücke Barometer,100034882,YTH16019147,9.210372161982697,48.79912609299229,(UTC+01:00) Europe/Paris DST,2013-01-04T21:00:00+01:00,6,10,na,16,5.0,0.1,na
Eco Counter GmbH,Landeshauptstadt Stuttgart,607,König-Karls-Brücke Barometer,100034882,YTH16019147,9.210372161982697,48.79912609299229,(UTC+01:00) Europe/Paris DST,2013-01-04T22:00:00+01:00,2,9,na,11,5.0,0.1,na
Eco Counter GmbH,Landeshauptstadt Stuttgart,607,König-Karls-Brücke Barometer,100034882,YTH16019147,9.210372161982697,48.79912609299229,(UTC+01:00) Europe/Paris DST,2013-01-04T23:00:00+01:00,3,8,na,11,5.0,0.2,na
Eco Counter GmbH,Landeshauptstadt Stuttgart,607,König-Karls-Brücke Barometer,100034882,YTH16019147,9.210372161982697,48.79912609299229,(UTC+01:00) Europe/Paris DST,2013-01-05T00:00:00+01:00,1,4,na,5,5.0,0.2,na
Eco Counter GmbH,Landeshauptstadt Stuttgart,607,König-Karls-Brücke Barometer,100034882,YTH16019147,9.210372161982697,48.79912609299229,(UTC+01:00) Europe/Paris DST,2013-01-05T01:00:00+01:00,0,0,na,0,5.0,0.2,na
Eco Counter GmbH,Landeshauptstadt Stuttgart,607,König-Karls-Brücke Barometer,100034882,YTH16019147,9.210372161982697,48.79912609299229,(UTC+01:00) Europe/Paris DST,2013-01-05T02:00:00+01:00,1,0,na,1,5.0,0.1,na
Eco Counter GmbH,Landeshauptstadt Stuttgart,607,König-Karls-Brücke Barometer,100034882,YTH16019147,9.210372161982697,48.79912609299229,(UTC+01:00) Europe/Paris DST,2013-01-05T03:00:00+01:00,1,1,na,2,5.0,0.1,na
Eco Counter GmbH,Landeshauptstadt Stuttgart,607,König-Karls-Brücke Barometer,100034882,YTH16019147,9.210372161982697,48.79912609299229,(UTC+01:00) Europe/Paris DST,2013-01-05T04:00:00+01:00,0,1,na,1,5.0,0.1,na
Eco Counter GmbH,Landeshauptstadt Stuttgart,607,König-Karls-Brücke Barometer,100034882,YTH16019147,9.210372161982697,48.79912609299229,(UTC+01:00) Europe/Paris DST,2013-01-05T05:00:00+01:00,4,5,na,9,5.0,0.1,na
Eco Counter GmbH,Landeshauptstadt Stuttgart,607,König-Karls-Brücke Barometer,100034882,YTH16019147,9.210372161982697,48.79912609299229,(UTC+01:00) Europe/Paris DST,2013-01-05T06:00:00+01:00,4,7,na,11,5.0,0.1,na
Eco Counter GmbH,Landeshauptstadt Stuttgart,607,König-Karls-Brücke Barometer,100034882,YTH16019147,9.210372161982697,48.79912609299229,(UTC+01:00) Europe/Paris DST,2013-01-05T07:00:00+01:00,6,3,na,9,5.0,0.1,na
Eco Counter GmbH,Landeshauptstadt Stuttgart,607,König-Karls-Brücke Barometer,100034882,YTH16019147,9.210372161982697,48.79912609299229,(UTC+01:00) Europe/Paris DST,2013-01-05T08:00:00+01:00,10,17,na,27,5.0,0.1,na
Eco Counter GmbH,Landeshauptstadt Stuttgart,607,König-Karls-Brücke Barometer,100034882,YTH16019147,9.210372161982697,48.79912609299229,(UTC+01:00) Europe/Paris DST,2013-01-05T09:00:00+01:00,15,17,na,32,6.0,0.1,na
Eco Counter GmbH,Landeshauptstadt Stuttgart,607,König-Karls-Brücke Barometer,100034882,YTH16019147,9.210372161982697,48.79912609299229,(UTC+01:00) Europe/Paris DST,2013-01-05T10:00:00+01:00,19,23,na,42,6.0,0.2,na
Eco Counter GmbH,Landeshauptstadt Stuttgart,607,König-Karls-Brücke Barometer,100034882,YTH16019147,9.210372161982697,48.79912609299229,(UTC+01:00) Europe/Paris DST,2013-01-05T11:00:00+01:00,26,16,na,42,6.0,0.2,na
Eco Counter GmbH,Landeshauptstadt Stuttgart,607,König-Karls-Brücke Barometer,100034882,YTH16019147,9.210372161982697,48.79912609299229,(UTC+01:00) Europe/Paris DST,2013-01-05T12:00:00+01:00,20,37,na,57,6.0,0.3,na
Eco Counter GmbH,Landeshauptstadt Stuttgart,607,König-Karls-Brücke Barometer,100034882,YTH16019147,9.210372161982697,48.79912609299229,(UTC+01:00) Europe/Paris DST,2013-01-05T13:00:00+01:00,34,36,na,70,7.0,0.4,na
Eco Counter GmbH,Landeshauptstadt Stuttgart,607,König-Karls-Brücke Barometer,100034882,YTH16019147,9.210372161982697,48.79912609299229,(UTC+01:00) Europe/Paris DST,2013-01-05T14:00:00+01:00,38,37,na,75,7.0,0.5,na
Eco Counter GmbH,Landeshauptstadt Stuttgart,607,König-Karls-Brücke Barometer,100034882,YTH16019147,9.210372161982697,48.79912609299229,(UTC+01:00) Europe/Paris DST,2013-01-05T15:00:00+01:00,30,32,na,62,7.0,0.7,na
Eco Counter GmbH,Landeshauptstadt Stuttgart,607,König-Karls-Brücke Barometer,100034882,YTH16019147,9.210372161982697,48.79912609299229,(UTC+01:00) Europe/Paris DST,2013-01-05T16:00:00+01:00,22,26,na,48,7.0,0.7,na
Eco Counter GmbH,Landeshauptstadt Stuttgart,607,König-Karls-Brücke Barometer,100034882,YTH16019147,9.210372161982697,48.79912609299229,(UTC+01:00) Europe/Paris DST,2013-01-05T17:00:00+01:00,20,23,na,43,7.0,0.8,na
Eco Counter GmbH,Landeshauptstadt Stuttgart,607,König-Karls-Brücke Barometer,100034882,YTH16019147,9.210372161982697,48.79912609299229,(UTC+01:00) Europe/Paris DST,2013-01-05T18:00:00+01:00,12,17,na,29,7.0,0.8,na
Eco Counter GmbH,Landeshauptstadt Stuttgart,607,König-Karls-Brücke Barometer,100034882,YTH16019147,9.210372161982697,48.79912609299229,(UTC+01:00) Europe/Paris DST,2013-01-05T19:00:00+01:00,11,11,na,22,6.0,0.7,na
Eco Counter GmbH,Landeshauptstadt Stuttgart,607,König-Karls-Brücke Barometer,100034882,YTH16019147,9.210372161982697,48.79912609299229,(UTC+01:00) Europe/Paris DST,2013-01-05T20:00:00+01:00,9,8,na,17,6.0,0.5,na
Eco Counter GmbH,Landeshauptstadt Stuttgart,607,König-Karls-Brücke Barometer,100034882,YTH16019147,9.210372161982697,48.79912609299229,(UTC+01:00) Europe/Paris DST,2013-01-05T21:00:00+01:00,6,8,na,14,6.0,0.4,na
Eco Counter GmbH,Landeshauptstadt Stuttgart,607,König-Karls-Brücke Barometer,100034882,YTH16019147,9.210372161982697,48.79912609299229,(UTC+01:00) Europe/Paris DST,2013-01-05T22:00:00+01:00,3,3,na,6,5.0,0.3,na
Eco Counter GmbH,Landeshauptstadt Stuttgart,607,König-Karls-Brücke Barometer,100034882,YTH16019147,9.210372161982697,48.79912609299229,(UTC+01:00) Europe/Paris DST,2013-01-05T23:00:00+01:00,2,6,na,8,5.0,0.2,na
Eco Counter GmbH,Landeshauptstadt Stuttgart,607,König-Karls-Brücke Barometer,100034882,YTH16019147,9.210372161982697,48.79912609299229,(UTC+01:00) Europe/Paris DST,2013-01-06T00:00:00+01:00,2,0,na,2,5.0,0.1,na
Eco Counter GmbH,Landeshauptstadt Stuttgart,607,König-Karls-Brücke Barometer,100034882,YTH16019147,9.210372161982697,48.79912609299229,(UTC+01:00) Europe/Paris DST,2013-01-06T01:00:00+01:00,0,0,na,0,4.0,0.0,na
Eco Counter GmbH,Landeshauptstadt Stuttgart,607,König-Karls-Brücke Barometer,100034882,YTH16019147,9.210372161982697,48.79912609299229,(UTC+01:00) Europe/Paris DST,2013-01-06T02:00:00+01:00,1,2,na,3,4.0,0.0,na
Eco Counter GmbH,Landeshauptstadt Stuttgart,607,König-Karls-Brücke Barometer,100034882,YTH16019147,9.210372161982697,48.79912609299229,(UTC+01:00) Europe/Paris DST,2013-01-06T03:00:00+01:00,1,3,na,4,4.0,0.0,na
Eco Counter GmbH,Landeshauptstadt Stuttgart,607,König-Karls-Brücke Barometer,100034882,YTH16019147,9.210372161982697,48.79912609299229,(UTC+01:00) Europe/Paris DST,2013-01-06T04:00:00+01:00,1,0,na,1,3.0,0.0,na
Eco Counter GmbH,Landeshauptstadt Stuttgart,607,König-Karls-Brücke Barometer,100034882,YTH16019147,9.210372161982697,48.79912609299229,(UTC+01:00) Europe/Paris DST,2013-01-06T05:00:00+01:00,2,1,na,3,3.0,0.0,na
Eco Counter GmbH,Landeshauptstadt Stuttgart,607,König-Karls-Brücke Barometer,100034882,YTH16019147,9.210372161982697,48.79912609299229,(UTC+01:00) Europe/Paris DST,2013-01-06T06:00:00+01:00,2,5,na,7,3.0,0.0,na
Eco Counter GmbH,Landeshauptstadt Stuttgart,607,König-Karls-Brücke Barometer,100034882,YTH16019147,9.210372161982697,48.79912609299229,(UTC+01:00) Europe/Paris DST,2013-01-06T07:00:00+01:00,0,1,na,1,4.0,0.0,na
Eco Counter GmbH,Landeshauptstadt Stuttgart,607,König-Karls-Brücke Barometer,100034882,YTH16019147,9.210372161982697,48.79912609299229,(UTC+01:00) Europe/Paris DST,2013-01-06T08:00:00+01:00,5,7,na,12,4.0,0.0,na
Eco Counter GmbH,Landeshauptstadt Stuttgart,607,König-Karls-Brücke Barometer,100034882,YTH16019147,9.210372161982697,48.79912609299229,(UTC+01:00) Europe/Paris DST,2013-01-06T09:00:00+01:00,11,19,na,30,5.0,0.0,na
Eco Counter GmbH,Landeshauptstadt Stuttgart,607,König-Karls-Brücke Barometer,100034882,YTH16019147,9.210372161982697,48.79912609299229,(UTC+01:00) Europe/Paris DST,2013-01-06T10:00:00+01:00,7,18,na,25,5.0,0.0,na
Eco Counter GmbH,Landeshauptstadt Stuttgart,607,König-Karls-Brücke Barometer,100034882,YTH16019147,9.210372161982697,48.79912609299229,(UTC+01:00) Europe/Paris DST,2013-01-06T11:00:00+01:00,15,17,na,32,6.0,0.0,na
Eco Counter GmbH,Landeshauptstadt Stuttgart,607,König-Karls-Brücke Barometer,100034882,YTH16019147,9.210372161982697,48.79912609299229,(UTC+01:00) Europe/Paris DST,2013-01-06T12:00:00+01:00,19,28,na,47,6.0,0.0,na
Eco Counter GmbH,Landeshauptstadt Stuttgart,607,König-Karls-Brücke Barometer,100034882,YTH16019147,9.210372161982697,48.79912609299229,(UTC+01:00) Europe/Paris DST,2013-01-06T13:00:00+01:00,26,39,na,65,7.0,0.0,na
Eco Counter GmbH,Landeshauptstadt Stuttgart,607,König-Karls-Brücke Barometer,100034882,YTH16019147,9.210372161982697,48.79912609299229,(UTC+01:00) Europe/Paris DST,2013-01-06T14:00:00+01:00,42,53,na,95,7.0,0.0,na
Eco Counter GmbH,Landeshauptstadt Stuttgart,607,König-Karls-Brücke Barometer,100034882,YTH16019147,9.210372161982697,48.79912609299229,(UTC+01:00) Europe/Paris DST,2013-01-06T15:00:00+01:00,25,35,na,60,7.0,0.1,na
Eco Counter GmbH,Landeshauptstadt Stuttgart,607,König-Karls-Brücke Barometer,100034882,YTH16019147,9.210372161982697,48.79912609299229,(UTC+01:00) Europe/Paris DST,2013-01-06T16:00:00+01:00,23,37,na,60,7.0,0.1,na
Eco Counter GmbH,Landeshauptstadt Stuttgart,607,König-Karls-Brücke Barometer,100034882,YTH16019147,9.210372161982697,48.79912609299229,(UTC+01:00) Europe/Paris DST,2013-01-06T17:00:00+01:00,17,18,na,35,7.0,0.1,na
Eco Counter GmbH,Landeshauptstadt Stuttgart,607,König-Karls-Brücke Barometer,100034882,YTH16019147,9.210372161982697,48.79912609299229,(UTC+01:00) Europe/Paris DST,2013-01-06T18:00:00+01:00,20,16,na,36,6.0,0.1,na
Eco Counter GmbH,Landeshauptstadt Stuttgart,607,König-Karls-Brücke Barometer,100034882,YTH16019147,9.210372161982697,48.79912609299229,(UTC+01:00) Europe/Paris DST,2013-01-06T19:00:00+01:00,11,15,na,26,6.0,0.1,na
Eco Counter GmbH,Landeshauptstadt Stuttgart,607,König-Karls-Brücke Barometer,100034882,YTH16019147,9.210372161982697,48.79912609299229,(UTC+01:00) Europe/Paris DST,2013-01-06T20:00:00+01:00,14,4,na,18,6.0,0.1,na
Eco Counter GmbH,Landeshauptstadt Stuttgart,607,König-Karls-Brücke Barometer,100034882,YTH16019147,9.210372161982697,48.79912609299229,(UTC+01:00) Europe/Paris DST,2013-01-06T21:00:00+01:00,9,11,na,20,5.0,0.1,na
Eco Counter GmbH,Landeshauptstadt Stuttgart,607,König-Karls-Brücke Barometer,100034882,YTH16019147,9.210372161982697,48.79912609299229,(UTC+01:00) Europe/Paris DST,2013-01-06T22:00:00+01:00,0,4,na,4,5.0,0.1,na
Eco Counter GmbH,Landeshauptstadt Stuttgart,607,König-Karls-Brücke Barometer,100034882,YTH16019147,9.210372161982697,48.79912609299229,(UTC+01:00) Europe/Paris DST,2013-01-06T23:00:00+01:00,5,2,na,7,5.0,0.1,na
Eco Counter GmbH,Landeshauptstadt Stuttgart,607,König-Karls-Brücke Barometer,100034882,YTH16019147,9.210372161982697,48.79912609299229,(UTC+01:00) Europe/Paris DST,2013-01-07T00:00:00+01:00,0,3,na,3,4.0,0.2,na
Eco Counter GmbH,Landeshauptstadt Stuttgart,607,König-Karls-Brücke Barometer,100034882,YTH16019147,9.210372161982697,48.79912609299229,(UTC+01:00) Europe/Paris DST,2013-01-07T01:00:00+01:00,1,2,na,3,4.0,0.1,na
Eco Counter GmbH,Landeshauptstadt Stuttgart,607,König-Karls-Brücke Barometer,100034882,YTH16019147,9.210372161982697,48.79912609299229,(UTC+01:00) Europe/Paris DST,2013-01-07T02:00:00+01:00,1,1,na,2,4.0,0.1,na
Eco Counter GmbH,Landeshauptstadt Stuttgart,607,König-Karls-Brücke Barometer,100034882,YTH16019147,9.210372161982697,48.79912609299229,(UTC+01:00) Europe/Paris DST,2013-01-07T03:00:00+01:00,1,2,na,3,3.0,0.1,na
Eco Counter GmbH,Landeshauptstadt Stuttgart,607,König-Karls-Brücke Barometer,100034882,YTH16019147,9.210372161982697,48.79912609299229,(UTC+01:00) Europe/Paris DST,2013-01-07T04:00:00+01:00,1,1,na,2,3.0,0.0,na
Eco Counter GmbH,Landeshauptstadt Stuttgart,607,König-Karls-Brücke Barometer,100034882,YTH16019147,9.210372161982697,48.79912609299229,(UTC+01:00) Europe/Paris DST,2013-01-07T05:00:00+01:00,8,13,na,21,2.0,0.0,na
Eco Counter GmbH,Landeshauptstadt Stuttgart,607,König-Karls-Brücke Barometer,100034882,YTH16019147,9.210372161982697,48.79912609299229,(UTC+01:00) Europe/Paris DST,2013-01-07T06:00:00+01:00,32,23,na,55,2.0,0.0,na
Eco Counter GmbH,Landeshauptstadt Stuttgart,607,König-Karls-Brücke Barometer,100034882,YTH16019147,9.210372161982697,48.79912609299229,(UTC+01:00) Europe/Paris DST,2013-01-07T07:00:00+01:00,67,56,na,123,2.0,0.0,na
Eco Counter GmbH,Landeshauptstadt Stuttgart,607,König-Karls-Brücke Barometer,100034882,YTH16019147,9.210372161982697,48.79912609299229,(UTC+01:00) Europe/Paris DST,2013-01-07T08:00:00+01:00,87,60,na,147,3.0,0.0,na
Eco Counter GmbH,Landeshauptstadt Stuttgart,607,König-Karls-Brücke Barometer,100034882,YTH16019147,9.210372161982697,48.79912609299229,(UTC+01:00) Europe/Paris DST,2013-01-07T09:00:00+01:00,37,29,na,66,3.0,0.0,na
Eco Counter GmbH,Landeshauptstadt Stuttgart,607,König-Karls-Brücke Barometer,100034882,YTH16019147,9.210372161982697,48.79912609299229,(UTC+01:00) Europe/Paris DST,2013-01-07T10:00:00+01:00,22,25,na,47,4.0,0.0,na
Eco Counter GmbH,Landeshauptstadt Stuttgart,607,König-Karls-Brücke Barometer,100034882,YTH16019147,9.210372161982697,48.79912609299229,(UTC+01:00) Europe/Paris DST,2013-01-07T11:00:00+01:00,21,38,na,59,5.0,0.0,na
Eco Counter GmbH,Landeshauptstadt Stuttgart,607,König-Karls-Brücke Barometer,100034882,YTH16019147,9.210372161982697,48.79912609299229,(UTC+01:00) Europe/Paris DST,2013-01-07T12:00:00+01:00,13,31,na,44,6.0,0.0,na
Eco Counter GmbH,Landeshauptstadt Stuttgart,607,König-Karls-Brücke Barometer,100034882,YTH16019147,9.210372161982697,48.79912609299229,(UTC+01:00) Europe/Paris DST,2013-01-07T13:00:00+01:00,34,39,na,73,6.0,0.0,na
Eco Counter GmbH,Landeshauptstadt Stuttgart,607,König-Karls-Brücke Barometer,100034882,YTH16019147,9.210372161982697,48.79912609299229,(UTC+01:00) Europe/Paris DST,2013-01-07T14:00:00+01:00,44,42,na,86,6.0,0.0,na
Eco Counter GmbH,Landeshauptstadt Stuttgart,607,König-Karls-Brücke Barometer,100034882,YTH16019147,9.210372161982697,48.79912609299229,(UTC+01:00) Europe/Paris DST,2013-01-07T15:00:00+01:00,35,59,na,94,6.0,0.0,na
Eco Counter GmbH,Landeshauptstadt Stuttgart,607,König-Karls-Brücke Barometer,100034882,YTH16019147,9.210372161982697,48.79912609299229,(UTC+01:00) Europe/Paris DST,2013-01-07T16:00:00+01:00,47,82,na,129,5.0,0.0,na
Eco Counter GmbH,Landeshauptstadt Stuttgart,607,König-Karls-Brücke Barometer,100034882,YTH16019147,9.210372161982697,48.79912609299229,(UTC+01:00) Europe/Paris DST,2013-01-07T17:00:00+01:00,63,108,na,171,4.0,0.0,na
Eco Counter GmbH,Landeshauptstadt Stuttgart,607,König-Karls-Brücke Barometer,100034882,YTH16019147,9.210372161982697,48.79912609299229,(UTC+01:00) Europe/Paris DST,2013-01-07T18:00:00+01:00,43,72,na,115,3.0,0.0,na
Eco Counter GmbH,Landeshauptstadt Stuttgart,607,König-Karls-Brücke Barometer,100034882,YTH16019147,9.210372161982697,48.79912609299229,(UTC+01:00) Europe/Paris DST,2013-01-07T19:00:00+01:00,33,56,na,89,3.0,0.0,na
Eco Counter GmbH,Landeshauptstadt Stuttgart,607,König-Karls-Brücke Barometer,100034882,YTH16019147,9.210372161982697,48.79912609299229,(UTC+01:00) Europe/Paris DST,2013-01-07T20:00:00+01:00,15,24,na,39,3.0,0.0,na
Eco Counter GmbH,Landeshauptstadt Stuttgart,607,König-Karls-Brücke Barometer,100034882,YTH16019147,9.210372161982697,48.79912609299229,(UTC+01:00) Europe/Paris DST,2013-01-07T21:00:00+01:00,5,11,na,16,2.0,0.0,na
Eco Counter GmbH,Landeshauptstadt Stuttgart,607,König-Karls-Brücke Barometer,100034882,YTH16019147,9.210372161982697,48.79912609299229,(UTC+01:00) Europe/Paris DST,2013-01-07T22:00:00+01:00,2,7,na,9,2.0,0.0,na
Eco Counter GmbH,Landeshauptstadt Stuttgart,607,König-Karls-Brücke Barometer,100034882,YTH16019147,9.210372161982697,48.79912609299229,(UTC+01:00) Europe/Paris DST,2013-01-07T23:00:00+01:00,5,6,na,11,2.0,0.0,na
Eco Counter GmbH,Landeshauptstadt Stuttgart,607,König-Karls-Brücke Barometer,100034882,YTH16019147,9.210372161982697,48.79912609299229,(UTC+01:00) Europe/Paris DST,2013-01-08T00:00:00+01:00,1,6,na,7,1.0,0.0,na
Eco Counter GmbH,Landeshauptstadt Stuttgart,607,König-Karls-Brücke Barometer,100034882,YTH16019147,9.210372161982697,48.79912609299229,(UTC+01:00) Europe/Paris DST,2013-01-08T01:00:00+01:00,0,1,na,1,1.0,0.0,na
Eco Counter GmbH,Landeshauptstadt Stuttgart,607,König-Karls-Brücke Barometer,100034882,YTH16019147,9.210372161982697,48.79912609299229,(UTC+01:00) Europe/Paris DST,2013-01-08T02:00:00+01:00,0,0,na,0,1.0,0.0,na
Eco Counter GmbH,Landeshauptstadt Stuttgart,607,König-Karls-Brücke Barometer,100034882,YTH16019147,9.210372161982697,48.79912609299229,(UTC+01:00) Europe/Paris DST,2013-01-08T03:00:00+01:00,2,0,na,2,1.0,0.0,na
Eco Counter GmbH,Landeshauptstadt Stuttgart,607,König-Karls-Brücke Barometer,100034882,YTH16019147,9.210372161982697,48.79912609299229,(UTC+01:00) Europe/Paris DST,2013-01-08T04:00:00+01:00,2,0,na,2,1.0,0.0,na
Eco Counter GmbH,Landeshauptstadt Stuttgart,607,König-Karls-Brücke Barometer,100034882,YTH16019147,9.210372161982697,48.79912609299229,(UTC+01:00) Europe/Paris DST,2013-01-08T05:00:00+01:00,8,18,na,26,1.0,0.0,na
Eco Counter GmbH,Landeshauptstadt Stuttgart,607,König-Karls-Brücke Barometer,100034882,YTH16019147,9.210372161982697,48.79912609299229,(UTC+01:00) Europe/Paris DST,2013-01-08T06:00:00+01:00,46,28,na,74,1.0,0.0,na
Eco Counter GmbH,Landeshauptstadt Stuttgart,607,König-Karls-Brücke Barometer,100034882,YTH16019147,9.210372161982697,48.79912609299229,(UTC+01:00) Europe/Paris DST,2013-01-08T07:00:00+01:00,92,50,na,142,1.0,0.0,na
Eco Counter GmbH,Landeshauptstadt Stuttgart,607,König-Karls-Brücke Barometer,100034882,YTH16019147,9.210372161982697,48.79912609299229,(UTC+01:00) Europe/Paris DST,2013-01-08T08:00:00+01:00,80,85,na,165,2.0,0.0,na
Eco Counter GmbH,Landeshauptstadt Stuttgart,607,König-Karls-Brücke Barometer,100034882,YTH16019147,9.210372161982697,48.79912609299229,(UTC+01:00) Europe/Paris DST,2013-01-08T09:00:00+01:00,35,36,na,71,2.0,0.0,na
Eco Counter GmbH,Landeshauptstadt Stuttgart,607,König-Karls-Brücke Barometer,100034882,YTH16019147,9.210372161982697,48.79912609299229,(UTC+01:00) Europe/Paris DST,2013-01-08T10:00:00+01:00,19,29,na,48,3.0,0.0,na
Eco Counter GmbH,Landeshauptstadt Stuttgart,607,König-Karls-Brücke Barometer,100034882,YTH16019147,9.210372161982697,48.79912609299229,(UTC+01:00) Europe/Paris DST,2013-01-08T11:00:00+01:00,20,36,na,56,4.0,0.0,na
Eco Counter GmbH,Landeshauptstadt Stuttgart,607,König-Karls-Brücke Barometer,100034882,YTH16019147,9.210372161982697,48.79912609299229,(UTC+01:00) Europe/Paris DST,2013-01-08T12:00:00+01:00,30,34,na,64,5.0,0.0,na
Eco Counter GmbH,Landeshauptstadt Stuttgart,607,König-Karls-Brücke Barometer,100034882,YTH16019147,9.210372161982697,48.79912609299229,(UTC+01:00) Europe/Paris DST,2013-01-08T13:00:00+01:00,23,49,na,72,5.0,0.0,na
Eco Counter GmbH,Landeshauptstadt Stuttgart,607,König-Karls-Brücke Barometer,100034882,YTH16019147,9.210372161982697,48.79912609299229,(UTC+01:00) Europe/Paris DST,2013-01-08T14:00:00+01:00,42,47,na,89,5.0,0.0,na
Eco Counter GmbH,Landeshauptstadt Stuttgart,607,König-Karls-Brücke Barometer,100034882,YTH16019147,9.210372161982697,48.79912609299229,(UTC+01:00) Europe/Paris DST,2013-01-08T15:00:00+01:00,35,61,na,96,5.0,0.0,na
Eco Counter GmbH,Landeshauptstadt Stuttgart,607,König-Karls-Brücke Barometer,100034882,YTH16019147,9.210372161982697,48.79912609299229,(UTC+01:00) Europe/Paris DST,2013-01-08T16:00:00+01:00,54,101,na,155,4.0,0.0,na
Eco Counter GmbH,Landeshauptstadt Stuttgart,607,König-Karls-Brücke Barometer,100034882,YTH16019147,9.210372161982697,48.79912609299229,(UTC+01:00) Europe/Paris DST,2013-01-08T17:00:00+01:00,50,109,na,159,4.0,0.0,na
Eco Counter GmbH,Landeshauptstadt Stuttgart,607,König-Karls-Brücke Barometer,100034882,YTH16019147,9.210372161982697,48.79912609299229,(UTC+01:00) Europe/Paris DST,2013-01-08T18:00:00+01:00,54,58,na,112,3.0,0.0,na
Eco Counter GmbH,Landeshauptstadt Stuttgart,607,König-Karls-Brücke Barometer,100034882,YTH16019147,9.210372161982697,48.79912609299229,(UTC+01:00) Europe/Paris DST,2013-01-08T19:00:00+01:00,33,50,na,83,2.0,0.0,na
Eco Counter GmbH,Landeshauptstadt Stuttgart,607,König-Karls-Brücke Barometer,100034882,YTH16019147,9.210372161982697,48.79912609299229,(UTC+01:00) Europe/Paris DST,2013-01-08T20:00:00+01:00,10,21,na,31,2.0,0.0,na
Eco Counter GmbH,Landeshauptstadt Stuttgart,607,König-Karls-Brücke Barometer,100034882,YTH16019147,9.210372161982697,48.79912609299229,(UTC+01:00) Europe/Paris DST,2013-01-08T21:00:00+01:00,14,20,na,34,1.0,0.0,na
Eco Counter GmbH,Landeshauptstadt Stuttgart,607,König-Karls-Brücke Barometer,100034882,YTH16019147,9.210372161982697,48.79912609299229,(UTC+01:00) Europe/Paris DST,2013-01-08T22:00:00+01:00,3,9,na,12,1.0,0.0,na
Eco Counter GmbH,Landeshauptstadt Stuttgart,607,König-Karls-Brücke Barometer,100034882,YTH16019147,9.210372161982697,48.79912609299229,(UTC+01:00) Europe/Paris DST,2013-01-08T23:00:00+01:00,4,6,na,10,0.0,0.0,na
Eco Counter GmbH,Landeshauptstadt Stuttgart,607,König-Karls-Brücke Barometer,100034882,YTH16019147,9.210372161982697,48.79912609299229,(UTC+01:00) Europe/Paris DST,2013-01-09T00:00:00+01:00,1,1,na,2,0.0,0.0,na
Eco Counter GmbH,Landeshauptstadt Stuttgart,607,König-Karls-Brücke Barometer,100034882,YTH16019147,9.210372161982697,48.79912609299229,(UTC+01:00) Europe/Paris DST,2013-01-09T01:00:00+01:00,0,1,na,1,0.0,0.0,na
Eco Counter GmbH,Landeshauptstadt Stuttgart,607,König-Karls-Brücke Barometer,100034882,YTH16019147,9.210372161982697,48.79912609299229,(UTC+01:00) Europe/Paris DST,2013-01-09T02:00:00+01:00,1,1,na,2,0.0,0.0,na
Eco Counter GmbH,Landeshauptstadt Stuttgart,607,König-Karls-Brücke Barometer,100034882,YTH16019147,9.210372161982697,48.79912609299229,(UTC+01:00) Europe/Paris DST,2013-01-09T03:00:00+01:00,0,0,na,0,-1.0,0.0,na
Eco Counter GmbH,Landeshauptstadt Stuttgart,607,König-Karls-Brücke Barometer,100034882,YTH16019147,9.210372161982697,48.79912609299229,(UTC+01:00) Europe/Paris DST,2013-01-09T04:00:00+01:00,1,0,na,1,-1.0,0.0,na
Eco Counter GmbH,Landeshauptstadt Stuttgart,607,König-Karls-Brücke Barometer,100034882,YTH16019147,9.210372161982697,48.79912609299229,(UTC+01:00) Europe/Paris DST,2013-01-09T05:00:00+01:00,7,12,na,19,-1.0,0.0,na
Eco Counter GmbH,Landeshauptstadt Stuttgart,607,König-Karls-Brücke Barometer,100034882,YTH16019147,9.210372161982697,48.79912609299229,(UTC+01:00) Europe/Paris DST,2013-01-09T06:00:00+01:00,35,32,na,67,-1.0,0.0,na
Eco Counter GmbH,Landeshauptstadt Stuttgart,607,König-Karls-Brücke Barometer,100034882,YTH16019147,9.210372161982697,48.79912609299229,(UTC+01:00) Europe/Paris DST,2013-01-09T07:00:00+01:00,78,54,na,132,0.0,0.0,na
Eco Counter GmbH,Landeshauptstadt Stuttgart,607,König-Karls-Brücke Barometer,100034882,YTH16019147,9.210372161982697,48.79912609299229,(UTC+01:00) Europe/Paris DST,2013-01-09T08:00:00+01:00,79,99,na,178,1.0,0.0,na
Eco Counter GmbH,Landeshauptstadt Stuttgart,607,König-Karls-Brücke Barometer,100034882,YTH16019147,9.210372161982697,48.79912609299229,(UTC+01:00) Europe/Paris DST,2013-01-09T09:00:00+01:00,37,28,na,65,1.0,0.0,na
Eco Counter GmbH,Landeshauptstadt Stuttgart,607,König-Karls-Brücke Barometer,100034882,YTH16019147,9.210372161982697,48.79912609299229,(UTC+01:00) Europe/Paris DST,2013-01-09T10:00:00+01:00,21,20,na,41,3.0,0.0,na
Eco Counter GmbH,Landeshauptstadt Stuttgart,607,König-Karls-Brücke Barometer,100034882,YTH16019147,9.210372161982697,48.79912609299229,(UTC+01:00) Europe/Paris DST,2013-01-09T11:00:00+01:00,28,24,na,52,4.0,0.0,na
Eco Counter GmbH,Landeshauptstadt Stuttgart,607,König-Karls-Brücke Barometer,100034882,YTH16019147,9.210372161982697,48.79912609299229,(UTC+01:00) Europe/Paris DST,2013-01-09T12:00:00+01:00,16,27,na,43,5.0,0.0,na
Eco Counter GmbH,Landeshauptstadt Stuttgart,607,König-Karls-Brücke Barometer,100034882,YTH16019147,9.210372161982697,48.79912609299229,(UTC+01:00) Europe/Paris DST,2013-01-09T13:00:00+01:00,21,37,na,58,5.0,0.0,na
Eco Counter GmbH,Landeshauptstadt Stuttgart,607,König-Karls-Brücke Barometer,100034882,YTH16019147,9.210372161982697,48.79912609299229,(UTC+01:00) Europe/Paris DST,2013-01-09T14:00:00+01:00,30,42,na,72,5.0,0.0,na
Eco Counter GmbH,Landeshauptstadt Stuttgart,607,König-Karls-Brücke Barometer,100034882,YTH16019147,9.210372161982697,48.79912609299229,(UTC+01:00) Europe/Paris DST,2013-01-09T15:00:00+01:00,34,57,na,91,5.0,0.0,na
Eco Counter GmbH,Landeshauptstadt Stuttgart,607,König-Karls-Brücke Barometer,100034882,YTH16019147,9.210372161982697,48.79912609299229,(UTC+01:00) Europe/Paris DST,2013-01-09T16:00:00+01:00,47,53,na,100,4.0,0.0,na
Eco Counter GmbH,Landeshauptstadt Stuttgart,607,König-Karls-Brücke Barometer,100034882,YTH16019147,9.210372161982697,48.79912609299229,(UTC+01:00) Europe/Paris DST,2013-01-09T17:00:00+01:00,55,93,na,148,3.0,0.0,na
Eco Counter GmbH,Landeshauptstadt Stuttgart,607,König-Karls-Brücke Barometer,100034882,YTH16019147,9.210372161982697,48.79912609299229,(UTC+01:00) Europe/Paris DST,2013-01-09T18:00:00+01:00,45,56,na,101,2.0,0.0,na
Eco Counter GmbH,Landeshauptstadt Stuttgart,607,König-Karls-Brücke Barometer,100034882,YTH16019147,9.210372161982697,48.79912609299229,(UTC+01:00) Europe/Paris DST,2013-01-09T19:00:00+01:00,34,52,na,86,2.0,0.0,na
Eco Counter GmbH,Landeshauptstadt Stuttgart,607,König-Karls-Brücke Barometer,100034882,YTH16019147,9.210372161982697,48.79912609299229,(UTC+01:00) Europe/Paris DST,2013-01-09T20:00:00+01:00,10,20,na,30,1.0,0.0,na
Eco Counter GmbH,Landeshauptstadt Stuttgart,607,König-Karls-Brücke Barometer,100034882,YTH16019147,9.210372161982697,48.79912609299229,(UTC+01:00) Europe/Paris DST,2013-01-09T21:00:00+01:00,2,12,na,14,1.0,0.1,na
Eco Counter GmbH,Landeshauptstadt Stuttgart,607,König-Karls-Brücke Barometer,100034882,YTH16019147,9.210372161982697,48.79912609299229,(UTC+01:00) Europe/Paris DST,2013-01-09T22:00:00+01:00,4,10,na,14,1.0,0.1,na
Eco Counter GmbH,Landeshauptstadt Stuttgart,607,König-Karls-Brücke Barometer,100034882,YTH16019147,9.210372161982697,48.79912609299229,(UTC+01:00) Europe/Paris DST,2013-01-09T23:00:00+01:00,6,4,na,10,1.0,0.1,na
Eco Counter GmbH,Landeshauptstadt Stuttgart,607,König-Karls-Brücke Barometer,100034882,YTH16019147,9.210372161982697,48.79912609299229,(UTC+01:00) Europe/Paris DST,2013-01-10T00:00:00+01:00,0,2,na,2,1.0,0.1,na
Eco Counter GmbH,Landeshauptstadt Stuttgart,607,König-Karls-Brücke Barometer,100034882,YTH16019147,9.210372161982697,48.79912609299229,(UTC+01:00) Europe/Paris DST,2013-01-10T01:00:00+01:00,0,1,na,1,1.0,0.1,na
Eco Counter GmbH,Landeshauptstadt Stuttgart,607,König-Karls-Brücke Barometer,100034882,YTH16019147,9.210372161982697,48.79912609299229,(UTC+01:00) Europe/Paris DST,2013-01-10T02:00:00+01:00,0,0,na,0,1.0,0.1,na
Eco Counter GmbH,Landeshauptstadt Stuttgart,607,König-Karls-Brücke Barometer,100034882,YTH16019147,9.210372161982697,48.79912609299229,(UTC+01:00) Europe/Paris DST,2013-01-10T03:00:00+01:00,1,1,na,2,0.0,0.1,na
Eco Counter GmbH,Landeshauptstadt Stuttgart,607,König-Karls-Brücke Barometer,100034882,YTH16019147,9.210372161982697,48.79912609299229,(UTC+01:00) Europe/Paris DST,2013-01-10T04:00:00+01:00,0,0,na,0,0.0,0.1,na
Eco Counter GmbH,Landeshauptstadt Stuttgart,607,König-Karls-Brücke Barometer,100034882,YTH16019147,9.210372161982697,48.79912609299229,(UTC+01:00) Europe/Paris DST,2013-01-10T05:00:00+01:00,4,8,na,12,0.0,0.1,na
Eco Counter GmbH,Landeshauptstadt Stuttgart,607,König-Karls-Brücke Barometer,100034882,YTH16019147,9.210372161982697,48.79912609299229,(UTC+01:00) Europe/Paris DST,2013-01-10T06:00:00+01:00,27,21,na,48,0.0,0.0,na
Eco Counter GmbH,Landeshauptstadt Stuttgart,607,König-Karls-Brücke Barometer,100034882,YTH16019147,9.210372161982697,48.79912609299229,(UTC+01:00) Europe/Paris DST,2013-01-10T07:00:00+01:00,61,43,na,104,1.0,0.0,na
Eco Counter GmbH,Landeshauptstadt Stuttgart,607,König-Karls-Brücke Barometer,100034882,YTH16019147,9.210372161982697,48.79912609299229,(UTC+01:00) Europe/Paris DST,2013-01-10T08:00:00+01:00,67,65,na,132,1.0,0.0,na
Eco Counter GmbH,Landeshauptstadt Stuttgart,607,König-Karls-Brücke Barometer,100034882,YTH16019147,9.210372161982697,48.79912609299229,(UTC+01:00) Europe/Paris DST,2013-01-10T09:00:00+01:00,30,26,na,56,2.0,0.0,na
Eco Counter GmbH,Landeshauptstadt Stuttgart,607,König-Karls-Brücke Barometer,100034882,YTH16019147,9.210372161982697,48.79912609299229,(UTC+01:00) Europe/Paris DST,2013-01-10T10:00:00+01:00,25,30,na,55,2.0,0.0,na
Eco Counter GmbH,Landeshauptstadt Stuttgart,607,König-Karls-Brücke Barometer,100034882,YTH16019147,9.210372161982697,48.79912609299229,(UTC+01:00) Europe/Paris DST,2013-01-10T11:00:00+01:00,18,15,na,33,3.0,0.0,na
Eco Counter GmbH,Landeshauptstadt Stuttgart,607,König-Karls-Brücke Barometer,100034882,YTH16019147,9.210372161982697,48.79912609299229,(UTC+01:00) Europe/Paris DST,2013-01-10T12:00:00+01:00,17,27,na,44,3.0,0.1,na
Eco Counter GmbH,Landeshauptstadt Stuttgart,607,König-Karls-Brücke Barometer,100034882,YTH16019147,9.210372161982697,48.79912609299229,(UTC+01:00) Europe/Paris DST,2013-01-10T13:00:00+01:00,25,29,na,54,3.0,0.1,na
Eco Counter GmbH,Landeshauptstadt Stuttgart,607,König-Karls-Brücke Barometer,100034882,YTH16019147,9.210372161982697,48.79912609299229,(UTC+01:00) Europe/Paris DST,2013-01-10T14:00:00+01:00,22,43,na,65,4.0,0.2,na
Eco Counter GmbH,Landeshauptstadt Stuttgart,607,König-Karls-Brücke Barometer,100034882,YTH16019147,9.210372161982697,48.79912609299229,(UTC+01:00) Europe/Paris DST,2013-01-10T15:00:00+01:00,30,44,na,74,4.0,0.2,na
Eco Counter GmbH,Landeshauptstadt Stuttgart,607,König-Karls-Brücke Barometer,100034882,YTH16019147,9.210372161982697,48.79912609299229,(UTC+01:00) Europe/Paris DST,2013-01-10T16:00:00+01:00,35,72,na,107,4.0,0.2,na
Eco Counter GmbH,Landeshauptstadt Stuttgart,607,König-Karls-Brücke Barometer,100034882,YTH16019147,9.210372161982697,48.79912609299229,(UTC+01:00) Europe/Paris DST,2013-01-10T17:00:00+01:00,31,62,na,93,4.0,0.2,na
Eco Counter GmbH,Landeshauptstadt Stuttgart,607,König-Karls-Brücke Barometer,100034882,YTH16019147,9.210372161982697,48.79912609299229,(UTC+01:00) Europe/Paris DST,2013-01-10T18:00:00+01:00,34,58,na,92,3.0,0.2,na
Eco Counter GmbH,Landeshauptstadt Stuttgart,607,König-Karls-Brücke Barometer,100034882,YTH16019147,9.210372161982697,48.79912609299229,(UTC+01:00) Europe/Paris DST,2013-01-10T19:00:00+01:00,19,40,na,59,3.0,0.1,na
Eco Counter GmbH,Landeshauptstadt Stuttgart,607,König-Karls-Brücke Barometer,100034882,YTH16019147,9.210372161982697,48.79912609299229,(UTC+01:00) Europe/Paris DST,2013-01-10T20:00:00+01:00,13,12,na,25,3.0,0.1,na
Eco Counter GmbH,Landeshauptstadt Stuttgart,607,König-Karls-Brücke Barometer,100034882,YTH16019147,9.210372161982697,48.79912609299229,(UTC+01:00) Europe/Paris DST,2013-01-10T21:00:00+01:00,11,8,na,19,2.0,0.1,na
Eco Counter GmbH,Landeshauptstadt Stuttgart,607,König-Karls-Brücke Barometer,100034882,YTH16019147,9.210372161982697,48.79912609299229,(UTC+01:00) Europe/Paris DST,2013-01-10T22:00:00+01:00,7,11,na,18,2.0,0.1,na
Eco Counter GmbH,Landeshauptstadt Stuttgart,607,König-Karls-Brücke Barometer,100034882,YTH16019147,9.210372161982697,48.79912609299229,(UTC+01:00) Europe/Paris DST,2013-01-10T23:00:00+01:00,5,10,na,15,1.0,0.1,na
Eco Counter GmbH,Landeshauptstadt Stuttgart,607,König-Karls-Brücke Barometer,100034882,YTH16019147,9.210372161982697,48.79912609299229,(UTC+01:00) Europe/Paris DST,2013-01-11T00:00:00+01:00,0,0,na,0,1.0,0.1,na
Eco Counter GmbH,Landeshauptstadt Stuttgart,607,König-Karls-Brücke Barometer,100034882,YTH16019147,9.210372161982697,48.79912609299229,(UTC+01:00) Europe/Paris DST,2013-01-11T01:00:00+01:00,0,2,na,2,0.0,0.1,na
Eco Counter GmbH,Landeshauptstadt Stuttgart,607,König-Karls-Brücke Barometer,100034882,YTH16019147,9.210372161982697,48.79912609299229,(UTC+01:00) Europe/Paris DST,2013-01-11T02:00:00+01:00,0,0,na,0,0.0,0.1,na
Eco Counter GmbH,Landeshauptstadt Stuttgart,607,König-Karls-Brücke Barometer,100034882,YTH16019147,9.210372161982697,48.79912609299229,(UTC+01:00) Europe/Paris DST,2013-01-11T03:00:00+01:00,1,1,na,2,0.0,0.0,na
Eco Counter GmbH,Landeshauptstadt Stuttgart,607,König-Karls-Brücke Barometer,100034882,YTH16019147,9.210372161982697,48.79912609299229,(UTC+01:00) Europe/Paris DST,2013-01-11T04:00:00+01:00,1,1,na,2,0.0,0.0,na
Eco Counter GmbH,Landeshauptstadt Stuttgart,607,König-Karls-Brücke Barometer,100034882,YTH16019147,9.210372161982697,48.79912609299229,(UTC+01:00) Europe/Paris DST,2013-01-11T05:00:00+01:00,11,9,na,20,-1.0,0.1,na
Eco Counter GmbH,Landeshauptstadt Stuttgart,607,König-Karls-Brücke Barometer,100034882,YTH16019147,9.210372161982697,48.79912609299229,(UTC+01:00) Europe/Paris DST,2013-01-11T06:00:00+01:00,26,18,na,44,-1.0,0.1,na
Eco Counter GmbH,Landeshauptstadt Stuttgart,607,König-Karls-Brücke Barometer,100034882,YTH16019147,9.210372161982697,48.79912609299229,(UTC+01:00) Europe/Paris DST,2013-01-11T07:00:00+01:00,57,45,na,102,-1.0,0.1,na
Eco Counter GmbH,Landeshauptstadt Stuttgart,607,König-Karls-Brücke Barometer,100034882,YTH16019147,9.210372161982697,48.79912609299229,(UTC+01:00) Europe/Paris DST,2013-01-11T08:00:00+01:00,65,51,na,116,0.0,0.1,na
Eco Counter GmbH,Landeshauptstadt Stuttgart,607,König-Karls-Brücke Barometer,100034882,YTH16019147,9.210372161982697,48.79912609299229,(UTC+01:00) Europe/Paris DST,2013-01-11T09:00:00+01:00,24,18,na,42,0.0,0.1,na
Eco Counter GmbH,Landeshauptstadt Stuttgart,607,König-Karls-Brücke Barometer,100034882,YTH16019147,9.210372161982697,48.79912609299229,(UTC+01:00) Europe/Paris DST,2013-01-11T10:00:00+01:00,28,26,na,54,0.0,0.1,na
Eco Counter GmbH,Landeshauptstadt Stuttgart,607,König-Karls-Brücke Barometer,100034882,YTH16019147,9.210372161982697,48.79912609299229,(UTC+01:00) Europe/Paris DST,2013-01-11T11:00:00+01:00,20,34,na,54,1.0,0.1,na
Eco Counter GmbH,Landeshauptstadt Stuttgart,607,König-Karls-Brücke Barometer,100034882,YTH16019147,9.210372161982697,48.79912609299229,(UTC+01:00) Europe/Paris DST,2013-01-11T12:00:00+01:00,30,39,na,69,1.0,0.0,na
Eco Counter GmbH,Landeshauptstadt Stuttgart,607,König-Karls-Brücke Barometer,100034882,YTH16019147,9.210372161982697,48.79912609299229,(UTC+01:00) Europe/Paris DST,2013-01-11T13:00:00+01:00,18,40,na,58,1.0,0.0,na
Eco Counter GmbH,Landeshauptstadt Stuttgart,607,König-Karls-Brücke Barometer,100034882,YTH16019147,9.210372161982697,48.79912609299229,(UTC+01:00) Europe/Paris DST,2013-01-11T14:00:00+01:00,35,65,na,100,1.0,0.0,na
Eco Counter GmbH,Landeshauptstadt Stuttgart,607,König-Karls-Brücke Barometer,100034882,YTH16019147,9.210372161982697,48.79912609299229,(UTC+01:00) Europe/Paris DST,2013-01-11T15:00:00+01:00,48,71,na,119,1.0,0.0,na
Eco Counter GmbH,Landeshauptstadt Stuttgart,607,König-Karls-Brücke Barometer,100034882,YTH16019147,9.210372161982697,48.79912609299229,(UTC+01:00) Europe/Paris DST,2013-01-11T16:00:00+01:00,41,72,na,113,1.0,0.0,na
Eco Counter GmbH,Landeshauptstadt Stuttgart,607,König-Karls-Brücke Barometer,100034882,YTH16019147,9.210372161982697,48.79912609299229,(UTC+01:00) Europe/Paris DST,2013-01-11T17:00:00+01:00,34,62,na,96,0.0,0.0,na
Eco Counter GmbH,Landeshauptstadt Stuttgart,607,König-Karls-Brücke Barometer,100034882,YTH16019147,9.210372161982697,48.79912609299229,(UTC+01:00) Europe/Paris DST,2013-01-11T18:00:00+01:00,32,48,na,80,-1.0,0.0,na
Eco Counter GmbH,Landeshauptstadt Stuttgart,607,König-Karls-Brücke Barometer,100034882,YTH16019147,9.210372161982697,48.79912609299229,(UTC+01:00) Europe/Paris DST,2013-01-11T19:00:00+01:00,22,22,na,44,-1.0,0.0,na
Eco Counter GmbH,Landeshauptstadt Stuttgart,607,König-Karls-Brücke Barometer,100034882,YTH16019147,9.210372161982697,48.79912609299229,(UTC+01:00) Europe/Paris DST,2013-01-11T20:00:00+01:00,11,23,na,34,-2.0,0.0,na
Eco Counter GmbH,Landeshauptstadt Stuttgart,607,König-Karls-Brücke Barometer,100034882,YTH16019147,9.210372161982697,48.79912609299229,(UTC+01:00) Europe/Paris DST,2013-01-11T21:00:00+01:00,8,15,na,23,-2.0,0.0,na
Eco Counter GmbH,Landeshauptstadt Stuttgart,607,König-Karls-Brücke Barometer,100034882,YTH16019147,9.210372161982697,48.79912609299229,(UTC+01:00) Europe/Paris DST,2013-01-11T22:00:00+01:00,8,7,na,15,-2.0,0.2,na
Eco Counter GmbH,Landeshauptstadt Stuttgart,607,König-Karls-Brücke Barometer,100034882,YTH16019147,9.210372161982697,48.79912609299229,(UTC+01:00) Europe/Paris DST,2013-01-11T23:00:00+01:00,6,5,na,11,-2.0,0.3,na
Eco Counter GmbH,Landeshauptstadt Stuttgart,607,König-Karls-Brücke Barometer,100034882,YTH16019147,9.210372161982697,48.79912609299229,(UTC+01:00) Europe/Paris DST,2013-01-12T00:00:00+01:00,0,1,na,1,-2.0,0.5,na
Eco Counter GmbH,Landeshauptstadt Stuttgart,607,König-Karls-Brücke Barometer,100034882,YTH16019147,9.210372161982697,48.79912609299229,(UTC+01:00) Europe/Paris DST,2013-01-12T01:00:00+01:00,3,3,na,6,-2.0,0.6,na
Eco Counter GmbH,Landeshauptstadt Stuttgart,607,König-Karls-Brücke Barometer,100034882,YTH16019147,9.210372161982697,48.79912609299229,(UTC+01:00) Europe/Paris DST,2013-01-12T02:00:00+01:00,1,2,na,3,-1.0,0.7,na
Eco Counter GmbH,Landeshauptstadt Stuttgart,607,König-Karls-Brücke Barometer,100034882,YTH16019147,9.210372161982697,48.79912609299229,(UTC+01:00) Europe/Paris DST,2013-01-12T03:00:00+01:00,1,4,na,5,-1.0,0.8,na
Eco Counter GmbH,Landeshauptstadt Stuttgart,607,König-Karls-Brücke Barometer,100034882,YTH16019147,9.210372161982697,48.79912609299229,(UTC+01:00) Europe/Paris DST,2013-01-12T04:00:00+01:00,1,2,na,3,-1.0,0.7,na
Eco Counter GmbH,Landeshauptstadt Stuttgart,607,König-Karls-Brücke Barometer,100034882,YTH16019147,9.210372161982697,48.79912609299229,(UTC+01:00) Europe/Paris DST,2013-01-12T05:00:00+01:00,7,4,na,11,0.0,0.6,na
Eco Counter GmbH,Landeshauptstadt Stuttgart,607,König-Karls-Brücke Barometer,100034882,YTH16019147,9.210372161982697,48.79912609299229,(UTC+01:00) Europe/Paris DST,2013-01-12T06:00:00+01:00,5,3,na,8,0.0,0.5,na
Eco Counter GmbH,Landeshauptstadt Stuttgart,607,König-Karls-Brücke Barometer,100034882,YTH16019147,9.210372161982697,48.79912609299229,(UTC+01:00) Europe/Paris DST,2013-01-12T07:00:00+01:00,4,1,na,5,0.0,0.5,na
Eco Counter GmbH,Landeshauptstadt Stuttgart,607,König-Karls-Brücke Barometer,100034882,YTH16019147,9.210372161982697,48.79912609299229,(UTC+01:00) Europe/Paris DST,2013-01-12T08:00:00+01:00,3,7,na,10,0.0,0.4,na
Eco Counter GmbH,Landeshauptstadt Stuttgart,607,König-Karls-Brücke Barometer,100034882,YTH16019147,9.210372161982697,48.79912609299229,(UTC+01:00) Europe/Paris DST,2013-01-12T09:00:00+01:00,9,5,na,14,0.0,0.3,na
Eco Counter GmbH,Landeshauptstadt Stuttgart,607,König-Karls-Brücke Barometer,100034882,YTH16019147,9.210372161982697,48.79912609299229,(UTC+01:00) Europe/Paris DST,2013-01-12T10:00:00+01:00,6,10,na,16,1.0,0.3,na
Eco Counter GmbH,Landeshauptstadt Stuttgart,607,König-Karls-Brücke Barometer,100034882,YTH16019147,9.210372161982697,48.79912609299229,(UTC+01:00) Europe/Paris DST,2013-01-12T11:00:00+01:00,3,8,na,11,1.0,0.2,na
Eco Counter GmbH,Landeshauptstadt Stuttgart,607,König-Karls-Brücke Barometer,100034882,YTH16019147,9.210372161982697,48.79912609299229,(UTC+01:00) Europe/Paris DST,2013-01-12T12:00:00+01:00,11,9,na,20,1.0,0.2,na
Eco Counter GmbH,Landeshauptstadt Stuttgart,607,König-Karls-Brücke Barometer,100034882,YTH16019147,9.210372161982697,48.79912609299229,(UTC+01:00) Europe/Paris DST,2013-01-12T13:00:00+01:00,6,10,na,16,2.0,0.1,na
Eco Counter GmbH,Landeshauptstadt Stuttgart,607,König-Karls-Brücke Barometer,100034882,YTH16019147,9.210372161982697,48.79912609299229,(UTC+01:00) Europe/Paris DST,2013-01-12T14:00:00+01:00,11,9,na,20,2.0,0.1,na
Eco Counter GmbH,Landeshauptstadt Stuttgart,607,König-Karls-Brücke Barometer,100034882,YTH16019147,9.210372161982697,48.79912609299229,(UTC+01:00) Europe/Paris DST,2013-01-12T15:00:00+01:00,20,22,na,42,2.0,0.0,na
Eco Counter GmbH,Landeshauptstadt Stuttgart,607,König-Karls-Brücke Barometer,100034882,YTH16019147,9.210372161982697,48.79912609299229,(UTC+01:00) Europe/Paris DST,2013-01-12T16:00:00+01:00,14,20,na,34,1.0,0.0,na
Eco Counter GmbH,Landeshauptstadt Stuttgart,607,König-Karls-Brücke Barometer,100034882,YTH16019147,9.210372161982697,48.79912609299229,(UTC+01:00) Europe/Paris DST,2013-01-12T17:00:00+01:00,15,19,na,34,1.0,0.0,na
Eco Counter GmbH,Landeshauptstadt Stuttgart,607,König-Karls-Brücke Barometer,100034882,YTH16019147,9.210372161982697,48.79912609299229,(UTC+01:00) Europe/Paris DST,2013-01-12T18:00:00+01:00,11,4,na,15,1.0,0.0,na
Eco Counter GmbH,Landeshauptstadt Stuttgart,607,König-Karls-Brücke Barometer,100034882,YTH16019147,9.210372161982697,48.79912609299229,(UTC+01:00) Europe/Paris DST,2013-01-12T19:00:00+01:00,5,10,na,15,0.0,0.0,na
Eco Counter GmbH,Landeshauptstadt Stuttgart,607,König-Karls-Brücke Barometer,100034882,YTH16019147,9.210372161982697,48.79912609299229,(UTC+01:00) Europe/Paris DST,2013-01-12T20:00:00+01:00,9,17,na,26,-1.0,0.0,na
Eco Counter GmbH,Landeshauptstadt Stuttgart,607,König-Karls-Brücke Barometer,100034882,YTH16019147,9.210372161982697,48.79912609299229,(UTC+01:00) Europe/Paris DST,2013-01-12T21:00:00+01:00,6,5,na,11,-2.0,0.0,na
Eco Counter GmbH,Landeshauptstadt Stuttgart,607,König-Karls-Brücke Barometer,100034882,YTH16019147,9.210372161982697,48.79912609299229,(UTC+01:00) Europe/Paris DST,2013-01-12T22:00:00+01:00,7,3,na,10,-2.0,0.0,na
Eco Counter GmbH,Landeshauptstadt Stuttgart,607,König-Karls-Brücke Barometer,100034882,YTH16019147,9.210372161982697,48.79912609299229,(UTC+01:00) Europe/Paris DST,2013-01-12T23:00:00+01:00,3,6,na,9,-2.0,0.0,na
Eco Counter GmbH,Landeshauptstadt Stuttgart,607,König-Karls-Brücke Barometer,100034882,YTH16019147,9.210372161982697,48.79912609299229,(UTC+01:00) Europe/Paris DST,2013-01-13T00:00:00+01:00,0,5,na,5,-3.0,0.0,na
Eco Counter GmbH,Landeshauptstadt Stuttgart,607,König-Karls-Brücke Barometer,100034882,YTH16019147,9.210372161982697,48.79912609299229,(UTC+01:00) Europe/Paris DST,2013-01-13T01:00:00+01:00,1,4,na,5,-3.0,0.0,na
Eco Counter GmbH,Landeshauptstadt Stuttgart,607,König-Karls-Brücke Barometer,100034882,YTH16019147,9.210372161982697,48.79912609299229,(UTC+01:00) Europe/Paris DST,2013-01-13T02:00:00+01:00,1,3,na,4,-3.0,0.0,na
Eco Counter GmbH,Landeshauptstadt Stuttgart,607,König-Karls-Brücke Barometer,100034882,YTH16019147,9.210372161982697,48.79912609299229,(UTC+01:00) Europe/Paris DST,2013-01-13T03:00:00+01:00,0,2,na,2,-3.0,0.1,na
Eco Counter GmbH,Landeshauptstadt Stuttgart,607,König-Karls-Brücke Barometer,100034882,YTH16019147,9.210372161982697,48.79912609299229,(UTC+01:00) Europe/Paris DST,2013-01-13T04:00:00+01:00,2,0,na,2,-3.0,0.1,na
Eco Counter GmbH,Landeshauptstadt Stuttgart,607,König-Karls-Brücke Barometer,100034882,YTH16019147,9.210372161982697,48.79912609299229,(UTC+01:00) Europe/Paris DST,2013-01-13T05:00:00+01:00,1,0,na,1,-4.0,0.0,na
Eco Counter GmbH,Landeshauptstadt Stuttgart,607,König-Karls-Brücke Barometer,100034882,YTH16019147,9.210372161982697,48.79912609299229,(UTC+01:00) Europe/Paris DST,2013-01-13T06:00:00+01:00,2,5,na,7,-4.0,0.0,na
Eco Counter GmbH,Landeshauptstadt Stuttgart,607,König-Karls-Brücke Barometer,100034882,YTH16019147,9.210372161982697,48.79912609299229,(UTC+01:00) Europe/Paris DST,2013-01-13T07:00:00+01:00,1,1,na,2,-3.0,0.0,na
Eco Counter GmbH,Landeshauptstadt Stuttgart,607,König-Karls-Brücke Barometer,100034882,YTH16019147,9.210372161982697,48.79912609299229,(UTC+01:00) Europe/Paris DST,2013-01-13T08:00:00+01:00,6,10,na,16,-3.0,0.0,na
Eco Counter GmbH,Landeshauptstadt Stuttgart,607,König-Karls-Brücke Barometer,100034882,YTH16019147,9.210372161982697,48.79912609299229,(UTC+01:00) Europe/Paris DST,2013-01-13T09:00:00+01:00,5,20,na,25,-2.0,0.0,na
Eco Counter GmbH,Landeshauptstadt Stuttgart,607,König-Karls-Brücke Barometer,100034882,YTH16019147,9.210372161982697,48.79912609299229,(UTC+01:00) Europe/Paris DST,2013-01-13T10:00:00+01:00,12,15,na,27,-2.0,0.0,na
Eco Counter GmbH,Landeshauptstadt Stuttgart,607,König-Karls-Brücke Barometer,100034882,YTH16019147,9.210372161982697,48.79912609299229,(UTC+01:00) Europe/Paris DST,2013-01-13T11:00:00+01:00,5,6,na,11,-1.0,0.0,na
Eco Counter GmbH,Landeshauptstadt Stuttgart,607,König-Karls-Brücke Barometer,100034882,YTH16019147,9.210372161982697,48.79912609299229,(UTC+01:00) Europe/Paris DST,2013-01-13T12:00:00+01:00,15,15,na,30,-1.0,0.0,na
Eco Counter GmbH,Landeshauptstadt Stuttgart,607,König-Karls-Brücke Barometer,100034882,YTH16019147,9.210372161982697,48.79912609299229,(UTC+01:00) Europe/Paris DST,2013-01-13T13:00:00+01:00,16,26,na,42,-1.0,0.0,na
Eco Counter GmbH,Landeshauptstadt Stuttgart,607,König-Karls-Brücke Barometer,100034882,YTH16019147,9.210372161982697,48.79912609299229,(UTC+01:00) Europe/Paris DST,2013-01-13T14:00:00+01:00,14,23,na,37,0.0,0.0,na
Eco Counter GmbH,Landeshauptstadt Stuttgart,607,König-Karls-Brücke Barometer,100034882,YTH16019147,9.210372161982697,48.79912609299229,(UTC+01:00) Europe/Paris DST,2013-01-13T15:00:00+01:00,15,17,na,32,0.0,0.0,na
Eco Counter GmbH,Landeshauptstadt Stuttgart,607,König-Karls-Brücke Barometer,100034882,YTH16019147,9.210372161982697,48.79912609299229,(UTC+01:00) Europe/Paris DST,2013-01-13T16:00:00+01:00,14,14,na,28,0.0,0.0,na
Eco Counter GmbH,Landeshauptstadt Stuttgart,607,König-Karls-Brücke Barometer,100034882,YTH16019147,9.210372161982697,48.79912609299229,(UTC+01:00) Europe/Paris DST,2013-01-13T17:00:00+01:00,24,7,na,31,0.0,0.0,na
Eco Counter GmbH,Landeshauptstadt Stuttgart,607,König-Karls-Brücke Barometer,100034882,YTH16019147,9.210372161982697,48.79912609299229,(UTC+01:00) Europe/Paris DST,2013-01-13T18:00:00+01:00,8,8,na,16,-1.0,0.0,na
Eco Counter GmbH,Landeshauptstadt Stuttgart,607,König-Karls-Brücke Barometer,100034882,YTH16019147,9.210372161982697,48.79912609299229,(UTC+01:00) Europe/Paris DST,2013-01-13T19:00:00+01:00,7,6,na,13,-1.0,0.0,na
Eco Counter GmbH,Landeshauptstadt Stuttgart,607,König-Karls-Brücke Barometer,100034882,YTH16019147,9.210372161982697,48.79912609299229,(UTC+01:00) Europe/Paris DST,2013-01-13T20:00:00+01:00,4,18,na,22,-1.0,0.0,na
Eco Counter GmbH,Landeshauptstadt Stuttgart,607,König-Karls-Brücke Barometer,100034882,YTH16019147,9.210372161982697,48.79912609299229,(UTC+01:00) Europe/Paris DST,2013-01-13T21:00:00+01:00,5,3,na,8,-2.0,0.0,na
Eco Counter GmbH,Landeshauptstadt Stuttgart,607,König-Karls-Brücke Barometer,100034882,YTH16019147,9.210372161982697,48.79912609299229,(UTC+01:00) Europe/Paris DST,2013-01-13T22:00:00+01:00,1,7,na,8,-2.0,0.0,na
Eco Counter GmbH,Landeshauptstadt Stuttgart,607,König-Karls-Brücke Barometer,100034882,YTH16019147,9.210372161982697,48.79912609299229,(UTC+01:00) Europe/Paris DST,2013-01-13T23:00:00+01:00,1,0,na,1,-3.0,0.0,na
Eco Counter GmbH,Landeshauptstadt Stuttgart,607,König-Karls-Brücke Barometer,100034882,YTH16019147,9.210372161982697,48.79912609299229,(UTC+01:00) Europe/Paris DST,2013-01-14T00:00:00+01:00,0,1,na,1,-4.0,0.0,na
Eco Counter GmbH,Landeshauptstadt Stuttgart,607,König-Karls-Brücke Barometer,100034882,YTH16019147,9.210372161982697,48.79912609299229,(UTC+01:00) Europe/Paris DST,2013-01-14T01:00:00+01:00,0,1,na,1,-5.0,0.0,na
Eco Counter GmbH,Landeshauptstadt Stuttgart,607,König-Karls-Brücke Barometer,100034882,YTH16019147,9.210372161982697,48.79912609299229,(UTC+01:00) Europe/Paris DST,2013-01-14T02:00:00+01:00,0,0,na,0,-5.0,0.0,na
Eco Counter GmbH,Landeshauptstadt Stuttgart,607,König-Karls-Brücke Barometer,100034882,YTH16019147,9.210372161982697,48.79912609299229,(UTC+01:00) Europe/Paris DST,2013-01-14T03:00:00+01:00,0,0,na,0,-6.0,0.0,na
Eco Counter GmbH,Landeshauptstadt Stuttgart,607,König-Karls-Brücke Barometer,100034882,YTH16019147,9.210372161982697,48.79912609299229,(UTC+01:00) Europe/Paris DST,2013-01-14T04:00:00+01:00,1,1,na,2,-6.0,0.0,na
Eco Counter GmbH,Landeshauptstadt Stuttgart,607,König-Karls-Brücke Barometer,100034882,YTH16019147,9.210372161982697,48.79912609299229,(UTC+01:00) Europe/Paris DST,2013-01-14T05:00:00+01:00,5,6,na,11,-6.0,0.0,na
Eco Counter GmbH,Landeshauptstadt Stuttgart,607,König-Karls-Brücke Barometer,100034882,YTH16019147,9.210372161982697,48.79912609299229,(UTC+01:00) Europe/Paris DST,2013-01-14T06:00:00+01:00,26,13,na,39,-7.0,0.0,na
Eco Counter GmbH,Landeshauptstadt Stuttgart,607,König-Karls-Brücke Barometer,100034882,YTH16019147,9.210372161982697,48.79912609299229,(UTC+01:00) Europe/Paris DST,2013-01-14T07:00:00+01:00,64,45,na,109,-6.0,0.0,na
Eco Counter GmbH,Landeshauptstadt Stuttgart,607,König-Karls-Brücke Barometer,100034882,YTH16019147,9.210372161982697,48.79912609299229,(UTC+01:00) Europe/Paris DST,2013-01-14T08:00:00+01:00,59,58,na,117,-6.0,0.0,na
Eco Counter GmbH,Landeshauptstadt Stuttgart,607,König-Karls-Brücke Barometer,100034882,YTH16019147,9.210372161982697,48.79912609299229,(UTC+01:00) Europe/Paris DST,2013-01-14T09:00:00+01:00,27,26,na,53,-5.0,0.1,na
Eco Counter GmbH,Landeshauptstadt Stuttgart,607,König-Karls-Brücke Barometer,100034882,YTH16019147,9.210372161982697,48.79912609299229,(UTC+01:00) Europe/Paris DST,2013-01-14T10:00:00+01:00,15,26,na,41,-4.0,0.1,na
Eco Counter GmbH,Landeshauptstadt Stuttgart,607,König-Karls-Brücke Barometer,100034882,YTH16019147,9.210372161982697,48.79912609299229,(UTC+01:00) Europe/Paris DST,2013-01-14T11:00:00+01:00,11,15,na,26,-3.0,0.1,na
Eco Counter GmbH,Landeshauptstadt Stuttgart,607,König-Karls-Brücke Barometer,100034882,YTH16019147,9.210372161982697,48.79912609299229,(UTC+01:00) Europe/Paris DST,2013-01-14T12:00:00+01:00,12,21,na,33,-2.0,0.1,na
Eco Counter GmbH,Landeshauptstadt Stuttgart,607,König-Karls-Brücke Barometer,100034882,YTH16019147,9.210372161982697,48.79912609299229,(UTC+01:00) Europe/Paris DST,2013-01-14T13:00:00+01:00,18,22,na,40,-2.0,0.1,na
Eco Counter GmbH,Landeshauptstadt Stuttgart,607,König-Karls-Brücke Barometer,100034882,YTH16019147,9.210372161982697,48.79912609299229,(UTC+01:00) Europe/Paris DST,2013-01-14T14:00:00+01:00,21,34,na,55,-1.0,0.1,na
Eco Counter GmbH,Landeshauptstadt Stuttgart,607,König-Karls-Brücke Barometer,100034882,YTH16019147,9.210372161982697,48.79912609299229,(UTC+01:00) Europe/Paris DST,2013-01-14T15:00:00+01:00,17,43,na,60,-1.0,0.1,na
Eco Counter GmbH,Landeshauptstadt Stuttgart,607,König-Karls-Brücke Barometer,100034882,YTH16019147,9.210372161982697,48.79912609299229,(UTC+01:00) Europe/Paris DST,2013-01-14T16:00:00+01:00,23,42,na,65,-2.0,0.1,na
Eco Counter GmbH,Landeshauptstadt Stuttgart,607,König-Karls-Brücke Barometer,100034882,YTH16019147,9.210372161982697,48.79912609299229,(UTC+01:00) Europe/Paris DST,2013-01-14T17:00:00+01:00,48,56,na,104,-2.0,0.1,na
Eco Counter GmbH,Landeshauptstadt Stuttgart,607,König-Karls-Brücke Barometer,100034882,YTH16019147,9.210372161982697,48.79912609299229,(UTC+01:00) Europe/Paris DST,2013-01-14T18:00:00+01:00,36,58,na,94,-3.0,0.1,na
Eco Counter GmbH,Landeshauptstadt Stuttgart,607,König-Karls-Brücke Barometer,100034882,YTH16019147,9.210372161982697,48.79912609299229,(UTC+01:00) Europe/Paris DST,2013-01-14T19:00:00+01:00,16,42,na,58,-4.0,0.1,na
Eco Counter GmbH,Landeshauptstadt Stuttgart,607,König-Karls-Brücke Barometer,100034882,YTH16019147,9.210372161982697,48.79912609299229,(UTC+01:00) Europe/Paris DST,2013-01-14T20:00:00+01:00,8,17,na,25,-5.0,0.1,na
Eco Counter GmbH,Landeshauptstadt Stuttgart,607,König-Karls-Brücke Barometer,100034882,YTH16019147,9.210372161982697,48.79912609299229,(UTC+01:00) Europe/Paris DST,2013-01-14T21:00:00+01:00,10,11,na,21,-6.0,0.0,na
Eco Counter GmbH,Landeshauptstadt Stuttgart,607,König-Karls-Brücke Barometer,100034882,YTH16019147,9.210372161982697,48.79912609299229,(UTC+01:00) Europe/Paris DST,2013-01-14T22:00:00+01:00,2,3,na,5,-6.0,0.0,na
Eco Counter GmbH,Landeshauptstadt Stuttgart,607,König-Karls-Brücke Barometer,100034882,YTH16019147,9.210372161982697,48.79912609299229,(UTC+01:00) Europe/Paris DST,2013-01-14T23:00:00+01:00,6,4,na,10,-7.0,0.0,na
Eco Counter GmbH,Landeshauptstadt Stuttgart,607,König-Karls-Brücke Barometer,100034882,YTH16019147,9.210372161982697,48.79912609299229,(UTC+01:00) Europe/Paris DST,2013-01-15T00:00:00+01:00,1,5,na,6,-7.0,0.0,na
Eco Counter GmbH,Landeshauptstadt Stuttgart,607,König-Karls-Brücke Barometer,100034882,YTH16019147,9.210372161982697,48.79912609299229,(UTC+01:00) Europe/Paris DST,2013-01-15T01:00:00+01:00,0,1,na,1,-7.0,0.0,na
Eco Counter GmbH,Landeshauptstadt Stuttgart,607,König-Karls-Brücke Barometer,100034882,YTH16019147,9.210372161982697,48.79912609299229,(UTC+01:00) Europe/Paris DST,2013-01-15T02:00:00+01:00,0,1,na,1,-6.0,0.0,na
Eco Counter GmbH,Landeshauptstadt Stuttgart,607,König-Karls-Brücke Barometer,100034882,YTH16019147,9.210372161982697,48.79912609299229,(UTC+01:00) Europe/Paris DST,2013-01-15T03:00:00+01:00,0,0,na,0,-6.0,0.0,na
Eco Counter GmbH,Landeshauptstadt Stuttgart,607,König-Karls-Brücke Barometer,100034882,YTH16019147,9.210372161982697,48.79912609299229,(UTC+01:00) Europe/Paris DST,2013-01-15T04:00:00+01:00,2,0,na,2,-6.0,0.0,na
Eco Counter GmbH,Landeshauptstadt Stuttgart,607,König-Karls-Brücke Barometer,100034882,YTH16019147,9.210372161982697,48.79912609299229,(UTC+01:00) Europe/Paris DST,2013-01-15T05:00:00+01:00,16,7,na,23,-6.0,0.0,na
Eco Counter GmbH,Landeshauptstadt Stuttgart,607,König-Karls-Brücke Barometer,100034882,YTH16019147,9.210372161982697,48.79912609299229,(UTC+01:00) Europe/Paris DST,2013-01-15T06:00:00+01:00,29,15,na,44,-6.0,0.0,na
Eco Counter GmbH,Landeshauptstadt Stuttgart,607,König-Karls-Brücke Barometer,100034882,YTH16019147,9.210372161982697,48.79912609299229,(UTC+01:00) Europe/Paris DST,2013-01-15T07:00:00+01:00,142,42,na,184,-6.0,0.0,na
Eco Counter GmbH,Landeshauptstadt Stuttgart,607,König-Karls-Brücke Barometer,100034882,YTH16019147,9.210372161982697,48.79912609299229,(UTC+01:00) Europe/Paris DST,2013-01-15T08:00:00+01:00,74,45,na,119,-5.0,0.0,na
Eco Counter GmbH,Landeshauptstadt Stuttgart,607,König-Karls-Brücke Barometer,100034882,YTH16019147,9.210372161982697,48.79912609299229,(UTC+01:00) Europe/Paris DST,2013-01-15T09:00:00+01:00,25,29,na,54,-5.0,0.0,na
Eco Counter GmbH,Landeshauptstadt Stuttgart,607,König-Karls-Brücke Barometer,100034882,YTH16019147,9.210372161982697,48.79912609299229,(UTC+01:00) Europe/Paris DST,2013-01-15T10:00:00+01:00,12,19,na,31,-4.0,0.0,na
Eco Counter GmbH,Landeshauptstadt Stuttgart,607,König-Karls-Brücke Barometer,100034882,YTH16019147,9.210372161982697,48.79912609299229,(UTC+01:00) Europe/Paris DST,2013-01-15T11:00:00+01:00,11,11,na,22,-3.0,0.0,na
Eco Counter GmbH,Landeshauptstadt Stuttgart,607,König-Karls-Brücke Barometer,100034882,YTH16019147,9.210372161982697,48.79912609299229,(UTC+01:00) Europe/Paris DST,2013-01-15T12:00:00+01:00,18,23,na,41,-2.0,0.0,na
Eco Counter GmbH,Landeshauptstadt Stuttgart,607,König-Karls-Brücke Barometer,100034882,YTH16019147,9.210372161982697,48.79912609299229,(UTC+01:00) Europe/Paris DST,2013-01-15T13:00:00+01:00,24,21,na,45,-2.0,0.0,na
Eco Counter GmbH,Landeshauptstadt Stuttgart,607,König-Karls-Brücke Barometer,100034882,YTH16019147,9.210372161982697,48.79912609299229,(UTC+01:00) Europe/Paris DST,2013-01-15T14:00:00+01:00,20,30,na,50,-1.0,0.0,na
Eco Counter GmbH,Landeshauptstadt Stuttgart,607,König-Karls-Brücke Barometer,100034882,YTH16019147,9.210372161982697,48.79912609299229,(UTC+01:00) Europe/Paris DST,2013-01-15T15:00:00+01:00,31,55,na,86,-1.0,0.0,na
Eco Counter GmbH,Landeshauptstadt Stuttgart,607,König-Karls-Brücke Barometer,100034882,YTH16019147,9.210372161982697,48.79912609299229,(UTC+01:00) Europe/Paris DST,2013-01-15T16:00:00+01:00,36,62,na,98,-2.0,0.0,na
Eco Counter GmbH,Landeshauptstadt Stuttgart,607,König-Karls-Brücke Barometer,100034882,YTH16019147,9.210372161982697,48.79912609299229,(UTC+01:00) Europe/Paris DST,2013-01-15T17:00:00+01:00,41,75,na,116,-3.0,0.0,na
Eco Counter GmbH,Landeshauptstadt Stuttgart,607,König-Karls-Brücke Barometer,100034882,YTH16019147,9.210372161982697,48.79912609299229,(UTC+01:00) Europe/Paris DST,2013-01-15T18:00:00+01:00,116,55,na,171,-4.0,0.0,na
Eco Counter GmbH,Landeshauptstadt Stuttgart,607,König-Karls-Brücke Barometer,100034882,YTH16019147,9.210372161982697,48.79912609299229,(UTC+01:00) Europe/Paris DST,2013-01-15T19:00:00+01:00,34,29,na,63,-4.0,0.0,na
Eco Counter GmbH,Landeshauptstadt Stuttgart,607,König-Karls-Brücke Barometer,100034882,YTH16019147,9.210372161982697,48.79912609299229,(UTC+01:00) Europe/Paris DST,2013-01-15T20:00:00+01:00,11,23,na,34,-5.0,0.1,na
Eco Counter GmbH,Landeshauptstadt Stuttgart,607,König-Karls-Brücke Barometer,100034882,YTH16019147,9.210372161982697,48.79912609299229,(UTC+01:00) Europe/Paris DST,2013-01-15T21:00:00+01:00,10,12,na,22,-5.0,0.1,na
Eco Counter GmbH,Landeshauptstadt Stuttgart,607,König-Karls-Brücke Barometer,100034882,YTH16019147,9.210372161982697,48.79912609299229,(UTC+01:00) Europe/Paris DST,2013-01-15T22:00:00+01:00,6,13,na,19,-5.0,0.1,na
Eco Counter GmbH,Landeshauptstadt Stuttgart,607,König-Karls-Brücke Barometer,100034882,YTH16019147,9.210372161982697,48.79912609299229,(UTC+01:00) Europe/Paris DST,2013-01-15T23:00:00+01:00,10,4,na,14,-5.0,0.1,na
Eco Counter GmbH,Landeshauptstadt Stuttgart,607,König-Karls-Brücke Barometer,100034882,YTH16019147,9.210372161982697,48.79912609299229,(UTC+01:00) Europe/Paris DST,2013-01-16T00:00:00+01:00,2,2,na,4,-5.0,0.1,na
Eco Counter GmbH,Landeshauptstadt Stuttgart,607,König-Karls-Brücke Barometer,100034882,YTH16019147,9.210372161982697,48.79912609299229,(UTC+01:00) Europe/Paris DST,2013-01-16T01:00:00+01:00,0,0,na,0,-5.0,0.2,na
Eco Counter GmbH,Landeshauptstadt Stuttgart,607,König-Karls-Brücke Barometer,100034882,YTH16019147,9.210372161982697,48.79912609299229,(UTC+01:00) Europe/Paris DST,2013-01-16T02:00:00+01:00,0,1,na,1,-5.0,0.3,na
Eco Counter GmbH,Landeshauptstadt Stuttgart,607,König-Karls-Brücke Barometer,100034882,YTH16019147,9.210372161982697,48.79912609299229,(UTC+01:00) Europe/Paris DST,2013-01-16T03:00:00+01:00,4,0,na,4,-5.0,0.4,na
Eco Counter GmbH,Landeshauptstadt Stuttgart,607,König-Karls-Brücke Barometer,100034882,YTH16019147,9.210372161982697,48.79912609299229,(UTC+01:00) Europe/Paris DST,2013-01-16T04:00:00+01:00,0,0,na,0,-5.0,0.4,na
Eco Counter GmbH,Landeshauptstadt Stuttgart,607,König-Karls-Brücke Barometer,100034882,YTH16019147,9.210372161982697,48.79912609299229,(UTC+01:00) Europe/Paris DST,2013-01-16T05:00:00+01:00,33,5,na,38,-5.0,0.5,na
Eco Counter GmbH,Landeshauptstadt Stuttgart,607,König-Karls-Brücke Barometer,100034882,YTH16019147,9.210372161982697,48.79912609299229,(UTC+01:00) Europe/Paris DST,2013-01-16T06:00:00+01:00,41,15,na,56,-5.0,0.5,na
Eco Counter GmbH,Landeshauptstadt Stuttgart,607,König-Karls-Brücke Barometer,100034882,YTH16019147,9.210372161982697,48.79912609299229,(UTC+01:00) Europe/Paris DST,2013-01-16T07:00:00+01:00,82,20,na,102,-5.0,0.5,na
Eco Counter GmbH,Landeshauptstadt Stuttgart,607,König-Karls-Brücke Barometer,100034882,YTH16019147,9.210372161982697,48.79912609299229,(UTC+01:00) Europe/Paris DST,2013-01-16T08:00:00+01:00,35,35,na,70,-5.0,0.5,na
Eco Counter GmbH,Landeshauptstadt Stuttgart,607,König-Karls-Brücke Barometer,100034882,YTH16019147,9.210372161982697,48.79912609299229,(UTC+01:00) Europe/Paris DST,2013-01-16T09:00:00+01:00,8,12,na,20,-4.0,0.6,na
Eco Counter GmbH,Landeshauptstadt Stuttgart,607,König-Karls-Brücke Barometer,100034882,YTH16019147,9.210372161982697,48.79912609299229,(UTC+01:00) Europe/Paris DST,2013-01-16T10:00:00+01:00,9,11,na,20,-4.0,0.6,na
Eco Counter GmbH,Landeshauptstadt Stuttgart,607,König-Karls-Brücke Barometer,100034882,YTH16019147,9.210372161982697,48.79912609299229,(UTC+01:00) Europe/Paris DST,2013-01-16T11:00:00+01:00,6,11,na,17,-4.0,0.6,na
Eco Counter GmbH,Landeshauptstadt Stuttgart,607,König-Karls-Brücke Barometer,100034882,YTH16019147,9.210372161982697,48.79912609299229,(UTC+01:00) Europe/Paris DST,2013-01-16T12:00:00+01:00,12,15,na,27,-3.0,0.7,na
Eco Counter GmbH,Landeshauptstadt Stuttgart,607,König-Karls-Brücke Barometer,100034882,YTH16019147,9.210372161982697,48.79912609299229,(UTC+01:00) Europe/Paris DST,2013-01-16T13:00:00+01:00,15,16,na,31,-3.0,0.7,na
Eco Counter GmbH,Landeshauptstadt Stuttgart,607,König-Karls-Brücke Barometer,100034882,YTH16019147,9.210372161982697,48.79912609299229,(UTC+01:00) Europe/Paris DST,2013-01-16T14:00:00+01:00,16,11,na,27,-3.0,0.7,na
Eco Counter GmbH,Landeshauptstadt Stuttgart,607,König-Karls-Brücke Barometer,100034882,YTH16019147,9.210372161982697,48.79912609299229,(UTC+01:00) Europe/Paris DST,2013-01-16T15:00:00+01:00,21,16,na,37,-3.0,0.7,na
Eco Counter GmbH,Landeshauptstadt Stuttgart,607,König-Karls-Brücke Barometer,100034882,YTH16019147,9.210372161982697,48.79912609299229,(UTC+01:00) Europe/Paris DST,2013-01-16T16:00:00+01:00,17,28,na,45,-3.0,0.7,na
Eco Counter GmbH,Landeshauptstadt Stuttgart,607,König-Karls-Brücke Barometer,100034882,YTH16019147,9.210372161982697,48.79912609299229,(UTC+01:00) Europe/Paris DST,2013-01-16T17:00:00+01:00,24,40,na,64,-3.0,0.8,na
Eco Counter GmbH,Landeshauptstadt Stuttgart,607,König-Karls-Brücke Barometer,100034882,YTH16019147,9.210372161982697,48.79912609299229,(UTC+01:00) Europe/Paris DST,2013-01-16T18:00:00+01:00,25,34,na,59,-3.0,0.8,na
Eco Counter GmbH,Landeshauptstadt Stuttgart,607,König-Karls-Brücke Barometer,100034882,YTH16019147,9.210372161982697,48.79912609299229,(UTC+01:00) Europe/Paris DST,2013-01-16T19:00:00+01:00,12,20,na,32,-3.0,0.9,na
Eco Counter GmbH,Landeshauptstadt Stuttgart,607,König-Karls-Brücke Barometer,100034882,YTH16019147,9.210372161982697,48.79912609299229,(UTC+01:00) Europe/Paris DST,2013-01-16T20:00:00+01:00,4,10,na,14,-4.0,0.9,na
Eco Counter GmbH,Landeshauptstadt Stuttgart,607,König-Karls-Brücke Barometer,100034882,YTH16019147,9.210372161982697,48.79912609299229,(UTC+01:00) Europe/Paris DST,2013-01-16T21:00:00+01:00,8,9,na,17,-4.0,1.0,na
Eco Counter GmbH,Landeshauptstadt Stuttgart,607,König-Karls-Brücke Barometer,100034882,YTH16019147,9.210372161982697,48.79912609299229,(UTC+01:00) Europe/Paris DST,2013-01-16T22:00:00+01:00,5,7,na,12,-4.0,0.9,na
Eco Counter GmbH,Landeshauptstadt Stuttgart,607,König-Karls-Brücke Barometer,100034882,YTH16019147,9.210372161982697,48.79912609299229,(UTC+01:00) Europe/Paris DST,2013-01-16T23:00:00+01:00,4,2,na,6,-5.0,0.9,na
Eco Counter GmbH,Landeshauptstadt Stuttgart,607,König-Karls-Brücke Barometer,100034882,YTH16019147,9.210372161982697,48.79912609299229,(UTC+01:00) Europe/Paris DST,2013-01-17T00:00:00+01:00,0,2,na,2,-5.0,0.9,na
Eco Counter GmbH,Landeshauptstadt Stuttgart,607,König-Karls-Brücke Barometer,100034882,YTH16019147,9.210372161982697,48.79912609299229,(UTC+01:00) Europe/Paris DST,2013-01-17T01:00:00+01:00,0,2,na,2,-5.0,0.8,na
Eco Counter GmbH,Landeshauptstadt Stuttgart,607,König-Karls-Brücke Barometer,100034882,YTH16019147,9.210372161982697,48.79912609299229,(UTC+01:00) Europe/Paris DST,2013-01-17T02:00:00+01:00,0,0,na,0,-5.0,0.7,na
Eco Counter GmbH,Landeshauptstadt Stuttgart,607,König-Karls-Brücke Barometer,100034882,YTH16019147,9.210372161982697,48.79912609299229,(UTC+01:00) Europe/Paris DST,2013-01-17T03:00:00+01:00,0,1,na,1,-5.0,0.7,na
Eco Counter GmbH,Landeshauptstadt Stuttgart,607,König-Karls-Brücke Barometer,100034882,YTH16019147,9.210372161982697,48.79912609299229,(UTC+01:00) Europe/Paris DST,2013-01-17T04:00:00+01:00,0,0,na,0,-5.0,0.6,na
Eco Counter GmbH,Landeshauptstadt Stuttgart,607,König-Karls-Brücke Barometer,100034882,YTH16019147,9.210372161982697,48.79912609299229,(UTC+01:00) Europe/Paris DST,2013-01-17T05:00:00+01:00,11,8,na,19,-6.0,0.6,na
Eco Counter GmbH,Landeshauptstadt Stuttgart,607,König-Karls-Brücke Barometer,100034882,YTH16019147,9.210372161982697,48.79912609299229,(UTC+01:00) Europe/Paris DST,2013-01-17T06:00:00+01:00,13,14,na,27,-6.0,0.5,na
Eco Counter GmbH,Landeshauptstadt Stuttgart,607,König-Karls-Brücke Barometer,100034882,YTH16019147,9.210372161982697,48.79912609299229,(UTC+01:00) Europe/Paris DST,2013-01-17T07:00:00+01:00,41,26,na,67,-5.0,0.6,na
Eco Counter GmbH,Landeshauptstadt Stuttgart,607,König-Karls-Brücke Barometer,100034882,YTH16019147,9.210372161982697,48.79912609299229,(UTC+01:00) Europe/Paris DST,2013-01-17T08:00:00+01:00,25,27,na,52,-5.0,0.6,na
Eco Counter GmbH,Landeshauptstadt Stuttgart,607,König-Karls-Brücke Barometer,100034882,YTH16019147,9.210372161982697,48.79912609299229,(UTC+01:00) Europe/Paris DST,2013-01-17T09:00:00+01:00,18,15,na,33,-5.0,0.6,na
Eco Counter GmbH,Landeshauptstadt Stuttgart,607,König-Karls-Brücke Barometer,100034882,YTH16019147,9.210372161982697,48.79912609299229,(UTC+01:00) Europe/Paris DST,2013-01-17T10:00:00+01:00,15,11,na,26,-5.0,0.6,na
Eco Counter GmbH,Landeshauptstadt Stuttgart,607,König-Karls-Brücke Barometer,100034882,YTH16019147,9.210372161982697,48.79912609299229,(UTC+01:00) Europe/Paris DST,2013-01-17T11:00:00+01:00,11,1,na,12,-4.0,0.6,na
Eco Counter GmbH,Landeshauptstadt Stuttgart,607,König-Karls-Brücke Barometer,100034882,YTH16019147,9.210372161982697,48.79912609299229,(UTC+01:00) Europe/Paris DST,2013-01-17T12:00:00+01:00,5,9,na,14,-4.0,0.6,na
Eco Counter GmbH,Landeshauptstadt Stuttgart,607,König-Karls-Brücke Barometer,100034882,YTH16019147,9.210372161982697,48.79912609299229,(UTC+01:00) Europe/Paris DST,2013-01-17T13:00:00+01:00,13,10,na,23,-4.0,0.6,na
Eco Counter GmbH,Landeshauptstadt Stuttgart,607,König-Karls-Brücke Barometer,100034882,YTH16019147,9.210372161982697,48.79912609299229,(UTC+01:00) Europe/Paris DST,2013-01-17T14:00:00+01:00,5,16,na,21,-4.0,0.6,na
Eco Counter GmbH,Landeshauptstadt Stuttgart,607,König-Karls-Brücke Barometer,100034882,YTH16019147,9.210372161982697,48.79912609299229,(UTC+01:00) Europe/Paris DST,2013-01-17T15:00:00+01:00,8,14,na,22,-4.0,0.6,na
Eco Counter GmbH,Landeshauptstadt Stuttgart,607,König-Karls-Brücke Barometer,100034882,YTH16019147,9.210372161982697,48.79912609299229,(UTC+01:00) Europe/Paris DST,2013-01-17T16:00:00+01:00,13,24,na,37,-4.0,0.6,na
Eco Counter GmbH,Landeshauptstadt Stuttgart,607,König-Karls-Brücke Barometer,100034882,YTH16019147,9.210372161982697,48.79912609299229,(UTC+01:00) Europe/Paris DST,2013-01-17T17:00:00+01:00,24,29,na,53,-4.0,0.6,na
Eco Counter GmbH,Landeshauptstadt Stuttgart,607,König-Karls-Brücke Barometer,100034882,YTH16019147,9.210372161982697,48.79912609299229,(UTC+01:00) Europe/Paris DST,2013-01-17T18:00:00+01:00,17,32,na,49,-4.0,0.7,na
Eco Counter GmbH,Landeshauptstadt Stuttgart,607,König-Karls-Brücke Barometer,100034882,YTH16019147,9.210372161982697,48.79912609299229,(UTC+01:00) Europe/Paris DST,2013-01-17T19:00:00+01:00,18,19,na,37,-4.0,0.6,na
Eco Counter GmbH,Landeshauptstadt Stuttgart,607,König-Karls-Brücke Barometer,100034882,YTH16019147,9.210372161982697,48.79912609299229,(UTC+01:00) Europe/Paris DST,2013-01-17T20:00:00+01:00,8,10,na,18,-4.0,0.6,na
Eco Counter GmbH,Landeshauptstadt Stuttgart,607,König-Karls-Brücke Barometer,100034882,YTH16019147,9.210372161982697,48.79912609299229,(UTC+01:00) Europe/Paris DST,2013-01-17T21:00:00+01:00,8,4,na,12,-5.0,0.6,na
Eco Counter GmbH,Landeshauptstadt Stuttgart,607,König-Karls-Brücke Barometer,100034882,YTH16019147,9.210372161982697,48.79912609299229,(UTC+01:00) Europe/Paris DST,2013-01-17T22:00:00+01:00,5,7,na,12,-5.0,0.5,na
Eco Counter GmbH,Landeshauptstadt Stuttgart,607,König-Karls-Brücke Barometer,100034882,YTH16019147,9.210372161982697,48.79912609299229,(UTC+01:00) Europe/Paris DST,2013-01-17T23:00:00+01:00,2,1,na,3,-6.0,0.4,na
Eco Counter GmbH,Landeshauptstadt Stuttgart,607,König-Karls-Brücke Barometer,100034882,YTH16019147,9.210372161982697,48.79912609299229,(UTC+01:00) Europe/Paris DST,2013-01-18T00:00:00+01:00,0,2,na,2,-7.0,0.3,na
Eco Counter GmbH,Landeshauptstadt Stuttgart,607,König-Karls-Brücke Barometer,100034882,YTH16019147,9.210372161982697,48.79912609299229,(UTC+01:00) Europe/Paris DST,2013-01-18T01:00:00+01:00,0,0,na,0,-7.0,0.2,na
Eco Counter GmbH,Landeshauptstadt Stuttgart,607,König-Karls-Brücke Barometer,100034882,YTH16019147,9.210372161982697,48.79912609299229,(UTC+01:00) Europe/Paris DST,2013-01-18T02:00:00+01:00,1,0,na,1,-8.0,0.2,na
Eco Counter GmbH,Landeshauptstadt Stuttgart,607,König-Karls-Brücke Barometer,100034882,YTH16019147,9.210372161982697,48.79912609299229,(UTC+01:00) Europe/Paris DST,2013-01-18T03:00:00+01:00,0,1,na,1,-8.0,0.1,na
Eco Counter GmbH,Landeshauptstadt Stuttgart,607,König-Karls-Brücke Barometer,100034882,YTH16019147,9.210372161982697,48.79912609299229,(UTC+01:00) Europe/Paris DST,2013-01-18T04:00:00+01:00,0,2,na,2,-8.0,0.1,na
Eco Counter GmbH,Landeshauptstadt Stuttgart,607,König-Karls-Brücke Barometer,100034882,YTH16019147,9.210372161982697,48.79912609299229,(UTC+01:00) Europe/Paris DST,2013-01-18T05:00:00+01:00,11,7,na,18,-9.0,0.1,na
Eco Counter GmbH,Landeshauptstadt Stuttgart,607,König-Karls-Brücke Barometer,100034882,YTH16019147,9.210372161982697,48.79912609299229,(UTC+01:00) Europe/Paris DST,2013-01-18T06:00:00+01:00,12,9,na,21,-9.0,0.0,na
Eco Counter GmbH,Landeshauptstadt Stuttgart,607,König-Karls-Brücke Barometer,100034882,YTH16019147,9.210372161982697,48.79912609299229,(UTC+01:00) Europe/Paris DST,2013-01-18T07:00:00+01:00,29,16,na,45,-9.0,0.0,na
Eco Counter GmbH,Landeshauptstadt Stuttgart,607,König-Karls-Brücke Barometer,100034882,YTH16019147,9.210372161982697,48.79912609299229,(UTC+01:00) Europe/Paris DST,2013-01-18T08:00:00+01:00,27,21,na,48,-8.0,0.1,na
Eco Counter GmbH,Landeshauptstadt Stuttgart,607,König-Karls-Brücke Barometer,100034882,YTH16019147,9.210372161982697,48.79912609299229,(UTC+01:00) Europe/Paris DST,2013-01-18T09:00:00+01:00,9,10,na,19,-7.0,0.1,na
Eco Counter GmbH,Landeshauptstadt Stuttgart,607,König-Karls-Brücke Barometer,100034882,YTH16019147,9.210372161982697,48.79912609299229,(UTC+01:00) Europe/Paris DST,2013-01-18T10:00:00+01:00,5,6,na,11,-6.0,0.1,na
Eco Counter GmbH,Landeshauptstadt Stuttgart,607,König-Karls-Brücke Barometer,100034882,YTH16019147,9.210372161982697,48.79912609299229,(UTC+01:00) Europe/Paris DST,2013-01-18T11:00:00+01:00,9,3,na,12,-5.0,0.0,na
Eco Counter GmbH,Landeshauptstadt Stuttgart,607,König-Karls-Brücke Barometer,100034882,YTH16019147,9.210372161982697,48.79912609299229,(UTC+01:00) Europe/Paris DST,2013-01-18T12:00:00+01:00,12,11,na,23,-4.0,0.0,na
Eco Counter GmbH,Landeshauptstadt Stuttgart,607,König-Karls-Brücke Barometer,100034882,YTH16019147,9.210372161982697,48.79912609299229,(UTC+01:00) Europe/Paris DST,2013-01-18T13:00:00+01:00,6,11,na,17,-4.0,0.0,na
Eco Counter GmbH,Landeshauptstadt Stuttgart,607,König-Karls-Brücke Barometer,100034882,YTH16019147,9.210372161982697,48.79912609299229,(UTC+01:00) Europe/Paris DST,2013-01-18T14:00:00+01:00,13,23,na,36,-4.0,0.0,na
Eco Counter GmbH,Landeshauptstadt Stuttgart,607,König-Karls-Brücke Barometer,100034882,YTH16019147,9.210372161982697,48.79912609299229,(UTC+01:00) Europe/Paris DST,2013-01-18T15:00:00+01:00,14,17,na,31,-4.0,0.0,na
Eco Counter GmbH,Landeshauptstadt Stuttgart,607,König-Karls-Brücke Barometer,100034882,YTH16019147,9.210372161982697,48.79912609299229,(UTC+01:00) Europe/Paris DST,2013-01-18T16:00:00+01:00,18,22,na,40,-4.0,0.0,na
Eco Counter GmbH,Landeshauptstadt Stuttgart,607,König-Karls-Brücke Barometer,100034882,YTH16019147,9.210372161982697,48.79912609299229,(UTC+01:00) Europe/Paris DST,2013-01-18T17:00:00+01:00,20,25,na,45,-5.0,0.0,na
Eco Counter GmbH,Landeshauptstadt Stuttgart,607,König-Karls-Brücke Barometer,100034882,YTH16019147,9.210372161982697,48.79912609299229,(UTC+01:00) Europe/Paris DST,2013-01-18T18:00:00+01:00,13,25,na,38,-6.0,0.0,na
Eco Counter GmbH,Landeshauptstadt Stuttgart,607,König-Karls-Brücke Barometer,100034882,YTH16019147,9.210372161982697,48.79912609299229,(UTC+01:00) Europe/Paris DST,2013-01-18T19:00:00+01:00,8,4,na,12,-7.0,0.0,na
Eco Counter GmbH,Landeshauptstadt Stuttgart,607,König-Karls-Brücke Barometer,100034882,YTH16019147,9.210372161982697,48.79912609299229,(UTC+01:00) Europe/Paris DST,2013-01-18T20:00:00+01:00,4,9,na,13,-8.0,0.0,na
Eco Counter GmbH,Landeshauptstadt Stuttgart,607,König-Karls-Brücke Barometer,100034882,YTH16019147,9.210372161982697,48.79912609299229,(UTC+01:00) Europe/Paris DST,2013-01-18T21:00:00+01:00,6,3,na,9,-9.0,0.0,na
Eco Counter GmbH,Landeshauptstadt Stuttgart,607,König-Karls-Brücke Barometer,100034882,YTH16019147,9.210372161982697,48.79912609299229,(UTC+01:00) Europe/Paris DST,2013-01-18T22:00:00+01:00,4,7,na,11,-9.0,0.0,na
Eco Counter GmbH,Landeshauptstadt Stuttgart,607,König-Karls-Brücke Barometer,100034882,YTH16019147,9.210372161982697,48.79912609299229,(UTC+01:00) Europe/Paris DST,2013-01-18T23:00:00+01:00,3,2,na,5,-9.0,0.0,na
Eco Counter GmbH,Landeshauptstadt Stuttgart,607,König-Karls-Brücke Barometer,100034882,YTH16019147,9.210372161982697,48.79912609299229,(UTC+01:00) Europe/Paris DST,2013-01-19T00:00:00+01:00,2,3,na,5,-9.0,0.0,na
Eco Counter GmbH,Landeshauptstadt Stuttgart,607,König-Karls-Brücke Barometer,100034882,YTH16019147,9.210372161982697,48.79912609299229,(UTC+01:00) Europe/Paris DST,2013-01-19T01:00:00+01:00,0,0,na,0,-9.0,0.0,na
Eco Counter GmbH,Landeshauptstadt Stuttgart,607,König-Karls-Brücke Barometer,100034882,YTH16019147,9.210372161982697,48.79912609299229,(UTC+01:00) Europe/Paris DST,2013-01-19T02:00:00+01:00,0,0,na,0,-9.0,0.0,na
Eco Counter GmbH,Landeshauptstadt Stuttgart,607,König-Karls-Brücke Barometer,100034882,YTH16019147,9.210372161982697,48.79912609299229,(UTC+01:00) Europe/Paris DST,2013-01-19T03:00:00+01:00,2,1,na,3,-9.0,0.0,na
Eco Counter GmbH,Landeshauptstadt Stuttgart,607,König-Karls-Brücke Barometer,100034882,YTH16019147,9.210372161982697,48.79912609299229,(UTC+01:00) Europe/Paris DST,2013-01-19T04:00:00+01:00,0,0,na,0,-8.0,0.0,na
Eco Counter GmbH,Landeshauptstadt Stuttgart,607,König-Karls-Brücke Barometer,100034882,YTH16019147,9.210372161982697,48.79912609299229,(UTC+01:00) Europe/Paris DST,2013-01-19T05:00:00+01:00,1,1,na,2,-8.0,0.0,na
Eco Counter GmbH,Landeshauptstadt Stuttgart,607,König-Karls-Brücke Barometer,100034882,YTH16019147,9.210372161982697,48.79912609299229,(UTC+01:00) Europe/Paris DST,2013-01-19T06:00:00+01:00,1,2,na,3,-7.0,0.1,na
Eco Counter GmbH,Landeshauptstadt Stuttgart,607,König-Karls-Brücke Barometer,100034882,YTH16019147,9.210372161982697,48.79912609299229,(UTC+01:00) Europe/Paris DST,2013-01-19T07:00:00+01:00,2,3,na,5,-7.0,0.1,na
Eco Counter GmbH,Landeshauptstadt Stuttgart,607,König-Karls-Brücke Barometer,100034882,YTH16019147,9.210372161982697,48.79912609299229,(UTC+01:00) Europe/Paris DST,2013-01-19T08:00:00+01:00,2,4,na,6,-6.0,0.1,na
Eco Counter GmbH,Landeshauptstadt Stuttgart,607,König-Karls-Brücke Barometer,100034882,YTH16019147,9.210372161982697,48.79912609299229,(UTC+01:00) Europe/Paris DST,2013-01-19T09:00:00+01:00,8,2,na,10,-6.0,0.1,na
Eco Counter GmbH,Landeshauptstadt Stuttgart,607,König-Karls-Brücke Barometer,100034882,YTH16019147,9.210372161982697,48.79912609299229,(UTC+01:00) Europe/Paris DST,2013-01-19T10:00:00+01:00,10,15,na,25,-5.0,0.1,na
Eco Counter GmbH,Landeshauptstadt Stuttgart,607,König-Karls-Brücke Barometer,100034882,YTH16019147,9.210372161982697,48.79912609299229,(UTC+01:00) Europe/Paris DST,2013-01-19T11:00:00+01:00,12,11,na,23,-4.0,0.1,na
Eco Counter GmbH,Landeshauptstadt Stuttgart,607,König-Karls-Brücke Barometer,100034882,YTH16019147,9.210372161982697,48.79912609299229,(UTC+01:00) Europe/Paris DST,2013-01-19T12:00:00+01:00,10,13,na,23,-4.0,0.0,na
Eco Counter GmbH,Landeshauptstadt Stuttgart,607,König-Karls-Brücke Barometer,100034882,YTH16019147,9.210372161982697,48.79912609299229,(UTC+01:00) Europe/Paris DST,2013-01-19T13:00:00+01:00,13,14,na,27,-3.0,0.0,na
Eco Counter GmbH,Landeshauptstadt Stuttgart,607,König-Karls-Brücke Barometer,100034882,YTH16019147,9.210372161982697,48.79912609299229,(UTC+01:00) Europe/Paris DST,2013-01-19T14:00:00+01:00,11,12,na,23,-3.0,0.0,na
Eco Counter GmbH,Landeshauptstadt Stuttgart,607,König-Karls-Brücke Barometer,100034882,YTH16019147,9.210372161982697,48.79912609299229,(UTC+01:00) Europe/Paris DST,2013-01-19T15:00:00+01:00,10,12,na,22,-3.0,0.0,na
Eco Counter GmbH,Landeshauptstadt Stuttgart,607,König-Karls-Brücke Barometer,100034882,YTH16019147,9.210372161982697,48.79912609299229,(UTC+01:00) Europe/Paris DST,2013-01-19T16:00:00+01:00,9,12,na,21,-4.0,0.0,na
Eco Counter GmbH,Landeshauptstadt Stuttgart,607,König-Karls-Brücke Barometer,100034882,YTH16019147,9.210372161982697,48.79912609299229,(UTC+01:00) Europe/Paris DST,2013-01-19T17:00:00+01:00,13,16,na,29,-5.0,0.0,na
Eco Counter GmbH,Landeshauptstadt Stuttgart,607,König-Karls-Brücke Barometer,100034882,YTH16019147,9.210372161982697,48.79912609299229,(UTC+01:00) Europe/Paris DST,2013-01-19T18:00:00+01:00,3,9,na,12,-5.0,0.0,na
Eco Counter GmbH,Landeshauptstadt Stuttgart,607,König-Karls-Brücke Barometer,100034882,YTH16019147,9.210372161982697,48.79912609299229,(UTC+01:00) Europe/Paris DST,2013-01-19T19:00:00+01:00,6,9,na,15,-6.0,0.0,na
Eco Counter GmbH,Landeshauptstadt Stuttgart,607,König-Karls-Brücke Barometer,100034882,YTH16019147,9.210372161982697,48.79912609299229,(UTC+01:00) Europe/Paris DST,2013-01-19T20:00:00+01:00,3,14,na,17,-6.0,0.0,na
Eco Counter GmbH,Landeshauptstadt Stuttgart,607,König-Karls-Brücke Barometer,100034882,YTH16019147,9.210372161982697,48.79912609299229,(UTC+01:00) Europe/Paris DST,2013-01-19T21:00:00+01:00,4,7,na,11,-7.0,0.0,na
Eco Counter GmbH,Landeshauptstadt Stuttgart,607,König-Karls-Brücke Barometer,100034882,YTH16019147,9.210372161982697,48.79912609299229,(UTC+01:00) Europe/Paris DST,2013-01-19T22:00:00+01:00,8,3,na,11,-6.0,0.0,na
Eco Counter GmbH,Landeshauptstadt Stuttgart,607,König-Karls-Brücke Barometer,100034882,YTH16019147,9.210372161982697,48.79912609299229,(UTC+01:00) Europe/Paris DST,2013-01-19T23:00:00+01:00,4,2,na,6,-6.0,0.0,na
Eco Counter GmbH,Landeshauptstadt Stuttgart,607,König-Karls-Brücke Barometer,100034882,YTH16019147,9.210372161982697,48.79912609299229,(UTC+01:00) Europe/Paris DST,2013-01-20T00:00:00+01:00,1,5,na,6,-5.0,0.1,na
Eco Counter GmbH,Landeshauptstadt Stuttgart,607,König-Karls-Brücke Barometer,100034882,YTH16019147,9.210372161982697,48.79912609299229,(UTC+01:00) Europe/Paris DST,2013-01-20T01:00:00+01:00,0,1,na,1,-5.0,0.1,na
Eco Counter GmbH,Landeshauptstadt Stuttgart,607,König-Karls-Brücke Barometer,100034882,YTH16019147,9.210372161982697,48.79912609299229,(UTC+01:00) Europe/Paris DST,2013-01-20T02:00:00+01:00,0,0,na,0,-5.0,0.2,na
Eco Counter GmbH,Landeshauptstadt Stuttgart,607,König-Karls-Brücke Barometer,100034882,YTH16019147,9.210372161982697,48.79912609299229,(UTC+01:00) Europe/Paris DST,2013-01-20T03:00:00+01:00,0,1,na,1,-5.0,0.3,na
Eco Counter GmbH,Landeshauptstadt Stuttgart,607,König-Karls-Brücke Barometer,100034882,YTH16019147,9.210372161982697,48.79912609299229,(UTC+01:00) Europe/Paris DST,2013-01-20T04:00:00+01:00,1,0,na,1,-5.0,0.4,na
Eco Counter GmbH,Landeshauptstadt Stuttgart,607,König-Karls-Brücke Barometer,100034882,YTH16019147,9.210372161982697,48.79912609299229,(UTC+01:00) Europe/Paris DST,2013-01-20T05:00:00+01:00,0,0,na,0,-5.0,0.6,na
Eco Counter GmbH,Landeshauptstadt Stuttgart,607,König-Karls-Brücke Barometer,100034882,YTH16019147,9.210372161982697,48.79912609299229,(UTC+01:00) Europe/Paris DST,2013-01-20T06:00:00+01:00,1,0,na,1,-5.0,0.7,na
Eco Counter GmbH,Landeshauptstadt Stuttgart,607,König-Karls-Brücke Barometer,100034882,YTH16019147,9.210372161982697,48.79912609299229,(UTC+01:00) Europe/Paris DST,2013-01-20T07:00:00+01:00,1,1,na,2,-5.0,0.6,na
Eco Counter GmbH,Landeshauptstadt Stuttgart,607,König-Karls-Brücke Barometer,100034882,YTH16019147,9.210372161982697,48.79912609299229,(UTC+01:00) Europe/Paris DST,2013-01-20T08:00:00+01:00,0,5,na,5,-4.0,0.4,na
Eco Counter GmbH,Landeshauptstadt Stuttgart,607,König-Karls-Brücke Barometer,100034882,YTH16019147,9.210372161982697,48.79912609299229,(UTC+01:00) Europe/Paris DST,2013-01-20T09:00:00+01:00,0,2,na,2,-4.0,0.3,na
Eco Counter GmbH,Landeshauptstadt Stuttgart,607,König-Karls-Brücke Barometer,100034882,YTH16019147,9.210372161982697,48.79912609299229,(UTC+01:00) Europe/Paris DST,2013-01-20T10:00:00+01:00,3,4,na,7,-3.0,0.2,na
Eco Counter GmbH,Landeshauptstadt Stuttgart,607,König-Karls-Brücke Barometer,100034882,YTH16019147,9.210372161982697,48.79912609299229,(UTC+01:00) Europe/Paris DST,2013-01-20T11:00:00+01:00,2,1,na,3,-2.0,0.1,na
Eco Counter GmbH,Landeshauptstadt Stuttgart,607,König-Karls-Brücke Barometer,100034882,YTH16019147,9.210372161982697,48.79912609299229,(UTC+01:00) Europe/Paris DST,2013-01-20T12:00:00+01:00,10,6,na,16,-2.0,0.0,na
Eco Counter GmbH,Landeshauptstadt Stuttgart,607,König-Karls-Brücke Barometer,100034882,YTH16019147,9.210372161982697,48.79912609299229,(UTC+01:00) Europe/Paris DST,2013-01-20T13:00:00+01:00,8,1,na,9,-1.0,0.0,na
Eco Counter GmbH,Landeshauptstadt Stuttgart,607,König-Karls-Brücke Barometer,100034882,YTH16019147,9.210372161982697,48.79912609299229,(UTC+01:00) Europe/Paris DST,2013-01-20T14:00:00+01:00,8,11,na,19,-1.0,0.0,na
Eco Counter GmbH,Landeshauptstadt Stuttgart,607,König-Karls-Brücke Barometer,100034882,YTH16019147,9.210372161982697,48.79912609299229,(UTC+01:00) Europe/Paris DST,2013-01-20T15:00:00+01:00,4,9,na,13,-1.0,0.1,na
Eco Counter GmbH,Landeshauptstadt Stuttgart,607,König-Karls-Brücke Barometer,100034882,YTH16019147,9.210372161982697,48.79912609299229,(UTC+01:00) Europe/Paris DST,2013-01-20T16:00:00+01:00,7,3,na,10,-1.0,0.2,na
Eco Counter GmbH,Landeshauptstadt Stuttgart,607,König-Karls-Brücke Barometer,100034882,YTH16019147,9.210372161982697,48.79912609299229,(UTC+01:00) Europe/Paris DST,2013-01-20T17:00:00+01:00,6,7,na,13,-1.0,0.3,na
Eco Counter GmbH,Landeshauptstadt Stuttgart,607,König-Karls-Brücke Barometer,100034882,YTH16019147,9.210372161982697,48.79912609299229,(UTC+01:00) Europe/Paris DST,2013-01-20T18:00:00+01:00,7,7,na,14,-1.0,0.4,na
Eco Counter GmbH,Landeshauptstadt Stuttgart,607,König-Karls-Brücke Barometer,100034882,YTH16019147,9.210372161982697,48.79912609299229,(UTC+01:00) Europe/Paris DST,2013-01-20T19:00:00+01:00,7,1,na,8,-2.0,0.4,na
Eco Counter GmbH,Landeshauptstadt Stuttgart,607,König-Karls-Brücke Barometer,100034882,YTH16019147,9.210372161982697,48.79912609299229,(UTC+01:00) Europe/Paris DST,2013-01-20T20:00:00+01:00,3,6,na,9,-2.0,0.5,na
Eco Counter GmbH,Landeshauptstadt Stuttgart,607,König-Karls-Brücke Barometer,100034882,YTH16019147,9.210372161982697,48.79912609299229,(UTC+01:00) Europe/Paris DST,2013-01-20T21:00:00+01:00,1,5,na,6,-3.0,0.6,na
Eco Counter GmbH,Landeshauptstadt Stuttgart,607,König-Karls-Brücke Barometer,100034882,YTH16019147,9.210372161982697,48.79912609299229,(UTC+01:00) Europe/Paris DST,2013-01-20T22:00:00+01:00,1,2,na,3,-3.0,0.5,na
Eco Counter GmbH,Landeshauptstadt Stuttgart,607,König-Karls-Brücke Barometer,100034882,YTH16019147,9.210372161982697,48.79912609299229,(UTC+01:00) Europe/Paris DST,2013-01-20T23:00:00+01:00,3,4,na,7,-3.0,0.4,na
Eco Counter GmbH,Landeshauptstadt Stuttgart,607,König-Karls-Brücke Barometer,100034882,YTH16019147,9.210372161982697,48.79912609299229,(UTC+01:00) Europe/Paris DST,2013-01-21T00:00:00+01:00,0,0,na,0,-4.0,0.3,na
Eco Counter GmbH,Landeshauptstadt Stuttgart,607,König-Karls-Brücke Barometer,100034882,YTH16019147,9.210372161982697,48.79912609299229,(UTC+01:00) Europe/Paris DST,2013-01-21T01:00:00+01:00,1,0,na,1,-4.0,0.4,na
Eco Counter GmbH,Landeshauptstadt Stuttgart,607,König-Karls-Brücke Barometer,100034882,YTH16019147,9.210372161982697,48.79912609299229,(UTC+01:00) Europe/Paris DST,2013-01-21T02:00:00+01:00,0,0,na,0,-4.0,0.4,na
Eco Counter GmbH,Landeshauptstadt Stuttgart,607,König-Karls-Brücke Barometer,100034882,YTH16019147,9.210372161982697,48.79912609299229,(UTC+01:00) Europe/Paris DST,2013-01-21T03:00:00+01:00,0,0,na,0,-4.0,0.4,na
Eco Counter GmbH,Landeshauptstadt Stuttgart,607,König-Karls-Brücke Barometer,100034882,YTH16019147,9.210372161982697,48.79912609299229,(UTC+01:00) Europe/Paris DST,2013-01-21T04:00:00+01:00,1,0,na,1,-3.0,0.4,na
Eco Counter GmbH,Landeshauptstadt Stuttgart,607,König-Karls-Brücke Barometer,100034882,YTH16019147,9.210372161982697,48.79912609299229,(UTC+01:00) Europe/Paris DST,2013-01-21T05:00:00+01:00,7,11,na,18,-3.0,0.5,na
Eco Counter GmbH,Landeshauptstadt Stuttgart,607,König-Karls-Brücke Barometer,100034882,YTH16019147,9.210372161982697,48.79912609299229,(UTC+01:00) Europe/Paris DST,2013-01-21T06:00:00+01:00,15,10,na,25,-3.0,0.5,na
Eco Counter GmbH,Landeshauptstadt Stuttgart,607,König-Karls-Brücke Barometer,100034882,YTH16019147,9.210372161982697,48.79912609299229,(UTC+01:00) Europe/Paris DST,2013-01-21T07:00:00+01:00,22,23,na,45,-3.0,0.5,na
Eco Counter GmbH,Landeshauptstadt Stuttgart,607,König-Karls-Brücke Barometer,100034882,YTH16019147,9.210372161982697,48.79912609299229,(UTC+01:00) Europe/Paris DST,2013-01-21T08:00:00+01:00,19,13,na,32,-3.0,0.5,na
Eco Counter GmbH,Landeshauptstadt Stuttgart,607,König-Karls-Brücke Barometer,100034882,YTH16019147,9.210372161982697,48.79912609299229,(UTC+01:00) Europe/Paris DST,2013-01-21T09:00:00+01:00,21,7,na,28,-3.0,0.4,na
Eco Counter GmbH,Landeshauptstadt Stuttgart,607,König-Karls-Brücke Barometer,100034882,YTH16019147,9.210372161982697,48.79912609299229,(UTC+01:00) Europe/Paris DST,2013-01-21T10:00:00+01:00,6,11,na,17,-2.0,0.3,na
Eco Counter GmbH,Landeshauptstadt Stuttgart,607,König-Karls-Brücke Barometer,100034882,YTH16019147,9.210372161982697,48.79912609299229,(UTC+01:00) Europe/Paris DST,2013-01-21T11:00:00+01:00,1,8,na,9,-1.0,0.2,na
Eco Counter GmbH,Landeshauptstadt Stuttgart,607,König-Karls-Brücke Barometer,100034882,YTH16019147,9.210372161982697,48.79912609299229,(UTC+01:00) Europe/Paris DST,2013-01-21T12:00:00+01:00,8,6,na,14,0.0,0.1,na
Eco Counter GmbH,Landeshauptstadt Stuttgart,607,König-Karls-Brücke Barometer,100034882,YTH16019147,9.210372161982697,48.79912609299229,(UTC+01:00) Europe/Paris DST,2013-01-21T13:00:00+01:00,11,16,na,27,0.0,0.1,na
Eco Counter GmbH,Landeshauptstadt Stuttgart,607,König-Karls-Brücke Barometer,100034882,YTH16019147,9.210372161982697,48.79912609299229,(UTC+01:00) Europe/Paris DST,2013-01-21T14:00:00+01:00,18,18,na,36,0.0,0.0,na
Eco Counter GmbH,Landeshauptstadt Stuttgart,607,König-Karls-Brücke Barometer,100034882,YTH16019147,9.210372161982697,48.79912609299229,(UTC+01:00) Europe/Paris DST,2013-01-21T15:00:00+01:00,11,25,na,36,0.0,0.0,na
Eco Counter GmbH,Landeshauptstadt Stuttgart,607,König-Karls-Brücke Barometer,100034882,YTH16019147,9.210372161982697,48.79912609299229,(UTC+01:00) Europe/Paris DST,2013-01-21T16:00:00+01:00,16,21,na,37,-1.0,0.0,na
Eco Counter GmbH,Landeshauptstadt Stuttgart,607,König-Karls-Brücke Barometer,100034882,YTH16019147,9.210372161982697,48.79912609299229,(UTC+01:00) Europe/Paris DST,2013-01-21T17:00:00+01:00,28,31,na,59,-1.0,0.0,na
Eco Counter GmbH,Landeshauptstadt Stuttgart,607,König-Karls-Brücke Barometer,100034882,YTH16019147,9.210372161982697,48.79912609299229,(UTC+01:00) Europe/Paris DST,2013-01-21T18:00:00+01:00,17,30,na,47,-2.0,0.1,na
Eco Counter GmbH,Landeshauptstadt Stuttgart,607,König-Karls-Brücke Barometer,100034882,YTH16019147,9.210372161982697,48.79912609299229,(UTC+01:00) Europe/Paris DST,2013-01-21T19:00:00+01:00,9,19,na,28,-2.0,0.1,na
Eco Counter GmbH,Landeshauptstadt Stuttgart,607,König-Karls-Brücke Barometer,100034882,YTH16019147,9.210372161982697,48.79912609299229,(UTC+01:00) Europe/Paris DST,2013-01-21T20:00:00+01:00,8,12,na,20,-2.0,0.1,na
Eco Counter GmbH,Landeshauptstadt Stuttgart,607,König-Karls-Brücke Barometer,100034882,YTH16019147,9.210372161982697,48.79912609299229,(UTC+01:00) Europe/Paris DST,2013-01-21T21:00:00+01:00,5,7,na,12,-3.0,0.2,na
Eco Counter GmbH,Landeshauptstadt Stuttgart,607,König-Karls-Brücke Barometer,100034882,YTH16019147,9.210372161982697,48.79912609299229,(UTC+01:00) Europe/Paris DST,2013-01-21T22:00:00+01:00,6,7,na,13,-2.0,0.1,na
Eco Counter GmbH,Landeshauptstadt Stuttgart,607,König-Karls-Brücke Barometer,100034882,YTH16019147,9.210372161982697,48.79912609299229,(UTC+01:00) Europe/Paris DST,2013-01-21T23:00:00+01:00,5,1,na,6,-2.0,0.1,na
Eco Counter GmbH,Landeshauptstadt Stuttgart,607,König-Karls-Brücke Barometer,100034882,YTH16019147,9.210372161982697,48.79912609299229,(UTC+01:00) Europe/Paris DST,2013-01-22T00:00:00+01:00,0,2,na,2,-2.0,0.1,na
Eco Counter GmbH,Landeshauptstadt Stuttgart,607,König-Karls-Brücke Barometer,100034882,YTH16019147,9.210372161982697,48.79912609299229,(UTC+01:00) Europe/Paris DST,2013-01-22T01:00:00+01:00,0,1,na,1,-3.0,0.0,na
Eco Counter GmbH,Landeshauptstadt Stuttgart,607,König-Karls-Brücke Barometer,100034882,YTH16019147,9.210372161982697,48.79912609299229,(UTC+01:00) Europe/Paris DST,2013-01-22T02:00:00+01:00,0,0,na,0,-3.0,0.0,na
Eco Counter GmbH,Landeshauptstadt Stuttgart,607,König-Karls-Brücke Barometer,100034882,YTH16019147,9.210372161982697,48.79912609299229,(UTC+01:00) Europe/Paris DST,2013-01-22T03:00:00+01:00,0,4,na,4,-3.0,0.0,na
Eco Counter GmbH,Landeshauptstadt Stuttgart,607,König-Karls-Brücke Barometer,100034882,YTH16019147,9.210372161982697,48.79912609299229,(UTC+01:00) Europe/Paris DST,2013-01-22T04:00:00+01:00,1,0,na,1,-3.0,0.0,na
Eco Counter GmbH,Landeshauptstadt Stuttgart,607,König-Karls-Brücke Barometer,100034882,YTH16019147,9.210372161982697,48.79912609299229,(UTC+01:00) Europe/Paris DST,2013-01-22T05:00:00+01:00,4,9,na,13,-4.0,0.0,na
Eco Counter GmbH,Landeshauptstadt Stuttgart,607,König-Karls-Brücke Barometer,100034882,YTH16019147,9.210372161982697,48.79912609299229,(UTC+01:00) Europe/Paris DST,2013-01-22T06:00:00+01:00,16,11,na,27,-4.0,0.0,na
Eco Counter GmbH,Landeshauptstadt Stuttgart,607,König-Karls-Brücke Barometer,100034882,YTH16019147,9.210372161982697,48.79912609299229,(UTC+01:00) Europe/Paris DST,2013-01-22T07:00:00+01:00,24,28,na,52,-4.0,0.0,na
Eco Counter GmbH,Landeshauptstadt Stuttgart,607,König-Karls-Brücke Barometer,100034882,YTH16019147,9.210372161982697,48.79912609299229,(UTC+01:00) Europe/Paris DST,2013-01-22T08:00:00+01:00,35,30,na,65,-3.0,0.0,na
Eco Counter GmbH,Landeshauptstadt Stuttgart,607,König-Karls-Brücke Barometer,100034882,YTH16019147,9.210372161982697,48.79912609299229,(UTC+01:00) Europe/Paris DST,2013-01-22T09:00:00+01:00,20,13,na,33,-3.0,0.0,na
Eco Counter GmbH,Landeshauptstadt Stuttgart,607,König-Karls-Brücke Barometer,100034882,YTH16019147,9.210372161982697,48.79912609299229,(UTC+01:00) Europe/Paris DST,2013-01-22T10:00:00+01:00,8,11,na,19,-2.0,0.0,na
Eco Counter GmbH,Landeshauptstadt Stuttgart,607,König-Karls-Brücke Barometer,100034882,YTH16019147,9.210372161982697,48.79912609299229,(UTC+01:00) Europe/Paris DST,2013-01-22T11:00:00+01:00,9,10,na,19,-1.0,0.0,na
Eco Counter GmbH,Landeshauptstadt Stuttgart,607,König-Karls-Brücke Barometer,100034882,YTH16019147,9.210372161982697,48.79912609299229,(UTC+01:00) Europe/Paris DST,2013-01-22T12:00:00+01:00,9,15,na,24,-1.0,0.0,na
Eco Counter GmbH,Landeshauptstadt Stuttgart,607,König-Karls-Brücke Barometer,100034882,YTH16019147,9.210372161982697,48.79912609299229,(UTC+01:00) Europe/Paris DST,2013-01-22T13:00:00+01:00,14,15,na,29,0.0,0.0,na
Eco Counter GmbH,Landeshauptstadt Stuttgart,607,König-Karls-Brücke Barometer,100034882,YTH16019147,9.210372161982697,48.79912609299229,(UTC+01:00) Europe/Paris DST,2013-01-22T14:00:00+01:00,10,13,na,23,0.0,0.0,na
Eco Counter GmbH,Landeshauptstadt Stuttgart,607,König-Karls-Brücke Barometer,100034882,YTH16019147,9.210372161982697,48.79912609299229,(UTC+01:00) Europe/Paris DST,2013-01-22T15:00:00+01:00,22,17,na,39,1.0,0.0,na
Eco Counter GmbH,Landeshauptstadt Stuttgart,607,König-Karls-Brücke Barometer,100034882,YTH16019147,9.210372161982697,48.79912609299229,(UTC+01:00) Europe/Paris DST,2013-01-22T16:00:00+01:00,19,29,na,48,-1.0,0.0,na
Eco Counter GmbH,Landeshauptstadt Stuttgart,607,König-Karls-Brücke Barometer,100034882,YTH16019147,9.210372161982697,48.79912609299229,(UTC+01:00) Europe/Paris DST,2013-01-22T17:00:00+01:00,28,51,na,79,-2.0,0.0,na
Eco Counter GmbH,Landeshauptstadt Stuttgart,607,König-Karls-Brücke Barometer,100034882,YTH16019147,9.210372161982697,48.79912609299229,(UTC+01:00) Europe/Paris DST,2013-01-22T18:00:00+01:00,27,40,na,67,-3.0,0.0,na
Eco Counter GmbH,Landeshauptstadt Stuttgart,607,König-Karls-Brücke Barometer,100034882,YTH16019147,9.210372161982697,48.79912609299229,(UTC+01:00) Europe/Paris DST,2013-01-22T19:00:00+01:00,21,26,na,47,-4.0,0.0,na
Eco Counter GmbH,Landeshauptstadt Stuttgart,607,König-Karls-Brücke Barometer,100034882,YTH16019147,9.210372161982697,48.79912609299229,(UTC+01:00) Europe/Paris DST,2013-01-22T20:00:00+01:00,12,22,na,34,-5.0,0.0,na
Eco Counter GmbH,Landeshauptstadt Stuttgart,607,König-Karls-Brücke Barometer,100034882,YTH16019147,9.210372161982697,48.79912609299229,(UTC+01:00) Europe/Paris DST,2013-01-22T21:00:00+01:00,7,12,na,19,-6.0,0.0,na
Eco Counter GmbH,Landeshauptstadt Stuttgart,607,König-Karls-Brücke Barometer,100034882,YTH16019147,9.210372161982697,48.79912609299229,(UTC+01:00) Europe/Paris DST,2013-01-22T22:00:00+01:00,1,7,na,8,-6.0,0.0,na
Eco Counter GmbH,Landeshauptstadt Stuttgart,607,König-Karls-Brücke Barometer,100034882,YTH16019147,9.210372161982697,48.79912609299229,(UTC+01:00) Europe/Paris DST,2013-01-22T23:00:00+01:00,5,3,na,8,-6.0,0.0,na
Eco Counter GmbH,Landeshauptstadt Stuttgart,607,König-Karls-Brücke Barometer,100034882,YTH16019147,9.210372161982697,48.79912609299229,(UTC+01:00) Europe/Paris DST,2013-01-23T00:00:00+01:00,1,1,na,2,-5.0,0.0,na
Eco Counter GmbH,Landeshauptstadt Stuttgart,607,König-Karls-Brücke Barometer,100034882,YTH16019147,9.210372161982697,48.79912609299229,(UTC+01:00) Europe/Paris DST,2013-01-23T01:00:00+01:00,0,2,na,2,-5.0,0.0,na
Eco Counter GmbH,Landeshauptstadt Stuttgart,607,König-Karls-Brücke Barometer,100034882,YTH16019147,9.210372161982697,48.79912609299229,(UTC+01:00) Europe/Paris DST,2013-01-23T02:00:00+01:00,0,0,na,0,-5.0,0.0,na
Eco Counter GmbH,Landeshauptstadt Stuttgart,607,König-Karls-Brücke Barometer,100034882,YTH16019147,9.210372161982697,48.79912609299229,(UTC+01:00) Europe/Paris DST,2013-01-23T03:00:00+01:00,0,1,na,1,-5.0,0.0,na
Eco Counter GmbH,Landeshauptstadt Stuttgart,607,König-Karls-Brücke Barometer,100034882,YTH16019147,9.210372161982697,48.79912609299229,(UTC+01:00) Europe/Paris DST,2013-01-23T04:00:00+01:00,0,0,na,0,-6.0,0.0,na
Eco Counter GmbH,Landeshauptstadt Stuttgart,607,König-Karls-Brücke Barometer,100034882,YTH16019147,9.210372161982697,48.79912609299229,(UTC+01:00) Europe/Paris DST,2013-01-23T05:00:00+01:00,6,7,na,13,-6.0,0.0,na
Eco Counter GmbH,Landeshauptstadt Stuttgart,607,König-Karls-Brücke Barometer,100034882,YTH16019147,9.210372161982697,48.79912609299229,(UTC+01:00) Europe/Paris DST,2013-01-23T06:00:00+01:00,22,15,na,37,-7.0,0.0,na
Eco Counter GmbH,Landeshauptstadt Stuttgart,607,König-Karls-Brücke Barometer,100034882,YTH16019147,9.210372161982697,48.79912609299229,(UTC+01:00) Europe/Paris DST,2013-01-23T07:00:00+01:00,50,27,na,77,-6.0,0.0,na
Eco Counter GmbH,Landeshauptstadt Stuttgart,607,König-Karls-Brücke Barometer,100034882,YTH16019147,9.210372161982697,48.79912609299229,(UTC+01:00) Europe/Paris DST,2013-01-23T08:00:00+01:00,41,41,na,82,-5.0,0.0,na
Eco Counter GmbH,Landeshauptstadt Stuttgart,607,König-Karls-Brücke Barometer,100034882,YTH16019147,9.210372161982697,48.79912609299229,(UTC+01:00) Europe/Paris DST,2013-01-23T09:00:00+01:00,15,13,na,28,-4.0,0.0,na
Eco Counter GmbH,Landeshauptstadt Stuttgart,607,König-Karls-Brücke Barometer,100034882,YTH16019147,9.210372161982697,48.79912609299229,(UTC+01:00) Europe/Paris DST,2013-01-23T10:00:00+01:00,12,11,na,23,-3.0,0.0,na
Eco Counter GmbH,Landeshauptstadt Stuttgart,607,König-Karls-Brücke Barometer,100034882,YTH16019147,9.210372161982697,48.79912609299229,(UTC+01:00) Europe/Paris DST,2013-01-23T11:00:00+01:00,7,11,na,18,-1.0,0.0,na
Eco Counter GmbH,Landeshauptstadt Stuttgart,607,König-Karls-Brücke Barometer,100034882,YTH16019147,9.210372161982697,48.79912609299229,(UTC+01:00) Europe/Paris DST,2013-01-23T12:00:00+01:00,18,18,na,36,0.0,0.0,na
Eco Counter GmbH,Landeshauptstadt Stuttgart,607,König-Karls-Brücke Barometer,100034882,YTH16019147,9.210372161982697,48.79912609299229,(UTC+01:00) Europe/Paris DST,2013-01-23T13:00:00+01:00,19,20,na,39,0.0,0.0,na
Eco Counter GmbH,Landeshauptstadt Stuttgart,607,König-Karls-Brücke Barometer,100034882,YTH16019147,9.210372161982697,48.79912609299229,(UTC+01:00) Europe/Paris DST,2013-01-23T14:00:00+01:00,20,21,na,41,0.0,0.0,na
Eco Counter GmbH,Landeshauptstadt Stuttgart,607,König-Karls-Brücke Barometer,100034882,YTH16019147,9.210372161982697,48.79912609299229,(UTC+01:00) Europe/Paris DST,2013-01-23T15:00:00+01:00,16,23,na,39,0.0,0.0,na
Eco Counter GmbH,Landeshauptstadt Stuttgart,607,König-Karls-Brücke Barometer,100034882,YTH16019147,9.210372161982697,48.79912609299229,(UTC+01:00) Europe/Paris DST,2013-01-23T16:00:00+01:00,25,35,na,60,-1.0,0.0,na
Eco Counter GmbH,Landeshauptstadt Stuttgart,607,König-Karls-Brücke Barometer,100034882,YTH16019147,9.210372161982697,48.79912609299229,(UTC+01:00) Europe/Paris DST,2013-01-23T17:00:00+01:00,33,47,na,80,-3.0,0.0,na
Eco Counter GmbH,Landeshauptstadt Stuttgart,607,König-Karls-Brücke Barometer,100034882,YTH16019147,9.210372161982697,48.79912609299229,(UTC+01:00) Europe/Paris DST,2013-01-23T18:00:00+01:00,37,47,na,84,-4.0,0.0,na
Eco Counter GmbH,Landeshauptstadt Stuttgart,607,König-Karls-Brücke Barometer,100034882,YTH16019147,9.210372161982697,48.79912609299229,(UTC+01:00) Europe/Paris DST,2013-01-23T19:00:00+01:00,27,32,na,59,-4.0,0.0,na
Eco Counter GmbH,Landeshauptstadt Stuttgart,607,König-Karls-Brücke Barometer,100034882,YTH16019147,9.210372161982697,48.79912609299229,(UTC+01:00) Europe/Paris DST,2013-01-23T20:00:00+01:00,11,23,na,34,-4.0,0.0,na
Eco Counter GmbH,Landeshauptstadt Stuttgart,607,König-Karls-Brücke Barometer,100034882,YTH16019147,9.210372161982697,48.79912609299229,(UTC+01:00) Europe/Paris DST,2013-01-23T21:00:00+01:00,4,9,na,13,-5.0,0.0,na
Eco Counter GmbH,Landeshauptstadt Stuttgart,607,König-Karls-Brücke Barometer,100034882,YTH16019147,9.210372161982697,48.79912609299229,(UTC+01:00) Europe/Paris DST,2013-01-23T22:00:00+01:00,5,13,na,18,-4.0,0.0,na
Eco Counter GmbH,Landeshauptstadt Stuttgart,607,König-Karls-Brücke Barometer,100034882,YTH16019147,9.210372161982697,48.79912609299229,(UTC+01:00) Europe/Paris DST,2013-01-23T23:00:00+01:00,5,8,na,13,-4.0,0.0,na
Eco Counter GmbH,Landeshauptstadt Stuttgart,607,König-Karls-Brücke Barometer,100034882,YTH16019147,9.210372161982697,48.79912609299229,(UTC+01:00) Europe/Paris DST,2013-01-24T00:00:00+01:00,2,2,na,4,-4.0,0.0,na
Eco Counter GmbH,Landeshauptstadt Stuttgart,607,König-Karls-Brücke Barometer,100034882,YTH16019147,9.210372161982697,48.79912609299229,(UTC+01:00) Europe/Paris DST,2013-01-24T01:00:00+01:00,1,0,na,1,-5.0,0.0,na
Eco Counter GmbH,Landeshauptstadt Stuttgart,607,König-Karls-Brücke Barometer,100034882,YTH16019147,9.210372161982697,48.79912609299229,(UTC+01:00) Europe/Paris DST,2013-01-24T02:00:00+01:00,0,0,na,0,-5.0,0.0,na
Eco Counter GmbH,Landeshauptstadt Stuttgart,607,König-Karls-Brücke Barometer,100034882,YTH16019147,9.210372161982697,48.79912609299229,(UTC+01:00) Europe/Paris DST,2013-01-24T03:00:00+01:00,1,0,na,1,-5.0,0.0,na
Eco Counter GmbH,Landeshauptstadt Stuttgart,607,König-Karls-Brücke Barometer,100034882,YTH16019147,9.210372161982697,48.79912609299229,(UTC+01:00) Europe/Paris DST,2013-01-24T04:00:00+01:00,0,0,na,0,-5.0,0.0,na
Eco Counter GmbH,Landeshauptstadt Stuttgart,607,König-Karls-Brücke Barometer,100034882,YTH16019147,9.210372161982697,48.79912609299229,(UTC+01:00) Europe/Paris DST,2013-01-24T05:00:00+01:00,7,10,na,17,-6.0,0.0,na
Eco Counter GmbH,Landeshauptstadt Stuttgart,607,König-Karls-Brücke Barometer,100034882,YTH16019147,9.210372161982697,48.79912609299229,(UTC+01:00) Europe/Paris DST,2013-01-24T06:00:00+01:00,15,14,na,29,-6.0,0.0,na
Eco Counter GmbH,Landeshauptstadt Stuttgart,607,König-Karls-Brücke Barometer,100034882,YTH16019147,9.210372161982697,48.79912609299229,(UTC+01:00) Europe/Paris DST,2013-01-24T07:00:00+01:00,40,37,na,77,-5.0,0.0,na
Eco Counter GmbH,Landeshauptstadt Stuttgart,607,König-Karls-Brücke Barometer,100034882,YTH16019147,9.210372161982697,48.79912609299229,(UTC+01:00) Europe/Paris DST,2013-01-24T08:00:00+01:00,40,43,na,83,-5.0,0.0,na
Eco Counter GmbH,Landeshauptstadt Stuttgart,607,König-Karls-Brücke Barometer,100034882,YTH16019147,9.210372161982697,48.79912609299229,(UTC+01:00) Europe/Paris DST,2013-01-24T09:00:00+01:00,17,14,na,31,-5.0,0.0,na
Eco Counter GmbH,Landeshauptstadt Stuttgart,607,König-Karls-Brücke Barometer,100034882,YTH16019147,9.210372161982697,48.79912609299229,(UTC+01:00) Europe/Paris DST,2013-01-24T10:00:00+01:00,12,16,na,28,-4.0,0.0,na
Eco Counter GmbH,Landeshauptstadt Stuttgart,607,König-Karls-Brücke Barometer,100034882,YTH16019147,9.210372161982697,48.79912609299229,(UTC+01:00) Europe/Paris DST,2013-01-24T11:00:00+01:00,15,15,na,30,-3.0,0.0,na
Eco Counter GmbH,Landeshauptstadt Stuttgart,607,König-Karls-Brücke Barometer,100034882,YTH16019147,9.210372161982697,48.79912609299229,(UTC+01:00) Europe/Paris DST,2013-01-24T12:00:00+01:00,11,20,na,31,-3.0,0.1,na
Eco Counter GmbH,Landeshauptstadt Stuttgart,607,König-Karls-Brücke Barometer,100034882,YTH16019147,9.210372161982697,48.79912609299229,(UTC+01:00) Europe/Paris DST,2013-01-24T13:00:00+01:00,17,24,na,41,-2.0,0.1,na
Eco Counter GmbH,Landeshauptstadt Stuttgart,607,König-Karls-Brücke Barometer,100034882,YTH16019147,9.210372161982697,48.79912609299229,(UTC+01:00) Europe/Paris DST,2013-01-24T14:00:00+01:00,26,17,na,43,-2.0,0.1,na
Eco Counter GmbH,Landeshauptstadt Stuttgart,607,König-Karls-Brücke Barometer,100034882,YTH16019147,9.210372161982697,48.79912609299229,(UTC+01:00) Europe/Paris DST,2013-01-24T15:00:00+01:00,21,38,na,59,-2.0,0.1,na
Eco Counter GmbH,Landeshauptstadt Stuttgart,607,König-Karls-Brücke Barometer,100034882,YTH16019147,9.210372161982697,48.79912609299229,(UTC+01:00) Europe/Paris DST,2013-01-24T16:00:00+01:00,19,32,na,51,-3.0,0.1,na
Eco Counter GmbH,Landeshauptstadt Stuttgart,607,König-Karls-Brücke Barometer,100034882,YTH16019147,9.210372161982697,48.79912609299229,(UTC+01:00) Europe/Paris DST,2013-01-24T17:00:00+01:00,33,42,na,75,-3.0,0.1,na
Eco Counter GmbH,Landeshauptstadt Stuttgart,607,König-Karls-Brücke Barometer,100034882,YTH16019147,9.210372161982697,48.79912609299229,(UTC+01:00) Europe/Paris DST,2013-01-24T18:00:00+01:00,29,41,na,70,-4.0,0.0,na
Eco Counter GmbH,Landeshauptstadt Stuttgart,607,König-Karls-Brücke Barometer,100034882,YTH16019147,9.210372161982697,48.79912609299229,(UTC+01:00) Europe/Paris DST,2013-01-24T19:00:00+01:00,16,29,na,45,-4.0,0.0,na
Eco Counter GmbH,Landeshauptstadt Stuttgart,607,König-Karls-Brücke Barometer,100034882,YTH16019147,9.210372161982697,48.79912609299229,(UTC+01:00) Europe/Paris DST,2013-01-24T20:00:00+01:00,10,17,na,27,-4.0,0.1,na
Eco Counter GmbH,Landeshauptstadt Stuttgart,607,König-Karls-Brücke Barometer,100034882,YTH16019147,9.210372161982697,48.79912609299229,(UTC+01:00) Europe/Paris DST,2013-01-24T21:00:00+01:00,7,7,na,14,-4.0,0.1,na
Eco Counter GmbH,Landeshauptstadt Stuttgart,607,König-Karls-Brücke Barometer,100034882,YTH16019147,9.210372161982697,48.79912609299229,(UTC+01:00) Europe/Paris DST,2013-01-24T22:00:00+01:00,1,8,na,9,-5.0,0.1,na
Eco Counter GmbH,Landeshauptstadt Stuttgart,607,König-Karls-Brücke Barometer,100034882,YTH16019147,9.210372161982697,48.79912609299229,(UTC+01:00) Europe/Paris DST,2013-01-24T23:00:00+01:00,5,9,na,14,-5.0,0.1,na
Eco Counter GmbH,Landeshauptstadt Stuttgart,607,König-Karls-Brücke Barometer,100034882,YTH16019147,9.210372161982697,48.79912609299229,(UTC+01:00) Europe/Paris DST,2013-01-25T00:00:00+01:00,1,2,na,3,-6.0,0.1,na
Eco Counter GmbH,Landeshauptstadt Stuttgart,607,König-Karls-Brücke Barometer,100034882,YTH16019147,9.210372161982697,48.79912609299229,(UTC+01:00) Europe/Paris DST,2013-01-25T01:00:00+01:00,0,1,na,1,-6.0,0.1,na
Eco Counter GmbH,Landeshauptstadt Stuttgart,607,König-Karls-Brücke Barometer,100034882,YTH16019147,9.210372161982697,48.79912609299229,(UTC+01:00) Europe/Paris DST,2013-01-25T02:00:00+01:00,0,0,na,0,-7.0,0.1,na
Eco Counter GmbH,Landeshauptstadt Stuttgart,607,König-Karls-Brücke Barometer,100034882,YTH16019147,9.210372161982697,48.79912609299229,(UTC+01:00) Europe/Paris DST,2013-01-25T03:00:00+01:00,0,0,na,0,-7.0,0.0,na
Eco Counter GmbH,Landeshauptstadt Stuttgart,607,König-Karls-Brücke Barometer,100034882,YTH16019147,9.210372161982697,48.79912609299229,(UTC+01:00) Europe/Paris DST,2013-01-25T04:00:00+01:00,0,0,na,0,-8.0,0.0,na
Eco Counter GmbH,Landeshauptstadt Stuttgart,607,König-Karls-Brücke Barometer,100034882,YTH16019147,9.210372161982697,48.79912609299229,(UTC+01:00) Europe/Paris DST,2013-01-25T05:00:00+01:00,8,5,na,13,-8.0,0.0,na
Eco Counter GmbH,Landeshauptstadt Stuttgart,607,König-Karls-Brücke Barometer,100034882,YTH16019147,9.210372161982697,48.79912609299229,(UTC+01:00) Europe/Paris DST,2013-01-25T06:00:00+01:00,14,14,na,28,-8.0,0.0,na
Eco Counter GmbH,Landeshauptstadt Stuttgart,607,König-Karls-Brücke Barometer,100034882,YTH16019147,9.210372161982697,48.79912609299229,(UTC+01:00) Europe/Paris DST,2013-01-25T07:00:00+01:00,26,27,na,53,-7.0,0.0,na
Eco Counter GmbH,Landeshauptstadt Stuttgart,607,König-Karls-Brücke Barometer,100034882,YTH16019147,9.210372161982697,48.79912609299229,(UTC+01:00) Europe/Paris DST,2013-01-25T08:00:00+01:00,37,16,na,53,-7.0,0.0,na
Eco Counter GmbH,Landeshauptstadt Stuttgart,607,König-Karls-Brücke Barometer,100034882,YTH16019147,9.210372161982697,48.79912609299229,(UTC+01:00) Europe/Paris DST,2013-01-25T09:00:00+01:00,9,11,na,20,-6.0,0.0,na
Eco Counter GmbH,Landeshauptstadt Stuttgart,607,König-Karls-Brücke Barometer,100034882,YTH16019147,9.210372161982697,48.79912609299229,(UTC+01:00) Europe/Paris DST,2013-01-25T10:00:00+01:00,12,12,na,24,-6.0,0.0,na
Eco Counter GmbH,Landeshauptstadt Stuttgart,607,König-Karls-Brücke Barometer,100034882,YTH16019147,9.210372161982697,48.79912609299229,(UTC+01:00) Europe/Paris DST,2013-01-25T11:00:00+01:00,22,10,na,32,-5.0,0.0,na
Eco Counter GmbH,Landeshauptstadt Stuttgart,607,König-Karls-Brücke Barometer,100034882,YTH16019147,9.210372161982697,48.79912609299229,(UTC+01:00) Europe/Paris DST,2013-01-25T12:00:00+01:00,9,15,na,24,-5.0,0.0,na
Eco Counter GmbH,Landeshauptstadt Stuttgart,607,König-Karls-Brücke Barometer,100034882,YTH16019147,9.210372161982697,48.79912609299229,(UTC+01:00) Europe/Paris DST,2013-01-25T13:00:00+01:00,10,18,na,28,-4.0,0.0,na
Eco Counter GmbH,Landeshauptstadt Stuttgart,607,König-Karls-Brücke Barometer,100034882,YTH16019147,9.210372161982697,48.79912609299229,(UTC+01:00) Europe/Paris DST,2013-01-25T14:00:00+01:00,23,28,na,51,-4.0,0.0,na
Eco Counter GmbH,Landeshauptstadt Stuttgart,607,König-Karls-Brücke Barometer,100034882,YTH16019147,9.210372161982697,48.79912609299229,(UTC+01:00) Europe/Paris DST,2013-01-25T15:00:00+01:00,19,25,na,44,-4.0,0.0,na
Eco Counter GmbH,Landeshauptstadt Stuttgart,607,König-Karls-Brücke Barometer,100034882,YTH16019147,9.210372161982697,48.79912609299229,(UTC+01:00) Europe/Paris DST,2013-01-25T16:00:00+01:00,27,47,na,74,-4.0,0.0,na
Eco Counter GmbH,Landeshauptstadt Stuttgart,607,König-Karls-Brücke Barometer,100034882,YTH16019147,9.210372161982697,48.79912609299229,(UTC+01:00) Europe/Paris DST,2013-01-25T17:00:00+01:00,23,38,na,61,-4.0,0.0,na
Eco Counter GmbH,Landeshauptstadt Stuttgart,607,König-Karls-Brücke Barometer,100034882,YTH16019147,9.210372161982697,48.79912609299229,(UTC+01:00) Europe/Paris DST,2013-01-25T18:00:00+01:00,22,28,na,50,-4.0,0.0,na
Eco Counter GmbH,Landeshauptstadt Stuttgart,607,König-Karls-Brücke Barometer,100034882,YTH16019147,9.210372161982697,48.79912609299229,(UTC+01:00) Europe/Paris DST,2013-01-25T19:00:00+01:00,8,12,na,20,-5.0,0.0,na
Eco Counter GmbH,Landeshauptstadt Stuttgart,607,König-Karls-Brücke Barometer,100034882,YTH16019147,9.210372161982697,48.79912609299229,(UTC+01:00) Europe/Paris DST,2013-01-25T20:00:00+01:00,3,7,na,10,-5.0,0.0,na
Eco Counter GmbH,Landeshauptstadt Stuttgart,607,König-Karls-Brücke Barometer,100034882,YTH16019147,9.210372161982697,48.79912609299229,(UTC+01:00) Europe/Paris DST,2013-01-25T21:00:00+01:00,6,10,na,16,-6.0,0.0,na
Eco Counter GmbH,Landeshauptstadt Stuttgart,607,König-Karls-Brücke Barometer,100034882,YTH16019147,9.210372161982697,48.79912609299229,(UTC+01:00) Europe/Paris DST,2013-01-25T22:00:00+01:00,3,7,na,10,-6.0,0.0,na
Eco Counter GmbH,Landeshauptstadt Stuttgart,607,König-Karls-Brücke Barometer,100034882,YTH16019147,9.210372161982697,48.79912609299229,(UTC+01:00) Europe/Paris DST,2013-01-25T23:00:00+01:00,8,6,na,14,-7.0,0.0,na
Eco Counter GmbH,Landeshauptstadt Stuttgart,607,König-Karls-Brücke Barometer,100034882,YTH16019147,9.210372161982697,48.79912609299229,(UTC+01:00) Europe/Paris DST,2013-01-26T00:00:00+01:00,2,2,na,4,-7.0,0.0,na
Eco Counter GmbH,Landeshauptstadt Stuttgart,607,König-Karls-Brücke Barometer,100034882,YTH16019147,9.210372161982697,48.79912609299229,(UTC+01:00) Europe/Paris DST,2013-01-26T01:00:00+01:00,1,6,na,7,-8.0,0.0,na
Eco Counter GmbH,Landeshauptstadt Stuttgart,607,König-Karls-Brücke Barometer,100034882,YTH16019147,9.210372161982697,48.79912609299229,(UTC+01:00) Europe/Paris DST,2013-01-26T02:00:00+01:00,1,2,na,3,-8.0,0.0,na
Eco Counter GmbH,Landeshauptstadt Stuttgart,607,König-Karls-Brücke Barometer,100034882,YTH16019147,9.210372161982697,48.79912609299229,(UTC+01:00) Europe/Paris DST,2013-01-26T03:00:00+01:00,2,2,na,4,-8.0,0.0,na
Eco Counter GmbH,Landeshauptstadt Stuttgart,607,König-Karls-Brücke Barometer,100034882,YTH16019147,9.210372161982697,48.79912609299229,(UTC+01:00) Europe/Paris DST,2013-01-26T04:00:00+01:00,0,0,na,0,-9.0,0.0,na
Eco Counter GmbH,Landeshauptstadt Stuttgart,607,König-Karls-Brücke Barometer,100034882,YTH16019147,9.210372161982697,48.79912609299229,(UTC+01:00) Europe/Paris DST,2013-01-26T05:00:00+01:00,3,2,na,5,-9.0,0.0,na
Eco Counter GmbH,Landeshauptstadt Stuttgart,607,König-Karls-Brücke Barometer,100034882,YTH16019147,9.210372161982697,48.79912609299229,(UTC+01:00) Europe/Paris DST,2013-01-26T06:00:00+01:00,3,3,na,6,-9.0,0.0,na
Eco Counter GmbH,Landeshauptstadt Stuttgart,607,König-Karls-Brücke Barometer,100034882,YTH16019147,9.210372161982697,48.79912609299229,(UTC+01:00) Europe/Paris DST,2013-01-26T07:00:00+01:00,4,5,na,9,-9.0,0.0,na
Eco Counter GmbH,Landeshauptstadt Stuttgart,607,König-Karls-Brücke Barometer,100034882,YTH16019147,9.210372161982697,48.79912609299229,(UTC+01:00) Europe/Paris DST,2013-01-26T08:00:00+01:00,4,7,na,11,-9.0,0.0,na
Eco Counter GmbH,Landeshauptstadt Stuttgart,607,König-Karls-Brücke Barometer,100034882,YTH16019147,9.210372161982697,48.79912609299229,(UTC+01:00) Europe/Paris DST,2013-01-26T09:00:00+01:00,7,4,na,11,-8.0,0.0,na
Eco Counter GmbH,Landeshauptstadt Stuttgart,607,König-Karls-Brücke Barometer,100034882,YTH16019147,9.210372161982697,48.79912609299229,(UTC+01:00) Europe/Paris DST,2013-01-26T10:00:00+01:00,10,10,na,20,-7.0,0.0,na
Eco Counter GmbH,Landeshauptstadt Stuttgart,607,König-Karls-Brücke Barometer,100034882,YTH16019147,9.210372161982697,48.79912609299229,(UTC+01:00) Europe/Paris DST,2013-01-26T11:00:00+01:00,5,12,na,17,-5.0,0.0,na
Eco Counter GmbH,Landeshauptstadt Stuttgart,607,König-Karls-Brücke Barometer,100034882,YTH16019147,9.210372161982697,48.79912609299229,(UTC+01:00) Europe/Paris DST,2013-01-26T12:00:00+01:00,13,15,na,28,-3.0,0.0,na
Eco Counter GmbH,Landeshauptstadt Stuttgart,607,König-Karls-Brücke Barometer,100034882,YTH16019147,9.210372161982697,48.79912609299229,(UTC+01:00) Europe/Paris DST,2013-01-26T13:00:00+01:00,15,21,na,36,-3.0,0.0,na
Eco Counter GmbH,Landeshauptstadt Stuttgart,607,König-Karls-Brücke Barometer,100034882,YTH16019147,9.210372161982697,48.79912609299229,(UTC+01:00) Europe/Paris DST,2013-01-26T14:00:00+01:00,15,22,na,37,-2.0,0.0,na
Eco Counter GmbH,Landeshauptstadt Stuttgart,607,König-Karls-Brücke Barometer,100034882,YTH16019147,9.210372161982697,48.79912609299229,(UTC+01:00) Europe/Paris DST,2013-01-26T15:00:00+01:00,15,26,na,41,-2.0,0.0,na
Eco Counter GmbH,Landeshauptstadt Stuttgart,607,König-Karls-Brücke Barometer,100034882,YTH16019147,9.210372161982697,48.79912609299229,(UTC+01:00) Europe/Paris DST,2013-01-26T16:00:00+01:00,10,19,na,29,-2.0,0.0,na
Eco Counter GmbH,Landeshauptstadt Stuttgart,607,König-Karls-Brücke Barometer,100034882,YTH16019147,9.210372161982697,48.79912609299229,(UTC+01:00) Europe/Paris DST,2013-01-26T17:00:00+01:00,19,19,na,38,-3.0,0.0,na
Eco Counter GmbH,Landeshauptstadt Stuttgart,607,König-Karls-Brücke Barometer,100034882,YTH16019147,9.210372161982697,48.79912609299229,(UTC+01:00) Europe/Paris DST,2013-01-26T18:00:00+01:00,16,10,na,26,-4.0,0.0,na
Eco Counter GmbH,Landeshauptstadt Stuttgart,607,König-Karls-Brücke Barometer,100034882,YTH16019147,9.210372161982697,48.79912609299229,(UTC+01:00) Europe/Paris DST,2013-01-26T19:00:00+01:00,6,5,na,11,-4.0,0.0,na
Eco Counter GmbH,Landeshauptstadt Stuttgart,607,König-Karls-Brücke Barometer,100034882,YTH16019147,9.210372161982697,48.79912609299229,(UTC+01:00) Europe/Paris DST,2013-01-26T20:00:00+01:00,7,10,na,17,-4.0,0.0,na
Eco Counter GmbH,Landeshauptstadt Stuttgart,607,König-Karls-Brücke Barometer,100034882,YTH16019147,9.210372161982697,48.79912609299229,(UTC+01:00) Europe/Paris DST,2013-01-26T21:00:00+01:00,5,5,na,10,-4.0,0.0,na
Eco Counter GmbH,Landeshauptstadt Stuttgart,607,König-Karls-Brücke Barometer,100034882,YTH16019147,9.210372161982697,48.79912609299229,(UTC+01:00) Europe/Paris DST,2013-01-26T22:00:00+01:00,6,4,na,10,-4.0,0.0,na
Eco Counter GmbH,Landeshauptstadt Stuttgart,607,König-Karls-Brücke Barometer,100034882,YTH16019147,9.210372161982697,48.79912609299229,(UTC+01:00) Europe/Paris DST,2013-01-26T23:00:00+01:00,3,3,na,6,-4.0,0.0,na
Eco Counter GmbH,Landeshauptstadt Stuttgart,607,König-Karls-Brücke Barometer,100034882,YTH16019147,9.210372161982697,48.79912609299229,(UTC+01:00) Europe/Paris DST,2013-01-27T00:00:00+01:00,0,1,na,1,-5.0,0.0,na
Eco Counter GmbH,Landeshauptstadt Stuttgart,607,König-Karls-Brücke Barometer,100034882,YTH16019147,9.210372161982697,48.79912609299229,(UTC+01:00) Europe/Paris DST,2013-01-27T01:00:00+01:00,2,1,na,3,-5.0,0.0,na
Eco Counter GmbH,Landeshauptstadt Stuttgart,607,König-Karls-Brücke Barometer,100034882,YTH16019147,9.210372161982697,48.79912609299229,(UTC+01:00) Europe/Paris DST,2013-01-27T02:00:00+01:00,1,1,na,2,-6.0,0.0,na
Eco Counter GmbH,Landeshauptstadt Stuttgart,607,König-Karls-Brücke Barometer,100034882,YTH16019147,9.210372161982697,48.79912609299229,(UTC+01:00) Europe/Paris DST,2013-01-27T03:00:00+01:00,1,0,na,1,-6.0,0.0,na
Eco Counter GmbH,Landeshauptstadt Stuttgart,607,König-Karls-Brücke Barometer,100034882,YTH16019147,9.210372161982697,48.79912609299229,(UTC+01:00) Europe/Paris DST,2013-01-27T04:00:00+01:00,1,1,na,2,-6.0,0.0,na
Eco Counter GmbH,Landeshauptstadt Stuttgart,607,König-Karls-Brücke Barometer,100034882,YTH16019147,9.210372161982697,48.79912609299229,(UTC+01:00) Europe/Paris DST,2013-01-27T05:00:00+01:00,1,0,na,1,-6.0,0.0,na
Eco Counter GmbH,Landeshauptstadt Stuttgart,607,König-Karls-Brücke Barometer,100034882,YTH16019147,9.210372161982697,48.79912609299229,(UTC+01:00) Europe/Paris DST,2013-01-27T06:00:00+01:00,2,0,na,2,-6.0,0.0,na
Eco Counter GmbH,Landeshauptstadt Stuttgart,607,König-Karls-Brücke Barometer,100034882,YTH16019147,9.210372161982697,48.79912609299229,(UTC+01:00) Europe/Paris DST,2013-01-27T07:00:00+01:00,3,4,na,7,-5.0,0.0,na
Eco Counter GmbH,Landeshauptstadt Stuttgart,607,König-Karls-Brücke Barometer,100034882,YTH16019147,9.210372161982697,48.79912609299229,(UTC+01:00) Europe/Paris DST,2013-01-27T08:00:00+01:00,3,1,na,4,-4.0,0.0,na
Eco Counter GmbH,Landeshauptstadt Stuttgart,607,König-Karls-Brücke Barometer,100034882,YTH16019147,9.210372161982697,48.79912609299229,(UTC+01:00) Europe/Paris DST,2013-01-27T09:00:00+01:00,10,11,na,21,-4.0,0.0,na
Eco Counter GmbH,Landeshauptstadt Stuttgart,607,König-Karls-Brücke Barometer,100034882,YTH16019147,9.210372161982697,48.79912609299229,(UTC+01:00) Europe/Paris DST,2013-01-27T10:00:00+01:00,10,15,na,25,-3.0,0.0,na
Eco Counter GmbH,Landeshauptstadt Stuttgart,607,König-Karls-Brücke Barometer,100034882,YTH16019147,9.210372161982697,48.79912609299229,(UTC+01:00) Europe/Paris DST,2013-01-27T11:00:00+01:00,9,27,na,36,-1.0,0.0,na
Eco Counter GmbH,Landeshauptstadt Stuttgart,607,König-Karls-Brücke Barometer,100034882,YTH16019147,9.210372161982697,48.79912609299229,(UTC+01:00) Europe/Paris DST,2013-01-27T12:00:00+01:00,21,26,na,47,0.0,0.0,na
Eco Counter GmbH,Landeshauptstadt Stuttgart,607,König-Karls-Brücke Barometer,100034882,YTH16019147,9.210372161982697,48.79912609299229,(UTC+01:00) Europe/Paris DST,2013-01-27T13:00:00+01:00,14,37,na,51,0.0,0.2,na
Eco Counter GmbH,Landeshauptstadt Stuttgart,607,König-Karls-Brücke Barometer,100034882,YTH16019147,9.210372161982697,48.79912609299229,(UTC+01:00) Europe/Paris DST,2013-01-27T14:00:00+01:00,20,28,na,48,1.0,0.4,na
Eco Counter GmbH,Landeshauptstadt Stuttgart,607,König-Karls-Brücke Barometer,100034882,YTH16019147,9.210372161982697,48.79912609299229,(UTC+01:00) Europe/Paris DST,2013-01-27T15:00:00+01:00,21,29,na,50,1.0,0.5,na
Eco Counter GmbH,Landeshauptstadt Stuttgart,607,König-Karls-Brücke Barometer,100034882,YTH16019147,9.210372161982697,48.79912609299229,(UTC+01:00) Europe/Paris DST,2013-01-27T16:00:00+01:00,24,23,na,47,1.0,0.9,na
Eco Counter GmbH,Landeshauptstadt Stuttgart,607,König-Karls-Brücke Barometer,100034882,YTH16019147,9.210372161982697,48.79912609299229,(UTC+01:00) Europe/Paris DST,2013-01-27T17:00:00+01:00,15,23,na,38,1.0,1.2,na
Eco Counter GmbH,Landeshauptstadt Stuttgart,607,König-Karls-Brücke Barometer,100034882,YTH16019147,9.210372161982697,48.79912609299229,(UTC+01:00) Europe/Paris DST,2013-01-27T18:00:00+01:00,11,9,na,20,1.0,1.5,na
Eco Counter GmbH,Landeshauptstadt Stuttgart,607,König-Karls-Brücke Barometer,100034882,YTH16019147,9.210372161982697,48.79912609299229,(UTC+01:00) Europe/Paris DST,2013-01-27T19:00:00+01:00,14,7,na,21,1.0,1.6,na
Eco Counter GmbH,Landeshauptstadt Stuttgart,607,König-Karls-Brücke Barometer,100034882,YTH16019147,9.210372161982697,48.79912609299229,(UTC+01:00) Europe/Paris DST,2013-01-27T20:00:00+01:00,9,3,na,12,1.0,1.6,na
Eco Counter GmbH,Landeshauptstadt Stuttgart,607,König-Karls-Brücke Barometer,100034882,YTH16019147,9.210372161982697,48.79912609299229,(UTC+01:00) Europe/Paris DST,2013-01-27T21:00:00+01:00,1,6,na,7,1.0,1.6,na
Eco Counter GmbH,Landeshauptstadt Stuttgart,607,König-Karls-Brücke Barometer,100034882,YTH16019147,9.210372161982697,48.79912609299229,(UTC+01:00) Europe/Paris DST,2013-01-27T22:00:00+01:00,4,5,na,9,1.0,1.4,na
Eco Counter GmbH,Landeshauptstadt Stuttgart,607,König-Karls-Brücke Barometer,100034882,YTH16019147,9.210372161982697,48.79912609299229,(UTC+01:00) Europe/Paris DST,2013-01-27T23:00:00+01:00,3,0,na,3,0.0,1.2,na
Eco Counter GmbH,Landeshauptstadt Stuttgart,607,König-Karls-Brücke Barometer,100034882,YTH16019147,9.210372161982697,48.79912609299229,(UTC+01:00) Europe/Paris DST,2013-01-28T00:00:00+01:00,0,0,na,0,0.0,1.0,na
Eco Counter GmbH,Landeshauptstadt Stuttgart,607,König-Karls-Brücke Barometer,100034882,YTH16019147,9.210372161982697,48.79912609299229,(UTC+01:00) Europe/Paris DST,2013-01-28T01:00:00+01:00,0,0,na,0,0.0,0.8,na
Eco Counter GmbH,Landeshauptstadt Stuttgart,607,König-Karls-Brücke Barometer,100034882,YTH16019147,9.210372161982697,48.79912609299229,(UTC+01:00) Europe/Paris DST,2013-01-28T02:00:00+01:00,0,1,na,1,0.0,0.6,na
Eco Counter GmbH,Landeshauptstadt Stuttgart,607,König-Karls-Brücke Barometer,100034882,YTH16019147,9.210372161982697,48.79912609299229,(UTC+01:00) Europe/Paris DST,2013-01-28T03:00:00+01:00,1,0,na,1,0.0,0.3,na
Eco Counter GmbH,Landeshauptstadt Stuttgart,607,König-Karls-Brücke Barometer,100034882,YTH16019147,9.210372161982697,48.79912609299229,(UTC+01:00) Europe/Paris DST,2013-01-28T04:00:00+01:00,0,0,na,0,0.0,0.2,na
Eco Counter GmbH,Landeshauptstadt Stuttgart,607,König-Karls-Brücke Barometer,100034882,YTH16019147,9.210372161982697,48.79912609299229,(UTC+01:00) Europe/Paris DST,2013-01-28T05:00:00+01:00,7,14,na,21,-1.0,0.1,na
Eco Counter GmbH,Landeshauptstadt Stuttgart,607,König-Karls-Brücke Barometer,100034882,YTH16019147,9.210372161982697,48.79912609299229,(UTC+01:00) Europe/Paris DST,2013-01-28T06:00:00+01:00,16,18,na,34,-1.0,0.0,na
Eco Counter GmbH,Landeshauptstadt Stuttgart,607,König-Karls-Brücke Barometer,100034882,YTH16019147,9.210372161982697,48.79912609299229,(UTC+01:00) Europe/Paris DST,2013-01-28T07:00:00+01:00,60,47,na,107,0.0,0.0,na
Eco Counter GmbH,Landeshauptstadt Stuttgart,607,König-Karls-Brücke Barometer,100034882,YTH16019147,9.210372161982697,48.79912609299229,(UTC+01:00) Europe/Paris DST,2013-01-28T08:00:00+01:00,68,29,na,97,0.0,0.0,na
Eco Counter GmbH,Landeshauptstadt Stuttgart,607,König-Karls-Brücke Barometer,100034882,YTH16019147,9.210372161982697,48.79912609299229,(UTC+01:00) Europe/Paris DST,2013-01-28T09:00:00+01:00,26,28,na,54,1.0,0.0,na
Eco Counter GmbH,Landeshauptstadt Stuttgart,607,König-Karls-Brücke Barometer,100034882,YTH16019147,9.210372161982697,48.79912609299229,(UTC+01:00) Europe/Paris DST,2013-01-28T10:00:00+01:00,21,16,na,37,1.0,0.0,na
Eco Counter GmbH,Landeshauptstadt Stuttgart,607,König-Karls-Brücke Barometer,100034882,YTH16019147,9.210372161982697,48.79912609299229,(UTC+01:00) Europe/Paris DST,2013-01-28T11:00:00+01:00,18,26,na,44,2.0,0.0,na
Eco Counter GmbH,Landeshauptstadt Stuttgart,607,König-Karls-Brücke Barometer,100034882,YTH16019147,9.210372161982697,48.79912609299229,(UTC+01:00) Europe/Paris DST,2013-01-28T12:00:00+01:00,26,24,na,50,3.0,0.0,na
Eco Counter GmbH,Landeshauptstadt Stuttgart,607,König-Karls-Brücke Barometer,100034882,YTH16019147,9.210372161982697,48.79912609299229,(UTC+01:00) Europe/Paris DST,2013-01-28T13:00:00+01:00,21,34,na,55,3.0,0.0,na
Eco Counter GmbH,Landeshauptstadt Stuttgart,607,König-Karls-Brücke Barometer,100034882,YTH16019147,9.210372161982697,48.79912609299229,(UTC+01:00) Europe/Paris DST,2013-01-28T14:00:00+01:00,27,50,na,77,3.0,0.0,na
Eco Counter GmbH,Landeshauptstadt Stuttgart,607,König-Karls-Brücke Barometer,100034882,YTH16019147,9.210372161982697,48.79912609299229,(UTC+01:00) Europe/Paris DST,2013-01-28T15:00:00+01:00,30,33,na,63,3.0,0.0,na
Eco Counter GmbH,Landeshauptstadt Stuttgart,607,König-Karls-Brücke Barometer,100034882,YTH16019147,9.210372161982697,48.79912609299229,(UTC+01:00) Europe/Paris DST,2013-01-28T16:00:00+01:00,31,50,na,81,3.0,0.0,na
Eco Counter GmbH,Landeshauptstadt Stuttgart,607,König-Karls-Brücke Barometer,100034882,YTH16019147,9.210372161982697,48.79912609299229,(UTC+01:00) Europe/Paris DST,2013-01-28T17:00:00+01:00,63,73,na,136,3.0,0.0,na
Eco Counter GmbH,Landeshauptstadt Stuttgart,607,König-Karls-Brücke Barometer,100034882,YTH16019147,9.210372161982697,48.79912609299229,(UTC+01:00) Europe/Paris DST,2013-01-28T18:00:00+01:00,40,65,na,105,3.0,0.0,na
Eco Counter GmbH,Landeshauptstadt Stuttgart,607,König-Karls-Brücke Barometer,100034882,YTH16019147,9.210372161982697,48.79912609299229,(UTC+01:00) Europe/Paris DST,2013-01-28T19:00:00+01:00,26,43,na,69,2.0,0.0,na
Eco Counter GmbH,Landeshauptstadt Stuttgart,607,König-Karls-Brücke Barometer,100034882,YTH16019147,9.210372161982697,48.79912609299229,(UTC+01:00) Europe/Paris DST,2013-01-28T20:00:00+01:00,13,29,na,42,2.0,0.0,na
Eco Counter GmbH,Landeshauptstadt Stuttgart,607,König-Karls-Brücke Barometer,100034882,YTH16019147,9.210372161982697,48.79912609299229,(UTC+01:00) Europe/Paris DST,2013-01-28T21:00:00+01:00,7,14,na,21,1.0,0.0,na
Eco Counter GmbH,Landeshauptstadt Stuttgart,607,König-Karls-Brücke Barometer,100034882,YTH16019147,9.210372161982697,48.79912609299229,(UTC+01:00) Europe/Paris DST,2013-01-28T22:00:00+01:00,9,7,na,16,1.0,0.0,na
Eco Counter GmbH,Landeshauptstadt Stuttgart,607,König-Karls-Brücke Barometer,100034882,YTH16019147,9.210372161982697,48.79912609299229,(UTC+01:00) Europe/Paris DST,2013-01-28T23:00:00+01:00,5,5,na,10,1.0,0.0,na
Eco Counter GmbH,Landeshauptstadt Stuttgart,607,König-Karls-Brücke Barometer,100034882,YTH16019147,9.210372161982697,48.79912609299229,(UTC+01:00) Europe/Paris DST,2013-01-29T00:00:00+01:00,2,4,na,6,0.0,0.0,na
Eco Counter GmbH,Landeshauptstadt Stuttgart,607,König-Karls-Brücke Barometer,100034882,YTH16019147,9.210372161982697,48.79912609299229,(UTC+01:00) Europe/Paris DST,2013-01-29T01:00:00+01:00,0,0,na,0,1.0,0.0,na
Eco Counter GmbH,Landeshauptstadt Stuttgart,607,König-Karls-Brücke Barometer,100034882,YTH16019147,9.210372161982697,48.79912609299229,(UTC+01:00) Europe/Paris DST,2013-01-29T02:00:00+01:00,0,1,na,1,1.0,0.0,na
Eco Counter GmbH,Landeshauptstadt Stuttgart,607,König-Karls-Brücke Barometer,100034882,YTH16019147,9.210372161982697,48.79912609299229,(UTC+01:00) Europe/Paris DST,2013-01-29T03:00:00+01:00,0,1,na,1,1.0,0.0,na
Eco Counter GmbH,Landeshauptstadt Stuttgart,607,König-Karls-Brücke Barometer,100034882,YTH16019147,9.210372161982697,48.79912609299229,(UTC+01:00) Europe/Paris DST,2013-01-29T04:00:00+01:00,0,0,na,0,1.0,0.4,na
Eco Counter GmbH,Landeshauptstadt Stuttgart,607,König-Karls-Brücke Barometer,100034882,YTH16019147,9.210372161982697,48.79912609299229,(UTC+01:00) Europe/Paris DST,2013-01-29T05:00:00+01:00,7,9,na,16,1.0,0.9,na
Eco Counter GmbH,Landeshauptstadt Stuttgart,607,König-Karls-Brücke Barometer,100034882,YTH16019147,9.210372161982697,48.79912609299229,(UTC+01:00) Europe/Paris DST,2013-01-29T06:00:00+01:00,23,20,na,43,2.0,1.3,na
Eco Counter GmbH,Landeshauptstadt Stuttgart,607,König-Karls-Brücke Barometer,100034882,YTH16019147,9.210372161982697,48.79912609299229,(UTC+01:00) Europe/Paris DST,2013-01-29T07:00:00+01:00,51,37,na,88,2.0,2.2,na
Eco Counter GmbH,Landeshauptstadt Stuttgart,607,König-Karls-Brücke Barometer,100034882,YTH16019147,9.210372161982697,48.79912609299229,(UTC+01:00) Europe/Paris DST,2013-01-29T08:00:00+01:00,46,33,na,79,2.0,3.1,na
Eco Counter GmbH,Landeshauptstadt Stuttgart,607,König-Karls-Brücke Barometer,100034882,YTH16019147,9.210372161982697,48.79912609299229,(UTC+01:00) Europe/Paris DST,2013-01-29T09:00:00+01:00,16,13,na,29,3.0,3.9,na
Eco Counter GmbH,Landeshauptstadt Stuttgart,607,König-Karls-Brücke Barometer,100034882,YTH16019147,9.210372161982697,48.79912609299229,(UTC+01:00) Europe/Paris DST,2013-01-29T10:00:00+01:00,14,15,na,29,3.0,3.5,na
Eco Counter GmbH,Landeshauptstadt Stuttgart,607,König-Karls-Brücke Barometer,100034882,YTH16019147,9.210372161982697,48.79912609299229,(UTC+01:00) Europe/Paris DST,2013-01-29T11:00:00+01:00,16,5,na,21,4.0,3.2,na
Eco Counter GmbH,Landeshauptstadt Stuttgart,607,König-Karls-Brücke Barometer,100034882,YTH16019147,9.210372161982697,48.79912609299229,(UTC+01:00) Europe/Paris DST,2013-01-29T12:00:00+01:00,19,17,na,36,4.0,2.8,na
Eco Counter GmbH,Landeshauptstadt Stuttgart,607,König-Karls-Brücke Barometer,100034882,YTH16019147,9.210372161982697,48.79912609299229,(UTC+01:00) Europe/Paris DST,2013-01-29T13:00:00+01:00,16,19,na,35,5.0,2.6,na
Eco Counter GmbH,Landeshauptstadt Stuttgart,607,König-Karls-Brücke Barometer,100034882,YTH16019147,9.210372161982697,48.79912609299229,(UTC+01:00) Europe/Paris DST,2013-01-29T14:00:00+01:00,25,22,na,47,5.0,2.5,na
Eco Counter GmbH,Landeshauptstadt Stuttgart,607,König-Karls-Brücke Barometer,100034882,YTH16019147,9.210372161982697,48.79912609299229,(UTC+01:00) Europe/Paris DST,2013-01-29T15:00:00+01:00,22,26,na,48,5.0,2.3,na
Eco Counter GmbH,Landeshauptstadt Stuttgart,607,König-Karls-Brücke Barometer,100034882,YTH16019147,9.210372161982697,48.79912609299229,(UTC+01:00) Europe/Paris DST,2013-01-29T16:00:00+01:00,19,38,na,57,5.0,2.1,na
Eco Counter GmbH,Landeshauptstadt Stuttgart,607,König-Karls-Brücke Barometer,100034882,YTH16019147,9.210372161982697,48.79912609299229,(UTC+01:00) Europe/Paris DST,2013-01-29T17:00:00+01:00,32,70,na,102,5.0,1.8,na
Eco Counter GmbH,Landeshauptstadt Stuttgart,607,König-Karls-Brücke Barometer,100034882,YTH16019147,9.210372161982697,48.79912609299229,(UTC+01:00) Europe/Paris DST,2013-01-29T18:00:00+01:00,27,47,na,74,5.0,1.6,na
Eco Counter GmbH,Landeshauptstadt Stuttgart,607,König-Karls-Brücke Barometer,100034882,YTH16019147,9.210372161982697,48.79912609299229,(UTC+01:00) Europe/Paris DST,2013-01-29T19:00:00+01:00,21,27,na,48,5.0,1.5,na
Eco Counter GmbH,Landeshauptstadt Stuttgart,607,König-Karls-Brücke Barometer,100034882,YTH16019147,9.210372161982697,48.79912609299229,(UTC+01:00) Europe/Paris DST,2013-01-29T20:00:00+01:00,6,15,na,21,5.0,1.3,na
Eco Counter GmbH,Landeshauptstadt Stuttgart,607,König-Karls-Brücke Barometer,100034882,YTH16019147,9.210372161982697,48.79912609299229,(UTC+01:00) Europe/Paris DST,2013-01-29T21:00:00+01:00,13,9,na,22,5.0,1.2,na
Eco Counter GmbH,Landeshauptstadt Stuttgart,607,König-Karls-Brücke Barometer,100034882,YTH16019147,9.210372161982697,48.79912609299229,(UTC+01:00) Europe/Paris DST,2013-01-29T22:00:00+01:00,4,8,na,12,5.0,0.9,na
Eco Counter GmbH,Landeshauptstadt Stuttgart,607,König-Karls-Brücke Barometer,100034882,YTH16019147,9.210372161982697,48.79912609299229,(UTC+01:00) Europe/Paris DST,2013-01-29T23:00:00+01:00,3,2,na,5,5.0,0.7,na
Eco Counter GmbH,Landeshauptstadt Stuttgart,607,König-Karls-Brücke Barometer,100034882,YTH16019147,9.210372161982697,48.79912609299229,(UTC+01:00) Europe/Paris DST,2013-01-30T00:00:00+01:00,0,2,na,2,6.0,0.5,na
Eco Counter GmbH,Landeshauptstadt Stuttgart,607,König-Karls-Brücke Barometer,100034882,YTH16019147,9.210372161982697,48.79912609299229,(UTC+01:00) Europe/Paris DST,2013-01-30T01:00:00+01:00,1,1,na,2,6.0,0.3,na
Eco Counter GmbH,Landeshauptstadt Stuttgart,607,König-Karls-Brücke Barometer,100034882,YTH16019147,9.210372161982697,48.79912609299229,(UTC+01:00) Europe/Paris DST,2013-01-30T02:00:00+01:00,0,0,na,0,6.0,0.2,na
Eco Counter GmbH,Landeshauptstadt Stuttgart,607,König-Karls-Brücke Barometer,100034882,YTH16019147,9.210372161982697,48.79912609299229,(UTC+01:00) Europe/Paris DST,2013-01-30T03:00:00+01:00,0,0,na,0,6.0,0.0,na
Eco Counter GmbH,Landeshauptstadt Stuttgart,607,König-Karls-Brücke Barometer,100034882,YTH16019147,9.210372161982697,48.79912609299229,(UTC+01:00) Europe/Paris DST,2013-01-30T04:00:00+01:00,0,0,na,0,6.0,0.1,na
Eco Counter GmbH,Landeshauptstadt Stuttgart,607,König-Karls-Brücke Barometer,100034882,YTH16019147,9.210372161982697,48.79912609299229,(UTC+01:00) Europe/Paris DST,2013-01-30T05:00:00+01:00,9,9,na,18,6.0,0.1,na
Eco Counter GmbH,Landeshauptstadt Stuttgart,607,König-Karls-Brücke Barometer,100034882,YTH16019147,9.210372161982697,48.79912609299229,(UTC+01:00) Europe/Paris DST,2013-01-30T06:00:00+01:00,31,19,na,50,7.0,0.1,na
Eco Counter GmbH,Landeshauptstadt Stuttgart,607,König-Karls-Brücke Barometer,100034882,YTH16019147,9.210372161982697,48.79912609299229,(UTC+01:00) Europe/Paris DST,2013-01-30T07:00:00+01:00,74,45,na,119,7.0,0.1,na
Eco Counter GmbH,Landeshauptstadt Stuttgart,607,König-Karls-Brücke Barometer,100034882,YTH16019147,9.210372161982697,48.79912609299229,(UTC+01:00) Europe/Paris DST,2013-01-30T08:00:00+01:00,66,58,na,124,8.0,0.1,na
Eco Counter GmbH,Landeshauptstadt Stuttgart,607,König-Karls-Brücke Barometer,100034882,YTH16019147,9.210372161982697,48.79912609299229,(UTC+01:00) Europe/Paris DST,2013-01-30T09:00:00+01:00,25,26,na,51,8.0,0.1,na
Eco Counter GmbH,Landeshauptstadt Stuttgart,607,König-Karls-Brücke Barometer,100034882,YTH16019147,9.210372161982697,48.79912609299229,(UTC+01:00) Europe/Paris DST,2013-01-30T10:00:00+01:00,28,23,na,51,9.0,0.1,na
Eco Counter GmbH,Landeshauptstadt Stuttgart,607,König-Karls-Brücke Barometer,100034882,YTH16019147,9.210372161982697,48.79912609299229,(UTC+01:00) Europe/Paris DST,2013-01-30T11:00:00+01:00,19,26,na,45,10.0,0.1,na
Eco Counter GmbH,Landeshauptstadt Stuttgart,607,König-Karls-Brücke Barometer,100034882,YTH16019147,9.210372161982697,48.79912609299229,(UTC+01:00) Europe/Paris DST,2013-01-30T12:00:00+01:00,24,36,na,60,10.0,0.0,na
Eco Counter GmbH,Landeshauptstadt Stuttgart,607,König-Karls-Brücke Barometer,100034882,YTH16019147,9.210372161982697,48.79912609299229,(UTC+01:00) Europe/Paris DST,2013-01-30T13:00:00+01:00,26,34,na,60,11.0,0.4,na
Eco Counter GmbH,Landeshauptstadt Stuttgart,607,König-Karls-Brücke Barometer,100034882,YTH16019147,9.210372161982697,48.79912609299229,(UTC+01:00) Europe/Paris DST,2013-01-30T14:00:00+01:00,33,32,na,65,11.0,0.7,na
Eco Counter GmbH,Landeshauptstadt Stuttgart,607,König-Karls-Brücke Barometer,100034882,YTH16019147,9.210372161982697,48.79912609299229,(UTC+01:00) Europe/Paris DST,2013-01-30T15:00:00+01:00,35,39,na,74,11.0,1.1,na
Eco Counter GmbH,Landeshauptstadt Stuttgart,607,König-Karls-Brücke Barometer,100034882,YTH16019147,9.210372161982697,48.79912609299229,(UTC+01:00) Europe/Paris DST,2013-01-30T16:00:00+01:00,42,58,na,100,10.0,1.3,na
Eco Counter GmbH,Landeshauptstadt Stuttgart,607,König-Karls-Brücke Barometer,100034882,YTH16019147,9.210372161982697,48.79912609299229,(UTC+01:00) Europe/Paris DST,2013-01-30T17:00:00+01:00,34,77,na,111,10.0,1.6,na
Eco Counter GmbH,Landeshauptstadt Stuttgart,607,König-Karls-Brücke Barometer,100034882,YTH16019147,9.210372161982697,48.79912609299229,(UTC+01:00) Europe/Paris DST,2013-01-30T18:00:00+01:00,47,53,na,100,9.0,1.8,na
Eco Counter GmbH,Landeshauptstadt Stuttgart,607,König-Karls-Brücke Barometer,100034882,YTH16019147,9.210372161982697,48.79912609299229,(UTC+01:00) Europe/Paris DST,2013-01-30T19:00:00+01:00,19,36,na,55,9.0,1.4,na
Eco Counter GmbH,Landeshauptstadt Stuttgart,607,König-Karls-Brücke Barometer,100034882,YTH16019147,9.210372161982697,48.79912609299229,(UTC+01:00) Europe/Paris DST,2013-01-30T20:00:00+01:00,2,12,na,14,8.0,1.0,na
Eco Counter GmbH,Landeshauptstadt Stuttgart,607,König-Karls-Brücke Barometer,100034882,YTH16019147,9.210372161982697,48.79912609299229,(UTC+01:00) Europe/Paris DST,2013-01-30T21:00:00+01:00,5,12,na,17,7.0,0.6,na
Eco Counter GmbH,Landeshauptstadt Stuttgart,607,König-Karls-Brücke Barometer,100034882,YTH16019147,9.210372161982697,48.79912609299229,(UTC+01:00) Europe/Paris DST,2013-01-30T22:00:00+01:00,8,12,na,20,7.0,0.4,na
Eco Counter GmbH,Landeshauptstadt Stuttgart,607,König-Karls-Brücke Barometer,100034882,YTH16019147,9.210372161982697,48.79912609299229,(UTC+01:00) Europe/Paris DST,2013-01-30T23:00:00+01:00,4,12,na,16,6.0,0.2,na
Eco Counter GmbH,Landeshauptstadt Stuttgart,607,König-Karls-Brücke Barometer,100034882,YTH16019147,9.210372161982697,48.79912609299229,(UTC+01:00) Europe/Paris DST,2013-01-31T00:00:00+01:00,1,4,na,5,5.0,0.0,na
Eco Counter GmbH,Landeshauptstadt Stuttgart,607,König-Karls-Brücke Barometer,100034882,YTH16019147,9.210372161982697,48.79912609299229,(UTC+01:00) Europe/Paris DST,2013-01-31T01:00:00+01:00,0,0,na,0,5.0,0.0,na
Eco Counter GmbH,Landeshauptstadt Stuttgart,607,König-Karls-Brücke Barometer,100034882,YTH16019147,9.210372161982697,48.79912609299229,(UTC+01:00) Europe/Paris DST,2013-01-31T02:00:00+01:00,1,1,na,2,4.0,0.0,na
Eco Counter GmbH,Landeshauptstadt Stuttgart,607,König-Karls-Brücke Barometer,100034882,YTH16019147,9.210372161982697,48.79912609299229,(UTC+01:00) Europe/Paris DST,2013-01-31T03:00:00+01:00,1,1,na,2,4.0,0.0,na
Eco Counter GmbH,Landeshauptstadt Stuttgart,607,König-Karls-Brücke Barometer,100034882,YTH16019147,9.210372161982697,48.79912609299229,(UTC+01:00) Europe/Paris DST,2013-01-31T04:00:00+01:00,0,0,na,0,4.0,0.0,na
Eco Counter GmbH,Landeshauptstadt Stuttgart,607,König-Karls-Brücke Barometer,100034882,YTH16019147,9.210372161982697,48.79912609299229,(UTC+01:00) Europe/Paris DST,2013-01-31T05:00:00+01:00,15,10,na,25,3.0,0.0,na
Eco Counter GmbH,Landeshauptstadt Stuttgart,607,König-Karls-Brücke Barometer,100034882,YTH16019147,9.210372161982697,48.79912609299229,(UTC+01:00) Europe/Paris DST,2013-01-31T06:00:00+01:00,25,22,na,47,3.0,0.0,na
Eco Counter GmbH,Landeshauptstadt Stuttgart,607,König-Karls-Brücke Barometer,100034882,YTH16019147,9.210372161982697,48.79912609299229,(UTC+01:00) Europe/Paris DST,2013-01-31T07:00:00+01:00,55,47,na,102,3.0,0.0,na
Eco Counter GmbH,Landeshauptstadt Stuttgart,607,König-Karls-Brücke Barometer,100034882,YTH16019147,9.210372161982697,48.79912609299229,(UTC+01:00) Europe/Paris DST,2013-01-31T08:00:00+01:00,58,43,na,101,4.0,0.0,na
Eco Counter GmbH,Landeshauptstadt Stuttgart,607,König-Karls-Brücke Barometer,100034882,YTH16019147,9.210372161982697,48.79912609299229,(UTC+01:00) Europe/Paris DST,2013-01-31T09:00:00+01:00,29,27,na,56,4.0,0.0,na
Eco Counter GmbH,Landeshauptstadt Stuttgart,607,König-Karls-Brücke Barometer,100034882,YTH16019147,9.210372161982697,48.79912609299229,(UTC+01:00) Europe/Paris DST,2013-01-31T10:00:00+01:00,28,28,na,56,5.0,0.0,na
Eco Counter GmbH,Landeshauptstadt Stuttgart,607,König-Karls-Brücke Barometer,100034882,YTH16019147,9.210372161982697,48.79912609299229,(UTC+01:00) Europe/Paris DST,2013-01-31T11:00:00+01:00,31,29,na,60,6.0,0.0,na
Eco Counter GmbH,Landeshauptstadt Stuttgart,607,König-Karls-Brücke Barometer,100034882,YTH16019147,9.210372161982697,48.79912609299229,(UTC+01:00) Europe/Paris DST,2013-01-31T12:00:00+01:00,28,32,na,60,7.0,0.0,na
Eco Counter GmbH,Landeshauptstadt Stuttgart,607,König-Karls-Brücke Barometer,100034882,YTH16019147,9.210372161982697,48.79912609299229,(UTC+01:00) Europe/Paris DST,2013-01-31T13:00:00+01:00,30,39,na,69,7.0,0.0,na
Eco Counter GmbH,Landeshauptstadt Stuttgart,607,König-Karls-Brücke Barometer,100034882,YTH16019147,9.210372161982697,48.79912609299229,(UTC+01:00) Europe/Paris DST,2013-01-31T14:00:00+01:00,34,35,na,69,7.0,0.0,na
Eco Counter GmbH,Landeshauptstadt Stuttgart,607,König-Karls-Brücke Barometer,100034882,YTH16019147,9.210372161982697,48.79912609299229,(UTC+01:00) Europe/Paris DST,2013-01-31T15:00:00+01:00,36,57,na,93,8.0,0.1,na
Eco Counter GmbH,Landeshauptstadt Stuttgart,607,König-Karls-Brücke Barometer,100034882,YTH16019147,9.210372161982697,48.79912609299229,(UTC+01:00) Europe/Paris DST,2013-01-31T16:00:00+01:00,33,70,na,103,7.0,0.2,na
Eco Counter GmbH,Landeshauptstadt Stuttgart,607,König-Karls-Brücke Barometer,100034882,YTH16019147,9.210372161982697,48.79912609299229,(UTC+01:00) Europe/Paris DST,2013-01-31T17:00:00+01:00,53,70,na,123,7.0,0.4,na
Eco Counter GmbH,Landeshauptstadt Stuttgart,607,König-Karls-Brücke Barometer,100034882,YTH16019147,9.210372161982697,48.79912609299229,(UTC+01:00) Europe/Paris DST,2013-01-31T18:00:00+01:00,39,60,na,99,7.0,0.5,na
Eco Counter GmbH,Landeshauptstadt Stuttgart,607,König-Karls-Brücke Barometer,100034882,YTH16019147,9.210372161982697,48.79912609299229,(UTC+01:00) Europe/Paris DST,2013-01-31T19:00:00+01:00,27,33,na,60,7.0,0.5,na
Eco Counter GmbH,Landeshauptstadt Stuttgart,607,König-Karls-Brücke Barometer,100034882,YTH16019147,9.210372161982697,48.79912609299229,(UTC+01:00) Europe/Paris DST,2013-01-31T20:00:00+01:00,11,25,na,36,6.0,0.5,na
Eco Counter GmbH,Landeshauptstadt Stuttgart,607,König-Karls-Brücke Barometer,100034882,YTH16019147,9.210372161982697,48.79912609299229,(UTC+01:00) Europe/Paris DST,2013-01-31T21:00:00+01:00,9,14,na,23,6.0,0.4,na
Eco Counter GmbH,Landeshauptstadt Stuttgart,607,König-Karls-Brücke Barometer,100034882,YTH16019147,9.210372161982697,48.79912609299229,(UTC+01:00) Europe/Paris DST,2013-01-31T22:00:00+01:00,12,10,na,22,6.0,0.3,na
