operator_name,domain_name,domain_id,counter_site,counter_site_id,counter_serial,longitude,latitude,timezone,iso_timestamp,channels_in,channels_out,channels_unknown,channels_all,site_temperature,site_rain_accumulation,site_snow_accumulation
Eco Counter GmbH,Stadt Karlsruhe,752,Erbprinzenstraße,100004165,Y2H16070301,8.4027153,49.0072864,(UTC+01:00) Europe/Paris DST,2013-02-01T00:00:00+01:00,14,17,na,31,7.0,0.0,na
Eco Counter GmbH,Stadt Karlsruhe,752,Erbprinzenstraße,100004165,Y2H16070301,8.4027153,49.0072864,(UTC+01:00) Europe/Paris DST,2013-02-01T01:00:00+01:00,5,7,na,12,6.0,0.0,na
Eco Counter GmbH,Stadt Karlsruhe,752,Erbprinzenstraße,100004165,Y2H16070301,8.4027153,49.0072864,(UTC+01:00) Europe/Paris DST,2013-02-01T02:00:00+01:00,2,1,na,3,6.0,0.0,na
Eco Counter GmbH,Stadt Karlsruhe,752,Erbprinzenstraße,100004165,Y2H16070301,8.4027153,49.0072864,(UTC+01:00) Europe/Paris DST,2013-02-01T03:00:00+01:00,2,4,na,6,6.0,0.0,na
Eco Counter GmbH,Stadt Karlsruhe,752,Erbprinzenstraße,100004165,Y2H16070301,8.4027153,49.0072864,(UTC+01:00) Europe/Paris DST,2013-02-01T04:00:00+01:00,2,4,na,6,6.0,0.0,na
Eco Counter GmbH,Stadt Karlsruhe,752,Erbprinzenstraße,100004165,Y2H16070301,8.4027153,49.0072864,(UTC+01:00) Europe/Paris DST,2013-02-01T05:00:00+01:00,13,18,na,31,6.0,0.0,na
Eco Counter GmbH,Stadt Karlsruhe,752,Erbprinzenstraße,100004165,Y2H16070301,8.4027153,49.0072864,(UTC+01:00) Europe/Paris DST,2013-02-01T06:00:00+01:00,29,38,na,67,6.0,0.0,na
Eco Counter GmbH,Stadt Karlsruhe,752,Erbprinzenstraße,100004165,Y2H16070301,8.4027153,49.0072864,(UTC+01:00) Europe/Paris DST,2013-02-01T07:00:00+01:00,77,116,na,193,6.0,0.2,na
Eco Counter GmbH,Stadt Karlsruhe,752,Erbprinzenstraße,100004165,Y2H16070301,8.4027153,49.0072864,(UTC+01:00) Europe/Paris DST,2013-02-01T08:00:00+01:00,108,148,na,256,7.0,0.2,na
Eco Counter GmbH,Stadt Karlsruhe,752,Erbprinzenstraße,100004165,Y2H16070301,8.4027153,49.0072864,(UTC+01:00) Europe/Paris DST,2013-02-01T09:00:00+01:00,113,132,na,245,7.0,0.3,na
Eco Counter GmbH,Stadt Karlsruhe,752,Erbprinzenstraße,100004165,Y2H16070301,8.4027153,49.0072864,(UTC+01:00) Europe/Paris DST,2013-02-01T10:00:00+01:00,77,88,na,165,7.0,0.4,na
Eco Counter GmbH,Stadt Karlsruhe,752,Erbprinzenstraße,100004165,Y2H16070301,8.4027153,49.0072864,(UTC+01:00) Europe/Paris DST,2013-02-01T11:00:00+01:00,98,119,na,217,8.0,0.5,na
Eco Counter GmbH,Stadt Karlsruhe,752,Erbprinzenstraße,100004165,Y2H16070301,8.4027153,49.0072864,(UTC+01:00) Europe/Paris DST,2013-02-01T12:00:00+01:00,85,101,na,186,8.0,0.8,na
Eco Counter GmbH,Stadt Karlsruhe,752,Erbprinzenstraße,100004165,Y2H16070301,8.4027153,49.0072864,(UTC+01:00) Europe/Paris DST,2013-02-01T13:00:00+01:00,94,108,na,202,8.0,0.7,na
Eco Counter GmbH,Stadt Karlsruhe,752,Erbprinzenstraße,100004165,Y2H16070301,8.4027153,49.0072864,(UTC+01:00) Europe/Paris DST,2013-02-01T14:00:00+01:00,104,117,na,221,8.0,0.4,na
Eco Counter GmbH,Stadt Karlsruhe,752,Erbprinzenstraße,100004165,Y2H16070301,8.4027153,49.0072864,(UTC+01:00) Europe/Paris DST,2013-02-01T15:00:00+01:00,110,123,na,233,8.0,0.5,na
Eco Counter GmbH,Stadt Karlsruhe,752,Erbprinzenstraße,100004165,Y2H16070301,8.4027153,49.0072864,(UTC+01:00) Europe/Paris DST,2013-02-01T16:00:00+01:00,87,92,na,179,7.0,0.9,na
Eco Counter GmbH,Stadt Karlsruhe,752,Erbprinzenstraße,100004165,Y2H16070301,8.4027153,49.0072864,(UTC+01:00) Europe/Paris DST,2013-02-01T17:00:00+01:00,98,118,na,216,7.0,0.9,na
Eco Counter GmbH,Stadt Karlsruhe,752,Erbprinzenstraße,100004165,Y2H16070301,8.4027153,49.0072864,(UTC+01:00) Europe/Paris DST,2013-02-01T18:00:00+01:00,62,77,na,139,7.0,0.9,na
Eco Counter GmbH,Stadt Karlsruhe,752,Erbprinzenstraße,100004165,Y2H16070301,8.4027153,49.0072864,(UTC+01:00) Europe/Paris DST,2013-02-01T19:00:00+01:00,47,69,na,116,7.0,0.5,na
Eco Counter GmbH,Stadt Karlsruhe,752,Erbprinzenstraße,100004165,Y2H16070301,8.4027153,49.0072864,(UTC+01:00) Europe/Paris DST,2013-02-01T20:00:00+01:00,32,50,na,82,7.0,1.5,na
Eco Counter GmbH,Stadt Karlsruhe,752,Erbprinzenstraße,100004165,Y2H16070301,8.4027153,49.0072864,(UTC+01:00) Europe/Paris DST,2013-02-01T21:00:00+01:00,15,20,na,35,7.0,1.8,na
Eco Counter GmbH,Stadt Karlsruhe,752,Erbprinzenstraße,100004165,Y2H16070301,8.4027153,49.0072864,(UTC+01:00) Europe/Paris DST,2013-02-01T22:00:00+01:00,17,20,na,37,7.0,1.5,na
Eco Counter GmbH,Stadt Karlsruhe,752,Erbprinzenstraße,100004165,Y2H16070301,8.4027153,49.0072864,(UTC+01:00) Europe/Paris DST,2013-02-01T23:00:00+01:00,18,22,na,40,7.0,1.2,na
Eco Counter GmbH,Stadt Karlsruhe,752,Erbprinzenstraße,100004165,Y2H16070301,8.4027153,49.0072864,(UTC+01:00) Europe/Paris DST,2013-02-02T00:00:00+01:00,8,12,na,20,6.0,1.0,na
Eco Counter GmbH,Stadt Karlsruhe,752,Erbprinzenstraße,100004165,Y2H16070301,8.4027153,49.0072864,(UTC+01:00) Europe/Paris DST,2013-02-02T01:00:00+01:00,4,5,na,9,5.0,1.0,na
Eco Counter GmbH,Stadt Karlsruhe,752,Erbprinzenstraße,100004165,Y2H16070301,8.4027153,49.0072864,(UTC+01:00) Europe/Paris DST,2013-02-02T02:00:00+01:00,5,7,na,12,5.0,0.9,na
Eco Counter GmbH,Stadt Karlsruhe,752,Erbprinzenstraße,100004165,Y2H16070301,8.4027153,49.0072864,(UTC+01:00) Europe/Paris DST,2013-02-02T03:00:00+01:00,9,11,na,20,4.0,0.5,na
Eco Counter GmbH,Stadt Karlsruhe,752,Erbprinzenstraße,100004165,Y2H16070301,8.4027153,49.0072864,(UTC+01:00) Europe/Paris DST,2013-02-02T04:00:00+01:00,4,4,na,8,3.0,0.3,na
Eco Counter GmbH,Stadt Karlsruhe,752,Erbprinzenstraße,100004165,Y2H16070301,8.4027153,49.0072864,(UTC+01:00) Europe/Paris DST,2013-02-02T05:00:00+01:00,9,10,na,19,3.0,0.2,na
Eco Counter GmbH,Stadt Karlsruhe,752,Erbprinzenstraße,100004165,Y2H16070301,8.4027153,49.0072864,(UTC+01:00) Europe/Paris DST,2013-02-02T06:00:00+01:00,9,9,na,18,3.0,0.1,na
Eco Counter GmbH,Stadt Karlsruhe,752,Erbprinzenstraße,100004165,Y2H16070301,8.4027153,49.0072864,(UTC+01:00) Europe/Paris DST,2013-02-02T07:00:00+01:00,6,14,na,20,3.0,0.0,na
Eco Counter GmbH,Stadt Karlsruhe,752,Erbprinzenstraße,100004165,Y2H16070301,8.4027153,49.0072864,(UTC+01:00) Europe/Paris DST,2013-02-02T08:00:00+01:00,24,31,na,55,3.0,0.0,na
Eco Counter GmbH,Stadt Karlsruhe,752,Erbprinzenstraße,100004165,Y2H16070301,8.4027153,49.0072864,(UTC+01:00) Europe/Paris DST,2013-02-02T09:00:00+01:00,52,48,na,100,4.0,0.0,na
Eco Counter GmbH,Stadt Karlsruhe,752,Erbprinzenstraße,100004165,Y2H16070301,8.4027153,49.0072864,(UTC+01:00) Europe/Paris DST,2013-02-02T10:00:00+01:00,76,77,na,153,4.0,0.1,na
Eco Counter GmbH,Stadt Karlsruhe,752,Erbprinzenstraße,100004165,Y2H16070301,8.4027153,49.0072864,(UTC+01:00) Europe/Paris DST,2013-02-02T11:00:00+01:00,77,82,na,159,5.0,0.3,na
Eco Counter GmbH,Stadt Karlsruhe,752,Erbprinzenstraße,100004165,Y2H16070301,8.4027153,49.0072864,(UTC+01:00) Europe/Paris DST,2013-02-02T12:00:00+01:00,109,131,na,240,5.0,0.2,na
Eco Counter GmbH,Stadt Karlsruhe,752,Erbprinzenstraße,100004165,Y2H16070301,8.4027153,49.0072864,(UTC+01:00) Europe/Paris DST,2013-02-02T13:00:00+01:00,96,116,na,212,5.0,0.0,na
Eco Counter GmbH,Stadt Karlsruhe,752,Erbprinzenstraße,100004165,Y2H16070301,8.4027153,49.0072864,(UTC+01:00) Europe/Paris DST,2013-02-02T14:00:00+01:00,87,109,na,196,5.0,0.1,na
Eco Counter GmbH,Stadt Karlsruhe,752,Erbprinzenstraße,100004165,Y2H16070301,8.4027153,49.0072864,(UTC+01:00) Europe/Paris DST,2013-02-02T15:00:00+01:00,82,92,na,174,4.0,0.2,na
Eco Counter GmbH,Stadt Karlsruhe,752,Erbprinzenstraße,100004165,Y2H16070301,8.4027153,49.0072864,(UTC+01:00) Europe/Paris DST,2013-02-02T16:00:00+01:00,59,70,na,129,3.0,0.9,na
Eco Counter GmbH,Stadt Karlsruhe,752,Erbprinzenstraße,100004165,Y2H16070301,8.4027153,49.0072864,(UTC+01:00) Europe/Paris DST,2013-02-02T17:00:00+01:00,34,49,na,83,2.0,0.5,na
Eco Counter GmbH,Stadt Karlsruhe,752,Erbprinzenstraße,100004165,Y2H16070301,8.4027153,49.0072864,(UTC+01:00) Europe/Paris DST,2013-02-02T18:00:00+01:00,43,69,na,112,1.0,0.2,na
Eco Counter GmbH,Stadt Karlsruhe,752,Erbprinzenstraße,100004165,Y2H16070301,8.4027153,49.0072864,(UTC+01:00) Europe/Paris DST,2013-02-02T19:00:00+01:00,40,61,na,101,0.0,0.0,na
Eco Counter GmbH,Stadt Karlsruhe,752,Erbprinzenstraße,100004165,Y2H16070301,8.4027153,49.0072864,(UTC+01:00) Europe/Paris DST,2013-02-02T20:00:00+01:00,30,49,na,79,0.0,0.0,na
Eco Counter GmbH,Stadt Karlsruhe,752,Erbprinzenstraße,100004165,Y2H16070301,8.4027153,49.0072864,(UTC+01:00) Europe/Paris DST,2013-02-02T21:00:00+01:00,21,32,na,53,0.0,0.0,na
Eco Counter GmbH,Stadt Karlsruhe,752,Erbprinzenstraße,100004165,Y2H16070301,8.4027153,49.0072864,(UTC+01:00) Europe/Paris DST,2013-02-02T22:00:00+01:00,20,33,na,53,-1.0,0.0,na
Eco Counter GmbH,Stadt Karlsruhe,752,Erbprinzenstraße,100004165,Y2H16070301,8.4027153,49.0072864,(UTC+01:00) Europe/Paris DST,2013-02-02T23:00:00+01:00,17,27,na,44,-1.0,0.0,na
Eco Counter GmbH,Stadt Karlsruhe,752,Erbprinzenstraße,100004165,Y2H16070301,8.4027153,49.0072864,(UTC+01:00) Europe/Paris DST,2013-02-03T00:00:00+01:00,13,19,na,32,0.0,0.0,na
Eco Counter GmbH,Stadt Karlsruhe,752,Erbprinzenstraße,100004165,Y2H16070301,8.4027153,49.0072864,(UTC+01:00) Europe/Paris DST,2013-02-03T01:00:00+01:00,10,14,na,24,0.0,0.0,na
Eco Counter GmbH,Stadt Karlsruhe,752,Erbprinzenstraße,100004165,Y2H16070301,8.4027153,49.0072864,(UTC+01:00) Europe/Paris DST,2013-02-03T02:00:00+01:00,12,18,na,30,0.0,0.0,na
Eco Counter GmbH,Stadt Karlsruhe,752,Erbprinzenstraße,100004165,Y2H16070301,8.4027153,49.0072864,(UTC+01:00) Europe/Paris DST,2013-02-03T03:00:00+01:00,9,11,na,20,1.0,0.0,na
Eco Counter GmbH,Stadt Karlsruhe,752,Erbprinzenstraße,100004165,Y2H16070301,8.4027153,49.0072864,(UTC+01:00) Europe/Paris DST,2013-02-03T04:00:00+01:00,15,14,na,29,1.0,0.0,na
Eco Counter GmbH,Stadt Karlsruhe,752,Erbprinzenstraße,100004165,Y2H16070301,8.4027153,49.0072864,(UTC+01:00) Europe/Paris DST,2013-02-03T05:00:00+01:00,5,7,na,12,1.0,0.0,na
Eco Counter GmbH,Stadt Karlsruhe,752,Erbprinzenstraße,100004165,Y2H16070301,8.4027153,49.0072864,(UTC+01:00) Europe/Paris DST,2013-02-03T06:00:00+01:00,7,6,na,13,1.0,0.1,na
Eco Counter GmbH,Stadt Karlsruhe,752,Erbprinzenstraße,100004165,Y2H16070301,8.4027153,49.0072864,(UTC+01:00) Europe/Paris DST,2013-02-03T07:00:00+01:00,1,5,na,6,2.0,0.0,na
Eco Counter GmbH,Stadt Karlsruhe,752,Erbprinzenstraße,100004165,Y2H16070301,8.4027153,49.0072864,(UTC+01:00) Europe/Paris DST,2013-02-03T08:00:00+01:00,10,14,na,24,3.0,0.0,na
Eco Counter GmbH,Stadt Karlsruhe,752,Erbprinzenstraße,100004165,Y2H16070301,8.4027153,49.0072864,(UTC+01:00) Europe/Paris DST,2013-02-03T09:00:00+01:00,18,18,na,36,3.0,0.0,na
Eco Counter GmbH,Stadt Karlsruhe,752,Erbprinzenstraße,100004165,Y2H16070301,8.4027153,49.0072864,(UTC+01:00) Europe/Paris DST,2013-02-03T10:00:00+01:00,28,28,na,56,4.0,0.0,na
Eco Counter GmbH,Stadt Karlsruhe,752,Erbprinzenstraße,100004165,Y2H16070301,8.4027153,49.0072864,(UTC+01:00) Europe/Paris DST,2013-02-03T11:00:00+01:00,42,44,na,86,4.0,0.0,na
Eco Counter GmbH,Stadt Karlsruhe,752,Erbprinzenstraße,100004165,Y2H16070301,8.4027153,49.0072864,(UTC+01:00) Europe/Paris DST,2013-02-03T12:00:00+01:00,32,38,na,70,4.0,0.0,na
Eco Counter GmbH,Stadt Karlsruhe,752,Erbprinzenstraße,100004165,Y2H16070301,8.4027153,49.0072864,(UTC+01:00) Europe/Paris DST,2013-02-03T13:00:00+01:00,33,39,na,72,4.0,0.0,na
Eco Counter GmbH,Stadt Karlsruhe,752,Erbprinzenstraße,100004165,Y2H16070301,8.4027153,49.0072864,(UTC+01:00) Europe/Paris DST,2013-02-03T14:00:00+01:00,45,56,na,101,4.0,0.0,na
Eco Counter GmbH,Stadt Karlsruhe,752,Erbprinzenstraße,100004165,Y2H16070301,8.4027153,49.0072864,(UTC+01:00) Europe/Paris DST,2013-02-03T15:00:00+01:00,35,40,na,75,4.0,0.0,na
Eco Counter GmbH,Stadt Karlsruhe,752,Erbprinzenstraße,100004165,Y2H16070301,8.4027153,49.0072864,(UTC+01:00) Europe/Paris DST,2013-02-03T16:00:00+01:00,40,50,na,90,3.0,0.0,na
Eco Counter GmbH,Stadt Karlsruhe,752,Erbprinzenstraße,100004165,Y2H16070301,8.4027153,49.0072864,(UTC+01:00) Europe/Paris DST,2013-02-03T17:00:00+01:00,32,45,na,77,2.0,0.0,na
Eco Counter GmbH,Stadt Karlsruhe,752,Erbprinzenstraße,100004165,Y2H16070301,8.4027153,49.0072864,(UTC+01:00) Europe/Paris DST,2013-02-03T18:00:00+01:00,40,64,na,104,2.0,0.0,na
Eco Counter GmbH,Stadt Karlsruhe,752,Erbprinzenstraße,100004165,Y2H16070301,8.4027153,49.0072864,(UTC+01:00) Europe/Paris DST,2013-02-03T19:00:00+01:00,39,60,na,99,2.0,0.0,na
Eco Counter GmbH,Stadt Karlsruhe,752,Erbprinzenstraße,100004165,Y2H16070301,8.4027153,49.0072864,(UTC+01:00) Europe/Paris DST,2013-02-03T20:00:00+01:00,17,28,na,45,2.0,0.1,na
Eco Counter GmbH,Stadt Karlsruhe,752,Erbprinzenstraße,100004165,Y2H16070301,8.4027153,49.0072864,(UTC+01:00) Europe/Paris DST,2013-02-03T21:00:00+01:00,13,19,na,32,1.0,0.2,na
Eco Counter GmbH,Stadt Karlsruhe,752,Erbprinzenstraße,100004165,Y2H16070301,8.4027153,49.0072864,(UTC+01:00) Europe/Paris DST,2013-02-03T22:00:00+01:00,10,16,na,26,1.0,0.2,na
Eco Counter GmbH,Stadt Karlsruhe,752,Erbprinzenstraße,100004165,Y2H16070301,8.4027153,49.0072864,(UTC+01:00) Europe/Paris DST,2013-02-03T23:00:00+01:00,9,13,na,22,1.0,0.2,na
Eco Counter GmbH,Stadt Karlsruhe,752,Erbprinzenstraße,100004165,Y2H16070301,8.4027153,49.0072864,(UTC+01:00) Europe/Paris DST,2013-02-04T00:00:00+01:00,5,6,na,11,1.0,0.3,na
Eco Counter GmbH,Stadt Karlsruhe,752,Erbprinzenstraße,100004165,Y2H16070301,8.4027153,49.0072864,(UTC+01:00) Europe/Paris DST,2013-02-04T01:00:00+01:00,3,4,na,7,1.0,0.2,na
Eco Counter GmbH,Stadt Karlsruhe,752,Erbprinzenstraße,100004165,Y2H16070301,8.4027153,49.0072864,(UTC+01:00) Europe/Paris DST,2013-02-04T02:00:00+01:00,2,1,na,3,1.0,0.2,na
Eco Counter GmbH,Stadt Karlsruhe,752,Erbprinzenstraße,100004165,Y2H16070301,8.4027153,49.0072864,(UTC+01:00) Europe/Paris DST,2013-02-04T03:00:00+01:00,0,0,na,0,1.0,0.2,na
Eco Counter GmbH,Stadt Karlsruhe,752,Erbprinzenstraße,100004165,Y2H16070301,8.4027153,49.0072864,(UTC+01:00) Europe/Paris DST,2013-02-04T04:00:00+01:00,6,11,na,17,1.0,0.3,na
Eco Counter GmbH,Stadt Karlsruhe,752,Erbprinzenstraße,100004165,Y2H16070301,8.4027153,49.0072864,(UTC+01:00) Europe/Paris DST,2013-02-04T05:00:00+01:00,9,15,na,24,1.0,0.3,na
Eco Counter GmbH,Stadt Karlsruhe,752,Erbprinzenstraße,100004165,Y2H16070301,8.4027153,49.0072864,(UTC+01:00) Europe/Paris DST,2013-02-04T06:00:00+01:00,20,28,na,48,2.0,0.5,na
Eco Counter GmbH,Stadt Karlsruhe,752,Erbprinzenstraße,100004165,Y2H16070301,8.4027153,49.0072864,(UTC+01:00) Europe/Paris DST,2013-02-04T07:00:00+01:00,71,105,na,176,2.0,0.5,na
Eco Counter GmbH,Stadt Karlsruhe,752,Erbprinzenstraße,100004165,Y2H16070301,8.4027153,49.0072864,(UTC+01:00) Europe/Paris DST,2013-02-04T08:00:00+01:00,90,123,na,213,2.0,0.6,na
Eco Counter GmbH,Stadt Karlsruhe,752,Erbprinzenstraße,100004165,Y2H16070301,8.4027153,49.0072864,(UTC+01:00) Europe/Paris DST,2013-02-04T09:00:00+01:00,101,116,na,217,3.0,0.5,na
Eco Counter GmbH,Stadt Karlsruhe,752,Erbprinzenstraße,100004165,Y2H16070301,8.4027153,49.0072864,(UTC+01:00) Europe/Paris DST,2013-02-04T10:00:00+01:00,61,72,na,133,3.0,0.5,na
Eco Counter GmbH,Stadt Karlsruhe,752,Erbprinzenstraße,100004165,Y2H16070301,8.4027153,49.0072864,(UTC+01:00) Europe/Paris DST,2013-02-04T11:00:00+01:00,72,88,na,160,4.0,0.3,na
Eco Counter GmbH,Stadt Karlsruhe,752,Erbprinzenstraße,100004165,Y2H16070301,8.4027153,49.0072864,(UTC+01:00) Europe/Paris DST,2013-02-04T12:00:00+01:00,90,108,na,198,4.0,0.2,na
Eco Counter GmbH,Stadt Karlsruhe,752,Erbprinzenstraße,100004165,Y2H16070301,8.4027153,49.0072864,(UTC+01:00) Europe/Paris DST,2013-02-04T13:00:00+01:00,93,108,na,201,5.0,0.2,na
Eco Counter GmbH,Stadt Karlsruhe,752,Erbprinzenstraße,100004165,Y2H16070301,8.4027153,49.0072864,(UTC+01:00) Europe/Paris DST,2013-02-04T14:00:00+01:00,95,106,na,201,5.0,0.2,na
Eco Counter GmbH,Stadt Karlsruhe,752,Erbprinzenstraße,100004165,Y2H16070301,8.4027153,49.0072864,(UTC+01:00) Europe/Paris DST,2013-02-04T15:00:00+01:00,92,103,na,195,5.0,0.3,na
Eco Counter GmbH,Stadt Karlsruhe,752,Erbprinzenstraße,100004165,Y2H16070301,8.4027153,49.0072864,(UTC+01:00) Europe/Paris DST,2013-02-04T16:00:00+01:00,99,106,na,205,5.0,0.3,na
Eco Counter GmbH,Stadt Karlsruhe,752,Erbprinzenstraße,100004165,Y2H16070301,8.4027153,49.0072864,(UTC+01:00) Europe/Paris DST,2013-02-04T17:00:00+01:00,122,148,na,270,5.0,0.9,na
Eco Counter GmbH,Stadt Karlsruhe,752,Erbprinzenstraße,100004165,Y2H16070301,8.4027153,49.0072864,(UTC+01:00) Europe/Paris DST,2013-02-04T18:00:00+01:00,99,124,na,223,5.0,0.4,na
Eco Counter GmbH,Stadt Karlsruhe,752,Erbprinzenstraße,100004165,Y2H16070301,8.4027153,49.0072864,(UTC+01:00) Europe/Paris DST,2013-02-04T19:00:00+01:00,73,105,na,178,5.0,0.3,na
Eco Counter GmbH,Stadt Karlsruhe,752,Erbprinzenstraße,100004165,Y2H16070301,8.4027153,49.0072864,(UTC+01:00) Europe/Paris DST,2013-02-04T20:00:00+01:00,32,49,na,81,5.0,0.5,na
Eco Counter GmbH,Stadt Karlsruhe,752,Erbprinzenstraße,100004165,Y2H16070301,8.4027153,49.0072864,(UTC+01:00) Europe/Paris DST,2013-02-04T21:00:00+01:00,27,39,na,66,5.0,0.2,na
Eco Counter GmbH,Stadt Karlsruhe,752,Erbprinzenstraße,100004165,Y2H16070301,8.4027153,49.0072864,(UTC+01:00) Europe/Paris DST,2013-02-04T22:00:00+01:00,21,26,na,47,5.0,0.0,na
Eco Counter GmbH,Stadt Karlsruhe,752,Erbprinzenstraße,100004165,Y2H16070301,8.4027153,49.0072864,(UTC+01:00) Europe/Paris DST,2013-02-04T23:00:00+01:00,6,9,na,15,5.0,0.1,na
Eco Counter GmbH,Stadt Karlsruhe,752,Erbprinzenstraße,100004165,Y2H16070301,8.4027153,49.0072864,(UTC+01:00) Europe/Paris DST,2013-02-05T00:00:00+01:00,6,8,na,14,5.0,0.0,na
Eco Counter GmbH,Stadt Karlsruhe,752,Erbprinzenstraße,100004165,Y2H16070301,8.4027153,49.0072864,(UTC+01:00) Europe/Paris DST,2013-02-05T01:00:00+01:00,4,5,na,9,5.0,0.0,na
Eco Counter GmbH,Stadt Karlsruhe,752,Erbprinzenstraße,100004165,Y2H16070301,8.4027153,49.0072864,(UTC+01:00) Europe/Paris DST,2013-02-05T02:00:00+01:00,0,0,na,0,5.0,0.0,na
Eco Counter GmbH,Stadt Karlsruhe,752,Erbprinzenstraße,100004165,Y2H16070301,8.4027153,49.0072864,(UTC+01:00) Europe/Paris DST,2013-02-05T03:00:00+01:00,6,4,na,10,5.0,0.0,na
Eco Counter GmbH,Stadt Karlsruhe,752,Erbprinzenstraße,100004165,Y2H16070301,8.4027153,49.0072864,(UTC+01:00) Europe/Paris DST,2013-02-05T04:00:00+01:00,4,7,na,11,4.0,0.0,na
Eco Counter GmbH,Stadt Karlsruhe,752,Erbprinzenstraße,100004165,Y2H16070301,8.4027153,49.0072864,(UTC+01:00) Europe/Paris DST,2013-02-05T05:00:00+01:00,9,15,na,24,4.0,0.1,na
Eco Counter GmbH,Stadt Karlsruhe,752,Erbprinzenstraße,100004165,Y2H16070301,8.4027153,49.0072864,(UTC+01:00) Europe/Paris DST,2013-02-05T06:00:00+01:00,18,24,na,42,4.0,0.0,na
Eco Counter GmbH,Stadt Karlsruhe,752,Erbprinzenstraße,100004165,Y2H16070301,8.4027153,49.0072864,(UTC+01:00) Europe/Paris DST,2013-02-05T07:00:00+01:00,69,102,na,171,5.0,0.0,na
Eco Counter GmbH,Stadt Karlsruhe,752,Erbprinzenstraße,100004165,Y2H16070301,8.4027153,49.0072864,(UTC+01:00) Europe/Paris DST,2013-02-05T08:00:00+01:00,112,153,na,265,5.0,0.0,na
Eco Counter GmbH,Stadt Karlsruhe,752,Erbprinzenstraße,100004165,Y2H16070301,8.4027153,49.0072864,(UTC+01:00) Europe/Paris DST,2013-02-05T09:00:00+01:00,109,128,na,237,5.0,0.0,na
Eco Counter GmbH,Stadt Karlsruhe,752,Erbprinzenstraße,100004165,Y2H16070301,8.4027153,49.0072864,(UTC+01:00) Europe/Paris DST,2013-02-05T10:00:00+01:00,82,94,na,176,5.0,0.1,na
Eco Counter GmbH,Stadt Karlsruhe,752,Erbprinzenstraße,100004165,Y2H16070301,8.4027153,49.0072864,(UTC+01:00) Europe/Paris DST,2013-02-05T11:00:00+01:00,93,112,na,205,4.0,0.5,na
Eco Counter GmbH,Stadt Karlsruhe,752,Erbprinzenstraße,100004165,Y2H16070301,8.4027153,49.0072864,(UTC+01:00) Europe/Paris DST,2013-02-05T12:00:00+01:00,90,109,na,199,4.0,0.5,na
Eco Counter GmbH,Stadt Karlsruhe,752,Erbprinzenstraße,100004165,Y2H16070301,8.4027153,49.0072864,(UTC+01:00) Europe/Paris DST,2013-02-05T13:00:00+01:00,114,133,na,247,4.0,0.8,na
Eco Counter GmbH,Stadt Karlsruhe,752,Erbprinzenstraße,100004165,Y2H16070301,8.4027153,49.0072864,(UTC+01:00) Europe/Paris DST,2013-02-05T14:00:00+01:00,74,83,na,157,4.0,0.5,na
Eco Counter GmbH,Stadt Karlsruhe,752,Erbprinzenstraße,100004165,Y2H16070301,8.4027153,49.0072864,(UTC+01:00) Europe/Paris DST,2013-02-05T15:00:00+01:00,111,124,na,235,4.0,0.2,na
Eco Counter GmbH,Stadt Karlsruhe,752,Erbprinzenstraße,100004165,Y2H16070301,8.4027153,49.0072864,(UTC+01:00) Europe/Paris DST,2013-02-05T16:00:00+01:00,128,138,na,266,3.0,0.1,na
Eco Counter GmbH,Stadt Karlsruhe,752,Erbprinzenstraße,100004165,Y2H16070301,8.4027153,49.0072864,(UTC+01:00) Europe/Paris DST,2013-02-05T17:00:00+01:00,144,175,na,319,3.0,0.0,na
Eco Counter GmbH,Stadt Karlsruhe,752,Erbprinzenstraße,100004165,Y2H16070301,8.4027153,49.0072864,(UTC+01:00) Europe/Paris DST,2013-02-05T18:00:00+01:00,126,157,na,283,2.0,0.2,na
Eco Counter GmbH,Stadt Karlsruhe,752,Erbprinzenstraße,100004165,Y2H16070301,8.4027153,49.0072864,(UTC+01:00) Europe/Paris DST,2013-02-05T19:00:00+01:00,96,141,na,237,1.0,0.1,na
Eco Counter GmbH,Stadt Karlsruhe,752,Erbprinzenstraße,100004165,Y2H16070301,8.4027153,49.0072864,(UTC+01:00) Europe/Paris DST,2013-02-05T20:00:00+01:00,52,82,na,134,1.0,0.0,na
Eco Counter GmbH,Stadt Karlsruhe,752,Erbprinzenstraße,100004165,Y2H16070301,8.4027153,49.0072864,(UTC+01:00) Europe/Paris DST,2013-02-05T21:00:00+01:00,36,51,na,87,1.0,0.5,na
Eco Counter GmbH,Stadt Karlsruhe,752,Erbprinzenstraße,100004165,Y2H16070301,8.4027153,49.0072864,(UTC+01:00) Europe/Paris DST,2013-02-05T22:00:00+01:00,32,41,na,73,0.0,0.1,na
Eco Counter GmbH,Stadt Karlsruhe,752,Erbprinzenstraße,100004165,Y2H16070301,8.4027153,49.0072864,(UTC+01:00) Europe/Paris DST,2013-02-05T23:00:00+01:00,15,20,na,35,0.0,0.0,na
Eco Counter GmbH,Stadt Karlsruhe,752,Erbprinzenstraße,100004165,Y2H16070301,8.4027153,49.0072864,(UTC+01:00) Europe/Paris DST,2013-02-06T00:00:00+01:00,11,13,na,24,0.0,0.0,na
Eco Counter GmbH,Stadt Karlsruhe,752,Erbprinzenstraße,100004165,Y2H16070301,8.4027153,49.0072864,(UTC+01:00) Europe/Paris DST,2013-02-06T01:00:00+01:00,4,4,na,8,0.0,0.0,na
Eco Counter GmbH,Stadt Karlsruhe,752,Erbprinzenstraße,100004165,Y2H16070301,8.4027153,49.0072864,(UTC+01:00) Europe/Paris DST,2013-02-06T02:00:00+01:00,4,4,na,8,-1.0,0.0,na
Eco Counter GmbH,Stadt Karlsruhe,752,Erbprinzenstraße,100004165,Y2H16070301,8.4027153,49.0072864,(UTC+01:00) Europe/Paris DST,2013-02-06T03:00:00+01:00,6,4,na,10,-1.0,0.0,na
Eco Counter GmbH,Stadt Karlsruhe,752,Erbprinzenstraße,100004165,Y2H16070301,8.4027153,49.0072864,(UTC+01:00) Europe/Paris DST,2013-02-06T04:00:00+01:00,1,2,na,3,0.0,0.0,na
Eco Counter GmbH,Stadt Karlsruhe,752,Erbprinzenstraße,100004165,Y2H16070301,8.4027153,49.0072864,(UTC+01:00) Europe/Paris DST,2013-02-06T05:00:00+01:00,13,18,na,31,0.0,0.0,na
Eco Counter GmbH,Stadt Karlsruhe,752,Erbprinzenstraße,100004165,Y2H16070301,8.4027153,49.0072864,(UTC+01:00) Europe/Paris DST,2013-02-06T06:00:00+01:00,18,24,na,42,0.0,0.2,na
Eco Counter GmbH,Stadt Karlsruhe,752,Erbprinzenstraße,100004165,Y2H16070301,8.4027153,49.0072864,(UTC+01:00) Europe/Paris DST,2013-02-06T07:00:00+01:00,71,107,na,178,1.0,0.1,na
Eco Counter GmbH,Stadt Karlsruhe,752,Erbprinzenstraße,100004165,Y2H16070301,8.4027153,49.0072864,(UTC+01:00) Europe/Paris DST,2013-02-06T08:00:00+01:00,89,123,na,212,1.0,0.3,na
Eco Counter GmbH,Stadt Karlsruhe,752,Erbprinzenstraße,100004165,Y2H16070301,8.4027153,49.0072864,(UTC+01:00) Europe/Paris DST,2013-02-06T09:00:00+01:00,99,116,na,215,2.0,0.4,na
Eco Counter GmbH,Stadt Karlsruhe,752,Erbprinzenstraße,100004165,Y2H16070301,8.4027153,49.0072864,(UTC+01:00) Europe/Paris DST,2013-02-06T10:00:00+01:00,91,105,na,196,3.0,0.5,na
Eco Counter GmbH,Stadt Karlsruhe,752,Erbprinzenstraße,100004165,Y2H16070301,8.4027153,49.0072864,(UTC+01:00) Europe/Paris DST,2013-02-06T11:00:00+01:00,94,115,na,209,3.0,0.5,na
Eco Counter GmbH,Stadt Karlsruhe,752,Erbprinzenstraße,100004165,Y2H16070301,8.4027153,49.0072864,(UTC+01:00) Europe/Paris DST,2013-02-06T12:00:00+01:00,98,117,na,215,4.0,0.8,na
Eco Counter GmbH,Stadt Karlsruhe,752,Erbprinzenstraße,100004165,Y2H16070301,8.4027153,49.0072864,(UTC+01:00) Europe/Paris DST,2013-02-06T13:00:00+01:00,104,122,na,226,4.0,0.3,na
Eco Counter GmbH,Stadt Karlsruhe,752,Erbprinzenstraße,100004165,Y2H16070301,8.4027153,49.0072864,(UTC+01:00) Europe/Paris DST,2013-02-06T14:00:00+01:00,96,108,na,204,4.0,0.5,na
Eco Counter GmbH,Stadt Karlsruhe,752,Erbprinzenstraße,100004165,Y2H16070301,8.4027153,49.0072864,(UTC+01:00) Europe/Paris DST,2013-02-06T15:00:00+01:00,117,131,na,248,3.0,0.3,na
Eco Counter GmbH,Stadt Karlsruhe,752,Erbprinzenstraße,100004165,Y2H16070301,8.4027153,49.0072864,(UTC+01:00) Europe/Paris DST,2013-02-06T16:00:00+01:00,143,154,na,297,3.0,0.2,na
Eco Counter GmbH,Stadt Karlsruhe,752,Erbprinzenstraße,100004165,Y2H16070301,8.4027153,49.0072864,(UTC+01:00) Europe/Paris DST,2013-02-06T17:00:00+01:00,129,156,na,285,2.0,0.0,na
Eco Counter GmbH,Stadt Karlsruhe,752,Erbprinzenstraße,100004165,Y2H16070301,8.4027153,49.0072864,(UTC+01:00) Europe/Paris DST,2013-02-06T18:00:00+01:00,118,149,na,267,1.0,0.1,na
Eco Counter GmbH,Stadt Karlsruhe,752,Erbprinzenstraße,100004165,Y2H16070301,8.4027153,49.0072864,(UTC+01:00) Europe/Paris DST,2013-02-06T19:00:00+01:00,73,105,na,178,1.0,0.1,na
Eco Counter GmbH,Stadt Karlsruhe,752,Erbprinzenstraße,100004165,Y2H16070301,8.4027153,49.0072864,(UTC+01:00) Europe/Paris DST,2013-02-06T20:00:00+01:00,49,77,na,126,0.0,0.3,na
Eco Counter GmbH,Stadt Karlsruhe,752,Erbprinzenstraße,100004165,Y2H16070301,8.4027153,49.0072864,(UTC+01:00) Europe/Paris DST,2013-02-06T21:00:00+01:00,30,44,na,74,0.0,0.2,na
Eco Counter GmbH,Stadt Karlsruhe,752,Erbprinzenstraße,100004165,Y2H16070301,8.4027153,49.0072864,(UTC+01:00) Europe/Paris DST,2013-02-06T22:00:00+01:00,25,33,na,58,0.0,0.1,na
Eco Counter GmbH,Stadt Karlsruhe,752,Erbprinzenstraße,100004165,Y2H16070301,8.4027153,49.0072864,(UTC+01:00) Europe/Paris DST,2013-02-06T23:00:00+01:00,21,28,na,49,-1.0,0.0,na
Eco Counter GmbH,Stadt Karlsruhe,752,Erbprinzenstraße,100004165,Y2H16070301,8.4027153,49.0072864,(UTC+01:00) Europe/Paris DST,2013-02-07T00:00:00+01:00,6,7,na,13,-1.0,0.0,na
Eco Counter GmbH,Stadt Karlsruhe,752,Erbprinzenstraße,100004165,Y2H16070301,8.4027153,49.0072864,(UTC+01:00) Europe/Paris DST,2013-02-07T01:00:00+01:00,4,4,na,8,-1.0,0.0,na
Eco Counter GmbH,Stadt Karlsruhe,752,Erbprinzenstraße,100004165,Y2H16070301,8.4027153,49.0072864,(UTC+01:00) Europe/Paris DST,2013-02-07T02:00:00+01:00,2,1,na,3,-2.0,0.0,na
Eco Counter GmbH,Stadt Karlsruhe,752,Erbprinzenstraße,100004165,Y2H16070301,8.4027153,49.0072864,(UTC+01:00) Europe/Paris DST,2013-02-07T03:00:00+01:00,6,4,na,10,-2.0,0.0,na
Eco Counter GmbH,Stadt Karlsruhe,752,Erbprinzenstraße,100004165,Y2H16070301,8.4027153,49.0072864,(UTC+01:00) Europe/Paris DST,2013-02-07T04:00:00+01:00,6,9,na,15,-2.0,0.0,na
Eco Counter GmbH,Stadt Karlsruhe,752,Erbprinzenstraße,100004165,Y2H16070301,8.4027153,49.0072864,(UTC+01:00) Europe/Paris DST,2013-02-07T05:00:00+01:00,6,8,na,14,-2.0,0.1,na
Eco Counter GmbH,Stadt Karlsruhe,752,Erbprinzenstraße,100004165,Y2H16070301,8.4027153,49.0072864,(UTC+01:00) Europe/Paris DST,2013-02-07T06:00:00+01:00,23,30,na,53,-1.0,0.1,na
Eco Counter GmbH,Stadt Karlsruhe,752,Erbprinzenstraße,100004165,Y2H16070301,8.4027153,49.0072864,(UTC+01:00) Europe/Paris DST,2013-02-07T07:00:00+01:00,76,114,na,190,-1.0,0.0,na
Eco Counter GmbH,Stadt Karlsruhe,752,Erbprinzenstraße,100004165,Y2H16070301,8.4027153,49.0072864,(UTC+01:00) Europe/Paris DST,2013-02-07T08:00:00+01:00,95,131,na,226,0.0,0.0,na
Eco Counter GmbH,Stadt Karlsruhe,752,Erbprinzenstraße,100004165,Y2H16070301,8.4027153,49.0072864,(UTC+01:00) Europe/Paris DST,2013-02-07T09:00:00+01:00,99,116,na,215,0.0,0.0,na
Eco Counter GmbH,Stadt Karlsruhe,752,Erbprinzenstraße,100004165,Y2H16070301,8.4027153,49.0072864,(UTC+01:00) Europe/Paris DST,2013-02-07T10:00:00+01:00,75,86,na,161,1.0,0.0,na
Eco Counter GmbH,Stadt Karlsruhe,752,Erbprinzenstraße,100004165,Y2H16070301,8.4027153,49.0072864,(UTC+01:00) Europe/Paris DST,2013-02-07T11:00:00+01:00,83,100,na,183,1.0,0.2,na
Eco Counter GmbH,Stadt Karlsruhe,752,Erbprinzenstraße,100004165,Y2H16070301,8.4027153,49.0072864,(UTC+01:00) Europe/Paris DST,2013-02-07T12:00:00+01:00,98,117,na,215,1.0,0.1,na
Eco Counter GmbH,Stadt Karlsruhe,752,Erbprinzenstraße,100004165,Y2H16070301,8.4027153,49.0072864,(UTC+01:00) Europe/Paris DST,2013-02-07T13:00:00+01:00,119,138,na,257,2.0,0.0,na
Eco Counter GmbH,Stadt Karlsruhe,752,Erbprinzenstraße,100004165,Y2H16070301,8.4027153,49.0072864,(UTC+01:00) Europe/Paris DST,2013-02-07T14:00:00+01:00,100,115,na,215,2.0,0.1,na
Eco Counter GmbH,Stadt Karlsruhe,752,Erbprinzenstraße,100004165,Y2H16070301,8.4027153,49.0072864,(UTC+01:00) Europe/Paris DST,2013-02-07T15:00:00+01:00,117,132,na,249,1.0,0.2,na
Eco Counter GmbH,Stadt Karlsruhe,752,Erbprinzenstraße,100004165,Y2H16070301,8.4027153,49.0072864,(UTC+01:00) Europe/Paris DST,2013-02-07T16:00:00+01:00,121,130,na,251,1.0,0.4,na
Eco Counter GmbH,Stadt Karlsruhe,752,Erbprinzenstraße,100004165,Y2H16070301,8.4027153,49.0072864,(UTC+01:00) Europe/Paris DST,2013-02-07T17:00:00+01:00,140,168,na,308,0.0,0.0,na
Eco Counter GmbH,Stadt Karlsruhe,752,Erbprinzenstraße,100004165,Y2H16070301,8.4027153,49.0072864,(UTC+01:00) Europe/Paris DST,2013-02-07T18:00:00+01:00,121,150,na,271,0.0,0.0,na
Eco Counter GmbH,Stadt Karlsruhe,752,Erbprinzenstraße,100004165,Y2H16070301,8.4027153,49.0072864,(UTC+01:00) Europe/Paris DST,2013-02-07T19:00:00+01:00,87,126,na,213,0.0,0.0,na
Eco Counter GmbH,Stadt Karlsruhe,752,Erbprinzenstraße,100004165,Y2H16070301,8.4027153,49.0072864,(UTC+01:00) Europe/Paris DST,2013-02-07T20:00:00+01:00,52,80,na,132,0.0,0.0,na
Eco Counter GmbH,Stadt Karlsruhe,752,Erbprinzenstraße,100004165,Y2H16070301,8.4027153,49.0072864,(UTC+01:00) Europe/Paris DST,2013-02-07T21:00:00+01:00,44,62,na,106,-1.0,0.0,na
Eco Counter GmbH,Stadt Karlsruhe,752,Erbprinzenstraße,100004165,Y2H16070301,8.4027153,49.0072864,(UTC+01:00) Europe/Paris DST,2013-02-07T22:00:00+01:00,32,41,na,73,-1.0,0.0,na
Eco Counter GmbH,Stadt Karlsruhe,752,Erbprinzenstraße,100004165,Y2H16070301,8.4027153,49.0072864,(UTC+01:00) Europe/Paris DST,2013-02-07T23:00:00+01:00,21,28,na,49,-1.0,0.0,na
Eco Counter GmbH,Stadt Karlsruhe,752,Erbprinzenstraße,100004165,Y2H16070301,8.4027153,49.0072864,(UTC+01:00) Europe/Paris DST,2013-02-08T00:00:00+01:00,14,16,na,30,-1.0,0.0,na
Eco Counter GmbH,Stadt Karlsruhe,752,Erbprinzenstraße,100004165,Y2H16070301,8.4027153,49.0072864,(UTC+01:00) Europe/Paris DST,2013-02-08T01:00:00+01:00,9,11,na,20,-1.0,0.0,na
Eco Counter GmbH,Stadt Karlsruhe,752,Erbprinzenstraße,100004165,Y2H16070301,8.4027153,49.0072864,(UTC+01:00) Europe/Paris DST,2013-02-08T02:00:00+01:00,7,7,na,14,-2.0,0.0,na
Eco Counter GmbH,Stadt Karlsruhe,752,Erbprinzenstraße,100004165,Y2H16070301,8.4027153,49.0072864,(UTC+01:00) Europe/Paris DST,2013-02-08T03:00:00+01:00,9,7,na,16,-2.0,0.0,na
Eco Counter GmbH,Stadt Karlsruhe,752,Erbprinzenstraße,100004165,Y2H16070301,8.4027153,49.0072864,(UTC+01:00) Europe/Paris DST,2013-02-08T04:00:00+01:00,5,7,na,12,-2.0,0.0,na
Eco Counter GmbH,Stadt Karlsruhe,752,Erbprinzenstraße,100004165,Y2H16070301,8.4027153,49.0072864,(UTC+01:00) Europe/Paris DST,2013-02-08T05:00:00+01:00,9,12,na,21,-2.0,0.0,na
Eco Counter GmbH,Stadt Karlsruhe,752,Erbprinzenstraße,100004165,Y2H16070301,8.4027153,49.0072864,(UTC+01:00) Europe/Paris DST,2013-02-08T06:00:00+01:00,20,27,na,47,-2.0,0.0,na
Eco Counter GmbH,Stadt Karlsruhe,752,Erbprinzenstraße,100004165,Y2H16070301,8.4027153,49.0072864,(UTC+01:00) Europe/Paris DST,2013-02-08T07:00:00+01:00,63,95,na,158,-1.0,0.0,na
Eco Counter GmbH,Stadt Karlsruhe,752,Erbprinzenstraße,100004165,Y2H16070301,8.4027153,49.0072864,(UTC+01:00) Europe/Paris DST,2013-02-08T08:00:00+01:00,107,148,na,255,0.0,0.3,na
Eco Counter GmbH,Stadt Karlsruhe,752,Erbprinzenstraße,100004165,Y2H16070301,8.4027153,49.0072864,(UTC+01:00) Europe/Paris DST,2013-02-08T09:00:00+01:00,103,120,na,223,0.0,0.0,na
Eco Counter GmbH,Stadt Karlsruhe,752,Erbprinzenstraße,100004165,Y2H16070301,8.4027153,49.0072864,(UTC+01:00) Europe/Paris DST,2013-02-08T10:00:00+01:00,89,102,na,191,1.0,0.0,na
Eco Counter GmbH,Stadt Karlsruhe,752,Erbprinzenstraße,100004165,Y2H16070301,8.4027153,49.0072864,(UTC+01:00) Europe/Paris DST,2013-02-08T11:00:00+01:00,111,134,na,245,1.0,0.1,na
Eco Counter GmbH,Stadt Karlsruhe,752,Erbprinzenstraße,100004165,Y2H16070301,8.4027153,49.0072864,(UTC+01:00) Europe/Paris DST,2013-02-08T12:00:00+01:00,98,117,na,215,2.0,0.1,na
Eco Counter GmbH,Stadt Karlsruhe,752,Erbprinzenstraße,100004165,Y2H16070301,8.4027153,49.0072864,(UTC+01:00) Europe/Paris DST,2013-02-08T13:00:00+01:00,112,131,na,243,2.0,0.0,na
Eco Counter GmbH,Stadt Karlsruhe,752,Erbprinzenstraße,100004165,Y2H16070301,8.4027153,49.0072864,(UTC+01:00) Europe/Paris DST,2013-02-08T14:00:00+01:00,104,118,na,222,2.0,0.0,na
Eco Counter GmbH,Stadt Karlsruhe,752,Erbprinzenstraße,100004165,Y2H16070301,8.4027153,49.0072864,(UTC+01:00) Europe/Paris DST,2013-02-08T15:00:00+01:00,116,131,na,247,2.0,0.0,na
Eco Counter GmbH,Stadt Karlsruhe,752,Erbprinzenstraße,100004165,Y2H16070301,8.4027153,49.0072864,(UTC+01:00) Europe/Paris DST,2013-02-08T16:00:00+01:00,126,136,na,262,1.0,0.3,na
Eco Counter GmbH,Stadt Karlsruhe,752,Erbprinzenstraße,100004165,Y2H16070301,8.4027153,49.0072864,(UTC+01:00) Europe/Paris DST,2013-02-08T17:00:00+01:00,136,164,na,300,0.0,0.0,na
Eco Counter GmbH,Stadt Karlsruhe,752,Erbprinzenstraße,100004165,Y2H16070301,8.4027153,49.0072864,(UTC+01:00) Europe/Paris DST,2013-02-08T18:00:00+01:00,88,110,na,198,0.0,0.0,na
Eco Counter GmbH,Stadt Karlsruhe,752,Erbprinzenstraße,100004165,Y2H16070301,8.4027153,49.0072864,(UTC+01:00) Europe/Paris DST,2013-02-08T19:00:00+01:00,59,88,na,147,-1.0,0.4,na
Eco Counter GmbH,Stadt Karlsruhe,752,Erbprinzenstraße,100004165,Y2H16070301,8.4027153,49.0072864,(UTC+01:00) Europe/Paris DST,2013-02-08T20:00:00+01:00,34,53,na,87,-1.0,0.1,na
Eco Counter GmbH,Stadt Karlsruhe,752,Erbprinzenstraße,100004165,Y2H16070301,8.4027153,49.0072864,(UTC+01:00) Europe/Paris DST,2013-02-08T21:00:00+01:00,19,27,na,46,-2.0,0.0,na
Eco Counter GmbH,Stadt Karlsruhe,752,Erbprinzenstraße,100004165,Y2H16070301,8.4027153,49.0072864,(UTC+01:00) Europe/Paris DST,2013-02-08T22:00:00+01:00,13,17,na,30,-2.0,0.0,na
Eco Counter GmbH,Stadt Karlsruhe,752,Erbprinzenstraße,100004165,Y2H16070301,8.4027153,49.0072864,(UTC+01:00) Europe/Paris DST,2013-02-08T23:00:00+01:00,18,22,na,40,-3.0,0.0,na
Eco Counter GmbH,Stadt Karlsruhe,752,Erbprinzenstraße,100004165,Y2H16070301,8.4027153,49.0072864,(UTC+01:00) Europe/Paris DST,2013-02-09T00:00:00+01:00,15,23,na,38,-3.0,0.0,na
Eco Counter GmbH,Stadt Karlsruhe,752,Erbprinzenstraße,100004165,Y2H16070301,8.4027153,49.0072864,(UTC+01:00) Europe/Paris DST,2013-02-09T01:00:00+01:00,8,13,na,21,-4.0,0.0,na
Eco Counter GmbH,Stadt Karlsruhe,752,Erbprinzenstraße,100004165,Y2H16070301,8.4027153,49.0072864,(UTC+01:00) Europe/Paris DST,2013-02-09T02:00:00+01:00,5,8,na,13,-4.0,0.0,na
Eco Counter GmbH,Stadt Karlsruhe,752,Erbprinzenstraße,100004165,Y2H16070301,8.4027153,49.0072864,(UTC+01:00) Europe/Paris DST,2013-02-09T03:00:00+01:00,7,8,na,15,-3.0,0.0,na
Eco Counter GmbH,Stadt Karlsruhe,752,Erbprinzenstraße,100004165,Y2H16070301,8.4027153,49.0072864,(UTC+01:00) Europe/Paris DST,2013-02-09T04:00:00+01:00,8,9,na,17,-3.0,0.0,na
Eco Counter GmbH,Stadt Karlsruhe,752,Erbprinzenstraße,100004165,Y2H16070301,8.4027153,49.0072864,(UTC+01:00) Europe/Paris DST,2013-02-09T05:00:00+01:00,6,7,na,13,-3.0,0.0,na
Eco Counter GmbH,Stadt Karlsruhe,752,Erbprinzenstraße,100004165,Y2H16070301,8.4027153,49.0072864,(UTC+01:00) Europe/Paris DST,2013-02-09T06:00:00+01:00,7,6,na,13,-3.0,0.0,na
Eco Counter GmbH,Stadt Karlsruhe,752,Erbprinzenstraße,100004165,Y2H16070301,8.4027153,49.0072864,(UTC+01:00) Europe/Paris DST,2013-02-09T07:00:00+01:00,6,12,na,18,-3.0,0.0,na
Eco Counter GmbH,Stadt Karlsruhe,752,Erbprinzenstraße,100004165,Y2H16070301,8.4027153,49.0072864,(UTC+01:00) Europe/Paris DST,2013-02-09T08:00:00+01:00,13,15,na,28,-2.0,0.0,na
Eco Counter GmbH,Stadt Karlsruhe,752,Erbprinzenstraße,100004165,Y2H16070301,8.4027153,49.0072864,(UTC+01:00) Europe/Paris DST,2013-02-09T09:00:00+01:00,33,32,na,65,-1.0,0.0,na
Eco Counter GmbH,Stadt Karlsruhe,752,Erbprinzenstraße,100004165,Y2H16070301,8.4027153,49.0072864,(UTC+01:00) Europe/Paris DST,2013-02-09T10:00:00+01:00,49,50,na,99,-1.0,0.0,na
Eco Counter GmbH,Stadt Karlsruhe,752,Erbprinzenstraße,100004165,Y2H16070301,8.4027153,49.0072864,(UTC+01:00) Europe/Paris DST,2013-02-09T11:00:00+01:00,50,51,na,101,0.0,0.0,na
Eco Counter GmbH,Stadt Karlsruhe,752,Erbprinzenstraße,100004165,Y2H16070301,8.4027153,49.0072864,(UTC+01:00) Europe/Paris DST,2013-02-09T12:00:00+01:00,62,74,na,136,0.0,0.0,na
Eco Counter GmbH,Stadt Karlsruhe,752,Erbprinzenstraße,100004165,Y2H16070301,8.4027153,49.0072864,(UTC+01:00) Europe/Paris DST,2013-02-09T13:00:00+01:00,72,89,na,161,1.0,0.0,na
Eco Counter GmbH,Stadt Karlsruhe,752,Erbprinzenstraße,100004165,Y2H16070301,8.4027153,49.0072864,(UTC+01:00) Europe/Paris DST,2013-02-09T14:00:00+01:00,78,98,na,176,1.0,0.0,na
Eco Counter GmbH,Stadt Karlsruhe,752,Erbprinzenstraße,100004165,Y2H16070301,8.4027153,49.0072864,(UTC+01:00) Europe/Paris DST,2013-02-09T15:00:00+01:00,75,84,na,159,0.0,0.0,na
Eco Counter GmbH,Stadt Karlsruhe,752,Erbprinzenstraße,100004165,Y2H16070301,8.4027153,49.0072864,(UTC+01:00) Europe/Paris DST,2013-02-09T16:00:00+01:00,60,71,na,131,-1.0,0.0,na
Eco Counter GmbH,Stadt Karlsruhe,752,Erbprinzenstraße,100004165,Y2H16070301,8.4027153,49.0072864,(UTC+01:00) Europe/Paris DST,2013-02-09T17:00:00+01:00,53,78,na,131,-1.0,0.0,na
Eco Counter GmbH,Stadt Karlsruhe,752,Erbprinzenstraße,100004165,Y2H16070301,8.4027153,49.0072864,(UTC+01:00) Europe/Paris DST,2013-02-09T18:00:00+01:00,44,71,na,115,-1.0,0.0,na
Eco Counter GmbH,Stadt Karlsruhe,752,Erbprinzenstraße,100004165,Y2H16070301,8.4027153,49.0072864,(UTC+01:00) Europe/Paris DST,2013-02-09T19:00:00+01:00,36,54,na,90,-2.0,0.0,na
Eco Counter GmbH,Stadt Karlsruhe,752,Erbprinzenstraße,100004165,Y2H16070301,8.4027153,49.0072864,(UTC+01:00) Europe/Paris DST,2013-02-09T20:00:00+01:00,30,50,na,80,-3.0,0.0,na
Eco Counter GmbH,Stadt Karlsruhe,752,Erbprinzenstraße,100004165,Y2H16070301,8.4027153,49.0072864,(UTC+01:00) Europe/Paris DST,2013-02-09T21:00:00+01:00,17,24,na,41,-3.0,0.0,na
Eco Counter GmbH,Stadt Karlsruhe,752,Erbprinzenstraße,100004165,Y2H16070301,8.4027153,49.0072864,(UTC+01:00) Europe/Paris DST,2013-02-09T22:00:00+01:00,12,17,na,29,-4.0,0.0,na
Eco Counter GmbH,Stadt Karlsruhe,752,Erbprinzenstraße,100004165,Y2H16070301,8.4027153,49.0072864,(UTC+01:00) Europe/Paris DST,2013-02-09T23:00:00+01:00,10,17,na,27,-4.0,0.0,na
Eco Counter GmbH,Stadt Karlsruhe,752,Erbprinzenstraße,100004165,Y2H16070301,8.4027153,49.0072864,(UTC+01:00) Europe/Paris DST,2013-02-10T00:00:00+01:00,19,27,na,46,-5.0,0.0,na
Eco Counter GmbH,Stadt Karlsruhe,752,Erbprinzenstraße,100004165,Y2H16070301,8.4027153,49.0072864,(UTC+01:00) Europe/Paris DST,2013-02-10T01:00:00+01:00,11,18,na,29,-5.0,0.0,na
Eco Counter GmbH,Stadt Karlsruhe,752,Erbprinzenstraße,100004165,Y2H16070301,8.4027153,49.0072864,(UTC+01:00) Europe/Paris DST,2013-02-10T02:00:00+01:00,5,8,na,13,-6.0,0.0,na
Eco Counter GmbH,Stadt Karlsruhe,752,Erbprinzenstraße,100004165,Y2H16070301,8.4027153,49.0072864,(UTC+01:00) Europe/Paris DST,2013-02-10T03:00:00+01:00,3,4,na,7,-6.0,0.0,na
Eco Counter GmbH,Stadt Karlsruhe,752,Erbprinzenstraße,100004165,Y2H16070301,8.4027153,49.0072864,(UTC+01:00) Europe/Paris DST,2013-02-10T04:00:00+01:00,1,0,na,1,-7.0,0.0,na
Eco Counter GmbH,Stadt Karlsruhe,752,Erbprinzenstraße,100004165,Y2H16070301,8.4027153,49.0072864,(UTC+01:00) Europe/Paris DST,2013-02-10T05:00:00+01:00,6,7,na,13,-7.0,0.0,na
Eco Counter GmbH,Stadt Karlsruhe,752,Erbprinzenstraße,100004165,Y2H16070301,8.4027153,49.0072864,(UTC+01:00) Europe/Paris DST,2013-02-10T06:00:00+01:00,5,3,na,8,-6.0,0.0,na
Eco Counter GmbH,Stadt Karlsruhe,752,Erbprinzenstraße,100004165,Y2H16070301,8.4027153,49.0072864,(UTC+01:00) Europe/Paris DST,2013-02-10T07:00:00+01:00,5,8,na,13,-5.0,0.0,na
Eco Counter GmbH,Stadt Karlsruhe,752,Erbprinzenstraße,100004165,Y2H16070301,8.4027153,49.0072864,(UTC+01:00) Europe/Paris DST,2013-02-10T08:00:00+01:00,8,9,na,17,-4.0,0.0,na
Eco Counter GmbH,Stadt Karlsruhe,752,Erbprinzenstraße,100004165,Y2H16070301,8.4027153,49.0072864,(UTC+01:00) Europe/Paris DST,2013-02-10T09:00:00+01:00,14,14,na,28,-3.0,0.0,na
Eco Counter GmbH,Stadt Karlsruhe,752,Erbprinzenstraße,100004165,Y2H16070301,8.4027153,49.0072864,(UTC+01:00) Europe/Paris DST,2013-02-10T10:00:00+01:00,19,20,na,39,-2.0,0.0,na
Eco Counter GmbH,Stadt Karlsruhe,752,Erbprinzenstraße,100004165,Y2H16070301,8.4027153,49.0072864,(UTC+01:00) Europe/Paris DST,2013-02-10T11:00:00+01:00,14,13,na,27,-1.0,0.0,na
Eco Counter GmbH,Stadt Karlsruhe,752,Erbprinzenstraße,100004165,Y2H16070301,8.4027153,49.0072864,(UTC+01:00) Europe/Paris DST,2013-02-10T12:00:00+01:00,25,30,na,55,0.0,0.0,na
Eco Counter GmbH,Stadt Karlsruhe,752,Erbprinzenstraße,100004165,Y2H16070301,8.4027153,49.0072864,(UTC+01:00) Europe/Paris DST,2013-02-10T13:00:00+01:00,27,32,na,59,0.0,0.0,na
Eco Counter GmbH,Stadt Karlsruhe,752,Erbprinzenstraße,100004165,Y2H16070301,8.4027153,49.0072864,(UTC+01:00) Europe/Paris DST,2013-02-10T14:00:00+01:00,27,34,na,61,0.0,0.0,na
Eco Counter GmbH,Stadt Karlsruhe,752,Erbprinzenstraße,100004165,Y2H16070301,8.4027153,49.0072864,(UTC+01:00) Europe/Paris DST,2013-02-10T15:00:00+01:00,27,31,na,58,0.0,0.0,na
Eco Counter GmbH,Stadt Karlsruhe,752,Erbprinzenstraße,100004165,Y2H16070301,8.4027153,49.0072864,(UTC+01:00) Europe/Paris DST,2013-02-10T16:00:00+01:00,30,36,na,66,-1.0,0.0,na
Eco Counter GmbH,Stadt Karlsruhe,752,Erbprinzenstraße,100004165,Y2H16070301,8.4027153,49.0072864,(UTC+01:00) Europe/Paris DST,2013-02-10T17:00:00+01:00,24,34,na,58,-1.0,0.0,na
Eco Counter GmbH,Stadt Karlsruhe,752,Erbprinzenstraße,100004165,Y2H16070301,8.4027153,49.0072864,(UTC+01:00) Europe/Paris DST,2013-02-10T18:00:00+01:00,19,29,na,48,-2.0,0.0,na
Eco Counter GmbH,Stadt Karlsruhe,752,Erbprinzenstraße,100004165,Y2H16070301,8.4027153,49.0072864,(UTC+01:00) Europe/Paris DST,2013-02-10T19:00:00+01:00,14,22,na,36,-3.0,0.0,na
Eco Counter GmbH,Stadt Karlsruhe,752,Erbprinzenstraße,100004165,Y2H16070301,8.4027153,49.0072864,(UTC+01:00) Europe/Paris DST,2013-02-10T20:00:00+01:00,12,19,na,31,-4.0,0.0,na
Eco Counter GmbH,Stadt Karlsruhe,752,Erbprinzenstraße,100004165,Y2H16070301,8.4027153,49.0072864,(UTC+01:00) Europe/Paris DST,2013-02-10T21:00:00+01:00,12,19,na,31,-5.0,0.0,na
Eco Counter GmbH,Stadt Karlsruhe,752,Erbprinzenstraße,100004165,Y2H16070301,8.4027153,49.0072864,(UTC+01:00) Europe/Paris DST,2013-02-10T22:00:00+01:00,10,16,na,26,-5.0,0.0,na
Eco Counter GmbH,Stadt Karlsruhe,752,Erbprinzenstraße,100004165,Y2H16070301,8.4027153,49.0072864,(UTC+01:00) Europe/Paris DST,2013-02-10T23:00:00+01:00,7,12,na,19,-5.0,0.0,na
Eco Counter GmbH,Stadt Karlsruhe,752,Erbprinzenstraße,100004165,Y2H16070301,8.4027153,49.0072864,(UTC+01:00) Europe/Paris DST,2013-02-11T00:00:00+01:00,3,4,na,7,-5.0,0.0,na
Eco Counter GmbH,Stadt Karlsruhe,752,Erbprinzenstraße,100004165,Y2H16070301,8.4027153,49.0072864,(UTC+01:00) Europe/Paris DST,2013-02-11T01:00:00+01:00,1,3,na,4,-5.0,0.0,na
Eco Counter GmbH,Stadt Karlsruhe,752,Erbprinzenstraße,100004165,Y2H16070301,8.4027153,49.0072864,(UTC+01:00) Europe/Paris DST,2013-02-11T02:00:00+01:00,0,0,na,0,-5.0,0.0,na
Eco Counter GmbH,Stadt Karlsruhe,752,Erbprinzenstraße,100004165,Y2H16070301,8.4027153,49.0072864,(UTC+01:00) Europe/Paris DST,2013-02-11T03:00:00+01:00,2,4,na,6,-5.0,0.0,na
Eco Counter GmbH,Stadt Karlsruhe,752,Erbprinzenstraße,100004165,Y2H16070301,8.4027153,49.0072864,(UTC+01:00) Europe/Paris DST,2013-02-11T04:00:00+01:00,10,18,na,28,-4.0,0.1,na
Eco Counter GmbH,Stadt Karlsruhe,752,Erbprinzenstraße,100004165,Y2H16070301,8.4027153,49.0072864,(UTC+01:00) Europe/Paris DST,2013-02-11T05:00:00+01:00,7,10,na,17,-4.0,0.2,na
Eco Counter GmbH,Stadt Karlsruhe,752,Erbprinzenstraße,100004165,Y2H16070301,8.4027153,49.0072864,(UTC+01:00) Europe/Paris DST,2013-02-11T06:00:00+01:00,13,18,na,31,-4.0,0.2,na
Eco Counter GmbH,Stadt Karlsruhe,752,Erbprinzenstraße,100004165,Y2H16070301,8.4027153,49.0072864,(UTC+01:00) Europe/Paris DST,2013-02-11T07:00:00+01:00,52,79,na,131,-4.0,0.2,na
Eco Counter GmbH,Stadt Karlsruhe,752,Erbprinzenstraße,100004165,Y2H16070301,8.4027153,49.0072864,(UTC+01:00) Europe/Paris DST,2013-02-11T08:00:00+01:00,85,117,na,202,-3.0,0.0,na
Eco Counter GmbH,Stadt Karlsruhe,752,Erbprinzenstraße,100004165,Y2H16070301,8.4027153,49.0072864,(UTC+01:00) Europe/Paris DST,2013-02-11T09:00:00+01:00,80,92,na,172,-2.0,0.0,na
Eco Counter GmbH,Stadt Karlsruhe,752,Erbprinzenstraße,100004165,Y2H16070301,8.4027153,49.0072864,(UTC+01:00) Europe/Paris DST,2013-02-11T10:00:00+01:00,90,102,na,192,-2.0,0.0,na
Eco Counter GmbH,Stadt Karlsruhe,752,Erbprinzenstraße,100004165,Y2H16070301,8.4027153,49.0072864,(UTC+01:00) Europe/Paris DST,2013-02-11T11:00:00+01:00,84,103,na,187,-1.0,0.0,na
Eco Counter GmbH,Stadt Karlsruhe,752,Erbprinzenstraße,100004165,Y2H16070301,8.4027153,49.0072864,(UTC+01:00) Europe/Paris DST,2013-02-11T12:00:00+01:00,85,101,na,186,0.0,0.0,na
Eco Counter GmbH,Stadt Karlsruhe,752,Erbprinzenstraße,100004165,Y2H16070301,8.4027153,49.0072864,(UTC+01:00) Europe/Paris DST,2013-02-11T13:00:00+01:00,107,123,na,230,0.0,0.0,na
Eco Counter GmbH,Stadt Karlsruhe,752,Erbprinzenstraße,100004165,Y2H16070301,8.4027153,49.0072864,(UTC+01:00) Europe/Paris DST,2013-02-11T14:00:00+01:00,88,99,na,187,0.0,0.0,na
Eco Counter GmbH,Stadt Karlsruhe,752,Erbprinzenstraße,100004165,Y2H16070301,8.4027153,49.0072864,(UTC+01:00) Europe/Paris DST,2013-02-11T15:00:00+01:00,99,112,na,211,1.0,0.0,na
Eco Counter GmbH,Stadt Karlsruhe,752,Erbprinzenstraße,100004165,Y2H16070301,8.4027153,49.0072864,(UTC+01:00) Europe/Paris DST,2013-02-11T16:00:00+01:00,107,116,na,223,0.0,0.0,na
Eco Counter GmbH,Stadt Karlsruhe,752,Erbprinzenstraße,100004165,Y2H16070301,8.4027153,49.0072864,(UTC+01:00) Europe/Paris DST,2013-02-11T17:00:00+01:00,110,133,na,243,0.0,0.0,na
Eco Counter GmbH,Stadt Karlsruhe,752,Erbprinzenstraße,100004165,Y2H16070301,8.4027153,49.0072864,(UTC+01:00) Europe/Paris DST,2013-02-11T18:00:00+01:00,112,141,na,253,-1.0,0.0,na
Eco Counter GmbH,Stadt Karlsruhe,752,Erbprinzenstraße,100004165,Y2H16070301,8.4027153,49.0072864,(UTC+01:00) Europe/Paris DST,2013-02-11T19:00:00+01:00,62,92,na,154,-2.0,0.0,na
Eco Counter GmbH,Stadt Karlsruhe,752,Erbprinzenstraße,100004165,Y2H16070301,8.4027153,49.0072864,(UTC+01:00) Europe/Paris DST,2013-02-11T20:00:00+01:00,51,78,na,129,-3.0,0.1,na
Eco Counter GmbH,Stadt Karlsruhe,752,Erbprinzenstraße,100004165,Y2H16070301,8.4027153,49.0072864,(UTC+01:00) Europe/Paris DST,2013-02-11T21:00:00+01:00,30,43,na,73,-3.0,0.0,na
Eco Counter GmbH,Stadt Karlsruhe,752,Erbprinzenstraße,100004165,Y2H16070301,8.4027153,49.0072864,(UTC+01:00) Europe/Paris DST,2013-02-11T22:00:00+01:00,25,33,na,58,-4.0,0.0,na
Eco Counter GmbH,Stadt Karlsruhe,752,Erbprinzenstraße,100004165,Y2H16070301,8.4027153,49.0072864,(UTC+01:00) Europe/Paris DST,2013-02-11T23:00:00+01:00,19,23,na,42,-4.0,0.0,na
Eco Counter GmbH,Stadt Karlsruhe,752,Erbprinzenstraße,100004165,Y2H16070301,8.4027153,49.0072864,(UTC+01:00) Europe/Paris DST,2013-02-12T00:00:00+01:00,12,14,na,26,-5.0,0.0,na
Eco Counter GmbH,Stadt Karlsruhe,752,Erbprinzenstraße,100004165,Y2H16070301,8.4027153,49.0072864,(UTC+01:00) Europe/Paris DST,2013-02-12T01:00:00+01:00,9,11,na,20,-5.0,0.0,na
Eco Counter GmbH,Stadt Karlsruhe,752,Erbprinzenstraße,100004165,Y2H16070301,8.4027153,49.0072864,(UTC+01:00) Europe/Paris DST,2013-02-12T02:00:00+01:00,4,4,na,8,-5.0,0.0,na
Eco Counter GmbH,Stadt Karlsruhe,752,Erbprinzenstraße,100004165,Y2H16070301,8.4027153,49.0072864,(UTC+01:00) Europe/Paris DST,2013-02-12T03:00:00+01:00,8,7,na,15,-5.0,0.0,na
Eco Counter GmbH,Stadt Karlsruhe,752,Erbprinzenstraße,100004165,Y2H16070301,8.4027153,49.0072864,(UTC+01:00) Europe/Paris DST,2013-02-12T04:00:00+01:00,5,9,na,14,-5.0,0.0,na
Eco Counter GmbH,Stadt Karlsruhe,752,Erbprinzenstraße,100004165,Y2H16070301,8.4027153,49.0072864,(UTC+01:00) Europe/Paris DST,2013-02-12T05:00:00+01:00,9,12,na,21,-6.0,0.0,na
Eco Counter GmbH,Stadt Karlsruhe,752,Erbprinzenstraße,100004165,Y2H16070301,8.4027153,49.0072864,(UTC+01:00) Europe/Paris DST,2013-02-12T06:00:00+01:00,13,16,na,29,-6.0,0.0,na
Eco Counter GmbH,Stadt Karlsruhe,752,Erbprinzenstraße,100004165,Y2H16070301,8.4027153,49.0072864,(UTC+01:00) Europe/Paris DST,2013-02-12T07:00:00+01:00,55,79,na,134,-5.0,0.0,na
Eco Counter GmbH,Stadt Karlsruhe,752,Erbprinzenstraße,100004165,Y2H16070301,8.4027153,49.0072864,(UTC+01:00) Europe/Paris DST,2013-02-12T08:00:00+01:00,87,120,na,207,-4.0,0.0,na
Eco Counter GmbH,Stadt Karlsruhe,752,Erbprinzenstraße,100004165,Y2H16070301,8.4027153,49.0072864,(UTC+01:00) Europe/Paris DST,2013-02-12T09:00:00+01:00,94,109,na,203,-3.0,0.0,na
Eco Counter GmbH,Stadt Karlsruhe,752,Erbprinzenstraße,100004165,Y2H16070301,8.4027153,49.0072864,(UTC+01:00) Europe/Paris DST,2013-02-12T10:00:00+01:00,75,86,na,161,-2.0,0.0,na
Eco Counter GmbH,Stadt Karlsruhe,752,Erbprinzenstraße,100004165,Y2H16070301,8.4027153,49.0072864,(UTC+01:00) Europe/Paris DST,2013-02-12T11:00:00+01:00,64,80,na,144,-2.0,0.0,na
Eco Counter GmbH,Stadt Karlsruhe,752,Erbprinzenstraße,100004165,Y2H16070301,8.4027153,49.0072864,(UTC+01:00) Europe/Paris DST,2013-02-12T12:00:00+01:00,96,117,na,213,-1.0,0.0,na
Eco Counter GmbH,Stadt Karlsruhe,752,Erbprinzenstraße,100004165,Y2H16070301,8.4027153,49.0072864,(UTC+01:00) Europe/Paris DST,2013-02-12T13:00:00+01:00,94,111,na,205,-1.0,0.0,na
Eco Counter GmbH,Stadt Karlsruhe,752,Erbprinzenstraße,100004165,Y2H16070301,8.4027153,49.0072864,(UTC+01:00) Europe/Paris DST,2013-02-12T14:00:00+01:00,68,77,na,145,-1.0,0.0,na
Eco Counter GmbH,Stadt Karlsruhe,752,Erbprinzenstraße,100004165,Y2H16070301,8.4027153,49.0072864,(UTC+01:00) Europe/Paris DST,2013-02-12T15:00:00+01:00,54,62,na,116,-1.0,0.0,na
Eco Counter GmbH,Stadt Karlsruhe,752,Erbprinzenstraße,100004165,Y2H16070301,8.4027153,49.0072864,(UTC+01:00) Europe/Paris DST,2013-02-12T16:00:00+01:00,95,101,na,196,-1.0,0.0,na
Eco Counter GmbH,Stadt Karlsruhe,752,Erbprinzenstraße,100004165,Y2H16070301,8.4027153,49.0072864,(UTC+01:00) Europe/Paris DST,2013-02-12T17:00:00+01:00,104,126,na,230,-2.0,0.0,na
Eco Counter GmbH,Stadt Karlsruhe,752,Erbprinzenstraße,100004165,Y2H16070301,8.4027153,49.0072864,(UTC+01:00) Europe/Paris DST,2013-02-12T18:00:00+01:00,88,110,na,198,-2.0,0.0,na
Eco Counter GmbH,Stadt Karlsruhe,752,Erbprinzenstraße,100004165,Y2H16070301,8.4027153,49.0072864,(UTC+01:00) Europe/Paris DST,2013-02-12T19:00:00+01:00,52,76,na,128,-2.0,0.0,na
Eco Counter GmbH,Stadt Karlsruhe,752,Erbprinzenstraße,100004165,Y2H16070301,8.4027153,49.0072864,(UTC+01:00) Europe/Paris DST,2013-02-12T20:00:00+01:00,39,59,na,98,-2.0,0.0,na
Eco Counter GmbH,Stadt Karlsruhe,752,Erbprinzenstraße,100004165,Y2H16070301,8.4027153,49.0072864,(UTC+01:00) Europe/Paris DST,2013-02-12T21:00:00+01:00,26,38,na,64,-2.0,0.0,na
Eco Counter GmbH,Stadt Karlsruhe,752,Erbprinzenstraße,100004165,Y2H16070301,8.4027153,49.0072864,(UTC+01:00) Europe/Paris DST,2013-02-12T22:00:00+01:00,34,42,na,76,-2.0,0.0,na
Eco Counter GmbH,Stadt Karlsruhe,752,Erbprinzenstraße,100004165,Y2H16070301,8.4027153,49.0072864,(UTC+01:00) Europe/Paris DST,2013-02-12T23:00:00+01:00,10,12,na,22,-2.0,0.0,na
Eco Counter GmbH,Stadt Karlsruhe,752,Erbprinzenstraße,100004165,Y2H16070301,8.4027153,49.0072864,(UTC+01:00) Europe/Paris DST,2013-02-13T00:00:00+01:00,4,4,na,8,-3.0,0.0,na
Eco Counter GmbH,Stadt Karlsruhe,752,Erbprinzenstraße,100004165,Y2H16070301,8.4027153,49.0072864,(UTC+01:00) Europe/Paris DST,2013-02-13T01:00:00+01:00,4,5,na,9,-3.0,0.0,na
Eco Counter GmbH,Stadt Karlsruhe,752,Erbprinzenstraße,100004165,Y2H16070301,8.4027153,49.0072864,(UTC+01:00) Europe/Paris DST,2013-02-13T02:00:00+01:00,4,4,na,8,-3.0,0.0,na
Eco Counter GmbH,Stadt Karlsruhe,752,Erbprinzenstraße,100004165,Y2H16070301,8.4027153,49.0072864,(UTC+01:00) Europe/Paris DST,2013-02-13T03:00:00+01:00,6,4,na,10,-3.0,0.0,na
Eco Counter GmbH,Stadt Karlsruhe,752,Erbprinzenstraße,100004165,Y2H16070301,8.4027153,49.0072864,(UTC+01:00) Europe/Paris DST,2013-02-13T04:00:00+01:00,1,4,na,5,-4.0,0.0,na
Eco Counter GmbH,Stadt Karlsruhe,752,Erbprinzenstraße,100004165,Y2H16070301,8.4027153,49.0072864,(UTC+01:00) Europe/Paris DST,2013-02-13T05:00:00+01:00,13,18,na,31,-4.0,0.0,na
Eco Counter GmbH,Stadt Karlsruhe,752,Erbprinzenstraße,100004165,Y2H16070301,8.4027153,49.0072864,(UTC+01:00) Europe/Paris DST,2013-02-13T06:00:00+01:00,17,24,na,41,-4.0,0.0,na
Eco Counter GmbH,Stadt Karlsruhe,752,Erbprinzenstraße,100004165,Y2H16070301,8.4027153,49.0072864,(UTC+01:00) Europe/Paris DST,2013-02-13T07:00:00+01:00,49,73,na,122,-3.0,0.0,na
Eco Counter GmbH,Stadt Karlsruhe,752,Erbprinzenstraße,100004165,Y2H16070301,8.4027153,49.0072864,(UTC+01:00) Europe/Paris DST,2013-02-13T08:00:00+01:00,91,124,na,215,-2.0,0.0,na
Eco Counter GmbH,Stadt Karlsruhe,752,Erbprinzenstraße,100004165,Y2H16070301,8.4027153,49.0072864,(UTC+01:00) Europe/Paris DST,2013-02-13T09:00:00+01:00,103,120,na,223,-1.0,0.0,na
Eco Counter GmbH,Stadt Karlsruhe,752,Erbprinzenstraße,100004165,Y2H16070301,8.4027153,49.0072864,(UTC+01:00) Europe/Paris DST,2013-02-13T10:00:00+01:00,91,106,na,197,0.0,0.0,na
Eco Counter GmbH,Stadt Karlsruhe,752,Erbprinzenstraße,100004165,Y2H16070301,8.4027153,49.0072864,(UTC+01:00) Europe/Paris DST,2013-02-13T11:00:00+01:00,94,115,na,209,1.0,0.0,na
Eco Counter GmbH,Stadt Karlsruhe,752,Erbprinzenstraße,100004165,Y2H16070301,8.4027153,49.0072864,(UTC+01:00) Europe/Paris DST,2013-02-13T12:00:00+01:00,114,137,na,251,1.0,0.0,na
Eco Counter GmbH,Stadt Karlsruhe,752,Erbprinzenstraße,100004165,Y2H16070301,8.4027153,49.0072864,(UTC+01:00) Europe/Paris DST,2013-02-13T13:00:00+01:00,120,139,na,259,1.0,0.0,na
Eco Counter GmbH,Stadt Karlsruhe,752,Erbprinzenstraße,100004165,Y2H16070301,8.4027153,49.0072864,(UTC+01:00) Europe/Paris DST,2013-02-13T14:00:00+01:00,100,113,na,213,1.0,0.0,na
Eco Counter GmbH,Stadt Karlsruhe,752,Erbprinzenstraße,100004165,Y2H16070301,8.4027153,49.0072864,(UTC+01:00) Europe/Paris DST,2013-02-13T15:00:00+01:00,103,116,na,219,1.0,0.0,na
Eco Counter GmbH,Stadt Karlsruhe,752,Erbprinzenstraße,100004165,Y2H16070301,8.4027153,49.0072864,(UTC+01:00) Europe/Paris DST,2013-02-13T16:00:00+01:00,146,156,na,302,0.0,0.0,na
Eco Counter GmbH,Stadt Karlsruhe,752,Erbprinzenstraße,100004165,Y2H16070301,8.4027153,49.0072864,(UTC+01:00) Europe/Paris DST,2013-02-13T17:00:00+01:00,140,168,na,308,-1.0,0.0,na
Eco Counter GmbH,Stadt Karlsruhe,752,Erbprinzenstraße,100004165,Y2H16070301,8.4027153,49.0072864,(UTC+01:00) Europe/Paris DST,2013-02-13T18:00:00+01:00,118,147,na,265,-2.0,0.0,na
Eco Counter GmbH,Stadt Karlsruhe,752,Erbprinzenstraße,100004165,Y2H16070301,8.4027153,49.0072864,(UTC+01:00) Europe/Paris DST,2013-02-13T19:00:00+01:00,81,118,na,199,-2.0,0.0,na
Eco Counter GmbH,Stadt Karlsruhe,752,Erbprinzenstraße,100004165,Y2H16070301,8.4027153,49.0072864,(UTC+01:00) Europe/Paris DST,2013-02-13T20:00:00+01:00,48,77,na,125,-1.0,0.0,na
Eco Counter GmbH,Stadt Karlsruhe,752,Erbprinzenstraße,100004165,Y2H16070301,8.4027153,49.0072864,(UTC+01:00) Europe/Paris DST,2013-02-13T21:00:00+01:00,29,42,na,71,-1.0,0.0,na
Eco Counter GmbH,Stadt Karlsruhe,752,Erbprinzenstraße,100004165,Y2H16070301,8.4027153,49.0072864,(UTC+01:00) Europe/Paris DST,2013-02-13T22:00:00+01:00,29,36,na,65,-1.0,0.0,na
Eco Counter GmbH,Stadt Karlsruhe,752,Erbprinzenstraße,100004165,Y2H16070301,8.4027153,49.0072864,(UTC+01:00) Europe/Paris DST,2013-02-13T23:00:00+01:00,23,31,na,54,-2.0,0.0,na
Eco Counter GmbH,Stadt Karlsruhe,752,Erbprinzenstraße,100004165,Y2H16070301,8.4027153,49.0072864,(UTC+01:00) Europe/Paris DST,2013-02-14T00:00:00+01:00,23,27,na,50,-2.0,0.0,na
Eco Counter GmbH,Stadt Karlsruhe,752,Erbprinzenstraße,100004165,Y2H16070301,8.4027153,49.0072864,(UTC+01:00) Europe/Paris DST,2013-02-14T01:00:00+01:00,5,5,na,10,-3.0,0.0,na
Eco Counter GmbH,Stadt Karlsruhe,752,Erbprinzenstraße,100004165,Y2H16070301,8.4027153,49.0072864,(UTC+01:00) Europe/Paris DST,2013-02-14T02:00:00+01:00,0,0,na,0,-4.0,0.0,na
Eco Counter GmbH,Stadt Karlsruhe,752,Erbprinzenstraße,100004165,Y2H16070301,8.4027153,49.0072864,(UTC+01:00) Europe/Paris DST,2013-02-14T03:00:00+01:00,30,23,na,53,-5.0,0.0,na
Eco Counter GmbH,Stadt Karlsruhe,752,Erbprinzenstraße,100004165,Y2H16070301,8.4027153,49.0072864,(UTC+01:00) Europe/Paris DST,2013-02-14T04:00:00+01:00,4,7,na,11,-6.0,0.0,na
Eco Counter GmbH,Stadt Karlsruhe,752,Erbprinzenstraße,100004165,Y2H16070301,8.4027153,49.0072864,(UTC+01:00) Europe/Paris DST,2013-02-14T05:00:00+01:00,10,15,na,25,-7.0,0.0,na
Eco Counter GmbH,Stadt Karlsruhe,752,Erbprinzenstraße,100004165,Y2H16070301,8.4027153,49.0072864,(UTC+01:00) Europe/Paris DST,2013-02-14T06:00:00+01:00,23,30,na,53,-6.0,0.0,na
Eco Counter GmbH,Stadt Karlsruhe,752,Erbprinzenstraße,100004165,Y2H16070301,8.4027153,49.0072864,(UTC+01:00) Europe/Paris DST,2013-02-14T07:00:00+01:00,55,79,na,134,-6.0,0.0,na
Eco Counter GmbH,Stadt Karlsruhe,752,Erbprinzenstraße,100004165,Y2H16070301,8.4027153,49.0072864,(UTC+01:00) Europe/Paris DST,2013-02-14T08:00:00+01:00,92,128,na,220,-5.0,0.0,na
Eco Counter GmbH,Stadt Karlsruhe,752,Erbprinzenstraße,100004165,Y2H16070301,8.4027153,49.0072864,(UTC+01:00) Europe/Paris DST,2013-02-14T09:00:00+01:00,102,120,na,222,-4.0,0.0,na
Eco Counter GmbH,Stadt Karlsruhe,752,Erbprinzenstraße,100004165,Y2H16070301,8.4027153,49.0072864,(UTC+01:00) Europe/Paris DST,2013-02-14T10:00:00+01:00,69,80,na,149,-2.0,0.0,na
Eco Counter GmbH,Stadt Karlsruhe,752,Erbprinzenstraße,100004165,Y2H16070301,8.4027153,49.0072864,(UTC+01:00) Europe/Paris DST,2013-02-14T11:00:00+01:00,76,92,na,168,0.0,0.0,na
Eco Counter GmbH,Stadt Karlsruhe,752,Erbprinzenstraße,100004165,Y2H16070301,8.4027153,49.0072864,(UTC+01:00) Europe/Paris DST,2013-02-14T12:00:00+01:00,106,129,na,235,1.0,0.0,na
Eco Counter GmbH,Stadt Karlsruhe,752,Erbprinzenstraße,100004165,Y2H16070301,8.4027153,49.0072864,(UTC+01:00) Europe/Paris DST,2013-02-14T13:00:00+01:00,106,123,na,229,1.0,0.0,na
Eco Counter GmbH,Stadt Karlsruhe,752,Erbprinzenstraße,100004165,Y2H16070301,8.4027153,49.0072864,(UTC+01:00) Europe/Paris DST,2013-02-14T14:00:00+01:00,100,115,na,215,1.0,0.0,na
Eco Counter GmbH,Stadt Karlsruhe,752,Erbprinzenstraße,100004165,Y2H16070301,8.4027153,49.0072864,(UTC+01:00) Europe/Paris DST,2013-02-14T15:00:00+01:00,98,110,na,208,1.0,0.0,na
Eco Counter GmbH,Stadt Karlsruhe,752,Erbprinzenstraße,100004165,Y2H16070301,8.4027153,49.0072864,(UTC+01:00) Europe/Paris DST,2013-02-14T16:00:00+01:00,134,144,na,278,1.0,0.0,na
Eco Counter GmbH,Stadt Karlsruhe,752,Erbprinzenstraße,100004165,Y2H16070301,8.4027153,49.0072864,(UTC+01:00) Europe/Paris DST,2013-02-14T17:00:00+01:00,135,163,na,298,0.0,0.0,na
Eco Counter GmbH,Stadt Karlsruhe,752,Erbprinzenstraße,100004165,Y2H16070301,8.4027153,49.0072864,(UTC+01:00) Europe/Paris DST,2013-02-14T18:00:00+01:00,122,154,na,276,-1.0,0.0,na
Eco Counter GmbH,Stadt Karlsruhe,752,Erbprinzenstraße,100004165,Y2H16070301,8.4027153,49.0072864,(UTC+01:00) Europe/Paris DST,2013-02-14T19:00:00+01:00,77,114,na,191,-2.0,0.0,na
Eco Counter GmbH,Stadt Karlsruhe,752,Erbprinzenstraße,100004165,Y2H16070301,8.4027153,49.0072864,(UTC+01:00) Europe/Paris DST,2013-02-14T20:00:00+01:00,55,85,na,140,-2.0,0.0,na
Eco Counter GmbH,Stadt Karlsruhe,752,Erbprinzenstraße,100004165,Y2H16070301,8.4027153,49.0072864,(UTC+01:00) Europe/Paris DST,2013-02-14T21:00:00+01:00,25,36,na,61,-2.0,0.0,na
Eco Counter GmbH,Stadt Karlsruhe,752,Erbprinzenstraße,100004165,Y2H16070301,8.4027153,49.0072864,(UTC+01:00) Europe/Paris DST,2013-02-14T22:00:00+01:00,35,45,na,80,-2.0,0.0,na
Eco Counter GmbH,Stadt Karlsruhe,752,Erbprinzenstraße,100004165,Y2H16070301,8.4027153,49.0072864,(UTC+01:00) Europe/Paris DST,2013-02-14T23:00:00+01:00,14,17,na,31,-2.0,0.2,na
Eco Counter GmbH,Stadt Karlsruhe,752,Erbprinzenstraße,100004165,Y2H16070301,8.4027153,49.0072864,(UTC+01:00) Europe/Paris DST,2013-02-15T00:00:00+01:00,116,124,na,240,-3.0,0.4,na
Eco Counter GmbH,Stadt Karlsruhe,752,Erbprinzenstraße,100004165,Y2H16070301,8.4027153,49.0072864,(UTC+01:00) Europe/Paris DST,2013-02-15T01:00:00+01:00,90,130,na,220,-2.0,0.4,na
Eco Counter GmbH,Stadt Karlsruhe,752,Erbprinzenstraße,100004165,Y2H16070301,8.4027153,49.0072864,(UTC+01:00) Europe/Paris DST,2013-02-15T02:00:00+01:00,101,104,na,205,-2.0,0.4,na
Eco Counter GmbH,Stadt Karlsruhe,752,Erbprinzenstraße,100004165,Y2H16070301,8.4027153,49.0072864,(UTC+01:00) Europe/Paris DST,2013-02-15T03:00:00+01:00,131,134,na,265,-2.0,0.3,na
Eco Counter GmbH,Stadt Karlsruhe,752,Erbprinzenstraße,100004165,Y2H16070301,8.4027153,49.0072864,(UTC+01:00) Europe/Paris DST,2013-02-15T04:00:00+01:00,2,7,na,9,-2.0,0.3,na
Eco Counter GmbH,Stadt Karlsruhe,752,Erbprinzenstraße,100004165,Y2H16070301,8.4027153,49.0072864,(UTC+01:00) Europe/Paris DST,2013-02-15T05:00:00+01:00,10,10,na,20,-2.0,0.2,na
Eco Counter GmbH,Stadt Karlsruhe,752,Erbprinzenstraße,100004165,Y2H16070301,8.4027153,49.0072864,(UTC+01:00) Europe/Paris DST,2013-02-15T06:00:00+01:00,23,39,na,62,-2.0,0.1,na
Eco Counter GmbH,Stadt Karlsruhe,752,Erbprinzenstraße,100004165,Y2H16070301,8.4027153,49.0072864,(UTC+01:00) Europe/Paris DST,2013-02-15T07:00:00+01:00,28,46,na,74,-1.0,0.0,na
Eco Counter GmbH,Stadt Karlsruhe,752,Erbprinzenstraße,100004165,Y2H16070301,8.4027153,49.0072864,(UTC+01:00) Europe/Paris DST,2013-02-15T08:00:00+01:00,60,79,na,139,-1.0,0.6,na
Eco Counter GmbH,Stadt Karlsruhe,752,Erbprinzenstraße,100004165,Y2H16070301,8.4027153,49.0072864,(UTC+01:00) Europe/Paris DST,2013-02-15T09:00:00+01:00,44,73,na,117,0.0,0.2,na
Eco Counter GmbH,Stadt Karlsruhe,752,Erbprinzenstraße,100004165,Y2H16070301,8.4027153,49.0072864,(UTC+01:00) Europe/Paris DST,2013-02-15T10:00:00+01:00,23,55,na,78,0.0,0.1,na
Eco Counter GmbH,Stadt Karlsruhe,752,Erbprinzenstraße,100004165,Y2H16070301,8.4027153,49.0072864,(UTC+01:00) Europe/Paris DST,2013-02-15T11:00:00+01:00,56,56,na,112,1.0,0.1,na
Eco Counter GmbH,Stadt Karlsruhe,752,Erbprinzenstraße,100004165,Y2H16070301,8.4027153,49.0072864,(UTC+01:00) Europe/Paris DST,2013-02-15T12:00:00+01:00,49,74,na,123,2.0,0.0,na
Eco Counter GmbH,Stadt Karlsruhe,752,Erbprinzenstraße,100004165,Y2H16070301,8.4027153,49.0072864,(UTC+01:00) Europe/Paris DST,2013-02-15T13:00:00+01:00,56,60,na,116,2.0,0.0,na
Eco Counter GmbH,Stadt Karlsruhe,752,Erbprinzenstraße,100004165,Y2H16070301,8.4027153,49.0072864,(UTC+01:00) Europe/Paris DST,2013-02-15T14:00:00+01:00,65,76,na,141,2.0,0.0,na
Eco Counter GmbH,Stadt Karlsruhe,752,Erbprinzenstraße,100004165,Y2H16070301,8.4027153,49.0072864,(UTC+01:00) Europe/Paris DST,2013-02-15T15:00:00+01:00,69,78,na,147,2.0,0.0,na
Eco Counter GmbH,Stadt Karlsruhe,752,Erbprinzenstraße,100004165,Y2H16070301,8.4027153,49.0072864,(UTC+01:00) Europe/Paris DST,2013-02-15T16:00:00+01:00,88,89,na,177,1.0,0.0,na
Eco Counter GmbH,Stadt Karlsruhe,752,Erbprinzenstraße,100004165,Y2H16070301,8.4027153,49.0072864,(UTC+01:00) Europe/Paris DST,2013-02-15T17:00:00+01:00,84,100,na,184,1.0,0.0,na
Eco Counter GmbH,Stadt Karlsruhe,752,Erbprinzenstraße,100004165,Y2H16070301,8.4027153,49.0072864,(UTC+01:00) Europe/Paris DST,2013-02-15T18:00:00+01:00,63,113,na,176,1.0,0.0,na
Eco Counter GmbH,Stadt Karlsruhe,752,Erbprinzenstraße,100004165,Y2H16070301,8.4027153,49.0072864,(UTC+01:00) Europe/Paris DST,2013-02-15T19:00:00+01:00,43,89,na,132,1.0,0.0,na
Eco Counter GmbH,Stadt Karlsruhe,752,Erbprinzenstraße,100004165,Y2H16070301,8.4027153,49.0072864,(UTC+01:00) Europe/Paris DST,2013-02-15T20:00:00+01:00,29,38,na,67,1.0,0.0,na
Eco Counter GmbH,Stadt Karlsruhe,752,Erbprinzenstraße,100004165,Y2H16070301,8.4027153,49.0072864,(UTC+01:00) Europe/Paris DST,2013-02-15T21:00:00+01:00,27,34,na,61,1.0,0.0,na
Eco Counter GmbH,Stadt Karlsruhe,752,Erbprinzenstraße,100004165,Y2H16070301,8.4027153,49.0072864,(UTC+01:00) Europe/Paris DST,2013-02-15T22:00:00+01:00,24,22,na,46,0.0,0.0,na
Eco Counter GmbH,Stadt Karlsruhe,752,Erbprinzenstraße,100004165,Y2H16070301,8.4027153,49.0072864,(UTC+01:00) Europe/Paris DST,2013-02-15T23:00:00+01:00,16,25,na,41,0.0,0.0,na
Eco Counter GmbH,Stadt Karlsruhe,752,Erbprinzenstraße,100004165,Y2H16070301,8.4027153,49.0072864,(UTC+01:00) Europe/Paris DST,2013-02-16T00:00:00+01:00,12,27,na,39,0.0,0.0,na
Eco Counter GmbH,Stadt Karlsruhe,752,Erbprinzenstraße,100004165,Y2H16070301,8.4027153,49.0072864,(UTC+01:00) Europe/Paris DST,2013-02-16T01:00:00+01:00,8,12,na,20,0.0,0.0,na
Eco Counter GmbH,Stadt Karlsruhe,752,Erbprinzenstraße,100004165,Y2H16070301,8.4027153,49.0072864,(UTC+01:00) Europe/Paris DST,2013-02-16T02:00:00+01:00,3,12,na,15,0.0,0.0,na
Eco Counter GmbH,Stadt Karlsruhe,752,Erbprinzenstraße,100004165,Y2H16070301,8.4027153,49.0072864,(UTC+01:00) Europe/Paris DST,2013-02-16T03:00:00+01:00,24,12,na,36,1.0,0.0,na
Eco Counter GmbH,Stadt Karlsruhe,752,Erbprinzenstraße,100004165,Y2H16070301,8.4027153,49.0072864,(UTC+01:00) Europe/Paris DST,2013-02-16T04:00:00+01:00,3,4,na,7,1.0,0.0,na
Eco Counter GmbH,Stadt Karlsruhe,752,Erbprinzenstraße,100004165,Y2H16070301,8.4027153,49.0072864,(UTC+01:00) Europe/Paris DST,2013-02-16T05:00:00+01:00,4,10,na,14,1.0,0.0,na
Eco Counter GmbH,Stadt Karlsruhe,752,Erbprinzenstraße,100004165,Y2H16070301,8.4027153,49.0072864,(UTC+01:00) Europe/Paris DST,2013-02-16T06:00:00+01:00,8,9,na,17,1.0,0.0,na
Eco Counter GmbH,Stadt Karlsruhe,752,Erbprinzenstraße,100004165,Y2H16070301,8.4027153,49.0072864,(UTC+01:00) Europe/Paris DST,2013-02-16T07:00:00+01:00,7,26,na,33,1.0,0.0,na
Eco Counter GmbH,Stadt Karlsruhe,752,Erbprinzenstraße,100004165,Y2H16070301,8.4027153,49.0072864,(UTC+01:00) Europe/Paris DST,2013-02-16T08:00:00+01:00,10,17,na,27,2.0,0.0,na
Eco Counter GmbH,Stadt Karlsruhe,752,Erbprinzenstraße,100004165,Y2H16070301,8.4027153,49.0072864,(UTC+01:00) Europe/Paris DST,2013-02-16T09:00:00+01:00,54,43,na,97,3.0,0.0,na
Eco Counter GmbH,Stadt Karlsruhe,752,Erbprinzenstraße,100004165,Y2H16070301,8.4027153,49.0072864,(UTC+01:00) Europe/Paris DST,2013-02-16T10:00:00+01:00,70,53,na,123,3.0,0.0,na
Eco Counter GmbH,Stadt Karlsruhe,752,Erbprinzenstraße,100004165,Y2H16070301,8.4027153,49.0072864,(UTC+01:00) Europe/Paris DST,2013-02-16T11:00:00+01:00,101,100,na,201,4.0,0.0,na
Eco Counter GmbH,Stadt Karlsruhe,752,Erbprinzenstraße,100004165,Y2H16070301,8.4027153,49.0072864,(UTC+01:00) Europe/Paris DST,2013-02-16T12:00:00+01:00,89,115,na,204,4.0,0.0,na
Eco Counter GmbH,Stadt Karlsruhe,752,Erbprinzenstraße,100004165,Y2H16070301,8.4027153,49.0072864,(UTC+01:00) Europe/Paris DST,2013-02-16T13:00:00+01:00,87,123,na,210,4.0,0.0,na
Eco Counter GmbH,Stadt Karlsruhe,752,Erbprinzenstraße,100004165,Y2H16070301,8.4027153,49.0072864,(UTC+01:00) Europe/Paris DST,2013-02-16T14:00:00+01:00,83,131,na,214,4.0,0.0,na
Eco Counter GmbH,Stadt Karlsruhe,752,Erbprinzenstraße,100004165,Y2H16070301,8.4027153,49.0072864,(UTC+01:00) Europe/Paris DST,2013-02-16T15:00:00+01:00,97,90,na,187,3.0,0.0,na
Eco Counter GmbH,Stadt Karlsruhe,752,Erbprinzenstraße,100004165,Y2H16070301,8.4027153,49.0072864,(UTC+01:00) Europe/Paris DST,2013-02-16T16:00:00+01:00,87,114,na,201,3.0,0.0,na
Eco Counter GmbH,Stadt Karlsruhe,752,Erbprinzenstraße,100004165,Y2H16070301,8.4027153,49.0072864,(UTC+01:00) Europe/Paris DST,2013-02-16T17:00:00+01:00,74,98,na,172,3.0,0.0,na
Eco Counter GmbH,Stadt Karlsruhe,752,Erbprinzenstraße,100004165,Y2H16070301,8.4027153,49.0072864,(UTC+01:00) Europe/Paris DST,2013-02-16T18:00:00+01:00,44,106,na,150,2.0,0.0,na
Eco Counter GmbH,Stadt Karlsruhe,752,Erbprinzenstraße,100004165,Y2H16070301,8.4027153,49.0072864,(UTC+01:00) Europe/Paris DST,2013-02-16T19:00:00+01:00,35,69,na,104,2.0,0.0,na
Eco Counter GmbH,Stadt Karlsruhe,752,Erbprinzenstraße,100004165,Y2H16070301,8.4027153,49.0072864,(UTC+01:00) Europe/Paris DST,2013-02-16T20:00:00+01:00,42,83,na,125,2.0,0.0,na
Eco Counter GmbH,Stadt Karlsruhe,752,Erbprinzenstraße,100004165,Y2H16070301,8.4027153,49.0072864,(UTC+01:00) Europe/Paris DST,2013-02-16T21:00:00+01:00,17,23,na,40,1.0,0.0,na
Eco Counter GmbH,Stadt Karlsruhe,752,Erbprinzenstraße,100004165,Y2H16070301,8.4027153,49.0072864,(UTC+01:00) Europe/Paris DST,2013-02-16T22:00:00+01:00,17,26,na,43,1.0,0.0,na
Eco Counter GmbH,Stadt Karlsruhe,752,Erbprinzenstraße,100004165,Y2H16070301,8.4027153,49.0072864,(UTC+01:00) Europe/Paris DST,2013-02-16T23:00:00+01:00,24,34,na,58,0.0,0.0,na
Eco Counter GmbH,Stadt Karlsruhe,752,Erbprinzenstraße,100004165,Y2H16070301,8.4027153,49.0072864,(UTC+01:00) Europe/Paris DST,2013-02-17T00:00:00+01:00,16,18,na,34,0.0,0.0,na
Eco Counter GmbH,Stadt Karlsruhe,752,Erbprinzenstraße,100004165,Y2H16070301,8.4027153,49.0072864,(UTC+01:00) Europe/Paris DST,2013-02-17T01:00:00+01:00,14,27,na,41,-1.0,0.0,na
Eco Counter GmbH,Stadt Karlsruhe,752,Erbprinzenstraße,100004165,Y2H16070301,8.4027153,49.0072864,(UTC+01:00) Europe/Paris DST,2013-02-17T02:00:00+01:00,14,10,na,24,0.0,0.0,na
Eco Counter GmbH,Stadt Karlsruhe,752,Erbprinzenstraße,100004165,Y2H16070301,8.4027153,49.0072864,(UTC+01:00) Europe/Paris DST,2013-02-17T03:00:00+01:00,5,9,na,14,0.0,0.0,na
Eco Counter GmbH,Stadt Karlsruhe,752,Erbprinzenstraße,100004165,Y2H16070301,8.4027153,49.0072864,(UTC+01:00) Europe/Paris DST,2013-02-17T04:00:00+01:00,18,6,na,24,0.0,0.0,na
Eco Counter GmbH,Stadt Karlsruhe,752,Erbprinzenstraße,100004165,Y2H16070301,8.4027153,49.0072864,(UTC+01:00) Europe/Paris DST,2013-02-17T05:00:00+01:00,6,2,na,8,0.0,0.0,na
Eco Counter GmbH,Stadt Karlsruhe,752,Erbprinzenstraße,100004165,Y2H16070301,8.4027153,49.0072864,(UTC+01:00) Europe/Paris DST,2013-02-17T06:00:00+01:00,6,2,na,8,0.0,0.0,na
Eco Counter GmbH,Stadt Karlsruhe,752,Erbprinzenstraße,100004165,Y2H16070301,8.4027153,49.0072864,(UTC+01:00) Europe/Paris DST,2013-02-17T07:00:00+01:00,1,12,na,13,1.0,0.0,na
Eco Counter GmbH,Stadt Karlsruhe,752,Erbprinzenstraße,100004165,Y2H16070301,8.4027153,49.0072864,(UTC+01:00) Europe/Paris DST,2013-02-17T08:00:00+01:00,9,8,na,17,1.0,0.0,na
Eco Counter GmbH,Stadt Karlsruhe,752,Erbprinzenstraße,100004165,Y2H16070301,8.4027153,49.0072864,(UTC+01:00) Europe/Paris DST,2013-02-17T09:00:00+01:00,17,20,na,37,2.0,0.0,na
Eco Counter GmbH,Stadt Karlsruhe,752,Erbprinzenstraße,100004165,Y2H16070301,8.4027153,49.0072864,(UTC+01:00) Europe/Paris DST,2013-02-17T10:00:00+01:00,20,25,na,45,3.0,0.0,na
Eco Counter GmbH,Stadt Karlsruhe,752,Erbprinzenstraße,100004165,Y2H16070301,8.4027153,49.0072864,(UTC+01:00) Europe/Paris DST,2013-02-17T11:00:00+01:00,23,19,na,42,3.0,0.0,na
Eco Counter GmbH,Stadt Karlsruhe,752,Erbprinzenstraße,100004165,Y2H16070301,8.4027153,49.0072864,(UTC+01:00) Europe/Paris DST,2013-02-17T12:00:00+01:00,21,39,na,60,4.0,0.0,na
Eco Counter GmbH,Stadt Karlsruhe,752,Erbprinzenstraße,100004165,Y2H16070301,8.4027153,49.0072864,(UTC+01:00) Europe/Paris DST,2013-02-17T13:00:00+01:00,23,31,na,54,4.0,0.1,na
Eco Counter GmbH,Stadt Karlsruhe,752,Erbprinzenstraße,100004165,Y2H16070301,8.4027153,49.0072864,(UTC+01:00) Europe/Paris DST,2013-02-17T14:00:00+01:00,28,32,na,60,4.0,0.0,na
Eco Counter GmbH,Stadt Karlsruhe,752,Erbprinzenstraße,100004165,Y2H16070301,8.4027153,49.0072864,(UTC+01:00) Europe/Paris DST,2013-02-17T15:00:00+01:00,31,56,na,87,4.0,0.0,na
Eco Counter GmbH,Stadt Karlsruhe,752,Erbprinzenstraße,100004165,Y2H16070301,8.4027153,49.0072864,(UTC+01:00) Europe/Paris DST,2013-02-17T16:00:00+01:00,43,41,na,84,3.0,0.0,na
Eco Counter GmbH,Stadt Karlsruhe,752,Erbprinzenstraße,100004165,Y2H16070301,8.4027153,49.0072864,(UTC+01:00) Europe/Paris DST,2013-02-17T17:00:00+01:00,30,39,na,69,3.0,0.0,na
Eco Counter GmbH,Stadt Karlsruhe,752,Erbprinzenstraße,100004165,Y2H16070301,8.4027153,49.0072864,(UTC+01:00) Europe/Paris DST,2013-02-17T18:00:00+01:00,32,42,na,74,2.0,0.0,na
Eco Counter GmbH,Stadt Karlsruhe,752,Erbprinzenstraße,100004165,Y2H16070301,8.4027153,49.0072864,(UTC+01:00) Europe/Paris DST,2013-02-17T19:00:00+01:00,26,30,na,56,2.0,0.0,na
Eco Counter GmbH,Stadt Karlsruhe,752,Erbprinzenstraße,100004165,Y2H16070301,8.4027153,49.0072864,(UTC+01:00) Europe/Paris DST,2013-02-17T20:00:00+01:00,13,31,na,44,1.0,0.0,na
Eco Counter GmbH,Stadt Karlsruhe,752,Erbprinzenstraße,100004165,Y2H16070301,8.4027153,49.0072864,(UTC+01:00) Europe/Paris DST,2013-02-17T21:00:00+01:00,15,23,na,38,1.0,0.0,na
Eco Counter GmbH,Stadt Karlsruhe,752,Erbprinzenstraße,100004165,Y2H16070301,8.4027153,49.0072864,(UTC+01:00) Europe/Paris DST,2013-02-17T22:00:00+01:00,8,10,na,18,1.0,0.0,na
Eco Counter GmbH,Stadt Karlsruhe,752,Erbprinzenstraße,100004165,Y2H16070301,8.4027153,49.0072864,(UTC+01:00) Europe/Paris DST,2013-02-17T23:00:00+01:00,8,8,na,16,0.0,0.0,na
Eco Counter GmbH,Stadt Karlsruhe,752,Erbprinzenstraße,100004165,Y2H16070301,8.4027153,49.0072864,(UTC+01:00) Europe/Paris DST,2013-02-18T00:00:00+01:00,2,1,na,3,-1.0,0.0,na
Eco Counter GmbH,Stadt Karlsruhe,752,Erbprinzenstraße,100004165,Y2H16070301,8.4027153,49.0072864,(UTC+01:00) Europe/Paris DST,2013-02-18T01:00:00+01:00,1,3,na,4,-1.0,0.0,na
Eco Counter GmbH,Stadt Karlsruhe,752,Erbprinzenstraße,100004165,Y2H16070301,8.4027153,49.0072864,(UTC+01:00) Europe/Paris DST,2013-02-18T02:00:00+01:00,3,0,na,3,-1.0,0.0,na
Eco Counter GmbH,Stadt Karlsruhe,752,Erbprinzenstraße,100004165,Y2H16070301,8.4027153,49.0072864,(UTC+01:00) Europe/Paris DST,2013-02-18T03:00:00+01:00,5,4,na,9,-2.0,0.0,na
Eco Counter GmbH,Stadt Karlsruhe,752,Erbprinzenstraße,100004165,Y2H16070301,8.4027153,49.0072864,(UTC+01:00) Europe/Paris DST,2013-02-18T04:00:00+01:00,1,4,na,5,-2.0,0.0,na
Eco Counter GmbH,Stadt Karlsruhe,752,Erbprinzenstraße,100004165,Y2H16070301,8.4027153,49.0072864,(UTC+01:00) Europe/Paris DST,2013-02-18T05:00:00+01:00,11,15,na,26,-2.0,0.0,na
Eco Counter GmbH,Stadt Karlsruhe,752,Erbprinzenstraße,100004165,Y2H16070301,8.4027153,49.0072864,(UTC+01:00) Europe/Paris DST,2013-02-18T06:00:00+01:00,27,26,na,53,-3.0,0.0,na
Eco Counter GmbH,Stadt Karlsruhe,752,Erbprinzenstraße,100004165,Y2H16070301,8.4027153,49.0072864,(UTC+01:00) Europe/Paris DST,2013-02-18T07:00:00+01:00,64,101,na,165,-2.0,0.0,na
Eco Counter GmbH,Stadt Karlsruhe,752,Erbprinzenstraße,100004165,Y2H16070301,8.4027153,49.0072864,(UTC+01:00) Europe/Paris DST,2013-02-18T08:00:00+01:00,121,135,na,256,-1.0,0.0,na
Eco Counter GmbH,Stadt Karlsruhe,752,Erbprinzenstraße,100004165,Y2H16070301,8.4027153,49.0072864,(UTC+01:00) Europe/Paris DST,2013-02-18T09:00:00+01:00,106,138,na,244,1.0,0.0,na
Eco Counter GmbH,Stadt Karlsruhe,752,Erbprinzenstraße,100004165,Y2H16070301,8.4027153,49.0072864,(UTC+01:00) Europe/Paris DST,2013-02-18T10:00:00+01:00,80,132,na,212,3.0,0.0,na
Eco Counter GmbH,Stadt Karlsruhe,752,Erbprinzenstraße,100004165,Y2H16070301,8.4027153,49.0072864,(UTC+01:00) Europe/Paris DST,2013-02-18T11:00:00+01:00,96,117,na,213,3.0,0.0,na
Eco Counter GmbH,Stadt Karlsruhe,752,Erbprinzenstraße,100004165,Y2H16070301,8.4027153,49.0072864,(UTC+01:00) Europe/Paris DST,2013-02-18T12:00:00+01:00,137,149,na,286,4.0,0.0,na
Eco Counter GmbH,Stadt Karlsruhe,752,Erbprinzenstraße,100004165,Y2H16070301,8.4027153,49.0072864,(UTC+01:00) Europe/Paris DST,2013-02-18T13:00:00+01:00,117,127,na,244,4.0,0.0,na
Eco Counter GmbH,Stadt Karlsruhe,752,Erbprinzenstraße,100004165,Y2H16070301,8.4027153,49.0072864,(UTC+01:00) Europe/Paris DST,2013-02-18T14:00:00+01:00,110,117,na,227,4.0,0.0,na
Eco Counter GmbH,Stadt Karlsruhe,752,Erbprinzenstraße,100004165,Y2H16070301,8.4027153,49.0072864,(UTC+01:00) Europe/Paris DST,2013-02-18T15:00:00+01:00,116,131,na,247,4.0,0.0,na
Eco Counter GmbH,Stadt Karlsruhe,752,Erbprinzenstraße,100004165,Y2H16070301,8.4027153,49.0072864,(UTC+01:00) Europe/Paris DST,2013-02-18T16:00:00+01:00,138,175,na,313,4.0,0.0,na
Eco Counter GmbH,Stadt Karlsruhe,752,Erbprinzenstraße,100004165,Y2H16070301,8.4027153,49.0072864,(UTC+01:00) Europe/Paris DST,2013-02-18T17:00:00+01:00,179,186,na,365,3.0,0.0,na
Eco Counter GmbH,Stadt Karlsruhe,752,Erbprinzenstraße,100004165,Y2H16070301,8.4027153,49.0072864,(UTC+01:00) Europe/Paris DST,2013-02-18T18:00:00+01:00,120,199,na,319,1.0,0.0,na
Eco Counter GmbH,Stadt Karlsruhe,752,Erbprinzenstraße,100004165,Y2H16070301,8.4027153,49.0072864,(UTC+01:00) Europe/Paris DST,2013-02-18T19:00:00+01:00,73,135,na,208,0.0,0.0,na
Eco Counter GmbH,Stadt Karlsruhe,752,Erbprinzenstraße,100004165,Y2H16070301,8.4027153,49.0072864,(UTC+01:00) Europe/Paris DST,2013-02-18T20:00:00+01:00,53,85,na,138,-1.0,0.0,na
Eco Counter GmbH,Stadt Karlsruhe,752,Erbprinzenstraße,100004165,Y2H16070301,8.4027153,49.0072864,(UTC+01:00) Europe/Paris DST,2013-02-18T21:00:00+01:00,36,61,na,97,-2.0,0.0,na
Eco Counter GmbH,Stadt Karlsruhe,752,Erbprinzenstraße,100004165,Y2H16070301,8.4027153,49.0072864,(UTC+01:00) Europe/Paris DST,2013-02-18T22:00:00+01:00,31,28,na,59,-3.0,0.0,na
Eco Counter GmbH,Stadt Karlsruhe,752,Erbprinzenstraße,100004165,Y2H16070301,8.4027153,49.0072864,(UTC+01:00) Europe/Paris DST,2013-02-18T23:00:00+01:00,18,14,na,32,-3.0,0.0,na
Eco Counter GmbH,Stadt Karlsruhe,752,Erbprinzenstraße,100004165,Y2H16070301,8.4027153,49.0072864,(UTC+01:00) Europe/Paris DST,2013-02-19T00:00:00+01:00,15,9,na,24,-3.0,0.0,na
Eco Counter GmbH,Stadt Karlsruhe,752,Erbprinzenstraße,100004165,Y2H16070301,8.4027153,49.0072864,(UTC+01:00) Europe/Paris DST,2013-02-19T01:00:00+01:00,5,3,na,8,-3.0,0.0,na
Eco Counter GmbH,Stadt Karlsruhe,752,Erbprinzenstraße,100004165,Y2H16070301,8.4027153,49.0072864,(UTC+01:00) Europe/Paris DST,2013-02-19T02:00:00+01:00,3,0,na,3,-2.0,0.0,na
Eco Counter GmbH,Stadt Karlsruhe,752,Erbprinzenstraße,100004165,Y2H16070301,8.4027153,49.0072864,(UTC+01:00) Europe/Paris DST,2013-02-19T03:00:00+01:00,3,4,na,7,-2.0,0.0,na
Eco Counter GmbH,Stadt Karlsruhe,752,Erbprinzenstraße,100004165,Y2H16070301,8.4027153,49.0072864,(UTC+01:00) Europe/Paris DST,2013-02-19T04:00:00+01:00,2,5,na,7,-2.0,0.0,na
Eco Counter GmbH,Stadt Karlsruhe,752,Erbprinzenstraße,100004165,Y2H16070301,8.4027153,49.0072864,(UTC+01:00) Europe/Paris DST,2013-02-19T05:00:00+01:00,6,13,na,19,-2.0,0.0,na
Eco Counter GmbH,Stadt Karlsruhe,752,Erbprinzenstraße,100004165,Y2H16070301,8.4027153,49.0072864,(UTC+01:00) Europe/Paris DST,2013-02-19T06:00:00+01:00,17,23,na,40,-1.0,0.0,na
Eco Counter GmbH,Stadt Karlsruhe,752,Erbprinzenstraße,100004165,Y2H16070301,8.4027153,49.0072864,(UTC+01:00) Europe/Paris DST,2013-02-19T07:00:00+01:00,69,118,na,187,-1.0,0.0,na
Eco Counter GmbH,Stadt Karlsruhe,752,Erbprinzenstraße,100004165,Y2H16070301,8.4027153,49.0072864,(UTC+01:00) Europe/Paris DST,2013-02-19T08:00:00+01:00,120,159,na,279,0.0,0.0,na
Eco Counter GmbH,Stadt Karlsruhe,752,Erbprinzenstraße,100004165,Y2H16070301,8.4027153,49.0072864,(UTC+01:00) Europe/Paris DST,2013-02-19T09:00:00+01:00,100,130,na,230,1.0,0.0,na
Eco Counter GmbH,Stadt Karlsruhe,752,Erbprinzenstraße,100004165,Y2H16070301,8.4027153,49.0072864,(UTC+01:00) Europe/Paris DST,2013-02-19T10:00:00+01:00,83,102,na,185,2.0,0.0,na
Eco Counter GmbH,Stadt Karlsruhe,752,Erbprinzenstraße,100004165,Y2H16070301,8.4027153,49.0072864,(UTC+01:00) Europe/Paris DST,2013-02-19T11:00:00+01:00,93,119,na,212,3.0,0.0,na
Eco Counter GmbH,Stadt Karlsruhe,752,Erbprinzenstraße,100004165,Y2H16070301,8.4027153,49.0072864,(UTC+01:00) Europe/Paris DST,2013-02-19T12:00:00+01:00,109,118,na,227,4.0,0.0,na
Eco Counter GmbH,Stadt Karlsruhe,752,Erbprinzenstraße,100004165,Y2H16070301,8.4027153,49.0072864,(UTC+01:00) Europe/Paris DST,2013-02-19T13:00:00+01:00,121,122,na,243,4.0,0.0,na
Eco Counter GmbH,Stadt Karlsruhe,752,Erbprinzenstraße,100004165,Y2H16070301,8.4027153,49.0072864,(UTC+01:00) Europe/Paris DST,2013-02-19T14:00:00+01:00,74,97,na,171,4.0,0.0,na
Eco Counter GmbH,Stadt Karlsruhe,752,Erbprinzenstraße,100004165,Y2H16070301,8.4027153,49.0072864,(UTC+01:00) Europe/Paris DST,2013-02-19T15:00:00+01:00,99,93,na,192,3.0,0.0,na
Eco Counter GmbH,Stadt Karlsruhe,752,Erbprinzenstraße,100004165,Y2H16070301,8.4027153,49.0072864,(UTC+01:00) Europe/Paris DST,2013-02-19T16:00:00+01:00,95,133,na,228,3.0,0.2,na
Eco Counter GmbH,Stadt Karlsruhe,752,Erbprinzenstraße,100004165,Y2H16070301,8.4027153,49.0072864,(UTC+01:00) Europe/Paris DST,2013-02-19T17:00:00+01:00,116,140,na,256,2.0,0.3,na
Eco Counter GmbH,Stadt Karlsruhe,752,Erbprinzenstraße,100004165,Y2H16070301,8.4027153,49.0072864,(UTC+01:00) Europe/Paris DST,2013-02-19T18:00:00+01:00,113,166,na,279,2.0,0.4,na
Eco Counter GmbH,Stadt Karlsruhe,752,Erbprinzenstraße,100004165,Y2H16070301,8.4027153,49.0072864,(UTC+01:00) Europe/Paris DST,2013-02-19T19:00:00+01:00,62,126,na,188,1.0,0.4,na
Eco Counter GmbH,Stadt Karlsruhe,752,Erbprinzenstraße,100004165,Y2H16070301,8.4027153,49.0072864,(UTC+01:00) Europe/Paris DST,2013-02-19T20:00:00+01:00,65,68,na,133,1.0,0.3,na
Eco Counter GmbH,Stadt Karlsruhe,752,Erbprinzenstraße,100004165,Y2H16070301,8.4027153,49.0072864,(UTC+01:00) Europe/Paris DST,2013-02-19T21:00:00+01:00,33,46,na,79,1.0,0.2,na
Eco Counter GmbH,Stadt Karlsruhe,752,Erbprinzenstraße,100004165,Y2H16070301,8.4027153,49.0072864,(UTC+01:00) Europe/Paris DST,2013-02-19T22:00:00+01:00,30,37,na,67,0.0,0.2,na
Eco Counter GmbH,Stadt Karlsruhe,752,Erbprinzenstraße,100004165,Y2H16070301,8.4027153,49.0072864,(UTC+01:00) Europe/Paris DST,2013-02-19T23:00:00+01:00,22,19,na,41,-1.0,0.2,na
Eco Counter GmbH,Stadt Karlsruhe,752,Erbprinzenstraße,100004165,Y2H16070301,8.4027153,49.0072864,(UTC+01:00) Europe/Paris DST,2013-02-20T00:00:00+01:00,3,5,na,8,-1.0,0.2,na
Eco Counter GmbH,Stadt Karlsruhe,752,Erbprinzenstraße,100004165,Y2H16070301,8.4027153,49.0072864,(UTC+01:00) Europe/Paris DST,2013-02-20T01:00:00+01:00,2,3,na,5,0.0,0.1,na
Eco Counter GmbH,Stadt Karlsruhe,752,Erbprinzenstraße,100004165,Y2H16070301,8.4027153,49.0072864,(UTC+01:00) Europe/Paris DST,2013-02-20T02:00:00+01:00,0,3,na,3,0.0,0.0,na
Eco Counter GmbH,Stadt Karlsruhe,752,Erbprinzenstraße,100004165,Y2H16070301,8.4027153,49.0072864,(UTC+01:00) Europe/Paris DST,2013-02-20T03:00:00+01:00,42,4,na,46,0.0,0.0,na
Eco Counter GmbH,Stadt Karlsruhe,752,Erbprinzenstraße,100004165,Y2H16070301,8.4027153,49.0072864,(UTC+01:00) Europe/Paris DST,2013-02-20T04:00:00+01:00,2,3,na,5,-1.0,0.0,na
Eco Counter GmbH,Stadt Karlsruhe,752,Erbprinzenstraße,100004165,Y2H16070301,8.4027153,49.0072864,(UTC+01:00) Europe/Paris DST,2013-02-20T05:00:00+01:00,9,18,na,27,-1.0,0.0,na
Eco Counter GmbH,Stadt Karlsruhe,752,Erbprinzenstraße,100004165,Y2H16070301,8.4027153,49.0072864,(UTC+01:00) Europe/Paris DST,2013-02-20T06:00:00+01:00,11,21,na,32,-1.0,0.0,na
Eco Counter GmbH,Stadt Karlsruhe,752,Erbprinzenstraße,100004165,Y2H16070301,8.4027153,49.0072864,(UTC+01:00) Europe/Paris DST,2013-02-20T07:00:00+01:00,59,104,na,163,-1.0,0.0,na
Eco Counter GmbH,Stadt Karlsruhe,752,Erbprinzenstraße,100004165,Y2H16070301,8.4027153,49.0072864,(UTC+01:00) Europe/Paris DST,2013-02-20T08:00:00+01:00,98,143,na,241,0.0,0.0,na
Eco Counter GmbH,Stadt Karlsruhe,752,Erbprinzenstraße,100004165,Y2H16070301,8.4027153,49.0072864,(UTC+01:00) Europe/Paris DST,2013-02-20T09:00:00+01:00,125,127,na,252,0.0,0.0,na
Eco Counter GmbH,Stadt Karlsruhe,752,Erbprinzenstraße,100004165,Y2H16070301,8.4027153,49.0072864,(UTC+01:00) Europe/Paris DST,2013-02-20T10:00:00+01:00,96,112,na,208,1.0,0.0,na
Eco Counter GmbH,Stadt Karlsruhe,752,Erbprinzenstraße,100004165,Y2H16070301,8.4027153,49.0072864,(UTC+01:00) Europe/Paris DST,2013-02-20T11:00:00+01:00,83,105,na,188,1.0,0.0,na
Eco Counter GmbH,Stadt Karlsruhe,752,Erbprinzenstraße,100004165,Y2H16070301,8.4027153,49.0072864,(UTC+01:00) Europe/Paris DST,2013-02-20T12:00:00+01:00,116,148,na,264,1.0,0.0,na
Eco Counter GmbH,Stadt Karlsruhe,752,Erbprinzenstraße,100004165,Y2H16070301,8.4027153,49.0072864,(UTC+01:00) Europe/Paris DST,2013-02-20T13:00:00+01:00,106,135,na,241,1.0,0.0,na
Eco Counter GmbH,Stadt Karlsruhe,752,Erbprinzenstraße,100004165,Y2H16070301,8.4027153,49.0072864,(UTC+01:00) Europe/Paris DST,2013-02-20T14:00:00+01:00,83,122,na,205,1.0,0.0,na
Eco Counter GmbH,Stadt Karlsruhe,752,Erbprinzenstraße,100004165,Y2H16070301,8.4027153,49.0072864,(UTC+01:00) Europe/Paris DST,2013-02-20T15:00:00+01:00,103,114,na,217,1.0,0.0,na
Eco Counter GmbH,Stadt Karlsruhe,752,Erbprinzenstraße,100004165,Y2H16070301,8.4027153,49.0072864,(UTC+01:00) Europe/Paris DST,2013-02-20T16:00:00+01:00,132,140,na,272,1.0,0.0,na
Eco Counter GmbH,Stadt Karlsruhe,752,Erbprinzenstraße,100004165,Y2H16070301,8.4027153,49.0072864,(UTC+01:00) Europe/Paris DST,2013-02-20T17:00:00+01:00,135,168,na,303,0.0,0.0,na
Eco Counter GmbH,Stadt Karlsruhe,752,Erbprinzenstraße,100004165,Y2H16070301,8.4027153,49.0072864,(UTC+01:00) Europe/Paris DST,2013-02-20T18:00:00+01:00,113,153,na,266,-1.0,0.0,na
Eco Counter GmbH,Stadt Karlsruhe,752,Erbprinzenstraße,100004165,Y2H16070301,8.4027153,49.0072864,(UTC+01:00) Europe/Paris DST,2013-02-20T19:00:00+01:00,79,135,na,214,-1.0,0.0,na
Eco Counter GmbH,Stadt Karlsruhe,752,Erbprinzenstraße,100004165,Y2H16070301,8.4027153,49.0072864,(UTC+01:00) Europe/Paris DST,2013-02-20T20:00:00+01:00,61,100,na,161,-2.0,0.0,na
Eco Counter GmbH,Stadt Karlsruhe,752,Erbprinzenstraße,100004165,Y2H16070301,8.4027153,49.0072864,(UTC+01:00) Europe/Paris DST,2013-02-20T21:00:00+01:00,26,31,na,57,-2.0,0.0,na
Eco Counter GmbH,Stadt Karlsruhe,752,Erbprinzenstraße,100004165,Y2H16070301,8.4027153,49.0072864,(UTC+01:00) Europe/Paris DST,2013-02-20T22:00:00+01:00,32,51,na,83,-3.0,0.0,na
Eco Counter GmbH,Stadt Karlsruhe,752,Erbprinzenstraße,100004165,Y2H16070301,8.4027153,49.0072864,(UTC+01:00) Europe/Paris DST,2013-02-20T23:00:00+01:00,19,38,na,57,-3.0,0.0,na
Eco Counter GmbH,Stadt Karlsruhe,752,Erbprinzenstraße,100004165,Y2H16070301,8.4027153,49.0072864,(UTC+01:00) Europe/Paris DST,2013-02-21T00:00:00+01:00,8,10,na,18,-3.0,0.0,na
Eco Counter GmbH,Stadt Karlsruhe,752,Erbprinzenstraße,100004165,Y2H16070301,8.4027153,49.0072864,(UTC+01:00) Europe/Paris DST,2013-02-21T01:00:00+01:00,6,6,na,12,-4.0,0.0,na
Eco Counter GmbH,Stadt Karlsruhe,752,Erbprinzenstraße,100004165,Y2H16070301,8.4027153,49.0072864,(UTC+01:00) Europe/Paris DST,2013-02-21T02:00:00+01:00,3,1,na,4,-4.0,0.0,na
Eco Counter GmbH,Stadt Karlsruhe,752,Erbprinzenstraße,100004165,Y2H16070301,8.4027153,49.0072864,(UTC+01:00) Europe/Paris DST,2013-02-21T03:00:00+01:00,16,4,na,20,-4.0,0.0,na
Eco Counter GmbH,Stadt Karlsruhe,752,Erbprinzenstraße,100004165,Y2H16070301,8.4027153,49.0072864,(UTC+01:00) Europe/Paris DST,2013-02-21T04:00:00+01:00,2,9,na,11,-5.0,0.0,na
Eco Counter GmbH,Stadt Karlsruhe,752,Erbprinzenstraße,100004165,Y2H16070301,8.4027153,49.0072864,(UTC+01:00) Europe/Paris DST,2013-02-21T05:00:00+01:00,8,11,na,19,-5.0,0.0,na
Eco Counter GmbH,Stadt Karlsruhe,752,Erbprinzenstraße,100004165,Y2H16070301,8.4027153,49.0072864,(UTC+01:00) Europe/Paris DST,2013-02-21T06:00:00+01:00,13,22,na,35,-5.0,0.0,na
Eco Counter GmbH,Stadt Karlsruhe,752,Erbprinzenstraße,100004165,Y2H16070301,8.4027153,49.0072864,(UTC+01:00) Europe/Paris DST,2013-02-21T07:00:00+01:00,68,94,na,162,-4.0,0.0,na
Eco Counter GmbH,Stadt Karlsruhe,752,Erbprinzenstraße,100004165,Y2H16070301,8.4027153,49.0072864,(UTC+01:00) Europe/Paris DST,2013-02-21T08:00:00+01:00,105,152,na,257,-3.0,0.0,na
Eco Counter GmbH,Stadt Karlsruhe,752,Erbprinzenstraße,100004165,Y2H16070301,8.4027153,49.0072864,(UTC+01:00) Europe/Paris DST,2013-02-21T09:00:00+01:00,93,114,na,207,-2.0,0.0,na
Eco Counter GmbH,Stadt Karlsruhe,752,Erbprinzenstraße,100004165,Y2H16070301,8.4027153,49.0072864,(UTC+01:00) Europe/Paris DST,2013-02-21T10:00:00+01:00,82,96,na,178,-2.0,0.0,na
Eco Counter GmbH,Stadt Karlsruhe,752,Erbprinzenstraße,100004165,Y2H16070301,8.4027153,49.0072864,(UTC+01:00) Europe/Paris DST,2013-02-21T11:00:00+01:00,93,110,na,203,-1.0,0.0,na
Eco Counter GmbH,Stadt Karlsruhe,752,Erbprinzenstraße,100004165,Y2H16070301,8.4027153,49.0072864,(UTC+01:00) Europe/Paris DST,2013-02-21T12:00:00+01:00,119,126,na,245,-1.0,0.0,na
Eco Counter GmbH,Stadt Karlsruhe,752,Erbprinzenstraße,100004165,Y2H16070301,8.4027153,49.0072864,(UTC+01:00) Europe/Paris DST,2013-02-21T13:00:00+01:00,97,137,na,234,-1.0,0.0,na
Eco Counter GmbH,Stadt Karlsruhe,752,Erbprinzenstraße,100004165,Y2H16070301,8.4027153,49.0072864,(UTC+01:00) Europe/Paris DST,2013-02-21T14:00:00+01:00,99,125,na,224,-1.0,0.0,na
Eco Counter GmbH,Stadt Karlsruhe,752,Erbprinzenstraße,100004165,Y2H16070301,8.4027153,49.0072864,(UTC+01:00) Europe/Paris DST,2013-02-21T15:00:00+01:00,94,145,na,239,-1.0,0.0,na
Eco Counter GmbH,Stadt Karlsruhe,752,Erbprinzenstraße,100004165,Y2H16070301,8.4027153,49.0072864,(UTC+01:00) Europe/Paris DST,2013-02-21T16:00:00+01:00,144,125,na,269,-1.0,0.0,na
Eco Counter GmbH,Stadt Karlsruhe,752,Erbprinzenstraße,100004165,Y2H16070301,8.4027153,49.0072864,(UTC+01:00) Europe/Paris DST,2013-02-21T17:00:00+01:00,128,168,na,296,-1.0,0.0,na
Eco Counter GmbH,Stadt Karlsruhe,752,Erbprinzenstraße,100004165,Y2H16070301,8.4027153,49.0072864,(UTC+01:00) Europe/Paris DST,2013-02-21T18:00:00+01:00,121,158,na,279,-2.0,0.0,na
Eco Counter GmbH,Stadt Karlsruhe,752,Erbprinzenstraße,100004165,Y2H16070301,8.4027153,49.0072864,(UTC+01:00) Europe/Paris DST,2013-02-21T19:00:00+01:00,73,147,na,220,-3.0,0.0,na
Eco Counter GmbH,Stadt Karlsruhe,752,Erbprinzenstraße,100004165,Y2H16070301,8.4027153,49.0072864,(UTC+01:00) Europe/Paris DST,2013-02-21T20:00:00+01:00,47,85,na,132,-3.0,0.0,na
Eco Counter GmbH,Stadt Karlsruhe,752,Erbprinzenstraße,100004165,Y2H16070301,8.4027153,49.0072864,(UTC+01:00) Europe/Paris DST,2013-02-21T21:00:00+01:00,21,47,na,68,-4.0,0.0,na
Eco Counter GmbH,Stadt Karlsruhe,752,Erbprinzenstraße,100004165,Y2H16070301,8.4027153,49.0072864,(UTC+01:00) Europe/Paris DST,2013-02-21T22:00:00+01:00,42,28,na,70,-4.0,0.0,na
Eco Counter GmbH,Stadt Karlsruhe,752,Erbprinzenstraße,100004165,Y2H16070301,8.4027153,49.0072864,(UTC+01:00) Europe/Paris DST,2013-02-21T23:00:00+01:00,16,17,na,33,-4.0,0.0,na
Eco Counter GmbH,Stadt Karlsruhe,752,Erbprinzenstraße,100004165,Y2H16070301,8.4027153,49.0072864,(UTC+01:00) Europe/Paris DST,2013-02-22T00:00:00+01:00,14,14,na,28,-5.0,0.0,na
Eco Counter GmbH,Stadt Karlsruhe,752,Erbprinzenstraße,100004165,Y2H16070301,8.4027153,49.0072864,(UTC+01:00) Europe/Paris DST,2013-02-22T01:00:00+01:00,11,6,na,17,-5.0,0.0,na
Eco Counter GmbH,Stadt Karlsruhe,752,Erbprinzenstraße,100004165,Y2H16070301,8.4027153,49.0072864,(UTC+01:00) Europe/Paris DST,2013-02-22T02:00:00+01:00,3,3,na,6,-5.0,0.0,na
Eco Counter GmbH,Stadt Karlsruhe,752,Erbprinzenstraße,100004165,Y2H16070301,8.4027153,49.0072864,(UTC+01:00) Europe/Paris DST,2013-02-22T03:00:00+01:00,2,7,na,9,-5.0,0.0,na
Eco Counter GmbH,Stadt Karlsruhe,752,Erbprinzenstraße,100004165,Y2H16070301,8.4027153,49.0072864,(UTC+01:00) Europe/Paris DST,2013-02-22T04:00:00+01:00,6,14,na,20,-5.0,0.0,na
Eco Counter GmbH,Stadt Karlsruhe,752,Erbprinzenstraße,100004165,Y2H16070301,8.4027153,49.0072864,(UTC+01:00) Europe/Paris DST,2013-02-22T05:00:00+01:00,9,8,na,17,-6.0,0.0,na
Eco Counter GmbH,Stadt Karlsruhe,752,Erbprinzenstraße,100004165,Y2H16070301,8.4027153,49.0072864,(UTC+01:00) Europe/Paris DST,2013-02-22T06:00:00+01:00,24,37,na,61,-6.0,0.0,na
Eco Counter GmbH,Stadt Karlsruhe,752,Erbprinzenstraße,100004165,Y2H16070301,8.4027153,49.0072864,(UTC+01:00) Europe/Paris DST,2013-02-22T07:00:00+01:00,51,104,na,155,-5.0,0.0,na
Eco Counter GmbH,Stadt Karlsruhe,752,Erbprinzenstraße,100004165,Y2H16070301,8.4027153,49.0072864,(UTC+01:00) Europe/Paris DST,2013-02-22T08:00:00+01:00,105,129,na,234,-5.0,0.0,na
Eco Counter GmbH,Stadt Karlsruhe,752,Erbprinzenstraße,100004165,Y2H16070301,8.4027153,49.0072864,(UTC+01:00) Europe/Paris DST,2013-02-22T09:00:00+01:00,90,117,na,207,-4.0,0.0,na
Eco Counter GmbH,Stadt Karlsruhe,752,Erbprinzenstraße,100004165,Y2H16070301,8.4027153,49.0072864,(UTC+01:00) Europe/Paris DST,2013-02-22T10:00:00+01:00,72,92,na,164,-3.0,0.0,na
Eco Counter GmbH,Stadt Karlsruhe,752,Erbprinzenstraße,100004165,Y2H16070301,8.4027153,49.0072864,(UTC+01:00) Europe/Paris DST,2013-02-22T11:00:00+01:00,83,98,na,181,-3.0,0.0,na
Eco Counter GmbH,Stadt Karlsruhe,752,Erbprinzenstraße,100004165,Y2H16070301,8.4027153,49.0072864,(UTC+01:00) Europe/Paris DST,2013-02-22T12:00:00+01:00,85,131,na,216,-2.0,0.0,na
Eco Counter GmbH,Stadt Karlsruhe,752,Erbprinzenstraße,100004165,Y2H16070301,8.4027153,49.0072864,(UTC+01:00) Europe/Paris DST,2013-02-22T13:00:00+01:00,114,110,na,224,-2.0,0.0,na
Eco Counter GmbH,Stadt Karlsruhe,752,Erbprinzenstraße,100004165,Y2H16070301,8.4027153,49.0072864,(UTC+01:00) Europe/Paris DST,2013-02-22T14:00:00+01:00,90,124,na,214,-2.0,0.0,na
Eco Counter GmbH,Stadt Karlsruhe,752,Erbprinzenstraße,100004165,Y2H16070301,8.4027153,49.0072864,(UTC+01:00) Europe/Paris DST,2013-02-22T15:00:00+01:00,87,105,na,192,-2.0,0.0,na
Eco Counter GmbH,Stadt Karlsruhe,752,Erbprinzenstraße,100004165,Y2H16070301,8.4027153,49.0072864,(UTC+01:00) Europe/Paris DST,2013-02-22T16:00:00+01:00,103,115,na,218,-2.0,0.0,na
Eco Counter GmbH,Stadt Karlsruhe,752,Erbprinzenstraße,100004165,Y2H16070301,8.4027153,49.0072864,(UTC+01:00) Europe/Paris DST,2013-02-22T17:00:00+01:00,89,145,na,234,-2.0,0.0,na
Eco Counter GmbH,Stadt Karlsruhe,752,Erbprinzenstraße,100004165,Y2H16070301,8.4027153,49.0072864,(UTC+01:00) Europe/Paris DST,2013-02-22T18:00:00+01:00,85,72,na,157,-3.0,0.0,na
Eco Counter GmbH,Stadt Karlsruhe,752,Erbprinzenstraße,100004165,Y2H16070301,8.4027153,49.0072864,(UTC+01:00) Europe/Paris DST,2013-02-22T19:00:00+01:00,55,94,na,149,-3.0,0.0,na
Eco Counter GmbH,Stadt Karlsruhe,752,Erbprinzenstraße,100004165,Y2H16070301,8.4027153,49.0072864,(UTC+01:00) Europe/Paris DST,2013-02-22T20:00:00+01:00,31,46,na,77,-4.0,0.0,na
Eco Counter GmbH,Stadt Karlsruhe,752,Erbprinzenstraße,100004165,Y2H16070301,8.4027153,49.0072864,(UTC+01:00) Europe/Paris DST,2013-02-22T21:00:00+01:00,17,38,na,55,-4.0,0.0,na
Eco Counter GmbH,Stadt Karlsruhe,752,Erbprinzenstraße,100004165,Y2H16070301,8.4027153,49.0072864,(UTC+01:00) Europe/Paris DST,2013-02-22T22:00:00+01:00,21,26,na,47,-5.0,0.0,na
Eco Counter GmbH,Stadt Karlsruhe,752,Erbprinzenstraße,100004165,Y2H16070301,8.4027153,49.0072864,(UTC+01:00) Europe/Paris DST,2013-02-22T23:00:00+01:00,14,12,na,26,-5.0,0.0,na
Eco Counter GmbH,Stadt Karlsruhe,752,Erbprinzenstraße,100004165,Y2H16070301,8.4027153,49.0072864,(UTC+01:00) Europe/Paris DST,2013-02-23T00:00:00+01:00,12,23,na,35,-6.0,0.0,na
Eco Counter GmbH,Stadt Karlsruhe,752,Erbprinzenstraße,100004165,Y2H16070301,8.4027153,49.0072864,(UTC+01:00) Europe/Paris DST,2013-02-23T01:00:00+01:00,5,11,na,16,-6.0,0.0,na
Eco Counter GmbH,Stadt Karlsruhe,752,Erbprinzenstraße,100004165,Y2H16070301,8.4027153,49.0072864,(UTC+01:00) Europe/Paris DST,2013-02-23T02:00:00+01:00,7,6,na,13,-5.0,0.0,na
Eco Counter GmbH,Stadt Karlsruhe,752,Erbprinzenstraße,100004165,Y2H16070301,8.4027153,49.0072864,(UTC+01:00) Europe/Paris DST,2013-02-23T03:00:00+01:00,6,13,na,19,-5.0,0.0,na
Eco Counter GmbH,Stadt Karlsruhe,752,Erbprinzenstraße,100004165,Y2H16070301,8.4027153,49.0072864,(UTC+01:00) Europe/Paris DST,2013-02-23T04:00:00+01:00,8,7,na,15,-5.0,0.0,na
Eco Counter GmbH,Stadt Karlsruhe,752,Erbprinzenstraße,100004165,Y2H16070301,8.4027153,49.0072864,(UTC+01:00) Europe/Paris DST,2013-02-23T05:00:00+01:00,3,14,na,17,-5.0,0.0,na
Eco Counter GmbH,Stadt Karlsruhe,752,Erbprinzenstraße,100004165,Y2H16070301,8.4027153,49.0072864,(UTC+01:00) Europe/Paris DST,2013-02-23T06:00:00+01:00,6,8,na,14,-5.0,0.0,na
Eco Counter GmbH,Stadt Karlsruhe,752,Erbprinzenstraße,100004165,Y2H16070301,8.4027153,49.0072864,(UTC+01:00) Europe/Paris DST,2013-02-23T07:00:00+01:00,4,14,na,18,-4.0,0.0,na
Eco Counter GmbH,Stadt Karlsruhe,752,Erbprinzenstraße,100004165,Y2H16070301,8.4027153,49.0072864,(UTC+01:00) Europe/Paris DST,2013-02-23T08:00:00+01:00,11,24,na,35,-4.0,0.0,na
Eco Counter GmbH,Stadt Karlsruhe,752,Erbprinzenstraße,100004165,Y2H16070301,8.4027153,49.0072864,(UTC+01:00) Europe/Paris DST,2013-02-23T09:00:00+01:00,35,22,na,57,-3.0,0.0,na
Eco Counter GmbH,Stadt Karlsruhe,752,Erbprinzenstraße,100004165,Y2H16070301,8.4027153,49.0072864,(UTC+01:00) Europe/Paris DST,2013-02-23T10:00:00+01:00,44,43,na,87,-2.0,0.0,na
Eco Counter GmbH,Stadt Karlsruhe,752,Erbprinzenstraße,100004165,Y2H16070301,8.4027153,49.0072864,(UTC+01:00) Europe/Paris DST,2013-02-23T11:00:00+01:00,47,51,na,98,-2.0,0.1,na
Eco Counter GmbH,Stadt Karlsruhe,752,Erbprinzenstraße,100004165,Y2H16070301,8.4027153,49.0072864,(UTC+01:00) Europe/Paris DST,2013-02-23T12:00:00+01:00,56,57,na,113,-2.0,0.1,na
Eco Counter GmbH,Stadt Karlsruhe,752,Erbprinzenstraße,100004165,Y2H16070301,8.4027153,49.0072864,(UTC+01:00) Europe/Paris DST,2013-02-23T13:00:00+01:00,59,83,na,142,-2.0,0.1,na
Eco Counter GmbH,Stadt Karlsruhe,752,Erbprinzenstraße,100004165,Y2H16070301,8.4027153,49.0072864,(UTC+01:00) Europe/Paris DST,2013-02-23T14:00:00+01:00,55,79,na,134,-2.0,0.1,na
Eco Counter GmbH,Stadt Karlsruhe,752,Erbprinzenstraße,100004165,Y2H16070301,8.4027153,49.0072864,(UTC+01:00) Europe/Paris DST,2013-02-23T15:00:00+01:00,49,65,na,114,-2.0,0.1,na
Eco Counter GmbH,Stadt Karlsruhe,752,Erbprinzenstraße,100004165,Y2H16070301,8.4027153,49.0072864,(UTC+01:00) Europe/Paris DST,2013-02-23T16:00:00+01:00,43,64,na,107,-3.0,0.0,na
Eco Counter GmbH,Stadt Karlsruhe,752,Erbprinzenstraße,100004165,Y2H16070301,8.4027153,49.0072864,(UTC+01:00) Europe/Paris DST,2013-02-23T17:00:00+01:00,46,83,na,129,-3.0,0.0,na
Eco Counter GmbH,Stadt Karlsruhe,752,Erbprinzenstraße,100004165,Y2H16070301,8.4027153,49.0072864,(UTC+01:00) Europe/Paris DST,2013-02-23T18:00:00+01:00,32,66,na,98,-3.0,0.0,na
Eco Counter GmbH,Stadt Karlsruhe,752,Erbprinzenstraße,100004165,Y2H16070301,8.4027153,49.0072864,(UTC+01:00) Europe/Paris DST,2013-02-23T19:00:00+01:00,36,53,na,89,-4.0,0.0,na
Eco Counter GmbH,Stadt Karlsruhe,752,Erbprinzenstraße,100004165,Y2H16070301,8.4027153,49.0072864,(UTC+01:00) Europe/Paris DST,2013-02-23T20:00:00+01:00,24,38,na,62,-4.0,0.0,na
Eco Counter GmbH,Stadt Karlsruhe,752,Erbprinzenstraße,100004165,Y2H16070301,8.4027153,49.0072864,(UTC+01:00) Europe/Paris DST,2013-02-23T21:00:00+01:00,10,20,na,30,-4.0,0.0,na
Eco Counter GmbH,Stadt Karlsruhe,752,Erbprinzenstraße,100004165,Y2H16070301,8.4027153,49.0072864,(UTC+01:00) Europe/Paris DST,2013-02-23T22:00:00+01:00,9,16,na,25,-5.0,0.0,na
Eco Counter GmbH,Stadt Karlsruhe,752,Erbprinzenstraße,100004165,Y2H16070301,8.4027153,49.0072864,(UTC+01:00) Europe/Paris DST,2013-02-23T23:00:00+01:00,13,26,na,39,-5.0,0.0,na
Eco Counter GmbH,Stadt Karlsruhe,752,Erbprinzenstraße,100004165,Y2H16070301,8.4027153,49.0072864,(UTC+01:00) Europe/Paris DST,2013-02-24T00:00:00+01:00,17,17,na,34,-5.0,0.0,na
Eco Counter GmbH,Stadt Karlsruhe,752,Erbprinzenstraße,100004165,Y2H16070301,8.4027153,49.0072864,(UTC+01:00) Europe/Paris DST,2013-02-24T01:00:00+01:00,14,7,na,21,-5.0,0.0,na
Eco Counter GmbH,Stadt Karlsruhe,752,Erbprinzenstraße,100004165,Y2H16070301,8.4027153,49.0072864,(UTC+01:00) Europe/Paris DST,2013-02-24T02:00:00+01:00,3,4,na,7,-5.0,0.0,na
Eco Counter GmbH,Stadt Karlsruhe,752,Erbprinzenstraße,100004165,Y2H16070301,8.4027153,49.0072864,(UTC+01:00) Europe/Paris DST,2013-02-24T03:00:00+01:00,2,3,na,5,-5.0,0.0,na
Eco Counter GmbH,Stadt Karlsruhe,752,Erbprinzenstraße,100004165,Y2H16070301,8.4027153,49.0072864,(UTC+01:00) Europe/Paris DST,2013-02-24T04:00:00+01:00,11,3,na,14,-5.0,0.0,na
Eco Counter GmbH,Stadt Karlsruhe,752,Erbprinzenstraße,100004165,Y2H16070301,8.4027153,49.0072864,(UTC+01:00) Europe/Paris DST,2013-02-24T05:00:00+01:00,1,3,na,4,-5.0,0.0,na
Eco Counter GmbH,Stadt Karlsruhe,752,Erbprinzenstraße,100004165,Y2H16070301,8.4027153,49.0072864,(UTC+01:00) Europe/Paris DST,2013-02-24T06:00:00+01:00,6,6,na,12,-4.0,0.0,na
Eco Counter GmbH,Stadt Karlsruhe,752,Erbprinzenstraße,100004165,Y2H16070301,8.4027153,49.0072864,(UTC+01:00) Europe/Paris DST,2013-02-24T07:00:00+01:00,4,7,na,11,-3.0,0.1,na
Eco Counter GmbH,Stadt Karlsruhe,752,Erbprinzenstraße,100004165,Y2H16070301,8.4027153,49.0072864,(UTC+01:00) Europe/Paris DST,2013-02-24T08:00:00+01:00,3,10,na,13,-3.0,0.2,na
Eco Counter GmbH,Stadt Karlsruhe,752,Erbprinzenstraße,100004165,Y2H16070301,8.4027153,49.0072864,(UTC+01:00) Europe/Paris DST,2013-02-24T09:00:00+01:00,9,17,na,26,-2.0,0.1,na
Eco Counter GmbH,Stadt Karlsruhe,752,Erbprinzenstraße,100004165,Y2H16070301,8.4027153,49.0072864,(UTC+01:00) Europe/Paris DST,2013-02-24T10:00:00+01:00,17,27,na,44,-1.0,0.2,na
Eco Counter GmbH,Stadt Karlsruhe,752,Erbprinzenstraße,100004165,Y2H16070301,8.4027153,49.0072864,(UTC+01:00) Europe/Paris DST,2013-02-24T11:00:00+01:00,20,21,na,41,0.0,0.2,na
Eco Counter GmbH,Stadt Karlsruhe,752,Erbprinzenstraße,100004165,Y2H16070301,8.4027153,49.0072864,(UTC+01:00) Europe/Paris DST,2013-02-24T12:00:00+01:00,14,22,na,36,0.0,0.2,na
Eco Counter GmbH,Stadt Karlsruhe,752,Erbprinzenstraße,100004165,Y2H16070301,8.4027153,49.0072864,(UTC+01:00) Europe/Paris DST,2013-02-24T13:00:00+01:00,29,21,na,50,0.0,0.1,na
Eco Counter GmbH,Stadt Karlsruhe,752,Erbprinzenstraße,100004165,Y2H16070301,8.4027153,49.0072864,(UTC+01:00) Europe/Paris DST,2013-02-24T14:00:00+01:00,20,28,na,48,1.0,0.1,na
Eco Counter GmbH,Stadt Karlsruhe,752,Erbprinzenstraße,100004165,Y2H16070301,8.4027153,49.0072864,(UTC+01:00) Europe/Paris DST,2013-02-24T15:00:00+01:00,21,29,na,50,0.0,0.0,na
Eco Counter GmbH,Stadt Karlsruhe,752,Erbprinzenstraße,100004165,Y2H16070301,8.4027153,49.0072864,(UTC+01:00) Europe/Paris DST,2013-02-24T16:00:00+01:00,31,28,na,59,-1.0,0.0,na
Eco Counter GmbH,Stadt Karlsruhe,752,Erbprinzenstraße,100004165,Y2H16070301,8.4027153,49.0072864,(UTC+01:00) Europe/Paris DST,2013-02-24T17:00:00+01:00,24,31,na,55,-1.0,0.0,na
Eco Counter GmbH,Stadt Karlsruhe,752,Erbprinzenstraße,100004165,Y2H16070301,8.4027153,49.0072864,(UTC+01:00) Europe/Paris DST,2013-02-24T18:00:00+01:00,21,45,na,66,-1.0,0.0,na
Eco Counter GmbH,Stadt Karlsruhe,752,Erbprinzenstraße,100004165,Y2H16070301,8.4027153,49.0072864,(UTC+01:00) Europe/Paris DST,2013-02-24T19:00:00+01:00,28,25,na,53,-2.0,0.0,na
Eco Counter GmbH,Stadt Karlsruhe,752,Erbprinzenstraße,100004165,Y2H16070301,8.4027153,49.0072864,(UTC+01:00) Europe/Paris DST,2013-02-24T20:00:00+01:00,19,11,na,30,-2.0,0.0,na
Eco Counter GmbH,Stadt Karlsruhe,752,Erbprinzenstraße,100004165,Y2H16070301,8.4027153,49.0072864,(UTC+01:00) Europe/Paris DST,2013-02-24T21:00:00+01:00,12,21,na,33,-2.0,0.0,na
Eco Counter GmbH,Stadt Karlsruhe,752,Erbprinzenstraße,100004165,Y2H16070301,8.4027153,49.0072864,(UTC+01:00) Europe/Paris DST,2013-02-24T22:00:00+01:00,8,11,na,19,-2.0,0.0,na
Eco Counter GmbH,Stadt Karlsruhe,752,Erbprinzenstraße,100004165,Y2H16070301,8.4027153,49.0072864,(UTC+01:00) Europe/Paris DST,2013-02-24T23:00:00+01:00,2,7,na,9,-2.0,0.0,na
Eco Counter GmbH,Stadt Karlsruhe,752,Erbprinzenstraße,100004165,Y2H16070301,8.4027153,49.0072864,(UTC+01:00) Europe/Paris DST,2013-02-25T00:00:00+01:00,3,6,na,9,-2.0,0.1,na
Eco Counter GmbH,Stadt Karlsruhe,752,Erbprinzenstraße,100004165,Y2H16070301,8.4027153,49.0072864,(UTC+01:00) Europe/Paris DST,2013-02-25T01:00:00+01:00,2,0,na,2,-2.0,0.2,na
Eco Counter GmbH,Stadt Karlsruhe,752,Erbprinzenstraße,100004165,Y2H16070301,8.4027153,49.0072864,(UTC+01:00) Europe/Paris DST,2013-02-25T02:00:00+01:00,1,0,na,1,-3.0,0.3,na
Eco Counter GmbH,Stadt Karlsruhe,752,Erbprinzenstraße,100004165,Y2H16070301,8.4027153,49.0072864,(UTC+01:00) Europe/Paris DST,2013-02-25T03:00:00+01:00,8,1,na,9,-3.0,0.2,na
Eco Counter GmbH,Stadt Karlsruhe,752,Erbprinzenstraße,100004165,Y2H16070301,8.4027153,49.0072864,(UTC+01:00) Europe/Paris DST,2013-02-25T04:00:00+01:00,1,6,na,7,-3.0,0.1,na
Eco Counter GmbH,Stadt Karlsruhe,752,Erbprinzenstraße,100004165,Y2H16070301,8.4027153,49.0072864,(UTC+01:00) Europe/Paris DST,2013-02-25T05:00:00+01:00,6,11,na,17,-3.0,0.2,na
Eco Counter GmbH,Stadt Karlsruhe,752,Erbprinzenstraße,100004165,Y2H16070301,8.4027153,49.0072864,(UTC+01:00) Europe/Paris DST,2013-02-25T06:00:00+01:00,14,26,na,40,-3.0,0.2,na
Eco Counter GmbH,Stadt Karlsruhe,752,Erbprinzenstraße,100004165,Y2H16070301,8.4027153,49.0072864,(UTC+01:00) Europe/Paris DST,2013-02-25T07:00:00+01:00,55,105,na,160,-2.0,0.1,na
Eco Counter GmbH,Stadt Karlsruhe,752,Erbprinzenstraße,100004165,Y2H16070301,8.4027153,49.0072864,(UTC+01:00) Europe/Paris DST,2013-02-25T08:00:00+01:00,95,127,na,222,-2.0,0.1,na
Eco Counter GmbH,Stadt Karlsruhe,752,Erbprinzenstraße,100004165,Y2H16070301,8.4027153,49.0072864,(UTC+01:00) Europe/Paris DST,2013-02-25T09:00:00+01:00,88,113,na,201,-1.0,0.1,na
Eco Counter GmbH,Stadt Karlsruhe,752,Erbprinzenstraße,100004165,Y2H16070301,8.4027153,49.0072864,(UTC+01:00) Europe/Paris DST,2013-02-25T10:00:00+01:00,62,63,na,125,0.0,0.2,na
Eco Counter GmbH,Stadt Karlsruhe,752,Erbprinzenstraße,100004165,Y2H16070301,8.4027153,49.0072864,(UTC+01:00) Europe/Paris DST,2013-02-25T11:00:00+01:00,43,72,na,115,1.0,0.1,na
Eco Counter GmbH,Stadt Karlsruhe,752,Erbprinzenstraße,100004165,Y2H16070301,8.4027153,49.0072864,(UTC+01:00) Europe/Paris DST,2013-02-25T12:00:00+01:00,94,84,na,178,1.0,0.0,na
Eco Counter GmbH,Stadt Karlsruhe,752,Erbprinzenstraße,100004165,Y2H16070301,8.4027153,49.0072864,(UTC+01:00) Europe/Paris DST,2013-02-25T13:00:00+01:00,87,99,na,186,2.0,0.0,na
Eco Counter GmbH,Stadt Karlsruhe,752,Erbprinzenstraße,100004165,Y2H16070301,8.4027153,49.0072864,(UTC+01:00) Europe/Paris DST,2013-02-25T14:00:00+01:00,84,100,na,184,2.0,0.0,na
Eco Counter GmbH,Stadt Karlsruhe,752,Erbprinzenstraße,100004165,Y2H16070301,8.4027153,49.0072864,(UTC+01:00) Europe/Paris DST,2013-02-25T15:00:00+01:00,98,102,na,200,2.0,0.0,na
Eco Counter GmbH,Stadt Karlsruhe,752,Erbprinzenstraße,100004165,Y2H16070301,8.4027153,49.0072864,(UTC+01:00) Europe/Paris DST,2013-02-25T16:00:00+01:00,104,105,na,209,1.0,0.0,na
Eco Counter GmbH,Stadt Karlsruhe,752,Erbprinzenstraße,100004165,Y2H16070301,8.4027153,49.0072864,(UTC+01:00) Europe/Paris DST,2013-02-25T17:00:00+01:00,120,155,na,275,0.0,0.0,na
Eco Counter GmbH,Stadt Karlsruhe,752,Erbprinzenstraße,100004165,Y2H16070301,8.4027153,49.0072864,(UTC+01:00) Europe/Paris DST,2013-02-25T18:00:00+01:00,98,138,na,236,0.0,0.0,na
Eco Counter GmbH,Stadt Karlsruhe,752,Erbprinzenstraße,100004165,Y2H16070301,8.4027153,49.0072864,(UTC+01:00) Europe/Paris DST,2013-02-25T19:00:00+01:00,84,119,na,203,-1.0,0.0,na
Eco Counter GmbH,Stadt Karlsruhe,752,Erbprinzenstraße,100004165,Y2H16070301,8.4027153,49.0072864,(UTC+01:00) Europe/Paris DST,2013-02-25T20:00:00+01:00,47,73,na,120,-1.0,0.0,na
Eco Counter GmbH,Stadt Karlsruhe,752,Erbprinzenstraße,100004165,Y2H16070301,8.4027153,49.0072864,(UTC+01:00) Europe/Paris DST,2013-02-25T21:00:00+01:00,28,51,na,79,-1.0,0.0,na
Eco Counter GmbH,Stadt Karlsruhe,752,Erbprinzenstraße,100004165,Y2H16070301,8.4027153,49.0072864,(UTC+01:00) Europe/Paris DST,2013-02-25T22:00:00+01:00,23,39,na,62,-2.0,0.0,na
Eco Counter GmbH,Stadt Karlsruhe,752,Erbprinzenstraße,100004165,Y2H16070301,8.4027153,49.0072864,(UTC+01:00) Europe/Paris DST,2013-02-25T23:00:00+01:00,9,16,na,25,-2.0,0.0,na
Eco Counter GmbH,Stadt Karlsruhe,752,Erbprinzenstraße,100004165,Y2H16070301,8.4027153,49.0072864,(UTC+01:00) Europe/Paris DST,2013-02-26T00:00:00+01:00,10,8,na,18,-3.0,0.0,na
Eco Counter GmbH,Stadt Karlsruhe,752,Erbprinzenstraße,100004165,Y2H16070301,8.4027153,49.0072864,(UTC+01:00) Europe/Paris DST,2013-02-26T01:00:00+01:00,5,10,na,15,-3.0,0.0,na
Eco Counter GmbH,Stadt Karlsruhe,752,Erbprinzenstraße,100004165,Y2H16070301,8.4027153,49.0072864,(UTC+01:00) Europe/Paris DST,2013-02-26T02:00:00+01:00,2,0,na,2,-3.0,0.0,na
Eco Counter GmbH,Stadt Karlsruhe,752,Erbprinzenstraße,100004165,Y2H16070301,8.4027153,49.0072864,(UTC+01:00) Europe/Paris DST,2013-02-26T03:00:00+01:00,18,8,na,26,-4.0,0.0,na
Eco Counter GmbH,Stadt Karlsruhe,752,Erbprinzenstraße,100004165,Y2H16070301,8.4027153,49.0072864,(UTC+01:00) Europe/Paris DST,2013-02-26T04:00:00+01:00,1,5,na,6,-4.0,0.0,na
Eco Counter GmbH,Stadt Karlsruhe,752,Erbprinzenstraße,100004165,Y2H16070301,8.4027153,49.0072864,(UTC+01:00) Europe/Paris DST,2013-02-26T05:00:00+01:00,8,9,na,17,-4.0,0.0,na
Eco Counter GmbH,Stadt Karlsruhe,752,Erbprinzenstraße,100004165,Y2H16070301,8.4027153,49.0072864,(UTC+01:00) Europe/Paris DST,2013-02-26T06:00:00+01:00,19,20,na,39,-4.0,0.0,na
Eco Counter GmbH,Stadt Karlsruhe,752,Erbprinzenstraße,100004165,Y2H16070301,8.4027153,49.0072864,(UTC+01:00) Europe/Paris DST,2013-02-26T07:00:00+01:00,58,98,na,156,-2.0,0.0,na
Eco Counter GmbH,Stadt Karlsruhe,752,Erbprinzenstraße,100004165,Y2H16070301,8.4027153,49.0072864,(UTC+01:00) Europe/Paris DST,2013-02-26T08:00:00+01:00,116,169,na,285,-2.0,0.0,na
Eco Counter GmbH,Stadt Karlsruhe,752,Erbprinzenstraße,100004165,Y2H16070301,8.4027153,49.0072864,(UTC+01:00) Europe/Paris DST,2013-02-26T09:00:00+01:00,94,125,na,219,0.0,0.0,na
Eco Counter GmbH,Stadt Karlsruhe,752,Erbprinzenstraße,100004165,Y2H16070301,8.4027153,49.0072864,(UTC+01:00) Europe/Paris DST,2013-02-26T10:00:00+01:00,66,97,na,163,1.0,0.0,na
Eco Counter GmbH,Stadt Karlsruhe,752,Erbprinzenstraße,100004165,Y2H16070301,8.4027153,49.0072864,(UTC+01:00) Europe/Paris DST,2013-02-26T11:00:00+01:00,73,92,na,165,2.0,0.0,na
Eco Counter GmbH,Stadt Karlsruhe,752,Erbprinzenstraße,100004165,Y2H16070301,8.4027153,49.0072864,(UTC+01:00) Europe/Paris DST,2013-02-26T12:00:00+01:00,92,140,na,232,2.0,0.0,na
Eco Counter GmbH,Stadt Karlsruhe,752,Erbprinzenstraße,100004165,Y2H16070301,8.4027153,49.0072864,(UTC+01:00) Europe/Paris DST,2013-02-26T13:00:00+01:00,83,115,na,198,3.0,0.0,na
Eco Counter GmbH,Stadt Karlsruhe,752,Erbprinzenstraße,100004165,Y2H16070301,8.4027153,49.0072864,(UTC+01:00) Europe/Paris DST,2013-02-26T14:00:00+01:00,96,96,na,192,4.0,0.2,na
Eco Counter GmbH,Stadt Karlsruhe,752,Erbprinzenstraße,100004165,Y2H16070301,8.4027153,49.0072864,(UTC+01:00) Europe/Paris DST,2013-02-26T15:00:00+01:00,81,97,na,178,4.0,0.2,na
Eco Counter GmbH,Stadt Karlsruhe,752,Erbprinzenstraße,100004165,Y2H16070301,8.4027153,49.0072864,(UTC+01:00) Europe/Paris DST,2013-02-26T16:00:00+01:00,96,101,na,197,4.0,0.2,na
Eco Counter GmbH,Stadt Karlsruhe,752,Erbprinzenstraße,100004165,Y2H16070301,8.4027153,49.0072864,(UTC+01:00) Europe/Paris DST,2013-02-26T17:00:00+01:00,113,121,na,234,3.0,0.3,na
Eco Counter GmbH,Stadt Karlsruhe,752,Erbprinzenstraße,100004165,Y2H16070301,8.4027153,49.0072864,(UTC+01:00) Europe/Paris DST,2013-02-26T18:00:00+01:00,89,116,na,205,3.0,0.5,na
Eco Counter GmbH,Stadt Karlsruhe,752,Erbprinzenstraße,100004165,Y2H16070301,8.4027153,49.0072864,(UTC+01:00) Europe/Paris DST,2013-02-26T19:00:00+01:00,75,88,na,163,3.0,0.4,na
Eco Counter GmbH,Stadt Karlsruhe,752,Erbprinzenstraße,100004165,Y2H16070301,8.4027153,49.0072864,(UTC+01:00) Europe/Paris DST,2013-02-26T20:00:00+01:00,40,50,na,90,2.0,0.0,na
Eco Counter GmbH,Stadt Karlsruhe,752,Erbprinzenstraße,100004165,Y2H16070301,8.4027153,49.0072864,(UTC+01:00) Europe/Paris DST,2013-02-26T21:00:00+01:00,29,39,na,68,2.0,0.0,na
Eco Counter GmbH,Stadt Karlsruhe,752,Erbprinzenstraße,100004165,Y2H16070301,8.4027153,49.0072864,(UTC+01:00) Europe/Paris DST,2013-02-26T22:00:00+01:00,18,20,na,38,1.0,0.0,na
Eco Counter GmbH,Stadt Karlsruhe,752,Erbprinzenstraße,100004165,Y2H16070301,8.4027153,49.0072864,(UTC+01:00) Europe/Paris DST,2013-02-26T23:00:00+01:00,10,20,na,30,1.0,0.0,na
Eco Counter GmbH,Stadt Karlsruhe,752,Erbprinzenstraße,100004165,Y2H16070301,8.4027153,49.0072864,(UTC+01:00) Europe/Paris DST,2013-02-27T00:00:00+01:00,6,10,na,16,1.0,0.0,na
Eco Counter GmbH,Stadt Karlsruhe,752,Erbprinzenstraße,100004165,Y2H16070301,8.4027153,49.0072864,(UTC+01:00) Europe/Paris DST,2013-02-27T01:00:00+01:00,2,3,na,5,1.0,0.0,na
Eco Counter GmbH,Stadt Karlsruhe,752,Erbprinzenstraße,100004165,Y2H16070301,8.4027153,49.0072864,(UTC+01:00) Europe/Paris DST,2013-02-27T02:00:00+01:00,1,1,na,2,0.0,0.0,na
Eco Counter GmbH,Stadt Karlsruhe,752,Erbprinzenstraße,100004165,Y2H16070301,8.4027153,49.0072864,(UTC+01:00) Europe/Paris DST,2013-02-27T03:00:00+01:00,13,3,na,16,0.0,0.0,na
Eco Counter GmbH,Stadt Karlsruhe,752,Erbprinzenstraße,100004165,Y2H16070301,8.4027153,49.0072864,(UTC+01:00) Europe/Paris DST,2013-02-27T04:00:00+01:00,6,9,na,15,0.0,0.0,na
Eco Counter GmbH,Stadt Karlsruhe,752,Erbprinzenstraße,100004165,Y2H16070301,8.4027153,49.0072864,(UTC+01:00) Europe/Paris DST,2013-02-27T05:00:00+01:00,14,16,na,30,0.0,0.0,na
Eco Counter GmbH,Stadt Karlsruhe,752,Erbprinzenstraße,100004165,Y2H16070301,8.4027153,49.0072864,(UTC+01:00) Europe/Paris DST,2013-02-27T06:00:00+01:00,20,27,na,47,0.0,0.0,na
Eco Counter GmbH,Stadt Karlsruhe,752,Erbprinzenstraße,100004165,Y2H16070301,8.4027153,49.0072864,(UTC+01:00) Europe/Paris DST,2013-02-27T07:00:00+01:00,56,94,na,150,1.0,0.0,na
Eco Counter GmbH,Stadt Karlsruhe,752,Erbprinzenstraße,100004165,Y2H16070301,8.4027153,49.0072864,(UTC+01:00) Europe/Paris DST,2013-02-27T08:00:00+01:00,109,132,na,241,1.0,0.0,na
Eco Counter GmbH,Stadt Karlsruhe,752,Erbprinzenstraße,100004165,Y2H16070301,8.4027153,49.0072864,(UTC+01:00) Europe/Paris DST,2013-02-27T09:00:00+01:00,125,75,na,200,2.0,0.0,na
Eco Counter GmbH,Stadt Karlsruhe,752,Erbprinzenstraße,100004165,Y2H16070301,8.4027153,49.0072864,(UTC+01:00) Europe/Paris DST,2013-02-27T10:00:00+01:00,81,99,na,180,2.0,0.0,na
Eco Counter GmbH,Stadt Karlsruhe,752,Erbprinzenstraße,100004165,Y2H16070301,8.4027153,49.0072864,(UTC+01:00) Europe/Paris DST,2013-02-27T11:00:00+01:00,87,103,na,190,3.0,0.0,na
Eco Counter GmbH,Stadt Karlsruhe,752,Erbprinzenstraße,100004165,Y2H16070301,8.4027153,49.0072864,(UTC+01:00) Europe/Paris DST,2013-02-27T12:00:00+01:00,113,131,na,244,3.0,0.0,na
Eco Counter GmbH,Stadt Karlsruhe,752,Erbprinzenstraße,100004165,Y2H16070301,8.4027153,49.0072864,(UTC+01:00) Europe/Paris DST,2013-02-27T13:00:00+01:00,102,129,na,231,3.0,0.0,na
Eco Counter GmbH,Stadt Karlsruhe,752,Erbprinzenstraße,100004165,Y2H16070301,8.4027153,49.0072864,(UTC+01:00) Europe/Paris DST,2013-02-27T14:00:00+01:00,82,105,na,187,3.0,0.0,na
Eco Counter GmbH,Stadt Karlsruhe,752,Erbprinzenstraße,100004165,Y2H16070301,8.4027153,49.0072864,(UTC+01:00) Europe/Paris DST,2013-02-27T15:00:00+01:00,100,105,na,205,3.0,0.0,na
Eco Counter GmbH,Stadt Karlsruhe,752,Erbprinzenstraße,100004165,Y2H16070301,8.4027153,49.0072864,(UTC+01:00) Europe/Paris DST,2013-02-27T16:00:00+01:00,134,149,na,283,3.0,0.0,na
Eco Counter GmbH,Stadt Karlsruhe,752,Erbprinzenstraße,100004165,Y2H16070301,8.4027153,49.0072864,(UTC+01:00) Europe/Paris DST,2013-02-27T17:00:00+01:00,138,197,na,335,3.0,0.0,na
Eco Counter GmbH,Stadt Karlsruhe,752,Erbprinzenstraße,100004165,Y2H16070301,8.4027153,49.0072864,(UTC+01:00) Europe/Paris DST,2013-02-27T18:00:00+01:00,121,173,na,294,3.0,0.0,na
Eco Counter GmbH,Stadt Karlsruhe,752,Erbprinzenstraße,100004165,Y2H16070301,8.4027153,49.0072864,(UTC+01:00) Europe/Paris DST,2013-02-27T19:00:00+01:00,108,144,na,252,2.0,0.0,na
Eco Counter GmbH,Stadt Karlsruhe,752,Erbprinzenstraße,100004165,Y2H16070301,8.4027153,49.0072864,(UTC+01:00) Europe/Paris DST,2013-02-27T20:00:00+01:00,47,98,na,145,1.0,0.0,na
Eco Counter GmbH,Stadt Karlsruhe,752,Erbprinzenstraße,100004165,Y2H16070301,8.4027153,49.0072864,(UTC+01:00) Europe/Paris DST,2013-02-27T21:00:00+01:00,29,52,na,81,1.0,0.0,na
Eco Counter GmbH,Stadt Karlsruhe,752,Erbprinzenstraße,100004165,Y2H16070301,8.4027153,49.0072864,(UTC+01:00) Europe/Paris DST,2013-02-27T22:00:00+01:00,42,45,na,87,0.0,0.0,na
Eco Counter GmbH,Stadt Karlsruhe,752,Erbprinzenstraße,100004165,Y2H16070301,8.4027153,49.0072864,(UTC+01:00) Europe/Paris DST,2013-02-27T23:00:00+01:00,26,24,na,50,0.0,0.0,na
Eco Counter GmbH,Stadt Karlsruhe,752,Erbprinzenstraße,100004165,Y2H16070301,8.4027153,49.0072864,(UTC+01:00) Europe/Paris DST,2013-02-28T00:00:00+01:00,12,19,na,31,0.0,0.0,na
Eco Counter GmbH,Stadt Karlsruhe,752,Erbprinzenstraße,100004165,Y2H16070301,8.4027153,49.0072864,(UTC+01:00) Europe/Paris DST,2013-02-28T01:00:00+01:00,2,5,na,7,0.0,0.0,na
Eco Counter GmbH,Stadt Karlsruhe,752,Erbprinzenstraße,100004165,Y2H16070301,8.4027153,49.0072864,(UTC+01:00) Europe/Paris DST,2013-02-28T02:00:00+01:00,5,3,na,8,0.0,0.0,na
Eco Counter GmbH,Stadt Karlsruhe,752,Erbprinzenstraße,100004165,Y2H16070301,8.4027153,49.0072864,(UTC+01:00) Europe/Paris DST,2013-02-28T03:00:00+01:00,6,3,na,9,0.0,0.0,na
Eco Counter GmbH,Stadt Karlsruhe,752,Erbprinzenstraße,100004165,Y2H16070301,8.4027153,49.0072864,(UTC+01:00) Europe/Paris DST,2013-02-28T04:00:00+01:00,1,6,na,7,1.0,0.0,na
Eco Counter GmbH,Stadt Karlsruhe,752,Erbprinzenstraße,100004165,Y2H16070301,8.4027153,49.0072864,(UTC+01:00) Europe/Paris DST,2013-02-28T05:00:00+01:00,25,24,na,49,1.0,0.0,na
Eco Counter GmbH,Stadt Karlsruhe,752,Erbprinzenstraße,100004165,Y2H16070301,8.4027153,49.0072864,(UTC+01:00) Europe/Paris DST,2013-02-28T06:00:00+01:00,25,16,na,41,1.0,0.0,na
Eco Counter GmbH,Stadt Karlsruhe,752,Erbprinzenstraße,100004165,Y2H16070301,8.4027153,49.0072864,(UTC+01:00) Europe/Paris DST,2013-02-28T07:00:00+01:00,81,110,na,191,1.0,0.0,na
Eco Counter GmbH,Stadt Karlsruhe,752,Erbprinzenstraße,100004165,Y2H16070301,8.4027153,49.0072864,(UTC+01:00) Europe/Paris DST,2013-02-28T08:00:00+01:00,89,127,na,216,2.0,0.0,na
Eco Counter GmbH,Stadt Karlsruhe,752,Erbprinzenstraße,100004165,Y2H16070301,8.4027153,49.0072864,(UTC+01:00) Europe/Paris DST,2013-02-28T09:00:00+01:00,110,116,na,226,3.0,0.0,na
Eco Counter GmbH,Stadt Karlsruhe,752,Erbprinzenstraße,100004165,Y2H16070301,8.4027153,49.0072864,(UTC+01:00) Europe/Paris DST,2013-02-28T10:00:00+01:00,64,105,na,169,4.0,0.0,na
Eco Counter GmbH,Stadt Karlsruhe,752,Erbprinzenstraße,100004165,Y2H16070301,8.4027153,49.0072864,(UTC+01:00) Europe/Paris DST,2013-02-28T11:00:00+01:00,89,107,na,196,5.0,0.0,na
Eco Counter GmbH,Stadt Karlsruhe,752,Erbprinzenstraße,100004165,Y2H16070301,8.4027153,49.0072864,(UTC+01:00) Europe/Paris DST,2013-02-28T12:00:00+01:00,90,117,na,207,5.0,0.0,na
Eco Counter GmbH,Stadt Karlsruhe,752,Erbprinzenstraße,100004165,Y2H16070301,8.4027153,49.0072864,(UTC+01:00) Europe/Paris DST,2013-02-28T13:00:00+01:00,117,132,na,249,5.0,0.0,na
Eco Counter GmbH,Stadt Karlsruhe,752,Erbprinzenstraße,100004165,Y2H16070301,8.4027153,49.0072864,(UTC+01:00) Europe/Paris DST,2013-02-28T14:00:00+01:00,94,117,na,211,5.0,0.0,na
Eco Counter GmbH,Stadt Karlsruhe,752,Erbprinzenstraße,100004165,Y2H16070301,8.4027153,49.0072864,(UTC+01:00) Europe/Paris DST,2013-02-28T15:00:00+01:00,120,137,na,257,5.0,0.0,na
Eco Counter GmbH,Stadt Karlsruhe,752,Erbprinzenstraße,100004165,Y2H16070301,8.4027153,49.0072864,(UTC+01:00) Europe/Paris DST,2013-02-28T16:00:00+01:00,140,153,na,293,5.0,0.0,na
Eco Counter GmbH,Stadt Karlsruhe,752,Erbprinzenstraße,100004165,Y2H16070301,8.4027153,49.0072864,(UTC+01:00) Europe/Paris DST,2013-02-28T17:00:00+01:00,158,172,na,330,4.0,0.0,na
Eco Counter GmbH,Stadt Karlsruhe,752,Erbprinzenstraße,100004165,Y2H16070301,8.4027153,49.0072864,(UTC+01:00) Europe/Paris DST,2013-02-28T18:00:00+01:00,141,179,na,320,3.0,0.0,na
Eco Counter GmbH,Stadt Karlsruhe,752,Erbprinzenstraße,100004165,Y2H16070301,8.4027153,49.0072864,(UTC+01:00) Europe/Paris DST,2013-02-28T19:00:00+01:00,87,151,na,238,2.0,0.0,na
Eco Counter GmbH,Stadt Karlsruhe,752,Erbprinzenstraße,100004165,Y2H16070301,8.4027153,49.0072864,(UTC+01:00) Europe/Paris DST,2013-02-28T20:00:00+01:00,59,87,na,146,2.0,0.0,na
Eco Counter GmbH,Stadt Karlsruhe,752,Erbprinzenstraße,100004165,Y2H16070301,8.4027153,49.0072864,(UTC+01:00) Europe/Paris DST,2013-02-28T21:00:00+01:00,40,59,na,99,1.0,0.0,na
Eco Counter GmbH,Stadt Karlsruhe,752,Erbprinzenstraße,100004165,Y2H16070301,8.4027153,49.0072864,(UTC+01:00) Europe/Paris DST,2013-02-28T22:00:00+01:00,45,51,na,96,1.0,0.0,na
Eco Counter GmbH,Stadt Freiburg,751,Wiwilibrücke,100004595,YTH23035971,7.8407526,47.995213,(UTC+01:00) Europe/Paris DST,2013-02-01T00:00:00+01:00,na,na,105,105,na,na,na
Eco Counter GmbH,Stadt Freiburg,751,Wiwilibrücke,100004595,YTH23035971,7.8407526,47.995213,(UTC+01:00) Europe/Paris DST,2013-02-01T01:00:00+01:00,na,na,54,54,na,na,na
Eco Counter GmbH,Stadt Freiburg,751,Wiwilibrücke,100004595,YTH23035971,7.8407526,47.995213,(UTC+01:00) Europe/Paris DST,2013-02-01T02:00:00+01:00,na,na,36,36,na,na,na
Eco Counter GmbH,Stadt Freiburg,751,Wiwilibrücke,100004595,YTH23035971,7.8407526,47.995213,(UTC+01:00) Europe/Paris DST,2013-02-01T03:00:00+01:00,na,na,10,10,na,na,na
Eco Counter GmbH,Stadt Freiburg,751,Wiwilibrücke,100004595,YTH23035971,7.8407526,47.995213,(UTC+01:00) Europe/Paris DST,2013-02-01T04:00:00+01:00,na,na,13,13,na,na,na
Eco Counter GmbH,Stadt Freiburg,751,Wiwilibrücke,100004595,YTH23035971,7.8407526,47.995213,(UTC+01:00) Europe/Paris DST,2013-02-01T05:00:00+01:00,na,na,24,24,na,na,na
Eco Counter GmbH,Stadt Freiburg,751,Wiwilibrücke,100004595,YTH23035971,7.8407526,47.995213,(UTC+01:00) Europe/Paris DST,2013-02-01T06:00:00+01:00,na,na,78,78,na,na,na
Eco Counter GmbH,Stadt Freiburg,751,Wiwilibrücke,100004595,YTH23035971,7.8407526,47.995213,(UTC+01:00) Europe/Paris DST,2013-02-01T07:00:00+01:00,na,na,289,289,na,na,na
Eco Counter GmbH,Stadt Freiburg,751,Wiwilibrücke,100004595,YTH23035971,7.8407526,47.995213,(UTC+01:00) Europe/Paris DST,2013-02-01T08:00:00+01:00,na,na,417,417,na,na,na
Eco Counter GmbH,Stadt Freiburg,751,Wiwilibrücke,100004595,YTH23035971,7.8407526,47.995213,(UTC+01:00) Europe/Paris DST,2013-02-01T09:00:00+01:00,na,na,286,286,na,na,na
Eco Counter GmbH,Stadt Freiburg,751,Wiwilibrücke,100004595,YTH23035971,7.8407526,47.995213,(UTC+01:00) Europe/Paris DST,2013-02-01T10:00:00+01:00,na,na,295,295,na,na,na
Eco Counter GmbH,Stadt Freiburg,751,Wiwilibrücke,100004595,YTH23035971,7.8407526,47.995213,(UTC+01:00) Europe/Paris DST,2013-02-01T11:00:00+01:00,na,na,278,278,na,na,na
Eco Counter GmbH,Stadt Freiburg,751,Wiwilibrücke,100004595,YTH23035971,7.8407526,47.995213,(UTC+01:00) Europe/Paris DST,2013-02-01T12:00:00+01:00,na,na,387,387,na,na,na
Eco Counter GmbH,Stadt Freiburg,751,Wiwilibrücke,100004595,YTH23035971,7.8407526,47.995213,(UTC+01:00) Europe/Paris DST,2013-02-01T13:00:00+01:00,na,na,422,422,na,na,na
Eco Counter GmbH,Stadt Freiburg,751,Wiwilibrücke,100004595,YTH23035971,7.8407526,47.995213,(UTC+01:00) Europe/Paris DST,2013-02-01T14:00:00+01:00,na,na,384,384,na,na,na
Eco Counter GmbH,Stadt Freiburg,751,Wiwilibrücke,100004595,YTH23035971,7.8407526,47.995213,(UTC+01:00) Europe/Paris DST,2013-02-01T15:00:00+01:00,na,na,320,320,na,na,na
Eco Counter GmbH,Stadt Freiburg,751,Wiwilibrücke,100004595,YTH23035971,7.8407526,47.995213,(UTC+01:00) Europe/Paris DST,2013-02-01T16:00:00+01:00,na,na,371,371,na,na,na
Eco Counter GmbH,Stadt Freiburg,751,Wiwilibrücke,100004595,YTH23035971,7.8407526,47.995213,(UTC+01:00) Europe/Paris DST,2013-02-01T17:00:00+01:00,na,na,350,350,na,na,na
Eco Counter GmbH,Stadt Freiburg,751,Wiwilibrücke,100004595,YTH23035971,7.8407526,47.995213,(UTC+01:00) Europe/Paris DST,2013-02-01T18:00:00+01:00,na,na,370,370,na,na,na
Eco Counter GmbH,Stadt Freiburg,751,Wiwilibrücke,100004595,YTH23035971,7.8407526,47.995213,(UTC+01:00) Europe/Paris DST,2013-02-01T19:00:00+01:00,na,na,306,306,na,na,na
Eco Counter GmbH,Stadt Freiburg,751,Wiwilibrücke,100004595,YTH23035971,7.8407526,47.995213,(UTC+01:00) Europe/Paris DST,2013-02-01T20:00:00+01:00,na,na,203,203,na,na,na
Eco Counter GmbH,Stadt Freiburg,751,Wiwilibrücke,100004595,YTH23035971,7.8407526,47.995213,(UTC+01:00) Europe/Paris DST,2013-02-01T21:00:00+01:00,na,na,148,148,na,na,na
Eco Counter GmbH,Stadt Freiburg,751,Wiwilibrücke,100004595,YTH23035971,7.8407526,47.995213,(UTC+01:00) Europe/Paris DST,2013-02-01T22:00:00+01:00,na,na,152,152,na,na,na
Eco Counter GmbH,Stadt Freiburg,751,Wiwilibrücke,100004595,YTH23035971,7.8407526,47.995213,(UTC+01:00) Europe/Paris DST,2013-02-01T23:00:00+01:00,na,na,122,122,na,na,na
Eco Counter GmbH,Stadt Freiburg,751,Wiwilibrücke,100004595,YTH23035971,7.8407526,47.995213,(UTC+01:00) Europe/Paris DST,2013-02-02T00:00:00+01:00,na,na,143,143,na,na,na
Eco Counter GmbH,Stadt Freiburg,751,Wiwilibrücke,100004595,YTH23035971,7.8407526,47.995213,(UTC+01:00) Europe/Paris DST,2013-02-02T01:00:00+01:00,na,na,103,103,na,na,na
Eco Counter GmbH,Stadt Freiburg,751,Wiwilibrücke,100004595,YTH23035971,7.8407526,47.995213,(UTC+01:00) Europe/Paris DST,2013-02-02T02:00:00+01:00,na,na,61,61,na,na,na
Eco Counter GmbH,Stadt Freiburg,751,Wiwilibrücke,100004595,YTH23035971,7.8407526,47.995213,(UTC+01:00) Europe/Paris DST,2013-02-02T03:00:00+01:00,na,na,45,45,na,na,na
Eco Counter GmbH,Stadt Freiburg,751,Wiwilibrücke,100004595,YTH23035971,7.8407526,47.995213,(UTC+01:00) Europe/Paris DST,2013-02-02T04:00:00+01:00,na,na,32,32,na,na,na
Eco Counter GmbH,Stadt Freiburg,751,Wiwilibrücke,100004595,YTH23035971,7.8407526,47.995213,(UTC+01:00) Europe/Paris DST,2013-02-02T05:00:00+01:00,na,na,28,28,na,na,na
Eco Counter GmbH,Stadt Freiburg,751,Wiwilibrücke,100004595,YTH23035971,7.8407526,47.995213,(UTC+01:00) Europe/Paris DST,2013-02-02T06:00:00+01:00,na,na,28,28,na,na,na
Eco Counter GmbH,Stadt Freiburg,751,Wiwilibrücke,100004595,YTH23035971,7.8407526,47.995213,(UTC+01:00) Europe/Paris DST,2013-02-02T07:00:00+01:00,na,na,30,30,na,na,na
Eco Counter GmbH,Stadt Freiburg,751,Wiwilibrücke,100004595,YTH23035971,7.8407526,47.995213,(UTC+01:00) Europe/Paris DST,2013-02-02T08:00:00+01:00,na,na,76,76,na,na,na
Eco Counter GmbH,Stadt Freiburg,751,Wiwilibrücke,100004595,YTH23035971,7.8407526,47.995213,(UTC+01:00) Europe/Paris DST,2013-02-02T09:00:00+01:00,na,na,179,179,na,na,na
Eco Counter GmbH,Stadt Freiburg,751,Wiwilibrücke,100004595,YTH23035971,7.8407526,47.995213,(UTC+01:00) Europe/Paris DST,2013-02-02T10:00:00+01:00,na,na,257,257,na,na,na
Eco Counter GmbH,Stadt Freiburg,751,Wiwilibrücke,100004595,YTH23035971,7.8407526,47.995213,(UTC+01:00) Europe/Paris DST,2013-02-02T11:00:00+01:00,na,na,323,323,na,na,na
Eco Counter GmbH,Stadt Freiburg,751,Wiwilibrücke,100004595,YTH23035971,7.8407526,47.995213,(UTC+01:00) Europe/Paris DST,2013-02-02T12:00:00+01:00,na,na,329,329,na,na,na
Eco Counter GmbH,Stadt Freiburg,751,Wiwilibrücke,100004595,YTH23035971,7.8407526,47.995213,(UTC+01:00) Europe/Paris DST,2013-02-02T13:00:00+01:00,na,na,410,410,na,na,na
Eco Counter GmbH,Stadt Freiburg,751,Wiwilibrücke,100004595,YTH23035971,7.8407526,47.995213,(UTC+01:00) Europe/Paris DST,2013-02-02T14:00:00+01:00,na,na,392,392,na,na,na
Eco Counter GmbH,Stadt Freiburg,751,Wiwilibrücke,100004595,YTH23035971,7.8407526,47.995213,(UTC+01:00) Europe/Paris DST,2013-02-02T15:00:00+01:00,na,na,375,375,na,na,na
Eco Counter GmbH,Stadt Freiburg,751,Wiwilibrücke,100004595,YTH23035971,7.8407526,47.995213,(UTC+01:00) Europe/Paris DST,2013-02-02T16:00:00+01:00,na,na,316,316,na,na,na
Eco Counter GmbH,Stadt Freiburg,751,Wiwilibrücke,100004595,YTH23035971,7.8407526,47.995213,(UTC+01:00) Europe/Paris DST,2013-02-02T17:00:00+01:00,na,na,260,260,na,na,na
Eco Counter GmbH,Stadt Freiburg,751,Wiwilibrücke,100004595,YTH23035971,7.8407526,47.995213,(UTC+01:00) Europe/Paris DST,2013-02-02T18:00:00+01:00,na,na,258,258,na,na,na
Eco Counter GmbH,Stadt Freiburg,751,Wiwilibrücke,100004595,YTH23035971,7.8407526,47.995213,(UTC+01:00) Europe/Paris DST,2013-02-02T19:00:00+01:00,na,na,194,194,na,na,na
Eco Counter GmbH,Stadt Freiburg,751,Wiwilibrücke,100004595,YTH23035971,7.8407526,47.995213,(UTC+01:00) Europe/Paris DST,2013-02-02T20:00:00+01:00,na,na,208,208,na,na,na
Eco Counter GmbH,Stadt Freiburg,751,Wiwilibrücke,100004595,YTH23035971,7.8407526,47.995213,(UTC+01:00) Europe/Paris DST,2013-02-02T21:00:00+01:00,na,na,128,128,na,na,na
Eco Counter GmbH,Stadt Freiburg,751,Wiwilibrücke,100004595,YTH23035971,7.8407526,47.995213,(UTC+01:00) Europe/Paris DST,2013-02-02T22:00:00+01:00,na,na,160,160,na,na,na
Eco Counter GmbH,Stadt Freiburg,751,Wiwilibrücke,100004595,YTH23035971,7.8407526,47.995213,(UTC+01:00) Europe/Paris DST,2013-02-02T23:00:00+01:00,na,na,121,121,na,na,na
Eco Counter GmbH,Stadt Freiburg,751,Wiwilibrücke,100004595,YTH23035971,7.8407526,47.995213,(UTC+01:00) Europe/Paris DST,2013-02-03T00:00:00+01:00,na,na,138,138,na,na,na
Eco Counter GmbH,Stadt Freiburg,751,Wiwilibrücke,100004595,YTH23035971,7.8407526,47.995213,(UTC+01:00) Europe/Paris DST,2013-02-03T01:00:00+01:00,na,na,130,130,na,na,na
Eco Counter GmbH,Stadt Freiburg,751,Wiwilibrücke,100004595,YTH23035971,7.8407526,47.995213,(UTC+01:00) Europe/Paris DST,2013-02-03T02:00:00+01:00,na,na,127,127,na,na,na
Eco Counter GmbH,Stadt Freiburg,751,Wiwilibrücke,100004595,YTH23035971,7.8407526,47.995213,(UTC+01:00) Europe/Paris DST,2013-02-03T03:00:00+01:00,na,na,59,59,na,na,na
Eco Counter GmbH,Stadt Freiburg,751,Wiwilibrücke,100004595,YTH23035971,7.8407526,47.995213,(UTC+01:00) Europe/Paris DST,2013-02-03T04:00:00+01:00,na,na,50,50,na,na,na
Eco Counter GmbH,Stadt Freiburg,751,Wiwilibrücke,100004595,YTH23035971,7.8407526,47.995213,(UTC+01:00) Europe/Paris DST,2013-02-03T05:00:00+01:00,na,na,30,30,na,na,na
Eco Counter GmbH,Stadt Freiburg,751,Wiwilibrücke,100004595,YTH23035971,7.8407526,47.995213,(UTC+01:00) Europe/Paris DST,2013-02-03T06:00:00+01:00,na,na,21,21,na,na,na
Eco Counter GmbH,Stadt Freiburg,751,Wiwilibrücke,100004595,YTH23035971,7.8407526,47.995213,(UTC+01:00) Europe/Paris DST,2013-02-03T07:00:00+01:00,na,na,20,20,na,na,na
Eco Counter GmbH,Stadt Freiburg,751,Wiwilibrücke,100004595,YTH23035971,7.8407526,47.995213,(UTC+01:00) Europe/Paris DST,2013-02-03T08:00:00+01:00,na,na,31,31,na,na,na
Eco Counter GmbH,Stadt Freiburg,751,Wiwilibrücke,100004595,YTH23035971,7.8407526,47.995213,(UTC+01:00) Europe/Paris DST,2013-02-03T09:00:00+01:00,na,na,81,81,na,na,na
Eco Counter GmbH,Stadt Freiburg,751,Wiwilibrücke,100004595,YTH23035971,7.8407526,47.995213,(UTC+01:00) Europe/Paris DST,2013-02-03T10:00:00+01:00,na,na,101,101,na,na,na
Eco Counter GmbH,Stadt Freiburg,751,Wiwilibrücke,100004595,YTH23035971,7.8407526,47.995213,(UTC+01:00) Europe/Paris DST,2013-02-03T11:00:00+01:00,na,na,184,184,na,na,na
Eco Counter GmbH,Stadt Freiburg,751,Wiwilibrücke,100004595,YTH23035971,7.8407526,47.995213,(UTC+01:00) Europe/Paris DST,2013-02-03T12:00:00+01:00,na,na,132,132,na,na,na
Eco Counter GmbH,Stadt Freiburg,751,Wiwilibrücke,100004595,YTH23035971,7.8407526,47.995213,(UTC+01:00) Europe/Paris DST,2013-02-03T13:00:00+01:00,na,na,174,174,na,na,na
Eco Counter GmbH,Stadt Freiburg,751,Wiwilibrücke,100004595,YTH23035971,7.8407526,47.995213,(UTC+01:00) Europe/Paris DST,2013-02-03T14:00:00+01:00,na,na,272,272,na,na,na
Eco Counter GmbH,Stadt Freiburg,751,Wiwilibrücke,100004595,YTH23035971,7.8407526,47.995213,(UTC+01:00) Europe/Paris DST,2013-02-03T15:00:00+01:00,na,na,215,215,na,na,na
Eco Counter GmbH,Stadt Freiburg,751,Wiwilibrücke,100004595,YTH23035971,7.8407526,47.995213,(UTC+01:00) Europe/Paris DST,2013-02-03T16:00:00+01:00,na,na,198,198,na,na,na
Eco Counter GmbH,Stadt Freiburg,751,Wiwilibrücke,100004595,YTH23035971,7.8407526,47.995213,(UTC+01:00) Europe/Paris DST,2013-02-03T17:00:00+01:00,na,na,255,255,na,na,na
Eco Counter GmbH,Stadt Freiburg,751,Wiwilibrücke,100004595,YTH23035971,7.8407526,47.995213,(UTC+01:00) Europe/Paris DST,2013-02-03T18:00:00+01:00,na,na,192,192,na,na,na
Eco Counter GmbH,Stadt Freiburg,751,Wiwilibrücke,100004595,YTH23035971,7.8407526,47.995213,(UTC+01:00) Europe/Paris DST,2013-02-03T19:00:00+01:00,na,na,210,210,na,na,na
Eco Counter GmbH,Stadt Freiburg,751,Wiwilibrücke,100004595,YTH23035971,7.8407526,47.995213,(UTC+01:00) Europe/Paris DST,2013-02-03T20:00:00+01:00,na,na,130,130,na,na,na
Eco Counter GmbH,Stadt Freiburg,751,Wiwilibrücke,100004595,YTH23035971,7.8407526,47.995213,(UTC+01:00) Europe/Paris DST,2013-02-03T21:00:00+01:00,na,na,95,95,na,na,na
Eco Counter GmbH,Stadt Freiburg,751,Wiwilibrücke,100004595,YTH23035971,7.8407526,47.995213,(UTC+01:00) Europe/Paris DST,2013-02-03T22:00:00+01:00,na,na,125,125,na,na,na
Eco Counter GmbH,Stadt Freiburg,751,Wiwilibrücke,100004595,YTH23035971,7.8407526,47.995213,(UTC+01:00) Europe/Paris DST,2013-02-03T23:00:00+01:00,na,na,96,96,na,na,na
Eco Counter GmbH,Stadt Freiburg,751,Wiwilibrücke,100004595,YTH23035971,7.8407526,47.995213,(UTC+01:00) Europe/Paris DST,2013-02-04T00:00:00+01:00,na,na,35,35,na,na,na
Eco Counter GmbH,Stadt Freiburg,751,Wiwilibrücke,100004595,YTH23035971,7.8407526,47.995213,(UTC+01:00) Europe/Paris DST,2013-02-04T01:00:00+01:00,na,na,22,22,na,na,na
Eco Counter GmbH,Stadt Freiburg,751,Wiwilibrücke,100004595,YTH23035971,7.8407526,47.995213,(UTC+01:00) Europe/Paris DST,2013-02-04T02:00:00+01:00,na,na,12,12,na,na,na
Eco Counter GmbH,Stadt Freiburg,751,Wiwilibrücke,100004595,YTH23035971,7.8407526,47.995213,(UTC+01:00) Europe/Paris DST,2013-02-04T03:00:00+01:00,na,na,7,7,na,na,na
Eco Counter GmbH,Stadt Freiburg,751,Wiwilibrücke,100004595,YTH23035971,7.8407526,47.995213,(UTC+01:00) Europe/Paris DST,2013-02-04T04:00:00+01:00,na,na,11,11,na,na,na
Eco Counter GmbH,Stadt Freiburg,751,Wiwilibrücke,100004595,YTH23035971,7.8407526,47.995213,(UTC+01:00) Europe/Paris DST,2013-02-04T05:00:00+01:00,na,na,30,30,na,na,na
Eco Counter GmbH,Stadt Freiburg,751,Wiwilibrücke,100004595,YTH23035971,7.8407526,47.995213,(UTC+01:00) Europe/Paris DST,2013-02-04T06:00:00+01:00,na,na,73,73,na,na,na
Eco Counter GmbH,Stadt Freiburg,751,Wiwilibrücke,100004595,YTH23035971,7.8407526,47.995213,(UTC+01:00) Europe/Paris DST,2013-02-04T07:00:00+01:00,na,na,304,304,na,na,na
Eco Counter GmbH,Stadt Freiburg,751,Wiwilibrücke,100004595,YTH23035971,7.8407526,47.995213,(UTC+01:00) Europe/Paris DST,2013-02-04T08:00:00+01:00,na,na,446,446,na,na,na
Eco Counter GmbH,Stadt Freiburg,751,Wiwilibrücke,100004595,YTH23035971,7.8407526,47.995213,(UTC+01:00) Europe/Paris DST,2013-02-04T09:00:00+01:00,na,na,358,358,na,na,na
Eco Counter GmbH,Stadt Freiburg,751,Wiwilibrücke,100004595,YTH23035971,7.8407526,47.995213,(UTC+01:00) Europe/Paris DST,2013-02-04T10:00:00+01:00,na,na,286,286,na,na,na
Eco Counter GmbH,Stadt Freiburg,751,Wiwilibrücke,100004595,YTH23035971,7.8407526,47.995213,(UTC+01:00) Europe/Paris DST,2013-02-04T11:00:00+01:00,na,na,242,242,na,na,na
Eco Counter GmbH,Stadt Freiburg,751,Wiwilibrücke,100004595,YTH23035971,7.8407526,47.995213,(UTC+01:00) Europe/Paris DST,2013-02-04T12:00:00+01:00,na,na,358,358,na,na,na
Eco Counter GmbH,Stadt Freiburg,751,Wiwilibrücke,100004595,YTH23035971,7.8407526,47.995213,(UTC+01:00) Europe/Paris DST,2013-02-04T13:00:00+01:00,na,na,395,395,na,na,na
Eco Counter GmbH,Stadt Freiburg,751,Wiwilibrücke,100004595,YTH23035971,7.8407526,47.995213,(UTC+01:00) Europe/Paris DST,2013-02-04T14:00:00+01:00,na,na,323,323,na,na,na
Eco Counter GmbH,Stadt Freiburg,751,Wiwilibrücke,100004595,YTH23035971,7.8407526,47.995213,(UTC+01:00) Europe/Paris DST,2013-02-04T15:00:00+01:00,na,na,312,312,na,na,na
Eco Counter GmbH,Stadt Freiburg,751,Wiwilibrücke,100004595,YTH23035971,7.8407526,47.995213,(UTC+01:00) Europe/Paris DST,2013-02-04T16:00:00+01:00,na,na,404,404,na,na,na
Eco Counter GmbH,Stadt Freiburg,751,Wiwilibrücke,100004595,YTH23035971,7.8407526,47.995213,(UTC+01:00) Europe/Paris DST,2013-02-04T17:00:00+01:00,na,na,442,442,na,na,na
Eco Counter GmbH,Stadt Freiburg,751,Wiwilibrücke,100004595,YTH23035971,7.8407526,47.995213,(UTC+01:00) Europe/Paris DST,2013-02-04T18:00:00+01:00,na,na,490,490,na,na,na
Eco Counter GmbH,Stadt Freiburg,751,Wiwilibrücke,100004595,YTH23035971,7.8407526,47.995213,(UTC+01:00) Europe/Paris DST,2013-02-04T19:00:00+01:00,na,na,380,380,na,na,na
Eco Counter GmbH,Stadt Freiburg,751,Wiwilibrücke,100004595,YTH23035971,7.8407526,47.995213,(UTC+01:00) Europe/Paris DST,2013-02-04T20:00:00+01:00,na,na,300,300,na,na,na
Eco Counter GmbH,Stadt Freiburg,751,Wiwilibrücke,100004595,YTH23035971,7.8407526,47.995213,(UTC+01:00) Europe/Paris DST,2013-02-04T21:00:00+01:00,na,na,193,193,na,na,na
Eco Counter GmbH,Stadt Freiburg,751,Wiwilibrücke,100004595,YTH23035971,7.8407526,47.995213,(UTC+01:00) Europe/Paris DST,2013-02-04T22:00:00+01:00,na,na,155,155,na,na,na
Eco Counter GmbH,Stadt Freiburg,751,Wiwilibrücke,100004595,YTH23035971,7.8407526,47.995213,(UTC+01:00) Europe/Paris DST,2013-02-04T23:00:00+01:00,na,na,118,118,na,na,na
Eco Counter GmbH,Stadt Freiburg,751,Wiwilibrücke,100004595,YTH23035971,7.8407526,47.995213,(UTC+01:00) Europe/Paris DST,2013-02-05T00:00:00+01:00,na,na,60,60,na,na,na
Eco Counter GmbH,Stadt Freiburg,751,Wiwilibrücke,100004595,YTH23035971,7.8407526,47.995213,(UTC+01:00) Europe/Paris DST,2013-02-05T01:00:00+01:00,na,na,35,35,na,na,na
Eco Counter GmbH,Stadt Freiburg,751,Wiwilibrücke,100004595,YTH23035971,7.8407526,47.995213,(UTC+01:00) Europe/Paris DST,2013-02-05T02:00:00+01:00,na,na,18,18,na,na,na
Eco Counter GmbH,Stadt Freiburg,751,Wiwilibrücke,100004595,YTH23035971,7.8407526,47.995213,(UTC+01:00) Europe/Paris DST,2013-02-05T03:00:00+01:00,na,na,15,15,na,na,na
Eco Counter GmbH,Stadt Freiburg,751,Wiwilibrücke,100004595,YTH23035971,7.8407526,47.995213,(UTC+01:00) Europe/Paris DST,2013-02-05T04:00:00+01:00,na,na,3,3,na,na,na
Eco Counter GmbH,Stadt Freiburg,751,Wiwilibrücke,100004595,YTH23035971,7.8407526,47.995213,(UTC+01:00) Europe/Paris DST,2013-02-05T05:00:00+01:00,na,na,20,20,na,na,na
Eco Counter GmbH,Stadt Freiburg,751,Wiwilibrücke,100004595,YTH23035971,7.8407526,47.995213,(UTC+01:00) Europe/Paris DST,2013-02-05T06:00:00+01:00,na,na,81,81,na,na,na
Eco Counter GmbH,Stadt Freiburg,751,Wiwilibrücke,100004595,YTH23035971,7.8407526,47.995213,(UTC+01:00) Europe/Paris DST,2013-02-05T07:00:00+01:00,na,na,333,333,na,na,na
Eco Counter GmbH,Stadt Freiburg,751,Wiwilibrücke,100004595,YTH23035971,7.8407526,47.995213,(UTC+01:00) Europe/Paris DST,2013-02-05T08:00:00+01:00,na,na,525,525,na,na,na
Eco Counter GmbH,Stadt Freiburg,751,Wiwilibrücke,100004595,YTH23035971,7.8407526,47.995213,(UTC+01:00) Europe/Paris DST,2013-02-05T09:00:00+01:00,na,na,402,402,na,na,na
Eco Counter GmbH,Stadt Freiburg,751,Wiwilibrücke,100004595,YTH23035971,7.8407526,47.995213,(UTC+01:00) Europe/Paris DST,2013-02-05T10:00:00+01:00,na,na,313,313,na,na,na
Eco Counter GmbH,Stadt Freiburg,751,Wiwilibrücke,100004595,YTH23035971,7.8407526,47.995213,(UTC+01:00) Europe/Paris DST,2013-02-05T11:00:00+01:00,na,na,302,302,na,na,na
Eco Counter GmbH,Stadt Freiburg,751,Wiwilibrücke,100004595,YTH23035971,7.8407526,47.995213,(UTC+01:00) Europe/Paris DST,2013-02-05T12:00:00+01:00,na,na,341,341,na,na,na
Eco Counter GmbH,Stadt Freiburg,751,Wiwilibrücke,100004595,YTH23035971,7.8407526,47.995213,(UTC+01:00) Europe/Paris DST,2013-02-05T13:00:00+01:00,na,na,387,387,na,na,na
Eco Counter GmbH,Stadt Freiburg,751,Wiwilibrücke,100004595,YTH23035971,7.8407526,47.995213,(UTC+01:00) Europe/Paris DST,2013-02-05T14:00:00+01:00,na,na,272,272,na,na,na
Eco Counter GmbH,Stadt Freiburg,751,Wiwilibrücke,100004595,YTH23035971,7.8407526,47.995213,(UTC+01:00) Europe/Paris DST,2013-02-05T15:00:00+01:00,na,na,228,228,na,na,na
Eco Counter GmbH,Stadt Freiburg,751,Wiwilibrücke,100004595,YTH23035971,7.8407526,47.995213,(UTC+01:00) Europe/Paris DST,2013-02-05T16:00:00+01:00,na,na,315,315,na,na,na
Eco Counter GmbH,Stadt Freiburg,751,Wiwilibrücke,100004595,YTH23035971,7.8407526,47.995213,(UTC+01:00) Europe/Paris DST,2013-02-05T17:00:00+01:00,na,na,407,407,na,na,na
Eco Counter GmbH,Stadt Freiburg,751,Wiwilibrücke,100004595,YTH23035971,7.8407526,47.995213,(UTC+01:00) Europe/Paris DST,2013-02-05T18:00:00+01:00,na,na,446,446,na,na,na
Eco Counter GmbH,Stadt Freiburg,751,Wiwilibrücke,100004595,YTH23035971,7.8407526,47.995213,(UTC+01:00) Europe/Paris DST,2013-02-05T19:00:00+01:00,na,na,374,374,na,na,na
Eco Counter GmbH,Stadt Freiburg,751,Wiwilibrücke,100004595,YTH23035971,7.8407526,47.995213,(UTC+01:00) Europe/Paris DST,2013-02-05T20:00:00+01:00,na,na,239,239,na,na,na
Eco Counter GmbH,Stadt Freiburg,751,Wiwilibrücke,100004595,YTH23035971,7.8407526,47.995213,(UTC+01:00) Europe/Paris DST,2013-02-05T21:00:00+01:00,na,na,177,177,na,na,na
Eco Counter GmbH,Stadt Freiburg,751,Wiwilibrücke,100004595,YTH23035971,7.8407526,47.995213,(UTC+01:00) Europe/Paris DST,2013-02-05T22:00:00+01:00,na,na,184,184,na,na,na
Eco Counter GmbH,Stadt Freiburg,751,Wiwilibrücke,100004595,YTH23035971,7.8407526,47.995213,(UTC+01:00) Europe/Paris DST,2013-02-05T23:00:00+01:00,na,na,111,111,na,na,na
Eco Counter GmbH,Stadt Freiburg,751,Wiwilibrücke,100004595,YTH23035971,7.8407526,47.995213,(UTC+01:00) Europe/Paris DST,2013-02-06T00:00:00+01:00,na,na,71,71,na,na,na
Eco Counter GmbH,Stadt Freiburg,751,Wiwilibrücke,100004595,YTH23035971,7.8407526,47.995213,(UTC+01:00) Europe/Paris DST,2013-02-06T01:00:00+01:00,na,na,36,36,na,na,na
Eco Counter GmbH,Stadt Freiburg,751,Wiwilibrücke,100004595,YTH23035971,7.8407526,47.995213,(UTC+01:00) Europe/Paris DST,2013-02-06T02:00:00+01:00,na,na,10,10,na,na,na
Eco Counter GmbH,Stadt Freiburg,751,Wiwilibrücke,100004595,YTH23035971,7.8407526,47.995213,(UTC+01:00) Europe/Paris DST,2013-02-06T03:00:00+01:00,na,na,5,5,na,na,na
Eco Counter GmbH,Stadt Freiburg,751,Wiwilibrücke,100004595,YTH23035971,7.8407526,47.995213,(UTC+01:00) Europe/Paris DST,2013-02-06T04:00:00+01:00,na,na,5,5,na,na,na
Eco Counter GmbH,Stadt Freiburg,751,Wiwilibrücke,100004595,YTH23035971,7.8407526,47.995213,(UTC+01:00) Europe/Paris DST,2013-02-06T05:00:00+01:00,na,na,26,26,na,na,na
Eco Counter GmbH,Stadt Freiburg,751,Wiwilibrücke,100004595,YTH23035971,7.8407526,47.995213,(UTC+01:00) Europe/Paris DST,2013-02-06T06:00:00+01:00,na,na,72,72,na,na,na
Eco Counter GmbH,Stadt Freiburg,751,Wiwilibrücke,100004595,YTH23035971,7.8407526,47.995213,(UTC+01:00) Europe/Paris DST,2013-02-06T07:00:00+01:00,na,na,294,294,na,na,na
Eco Counter GmbH,Stadt Freiburg,751,Wiwilibrücke,100004595,YTH23035971,7.8407526,47.995213,(UTC+01:00) Europe/Paris DST,2013-02-06T08:00:00+01:00,na,na,486,486,na,na,na
Eco Counter GmbH,Stadt Freiburg,751,Wiwilibrücke,100004595,YTH23035971,7.8407526,47.995213,(UTC+01:00) Europe/Paris DST,2013-02-06T09:00:00+01:00,na,na,356,356,na,na,na
Eco Counter GmbH,Stadt Freiburg,751,Wiwilibrücke,100004595,YTH23035971,7.8407526,47.995213,(UTC+01:00) Europe/Paris DST,2013-02-06T10:00:00+01:00,na,na,314,314,na,na,na
Eco Counter GmbH,Stadt Freiburg,751,Wiwilibrücke,100004595,YTH23035971,7.8407526,47.995213,(UTC+01:00) Europe/Paris DST,2013-02-06T11:00:00+01:00,na,na,301,301,na,na,na
Eco Counter GmbH,Stadt Freiburg,751,Wiwilibrücke,100004595,YTH23035971,7.8407526,47.995213,(UTC+01:00) Europe/Paris DST,2013-02-06T12:00:00+01:00,na,na,352,352,na,na,na
Eco Counter GmbH,Stadt Freiburg,751,Wiwilibrücke,100004595,YTH23035971,7.8407526,47.995213,(UTC+01:00) Europe/Paris DST,2013-02-06T13:00:00+01:00,na,na,399,399,na,na,na
Eco Counter GmbH,Stadt Freiburg,751,Wiwilibrücke,100004595,YTH23035971,7.8407526,47.995213,(UTC+01:00) Europe/Paris DST,2013-02-06T14:00:00+01:00,na,na,307,307,na,na,na
Eco Counter GmbH,Stadt Freiburg,751,Wiwilibrücke,100004595,YTH23035971,7.8407526,47.995213,(UTC+01:00) Europe/Paris DST,2013-02-06T15:00:00+01:00,na,na,324,324,na,na,na
Eco Counter GmbH,Stadt Freiburg,751,Wiwilibrücke,100004595,YTH23035971,7.8407526,47.995213,(UTC+01:00) Europe/Paris DST,2013-02-06T16:00:00+01:00,na,na,372,372,na,na,na
Eco Counter GmbH,Stadt Freiburg,751,Wiwilibrücke,100004595,YTH23035971,7.8407526,47.995213,(UTC+01:00) Europe/Paris DST,2013-02-06T17:00:00+01:00,na,na,437,437,na,na,na
Eco Counter GmbH,Stadt Freiburg,751,Wiwilibrücke,100004595,YTH23035971,7.8407526,47.995213,(UTC+01:00) Europe/Paris DST,2013-02-06T18:00:00+01:00,na,na,473,473,na,na,na
Eco Counter GmbH,Stadt Freiburg,751,Wiwilibrücke,100004595,YTH23035971,7.8407526,47.995213,(UTC+01:00) Europe/Paris DST,2013-02-06T19:00:00+01:00,na,na,347,347,na,na,na
Eco Counter GmbH,Stadt Freiburg,751,Wiwilibrücke,100004595,YTH23035971,7.8407526,47.995213,(UTC+01:00) Europe/Paris DST,2013-02-06T20:00:00+01:00,na,na,229,229,na,na,na
Eco Counter GmbH,Stadt Freiburg,751,Wiwilibrücke,100004595,YTH23035971,7.8407526,47.995213,(UTC+01:00) Europe/Paris DST,2013-02-06T21:00:00+01:00,na,na,117,117,na,na,na
Eco Counter GmbH,Stadt Freiburg,751,Wiwilibrücke,100004595,YTH23035971,7.8407526,47.995213,(UTC+01:00) Europe/Paris DST,2013-02-06T22:00:00+01:00,na,na,114,114,na,na,na
Eco Counter GmbH,Stadt Freiburg,751,Wiwilibrücke,100004595,YTH23035971,7.8407526,47.995213,(UTC+01:00) Europe/Paris DST,2013-02-06T23:00:00+01:00,na,na,67,67,na,na,na
Eco Counter GmbH,Stadt Freiburg,751,Wiwilibrücke,100004595,YTH23035971,7.8407526,47.995213,(UTC+01:00) Europe/Paris DST,2013-02-07T00:00:00+01:00,na,na,67,67,na,na,na
Eco Counter GmbH,Stadt Freiburg,751,Wiwilibrücke,100004595,YTH23035971,7.8407526,47.995213,(UTC+01:00) Europe/Paris DST,2013-02-07T01:00:00+01:00,na,na,22,22,na,na,na
Eco Counter GmbH,Stadt Freiburg,751,Wiwilibrücke,100004595,YTH23035971,7.8407526,47.995213,(UTC+01:00) Europe/Paris DST,2013-02-07T02:00:00+01:00,na,na,9,9,na,na,na
Eco Counter GmbH,Stadt Freiburg,751,Wiwilibrücke,100004595,YTH23035971,7.8407526,47.995213,(UTC+01:00) Europe/Paris DST,2013-02-07T03:00:00+01:00,na,na,6,6,na,na,na
Eco Counter GmbH,Stadt Freiburg,751,Wiwilibrücke,100004595,YTH23035971,7.8407526,47.995213,(UTC+01:00) Europe/Paris DST,2013-02-07T04:00:00+01:00,na,na,6,6,na,na,na
Eco Counter GmbH,Stadt Freiburg,751,Wiwilibrücke,100004595,YTH23035971,7.8407526,47.995213,(UTC+01:00) Europe/Paris DST,2013-02-07T05:00:00+01:00,na,na,19,19,na,na,na
Eco Counter GmbH,Stadt Freiburg,751,Wiwilibrücke,100004595,YTH23035971,7.8407526,47.995213,(UTC+01:00) Europe/Paris DST,2013-02-07T06:00:00+01:00,na,na,50,50,na,na,na
Eco Counter GmbH,Stadt Freiburg,751,Wiwilibrücke,100004595,YTH23035971,7.8407526,47.995213,(UTC+01:00) Europe/Paris DST,2013-02-07T07:00:00+01:00,na,na,177,177,na,na,na
Eco Counter GmbH,Stadt Freiburg,751,Wiwilibrücke,100004595,YTH23035971,7.8407526,47.995213,(UTC+01:00) Europe/Paris DST,2013-02-07T08:00:00+01:00,na,na,333,333,na,na,na
Eco Counter GmbH,Stadt Freiburg,751,Wiwilibrücke,100004595,YTH23035971,7.8407526,47.995213,(UTC+01:00) Europe/Paris DST,2013-02-07T09:00:00+01:00,na,na,240,240,na,na,na
Eco Counter GmbH,Stadt Freiburg,751,Wiwilibrücke,100004595,YTH23035971,7.8407526,47.995213,(UTC+01:00) Europe/Paris DST,2013-02-07T10:00:00+01:00,na,na,187,187,na,na,na
Eco Counter GmbH,Stadt Freiburg,751,Wiwilibrücke,100004595,YTH23035971,7.8407526,47.995213,(UTC+01:00) Europe/Paris DST,2013-02-07T11:00:00+01:00,na,na,197,197,na,na,na
Eco Counter GmbH,Stadt Freiburg,751,Wiwilibrücke,100004595,YTH23035971,7.8407526,47.995213,(UTC+01:00) Europe/Paris DST,2013-02-07T12:00:00+01:00,na,na,255,255,na,na,na
Eco Counter GmbH,Stadt Freiburg,751,Wiwilibrücke,100004595,YTH23035971,7.8407526,47.995213,(UTC+01:00) Europe/Paris DST,2013-02-07T13:00:00+01:00,na,na,315,315,na,na,na
Eco Counter GmbH,Stadt Freiburg,751,Wiwilibrücke,100004595,YTH23035971,7.8407526,47.995213,(UTC+01:00) Europe/Paris DST,2013-02-07T14:00:00+01:00,na,na,286,286,na,na,na
Eco Counter GmbH,Stadt Freiburg,751,Wiwilibrücke,100004595,YTH23035971,7.8407526,47.995213,(UTC+01:00) Europe/Paris DST,2013-02-07T15:00:00+01:00,na,na,243,243,na,na,na
Eco Counter GmbH,Stadt Freiburg,751,Wiwilibrücke,100004595,YTH23035971,7.8407526,47.995213,(UTC+01:00) Europe/Paris DST,2013-02-07T16:00:00+01:00,na,na,327,327,na,na,na
Eco Counter GmbH,Stadt Freiburg,751,Wiwilibrücke,100004595,YTH23035971,7.8407526,47.995213,(UTC+01:00) Europe/Paris DST,2013-02-07T17:00:00+01:00,na,na,381,381,na,na,na
Eco Counter GmbH,Stadt Freiburg,751,Wiwilibrücke,100004595,YTH23035971,7.8407526,47.995213,(UTC+01:00) Europe/Paris DST,2013-02-07T18:00:00+01:00,na,na,353,353,na,na,na
Eco Counter GmbH,Stadt Freiburg,751,Wiwilibrücke,100004595,YTH23035971,7.8407526,47.995213,(UTC+01:00) Europe/Paris DST,2013-02-07T19:00:00+01:00,na,na,302,302,na,na,na
Eco Counter GmbH,Stadt Freiburg,751,Wiwilibrücke,100004595,YTH23035971,7.8407526,47.995213,(UTC+01:00) Europe/Paris DST,2013-02-07T20:00:00+01:00,na,na,195,195,na,na,na
Eco Counter GmbH,Stadt Freiburg,751,Wiwilibrücke,100004595,YTH23035971,7.8407526,47.995213,(UTC+01:00) Europe/Paris DST,2013-02-07T21:00:00+01:00,na,na,138,138,na,na,na
Eco Counter GmbH,Stadt Freiburg,751,Wiwilibrücke,100004595,YTH23035971,7.8407526,47.995213,(UTC+01:00) Europe/Paris DST,2013-02-07T22:00:00+01:00,na,na,122,122,na,na,na
Eco Counter GmbH,Stadt Freiburg,751,Wiwilibrücke,100004595,YTH23035971,7.8407526,47.995213,(UTC+01:00) Europe/Paris DST,2013-02-07T23:00:00+01:00,na,na,110,110,na,na,na
Eco Counter GmbH,Stadt Freiburg,751,Wiwilibrücke,100004595,YTH23035971,7.8407526,47.995213,(UTC+01:00) Europe/Paris DST,2013-02-08T00:00:00+01:00,na,na,96,96,na,na,na
Eco Counter GmbH,Stadt Freiburg,751,Wiwilibrücke,100004595,YTH23035971,7.8407526,47.995213,(UTC+01:00) Europe/Paris DST,2013-02-08T01:00:00+01:00,na,na,62,62,na,na,na
Eco Counter GmbH,Stadt Freiburg,751,Wiwilibrücke,100004595,YTH23035971,7.8407526,47.995213,(UTC+01:00) Europe/Paris DST,2013-02-08T02:00:00+01:00,na,na,14,14,na,na,na
Eco Counter GmbH,Stadt Freiburg,751,Wiwilibrücke,100004595,YTH23035971,7.8407526,47.995213,(UTC+01:00) Europe/Paris DST,2013-02-08T03:00:00+01:00,na,na,12,12,na,na,na
Eco Counter GmbH,Stadt Freiburg,751,Wiwilibrücke,100004595,YTH23035971,7.8407526,47.995213,(UTC+01:00) Europe/Paris DST,2013-02-08T04:00:00+01:00,na,na,18,18,na,na,na
Eco Counter GmbH,Stadt Freiburg,751,Wiwilibrücke,100004595,YTH23035971,7.8407526,47.995213,(UTC+01:00) Europe/Paris DST,2013-02-08T05:00:00+01:00,na,na,24,24,na,na,na
Eco Counter GmbH,Stadt Freiburg,751,Wiwilibrücke,100004595,YTH23035971,7.8407526,47.995213,(UTC+01:00) Europe/Paris DST,2013-02-08T06:00:00+01:00,na,na,59,59,na,na,na
Eco Counter GmbH,Stadt Freiburg,751,Wiwilibrücke,100004595,YTH23035971,7.8407526,47.995213,(UTC+01:00) Europe/Paris DST,2013-02-08T07:00:00+01:00,na,na,165,165,na,na,na
Eco Counter GmbH,Stadt Freiburg,751,Wiwilibrücke,100004595,YTH23035971,7.8407526,47.995213,(UTC+01:00) Europe/Paris DST,2013-02-08T08:00:00+01:00,na,na,357,357,na,na,na
Eco Counter GmbH,Stadt Freiburg,751,Wiwilibrücke,100004595,YTH23035971,7.8407526,47.995213,(UTC+01:00) Europe/Paris DST,2013-02-08T09:00:00+01:00,na,na,278,278,na,na,na
Eco Counter GmbH,Stadt Freiburg,751,Wiwilibrücke,100004595,YTH23035971,7.8407526,47.995213,(UTC+01:00) Europe/Paris DST,2013-02-08T10:00:00+01:00,na,na,246,246,na,na,na
Eco Counter GmbH,Stadt Freiburg,751,Wiwilibrücke,100004595,YTH23035971,7.8407526,47.995213,(UTC+01:00) Europe/Paris DST,2013-02-08T11:00:00+01:00,na,na,243,243,na,na,na
Eco Counter GmbH,Stadt Freiburg,751,Wiwilibrücke,100004595,YTH23035971,7.8407526,47.995213,(UTC+01:00) Europe/Paris DST,2013-02-08T12:00:00+01:00,na,na,297,297,na,na,na
Eco Counter GmbH,Stadt Freiburg,751,Wiwilibrücke,100004595,YTH23035971,7.8407526,47.995213,(UTC+01:00) Europe/Paris DST,2013-02-08T13:00:00+01:00,na,na,344,344,na,na,na
Eco Counter GmbH,Stadt Freiburg,751,Wiwilibrücke,100004595,YTH23035971,7.8407526,47.995213,(UTC+01:00) Europe/Paris DST,2013-02-08T14:00:00+01:00,na,na,311,311,na,na,na
Eco Counter GmbH,Stadt Freiburg,751,Wiwilibrücke,100004595,YTH23035971,7.8407526,47.995213,(UTC+01:00) Europe/Paris DST,2013-02-08T15:00:00+01:00,na,na,272,272,na,na,na
Eco Counter GmbH,Stadt Freiburg,751,Wiwilibrücke,100004595,YTH23035971,7.8407526,47.995213,(UTC+01:00) Europe/Paris DST,2013-02-08T16:00:00+01:00,na,na,282,282,na,na,na
Eco Counter GmbH,Stadt Freiburg,751,Wiwilibrücke,100004595,YTH23035971,7.8407526,47.995213,(UTC+01:00) Europe/Paris DST,2013-02-08T17:00:00+01:00,na,na,315,315,na,na,na
Eco Counter GmbH,Stadt Freiburg,751,Wiwilibrücke,100004595,YTH23035971,7.8407526,47.995213,(UTC+01:00) Europe/Paris DST,2013-02-08T18:00:00+01:00,na,na,320,320,na,na,na
Eco Counter GmbH,Stadt Freiburg,751,Wiwilibrücke,100004595,YTH23035971,7.8407526,47.995213,(UTC+01:00) Europe/Paris DST,2013-02-08T19:00:00+01:00,na,na,298,298,na,na,na
Eco Counter GmbH,Stadt Freiburg,751,Wiwilibrücke,100004595,YTH23035971,7.8407526,47.995213,(UTC+01:00) Europe/Paris DST,2013-02-08T20:00:00+01:00,na,na,175,175,na,na,na
Eco Counter GmbH,Stadt Freiburg,751,Wiwilibrücke,100004595,YTH23035971,7.8407526,47.995213,(UTC+01:00) Europe/Paris DST,2013-02-08T21:00:00+01:00,na,na,141,141,na,na,na
Eco Counter GmbH,Stadt Freiburg,751,Wiwilibrücke,100004595,YTH23035971,7.8407526,47.995213,(UTC+01:00) Europe/Paris DST,2013-02-08T22:00:00+01:00,na,na,178,178,na,na,na
Eco Counter GmbH,Stadt Freiburg,751,Wiwilibrücke,100004595,YTH23035971,7.8407526,47.995213,(UTC+01:00) Europe/Paris DST,2013-02-08T23:00:00+01:00,na,na,117,117,na,na,na
Eco Counter GmbH,Stadt Freiburg,751,Wiwilibrücke,100004595,YTH23035971,7.8407526,47.995213,(UTC+01:00) Europe/Paris DST,2013-02-09T00:00:00+01:00,na,na,166,166,na,na,na
Eco Counter GmbH,Stadt Freiburg,751,Wiwilibrücke,100004595,YTH23035971,7.8407526,47.995213,(UTC+01:00) Europe/Paris DST,2013-02-09T01:00:00+01:00,na,na,94,94,na,na,na
Eco Counter GmbH,Stadt Freiburg,751,Wiwilibrücke,100004595,YTH23035971,7.8407526,47.995213,(UTC+01:00) Europe/Paris DST,2013-02-09T02:00:00+01:00,na,na,57,57,na,na,na
Eco Counter GmbH,Stadt Freiburg,751,Wiwilibrücke,100004595,YTH23035971,7.8407526,47.995213,(UTC+01:00) Europe/Paris DST,2013-02-09T03:00:00+01:00,na,na,49,49,na,na,na
Eco Counter GmbH,Stadt Freiburg,751,Wiwilibrücke,100004595,YTH23035971,7.8407526,47.995213,(UTC+01:00) Europe/Paris DST,2013-02-09T04:00:00+01:00,na,na,30,30,na,na,na
Eco Counter GmbH,Stadt Freiburg,751,Wiwilibrücke,100004595,YTH23035971,7.8407526,47.995213,(UTC+01:00) Europe/Paris DST,2013-02-09T05:00:00+01:00,na,na,32,32,na,na,na
Eco Counter GmbH,Stadt Freiburg,751,Wiwilibrücke,100004595,YTH23035971,7.8407526,47.995213,(UTC+01:00) Europe/Paris DST,2013-02-09T06:00:00+01:00,na,na,22,22,na,na,na
Eco Counter GmbH,Stadt Freiburg,751,Wiwilibrücke,100004595,YTH23035971,7.8407526,47.995213,(UTC+01:00) Europe/Paris DST,2013-02-09T07:00:00+01:00,na,na,19,19,na,na,na
Eco Counter GmbH,Stadt Freiburg,751,Wiwilibrücke,100004595,YTH23035971,7.8407526,47.995213,(UTC+01:00) Europe/Paris DST,2013-02-09T08:00:00+01:00,na,na,41,41,na,na,na
Eco Counter GmbH,Stadt Freiburg,751,Wiwilibrücke,100004595,YTH23035971,7.8407526,47.995213,(UTC+01:00) Europe/Paris DST,2013-02-09T09:00:00+01:00,na,na,95,95,na,na,na
Eco Counter GmbH,Stadt Freiburg,751,Wiwilibrücke,100004595,YTH23035971,7.8407526,47.995213,(UTC+01:00) Europe/Paris DST,2013-02-09T10:00:00+01:00,na,na,133,133,na,na,na
Eco Counter GmbH,Stadt Freiburg,751,Wiwilibrücke,100004595,YTH23035971,7.8407526,47.995213,(UTC+01:00) Europe/Paris DST,2013-02-09T11:00:00+01:00,na,na,193,193,na,na,na
Eco Counter GmbH,Stadt Freiburg,751,Wiwilibrücke,100004595,YTH23035971,7.8407526,47.995213,(UTC+01:00) Europe/Paris DST,2013-02-09T12:00:00+01:00,na,na,204,204,na,na,na
Eco Counter GmbH,Stadt Freiburg,751,Wiwilibrücke,100004595,YTH23035971,7.8407526,47.995213,(UTC+01:00) Europe/Paris DST,2013-02-09T13:00:00+01:00,na,na,224,224,na,na,na
Eco Counter GmbH,Stadt Freiburg,751,Wiwilibrücke,100004595,YTH23035971,7.8407526,47.995213,(UTC+01:00) Europe/Paris DST,2013-02-09T14:00:00+01:00,na,na,211,211,na,na,na
Eco Counter GmbH,Stadt Freiburg,751,Wiwilibrücke,100004595,YTH23035971,7.8407526,47.995213,(UTC+01:00) Europe/Paris DST,2013-02-09T15:00:00+01:00,na,na,185,185,na,na,na
Eco Counter GmbH,Stadt Freiburg,751,Wiwilibrücke,100004595,YTH23035971,7.8407526,47.995213,(UTC+01:00) Europe/Paris DST,2013-02-09T16:00:00+01:00,na,na,173,173,na,na,na
Eco Counter GmbH,Stadt Freiburg,751,Wiwilibrücke,100004595,YTH23035971,7.8407526,47.995213,(UTC+01:00) Europe/Paris DST,2013-02-09T17:00:00+01:00,na,na,202,202,na,na,na
Eco Counter GmbH,Stadt Freiburg,751,Wiwilibrücke,100004595,YTH23035971,7.8407526,47.995213,(UTC+01:00) Europe/Paris DST,2013-02-09T18:00:00+01:00,na,na,176,176,na,na,na
Eco Counter GmbH,Stadt Freiburg,751,Wiwilibrücke,100004595,YTH23035971,7.8407526,47.995213,(UTC+01:00) Europe/Paris DST,2013-02-09T19:00:00+01:00,na,na,171,171,na,na,na
Eco Counter GmbH,Stadt Freiburg,751,Wiwilibrücke,100004595,YTH23035971,7.8407526,47.995213,(UTC+01:00) Europe/Paris DST,2013-02-09T20:00:00+01:00,na,na,154,154,na,na,na
Eco Counter GmbH,Stadt Freiburg,751,Wiwilibrücke,100004595,YTH23035971,7.8407526,47.995213,(UTC+01:00) Europe/Paris DST,2013-02-09T21:00:00+01:00,na,na,107,107,na,na,na
Eco Counter GmbH,Stadt Freiburg,751,Wiwilibrücke,100004595,YTH23035971,7.8407526,47.995213,(UTC+01:00) Europe/Paris DST,2013-02-09T22:00:00+01:00,na,na,105,105,na,na,na
Eco Counter GmbH,Stadt Freiburg,751,Wiwilibrücke,100004595,YTH23035971,7.8407526,47.995213,(UTC+01:00) Europe/Paris DST,2013-02-09T23:00:00+01:00,na,na,116,116,na,na,na
Eco Counter GmbH,Stadt Freiburg,751,Wiwilibrücke,100004595,YTH23035971,7.8407526,47.995213,(UTC+01:00) Europe/Paris DST,2013-02-10T00:00:00+01:00,na,na,89,89,na,na,na
Eco Counter GmbH,Stadt Freiburg,751,Wiwilibrücke,100004595,YTH23035971,7.8407526,47.995213,(UTC+01:00) Europe/Paris DST,2013-02-10T01:00:00+01:00,na,na,92,92,na,na,na
Eco Counter GmbH,Stadt Freiburg,751,Wiwilibrücke,100004595,YTH23035971,7.8407526,47.995213,(UTC+01:00) Europe/Paris DST,2013-02-10T02:00:00+01:00,na,na,69,69,na,na,na
Eco Counter GmbH,Stadt Freiburg,751,Wiwilibrücke,100004595,YTH23035971,7.8407526,47.995213,(UTC+01:00) Europe/Paris DST,2013-02-10T03:00:00+01:00,na,na,48,48,na,na,na
Eco Counter GmbH,Stadt Freiburg,751,Wiwilibrücke,100004595,YTH23035971,7.8407526,47.995213,(UTC+01:00) Europe/Paris DST,2013-02-10T04:00:00+01:00,na,na,29,29,na,na,na
Eco Counter GmbH,Stadt Freiburg,751,Wiwilibrücke,100004595,YTH23035971,7.8407526,47.995213,(UTC+01:00) Europe/Paris DST,2013-02-10T05:00:00+01:00,na,na,32,32,na,na,na
Eco Counter GmbH,Stadt Freiburg,751,Wiwilibrücke,100004595,YTH23035971,7.8407526,47.995213,(UTC+01:00) Europe/Paris DST,2013-02-10T06:00:00+01:00,na,na,12,12,na,na,na
Eco Counter GmbH,Stadt Freiburg,751,Wiwilibrücke,100004595,YTH23035971,7.8407526,47.995213,(UTC+01:00) Europe/Paris DST,2013-02-10T07:00:00+01:00,na,na,17,17,na,na,na
Eco Counter GmbH,Stadt Freiburg,751,Wiwilibrücke,100004595,YTH23035971,7.8407526,47.995213,(UTC+01:00) Europe/Paris DST,2013-02-10T08:00:00+01:00,na,na,23,23,na,na,na
Eco Counter GmbH,Stadt Freiburg,751,Wiwilibrücke,100004595,YTH23035971,7.8407526,47.995213,(UTC+01:00) Europe/Paris DST,2013-02-10T09:00:00+01:00,na,na,49,49,na,na,na
Eco Counter GmbH,Stadt Freiburg,751,Wiwilibrücke,100004595,YTH23035971,7.8407526,47.995213,(UTC+01:00) Europe/Paris DST,2013-02-10T10:00:00+01:00,na,na,75,75,na,na,na
Eco Counter GmbH,Stadt Freiburg,751,Wiwilibrücke,100004595,YTH23035971,7.8407526,47.995213,(UTC+01:00) Europe/Paris DST,2013-02-10T11:00:00+01:00,na,na,85,85,na,na,na
Eco Counter GmbH,Stadt Freiburg,751,Wiwilibrücke,100004595,YTH23035971,7.8407526,47.995213,(UTC+01:00) Europe/Paris DST,2013-02-10T12:00:00+01:00,na,na,73,73,na,na,na
Eco Counter GmbH,Stadt Freiburg,751,Wiwilibrücke,100004595,YTH23035971,7.8407526,47.995213,(UTC+01:00) Europe/Paris DST,2013-02-10T13:00:00+01:00,na,na,103,103,na,na,na
Eco Counter GmbH,Stadt Freiburg,751,Wiwilibrücke,100004595,YTH23035971,7.8407526,47.995213,(UTC+01:00) Europe/Paris DST,2013-02-10T14:00:00+01:00,na,na,144,144,na,na,na
Eco Counter GmbH,Stadt Freiburg,751,Wiwilibrücke,100004595,YTH23035971,7.8407526,47.995213,(UTC+01:00) Europe/Paris DST,2013-02-10T15:00:00+01:00,na,na,157,157,na,na,na
Eco Counter GmbH,Stadt Freiburg,751,Wiwilibrücke,100004595,YTH23035971,7.8407526,47.995213,(UTC+01:00) Europe/Paris DST,2013-02-10T16:00:00+01:00,na,na,173,173,na,na,na
Eco Counter GmbH,Stadt Freiburg,751,Wiwilibrücke,100004595,YTH23035971,7.8407526,47.995213,(UTC+01:00) Europe/Paris DST,2013-02-10T17:00:00+01:00,na,na,127,127,na,na,na
Eco Counter GmbH,Stadt Freiburg,751,Wiwilibrücke,100004595,YTH23035971,7.8407526,47.995213,(UTC+01:00) Europe/Paris DST,2013-02-10T18:00:00+01:00,na,na,117,117,na,na,na
Eco Counter GmbH,Stadt Freiburg,751,Wiwilibrücke,100004595,YTH23035971,7.8407526,47.995213,(UTC+01:00) Europe/Paris DST,2013-02-10T19:00:00+01:00,na,na,125,125,na,na,na
Eco Counter GmbH,Stadt Freiburg,751,Wiwilibrücke,100004595,YTH23035971,7.8407526,47.995213,(UTC+01:00) Europe/Paris DST,2013-02-10T20:00:00+01:00,na,na,120,120,na,na,na
Eco Counter GmbH,Stadt Freiburg,751,Wiwilibrücke,100004595,YTH23035971,7.8407526,47.995213,(UTC+01:00) Europe/Paris DST,2013-02-10T21:00:00+01:00,na,na,64,64,na,na,na
Eco Counter GmbH,Stadt Freiburg,751,Wiwilibrücke,100004595,YTH23035971,7.8407526,47.995213,(UTC+01:00) Europe/Paris DST,2013-02-10T22:00:00+01:00,na,na,75,75,na,na,na
Eco Counter GmbH,Stadt Freiburg,751,Wiwilibrücke,100004595,YTH23035971,7.8407526,47.995213,(UTC+01:00) Europe/Paris DST,2013-02-10T23:00:00+01:00,na,na,52,52,na,na,na
Eco Counter GmbH,Stadt Freiburg,751,Wiwilibrücke,100004595,YTH23035971,7.8407526,47.995213,(UTC+01:00) Europe/Paris DST,2013-02-11T00:00:00+01:00,na,na,24,24,na,na,na
Eco Counter GmbH,Stadt Freiburg,751,Wiwilibrücke,100004595,YTH23035971,7.8407526,47.995213,(UTC+01:00) Europe/Paris DST,2013-02-11T01:00:00+01:00,na,na,29,29,na,na,na
Eco Counter GmbH,Stadt Freiburg,751,Wiwilibrücke,100004595,YTH23035971,7.8407526,47.995213,(UTC+01:00) Europe/Paris DST,2013-02-11T02:00:00+01:00,na,na,6,6,na,na,na
Eco Counter GmbH,Stadt Freiburg,751,Wiwilibrücke,100004595,YTH23035971,7.8407526,47.995213,(UTC+01:00) Europe/Paris DST,2013-02-11T03:00:00+01:00,na,na,2,2,na,na,na
Eco Counter GmbH,Stadt Freiburg,751,Wiwilibrücke,100004595,YTH23035971,7.8407526,47.995213,(UTC+01:00) Europe/Paris DST,2013-02-11T04:00:00+01:00,na,na,4,4,na,na,na
Eco Counter GmbH,Stadt Freiburg,751,Wiwilibrücke,100004595,YTH23035971,7.8407526,47.995213,(UTC+01:00) Europe/Paris DST,2013-02-11T05:00:00+01:00,na,na,20,20,na,na,na
Eco Counter GmbH,Stadt Freiburg,751,Wiwilibrücke,100004595,YTH23035971,7.8407526,47.995213,(UTC+01:00) Europe/Paris DST,2013-02-11T06:00:00+01:00,na,na,45,45,na,na,na
Eco Counter GmbH,Stadt Freiburg,751,Wiwilibrücke,100004595,YTH23035971,7.8407526,47.995213,(UTC+01:00) Europe/Paris DST,2013-02-11T07:00:00+01:00,na,na,121,121,na,na,na
Eco Counter GmbH,Stadt Freiburg,751,Wiwilibrücke,100004595,YTH23035971,7.8407526,47.995213,(UTC+01:00) Europe/Paris DST,2013-02-11T08:00:00+01:00,na,na,195,195,na,na,na
Eco Counter GmbH,Stadt Freiburg,751,Wiwilibrücke,100004595,YTH23035971,7.8407526,47.995213,(UTC+01:00) Europe/Paris DST,2013-02-11T09:00:00+01:00,na,na,197,197,na,na,na
Eco Counter GmbH,Stadt Freiburg,751,Wiwilibrücke,100004595,YTH23035971,7.8407526,47.995213,(UTC+01:00) Europe/Paris DST,2013-02-11T10:00:00+01:00,na,na,175,175,na,na,na
Eco Counter GmbH,Stadt Freiburg,751,Wiwilibrücke,100004595,YTH23035971,7.8407526,47.995213,(UTC+01:00) Europe/Paris DST,2013-02-11T11:00:00+01:00,na,na,148,148,na,na,na
Eco Counter GmbH,Stadt Freiburg,751,Wiwilibrücke,100004595,YTH23035971,7.8407526,47.995213,(UTC+01:00) Europe/Paris DST,2013-02-11T12:00:00+01:00,na,na,229,229,na,na,na
Eco Counter GmbH,Stadt Freiburg,751,Wiwilibrücke,100004595,YTH23035971,7.8407526,47.995213,(UTC+01:00) Europe/Paris DST,2013-02-11T13:00:00+01:00,na,na,243,243,na,na,na
Eco Counter GmbH,Stadt Freiburg,751,Wiwilibrücke,100004595,YTH23035971,7.8407526,47.995213,(UTC+01:00) Europe/Paris DST,2013-02-11T14:00:00+01:00,na,na,217,217,na,na,na
Eco Counter GmbH,Stadt Freiburg,751,Wiwilibrücke,100004595,YTH23035971,7.8407526,47.995213,(UTC+01:00) Europe/Paris DST,2013-02-11T15:00:00+01:00,na,na,170,170,na,na,na
Eco Counter GmbH,Stadt Freiburg,751,Wiwilibrücke,100004595,YTH23035971,7.8407526,47.995213,(UTC+01:00) Europe/Paris DST,2013-02-11T16:00:00+01:00,na,na,231,231,na,na,na
Eco Counter GmbH,Stadt Freiburg,751,Wiwilibrücke,100004595,YTH23035971,7.8407526,47.995213,(UTC+01:00) Europe/Paris DST,2013-02-11T17:00:00+01:00,na,na,245,245,na,na,na
Eco Counter GmbH,Stadt Freiburg,751,Wiwilibrücke,100004595,YTH23035971,7.8407526,47.995213,(UTC+01:00) Europe/Paris DST,2013-02-11T18:00:00+01:00,na,na,214,214,na,na,na
Eco Counter GmbH,Stadt Freiburg,751,Wiwilibrücke,100004595,YTH23035971,7.8407526,47.995213,(UTC+01:00) Europe/Paris DST,2013-02-11T19:00:00+01:00,na,na,156,156,na,na,na
Eco Counter GmbH,Stadt Freiburg,751,Wiwilibrücke,100004595,YTH23035971,7.8407526,47.995213,(UTC+01:00) Europe/Paris DST,2013-02-11T20:00:00+01:00,na,na,101,101,na,na,na
Eco Counter GmbH,Stadt Freiburg,751,Wiwilibrücke,100004595,YTH23035971,7.8407526,47.995213,(UTC+01:00) Europe/Paris DST,2013-02-11T21:00:00+01:00,na,na,62,62,na,na,na
Eco Counter GmbH,Stadt Freiburg,751,Wiwilibrücke,100004595,YTH23035971,7.8407526,47.995213,(UTC+01:00) Europe/Paris DST,2013-02-11T22:00:00+01:00,na,na,73,73,na,na,na
Eco Counter GmbH,Stadt Freiburg,751,Wiwilibrücke,100004595,YTH23035971,7.8407526,47.995213,(UTC+01:00) Europe/Paris DST,2013-02-11T23:00:00+01:00,na,na,71,71,na,na,na
Eco Counter GmbH,Stadt Freiburg,751,Wiwilibrücke,100004595,YTH23035971,7.8407526,47.995213,(UTC+01:00) Europe/Paris DST,2013-02-12T00:00:00+01:00,na,na,38,38,na,na,na
Eco Counter GmbH,Stadt Freiburg,751,Wiwilibrücke,100004595,YTH23035971,7.8407526,47.995213,(UTC+01:00) Europe/Paris DST,2013-02-12T01:00:00+01:00,na,na,19,19,na,na,na
Eco Counter GmbH,Stadt Freiburg,751,Wiwilibrücke,100004595,YTH23035971,7.8407526,47.995213,(UTC+01:00) Europe/Paris DST,2013-02-12T02:00:00+01:00,na,na,12,12,na,na,na
Eco Counter GmbH,Stadt Freiburg,751,Wiwilibrücke,100004595,YTH23035971,7.8407526,47.995213,(UTC+01:00) Europe/Paris DST,2013-02-12T03:00:00+01:00,na,na,7,7,na,na,na
Eco Counter GmbH,Stadt Freiburg,751,Wiwilibrücke,100004595,YTH23035971,7.8407526,47.995213,(UTC+01:00) Europe/Paris DST,2013-02-12T04:00:00+01:00,na,na,15,15,na,na,na
Eco Counter GmbH,Stadt Freiburg,751,Wiwilibrücke,100004595,YTH23035971,7.8407526,47.995213,(UTC+01:00) Europe/Paris DST,2013-02-12T05:00:00+01:00,na,na,13,13,na,na,na
Eco Counter GmbH,Stadt Freiburg,751,Wiwilibrücke,100004595,YTH23035971,7.8407526,47.995213,(UTC+01:00) Europe/Paris DST,2013-02-12T06:00:00+01:00,na,na,46,46,na,na,na
Eco Counter GmbH,Stadt Freiburg,751,Wiwilibrücke,100004595,YTH23035971,7.8407526,47.995213,(UTC+01:00) Europe/Paris DST,2013-02-12T07:00:00+01:00,na,na,133,133,na,na,na
Eco Counter GmbH,Stadt Freiburg,751,Wiwilibrücke,100004595,YTH23035971,7.8407526,47.995213,(UTC+01:00) Europe/Paris DST,2013-02-12T08:00:00+01:00,na,na,223,223,na,na,na
Eco Counter GmbH,Stadt Freiburg,751,Wiwilibrücke,100004595,YTH23035971,7.8407526,47.995213,(UTC+01:00) Europe/Paris DST,2013-02-12T09:00:00+01:00,na,na,191,191,na,na,na
Eco Counter GmbH,Stadt Freiburg,751,Wiwilibrücke,100004595,YTH23035971,7.8407526,47.995213,(UTC+01:00) Europe/Paris DST,2013-02-12T10:00:00+01:00,na,na,159,159,na,na,na
Eco Counter GmbH,Stadt Freiburg,751,Wiwilibrücke,100004595,YTH23035971,7.8407526,47.995213,(UTC+01:00) Europe/Paris DST,2013-02-12T11:00:00+01:00,na,na,162,162,na,na,na
Eco Counter GmbH,Stadt Freiburg,751,Wiwilibrücke,100004595,YTH23035971,7.8407526,47.995213,(UTC+01:00) Europe/Paris DST,2013-02-12T12:00:00+01:00,na,na,217,217,na,na,na
Eco Counter GmbH,Stadt Freiburg,751,Wiwilibrücke,100004595,YTH23035971,7.8407526,47.995213,(UTC+01:00) Europe/Paris DST,2013-02-12T13:00:00+01:00,na,na,209,209,na,na,na
Eco Counter GmbH,Stadt Freiburg,751,Wiwilibrücke,100004595,YTH23035971,7.8407526,47.995213,(UTC+01:00) Europe/Paris DST,2013-02-12T14:00:00+01:00,na,na,176,176,na,na,na
Eco Counter GmbH,Stadt Freiburg,751,Wiwilibrücke,100004595,YTH23035971,7.8407526,47.995213,(UTC+01:00) Europe/Paris DST,2013-02-12T15:00:00+01:00,na,na,171,171,na,na,na
Eco Counter GmbH,Stadt Freiburg,751,Wiwilibrücke,100004595,YTH23035971,7.8407526,47.995213,(UTC+01:00) Europe/Paris DST,2013-02-12T16:00:00+01:00,na,na,228,228,na,na,na
Eco Counter GmbH,Stadt Freiburg,751,Wiwilibrücke,100004595,YTH23035971,7.8407526,47.995213,(UTC+01:00) Europe/Paris DST,2013-02-12T17:00:00+01:00,na,na,258,258,na,na,na
Eco Counter GmbH,Stadt Freiburg,751,Wiwilibrücke,100004595,YTH23035971,7.8407526,47.995213,(UTC+01:00) Europe/Paris DST,2013-02-12T18:00:00+01:00,na,na,264,264,na,na,na
Eco Counter GmbH,Stadt Freiburg,751,Wiwilibrücke,100004595,YTH23035971,7.8407526,47.995213,(UTC+01:00) Europe/Paris DST,2013-02-12T19:00:00+01:00,na,na,212,212,na,na,na
Eco Counter GmbH,Stadt Freiburg,751,Wiwilibrücke,100004595,YTH23035971,7.8407526,47.995213,(UTC+01:00) Europe/Paris DST,2013-02-12T20:00:00+01:00,na,na,162,162,na,na,na
Eco Counter GmbH,Stadt Freiburg,751,Wiwilibrücke,100004595,YTH23035971,7.8407526,47.995213,(UTC+01:00) Europe/Paris DST,2013-02-12T21:00:00+01:00,na,na,106,106,na,na,na
Eco Counter GmbH,Stadt Freiburg,751,Wiwilibrücke,100004595,YTH23035971,7.8407526,47.995213,(UTC+01:00) Europe/Paris DST,2013-02-12T22:00:00+01:00,na,na,90,90,na,na,na
Eco Counter GmbH,Stadt Freiburg,751,Wiwilibrücke,100004595,YTH23035971,7.8407526,47.995213,(UTC+01:00) Europe/Paris DST,2013-02-12T23:00:00+01:00,na,na,72,72,na,na,na
Eco Counter GmbH,Stadt Freiburg,751,Wiwilibrücke,100004595,YTH23035971,7.8407526,47.995213,(UTC+01:00) Europe/Paris DST,2013-02-13T00:00:00+01:00,na,na,71,71,na,na,na
Eco Counter GmbH,Stadt Freiburg,751,Wiwilibrücke,100004595,YTH23035971,7.8407526,47.995213,(UTC+01:00) Europe/Paris DST,2013-02-13T01:00:00+01:00,na,na,31,31,na,na,na
Eco Counter GmbH,Stadt Freiburg,751,Wiwilibrücke,100004595,YTH23035971,7.8407526,47.995213,(UTC+01:00) Europe/Paris DST,2013-02-13T02:00:00+01:00,na,na,10,10,na,na,na
Eco Counter GmbH,Stadt Freiburg,751,Wiwilibrücke,100004595,YTH23035971,7.8407526,47.995213,(UTC+01:00) Europe/Paris DST,2013-02-13T03:00:00+01:00,na,na,9,9,na,na,na
Eco Counter GmbH,Stadt Freiburg,751,Wiwilibrücke,100004595,YTH23035971,7.8407526,47.995213,(UTC+01:00) Europe/Paris DST,2013-02-13T04:00:00+01:00,na,na,2,2,na,na,na
Eco Counter GmbH,Stadt Freiburg,751,Wiwilibrücke,100004595,YTH23035971,7.8407526,47.995213,(UTC+01:00) Europe/Paris DST,2013-02-13T05:00:00+01:00,na,na,21,21,na,na,na
Eco Counter GmbH,Stadt Freiburg,751,Wiwilibrücke,100004595,YTH23035971,7.8407526,47.995213,(UTC+01:00) Europe/Paris DST,2013-02-13T06:00:00+01:00,na,na,54,54,na,na,na
Eco Counter GmbH,Stadt Freiburg,751,Wiwilibrücke,100004595,YTH23035971,7.8407526,47.995213,(UTC+01:00) Europe/Paris DST,2013-02-13T07:00:00+01:00,na,na,145,145,na,na,na
Eco Counter GmbH,Stadt Freiburg,751,Wiwilibrücke,100004595,YTH23035971,7.8407526,47.995213,(UTC+01:00) Europe/Paris DST,2013-02-13T08:00:00+01:00,na,na,259,259,na,na,na
Eco Counter GmbH,Stadt Freiburg,751,Wiwilibrücke,100004595,YTH23035971,7.8407526,47.995213,(UTC+01:00) Europe/Paris DST,2013-02-13T09:00:00+01:00,na,na,235,235,na,na,na
Eco Counter GmbH,Stadt Freiburg,751,Wiwilibrücke,100004595,YTH23035971,7.8407526,47.995213,(UTC+01:00) Europe/Paris DST,2013-02-13T10:00:00+01:00,na,na,202,202,na,na,na
Eco Counter GmbH,Stadt Freiburg,751,Wiwilibrücke,100004595,YTH23035971,7.8407526,47.995213,(UTC+01:00) Europe/Paris DST,2013-02-13T11:00:00+01:00,na,na,174,174,na,na,na
Eco Counter GmbH,Stadt Freiburg,751,Wiwilibrücke,100004595,YTH23035971,7.8407526,47.995213,(UTC+01:00) Europe/Paris DST,2013-02-13T12:00:00+01:00,na,na,240,240,na,na,na
Eco Counter GmbH,Stadt Freiburg,751,Wiwilibrücke,100004595,YTH23035971,7.8407526,47.995213,(UTC+01:00) Europe/Paris DST,2013-02-13T13:00:00+01:00,na,na,252,252,na,na,na
Eco Counter GmbH,Stadt Freiburg,751,Wiwilibrücke,100004595,YTH23035971,7.8407526,47.995213,(UTC+01:00) Europe/Paris DST,2013-02-13T14:00:00+01:00,na,na,210,210,na,na,na
Eco Counter GmbH,Stadt Freiburg,751,Wiwilibrücke,100004595,YTH23035971,7.8407526,47.995213,(UTC+01:00) Europe/Paris DST,2013-02-13T15:00:00+01:00,na,na,217,217,na,na,na
Eco Counter GmbH,Stadt Freiburg,751,Wiwilibrücke,100004595,YTH23035971,7.8407526,47.995213,(UTC+01:00) Europe/Paris DST,2013-02-13T16:00:00+01:00,na,na,255,255,na,na,na
Eco Counter GmbH,Stadt Freiburg,751,Wiwilibrücke,100004595,YTH23035971,7.8407526,47.995213,(UTC+01:00) Europe/Paris DST,2013-02-13T17:00:00+01:00,na,na,290,290,na,na,na
Eco Counter GmbH,Stadt Freiburg,751,Wiwilibrücke,100004595,YTH23035971,7.8407526,47.995213,(UTC+01:00) Europe/Paris DST,2013-02-13T18:00:00+01:00,na,na,337,337,na,na,na
Eco Counter GmbH,Stadt Freiburg,751,Wiwilibrücke,100004595,YTH23035971,7.8407526,47.995213,(UTC+01:00) Europe/Paris DST,2013-02-13T19:00:00+01:00,na,na,254,254,na,na,na
Eco Counter GmbH,Stadt Freiburg,751,Wiwilibrücke,100004595,YTH23035971,7.8407526,47.995213,(UTC+01:00) Europe/Paris DST,2013-02-13T20:00:00+01:00,na,na,210,210,na,na,na
Eco Counter GmbH,Stadt Freiburg,751,Wiwilibrücke,100004595,YTH23035971,7.8407526,47.995213,(UTC+01:00) Europe/Paris DST,2013-02-13T21:00:00+01:00,na,na,76,76,na,na,na
Eco Counter GmbH,Stadt Freiburg,751,Wiwilibrücke,100004595,YTH23035971,7.8407526,47.995213,(UTC+01:00) Europe/Paris DST,2013-02-13T22:00:00+01:00,na,na,108,108,na,na,na
Eco Counter GmbH,Stadt Freiburg,751,Wiwilibrücke,100004595,YTH23035971,7.8407526,47.995213,(UTC+01:00) Europe/Paris DST,2013-02-13T23:00:00+01:00,na,na,103,103,na,na,na
Eco Counter GmbH,Stadt Freiburg,751,Wiwilibrücke,100004595,YTH23035971,7.8407526,47.995213,(UTC+01:00) Europe/Paris DST,2013-02-14T00:00:00+01:00,na,na,51,51,na,na,na
Eco Counter GmbH,Stadt Freiburg,751,Wiwilibrücke,100004595,YTH23035971,7.8407526,47.995213,(UTC+01:00) Europe/Paris DST,2013-02-14T01:00:00+01:00,na,na,27,27,na,na,na
Eco Counter GmbH,Stadt Freiburg,751,Wiwilibrücke,100004595,YTH23035971,7.8407526,47.995213,(UTC+01:00) Europe/Paris DST,2013-02-14T02:00:00+01:00,na,na,12,12,na,na,na
Eco Counter GmbH,Stadt Freiburg,751,Wiwilibrücke,100004595,YTH23035971,7.8407526,47.995213,(UTC+01:00) Europe/Paris DST,2013-02-14T03:00:00+01:00,na,na,8,8,na,na,na
Eco Counter GmbH,Stadt Freiburg,751,Wiwilibrücke,100004595,YTH23035971,7.8407526,47.995213,(UTC+01:00) Europe/Paris DST,2013-02-14T04:00:00+01:00,na,na,6,6,na,na,na
Eco Counter GmbH,Stadt Freiburg,751,Wiwilibrücke,100004595,YTH23035971,7.8407526,47.995213,(UTC+01:00) Europe/Paris DST,2013-02-14T05:00:00+01:00,na,na,19,19,na,na,na
Eco Counter GmbH,Stadt Freiburg,751,Wiwilibrücke,100004595,YTH23035971,7.8407526,47.995213,(UTC+01:00) Europe/Paris DST,2013-02-14T06:00:00+01:00,na,na,51,51,na,na,na
Eco Counter GmbH,Stadt Freiburg,751,Wiwilibrücke,100004595,YTH23035971,7.8407526,47.995213,(UTC+01:00) Europe/Paris DST,2013-02-14T07:00:00+01:00,na,na,155,155,na,na,na
Eco Counter GmbH,Stadt Freiburg,751,Wiwilibrücke,100004595,YTH23035971,7.8407526,47.995213,(UTC+01:00) Europe/Paris DST,2013-02-14T08:00:00+01:00,na,na,315,315,na,na,na
Eco Counter GmbH,Stadt Freiburg,751,Wiwilibrücke,100004595,YTH23035971,7.8407526,47.995213,(UTC+01:00) Europe/Paris DST,2013-02-14T09:00:00+01:00,na,na,246,246,na,na,na
Eco Counter GmbH,Stadt Freiburg,751,Wiwilibrücke,100004595,YTH23035971,7.8407526,47.995213,(UTC+01:00) Europe/Paris DST,2013-02-14T10:00:00+01:00,na,na,218,218,na,na,na
Eco Counter GmbH,Stadt Freiburg,751,Wiwilibrücke,100004595,YTH23035971,7.8407526,47.995213,(UTC+01:00) Europe/Paris DST,2013-02-14T11:00:00+01:00,na,na,206,206,na,na,na
Eco Counter GmbH,Stadt Freiburg,751,Wiwilibrücke,100004595,YTH23035971,7.8407526,47.995213,(UTC+01:00) Europe/Paris DST,2013-02-14T12:00:00+01:00,na,na,239,239,na,na,na
Eco Counter GmbH,Stadt Freiburg,751,Wiwilibrücke,100004595,YTH23035971,7.8407526,47.995213,(UTC+01:00) Europe/Paris DST,2013-02-14T13:00:00+01:00,na,na,259,259,na,na,na
Eco Counter GmbH,Stadt Freiburg,751,Wiwilibrücke,100004595,YTH23035971,7.8407526,47.995213,(UTC+01:00) Europe/Paris DST,2013-02-14T14:00:00+01:00,na,na,270,270,na,na,na
Eco Counter GmbH,Stadt Freiburg,751,Wiwilibrücke,100004595,YTH23035971,7.8407526,47.995213,(UTC+01:00) Europe/Paris DST,2013-02-14T15:00:00+01:00,na,na,248,248,na,na,na
Eco Counter GmbH,Stadt Freiburg,751,Wiwilibrücke,100004595,YTH23035971,7.8407526,47.995213,(UTC+01:00) Europe/Paris DST,2013-02-14T16:00:00+01:00,na,na,333,333,na,na,na
Eco Counter GmbH,Stadt Freiburg,751,Wiwilibrücke,100004595,YTH23035971,7.8407526,47.995213,(UTC+01:00) Europe/Paris DST,2013-02-14T17:00:00+01:00,na,na,373,373,na,na,na
Eco Counter GmbH,Stadt Freiburg,751,Wiwilibrücke,100004595,YTH23035971,7.8407526,47.995213,(UTC+01:00) Europe/Paris DST,2013-02-14T18:00:00+01:00,na,na,396,396,na,na,na
Eco Counter GmbH,Stadt Freiburg,751,Wiwilibrücke,100004595,YTH23035971,7.8407526,47.995213,(UTC+01:00) Europe/Paris DST,2013-02-14T19:00:00+01:00,na,na,296,296,na,na,na
Eco Counter GmbH,Stadt Freiburg,751,Wiwilibrücke,100004595,YTH23035971,7.8407526,47.995213,(UTC+01:00) Europe/Paris DST,2013-02-14T20:00:00+01:00,na,na,216,216,na,na,na
Eco Counter GmbH,Stadt Freiburg,751,Wiwilibrücke,100004595,YTH23035971,7.8407526,47.995213,(UTC+01:00) Europe/Paris DST,2013-02-14T21:00:00+01:00,na,na,137,137,na,na,na
Eco Counter GmbH,Stadt Freiburg,751,Wiwilibrücke,100004595,YTH23035971,7.8407526,47.995213,(UTC+01:00) Europe/Paris DST,2013-02-14T22:00:00+01:00,na,na,123,123,na,na,na
Eco Counter GmbH,Stadt Freiburg,751,Wiwilibrücke,100004595,YTH23035971,7.8407526,47.995213,(UTC+01:00) Europe/Paris DST,2013-02-14T23:00:00+01:00,na,na,109,109,na,na,na
Eco Counter GmbH,Stadt Freiburg,751,Wiwilibrücke,100004595,YTH23035971,7.8407526,47.995213,(UTC+01:00) Europe/Paris DST,2013-02-15T00:00:00+01:00,na,na,63,63,na,na,na
Eco Counter GmbH,Stadt Freiburg,751,Wiwilibrücke,100004595,YTH23035971,7.8407526,47.995213,(UTC+01:00) Europe/Paris DST,2013-02-15T01:00:00+01:00,na,na,59,59,na,na,na
Eco Counter GmbH,Stadt Freiburg,751,Wiwilibrücke,100004595,YTH23035971,7.8407526,47.995213,(UTC+01:00) Europe/Paris DST,2013-02-15T02:00:00+01:00,na,na,26,26,na,na,na
Eco Counter GmbH,Stadt Freiburg,751,Wiwilibrücke,100004595,YTH23035971,7.8407526,47.995213,(UTC+01:00) Europe/Paris DST,2013-02-15T03:00:00+01:00,na,na,13,13,na,na,na
Eco Counter GmbH,Stadt Freiburg,751,Wiwilibrücke,100004595,YTH23035971,7.8407526,47.995213,(UTC+01:00) Europe/Paris DST,2013-02-15T04:00:00+01:00,na,na,16,16,na,na,na
Eco Counter GmbH,Stadt Freiburg,751,Wiwilibrücke,100004595,YTH23035971,7.8407526,47.995213,(UTC+01:00) Europe/Paris DST,2013-02-15T05:00:00+01:00,na,na,22,22,na,na,na
Eco Counter GmbH,Stadt Freiburg,751,Wiwilibrücke,100004595,YTH23035971,7.8407526,47.995213,(UTC+01:00) Europe/Paris DST,2013-02-15T06:00:00+01:00,na,na,51,51,na,na,na
Eco Counter GmbH,Stadt Freiburg,751,Wiwilibrücke,100004595,YTH23035971,7.8407526,47.995213,(UTC+01:00) Europe/Paris DST,2013-02-15T07:00:00+01:00,na,na,134,134,na,na,na
Eco Counter GmbH,Stadt Freiburg,751,Wiwilibrücke,100004595,YTH23035971,7.8407526,47.995213,(UTC+01:00) Europe/Paris DST,2013-02-15T08:00:00+01:00,na,na,283,283,na,na,na
Eco Counter GmbH,Stadt Freiburg,751,Wiwilibrücke,100004595,YTH23035971,7.8407526,47.995213,(UTC+01:00) Europe/Paris DST,2013-02-15T09:00:00+01:00,na,na,206,206,na,na,na
Eco Counter GmbH,Stadt Freiburg,751,Wiwilibrücke,100004595,YTH23035971,7.8407526,47.995213,(UTC+01:00) Europe/Paris DST,2013-02-15T10:00:00+01:00,na,na,186,186,na,na,na
Eco Counter GmbH,Stadt Freiburg,751,Wiwilibrücke,100004595,YTH23035971,7.8407526,47.995213,(UTC+01:00) Europe/Paris DST,2013-02-15T11:00:00+01:00,na,na,199,199,na,na,na
Eco Counter GmbH,Stadt Freiburg,751,Wiwilibrücke,100004595,YTH23035971,7.8407526,47.995213,(UTC+01:00) Europe/Paris DST,2013-02-15T12:00:00+01:00,na,na,260,260,na,na,na
Eco Counter GmbH,Stadt Freiburg,751,Wiwilibrücke,100004595,YTH23035971,7.8407526,47.995213,(UTC+01:00) Europe/Paris DST,2013-02-15T13:00:00+01:00,na,na,310,310,na,na,na
Eco Counter GmbH,Stadt Freiburg,751,Wiwilibrücke,100004595,YTH23035971,7.8407526,47.995213,(UTC+01:00) Europe/Paris DST,2013-02-15T14:00:00+01:00,na,na,269,269,na,na,na
Eco Counter GmbH,Stadt Freiburg,751,Wiwilibrücke,100004595,YTH23035971,7.8407526,47.995213,(UTC+01:00) Europe/Paris DST,2013-02-15T15:00:00+01:00,na,na,273,273,na,na,na
Eco Counter GmbH,Stadt Freiburg,751,Wiwilibrücke,100004595,YTH23035971,7.8407526,47.995213,(UTC+01:00) Europe/Paris DST,2013-02-15T16:00:00+01:00,na,na,274,274,na,na,na
Eco Counter GmbH,Stadt Freiburg,751,Wiwilibrücke,100004595,YTH23035971,7.8407526,47.995213,(UTC+01:00) Europe/Paris DST,2013-02-15T17:00:00+01:00,na,na,334,334,na,na,na
Eco Counter GmbH,Stadt Freiburg,751,Wiwilibrücke,100004595,YTH23035971,7.8407526,47.995213,(UTC+01:00) Europe/Paris DST,2013-02-15T18:00:00+01:00,na,na,307,307,na,na,na
Eco Counter GmbH,Stadt Freiburg,751,Wiwilibrücke,100004595,YTH23035971,7.8407526,47.995213,(UTC+01:00) Europe/Paris DST,2013-02-15T19:00:00+01:00,na,na,266,266,na,na,na
Eco Counter GmbH,Stadt Freiburg,751,Wiwilibrücke,100004595,YTH23035971,7.8407526,47.995213,(UTC+01:00) Europe/Paris DST,2013-02-15T20:00:00+01:00,na,na,179,179,na,na,na
Eco Counter GmbH,Stadt Freiburg,751,Wiwilibrücke,100004595,YTH23035971,7.8407526,47.995213,(UTC+01:00) Europe/Paris DST,2013-02-15T21:00:00+01:00,na,na,168,168,na,na,na
Eco Counter GmbH,Stadt Freiburg,751,Wiwilibrücke,100004595,YTH23035971,7.8407526,47.995213,(UTC+01:00) Europe/Paris DST,2013-02-15T22:00:00+01:00,na,na,130,130,na,na,na
Eco Counter GmbH,Stadt Freiburg,751,Wiwilibrücke,100004595,YTH23035971,7.8407526,47.995213,(UTC+01:00) Europe/Paris DST,2013-02-15T23:00:00+01:00,na,na,135,135,na,na,na
Eco Counter GmbH,Stadt Freiburg,751,Wiwilibrücke,100004595,YTH23035971,7.8407526,47.995213,(UTC+01:00) Europe/Paris DST,2013-02-16T00:00:00+01:00,na,na,110,110,na,na,na
Eco Counter GmbH,Stadt Freiburg,751,Wiwilibrücke,100004595,YTH23035971,7.8407526,47.995213,(UTC+01:00) Europe/Paris DST,2013-02-16T01:00:00+01:00,na,na,114,114,na,na,na
Eco Counter GmbH,Stadt Freiburg,751,Wiwilibrücke,100004595,YTH23035971,7.8407526,47.995213,(UTC+01:00) Europe/Paris DST,2013-02-16T02:00:00+01:00,na,na,60,60,na,na,na
Eco Counter GmbH,Stadt Freiburg,751,Wiwilibrücke,100004595,YTH23035971,7.8407526,47.995213,(UTC+01:00) Europe/Paris DST,2013-02-16T03:00:00+01:00,na,na,48,48,na,na,na
Eco Counter GmbH,Stadt Freiburg,751,Wiwilibrücke,100004595,YTH23035971,7.8407526,47.995213,(UTC+01:00) Europe/Paris DST,2013-02-16T04:00:00+01:00,na,na,27,27,na,na,na
Eco Counter GmbH,Stadt Freiburg,751,Wiwilibrücke,100004595,YTH23035971,7.8407526,47.995213,(UTC+01:00) Europe/Paris DST,2013-02-16T05:00:00+01:00,na,na,32,32,na,na,na
Eco Counter GmbH,Stadt Freiburg,751,Wiwilibrücke,100004595,YTH23035971,7.8407526,47.995213,(UTC+01:00) Europe/Paris DST,2013-02-16T06:00:00+01:00,na,na,21,21,na,na,na
Eco Counter GmbH,Stadt Freiburg,751,Wiwilibrücke,100004595,YTH23035971,7.8407526,47.995213,(UTC+01:00) Europe/Paris DST,2013-02-16T07:00:00+01:00,na,na,29,29,na,na,na
Eco Counter GmbH,Stadt Freiburg,751,Wiwilibrücke,100004595,YTH23035971,7.8407526,47.995213,(UTC+01:00) Europe/Paris DST,2013-02-16T08:00:00+01:00,na,na,73,73,na,na,na
Eco Counter GmbH,Stadt Freiburg,751,Wiwilibrücke,100004595,YTH23035971,7.8407526,47.995213,(UTC+01:00) Europe/Paris DST,2013-02-16T09:00:00+01:00,na,na,128,128,na,na,na
Eco Counter GmbH,Stadt Freiburg,751,Wiwilibrücke,100004595,YTH23035971,7.8407526,47.995213,(UTC+01:00) Europe/Paris DST,2013-02-16T10:00:00+01:00,na,na,177,177,na,na,na
Eco Counter GmbH,Stadt Freiburg,751,Wiwilibrücke,100004595,YTH23035971,7.8407526,47.995213,(UTC+01:00) Europe/Paris DST,2013-02-16T11:00:00+01:00,na,na,226,226,na,na,na
Eco Counter GmbH,Stadt Freiburg,751,Wiwilibrücke,100004595,YTH23035971,7.8407526,47.995213,(UTC+01:00) Europe/Paris DST,2013-02-16T12:00:00+01:00,na,na,281,281,na,na,na
Eco Counter GmbH,Stadt Freiburg,751,Wiwilibrücke,100004595,YTH23035971,7.8407526,47.995213,(UTC+01:00) Europe/Paris DST,2013-02-16T13:00:00+01:00,na,na,280,280,na,na,na
Eco Counter GmbH,Stadt Freiburg,751,Wiwilibrücke,100004595,YTH23035971,7.8407526,47.995213,(UTC+01:00) Europe/Paris DST,2013-02-16T14:00:00+01:00,na,na,273,273,na,na,na
Eco Counter GmbH,Stadt Freiburg,751,Wiwilibrücke,100004595,YTH23035971,7.8407526,47.995213,(UTC+01:00) Europe/Paris DST,2013-02-16T15:00:00+01:00,na,na,287,287,na,na,na
Eco Counter GmbH,Stadt Freiburg,751,Wiwilibrücke,100004595,YTH23035971,7.8407526,47.995213,(UTC+01:00) Europe/Paris DST,2013-02-16T16:00:00+01:00,na,na,178,178,na,na,na
Eco Counter GmbH,Stadt Freiburg,751,Wiwilibrücke,100004595,YTH23035971,7.8407526,47.995213,(UTC+01:00) Europe/Paris DST,2013-02-16T17:00:00+01:00,na,na,234,234,na,na,na
Eco Counter GmbH,Stadt Freiburg,751,Wiwilibrücke,100004595,YTH23035971,7.8407526,47.995213,(UTC+01:00) Europe/Paris DST,2013-02-16T18:00:00+01:00,na,na,227,227,na,na,na
Eco Counter GmbH,Stadt Freiburg,751,Wiwilibrücke,100004595,YTH23035971,7.8407526,47.995213,(UTC+01:00) Europe/Paris DST,2013-02-16T19:00:00+01:00,na,na,228,228,na,na,na
Eco Counter GmbH,Stadt Freiburg,751,Wiwilibrücke,100004595,YTH23035971,7.8407526,47.995213,(UTC+01:00) Europe/Paris DST,2013-02-16T20:00:00+01:00,na,na,196,196,na,na,na
Eco Counter GmbH,Stadt Freiburg,751,Wiwilibrücke,100004595,YTH23035971,7.8407526,47.995213,(UTC+01:00) Europe/Paris DST,2013-02-16T21:00:00+01:00,na,na,141,141,na,na,na
Eco Counter GmbH,Stadt Freiburg,751,Wiwilibrücke,100004595,YTH23035971,7.8407526,47.995213,(UTC+01:00) Europe/Paris DST,2013-02-16T22:00:00+01:00,na,na,150,150,na,na,na
Eco Counter GmbH,Stadt Freiburg,751,Wiwilibrücke,100004595,YTH23035971,7.8407526,47.995213,(UTC+01:00) Europe/Paris DST,2013-02-16T23:00:00+01:00,na,na,171,171,na,na,na
Eco Counter GmbH,Stadt Freiburg,751,Wiwilibrücke,100004595,YTH23035971,7.8407526,47.995213,(UTC+01:00) Europe/Paris DST,2013-02-17T00:00:00+01:00,na,na,125,125,na,na,na
Eco Counter GmbH,Stadt Freiburg,751,Wiwilibrücke,100004595,YTH23035971,7.8407526,47.995213,(UTC+01:00) Europe/Paris DST,2013-02-17T01:00:00+01:00,na,na,105,105,na,na,na
Eco Counter GmbH,Stadt Freiburg,751,Wiwilibrücke,100004595,YTH23035971,7.8407526,47.995213,(UTC+01:00) Europe/Paris DST,2013-02-17T02:00:00+01:00,na,na,72,72,na,na,na
Eco Counter GmbH,Stadt Freiburg,751,Wiwilibrücke,100004595,YTH23035971,7.8407526,47.995213,(UTC+01:00) Europe/Paris DST,2013-02-17T03:00:00+01:00,na,na,59,59,na,na,na
Eco Counter GmbH,Stadt Freiburg,751,Wiwilibrücke,100004595,YTH23035971,7.8407526,47.995213,(UTC+01:00) Europe/Paris DST,2013-02-17T04:00:00+01:00,na,na,24,24,na,na,na
Eco Counter GmbH,Stadt Freiburg,751,Wiwilibrücke,100004595,YTH23035971,7.8407526,47.995213,(UTC+01:00) Europe/Paris DST,2013-02-17T05:00:00+01:00,na,na,32,32,na,na,na
Eco Counter GmbH,Stadt Freiburg,751,Wiwilibrücke,100004595,YTH23035971,7.8407526,47.995213,(UTC+01:00) Europe/Paris DST,2013-02-17T06:00:00+01:00,na,na,9,9,na,na,na
Eco Counter GmbH,Stadt Freiburg,751,Wiwilibrücke,100004595,YTH23035971,7.8407526,47.995213,(UTC+01:00) Europe/Paris DST,2013-02-17T07:00:00+01:00,na,na,12,12,na,na,na
Eco Counter GmbH,Stadt Freiburg,751,Wiwilibrücke,100004595,YTH23035971,7.8407526,47.995213,(UTC+01:00) Europe/Paris DST,2013-02-17T08:00:00+01:00,na,na,33,33,na,na,na
Eco Counter GmbH,Stadt Freiburg,751,Wiwilibrücke,100004595,YTH23035971,7.8407526,47.995213,(UTC+01:00) Europe/Paris DST,2013-02-17T09:00:00+01:00,na,na,59,59,na,na,na
Eco Counter GmbH,Stadt Freiburg,751,Wiwilibrücke,100004595,YTH23035971,7.8407526,47.995213,(UTC+01:00) Europe/Paris DST,2013-02-17T10:00:00+01:00,na,na,86,86,na,na,na
Eco Counter GmbH,Stadt Freiburg,751,Wiwilibrücke,100004595,YTH23035971,7.8407526,47.995213,(UTC+01:00) Europe/Paris DST,2013-02-17T11:00:00+01:00,na,na,102,102,na,na,na
Eco Counter GmbH,Stadt Freiburg,751,Wiwilibrücke,100004595,YTH23035971,7.8407526,47.995213,(UTC+01:00) Europe/Paris DST,2013-02-17T12:00:00+01:00,na,na,98,98,na,na,na
Eco Counter GmbH,Stadt Freiburg,751,Wiwilibrücke,100004595,YTH23035971,7.8407526,47.995213,(UTC+01:00) Europe/Paris DST,2013-02-17T13:00:00+01:00,na,na,102,102,na,na,na
Eco Counter GmbH,Stadt Freiburg,751,Wiwilibrücke,100004595,YTH23035971,7.8407526,47.995213,(UTC+01:00) Europe/Paris DST,2013-02-17T14:00:00+01:00,na,na,116,116,na,na,na
Eco Counter GmbH,Stadt Freiburg,751,Wiwilibrücke,100004595,YTH23035971,7.8407526,47.995213,(UTC+01:00) Europe/Paris DST,2013-02-17T15:00:00+01:00,na,na,138,138,na,na,na
Eco Counter GmbH,Stadt Freiburg,751,Wiwilibrücke,100004595,YTH23035971,7.8407526,47.995213,(UTC+01:00) Europe/Paris DST,2013-02-17T16:00:00+01:00,na,na,155,155,na,na,na
Eco Counter GmbH,Stadt Freiburg,751,Wiwilibrücke,100004595,YTH23035971,7.8407526,47.995213,(UTC+01:00) Europe/Paris DST,2013-02-17T17:00:00+01:00,na,na,147,147,na,na,na
Eco Counter GmbH,Stadt Freiburg,751,Wiwilibrücke,100004595,YTH23035971,7.8407526,47.995213,(UTC+01:00) Europe/Paris DST,2013-02-17T18:00:00+01:00,na,na,126,126,na,na,na
Eco Counter GmbH,Stadt Freiburg,751,Wiwilibrücke,100004595,YTH23035971,7.8407526,47.995213,(UTC+01:00) Europe/Paris DST,2013-02-17T19:00:00+01:00,na,na,132,132,na,na,na
Eco Counter GmbH,Stadt Freiburg,751,Wiwilibrücke,100004595,YTH23035971,7.8407526,47.995213,(UTC+01:00) Europe/Paris DST,2013-02-17T20:00:00+01:00,na,na,71,71,na,na,na
Eco Counter GmbH,Stadt Freiburg,751,Wiwilibrücke,100004595,YTH23035971,7.8407526,47.995213,(UTC+01:00) Europe/Paris DST,2013-02-17T21:00:00+01:00,na,na,93,93,na,na,na
Eco Counter GmbH,Stadt Freiburg,751,Wiwilibrücke,100004595,YTH23035971,7.8407526,47.995213,(UTC+01:00) Europe/Paris DST,2013-02-17T22:00:00+01:00,na,na,70,70,na,na,na
Eco Counter GmbH,Stadt Freiburg,751,Wiwilibrücke,100004595,YTH23035971,7.8407526,47.995213,(UTC+01:00) Europe/Paris DST,2013-02-17T23:00:00+01:00,na,na,63,63,na,na,na
Eco Counter GmbH,Stadt Freiburg,751,Wiwilibrücke,100004595,YTH23035971,7.8407526,47.995213,(UTC+01:00) Europe/Paris DST,2013-02-18T00:00:00+01:00,na,na,38,38,na,na,na
Eco Counter GmbH,Stadt Freiburg,751,Wiwilibrücke,100004595,YTH23035971,7.8407526,47.995213,(UTC+01:00) Europe/Paris DST,2013-02-18T01:00:00+01:00,na,na,19,19,na,na,na
Eco Counter GmbH,Stadt Freiburg,751,Wiwilibrücke,100004595,YTH23035971,7.8407526,47.995213,(UTC+01:00) Europe/Paris DST,2013-02-18T02:00:00+01:00,na,na,16,16,na,na,na
Eco Counter GmbH,Stadt Freiburg,751,Wiwilibrücke,100004595,YTH23035971,7.8407526,47.995213,(UTC+01:00) Europe/Paris DST,2013-02-18T03:00:00+01:00,na,na,3,3,na,na,na
Eco Counter GmbH,Stadt Freiburg,751,Wiwilibrücke,100004595,YTH23035971,7.8407526,47.995213,(UTC+01:00) Europe/Paris DST,2013-02-18T04:00:00+01:00,na,na,5,5,na,na,na
Eco Counter GmbH,Stadt Freiburg,751,Wiwilibrücke,100004595,YTH23035971,7.8407526,47.995213,(UTC+01:00) Europe/Paris DST,2013-02-18T05:00:00+01:00,na,na,30,30,na,na,na
Eco Counter GmbH,Stadt Freiburg,751,Wiwilibrücke,100004595,YTH23035971,7.8407526,47.995213,(UTC+01:00) Europe/Paris DST,2013-02-18T06:00:00+01:00,na,na,108,108,na,na,na
Eco Counter GmbH,Stadt Freiburg,751,Wiwilibrücke,100004595,YTH23035971,7.8407526,47.995213,(UTC+01:00) Europe/Paris DST,2013-02-18T07:00:00+01:00,na,na,370,370,na,na,na
Eco Counter GmbH,Stadt Freiburg,751,Wiwilibrücke,100004595,YTH23035971,7.8407526,47.995213,(UTC+01:00) Europe/Paris DST,2013-02-18T08:00:00+01:00,na,na,431,431,na,na,na
Eco Counter GmbH,Stadt Freiburg,751,Wiwilibrücke,100004595,YTH23035971,7.8407526,47.995213,(UTC+01:00) Europe/Paris DST,2013-02-18T09:00:00+01:00,na,na,335,335,na,na,na
Eco Counter GmbH,Stadt Freiburg,751,Wiwilibrücke,100004595,YTH23035971,7.8407526,47.995213,(UTC+01:00) Europe/Paris DST,2013-02-18T10:00:00+01:00,na,na,240,240,na,na,na
Eco Counter GmbH,Stadt Freiburg,751,Wiwilibrücke,100004595,YTH23035971,7.8407526,47.995213,(UTC+01:00) Europe/Paris DST,2013-02-18T11:00:00+01:00,na,na,324,324,na,na,na
Eco Counter GmbH,Stadt Freiburg,751,Wiwilibrücke,100004595,YTH23035971,7.8407526,47.995213,(UTC+01:00) Europe/Paris DST,2013-02-18T12:00:00+01:00,na,na,345,345,na,na,na
Eco Counter GmbH,Stadt Freiburg,751,Wiwilibrücke,100004595,YTH23035971,7.8407526,47.995213,(UTC+01:00) Europe/Paris DST,2013-02-18T13:00:00+01:00,na,na,407,407,na,na,na
Eco Counter GmbH,Stadt Freiburg,751,Wiwilibrücke,100004595,YTH23035971,7.8407526,47.995213,(UTC+01:00) Europe/Paris DST,2013-02-18T14:00:00+01:00,na,na,337,337,na,na,na
Eco Counter GmbH,Stadt Freiburg,751,Wiwilibrücke,100004595,YTH23035971,7.8407526,47.995213,(UTC+01:00) Europe/Paris DST,2013-02-18T15:00:00+01:00,na,na,396,396,na,na,na
Eco Counter GmbH,Stadt Freiburg,751,Wiwilibrücke,100004595,YTH23035971,7.8407526,47.995213,(UTC+01:00) Europe/Paris DST,2013-02-18T16:00:00+01:00,na,na,484,484,na,na,na
Eco Counter GmbH,Stadt Freiburg,751,Wiwilibrücke,100004595,YTH23035971,7.8407526,47.995213,(UTC+01:00) Europe/Paris DST,2013-02-18T17:00:00+01:00,na,na,537,537,na,na,na
Eco Counter GmbH,Stadt Freiburg,751,Wiwilibrücke,100004595,YTH23035971,7.8407526,47.995213,(UTC+01:00) Europe/Paris DST,2013-02-18T18:00:00+01:00,na,na,454,454,na,na,na
Eco Counter GmbH,Stadt Freiburg,751,Wiwilibrücke,100004595,YTH23035971,7.8407526,47.995213,(UTC+01:00) Europe/Paris DST,2013-02-18T19:00:00+01:00,na,na,331,331,na,na,na
Eco Counter GmbH,Stadt Freiburg,751,Wiwilibrücke,100004595,YTH23035971,7.8407526,47.995213,(UTC+01:00) Europe/Paris DST,2013-02-18T20:00:00+01:00,na,na,215,215,na,na,na
Eco Counter GmbH,Stadt Freiburg,751,Wiwilibrücke,100004595,YTH23035971,7.8407526,47.995213,(UTC+01:00) Europe/Paris DST,2013-02-18T21:00:00+01:00,na,na,166,166,na,na,na
Eco Counter GmbH,Stadt Freiburg,751,Wiwilibrücke,100004595,YTH23035971,7.8407526,47.995213,(UTC+01:00) Europe/Paris DST,2013-02-18T22:00:00+01:00,na,na,105,105,na,na,na
Eco Counter GmbH,Stadt Freiburg,751,Wiwilibrücke,100004595,YTH23035971,7.8407526,47.995213,(UTC+01:00) Europe/Paris DST,2013-02-18T23:00:00+01:00,na,na,95,95,na,na,na
Eco Counter GmbH,Stadt Freiburg,751,Wiwilibrücke,100004595,YTH23035971,7.8407526,47.995213,(UTC+01:00) Europe/Paris DST,2013-02-19T00:00:00+01:00,na,na,45,45,na,na,na
Eco Counter GmbH,Stadt Freiburg,751,Wiwilibrücke,100004595,YTH23035971,7.8407526,47.995213,(UTC+01:00) Europe/Paris DST,2013-02-19T01:00:00+01:00,na,na,21,21,na,na,na
Eco Counter GmbH,Stadt Freiburg,751,Wiwilibrücke,100004595,YTH23035971,7.8407526,47.995213,(UTC+01:00) Europe/Paris DST,2013-02-19T02:00:00+01:00,na,na,23,23,na,na,na
Eco Counter GmbH,Stadt Freiburg,751,Wiwilibrücke,100004595,YTH23035971,7.8407526,47.995213,(UTC+01:00) Europe/Paris DST,2013-02-19T03:00:00+01:00,na,na,20,20,na,na,na
Eco Counter GmbH,Stadt Freiburg,751,Wiwilibrücke,100004595,YTH23035971,7.8407526,47.995213,(UTC+01:00) Europe/Paris DST,2013-02-19T04:00:00+01:00,na,na,5,5,na,na,na
Eco Counter GmbH,Stadt Freiburg,751,Wiwilibrücke,100004595,YTH23035971,7.8407526,47.995213,(UTC+01:00) Europe/Paris DST,2013-02-19T05:00:00+01:00,na,na,32,32,na,na,na
Eco Counter GmbH,Stadt Freiburg,751,Wiwilibrücke,100004595,YTH23035971,7.8407526,47.995213,(UTC+01:00) Europe/Paris DST,2013-02-19T06:00:00+01:00,na,na,108,108,na,na,na
Eco Counter GmbH,Stadt Freiburg,751,Wiwilibrücke,100004595,YTH23035971,7.8407526,47.995213,(UTC+01:00) Europe/Paris DST,2013-02-19T07:00:00+01:00,na,na,435,435,na,na,na
Eco Counter GmbH,Stadt Freiburg,751,Wiwilibrücke,100004595,YTH23035971,7.8407526,47.995213,(UTC+01:00) Europe/Paris DST,2013-02-19T08:00:00+01:00,na,na,497,497,na,na,na
Eco Counter GmbH,Stadt Freiburg,751,Wiwilibrücke,100004595,YTH23035971,7.8407526,47.995213,(UTC+01:00) Europe/Paris DST,2013-02-19T09:00:00+01:00,na,na,319,319,na,na,na
Eco Counter GmbH,Stadt Freiburg,751,Wiwilibrücke,100004595,YTH23035971,7.8407526,47.995213,(UTC+01:00) Europe/Paris DST,2013-02-19T10:00:00+01:00,na,na,249,249,na,na,na
Eco Counter GmbH,Stadt Freiburg,751,Wiwilibrücke,100004595,YTH23035971,7.8407526,47.995213,(UTC+01:00) Europe/Paris DST,2013-02-19T11:00:00+01:00,na,na,285,285,na,na,na
Eco Counter GmbH,Stadt Freiburg,751,Wiwilibrücke,100004595,YTH23035971,7.8407526,47.995213,(UTC+01:00) Europe/Paris DST,2013-02-19T12:00:00+01:00,na,na,351,351,na,na,na
Eco Counter GmbH,Stadt Freiburg,751,Wiwilibrücke,100004595,YTH23035971,7.8407526,47.995213,(UTC+01:00) Europe/Paris DST,2013-02-19T13:00:00+01:00,na,na,420,420,na,na,na
Eco Counter GmbH,Stadt Freiburg,751,Wiwilibrücke,100004595,YTH23035971,7.8407526,47.995213,(UTC+01:00) Europe/Paris DST,2013-02-19T14:00:00+01:00,na,na,349,349,na,na,na
Eco Counter GmbH,Stadt Freiburg,751,Wiwilibrücke,100004595,YTH23035971,7.8407526,47.995213,(UTC+01:00) Europe/Paris DST,2013-02-19T15:00:00+01:00,na,na,391,391,na,na,na
Eco Counter GmbH,Stadt Freiburg,751,Wiwilibrücke,100004595,YTH23035971,7.8407526,47.995213,(UTC+01:00) Europe/Paris DST,2013-02-19T16:00:00+01:00,na,na,401,401,na,na,na
Eco Counter GmbH,Stadt Freiburg,751,Wiwilibrücke,100004595,YTH23035971,7.8407526,47.995213,(UTC+01:00) Europe/Paris DST,2013-02-19T17:00:00+01:00,na,na,546,546,na,na,na
Eco Counter GmbH,Stadt Freiburg,751,Wiwilibrücke,100004595,YTH23035971,7.8407526,47.995213,(UTC+01:00) Europe/Paris DST,2013-02-19T18:00:00+01:00,na,na,450,450,na,na,na
Eco Counter GmbH,Stadt Freiburg,751,Wiwilibrücke,100004595,YTH23035971,7.8407526,47.995213,(UTC+01:00) Europe/Paris DST,2013-02-19T19:00:00+01:00,na,na,384,384,na,na,na
Eco Counter GmbH,Stadt Freiburg,751,Wiwilibrücke,100004595,YTH23035971,7.8407526,47.995213,(UTC+01:00) Europe/Paris DST,2013-02-19T20:00:00+01:00,na,na,229,229,na,na,na
Eco Counter GmbH,Stadt Freiburg,751,Wiwilibrücke,100004595,YTH23035971,7.8407526,47.995213,(UTC+01:00) Europe/Paris DST,2013-02-19T21:00:00+01:00,na,na,168,168,na,na,na
Eco Counter GmbH,Stadt Freiburg,751,Wiwilibrücke,100004595,YTH23035971,7.8407526,47.995213,(UTC+01:00) Europe/Paris DST,2013-02-19T22:00:00+01:00,na,na,254,254,na,na,na
Eco Counter GmbH,Stadt Freiburg,751,Wiwilibrücke,100004595,YTH23035971,7.8407526,47.995213,(UTC+01:00) Europe/Paris DST,2013-02-19T23:00:00+01:00,na,na,155,155,na,na,na
Eco Counter GmbH,Stadt Freiburg,751,Wiwilibrücke,100004595,YTH23035971,7.8407526,47.995213,(UTC+01:00) Europe/Paris DST,2013-02-20T00:00:00+01:00,na,na,59,59,na,na,na
Eco Counter GmbH,Stadt Freiburg,751,Wiwilibrücke,100004595,YTH23035971,7.8407526,47.995213,(UTC+01:00) Europe/Paris DST,2013-02-20T01:00:00+01:00,na,na,62,62,na,na,na
Eco Counter GmbH,Stadt Freiburg,751,Wiwilibrücke,100004595,YTH23035971,7.8407526,47.995213,(UTC+01:00) Europe/Paris DST,2013-02-20T02:00:00+01:00,na,na,26,26,na,na,na
Eco Counter GmbH,Stadt Freiburg,751,Wiwilibrücke,100004595,YTH23035971,7.8407526,47.995213,(UTC+01:00) Europe/Paris DST,2013-02-20T03:00:00+01:00,na,na,7,7,na,na,na
Eco Counter GmbH,Stadt Freiburg,751,Wiwilibrücke,100004595,YTH23035971,7.8407526,47.995213,(UTC+01:00) Europe/Paris DST,2013-02-20T04:00:00+01:00,na,na,12,12,na,na,na
Eco Counter GmbH,Stadt Freiburg,751,Wiwilibrücke,100004595,YTH23035971,7.8407526,47.995213,(UTC+01:00) Europe/Paris DST,2013-02-20T05:00:00+01:00,na,na,28,28,na,na,na
Eco Counter GmbH,Stadt Freiburg,751,Wiwilibrücke,100004595,YTH23035971,7.8407526,47.995213,(UTC+01:00) Europe/Paris DST,2013-02-20T06:00:00+01:00,na,na,94,94,na,na,na
Eco Counter GmbH,Stadt Freiburg,751,Wiwilibrücke,100004595,YTH23035971,7.8407526,47.995213,(UTC+01:00) Europe/Paris DST,2013-02-20T07:00:00+01:00,na,na,423,423,na,na,na
Eco Counter GmbH,Stadt Freiburg,751,Wiwilibrücke,100004595,YTH23035971,7.8407526,47.995213,(UTC+01:00) Europe/Paris DST,2013-02-20T08:00:00+01:00,na,na,427,427,na,na,na
Eco Counter GmbH,Stadt Freiburg,751,Wiwilibrücke,100004595,YTH23035971,7.8407526,47.995213,(UTC+01:00) Europe/Paris DST,2013-02-20T09:00:00+01:00,na,na,322,322,na,na,na
Eco Counter GmbH,Stadt Freiburg,751,Wiwilibrücke,100004595,YTH23035971,7.8407526,47.995213,(UTC+01:00) Europe/Paris DST,2013-02-20T10:00:00+01:00,na,na,237,237,na,na,na
Eco Counter GmbH,Stadt Freiburg,751,Wiwilibrücke,100004595,YTH23035971,7.8407526,47.995213,(UTC+01:00) Europe/Paris DST,2013-02-20T11:00:00+01:00,na,na,288,288,na,na,na
Eco Counter GmbH,Stadt Freiburg,751,Wiwilibrücke,100004595,YTH23035971,7.8407526,47.995213,(UTC+01:00) Europe/Paris DST,2013-02-20T12:00:00+01:00,na,na,344,344,na,na,na
Eco Counter GmbH,Stadt Freiburg,751,Wiwilibrücke,100004595,YTH23035971,7.8407526,47.995213,(UTC+01:00) Europe/Paris DST,2013-02-20T13:00:00+01:00,na,na,370,370,na,na,na
Eco Counter GmbH,Stadt Freiburg,751,Wiwilibrücke,100004595,YTH23035971,7.8407526,47.995213,(UTC+01:00) Europe/Paris DST,2013-02-20T14:00:00+01:00,na,na,337,337,na,na,na
Eco Counter GmbH,Stadt Freiburg,751,Wiwilibrücke,100004595,YTH23035971,7.8407526,47.995213,(UTC+01:00) Europe/Paris DST,2013-02-20T15:00:00+01:00,na,na,344,344,na,na,na
Eco Counter GmbH,Stadt Freiburg,751,Wiwilibrücke,100004595,YTH23035971,7.8407526,47.995213,(UTC+01:00) Europe/Paris DST,2013-02-20T16:00:00+01:00,na,na,380,380,na,na,na
Eco Counter GmbH,Stadt Freiburg,751,Wiwilibrücke,100004595,YTH23035971,7.8407526,47.995213,(UTC+01:00) Europe/Paris DST,2013-02-20T17:00:00+01:00,na,na,468,468,na,na,na
Eco Counter GmbH,Stadt Freiburg,751,Wiwilibrücke,100004595,YTH23035971,7.8407526,47.995213,(UTC+01:00) Europe/Paris DST,2013-02-20T18:00:00+01:00,na,na,451,451,na,na,na
Eco Counter GmbH,Stadt Freiburg,751,Wiwilibrücke,100004595,YTH23035971,7.8407526,47.995213,(UTC+01:00) Europe/Paris DST,2013-02-20T19:00:00+01:00,na,na,323,323,na,na,na
Eco Counter GmbH,Stadt Freiburg,751,Wiwilibrücke,100004595,YTH23035971,7.8407526,47.995213,(UTC+01:00) Europe/Paris DST,2013-02-20T20:00:00+01:00,na,na,193,193,na,na,na
Eco Counter GmbH,Stadt Freiburg,751,Wiwilibrücke,100004595,YTH23035971,7.8407526,47.995213,(UTC+01:00) Europe/Paris DST,2013-02-20T21:00:00+01:00,na,na,166,166,na,na,na
Eco Counter GmbH,Stadt Freiburg,751,Wiwilibrücke,100004595,YTH23035971,7.8407526,47.995213,(UTC+01:00) Europe/Paris DST,2013-02-20T22:00:00+01:00,na,na,155,155,na,na,na
Eco Counter GmbH,Stadt Freiburg,751,Wiwilibrücke,100004595,YTH23035971,7.8407526,47.995213,(UTC+01:00) Europe/Paris DST,2013-02-20T23:00:00+01:00,na,na,114,114,na,na,na
Eco Counter GmbH,Stadt Freiburg,751,Wiwilibrücke,100004595,YTH23035971,7.8407526,47.995213,(UTC+01:00) Europe/Paris DST,2013-02-21T00:00:00+01:00,na,na,74,74,na,na,na
Eco Counter GmbH,Stadt Freiburg,751,Wiwilibrücke,100004595,YTH23035971,7.8407526,47.995213,(UTC+01:00) Europe/Paris DST,2013-02-21T01:00:00+01:00,na,na,22,22,na,na,na
Eco Counter GmbH,Stadt Freiburg,751,Wiwilibrücke,100004595,YTH23035971,7.8407526,47.995213,(UTC+01:00) Europe/Paris DST,2013-02-21T02:00:00+01:00,na,na,21,21,na,na,na
Eco Counter GmbH,Stadt Freiburg,751,Wiwilibrücke,100004595,YTH23035971,7.8407526,47.995213,(UTC+01:00) Europe/Paris DST,2013-02-21T03:00:00+01:00,na,na,6,6,na,na,na
Eco Counter GmbH,Stadt Freiburg,751,Wiwilibrücke,100004595,YTH23035971,7.8407526,47.995213,(UTC+01:00) Europe/Paris DST,2013-02-21T04:00:00+01:00,na,na,8,8,na,na,na
Eco Counter GmbH,Stadt Freiburg,751,Wiwilibrücke,100004595,YTH23035971,7.8407526,47.995213,(UTC+01:00) Europe/Paris DST,2013-02-21T05:00:00+01:00,na,na,17,17,na,na,na
Eco Counter GmbH,Stadt Freiburg,751,Wiwilibrücke,100004595,YTH23035971,7.8407526,47.995213,(UTC+01:00) Europe/Paris DST,2013-02-21T06:00:00+01:00,na,na,93,93,na,na,na
Eco Counter GmbH,Stadt Freiburg,751,Wiwilibrücke,100004595,YTH23035971,7.8407526,47.995213,(UTC+01:00) Europe/Paris DST,2013-02-21T07:00:00+01:00,na,na,422,422,na,na,na
Eco Counter GmbH,Stadt Freiburg,751,Wiwilibrücke,100004595,YTH23035971,7.8407526,47.995213,(UTC+01:00) Europe/Paris DST,2013-02-21T08:00:00+01:00,na,na,436,436,na,na,na
Eco Counter GmbH,Stadt Freiburg,751,Wiwilibrücke,100004595,YTH23035971,7.8407526,47.995213,(UTC+01:00) Europe/Paris DST,2013-02-21T09:00:00+01:00,na,na,302,302,na,na,na
Eco Counter GmbH,Stadt Freiburg,751,Wiwilibrücke,100004595,YTH23035971,7.8407526,47.995213,(UTC+01:00) Europe/Paris DST,2013-02-21T10:00:00+01:00,na,na,233,233,na,na,na
Eco Counter GmbH,Stadt Freiburg,751,Wiwilibrücke,100004595,YTH23035971,7.8407526,47.995213,(UTC+01:00) Europe/Paris DST,2013-02-21T11:00:00+01:00,na,na,300,300,na,na,na
Eco Counter GmbH,Stadt Freiburg,751,Wiwilibrücke,100004595,YTH23035971,7.8407526,47.995213,(UTC+01:00) Europe/Paris DST,2013-02-21T12:00:00+01:00,na,na,375,375,na,na,na
Eco Counter GmbH,Stadt Freiburg,751,Wiwilibrücke,100004595,YTH23035971,7.8407526,47.995213,(UTC+01:00) Europe/Paris DST,2013-02-21T13:00:00+01:00,na,na,396,396,na,na,na
Eco Counter GmbH,Stadt Freiburg,751,Wiwilibrücke,100004595,YTH23035971,7.8407526,47.995213,(UTC+01:00) Europe/Paris DST,2013-02-21T14:00:00+01:00,na,na,347,347,na,na,na
Eco Counter GmbH,Stadt Freiburg,751,Wiwilibrücke,100004595,YTH23035971,7.8407526,47.995213,(UTC+01:00) Europe/Paris DST,2013-02-21T15:00:00+01:00,na,na,309,309,na,na,na
Eco Counter GmbH,Stadt Freiburg,751,Wiwilibrücke,100004595,YTH23035971,7.8407526,47.995213,(UTC+01:00) Europe/Paris DST,2013-02-21T16:00:00+01:00,na,na,403,403,na,na,na
Eco Counter GmbH,Stadt Freiburg,751,Wiwilibrücke,100004595,YTH23035971,7.8407526,47.995213,(UTC+01:00) Europe/Paris DST,2013-02-21T17:00:00+01:00,na,na,472,472,na,na,na
Eco Counter GmbH,Stadt Freiburg,751,Wiwilibrücke,100004595,YTH23035971,7.8407526,47.995213,(UTC+01:00) Europe/Paris DST,2013-02-21T18:00:00+01:00,na,na,401,401,na,na,na
Eco Counter GmbH,Stadt Freiburg,751,Wiwilibrücke,100004595,YTH23035971,7.8407526,47.995213,(UTC+01:00) Europe/Paris DST,2013-02-21T19:00:00+01:00,na,na,363,363,na,na,na
Eco Counter GmbH,Stadt Freiburg,751,Wiwilibrücke,100004595,YTH23035971,7.8407526,47.995213,(UTC+01:00) Europe/Paris DST,2013-02-21T20:00:00+01:00,na,na,186,186,na,na,na
Eco Counter GmbH,Stadt Freiburg,751,Wiwilibrücke,100004595,YTH23035971,7.8407526,47.995213,(UTC+01:00) Europe/Paris DST,2013-02-21T21:00:00+01:00,na,na,176,176,na,na,na
Eco Counter GmbH,Stadt Freiburg,751,Wiwilibrücke,100004595,YTH23035971,7.8407526,47.995213,(UTC+01:00) Europe/Paris DST,2013-02-21T22:00:00+01:00,na,na,167,167,na,na,na
Eco Counter GmbH,Stadt Freiburg,751,Wiwilibrücke,100004595,YTH23035971,7.8407526,47.995213,(UTC+01:00) Europe/Paris DST,2013-02-21T23:00:00+01:00,na,na,137,137,na,na,na
Eco Counter GmbH,Stadt Freiburg,751,Wiwilibrücke,100004595,YTH23035971,7.8407526,47.995213,(UTC+01:00) Europe/Paris DST,2013-02-22T00:00:00+01:00,na,na,90,90,na,na,na
Eco Counter GmbH,Stadt Freiburg,751,Wiwilibrücke,100004595,YTH23035971,7.8407526,47.995213,(UTC+01:00) Europe/Paris DST,2013-02-22T01:00:00+01:00,na,na,47,47,na,na,na
Eco Counter GmbH,Stadt Freiburg,751,Wiwilibrücke,100004595,YTH23035971,7.8407526,47.995213,(UTC+01:00) Europe/Paris DST,2013-02-22T02:00:00+01:00,na,na,21,21,na,na,na
Eco Counter GmbH,Stadt Freiburg,751,Wiwilibrücke,100004595,YTH23035971,7.8407526,47.995213,(UTC+01:00) Europe/Paris DST,2013-02-22T03:00:00+01:00,na,na,11,11,na,na,na
Eco Counter GmbH,Stadt Freiburg,751,Wiwilibrücke,100004595,YTH23035971,7.8407526,47.995213,(UTC+01:00) Europe/Paris DST,2013-02-22T04:00:00+01:00,na,na,5,5,na,na,na
Eco Counter GmbH,Stadt Freiburg,751,Wiwilibrücke,100004595,YTH23035971,7.8407526,47.995213,(UTC+01:00) Europe/Paris DST,2013-02-22T05:00:00+01:00,na,na,27,27,na,na,na
Eco Counter GmbH,Stadt Freiburg,751,Wiwilibrücke,100004595,YTH23035971,7.8407526,47.995213,(UTC+01:00) Europe/Paris DST,2013-02-22T06:00:00+01:00,na,na,88,88,na,na,na
Eco Counter GmbH,Stadt Freiburg,751,Wiwilibrücke,100004595,YTH23035971,7.8407526,47.995213,(UTC+01:00) Europe/Paris DST,2013-02-22T07:00:00+01:00,na,na,374,374,na,na,na
Eco Counter GmbH,Stadt Freiburg,751,Wiwilibrücke,100004595,YTH23035971,7.8407526,47.995213,(UTC+01:00) Europe/Paris DST,2013-02-22T08:00:00+01:00,na,na,397,397,na,na,na
Eco Counter GmbH,Stadt Freiburg,751,Wiwilibrücke,100004595,YTH23035971,7.8407526,47.995213,(UTC+01:00) Europe/Paris DST,2013-02-22T09:00:00+01:00,na,na,307,307,na,na,na
Eco Counter GmbH,Stadt Freiburg,751,Wiwilibrücke,100004595,YTH23035971,7.8407526,47.995213,(UTC+01:00) Europe/Paris DST,2013-02-22T10:00:00+01:00,na,na,223,223,na,na,na
Eco Counter GmbH,Stadt Freiburg,751,Wiwilibrücke,100004595,YTH23035971,7.8407526,47.995213,(UTC+01:00) Europe/Paris DST,2013-02-22T11:00:00+01:00,na,na,246,246,na,na,na
Eco Counter GmbH,Stadt Freiburg,751,Wiwilibrücke,100004595,YTH23035971,7.8407526,47.995213,(UTC+01:00) Europe/Paris DST,2013-02-22T12:00:00+01:00,na,na,347,347,na,na,na
Eco Counter GmbH,Stadt Freiburg,751,Wiwilibrücke,100004595,YTH23035971,7.8407526,47.995213,(UTC+01:00) Europe/Paris DST,2013-02-22T13:00:00+01:00,na,na,327,327,na,na,na
Eco Counter GmbH,Stadt Freiburg,751,Wiwilibrücke,100004595,YTH23035971,7.8407526,47.995213,(UTC+01:00) Europe/Paris DST,2013-02-22T14:00:00+01:00,na,na,298,298,na,na,na
Eco Counter GmbH,Stadt Freiburg,751,Wiwilibrücke,100004595,YTH23035971,7.8407526,47.995213,(UTC+01:00) Europe/Paris DST,2013-02-22T15:00:00+01:00,na,na,292,292,na,na,na
Eco Counter GmbH,Stadt Freiburg,751,Wiwilibrücke,100004595,YTH23035971,7.8407526,47.995213,(UTC+01:00) Europe/Paris DST,2013-02-22T16:00:00+01:00,na,na,328,328,na,na,na
Eco Counter GmbH,Stadt Freiburg,751,Wiwilibrücke,100004595,YTH23035971,7.8407526,47.995213,(UTC+01:00) Europe/Paris DST,2013-02-22T17:00:00+01:00,na,na,411,411,na,na,na
Eco Counter GmbH,Stadt Freiburg,751,Wiwilibrücke,100004595,YTH23035971,7.8407526,47.995213,(UTC+01:00) Europe/Paris DST,2013-02-22T18:00:00+01:00,na,na,333,333,na,na,na
Eco Counter GmbH,Stadt Freiburg,751,Wiwilibrücke,100004595,YTH23035971,7.8407526,47.995213,(UTC+01:00) Europe/Paris DST,2013-02-22T19:00:00+01:00,na,na,281,281,na,na,na
Eco Counter GmbH,Stadt Freiburg,751,Wiwilibrücke,100004595,YTH23035971,7.8407526,47.995213,(UTC+01:00) Europe/Paris DST,2013-02-22T20:00:00+01:00,na,na,190,190,na,na,na
Eco Counter GmbH,Stadt Freiburg,751,Wiwilibrücke,100004595,YTH23035971,7.8407526,47.995213,(UTC+01:00) Europe/Paris DST,2013-02-22T21:00:00+01:00,na,na,124,124,na,na,na
Eco Counter GmbH,Stadt Freiburg,751,Wiwilibrücke,100004595,YTH23035971,7.8407526,47.995213,(UTC+01:00) Europe/Paris DST,2013-02-22T22:00:00+01:00,na,na,158,158,na,na,na
Eco Counter GmbH,Stadt Freiburg,751,Wiwilibrücke,100004595,YTH23035971,7.8407526,47.995213,(UTC+01:00) Europe/Paris DST,2013-02-22T23:00:00+01:00,na,na,111,111,na,na,na
Eco Counter GmbH,Stadt Freiburg,751,Wiwilibrücke,100004595,YTH23035971,7.8407526,47.995213,(UTC+01:00) Europe/Paris DST,2013-02-23T00:00:00+01:00,na,na,118,118,na,na,na
Eco Counter GmbH,Stadt Freiburg,751,Wiwilibrücke,100004595,YTH23035971,7.8407526,47.995213,(UTC+01:00) Europe/Paris DST,2013-02-23T01:00:00+01:00,na,na,71,71,na,na,na
Eco Counter GmbH,Stadt Freiburg,751,Wiwilibrücke,100004595,YTH23035971,7.8407526,47.995213,(UTC+01:00) Europe/Paris DST,2013-02-23T02:00:00+01:00,na,na,82,82,na,na,na
Eco Counter GmbH,Stadt Freiburg,751,Wiwilibrücke,100004595,YTH23035971,7.8407526,47.995213,(UTC+01:00) Europe/Paris DST,2013-02-23T03:00:00+01:00,na,na,54,54,na,na,na
Eco Counter GmbH,Stadt Freiburg,751,Wiwilibrücke,100004595,YTH23035971,7.8407526,47.995213,(UTC+01:00) Europe/Paris DST,2013-02-23T04:00:00+01:00,na,na,20,20,na,na,na
Eco Counter GmbH,Stadt Freiburg,751,Wiwilibrücke,100004595,YTH23035971,7.8407526,47.995213,(UTC+01:00) Europe/Paris DST,2013-02-23T05:00:00+01:00,na,na,27,27,na,na,na
Eco Counter GmbH,Stadt Freiburg,751,Wiwilibrücke,100004595,YTH23035971,7.8407526,47.995213,(UTC+01:00) Europe/Paris DST,2013-02-23T06:00:00+01:00,na,na,15,15,na,na,na
Eco Counter GmbH,Stadt Freiburg,751,Wiwilibrücke,100004595,YTH23035971,7.8407526,47.995213,(UTC+01:00) Europe/Paris DST,2013-02-23T07:00:00+01:00,na,na,41,41,na,na,na
Eco Counter GmbH,Stadt Freiburg,751,Wiwilibrücke,100004595,YTH23035971,7.8407526,47.995213,(UTC+01:00) Europe/Paris DST,2013-02-23T08:00:00+01:00,na,na,69,69,na,na,na
Eco Counter GmbH,Stadt Freiburg,751,Wiwilibrücke,100004595,YTH23035971,7.8407526,47.995213,(UTC+01:00) Europe/Paris DST,2013-02-23T09:00:00+01:00,na,na,136,136,na,na,na
Eco Counter GmbH,Stadt Freiburg,751,Wiwilibrücke,100004595,YTH23035971,7.8407526,47.995213,(UTC+01:00) Europe/Paris DST,2013-02-23T10:00:00+01:00,na,na,229,229,na,na,na
Eco Counter GmbH,Stadt Freiburg,751,Wiwilibrücke,100004595,YTH23035971,7.8407526,47.995213,(UTC+01:00) Europe/Paris DST,2013-02-23T11:00:00+01:00,na,na,216,216,na,na,na
Eco Counter GmbH,Stadt Freiburg,751,Wiwilibrücke,100004595,YTH23035971,7.8407526,47.995213,(UTC+01:00) Europe/Paris DST,2013-02-23T12:00:00+01:00,na,na,271,271,na,na,na
Eco Counter GmbH,Stadt Freiburg,751,Wiwilibrücke,100004595,YTH23035971,7.8407526,47.995213,(UTC+01:00) Europe/Paris DST,2013-02-23T13:00:00+01:00,na,na,292,292,na,na,na
Eco Counter GmbH,Stadt Freiburg,751,Wiwilibrücke,100004595,YTH23035971,7.8407526,47.995213,(UTC+01:00) Europe/Paris DST,2013-02-23T14:00:00+01:00,na,na,259,259,na,na,na
Eco Counter GmbH,Stadt Freiburg,751,Wiwilibrücke,100004595,YTH23035971,7.8407526,47.995213,(UTC+01:00) Europe/Paris DST,2013-02-23T15:00:00+01:00,na,na,185,185,na,na,na
Eco Counter GmbH,Stadt Freiburg,751,Wiwilibrücke,100004595,YTH23035971,7.8407526,47.995213,(UTC+01:00) Europe/Paris DST,2013-02-23T16:00:00+01:00,na,na,179,179,na,na,na
Eco Counter GmbH,Stadt Freiburg,751,Wiwilibrücke,100004595,YTH23035971,7.8407526,47.995213,(UTC+01:00) Europe/Paris DST,2013-02-23T17:00:00+01:00,na,na,164,164,na,na,na
Eco Counter GmbH,Stadt Freiburg,751,Wiwilibrücke,100004595,YTH23035971,7.8407526,47.995213,(UTC+01:00) Europe/Paris DST,2013-02-23T18:00:00+01:00,na,na,194,194,na,na,na
Eco Counter GmbH,Stadt Freiburg,751,Wiwilibrücke,100004595,YTH23035971,7.8407526,47.995213,(UTC+01:00) Europe/Paris DST,2013-02-23T19:00:00+01:00,na,na,155,155,na,na,na
Eco Counter GmbH,Stadt Freiburg,751,Wiwilibrücke,100004595,YTH23035971,7.8407526,47.995213,(UTC+01:00) Europe/Paris DST,2013-02-23T20:00:00+01:00,na,na,128,128,na,na,na
Eco Counter GmbH,Stadt Freiburg,751,Wiwilibrücke,100004595,YTH23035971,7.8407526,47.995213,(UTC+01:00) Europe/Paris DST,2013-02-23T21:00:00+01:00,na,na,99,99,na,na,na
Eco Counter GmbH,Stadt Freiburg,751,Wiwilibrücke,100004595,YTH23035971,7.8407526,47.995213,(UTC+01:00) Europe/Paris DST,2013-02-23T22:00:00+01:00,na,na,78,78,na,na,na
Eco Counter GmbH,Stadt Freiburg,751,Wiwilibrücke,100004595,YTH23035971,7.8407526,47.995213,(UTC+01:00) Europe/Paris DST,2013-02-23T23:00:00+01:00,na,na,98,98,na,na,na
Eco Counter GmbH,Stadt Freiburg,751,Wiwilibrücke,100004595,YTH23035971,7.8407526,47.995213,(UTC+01:00) Europe/Paris DST,2013-02-24T00:00:00+01:00,na,na,102,102,na,na,na
Eco Counter GmbH,Stadt Freiburg,751,Wiwilibrücke,100004595,YTH23035971,7.8407526,47.995213,(UTC+01:00) Europe/Paris DST,2013-02-24T01:00:00+01:00,na,na,70,70,na,na,na
Eco Counter GmbH,Stadt Freiburg,751,Wiwilibrücke,100004595,YTH23035971,7.8407526,47.995213,(UTC+01:00) Europe/Paris DST,2013-02-24T02:00:00+01:00,na,na,43,43,na,na,na
Eco Counter GmbH,Stadt Freiburg,751,Wiwilibrücke,100004595,YTH23035971,7.8407526,47.995213,(UTC+01:00) Europe/Paris DST,2013-02-24T03:00:00+01:00,na,na,31,31,na,na,na
Eco Counter GmbH,Stadt Freiburg,751,Wiwilibrücke,100004595,YTH23035971,7.8407526,47.995213,(UTC+01:00) Europe/Paris DST,2013-02-24T04:00:00+01:00,na,na,15,15,na,na,na
Eco Counter GmbH,Stadt Freiburg,751,Wiwilibrücke,100004595,YTH23035971,7.8407526,47.995213,(UTC+01:00) Europe/Paris DST,2013-02-24T05:00:00+01:00,na,na,24,24,na,na,na
Eco Counter GmbH,Stadt Freiburg,751,Wiwilibrücke,100004595,YTH23035971,7.8407526,47.995213,(UTC+01:00) Europe/Paris DST,2013-02-24T06:00:00+01:00,na,na,18,18,na,na,na
Eco Counter GmbH,Stadt Freiburg,751,Wiwilibrücke,100004595,YTH23035971,7.8407526,47.995213,(UTC+01:00) Europe/Paris DST,2013-02-24T07:00:00+01:00,na,na,19,19,na,na,na
Eco Counter GmbH,Stadt Freiburg,751,Wiwilibrücke,100004595,YTH23035971,7.8407526,47.995213,(UTC+01:00) Europe/Paris DST,2013-02-24T08:00:00+01:00,na,na,28,28,na,na,na
Eco Counter GmbH,Stadt Freiburg,751,Wiwilibrücke,100004595,YTH23035971,7.8407526,47.995213,(UTC+01:00) Europe/Paris DST,2013-02-24T09:00:00+01:00,na,na,42,42,na,na,na
Eco Counter GmbH,Stadt Freiburg,751,Wiwilibrücke,100004595,YTH23035971,7.8407526,47.995213,(UTC+01:00) Europe/Paris DST,2013-02-24T10:00:00+01:00,na,na,56,56,na,na,na
Eco Counter GmbH,Stadt Freiburg,751,Wiwilibrücke,100004595,YTH23035971,7.8407526,47.995213,(UTC+01:00) Europe/Paris DST,2013-02-24T11:00:00+01:00,na,na,54,54,na,na,na
Eco Counter GmbH,Stadt Freiburg,751,Wiwilibrücke,100004595,YTH23035971,7.8407526,47.995213,(UTC+01:00) Europe/Paris DST,2013-02-24T12:00:00+01:00,na,na,45,45,na,na,na
Eco Counter GmbH,Stadt Freiburg,751,Wiwilibrücke,100004595,YTH23035971,7.8407526,47.995213,(UTC+01:00) Europe/Paris DST,2013-02-24T13:00:00+01:00,na,na,70,70,na,na,na
Eco Counter GmbH,Stadt Freiburg,751,Wiwilibrücke,100004595,YTH23035971,7.8407526,47.995213,(UTC+01:00) Europe/Paris DST,2013-02-24T14:00:00+01:00,na,na,87,87,na,na,na
Eco Counter GmbH,Stadt Freiburg,751,Wiwilibrücke,100004595,YTH23035971,7.8407526,47.995213,(UTC+01:00) Europe/Paris DST,2013-02-24T15:00:00+01:00,na,na,73,73,na,na,na
Eco Counter GmbH,Stadt Freiburg,751,Wiwilibrücke,100004595,YTH23035971,7.8407526,47.995213,(UTC+01:00) Europe/Paris DST,2013-02-24T16:00:00+01:00,na,na,93,93,na,na,na
Eco Counter GmbH,Stadt Freiburg,751,Wiwilibrücke,100004595,YTH23035971,7.8407526,47.995213,(UTC+01:00) Europe/Paris DST,2013-02-24T17:00:00+01:00,na,na,106,106,na,na,na
Eco Counter GmbH,Stadt Freiburg,751,Wiwilibrücke,100004595,YTH23035971,7.8407526,47.995213,(UTC+01:00) Europe/Paris DST,2013-02-24T18:00:00+01:00,na,na,123,123,na,na,na
Eco Counter GmbH,Stadt Freiburg,751,Wiwilibrücke,100004595,YTH23035971,7.8407526,47.995213,(UTC+01:00) Europe/Paris DST,2013-02-24T19:00:00+01:00,na,na,95,95,na,na,na
Eco Counter GmbH,Stadt Freiburg,751,Wiwilibrücke,100004595,YTH23035971,7.8407526,47.995213,(UTC+01:00) Europe/Paris DST,2013-02-24T20:00:00+01:00,na,na,73,73,na,na,na
Eco Counter GmbH,Stadt Freiburg,751,Wiwilibrücke,100004595,YTH23035971,7.8407526,47.995213,(UTC+01:00) Europe/Paris DST,2013-02-24T21:00:00+01:00,na,na,67,67,na,na,na
Eco Counter GmbH,Stadt Freiburg,751,Wiwilibrücke,100004595,YTH23035971,7.8407526,47.995213,(UTC+01:00) Europe/Paris DST,2013-02-24T22:00:00+01:00,na,na,46,46,na,na,na
Eco Counter GmbH,Stadt Freiburg,751,Wiwilibrücke,100004595,YTH23035971,7.8407526,47.995213,(UTC+01:00) Europe/Paris DST,2013-02-24T23:00:00+01:00,na,na,44,44,na,na,na
Eco Counter GmbH,Stadt Freiburg,751,Wiwilibrücke,100004595,YTH23035971,7.8407526,47.995213,(UTC+01:00) Europe/Paris DST,2013-02-25T00:00:00+01:00,na,na,26,26,na,na,na
Eco Counter GmbH,Stadt Freiburg,751,Wiwilibrücke,100004595,YTH23035971,7.8407526,47.995213,(UTC+01:00) Europe/Paris DST,2013-02-25T01:00:00+01:00,na,na,10,10,na,na,na
Eco Counter GmbH,Stadt Freiburg,751,Wiwilibrücke,100004595,YTH23035971,7.8407526,47.995213,(UTC+01:00) Europe/Paris DST,2013-02-25T02:00:00+01:00,na,na,4,4,na,na,na
Eco Counter GmbH,Stadt Freiburg,751,Wiwilibrücke,100004595,YTH23035971,7.8407526,47.995213,(UTC+01:00) Europe/Paris DST,2013-02-25T03:00:00+01:00,na,na,2,2,na,na,na
Eco Counter GmbH,Stadt Freiburg,751,Wiwilibrücke,100004595,YTH23035971,7.8407526,47.995213,(UTC+01:00) Europe/Paris DST,2013-02-25T04:00:00+01:00,na,na,3,3,na,na,na
Eco Counter GmbH,Stadt Freiburg,751,Wiwilibrücke,100004595,YTH23035971,7.8407526,47.995213,(UTC+01:00) Europe/Paris DST,2013-02-25T05:00:00+01:00,na,na,30,30,na,na,na
Eco Counter GmbH,Stadt Freiburg,751,Wiwilibrücke,100004595,YTH23035971,7.8407526,47.995213,(UTC+01:00) Europe/Paris DST,2013-02-25T06:00:00+01:00,na,na,73,73,na,na,na
Eco Counter GmbH,Stadt Freiburg,751,Wiwilibrücke,100004595,YTH23035971,7.8407526,47.995213,(UTC+01:00) Europe/Paris DST,2013-02-25T07:00:00+01:00,na,na,339,339,na,na,na
Eco Counter GmbH,Stadt Freiburg,751,Wiwilibrücke,100004595,YTH23035971,7.8407526,47.995213,(UTC+01:00) Europe/Paris DST,2013-02-25T08:00:00+01:00,na,na,415,415,na,na,na
Eco Counter GmbH,Stadt Freiburg,751,Wiwilibrücke,100004595,YTH23035971,7.8407526,47.995213,(UTC+01:00) Europe/Paris DST,2013-02-25T09:00:00+01:00,na,na,264,264,na,na,na
Eco Counter GmbH,Stadt Freiburg,751,Wiwilibrücke,100004595,YTH23035971,7.8407526,47.995213,(UTC+01:00) Europe/Paris DST,2013-02-25T10:00:00+01:00,na,na,208,208,na,na,na
Eco Counter GmbH,Stadt Freiburg,751,Wiwilibrücke,100004595,YTH23035971,7.8407526,47.995213,(UTC+01:00) Europe/Paris DST,2013-02-25T11:00:00+01:00,na,na,272,272,na,na,na
Eco Counter GmbH,Stadt Freiburg,751,Wiwilibrücke,100004595,YTH23035971,7.8407526,47.995213,(UTC+01:00) Europe/Paris DST,2013-02-25T12:00:00+01:00,na,na,328,328,na,na,na
Eco Counter GmbH,Stadt Freiburg,751,Wiwilibrücke,100004595,YTH23035971,7.8407526,47.995213,(UTC+01:00) Europe/Paris DST,2013-02-25T13:00:00+01:00,na,na,307,307,na,na,na
Eco Counter GmbH,Stadt Freiburg,751,Wiwilibrücke,100004595,YTH23035971,7.8407526,47.995213,(UTC+01:00) Europe/Paris DST,2013-02-25T14:00:00+01:00,na,na,290,290,na,na,na
Eco Counter GmbH,Stadt Freiburg,751,Wiwilibrücke,100004595,YTH23035971,7.8407526,47.995213,(UTC+01:00) Europe/Paris DST,2013-02-25T15:00:00+01:00,na,na,267,267,na,na,na
Eco Counter GmbH,Stadt Freiburg,751,Wiwilibrücke,100004595,YTH23035971,7.8407526,47.995213,(UTC+01:00) Europe/Paris DST,2013-02-25T16:00:00+01:00,na,na,378,378,na,na,na
Eco Counter GmbH,Stadt Freiburg,751,Wiwilibrücke,100004595,YTH23035971,7.8407526,47.995213,(UTC+01:00) Europe/Paris DST,2013-02-25T17:00:00+01:00,na,na,420,420,na,na,na
Eco Counter GmbH,Stadt Freiburg,751,Wiwilibrücke,100004595,YTH23035971,7.8407526,47.995213,(UTC+01:00) Europe/Paris DST,2013-02-25T18:00:00+01:00,na,na,400,400,na,na,na
Eco Counter GmbH,Stadt Freiburg,751,Wiwilibrücke,100004595,YTH23035971,7.8407526,47.995213,(UTC+01:00) Europe/Paris DST,2013-02-25T19:00:00+01:00,na,na,292,292,na,na,na
Eco Counter GmbH,Stadt Freiburg,751,Wiwilibrücke,100004595,YTH23035971,7.8407526,47.995213,(UTC+01:00) Europe/Paris DST,2013-02-25T20:00:00+01:00,na,na,217,217,na,na,na
Eco Counter GmbH,Stadt Freiburg,751,Wiwilibrücke,100004595,YTH23035971,7.8407526,47.995213,(UTC+01:00) Europe/Paris DST,2013-02-25T21:00:00+01:00,na,na,134,134,na,na,na
Eco Counter GmbH,Stadt Freiburg,751,Wiwilibrücke,100004595,YTH23035971,7.8407526,47.995213,(UTC+01:00) Europe/Paris DST,2013-02-25T22:00:00+01:00,na,na,101,101,na,na,na
Eco Counter GmbH,Stadt Freiburg,751,Wiwilibrücke,100004595,YTH23035971,7.8407526,47.995213,(UTC+01:00) Europe/Paris DST,2013-02-25T23:00:00+01:00,na,na,88,88,na,na,na
Eco Counter GmbH,Stadt Freiburg,751,Wiwilibrücke,100004595,YTH23035971,7.8407526,47.995213,(UTC+01:00) Europe/Paris DST,2013-02-26T00:00:00+01:00,na,na,33,33,na,na,na
Eco Counter GmbH,Stadt Freiburg,751,Wiwilibrücke,100004595,YTH23035971,7.8407526,47.995213,(UTC+01:00) Europe/Paris DST,2013-02-26T01:00:00+01:00,na,na,22,22,na,na,na
Eco Counter GmbH,Stadt Freiburg,751,Wiwilibrücke,100004595,YTH23035971,7.8407526,47.995213,(UTC+01:00) Europe/Paris DST,2013-02-26T02:00:00+01:00,na,na,12,12,na,na,na
Eco Counter GmbH,Stadt Freiburg,751,Wiwilibrücke,100004595,YTH23035971,7.8407526,47.995213,(UTC+01:00) Europe/Paris DST,2013-02-26T03:00:00+01:00,na,na,8,8,na,na,na
Eco Counter GmbH,Stadt Freiburg,751,Wiwilibrücke,100004595,YTH23035971,7.8407526,47.995213,(UTC+01:00) Europe/Paris DST,2013-02-26T04:00:00+01:00,na,na,10,10,na,na,na
Eco Counter GmbH,Stadt Freiburg,751,Wiwilibrücke,100004595,YTH23035971,7.8407526,47.995213,(UTC+01:00) Europe/Paris DST,2013-02-26T05:00:00+01:00,na,na,25,25,na,na,na
Eco Counter GmbH,Stadt Freiburg,751,Wiwilibrücke,100004595,YTH23035971,7.8407526,47.995213,(UTC+01:00) Europe/Paris DST,2013-02-26T06:00:00+01:00,na,na,93,93,na,na,na
Eco Counter GmbH,Stadt Freiburg,751,Wiwilibrücke,100004595,YTH23035971,7.8407526,47.995213,(UTC+01:00) Europe/Paris DST,2013-02-26T07:00:00+01:00,na,na,413,413,na,na,na
Eco Counter GmbH,Stadt Freiburg,751,Wiwilibrücke,100004595,YTH23035971,7.8407526,47.995213,(UTC+01:00) Europe/Paris DST,2013-02-26T08:00:00+01:00,na,na,438,438,na,na,na
Eco Counter GmbH,Stadt Freiburg,751,Wiwilibrücke,100004595,YTH23035971,7.8407526,47.995213,(UTC+01:00) Europe/Paris DST,2013-02-26T09:00:00+01:00,na,na,290,290,na,na,na
Eco Counter GmbH,Stadt Freiburg,751,Wiwilibrücke,100004595,YTH23035971,7.8407526,47.995213,(UTC+01:00) Europe/Paris DST,2013-02-26T10:00:00+01:00,na,na,246,246,na,na,na
Eco Counter GmbH,Stadt Freiburg,751,Wiwilibrücke,100004595,YTH23035971,7.8407526,47.995213,(UTC+01:00) Europe/Paris DST,2013-02-26T11:00:00+01:00,na,na,276,276,na,na,na
Eco Counter GmbH,Stadt Freiburg,751,Wiwilibrücke,100004595,YTH23035971,7.8407526,47.995213,(UTC+01:00) Europe/Paris DST,2013-02-26T12:00:00+01:00,na,na,358,358,na,na,na
Eco Counter GmbH,Stadt Freiburg,751,Wiwilibrücke,100004595,YTH23035971,7.8407526,47.995213,(UTC+01:00) Europe/Paris DST,2013-02-26T13:00:00+01:00,na,na,344,344,na,na,na
Eco Counter GmbH,Stadt Freiburg,751,Wiwilibrücke,100004595,YTH23035971,7.8407526,47.995213,(UTC+01:00) Europe/Paris DST,2013-02-26T14:00:00+01:00,na,na,280,280,na,na,na
Eco Counter GmbH,Stadt Freiburg,751,Wiwilibrücke,100004595,YTH23035971,7.8407526,47.995213,(UTC+01:00) Europe/Paris DST,2013-02-26T15:00:00+01:00,na,na,303,303,na,na,na
Eco Counter GmbH,Stadt Freiburg,751,Wiwilibrücke,100004595,YTH23035971,7.8407526,47.995213,(UTC+01:00) Europe/Paris DST,2013-02-26T16:00:00+01:00,na,na,377,377,na,na,na
Eco Counter GmbH,Stadt Freiburg,751,Wiwilibrücke,100004595,YTH23035971,7.8407526,47.995213,(UTC+01:00) Europe/Paris DST,2013-02-26T17:00:00+01:00,na,na,511,511,na,na,na
Eco Counter GmbH,Stadt Freiburg,751,Wiwilibrücke,100004595,YTH23035971,7.8407526,47.995213,(UTC+01:00) Europe/Paris DST,2013-02-26T18:00:00+01:00,na,na,490,490,na,na,na
Eco Counter GmbH,Stadt Freiburg,751,Wiwilibrücke,100004595,YTH23035971,7.8407526,47.995213,(UTC+01:00) Europe/Paris DST,2013-02-26T19:00:00+01:00,na,na,322,322,na,na,na
Eco Counter GmbH,Stadt Freiburg,751,Wiwilibrücke,100004595,YTH23035971,7.8407526,47.995213,(UTC+01:00) Europe/Paris DST,2013-02-26T20:00:00+01:00,na,na,175,175,na,na,na
Eco Counter GmbH,Stadt Freiburg,751,Wiwilibrücke,100004595,YTH23035971,7.8407526,47.995213,(UTC+01:00) Europe/Paris DST,2013-02-26T21:00:00+01:00,na,na,178,178,na,na,na
Eco Counter GmbH,Stadt Freiburg,751,Wiwilibrücke,100004595,YTH23035971,7.8407526,47.995213,(UTC+01:00) Europe/Paris DST,2013-02-26T22:00:00+01:00,na,na,165,165,na,na,na
Eco Counter GmbH,Stadt Freiburg,751,Wiwilibrücke,100004595,YTH23035971,7.8407526,47.995213,(UTC+01:00) Europe/Paris DST,2013-02-26T23:00:00+01:00,na,na,133,133,na,na,na
Eco Counter GmbH,Stadt Freiburg,751,Wiwilibrücke,100004595,YTH23035971,7.8407526,47.995213,(UTC+01:00) Europe/Paris DST,2013-02-27T00:00:00+01:00,na,na,61,61,na,na,na
Eco Counter GmbH,Stadt Freiburg,751,Wiwilibrücke,100004595,YTH23035971,7.8407526,47.995213,(UTC+01:00) Europe/Paris DST,2013-02-27T01:00:00+01:00,na,na,45,45,na,na,na
Eco Counter GmbH,Stadt Freiburg,751,Wiwilibrücke,100004595,YTH23035971,7.8407526,47.995213,(UTC+01:00) Europe/Paris DST,2013-02-27T02:00:00+01:00,na,na,18,18,na,na,na
Eco Counter GmbH,Stadt Freiburg,751,Wiwilibrücke,100004595,YTH23035971,7.8407526,47.995213,(UTC+01:00) Europe/Paris DST,2013-02-27T03:00:00+01:00,na,na,8,8,na,na,na
Eco Counter GmbH,Stadt Freiburg,751,Wiwilibrücke,100004595,YTH23035971,7.8407526,47.995213,(UTC+01:00) Europe/Paris DST,2013-02-27T04:00:00+01:00,na,na,9,9,na,na,na
Eco Counter GmbH,Stadt Freiburg,751,Wiwilibrücke,100004595,YTH23035971,7.8407526,47.995213,(UTC+01:00) Europe/Paris DST,2013-02-27T05:00:00+01:00,na,na,34,34,na,na,na
Eco Counter GmbH,Stadt Freiburg,751,Wiwilibrücke,100004595,YTH23035971,7.8407526,47.995213,(UTC+01:00) Europe/Paris DST,2013-02-27T06:00:00+01:00,na,na,101,101,na,na,na
Eco Counter GmbH,Stadt Freiburg,751,Wiwilibrücke,100004595,YTH23035971,7.8407526,47.995213,(UTC+01:00) Europe/Paris DST,2013-02-27T07:00:00+01:00,na,na,421,421,na,na,na
Eco Counter GmbH,Stadt Freiburg,751,Wiwilibrücke,100004595,YTH23035971,7.8407526,47.995213,(UTC+01:00) Europe/Paris DST,2013-02-27T08:00:00+01:00,na,na,481,481,na,na,na
Eco Counter GmbH,Stadt Freiburg,751,Wiwilibrücke,100004595,YTH23035971,7.8407526,47.995213,(UTC+01:00) Europe/Paris DST,2013-02-27T09:00:00+01:00,na,na,290,290,na,na,na
Eco Counter GmbH,Stadt Freiburg,751,Wiwilibrücke,100004595,YTH23035971,7.8407526,47.995213,(UTC+01:00) Europe/Paris DST,2013-02-27T10:00:00+01:00,na,na,257,257,na,na,na
Eco Counter GmbH,Stadt Freiburg,751,Wiwilibrücke,100004595,YTH23035971,7.8407526,47.995213,(UTC+01:00) Europe/Paris DST,2013-02-27T11:00:00+01:00,na,na,290,290,na,na,na
Eco Counter GmbH,Stadt Freiburg,751,Wiwilibrücke,100004595,YTH23035971,7.8407526,47.995213,(UTC+01:00) Europe/Paris DST,2013-02-27T12:00:00+01:00,na,na,371,371,na,na,na
Eco Counter GmbH,Stadt Freiburg,751,Wiwilibrücke,100004595,YTH23035971,7.8407526,47.995213,(UTC+01:00) Europe/Paris DST,2013-02-27T13:00:00+01:00,na,na,357,357,na,na,na
Eco Counter GmbH,Stadt Freiburg,751,Wiwilibrücke,100004595,YTH23035971,7.8407526,47.995213,(UTC+01:00) Europe/Paris DST,2013-02-27T14:00:00+01:00,na,na,318,318,na,na,na
Eco Counter GmbH,Stadt Freiburg,751,Wiwilibrücke,100004595,YTH23035971,7.8407526,47.995213,(UTC+01:00) Europe/Paris DST,2013-02-27T15:00:00+01:00,na,na,365,365,na,na,na
Eco Counter GmbH,Stadt Freiburg,751,Wiwilibrücke,100004595,YTH23035971,7.8407526,47.995213,(UTC+01:00) Europe/Paris DST,2013-02-27T16:00:00+01:00,na,na,394,394,na,na,na
Eco Counter GmbH,Stadt Freiburg,751,Wiwilibrücke,100004595,YTH23035971,7.8407526,47.995213,(UTC+01:00) Europe/Paris DST,2013-02-27T17:00:00+01:00,na,na,474,474,na,na,na
Eco Counter GmbH,Stadt Freiburg,751,Wiwilibrücke,100004595,YTH23035971,7.8407526,47.995213,(UTC+01:00) Europe/Paris DST,2013-02-27T18:00:00+01:00,na,na,451,451,na,na,na
Eco Counter GmbH,Stadt Freiburg,751,Wiwilibrücke,100004595,YTH23035971,7.8407526,47.995213,(UTC+01:00) Europe/Paris DST,2013-02-27T19:00:00+01:00,na,na,348,348,na,na,na
Eco Counter GmbH,Stadt Freiburg,751,Wiwilibrücke,100004595,YTH23035971,7.8407526,47.995213,(UTC+01:00) Europe/Paris DST,2013-02-27T20:00:00+01:00,na,na,184,184,na,na,na
Eco Counter GmbH,Stadt Freiburg,751,Wiwilibrücke,100004595,YTH23035971,7.8407526,47.995213,(UTC+01:00) Europe/Paris DST,2013-02-27T21:00:00+01:00,na,na,125,125,na,na,na
Eco Counter GmbH,Stadt Freiburg,751,Wiwilibrücke,100004595,YTH23035971,7.8407526,47.995213,(UTC+01:00) Europe/Paris DST,2013-02-27T22:00:00+01:00,na,na,192,192,na,na,na
Eco Counter GmbH,Stadt Freiburg,751,Wiwilibrücke,100004595,YTH23035971,7.8407526,47.995213,(UTC+01:00) Europe/Paris DST,2013-02-27T23:00:00+01:00,na,na,114,114,na,na,na
Eco Counter GmbH,Stadt Freiburg,751,Wiwilibrücke,100004595,YTH23035971,7.8407526,47.995213,(UTC+01:00) Europe/Paris DST,2013-02-28T00:00:00+01:00,na,na,57,57,na,na,na
Eco Counter GmbH,Stadt Freiburg,751,Wiwilibrücke,100004595,YTH23035971,7.8407526,47.995213,(UTC+01:00) Europe/Paris DST,2013-02-28T01:00:00+01:00,na,na,22,22,na,na,na
Eco Counter GmbH,Stadt Freiburg,751,Wiwilibrücke,100004595,YTH23035971,7.8407526,47.995213,(UTC+01:00) Europe/Paris DST,2013-02-28T02:00:00+01:00,na,na,15,15,na,na,na
Eco Counter GmbH,Stadt Freiburg,751,Wiwilibrücke,100004595,YTH23035971,7.8407526,47.995213,(UTC+01:00) Europe/Paris DST,2013-02-28T03:00:00+01:00,na,na,11,11,na,na,na
Eco Counter GmbH,Stadt Freiburg,751,Wiwilibrücke,100004595,YTH23035971,7.8407526,47.995213,(UTC+01:00) Europe/Paris DST,2013-02-28T04:00:00+01:00,na,na,8,8,na,na,na
Eco Counter GmbH,Stadt Freiburg,751,Wiwilibrücke,100004595,YTH23035971,7.8407526,47.995213,(UTC+01:00) Europe/Paris DST,2013-02-28T05:00:00+01:00,na,na,34,34,na,na,na
Eco Counter GmbH,Stadt Freiburg,751,Wiwilibrücke,100004595,YTH23035971,7.8407526,47.995213,(UTC+01:00) Europe/Paris DST,2013-02-28T06:00:00+01:00,na,na,103,103,na,na,na
Eco Counter GmbH,Stadt Freiburg,751,Wiwilibrücke,100004595,YTH23035971,7.8407526,47.995213,(UTC+01:00) Europe/Paris DST,2013-02-28T07:00:00+01:00,na,na,431,431,na,na,na
Eco Counter GmbH,Stadt Freiburg,751,Wiwilibrücke,100004595,YTH23035971,7.8407526,47.995213,(UTC+01:00) Europe/Paris DST,2013-02-28T08:00:00+01:00,na,na,454,454,na,na,na
Eco Counter GmbH,Stadt Freiburg,751,Wiwilibrücke,100004595,YTH23035971,7.8407526,47.995213,(UTC+01:00) Europe/Paris DST,2013-02-28T09:00:00+01:00,na,na,297,297,na,na,na
Eco Counter GmbH,Stadt Freiburg,751,Wiwilibrücke,100004595,YTH23035971,7.8407526,47.995213,(UTC+01:00) Europe/Paris DST,2013-02-28T10:00:00+01:00,na,na,228,228,na,na,na
Eco Counter GmbH,Stadt Freiburg,751,Wiwilibrücke,100004595,YTH23035971,7.8407526,47.995213,(UTC+01:00) Europe/Paris DST,2013-02-28T11:00:00+01:00,na,na,273,273,na,na,na
Eco Counter GmbH,Stadt Freiburg,751,Wiwilibrücke,100004595,YTH23035971,7.8407526,47.995213,(UTC+01:00) Europe/Paris DST,2013-02-28T12:00:00+01:00,na,na,380,380,na,na,na
Eco Counter GmbH,Stadt Freiburg,751,Wiwilibrücke,100004595,YTH23035971,7.8407526,47.995213,(UTC+01:00) Europe/Paris DST,2013-02-28T13:00:00+01:00,na,na,347,347,na,na,na
Eco Counter GmbH,Stadt Freiburg,751,Wiwilibrücke,100004595,YTH23035971,7.8407526,47.995213,(UTC+01:00) Europe/Paris DST,2013-02-28T14:00:00+01:00,na,na,294,294,na,na,na
Eco Counter GmbH,Stadt Freiburg,751,Wiwilibrücke,100004595,YTH23035971,7.8407526,47.995213,(UTC+01:00) Europe/Paris DST,2013-02-28T15:00:00+01:00,na,na,347,347,na,na,na
Eco Counter GmbH,Stadt Freiburg,751,Wiwilibrücke,100004595,YTH23035971,7.8407526,47.995213,(UTC+01:00) Europe/Paris DST,2013-02-28T16:00:00+01:00,na,na,401,401,na,na,na
Eco Counter GmbH,Stadt Freiburg,751,Wiwilibrücke,100004595,YTH23035971,7.8407526,47.995213,(UTC+01:00) Europe/Paris DST,2013-02-28T17:00:00+01:00,na,na,513,513,na,na,na
Eco Counter GmbH,Stadt Freiburg,751,Wiwilibrücke,100004595,YTH23035971,7.8407526,47.995213,(UTC+01:00) Europe/Paris DST,2013-02-28T18:00:00+01:00,na,na,467,467,na,na,na
Eco Counter GmbH,Stadt Freiburg,751,Wiwilibrücke,100004595,YTH23035971,7.8407526,47.995213,(UTC+01:00) Europe/Paris DST,2013-02-28T19:00:00+01:00,na,na,407,407,na,na,na
Eco Counter GmbH,Stadt Freiburg,751,Wiwilibrücke,100004595,YTH23035971,7.8407526,47.995213,(UTC+01:00) Europe/Paris DST,2013-02-28T20:00:00+01:00,na,na,203,203,na,na,na
Eco Counter GmbH,Stadt Freiburg,751,Wiwilibrücke,100004595,YTH23035971,7.8407526,47.995213,(UTC+01:00) Europe/Paris DST,2013-02-28T21:00:00+01:00,na,na,183,183,na,na,na
Eco Counter GmbH,Stadt Freiburg,751,Wiwilibrücke,100004595,YTH23035971,7.8407526,47.995213,(UTC+01:00) Europe/Paris DST,2013-02-28T22:00:00+01:00,na,na,185,185,na,na,na
Eco Counter GmbH,Landeshauptstadt Stuttgart,607,König-Karls-Brücke Barometer,100034882,YTH16019147,9.210372161982697,48.79912609299229,(UTC+01:00) Europe/Paris DST,2013-02-01T00:00:00+01:00,1,5,na,6,5.0,0.1,na
Eco Counter GmbH,Landeshauptstadt Stuttgart,607,König-Karls-Brücke Barometer,100034882,YTH16019147,9.210372161982697,48.79912609299229,(UTC+01:00) Europe/Paris DST,2013-02-01T01:00:00+01:00,3,6,na,9,5.0,0.1,na
Eco Counter GmbH,Landeshauptstadt Stuttgart,607,König-Karls-Brücke Barometer,100034882,YTH16019147,9.210372161982697,48.79912609299229,(UTC+01:00) Europe/Paris DST,2013-02-01T02:00:00+01:00,0,0,na,0,5.0,0.0,na
Eco Counter GmbH,Landeshauptstadt Stuttgart,607,König-Karls-Brücke Barometer,100034882,YTH16019147,9.210372161982697,48.79912609299229,(UTC+01:00) Europe/Paris DST,2013-02-01T03:00:00+01:00,0,1,na,1,5.0,0.0,na
Eco Counter GmbH,Landeshauptstadt Stuttgart,607,König-Karls-Brücke Barometer,100034882,YTH16019147,9.210372161982697,48.79912609299229,(UTC+01:00) Europe/Paris DST,2013-02-01T04:00:00+01:00,1,0,na,1,5.0,0.0,na
Eco Counter GmbH,Landeshauptstadt Stuttgart,607,König-Karls-Brücke Barometer,100034882,YTH16019147,9.210372161982697,48.79912609299229,(UTC+01:00) Europe/Paris DST,2013-02-01T05:00:00+01:00,7,10,na,17,5.0,0.1,na
Eco Counter GmbH,Landeshauptstadt Stuttgart,607,König-Karls-Brücke Barometer,100034882,YTH16019147,9.210372161982697,48.79912609299229,(UTC+01:00) Europe/Paris DST,2013-02-01T06:00:00+01:00,25,16,na,41,5.0,0.1,na
Eco Counter GmbH,Landeshauptstadt Stuttgart,607,König-Karls-Brücke Barometer,100034882,YTH16019147,9.210372161982697,48.79912609299229,(UTC+01:00) Europe/Paris DST,2013-02-01T07:00:00+01:00,43,38,na,81,5.0,0.6,na
Eco Counter GmbH,Landeshauptstadt Stuttgart,607,König-Karls-Brücke Barometer,100034882,YTH16019147,9.210372161982697,48.79912609299229,(UTC+01:00) Europe/Paris DST,2013-02-01T08:00:00+01:00,39,30,na,69,5.0,1.0,na
Eco Counter GmbH,Landeshauptstadt Stuttgart,607,König-Karls-Brücke Barometer,100034882,YTH16019147,9.210372161982697,48.79912609299229,(UTC+01:00) Europe/Paris DST,2013-02-01T09:00:00+01:00,17,15,na,32,5.0,1.4,na
Eco Counter GmbH,Landeshauptstadt Stuttgart,607,König-Karls-Brücke Barometer,100034882,YTH16019147,9.210372161982697,48.79912609299229,(UTC+01:00) Europe/Paris DST,2013-02-01T10:00:00+01:00,14,18,na,32,5.0,1.6,na
Eco Counter GmbH,Landeshauptstadt Stuttgart,607,König-Karls-Brücke Barometer,100034882,YTH16019147,9.210372161982697,48.79912609299229,(UTC+01:00) Europe/Paris DST,2013-02-01T11:00:00+01:00,12,12,na,24,5.0,1.7,na
Eco Counter GmbH,Landeshauptstadt Stuttgart,607,König-Karls-Brücke Barometer,100034882,YTH16019147,9.210372161982697,48.79912609299229,(UTC+01:00) Europe/Paris DST,2013-02-01T12:00:00+01:00,18,18,na,36,6.0,1.9,na
Eco Counter GmbH,Landeshauptstadt Stuttgart,607,König-Karls-Brücke Barometer,100034882,YTH16019147,9.210372161982697,48.79912609299229,(UTC+01:00) Europe/Paris DST,2013-02-01T13:00:00+01:00,24,39,na,63,6.0,1.7,na
Eco Counter GmbH,Landeshauptstadt Stuttgart,607,König-Karls-Brücke Barometer,100034882,YTH16019147,9.210372161982697,48.79912609299229,(UTC+01:00) Europe/Paris DST,2013-02-01T14:00:00+01:00,23,34,na,57,6.0,1.6,na
Eco Counter GmbH,Landeshauptstadt Stuttgart,607,König-Karls-Brücke Barometer,100034882,YTH16019147,9.210372161982697,48.79912609299229,(UTC+01:00) Europe/Paris DST,2013-02-01T15:00:00+01:00,22,31,na,53,6.0,1.4,na
Eco Counter GmbH,Landeshauptstadt Stuttgart,607,König-Karls-Brücke Barometer,100034882,YTH16019147,9.210372161982697,48.79912609299229,(UTC+01:00) Europe/Paris DST,2013-02-01T16:00:00+01:00,23,42,na,65,6.0,1.6,na
Eco Counter GmbH,Landeshauptstadt Stuttgart,607,König-Karls-Brücke Barometer,100034882,YTH16019147,9.210372161982697,48.79912609299229,(UTC+01:00) Europe/Paris DST,2013-02-01T17:00:00+01:00,14,45,na,59,6.0,1.8,na
Eco Counter GmbH,Landeshauptstadt Stuttgart,607,König-Karls-Brücke Barometer,100034882,YTH16019147,9.210372161982697,48.79912609299229,(UTC+01:00) Europe/Paris DST,2013-02-01T18:00:00+01:00,26,32,na,58,6.0,1.9,na
Eco Counter GmbH,Landeshauptstadt Stuttgart,607,König-Karls-Brücke Barometer,100034882,YTH16019147,9.210372161982697,48.79912609299229,(UTC+01:00) Europe/Paris DST,2013-02-01T19:00:00+01:00,15,17,na,32,6.0,2.1,na
Eco Counter GmbH,Landeshauptstadt Stuttgart,607,König-Karls-Brücke Barometer,100034882,YTH16019147,9.210372161982697,48.79912609299229,(UTC+01:00) Europe/Paris DST,2013-02-01T20:00:00+01:00,7,11,na,18,5.0,2.3,na
Eco Counter GmbH,Landeshauptstadt Stuttgart,607,König-Karls-Brücke Barometer,100034882,YTH16019147,9.210372161982697,48.79912609299229,(UTC+01:00) Europe/Paris DST,2013-02-01T21:00:00+01:00,5,14,na,19,5.0,2.4,na
Eco Counter GmbH,Landeshauptstadt Stuttgart,607,König-Karls-Brücke Barometer,100034882,YTH16019147,9.210372161982697,48.79912609299229,(UTC+01:00) Europe/Paris DST,2013-02-01T22:00:00+01:00,4,2,na,6,5.0,2.6,na
Eco Counter GmbH,Landeshauptstadt Stuttgart,607,König-Karls-Brücke Barometer,100034882,YTH16019147,9.210372161982697,48.79912609299229,(UTC+01:00) Europe/Paris DST,2013-02-01T23:00:00+01:00,5,8,na,13,5.0,2.8,na
Eco Counter GmbH,Landeshauptstadt Stuttgart,607,König-Karls-Brücke Barometer,100034882,YTH16019147,9.210372161982697,48.79912609299229,(UTC+01:00) Europe/Paris DST,2013-02-02T00:00:00+01:00,2,1,na,3,5.0,3.0,na
Eco Counter GmbH,Landeshauptstadt Stuttgart,607,König-Karls-Brücke Barometer,100034882,YTH16019147,9.210372161982697,48.79912609299229,(UTC+01:00) Europe/Paris DST,2013-02-02T01:00:00+01:00,2,0,na,2,5.0,2.8,na
Eco Counter GmbH,Landeshauptstadt Stuttgart,607,König-Karls-Brücke Barometer,100034882,YTH16019147,9.210372161982697,48.79912609299229,(UTC+01:00) Europe/Paris DST,2013-02-02T02:00:00+01:00,0,1,na,1,4.0,2.6,na
Eco Counter GmbH,Landeshauptstadt Stuttgart,607,König-Karls-Brücke Barometer,100034882,YTH16019147,9.210372161982697,48.79912609299229,(UTC+01:00) Europe/Paris DST,2013-02-02T03:00:00+01:00,0,0,na,0,4.0,2.5,na
Eco Counter GmbH,Landeshauptstadt Stuttgart,607,König-Karls-Brücke Barometer,100034882,YTH16019147,9.210372161982697,48.79912609299229,(UTC+01:00) Europe/Paris DST,2013-02-02T04:00:00+01:00,0,0,na,0,3.0,2.0,na
Eco Counter GmbH,Landeshauptstadt Stuttgart,607,König-Karls-Brücke Barometer,100034882,YTH16019147,9.210372161982697,48.79912609299229,(UTC+01:00) Europe/Paris DST,2013-02-02T05:00:00+01:00,1,1,na,2,3.0,1.6,na
Eco Counter GmbH,Landeshauptstadt Stuttgart,607,König-Karls-Brücke Barometer,100034882,YTH16019147,9.210372161982697,48.79912609299229,(UTC+01:00) Europe/Paris DST,2013-02-02T06:00:00+01:00,3,2,na,5,2.0,1.1,na
Eco Counter GmbH,Landeshauptstadt Stuttgart,607,König-Karls-Brücke Barometer,100034882,YTH16019147,9.210372161982697,48.79912609299229,(UTC+01:00) Europe/Paris DST,2013-02-02T07:00:00+01:00,7,2,na,9,2.0,0.8,na
Eco Counter GmbH,Landeshauptstadt Stuttgart,607,König-Karls-Brücke Barometer,100034882,YTH16019147,9.210372161982697,48.79912609299229,(UTC+01:00) Europe/Paris DST,2013-02-02T08:00:00+01:00,4,5,na,9,2.0,0.6,na
Eco Counter GmbH,Landeshauptstadt Stuttgart,607,König-Karls-Brücke Barometer,100034882,YTH16019147,9.210372161982697,48.79912609299229,(UTC+01:00) Europe/Paris DST,2013-02-02T09:00:00+01:00,6,6,na,12,2.0,0.3,na
Eco Counter GmbH,Landeshauptstadt Stuttgart,607,König-Karls-Brücke Barometer,100034882,YTH16019147,9.210372161982697,48.79912609299229,(UTC+01:00) Europe/Paris DST,2013-02-02T10:00:00+01:00,10,9,na,19,2.0,0.4,na
Eco Counter GmbH,Landeshauptstadt Stuttgart,607,König-Karls-Brücke Barometer,100034882,YTH16019147,9.210372161982697,48.79912609299229,(UTC+01:00) Europe/Paris DST,2013-02-02T11:00:00+01:00,12,25,na,37,2.0,0.4,na
Eco Counter GmbH,Landeshauptstadt Stuttgart,607,König-Karls-Brücke Barometer,100034882,YTH16019147,9.210372161982697,48.79912609299229,(UTC+01:00) Europe/Paris DST,2013-02-02T12:00:00+01:00,21,19,na,40,2.0,0.4,na
Eco Counter GmbH,Landeshauptstadt Stuttgart,607,König-Karls-Brücke Barometer,100034882,YTH16019147,9.210372161982697,48.79912609299229,(UTC+01:00) Europe/Paris DST,2013-02-02T13:00:00+01:00,24,28,na,52,3.0,0.4,na
Eco Counter GmbH,Landeshauptstadt Stuttgart,607,König-Karls-Brücke Barometer,100034882,YTH16019147,9.210372161982697,48.79912609299229,(UTC+01:00) Europe/Paris DST,2013-02-02T14:00:00+01:00,19,34,na,53,3.0,0.4,na
Eco Counter GmbH,Landeshauptstadt Stuttgart,607,König-Karls-Brücke Barometer,100034882,YTH16019147,9.210372161982697,48.79912609299229,(UTC+01:00) Europe/Paris DST,2013-02-02T15:00:00+01:00,33,30,na,63,3.0,0.4,na
Eco Counter GmbH,Landeshauptstadt Stuttgart,607,König-Karls-Brücke Barometer,100034882,YTH16019147,9.210372161982697,48.79912609299229,(UTC+01:00) Europe/Paris DST,2013-02-02T16:00:00+01:00,24,34,na,58,3.0,0.5,na
Eco Counter GmbH,Landeshauptstadt Stuttgart,607,König-Karls-Brücke Barometer,100034882,YTH16019147,9.210372161982697,48.79912609299229,(UTC+01:00) Europe/Paris DST,2013-02-02T17:00:00+01:00,19,33,na,52,2.0,0.5,na
Eco Counter GmbH,Landeshauptstadt Stuttgart,607,König-Karls-Brücke Barometer,100034882,YTH16019147,9.210372161982697,48.79912609299229,(UTC+01:00) Europe/Paris DST,2013-02-02T18:00:00+01:00,16,14,na,30,2.0,0.6,na
Eco Counter GmbH,Landeshauptstadt Stuttgart,607,König-Karls-Brücke Barometer,100034882,YTH16019147,9.210372161982697,48.79912609299229,(UTC+01:00) Europe/Paris DST,2013-02-02T19:00:00+01:00,6,11,na,17,1.0,0.5,na
Eco Counter GmbH,Landeshauptstadt Stuttgart,607,König-Karls-Brücke Barometer,100034882,YTH16019147,9.210372161982697,48.79912609299229,(UTC+01:00) Europe/Paris DST,2013-02-02T20:00:00+01:00,3,10,na,13,0.0,0.4,na
Eco Counter GmbH,Landeshauptstadt Stuttgart,607,König-Karls-Brücke Barometer,100034882,YTH16019147,9.210372161982697,48.79912609299229,(UTC+01:00) Europe/Paris DST,2013-02-02T21:00:00+01:00,5,4,na,9,0.0,0.2,na
Eco Counter GmbH,Landeshauptstadt Stuttgart,607,König-Karls-Brücke Barometer,100034882,YTH16019147,9.210372161982697,48.79912609299229,(UTC+01:00) Europe/Paris DST,2013-02-02T22:00:00+01:00,6,2,na,8,-1.0,0.2,na
Eco Counter GmbH,Landeshauptstadt Stuttgart,607,König-Karls-Brücke Barometer,100034882,YTH16019147,9.210372161982697,48.79912609299229,(UTC+01:00) Europe/Paris DST,2013-02-02T23:00:00+01:00,3,3,na,6,-1.0,0.1,na
Eco Counter GmbH,Landeshauptstadt Stuttgart,607,König-Karls-Brücke Barometer,100034882,YTH16019147,9.210372161982697,48.79912609299229,(UTC+01:00) Europe/Paris DST,2013-02-03T00:00:00+01:00,0,5,na,5,-2.0,0.0,na
Eco Counter GmbH,Landeshauptstadt Stuttgart,607,König-Karls-Brücke Barometer,100034882,YTH16019147,9.210372161982697,48.79912609299229,(UTC+01:00) Europe/Paris DST,2013-02-03T01:00:00+01:00,3,3,na,6,-2.0,0.0,na
Eco Counter GmbH,Landeshauptstadt Stuttgart,607,König-Karls-Brücke Barometer,100034882,YTH16019147,9.210372161982697,48.79912609299229,(UTC+01:00) Europe/Paris DST,2013-02-03T02:00:00+01:00,0,1,na,1,-2.0,0.0,na
Eco Counter GmbH,Landeshauptstadt Stuttgart,607,König-Karls-Brücke Barometer,100034882,YTH16019147,9.210372161982697,48.79912609299229,(UTC+01:00) Europe/Paris DST,2013-02-03T03:00:00+01:00,1,0,na,1,-2.0,0.1,na
Eco Counter GmbH,Landeshauptstadt Stuttgart,607,König-Karls-Brücke Barometer,100034882,YTH16019147,9.210372161982697,48.79912609299229,(UTC+01:00) Europe/Paris DST,2013-02-03T04:00:00+01:00,1,2,na,3,-1.0,0.1,na
Eco Counter GmbH,Landeshauptstadt Stuttgart,607,König-Karls-Brücke Barometer,100034882,YTH16019147,9.210372161982697,48.79912609299229,(UTC+01:00) Europe/Paris DST,2013-02-03T05:00:00+01:00,1,1,na,2,-1.0,0.2,na
Eco Counter GmbH,Landeshauptstadt Stuttgart,607,König-Karls-Brücke Barometer,100034882,YTH16019147,9.210372161982697,48.79912609299229,(UTC+01:00) Europe/Paris DST,2013-02-03T06:00:00+01:00,2,1,na,3,0.0,0.2,na
Eco Counter GmbH,Landeshauptstadt Stuttgart,607,König-Karls-Brücke Barometer,100034882,YTH16019147,9.210372161982697,48.79912609299229,(UTC+01:00) Europe/Paris DST,2013-02-03T07:00:00+01:00,3,1,na,4,0.0,0.2,na
Eco Counter GmbH,Landeshauptstadt Stuttgart,607,König-Karls-Brücke Barometer,100034882,YTH16019147,9.210372161982697,48.79912609299229,(UTC+01:00) Europe/Paris DST,2013-02-03T08:00:00+01:00,3,5,na,8,0.0,0.2,na
Eco Counter GmbH,Landeshauptstadt Stuttgart,607,König-Karls-Brücke Barometer,100034882,YTH16019147,9.210372161982697,48.79912609299229,(UTC+01:00) Europe/Paris DST,2013-02-03T09:00:00+01:00,8,11,na,19,1.0,0.2,na
Eco Counter GmbH,Landeshauptstadt Stuttgart,607,König-Karls-Brücke Barometer,100034882,YTH16019147,9.210372161982697,48.79912609299229,(UTC+01:00) Europe/Paris DST,2013-02-03T10:00:00+01:00,16,17,na,33,1.0,0.2,na
Eco Counter GmbH,Landeshauptstadt Stuttgart,607,König-Karls-Brücke Barometer,100034882,YTH16019147,9.210372161982697,48.79912609299229,(UTC+01:00) Europe/Paris DST,2013-02-03T11:00:00+01:00,19,17,na,36,1.0,0.2,na
Eco Counter GmbH,Landeshauptstadt Stuttgart,607,König-Karls-Brücke Barometer,100034882,YTH16019147,9.210372161982697,48.79912609299229,(UTC+01:00) Europe/Paris DST,2013-02-03T12:00:00+01:00,19,27,na,46,2.0,0.2,na
Eco Counter GmbH,Landeshauptstadt Stuttgart,607,König-Karls-Brücke Barometer,100034882,YTH16019147,9.210372161982697,48.79912609299229,(UTC+01:00) Europe/Paris DST,2013-02-03T13:00:00+01:00,24,37,na,61,2.0,0.2,na
Eco Counter GmbH,Landeshauptstadt Stuttgart,607,König-Karls-Brücke Barometer,100034882,YTH16019147,9.210372161982697,48.79912609299229,(UTC+01:00) Europe/Paris DST,2013-02-03T14:00:00+01:00,17,29,na,46,2.0,0.2,na
Eco Counter GmbH,Landeshauptstadt Stuttgart,607,König-Karls-Brücke Barometer,100034882,YTH16019147,9.210372161982697,48.79912609299229,(UTC+01:00) Europe/Paris DST,2013-02-03T15:00:00+01:00,26,36,na,62,2.0,0.2,na
Eco Counter GmbH,Landeshauptstadt Stuttgart,607,König-Karls-Brücke Barometer,100034882,YTH16019147,9.210372161982697,48.79912609299229,(UTC+01:00) Europe/Paris DST,2013-02-03T16:00:00+01:00,28,35,na,63,2.0,0.2,na
Eco Counter GmbH,Landeshauptstadt Stuttgart,607,König-Karls-Brücke Barometer,100034882,YTH16019147,9.210372161982697,48.79912609299229,(UTC+01:00) Europe/Paris DST,2013-02-03T17:00:00+01:00,16,23,na,39,1.0,0.1,na
Eco Counter GmbH,Landeshauptstadt Stuttgart,607,König-Karls-Brücke Barometer,100034882,YTH16019147,9.210372161982697,48.79912609299229,(UTC+01:00) Europe/Paris DST,2013-02-03T18:00:00+01:00,12,12,na,24,1.0,0.1,na
Eco Counter GmbH,Landeshauptstadt Stuttgart,607,König-Karls-Brücke Barometer,100034882,YTH16019147,9.210372161982697,48.79912609299229,(UTC+01:00) Europe/Paris DST,2013-02-03T19:00:00+01:00,12,8,na,20,1.0,0.2,na
Eco Counter GmbH,Landeshauptstadt Stuttgart,607,König-Karls-Brücke Barometer,100034882,YTH16019147,9.210372161982697,48.79912609299229,(UTC+01:00) Europe/Paris DST,2013-02-03T20:00:00+01:00,8,13,na,21,1.0,0.3,na
Eco Counter GmbH,Landeshauptstadt Stuttgart,607,König-Karls-Brücke Barometer,100034882,YTH16019147,9.210372161982697,48.79912609299229,(UTC+01:00) Europe/Paris DST,2013-02-03T21:00:00+01:00,2,6,na,8,0.0,0.5,na
Eco Counter GmbH,Landeshauptstadt Stuttgart,607,König-Karls-Brücke Barometer,100034882,YTH16019147,9.210372161982697,48.79912609299229,(UTC+01:00) Europe/Paris DST,2013-02-03T22:00:00+01:00,3,1,na,4,1.0,0.7,na
Eco Counter GmbH,Landeshauptstadt Stuttgart,607,König-Karls-Brücke Barometer,100034882,YTH16019147,9.210372161982697,48.79912609299229,(UTC+01:00) Europe/Paris DST,2013-02-03T23:00:00+01:00,3,7,na,10,1.0,0.9,na
Eco Counter GmbH,Landeshauptstadt Stuttgart,607,König-Karls-Brücke Barometer,100034882,YTH16019147,9.210372161982697,48.79912609299229,(UTC+01:00) Europe/Paris DST,2013-02-04T00:00:00+01:00,1,1,na,2,1.0,1.2,na
Eco Counter GmbH,Landeshauptstadt Stuttgart,607,König-Karls-Brücke Barometer,100034882,YTH16019147,9.210372161982697,48.79912609299229,(UTC+01:00) Europe/Paris DST,2013-02-04T01:00:00+01:00,0,0,na,0,1.0,1.1,na
Eco Counter GmbH,Landeshauptstadt Stuttgart,607,König-Karls-Brücke Barometer,100034882,YTH16019147,9.210372161982697,48.79912609299229,(UTC+01:00) Europe/Paris DST,2013-02-04T02:00:00+01:00,0,1,na,1,1.0,1.1,na
Eco Counter GmbH,Landeshauptstadt Stuttgart,607,König-Karls-Brücke Barometer,100034882,YTH16019147,9.210372161982697,48.79912609299229,(UTC+01:00) Europe/Paris DST,2013-02-04T03:00:00+01:00,0,1,na,1,1.0,1.1,na
Eco Counter GmbH,Landeshauptstadt Stuttgart,607,König-Karls-Brücke Barometer,100034882,YTH16019147,9.210372161982697,48.79912609299229,(UTC+01:00) Europe/Paris DST,2013-02-04T04:00:00+01:00,1,0,na,1,1.0,0.9,na
Eco Counter GmbH,Landeshauptstadt Stuttgart,607,König-Karls-Brücke Barometer,100034882,YTH16019147,9.210372161982697,48.79912609299229,(UTC+01:00) Europe/Paris DST,2013-02-04T05:00:00+01:00,8,8,na,16,1.0,0.8,na
Eco Counter GmbH,Landeshauptstadt Stuttgart,607,König-Karls-Brücke Barometer,100034882,YTH16019147,9.210372161982697,48.79912609299229,(UTC+01:00) Europe/Paris DST,2013-02-04T06:00:00+01:00,14,17,na,31,1.0,0.6,na
Eco Counter GmbH,Landeshauptstadt Stuttgart,607,König-Karls-Brücke Barometer,100034882,YTH16019147,9.210372161982697,48.79912609299229,(UTC+01:00) Europe/Paris DST,2013-02-04T07:00:00+01:00,52,32,na,84,1.0,0.6,na
Eco Counter GmbH,Landeshauptstadt Stuttgart,607,König-Karls-Brücke Barometer,100034882,YTH16019147,9.210372161982697,48.79912609299229,(UTC+01:00) Europe/Paris DST,2013-02-04T08:00:00+01:00,32,31,na,63,1.0,0.5,na
Eco Counter GmbH,Landeshauptstadt Stuttgart,607,König-Karls-Brücke Barometer,100034882,YTH16019147,9.210372161982697,48.79912609299229,(UTC+01:00) Europe/Paris DST,2013-02-04T09:00:00+01:00,15,10,na,25,2.0,0.5,na
Eco Counter GmbH,Landeshauptstadt Stuttgart,607,König-Karls-Brücke Barometer,100034882,YTH16019147,9.210372161982697,48.79912609299229,(UTC+01:00) Europe/Paris DST,2013-02-04T10:00:00+01:00,10,11,na,21,2.0,0.6,na
Eco Counter GmbH,Landeshauptstadt Stuttgart,607,König-Karls-Brücke Barometer,100034882,YTH16019147,9.210372161982697,48.79912609299229,(UTC+01:00) Europe/Paris DST,2013-02-04T11:00:00+01:00,13,16,na,29,3.0,0.8,na
Eco Counter GmbH,Landeshauptstadt Stuttgart,607,König-Karls-Brücke Barometer,100034882,YTH16019147,9.210372161982697,48.79912609299229,(UTC+01:00) Europe/Paris DST,2013-02-04T12:00:00+01:00,10,7,na,17,3.0,0.9,na
Eco Counter GmbH,Landeshauptstadt Stuttgart,607,König-Karls-Brücke Barometer,100034882,YTH16019147,9.210372161982697,48.79912609299229,(UTC+01:00) Europe/Paris DST,2013-02-04T13:00:00+01:00,17,19,na,36,3.0,1.0,na
Eco Counter GmbH,Landeshauptstadt Stuttgart,607,König-Karls-Brücke Barometer,100034882,YTH16019147,9.210372161982697,48.79912609299229,(UTC+01:00) Europe/Paris DST,2013-02-04T14:00:00+01:00,15,16,na,31,4.0,1.0,na
Eco Counter GmbH,Landeshauptstadt Stuttgart,607,König-Karls-Brücke Barometer,100034882,YTH16019147,9.210372161982697,48.79912609299229,(UTC+01:00) Europe/Paris DST,2013-02-04T15:00:00+01:00,17,21,na,38,4.0,1.1,na
Eco Counter GmbH,Landeshauptstadt Stuttgart,607,König-Karls-Brücke Barometer,100034882,YTH16019147,9.210372161982697,48.79912609299229,(UTC+01:00) Europe/Paris DST,2013-02-04T16:00:00+01:00,17,34,na,51,4.0,0.9,na
Eco Counter GmbH,Landeshauptstadt Stuttgart,607,König-Karls-Brücke Barometer,100034882,YTH16019147,9.210372161982697,48.79912609299229,(UTC+01:00) Europe/Paris DST,2013-02-04T17:00:00+01:00,45,59,na,104,3.0,0.7,na
Eco Counter GmbH,Landeshauptstadt Stuttgart,607,König-Karls-Brücke Barometer,100034882,YTH16019147,9.210372161982697,48.79912609299229,(UTC+01:00) Europe/Paris DST,2013-02-04T18:00:00+01:00,30,43,na,73,3.0,0.6,na
Eco Counter GmbH,Landeshauptstadt Stuttgart,607,König-Karls-Brücke Barometer,100034882,YTH16019147,9.210372161982697,48.79912609299229,(UTC+01:00) Europe/Paris DST,2013-02-04T19:00:00+01:00,21,32,na,53,3.0,0.5,na
Eco Counter GmbH,Landeshauptstadt Stuttgart,607,König-Karls-Brücke Barometer,100034882,YTH16019147,9.210372161982697,48.79912609299229,(UTC+01:00) Europe/Paris DST,2013-02-04T20:00:00+01:00,13,21,na,34,3.0,0.3,na
Eco Counter GmbH,Landeshauptstadt Stuttgart,607,König-Karls-Brücke Barometer,100034882,YTH16019147,9.210372161982697,48.79912609299229,(UTC+01:00) Europe/Paris DST,2013-02-04T21:00:00+01:00,11,12,na,23,2.0,0.2,na
Eco Counter GmbH,Landeshauptstadt Stuttgart,607,König-Karls-Brücke Barometer,100034882,YTH16019147,9.210372161982697,48.79912609299229,(UTC+01:00) Europe/Paris DST,2013-02-04T22:00:00+01:00,2,12,na,14,3.0,0.2,na
Eco Counter GmbH,Landeshauptstadt Stuttgart,607,König-Karls-Brücke Barometer,100034882,YTH16019147,9.210372161982697,48.79912609299229,(UTC+01:00) Europe/Paris DST,2013-02-04T23:00:00+01:00,2,1,na,3,3.0,0.3,na
Eco Counter GmbH,Landeshauptstadt Stuttgart,607,König-Karls-Brücke Barometer,100034882,YTH16019147,9.210372161982697,48.79912609299229,(UTC+01:00) Europe/Paris DST,2013-02-05T00:00:00+01:00,1,2,na,3,3.0,0.3,na
Eco Counter GmbH,Landeshauptstadt Stuttgart,607,König-Karls-Brücke Barometer,100034882,YTH16019147,9.210372161982697,48.79912609299229,(UTC+01:00) Europe/Paris DST,2013-02-05T01:00:00+01:00,0,0,na,0,3.0,0.2,na
Eco Counter GmbH,Landeshauptstadt Stuttgart,607,König-Karls-Brücke Barometer,100034882,YTH16019147,9.210372161982697,48.79912609299229,(UTC+01:00) Europe/Paris DST,2013-02-05T02:00:00+01:00,0,0,na,0,4.0,0.2,na
Eco Counter GmbH,Landeshauptstadt Stuttgart,607,König-Karls-Brücke Barometer,100034882,YTH16019147,9.210372161982697,48.79912609299229,(UTC+01:00) Europe/Paris DST,2013-02-05T03:00:00+01:00,0,0,na,0,4.0,0.2,na
Eco Counter GmbH,Landeshauptstadt Stuttgart,607,König-Karls-Brücke Barometer,100034882,YTH16019147,9.210372161982697,48.79912609299229,(UTC+01:00) Europe/Paris DST,2013-02-05T04:00:00+01:00,1,0,na,1,4.0,0.2,na
Eco Counter GmbH,Landeshauptstadt Stuttgart,607,König-Karls-Brücke Barometer,100034882,YTH16019147,9.210372161982697,48.79912609299229,(UTC+01:00) Europe/Paris DST,2013-02-05T05:00:00+01:00,16,11,na,27,4.0,0.2,na
Eco Counter GmbH,Landeshauptstadt Stuttgart,607,König-Karls-Brücke Barometer,100034882,YTH16019147,9.210372161982697,48.79912609299229,(UTC+01:00) Europe/Paris DST,2013-02-05T06:00:00+01:00,28,24,na,52,4.0,0.2,na
Eco Counter GmbH,Landeshauptstadt Stuttgart,607,König-Karls-Brücke Barometer,100034882,YTH16019147,9.210372161982697,48.79912609299229,(UTC+01:00) Europe/Paris DST,2013-02-05T07:00:00+01:00,49,42,na,91,4.0,0.2,na
Eco Counter GmbH,Landeshauptstadt Stuttgart,607,König-Karls-Brücke Barometer,100034882,YTH16019147,9.210372161982697,48.79912609299229,(UTC+01:00) Europe/Paris DST,2013-02-05T08:00:00+01:00,46,40,na,86,4.0,0.1,na
Eco Counter GmbH,Landeshauptstadt Stuttgart,607,König-Karls-Brücke Barometer,100034882,YTH16019147,9.210372161982697,48.79912609299229,(UTC+01:00) Europe/Paris DST,2013-02-05T09:00:00+01:00,21,14,na,35,4.0,0.1,na
Eco Counter GmbH,Landeshauptstadt Stuttgart,607,König-Karls-Brücke Barometer,100034882,YTH16019147,9.210372161982697,48.79912609299229,(UTC+01:00) Europe/Paris DST,2013-02-05T10:00:00+01:00,15,26,na,41,4.0,0.4,na
Eco Counter GmbH,Landeshauptstadt Stuttgart,607,König-Karls-Brücke Barometer,100034882,YTH16019147,9.210372161982697,48.79912609299229,(UTC+01:00) Europe/Paris DST,2013-02-05T11:00:00+01:00,18,15,na,33,4.0,0.7,na
Eco Counter GmbH,Landeshauptstadt Stuttgart,607,König-Karls-Brücke Barometer,100034882,YTH16019147,9.210372161982697,48.79912609299229,(UTC+01:00) Europe/Paris DST,2013-02-05T12:00:00+01:00,16,22,na,38,5.0,1.0,na
Eco Counter GmbH,Landeshauptstadt Stuttgart,607,König-Karls-Brücke Barometer,100034882,YTH16019147,9.210372161982697,48.79912609299229,(UTC+01:00) Europe/Paris DST,2013-02-05T13:00:00+01:00,22,18,na,40,4.0,1.7,na
Eco Counter GmbH,Landeshauptstadt Stuttgart,607,König-Karls-Brücke Barometer,100034882,YTH16019147,9.210372161982697,48.79912609299229,(UTC+01:00) Europe/Paris DST,2013-02-05T14:00:00+01:00,12,18,na,30,4.0,2.4,na
Eco Counter GmbH,Landeshauptstadt Stuttgart,607,König-Karls-Brücke Barometer,100034882,YTH16019147,9.210372161982697,48.79912609299229,(UTC+01:00) Europe/Paris DST,2013-02-05T15:00:00+01:00,14,31,na,45,4.0,3.0,na
Eco Counter GmbH,Landeshauptstadt Stuttgart,607,König-Karls-Brücke Barometer,100034882,YTH16019147,9.210372161982697,48.79912609299229,(UTC+01:00) Europe/Paris DST,2013-02-05T16:00:00+01:00,24,47,na,71,3.0,3.9,na
Eco Counter GmbH,Landeshauptstadt Stuttgart,607,König-Karls-Brücke Barometer,100034882,YTH16019147,9.210372161982697,48.79912609299229,(UTC+01:00) Europe/Paris DST,2013-02-05T17:00:00+01:00,41,66,na,107,3.0,4.7,na
Eco Counter GmbH,Landeshauptstadt Stuttgart,607,König-Karls-Brücke Barometer,100034882,YTH16019147,9.210372161982697,48.79912609299229,(UTC+01:00) Europe/Paris DST,2013-02-05T18:00:00+01:00,35,40,na,75,2.0,5.6,na
Eco Counter GmbH,Landeshauptstadt Stuttgart,607,König-Karls-Brücke Barometer,100034882,YTH16019147,9.210372161982697,48.79912609299229,(UTC+01:00) Europe/Paris DST,2013-02-05T19:00:00+01:00,22,30,na,52,1.0,4.8,na
Eco Counter GmbH,Landeshauptstadt Stuttgart,607,König-Karls-Brücke Barometer,100034882,YTH16019147,9.210372161982697,48.79912609299229,(UTC+01:00) Europe/Paris DST,2013-02-05T20:00:00+01:00,10,11,na,21,1.0,3.9,na
Eco Counter GmbH,Landeshauptstadt Stuttgart,607,König-Karls-Brücke Barometer,100034882,YTH16019147,9.210372161982697,48.79912609299229,(UTC+01:00) Europe/Paris DST,2013-02-05T21:00:00+01:00,8,5,na,13,1.0,3.1,na
Eco Counter GmbH,Landeshauptstadt Stuttgart,607,König-Karls-Brücke Barometer,100034882,YTH16019147,9.210372161982697,48.79912609299229,(UTC+01:00) Europe/Paris DST,2013-02-05T22:00:00+01:00,0,7,na,7,0.0,2.4,na
Eco Counter GmbH,Landeshauptstadt Stuttgart,607,König-Karls-Brücke Barometer,100034882,YTH16019147,9.210372161982697,48.79912609299229,(UTC+01:00) Europe/Paris DST,2013-02-05T23:00:00+01:00,4,4,na,8,0.0,1.7,na
Eco Counter GmbH,Landeshauptstadt Stuttgart,607,König-Karls-Brücke Barometer,100034882,YTH16019147,9.210372161982697,48.79912609299229,(UTC+01:00) Europe/Paris DST,2013-02-06T00:00:00+01:00,0,1,na,1,0.0,0.9,na
Eco Counter GmbH,Landeshauptstadt Stuttgart,607,König-Karls-Brücke Barometer,100034882,YTH16019147,9.210372161982697,48.79912609299229,(UTC+01:00) Europe/Paris DST,2013-02-06T01:00:00+01:00,1,0,na,1,0.0,0.8,na
Eco Counter GmbH,Landeshauptstadt Stuttgart,607,König-Karls-Brücke Barometer,100034882,YTH16019147,9.210372161982697,48.79912609299229,(UTC+01:00) Europe/Paris DST,2013-02-06T02:00:00+01:00,0,0,na,0,0.0,0.6,na
Eco Counter GmbH,Landeshauptstadt Stuttgart,607,König-Karls-Brücke Barometer,100034882,YTH16019147,9.210372161982697,48.79912609299229,(UTC+01:00) Europe/Paris DST,2013-02-06T03:00:00+01:00,0,0,na,0,0.0,0.5,na
Eco Counter GmbH,Landeshauptstadt Stuttgart,607,König-Karls-Brücke Barometer,100034882,YTH16019147,9.210372161982697,48.79912609299229,(UTC+01:00) Europe/Paris DST,2013-02-06T04:00:00+01:00,0,0,na,0,0.0,0.4,na
Eco Counter GmbH,Landeshauptstadt Stuttgart,607,König-Karls-Brücke Barometer,100034882,YTH16019147,9.210372161982697,48.79912609299229,(UTC+01:00) Europe/Paris DST,2013-02-06T05:00:00+01:00,9,4,na,13,0.0,0.4,na
Eco Counter GmbH,Landeshauptstadt Stuttgart,607,König-Karls-Brücke Barometer,100034882,YTH16019147,9.210372161982697,48.79912609299229,(UTC+01:00) Europe/Paris DST,2013-02-06T06:00:00+01:00,26,19,na,45,0.0,0.3,na
Eco Counter GmbH,Landeshauptstadt Stuttgart,607,König-Karls-Brücke Barometer,100034882,YTH16019147,9.210372161982697,48.79912609299229,(UTC+01:00) Europe/Paris DST,2013-02-06T07:00:00+01:00,40,27,na,67,0.0,0.3,na
Eco Counter GmbH,Landeshauptstadt Stuttgart,607,König-Karls-Brücke Barometer,100034882,YTH16019147,9.210372161982697,48.79912609299229,(UTC+01:00) Europe/Paris DST,2013-02-06T08:00:00+01:00,37,29,na,66,0.0,0.3,na
Eco Counter GmbH,Landeshauptstadt Stuttgart,607,König-Karls-Brücke Barometer,100034882,YTH16019147,9.210372161982697,48.79912609299229,(UTC+01:00) Europe/Paris DST,2013-02-06T09:00:00+01:00,17,7,na,24,1.0,0.2,na
Eco Counter GmbH,Landeshauptstadt Stuttgart,607,König-Karls-Brücke Barometer,100034882,YTH16019147,9.210372161982697,48.79912609299229,(UTC+01:00) Europe/Paris DST,2013-02-06T10:00:00+01:00,9,14,na,23,1.0,0.3,na
Eco Counter GmbH,Landeshauptstadt Stuttgart,607,König-Karls-Brücke Barometer,100034882,YTH16019147,9.210372161982697,48.79912609299229,(UTC+01:00) Europe/Paris DST,2013-02-06T11:00:00+01:00,8,12,na,20,2.0,0.4,na
Eco Counter GmbH,Landeshauptstadt Stuttgart,607,König-Karls-Brücke Barometer,100034882,YTH16019147,9.210372161982697,48.79912609299229,(UTC+01:00) Europe/Paris DST,2013-02-06T12:00:00+01:00,9,14,na,23,2.0,0.5,na
Eco Counter GmbH,Landeshauptstadt Stuttgart,607,König-Karls-Brücke Barometer,100034882,YTH16019147,9.210372161982697,48.79912609299229,(UTC+01:00) Europe/Paris DST,2013-02-06T13:00:00+01:00,15,13,na,28,2.0,0.7,na
Eco Counter GmbH,Landeshauptstadt Stuttgart,607,König-Karls-Brücke Barometer,100034882,YTH16019147,9.210372161982697,48.79912609299229,(UTC+01:00) Europe/Paris DST,2013-02-06T14:00:00+01:00,20,12,na,32,2.0,1.0,na
Eco Counter GmbH,Landeshauptstadt Stuttgart,607,König-Karls-Brücke Barometer,100034882,YTH16019147,9.210372161982697,48.79912609299229,(UTC+01:00) Europe/Paris DST,2013-02-06T15:00:00+01:00,23,26,na,49,2.0,1.2,na
Eco Counter GmbH,Landeshauptstadt Stuttgart,607,König-Karls-Brücke Barometer,100034882,YTH16019147,9.210372161982697,48.79912609299229,(UTC+01:00) Europe/Paris DST,2013-02-06T16:00:00+01:00,18,38,na,56,2.0,1.4,na
Eco Counter GmbH,Landeshauptstadt Stuttgart,607,König-Karls-Brücke Barometer,100034882,YTH16019147,9.210372161982697,48.79912609299229,(UTC+01:00) Europe/Paris DST,2013-02-06T17:00:00+01:00,26,50,na,76,2.0,1.6,na
Eco Counter GmbH,Landeshauptstadt Stuttgart,607,König-Karls-Brücke Barometer,100034882,YTH16019147,9.210372161982697,48.79912609299229,(UTC+01:00) Europe/Paris DST,2013-02-06T18:00:00+01:00,20,36,na,56,1.0,1.8,na
Eco Counter GmbH,Landeshauptstadt Stuttgart,607,König-Karls-Brücke Barometer,100034882,YTH16019147,9.210372161982697,48.79912609299229,(UTC+01:00) Europe/Paris DST,2013-02-06T19:00:00+01:00,20,23,na,43,1.0,1.6,na
Eco Counter GmbH,Landeshauptstadt Stuttgart,607,König-Karls-Brücke Barometer,100034882,YTH16019147,9.210372161982697,48.79912609299229,(UTC+01:00) Europe/Paris DST,2013-02-06T20:00:00+01:00,7,13,na,20,1.0,1.4,na
Eco Counter GmbH,Landeshauptstadt Stuttgart,607,König-Karls-Brücke Barometer,100034882,YTH16019147,9.210372161982697,48.79912609299229,(UTC+01:00) Europe/Paris DST,2013-02-06T21:00:00+01:00,8,9,na,17,0.0,1.2,na
Eco Counter GmbH,Landeshauptstadt Stuttgart,607,König-Karls-Brücke Barometer,100034882,YTH16019147,9.210372161982697,48.79912609299229,(UTC+01:00) Europe/Paris DST,2013-02-06T22:00:00+01:00,5,12,na,17,0.0,1.1,na
Eco Counter GmbH,Landeshauptstadt Stuttgart,607,König-Karls-Brücke Barometer,100034882,YTH16019147,9.210372161982697,48.79912609299229,(UTC+01:00) Europe/Paris DST,2013-02-06T23:00:00+01:00,3,2,na,5,-1.0,0.9,na
Eco Counter GmbH,Landeshauptstadt Stuttgart,607,König-Karls-Brücke Barometer,100034882,YTH16019147,9.210372161982697,48.79912609299229,(UTC+01:00) Europe/Paris DST,2013-02-07T00:00:00+01:00,1,1,na,2,-1.0,0.8,na
Eco Counter GmbH,Landeshauptstadt Stuttgart,607,König-Karls-Brücke Barometer,100034882,YTH16019147,9.210372161982697,48.79912609299229,(UTC+01:00) Europe/Paris DST,2013-02-07T01:00:00+01:00,0,0,na,0,-2.0,0.7,na
Eco Counter GmbH,Landeshauptstadt Stuttgart,607,König-Karls-Brücke Barometer,100034882,YTH16019147,9.210372161982697,48.79912609299229,(UTC+01:00) Europe/Paris DST,2013-02-07T02:00:00+01:00,0,0,na,0,-2.0,0.5,na
Eco Counter GmbH,Landeshauptstadt Stuttgart,607,König-Karls-Brücke Barometer,100034882,YTH16019147,9.210372161982697,48.79912609299229,(UTC+01:00) Europe/Paris DST,2013-02-07T03:00:00+01:00,1,1,na,2,-3.0,0.4,na
Eco Counter GmbH,Landeshauptstadt Stuttgart,607,König-Karls-Brücke Barometer,100034882,YTH16019147,9.210372161982697,48.79912609299229,(UTC+01:00) Europe/Paris DST,2013-02-07T04:00:00+01:00,0,0,na,0,-3.0,0.4,na
Eco Counter GmbH,Landeshauptstadt Stuttgart,607,König-Karls-Brücke Barometer,100034882,YTH16019147,9.210372161982697,48.79912609299229,(UTC+01:00) Europe/Paris DST,2013-02-07T05:00:00+01:00,7,6,na,13,-3.0,0.3,na
Eco Counter GmbH,Landeshauptstadt Stuttgart,607,König-Karls-Brücke Barometer,100034882,YTH16019147,9.210372161982697,48.79912609299229,(UTC+01:00) Europe/Paris DST,2013-02-07T06:00:00+01:00,18,9,na,27,-3.0,0.3,na
Eco Counter GmbH,Landeshauptstadt Stuttgart,607,König-Karls-Brücke Barometer,100034882,YTH16019147,9.210372161982697,48.79912609299229,(UTC+01:00) Europe/Paris DST,2013-02-07T07:00:00+01:00,39,21,na,60,-2.0,0.3,na
Eco Counter GmbH,Landeshauptstadt Stuttgart,607,König-Karls-Brücke Barometer,100034882,YTH16019147,9.210372161982697,48.79912609299229,(UTC+01:00) Europe/Paris DST,2013-02-07T08:00:00+01:00,30,28,na,58,-2.0,0.2,na
Eco Counter GmbH,Landeshauptstadt Stuttgart,607,König-Karls-Brücke Barometer,100034882,YTH16019147,9.210372161982697,48.79912609299229,(UTC+01:00) Europe/Paris DST,2013-02-07T09:00:00+01:00,14,10,na,24,-2.0,0.2,na
Eco Counter GmbH,Landeshauptstadt Stuttgart,607,König-Karls-Brücke Barometer,100034882,YTH16019147,9.210372161982697,48.79912609299229,(UTC+01:00) Europe/Paris DST,2013-02-07T10:00:00+01:00,18,8,na,26,-1.0,0.2,na
Eco Counter GmbH,Landeshauptstadt Stuttgart,607,König-Karls-Brücke Barometer,100034882,YTH16019147,9.210372161982697,48.79912609299229,(UTC+01:00) Europe/Paris DST,2013-02-07T11:00:00+01:00,11,10,na,21,0.0,0.2,na
Eco Counter GmbH,Landeshauptstadt Stuttgart,607,König-Karls-Brücke Barometer,100034882,YTH16019147,9.210372161982697,48.79912609299229,(UTC+01:00) Europe/Paris DST,2013-02-07T12:00:00+01:00,12,19,na,31,0.0,0.1,na
Eco Counter GmbH,Landeshauptstadt Stuttgart,607,König-Karls-Brücke Barometer,100034882,YTH16019147,9.210372161982697,48.79912609299229,(UTC+01:00) Europe/Paris DST,2013-02-07T13:00:00+01:00,8,18,na,26,1.0,0.2,na
Eco Counter GmbH,Landeshauptstadt Stuttgart,607,König-Karls-Brücke Barometer,100034882,YTH16019147,9.210372161982697,48.79912609299229,(UTC+01:00) Europe/Paris DST,2013-02-07T14:00:00+01:00,14,20,na,34,1.0,0.3,na
Eco Counter GmbH,Landeshauptstadt Stuttgart,607,König-Karls-Brücke Barometer,100034882,YTH16019147,9.210372161982697,48.79912609299229,(UTC+01:00) Europe/Paris DST,2013-02-07T15:00:00+01:00,24,27,na,51,1.0,0.4,na
Eco Counter GmbH,Landeshauptstadt Stuttgart,607,König-Karls-Brücke Barometer,100034882,YTH16019147,9.210372161982697,48.79912609299229,(UTC+01:00) Europe/Paris DST,2013-02-07T16:00:00+01:00,18,38,na,56,1.0,0.5,na
Eco Counter GmbH,Landeshauptstadt Stuttgart,607,König-Karls-Brücke Barometer,100034882,YTH16019147,9.210372161982697,48.79912609299229,(UTC+01:00) Europe/Paris DST,2013-02-07T17:00:00+01:00,26,41,na,67,1.0,0.5,na
Eco Counter GmbH,Landeshauptstadt Stuttgart,607,König-Karls-Brücke Barometer,100034882,YTH16019147,9.210372161982697,48.79912609299229,(UTC+01:00) Europe/Paris DST,2013-02-07T18:00:00+01:00,26,31,na,57,1.0,0.5,na
Eco Counter GmbH,Landeshauptstadt Stuttgart,607,König-Karls-Brücke Barometer,100034882,YTH16019147,9.210372161982697,48.79912609299229,(UTC+01:00) Europe/Paris DST,2013-02-07T19:00:00+01:00,19,36,na,55,0.0,0.4,na
Eco Counter GmbH,Landeshauptstadt Stuttgart,607,König-Karls-Brücke Barometer,100034882,YTH16019147,9.210372161982697,48.79912609299229,(UTC+01:00) Europe/Paris DST,2013-02-07T20:00:00+01:00,13,21,na,34,0.0,0.3,na
Eco Counter GmbH,Landeshauptstadt Stuttgart,607,König-Karls-Brücke Barometer,100034882,YTH16019147,9.210372161982697,48.79912609299229,(UTC+01:00) Europe/Paris DST,2013-02-07T21:00:00+01:00,10,9,na,19,-1.0,0.2,na
Eco Counter GmbH,Landeshauptstadt Stuttgart,607,König-Karls-Brücke Barometer,100034882,YTH16019147,9.210372161982697,48.79912609299229,(UTC+01:00) Europe/Paris DST,2013-02-07T22:00:00+01:00,6,6,na,12,-1.0,0.2,na
Eco Counter GmbH,Landeshauptstadt Stuttgart,607,König-Karls-Brücke Barometer,100034882,YTH16019147,9.210372161982697,48.79912609299229,(UTC+01:00) Europe/Paris DST,2013-02-07T23:00:00+01:00,8,3,na,11,-1.0,0.2,na
Eco Counter GmbH,Landeshauptstadt Stuttgart,607,König-Karls-Brücke Barometer,100034882,YTH16019147,9.210372161982697,48.79912609299229,(UTC+01:00) Europe/Paris DST,2013-02-08T00:00:00+01:00,0,1,na,1,-1.0,0.2,na
Eco Counter GmbH,Landeshauptstadt Stuttgart,607,König-Karls-Brücke Barometer,100034882,YTH16019147,9.210372161982697,48.79912609299229,(UTC+01:00) Europe/Paris DST,2013-02-08T01:00:00+01:00,1,1,na,2,-1.0,0.3,na
Eco Counter GmbH,Landeshauptstadt Stuttgart,607,König-Karls-Brücke Barometer,100034882,YTH16019147,9.210372161982697,48.79912609299229,(UTC+01:00) Europe/Paris DST,2013-02-08T02:00:00+01:00,0,0,na,0,-2.0,0.3,na
Eco Counter GmbH,Landeshauptstadt Stuttgart,607,König-Karls-Brücke Barometer,100034882,YTH16019147,9.210372161982697,48.79912609299229,(UTC+01:00) Europe/Paris DST,2013-02-08T03:00:00+01:00,0,0,na,0,-2.0,0.4,na
Eco Counter GmbH,Landeshauptstadt Stuttgart,607,König-Karls-Brücke Barometer,100034882,YTH16019147,9.210372161982697,48.79912609299229,(UTC+01:00) Europe/Paris DST,2013-02-08T04:00:00+01:00,2,1,na,3,-2.0,0.3,na
Eco Counter GmbH,Landeshauptstadt Stuttgart,607,König-Karls-Brücke Barometer,100034882,YTH16019147,9.210372161982697,48.79912609299229,(UTC+01:00) Europe/Paris DST,2013-02-08T05:00:00+01:00,6,3,na,9,-2.0,0.3,na
Eco Counter GmbH,Landeshauptstadt Stuttgart,607,König-Karls-Brücke Barometer,100034882,YTH16019147,9.210372161982697,48.79912609299229,(UTC+01:00) Europe/Paris DST,2013-02-08T06:00:00+01:00,22,20,na,42,-2.0,0.3,na
Eco Counter GmbH,Landeshauptstadt Stuttgart,607,König-Karls-Brücke Barometer,100034882,YTH16019147,9.210372161982697,48.79912609299229,(UTC+01:00) Europe/Paris DST,2013-02-08T07:00:00+01:00,27,15,na,42,-2.0,0.2,na
Eco Counter GmbH,Landeshauptstadt Stuttgart,607,König-Karls-Brücke Barometer,100034882,YTH16019147,9.210372161982697,48.79912609299229,(UTC+01:00) Europe/Paris DST,2013-02-08T08:00:00+01:00,32,26,na,58,-1.0,0.1,na
Eco Counter GmbH,Landeshauptstadt Stuttgart,607,König-Karls-Brücke Barometer,100034882,YTH16019147,9.210372161982697,48.79912609299229,(UTC+01:00) Europe/Paris DST,2013-02-08T09:00:00+01:00,13,10,na,23,-1.0,0.1,na
Eco Counter GmbH,Landeshauptstadt Stuttgart,607,König-Karls-Brücke Barometer,100034882,YTH16019147,9.210372161982697,48.79912609299229,(UTC+01:00) Europe/Paris DST,2013-02-08T10:00:00+01:00,16,10,na,26,-1.0,0.1,na
Eco Counter GmbH,Landeshauptstadt Stuttgart,607,König-Karls-Brücke Barometer,100034882,YTH16019147,9.210372161982697,48.79912609299229,(UTC+01:00) Europe/Paris DST,2013-02-08T11:00:00+01:00,9,8,na,17,0.0,0.1,na
Eco Counter GmbH,Landeshauptstadt Stuttgart,607,König-Karls-Brücke Barometer,100034882,YTH16019147,9.210372161982697,48.79912609299229,(UTC+01:00) Europe/Paris DST,2013-02-08T12:00:00+01:00,16,21,na,37,0.0,0.1,na
Eco Counter GmbH,Landeshauptstadt Stuttgart,607,König-Karls-Brücke Barometer,100034882,YTH16019147,9.210372161982697,48.79912609299229,(UTC+01:00) Europe/Paris DST,2013-02-08T13:00:00+01:00,18,25,na,43,0.0,0.1,na
Eco Counter GmbH,Landeshauptstadt Stuttgart,607,König-Karls-Brücke Barometer,100034882,YTH16019147,9.210372161982697,48.79912609299229,(UTC+01:00) Europe/Paris DST,2013-02-08T14:00:00+01:00,27,30,na,57,0.0,0.1,na
Eco Counter GmbH,Landeshauptstadt Stuttgart,607,König-Karls-Brücke Barometer,100034882,YTH16019147,9.210372161982697,48.79912609299229,(UTC+01:00) Europe/Paris DST,2013-02-08T15:00:00+01:00,23,31,na,54,1.0,0.1,na
Eco Counter GmbH,Landeshauptstadt Stuttgart,607,König-Karls-Brücke Barometer,100034882,YTH16019147,9.210372161982697,48.79912609299229,(UTC+01:00) Europe/Paris DST,2013-02-08T16:00:00+01:00,29,40,na,69,0.0,0.2,na
Eco Counter GmbH,Landeshauptstadt Stuttgart,607,König-Karls-Brücke Barometer,100034882,YTH16019147,9.210372161982697,48.79912609299229,(UTC+01:00) Europe/Paris DST,2013-02-08T17:00:00+01:00,28,46,na,74,0.0,0.3,na
Eco Counter GmbH,Landeshauptstadt Stuttgart,607,König-Karls-Brücke Barometer,100034882,YTH16019147,9.210372161982697,48.79912609299229,(UTC+01:00) Europe/Paris DST,2013-02-08T18:00:00+01:00,27,26,na,53,0.0,0.4,na
Eco Counter GmbH,Landeshauptstadt Stuttgart,607,König-Karls-Brücke Barometer,100034882,YTH16019147,9.210372161982697,48.79912609299229,(UTC+01:00) Europe/Paris DST,2013-02-08T19:00:00+01:00,5,23,na,28,0.0,0.6,na
Eco Counter GmbH,Landeshauptstadt Stuttgart,607,König-Karls-Brücke Barometer,100034882,YTH16019147,9.210372161982697,48.79912609299229,(UTC+01:00) Europe/Paris DST,2013-02-08T20:00:00+01:00,17,18,na,35,-1.0,0.9,na
Eco Counter GmbH,Landeshauptstadt Stuttgart,607,König-Karls-Brücke Barometer,100034882,YTH16019147,9.210372161982697,48.79912609299229,(UTC+01:00) Europe/Paris DST,2013-02-08T21:00:00+01:00,6,3,na,9,-1.0,1.1,na
Eco Counter GmbH,Landeshauptstadt Stuttgart,607,König-Karls-Brücke Barometer,100034882,YTH16019147,9.210372161982697,48.79912609299229,(UTC+01:00) Europe/Paris DST,2013-02-08T22:00:00+01:00,5,2,na,7,-2.0,0.9,na
Eco Counter GmbH,Landeshauptstadt Stuttgart,607,König-Karls-Brücke Barometer,100034882,YTH16019147,9.210372161982697,48.79912609299229,(UTC+01:00) Europe/Paris DST,2013-02-08T23:00:00+01:00,3,4,na,7,-3.0,0.7,na
Eco Counter GmbH,Landeshauptstadt Stuttgart,607,König-Karls-Brücke Barometer,100034882,YTH16019147,9.210372161982697,48.79912609299229,(UTC+01:00) Europe/Paris DST,2013-02-09T00:00:00+01:00,2,3,na,5,-4.0,0.5,na
Eco Counter GmbH,Landeshauptstadt Stuttgart,607,König-Karls-Brücke Barometer,100034882,YTH16019147,9.210372161982697,48.79912609299229,(UTC+01:00) Europe/Paris DST,2013-02-09T01:00:00+01:00,0,2,na,2,-5.0,0.4,na
Eco Counter GmbH,Landeshauptstadt Stuttgart,607,König-Karls-Brücke Barometer,100034882,YTH16019147,9.210372161982697,48.79912609299229,(UTC+01:00) Europe/Paris DST,2013-02-09T02:00:00+01:00,0,0,na,0,-5.0,0.2,na
Eco Counter GmbH,Landeshauptstadt Stuttgart,607,König-Karls-Brücke Barometer,100034882,YTH16019147,9.210372161982697,48.79912609299229,(UTC+01:00) Europe/Paris DST,2013-02-09T03:00:00+01:00,1,3,na,4,-6.0,0.1,na
Eco Counter GmbH,Landeshauptstadt Stuttgart,607,König-Karls-Brücke Barometer,100034882,YTH16019147,9.210372161982697,48.79912609299229,(UTC+01:00) Europe/Paris DST,2013-02-09T04:00:00+01:00,0,0,na,0,-6.0,0.1,na
Eco Counter GmbH,Landeshauptstadt Stuttgart,607,König-Karls-Brücke Barometer,100034882,YTH16019147,9.210372161982697,48.79912609299229,(UTC+01:00) Europe/Paris DST,2013-02-09T05:00:00+01:00,2,0,na,2,-6.0,0.2,na
Eco Counter GmbH,Landeshauptstadt Stuttgart,607,König-Karls-Brücke Barometer,100034882,YTH16019147,9.210372161982697,48.79912609299229,(UTC+01:00) Europe/Paris DST,2013-02-09T06:00:00+01:00,4,4,na,8,-5.0,0.2,na
Eco Counter GmbH,Landeshauptstadt Stuttgart,607,König-Karls-Brücke Barometer,100034882,YTH16019147,9.210372161982697,48.79912609299229,(UTC+01:00) Europe/Paris DST,2013-02-09T07:00:00+01:00,5,1,na,6,-5.0,0.3,na
Eco Counter GmbH,Landeshauptstadt Stuttgart,607,König-Karls-Brücke Barometer,100034882,YTH16019147,9.210372161982697,48.79912609299229,(UTC+01:00) Europe/Paris DST,2013-02-09T08:00:00+01:00,2,3,na,5,-4.0,0.3,na
Eco Counter GmbH,Landeshauptstadt Stuttgart,607,König-Karls-Brücke Barometer,100034882,YTH16019147,9.210372161982697,48.79912609299229,(UTC+01:00) Europe/Paris DST,2013-02-09T09:00:00+01:00,3,2,na,5,-4.0,0.3,na
Eco Counter GmbH,Landeshauptstadt Stuttgart,607,König-Karls-Brücke Barometer,100034882,YTH16019147,9.210372161982697,48.79912609299229,(UTC+01:00) Europe/Paris DST,2013-02-09T10:00:00+01:00,3,7,na,10,-3.0,0.3,na
Eco Counter GmbH,Landeshauptstadt Stuttgart,607,König-Karls-Brücke Barometer,100034882,YTH16019147,9.210372161982697,48.79912609299229,(UTC+01:00) Europe/Paris DST,2013-02-09T11:00:00+01:00,8,8,na,16,-2.0,0.2,na
Eco Counter GmbH,Landeshauptstadt Stuttgart,607,König-Karls-Brücke Barometer,100034882,YTH16019147,9.210372161982697,48.79912609299229,(UTC+01:00) Europe/Paris DST,2013-02-09T12:00:00+01:00,7,11,na,18,-2.0,0.2,na
Eco Counter GmbH,Landeshauptstadt Stuttgart,607,König-Karls-Brücke Barometer,100034882,YTH16019147,9.210372161982697,48.79912609299229,(UTC+01:00) Europe/Paris DST,2013-02-09T13:00:00+01:00,8,17,na,25,-2.0,0.1,na
Eco Counter GmbH,Landeshauptstadt Stuttgart,607,König-Karls-Brücke Barometer,100034882,YTH16019147,9.210372161982697,48.79912609299229,(UTC+01:00) Europe/Paris DST,2013-02-09T14:00:00+01:00,15,11,na,26,-1.0,0.1,na
Eco Counter GmbH,Landeshauptstadt Stuttgart,607,König-Karls-Brücke Barometer,100034882,YTH16019147,9.210372161982697,48.79912609299229,(UTC+01:00) Europe/Paris DST,2013-02-09T15:00:00+01:00,11,29,na,40,-1.0,0.1,na
Eco Counter GmbH,Landeshauptstadt Stuttgart,607,König-Karls-Brücke Barometer,100034882,YTH16019147,9.210372161982697,48.79912609299229,(UTC+01:00) Europe/Paris DST,2013-02-09T16:00:00+01:00,8,11,na,19,-2.0,0.1,na
Eco Counter GmbH,Landeshauptstadt Stuttgart,607,König-Karls-Brücke Barometer,100034882,YTH16019147,9.210372161982697,48.79912609299229,(UTC+01:00) Europe/Paris DST,2013-02-09T17:00:00+01:00,14,9,na,23,-3.0,0.1,na
Eco Counter GmbH,Landeshauptstadt Stuttgart,607,König-Karls-Brücke Barometer,100034882,YTH16019147,9.210372161982697,48.79912609299229,(UTC+01:00) Europe/Paris DST,2013-02-09T18:00:00+01:00,10,15,na,25,-4.0,0.0,na
Eco Counter GmbH,Landeshauptstadt Stuttgart,607,König-Karls-Brücke Barometer,100034882,YTH16019147,9.210372161982697,48.79912609299229,(UTC+01:00) Europe/Paris DST,2013-02-09T19:00:00+01:00,3,9,na,12,-6.0,0.0,na
Eco Counter GmbH,Landeshauptstadt Stuttgart,607,König-Karls-Brücke Barometer,100034882,YTH16019147,9.210372161982697,48.79912609299229,(UTC+01:00) Europe/Paris DST,2013-02-09T20:00:00+01:00,3,10,na,13,-7.0,0.0,na
Eco Counter GmbH,Landeshauptstadt Stuttgart,607,König-Karls-Brücke Barometer,100034882,YTH16019147,9.210372161982697,48.79912609299229,(UTC+01:00) Europe/Paris DST,2013-02-09T21:00:00+01:00,1,5,na,6,-8.0,0.0,na
Eco Counter GmbH,Landeshauptstadt Stuttgart,607,König-Karls-Brücke Barometer,100034882,YTH16019147,9.210372161982697,48.79912609299229,(UTC+01:00) Europe/Paris DST,2013-02-09T22:00:00+01:00,7,3,na,10,-9.0,0.0,na
Eco Counter GmbH,Landeshauptstadt Stuttgart,607,König-Karls-Brücke Barometer,100034882,YTH16019147,9.210372161982697,48.79912609299229,(UTC+01:00) Europe/Paris DST,2013-02-09T23:00:00+01:00,3,1,na,4,-9.0,0.0,na
Eco Counter GmbH,Landeshauptstadt Stuttgart,607,König-Karls-Brücke Barometer,100034882,YTH16019147,9.210372161982697,48.79912609299229,(UTC+01:00) Europe/Paris DST,2013-02-10T00:00:00+01:00,5,2,na,7,-10.0,0.0,na
Eco Counter GmbH,Landeshauptstadt Stuttgart,607,König-Karls-Brücke Barometer,100034882,YTH16019147,9.210372161982697,48.79912609299229,(UTC+01:00) Europe/Paris DST,2013-02-10T01:00:00+01:00,1,1,na,2,-10.0,0.0,na
Eco Counter GmbH,Landeshauptstadt Stuttgart,607,König-Karls-Brücke Barometer,100034882,YTH16019147,9.210372161982697,48.79912609299229,(UTC+01:00) Europe/Paris DST,2013-02-10T02:00:00+01:00,0,0,na,0,-10.0,0.0,na
Eco Counter GmbH,Landeshauptstadt Stuttgart,607,König-Karls-Brücke Barometer,100034882,YTH16019147,9.210372161982697,48.79912609299229,(UTC+01:00) Europe/Paris DST,2013-02-10T03:00:00+01:00,1,2,na,3,-10.0,0.0,na
Eco Counter GmbH,Landeshauptstadt Stuttgart,607,König-Karls-Brücke Barometer,100034882,YTH16019147,9.210372161982697,48.79912609299229,(UTC+01:00) Europe/Paris DST,2013-02-10T04:00:00+01:00,1,0,na,1,-10.0,0.0,na
Eco Counter GmbH,Landeshauptstadt Stuttgart,607,König-Karls-Brücke Barometer,100034882,YTH16019147,9.210372161982697,48.79912609299229,(UTC+01:00) Europe/Paris DST,2013-02-10T05:00:00+01:00,1,1,na,2,-10.0,0.0,na
Eco Counter GmbH,Landeshauptstadt Stuttgart,607,König-Karls-Brücke Barometer,100034882,YTH16019147,9.210372161982697,48.79912609299229,(UTC+01:00) Europe/Paris DST,2013-02-10T06:00:00+01:00,3,1,na,4,-9.0,0.0,na
Eco Counter GmbH,Landeshauptstadt Stuttgart,607,König-Karls-Brücke Barometer,100034882,YTH16019147,9.210372161982697,48.79912609299229,(UTC+01:00) Europe/Paris DST,2013-02-10T07:00:00+01:00,1,0,na,1,-9.0,0.0,na
Eco Counter GmbH,Landeshauptstadt Stuttgart,607,König-Karls-Brücke Barometer,100034882,YTH16019147,9.210372161982697,48.79912609299229,(UTC+01:00) Europe/Paris DST,2013-02-10T08:00:00+01:00,1,3,na,4,-9.0,0.0,na
Eco Counter GmbH,Landeshauptstadt Stuttgart,607,König-Karls-Brücke Barometer,100034882,YTH16019147,9.210372161982697,48.79912609299229,(UTC+01:00) Europe/Paris DST,2013-02-10T09:00:00+01:00,5,8,na,13,-8.0,0.0,na
Eco Counter GmbH,Landeshauptstadt Stuttgart,607,König-Karls-Brücke Barometer,100034882,YTH16019147,9.210372161982697,48.79912609299229,(UTC+01:00) Europe/Paris DST,2013-02-10T10:00:00+01:00,2,5,na,7,-7.0,0.0,na
Eco Counter GmbH,Landeshauptstadt Stuttgart,607,König-Karls-Brücke Barometer,100034882,YTH16019147,9.210372161982697,48.79912609299229,(UTC+01:00) Europe/Paris DST,2013-02-10T11:00:00+01:00,8,10,na,18,-6.0,0.0,na
Eco Counter GmbH,Landeshauptstadt Stuttgart,607,König-Karls-Brücke Barometer,100034882,YTH16019147,9.210372161982697,48.79912609299229,(UTC+01:00) Europe/Paris DST,2013-02-10T12:00:00+01:00,17,11,na,28,-5.0,0.0,na
Eco Counter GmbH,Landeshauptstadt Stuttgart,607,König-Karls-Brücke Barometer,100034882,YTH16019147,9.210372161982697,48.79912609299229,(UTC+01:00) Europe/Paris DST,2013-02-10T13:00:00+01:00,12,15,na,27,-4.0,0.0,na
Eco Counter GmbH,Landeshauptstadt Stuttgart,607,König-Karls-Brücke Barometer,100034882,YTH16019147,9.210372161982697,48.79912609299229,(UTC+01:00) Europe/Paris DST,2013-02-10T14:00:00+01:00,17,24,na,41,-4.0,0.0,na
Eco Counter GmbH,Landeshauptstadt Stuttgart,607,König-Karls-Brücke Barometer,100034882,YTH16019147,9.210372161982697,48.79912609299229,(UTC+01:00) Europe/Paris DST,2013-02-10T15:00:00+01:00,19,16,na,35,-3.0,0.0,na
Eco Counter GmbH,Landeshauptstadt Stuttgart,607,König-Karls-Brücke Barometer,100034882,YTH16019147,9.210372161982697,48.79912609299229,(UTC+01:00) Europe/Paris DST,2013-02-10T16:00:00+01:00,12,17,na,29,-4.0,0.0,na
Eco Counter GmbH,Landeshauptstadt Stuttgart,607,König-Karls-Brücke Barometer,100034882,YTH16019147,9.210372161982697,48.79912609299229,(UTC+01:00) Europe/Paris DST,2013-02-10T17:00:00+01:00,11,17,na,28,-5.0,0.0,na
Eco Counter GmbH,Landeshauptstadt Stuttgart,607,König-Karls-Brücke Barometer,100034882,YTH16019147,9.210372161982697,48.79912609299229,(UTC+01:00) Europe/Paris DST,2013-02-10T18:00:00+01:00,9,10,na,19,-6.0,0.0,na
Eco Counter GmbH,Landeshauptstadt Stuttgart,607,König-Karls-Brücke Barometer,100034882,YTH16019147,9.210372161982697,48.79912609299229,(UTC+01:00) Europe/Paris DST,2013-02-10T19:00:00+01:00,5,3,na,8,-7.0,0.0,na
Eco Counter GmbH,Landeshauptstadt Stuttgart,607,König-Karls-Brücke Barometer,100034882,YTH16019147,9.210372161982697,48.79912609299229,(UTC+01:00) Europe/Paris DST,2013-02-10T20:00:00+01:00,4,8,na,12,-8.0,0.0,na
Eco Counter GmbH,Landeshauptstadt Stuttgart,607,König-Karls-Brücke Barometer,100034882,YTH16019147,9.210372161982697,48.79912609299229,(UTC+01:00) Europe/Paris DST,2013-02-10T21:00:00+01:00,3,2,na,5,-8.0,0.0,na
Eco Counter GmbH,Landeshauptstadt Stuttgart,607,König-Karls-Brücke Barometer,100034882,YTH16019147,9.210372161982697,48.79912609299229,(UTC+01:00) Europe/Paris DST,2013-02-10T22:00:00+01:00,0,0,na,0,-9.0,0.0,na
Eco Counter GmbH,Landeshauptstadt Stuttgart,607,König-Karls-Brücke Barometer,100034882,YTH16019147,9.210372161982697,48.79912609299229,(UTC+01:00) Europe/Paris DST,2013-02-10T23:00:00+01:00,1,2,na,3,-9.0,0.0,na
Eco Counter GmbH,Landeshauptstadt Stuttgart,607,König-Karls-Brücke Barometer,100034882,YTH16019147,9.210372161982697,48.79912609299229,(UTC+01:00) Europe/Paris DST,2013-02-11T00:00:00+01:00,0,0,na,0,-10.0,0.0,na
Eco Counter GmbH,Landeshauptstadt Stuttgart,607,König-Karls-Brücke Barometer,100034882,YTH16019147,9.210372161982697,48.79912609299229,(UTC+01:00) Europe/Paris DST,2013-02-11T01:00:00+01:00,0,0,na,0,-10.0,0.0,na
Eco Counter GmbH,Landeshauptstadt Stuttgart,607,König-Karls-Brücke Barometer,100034882,YTH16019147,9.210372161982697,48.79912609299229,(UTC+01:00) Europe/Paris DST,2013-02-11T02:00:00+01:00,0,1,na,1,-10.0,0.0,na
Eco Counter GmbH,Landeshauptstadt Stuttgart,607,König-Karls-Brücke Barometer,100034882,YTH16019147,9.210372161982697,48.79912609299229,(UTC+01:00) Europe/Paris DST,2013-02-11T03:00:00+01:00,0,1,na,1,-9.0,0.0,na
Eco Counter GmbH,Landeshauptstadt Stuttgart,607,König-Karls-Brücke Barometer,100034882,YTH16019147,9.210372161982697,48.79912609299229,(UTC+01:00) Europe/Paris DST,2013-02-11T04:00:00+01:00,0,0,na,0,-9.0,0.0,na
Eco Counter GmbH,Landeshauptstadt Stuttgart,607,König-Karls-Brücke Barometer,100034882,YTH16019147,9.210372161982697,48.79912609299229,(UTC+01:00) Europe/Paris DST,2013-02-11T05:00:00+01:00,4,5,na,9,-8.0,0.0,na
Eco Counter GmbH,Landeshauptstadt Stuttgart,607,König-Karls-Brücke Barometer,100034882,YTH16019147,9.210372161982697,48.79912609299229,(UTC+01:00) Europe/Paris DST,2013-02-11T06:00:00+01:00,22,10,na,32,-8.0,0.1,na
Eco Counter GmbH,Landeshauptstadt Stuttgart,607,König-Karls-Brücke Barometer,100034882,YTH16019147,9.210372161982697,48.79912609299229,(UTC+01:00) Europe/Paris DST,2013-02-11T07:00:00+01:00,35,33,na,68,-7.0,0.1,na
Eco Counter GmbH,Landeshauptstadt Stuttgart,607,König-Karls-Brücke Barometer,100034882,YTH16019147,9.210372161982697,48.79912609299229,(UTC+01:00) Europe/Paris DST,2013-02-11T08:00:00+01:00,41,26,na,67,-7.0,0.0,na
Eco Counter GmbH,Landeshauptstadt Stuttgart,607,König-Karls-Brücke Barometer,100034882,YTH16019147,9.210372161982697,48.79912609299229,(UTC+01:00) Europe/Paris DST,2013-02-11T09:00:00+01:00,23,13,na,36,-6.0,0.0,na
Eco Counter GmbH,Landeshauptstadt Stuttgart,607,König-Karls-Brücke Barometer,100034882,YTH16019147,9.210372161982697,48.79912609299229,(UTC+01:00) Europe/Paris DST,2013-02-11T10:00:00+01:00,20,15,na,35,-5.0,0.0,na
Eco Counter GmbH,Landeshauptstadt Stuttgart,607,König-Karls-Brücke Barometer,100034882,YTH16019147,9.210372161982697,48.79912609299229,(UTC+01:00) Europe/Paris DST,2013-02-11T11:00:00+01:00,6,13,na,19,-4.0,0.0,na
Eco Counter GmbH,Landeshauptstadt Stuttgart,607,König-Karls-Brücke Barometer,100034882,YTH16019147,9.210372161982697,48.79912609299229,(UTC+01:00) Europe/Paris DST,2013-02-11T12:00:00+01:00,11,16,na,27,-3.0,0.0,na
Eco Counter GmbH,Landeshauptstadt Stuttgart,607,König-Karls-Brücke Barometer,100034882,YTH16019147,9.210372161982697,48.79912609299229,(UTC+01:00) Europe/Paris DST,2013-02-11T13:00:00+01:00,11,12,na,23,-3.0,0.0,na
Eco Counter GmbH,Landeshauptstadt Stuttgart,607,König-Karls-Brücke Barometer,100034882,YTH16019147,9.210372161982697,48.79912609299229,(UTC+01:00) Europe/Paris DST,2013-02-11T14:00:00+01:00,18,27,na,45,-2.0,0.0,na
Eco Counter GmbH,Landeshauptstadt Stuttgart,607,König-Karls-Brücke Barometer,100034882,YTH16019147,9.210372161982697,48.79912609299229,(UTC+01:00) Europe/Paris DST,2013-02-11T15:00:00+01:00,16,28,na,44,-2.0,0.0,na
Eco Counter GmbH,Landeshauptstadt Stuttgart,607,König-Karls-Brücke Barometer,100034882,YTH16019147,9.210372161982697,48.79912609299229,(UTC+01:00) Europe/Paris DST,2013-02-11T16:00:00+01:00,26,40,na,66,-3.0,0.0,na
Eco Counter GmbH,Landeshauptstadt Stuttgart,607,König-Karls-Brücke Barometer,100034882,YTH16019147,9.210372161982697,48.79912609299229,(UTC+01:00) Europe/Paris DST,2013-02-11T17:00:00+01:00,29,41,na,70,-3.0,0.0,na
Eco Counter GmbH,Landeshauptstadt Stuttgart,607,König-Karls-Brücke Barometer,100034882,YTH16019147,9.210372161982697,48.79912609299229,(UTC+01:00) Europe/Paris DST,2013-02-11T18:00:00+01:00,23,47,na,70,-4.0,0.0,na
Eco Counter GmbH,Landeshauptstadt Stuttgart,607,König-Karls-Brücke Barometer,100034882,YTH16019147,9.210372161982697,48.79912609299229,(UTC+01:00) Europe/Paris DST,2013-02-11T19:00:00+01:00,19,32,na,51,-5.0,0.0,na
Eco Counter GmbH,Landeshauptstadt Stuttgart,607,König-Karls-Brücke Barometer,100034882,YTH16019147,9.210372161982697,48.79912609299229,(UTC+01:00) Europe/Paris DST,2013-02-11T20:00:00+01:00,11,12,na,23,-6.0,0.0,na
Eco Counter GmbH,Landeshauptstadt Stuttgart,607,König-Karls-Brücke Barometer,100034882,YTH16019147,9.210372161982697,48.79912609299229,(UTC+01:00) Europe/Paris DST,2013-02-11T21:00:00+01:00,7,8,na,15,-7.0,0.0,na
Eco Counter GmbH,Landeshauptstadt Stuttgart,607,König-Karls-Brücke Barometer,100034882,YTH16019147,9.210372161982697,48.79912609299229,(UTC+01:00) Europe/Paris DST,2013-02-11T22:00:00+01:00,2,5,na,7,-7.0,0.0,na
Eco Counter GmbH,Landeshauptstadt Stuttgart,607,König-Karls-Brücke Barometer,100034882,YTH16019147,9.210372161982697,48.79912609299229,(UTC+01:00) Europe/Paris DST,2013-02-11T23:00:00+01:00,2,0,na,2,-7.0,0.0,na
Eco Counter GmbH,Landeshauptstadt Stuttgart,607,König-Karls-Brücke Barometer,100034882,YTH16019147,9.210372161982697,48.79912609299229,(UTC+01:00) Europe/Paris DST,2013-02-12T00:00:00+01:00,0,1,na,1,-7.0,0.0,na
Eco Counter GmbH,Landeshauptstadt Stuttgart,607,König-Karls-Brücke Barometer,100034882,YTH16019147,9.210372161982697,48.79912609299229,(UTC+01:00) Europe/Paris DST,2013-02-12T01:00:00+01:00,0,0,na,0,-7.0,0.0,na
Eco Counter GmbH,Landeshauptstadt Stuttgart,607,König-Karls-Brücke Barometer,100034882,YTH16019147,9.210372161982697,48.79912609299229,(UTC+01:00) Europe/Paris DST,2013-02-12T02:00:00+01:00,0,1,na,1,-8.0,0.0,na
Eco Counter GmbH,Landeshauptstadt Stuttgart,607,König-Karls-Brücke Barometer,100034882,YTH16019147,9.210372161982697,48.79912609299229,(UTC+01:00) Europe/Paris DST,2013-02-12T03:00:00+01:00,2,1,na,3,-8.0,0.0,na
Eco Counter GmbH,Landeshauptstadt Stuttgart,607,König-Karls-Brücke Barometer,100034882,YTH16019147,9.210372161982697,48.79912609299229,(UTC+01:00) Europe/Paris DST,2013-02-12T04:00:00+01:00,0,0,na,0,-8.0,0.0,na
Eco Counter GmbH,Landeshauptstadt Stuttgart,607,König-Karls-Brücke Barometer,100034882,YTH16019147,9.210372161982697,48.79912609299229,(UTC+01:00) Europe/Paris DST,2013-02-12T05:00:00+01:00,5,10,na,15,-9.0,0.0,na
Eco Counter GmbH,Landeshauptstadt Stuttgart,607,König-Karls-Brücke Barometer,100034882,YTH16019147,9.210372161982697,48.79912609299229,(UTC+01:00) Europe/Paris DST,2013-02-12T06:00:00+01:00,24,15,na,39,-10.0,0.0,na
Eco Counter GmbH,Landeshauptstadt Stuttgart,607,König-Karls-Brücke Barometer,100034882,YTH16019147,9.210372161982697,48.79912609299229,(UTC+01:00) Europe/Paris DST,2013-02-12T07:00:00+01:00,22,25,na,47,-9.0,0.0,na
Eco Counter GmbH,Landeshauptstadt Stuttgart,607,König-Karls-Brücke Barometer,100034882,YTH16019147,9.210372161982697,48.79912609299229,(UTC+01:00) Europe/Paris DST,2013-02-12T08:00:00+01:00,41,27,na,68,-8.0,0.0,na
Eco Counter GmbH,Landeshauptstadt Stuttgart,607,König-Karls-Brücke Barometer,100034882,YTH16019147,9.210372161982697,48.79912609299229,(UTC+01:00) Europe/Paris DST,2013-02-12T09:00:00+01:00,19,12,na,31,-8.0,0.0,na
Eco Counter GmbH,Landeshauptstadt Stuttgart,607,König-Karls-Brücke Barometer,100034882,YTH16019147,9.210372161982697,48.79912609299229,(UTC+01:00) Europe/Paris DST,2013-02-12T10:00:00+01:00,6,13,na,19,-6.0,0.0,na
Eco Counter GmbH,Landeshauptstadt Stuttgart,607,König-Karls-Brücke Barometer,100034882,YTH16019147,9.210372161982697,48.79912609299229,(UTC+01:00) Europe/Paris DST,2013-02-12T11:00:00+01:00,13,16,na,29,-5.0,0.0,na
Eco Counter GmbH,Landeshauptstadt Stuttgart,607,König-Karls-Brücke Barometer,100034882,YTH16019147,9.210372161982697,48.79912609299229,(UTC+01:00) Europe/Paris DST,2013-02-12T12:00:00+01:00,17,16,na,33,-4.0,0.1,na
Eco Counter GmbH,Landeshauptstadt Stuttgart,607,König-Karls-Brücke Barometer,100034882,YTH16019147,9.210372161982697,48.79912609299229,(UTC+01:00) Europe/Paris DST,2013-02-12T13:00:00+01:00,20,25,na,45,-3.0,0.1,na
Eco Counter GmbH,Landeshauptstadt Stuttgart,607,König-Karls-Brücke Barometer,100034882,YTH16019147,9.210372161982697,48.79912609299229,(UTC+01:00) Europe/Paris DST,2013-02-12T14:00:00+01:00,14,8,na,22,-3.0,0.1,na
Eco Counter GmbH,Landeshauptstadt Stuttgart,607,König-Karls-Brücke Barometer,100034882,YTH16019147,9.210372161982697,48.79912609299229,(UTC+01:00) Europe/Paris DST,2013-02-12T15:00:00+01:00,23,34,na,57,-2.0,0.2,na
Eco Counter GmbH,Landeshauptstadt Stuttgart,607,König-Karls-Brücke Barometer,100034882,YTH16019147,9.210372161982697,48.79912609299229,(UTC+01:00) Europe/Paris DST,2013-02-12T16:00:00+01:00,19,55,na,74,-3.0,0.2,na
Eco Counter GmbH,Landeshauptstadt Stuttgart,607,König-Karls-Brücke Barometer,100034882,YTH16019147,9.210372161982697,48.79912609299229,(UTC+01:00) Europe/Paris DST,2013-02-12T17:00:00+01:00,27,35,na,62,-3.0,0.1,na
Eco Counter GmbH,Landeshauptstadt Stuttgart,607,König-Karls-Brücke Barometer,100034882,YTH16019147,9.210372161982697,48.79912609299229,(UTC+01:00) Europe/Paris DST,2013-02-12T18:00:00+01:00,23,30,na,53,-4.0,0.1,na
Eco Counter GmbH,Landeshauptstadt Stuttgart,607,König-Karls-Brücke Barometer,100034882,YTH16019147,9.210372161982697,48.79912609299229,(UTC+01:00) Europe/Paris DST,2013-02-12T19:00:00+01:00,27,19,na,46,-5.0,0.1,na
Eco Counter GmbH,Landeshauptstadt Stuttgart,607,König-Karls-Brücke Barometer,100034882,YTH16019147,9.210372161982697,48.79912609299229,(UTC+01:00) Europe/Paris DST,2013-02-12T20:00:00+01:00,11,14,na,25,-7.0,0.1,na
Eco Counter GmbH,Landeshauptstadt Stuttgart,607,König-Karls-Brücke Barometer,100034882,YTH16019147,9.210372161982697,48.79912609299229,(UTC+01:00) Europe/Paris DST,2013-02-12T21:00:00+01:00,5,13,na,18,-8.0,0.0,na
Eco Counter GmbH,Landeshauptstadt Stuttgart,607,König-Karls-Brücke Barometer,100034882,YTH16019147,9.210372161982697,48.79912609299229,(UTC+01:00) Europe/Paris DST,2013-02-12T22:00:00+01:00,4,7,na,11,-8.0,0.0,na
Eco Counter GmbH,Landeshauptstadt Stuttgart,607,König-Karls-Brücke Barometer,100034882,YTH16019147,9.210372161982697,48.79912609299229,(UTC+01:00) Europe/Paris DST,2013-02-12T23:00:00+01:00,2,4,na,6,-9.0,0.0,na
Eco Counter GmbH,Landeshauptstadt Stuttgart,607,König-Karls-Brücke Barometer,100034882,YTH16019147,9.210372161982697,48.79912609299229,(UTC+01:00) Europe/Paris DST,2013-02-13T00:00:00+01:00,0,1,na,1,-9.0,0.0,na
Eco Counter GmbH,Landeshauptstadt Stuttgart,607,König-Karls-Brücke Barometer,100034882,YTH16019147,9.210372161982697,48.79912609299229,(UTC+01:00) Europe/Paris DST,2013-02-13T01:00:00+01:00,1,0,na,1,-9.0,0.0,na
Eco Counter GmbH,Landeshauptstadt Stuttgart,607,König-Karls-Brücke Barometer,100034882,YTH16019147,9.210372161982697,48.79912609299229,(UTC+01:00) Europe/Paris DST,2013-02-13T02:00:00+01:00,2,0,na,2,-9.0,0.0,na
Eco Counter GmbH,Landeshauptstadt Stuttgart,607,König-Karls-Brücke Barometer,100034882,YTH16019147,9.210372161982697,48.79912609299229,(UTC+01:00) Europe/Paris DST,2013-02-13T03:00:00+01:00,0,0,na,0,-10.0,0.0,na
Eco Counter GmbH,Landeshauptstadt Stuttgart,607,König-Karls-Brücke Barometer,100034882,YTH16019147,9.210372161982697,48.79912609299229,(UTC+01:00) Europe/Paris DST,2013-02-13T04:00:00+01:00,1,0,na,1,-10.0,0.0,na
Eco Counter GmbH,Landeshauptstadt Stuttgart,607,König-Karls-Brücke Barometer,100034882,YTH16019147,9.210372161982697,48.79912609299229,(UTC+01:00) Europe/Paris DST,2013-02-13T05:00:00+01:00,4,3,na,7,-10.0,0.0,na
Eco Counter GmbH,Landeshauptstadt Stuttgart,607,König-Karls-Brücke Barometer,100034882,YTH16019147,9.210372161982697,48.79912609299229,(UTC+01:00) Europe/Paris DST,2013-02-13T06:00:00+01:00,24,15,na,39,-10.0,0.0,na
Eco Counter GmbH,Landeshauptstadt Stuttgart,607,König-Karls-Brücke Barometer,100034882,YTH16019147,9.210372161982697,48.79912609299229,(UTC+01:00) Europe/Paris DST,2013-02-13T07:00:00+01:00,38,26,na,64,-9.0,0.0,na
Eco Counter GmbH,Landeshauptstadt Stuttgart,607,König-Karls-Brücke Barometer,100034882,YTH16019147,9.210372161982697,48.79912609299229,(UTC+01:00) Europe/Paris DST,2013-02-13T08:00:00+01:00,41,29,na,70,-7.0,0.0,na
Eco Counter GmbH,Landeshauptstadt Stuttgart,607,König-Karls-Brücke Barometer,100034882,YTH16019147,9.210372161982697,48.79912609299229,(UTC+01:00) Europe/Paris DST,2013-02-13T09:00:00+01:00,22,13,na,35,-6.0,0.0,na
Eco Counter GmbH,Landeshauptstadt Stuttgart,607,König-Karls-Brücke Barometer,100034882,YTH16019147,9.210372161982697,48.79912609299229,(UTC+01:00) Europe/Paris DST,2013-02-13T10:00:00+01:00,28,17,na,45,-5.0,0.0,na
Eco Counter GmbH,Landeshauptstadt Stuttgart,607,König-Karls-Brücke Barometer,100034882,YTH16019147,9.210372161982697,48.79912609299229,(UTC+01:00) Europe/Paris DST,2013-02-13T11:00:00+01:00,15,13,na,28,-4.0,0.0,na
Eco Counter GmbH,Landeshauptstadt Stuttgart,607,König-Karls-Brücke Barometer,100034882,YTH16019147,9.210372161982697,48.79912609299229,(UTC+01:00) Europe/Paris DST,2013-02-13T12:00:00+01:00,14,15,na,29,-2.0,0.1,na
Eco Counter GmbH,Landeshauptstadt Stuttgart,607,König-Karls-Brücke Barometer,100034882,YTH16019147,9.210372161982697,48.79912609299229,(UTC+01:00) Europe/Paris DST,2013-02-13T13:00:00+01:00,23,26,na,49,-2.0,0.1,na
Eco Counter GmbH,Landeshauptstadt Stuttgart,607,König-Karls-Brücke Barometer,100034882,YTH16019147,9.210372161982697,48.79912609299229,(UTC+01:00) Europe/Paris DST,2013-02-13T14:00:00+01:00,18,13,na,31,-1.0,0.1,na
Eco Counter GmbH,Landeshauptstadt Stuttgart,607,König-Karls-Brücke Barometer,100034882,YTH16019147,9.210372161982697,48.79912609299229,(UTC+01:00) Europe/Paris DST,2013-02-13T15:00:00+01:00,22,37,na,59,-1.0,0.1,na
Eco Counter GmbH,Landeshauptstadt Stuttgart,607,König-Karls-Brücke Barometer,100034882,YTH16019147,9.210372161982697,48.79912609299229,(UTC+01:00) Europe/Paris DST,2013-02-13T16:00:00+01:00,29,56,na,85,-3.0,0.1,na
Eco Counter GmbH,Landeshauptstadt Stuttgart,607,König-Karls-Brücke Barometer,100034882,YTH16019147,9.210372161982697,48.79912609299229,(UTC+01:00) Europe/Paris DST,2013-02-13T17:00:00+01:00,29,70,na,99,-4.0,0.1,na
Eco Counter GmbH,Landeshauptstadt Stuttgart,607,König-Karls-Brücke Barometer,100034882,YTH16019147,9.210372161982697,48.79912609299229,(UTC+01:00) Europe/Paris DST,2013-02-13T18:00:00+01:00,24,40,na,64,-6.0,0.0,na
Eco Counter GmbH,Landeshauptstadt Stuttgart,607,König-Karls-Brücke Barometer,100034882,YTH16019147,9.210372161982697,48.79912609299229,(UTC+01:00) Europe/Paris DST,2013-02-13T19:00:00+01:00,24,33,na,57,-7.0,0.0,na
Eco Counter GmbH,Landeshauptstadt Stuttgart,607,König-Karls-Brücke Barometer,100034882,YTH16019147,9.210372161982697,48.79912609299229,(UTC+01:00) Europe/Paris DST,2013-02-13T20:00:00+01:00,10,17,na,27,-8.0,0.0,na
Eco Counter GmbH,Landeshauptstadt Stuttgart,607,König-Karls-Brücke Barometer,100034882,YTH16019147,9.210372161982697,48.79912609299229,(UTC+01:00) Europe/Paris DST,2013-02-13T21:00:00+01:00,3,9,na,12,-9.0,0.0,na
Eco Counter GmbH,Landeshauptstadt Stuttgart,607,König-Karls-Brücke Barometer,100034882,YTH16019147,9.210372161982697,48.79912609299229,(UTC+01:00) Europe/Paris DST,2013-02-13T22:00:00+01:00,9,7,na,16,-9.0,0.0,na
Eco Counter GmbH,Landeshauptstadt Stuttgart,607,König-Karls-Brücke Barometer,100034882,YTH16019147,9.210372161982697,48.79912609299229,(UTC+01:00) Europe/Paris DST,2013-02-13T23:00:00+01:00,2,0,na,2,-8.0,0.0,na
Eco Counter GmbH,Landeshauptstadt Stuttgart,607,König-Karls-Brücke Barometer,100034882,YTH16019147,9.210372161982697,48.79912609299229,(UTC+01:00) Europe/Paris DST,2013-02-14T00:00:00+01:00,0,2,na,2,-8.0,0.0,na
Eco Counter GmbH,Landeshauptstadt Stuttgart,607,König-Karls-Brücke Barometer,100034882,YTH16019147,9.210372161982697,48.79912609299229,(UTC+01:00) Europe/Paris DST,2013-02-14T01:00:00+01:00,0,0,na,0,-7.0,0.0,na
Eco Counter GmbH,Landeshauptstadt Stuttgart,607,König-Karls-Brücke Barometer,100034882,YTH16019147,9.210372161982697,48.79912609299229,(UTC+01:00) Europe/Paris DST,2013-02-14T02:00:00+01:00,1,1,na,2,-7.0,0.0,na
Eco Counter GmbH,Landeshauptstadt Stuttgart,607,König-Karls-Brücke Barometer,100034882,YTH16019147,9.210372161982697,48.79912609299229,(UTC+01:00) Europe/Paris DST,2013-02-14T03:00:00+01:00,0,0,na,0,-7.0,0.0,na
Eco Counter GmbH,Landeshauptstadt Stuttgart,607,König-Karls-Brücke Barometer,100034882,YTH16019147,9.210372161982697,48.79912609299229,(UTC+01:00) Europe/Paris DST,2013-02-14T04:00:00+01:00,0,0,na,0,-7.0,0.0,na
Eco Counter GmbH,Landeshauptstadt Stuttgart,607,König-Karls-Brücke Barometer,100034882,YTH16019147,9.210372161982697,48.79912609299229,(UTC+01:00) Europe/Paris DST,2013-02-14T05:00:00+01:00,4,2,na,6,-8.0,0.0,na
Eco Counter GmbH,Landeshauptstadt Stuttgart,607,König-Karls-Brücke Barometer,100034882,YTH16019147,9.210372161982697,48.79912609299229,(UTC+01:00) Europe/Paris DST,2013-02-14T06:00:00+01:00,24,8,na,32,-8.0,0.0,na
Eco Counter GmbH,Landeshauptstadt Stuttgart,607,König-Karls-Brücke Barometer,100034882,YTH16019147,9.210372161982697,48.79912609299229,(UTC+01:00) Europe/Paris DST,2013-02-14T07:00:00+01:00,29,28,na,57,-7.0,0.0,na
Eco Counter GmbH,Landeshauptstadt Stuttgart,607,König-Karls-Brücke Barometer,100034882,YTH16019147,9.210372161982697,48.79912609299229,(UTC+01:00) Europe/Paris DST,2013-02-14T08:00:00+01:00,44,36,na,80,-7.0,0.0,na
Eco Counter GmbH,Landeshauptstadt Stuttgart,607,König-Karls-Brücke Barometer,100034882,YTH16019147,9.210372161982697,48.79912609299229,(UTC+01:00) Europe/Paris DST,2013-02-14T09:00:00+01:00,12,11,na,23,-6.0,0.0,na
Eco Counter GmbH,Landeshauptstadt Stuttgart,607,König-Karls-Brücke Barometer,100034882,YTH16019147,9.210372161982697,48.79912609299229,(UTC+01:00) Europe/Paris DST,2013-02-14T10:00:00+01:00,14,18,na,32,-5.0,0.0,na
Eco Counter GmbH,Landeshauptstadt Stuttgart,607,König-Karls-Brücke Barometer,100034882,YTH16019147,9.210372161982697,48.79912609299229,(UTC+01:00) Europe/Paris DST,2013-02-14T11:00:00+01:00,13,14,na,27,-3.0,0.0,na
Eco Counter GmbH,Landeshauptstadt Stuttgart,607,König-Karls-Brücke Barometer,100034882,YTH16019147,9.210372161982697,48.79912609299229,(UTC+01:00) Europe/Paris DST,2013-02-14T12:00:00+01:00,16,23,na,39,-2.0,0.0,na
Eco Counter GmbH,Landeshauptstadt Stuttgart,607,König-Karls-Brücke Barometer,100034882,YTH16019147,9.210372161982697,48.79912609299229,(UTC+01:00) Europe/Paris DST,2013-02-14T13:00:00+01:00,29,26,na,55,-2.0,0.0,na
Eco Counter GmbH,Landeshauptstadt Stuttgart,607,König-Karls-Brücke Barometer,100034882,YTH16019147,9.210372161982697,48.79912609299229,(UTC+01:00) Europe/Paris DST,2013-02-14T14:00:00+01:00,14,23,na,37,-1.0,0.0,na
Eco Counter GmbH,Landeshauptstadt Stuttgart,607,König-Karls-Brücke Barometer,100034882,YTH16019147,9.210372161982697,48.79912609299229,(UTC+01:00) Europe/Paris DST,2013-02-14T15:00:00+01:00,23,42,na,65,-1.0,0.0,na
Eco Counter GmbH,Landeshauptstadt Stuttgart,607,König-Karls-Brücke Barometer,100034882,YTH16019147,9.210372161982697,48.79912609299229,(UTC+01:00) Europe/Paris DST,2013-02-14T16:00:00+01:00,20,49,na,69,-1.0,0.0,na
Eco Counter GmbH,Landeshauptstadt Stuttgart,607,König-Karls-Brücke Barometer,100034882,YTH16019147,9.210372161982697,48.79912609299229,(UTC+01:00) Europe/Paris DST,2013-02-14T17:00:00+01:00,28,48,na,76,-2.0,0.0,na
Eco Counter GmbH,Landeshauptstadt Stuttgart,607,König-Karls-Brücke Barometer,100034882,YTH16019147,9.210372161982697,48.79912609299229,(UTC+01:00) Europe/Paris DST,2013-02-14T18:00:00+01:00,43,43,na,86,-3.0,0.0,na
Eco Counter GmbH,Landeshauptstadt Stuttgart,607,König-Karls-Brücke Barometer,100034882,YTH16019147,9.210372161982697,48.79912609299229,(UTC+01:00) Europe/Paris DST,2013-02-14T19:00:00+01:00,20,31,na,51,-3.0,0.0,na
Eco Counter GmbH,Landeshauptstadt Stuttgart,607,König-Karls-Brücke Barometer,100034882,YTH16019147,9.210372161982697,48.79912609299229,(UTC+01:00) Europe/Paris DST,2013-02-14T20:00:00+01:00,7,8,na,15,-4.0,0.0,na
Eco Counter GmbH,Landeshauptstadt Stuttgart,607,König-Karls-Brücke Barometer,100034882,YTH16019147,9.210372161982697,48.79912609299229,(UTC+01:00) Europe/Paris DST,2013-02-14T21:00:00+01:00,9,8,na,17,-4.0,0.1,na
Eco Counter GmbH,Landeshauptstadt Stuttgart,607,König-Karls-Brücke Barometer,100034882,YTH16019147,9.210372161982697,48.79912609299229,(UTC+01:00) Europe/Paris DST,2013-02-14T22:00:00+01:00,0,7,na,7,-4.0,0.1,na
Eco Counter GmbH,Landeshauptstadt Stuttgart,607,König-Karls-Brücke Barometer,100034882,YTH16019147,9.210372161982697,48.79912609299229,(UTC+01:00) Europe/Paris DST,2013-02-14T23:00:00+01:00,7,0,na,7,-4.0,0.1,na
Eco Counter GmbH,Landeshauptstadt Stuttgart,607,König-Karls-Brücke Barometer,100034882,YTH16019147,9.210372161982697,48.79912609299229,(UTC+01:00) Europe/Paris DST,2013-02-15T00:00:00+01:00,0,1,na,1,-4.0,0.1,na
Eco Counter GmbH,Landeshauptstadt Stuttgart,607,König-Karls-Brücke Barometer,100034882,YTH16019147,9.210372161982697,48.79912609299229,(UTC+01:00) Europe/Paris DST,2013-02-15T01:00:00+01:00,2,0,na,2,-4.0,0.2,na
Eco Counter GmbH,Landeshauptstadt Stuttgart,607,König-Karls-Brücke Barometer,100034882,YTH16019147,9.210372161982697,48.79912609299229,(UTC+01:00) Europe/Paris DST,2013-02-15T02:00:00+01:00,0,0,na,0,-4.0,0.3,na
Eco Counter GmbH,Landeshauptstadt Stuttgart,607,König-Karls-Brücke Barometer,100034882,YTH16019147,9.210372161982697,48.79912609299229,(UTC+01:00) Europe/Paris DST,2013-02-15T03:00:00+01:00,0,0,na,0,-4.0,0.4,na
Eco Counter GmbH,Landeshauptstadt Stuttgart,607,König-Karls-Brücke Barometer,100034882,YTH16019147,9.210372161982697,48.79912609299229,(UTC+01:00) Europe/Paris DST,2013-02-15T04:00:00+01:00,0,0,na,0,-3.0,0.5,na
Eco Counter GmbH,Landeshauptstadt Stuttgart,607,König-Karls-Brücke Barometer,100034882,YTH16019147,9.210372161982697,48.79912609299229,(UTC+01:00) Europe/Paris DST,2013-02-15T05:00:00+01:00,7,4,na,11,-3.0,0.7,na
Eco Counter GmbH,Landeshauptstadt Stuttgart,607,König-Karls-Brücke Barometer,100034882,YTH16019147,9.210372161982697,48.79912609299229,(UTC+01:00) Europe/Paris DST,2013-02-15T06:00:00+01:00,18,14,na,32,-3.0,0.8,na
Eco Counter GmbH,Landeshauptstadt Stuttgart,607,König-Karls-Brücke Barometer,100034882,YTH16019147,9.210372161982697,48.79912609299229,(UTC+01:00) Europe/Paris DST,2013-02-15T07:00:00+01:00,24,17,na,41,-3.0,0.8,na
Eco Counter GmbH,Landeshauptstadt Stuttgart,607,König-Karls-Brücke Barometer,100034882,YTH16019147,9.210372161982697,48.79912609299229,(UTC+01:00) Europe/Paris DST,2013-02-15T08:00:00+01:00,22,19,na,41,-2.0,0.8,na
Eco Counter GmbH,Landeshauptstadt Stuttgart,607,König-Karls-Brücke Barometer,100034882,YTH16019147,9.210372161982697,48.79912609299229,(UTC+01:00) Europe/Paris DST,2013-02-15T09:00:00+01:00,10,8,na,18,-2.0,0.8,na
Eco Counter GmbH,Landeshauptstadt Stuttgart,607,König-Karls-Brücke Barometer,100034882,YTH16019147,9.210372161982697,48.79912609299229,(UTC+01:00) Europe/Paris DST,2013-02-15T10:00:00+01:00,3,9,na,12,-1.0,0.7,na
Eco Counter GmbH,Landeshauptstadt Stuttgart,607,König-Karls-Brücke Barometer,100034882,YTH16019147,9.210372161982697,48.79912609299229,(UTC+01:00) Europe/Paris DST,2013-02-15T11:00:00+01:00,6,7,na,13,0.0,0.6,na
Eco Counter GmbH,Landeshauptstadt Stuttgart,607,König-Karls-Brücke Barometer,100034882,YTH16019147,9.210372161982697,48.79912609299229,(UTC+01:00) Europe/Paris DST,2013-02-15T12:00:00+01:00,9,9,na,18,0.0,0.5,na
Eco Counter GmbH,Landeshauptstadt Stuttgart,607,König-Karls-Brücke Barometer,100034882,YTH16019147,9.210372161982697,48.79912609299229,(UTC+01:00) Europe/Paris DST,2013-02-15T13:00:00+01:00,13,15,na,28,1.0,0.5,na
Eco Counter GmbH,Landeshauptstadt Stuttgart,607,König-Karls-Brücke Barometer,100034882,YTH16019147,9.210372161982697,48.79912609299229,(UTC+01:00) Europe/Paris DST,2013-02-15T14:00:00+01:00,8,16,na,24,1.0,0.4,na
Eco Counter GmbH,Landeshauptstadt Stuttgart,607,König-Karls-Brücke Barometer,100034882,YTH16019147,9.210372161982697,48.79912609299229,(UTC+01:00) Europe/Paris DST,2013-02-15T15:00:00+01:00,16,22,na,38,1.0,0.4,na
Eco Counter GmbH,Landeshauptstadt Stuttgart,607,König-Karls-Brücke Barometer,100034882,YTH16019147,9.210372161982697,48.79912609299229,(UTC+01:00) Europe/Paris DST,2013-02-15T16:00:00+01:00,15,25,na,40,1.0,0.4,na
Eco Counter GmbH,Landeshauptstadt Stuttgart,607,König-Karls-Brücke Barometer,100034882,YTH16019147,9.210372161982697,48.79912609299229,(UTC+01:00) Europe/Paris DST,2013-02-15T17:00:00+01:00,14,30,na,44,1.0,0.3,na
Eco Counter GmbH,Landeshauptstadt Stuttgart,607,König-Karls-Brücke Barometer,100034882,YTH16019147,9.210372161982697,48.79912609299229,(UTC+01:00) Europe/Paris DST,2013-02-15T18:00:00+01:00,15,13,na,28,0.0,0.3,na
Eco Counter GmbH,Landeshauptstadt Stuttgart,607,König-Karls-Brücke Barometer,100034882,YTH16019147,9.210372161982697,48.79912609299229,(UTC+01:00) Europe/Paris DST,2013-02-15T19:00:00+01:00,16,13,na,29,0.0,0.2,na
Eco Counter GmbH,Landeshauptstadt Stuttgart,607,König-Karls-Brücke Barometer,100034882,YTH16019147,9.210372161982697,48.79912609299229,(UTC+01:00) Europe/Paris DST,2013-02-15T20:00:00+01:00,4,13,na,17,-1.0,0.1,na
Eco Counter GmbH,Landeshauptstadt Stuttgart,607,König-Karls-Brücke Barometer,100034882,YTH16019147,9.210372161982697,48.79912609299229,(UTC+01:00) Europe/Paris DST,2013-02-15T21:00:00+01:00,6,8,na,14,-2.0,0.1,na
Eco Counter GmbH,Landeshauptstadt Stuttgart,607,König-Karls-Brücke Barometer,100034882,YTH16019147,9.210372161982697,48.79912609299229,(UTC+01:00) Europe/Paris DST,2013-02-15T22:00:00+01:00,2,5,na,7,-2.0,0.1,na
Eco Counter GmbH,Landeshauptstadt Stuttgart,607,König-Karls-Brücke Barometer,100034882,YTH16019147,9.210372161982697,48.79912609299229,(UTC+01:00) Europe/Paris DST,2013-02-15T23:00:00+01:00,7,4,na,11,-3.0,0.1,na
Eco Counter GmbH,Landeshauptstadt Stuttgart,607,König-Karls-Brücke Barometer,100034882,YTH16019147,9.210372161982697,48.79912609299229,(UTC+01:00) Europe/Paris DST,2013-02-16T00:00:00+01:00,1,5,na,6,-3.0,0.1,na
Eco Counter GmbH,Landeshauptstadt Stuttgart,607,König-Karls-Brücke Barometer,100034882,YTH16019147,9.210372161982697,48.79912609299229,(UTC+01:00) Europe/Paris DST,2013-02-16T01:00:00+01:00,0,1,na,1,-4.0,0.1,na
Eco Counter GmbH,Landeshauptstadt Stuttgart,607,König-Karls-Brücke Barometer,100034882,YTH16019147,9.210372161982697,48.79912609299229,(UTC+01:00) Europe/Paris DST,2013-02-16T02:00:00+01:00,1,0,na,1,-4.0,0.1,na
Eco Counter GmbH,Landeshauptstadt Stuttgart,607,König-Karls-Brücke Barometer,100034882,YTH16019147,9.210372161982697,48.79912609299229,(UTC+01:00) Europe/Paris DST,2013-02-16T03:00:00+01:00,0,0,na,0,-4.0,0.1,na
Eco Counter GmbH,Landeshauptstadt Stuttgart,607,König-Karls-Brücke Barometer,100034882,YTH16019147,9.210372161982697,48.79912609299229,(UTC+01:00) Europe/Paris DST,2013-02-16T04:00:00+01:00,0,0,na,0,-4.0,0.1,na
Eco Counter GmbH,Landeshauptstadt Stuttgart,607,König-Karls-Brücke Barometer,100034882,YTH16019147,9.210372161982697,48.79912609299229,(UTC+01:00) Europe/Paris DST,2013-02-16T05:00:00+01:00,0,2,na,2,-3.0,0.1,na
Eco Counter GmbH,Landeshauptstadt Stuttgart,607,König-Karls-Brücke Barometer,100034882,YTH16019147,9.210372161982697,48.79912609299229,(UTC+01:00) Europe/Paris DST,2013-02-16T06:00:00+01:00,2,0,na,2,-3.0,0.1,na
Eco Counter GmbH,Landeshauptstadt Stuttgart,607,König-Karls-Brücke Barometer,100034882,YTH16019147,9.210372161982697,48.79912609299229,(UTC+01:00) Europe/Paris DST,2013-02-16T07:00:00+01:00,6,9,na,15,-2.0,0.1,na
Eco Counter GmbH,Landeshauptstadt Stuttgart,607,König-Karls-Brücke Barometer,100034882,YTH16019147,9.210372161982697,48.79912609299229,(UTC+01:00) Europe/Paris DST,2013-02-16T08:00:00+01:00,5,5,na,10,-2.0,0.1,na
Eco Counter GmbH,Landeshauptstadt Stuttgart,607,König-Karls-Brücke Barometer,100034882,YTH16019147,9.210372161982697,48.79912609299229,(UTC+01:00) Europe/Paris DST,2013-02-16T09:00:00+01:00,9,7,na,16,-1.0,0.1,na
Eco Counter GmbH,Landeshauptstadt Stuttgart,607,König-Karls-Brücke Barometer,100034882,YTH16019147,9.210372161982697,48.79912609299229,(UTC+01:00) Europe/Paris DST,2013-02-16T10:00:00+01:00,14,8,na,22,0.0,0.1,na
Eco Counter GmbH,Landeshauptstadt Stuttgart,607,König-Karls-Brücke Barometer,100034882,YTH16019147,9.210372161982697,48.79912609299229,(UTC+01:00) Europe/Paris DST,2013-02-16T11:00:00+01:00,12,12,na,24,1.0,0.1,na
Eco Counter GmbH,Landeshauptstadt Stuttgart,607,König-Karls-Brücke Barometer,100034882,YTH16019147,9.210372161982697,48.79912609299229,(UTC+01:00) Europe/Paris DST,2013-02-16T12:00:00+01:00,16,16,na,32,2.0,0.0,na
Eco Counter GmbH,Landeshauptstadt Stuttgart,607,König-Karls-Brücke Barometer,100034882,YTH16019147,9.210372161982697,48.79912609299229,(UTC+01:00) Europe/Paris DST,2013-02-16T13:00:00+01:00,19,24,na,43,2.0,0.0,na
Eco Counter GmbH,Landeshauptstadt Stuttgart,607,König-Karls-Brücke Barometer,100034882,YTH16019147,9.210372161982697,48.79912609299229,(UTC+01:00) Europe/Paris DST,2013-02-16T14:00:00+01:00,16,28,na,44,2.0,0.0,na
Eco Counter GmbH,Landeshauptstadt Stuttgart,607,König-Karls-Brücke Barometer,100034882,YTH16019147,9.210372161982697,48.79912609299229,(UTC+01:00) Europe/Paris DST,2013-02-16T15:00:00+01:00,22,19,na,41,2.0,0.0,na
Eco Counter GmbH,Landeshauptstadt Stuttgart,607,König-Karls-Brücke Barometer,100034882,YTH16019147,9.210372161982697,48.79912609299229,(UTC+01:00) Europe/Paris DST,2013-02-16T16:00:00+01:00,24,28,na,52,2.0,0.0,na
Eco Counter GmbH,Landeshauptstadt Stuttgart,607,König-Karls-Brücke Barometer,100034882,YTH16019147,9.210372161982697,48.79912609299229,(UTC+01:00) Europe/Paris DST,2013-02-16T17:00:00+01:00,19,33,na,52,1.0,0.0,na
Eco Counter GmbH,Landeshauptstadt Stuttgart,607,König-Karls-Brücke Barometer,100034882,YTH16019147,9.210372161982697,48.79912609299229,(UTC+01:00) Europe/Paris DST,2013-02-16T18:00:00+01:00,9,19,na,28,0.0,0.0,na
Eco Counter GmbH,Landeshauptstadt Stuttgart,607,König-Karls-Brücke Barometer,100034882,YTH16019147,9.210372161982697,48.79912609299229,(UTC+01:00) Europe/Paris DST,2013-02-16T19:00:00+01:00,17,19,na,36,-1.0,0.0,na
Eco Counter GmbH,Landeshauptstadt Stuttgart,607,König-Karls-Brücke Barometer,100034882,YTH16019147,9.210372161982697,48.79912609299229,(UTC+01:00) Europe/Paris DST,2013-02-16T20:00:00+01:00,6,10,na,16,-2.0,0.0,na
Eco Counter GmbH,Landeshauptstadt Stuttgart,607,König-Karls-Brücke Barometer,100034882,YTH16019147,9.210372161982697,48.79912609299229,(UTC+01:00) Europe/Paris DST,2013-02-16T21:00:00+01:00,4,8,na,12,-2.0,0.0,na
Eco Counter GmbH,Landeshauptstadt Stuttgart,607,König-Karls-Brücke Barometer,100034882,YTH16019147,9.210372161982697,48.79912609299229,(UTC+01:00) Europe/Paris DST,2013-02-16T22:00:00+01:00,6,3,na,9,-3.0,0.0,na
Eco Counter GmbH,Landeshauptstadt Stuttgart,607,König-Karls-Brücke Barometer,100034882,YTH16019147,9.210372161982697,48.79912609299229,(UTC+01:00) Europe/Paris DST,2013-02-16T23:00:00+01:00,2,1,na,3,-3.0,0.1,na
Eco Counter GmbH,Landeshauptstadt Stuttgart,607,König-Karls-Brücke Barometer,100034882,YTH16019147,9.210372161982697,48.79912609299229,(UTC+01:00) Europe/Paris DST,2013-02-17T00:00:00+01:00,0,0,na,0,-3.0,0.1,na
Eco Counter GmbH,Landeshauptstadt Stuttgart,607,König-Karls-Brücke Barometer,100034882,YTH16019147,9.210372161982697,48.79912609299229,(UTC+01:00) Europe/Paris DST,2013-02-17T01:00:00+01:00,0,0,na,0,-3.0,0.2,na
Eco Counter GmbH,Landeshauptstadt Stuttgart,607,König-Karls-Brücke Barometer,100034882,YTH16019147,9.210372161982697,48.79912609299229,(UTC+01:00) Europe/Paris DST,2013-02-17T02:00:00+01:00,0,1,na,1,-4.0,0.2,na
Eco Counter GmbH,Landeshauptstadt Stuttgart,607,König-Karls-Brücke Barometer,100034882,YTH16019147,9.210372161982697,48.79912609299229,(UTC+01:00) Europe/Paris DST,2013-02-17T03:00:00+01:00,1,0,na,1,-4.0,0.2,na
Eco Counter GmbH,Landeshauptstadt Stuttgart,607,König-Karls-Brücke Barometer,100034882,YTH16019147,9.210372161982697,48.79912609299229,(UTC+01:00) Europe/Paris DST,2013-02-17T04:00:00+01:00,1,0,na,1,-4.0,0.2,na
Eco Counter GmbH,Landeshauptstadt Stuttgart,607,König-Karls-Brücke Barometer,100034882,YTH16019147,9.210372161982697,48.79912609299229,(UTC+01:00) Europe/Paris DST,2013-02-17T05:00:00+01:00,2,1,na,3,-3.0,0.2,na
Eco Counter GmbH,Landeshauptstadt Stuttgart,607,König-Karls-Brücke Barometer,100034882,YTH16019147,9.210372161982697,48.79912609299229,(UTC+01:00) Europe/Paris DST,2013-02-17T06:00:00+01:00,0,2,na,2,-3.0,0.1,na
Eco Counter GmbH,Landeshauptstadt Stuttgart,607,König-Karls-Brücke Barometer,100034882,YTH16019147,9.210372161982697,48.79912609299229,(UTC+01:00) Europe/Paris DST,2013-02-17T07:00:00+01:00,4,6,na,10,-2.0,0.1,na
Eco Counter GmbH,Landeshauptstadt Stuttgart,607,König-Karls-Brücke Barometer,100034882,YTH16019147,9.210372161982697,48.79912609299229,(UTC+01:00) Europe/Paris DST,2013-02-17T08:00:00+01:00,4,4,na,8,-1.0,0.1,na
Eco Counter GmbH,Landeshauptstadt Stuttgart,607,König-Karls-Brücke Barometer,100034882,YTH16019147,9.210372161982697,48.79912609299229,(UTC+01:00) Europe/Paris DST,2013-02-17T09:00:00+01:00,7,13,na,20,0.0,0.0,na
Eco Counter GmbH,Landeshauptstadt Stuttgart,607,König-Karls-Brücke Barometer,100034882,YTH16019147,9.210372161982697,48.79912609299229,(UTC+01:00) Europe/Paris DST,2013-02-17T10:00:00+01:00,10,4,na,14,0.0,0.0,na
Eco Counter GmbH,Landeshauptstadt Stuttgart,607,König-Karls-Brücke Barometer,100034882,YTH16019147,9.210372161982697,48.79912609299229,(UTC+01:00) Europe/Paris DST,2013-02-17T11:00:00+01:00,9,17,na,26,1.0,0.1,na
Eco Counter GmbH,Landeshauptstadt Stuttgart,607,König-Karls-Brücke Barometer,100034882,YTH16019147,9.210372161982697,48.79912609299229,(UTC+01:00) Europe/Paris DST,2013-02-17T12:00:00+01:00,21,17,na,38,2.0,0.1,na
Eco Counter GmbH,Landeshauptstadt Stuttgart,607,König-Karls-Brücke Barometer,100034882,YTH16019147,9.210372161982697,48.79912609299229,(UTC+01:00) Europe/Paris DST,2013-02-17T13:00:00+01:00,17,25,na,42,2.0,0.1,na
Eco Counter GmbH,Landeshauptstadt Stuttgart,607,König-Karls-Brücke Barometer,100034882,YTH16019147,9.210372161982697,48.79912609299229,(UTC+01:00) Europe/Paris DST,2013-02-17T14:00:00+01:00,18,28,na,46,2.0,0.0,na
Eco Counter GmbH,Landeshauptstadt Stuttgart,607,König-Karls-Brücke Barometer,100034882,YTH16019147,9.210372161982697,48.79912609299229,(UTC+01:00) Europe/Paris DST,2013-02-17T15:00:00+01:00,28,32,na,60,3.0,0.0,na
Eco Counter GmbH,Landeshauptstadt Stuttgart,607,König-Karls-Brücke Barometer,100034882,YTH16019147,9.210372161982697,48.79912609299229,(UTC+01:00) Europe/Paris DST,2013-02-17T16:00:00+01:00,26,21,na,47,2.0,0.0,na
Eco Counter GmbH,Landeshauptstadt Stuttgart,607,König-Karls-Brücke Barometer,100034882,YTH16019147,9.210372161982697,48.79912609299229,(UTC+01:00) Europe/Paris DST,2013-02-17T17:00:00+01:00,14,22,na,36,1.0,0.0,na
Eco Counter GmbH,Landeshauptstadt Stuttgart,607,König-Karls-Brücke Barometer,100034882,YTH16019147,9.210372161982697,48.79912609299229,(UTC+01:00) Europe/Paris DST,2013-02-17T18:00:00+01:00,8,22,na,30,1.0,0.0,na
Eco Counter GmbH,Landeshauptstadt Stuttgart,607,König-Karls-Brücke Barometer,100034882,YTH16019147,9.210372161982697,48.79912609299229,(UTC+01:00) Europe/Paris DST,2013-02-17T19:00:00+01:00,12,7,na,19,0.0,0.0,na
Eco Counter GmbH,Landeshauptstadt Stuttgart,607,König-Karls-Brücke Barometer,100034882,YTH16019147,9.210372161982697,48.79912609299229,(UTC+01:00) Europe/Paris DST,2013-02-17T20:00:00+01:00,14,9,na,23,-1.0,0.0,na
Eco Counter GmbH,Landeshauptstadt Stuttgart,607,König-Karls-Brücke Barometer,100034882,YTH16019147,9.210372161982697,48.79912609299229,(UTC+01:00) Europe/Paris DST,2013-02-17T21:00:00+01:00,7,4,na,11,-2.0,0.0,na
Eco Counter GmbH,Landeshauptstadt Stuttgart,607,König-Karls-Brücke Barometer,100034882,YTH16019147,9.210372161982697,48.79912609299229,(UTC+01:00) Europe/Paris DST,2013-02-17T22:00:00+01:00,2,1,na,3,-2.0,0.0,na
Eco Counter GmbH,Landeshauptstadt Stuttgart,607,König-Karls-Brücke Barometer,100034882,YTH16019147,9.210372161982697,48.79912609299229,(UTC+01:00) Europe/Paris DST,2013-02-17T23:00:00+01:00,1,2,na,3,-1.0,0.0,na
Eco Counter GmbH,Landeshauptstadt Stuttgart,607,König-Karls-Brücke Barometer,100034882,YTH16019147,9.210372161982697,48.79912609299229,(UTC+01:00) Europe/Paris DST,2013-02-18T00:00:00+01:00,0,0,na,0,-1.0,0.1,na
Eco Counter GmbH,Landeshauptstadt Stuttgart,607,König-Karls-Brücke Barometer,100034882,YTH16019147,9.210372161982697,48.79912609299229,(UTC+01:00) Europe/Paris DST,2013-02-18T01:00:00+01:00,0,0,na,0,-1.0,0.1,na
Eco Counter GmbH,Landeshauptstadt Stuttgart,607,König-Karls-Brücke Barometer,100034882,YTH16019147,9.210372161982697,48.79912609299229,(UTC+01:00) Europe/Paris DST,2013-02-18T02:00:00+01:00,1,0,na,1,-1.0,0.0,na
Eco Counter GmbH,Landeshauptstadt Stuttgart,607,König-Karls-Brücke Barometer,100034882,YTH16019147,9.210372161982697,48.79912609299229,(UTC+01:00) Europe/Paris DST,2013-02-18T03:00:00+01:00,0,0,na,0,-1.0,0.0,na
Eco Counter GmbH,Landeshauptstadt Stuttgart,607,König-Karls-Brücke Barometer,100034882,YTH16019147,9.210372161982697,48.79912609299229,(UTC+01:00) Europe/Paris DST,2013-02-18T04:00:00+01:00,0,0,na,0,-2.0,0.0,na
Eco Counter GmbH,Landeshauptstadt Stuttgart,607,König-Karls-Brücke Barometer,100034882,YTH16019147,9.210372161982697,48.79912609299229,(UTC+01:00) Europe/Paris DST,2013-02-18T05:00:00+01:00,4,9,na,13,-2.0,0.0,na
Eco Counter GmbH,Landeshauptstadt Stuttgart,607,König-Karls-Brücke Barometer,100034882,YTH16019147,9.210372161982697,48.79912609299229,(UTC+01:00) Europe/Paris DST,2013-02-18T06:00:00+01:00,31,18,na,49,-3.0,0.0,na
Eco Counter GmbH,Landeshauptstadt Stuttgart,607,König-Karls-Brücke Barometer,100034882,YTH16019147,9.210372161982697,48.79912609299229,(UTC+01:00) Europe/Paris DST,2013-02-18T07:00:00+01:00,69,57,na,126,-3.0,0.0,na
Eco Counter GmbH,Landeshauptstadt Stuttgart,607,König-Karls-Brücke Barometer,100034882,YTH16019147,9.210372161982697,48.79912609299229,(UTC+01:00) Europe/Paris DST,2013-02-18T08:00:00+01:00,58,40,na,98,-3.0,0.0,na
Eco Counter GmbH,Landeshauptstadt Stuttgart,607,König-Karls-Brücke Barometer,100034882,YTH16019147,9.210372161982697,48.79912609299229,(UTC+01:00) Europe/Paris DST,2013-02-18T09:00:00+01:00,33,29,na,62,-2.0,0.0,na
Eco Counter GmbH,Landeshauptstadt Stuttgart,607,König-Karls-Brücke Barometer,100034882,YTH16019147,9.210372161982697,48.79912609299229,(UTC+01:00) Europe/Paris DST,2013-02-18T10:00:00+01:00,22,24,na,46,-1.0,0.0,na
Eco Counter GmbH,Landeshauptstadt Stuttgart,607,König-Karls-Brücke Barometer,100034882,YTH16019147,9.210372161982697,48.79912609299229,(UTC+01:00) Europe/Paris DST,2013-02-18T11:00:00+01:00,20,32,na,52,0.0,0.0,na
Eco Counter GmbH,Landeshauptstadt Stuttgart,607,König-Karls-Brücke Barometer,100034882,YTH16019147,9.210372161982697,48.79912609299229,(UTC+01:00) Europe/Paris DST,2013-02-18T12:00:00+01:00,16,28,na,44,1.0,0.0,na
Eco Counter GmbH,Landeshauptstadt Stuttgart,607,König-Karls-Brücke Barometer,100034882,YTH16019147,9.210372161982697,48.79912609299229,(UTC+01:00) Europe/Paris DST,2013-02-18T13:00:00+01:00,33,36,na,69,1.0,0.0,na
Eco Counter GmbH,Landeshauptstadt Stuttgart,607,König-Karls-Brücke Barometer,100034882,YTH16019147,9.210372161982697,48.79912609299229,(UTC+01:00) Europe/Paris DST,2013-02-18T14:00:00+01:00,32,40,na,72,2.0,0.0,na
Eco Counter GmbH,Landeshauptstadt Stuttgart,607,König-Karls-Brücke Barometer,100034882,YTH16019147,9.210372161982697,48.79912609299229,(UTC+01:00) Europe/Paris DST,2013-02-18T15:00:00+01:00,28,46,na,74,2.0,0.0,na
Eco Counter GmbH,Landeshauptstadt Stuttgart,607,König-Karls-Brücke Barometer,100034882,YTH16019147,9.210372161982697,48.79912609299229,(UTC+01:00) Europe/Paris DST,2013-02-18T16:00:00+01:00,39,78,na,117,1.0,0.0,na
Eco Counter GmbH,Landeshauptstadt Stuttgart,607,König-Karls-Brücke Barometer,100034882,YTH16019147,9.210372161982697,48.79912609299229,(UTC+01:00) Europe/Paris DST,2013-02-18T17:00:00+01:00,64,90,na,154,1.0,0.0,na
Eco Counter GmbH,Landeshauptstadt Stuttgart,607,König-Karls-Brücke Barometer,100034882,YTH16019147,9.210372161982697,48.79912609299229,(UTC+01:00) Europe/Paris DST,2013-02-18T18:00:00+01:00,53,52,na,105,0.0,0.0,na
Eco Counter GmbH,Landeshauptstadt Stuttgart,607,König-Karls-Brücke Barometer,100034882,YTH16019147,9.210372161982697,48.79912609299229,(UTC+01:00) Europe/Paris DST,2013-02-18T19:00:00+01:00,19,29,na,48,-1.0,0.0,na
Eco Counter GmbH,Landeshauptstadt Stuttgart,607,König-Karls-Brücke Barometer,100034882,YTH16019147,9.210372161982697,48.79912609299229,(UTC+01:00) Europe/Paris DST,2013-02-18T20:00:00+01:00,18,25,na,43,-2.0,0.0,na
Eco Counter GmbH,Landeshauptstadt Stuttgart,607,König-Karls-Brücke Barometer,100034882,YTH16019147,9.210372161982697,48.79912609299229,(UTC+01:00) Europe/Paris DST,2013-02-18T21:00:00+01:00,7,12,na,19,-2.0,0.0,na
Eco Counter GmbH,Landeshauptstadt Stuttgart,607,König-Karls-Brücke Barometer,100034882,YTH16019147,9.210372161982697,48.79912609299229,(UTC+01:00) Europe/Paris DST,2013-02-18T22:00:00+01:00,2,12,na,14,-3.0,0.0,na
Eco Counter GmbH,Landeshauptstadt Stuttgart,607,König-Karls-Brücke Barometer,100034882,YTH16019147,9.210372161982697,48.79912609299229,(UTC+01:00) Europe/Paris DST,2013-02-18T23:00:00+01:00,4,6,na,10,-3.0,0.0,na
Eco Counter GmbH,Landeshauptstadt Stuttgart,607,König-Karls-Brücke Barometer,100034882,YTH16019147,9.210372161982697,48.79912609299229,(UTC+01:00) Europe/Paris DST,2013-02-19T00:00:00+01:00,0,3,na,3,-3.0,0.0,na
Eco Counter GmbH,Landeshauptstadt Stuttgart,607,König-Karls-Brücke Barometer,100034882,YTH16019147,9.210372161982697,48.79912609299229,(UTC+01:00) Europe/Paris DST,2013-02-19T01:00:00+01:00,1,0,na,1,-3.0,0.0,na
Eco Counter GmbH,Landeshauptstadt Stuttgart,607,König-Karls-Brücke Barometer,100034882,YTH16019147,9.210372161982697,48.79912609299229,(UTC+01:00) Europe/Paris DST,2013-02-19T02:00:00+01:00,0,2,na,2,-3.0,0.0,na
Eco Counter GmbH,Landeshauptstadt Stuttgart,607,König-Karls-Brücke Barometer,100034882,YTH16019147,9.210372161982697,48.79912609299229,(UTC+01:00) Europe/Paris DST,2013-02-19T03:00:00+01:00,1,0,na,1,-4.0,0.0,na
Eco Counter GmbH,Landeshauptstadt Stuttgart,607,König-Karls-Brücke Barometer,100034882,YTH16019147,9.210372161982697,48.79912609299229,(UTC+01:00) Europe/Paris DST,2013-02-19T04:00:00+01:00,0,0,na,0,-4.0,0.0,na
Eco Counter GmbH,Landeshauptstadt Stuttgart,607,König-Karls-Brücke Barometer,100034882,YTH16019147,9.210372161982697,48.79912609299229,(UTC+01:00) Europe/Paris DST,2013-02-19T05:00:00+01:00,5,11,na,16,-4.0,0.0,na
Eco Counter GmbH,Landeshauptstadt Stuttgart,607,König-Karls-Brücke Barometer,100034882,YTH16019147,9.210372161982697,48.79912609299229,(UTC+01:00) Europe/Paris DST,2013-02-19T06:00:00+01:00,34,19,na,53,-4.0,0.0,na
Eco Counter GmbH,Landeshauptstadt Stuttgart,607,König-Karls-Brücke Barometer,100034882,YTH16019147,9.210372161982697,48.79912609299229,(UTC+01:00) Europe/Paris DST,2013-02-19T07:00:00+01:00,59,48,na,107,-3.0,0.0,na
Eco Counter GmbH,Landeshauptstadt Stuttgart,607,König-Karls-Brücke Barometer,100034882,YTH16019147,9.210372161982697,48.79912609299229,(UTC+01:00) Europe/Paris DST,2013-02-19T08:00:00+01:00,50,40,na,90,-2.0,0.0,na
Eco Counter GmbH,Landeshauptstadt Stuttgart,607,König-Karls-Brücke Barometer,100034882,YTH16019147,9.210372161982697,48.79912609299229,(UTC+01:00) Europe/Paris DST,2013-02-19T09:00:00+01:00,23,23,na,46,-1.0,0.0,na
Eco Counter GmbH,Landeshauptstadt Stuttgart,607,König-Karls-Brücke Barometer,100034882,YTH16019147,9.210372161982697,48.79912609299229,(UTC+01:00) Europe/Paris DST,2013-02-19T10:00:00+01:00,18,13,na,31,0.0,0.1,na
Eco Counter GmbH,Landeshauptstadt Stuttgart,607,König-Karls-Brücke Barometer,100034882,YTH16019147,9.210372161982697,48.79912609299229,(UTC+01:00) Europe/Paris DST,2013-02-19T11:00:00+01:00,17,21,na,38,1.0,0.2,na
Eco Counter GmbH,Landeshauptstadt Stuttgart,607,König-Karls-Brücke Barometer,100034882,YTH16019147,9.210372161982697,48.79912609299229,(UTC+01:00) Europe/Paris DST,2013-02-19T12:00:00+01:00,17,26,na,43,2.0,0.3,na
Eco Counter GmbH,Landeshauptstadt Stuttgart,607,König-Karls-Brücke Barometer,100034882,YTH16019147,9.210372161982697,48.79912609299229,(UTC+01:00) Europe/Paris DST,2013-02-19T13:00:00+01:00,24,26,na,50,2.0,0.4,na
Eco Counter GmbH,Landeshauptstadt Stuttgart,607,König-Karls-Brücke Barometer,100034882,YTH16019147,9.210372161982697,48.79912609299229,(UTC+01:00) Europe/Paris DST,2013-02-19T14:00:00+01:00,13,30,na,43,2.0,0.5,na
Eco Counter GmbH,Landeshauptstadt Stuttgart,607,König-Karls-Brücke Barometer,100034882,YTH16019147,9.210372161982697,48.79912609299229,(UTC+01:00) Europe/Paris DST,2013-02-19T15:00:00+01:00,23,28,na,51,2.0,0.6,na
Eco Counter GmbH,Landeshauptstadt Stuttgart,607,König-Karls-Brücke Barometer,100034882,YTH16019147,9.210372161982697,48.79912609299229,(UTC+01:00) Europe/Paris DST,2013-02-19T16:00:00+01:00,33,55,na,88,2.0,0.6,na
Eco Counter GmbH,Landeshauptstadt Stuttgart,607,König-Karls-Brücke Barometer,100034882,YTH16019147,9.210372161982697,48.79912609299229,(UTC+01:00) Europe/Paris DST,2013-02-19T17:00:00+01:00,39,58,na,97,2.0,0.6,na
Eco Counter GmbH,Landeshauptstadt Stuttgart,607,König-Karls-Brücke Barometer,100034882,YTH16019147,9.210372161982697,48.79912609299229,(UTC+01:00) Europe/Paris DST,2013-02-19T18:00:00+01:00,23,36,na,59,2.0,0.6,na
Eco Counter GmbH,Landeshauptstadt Stuttgart,607,König-Karls-Brücke Barometer,100034882,YTH16019147,9.210372161982697,48.79912609299229,(UTC+01:00) Europe/Paris DST,2013-02-19T19:00:00+01:00,16,34,na,50,1.0,0.6,na
Eco Counter GmbH,Landeshauptstadt Stuttgart,607,König-Karls-Brücke Barometer,100034882,YTH16019147,9.210372161982697,48.79912609299229,(UTC+01:00) Europe/Paris DST,2013-02-19T20:00:00+01:00,12,16,na,28,1.0,0.6,na
Eco Counter GmbH,Landeshauptstadt Stuttgart,607,König-Karls-Brücke Barometer,100034882,YTH16019147,9.210372161982697,48.79912609299229,(UTC+01:00) Europe/Paris DST,2013-02-19T21:00:00+01:00,9,6,na,15,1.0,0.6,na
Eco Counter GmbH,Landeshauptstadt Stuttgart,607,König-Karls-Brücke Barometer,100034882,YTH16019147,9.210372161982697,48.79912609299229,(UTC+01:00) Europe/Paris DST,2013-02-19T22:00:00+01:00,4,4,na,8,0.0,0.5,na
Eco Counter GmbH,Landeshauptstadt Stuttgart,607,König-Karls-Brücke Barometer,100034882,YTH16019147,9.210372161982697,48.79912609299229,(UTC+01:00) Europe/Paris DST,2013-02-19T23:00:00+01:00,4,3,na,7,-1.0,0.5,na
Eco Counter GmbH,Landeshauptstadt Stuttgart,607,König-Karls-Brücke Barometer,100034882,YTH16019147,9.210372161982697,48.79912609299229,(UTC+01:00) Europe/Paris DST,2013-02-20T00:00:00+01:00,0,1,na,1,-2.0,0.4,na
Eco Counter GmbH,Landeshauptstadt Stuttgart,607,König-Karls-Brücke Barometer,100034882,YTH16019147,9.210372161982697,48.79912609299229,(UTC+01:00) Europe/Paris DST,2013-02-20T01:00:00+01:00,0,0,na,0,-2.0,0.3,na
Eco Counter GmbH,Landeshauptstadt Stuttgart,607,König-Karls-Brücke Barometer,100034882,YTH16019147,9.210372161982697,48.79912609299229,(UTC+01:00) Europe/Paris DST,2013-02-20T02:00:00+01:00,0,0,na,0,-2.0,0.3,na
Eco Counter GmbH,Landeshauptstadt Stuttgart,607,König-Karls-Brücke Barometer,100034882,YTH16019147,9.210372161982697,48.79912609299229,(UTC+01:00) Europe/Paris DST,2013-02-20T03:00:00+01:00,0,0,na,0,-2.0,0.2,na
Eco Counter GmbH,Landeshauptstadt Stuttgart,607,König-Karls-Brücke Barometer,100034882,YTH16019147,9.210372161982697,48.79912609299229,(UTC+01:00) Europe/Paris DST,2013-02-20T04:00:00+01:00,0,0,na,0,-2.0,0.2,na
Eco Counter GmbH,Landeshauptstadt Stuttgart,607,König-Karls-Brücke Barometer,100034882,YTH16019147,9.210372161982697,48.79912609299229,(UTC+01:00) Europe/Paris DST,2013-02-20T05:00:00+01:00,4,8,na,12,-2.0,0.2,na
Eco Counter GmbH,Landeshauptstadt Stuttgart,607,König-Karls-Brücke Barometer,100034882,YTH16019147,9.210372161982697,48.79912609299229,(UTC+01:00) Europe/Paris DST,2013-02-20T06:00:00+01:00,31,12,na,43,-2.0,0.1,na
Eco Counter GmbH,Landeshauptstadt Stuttgart,607,König-Karls-Brücke Barometer,100034882,YTH16019147,9.210372161982697,48.79912609299229,(UTC+01:00) Europe/Paris DST,2013-02-20T07:00:00+01:00,53,43,na,96,-2.0,0.1,na
Eco Counter GmbH,Landeshauptstadt Stuttgart,607,König-Karls-Brücke Barometer,100034882,YTH16019147,9.210372161982697,48.79912609299229,(UTC+01:00) Europe/Paris DST,2013-02-20T08:00:00+01:00,55,33,na,88,-2.0,0.1,na
Eco Counter GmbH,Landeshauptstadt Stuttgart,607,König-Karls-Brücke Barometer,100034882,YTH16019147,9.210372161982697,48.79912609299229,(UTC+01:00) Europe/Paris DST,2013-02-20T09:00:00+01:00,28,20,na,48,-2.0,0.0,na
Eco Counter GmbH,Landeshauptstadt Stuttgart,607,König-Karls-Brücke Barometer,100034882,YTH16019147,9.210372161982697,48.79912609299229,(UTC+01:00) Europe/Paris DST,2013-02-20T10:00:00+01:00,20,23,na,43,-2.0,0.0,na
Eco Counter GmbH,Landeshauptstadt Stuttgart,607,König-Karls-Brücke Barometer,100034882,YTH16019147,9.210372161982697,48.79912609299229,(UTC+01:00) Europe/Paris DST,2013-02-20T11:00:00+01:00,22,14,na,36,-1.0,0.0,na
Eco Counter GmbH,Landeshauptstadt Stuttgart,607,König-Karls-Brücke Barometer,100034882,YTH16019147,9.210372161982697,48.79912609299229,(UTC+01:00) Europe/Paris DST,2013-02-20T12:00:00+01:00,25,27,na,52,-1.0,0.0,na
Eco Counter GmbH,Landeshauptstadt Stuttgart,607,König-Karls-Brücke Barometer,100034882,YTH16019147,9.210372161982697,48.79912609299229,(UTC+01:00) Europe/Paris DST,2013-02-20T13:00:00+01:00,30,24,na,54,-1.0,0.0,na
Eco Counter GmbH,Landeshauptstadt Stuttgart,607,König-Karls-Brücke Barometer,100034882,YTH16019147,9.210372161982697,48.79912609299229,(UTC+01:00) Europe/Paris DST,2013-02-20T14:00:00+01:00,16,40,na,56,-1.0,0.0,na
Eco Counter GmbH,Landeshauptstadt Stuttgart,607,König-Karls-Brücke Barometer,100034882,YTH16019147,9.210372161982697,48.79912609299229,(UTC+01:00) Europe/Paris DST,2013-02-20T15:00:00+01:00,32,39,na,71,-1.0,0.1,na
Eco Counter GmbH,Landeshauptstadt Stuttgart,607,König-Karls-Brücke Barometer,100034882,YTH16019147,9.210372161982697,48.79912609299229,(UTC+01:00) Europe/Paris DST,2013-02-20T16:00:00+01:00,30,46,na,76,-1.0,0.1,na
Eco Counter GmbH,Landeshauptstadt Stuttgart,607,König-Karls-Brücke Barometer,100034882,YTH16019147,9.210372161982697,48.79912609299229,(UTC+01:00) Europe/Paris DST,2013-02-20T17:00:00+01:00,38,63,na,101,-2.0,0.0,na
Eco Counter GmbH,Landeshauptstadt Stuttgart,607,König-Karls-Brücke Barometer,100034882,YTH16019147,9.210372161982697,48.79912609299229,(UTC+01:00) Europe/Paris DST,2013-02-20T18:00:00+01:00,33,51,na,84,-3.0,0.0,na
Eco Counter GmbH,Landeshauptstadt Stuttgart,607,König-Karls-Brücke Barometer,100034882,YTH16019147,9.210372161982697,48.79912609299229,(UTC+01:00) Europe/Paris DST,2013-02-20T19:00:00+01:00,16,31,na,47,-3.0,0.0,na
Eco Counter GmbH,Landeshauptstadt Stuttgart,607,König-Karls-Brücke Barometer,100034882,YTH16019147,9.210372161982697,48.79912609299229,(UTC+01:00) Europe/Paris DST,2013-02-20T20:00:00+01:00,15,23,na,38,-4.0,0.0,na
Eco Counter GmbH,Landeshauptstadt Stuttgart,607,König-Karls-Brücke Barometer,100034882,YTH16019147,9.210372161982697,48.79912609299229,(UTC+01:00) Europe/Paris DST,2013-02-20T21:00:00+01:00,4,14,na,18,-5.0,0.0,na
Eco Counter GmbH,Landeshauptstadt Stuttgart,607,König-Karls-Brücke Barometer,100034882,YTH16019147,9.210372161982697,48.79912609299229,(UTC+01:00) Europe/Paris DST,2013-02-20T22:00:00+01:00,10,10,na,20,-6.0,0.0,na
Eco Counter GmbH,Landeshauptstadt Stuttgart,607,König-Karls-Brücke Barometer,100034882,YTH16019147,9.210372161982697,48.79912609299229,(UTC+01:00) Europe/Paris DST,2013-02-20T23:00:00+01:00,4,2,na,6,-6.0,0.0,na
Eco Counter GmbH,Landeshauptstadt Stuttgart,607,König-Karls-Brücke Barometer,100034882,YTH16019147,9.210372161982697,48.79912609299229,(UTC+01:00) Europe/Paris DST,2013-02-21T00:00:00+01:00,1,3,na,4,-7.0,0.0,na
Eco Counter GmbH,Landeshauptstadt Stuttgart,607,König-Karls-Brücke Barometer,100034882,YTH16019147,9.210372161982697,48.79912609299229,(UTC+01:00) Europe/Paris DST,2013-02-21T01:00:00+01:00,2,4,na,6,-7.0,0.0,na
Eco Counter GmbH,Landeshauptstadt Stuttgart,607,König-Karls-Brücke Barometer,100034882,YTH16019147,9.210372161982697,48.79912609299229,(UTC+01:00) Europe/Paris DST,2013-02-21T02:00:00+01:00,0,0,na,0,-8.0,0.0,na
Eco Counter GmbH,Landeshauptstadt Stuttgart,607,König-Karls-Brücke Barometer,100034882,YTH16019147,9.210372161982697,48.79912609299229,(UTC+01:00) Europe/Paris DST,2013-02-21T03:00:00+01:00,1,2,na,3,-8.0,0.0,na
Eco Counter GmbH,Landeshauptstadt Stuttgart,607,König-Karls-Brücke Barometer,100034882,YTH16019147,9.210372161982697,48.79912609299229,(UTC+01:00) Europe/Paris DST,2013-02-21T04:00:00+01:00,0,0,na,0,-8.0,0.0,na
Eco Counter GmbH,Landeshauptstadt Stuttgart,607,König-Karls-Brücke Barometer,100034882,YTH16019147,9.210372161982697,48.79912609299229,(UTC+01:00) Europe/Paris DST,2013-02-21T05:00:00+01:00,5,12,na,17,-8.0,0.0,na
Eco Counter GmbH,Landeshauptstadt Stuttgart,607,König-Karls-Brücke Barometer,100034882,YTH16019147,9.210372161982697,48.79912609299229,(UTC+01:00) Europe/Paris DST,2013-02-21T06:00:00+01:00,28,19,na,47,-8.0,0.0,na
Eco Counter GmbH,Landeshauptstadt Stuttgart,607,König-Karls-Brücke Barometer,100034882,YTH16019147,9.210372161982697,48.79912609299229,(UTC+01:00) Europe/Paris DST,2013-02-21T07:00:00+01:00,50,41,na,91,-8.0,0.0,na
Eco Counter GmbH,Landeshauptstadt Stuttgart,607,König-Karls-Brücke Barometer,100034882,YTH16019147,9.210372161982697,48.79912609299229,(UTC+01:00) Europe/Paris DST,2013-02-21T08:00:00+01:00,44,43,na,87,-7.0,0.0,na
Eco Counter GmbH,Landeshauptstadt Stuttgart,607,König-Karls-Brücke Barometer,100034882,YTH16019147,9.210372161982697,48.79912609299229,(UTC+01:00) Europe/Paris DST,2013-02-21T09:00:00+01:00,21,20,na,41,-6.0,0.0,na
Eco Counter GmbH,Landeshauptstadt Stuttgart,607,König-Karls-Brücke Barometer,100034882,YTH16019147,9.210372161982697,48.79912609299229,(UTC+01:00) Europe/Paris DST,2013-02-21T10:00:00+01:00,16,7,na,23,-5.0,0.0,na
Eco Counter GmbH,Landeshauptstadt Stuttgart,607,König-Karls-Brücke Barometer,100034882,YTH16019147,9.210372161982697,48.79912609299229,(UTC+01:00) Europe/Paris DST,2013-02-21T11:00:00+01:00,11,17,na,28,-4.0,0.0,na
Eco Counter GmbH,Landeshauptstadt Stuttgart,607,König-Karls-Brücke Barometer,100034882,YTH16019147,9.210372161982697,48.79912609299229,(UTC+01:00) Europe/Paris DST,2013-02-21T12:00:00+01:00,18,20,na,38,-3.0,0.1,na
Eco Counter GmbH,Landeshauptstadt Stuttgart,607,König-Karls-Brücke Barometer,100034882,YTH16019147,9.210372161982697,48.79912609299229,(UTC+01:00) Europe/Paris DST,2013-02-21T13:00:00+01:00,25,32,na,57,-3.0,0.1,na
Eco Counter GmbH,Landeshauptstadt Stuttgart,607,König-Karls-Brücke Barometer,100034882,YTH16019147,9.210372161982697,48.79912609299229,(UTC+01:00) Europe/Paris DST,2013-02-21T14:00:00+01:00,17,20,na,37,-2.0,0.1,na
Eco Counter GmbH,Landeshauptstadt Stuttgart,607,König-Karls-Brücke Barometer,100034882,YTH16019147,9.210372161982697,48.79912609299229,(UTC+01:00) Europe/Paris DST,2013-02-21T15:00:00+01:00,22,36,na,58,-2.0,0.1,na
Eco Counter GmbH,Landeshauptstadt Stuttgart,607,König-Karls-Brücke Barometer,100034882,YTH16019147,9.210372161982697,48.79912609299229,(UTC+01:00) Europe/Paris DST,2013-02-21T16:00:00+01:00,32,51,na,83,-2.0,0.1,na
Eco Counter GmbH,Landeshauptstadt Stuttgart,607,König-Karls-Brücke Barometer,100034882,YTH16019147,9.210372161982697,48.79912609299229,(UTC+01:00) Europe/Paris DST,2013-02-21T17:00:00+01:00,48,57,na,105,-3.0,0.1,na
Eco Counter GmbH,Landeshauptstadt Stuttgart,607,König-Karls-Brücke Barometer,100034882,YTH16019147,9.210372161982697,48.79912609299229,(UTC+01:00) Europe/Paris DST,2013-02-21T18:00:00+01:00,39,45,na,84,-3.0,0.1,na
Eco Counter GmbH,Landeshauptstadt Stuttgart,607,König-Karls-Brücke Barometer,100034882,YTH16019147,9.210372161982697,48.79912609299229,(UTC+01:00) Europe/Paris DST,2013-02-21T19:00:00+01:00,16,33,na,49,-4.0,0.1,na
Eco Counter GmbH,Landeshauptstadt Stuttgart,607,König-Karls-Brücke Barometer,100034882,YTH16019147,9.210372161982697,48.79912609299229,(UTC+01:00) Europe/Paris DST,2013-02-21T20:00:00+01:00,16,24,na,40,-4.0,0.1,na
Eco Counter GmbH,Landeshauptstadt Stuttgart,607,König-Karls-Brücke Barometer,100034882,YTH16019147,9.210372161982697,48.79912609299229,(UTC+01:00) Europe/Paris DST,2013-02-21T21:00:00+01:00,10,8,na,18,-5.0,0.0,na
Eco Counter GmbH,Landeshauptstadt Stuttgart,607,König-Karls-Brücke Barometer,100034882,YTH16019147,9.210372161982697,48.79912609299229,(UTC+01:00) Europe/Paris DST,2013-02-21T22:00:00+01:00,5,11,na,16,-6.0,0.0,na
Eco Counter GmbH,Landeshauptstadt Stuttgart,607,König-Karls-Brücke Barometer,100034882,YTH16019147,9.210372161982697,48.79912609299229,(UTC+01:00) Europe/Paris DST,2013-02-21T23:00:00+01:00,5,4,na,9,-7.0,0.0,na
Eco Counter GmbH,Landeshauptstadt Stuttgart,607,König-Karls-Brücke Barometer,100034882,YTH16019147,9.210372161982697,48.79912609299229,(UTC+01:00) Europe/Paris DST,2013-02-22T00:00:00+01:00,0,1,na,1,-7.0,0.0,na
Eco Counter GmbH,Landeshauptstadt Stuttgart,607,König-Karls-Brücke Barometer,100034882,YTH16019147,9.210372161982697,48.79912609299229,(UTC+01:00) Europe/Paris DST,2013-02-22T01:00:00+01:00,1,0,na,1,-8.0,0.0,na
Eco Counter GmbH,Landeshauptstadt Stuttgart,607,König-Karls-Brücke Barometer,100034882,YTH16019147,9.210372161982697,48.79912609299229,(UTC+01:00) Europe/Paris DST,2013-02-22T02:00:00+01:00,0,1,na,1,-8.0,0.0,na
Eco Counter GmbH,Landeshauptstadt Stuttgart,607,König-Karls-Brücke Barometer,100034882,YTH16019147,9.210372161982697,48.79912609299229,(UTC+01:00) Europe/Paris DST,2013-02-22T03:00:00+01:00,1,0,na,1,-9.0,0.0,na
Eco Counter GmbH,Landeshauptstadt Stuttgart,607,König-Karls-Brücke Barometer,100034882,YTH16019147,9.210372161982697,48.79912609299229,(UTC+01:00) Europe/Paris DST,2013-02-22T04:00:00+01:00,0,0,na,0,-9.0,0.0,na
Eco Counter GmbH,Landeshauptstadt Stuttgart,607,König-Karls-Brücke Barometer,100034882,YTH16019147,9.210372161982697,48.79912609299229,(UTC+01:00) Europe/Paris DST,2013-02-22T05:00:00+01:00,5,7,na,12,-9.0,0.0,na
Eco Counter GmbH,Landeshauptstadt Stuttgart,607,König-Karls-Brücke Barometer,100034882,YTH16019147,9.210372161982697,48.79912609299229,(UTC+01:00) Europe/Paris DST,2013-02-22T06:00:00+01:00,19,18,na,37,-9.0,0.0,na
Eco Counter GmbH,Landeshauptstadt Stuttgart,607,König-Karls-Brücke Barometer,100034882,YTH16019147,9.210372161982697,48.79912609299229,(UTC+01:00) Europe/Paris DST,2013-02-22T07:00:00+01:00,32,32,na,64,-8.0,0.0,na
Eco Counter GmbH,Landeshauptstadt Stuttgart,607,König-Karls-Brücke Barometer,100034882,YTH16019147,9.210372161982697,48.79912609299229,(UTC+01:00) Europe/Paris DST,2013-02-22T08:00:00+01:00,40,36,na,76,-8.0,0.0,na
Eco Counter GmbH,Landeshauptstadt Stuttgart,607,König-Karls-Brücke Barometer,100034882,YTH16019147,9.210372161982697,48.79912609299229,(UTC+01:00) Europe/Paris DST,2013-02-22T09:00:00+01:00,12,13,na,25,-7.0,0.1,na
Eco Counter GmbH,Landeshauptstadt Stuttgart,607,König-Karls-Brücke Barometer,100034882,YTH16019147,9.210372161982697,48.79912609299229,(UTC+01:00) Europe/Paris DST,2013-02-22T10:00:00+01:00,15,22,na,37,-6.0,0.1,na
Eco Counter GmbH,Landeshauptstadt Stuttgart,607,König-Karls-Brücke Barometer,100034882,YTH16019147,9.210372161982697,48.79912609299229,(UTC+01:00) Europe/Paris DST,2013-02-22T11:00:00+01:00,12,10,na,22,-5.0,0.1,na
Eco Counter GmbH,Landeshauptstadt Stuttgart,607,König-Karls-Brücke Barometer,100034882,YTH16019147,9.210372161982697,48.79912609299229,(UTC+01:00) Europe/Paris DST,2013-02-22T12:00:00+01:00,17,20,na,37,-4.0,0.1,na
Eco Counter GmbH,Landeshauptstadt Stuttgart,607,König-Karls-Brücke Barometer,100034882,YTH16019147,9.210372161982697,48.79912609299229,(UTC+01:00) Europe/Paris DST,2013-02-22T13:00:00+01:00,18,18,na,36,-4.0,0.1,na
Eco Counter GmbH,Landeshauptstadt Stuttgart,607,König-Karls-Brücke Barometer,100034882,YTH16019147,9.210372161982697,48.79912609299229,(UTC+01:00) Europe/Paris DST,2013-02-22T14:00:00+01:00,20,30,na,50,-4.0,0.1,na
Eco Counter GmbH,Landeshauptstadt Stuttgart,607,König-Karls-Brücke Barometer,100034882,YTH16019147,9.210372161982697,48.79912609299229,(UTC+01:00) Europe/Paris DST,2013-02-22T15:00:00+01:00,24,36,na,60,-3.0,0.2,na
Eco Counter GmbH,Landeshauptstadt Stuttgart,607,König-Karls-Brücke Barometer,100034882,YTH16019147,9.210372161982697,48.79912609299229,(UTC+01:00) Europe/Paris DST,2013-02-22T16:00:00+01:00,18,30,na,48,-4.0,0.2,na
Eco Counter GmbH,Landeshauptstadt Stuttgart,607,König-Karls-Brücke Barometer,100034882,YTH16019147,9.210372161982697,48.79912609299229,(UTC+01:00) Europe/Paris DST,2013-02-22T17:00:00+01:00,29,35,na,64,-4.0,0.1,na
Eco Counter GmbH,Landeshauptstadt Stuttgart,607,König-Karls-Brücke Barometer,100034882,YTH16019147,9.210372161982697,48.79912609299229,(UTC+01:00) Europe/Paris DST,2013-02-22T18:00:00+01:00,27,29,na,56,-5.0,0.1,na
Eco Counter GmbH,Landeshauptstadt Stuttgart,607,König-Karls-Brücke Barometer,100034882,YTH16019147,9.210372161982697,48.79912609299229,(UTC+01:00) Europe/Paris DST,2013-02-22T19:00:00+01:00,12,18,na,30,-5.0,0.1,na
Eco Counter GmbH,Landeshauptstadt Stuttgart,607,König-Karls-Brücke Barometer,100034882,YTH16019147,9.210372161982697,48.79912609299229,(UTC+01:00) Europe/Paris DST,2013-02-22T20:00:00+01:00,4,13,na,17,-6.0,0.1,na
Eco Counter GmbH,Landeshauptstadt Stuttgart,607,König-Karls-Brücke Barometer,100034882,YTH16019147,9.210372161982697,48.79912609299229,(UTC+01:00) Europe/Paris DST,2013-02-22T21:00:00+01:00,10,9,na,19,-6.0,0.1,na
Eco Counter GmbH,Landeshauptstadt Stuttgart,607,König-Karls-Brücke Barometer,100034882,YTH16019147,9.210372161982697,48.79912609299229,(UTC+01:00) Europe/Paris DST,2013-02-22T22:00:00+01:00,6,10,na,16,-7.0,0.1,na
Eco Counter GmbH,Landeshauptstadt Stuttgart,607,König-Karls-Brücke Barometer,100034882,YTH16019147,9.210372161982697,48.79912609299229,(UTC+01:00) Europe/Paris DST,2013-02-22T23:00:00+01:00,5,5,na,10,-8.0,0.1,na
Eco Counter GmbH,Landeshauptstadt Stuttgart,607,König-Karls-Brücke Barometer,100034882,YTH16019147,9.210372161982697,48.79912609299229,(UTC+01:00) Europe/Paris DST,2013-02-23T00:00:00+01:00,1,2,na,3,-8.0,0.0,na
Eco Counter GmbH,Landeshauptstadt Stuttgart,607,König-Karls-Brücke Barometer,100034882,YTH16019147,9.210372161982697,48.79912609299229,(UTC+01:00) Europe/Paris DST,2013-02-23T01:00:00+01:00,0,0,na,0,-8.0,0.0,na
Eco Counter GmbH,Landeshauptstadt Stuttgart,607,König-Karls-Brücke Barometer,100034882,YTH16019147,9.210372161982697,48.79912609299229,(UTC+01:00) Europe/Paris DST,2013-02-23T02:00:00+01:00,0,1,na,1,-8.0,0.1,na
Eco Counter GmbH,Landeshauptstadt Stuttgart,607,König-Karls-Brücke Barometer,100034882,YTH16019147,9.210372161982697,48.79912609299229,(UTC+01:00) Europe/Paris DST,2013-02-23T03:00:00+01:00,0,0,na,0,-9.0,0.1,na
Eco Counter GmbH,Landeshauptstadt Stuttgart,607,König-Karls-Brücke Barometer,100034882,YTH16019147,9.210372161982697,48.79912609299229,(UTC+01:00) Europe/Paris DST,2013-02-23T04:00:00+01:00,1,0,na,1,-9.0,0.1,na
Eco Counter GmbH,Landeshauptstadt Stuttgart,607,König-Karls-Brücke Barometer,100034882,YTH16019147,9.210372161982697,48.79912609299229,(UTC+01:00) Europe/Paris DST,2013-02-23T05:00:00+01:00,1,2,na,3,-8.0,0.1,na
Eco Counter GmbH,Landeshauptstadt Stuttgart,607,König-Karls-Brücke Barometer,100034882,YTH16019147,9.210372161982697,48.79912609299229,(UTC+01:00) Europe/Paris DST,2013-02-23T06:00:00+01:00,4,3,na,7,-8.0,0.1,na
Eco Counter GmbH,Landeshauptstadt Stuttgart,607,König-Karls-Brücke Barometer,100034882,YTH16019147,9.210372161982697,48.79912609299229,(UTC+01:00) Europe/Paris DST,2013-02-23T07:00:00+01:00,5,2,na,7,-8.0,0.1,na
Eco Counter GmbH,Landeshauptstadt Stuttgart,607,König-Karls-Brücke Barometer,100034882,YTH16019147,9.210372161982697,48.79912609299229,(UTC+01:00) Europe/Paris DST,2013-02-23T08:00:00+01:00,7,3,na,10,-7.0,0.1,na
Eco Counter GmbH,Landeshauptstadt Stuttgart,607,König-Karls-Brücke Barometer,100034882,YTH16019147,9.210372161982697,48.79912609299229,(UTC+01:00) Europe/Paris DST,2013-02-23T09:00:00+01:00,11,9,na,20,-6.0,0.1,na
Eco Counter GmbH,Landeshauptstadt Stuttgart,607,König-Karls-Brücke Barometer,100034882,YTH16019147,9.210372161982697,48.79912609299229,(UTC+01:00) Europe/Paris DST,2013-02-23T10:00:00+01:00,9,6,na,15,-5.0,0.1,na
Eco Counter GmbH,Landeshauptstadt Stuttgart,607,König-Karls-Brücke Barometer,100034882,YTH16019147,9.210372161982697,48.79912609299229,(UTC+01:00) Europe/Paris DST,2013-02-23T11:00:00+01:00,12,10,na,22,-4.0,0.1,na
Eco Counter GmbH,Landeshauptstadt Stuttgart,607,König-Karls-Brücke Barometer,100034882,YTH16019147,9.210372161982697,48.79912609299229,(UTC+01:00) Europe/Paris DST,2013-02-23T12:00:00+01:00,14,25,na,39,-3.0,0.2,na
Eco Counter GmbH,Landeshauptstadt Stuttgart,607,König-Karls-Brücke Barometer,100034882,YTH16019147,9.210372161982697,48.79912609299229,(UTC+01:00) Europe/Paris DST,2013-02-23T13:00:00+01:00,30,18,na,48,-3.0,0.2,na
Eco Counter GmbH,Landeshauptstadt Stuttgart,607,König-Karls-Brücke Barometer,100034882,YTH16019147,9.210372161982697,48.79912609299229,(UTC+01:00) Europe/Paris DST,2013-02-23T14:00:00+01:00,13,23,na,36,-2.0,0.2,na
Eco Counter GmbH,Landeshauptstadt Stuttgart,607,König-Karls-Brücke Barometer,100034882,YTH16019147,9.210372161982697,48.79912609299229,(UTC+01:00) Europe/Paris DST,2013-02-23T15:00:00+01:00,11,25,na,36,-2.0,0.3,na
Eco Counter GmbH,Landeshauptstadt Stuttgart,607,König-Karls-Brücke Barometer,100034882,YTH16019147,9.210372161982697,48.79912609299229,(UTC+01:00) Europe/Paris DST,2013-02-23T16:00:00+01:00,20,21,na,41,-2.0,0.2,na
Eco Counter GmbH,Landeshauptstadt Stuttgart,607,König-Karls-Brücke Barometer,100034882,YTH16019147,9.210372161982697,48.79912609299229,(UTC+01:00) Europe/Paris DST,2013-02-23T17:00:00+01:00,15,18,na,33,-3.0,0.2,na
Eco Counter GmbH,Landeshauptstadt Stuttgart,607,König-Karls-Brücke Barometer,100034882,YTH16019147,9.210372161982697,48.79912609299229,(UTC+01:00) Europe/Paris DST,2013-02-23T18:00:00+01:00,9,7,na,16,-3.0,0.2,na
Eco Counter GmbH,Landeshauptstadt Stuttgart,607,König-Karls-Brücke Barometer,100034882,YTH16019147,9.210372161982697,48.79912609299229,(UTC+01:00) Europe/Paris DST,2013-02-23T19:00:00+01:00,9,14,na,23,-4.0,0.1,na
Eco Counter GmbH,Landeshauptstadt Stuttgart,607,König-Karls-Brücke Barometer,100034882,YTH16019147,9.210372161982697,48.79912609299229,(UTC+01:00) Europe/Paris DST,2013-02-23T20:00:00+01:00,5,13,na,18,-4.0,0.1,na
Eco Counter GmbH,Landeshauptstadt Stuttgart,607,König-Karls-Brücke Barometer,100034882,YTH16019147,9.210372161982697,48.79912609299229,(UTC+01:00) Europe/Paris DST,2013-02-23T21:00:00+01:00,5,4,na,9,-5.0,0.1,na
Eco Counter GmbH,Landeshauptstadt Stuttgart,607,König-Karls-Brücke Barometer,100034882,YTH16019147,9.210372161982697,48.79912609299229,(UTC+01:00) Europe/Paris DST,2013-02-23T22:00:00+01:00,3,2,na,5,-5.0,0.1,na
Eco Counter GmbH,Landeshauptstadt Stuttgart,607,König-Karls-Brücke Barometer,100034882,YTH16019147,9.210372161982697,48.79912609299229,(UTC+01:00) Europe/Paris DST,2013-02-23T23:00:00+01:00,1,2,na,3,-6.0,0.1,na
Eco Counter GmbH,Landeshauptstadt Stuttgart,607,König-Karls-Brücke Barometer,100034882,YTH16019147,9.210372161982697,48.79912609299229,(UTC+01:00) Europe/Paris DST,2013-02-24T00:00:00+01:00,1,0,na,1,-7.0,0.0,na
Eco Counter GmbH,Landeshauptstadt Stuttgart,607,König-Karls-Brücke Barometer,100034882,YTH16019147,9.210372161982697,48.79912609299229,(UTC+01:00) Europe/Paris DST,2013-02-24T01:00:00+01:00,0,1,na,1,-7.0,0.0,na
Eco Counter GmbH,Landeshauptstadt Stuttgart,607,König-Karls-Brücke Barometer,100034882,YTH16019147,9.210372161982697,48.79912609299229,(UTC+01:00) Europe/Paris DST,2013-02-24T02:00:00+01:00,2,2,na,4,-7.0,0.0,na
Eco Counter GmbH,Landeshauptstadt Stuttgart,607,König-Karls-Brücke Barometer,100034882,YTH16019147,9.210372161982697,48.79912609299229,(UTC+01:00) Europe/Paris DST,2013-02-24T03:00:00+01:00,0,0,na,0,-8.0,0.0,na
Eco Counter GmbH,Landeshauptstadt Stuttgart,607,König-Karls-Brücke Barometer,100034882,YTH16019147,9.210372161982697,48.79912609299229,(UTC+01:00) Europe/Paris DST,2013-02-24T04:00:00+01:00,2,1,na,3,-8.0,0.0,na
Eco Counter GmbH,Landeshauptstadt Stuttgart,607,König-Karls-Brücke Barometer,100034882,YTH16019147,9.210372161982697,48.79912609299229,(UTC+01:00) Europe/Paris DST,2013-02-24T05:00:00+01:00,0,2,na,2,-7.0,0.0,na
Eco Counter GmbH,Landeshauptstadt Stuttgart,607,König-Karls-Brücke Barometer,100034882,YTH16019147,9.210372161982697,48.79912609299229,(UTC+01:00) Europe/Paris DST,2013-02-24T06:00:00+01:00,7,4,na,11,-7.0,0.1,na
Eco Counter GmbH,Landeshauptstadt Stuttgart,607,König-Karls-Brücke Barometer,100034882,YTH16019147,9.210372161982697,48.79912609299229,(UTC+01:00) Europe/Paris DST,2013-02-24T07:00:00+01:00,1,4,na,5,-7.0,0.1,na
Eco Counter GmbH,Landeshauptstadt Stuttgart,607,König-Karls-Brücke Barometer,100034882,YTH16019147,9.210372161982697,48.79912609299229,(UTC+01:00) Europe/Paris DST,2013-02-24T08:00:00+01:00,3,3,na,6,-6.0,0.1,na
Eco Counter GmbH,Landeshauptstadt Stuttgart,607,König-Karls-Brücke Barometer,100034882,YTH16019147,9.210372161982697,48.79912609299229,(UTC+01:00) Europe/Paris DST,2013-02-24T09:00:00+01:00,8,7,na,15,-6.0,0.2,na
Eco Counter GmbH,Landeshauptstadt Stuttgart,607,König-Karls-Brücke Barometer,100034882,YTH16019147,9.210372161982697,48.79912609299229,(UTC+01:00) Europe/Paris DST,2013-02-24T10:00:00+01:00,8,9,na,17,-5.0,0.2,na
Eco Counter GmbH,Landeshauptstadt Stuttgart,607,König-Karls-Brücke Barometer,100034882,YTH16019147,9.210372161982697,48.79912609299229,(UTC+01:00) Europe/Paris DST,2013-02-24T11:00:00+01:00,4,6,na,10,-4.0,0.1,na
Eco Counter GmbH,Landeshauptstadt Stuttgart,607,König-Karls-Brücke Barometer,100034882,YTH16019147,9.210372161982697,48.79912609299229,(UTC+01:00) Europe/Paris DST,2013-02-24T12:00:00+01:00,11,9,na,20,-3.0,0.1,na
Eco Counter GmbH,Landeshauptstadt Stuttgart,607,König-Karls-Brücke Barometer,100034882,YTH16019147,9.210372161982697,48.79912609299229,(UTC+01:00) Europe/Paris DST,2013-02-24T13:00:00+01:00,5,10,na,15,-2.0,0.1,na
Eco Counter GmbH,Landeshauptstadt Stuttgart,607,König-Karls-Brücke Barometer,100034882,YTH16019147,9.210372161982697,48.79912609299229,(UTC+01:00) Europe/Paris DST,2013-02-24T14:00:00+01:00,7,8,na,15,-2.0,0.1,na
Eco Counter GmbH,Landeshauptstadt Stuttgart,607,König-Karls-Brücke Barometer,100034882,YTH16019147,9.210372161982697,48.79912609299229,(UTC+01:00) Europe/Paris DST,2013-02-24T15:00:00+01:00,16,10,na,26,-1.0,0.1,na
Eco Counter GmbH,Landeshauptstadt Stuttgart,607,König-Karls-Brücke Barometer,100034882,YTH16019147,9.210372161982697,48.79912609299229,(UTC+01:00) Europe/Paris DST,2013-02-24T16:00:00+01:00,9,18,na,27,-2.0,0.1,na
Eco Counter GmbH,Landeshauptstadt Stuttgart,607,König-Karls-Brücke Barometer,100034882,YTH16019147,9.210372161982697,48.79912609299229,(UTC+01:00) Europe/Paris DST,2013-02-24T17:00:00+01:00,10,11,na,21,-3.0,0.1,na
Eco Counter GmbH,Landeshauptstadt Stuttgart,607,König-Karls-Brücke Barometer,100034882,YTH16019147,9.210372161982697,48.79912609299229,(UTC+01:00) Europe/Paris DST,2013-02-24T18:00:00+01:00,10,8,na,18,-4.0,0.0,na
Eco Counter GmbH,Landeshauptstadt Stuttgart,607,König-Karls-Brücke Barometer,100034882,YTH16019147,9.210372161982697,48.79912609299229,(UTC+01:00) Europe/Paris DST,2013-02-24T19:00:00+01:00,5,10,na,15,-5.0,0.0,na
Eco Counter GmbH,Landeshauptstadt Stuttgart,607,König-Karls-Brücke Barometer,100034882,YTH16019147,9.210372161982697,48.79912609299229,(UTC+01:00) Europe/Paris DST,2013-02-24T20:00:00+01:00,1,6,na,7,-6.0,0.0,na
Eco Counter GmbH,Landeshauptstadt Stuttgart,607,König-Karls-Brücke Barometer,100034882,YTH16019147,9.210372161982697,48.79912609299229,(UTC+01:00) Europe/Paris DST,2013-02-24T21:00:00+01:00,5,3,na,8,-6.0,0.0,na
Eco Counter GmbH,Landeshauptstadt Stuttgart,607,König-Karls-Brücke Barometer,100034882,YTH16019147,9.210372161982697,48.79912609299229,(UTC+01:00) Europe/Paris DST,2013-02-24T22:00:00+01:00,0,3,na,3,-7.0,0.0,na
Eco Counter GmbH,Landeshauptstadt Stuttgart,607,König-Karls-Brücke Barometer,100034882,YTH16019147,9.210372161982697,48.79912609299229,(UTC+01:00) Europe/Paris DST,2013-02-24T23:00:00+01:00,1,0,na,1,-7.0,0.0,na
Eco Counter GmbH,Landeshauptstadt Stuttgart,607,König-Karls-Brücke Barometer,100034882,YTH16019147,9.210372161982697,48.79912609299229,(UTC+01:00) Europe/Paris DST,2013-02-25T00:00:00+01:00,0,2,na,2,-7.0,0.1,na
Eco Counter GmbH,Landeshauptstadt Stuttgart,607,König-Karls-Brücke Barometer,100034882,YTH16019147,9.210372161982697,48.79912609299229,(UTC+01:00) Europe/Paris DST,2013-02-25T01:00:00+01:00,0,0,na,0,-7.0,0.1,na
Eco Counter GmbH,Landeshauptstadt Stuttgart,607,König-Karls-Brücke Barometer,100034882,YTH16019147,9.210372161982697,48.79912609299229,(UTC+01:00) Europe/Paris DST,2013-02-25T02:00:00+01:00,0,0,na,0,-7.0,0.1,na
Eco Counter GmbH,Landeshauptstadt Stuttgart,607,König-Karls-Brücke Barometer,100034882,YTH16019147,9.210372161982697,48.79912609299229,(UTC+01:00) Europe/Paris DST,2013-02-25T03:00:00+01:00,0,1,na,1,-7.0,0.1,na
Eco Counter GmbH,Landeshauptstadt Stuttgart,607,König-Karls-Brücke Barometer,100034882,YTH16019147,9.210372161982697,48.79912609299229,(UTC+01:00) Europe/Paris DST,2013-02-25T04:00:00+01:00,0,0,na,0,-6.0,0.1,na
Eco Counter GmbH,Landeshauptstadt Stuttgart,607,König-Karls-Brücke Barometer,100034882,YTH16019147,9.210372161982697,48.79912609299229,(UTC+01:00) Europe/Paris DST,2013-02-25T05:00:00+01:00,8,6,na,14,-6.0,0.2,na
Eco Counter GmbH,Landeshauptstadt Stuttgart,607,König-Karls-Brücke Barometer,100034882,YTH16019147,9.210372161982697,48.79912609299229,(UTC+01:00) Europe/Paris DST,2013-02-25T06:00:00+01:00,22,10,na,32,-6.0,0.2,na
Eco Counter GmbH,Landeshauptstadt Stuttgart,607,König-Karls-Brücke Barometer,100034882,YTH16019147,9.210372161982697,48.79912609299229,(UTC+01:00) Europe/Paris DST,2013-02-25T07:00:00+01:00,32,32,na,64,-5.0,0.2,na
Eco Counter GmbH,Landeshauptstadt Stuttgart,607,König-Karls-Brücke Barometer,100034882,YTH16019147,9.210372161982697,48.79912609299229,(UTC+01:00) Europe/Paris DST,2013-02-25T08:00:00+01:00,32,29,na,61,-4.0,0.2,na
Eco Counter GmbH,Landeshauptstadt Stuttgart,607,König-Karls-Brücke Barometer,100034882,YTH16019147,9.210372161982697,48.79912609299229,(UTC+01:00) Europe/Paris DST,2013-02-25T09:00:00+01:00,11,8,na,19,-4.0,0.2,na
Eco Counter GmbH,Landeshauptstadt Stuttgart,607,König-Karls-Brücke Barometer,100034882,YTH16019147,9.210372161982697,48.79912609299229,(UTC+01:00) Europe/Paris DST,2013-02-25T10:00:00+01:00,8,9,na,17,-3.0,0.2,na
Eco Counter GmbH,Landeshauptstadt Stuttgart,607,König-Karls-Brücke Barometer,100034882,YTH16019147,9.210372161982697,48.79912609299229,(UTC+01:00) Europe/Paris DST,2013-02-25T11:00:00+01:00,11,16,na,27,-1.0,0.2,na
Eco Counter GmbH,Landeshauptstadt Stuttgart,607,König-Karls-Brücke Barometer,100034882,YTH16019147,9.210372161982697,48.79912609299229,(UTC+01:00) Europe/Paris DST,2013-02-25T12:00:00+01:00,11,8,na,19,0.0,0.1,na
Eco Counter GmbH,Landeshauptstadt Stuttgart,607,König-Karls-Brücke Barometer,100034882,YTH16019147,9.210372161982697,48.79912609299229,(UTC+01:00) Europe/Paris DST,2013-02-25T13:00:00+01:00,21,13,na,34,0.0,0.1,na
Eco Counter GmbH,Landeshauptstadt Stuttgart,607,König-Karls-Brücke Barometer,100034882,YTH16019147,9.210372161982697,48.79912609299229,(UTC+01:00) Europe/Paris DST,2013-02-25T14:00:00+01:00,10,25,na,35,1.0,0.1,na
Eco Counter GmbH,Landeshauptstadt Stuttgart,607,König-Karls-Brücke Barometer,100034882,YTH16019147,9.210372161982697,48.79912609299229,(UTC+01:00) Europe/Paris DST,2013-02-25T15:00:00+01:00,15,28,na,43,1.0,0.1,na
Eco Counter GmbH,Landeshauptstadt Stuttgart,607,König-Karls-Brücke Barometer,100034882,YTH16019147,9.210372161982697,48.79912609299229,(UTC+01:00) Europe/Paris DST,2013-02-25T16:00:00+01:00,27,41,na,68,1.0,0.1,na
Eco Counter GmbH,Landeshauptstadt Stuttgart,607,König-Karls-Brücke Barometer,100034882,YTH16019147,9.210372161982697,48.79912609299229,(UTC+01:00) Europe/Paris DST,2013-02-25T17:00:00+01:00,46,41,na,87,0.0,0.1,na
Eco Counter GmbH,Landeshauptstadt Stuttgart,607,König-Karls-Brücke Barometer,100034882,YTH16019147,9.210372161982697,48.79912609299229,(UTC+01:00) Europe/Paris DST,2013-02-25T18:00:00+01:00,29,46,na,75,0.0,0.1,na
Eco Counter GmbH,Landeshauptstadt Stuttgart,607,König-Karls-Brücke Barometer,100034882,YTH16019147,9.210372161982697,48.79912609299229,(UTC+01:00) Europe/Paris DST,2013-02-25T19:00:00+01:00,24,33,na,57,-1.0,0.1,na
Eco Counter GmbH,Landeshauptstadt Stuttgart,607,König-Karls-Brücke Barometer,100034882,YTH16019147,9.210372161982697,48.79912609299229,(UTC+01:00) Europe/Paris DST,2013-02-25T20:00:00+01:00,12,23,na,35,-1.0,0.1,na
Eco Counter GmbH,Landeshauptstadt Stuttgart,607,König-Karls-Brücke Barometer,100034882,YTH16019147,9.210372161982697,48.79912609299229,(UTC+01:00) Europe/Paris DST,2013-02-25T21:00:00+01:00,4,8,na,12,-2.0,0.0,na
Eco Counter GmbH,Landeshauptstadt Stuttgart,607,König-Karls-Brücke Barometer,100034882,YTH16019147,9.210372161982697,48.79912609299229,(UTC+01:00) Europe/Paris DST,2013-02-25T22:00:00+01:00,3,11,na,14,-2.0,0.0,na
Eco Counter GmbH,Landeshauptstadt Stuttgart,607,König-Karls-Brücke Barometer,100034882,YTH16019147,9.210372161982697,48.79912609299229,(UTC+01:00) Europe/Paris DST,2013-02-25T23:00:00+01:00,3,4,na,7,-3.0,0.0,na
Eco Counter GmbH,Landeshauptstadt Stuttgart,607,König-Karls-Brücke Barometer,100034882,YTH16019147,9.210372161982697,48.79912609299229,(UTC+01:00) Europe/Paris DST,2013-02-26T00:00:00+01:00,1,1,na,2,-3.0,0.0,na
Eco Counter GmbH,Landeshauptstadt Stuttgart,607,König-Karls-Brücke Barometer,100034882,YTH16019147,9.210372161982697,48.79912609299229,(UTC+01:00) Europe/Paris DST,2013-02-26T01:00:00+01:00,0,1,na,1,-4.0,0.0,na
Eco Counter GmbH,Landeshauptstadt Stuttgart,607,König-Karls-Brücke Barometer,100034882,YTH16019147,9.210372161982697,48.79912609299229,(UTC+01:00) Europe/Paris DST,2013-02-26T02:00:00+01:00,0,0,na,0,-4.0,0.0,na
Eco Counter GmbH,Landeshauptstadt Stuttgart,607,König-Karls-Brücke Barometer,100034882,YTH16019147,9.210372161982697,48.79912609299229,(UTC+01:00) Europe/Paris DST,2013-02-26T03:00:00+01:00,0,1,na,1,-4.0,0.0,na
Eco Counter GmbH,Landeshauptstadt Stuttgart,607,König-Karls-Brücke Barometer,100034882,YTH16019147,9.210372161982697,48.79912609299229,(UTC+01:00) Europe/Paris DST,2013-02-26T04:00:00+01:00,0,0,na,0,-4.0,0.0,na
Eco Counter GmbH,Landeshauptstadt Stuttgart,607,König-Karls-Brücke Barometer,100034882,YTH16019147,9.210372161982697,48.79912609299229,(UTC+01:00) Europe/Paris DST,2013-02-26T05:00:00+01:00,5,7,na,12,-4.0,0.0,na
Eco Counter GmbH,Landeshauptstadt Stuttgart,607,König-Karls-Brücke Barometer,100034882,YTH16019147,9.210372161982697,48.79912609299229,(UTC+01:00) Europe/Paris DST,2013-02-26T06:00:00+01:00,22,12,na,34,-4.0,0.1,na
Eco Counter GmbH,Landeshauptstadt Stuttgart,607,König-Karls-Brücke Barometer,100034882,YTH16019147,9.210372161982697,48.79912609299229,(UTC+01:00) Europe/Paris DST,2013-02-26T07:00:00+01:00,52,43,na,95,-3.0,0.1,na
Eco Counter GmbH,Landeshauptstadt Stuttgart,607,König-Karls-Brücke Barometer,100034882,YTH16019147,9.210372161982697,48.79912609299229,(UTC+01:00) Europe/Paris DST,2013-02-26T08:00:00+01:00,54,31,na,85,-3.0,0.1,na
Eco Counter GmbH,Landeshauptstadt Stuttgart,607,König-Karls-Brücke Barometer,100034882,YTH16019147,9.210372161982697,48.79912609299229,(UTC+01:00) Europe/Paris DST,2013-02-26T09:00:00+01:00,32,21,na,53,-2.0,0.1,na
Eco Counter GmbH,Landeshauptstadt Stuttgart,607,König-Karls-Brücke Barometer,100034882,YTH16019147,9.210372161982697,48.79912609299229,(UTC+01:00) Europe/Paris DST,2013-02-26T10:00:00+01:00,15,14,na,29,-1.0,0.1,na
Eco Counter GmbH,Landeshauptstadt Stuttgart,607,König-Karls-Brücke Barometer,100034882,YTH16019147,9.210372161982697,48.79912609299229,(UTC+01:00) Europe/Paris DST,2013-02-26T11:00:00+01:00,11,14,na,25,-1.0,0.1,na
Eco Counter GmbH,Landeshauptstadt Stuttgart,607,König-Karls-Brücke Barometer,100034882,YTH16019147,9.210372161982697,48.79912609299229,(UTC+01:00) Europe/Paris DST,2013-02-26T12:00:00+01:00,14,25,na,39,0.0,0.0,na
Eco Counter GmbH,Landeshauptstadt Stuttgart,607,König-Karls-Brücke Barometer,100034882,YTH16019147,9.210372161982697,48.79912609299229,(UTC+01:00) Europe/Paris DST,2013-02-26T13:00:00+01:00,14,15,na,29,1.0,0.0,na
Eco Counter GmbH,Landeshauptstadt Stuttgart,607,König-Karls-Brücke Barometer,100034882,YTH16019147,9.210372161982697,48.79912609299229,(UTC+01:00) Europe/Paris DST,2013-02-26T14:00:00+01:00,7,19,na,26,1.0,0.1,na
Eco Counter GmbH,Landeshauptstadt Stuttgart,607,König-Karls-Brücke Barometer,100034882,YTH16019147,9.210372161982697,48.79912609299229,(UTC+01:00) Europe/Paris DST,2013-02-26T15:00:00+01:00,18,19,na,37,2.0,0.1,na
Eco Counter GmbH,Landeshauptstadt Stuttgart,607,König-Karls-Brücke Barometer,100034882,YTH16019147,9.210372161982697,48.79912609299229,(UTC+01:00) Europe/Paris DST,2013-02-26T16:00:00+01:00,18,36,na,54,1.0,0.1,na
Eco Counter GmbH,Landeshauptstadt Stuttgart,607,König-Karls-Brücke Barometer,100034882,YTH16019147,9.210372161982697,48.79912609299229,(UTC+01:00) Europe/Paris DST,2013-02-26T17:00:00+01:00,34,45,na,79,1.0,0.0,na
Eco Counter GmbH,Landeshauptstadt Stuttgart,607,König-Karls-Brücke Barometer,100034882,YTH16019147,9.210372161982697,48.79912609299229,(UTC+01:00) Europe/Paris DST,2013-02-26T18:00:00+01:00,36,47,na,83,0.0,0.0,na
Eco Counter GmbH,Landeshauptstadt Stuttgart,607,König-Karls-Brücke Barometer,100034882,YTH16019147,9.210372161982697,48.79912609299229,(UTC+01:00) Europe/Paris DST,2013-02-26T19:00:00+01:00,24,19,na,43,-1.0,0.0,na
Eco Counter GmbH,Landeshauptstadt Stuttgart,607,König-Karls-Brücke Barometer,100034882,YTH16019147,9.210372161982697,48.79912609299229,(UTC+01:00) Europe/Paris DST,2013-02-26T20:00:00+01:00,11,13,na,24,-1.0,0.0,na
Eco Counter GmbH,Landeshauptstadt Stuttgart,607,König-Karls-Brücke Barometer,100034882,YTH16019147,9.210372161982697,48.79912609299229,(UTC+01:00) Europe/Paris DST,2013-02-26T21:00:00+01:00,6,6,na,12,-2.0,0.0,na
Eco Counter GmbH,Landeshauptstadt Stuttgart,607,König-Karls-Brücke Barometer,100034882,YTH16019147,9.210372161982697,48.79912609299229,(UTC+01:00) Europe/Paris DST,2013-02-26T22:00:00+01:00,2,7,na,9,-1.0,0.0,na
Eco Counter GmbH,Landeshauptstadt Stuttgart,607,König-Karls-Brücke Barometer,100034882,YTH16019147,9.210372161982697,48.79912609299229,(UTC+01:00) Europe/Paris DST,2013-02-26T23:00:00+01:00,2,3,na,5,-1.0,0.0,na
Eco Counter GmbH,Landeshauptstadt Stuttgart,607,König-Karls-Brücke Barometer,100034882,YTH16019147,9.210372161982697,48.79912609299229,(UTC+01:00) Europe/Paris DST,2013-02-27T00:00:00+01:00,0,1,na,1,0.0,0.1,na
Eco Counter GmbH,Landeshauptstadt Stuttgart,607,König-Karls-Brücke Barometer,100034882,YTH16019147,9.210372161982697,48.79912609299229,(UTC+01:00) Europe/Paris DST,2013-02-27T01:00:00+01:00,0,0,na,0,0.0,0.1,na
Eco Counter GmbH,Landeshauptstadt Stuttgart,607,König-Karls-Brücke Barometer,100034882,YTH16019147,9.210372161982697,48.79912609299229,(UTC+01:00) Europe/Paris DST,2013-02-27T02:00:00+01:00,0,0,na,0,0.0,0.0,na
Eco Counter GmbH,Landeshauptstadt Stuttgart,607,König-Karls-Brücke Barometer,100034882,YTH16019147,9.210372161982697,48.79912609299229,(UTC+01:00) Europe/Paris DST,2013-02-27T03:00:00+01:00,2,1,na,3,1.0,0.0,na
Eco Counter GmbH,Landeshauptstadt Stuttgart,607,König-Karls-Brücke Barometer,100034882,YTH16019147,9.210372161982697,48.79912609299229,(UTC+01:00) Europe/Paris DST,2013-02-27T04:00:00+01:00,0,2,na,2,0.0,0.0,na
Eco Counter GmbH,Landeshauptstadt Stuttgart,607,König-Karls-Brücke Barometer,100034882,YTH16019147,9.210372161982697,48.79912609299229,(UTC+01:00) Europe/Paris DST,2013-02-27T05:00:00+01:00,1,5,na,6,0.0,0.1,na
Eco Counter GmbH,Landeshauptstadt Stuttgart,607,König-Karls-Brücke Barometer,100034882,YTH16019147,9.210372161982697,48.79912609299229,(UTC+01:00) Europe/Paris DST,2013-02-27T06:00:00+01:00,23,12,na,35,0.0,0.1,na
Eco Counter GmbH,Landeshauptstadt Stuttgart,607,König-Karls-Brücke Barometer,100034882,YTH16019147,9.210372161982697,48.79912609299229,(UTC+01:00) Europe/Paris DST,2013-02-27T07:00:00+01:00,41,35,na,76,1.0,0.1,na
Eco Counter GmbH,Landeshauptstadt Stuttgart,607,König-Karls-Brücke Barometer,100034882,YTH16019147,9.210372161982697,48.79912609299229,(UTC+01:00) Europe/Paris DST,2013-02-27T08:00:00+01:00,46,43,na,89,1.0,0.1,na
Eco Counter GmbH,Landeshauptstadt Stuttgart,607,König-Karls-Brücke Barometer,100034882,YTH16019147,9.210372161982697,48.79912609299229,(UTC+01:00) Europe/Paris DST,2013-02-27T09:00:00+01:00,15,15,na,30,1.0,0.1,na
Eco Counter GmbH,Landeshauptstadt Stuttgart,607,König-Karls-Brücke Barometer,100034882,YTH16019147,9.210372161982697,48.79912609299229,(UTC+01:00) Europe/Paris DST,2013-02-27T10:00:00+01:00,17,14,na,31,2.0,0.1,na
Eco Counter GmbH,Landeshauptstadt Stuttgart,607,König-Karls-Brücke Barometer,100034882,YTH16019147,9.210372161982697,48.79912609299229,(UTC+01:00) Europe/Paris DST,2013-02-27T11:00:00+01:00,15,15,na,30,2.0,0.1,na
Eco Counter GmbH,Landeshauptstadt Stuttgart,607,König-Karls-Brücke Barometer,100034882,YTH16019147,9.210372161982697,48.79912609299229,(UTC+01:00) Europe/Paris DST,2013-02-27T12:00:00+01:00,12,16,na,28,2.0,0.0,na
Eco Counter GmbH,Landeshauptstadt Stuttgart,607,König-Karls-Brücke Barometer,100034882,YTH16019147,9.210372161982697,48.79912609299229,(UTC+01:00) Europe/Paris DST,2013-02-27T13:00:00+01:00,23,18,na,41,2.0,0.0,na
Eco Counter GmbH,Landeshauptstadt Stuttgart,607,König-Karls-Brücke Barometer,100034882,YTH16019147,9.210372161982697,48.79912609299229,(UTC+01:00) Europe/Paris DST,2013-02-27T14:00:00+01:00,15,16,na,31,3.0,0.1,na
Eco Counter GmbH,Landeshauptstadt Stuttgart,607,König-Karls-Brücke Barometer,100034882,YTH16019147,9.210372161982697,48.79912609299229,(UTC+01:00) Europe/Paris DST,2013-02-27T15:00:00+01:00,14,43,na,57,3.0,0.1,na
Eco Counter GmbH,Landeshauptstadt Stuttgart,607,König-Karls-Brücke Barometer,100034882,YTH16019147,9.210372161982697,48.79912609299229,(UTC+01:00) Europe/Paris DST,2013-02-27T16:00:00+01:00,28,41,na,69,3.0,0.1,na
Eco Counter GmbH,Landeshauptstadt Stuttgart,607,König-Karls-Brücke Barometer,100034882,YTH16019147,9.210372161982697,48.79912609299229,(UTC+01:00) Europe/Paris DST,2013-02-27T17:00:00+01:00,37,58,na,95,3.0,0.1,na
Eco Counter GmbH,Landeshauptstadt Stuttgart,607,König-Karls-Brücke Barometer,100034882,YTH16019147,9.210372161982697,48.79912609299229,(UTC+01:00) Europe/Paris DST,2013-02-27T18:00:00+01:00,32,44,na,76,2.0,0.1,na
Eco Counter GmbH,Landeshauptstadt Stuttgart,607,König-Karls-Brücke Barometer,100034882,YTH16019147,9.210372161982697,48.79912609299229,(UTC+01:00) Europe/Paris DST,2013-02-27T19:00:00+01:00,14,22,na,36,2.0,0.1,na
Eco Counter GmbH,Landeshauptstadt Stuttgart,607,König-Karls-Brücke Barometer,100034882,YTH16019147,9.210372161982697,48.79912609299229,(UTC+01:00) Europe/Paris DST,2013-02-27T20:00:00+01:00,14,18,na,32,2.0,0.1,na
Eco Counter GmbH,Landeshauptstadt Stuttgart,607,König-Karls-Brücke Barometer,100034882,YTH16019147,9.210372161982697,48.79912609299229,(UTC+01:00) Europe/Paris DST,2013-02-27T21:00:00+01:00,9,12,na,21,2.0,0.0,na
Eco Counter GmbH,Landeshauptstadt Stuttgart,607,König-Karls-Brücke Barometer,100034882,YTH16019147,9.210372161982697,48.79912609299229,(UTC+01:00) Europe/Paris DST,2013-02-27T22:00:00+01:00,9,10,na,19,1.0,0.0,na
Eco Counter GmbH,Landeshauptstadt Stuttgart,607,König-Karls-Brücke Barometer,100034882,YTH16019147,9.210372161982697,48.79912609299229,(UTC+01:00) Europe/Paris DST,2013-02-27T23:00:00+01:00,2,6,na,8,0.0,0.0,na
Eco Counter GmbH,Landeshauptstadt Stuttgart,607,König-Karls-Brücke Barometer,100034882,YTH16019147,9.210372161982697,48.79912609299229,(UTC+01:00) Europe/Paris DST,2013-02-28T00:00:00+01:00,2,2,na,4,0.0,0.0,na
Eco Counter GmbH,Landeshauptstadt Stuttgart,607,König-Karls-Brücke Barometer,100034882,YTH16019147,9.210372161982697,48.79912609299229,(UTC+01:00) Europe/Paris DST,2013-02-28T01:00:00+01:00,0,2,na,2,-1.0,0.0,na
Eco Counter GmbH,Landeshauptstadt Stuttgart,607,König-Karls-Brücke Barometer,100034882,YTH16019147,9.210372161982697,48.79912609299229,(UTC+01:00) Europe/Paris DST,2013-02-28T02:00:00+01:00,0,1,na,1,-1.0,0.0,na
Eco Counter GmbH,Landeshauptstadt Stuttgart,607,König-Karls-Brücke Barometer,100034882,YTH16019147,9.210372161982697,48.79912609299229,(UTC+01:00) Europe/Paris DST,2013-02-28T03:00:00+01:00,0,0,na,0,-1.0,0.0,na
Eco Counter GmbH,Landeshauptstadt Stuttgart,607,König-Karls-Brücke Barometer,100034882,YTH16019147,9.210372161982697,48.79912609299229,(UTC+01:00) Europe/Paris DST,2013-02-28T04:00:00+01:00,0,1,na,1,-1.0,0.0,na
Eco Counter GmbH,Landeshauptstadt Stuttgart,607,König-Karls-Brücke Barometer,100034882,YTH16019147,9.210372161982697,48.79912609299229,(UTC+01:00) Europe/Paris DST,2013-02-28T05:00:00+01:00,4,5,na,9,-2.0,0.0,na
Eco Counter GmbH,Landeshauptstadt Stuttgart,607,König-Karls-Brücke Barometer,100034882,YTH16019147,9.210372161982697,48.79912609299229,(UTC+01:00) Europe/Paris DST,2013-02-28T06:00:00+01:00,21,18,na,39,-2.0,0.0,na
Eco Counter GmbH,Landeshauptstadt Stuttgart,607,König-Karls-Brücke Barometer,100034882,YTH16019147,9.210372161982697,48.79912609299229,(UTC+01:00) Europe/Paris DST,2013-02-28T07:00:00+01:00,51,44,na,95,-1.0,0.0,na
Eco Counter GmbH,Landeshauptstadt Stuttgart,607,König-Karls-Brücke Barometer,100034882,YTH16019147,9.210372161982697,48.79912609299229,(UTC+01:00) Europe/Paris DST,2013-02-28T08:00:00+01:00,56,47,na,103,-1.0,0.0,na
Eco Counter GmbH,Landeshauptstadt Stuttgart,607,König-Karls-Brücke Barometer,100034882,YTH16019147,9.210372161982697,48.79912609299229,(UTC+01:00) Europe/Paris DST,2013-02-28T09:00:00+01:00,29,22,na,51,0.0,0.0,na
Eco Counter GmbH,Landeshauptstadt Stuttgart,607,König-Karls-Brücke Barometer,100034882,YTH16019147,9.210372161982697,48.79912609299229,(UTC+01:00) Europe/Paris DST,2013-02-28T10:00:00+01:00,26,22,na,48,0.0,0.0,na
Eco Counter GmbH,Landeshauptstadt Stuttgart,607,König-Karls-Brücke Barometer,100034882,YTH16019147,9.210372161982697,48.79912609299229,(UTC+01:00) Europe/Paris DST,2013-02-28T11:00:00+01:00,16,15,na,31,1.0,0.0,na
Eco Counter GmbH,Landeshauptstadt Stuttgart,607,König-Karls-Brücke Barometer,100034882,YTH16019147,9.210372161982697,48.79912609299229,(UTC+01:00) Europe/Paris DST,2013-02-28T12:00:00+01:00,16,18,na,34,2.0,0.0,na
Eco Counter GmbH,Landeshauptstadt Stuttgart,607,König-Karls-Brücke Barometer,100034882,YTH16019147,9.210372161982697,48.79912609299229,(UTC+01:00) Europe/Paris DST,2013-02-28T13:00:00+01:00,22,23,na,45,2.0,0.0,na
Eco Counter GmbH,Landeshauptstadt Stuttgart,607,König-Karls-Brücke Barometer,100034882,YTH16019147,9.210372161982697,48.79912609299229,(UTC+01:00) Europe/Paris DST,2013-02-28T14:00:00+01:00,17,29,na,46,3.0,0.0,na
Eco Counter GmbH,Landeshauptstadt Stuttgart,607,König-Karls-Brücke Barometer,100034882,YTH16019147,9.210372161982697,48.79912609299229,(UTC+01:00) Europe/Paris DST,2013-02-28T15:00:00+01:00,28,44,na,72,3.0,0.0,na
Eco Counter GmbH,Landeshauptstadt Stuttgart,607,König-Karls-Brücke Barometer,100034882,YTH16019147,9.210372161982697,48.79912609299229,(UTC+01:00) Europe/Paris DST,2013-02-28T16:00:00+01:00,39,51,na,90,3.0,0.0,na
Eco Counter GmbH,Landeshauptstadt Stuttgart,607,König-Karls-Brücke Barometer,100034882,YTH16019147,9.210372161982697,48.79912609299229,(UTC+01:00) Europe/Paris DST,2013-02-28T17:00:00+01:00,42,60,na,102,2.0,0.0,na
Eco Counter GmbH,Landeshauptstadt Stuttgart,607,König-Karls-Brücke Barometer,100034882,YTH16019147,9.210372161982697,48.79912609299229,(UTC+01:00) Europe/Paris DST,2013-02-28T18:00:00+01:00,50,52,na,102,1.0,0.0,na
Eco Counter GmbH,Landeshauptstadt Stuttgart,607,König-Karls-Brücke Barometer,100034882,YTH16019147,9.210372161982697,48.79912609299229,(UTC+01:00) Europe/Paris DST,2013-02-28T19:00:00+01:00,25,49,na,74,0.0,0.0,na
Eco Counter GmbH,Landeshauptstadt Stuttgart,607,König-Karls-Brücke Barometer,100034882,YTH16019147,9.210372161982697,48.79912609299229,(UTC+01:00) Europe/Paris DST,2013-02-28T20:00:00+01:00,8,21,na,29,0.0,0.0,na
Eco Counter GmbH,Landeshauptstadt Stuttgart,607,König-Karls-Brücke Barometer,100034882,YTH16019147,9.210372161982697,48.79912609299229,(UTC+01:00) Europe/Paris DST,2013-02-28T21:00:00+01:00,7,11,na,18,-1.0,0.0,na
Eco Counter GmbH,Landeshauptstadt Stuttgart,607,König-Karls-Brücke Barometer,100034882,YTH16019147,9.210372161982697,48.79912609299229,(UTC+01:00) Europe/Paris DST,2013-02-28T22:00:00+01:00,10,5,na,15,-2.0,0.0,na
