operator_name,domain_name,domain_id,counter_site,counter_site_id,counter_serial,longitude,latitude,timezone,iso_timestamp,channels_in,channels_out,channels_unknown,channels_all,site_temperature,site_rain_accumulation,site_snow_accumulation
Eco Counter GmbH,Stadt Tübingen,667,Unterführung Steinlach/Karlstraße Südseite - Steinlachallee,100003359,Y2H17123962,9.058865,48.515434,(UTC+01:00) Europe/Paris DST,2013-05-15T00:00:00+02:00,0,0,na,0,10.0,0.0,na
Eco Counter GmbH,Stadt Tübingen,667,Unterführung Steinlach/Karlstraße Südseite - Steinlachallee,100003359,Y2H17123962,9.058865,48.515434,(UTC+01:00) Europe/Paris DST,2013-05-15T01:00:00+02:00,0,0,na,0,9.0,0.0,na
Eco Counter GmbH,Stadt Tübingen,667,Unterführung Steinlach/Karlstraße Südseite - Steinlachallee,100003359,Y2H17123962,9.058865,48.515434,(UTC+01:00) Europe/Paris DST,2013-05-15T02:00:00+02:00,0,0,na,0,8.0,0.0,na
Eco Counter GmbH,Stadt Tübingen,667,Unterführung Steinlach/Karlstraße Südseite - Steinlachallee,100003359,Y2H17123962,9.058865,48.515434,(UTC+01:00) Europe/Paris DST,2013-05-15T03:00:00+02:00,0,0,na,0,8.0,0.0,na
Eco Counter GmbH,Stadt Tübingen,667,Unterführung Steinlach/Karlstraße Südseite - Steinlachallee,100003359,Y2H17123962,9.058865,48.515434,(UTC+01:00) Europe/Paris DST,2013-05-15T04:00:00+02:00,0,0,na,0,9.0,0.0,na
Eco Counter GmbH,Stadt Tübingen,667,Unterführung Steinlach/Karlstraße Südseite - Steinlachallee,100003359,Y2H17123962,9.058865,48.515434,(UTC+01:00) Europe/Paris DST,2013-05-15T05:00:00+02:00,0,0,na,0,9.0,0.0,na
Eco Counter GmbH,Stadt Tübingen,667,Unterführung Steinlach/Karlstraße Südseite - Steinlachallee,100003359,Y2H17123962,9.058865,48.515434,(UTC+01:00) Europe/Paris DST,2013-05-15T06:00:00+02:00,0,0,na,0,11.0,0.0,na
Eco Counter GmbH,Stadt Tübingen,667,Unterführung Steinlach/Karlstraße Südseite - Steinlachallee,100003359,Y2H17123962,9.058865,48.515434,(UTC+01:00) Europe/Paris DST,2013-05-15T07:00:00+02:00,0,0,na,0,13.0,0.0,na
Eco Counter GmbH,Stadt Tübingen,667,Unterführung Steinlach/Karlstraße Südseite - Steinlachallee,100003359,Y2H17123962,9.058865,48.515434,(UTC+01:00) Europe/Paris DST,2013-05-15T08:00:00+02:00,0,0,na,0,15.0,0.0,na
Eco Counter GmbH,Stadt Tübingen,667,Unterführung Steinlach/Karlstraße Südseite - Steinlachallee,100003359,Y2H17123962,9.058865,48.515434,(UTC+01:00) Europe/Paris DST,2013-05-15T09:00:00+02:00,0,0,na,0,16.0,0.0,na
Eco Counter GmbH,Stadt Tübingen,667,Unterführung Steinlach/Karlstraße Südseite - Steinlachallee,100003359,Y2H17123962,9.058865,48.515434,(UTC+01:00) Europe/Paris DST,2013-05-15T10:00:00+02:00,0,0,na,0,17.0,0.0,na
Eco Counter GmbH,Stadt Tübingen,667,Unterführung Steinlach/Karlstraße Südseite - Steinlachallee,100003359,Y2H17123962,9.058865,48.515434,(UTC+01:00) Europe/Paris DST,2013-05-15T11:00:00+02:00,152,126,na,278,18.0,0.0,na
Eco Counter GmbH,Stadt Tübingen,667,Unterführung Steinlach/Karlstraße Südseite - Steinlachallee,100003359,Y2H17123962,9.058865,48.515434,(UTC+01:00) Europe/Paris DST,2013-05-15T12:00:00+02:00,296,299,na,595,18.0,0.0,na
Eco Counter GmbH,Stadt Tübingen,667,Unterführung Steinlach/Karlstraße Südseite - Steinlachallee,100003359,Y2H17123962,9.058865,48.515434,(UTC+01:00) Europe/Paris DST,2013-05-15T13:00:00+02:00,261,345,na,606,18.0,0.0,na
Eco Counter GmbH,Stadt Tübingen,667,Unterführung Steinlach/Karlstraße Südseite - Steinlachallee,100003359,Y2H17123962,9.058865,48.515434,(UTC+01:00) Europe/Paris DST,2013-05-15T14:00:00+02:00,249,242,na,491,17.0,0.0,na
Eco Counter GmbH,Stadt Tübingen,667,Unterführung Steinlach/Karlstraße Südseite - Steinlachallee,100003359,Y2H17123962,9.058865,48.515434,(UTC+01:00) Europe/Paris DST,2013-05-15T15:00:00+02:00,253,338,na,591,16.0,0.1,na
Eco Counter GmbH,Stadt Tübingen,667,Unterführung Steinlach/Karlstraße Südseite - Steinlachallee,100003359,Y2H17123962,9.058865,48.515434,(UTC+01:00) Europe/Paris DST,2013-05-15T16:00:00+02:00,277,333,na,610,15.0,0.0,na
Eco Counter GmbH,Stadt Tübingen,667,Unterführung Steinlach/Karlstraße Südseite - Steinlachallee,100003359,Y2H17123962,9.058865,48.515434,(UTC+01:00) Europe/Paris DST,2013-05-15T17:00:00+02:00,299,349,na,648,14.0,0.0,na
Eco Counter GmbH,Stadt Tübingen,667,Unterführung Steinlach/Karlstraße Südseite - Steinlachallee,100003359,Y2H17123962,9.058865,48.515434,(UTC+01:00) Europe/Paris DST,2013-05-15T18:00:00+02:00,290,359,na,649,13.0,0.1,na
Eco Counter GmbH,Stadt Tübingen,667,Unterführung Steinlach/Karlstraße Südseite - Steinlachallee,100003359,Y2H17123962,9.058865,48.515434,(UTC+01:00) Europe/Paris DST,2013-05-15T19:00:00+02:00,213,245,na,458,12.0,0.0,na
Eco Counter GmbH,Stadt Tübingen,667,Unterführung Steinlach/Karlstraße Südseite - Steinlachallee,100003359,Y2H17123962,9.058865,48.515434,(UTC+01:00) Europe/Paris DST,2013-05-15T20:00:00+02:00,134,208,na,342,11.0,0.2,na
Eco Counter GmbH,Stadt Tübingen,667,Unterführung Steinlach/Karlstraße Südseite - Steinlachallee,100003359,Y2H17123962,9.058865,48.515434,(UTC+01:00) Europe/Paris DST,2013-05-15T21:00:00+02:00,90,142,na,232,10.0,0.0,na
Eco Counter GmbH,Stadt Tübingen,667,Unterführung Steinlach/Karlstraße Südseite - Steinlachallee,100003359,Y2H17123962,9.058865,48.515434,(UTC+01:00) Europe/Paris DST,2013-05-15T22:00:00+02:00,64,128,na,192,9.0,0.0,na
Eco Counter GmbH,Stadt Tübingen,667,Unterführung Steinlach/Karlstraße Südseite - Steinlachallee,100003359,Y2H17123962,9.058865,48.515434,(UTC+01:00) Europe/Paris DST,2013-05-15T23:00:00+02:00,30,88,na,118,9.0,0.0,na
Eco Counter GmbH,Stadt Tübingen,667,Unterführung Steinlach/Karlstraße Südseite - Steinlachallee,100003359,Y2H17123962,9.058865,48.515434,(UTC+01:00) Europe/Paris DST,2013-05-16T00:00:00+02:00,19,25,na,44,8.0,0.0,na
Eco Counter GmbH,Stadt Tübingen,667,Unterführung Steinlach/Karlstraße Südseite - Steinlachallee,100003359,Y2H17123962,9.058865,48.515434,(UTC+01:00) Europe/Paris DST,2013-05-16T01:00:00+02:00,4,14,na,18,8.0,0.0,na
Eco Counter GmbH,Stadt Tübingen,667,Unterführung Steinlach/Karlstraße Südseite - Steinlachallee,100003359,Y2H17123962,9.058865,48.515434,(UTC+01:00) Europe/Paris DST,2013-05-16T02:00:00+02:00,2,7,na,9,8.0,0.0,na
Eco Counter GmbH,Stadt Tübingen,667,Unterführung Steinlach/Karlstraße Südseite - Steinlachallee,100003359,Y2H17123962,9.058865,48.515434,(UTC+01:00) Europe/Paris DST,2013-05-16T03:00:00+02:00,3,4,na,7,8.0,0.0,na
Eco Counter GmbH,Stadt Tübingen,667,Unterführung Steinlach/Karlstraße Südseite - Steinlachallee,100003359,Y2H17123962,9.058865,48.515434,(UTC+01:00) Europe/Paris DST,2013-05-16T04:00:00+02:00,2,2,na,4,8.0,0.0,na
Eco Counter GmbH,Stadt Tübingen,667,Unterführung Steinlach/Karlstraße Südseite - Steinlachallee,100003359,Y2H17123962,9.058865,48.515434,(UTC+01:00) Europe/Paris DST,2013-05-16T05:00:00+02:00,24,9,na,33,9.0,0.0,na
Eco Counter GmbH,Stadt Tübingen,667,Unterführung Steinlach/Karlstraße Südseite - Steinlachallee,100003359,Y2H17123962,9.058865,48.515434,(UTC+01:00) Europe/Paris DST,2013-05-16T06:00:00+02:00,54,37,na,91,9.0,0.0,na
Eco Counter GmbH,Stadt Tübingen,667,Unterführung Steinlach/Karlstraße Südseite - Steinlachallee,100003359,Y2H17123962,9.058865,48.515434,(UTC+01:00) Europe/Paris DST,2013-05-16T07:00:00+02:00,416,139,na,555,10.0,0.0,na
Eco Counter GmbH,Stadt Tübingen,667,Unterführung Steinlach/Karlstraße Südseite - Steinlachallee,100003359,Y2H17123962,9.058865,48.515434,(UTC+01:00) Europe/Paris DST,2013-05-16T08:00:00+02:00,398,151,na,549,11.0,0.0,na
Eco Counter GmbH,Stadt Tübingen,667,Unterführung Steinlach/Karlstraße Südseite - Steinlachallee,100003359,Y2H17123962,9.058865,48.515434,(UTC+01:00) Europe/Paris DST,2013-05-16T09:00:00+02:00,260,131,na,391,13.0,0.0,na
Eco Counter GmbH,Stadt Tübingen,667,Unterführung Steinlach/Karlstraße Südseite - Steinlachallee,100003359,Y2H17123962,9.058865,48.515434,(UTC+01:00) Europe/Paris DST,2013-05-16T10:00:00+02:00,152,91,na,243,14.0,0.3,na
Eco Counter GmbH,Stadt Tübingen,667,Unterführung Steinlach/Karlstraße Südseite - Steinlachallee,100003359,Y2H17123962,9.058865,48.515434,(UTC+01:00) Europe/Paris DST,2013-05-16T11:00:00+02:00,154,121,na,275,15.0,0.4,na
Eco Counter GmbH,Stadt Tübingen,667,Unterführung Steinlach/Karlstraße Südseite - Steinlachallee,100003359,Y2H17123962,9.058865,48.515434,(UTC+01:00) Europe/Paris DST,2013-05-16T12:00:00+02:00,199,202,na,401,16.0,0.4,na
Eco Counter GmbH,Stadt Tübingen,667,Unterführung Steinlach/Karlstraße Südseite - Steinlachallee,100003359,Y2H17123962,9.058865,48.515434,(UTC+01:00) Europe/Paris DST,2013-05-16T13:00:00+02:00,228,253,na,481,16.0,0.3,na
Eco Counter GmbH,Stadt Tübingen,667,Unterführung Steinlach/Karlstraße Südseite - Steinlachallee,100003359,Y2H17123962,9.058865,48.515434,(UTC+01:00) Europe/Paris DST,2013-05-16T14:00:00+02:00,164,176,na,340,16.0,0.0,na
Eco Counter GmbH,Stadt Tübingen,667,Unterführung Steinlach/Karlstraße Südseite - Steinlachallee,100003359,Y2H17123962,9.058865,48.515434,(UTC+01:00) Europe/Paris DST,2013-05-16T15:00:00+02:00,224,243,na,467,16.0,0.0,na
Eco Counter GmbH,Stadt Tübingen,667,Unterführung Steinlach/Karlstraße Südseite - Steinlachallee,100003359,Y2H17123962,9.058865,48.515434,(UTC+01:00) Europe/Paris DST,2013-05-16T16:00:00+02:00,220,290,na,510,16.0,0.0,na
Eco Counter GmbH,Stadt Tübingen,667,Unterführung Steinlach/Karlstraße Südseite - Steinlachallee,100003359,Y2H17123962,9.058865,48.515434,(UTC+01:00) Europe/Paris DST,2013-05-16T17:00:00+02:00,239,318,na,557,15.0,0.0,na
Eco Counter GmbH,Stadt Tübingen,667,Unterführung Steinlach/Karlstraße Südseite - Steinlachallee,100003359,Y2H17123962,9.058865,48.515434,(UTC+01:00) Europe/Paris DST,2013-05-16T18:00:00+02:00,213,334,na,547,14.0,0.1,na
Eco Counter GmbH,Stadt Tübingen,667,Unterführung Steinlach/Karlstraße Südseite - Steinlachallee,100003359,Y2H17123962,9.058865,48.515434,(UTC+01:00) Europe/Paris DST,2013-05-16T19:00:00+02:00,164,228,na,392,13.0,0.5,na
Eco Counter GmbH,Stadt Tübingen,667,Unterführung Steinlach/Karlstraße Südseite - Steinlachallee,100003359,Y2H17123962,9.058865,48.515434,(UTC+01:00) Europe/Paris DST,2013-05-16T20:00:00+02:00,124,140,na,264,11.0,1.3,na
Eco Counter GmbH,Stadt Tübingen,667,Unterführung Steinlach/Karlstraße Südseite - Steinlachallee,100003359,Y2H17123962,9.058865,48.515434,(UTC+01:00) Europe/Paris DST,2013-05-16T21:00:00+02:00,94,89,na,183,11.0,0.4,na
Eco Counter GmbH,Stadt Tübingen,667,Unterführung Steinlach/Karlstraße Südseite - Steinlachallee,100003359,Y2H17123962,9.058865,48.515434,(UTC+01:00) Europe/Paris DST,2013-05-16T22:00:00+02:00,74,103,na,177,10.0,0.0,na
Eco Counter GmbH,Stadt Tübingen,667,Unterführung Steinlach/Karlstraße Südseite - Steinlachallee,100003359,Y2H17123962,9.058865,48.515434,(UTC+01:00) Europe/Paris DST,2013-05-16T23:00:00+02:00,23,55,na,78,9.0,0.0,na
Eco Counter GmbH,Stadt Tübingen,667,Unterführung Steinlach/Karlstraße Südseite - Steinlachallee,100003359,Y2H17123962,9.058865,48.515434,(UTC+01:00) Europe/Paris DST,2013-05-17T00:00:00+02:00,19,24,na,43,9.0,0.0,na
Eco Counter GmbH,Stadt Tübingen,667,Unterführung Steinlach/Karlstraße Südseite - Steinlachallee,100003359,Y2H17123962,9.058865,48.515434,(UTC+01:00) Europe/Paris DST,2013-05-17T01:00:00+02:00,10,27,na,37,9.0,0.0,na
Eco Counter GmbH,Stadt Tübingen,667,Unterführung Steinlach/Karlstraße Südseite - Steinlachallee,100003359,Y2H17123962,9.058865,48.515434,(UTC+01:00) Europe/Paris DST,2013-05-17T02:00:00+02:00,3,30,na,33,9.0,0.0,na
Eco Counter GmbH,Stadt Tübingen,667,Unterführung Steinlach/Karlstraße Südseite - Steinlachallee,100003359,Y2H17123962,9.058865,48.515434,(UTC+01:00) Europe/Paris DST,2013-05-17T03:00:00+02:00,4,20,na,24,9.0,0.0,na
Eco Counter GmbH,Stadt Tübingen,667,Unterführung Steinlach/Karlstraße Südseite - Steinlachallee,100003359,Y2H17123962,9.058865,48.515434,(UTC+01:00) Europe/Paris DST,2013-05-17T04:00:00+02:00,4,6,na,10,8.0,0.0,na
Eco Counter GmbH,Stadt Tübingen,667,Unterführung Steinlach/Karlstraße Südseite - Steinlachallee,100003359,Y2H17123962,9.058865,48.515434,(UTC+01:00) Europe/Paris DST,2013-05-17T05:00:00+02:00,19,8,na,27,8.0,0.0,na
Eco Counter GmbH,Stadt Tübingen,667,Unterführung Steinlach/Karlstraße Südseite - Steinlachallee,100003359,Y2H17123962,9.058865,48.515434,(UTC+01:00) Europe/Paris DST,2013-05-17T06:00:00+02:00,41,32,na,73,8.0,0.0,na
Eco Counter GmbH,Stadt Tübingen,667,Unterführung Steinlach/Karlstraße Südseite - Steinlachallee,100003359,Y2H17123962,9.058865,48.515434,(UTC+01:00) Europe/Paris DST,2013-05-17T07:00:00+02:00,341,130,na,471,9.0,0.0,na
Eco Counter GmbH,Stadt Tübingen,667,Unterführung Steinlach/Karlstraße Südseite - Steinlachallee,100003359,Y2H17123962,9.058865,48.515434,(UTC+01:00) Europe/Paris DST,2013-05-17T08:00:00+02:00,299,137,na,436,10.0,0.0,na
Eco Counter GmbH,Stadt Tübingen,667,Unterführung Steinlach/Karlstraße Südseite - Steinlachallee,100003359,Y2H17123962,9.058865,48.515434,(UTC+01:00) Europe/Paris DST,2013-05-17T09:00:00+02:00,273,118,na,391,10.0,0.2,na
Eco Counter GmbH,Stadt Tübingen,667,Unterführung Steinlach/Karlstraße Südseite - Steinlachallee,100003359,Y2H17123962,9.058865,48.515434,(UTC+01:00) Europe/Paris DST,2013-05-17T10:00:00+02:00,234,134,na,368,10.0,0.3,na
Eco Counter GmbH,Stadt Tübingen,667,Unterführung Steinlach/Karlstraße Südseite - Steinlachallee,100003359,Y2H17123962,9.058865,48.515434,(UTC+01:00) Europe/Paris DST,2013-05-17T11:00:00+02:00,224,227,na,451,10.0,0.4,na
Eco Counter GmbH,Stadt Tübingen,667,Unterführung Steinlach/Karlstraße Südseite - Steinlachallee,100003359,Y2H17123962,9.058865,48.515434,(UTC+01:00) Europe/Paris DST,2013-05-17T12:00:00+02:00,219,261,na,480,10.0,0.4,na
Eco Counter GmbH,Stadt Tübingen,667,Unterführung Steinlach/Karlstraße Südseite - Steinlachallee,100003359,Y2H17123962,9.058865,48.515434,(UTC+01:00) Europe/Paris DST,2013-05-17T13:00:00+02:00,196,300,na,496,11.0,0.3,na
Eco Counter GmbH,Stadt Tübingen,667,Unterführung Steinlach/Karlstraße Südseite - Steinlachallee,100003359,Y2H17123962,9.058865,48.515434,(UTC+01:00) Europe/Paris DST,2013-05-17T14:00:00+02:00,177,187,na,364,11.0,0.0,na
Eco Counter GmbH,Stadt Tübingen,667,Unterführung Steinlach/Karlstraße Südseite - Steinlachallee,100003359,Y2H17123962,9.058865,48.515434,(UTC+01:00) Europe/Paris DST,2013-05-17T15:00:00+02:00,175,208,na,383,12.0,0.0,na
Eco Counter GmbH,Stadt Tübingen,667,Unterführung Steinlach/Karlstraße Südseite - Steinlachallee,100003359,Y2H17123962,9.058865,48.515434,(UTC+01:00) Europe/Paris DST,2013-05-17T16:00:00+02:00,218,207,na,425,11.0,0.0,na
Eco Counter GmbH,Stadt Tübingen,667,Unterführung Steinlach/Karlstraße Südseite - Steinlachallee,100003359,Y2H17123962,9.058865,48.515434,(UTC+01:00) Europe/Paris DST,2013-05-17T17:00:00+02:00,218,225,na,443,11.0,0.0,na
Eco Counter GmbH,Stadt Tübingen,667,Unterführung Steinlach/Karlstraße Südseite - Steinlachallee,100003359,Y2H17123962,9.058865,48.515434,(UTC+01:00) Europe/Paris DST,2013-05-17T18:00:00+02:00,143,206,na,349,11.0,0.0,na
Eco Counter GmbH,Stadt Tübingen,667,Unterführung Steinlach/Karlstraße Südseite - Steinlachallee,100003359,Y2H17123962,9.058865,48.515434,(UTC+01:00) Europe/Paris DST,2013-05-17T19:00:00+02:00,126,157,na,283,10.0,0.0,na
Eco Counter GmbH,Stadt Tübingen,667,Unterführung Steinlach/Karlstraße Südseite - Steinlachallee,100003359,Y2H17123962,9.058865,48.515434,(UTC+01:00) Europe/Paris DST,2013-05-17T20:00:00+02:00,80,91,na,171,10.0,0.0,na
Eco Counter GmbH,Stadt Tübingen,667,Unterführung Steinlach/Karlstraße Südseite - Steinlachallee,100003359,Y2H17123962,9.058865,48.515434,(UTC+01:00) Europe/Paris DST,2013-05-17T21:00:00+02:00,56,57,na,113,9.0,0.0,na
Eco Counter GmbH,Stadt Tübingen,667,Unterführung Steinlach/Karlstraße Südseite - Steinlachallee,100003359,Y2H17123962,9.058865,48.515434,(UTC+01:00) Europe/Paris DST,2013-05-17T22:00:00+02:00,50,88,na,138,9.0,0.0,na
Eco Counter GmbH,Stadt Tübingen,667,Unterführung Steinlach/Karlstraße Südseite - Steinlachallee,100003359,Y2H17123962,9.058865,48.515434,(UTC+01:00) Europe/Paris DST,2013-05-17T23:00:00+02:00,38,60,na,98,8.0,0.0,na
Eco Counter GmbH,Stadt Tübingen,667,Unterführung Steinlach/Karlstraße Südseite - Steinlachallee,100003359,Y2H17123962,9.058865,48.515434,(UTC+01:00) Europe/Paris DST,2013-05-18T00:00:00+02:00,19,41,na,60,7.0,0.0,na
Eco Counter GmbH,Stadt Tübingen,667,Unterführung Steinlach/Karlstraße Südseite - Steinlachallee,100003359,Y2H17123962,9.058865,48.515434,(UTC+01:00) Europe/Paris DST,2013-05-18T01:00:00+02:00,6,21,na,27,7.0,0.0,na
Eco Counter GmbH,Stadt Tübingen,667,Unterführung Steinlach/Karlstraße Südseite - Steinlachallee,100003359,Y2H17123962,9.058865,48.515434,(UTC+01:00) Europe/Paris DST,2013-05-18T02:00:00+02:00,8,24,na,32,6.0,0.0,na
Eco Counter GmbH,Stadt Tübingen,667,Unterführung Steinlach/Karlstraße Südseite - Steinlachallee,100003359,Y2H17123962,9.058865,48.515434,(UTC+01:00) Europe/Paris DST,2013-05-18T03:00:00+02:00,2,14,na,16,7.0,0.0,na
Eco Counter GmbH,Stadt Tübingen,667,Unterführung Steinlach/Karlstraße Südseite - Steinlachallee,100003359,Y2H17123962,9.058865,48.515434,(UTC+01:00) Europe/Paris DST,2013-05-18T04:00:00+02:00,2,9,na,11,7.0,0.0,na
Eco Counter GmbH,Stadt Tübingen,667,Unterführung Steinlach/Karlstraße Südseite - Steinlachallee,100003359,Y2H17123962,9.058865,48.515434,(UTC+01:00) Europe/Paris DST,2013-05-18T05:00:00+02:00,11,7,na,18,8.0,0.0,na
Eco Counter GmbH,Stadt Tübingen,667,Unterführung Steinlach/Karlstraße Südseite - Steinlachallee,100003359,Y2H17123962,9.058865,48.515434,(UTC+01:00) Europe/Paris DST,2013-05-18T06:00:00+02:00,9,9,na,18,10.0,0.0,na
Eco Counter GmbH,Stadt Tübingen,667,Unterführung Steinlach/Karlstraße Südseite - Steinlachallee,100003359,Y2H17123962,9.058865,48.515434,(UTC+01:00) Europe/Paris DST,2013-05-18T07:00:00+02:00,30,21,na,51,12.0,0.0,na
Eco Counter GmbH,Stadt Tübingen,667,Unterführung Steinlach/Karlstraße Südseite - Steinlachallee,100003359,Y2H17123962,9.058865,48.515434,(UTC+01:00) Europe/Paris DST,2013-05-18T08:00:00+02:00,87,51,na,138,14.0,0.0,na
Eco Counter GmbH,Stadt Tübingen,667,Unterführung Steinlach/Karlstraße Südseite - Steinlachallee,100003359,Y2H17123962,9.058865,48.515434,(UTC+01:00) Europe/Paris DST,2013-05-18T09:00:00+02:00,167,79,na,246,15.0,0.0,na
Eco Counter GmbH,Stadt Tübingen,667,Unterführung Steinlach/Karlstraße Südseite - Steinlachallee,100003359,Y2H17123962,9.058865,48.515434,(UTC+01:00) Europe/Paris DST,2013-05-18T10:00:00+02:00,285,116,na,401,16.0,0.0,na
Eco Counter GmbH,Stadt Tübingen,667,Unterführung Steinlach/Karlstraße Südseite - Steinlachallee,100003359,Y2H17123962,9.058865,48.515434,(UTC+01:00) Europe/Paris DST,2013-05-18T11:00:00+02:00,329,202,na,531,17.0,0.0,na
Eco Counter GmbH,Stadt Tübingen,667,Unterführung Steinlach/Karlstraße Südseite - Steinlachallee,100003359,Y2H17123962,9.058865,48.515434,(UTC+01:00) Europe/Paris DST,2013-05-18T12:00:00+02:00,229,225,na,454,18.0,0.0,na
Eco Counter GmbH,Stadt Tübingen,667,Unterführung Steinlach/Karlstraße Südseite - Steinlachallee,100003359,Y2H17123962,9.058865,48.515434,(UTC+01:00) Europe/Paris DST,2013-05-18T13:00:00+02:00,193,245,na,438,18.0,0.0,na
Eco Counter GmbH,Stadt Tübingen,667,Unterführung Steinlach/Karlstraße Südseite - Steinlachallee,100003359,Y2H17123962,9.058865,48.515434,(UTC+01:00) Europe/Paris DST,2013-05-18T14:00:00+02:00,225,214,na,439,18.0,0.0,na
Eco Counter GmbH,Stadt Tübingen,667,Unterführung Steinlach/Karlstraße Südseite - Steinlachallee,100003359,Y2H17123962,9.058865,48.515434,(UTC+01:00) Europe/Paris DST,2013-05-18T15:00:00+02:00,214,184,na,398,18.0,0.0,na
Eco Counter GmbH,Stadt Tübingen,667,Unterführung Steinlach/Karlstraße Südseite - Steinlachallee,100003359,Y2H17123962,9.058865,48.515434,(UTC+01:00) Europe/Paris DST,2013-05-18T16:00:00+02:00,160,181,na,341,18.0,0.0,na
Eco Counter GmbH,Stadt Tübingen,667,Unterführung Steinlach/Karlstraße Südseite - Steinlachallee,100003359,Y2H17123962,9.058865,48.515434,(UTC+01:00) Europe/Paris DST,2013-05-18T17:00:00+02:00,162,202,na,364,17.0,0.0,na
Eco Counter GmbH,Stadt Tübingen,667,Unterführung Steinlach/Karlstraße Südseite - Steinlachallee,100003359,Y2H17123962,9.058865,48.515434,(UTC+01:00) Europe/Paris DST,2013-05-18T18:00:00+02:00,149,208,na,357,16.0,0.0,na
Eco Counter GmbH,Stadt Tübingen,667,Unterführung Steinlach/Karlstraße Südseite - Steinlachallee,100003359,Y2H17123962,9.058865,48.515434,(UTC+01:00) Europe/Paris DST,2013-05-18T19:00:00+02:00,121,117,na,238,15.0,0.0,na
Eco Counter GmbH,Stadt Tübingen,667,Unterführung Steinlach/Karlstraße Südseite - Steinlachallee,100003359,Y2H17123962,9.058865,48.515434,(UTC+01:00) Europe/Paris DST,2013-05-18T20:00:00+02:00,103,102,na,205,14.0,0.0,na
Eco Counter GmbH,Stadt Tübingen,667,Unterführung Steinlach/Karlstraße Südseite - Steinlachallee,100003359,Y2H17123962,9.058865,48.515434,(UTC+01:00) Europe/Paris DST,2013-05-18T21:00:00+02:00,65,92,na,157,13.0,0.0,na
Eco Counter GmbH,Stadt Tübingen,667,Unterführung Steinlach/Karlstraße Südseite - Steinlachallee,100003359,Y2H17123962,9.058865,48.515434,(UTC+01:00) Europe/Paris DST,2013-05-18T22:00:00+02:00,25,71,na,96,13.0,0.0,na
Eco Counter GmbH,Stadt Tübingen,667,Unterführung Steinlach/Karlstraße Südseite - Steinlachallee,100003359,Y2H17123962,9.058865,48.515434,(UTC+01:00) Europe/Paris DST,2013-05-18T23:00:00+02:00,30,35,na,65,12.0,0.0,na
Eco Counter GmbH,Stadt Tübingen,667,Unterführung Steinlach/Karlstraße Südseite - Steinlachallee,100003359,Y2H17123962,9.058865,48.515434,(UTC+01:00) Europe/Paris DST,2013-05-19T00:00:00+02:00,19,47,na,66,11.0,0.0,na
Eco Counter GmbH,Stadt Tübingen,667,Unterführung Steinlach/Karlstraße Südseite - Steinlachallee,100003359,Y2H17123962,9.058865,48.515434,(UTC+01:00) Europe/Paris DST,2013-05-19T01:00:00+02:00,6,31,na,37,10.0,0.0,na
Eco Counter GmbH,Stadt Tübingen,667,Unterführung Steinlach/Karlstraße Südseite - Steinlachallee,100003359,Y2H17123962,9.058865,48.515434,(UTC+01:00) Europe/Paris DST,2013-05-19T02:00:00+02:00,8,12,na,20,9.0,0.0,na
Eco Counter GmbH,Stadt Tübingen,667,Unterführung Steinlach/Karlstraße Südseite - Steinlachallee,100003359,Y2H17123962,9.058865,48.515434,(UTC+01:00) Europe/Paris DST,2013-05-19T03:00:00+02:00,3,8,na,11,9.0,0.0,na
Eco Counter GmbH,Stadt Tübingen,667,Unterführung Steinlach/Karlstraße Südseite - Steinlachallee,100003359,Y2H17123962,9.058865,48.515434,(UTC+01:00) Europe/Paris DST,2013-05-19T04:00:00+02:00,2,11,na,13,10.0,0.0,na
Eco Counter GmbH,Stadt Tübingen,667,Unterführung Steinlach/Karlstraße Südseite - Steinlachallee,100003359,Y2H17123962,9.058865,48.515434,(UTC+01:00) Europe/Paris DST,2013-05-19T05:00:00+02:00,4,5,na,9,10.0,0.0,na
Eco Counter GmbH,Stadt Tübingen,667,Unterführung Steinlach/Karlstraße Südseite - Steinlachallee,100003359,Y2H17123962,9.058865,48.515434,(UTC+01:00) Europe/Paris DST,2013-05-19T06:00:00+02:00,7,7,na,14,11.0,0.0,na
Eco Counter GmbH,Stadt Tübingen,667,Unterführung Steinlach/Karlstraße Südseite - Steinlachallee,100003359,Y2H17123962,9.058865,48.515434,(UTC+01:00) Europe/Paris DST,2013-05-19T07:00:00+02:00,13,7,na,20,10.0,0.0,na
Eco Counter GmbH,Stadt Tübingen,667,Unterführung Steinlach/Karlstraße Südseite - Steinlachallee,100003359,Y2H17123962,9.058865,48.515434,(UTC+01:00) Europe/Paris DST,2013-05-19T08:00:00+02:00,47,41,na,88,11.0,0.2,na
Eco Counter GmbH,Stadt Tübingen,667,Unterführung Steinlach/Karlstraße Südseite - Steinlachallee,100003359,Y2H17123962,9.058865,48.515434,(UTC+01:00) Europe/Paris DST,2013-05-19T09:00:00+02:00,82,67,na,149,11.0,0.0,na
Eco Counter GmbH,Stadt Tübingen,667,Unterführung Steinlach/Karlstraße Südseite - Steinlachallee,100003359,Y2H17123962,9.058865,48.515434,(UTC+01:00) Europe/Paris DST,2013-05-19T10:00:00+02:00,78,62,na,140,11.0,0.0,na
Eco Counter GmbH,Stadt Tübingen,667,Unterführung Steinlach/Karlstraße Südseite - Steinlachallee,100003359,Y2H17123962,9.058865,48.515434,(UTC+01:00) Europe/Paris DST,2013-05-19T11:00:00+02:00,68,55,na,123,11.0,0.0,na
Eco Counter GmbH,Stadt Tübingen,667,Unterführung Steinlach/Karlstraße Südseite - Steinlachallee,100003359,Y2H17123962,9.058865,48.515434,(UTC+01:00) Europe/Paris DST,2013-05-19T12:00:00+02:00,55,67,na,122,10.0,0.3,na
Eco Counter GmbH,Stadt Tübingen,667,Unterführung Steinlach/Karlstraße Südseite - Steinlachallee,100003359,Y2H17123962,9.058865,48.515434,(UTC+01:00) Europe/Paris DST,2013-05-19T13:00:00+02:00,43,54,na,97,10.0,0.9,na
Eco Counter GmbH,Stadt Tübingen,667,Unterführung Steinlach/Karlstraße Südseite - Steinlachallee,100003359,Y2H17123962,9.058865,48.515434,(UTC+01:00) Europe/Paris DST,2013-05-19T14:00:00+02:00,37,40,na,77,10.0,1.2,na
Eco Counter GmbH,Stadt Tübingen,667,Unterführung Steinlach/Karlstraße Südseite - Steinlachallee,100003359,Y2H17123962,9.058865,48.515434,(UTC+01:00) Europe/Paris DST,2013-05-19T15:00:00+02:00,36,31,na,67,10.0,1.0,na
Eco Counter GmbH,Stadt Tübingen,667,Unterführung Steinlach/Karlstraße Südseite - Steinlachallee,100003359,Y2H17123962,9.058865,48.515434,(UTC+01:00) Europe/Paris DST,2013-05-19T16:00:00+02:00,56,42,na,98,10.0,0.6,na
Eco Counter GmbH,Stadt Tübingen,667,Unterführung Steinlach/Karlstraße Südseite - Steinlachallee,100003359,Y2H17123962,9.058865,48.515434,(UTC+01:00) Europe/Paris DST,2013-05-19T17:00:00+02:00,50,52,na,102,10.0,0.5,na
Eco Counter GmbH,Stadt Tübingen,667,Unterführung Steinlach/Karlstraße Südseite - Steinlachallee,100003359,Y2H17123962,9.058865,48.515434,(UTC+01:00) Europe/Paris DST,2013-05-19T18:00:00+02:00,42,56,na,98,10.0,0.2,na
Eco Counter GmbH,Stadt Tübingen,667,Unterführung Steinlach/Karlstraße Südseite - Steinlachallee,100003359,Y2H17123962,9.058865,48.515434,(UTC+01:00) Europe/Paris DST,2013-05-19T19:00:00+02:00,53,40,na,93,9.0,0.0,na
Eco Counter GmbH,Stadt Tübingen,667,Unterführung Steinlach/Karlstraße Südseite - Steinlachallee,100003359,Y2H17123962,9.058865,48.515434,(UTC+01:00) Europe/Paris DST,2013-05-19T20:00:00+02:00,38,48,na,86,8.0,0.0,na
Eco Counter GmbH,Stadt Tübingen,667,Unterführung Steinlach/Karlstraße Südseite - Steinlachallee,100003359,Y2H17123962,9.058865,48.515434,(UTC+01:00) Europe/Paris DST,2013-05-19T21:00:00+02:00,32,24,na,56,8.0,0.0,na
Eco Counter GmbH,Stadt Tübingen,667,Unterführung Steinlach/Karlstraße Südseite - Steinlachallee,100003359,Y2H17123962,9.058865,48.515434,(UTC+01:00) Europe/Paris DST,2013-05-19T22:00:00+02:00,12,31,na,43,7.0,0.0,na
Eco Counter GmbH,Stadt Tübingen,667,Unterführung Steinlach/Karlstraße Südseite - Steinlachallee,100003359,Y2H17123962,9.058865,48.515434,(UTC+01:00) Europe/Paris DST,2013-05-19T23:00:00+02:00,10,16,na,26,7.0,0.0,na
Eco Counter GmbH,Stadt Tübingen,667,Unterführung Steinlach/Karlstraße Südseite - Steinlachallee,100003359,Y2H17123962,9.058865,48.515434,(UTC+01:00) Europe/Paris DST,2013-05-20T00:00:00+02:00,9,11,na,20,7.0,0.0,na
Eco Counter GmbH,Stadt Tübingen,667,Unterführung Steinlach/Karlstraße Südseite - Steinlachallee,100003359,Y2H17123962,9.058865,48.515434,(UTC+01:00) Europe/Paris DST,2013-05-20T01:00:00+02:00,2,12,na,14,7.0,0.0,na
Eco Counter GmbH,Stadt Tübingen,667,Unterführung Steinlach/Karlstraße Südseite - Steinlachallee,100003359,Y2H17123962,9.058865,48.515434,(UTC+01:00) Europe/Paris DST,2013-05-20T02:00:00+02:00,4,4,na,8,7.0,0.0,na
Eco Counter GmbH,Stadt Tübingen,667,Unterführung Steinlach/Karlstraße Südseite - Steinlachallee,100003359,Y2H17123962,9.058865,48.515434,(UTC+01:00) Europe/Paris DST,2013-05-20T03:00:00+02:00,4,7,na,11,6.0,0.0,na
Eco Counter GmbH,Stadt Tübingen,667,Unterführung Steinlach/Karlstraße Südseite - Steinlachallee,100003359,Y2H17123962,9.058865,48.515434,(UTC+01:00) Europe/Paris DST,2013-05-20T04:00:00+02:00,0,0,na,0,6.0,0.0,na
Eco Counter GmbH,Stadt Tübingen,667,Unterführung Steinlach/Karlstraße Südseite - Steinlachallee,100003359,Y2H17123962,9.058865,48.515434,(UTC+01:00) Europe/Paris DST,2013-05-20T05:00:00+02:00,8,1,na,9,6.0,0.0,na
Eco Counter GmbH,Stadt Tübingen,667,Unterführung Steinlach/Karlstraße Südseite - Steinlachallee,100003359,Y2H17123962,9.058865,48.515434,(UTC+01:00) Europe/Paris DST,2013-05-20T06:00:00+02:00,9,8,na,17,7.0,0.0,na
Eco Counter GmbH,Stadt Tübingen,667,Unterführung Steinlach/Karlstraße Südseite - Steinlachallee,100003359,Y2H17123962,9.058865,48.515434,(UTC+01:00) Europe/Paris DST,2013-05-20T07:00:00+02:00,19,11,na,30,8.0,0.0,na
Eco Counter GmbH,Stadt Tübingen,667,Unterführung Steinlach/Karlstraße Südseite - Steinlachallee,100003359,Y2H17123962,9.058865,48.515434,(UTC+01:00) Europe/Paris DST,2013-05-20T08:00:00+02:00,40,24,na,64,10.0,0.0,na
Eco Counter GmbH,Stadt Tübingen,667,Unterführung Steinlach/Karlstraße Südseite - Steinlachallee,100003359,Y2H17123962,9.058865,48.515434,(UTC+01:00) Europe/Paris DST,2013-05-20T09:00:00+02:00,54,37,na,91,11.0,0.0,na
Eco Counter GmbH,Stadt Tübingen,667,Unterführung Steinlach/Karlstraße Südseite - Steinlachallee,100003359,Y2H17123962,9.058865,48.515434,(UTC+01:00) Europe/Paris DST,2013-05-20T10:00:00+02:00,79,74,na,153,12.0,0.0,na
Eco Counter GmbH,Stadt Tübingen,667,Unterführung Steinlach/Karlstraße Südseite - Steinlachallee,100003359,Y2H17123962,9.058865,48.515434,(UTC+01:00) Europe/Paris DST,2013-05-20T11:00:00+02:00,89,56,na,145,14.0,0.0,na
Eco Counter GmbH,Stadt Tübingen,667,Unterführung Steinlach/Karlstraße Südseite - Steinlachallee,100003359,Y2H17123962,9.058865,48.515434,(UTC+01:00) Europe/Paris DST,2013-05-20T12:00:00+02:00,130,69,na,199,14.0,0.0,na
Eco Counter GmbH,Stadt Tübingen,667,Unterführung Steinlach/Karlstraße Südseite - Steinlachallee,100003359,Y2H17123962,9.058865,48.515434,(UTC+01:00) Europe/Paris DST,2013-05-20T13:00:00+02:00,114,106,na,220,14.0,0.1,na
Eco Counter GmbH,Stadt Tübingen,667,Unterführung Steinlach/Karlstraße Südseite - Steinlachallee,100003359,Y2H17123962,9.058865,48.515434,(UTC+01:00) Europe/Paris DST,2013-05-20T14:00:00+02:00,87,94,na,181,14.0,0.2,na
Eco Counter GmbH,Stadt Tübingen,667,Unterführung Steinlach/Karlstraße Südseite - Steinlachallee,100003359,Y2H17123962,9.058865,48.515434,(UTC+01:00) Europe/Paris DST,2013-05-20T15:00:00+02:00,130,100,na,230,13.0,1.0,na
Eco Counter GmbH,Stadt Tübingen,667,Unterführung Steinlach/Karlstraße Südseite - Steinlachallee,100003359,Y2H17123962,9.058865,48.515434,(UTC+01:00) Europe/Paris DST,2013-05-20T16:00:00+02:00,91,109,na,200,12.0,1.2,na
Eco Counter GmbH,Stadt Tübingen,667,Unterführung Steinlach/Karlstraße Südseite - Steinlachallee,100003359,Y2H17123962,9.058865,48.515434,(UTC+01:00) Europe/Paris DST,2013-05-20T17:00:00+02:00,92,136,na,228,11.0,0.0,na
Eco Counter GmbH,Stadt Tübingen,667,Unterführung Steinlach/Karlstraße Südseite - Steinlachallee,100003359,Y2H17123962,9.058865,48.515434,(UTC+01:00) Europe/Paris DST,2013-05-20T18:00:00+02:00,68,68,na,136,11.0,0.0,na
Eco Counter GmbH,Stadt Tübingen,667,Unterführung Steinlach/Karlstraße Südseite - Steinlachallee,100003359,Y2H17123962,9.058865,48.515434,(UTC+01:00) Europe/Paris DST,2013-05-20T19:00:00+02:00,56,68,na,124,10.0,0.2,na
Eco Counter GmbH,Stadt Tübingen,667,Unterführung Steinlach/Karlstraße Südseite - Steinlachallee,100003359,Y2H17123962,9.058865,48.515434,(UTC+01:00) Europe/Paris DST,2013-05-20T20:00:00+02:00,41,57,na,98,9.0,0.0,na
Eco Counter GmbH,Stadt Tübingen,667,Unterführung Steinlach/Karlstraße Südseite - Steinlachallee,100003359,Y2H17123962,9.058865,48.515434,(UTC+01:00) Europe/Paris DST,2013-05-20T21:00:00+02:00,26,31,na,57,8.0,0.0,na
Eco Counter GmbH,Stadt Tübingen,667,Unterführung Steinlach/Karlstraße Südseite - Steinlachallee,100003359,Y2H17123962,9.058865,48.515434,(UTC+01:00) Europe/Paris DST,2013-05-20T22:00:00+02:00,15,34,na,49,7.0,0.1,na
Eco Counter GmbH,Stadt Tübingen,667,Unterführung Steinlach/Karlstraße Südseite - Steinlachallee,100003359,Y2H17123962,9.058865,48.515434,(UTC+01:00) Europe/Paris DST,2013-05-20T23:00:00+02:00,12,25,na,37,7.0,0.1,na
Eco Counter GmbH,Stadt Tübingen,667,Unterführung Steinlach/Karlstraße Südseite - Steinlachallee,100003359,Y2H17123962,9.058865,48.515434,(UTC+01:00) Europe/Paris DST,2013-05-21T00:00:00+02:00,9,8,na,17,7.0,0.1,na
Eco Counter GmbH,Stadt Tübingen,667,Unterführung Steinlach/Karlstraße Südseite - Steinlachallee,100003359,Y2H17123962,9.058865,48.515434,(UTC+01:00) Europe/Paris DST,2013-05-21T01:00:00+02:00,7,7,na,14,7.0,0.2,na
Eco Counter GmbH,Stadt Tübingen,667,Unterführung Steinlach/Karlstraße Südseite - Steinlachallee,100003359,Y2H17123962,9.058865,48.515434,(UTC+01:00) Europe/Paris DST,2013-05-21T02:00:00+02:00,0,2,na,2,7.0,0.2,na
Eco Counter GmbH,Stadt Tübingen,667,Unterführung Steinlach/Karlstraße Südseite - Steinlachallee,100003359,Y2H17123962,9.058865,48.515434,(UTC+01:00) Europe/Paris DST,2013-05-21T03:00:00+02:00,1,8,na,9,7.0,0.1,na
Eco Counter GmbH,Stadt Tübingen,667,Unterführung Steinlach/Karlstraße Südseite - Steinlachallee,100003359,Y2H17123962,9.058865,48.515434,(UTC+01:00) Europe/Paris DST,2013-05-21T04:00:00+02:00,6,3,na,9,7.0,0.0,na
Eco Counter GmbH,Stadt Tübingen,667,Unterführung Steinlach/Karlstraße Südseite - Steinlachallee,100003359,Y2H17123962,9.058865,48.515434,(UTC+01:00) Europe/Paris DST,2013-05-21T05:00:00+02:00,17,4,na,21,7.0,0.0,na
Eco Counter GmbH,Stadt Tübingen,667,Unterführung Steinlach/Karlstraße Südseite - Steinlachallee,100003359,Y2H17123962,9.058865,48.515434,(UTC+01:00) Europe/Paris DST,2013-05-21T06:00:00+02:00,41,33,na,74,8.0,0.0,na
Eco Counter GmbH,Stadt Tübingen,667,Unterführung Steinlach/Karlstraße Südseite - Steinlachallee,100003359,Y2H17123962,9.058865,48.515434,(UTC+01:00) Europe/Paris DST,2013-05-21T07:00:00+02:00,162,57,na,219,8.0,0.1,na
Eco Counter GmbH,Stadt Tübingen,667,Unterführung Steinlach/Karlstraße Südseite - Steinlachallee,100003359,Y2H17123962,9.058865,48.515434,(UTC+01:00) Europe/Paris DST,2013-05-21T08:00:00+02:00,233,94,na,327,9.0,0.0,na
Eco Counter GmbH,Stadt Tübingen,667,Unterführung Steinlach/Karlstraße Südseite - Steinlachallee,100003359,Y2H17123962,9.058865,48.515434,(UTC+01:00) Europe/Paris DST,2013-05-21T09:00:00+02:00,191,92,na,283,10.0,0.1,na
Eco Counter GmbH,Stadt Tübingen,667,Unterführung Steinlach/Karlstraße Südseite - Steinlachallee,100003359,Y2H17123962,9.058865,48.515434,(UTC+01:00) Europe/Paris DST,2013-05-21T10:00:00+02:00,166,116,na,282,11.0,0.0,na
Eco Counter GmbH,Stadt Tübingen,667,Unterführung Steinlach/Karlstraße Südseite - Steinlachallee,100003359,Y2H17123962,9.058865,48.515434,(UTC+01:00) Europe/Paris DST,2013-05-21T11:00:00+02:00,164,130,na,294,13.0,0.0,na
Eco Counter GmbH,Stadt Tübingen,667,Unterführung Steinlach/Karlstraße Südseite - Steinlachallee,100003359,Y2H17123962,9.058865,48.515434,(UTC+01:00) Europe/Paris DST,2013-05-21T12:00:00+02:00,153,142,na,295,13.0,0.0,na
Eco Counter GmbH,Stadt Tübingen,667,Unterführung Steinlach/Karlstraße Südseite - Steinlachallee,100003359,Y2H17123962,9.058865,48.515434,(UTC+01:00) Europe/Paris DST,2013-05-21T13:00:00+02:00,138,140,na,278,13.0,0.0,na
Eco Counter GmbH,Stadt Tübingen,667,Unterführung Steinlach/Karlstraße Südseite - Steinlachallee,100003359,Y2H17123962,9.058865,48.515434,(UTC+01:00) Europe/Paris DST,2013-05-21T14:00:00+02:00,134,132,na,266,13.0,0.1,na
Eco Counter GmbH,Stadt Tübingen,667,Unterführung Steinlach/Karlstraße Südseite - Steinlachallee,100003359,Y2H17123962,9.058865,48.515434,(UTC+01:00) Europe/Paris DST,2013-05-21T15:00:00+02:00,150,147,na,297,13.0,0.2,na
Eco Counter GmbH,Stadt Tübingen,667,Unterführung Steinlach/Karlstraße Südseite - Steinlachallee,100003359,Y2H17123962,9.058865,48.515434,(UTC+01:00) Europe/Paris DST,2013-05-21T16:00:00+02:00,180,193,na,373,12.0,0.2,na
Eco Counter GmbH,Stadt Tübingen,667,Unterführung Steinlach/Karlstraße Südseite - Steinlachallee,100003359,Y2H17123962,9.058865,48.515434,(UTC+01:00) Europe/Paris DST,2013-05-21T17:00:00+02:00,199,236,na,435,12.0,1.3,na
Eco Counter GmbH,Stadt Tübingen,667,Unterführung Steinlach/Karlstraße Südseite - Steinlachallee,100003359,Y2H17123962,9.058865,48.515434,(UTC+01:00) Europe/Paris DST,2013-05-21T18:00:00+02:00,146,224,na,370,11.0,0.2,na
Eco Counter GmbH,Stadt Tübingen,667,Unterführung Steinlach/Karlstraße Südseite - Steinlachallee,100003359,Y2H17123962,9.058865,48.515434,(UTC+01:00) Europe/Paris DST,2013-05-21T19:00:00+02:00,109,170,na,279,10.0,0.0,na
Eco Counter GmbH,Stadt Tübingen,667,Unterführung Steinlach/Karlstraße Südseite - Steinlachallee,100003359,Y2H17123962,9.058865,48.515434,(UTC+01:00) Europe/Paris DST,2013-05-21T20:00:00+02:00,68,96,na,164,9.0,0.0,na
Eco Counter GmbH,Stadt Tübingen,667,Unterführung Steinlach/Karlstraße Südseite - Steinlachallee,100003359,Y2H17123962,9.058865,48.515434,(UTC+01:00) Europe/Paris DST,2013-05-21T21:00:00+02:00,37,66,na,103,8.0,0.0,na
Eco Counter GmbH,Stadt Tübingen,667,Unterführung Steinlach/Karlstraße Südseite - Steinlachallee,100003359,Y2H17123962,9.058865,48.515434,(UTC+01:00) Europe/Paris DST,2013-05-21T22:00:00+02:00,24,52,na,76,8.0,0.0,na
Eco Counter GmbH,Stadt Tübingen,667,Unterführung Steinlach/Karlstraße Südseite - Steinlachallee,100003359,Y2H17123962,9.058865,48.515434,(UTC+01:00) Europe/Paris DST,2013-05-21T23:00:00+02:00,23,36,na,59,7.0,0.0,na
Eco Counter GmbH,Stadt Tübingen,667,Unterführung Steinlach/Karlstraße Südseite - Steinlachallee,100003359,Y2H17123962,9.058865,48.515434,(UTC+01:00) Europe/Paris DST,2013-05-22T00:00:00+02:00,3,15,na,18,7.0,0.0,na
Eco Counter GmbH,Stadt Tübingen,667,Unterführung Steinlach/Karlstraße Südseite - Steinlachallee,100003359,Y2H17123962,9.058865,48.515434,(UTC+01:00) Europe/Paris DST,2013-05-22T01:00:00+02:00,3,8,na,11,7.0,0.0,na
Eco Counter GmbH,Stadt Tübingen,667,Unterführung Steinlach/Karlstraße Südseite - Steinlachallee,100003359,Y2H17123962,9.058865,48.515434,(UTC+01:00) Europe/Paris DST,2013-05-22T02:00:00+02:00,0,7,na,7,7.0,0.0,na
Eco Counter GmbH,Stadt Tübingen,667,Unterführung Steinlach/Karlstraße Südseite - Steinlachallee,100003359,Y2H17123962,9.058865,48.515434,(UTC+01:00) Europe/Paris DST,2013-05-22T03:00:00+02:00,1,1,na,2,7.0,0.2,na
Eco Counter GmbH,Stadt Tübingen,667,Unterführung Steinlach/Karlstraße Südseite - Steinlachallee,100003359,Y2H17123962,9.058865,48.515434,(UTC+01:00) Europe/Paris DST,2013-05-22T04:00:00+02:00,4,6,na,10,7.0,0.4,na
Eco Counter GmbH,Stadt Tübingen,667,Unterführung Steinlach/Karlstraße Südseite - Steinlachallee,100003359,Y2H17123962,9.058865,48.515434,(UTC+01:00) Europe/Paris DST,2013-05-22T05:00:00+02:00,21,7,na,28,7.0,0.4,na
Eco Counter GmbH,Stadt Tübingen,667,Unterführung Steinlach/Karlstraße Südseite - Steinlachallee,100003359,Y2H17123962,9.058865,48.515434,(UTC+01:00) Europe/Paris DST,2013-05-22T06:00:00+02:00,41,18,na,59,7.0,0.4,na
Eco Counter GmbH,Stadt Tübingen,667,Unterführung Steinlach/Karlstraße Südseite - Steinlachallee,100003359,Y2H17123962,9.058865,48.515434,(UTC+01:00) Europe/Paris DST,2013-05-22T07:00:00+02:00,138,62,na,200,7.0,0.5,na
Eco Counter GmbH,Stadt Tübingen,667,Unterführung Steinlach/Karlstraße Südseite - Steinlachallee,100003359,Y2H17123962,9.058865,48.515434,(UTC+01:00) Europe/Paris DST,2013-05-22T08:00:00+02:00,178,68,na,246,7.0,0.4,na
Eco Counter GmbH,Stadt Tübingen,667,Unterführung Steinlach/Karlstraße Südseite - Steinlachallee,100003359,Y2H17123962,9.058865,48.515434,(UTC+01:00) Europe/Paris DST,2013-05-22T09:00:00+02:00,133,68,na,201,7.0,0.5,na
Eco Counter GmbH,Stadt Tübingen,667,Unterführung Steinlach/Karlstraße Südseite - Steinlachallee,100003359,Y2H17123962,9.058865,48.515434,(UTC+01:00) Europe/Paris DST,2013-05-22T10:00:00+02:00,99,52,na,151,8.0,0.7,na
Eco Counter GmbH,Stadt Tübingen,667,Unterführung Steinlach/Karlstraße Südseite - Steinlachallee,100003359,Y2H17123962,9.058865,48.515434,(UTC+01:00) Europe/Paris DST,2013-05-22T11:00:00+02:00,124,93,na,217,9.0,0.6,na
Eco Counter GmbH,Stadt Tübingen,667,Unterführung Steinlach/Karlstraße Südseite - Steinlachallee,100003359,Y2H17123962,9.058865,48.515434,(UTC+01:00) Europe/Paris DST,2013-05-22T12:00:00+02:00,107,122,na,229,9.0,0.4,na
Eco Counter GmbH,Stadt Tübingen,667,Unterführung Steinlach/Karlstraße Südseite - Steinlachallee,100003359,Y2H17123962,9.058865,48.515434,(UTC+01:00) Europe/Paris DST,2013-05-22T13:00:00+02:00,104,124,na,228,9.0,0.2,na
Eco Counter GmbH,Stadt Tübingen,667,Unterführung Steinlach/Karlstraße Südseite - Steinlachallee,100003359,Y2H17123962,9.058865,48.515434,(UTC+01:00) Europe/Paris DST,2013-05-22T14:00:00+02:00,110,78,na,188,9.0,0.1,na
Eco Counter GmbH,Stadt Tübingen,667,Unterführung Steinlach/Karlstraße Südseite - Steinlachallee,100003359,Y2H17123962,9.058865,48.515434,(UTC+01:00) Europe/Paris DST,2013-05-22T15:00:00+02:00,108,127,na,235,9.0,0.1,na
Eco Counter GmbH,Stadt Tübingen,667,Unterführung Steinlach/Karlstraße Südseite - Steinlachallee,100003359,Y2H17123962,9.058865,48.515434,(UTC+01:00) Europe/Paris DST,2013-05-22T16:00:00+02:00,138,162,na,300,9.0,0.0,na
Eco Counter GmbH,Stadt Tübingen,667,Unterführung Steinlach/Karlstraße Südseite - Steinlachallee,100003359,Y2H17123962,9.058865,48.515434,(UTC+01:00) Europe/Paris DST,2013-05-22T17:00:00+02:00,154,188,na,342,9.0,0.0,na
Eco Counter GmbH,Stadt Tübingen,667,Unterführung Steinlach/Karlstraße Südseite - Steinlachallee,100003359,Y2H17123962,9.058865,48.515434,(UTC+01:00) Europe/Paris DST,2013-05-22T18:00:00+02:00,114,173,na,287,8.0,0.0,na
Eco Counter GmbH,Stadt Tübingen,667,Unterführung Steinlach/Karlstraße Südseite - Steinlachallee,100003359,Y2H17123962,9.058865,48.515434,(UTC+01:00) Europe/Paris DST,2013-05-22T19:00:00+02:00,69,119,na,188,7.0,0.0,na
Eco Counter GmbH,Stadt Tübingen,667,Unterführung Steinlach/Karlstraße Südseite - Steinlachallee,100003359,Y2H17123962,9.058865,48.515434,(UTC+01:00) Europe/Paris DST,2013-05-22T20:00:00+02:00,60,80,na,140,7.0,0.1,na
Eco Counter GmbH,Stadt Tübingen,667,Unterführung Steinlach/Karlstraße Südseite - Steinlachallee,100003359,Y2H17123962,9.058865,48.515434,(UTC+01:00) Europe/Paris DST,2013-05-22T21:00:00+02:00,32,43,na,75,6.0,0.1,na
Eco Counter GmbH,Stadt Tübingen,667,Unterführung Steinlach/Karlstraße Südseite - Steinlachallee,100003359,Y2H17123962,9.058865,48.515434,(UTC+01:00) Europe/Paris DST,2013-05-22T22:00:00+02:00,31,38,na,69,5.0,0.0,na
Eco Counter GmbH,Stadt Tübingen,667,Unterführung Steinlach/Karlstraße Südseite - Steinlachallee,100003359,Y2H17123962,9.058865,48.515434,(UTC+01:00) Europe/Paris DST,2013-05-22T23:00:00+02:00,24,25,na,49,5.0,0.0,na
Eco Counter GmbH,Stadt Tübingen,667,Unterführung Steinlach/Karlstraße Südseite - Steinlachallee,100003359,Y2H17123962,9.058865,48.515434,(UTC+01:00) Europe/Paris DST,2013-05-23T00:00:00+02:00,9,20,na,29,4.0,0.0,na
Eco Counter GmbH,Stadt Tübingen,667,Unterführung Steinlach/Karlstraße Südseite - Steinlachallee,100003359,Y2H17123962,9.058865,48.515434,(UTC+01:00) Europe/Paris DST,2013-05-23T01:00:00+02:00,4,8,na,12,3.0,0.0,na
Eco Counter GmbH,Stadt Tübingen,667,Unterführung Steinlach/Karlstraße Südseite - Steinlachallee,100003359,Y2H17123962,9.058865,48.515434,(UTC+01:00) Europe/Paris DST,2013-05-23T02:00:00+02:00,3,4,na,7,3.0,0.0,na
Eco Counter GmbH,Stadt Tübingen,667,Unterführung Steinlach/Karlstraße Südseite - Steinlachallee,100003359,Y2H17123962,9.058865,48.515434,(UTC+01:00) Europe/Paris DST,2013-05-23T03:00:00+02:00,1,0,na,1,3.0,0.0,na
Eco Counter GmbH,Stadt Tübingen,667,Unterführung Steinlach/Karlstraße Südseite - Steinlachallee,100003359,Y2H17123962,9.058865,48.515434,(UTC+01:00) Europe/Paris DST,2013-05-23T04:00:00+02:00,4,4,na,8,4.0,0.0,na
Eco Counter GmbH,Stadt Tübingen,667,Unterführung Steinlach/Karlstraße Südseite - Steinlachallee,100003359,Y2H17123962,9.058865,48.515434,(UTC+01:00) Europe/Paris DST,2013-05-23T05:00:00+02:00,18,10,na,28,5.0,0.0,na
Eco Counter GmbH,Stadt Tübingen,667,Unterführung Steinlach/Karlstraße Südseite - Steinlachallee,100003359,Y2H17123962,9.058865,48.515434,(UTC+01:00) Europe/Paris DST,2013-05-23T06:00:00+02:00,41,25,na,66,7.0,0.0,na
Eco Counter GmbH,Stadt Tübingen,667,Unterführung Steinlach/Karlstraße Südseite - Steinlachallee,100003359,Y2H17123962,9.058865,48.515434,(UTC+01:00) Europe/Paris DST,2013-05-23T07:00:00+02:00,151,60,na,211,8.0,0.0,na
Eco Counter GmbH,Stadt Tübingen,667,Unterführung Steinlach/Karlstraße Südseite - Steinlachallee,100003359,Y2H17123962,9.058865,48.515434,(UTC+01:00) Europe/Paris DST,2013-05-23T08:00:00+02:00,212,97,na,309,9.0,0.0,na
Eco Counter GmbH,Stadt Tübingen,667,Unterführung Steinlach/Karlstraße Südseite - Steinlachallee,100003359,Y2H17123962,9.058865,48.515434,(UTC+01:00) Europe/Paris DST,2013-05-23T09:00:00+02:00,215,71,na,286,10.0,0.0,na
Eco Counter GmbH,Stadt Tübingen,667,Unterführung Steinlach/Karlstraße Südseite - Steinlachallee,100003359,Y2H17123962,9.058865,48.515434,(UTC+01:00) Europe/Paris DST,2013-05-23T10:00:00+02:00,174,93,na,267,11.0,0.0,na
Eco Counter GmbH,Stadt Tübingen,667,Unterführung Steinlach/Karlstraße Südseite - Steinlachallee,100003359,Y2H17123962,9.058865,48.515434,(UTC+01:00) Europe/Paris DST,2013-05-23T11:00:00+02:00,189,147,na,336,12.0,0.0,na
Eco Counter GmbH,Stadt Tübingen,667,Unterführung Steinlach/Karlstraße Südseite - Steinlachallee,100003359,Y2H17123962,9.058865,48.515434,(UTC+01:00) Europe/Paris DST,2013-05-23T12:00:00+02:00,137,134,na,271,12.0,0.1,na
Eco Counter GmbH,Stadt Tübingen,667,Unterführung Steinlach/Karlstraße Südseite - Steinlachallee,100003359,Y2H17123962,9.058865,48.515434,(UTC+01:00) Europe/Paris DST,2013-05-23T13:00:00+02:00,109,140,na,249,11.0,0.1,na
Eco Counter GmbH,Stadt Tübingen,667,Unterführung Steinlach/Karlstraße Südseite - Steinlachallee,100003359,Y2H17123962,9.058865,48.515434,(UTC+01:00) Europe/Paris DST,2013-05-23T14:00:00+02:00,128,125,na,253,10.0,0.5,na
Eco Counter GmbH,Stadt Tübingen,667,Unterführung Steinlach/Karlstraße Südseite - Steinlachallee,100003359,Y2H17123962,9.058865,48.515434,(UTC+01:00) Europe/Paris DST,2013-05-23T15:00:00+02:00,104,162,na,266,9.0,0.7,na
Eco Counter GmbH,Stadt Tübingen,667,Unterführung Steinlach/Karlstraße Südseite - Steinlachallee,100003359,Y2H17123962,9.058865,48.515434,(UTC+01:00) Europe/Paris DST,2013-05-23T16:00:00+02:00,115,167,na,282,8.0,0.7,na
Eco Counter GmbH,Stadt Tübingen,667,Unterführung Steinlach/Karlstraße Südseite - Steinlachallee,100003359,Y2H17123962,9.058865,48.515434,(UTC+01:00) Europe/Paris DST,2013-05-23T17:00:00+02:00,115,158,na,273,7.0,0.8,na
Eco Counter GmbH,Stadt Tübingen,667,Unterführung Steinlach/Karlstraße Südseite - Steinlachallee,100003359,Y2H17123962,9.058865,48.515434,(UTC+01:00) Europe/Paris DST,2013-05-23T18:00:00+02:00,102,175,na,277,6.0,0.5,na
Eco Counter GmbH,Stadt Tübingen,667,Unterführung Steinlach/Karlstraße Südseite - Steinlachallee,100003359,Y2H17123962,9.058865,48.515434,(UTC+01:00) Europe/Paris DST,2013-05-23T19:00:00+02:00,66,109,na,175,5.0,0.0,na
Eco Counter GmbH,Stadt Tübingen,667,Unterführung Steinlach/Karlstraße Südseite - Steinlachallee,100003359,Y2H17123962,9.058865,48.515434,(UTC+01:00) Europe/Paris DST,2013-05-23T20:00:00+02:00,61,85,na,146,4.0,0.2,na
Eco Counter GmbH,Stadt Tübingen,667,Unterführung Steinlach/Karlstraße Südseite - Steinlachallee,100003359,Y2H17123962,9.058865,48.515434,(UTC+01:00) Europe/Paris DST,2013-05-23T21:00:00+02:00,39,50,na,89,4.0,0.0,na
Eco Counter GmbH,Stadt Tübingen,667,Unterführung Steinlach/Karlstraße Südseite - Steinlachallee,100003359,Y2H17123962,9.058865,48.515434,(UTC+01:00) Europe/Paris DST,2013-05-23T22:00:00+02:00,22,48,na,70,3.0,0.0,na
Eco Counter GmbH,Stadt Tübingen,667,Unterführung Steinlach/Karlstraße Südseite - Steinlachallee,100003359,Y2H17123962,9.058865,48.515434,(UTC+01:00) Europe/Paris DST,2013-05-23T23:00:00+02:00,33,45,na,78,3.0,0.0,na
Eco Counter GmbH,Stadt Tübingen,667,Unterführung Steinlach/Karlstraße Südseite - Steinlachallee,100003359,Y2H17123962,9.058865,48.515434,(UTC+01:00) Europe/Paris DST,2013-05-24T00:00:00+02:00,7,22,na,29,3.0,0.0,na
Eco Counter GmbH,Stadt Tübingen,667,Unterführung Steinlach/Karlstraße Südseite - Steinlachallee,100003359,Y2H17123962,9.058865,48.515434,(UTC+01:00) Europe/Paris DST,2013-05-24T01:00:00+02:00,3,5,na,8,2.0,0.0,na
Eco Counter GmbH,Stadt Tübingen,667,Unterführung Steinlach/Karlstraße Südseite - Steinlachallee,100003359,Y2H17123962,9.058865,48.515434,(UTC+01:00) Europe/Paris DST,2013-05-24T02:00:00+02:00,0,10,na,10,2.0,0.0,na
Eco Counter GmbH,Stadt Tübingen,667,Unterführung Steinlach/Karlstraße Südseite - Steinlachallee,100003359,Y2H17123962,9.058865,48.515434,(UTC+01:00) Europe/Paris DST,2013-05-24T03:00:00+02:00,1,2,na,3,2.0,0.0,na
Eco Counter GmbH,Stadt Tübingen,667,Unterführung Steinlach/Karlstraße Südseite - Steinlachallee,100003359,Y2H17123962,9.058865,48.515434,(UTC+01:00) Europe/Paris DST,2013-05-24T04:00:00+02:00,4,4,na,8,3.0,0.0,na
Eco Counter GmbH,Stadt Tübingen,667,Unterführung Steinlach/Karlstraße Südseite - Steinlachallee,100003359,Y2H17123962,9.058865,48.515434,(UTC+01:00) Europe/Paris DST,2013-05-24T05:00:00+02:00,15,10,na,25,3.0,0.0,na
Eco Counter GmbH,Stadt Tübingen,667,Unterführung Steinlach/Karlstraße Südseite - Steinlachallee,100003359,Y2H17123962,9.058865,48.515434,(UTC+01:00) Europe/Paris DST,2013-05-24T06:00:00+02:00,29,17,na,46,4.0,0.0,na
Eco Counter GmbH,Stadt Tübingen,667,Unterführung Steinlach/Karlstraße Südseite - Steinlachallee,100003359,Y2H17123962,9.058865,48.515434,(UTC+01:00) Europe/Paris DST,2013-05-24T07:00:00+02:00,124,46,na,170,4.0,0.0,na
Eco Counter GmbH,Stadt Tübingen,667,Unterführung Steinlach/Karlstraße Südseite - Steinlachallee,100003359,Y2H17123962,9.058865,48.515434,(UTC+01:00) Europe/Paris DST,2013-05-24T08:00:00+02:00,171,67,na,238,5.0,0.0,na
Eco Counter GmbH,Stadt Tübingen,667,Unterführung Steinlach/Karlstraße Südseite - Steinlachallee,100003359,Y2H17123962,9.058865,48.515434,(UTC+01:00) Europe/Paris DST,2013-05-24T09:00:00+02:00,158,90,na,248,6.0,0.1,na
Eco Counter GmbH,Stadt Tübingen,667,Unterführung Steinlach/Karlstraße Südseite - Steinlachallee,100003359,Y2H17123962,9.058865,48.515434,(UTC+01:00) Europe/Paris DST,2013-05-24T10:00:00+02:00,167,80,na,247,7.0,0.2,na
Eco Counter GmbH,Stadt Tübingen,667,Unterführung Steinlach/Karlstraße Südseite - Steinlachallee,100003359,Y2H17123962,9.058865,48.515434,(UTC+01:00) Europe/Paris DST,2013-05-24T11:00:00+02:00,150,120,na,270,8.0,0.2,na
Eco Counter GmbH,Stadt Tübingen,667,Unterführung Steinlach/Karlstraße Südseite - Steinlachallee,100003359,Y2H17123962,9.058865,48.515434,(UTC+01:00) Europe/Paris DST,2013-05-24T12:00:00+02:00,125,121,na,246,9.0,0.2,na
Eco Counter GmbH,Stadt Tübingen,667,Unterführung Steinlach/Karlstraße Südseite - Steinlachallee,100003359,Y2H17123962,9.058865,48.515434,(UTC+01:00) Europe/Paris DST,2013-05-24T13:00:00+02:00,134,141,na,275,9.0,0.2,na
Eco Counter GmbH,Stadt Tübingen,667,Unterführung Steinlach/Karlstraße Südseite - Steinlachallee,100003359,Y2H17123962,9.058865,48.515434,(UTC+01:00) Europe/Paris DST,2013-05-24T14:00:00+02:00,118,133,na,251,9.0,0.2,na
Eco Counter GmbH,Stadt Tübingen,667,Unterführung Steinlach/Karlstraße Südseite - Steinlachallee,100003359,Y2H17123962,9.058865,48.515434,(UTC+01:00) Europe/Paris DST,2013-05-24T15:00:00+02:00,158,147,na,305,8.0,0.2,na
Eco Counter GmbH,Stadt Tübingen,667,Unterführung Steinlach/Karlstraße Südseite - Steinlachallee,100003359,Y2H17123962,9.058865,48.515434,(UTC+01:00) Europe/Paris DST,2013-05-24T16:00:00+02:00,147,165,na,312,8.0,0.1,na
Eco Counter GmbH,Stadt Tübingen,667,Unterführung Steinlach/Karlstraße Südseite - Steinlachallee,100003359,Y2H17123962,9.058865,48.515434,(UTC+01:00) Europe/Paris DST,2013-05-24T17:00:00+02:00,144,198,na,342,8.0,0.0,na
Eco Counter GmbH,Stadt Tübingen,667,Unterführung Steinlach/Karlstraße Südseite - Steinlachallee,100003359,Y2H17123962,9.058865,48.515434,(UTC+01:00) Europe/Paris DST,2013-05-24T18:00:00+02:00,135,178,na,313,8.0,0.0,na
Eco Counter GmbH,Stadt Tübingen,667,Unterführung Steinlach/Karlstraße Südseite - Steinlachallee,100003359,Y2H17123962,9.058865,48.515434,(UTC+01:00) Europe/Paris DST,2013-05-24T19:00:00+02:00,69,119,na,188,6.0,0.0,na
Eco Counter GmbH,Stadt Tübingen,667,Unterführung Steinlach/Karlstraße Südseite - Steinlachallee,100003359,Y2H17123962,9.058865,48.515434,(UTC+01:00) Europe/Paris DST,2013-05-24T20:00:00+02:00,67,86,na,153,5.0,0.0,na
Eco Counter GmbH,Stadt Tübingen,667,Unterführung Steinlach/Karlstraße Südseite - Steinlachallee,100003359,Y2H17123962,9.058865,48.515434,(UTC+01:00) Europe/Paris DST,2013-05-24T21:00:00+02:00,46,46,na,92,4.0,0.0,na
Eco Counter GmbH,Stadt Tübingen,667,Unterführung Steinlach/Karlstraße Südseite - Steinlachallee,100003359,Y2H17123962,9.058865,48.515434,(UTC+01:00) Europe/Paris DST,2013-05-24T22:00:00+02:00,28,43,na,71,3.0,0.0,na
Eco Counter GmbH,Stadt Tübingen,667,Unterführung Steinlach/Karlstraße Südseite - Steinlachallee,100003359,Y2H17123962,9.058865,48.515434,(UTC+01:00) Europe/Paris DST,2013-05-24T23:00:00+02:00,24,34,na,58,2.0,0.0,na
Eco Counter GmbH,Stadt Tübingen,667,Unterführung Steinlach/Karlstraße Südseite - Steinlachallee,100003359,Y2H17123962,9.058865,48.515434,(UTC+01:00) Europe/Paris DST,2013-05-25T00:00:00+02:00,13,35,na,48,1.0,0.0,na
Eco Counter GmbH,Stadt Tübingen,667,Unterführung Steinlach/Karlstraße Südseite - Steinlachallee,100003359,Y2H17123962,9.058865,48.515434,(UTC+01:00) Europe/Paris DST,2013-05-25T01:00:00+02:00,12,12,na,24,0.0,0.0,na
Eco Counter GmbH,Stadt Tübingen,667,Unterführung Steinlach/Karlstraße Südseite - Steinlachallee,100003359,Y2H17123962,9.058865,48.515434,(UTC+01:00) Europe/Paris DST,2013-05-25T02:00:00+02:00,5,11,na,16,-1.0,0.0,na
Eco Counter GmbH,Stadt Tübingen,667,Unterführung Steinlach/Karlstraße Südseite - Steinlachallee,100003359,Y2H17123962,9.058865,48.515434,(UTC+01:00) Europe/Paris DST,2013-05-25T03:00:00+02:00,0,6,na,6,0.0,0.0,na
Eco Counter GmbH,Stadt Tübingen,667,Unterführung Steinlach/Karlstraße Südseite - Steinlachallee,100003359,Y2H17123962,9.058865,48.515434,(UTC+01:00) Europe/Paris DST,2013-05-25T04:00:00+02:00,2,7,na,9,1.0,0.0,na
Eco Counter GmbH,Stadt Tübingen,667,Unterführung Steinlach/Karlstraße Südseite - Steinlachallee,100003359,Y2H17123962,9.058865,48.515434,(UTC+01:00) Europe/Paris DST,2013-05-25T05:00:00+02:00,13,6,na,19,3.0,0.0,na
Eco Counter GmbH,Stadt Tübingen,667,Unterführung Steinlach/Karlstraße Südseite - Steinlachallee,100003359,Y2H17123962,9.058865,48.515434,(UTC+01:00) Europe/Paris DST,2013-05-25T06:00:00+02:00,11,9,na,20,4.0,0.0,na
Eco Counter GmbH,Stadt Tübingen,667,Unterführung Steinlach/Karlstraße Südseite - Steinlachallee,100003359,Y2H17123962,9.058865,48.515434,(UTC+01:00) Europe/Paris DST,2013-05-25T07:00:00+02:00,16,13,na,29,6.0,0.0,na
Eco Counter GmbH,Stadt Tübingen,667,Unterführung Steinlach/Karlstraße Südseite - Steinlachallee,100003359,Y2H17123962,9.058865,48.515434,(UTC+01:00) Europe/Paris DST,2013-05-25T08:00:00+02:00,63,24,na,87,7.0,0.0,na
Eco Counter GmbH,Stadt Tübingen,667,Unterführung Steinlach/Karlstraße Südseite - Steinlachallee,100003359,Y2H17123962,9.058865,48.515434,(UTC+01:00) Europe/Paris DST,2013-05-25T09:00:00+02:00,90,47,na,137,8.0,0.0,na
Eco Counter GmbH,Stadt Tübingen,667,Unterführung Steinlach/Karlstraße Südseite - Steinlachallee,100003359,Y2H17123962,9.058865,48.515434,(UTC+01:00) Europe/Paris DST,2013-05-25T10:00:00+02:00,169,76,na,245,10.0,0.0,na
Eco Counter GmbH,Stadt Tübingen,667,Unterführung Steinlach/Karlstraße Südseite - Steinlachallee,100003359,Y2H17123962,9.058865,48.515434,(UTC+01:00) Europe/Paris DST,2013-05-25T11:00:00+02:00,171,112,na,283,11.0,0.1,na
Eco Counter GmbH,Stadt Tübingen,667,Unterführung Steinlach/Karlstraße Südseite - Steinlachallee,100003359,Y2H17123962,9.058865,48.515434,(UTC+01:00) Europe/Paris DST,2013-05-25T12:00:00+02:00,128,139,na,267,11.0,0.0,na
Eco Counter GmbH,Stadt Tübingen,667,Unterführung Steinlach/Karlstraße Südseite - Steinlachallee,100003359,Y2H17123962,9.058865,48.515434,(UTC+01:00) Europe/Paris DST,2013-05-25T13:00:00+02:00,106,149,na,255,11.0,0.1,na
Eco Counter GmbH,Stadt Tübingen,667,Unterführung Steinlach/Karlstraße Südseite - Steinlachallee,100003359,Y2H17123962,9.058865,48.515434,(UTC+01:00) Europe/Paris DST,2013-05-25T14:00:00+02:00,101,134,na,235,11.0,0.1,na
Eco Counter GmbH,Stadt Tübingen,667,Unterführung Steinlach/Karlstraße Südseite - Steinlachallee,100003359,Y2H17123962,9.058865,48.515434,(UTC+01:00) Europe/Paris DST,2013-05-25T15:00:00+02:00,97,99,na,196,11.0,0.0,na
Eco Counter GmbH,Stadt Tübingen,667,Unterführung Steinlach/Karlstraße Südseite - Steinlachallee,100003359,Y2H17123962,9.058865,48.515434,(UTC+01:00) Europe/Paris DST,2013-05-25T16:00:00+02:00,89,96,na,185,10.0,0.2,na
Eco Counter GmbH,Stadt Tübingen,667,Unterführung Steinlach/Karlstraße Südseite - Steinlachallee,100003359,Y2H17123962,9.058865,48.515434,(UTC+01:00) Europe/Paris DST,2013-05-25T17:00:00+02:00,83,95,na,178,9.0,0.2,na
Eco Counter GmbH,Stadt Tübingen,667,Unterführung Steinlach/Karlstraße Südseite - Steinlachallee,100003359,Y2H17123962,9.058865,48.515434,(UTC+01:00) Europe/Paris DST,2013-05-25T18:00:00+02:00,84,93,na,177,9.0,0.0,na
Eco Counter GmbH,Stadt Tübingen,667,Unterführung Steinlach/Karlstraße Südseite - Steinlachallee,100003359,Y2H17123962,9.058865,48.515434,(UTC+01:00) Europe/Paris DST,2013-05-25T19:00:00+02:00,112,64,na,176,8.0,0.0,na
Eco Counter GmbH,Stadt Tübingen,667,Unterführung Steinlach/Karlstraße Südseite - Steinlachallee,100003359,Y2H17123962,9.058865,48.515434,(UTC+01:00) Europe/Paris DST,2013-05-25T20:00:00+02:00,81,62,na,143,6.0,0.0,na
Eco Counter GmbH,Stadt Tübingen,667,Unterführung Steinlach/Karlstraße Südseite - Steinlachallee,100003359,Y2H17123962,9.058865,48.515434,(UTC+01:00) Europe/Paris DST,2013-05-25T21:00:00+02:00,33,35,na,68,5.0,0.0,na
Eco Counter GmbH,Stadt Tübingen,667,Unterführung Steinlach/Karlstraße Südseite - Steinlachallee,100003359,Y2H17123962,9.058865,48.515434,(UTC+01:00) Europe/Paris DST,2013-05-25T22:00:00+02:00,14,32,na,46,5.0,0.0,na
Eco Counter GmbH,Stadt Tübingen,667,Unterführung Steinlach/Karlstraße Südseite - Steinlachallee,100003359,Y2H17123962,9.058865,48.515434,(UTC+01:00) Europe/Paris DST,2013-05-25T23:00:00+02:00,29,70,na,99,4.0,0.0,na
Eco Counter GmbH,Stadt Tübingen,667,Unterführung Steinlach/Karlstraße Südseite - Steinlachallee,100003359,Y2H17123962,9.058865,48.515434,(UTC+01:00) Europe/Paris DST,2013-05-26T00:00:00+02:00,22,36,na,58,4.0,0.0,na
Eco Counter GmbH,Stadt Tübingen,667,Unterführung Steinlach/Karlstraße Südseite - Steinlachallee,100003359,Y2H17123962,9.058865,48.515434,(UTC+01:00) Europe/Paris DST,2013-05-26T01:00:00+02:00,11,33,na,44,4.0,0.0,na
Eco Counter GmbH,Stadt Tübingen,667,Unterführung Steinlach/Karlstraße Südseite - Steinlachallee,100003359,Y2H17123962,9.058865,48.515434,(UTC+01:00) Europe/Paris DST,2013-05-26T02:00:00+02:00,10,14,na,24,4.0,0.0,na
Eco Counter GmbH,Stadt Tübingen,667,Unterführung Steinlach/Karlstraße Südseite - Steinlachallee,100003359,Y2H17123962,9.058865,48.515434,(UTC+01:00) Europe/Paris DST,2013-05-26T03:00:00+02:00,3,11,na,14,4.0,0.2,na
Eco Counter GmbH,Stadt Tübingen,667,Unterführung Steinlach/Karlstraße Südseite - Steinlachallee,100003359,Y2H17123962,9.058865,48.515434,(UTC+01:00) Europe/Paris DST,2013-05-26T04:00:00+02:00,0,5,na,5,4.0,0.2,na
Eco Counter GmbH,Stadt Tübingen,667,Unterführung Steinlach/Karlstraße Südseite - Steinlachallee,100003359,Y2H17123962,9.058865,48.515434,(UTC+01:00) Europe/Paris DST,2013-05-26T05:00:00+02:00,5,4,na,9,4.0,0.4,na
Eco Counter GmbH,Stadt Tübingen,667,Unterführung Steinlach/Karlstraße Südseite - Steinlachallee,100003359,Y2H17123962,9.058865,48.515434,(UTC+01:00) Europe/Paris DST,2013-05-26T06:00:00+02:00,4,4,na,8,5.0,0.3,na
Eco Counter GmbH,Stadt Tübingen,667,Unterführung Steinlach/Karlstraße Südseite - Steinlachallee,100003359,Y2H17123962,9.058865,48.515434,(UTC+01:00) Europe/Paris DST,2013-05-26T07:00:00+02:00,9,8,na,17,5.0,0.2,na
Eco Counter GmbH,Stadt Tübingen,667,Unterführung Steinlach/Karlstraße Südseite - Steinlachallee,100003359,Y2H17123962,9.058865,48.515434,(UTC+01:00) Europe/Paris DST,2013-05-26T08:00:00+02:00,23,19,na,42,5.0,0.1,na
Eco Counter GmbH,Stadt Tübingen,667,Unterführung Steinlach/Karlstraße Südseite - Steinlachallee,100003359,Y2H17123962,9.058865,48.515434,(UTC+01:00) Europe/Paris DST,2013-05-26T09:00:00+02:00,70,37,na,107,6.0,0.1,na
Eco Counter GmbH,Stadt Tübingen,667,Unterführung Steinlach/Karlstraße Südseite - Steinlachallee,100003359,Y2H17123962,9.058865,48.515434,(UTC+01:00) Europe/Paris DST,2013-05-26T10:00:00+02:00,60,41,na,101,6.0,0.2,na
Eco Counter GmbH,Stadt Tübingen,667,Unterführung Steinlach/Karlstraße Südseite - Steinlachallee,100003359,Y2H17123962,9.058865,48.515434,(UTC+01:00) Europe/Paris DST,2013-05-26T11:00:00+02:00,67,59,na,126,6.0,0.4,na
Eco Counter GmbH,Stadt Tübingen,667,Unterführung Steinlach/Karlstraße Südseite - Steinlachallee,100003359,Y2H17123962,9.058865,48.515434,(UTC+01:00) Europe/Paris DST,2013-05-26T12:00:00+02:00,50,57,na,107,6.0,0.9,na
Eco Counter GmbH,Stadt Tübingen,667,Unterführung Steinlach/Karlstraße Südseite - Steinlachallee,100003359,Y2H17123962,9.058865,48.515434,(UTC+01:00) Europe/Paris DST,2013-05-26T13:00:00+02:00,34,33,na,67,6.0,1.1,na
Eco Counter GmbH,Stadt Tübingen,667,Unterführung Steinlach/Karlstraße Südseite - Steinlachallee,100003359,Y2H17123962,9.058865,48.515434,(UTC+01:00) Europe/Paris DST,2013-05-26T14:00:00+02:00,28,26,na,54,5.0,1.2,na
Eco Counter GmbH,Stadt Tübingen,667,Unterführung Steinlach/Karlstraße Südseite - Steinlachallee,100003359,Y2H17123962,9.058865,48.515434,(UTC+01:00) Europe/Paris DST,2013-05-26T15:00:00+02:00,32,33,na,65,5.0,1.2,na
Eco Counter GmbH,Stadt Tübingen,667,Unterführung Steinlach/Karlstraße Südseite - Steinlachallee,100003359,Y2H17123962,9.058865,48.515434,(UTC+01:00) Europe/Paris DST,2013-05-26T16:00:00+02:00,26,24,na,50,5.0,1.2,na
Eco Counter GmbH,Stadt Tübingen,667,Unterführung Steinlach/Karlstraße Südseite - Steinlachallee,100003359,Y2H17123962,9.058865,48.515434,(UTC+01:00) Europe/Paris DST,2013-05-26T17:00:00+02:00,26,27,na,53,6.0,1.2,na
Eco Counter GmbH,Stadt Tübingen,667,Unterführung Steinlach/Karlstraße Südseite - Steinlachallee,100003359,Y2H17123962,9.058865,48.515434,(UTC+01:00) Europe/Paris DST,2013-05-26T18:00:00+02:00,27,34,na,61,5.0,1.1,na
Eco Counter GmbH,Stadt Tübingen,667,Unterführung Steinlach/Karlstraße Südseite - Steinlachallee,100003359,Y2H17123962,9.058865,48.515434,(UTC+01:00) Europe/Paris DST,2013-05-26T19:00:00+02:00,45,31,na,76,5.0,1.1,na
Eco Counter GmbH,Stadt Tübingen,667,Unterführung Steinlach/Karlstraße Südseite - Steinlachallee,100003359,Y2H17123962,9.058865,48.515434,(UTC+01:00) Europe/Paris DST,2013-05-26T20:00:00+02:00,38,35,na,73,4.0,0.7,na
Eco Counter GmbH,Stadt Tübingen,667,Unterführung Steinlach/Karlstraße Südseite - Steinlachallee,100003359,Y2H17123962,9.058865,48.515434,(UTC+01:00) Europe/Paris DST,2013-05-26T21:00:00+02:00,4,15,na,19,4.0,0.6,na
Eco Counter GmbH,Stadt Tübingen,667,Unterführung Steinlach/Karlstraße Südseite - Steinlachallee,100003359,Y2H17123962,9.058865,48.515434,(UTC+01:00) Europe/Paris DST,2013-05-26T22:00:00+02:00,10,27,na,37,4.0,0.7,na
Eco Counter GmbH,Stadt Tübingen,667,Unterführung Steinlach/Karlstraße Südseite - Steinlachallee,100003359,Y2H17123962,9.058865,48.515434,(UTC+01:00) Europe/Paris DST,2013-05-26T23:00:00+02:00,8,8,na,16,4.0,0.7,na
Eco Counter GmbH,Stadt Tübingen,667,Unterführung Steinlach/Karlstraße Südseite - Steinlachallee,100003359,Y2H17123962,9.058865,48.515434,(UTC+01:00) Europe/Paris DST,2013-05-27T00:00:00+02:00,3,7,na,10,4.0,0.6,na
Eco Counter GmbH,Stadt Tübingen,667,Unterführung Steinlach/Karlstraße Südseite - Steinlachallee,100003359,Y2H17123962,9.058865,48.515434,(UTC+01:00) Europe/Paris DST,2013-05-27T01:00:00+02:00,1,2,na,3,5.0,0.4,na
Eco Counter GmbH,Stadt Tübingen,667,Unterführung Steinlach/Karlstraße Südseite - Steinlachallee,100003359,Y2H17123962,9.058865,48.515434,(UTC+01:00) Europe/Paris DST,2013-05-27T02:00:00+02:00,1,1,na,2,5.0,0.3,na
Eco Counter GmbH,Stadt Tübingen,667,Unterführung Steinlach/Karlstraße Südseite - Steinlachallee,100003359,Y2H17123962,9.058865,48.515434,(UTC+01:00) Europe/Paris DST,2013-05-27T03:00:00+02:00,2,1,na,3,5.0,0.2,na
Eco Counter GmbH,Stadt Tübingen,667,Unterführung Steinlach/Karlstraße Südseite - Steinlachallee,100003359,Y2H17123962,9.058865,48.515434,(UTC+01:00) Europe/Paris DST,2013-05-27T04:00:00+02:00,2,3,na,5,5.0,0.1,na
Eco Counter GmbH,Stadt Tübingen,667,Unterführung Steinlach/Karlstraße Südseite - Steinlachallee,100003359,Y2H17123962,9.058865,48.515434,(UTC+01:00) Europe/Paris DST,2013-05-27T05:00:00+02:00,12,6,na,18,5.0,0.0,na
Eco Counter GmbH,Stadt Tübingen,667,Unterführung Steinlach/Karlstraße Südseite - Steinlachallee,100003359,Y2H17123962,9.058865,48.515434,(UTC+01:00) Europe/Paris DST,2013-05-27T06:00:00+02:00,35,20,na,55,6.0,0.0,na
Eco Counter GmbH,Stadt Tübingen,667,Unterführung Steinlach/Karlstraße Südseite - Steinlachallee,100003359,Y2H17123962,9.058865,48.515434,(UTC+01:00) Europe/Paris DST,2013-05-27T07:00:00+02:00,179,48,na,227,7.0,0.0,na
Eco Counter GmbH,Stadt Tübingen,667,Unterführung Steinlach/Karlstraße Südseite - Steinlachallee,100003359,Y2H17123962,9.058865,48.515434,(UTC+01:00) Europe/Paris DST,2013-05-27T08:00:00+02:00,246,92,na,338,9.0,0.0,na
Eco Counter GmbH,Stadt Tübingen,667,Unterführung Steinlach/Karlstraße Südseite - Steinlachallee,100003359,Y2H17123962,9.058865,48.515434,(UTC+01:00) Europe/Paris DST,2013-05-27T09:00:00+02:00,201,88,na,289,10.0,0.0,na
Eco Counter GmbH,Stadt Tübingen,667,Unterführung Steinlach/Karlstraße Südseite - Steinlachallee,100003359,Y2H17123962,9.058865,48.515434,(UTC+01:00) Europe/Paris DST,2013-05-27T10:00:00+02:00,186,89,na,275,12.0,0.0,na
Eco Counter GmbH,Stadt Tübingen,667,Unterführung Steinlach/Karlstraße Südseite - Steinlachallee,100003359,Y2H17123962,9.058865,48.515434,(UTC+01:00) Europe/Paris DST,2013-05-27T11:00:00+02:00,133,119,na,252,13.0,0.0,na
Eco Counter GmbH,Stadt Tübingen,667,Unterführung Steinlach/Karlstraße Südseite - Steinlachallee,100003359,Y2H17123962,9.058865,48.515434,(UTC+01:00) Europe/Paris DST,2013-05-27T12:00:00+02:00,193,146,na,339,14.0,0.0,na
Eco Counter GmbH,Stadt Tübingen,667,Unterführung Steinlach/Karlstraße Südseite - Steinlachallee,100003359,Y2H17123962,9.058865,48.515434,(UTC+01:00) Europe/Paris DST,2013-05-27T13:00:00+02:00,157,193,na,350,15.0,0.0,na
Eco Counter GmbH,Stadt Tübingen,667,Unterführung Steinlach/Karlstraße Südseite - Steinlachallee,100003359,Y2H17123962,9.058865,48.515434,(UTC+01:00) Europe/Paris DST,2013-05-27T14:00:00+02:00,147,133,na,280,15.0,0.0,na
Eco Counter GmbH,Stadt Tübingen,667,Unterführung Steinlach/Karlstraße Südseite - Steinlachallee,100003359,Y2H17123962,9.058865,48.515434,(UTC+01:00) Europe/Paris DST,2013-05-27T15:00:00+02:00,218,158,na,376,15.0,0.0,na
Eco Counter GmbH,Stadt Tübingen,667,Unterführung Steinlach/Karlstraße Südseite - Steinlachallee,100003359,Y2H17123962,9.058865,48.515434,(UTC+01:00) Europe/Paris DST,2013-05-27T16:00:00+02:00,178,261,na,439,14.0,0.0,na
Eco Counter GmbH,Stadt Tübingen,667,Unterführung Steinlach/Karlstraße Südseite - Steinlachallee,100003359,Y2H17123962,9.058865,48.515434,(UTC+01:00) Europe/Paris DST,2013-05-27T17:00:00+02:00,220,256,na,476,13.0,0.0,na
Eco Counter GmbH,Stadt Tübingen,667,Unterführung Steinlach/Karlstraße Südseite - Steinlachallee,100003359,Y2H17123962,9.058865,48.515434,(UTC+01:00) Europe/Paris DST,2013-05-27T18:00:00+02:00,217,267,na,484,13.0,0.0,na
Eco Counter GmbH,Stadt Tübingen,667,Unterführung Steinlach/Karlstraße Südseite - Steinlachallee,100003359,Y2H17123962,9.058865,48.515434,(UTC+01:00) Europe/Paris DST,2013-05-27T19:00:00+02:00,164,258,na,422,11.0,0.0,na
Eco Counter GmbH,Stadt Tübingen,667,Unterführung Steinlach/Karlstraße Südseite - Steinlachallee,100003359,Y2H17123962,9.058865,48.515434,(UTC+01:00) Europe/Paris DST,2013-05-27T20:00:00+02:00,88,183,na,271,10.0,0.0,na
Eco Counter GmbH,Stadt Tübingen,667,Unterführung Steinlach/Karlstraße Südseite - Steinlachallee,100003359,Y2H17123962,9.058865,48.515434,(UTC+01:00) Europe/Paris DST,2013-05-27T21:00:00+02:00,59,108,na,167,8.0,0.0,na
Eco Counter GmbH,Stadt Tübingen,667,Unterführung Steinlach/Karlstraße Südseite - Steinlachallee,100003359,Y2H17123962,9.058865,48.515434,(UTC+01:00) Europe/Paris DST,2013-05-27T22:00:00+02:00,39,89,na,128,7.0,0.0,na
Eco Counter GmbH,Stadt Tübingen,667,Unterführung Steinlach/Karlstraße Südseite - Steinlachallee,100003359,Y2H17123962,9.058865,48.515434,(UTC+01:00) Europe/Paris DST,2013-05-27T23:00:00+02:00,27,67,na,94,6.0,0.0,na
Eco Counter GmbH,Stadt Tübingen,667,Unterführung Steinlach/Karlstraße Südseite - Steinlachallee,100003359,Y2H17123962,9.058865,48.515434,(UTC+01:00) Europe/Paris DST,2013-05-28T00:00:00+02:00,13,20,na,33,5.0,0.0,na
Eco Counter GmbH,Stadt Tübingen,667,Unterführung Steinlach/Karlstraße Südseite - Steinlachallee,100003359,Y2H17123962,9.058865,48.515434,(UTC+01:00) Europe/Paris DST,2013-05-28T01:00:00+02:00,3,13,na,16,4.0,0.0,na
Eco Counter GmbH,Stadt Tübingen,667,Unterführung Steinlach/Karlstraße Südseite - Steinlachallee,100003359,Y2H17123962,9.058865,48.515434,(UTC+01:00) Europe/Paris DST,2013-05-28T02:00:00+02:00,2,6,na,8,4.0,0.0,na
Eco Counter GmbH,Stadt Tübingen,667,Unterführung Steinlach/Karlstraße Südseite - Steinlachallee,100003359,Y2H17123962,9.058865,48.515434,(UTC+01:00) Europe/Paris DST,2013-05-28T03:00:00+02:00,3,2,na,5,4.0,0.0,na
Eco Counter GmbH,Stadt Tübingen,667,Unterführung Steinlach/Karlstraße Südseite - Steinlachallee,100003359,Y2H17123962,9.058865,48.515434,(UTC+01:00) Europe/Paris DST,2013-05-28T04:00:00+02:00,3,6,na,9,5.0,0.0,na
Eco Counter GmbH,Stadt Tübingen,667,Unterführung Steinlach/Karlstraße Südseite - Steinlachallee,100003359,Y2H17123962,9.058865,48.515434,(UTC+01:00) Europe/Paris DST,2013-05-28T05:00:00+02:00,21,14,na,35,6.0,0.0,na
Eco Counter GmbH,Stadt Tübingen,667,Unterführung Steinlach/Karlstraße Südseite - Steinlachallee,100003359,Y2H17123962,9.058865,48.515434,(UTC+01:00) Europe/Paris DST,2013-05-28T06:00:00+02:00,54,25,na,79,9.0,0.0,na
Eco Counter GmbH,Stadt Tübingen,667,Unterführung Steinlach/Karlstraße Südseite - Steinlachallee,100003359,Y2H17123962,9.058865,48.515434,(UTC+01:00) Europe/Paris DST,2013-05-28T07:00:00+02:00,228,74,na,302,11.0,0.0,na
Eco Counter GmbH,Stadt Tübingen,667,Unterführung Steinlach/Karlstraße Südseite - Steinlachallee,100003359,Y2H17123962,9.058865,48.515434,(UTC+01:00) Europe/Paris DST,2013-05-28T08:00:00+02:00,333,101,na,434,14.0,0.0,na
Eco Counter GmbH,Stadt Tübingen,667,Unterführung Steinlach/Karlstraße Südseite - Steinlachallee,100003359,Y2H17123962,9.058865,48.515434,(UTC+01:00) Europe/Paris DST,2013-05-28T09:00:00+02:00,245,95,na,340,16.0,0.0,na
Eco Counter GmbH,Stadt Tübingen,667,Unterführung Steinlach/Karlstraße Südseite - Steinlachallee,100003359,Y2H17123962,9.058865,48.515434,(UTC+01:00) Europe/Paris DST,2013-05-28T10:00:00+02:00,257,147,na,404,17.0,0.0,na
Eco Counter GmbH,Stadt Tübingen,667,Unterführung Steinlach/Karlstraße Südseite - Steinlachallee,100003359,Y2H17123962,9.058865,48.515434,(UTC+01:00) Europe/Paris DST,2013-05-28T11:00:00+02:00,243,157,na,400,18.0,0.0,na
Eco Counter GmbH,Stadt Tübingen,667,Unterführung Steinlach/Karlstraße Südseite - Steinlachallee,100003359,Y2H17123962,9.058865,48.515434,(UTC+01:00) Europe/Paris DST,2013-05-28T12:00:00+02:00,230,208,na,438,19.0,0.0,na
Eco Counter GmbH,Stadt Tübingen,667,Unterführung Steinlach/Karlstraße Südseite - Steinlachallee,100003359,Y2H17123962,9.058865,48.515434,(UTC+01:00) Europe/Paris DST,2013-05-28T13:00:00+02:00,188,224,na,412,19.0,0.0,na
Eco Counter GmbH,Stadt Tübingen,667,Unterführung Steinlach/Karlstraße Südseite - Steinlachallee,100003359,Y2H17123962,9.058865,48.515434,(UTC+01:00) Europe/Paris DST,2013-05-28T14:00:00+02:00,204,209,na,413,19.0,0.0,na
Eco Counter GmbH,Stadt Tübingen,667,Unterführung Steinlach/Karlstraße Südseite - Steinlachallee,100003359,Y2H17123962,9.058865,48.515434,(UTC+01:00) Europe/Paris DST,2013-05-28T15:00:00+02:00,240,227,na,467,18.0,0.0,na
Eco Counter GmbH,Stadt Tübingen,667,Unterführung Steinlach/Karlstraße Südseite - Steinlachallee,100003359,Y2H17123962,9.058865,48.515434,(UTC+01:00) Europe/Paris DST,2013-05-28T16:00:00+02:00,253,296,na,549,18.0,0.0,na
Eco Counter GmbH,Stadt Tübingen,667,Unterführung Steinlach/Karlstraße Südseite - Steinlachallee,100003359,Y2H17123962,9.058865,48.515434,(UTC+01:00) Europe/Paris DST,2013-05-28T17:00:00+02:00,245,323,na,568,17.0,0.2,na
Eco Counter GmbH,Stadt Tübingen,667,Unterführung Steinlach/Karlstraße Südseite - Steinlachallee,100003359,Y2H17123962,9.058865,48.515434,(UTC+01:00) Europe/Paris DST,2013-05-28T18:00:00+02:00,223,373,na,596,16.0,0.4,na
Eco Counter GmbH,Stadt Tübingen,667,Unterführung Steinlach/Karlstraße Südseite - Steinlachallee,100003359,Y2H17123962,9.058865,48.515434,(UTC+01:00) Europe/Paris DST,2013-05-28T19:00:00+02:00,125,227,na,352,14.0,0.9,na
Eco Counter GmbH,Stadt Tübingen,667,Unterführung Steinlach/Karlstraße Südseite - Steinlachallee,100003359,Y2H17123962,9.058865,48.515434,(UTC+01:00) Europe/Paris DST,2013-05-28T20:00:00+02:00,103,129,na,232,12.0,1.4,na
Eco Counter GmbH,Stadt Tübingen,667,Unterführung Steinlach/Karlstraße Südseite - Steinlachallee,100003359,Y2H17123962,9.058865,48.515434,(UTC+01:00) Europe/Paris DST,2013-05-28T21:00:00+02:00,39,94,na,133,11.0,1.0,na
Eco Counter GmbH,Stadt Tübingen,667,Unterführung Steinlach/Karlstraße Südseite - Steinlachallee,100003359,Y2H17123962,9.058865,48.515434,(UTC+01:00) Europe/Paris DST,2013-05-28T22:00:00+02:00,34,86,na,120,10.0,0.5,na
Eco Counter GmbH,Stadt Tübingen,667,Unterführung Steinlach/Karlstraße Südseite - Steinlachallee,100003359,Y2H17123962,9.058865,48.515434,(UTC+01:00) Europe/Paris DST,2013-05-28T23:00:00+02:00,21,47,na,68,10.0,0.6,na
Eco Counter GmbH,Stadt Tübingen,667,Unterführung Steinlach/Karlstraße Südseite - Steinlachallee,100003359,Y2H17123962,9.058865,48.515434,(UTC+01:00) Europe/Paris DST,2013-05-29T00:00:00+02:00,6,26,na,32,9.0,0.7,na
Eco Counter GmbH,Stadt Tübingen,667,Unterführung Steinlach/Karlstraße Südseite - Steinlachallee,100003359,Y2H17123962,9.058865,48.515434,(UTC+01:00) Europe/Paris DST,2013-05-29T01:00:00+02:00,3,20,na,23,8.0,0.8,na
Eco Counter GmbH,Stadt Tübingen,667,Unterführung Steinlach/Karlstraße Südseite - Steinlachallee,100003359,Y2H17123962,9.058865,48.515434,(UTC+01:00) Europe/Paris DST,2013-05-29T02:00:00+02:00,2,8,na,10,8.0,0.9,na
Eco Counter GmbH,Stadt Tübingen,667,Unterführung Steinlach/Karlstraße Südseite - Steinlachallee,100003359,Y2H17123962,9.058865,48.515434,(UTC+01:00) Europe/Paris DST,2013-05-29T03:00:00+02:00,1,0,na,1,8.0,1.1,na
Eco Counter GmbH,Stadt Tübingen,667,Unterführung Steinlach/Karlstraße Südseite - Steinlachallee,100003359,Y2H17123962,9.058865,48.515434,(UTC+01:00) Europe/Paris DST,2013-05-29T04:00:00+02:00,3,5,na,8,7.0,0.9,na
Eco Counter GmbH,Stadt Tübingen,667,Unterführung Steinlach/Karlstraße Südseite - Steinlachallee,100003359,Y2H17123962,9.058865,48.515434,(UTC+01:00) Europe/Paris DST,2013-05-29T05:00:00+02:00,14,5,na,19,7.0,0.6,na
Eco Counter GmbH,Stadt Tübingen,667,Unterführung Steinlach/Karlstraße Südseite - Steinlachallee,100003359,Y2H17123962,9.058865,48.515434,(UTC+01:00) Europe/Paris DST,2013-05-29T06:00:00+02:00,23,22,na,45,6.0,0.5,na
Eco Counter GmbH,Stadt Tübingen,667,Unterführung Steinlach/Karlstraße Südseite - Steinlachallee,100003359,Y2H17123962,9.058865,48.515434,(UTC+01:00) Europe/Paris DST,2013-05-29T07:00:00+02:00,119,40,na,159,6.0,0.5,na
Eco Counter GmbH,Stadt Tübingen,667,Unterführung Steinlach/Karlstraße Südseite - Steinlachallee,100003359,Y2H17123962,9.058865,48.515434,(UTC+01:00) Europe/Paris DST,2013-05-29T08:00:00+02:00,192,73,na,265,6.0,0.4,na
Eco Counter GmbH,Stadt Tübingen,667,Unterführung Steinlach/Karlstraße Südseite - Steinlachallee,100003359,Y2H17123962,9.058865,48.515434,(UTC+01:00) Europe/Paris DST,2013-05-29T09:00:00+02:00,176,64,na,240,7.0,0.4,na
Eco Counter GmbH,Stadt Tübingen,667,Unterführung Steinlach/Karlstraße Südseite - Steinlachallee,100003359,Y2H17123962,9.058865,48.515434,(UTC+01:00) Europe/Paris DST,2013-05-29T10:00:00+02:00,153,87,na,240,7.0,0.6,na
Eco Counter GmbH,Stadt Tübingen,667,Unterführung Steinlach/Karlstraße Südseite - Steinlachallee,100003359,Y2H17123962,9.058865,48.515434,(UTC+01:00) Europe/Paris DST,2013-05-29T11:00:00+02:00,134,109,na,243,8.0,0.8,na
Eco Counter GmbH,Stadt Tübingen,667,Unterführung Steinlach/Karlstraße Südseite - Steinlachallee,100003359,Y2H17123962,9.058865,48.515434,(UTC+01:00) Europe/Paris DST,2013-05-29T12:00:00+02:00,119,123,na,242,9.0,0.8,na
Eco Counter GmbH,Stadt Tübingen,667,Unterführung Steinlach/Karlstraße Südseite - Steinlachallee,100003359,Y2H17123962,9.058865,48.515434,(UTC+01:00) Europe/Paris DST,2013-05-29T13:00:00+02:00,76,110,na,186,9.0,0.6,na
Eco Counter GmbH,Stadt Tübingen,667,Unterführung Steinlach/Karlstraße Südseite - Steinlachallee,100003359,Y2H17123962,9.058865,48.515434,(UTC+01:00) Europe/Paris DST,2013-05-29T14:00:00+02:00,85,98,na,183,9.0,0.6,na
Eco Counter GmbH,Stadt Tübingen,667,Unterführung Steinlach/Karlstraße Südseite - Steinlachallee,100003359,Y2H17123962,9.058865,48.515434,(UTC+01:00) Europe/Paris DST,2013-05-29T15:00:00+02:00,124,127,na,251,9.0,0.4,na
Eco Counter GmbH,Stadt Tübingen,667,Unterführung Steinlach/Karlstraße Südseite - Steinlachallee,100003359,Y2H17123962,9.058865,48.515434,(UTC+01:00) Europe/Paris DST,2013-05-29T16:00:00+02:00,167,164,na,331,9.0,0.4,na
Eco Counter GmbH,Stadt Tübingen,667,Unterführung Steinlach/Karlstraße Südseite - Steinlachallee,100003359,Y2H17123962,9.058865,48.515434,(UTC+01:00) Europe/Paris DST,2013-05-29T17:00:00+02:00,179,191,na,370,9.0,0.3,na
Eco Counter GmbH,Stadt Tübingen,667,Unterführung Steinlach/Karlstraße Südseite - Steinlachallee,100003359,Y2H17123962,9.058865,48.515434,(UTC+01:00) Europe/Paris DST,2013-05-29T18:00:00+02:00,172,220,na,392,9.0,0.1,na
Eco Counter GmbH,Stadt Tübingen,667,Unterführung Steinlach/Karlstraße Südseite - Steinlachallee,100003359,Y2H17123962,9.058865,48.515434,(UTC+01:00) Europe/Paris DST,2013-05-29T19:00:00+02:00,125,139,na,264,8.0,0.0,na
Eco Counter GmbH,Stadt Tübingen,667,Unterführung Steinlach/Karlstraße Südseite - Steinlachallee,100003359,Y2H17123962,9.058865,48.515434,(UTC+01:00) Europe/Paris DST,2013-05-29T20:00:00+02:00,88,113,na,201,6.0,0.0,na
Eco Counter GmbH,Stadt Tübingen,667,Unterführung Steinlach/Karlstraße Südseite - Steinlachallee,100003359,Y2H17123962,9.058865,48.515434,(UTC+01:00) Europe/Paris DST,2013-05-29T21:00:00+02:00,86,81,na,167,5.0,0.0,na
Eco Counter GmbH,Stadt Tübingen,667,Unterführung Steinlach/Karlstraße Südseite - Steinlachallee,100003359,Y2H17123962,9.058865,48.515434,(UTC+01:00) Europe/Paris DST,2013-05-29T22:00:00+02:00,61,63,na,124,4.0,0.0,na
Eco Counter GmbH,Stadt Tübingen,667,Unterführung Steinlach/Karlstraße Südseite - Steinlachallee,100003359,Y2H17123962,9.058865,48.515434,(UTC+01:00) Europe/Paris DST,2013-05-29T23:00:00+02:00,31,43,na,74,4.0,0.0,na
Eco Counter GmbH,Stadt Tübingen,667,Unterführung Steinlach/Karlstraße Südseite - Steinlachallee,100003359,Y2H17123962,9.058865,48.515434,(UTC+01:00) Europe/Paris DST,2013-05-30T00:00:00+02:00,13,30,na,43,3.0,0.0,na
Eco Counter GmbH,Stadt Tübingen,667,Unterführung Steinlach/Karlstraße Südseite - Steinlachallee,100003359,Y2H17123962,9.058865,48.515434,(UTC+01:00) Europe/Paris DST,2013-05-30T01:00:00+02:00,13,47,na,60,3.0,0.0,na
Eco Counter GmbH,Stadt Tübingen,667,Unterführung Steinlach/Karlstraße Südseite - Steinlachallee,100003359,Y2H17123962,9.058865,48.515434,(UTC+01:00) Europe/Paris DST,2013-05-30T02:00:00+02:00,8,27,na,35,2.0,0.0,na
Eco Counter GmbH,Stadt Tübingen,667,Unterführung Steinlach/Karlstraße Südseite - Steinlachallee,100003359,Y2H17123962,9.058865,48.515434,(UTC+01:00) Europe/Paris DST,2013-05-30T03:00:00+02:00,7,24,na,31,2.0,0.0,na
Eco Counter GmbH,Stadt Tübingen,667,Unterführung Steinlach/Karlstraße Südseite - Steinlachallee,100003359,Y2H17123962,9.058865,48.515434,(UTC+01:00) Europe/Paris DST,2013-05-30T04:00:00+02:00,3,16,na,19,3.0,0.0,na
Eco Counter GmbH,Stadt Tübingen,667,Unterführung Steinlach/Karlstraße Südseite - Steinlachallee,100003359,Y2H17123962,9.058865,48.515434,(UTC+01:00) Europe/Paris DST,2013-05-30T05:00:00+02:00,9,9,na,18,5.0,0.0,na
Eco Counter GmbH,Stadt Tübingen,667,Unterführung Steinlach/Karlstraße Südseite - Steinlachallee,100003359,Y2H17123962,9.058865,48.515434,(UTC+01:00) Europe/Paris DST,2013-05-30T06:00:00+02:00,11,14,na,25,6.0,0.0,na
Eco Counter GmbH,Stadt Tübingen,667,Unterführung Steinlach/Karlstraße Südseite - Steinlachallee,100003359,Y2H17123962,9.058865,48.515434,(UTC+01:00) Europe/Paris DST,2013-05-30T07:00:00+02:00,26,11,na,37,8.0,0.0,na
Eco Counter GmbH,Stadt Tübingen,667,Unterführung Steinlach/Karlstraße Südseite - Steinlachallee,100003359,Y2H17123962,9.058865,48.515434,(UTC+01:00) Europe/Paris DST,2013-05-30T08:00:00+02:00,62,34,na,96,9.0,0.0,na
Eco Counter GmbH,Stadt Tübingen,667,Unterführung Steinlach/Karlstraße Südseite - Steinlachallee,100003359,Y2H17123962,9.058865,48.515434,(UTC+01:00) Europe/Paris DST,2013-05-30T09:00:00+02:00,88,53,na,141,10.0,0.1,na
Eco Counter GmbH,Stadt Tübingen,667,Unterführung Steinlach/Karlstraße Südseite - Steinlachallee,100003359,Y2H17123962,9.058865,48.515434,(UTC+01:00) Europe/Paris DST,2013-05-30T10:00:00+02:00,95,68,na,163,11.0,0.2,na
Eco Counter GmbH,Stadt Tübingen,667,Unterführung Steinlach/Karlstraße Südseite - Steinlachallee,100003359,Y2H17123962,9.058865,48.515434,(UTC+01:00) Europe/Paris DST,2013-05-30T11:00:00+02:00,147,99,na,246,12.0,0.2,na
Eco Counter GmbH,Stadt Tübingen,667,Unterführung Steinlach/Karlstraße Südseite - Steinlachallee,100003359,Y2H17123962,9.058865,48.515434,(UTC+01:00) Europe/Paris DST,2013-05-30T12:00:00+02:00,182,95,na,277,12.0,0.1,na
Eco Counter GmbH,Stadt Tübingen,667,Unterführung Steinlach/Karlstraße Südseite - Steinlachallee,100003359,Y2H17123962,9.058865,48.515434,(UTC+01:00) Europe/Paris DST,2013-05-30T13:00:00+02:00,181,66,na,247,13.0,0.1,na
Eco Counter GmbH,Stadt Tübingen,667,Unterführung Steinlach/Karlstraße Südseite - Steinlachallee,100003359,Y2H17123962,9.058865,48.515434,(UTC+01:00) Europe/Paris DST,2013-05-30T14:00:00+02:00,100,118,na,218,13.0,0.2,na
Eco Counter GmbH,Stadt Tübingen,667,Unterführung Steinlach/Karlstraße Südseite - Steinlachallee,100003359,Y2H17123962,9.058865,48.515434,(UTC+01:00) Europe/Paris DST,2013-05-30T15:00:00+02:00,114,198,na,312,13.0,0.1,na
Eco Counter GmbH,Stadt Tübingen,667,Unterführung Steinlach/Karlstraße Südseite - Steinlachallee,100003359,Y2H17123962,9.058865,48.515434,(UTC+01:00) Europe/Paris DST,2013-05-30T16:00:00+02:00,119,148,na,267,12.0,0.0,na
Eco Counter GmbH,Stadt Tübingen,667,Unterführung Steinlach/Karlstraße Südseite - Steinlachallee,100003359,Y2H17123962,9.058865,48.515434,(UTC+01:00) Europe/Paris DST,2013-05-30T17:00:00+02:00,83,124,na,207,12.0,0.0,na
Eco Counter GmbH,Stadt Tübingen,667,Unterführung Steinlach/Karlstraße Südseite - Steinlachallee,100003359,Y2H17123962,9.058865,48.515434,(UTC+01:00) Europe/Paris DST,2013-05-30T18:00:00+02:00,97,94,na,191,11.0,0.0,na
Eco Counter GmbH,Stadt Tübingen,667,Unterführung Steinlach/Karlstraße Südseite - Steinlachallee,100003359,Y2H17123962,9.058865,48.515434,(UTC+01:00) Europe/Paris DST,2013-05-30T19:00:00+02:00,91,85,na,176,11.0,0.0,na
Eco Counter GmbH,Stadt Tübingen,667,Unterführung Steinlach/Karlstraße Südseite - Steinlachallee,100003359,Y2H17123962,9.058865,48.515434,(UTC+01:00) Europe/Paris DST,2013-05-30T20:00:00+02:00,58,83,na,141,10.0,0.0,na
Eco Counter GmbH,Stadt Tübingen,667,Unterführung Steinlach/Karlstraße Südseite - Steinlachallee,100003359,Y2H17123962,9.058865,48.515434,(UTC+01:00) Europe/Paris DST,2013-05-30T21:00:00+02:00,38,39,na,77,9.0,0.0,na
Eco Counter GmbH,Stadt Tübingen,667,Unterführung Steinlach/Karlstraße Südseite - Steinlachallee,100003359,Y2H17123962,9.058865,48.515434,(UTC+01:00) Europe/Paris DST,2013-05-30T22:00:00+02:00,18,45,na,63,9.0,0.0,na
Eco Counter GmbH,Stadt Tübingen,667,Unterführung Steinlach/Karlstraße Südseite - Steinlachallee,100003359,Y2H17123962,9.058865,48.515434,(UTC+01:00) Europe/Paris DST,2013-05-30T23:00:00+02:00,22,39,na,61,8.0,0.0,na
Eco Counter GmbH,Stadt Tübingen,667,Unterführung Steinlach/Karlstraße Südseite - Steinlachallee,100003359,Y2H17123962,9.058865,48.515434,(UTC+01:00) Europe/Paris DST,2013-05-31T00:00:00+02:00,13,24,na,37,8.0,0.2,na
Eco Counter GmbH,Stadt Tübingen,667,Unterführung Steinlach/Karlstraße Südseite - Steinlachallee,100003359,Y2H17123962,9.058865,48.515434,(UTC+01:00) Europe/Paris DST,2013-05-31T01:00:00+02:00,7,10,na,17,8.0,0.5,na
Eco Counter GmbH,Stadt Tübingen,667,Unterführung Steinlach/Karlstraße Südseite - Steinlachallee,100003359,Y2H17123962,9.058865,48.515434,(UTC+01:00) Europe/Paris DST,2013-05-31T02:00:00+02:00,3,17,na,20,8.0,1.0,na
Eco Counter GmbH,Stadt Tübingen,667,Unterführung Steinlach/Karlstraße Südseite - Steinlachallee,100003359,Y2H17123962,9.058865,48.515434,(UTC+01:00) Europe/Paris DST,2013-05-31T03:00:00+02:00,0,6,na,6,7.0,1.5,na
Eco Counter GmbH,Stadt Tübingen,667,Unterführung Steinlach/Karlstraße Südseite - Steinlachallee,100003359,Y2H17123962,9.058865,48.515434,(UTC+01:00) Europe/Paris DST,2013-05-31T04:00:00+02:00,0,7,na,7,7.0,1.8,na
Eco Counter GmbH,Stadt Tübingen,667,Unterführung Steinlach/Karlstraße Südseite - Steinlachallee,100003359,Y2H17123962,9.058865,48.515434,(UTC+01:00) Europe/Paris DST,2013-05-31T05:00:00+02:00,10,5,na,15,7.0,2.1,na
Eco Counter GmbH,Stadt Tübingen,667,Unterführung Steinlach/Karlstraße Südseite - Steinlachallee,100003359,Y2H17123962,9.058865,48.515434,(UTC+01:00) Europe/Paris DST,2013-05-31T06:00:00+02:00,12,9,na,21,6.0,3.9,na
Eco Counter GmbH,Stadt Tübingen,667,Unterführung Steinlach/Karlstraße Südseite - Steinlachallee,100003359,Y2H17123962,9.058865,48.515434,(UTC+01:00) Europe/Paris DST,2013-05-31T07:00:00+02:00,58,23,na,81,6.0,3.7,na
Eco Counter GmbH,Stadt Tübingen,667,Unterführung Steinlach/Karlstraße Südseite - Steinlachallee,100003359,Y2H17123962,9.058865,48.515434,(UTC+01:00) Europe/Paris DST,2013-05-31T08:00:00+02:00,80,24,na,104,6.0,3.0,na
Eco Counter GmbH,Stadt Tübingen,667,Unterführung Steinlach/Karlstraße Südseite - Steinlachallee,100003359,Y2H17123962,9.058865,48.515434,(UTC+01:00) Europe/Paris DST,2013-05-31T09:00:00+02:00,66,38,na,104,7.0,3.1,na
Eco Counter GmbH,Stadt Tübingen,667,Unterführung Steinlach/Karlstraße Südseite - Steinlachallee,100003359,Y2H17123962,9.058865,48.515434,(UTC+01:00) Europe/Paris DST,2013-05-31T10:00:00+02:00,73,55,na,128,7.0,2.6,na
Eco Counter GmbH,Stadt Tübingen,667,Unterführung Steinlach/Karlstraße Südseite - Steinlachallee,100003359,Y2H17123962,9.058865,48.515434,(UTC+01:00) Europe/Paris DST,2013-05-31T11:00:00+02:00,69,45,na,114,8.0,4.4,na
Eco Counter GmbH,Stadt Tübingen,667,Unterführung Steinlach/Karlstraße Südseite - Steinlachallee,100003359,Y2H17123962,9.058865,48.515434,(UTC+01:00) Europe/Paris DST,2013-05-31T12:00:00+02:00,63,61,na,124,9.0,4.7,na
Eco Counter GmbH,Stadt Tübingen,667,Unterführung Steinlach/Karlstraße Südseite - Steinlachallee,100003359,Y2H17123962,9.058865,48.515434,(UTC+01:00) Europe/Paris DST,2013-05-31T13:00:00+02:00,50,68,na,118,9.0,2.7,na
Eco Counter GmbH,Stadt Tübingen,667,Unterführung Steinlach/Karlstraße Südseite - Steinlachallee,100003359,Y2H17123962,9.058865,48.515434,(UTC+01:00) Europe/Paris DST,2013-05-31T14:00:00+02:00,57,75,na,132,10.0,1.4,na
Eco Counter GmbH,Stadt Tübingen,667,Unterführung Steinlach/Karlstraße Südseite - Steinlachallee,100003359,Y2H17123962,9.058865,48.515434,(UTC+01:00) Europe/Paris DST,2013-05-31T15:00:00+02:00,51,73,na,124,11.0,2.5,na
Eco Counter GmbH,Stadt Tübingen,667,Unterführung Steinlach/Karlstraße Südseite - Steinlachallee,100003359,Y2H17123962,9.058865,48.515434,(UTC+01:00) Europe/Paris DST,2013-05-31T16:00:00+02:00,43,62,na,105,11.0,1.2,na
Eco Counter GmbH,Stadt Tübingen,667,Unterführung Steinlach/Karlstraße Südseite - Steinlachallee,100003359,Y2H17123962,9.058865,48.515434,(UTC+01:00) Europe/Paris DST,2013-05-31T17:00:00+02:00,74,86,na,160,12.0,0.6,na
Eco Counter GmbH,Stadt Tübingen,667,Unterführung Steinlach/Karlstraße Südseite - Steinlachallee,100003359,Y2H17123962,9.058865,48.515434,(UTC+01:00) Europe/Paris DST,2013-05-31T18:00:00+02:00,69,86,na,155,12.0,1.8,na
Eco Counter GmbH,Stadt Tübingen,667,Unterführung Steinlach/Karlstraße Südseite - Steinlachallee,100003359,Y2H17123962,9.058865,48.515434,(UTC+01:00) Europe/Paris DST,2013-05-31T19:00:00+02:00,54,55,na,109,12.0,1.1,na
Eco Counter GmbH,Stadt Tübingen,667,Unterführung Steinlach/Karlstraße Südseite - Steinlachallee,100003359,Y2H17123962,9.058865,48.515434,(UTC+01:00) Europe/Paris DST,2013-05-31T20:00:00+02:00,49,52,na,101,12.0,2.1,na
Eco Counter GmbH,Stadt Tübingen,667,Unterführung Steinlach/Karlstraße Südseite - Steinlachallee,100003359,Y2H17123962,9.058865,48.515434,(UTC+01:00) Europe/Paris DST,2013-05-31T21:00:00+02:00,28,20,na,48,12.0,4.1,na
Eco Counter GmbH,Stadt Tübingen,667,Unterführung Steinlach/Karlstraße Südseite - Steinlachallee,100003359,Y2H17123962,9.058865,48.515434,(UTC+01:00) Europe/Paris DST,2013-05-31T22:00:00+02:00,9,30,na,39,12.0,2.5,na
Eco Counter GmbH,Stadt Karlsruhe,752,Erbprinzenstraße,100004165,Y2H16070301,8.4027153,49.0072864,(UTC+01:00) Europe/Paris DST,2013-05-01T00:00:00+02:00,27,51,na,78,7.0,0.0,na
Eco Counter GmbH,Stadt Karlsruhe,752,Erbprinzenstraße,100004165,Y2H16070301,8.4027153,49.0072864,(UTC+01:00) Europe/Paris DST,2013-05-01T01:00:00+02:00,37,48,na,85,7.0,0.0,na
Eco Counter GmbH,Stadt Karlsruhe,752,Erbprinzenstraße,100004165,Y2H16070301,8.4027153,49.0072864,(UTC+01:00) Europe/Paris DST,2013-05-01T02:00:00+02:00,21,33,na,54,7.0,0.0,na
Eco Counter GmbH,Stadt Karlsruhe,752,Erbprinzenstraße,100004165,Y2H16070301,8.4027153,49.0072864,(UTC+01:00) Europe/Paris DST,2013-05-01T03:00:00+02:00,34,28,na,62,7.0,0.0,na
Eco Counter GmbH,Stadt Karlsruhe,752,Erbprinzenstraße,100004165,Y2H16070301,8.4027153,49.0072864,(UTC+01:00) Europe/Paris DST,2013-05-01T04:00:00+02:00,14,26,na,40,6.0,0.0,na
Eco Counter GmbH,Stadt Karlsruhe,752,Erbprinzenstraße,100004165,Y2H16070301,8.4027153,49.0072864,(UTC+01:00) Europe/Paris DST,2013-05-01T05:00:00+02:00,11,6,na,17,7.0,0.0,na
Eco Counter GmbH,Stadt Karlsruhe,752,Erbprinzenstraße,100004165,Y2H16070301,8.4027153,49.0072864,(UTC+01:00) Europe/Paris DST,2013-05-01T06:00:00+02:00,9,2,na,11,8.0,0.0,na
Eco Counter GmbH,Stadt Karlsruhe,752,Erbprinzenstraße,100004165,Y2H16070301,8.4027153,49.0072864,(UTC+01:00) Europe/Paris DST,2013-05-01T07:00:00+02:00,2,4,na,6,10.0,0.0,na
Eco Counter GmbH,Stadt Karlsruhe,752,Erbprinzenstraße,100004165,Y2H16070301,8.4027153,49.0072864,(UTC+01:00) Europe/Paris DST,2013-05-01T08:00:00+02:00,10,17,na,27,11.0,0.0,na
Eco Counter GmbH,Stadt Karlsruhe,752,Erbprinzenstraße,100004165,Y2H16070301,8.4027153,49.0072864,(UTC+01:00) Europe/Paris DST,2013-05-01T09:00:00+02:00,21,38,na,59,13.0,0.0,na
Eco Counter GmbH,Stadt Karlsruhe,752,Erbprinzenstraße,100004165,Y2H16070301,8.4027153,49.0072864,(UTC+01:00) Europe/Paris DST,2013-05-01T10:00:00+02:00,49,42,na,91,14.0,0.0,na
Eco Counter GmbH,Stadt Karlsruhe,752,Erbprinzenstraße,100004165,Y2H16070301,8.4027153,49.0072864,(UTC+01:00) Europe/Paris DST,2013-05-01T11:00:00+02:00,55,60,na,115,16.0,0.0,na
Eco Counter GmbH,Stadt Karlsruhe,752,Erbprinzenstraße,100004165,Y2H16070301,8.4027153,49.0072864,(UTC+01:00) Europe/Paris DST,2013-05-01T12:00:00+02:00,70,97,na,167,16.0,0.0,na
Eco Counter GmbH,Stadt Karlsruhe,752,Erbprinzenstraße,100004165,Y2H16070301,8.4027153,49.0072864,(UTC+01:00) Europe/Paris DST,2013-05-01T13:00:00+02:00,44,70,na,114,16.0,0.0,na
Eco Counter GmbH,Stadt Karlsruhe,752,Erbprinzenstraße,100004165,Y2H16070301,8.4027153,49.0072864,(UTC+01:00) Europe/Paris DST,2013-05-01T14:00:00+02:00,67,115,na,182,17.0,0.0,na
Eco Counter GmbH,Stadt Karlsruhe,752,Erbprinzenstraße,100004165,Y2H16070301,8.4027153,49.0072864,(UTC+01:00) Europe/Paris DST,2013-05-01T15:00:00+02:00,54,101,na,155,17.0,0.0,na
Eco Counter GmbH,Stadt Karlsruhe,752,Erbprinzenstraße,100004165,Y2H16070301,8.4027153,49.0072864,(UTC+01:00) Europe/Paris DST,2013-05-01T16:00:00+02:00,78,104,na,182,17.0,0.0,na
Eco Counter GmbH,Stadt Karlsruhe,752,Erbprinzenstraße,100004165,Y2H16070301,8.4027153,49.0072864,(UTC+01:00) Europe/Paris DST,2013-05-01T17:00:00+02:00,87,102,na,189,16.0,0.0,na
Eco Counter GmbH,Stadt Karlsruhe,752,Erbprinzenstraße,100004165,Y2H16070301,8.4027153,49.0072864,(UTC+01:00) Europe/Paris DST,2013-05-01T18:00:00+02:00,79,87,na,166,15.0,0.0,na
Eco Counter GmbH,Stadt Karlsruhe,752,Erbprinzenstraße,100004165,Y2H16070301,8.4027153,49.0072864,(UTC+01:00) Europe/Paris DST,2013-05-01T19:00:00+02:00,87,74,na,161,14.0,0.0,na
Eco Counter GmbH,Stadt Karlsruhe,752,Erbprinzenstraße,100004165,Y2H16070301,8.4027153,49.0072864,(UTC+01:00) Europe/Paris DST,2013-05-01T20:00:00+02:00,56,89,na,145,13.0,0.0,na
Eco Counter GmbH,Stadt Karlsruhe,752,Erbprinzenstraße,100004165,Y2H16070301,8.4027153,49.0072864,(UTC+01:00) Europe/Paris DST,2013-05-01T21:00:00+02:00,31,45,na,76,12.0,0.0,na
Eco Counter GmbH,Stadt Karlsruhe,752,Erbprinzenstraße,100004165,Y2H16070301,8.4027153,49.0072864,(UTC+01:00) Europe/Paris DST,2013-05-01T22:00:00+02:00,37,54,na,91,11.0,0.0,na
Eco Counter GmbH,Stadt Karlsruhe,752,Erbprinzenstraße,100004165,Y2H16070301,8.4027153,49.0072864,(UTC+01:00) Europe/Paris DST,2013-05-01T23:00:00+02:00,64,71,na,135,10.0,0.0,na
Eco Counter GmbH,Stadt Karlsruhe,752,Erbprinzenstraße,100004165,Y2H16070301,8.4027153,49.0072864,(UTC+01:00) Europe/Paris DST,2013-05-02T00:00:00+02:00,21,17,na,38,10.0,0.0,na
Eco Counter GmbH,Stadt Karlsruhe,752,Erbprinzenstraße,100004165,Y2H16070301,8.4027153,49.0072864,(UTC+01:00) Europe/Paris DST,2013-05-02T01:00:00+02:00,9,15,na,24,9.0,0.0,na
Eco Counter GmbH,Stadt Karlsruhe,752,Erbprinzenstraße,100004165,Y2H16070301,8.4027153,49.0072864,(UTC+01:00) Europe/Paris DST,2013-05-02T02:00:00+02:00,5,2,na,7,9.0,0.0,na
Eco Counter GmbH,Stadt Karlsruhe,752,Erbprinzenstraße,100004165,Y2H16070301,8.4027153,49.0072864,(UTC+01:00) Europe/Paris DST,2013-05-02T03:00:00+02:00,2,3,na,5,9.0,0.0,na
Eco Counter GmbH,Stadt Karlsruhe,752,Erbprinzenstraße,100004165,Y2H16070301,8.4027153,49.0072864,(UTC+01:00) Europe/Paris DST,2013-05-02T04:00:00+02:00,8,16,na,24,10.0,0.0,na
Eco Counter GmbH,Stadt Karlsruhe,752,Erbprinzenstraße,100004165,Y2H16070301,8.4027153,49.0072864,(UTC+01:00) Europe/Paris DST,2013-05-02T05:00:00+02:00,9,15,na,24,10.0,0.0,na
Eco Counter GmbH,Stadt Karlsruhe,752,Erbprinzenstraße,100004165,Y2H16070301,8.4027153,49.0072864,(UTC+01:00) Europe/Paris DST,2013-05-02T06:00:00+02:00,30,25,na,55,11.0,0.0,na
Eco Counter GmbH,Stadt Karlsruhe,752,Erbprinzenstraße,100004165,Y2H16070301,8.4027153,49.0072864,(UTC+01:00) Europe/Paris DST,2013-05-02T07:00:00+02:00,98,154,na,252,13.0,0.0,na
Eco Counter GmbH,Stadt Karlsruhe,752,Erbprinzenstraße,100004165,Y2H16070301,8.4027153,49.0072864,(UTC+01:00) Europe/Paris DST,2013-05-02T08:00:00+02:00,177,226,na,403,15.0,0.0,na
Eco Counter GmbH,Stadt Karlsruhe,752,Erbprinzenstraße,100004165,Y2H16070301,8.4027153,49.0072864,(UTC+01:00) Europe/Paris DST,2013-05-02T09:00:00+02:00,166,220,na,386,16.0,0.0,na
Eco Counter GmbH,Stadt Karlsruhe,752,Erbprinzenstraße,100004165,Y2H16070301,8.4027153,49.0072864,(UTC+01:00) Europe/Paris DST,2013-05-02T10:00:00+02:00,157,179,na,336,17.0,0.0,na
Eco Counter GmbH,Stadt Karlsruhe,752,Erbprinzenstraße,100004165,Y2H16070301,8.4027153,49.0072864,(UTC+01:00) Europe/Paris DST,2013-05-02T11:00:00+02:00,177,222,na,399,18.0,0.0,na
Eco Counter GmbH,Stadt Karlsruhe,752,Erbprinzenstraße,100004165,Y2H16070301,8.4027153,49.0072864,(UTC+01:00) Europe/Paris DST,2013-05-02T12:00:00+02:00,206,241,na,447,19.0,0.0,na
Eco Counter GmbH,Stadt Karlsruhe,752,Erbprinzenstraße,100004165,Y2H16070301,8.4027153,49.0072864,(UTC+01:00) Europe/Paris DST,2013-05-02T13:00:00+02:00,208,241,na,449,19.0,0.0,na
Eco Counter GmbH,Stadt Karlsruhe,752,Erbprinzenstraße,100004165,Y2H16070301,8.4027153,49.0072864,(UTC+01:00) Europe/Paris DST,2013-05-02T14:00:00+02:00,169,248,na,417,19.0,0.0,na
Eco Counter GmbH,Stadt Karlsruhe,752,Erbprinzenstraße,100004165,Y2H16070301,8.4027153,49.0072864,(UTC+01:00) Europe/Paris DST,2013-05-02T15:00:00+02:00,259,265,na,524,18.0,0.0,na
Eco Counter GmbH,Stadt Karlsruhe,752,Erbprinzenstraße,100004165,Y2H16070301,8.4027153,49.0072864,(UTC+01:00) Europe/Paris DST,2013-05-02T16:00:00+02:00,245,272,na,517,18.0,0.0,na
Eco Counter GmbH,Stadt Karlsruhe,752,Erbprinzenstraße,100004165,Y2H16070301,8.4027153,49.0072864,(UTC+01:00) Europe/Paris DST,2013-05-02T17:00:00+02:00,312,377,na,689,17.0,0.0,na
Eco Counter GmbH,Stadt Karlsruhe,752,Erbprinzenstraße,100004165,Y2H16070301,8.4027153,49.0072864,(UTC+01:00) Europe/Paris DST,2013-05-02T18:00:00+02:00,250,310,na,560,17.0,0.0,na
Eco Counter GmbH,Stadt Karlsruhe,752,Erbprinzenstraße,100004165,Y2H16070301,8.4027153,49.0072864,(UTC+01:00) Europe/Paris DST,2013-05-02T19:00:00+02:00,185,291,na,476,16.0,0.0,na
Eco Counter GmbH,Stadt Karlsruhe,752,Erbprinzenstraße,100004165,Y2H16070301,8.4027153,49.0072864,(UTC+01:00) Europe/Paris DST,2013-05-02T20:00:00+02:00,104,183,na,287,14.0,0.0,na
Eco Counter GmbH,Stadt Karlsruhe,752,Erbprinzenstraße,100004165,Y2H16070301,8.4027153,49.0072864,(UTC+01:00) Europe/Paris DST,2013-05-02T21:00:00+02:00,78,153,na,231,14.0,0.0,na
Eco Counter GmbH,Stadt Karlsruhe,752,Erbprinzenstraße,100004165,Y2H16070301,8.4027153,49.0072864,(UTC+01:00) Europe/Paris DST,2013-05-02T22:00:00+02:00,83,67,na,150,13.0,0.0,na
Eco Counter GmbH,Stadt Karlsruhe,752,Erbprinzenstraße,100004165,Y2H16070301,8.4027153,49.0072864,(UTC+01:00) Europe/Paris DST,2013-05-02T23:00:00+02:00,39,63,na,102,12.0,0.0,na
Eco Counter GmbH,Stadt Karlsruhe,752,Erbprinzenstraße,100004165,Y2H16070301,8.4027153,49.0072864,(UTC+01:00) Europe/Paris DST,2013-05-03T00:00:00+02:00,17,14,na,31,12.0,0.0,na
Eco Counter GmbH,Stadt Karlsruhe,752,Erbprinzenstraße,100004165,Y2H16070301,8.4027153,49.0072864,(UTC+01:00) Europe/Paris DST,2013-05-03T01:00:00+02:00,6,8,na,14,11.0,0.0,na
Eco Counter GmbH,Stadt Karlsruhe,752,Erbprinzenstraße,100004165,Y2H16070301,8.4027153,49.0072864,(UTC+01:00) Europe/Paris DST,2013-05-03T02:00:00+02:00,3,8,na,11,11.0,0.0,na
Eco Counter GmbH,Stadt Karlsruhe,752,Erbprinzenstraße,100004165,Y2H16070301,8.4027153,49.0072864,(UTC+01:00) Europe/Paris DST,2013-05-03T03:00:00+02:00,3,7,na,10,10.0,0.0,na
Eco Counter GmbH,Stadt Karlsruhe,752,Erbprinzenstraße,100004165,Y2H16070301,8.4027153,49.0072864,(UTC+01:00) Europe/Paris DST,2013-05-03T04:00:00+02:00,2,19,na,21,10.0,0.0,na
Eco Counter GmbH,Stadt Karlsruhe,752,Erbprinzenstraße,100004165,Y2H16070301,8.4027153,49.0072864,(UTC+01:00) Europe/Paris DST,2013-05-03T05:00:00+02:00,8,19,na,27,10.0,0.0,na
Eco Counter GmbH,Stadt Karlsruhe,752,Erbprinzenstraße,100004165,Y2H16070301,8.4027153,49.0072864,(UTC+01:00) Europe/Paris DST,2013-05-03T06:00:00+02:00,24,38,na,62,11.0,0.0,na
Eco Counter GmbH,Stadt Karlsruhe,752,Erbprinzenstraße,100004165,Y2H16070301,8.4027153,49.0072864,(UTC+01:00) Europe/Paris DST,2013-05-03T07:00:00+02:00,66,192,na,258,12.0,0.0,na
Eco Counter GmbH,Stadt Karlsruhe,752,Erbprinzenstraße,100004165,Y2H16070301,8.4027153,49.0072864,(UTC+01:00) Europe/Paris DST,2013-05-03T08:00:00+02:00,164,223,na,387,13.0,0.0,na
Eco Counter GmbH,Stadt Karlsruhe,752,Erbprinzenstraße,100004165,Y2H16070301,8.4027153,49.0072864,(UTC+01:00) Europe/Paris DST,2013-05-03T09:00:00+02:00,176,236,na,412,14.0,0.0,na
Eco Counter GmbH,Stadt Karlsruhe,752,Erbprinzenstraße,100004165,Y2H16070301,8.4027153,49.0072864,(UTC+01:00) Europe/Paris DST,2013-05-03T10:00:00+02:00,135,166,na,301,14.0,0.0,na
Eco Counter GmbH,Stadt Karlsruhe,752,Erbprinzenstraße,100004165,Y2H16070301,8.4027153,49.0072864,(UTC+01:00) Europe/Paris DST,2013-05-03T11:00:00+02:00,171,234,na,405,15.0,0.0,na
Eco Counter GmbH,Stadt Karlsruhe,752,Erbprinzenstraße,100004165,Y2H16070301,8.4027153,49.0072864,(UTC+01:00) Europe/Paris DST,2013-05-03T12:00:00+02:00,173,245,na,418,16.0,0.0,na
Eco Counter GmbH,Stadt Karlsruhe,752,Erbprinzenstraße,100004165,Y2H16070301,8.4027153,49.0072864,(UTC+01:00) Europe/Paris DST,2013-05-03T13:00:00+02:00,204,251,na,455,16.0,0.0,na
Eco Counter GmbH,Stadt Karlsruhe,752,Erbprinzenstraße,100004165,Y2H16070301,8.4027153,49.0072864,(UTC+01:00) Europe/Paris DST,2013-05-03T14:00:00+02:00,173,189,na,362,17.0,0.0,na
Eco Counter GmbH,Stadt Karlsruhe,752,Erbprinzenstraße,100004165,Y2H16070301,8.4027153,49.0072864,(UTC+01:00) Europe/Paris DST,2013-05-03T15:00:00+02:00,215,212,na,427,16.0,0.0,na
Eco Counter GmbH,Stadt Karlsruhe,752,Erbprinzenstraße,100004165,Y2H16070301,8.4027153,49.0072864,(UTC+01:00) Europe/Paris DST,2013-05-03T16:00:00+02:00,182,216,na,398,16.0,0.0,na
Eco Counter GmbH,Stadt Karlsruhe,752,Erbprinzenstraße,100004165,Y2H16070301,8.4027153,49.0072864,(UTC+01:00) Europe/Paris DST,2013-05-03T17:00:00+02:00,185,210,na,395,15.0,0.1,na
Eco Counter GmbH,Stadt Karlsruhe,752,Erbprinzenstraße,100004165,Y2H16070301,8.4027153,49.0072864,(UTC+01:00) Europe/Paris DST,2013-05-03T18:00:00+02:00,163,242,na,405,14.0,0.0,na
Eco Counter GmbH,Stadt Karlsruhe,752,Erbprinzenstraße,100004165,Y2H16070301,8.4027153,49.0072864,(UTC+01:00) Europe/Paris DST,2013-05-03T19:00:00+02:00,81,163,na,244,13.0,0.0,na
Eco Counter GmbH,Stadt Karlsruhe,752,Erbprinzenstraße,100004165,Y2H16070301,8.4027153,49.0072864,(UTC+01:00) Europe/Paris DST,2013-05-03T20:00:00+02:00,36,80,na,116,12.0,0.7,na
Eco Counter GmbH,Stadt Karlsruhe,752,Erbprinzenstraße,100004165,Y2H16070301,8.4027153,49.0072864,(UTC+01:00) Europe/Paris DST,2013-05-03T21:00:00+02:00,18,35,na,53,12.0,1.8,na
Eco Counter GmbH,Stadt Karlsruhe,752,Erbprinzenstraße,100004165,Y2H16070301,8.4027153,49.0072864,(UTC+01:00) Europe/Paris DST,2013-05-03T22:00:00+02:00,20,37,na,57,12.0,2.2,na
Eco Counter GmbH,Stadt Karlsruhe,752,Erbprinzenstraße,100004165,Y2H16070301,8.4027153,49.0072864,(UTC+01:00) Europe/Paris DST,2013-05-03T23:00:00+02:00,16,16,na,32,11.0,2.6,na
Eco Counter GmbH,Stadt Karlsruhe,752,Erbprinzenstraße,100004165,Y2H16070301,8.4027153,49.0072864,(UTC+01:00) Europe/Paris DST,2013-05-04T00:00:00+02:00,19,23,na,42,11.0,3.6,na
Eco Counter GmbH,Stadt Karlsruhe,752,Erbprinzenstraße,100004165,Y2H16070301,8.4027153,49.0072864,(UTC+01:00) Europe/Paris DST,2013-05-04T01:00:00+02:00,1,6,na,7,11.0,1.7,na
Eco Counter GmbH,Stadt Karlsruhe,752,Erbprinzenstraße,100004165,Y2H16070301,8.4027153,49.0072864,(UTC+01:00) Europe/Paris DST,2013-05-04T02:00:00+02:00,2,12,na,14,10.0,1.4,na
Eco Counter GmbH,Stadt Karlsruhe,752,Erbprinzenstraße,100004165,Y2H16070301,8.4027153,49.0072864,(UTC+01:00) Europe/Paris DST,2013-05-04T03:00:00+02:00,8,4,na,12,10.0,0.8,na
Eco Counter GmbH,Stadt Karlsruhe,752,Erbprinzenstraße,100004165,Y2H16070301,8.4027153,49.0072864,(UTC+01:00) Europe/Paris DST,2013-05-04T04:00:00+02:00,10,8,na,18,11.0,0.2,na
Eco Counter GmbH,Stadt Karlsruhe,752,Erbprinzenstraße,100004165,Y2H16070301,8.4027153,49.0072864,(UTC+01:00) Europe/Paris DST,2013-05-04T05:00:00+02:00,11,11,na,22,11.0,0.2,na
Eco Counter GmbH,Stadt Karlsruhe,752,Erbprinzenstraße,100004165,Y2H16070301,8.4027153,49.0072864,(UTC+01:00) Europe/Paris DST,2013-05-04T06:00:00+02:00,13,13,na,26,11.0,1.3,na
Eco Counter GmbH,Stadt Karlsruhe,752,Erbprinzenstraße,100004165,Y2H16070301,8.4027153,49.0072864,(UTC+01:00) Europe/Paris DST,2013-05-04T07:00:00+02:00,9,9,na,18,11.0,0.4,na
Eco Counter GmbH,Stadt Karlsruhe,752,Erbprinzenstraße,100004165,Y2H16070301,8.4027153,49.0072864,(UTC+01:00) Europe/Paris DST,2013-05-04T08:00:00+02:00,20,12,na,32,12.0,0.2,na
Eco Counter GmbH,Stadt Karlsruhe,752,Erbprinzenstraße,100004165,Y2H16070301,8.4027153,49.0072864,(UTC+01:00) Europe/Paris DST,2013-05-04T09:00:00+02:00,33,33,na,66,12.0,0.2,na
Eco Counter GmbH,Stadt Karlsruhe,752,Erbprinzenstraße,100004165,Y2H16070301,8.4027153,49.0072864,(UTC+01:00) Europe/Paris DST,2013-05-04T10:00:00+02:00,42,36,na,78,13.0,0.2,na
Eco Counter GmbH,Stadt Karlsruhe,752,Erbprinzenstraße,100004165,Y2H16070301,8.4027153,49.0072864,(UTC+01:00) Europe/Paris DST,2013-05-04T11:00:00+02:00,51,57,na,108,14.0,0.3,na
Eco Counter GmbH,Stadt Karlsruhe,752,Erbprinzenstraße,100004165,Y2H16070301,8.4027153,49.0072864,(UTC+01:00) Europe/Paris DST,2013-05-04T12:00:00+02:00,61,71,na,132,14.0,0.3,na
Eco Counter GmbH,Stadt Karlsruhe,752,Erbprinzenstraße,100004165,Y2H16070301,8.4027153,49.0072864,(UTC+01:00) Europe/Paris DST,2013-05-04T13:00:00+02:00,64,91,na,155,15.0,0.2,na
Eco Counter GmbH,Stadt Karlsruhe,752,Erbprinzenstraße,100004165,Y2H16070301,8.4027153,49.0072864,(UTC+01:00) Europe/Paris DST,2013-05-04T14:00:00+02:00,68,126,na,194,15.0,0.0,na
Eco Counter GmbH,Stadt Karlsruhe,752,Erbprinzenstraße,100004165,Y2H16070301,8.4027153,49.0072864,(UTC+01:00) Europe/Paris DST,2013-05-04T15:00:00+02:00,96,118,na,214,15.0,0.0,na
Eco Counter GmbH,Stadt Karlsruhe,752,Erbprinzenstraße,100004165,Y2H16070301,8.4027153,49.0072864,(UTC+01:00) Europe/Paris DST,2013-05-04T16:00:00+02:00,95,129,na,224,15.0,0.0,na
Eco Counter GmbH,Stadt Karlsruhe,752,Erbprinzenstraße,100004165,Y2H16070301,8.4027153,49.0072864,(UTC+01:00) Europe/Paris DST,2013-05-04T17:00:00+02:00,97,135,na,232,15.0,0.0,na
Eco Counter GmbH,Stadt Karlsruhe,752,Erbprinzenstraße,100004165,Y2H16070301,8.4027153,49.0072864,(UTC+01:00) Europe/Paris DST,2013-05-04T18:00:00+02:00,84,152,na,236,14.0,0.2,na
Eco Counter GmbH,Stadt Karlsruhe,752,Erbprinzenstraße,100004165,Y2H16070301,8.4027153,49.0072864,(UTC+01:00) Europe/Paris DST,2013-05-04T19:00:00+02:00,55,145,na,200,13.0,0.1,na
Eco Counter GmbH,Stadt Karlsruhe,752,Erbprinzenstraße,100004165,Y2H16070301,8.4027153,49.0072864,(UTC+01:00) Europe/Paris DST,2013-05-04T20:00:00+02:00,82,131,na,213,12.0,0.0,na
Eco Counter GmbH,Stadt Karlsruhe,752,Erbprinzenstraße,100004165,Y2H16070301,8.4027153,49.0072864,(UTC+01:00) Europe/Paris DST,2013-05-04T21:00:00+02:00,39,69,na,108,12.0,0.0,na
Eco Counter GmbH,Stadt Karlsruhe,752,Erbprinzenstraße,100004165,Y2H16070301,8.4027153,49.0072864,(UTC+01:00) Europe/Paris DST,2013-05-04T22:00:00+02:00,38,63,na,101,11.0,0.0,na
Eco Counter GmbH,Stadt Karlsruhe,752,Erbprinzenstraße,100004165,Y2H16070301,8.4027153,49.0072864,(UTC+01:00) Europe/Paris DST,2013-05-04T23:00:00+02:00,38,70,na,108,10.0,0.0,na
Eco Counter GmbH,Stadt Karlsruhe,752,Erbprinzenstraße,100004165,Y2H16070301,8.4027153,49.0072864,(UTC+01:00) Europe/Paris DST,2013-05-05T00:00:00+02:00,30,36,na,66,10.0,0.0,na
Eco Counter GmbH,Stadt Karlsruhe,752,Erbprinzenstraße,100004165,Y2H16070301,8.4027153,49.0072864,(UTC+01:00) Europe/Paris DST,2013-05-05T01:00:00+02:00,21,33,na,54,9.0,0.0,na
Eco Counter GmbH,Stadt Karlsruhe,752,Erbprinzenstraße,100004165,Y2H16070301,8.4027153,49.0072864,(UTC+01:00) Europe/Paris DST,2013-05-05T02:00:00+02:00,21,19,na,40,9.0,0.0,na
Eco Counter GmbH,Stadt Karlsruhe,752,Erbprinzenstraße,100004165,Y2H16070301,8.4027153,49.0072864,(UTC+01:00) Europe/Paris DST,2013-05-05T03:00:00+02:00,9,10,na,19,8.0,0.0,na
Eco Counter GmbH,Stadt Karlsruhe,752,Erbprinzenstraße,100004165,Y2H16070301,8.4027153,49.0072864,(UTC+01:00) Europe/Paris DST,2013-05-05T04:00:00+02:00,6,9,na,15,9.0,0.0,na
Eco Counter GmbH,Stadt Karlsruhe,752,Erbprinzenstraße,100004165,Y2H16070301,8.4027153,49.0072864,(UTC+01:00) Europe/Paris DST,2013-05-05T05:00:00+02:00,5,8,na,13,9.0,0.0,na
Eco Counter GmbH,Stadt Karlsruhe,752,Erbprinzenstraße,100004165,Y2H16070301,8.4027153,49.0072864,(UTC+01:00) Europe/Paris DST,2013-05-05T06:00:00+02:00,7,11,na,18,11.0,0.0,na
Eco Counter GmbH,Stadt Karlsruhe,752,Erbprinzenstraße,100004165,Y2H16070301,8.4027153,49.0072864,(UTC+01:00) Europe/Paris DST,2013-05-05T07:00:00+02:00,5,6,na,11,12.0,0.0,na
Eco Counter GmbH,Stadt Karlsruhe,752,Erbprinzenstraße,100004165,Y2H16070301,8.4027153,49.0072864,(UTC+01:00) Europe/Paris DST,2013-05-05T08:00:00+02:00,16,14,na,30,14.0,0.0,na
Eco Counter GmbH,Stadt Karlsruhe,752,Erbprinzenstraße,100004165,Y2H16070301,8.4027153,49.0072864,(UTC+01:00) Europe/Paris DST,2013-05-05T09:00:00+02:00,49,27,na,76,16.0,0.0,na
Eco Counter GmbH,Stadt Karlsruhe,752,Erbprinzenstraße,100004165,Y2H16070301,8.4027153,49.0072864,(UTC+01:00) Europe/Paris DST,2013-05-05T10:00:00+02:00,56,49,na,105,17.0,0.0,na
Eco Counter GmbH,Stadt Karlsruhe,752,Erbprinzenstraße,100004165,Y2H16070301,8.4027153,49.0072864,(UTC+01:00) Europe/Paris DST,2013-05-05T11:00:00+02:00,68,68,na,136,19.0,0.0,na
Eco Counter GmbH,Stadt Karlsruhe,752,Erbprinzenstraße,100004165,Y2H16070301,8.4027153,49.0072864,(UTC+01:00) Europe/Paris DST,2013-05-05T12:00:00+02:00,66,93,na,159,19.0,0.0,na
Eco Counter GmbH,Stadt Karlsruhe,752,Erbprinzenstraße,100004165,Y2H16070301,8.4027153,49.0072864,(UTC+01:00) Europe/Paris DST,2013-05-05T13:00:00+02:00,82,100,na,182,20.0,0.0,na
Eco Counter GmbH,Stadt Karlsruhe,752,Erbprinzenstraße,100004165,Y2H16070301,8.4027153,49.0072864,(UTC+01:00) Europe/Paris DST,2013-05-05T14:00:00+02:00,75,106,na,181,20.0,0.0,na
Eco Counter GmbH,Stadt Karlsruhe,752,Erbprinzenstraße,100004165,Y2H16070301,8.4027153,49.0072864,(UTC+01:00) Europe/Paris DST,2013-05-05T15:00:00+02:00,79,105,na,184,20.0,0.0,na
Eco Counter GmbH,Stadt Karlsruhe,752,Erbprinzenstraße,100004165,Y2H16070301,8.4027153,49.0072864,(UTC+01:00) Europe/Paris DST,2013-05-05T16:00:00+02:00,75,115,na,190,19.0,0.0,na
Eco Counter GmbH,Stadt Karlsruhe,752,Erbprinzenstraße,100004165,Y2H16070301,8.4027153,49.0072864,(UTC+01:00) Europe/Paris DST,2013-05-05T17:00:00+02:00,78,146,na,224,18.0,0.0,na
Eco Counter GmbH,Stadt Karlsruhe,752,Erbprinzenstraße,100004165,Y2H16070301,8.4027153,49.0072864,(UTC+01:00) Europe/Paris DST,2013-05-05T18:00:00+02:00,87,86,na,173,17.0,0.0,na
Eco Counter GmbH,Stadt Karlsruhe,752,Erbprinzenstraße,100004165,Y2H16070301,8.4027153,49.0072864,(UTC+01:00) Europe/Paris DST,2013-05-05T19:00:00+02:00,64,104,na,168,16.0,0.0,na
Eco Counter GmbH,Stadt Karlsruhe,752,Erbprinzenstraße,100004165,Y2H16070301,8.4027153,49.0072864,(UTC+01:00) Europe/Paris DST,2013-05-05T20:00:00+02:00,52,85,na,137,15.0,0.0,na
Eco Counter GmbH,Stadt Karlsruhe,752,Erbprinzenstraße,100004165,Y2H16070301,8.4027153,49.0072864,(UTC+01:00) Europe/Paris DST,2013-05-05T21:00:00+02:00,43,49,na,92,14.0,0.0,na
Eco Counter GmbH,Stadt Karlsruhe,752,Erbprinzenstraße,100004165,Y2H16070301,8.4027153,49.0072864,(UTC+01:00) Europe/Paris DST,2013-05-05T22:00:00+02:00,44,53,na,97,13.0,0.0,na
Eco Counter GmbH,Stadt Karlsruhe,752,Erbprinzenstraße,100004165,Y2H16070301,8.4027153,49.0072864,(UTC+01:00) Europe/Paris DST,2013-05-05T23:00:00+02:00,26,31,na,57,12.0,0.0,na
Eco Counter GmbH,Stadt Karlsruhe,752,Erbprinzenstraße,100004165,Y2H16070301,8.4027153,49.0072864,(UTC+01:00) Europe/Paris DST,2013-05-06T00:00:00+02:00,7,10,na,17,11.0,0.0,na
Eco Counter GmbH,Stadt Karlsruhe,752,Erbprinzenstraße,100004165,Y2H16070301,8.4027153,49.0072864,(UTC+01:00) Europe/Paris DST,2013-05-06T01:00:00+02:00,6,5,na,11,10.0,0.0,na
Eco Counter GmbH,Stadt Karlsruhe,752,Erbprinzenstraße,100004165,Y2H16070301,8.4027153,49.0072864,(UTC+01:00) Europe/Paris DST,2013-05-06T02:00:00+02:00,1,0,na,1,9.0,0.0,na
Eco Counter GmbH,Stadt Karlsruhe,752,Erbprinzenstraße,100004165,Y2H16070301,8.4027153,49.0072864,(UTC+01:00) Europe/Paris DST,2013-05-06T03:00:00+02:00,1,1,na,2,10.0,0.0,na
Eco Counter GmbH,Stadt Karlsruhe,752,Erbprinzenstraße,100004165,Y2H16070301,8.4027153,49.0072864,(UTC+01:00) Europe/Paris DST,2013-05-06T04:00:00+02:00,1,2,na,3,10.0,0.0,na
Eco Counter GmbH,Stadt Karlsruhe,752,Erbprinzenstraße,100004165,Y2H16070301,8.4027153,49.0072864,(UTC+01:00) Europe/Paris DST,2013-05-06T05:00:00+02:00,12,28,na,40,10.0,0.0,na
Eco Counter GmbH,Stadt Karlsruhe,752,Erbprinzenstraße,100004165,Y2H16070301,8.4027153,49.0072864,(UTC+01:00) Europe/Paris DST,2013-05-06T06:00:00+02:00,28,42,na,70,12.0,0.0,na
Eco Counter GmbH,Stadt Karlsruhe,752,Erbprinzenstraße,100004165,Y2H16070301,8.4027153,49.0072864,(UTC+01:00) Europe/Paris DST,2013-05-06T07:00:00+02:00,105,183,na,288,14.0,0.0,na
Eco Counter GmbH,Stadt Karlsruhe,752,Erbprinzenstraße,100004165,Y2H16070301,8.4027153,49.0072864,(UTC+01:00) Europe/Paris DST,2013-05-06T08:00:00+02:00,187,295,na,482,16.0,0.0,na
Eco Counter GmbH,Stadt Karlsruhe,752,Erbprinzenstraße,100004165,Y2H16070301,8.4027153,49.0072864,(UTC+01:00) Europe/Paris DST,2013-05-06T09:00:00+02:00,166,264,na,430,17.0,0.0,na
Eco Counter GmbH,Stadt Karlsruhe,752,Erbprinzenstraße,100004165,Y2H16070301,8.4027153,49.0072864,(UTC+01:00) Europe/Paris DST,2013-05-06T10:00:00+02:00,152,198,na,350,19.0,0.0,na
Eco Counter GmbH,Stadt Karlsruhe,752,Erbprinzenstraße,100004165,Y2H16070301,8.4027153,49.0072864,(UTC+01:00) Europe/Paris DST,2013-05-06T11:00:00+02:00,138,217,na,355,20.0,0.0,na
Eco Counter GmbH,Stadt Karlsruhe,752,Erbprinzenstraße,100004165,Y2H16070301,8.4027153,49.0072864,(UTC+01:00) Europe/Paris DST,2013-05-06T12:00:00+02:00,181,216,na,397,21.0,0.1,na
Eco Counter GmbH,Stadt Karlsruhe,752,Erbprinzenstraße,100004165,Y2H16070301,8.4027153,49.0072864,(UTC+01:00) Europe/Paris DST,2013-05-06T13:00:00+02:00,233,243,na,476,21.0,0.0,na
Eco Counter GmbH,Stadt Karlsruhe,752,Erbprinzenstraße,100004165,Y2H16070301,8.4027153,49.0072864,(UTC+01:00) Europe/Paris DST,2013-05-06T14:00:00+02:00,179,228,na,407,22.0,0.0,na
Eco Counter GmbH,Stadt Karlsruhe,752,Erbprinzenstraße,100004165,Y2H16070301,8.4027153,49.0072864,(UTC+01:00) Europe/Paris DST,2013-05-06T15:00:00+02:00,231,255,na,486,21.0,0.0,na
Eco Counter GmbH,Stadt Karlsruhe,752,Erbprinzenstraße,100004165,Y2H16070301,8.4027153,49.0072864,(UTC+01:00) Europe/Paris DST,2013-05-06T16:00:00+02:00,235,245,na,480,20.0,0.0,na
Eco Counter GmbH,Stadt Karlsruhe,752,Erbprinzenstraße,100004165,Y2H16070301,8.4027153,49.0072864,(UTC+01:00) Europe/Paris DST,2013-05-06T17:00:00+02:00,305,343,na,648,19.0,0.0,na
Eco Counter GmbH,Stadt Karlsruhe,752,Erbprinzenstraße,100004165,Y2H16070301,8.4027153,49.0072864,(UTC+01:00) Europe/Paris DST,2013-05-06T18:00:00+02:00,250,356,na,606,18.0,0.0,na
Eco Counter GmbH,Stadt Karlsruhe,752,Erbprinzenstraße,100004165,Y2H16070301,8.4027153,49.0072864,(UTC+01:00) Europe/Paris DST,2013-05-06T19:00:00+02:00,181,253,na,434,17.0,0.0,na
Eco Counter GmbH,Stadt Karlsruhe,752,Erbprinzenstraße,100004165,Y2H16070301,8.4027153,49.0072864,(UTC+01:00) Europe/Paris DST,2013-05-06T20:00:00+02:00,127,168,na,295,15.0,0.1,na
Eco Counter GmbH,Stadt Karlsruhe,752,Erbprinzenstraße,100004165,Y2H16070301,8.4027153,49.0072864,(UTC+01:00) Europe/Paris DST,2013-05-06T21:00:00+02:00,71,111,na,182,14.0,0.1,na
Eco Counter GmbH,Stadt Karlsruhe,752,Erbprinzenstraße,100004165,Y2H16070301,8.4027153,49.0072864,(UTC+01:00) Europe/Paris DST,2013-05-06T22:00:00+02:00,61,67,na,128,14.0,0.1,na
Eco Counter GmbH,Stadt Karlsruhe,752,Erbprinzenstraße,100004165,Y2H16070301,8.4027153,49.0072864,(UTC+01:00) Europe/Paris DST,2013-05-06T23:00:00+02:00,26,44,na,70,13.0,0.0,na
Eco Counter GmbH,Stadt Karlsruhe,752,Erbprinzenstraße,100004165,Y2H16070301,8.4027153,49.0072864,(UTC+01:00) Europe/Paris DST,2013-05-07T00:00:00+02:00,17,28,na,45,12.0,0.0,na
Eco Counter GmbH,Stadt Karlsruhe,752,Erbprinzenstraße,100004165,Y2H16070301,8.4027153,49.0072864,(UTC+01:00) Europe/Paris DST,2013-05-07T01:00:00+02:00,9,12,na,21,12.0,0.0,na
Eco Counter GmbH,Stadt Karlsruhe,752,Erbprinzenstraße,100004165,Y2H16070301,8.4027153,49.0072864,(UTC+01:00) Europe/Paris DST,2013-05-07T02:00:00+02:00,4,3,na,7,12.0,0.0,na
Eco Counter GmbH,Stadt Karlsruhe,752,Erbprinzenstraße,100004165,Y2H16070301,8.4027153,49.0072864,(UTC+01:00) Europe/Paris DST,2013-05-07T03:00:00+02:00,4,6,na,10,12.0,0.0,na
Eco Counter GmbH,Stadt Karlsruhe,752,Erbprinzenstraße,100004165,Y2H16070301,8.4027153,49.0072864,(UTC+01:00) Europe/Paris DST,2013-05-07T04:00:00+02:00,2,6,na,8,12.0,0.3,na
Eco Counter GmbH,Stadt Karlsruhe,752,Erbprinzenstraße,100004165,Y2H16070301,8.4027153,49.0072864,(UTC+01:00) Europe/Paris DST,2013-05-07T05:00:00+02:00,7,18,na,25,13.0,0.5,na
Eco Counter GmbH,Stadt Karlsruhe,752,Erbprinzenstraße,100004165,Y2H16070301,8.4027153,49.0072864,(UTC+01:00) Europe/Paris DST,2013-05-07T06:00:00+02:00,23,39,na,62,13.0,0.7,na
Eco Counter GmbH,Stadt Karlsruhe,752,Erbprinzenstraße,100004165,Y2H16070301,8.4027153,49.0072864,(UTC+01:00) Europe/Paris DST,2013-05-07T07:00:00+02:00,71,125,na,196,13.0,0.8,na
Eco Counter GmbH,Stadt Karlsruhe,752,Erbprinzenstraße,100004165,Y2H16070301,8.4027153,49.0072864,(UTC+01:00) Europe/Paris DST,2013-05-07T08:00:00+02:00,126,209,na,335,14.0,0.2,na
Eco Counter GmbH,Stadt Karlsruhe,752,Erbprinzenstraße,100004165,Y2H16070301,8.4027153,49.0072864,(UTC+01:00) Europe/Paris DST,2013-05-07T09:00:00+02:00,177,211,na,388,15.0,0.3,na
Eco Counter GmbH,Stadt Karlsruhe,752,Erbprinzenstraße,100004165,Y2H16070301,8.4027153,49.0072864,(UTC+01:00) Europe/Paris DST,2013-05-07T10:00:00+02:00,132,165,na,297,16.0,0.2,na
Eco Counter GmbH,Stadt Karlsruhe,752,Erbprinzenstraße,100004165,Y2H16070301,8.4027153,49.0072864,(UTC+01:00) Europe/Paris DST,2013-05-07T11:00:00+02:00,152,222,na,374,17.0,0.0,na
Eco Counter GmbH,Stadt Karlsruhe,752,Erbprinzenstraße,100004165,Y2H16070301,8.4027153,49.0072864,(UTC+01:00) Europe/Paris DST,2013-05-07T12:00:00+02:00,143,212,na,355,18.0,0.0,na
Eco Counter GmbH,Stadt Karlsruhe,752,Erbprinzenstraße,100004165,Y2H16070301,8.4027153,49.0072864,(UTC+01:00) Europe/Paris DST,2013-05-07T13:00:00+02:00,182,223,na,405,18.0,0.0,na
Eco Counter GmbH,Stadt Karlsruhe,752,Erbprinzenstraße,100004165,Y2H16070301,8.4027153,49.0072864,(UTC+01:00) Europe/Paris DST,2013-05-07T14:00:00+02:00,179,176,na,355,19.0,0.0,na
Eco Counter GmbH,Stadt Karlsruhe,752,Erbprinzenstraße,100004165,Y2H16070301,8.4027153,49.0072864,(UTC+01:00) Europe/Paris DST,2013-05-07T15:00:00+02:00,201,229,na,430,18.0,0.0,na
Eco Counter GmbH,Stadt Karlsruhe,752,Erbprinzenstraße,100004165,Y2H16070301,8.4027153,49.0072864,(UTC+01:00) Europe/Paris DST,2013-05-07T16:00:00+02:00,229,254,na,483,18.0,0.0,na
Eco Counter GmbH,Stadt Karlsruhe,752,Erbprinzenstraße,100004165,Y2H16070301,8.4027153,49.0072864,(UTC+01:00) Europe/Paris DST,2013-05-07T17:00:00+02:00,290,348,na,638,18.0,0.0,na
Eco Counter GmbH,Stadt Karlsruhe,752,Erbprinzenstraße,100004165,Y2H16070301,8.4027153,49.0072864,(UTC+01:00) Europe/Paris DST,2013-05-07T18:00:00+02:00,275,318,na,593,17.0,0.0,na
Eco Counter GmbH,Stadt Karlsruhe,752,Erbprinzenstraße,100004165,Y2H16070301,8.4027153,49.0072864,(UTC+01:00) Europe/Paris DST,2013-05-07T19:00:00+02:00,194,250,na,444,16.0,0.0,na
Eco Counter GmbH,Stadt Karlsruhe,752,Erbprinzenstraße,100004165,Y2H16070301,8.4027153,49.0072864,(UTC+01:00) Europe/Paris DST,2013-05-07T20:00:00+02:00,110,171,na,281,15.0,0.0,na
Eco Counter GmbH,Stadt Karlsruhe,752,Erbprinzenstraße,100004165,Y2H16070301,8.4027153,49.0072864,(UTC+01:00) Europe/Paris DST,2013-05-07T21:00:00+02:00,77,130,na,207,13.0,0.0,na
Eco Counter GmbH,Stadt Karlsruhe,752,Erbprinzenstraße,100004165,Y2H16070301,8.4027153,49.0072864,(UTC+01:00) Europe/Paris DST,2013-05-07T22:00:00+02:00,74,91,na,165,12.0,0.0,na
Eco Counter GmbH,Stadt Karlsruhe,752,Erbprinzenstraße,100004165,Y2H16070301,8.4027153,49.0072864,(UTC+01:00) Europe/Paris DST,2013-05-07T23:00:00+02:00,63,57,na,120,11.0,0.0,na
Eco Counter GmbH,Stadt Karlsruhe,752,Erbprinzenstraße,100004165,Y2H16070301,8.4027153,49.0072864,(UTC+01:00) Europe/Paris DST,2013-05-08T00:00:00+02:00,19,23,na,42,10.0,0.0,na
Eco Counter GmbH,Stadt Karlsruhe,752,Erbprinzenstraße,100004165,Y2H16070301,8.4027153,49.0072864,(UTC+01:00) Europe/Paris DST,2013-05-08T01:00:00+02:00,9,20,na,29,9.0,0.0,na
Eco Counter GmbH,Stadt Karlsruhe,752,Erbprinzenstraße,100004165,Y2H16070301,8.4027153,49.0072864,(UTC+01:00) Europe/Paris DST,2013-05-08T02:00:00+02:00,7,9,na,16,9.0,0.0,na
Eco Counter GmbH,Stadt Karlsruhe,752,Erbprinzenstraße,100004165,Y2H16070301,8.4027153,49.0072864,(UTC+01:00) Europe/Paris DST,2013-05-08T03:00:00+02:00,5,4,na,9,10.0,0.0,na
Eco Counter GmbH,Stadt Karlsruhe,752,Erbprinzenstraße,100004165,Y2H16070301,8.4027153,49.0072864,(UTC+01:00) Europe/Paris DST,2013-05-08T04:00:00+02:00,1,7,na,8,10.0,0.0,na
Eco Counter GmbH,Stadt Karlsruhe,752,Erbprinzenstraße,100004165,Y2H16070301,8.4027153,49.0072864,(UTC+01:00) Europe/Paris DST,2013-05-08T05:00:00+02:00,19,23,na,42,10.0,0.0,na
Eco Counter GmbH,Stadt Karlsruhe,752,Erbprinzenstraße,100004165,Y2H16070301,8.4027153,49.0072864,(UTC+01:00) Europe/Paris DST,2013-05-08T06:00:00+02:00,35,50,na,85,12.0,0.0,na
Eco Counter GmbH,Stadt Karlsruhe,752,Erbprinzenstraße,100004165,Y2H16070301,8.4027153,49.0072864,(UTC+01:00) Europe/Paris DST,2013-05-08T07:00:00+02:00,106,195,na,301,15.0,0.0,na
Eco Counter GmbH,Stadt Karlsruhe,752,Erbprinzenstraße,100004165,Y2H16070301,8.4027153,49.0072864,(UTC+01:00) Europe/Paris DST,2013-05-08T08:00:00+02:00,198,284,na,482,17.0,0.0,na
Eco Counter GmbH,Stadt Karlsruhe,752,Erbprinzenstraße,100004165,Y2H16070301,8.4027153,49.0072864,(UTC+01:00) Europe/Paris DST,2013-05-08T09:00:00+02:00,200,295,na,495,19.0,0.0,na
Eco Counter GmbH,Stadt Karlsruhe,752,Erbprinzenstraße,100004165,Y2H16070301,8.4027153,49.0072864,(UTC+01:00) Europe/Paris DST,2013-05-08T10:00:00+02:00,196,207,na,403,20.0,0.0,na
Eco Counter GmbH,Stadt Karlsruhe,752,Erbprinzenstraße,100004165,Y2H16070301,8.4027153,49.0072864,(UTC+01:00) Europe/Paris DST,2013-05-08T11:00:00+02:00,191,266,na,457,21.0,0.0,na
Eco Counter GmbH,Stadt Karlsruhe,752,Erbprinzenstraße,100004165,Y2H16070301,8.4027153,49.0072864,(UTC+01:00) Europe/Paris DST,2013-05-08T12:00:00+02:00,260,268,na,528,22.0,0.0,na
Eco Counter GmbH,Stadt Karlsruhe,752,Erbprinzenstraße,100004165,Y2H16070301,8.4027153,49.0072864,(UTC+01:00) Europe/Paris DST,2013-05-08T13:00:00+02:00,255,290,na,545,22.0,0.0,na
Eco Counter GmbH,Stadt Karlsruhe,752,Erbprinzenstraße,100004165,Y2H16070301,8.4027153,49.0072864,(UTC+01:00) Europe/Paris DST,2013-05-08T14:00:00+02:00,234,261,na,495,23.0,0.0,na
Eco Counter GmbH,Stadt Karlsruhe,752,Erbprinzenstraße,100004165,Y2H16070301,8.4027153,49.0072864,(UTC+01:00) Europe/Paris DST,2013-05-08T15:00:00+02:00,245,303,na,548,22.0,0.0,na
Eco Counter GmbH,Stadt Karlsruhe,752,Erbprinzenstraße,100004165,Y2H16070301,8.4027153,49.0072864,(UTC+01:00) Europe/Paris DST,2013-05-08T16:00:00+02:00,286,278,na,564,21.0,0.0,na
Eco Counter GmbH,Stadt Karlsruhe,752,Erbprinzenstraße,100004165,Y2H16070301,8.4027153,49.0072864,(UTC+01:00) Europe/Paris DST,2013-05-08T17:00:00+02:00,322,410,na,732,20.0,0.0,na
Eco Counter GmbH,Stadt Karlsruhe,752,Erbprinzenstraße,100004165,Y2H16070301,8.4027153,49.0072864,(UTC+01:00) Europe/Paris DST,2013-05-08T18:00:00+02:00,222,320,na,542,18.0,0.0,na
Eco Counter GmbH,Stadt Karlsruhe,752,Erbprinzenstraße,100004165,Y2H16070301,8.4027153,49.0072864,(UTC+01:00) Europe/Paris DST,2013-05-08T19:00:00+02:00,206,294,na,500,17.0,0.0,na
Eco Counter GmbH,Stadt Karlsruhe,752,Erbprinzenstraße,100004165,Y2H16070301,8.4027153,49.0072864,(UTC+01:00) Europe/Paris DST,2013-05-08T20:00:00+02:00,124,187,na,311,16.0,0.0,na
Eco Counter GmbH,Stadt Karlsruhe,752,Erbprinzenstraße,100004165,Y2H16070301,8.4027153,49.0072864,(UTC+01:00) Europe/Paris DST,2013-05-08T21:00:00+02:00,113,134,na,247,15.0,0.0,na
Eco Counter GmbH,Stadt Karlsruhe,752,Erbprinzenstraße,100004165,Y2H16070301,8.4027153,49.0072864,(UTC+01:00) Europe/Paris DST,2013-05-08T22:00:00+02:00,97,84,na,181,14.0,0.8,na
Eco Counter GmbH,Stadt Karlsruhe,752,Erbprinzenstraße,100004165,Y2H16070301,8.4027153,49.0072864,(UTC+01:00) Europe/Paris DST,2013-05-08T23:00:00+02:00,50,98,na,148,14.0,0.7,na
Eco Counter GmbH,Stadt Karlsruhe,752,Erbprinzenstraße,100004165,Y2H16070301,8.4027153,49.0072864,(UTC+01:00) Europe/Paris DST,2013-05-09T00:00:00+02:00,34,74,na,108,14.0,0.7,na
Eco Counter GmbH,Stadt Karlsruhe,752,Erbprinzenstraße,100004165,Y2H16070301,8.4027153,49.0072864,(UTC+01:00) Europe/Paris DST,2013-05-09T01:00:00+02:00,35,58,na,93,13.0,0.2,na
Eco Counter GmbH,Stadt Karlsruhe,752,Erbprinzenstraße,100004165,Y2H16070301,8.4027153,49.0072864,(UTC+01:00) Europe/Paris DST,2013-05-09T02:00:00+02:00,31,49,na,80,12.0,0.0,na
Eco Counter GmbH,Stadt Karlsruhe,752,Erbprinzenstraße,100004165,Y2H16070301,8.4027153,49.0072864,(UTC+01:00) Europe/Paris DST,2013-05-09T03:00:00+02:00,28,25,na,53,13.0,0.0,na
Eco Counter GmbH,Stadt Karlsruhe,752,Erbprinzenstraße,100004165,Y2H16070301,8.4027153,49.0072864,(UTC+01:00) Europe/Paris DST,2013-05-09T04:00:00+02:00,15,19,na,34,13.0,0.0,na
Eco Counter GmbH,Stadt Karlsruhe,752,Erbprinzenstraße,100004165,Y2H16070301,8.4027153,49.0072864,(UTC+01:00) Europe/Paris DST,2013-05-09T05:00:00+02:00,7,13,na,20,14.0,0.0,na
Eco Counter GmbH,Stadt Karlsruhe,752,Erbprinzenstraße,100004165,Y2H16070301,8.4027153,49.0072864,(UTC+01:00) Europe/Paris DST,2013-05-09T06:00:00+02:00,8,8,na,16,15.0,0.0,na
Eco Counter GmbH,Stadt Karlsruhe,752,Erbprinzenstraße,100004165,Y2H16070301,8.4027153,49.0072864,(UTC+01:00) Europe/Paris DST,2013-05-09T07:00:00+02:00,5,8,na,13,16.0,0.0,na
Eco Counter GmbH,Stadt Karlsruhe,752,Erbprinzenstraße,100004165,Y2H16070301,8.4027153,49.0072864,(UTC+01:00) Europe/Paris DST,2013-05-09T08:00:00+02:00,11,26,na,37,17.0,0.0,na
Eco Counter GmbH,Stadt Karlsruhe,752,Erbprinzenstraße,100004165,Y2H16070301,8.4027153,49.0072864,(UTC+01:00) Europe/Paris DST,2013-05-09T09:00:00+02:00,39,49,na,88,17.0,0.0,na
Eco Counter GmbH,Stadt Karlsruhe,752,Erbprinzenstraße,100004165,Y2H16070301,8.4027153,49.0072864,(UTC+01:00) Europe/Paris DST,2013-05-09T10:00:00+02:00,50,55,na,105,18.0,0.0,na
Eco Counter GmbH,Stadt Karlsruhe,752,Erbprinzenstraße,100004165,Y2H16070301,8.4027153,49.0072864,(UTC+01:00) Europe/Paris DST,2013-05-09T11:00:00+02:00,61,51,na,112,19.0,0.0,na
Eco Counter GmbH,Stadt Karlsruhe,752,Erbprinzenstraße,100004165,Y2H16070301,8.4027153,49.0072864,(UTC+01:00) Europe/Paris DST,2013-05-09T12:00:00+02:00,75,82,na,157,20.0,0.0,na
Eco Counter GmbH,Stadt Karlsruhe,752,Erbprinzenstraße,100004165,Y2H16070301,8.4027153,49.0072864,(UTC+01:00) Europe/Paris DST,2013-05-09T13:00:00+02:00,72,100,na,172,20.0,0.0,na
Eco Counter GmbH,Stadt Karlsruhe,752,Erbprinzenstraße,100004165,Y2H16070301,8.4027153,49.0072864,(UTC+01:00) Europe/Paris DST,2013-05-09T14:00:00+02:00,42,66,na,108,20.0,0.0,na
Eco Counter GmbH,Stadt Karlsruhe,752,Erbprinzenstraße,100004165,Y2H16070301,8.4027153,49.0072864,(UTC+01:00) Europe/Paris DST,2013-05-09T15:00:00+02:00,54,58,na,112,19.0,0.0,na
Eco Counter GmbH,Stadt Karlsruhe,752,Erbprinzenstraße,100004165,Y2H16070301,8.4027153,49.0072864,(UTC+01:00) Europe/Paris DST,2013-05-09T16:00:00+02:00,56,73,na,129,18.0,0.0,na
Eco Counter GmbH,Stadt Karlsruhe,752,Erbprinzenstraße,100004165,Y2H16070301,8.4027153,49.0072864,(UTC+01:00) Europe/Paris DST,2013-05-09T17:00:00+02:00,61,85,na,146,17.0,0.3,na
Eco Counter GmbH,Stadt Karlsruhe,752,Erbprinzenstraße,100004165,Y2H16070301,8.4027153,49.0072864,(UTC+01:00) Europe/Paris DST,2013-05-09T18:00:00+02:00,79,82,na,161,16.0,0.3,na
Eco Counter GmbH,Stadt Karlsruhe,752,Erbprinzenstraße,100004165,Y2H16070301,8.4027153,49.0072864,(UTC+01:00) Europe/Paris DST,2013-05-09T19:00:00+02:00,70,86,na,156,15.0,0.1,na
Eco Counter GmbH,Stadt Karlsruhe,752,Erbprinzenstraße,100004165,Y2H16070301,8.4027153,49.0072864,(UTC+01:00) Europe/Paris DST,2013-05-09T20:00:00+02:00,64,81,na,145,15.0,0.0,na
Eco Counter GmbH,Stadt Karlsruhe,752,Erbprinzenstraße,100004165,Y2H16070301,8.4027153,49.0072864,(UTC+01:00) Europe/Paris DST,2013-05-09T21:00:00+02:00,45,80,na,125,14.0,0.0,na
Eco Counter GmbH,Stadt Karlsruhe,752,Erbprinzenstraße,100004165,Y2H16070301,8.4027153,49.0072864,(UTC+01:00) Europe/Paris DST,2013-05-09T22:00:00+02:00,39,59,na,98,14.0,0.0,na
Eco Counter GmbH,Stadt Karlsruhe,752,Erbprinzenstraße,100004165,Y2H16070301,8.4027153,49.0072864,(UTC+01:00) Europe/Paris DST,2013-05-09T23:00:00+02:00,38,50,na,88,13.0,0.0,na
Eco Counter GmbH,Stadt Karlsruhe,752,Erbprinzenstraße,100004165,Y2H16070301,8.4027153,49.0072864,(UTC+01:00) Europe/Paris DST,2013-05-10T00:00:00+02:00,31,33,na,64,13.0,0.0,na
Eco Counter GmbH,Stadt Karlsruhe,752,Erbprinzenstraße,100004165,Y2H16070301,8.4027153,49.0072864,(UTC+01:00) Europe/Paris DST,2013-05-10T01:00:00+02:00,14,19,na,33,12.0,0.2,na
Eco Counter GmbH,Stadt Karlsruhe,752,Erbprinzenstraße,100004165,Y2H16070301,8.4027153,49.0072864,(UTC+01:00) Europe/Paris DST,2013-05-10T02:00:00+02:00,5,4,na,9,12.0,0.5,na
Eco Counter GmbH,Stadt Karlsruhe,752,Erbprinzenstraße,100004165,Y2H16070301,8.4027153,49.0072864,(UTC+01:00) Europe/Paris DST,2013-05-10T03:00:00+02:00,8,4,na,12,11.0,0.7,na
Eco Counter GmbH,Stadt Karlsruhe,752,Erbprinzenstraße,100004165,Y2H16070301,8.4027153,49.0072864,(UTC+01:00) Europe/Paris DST,2013-05-10T04:00:00+02:00,3,8,na,11,11.0,0.7,na
Eco Counter GmbH,Stadt Karlsruhe,752,Erbprinzenstraße,100004165,Y2H16070301,8.4027153,49.0072864,(UTC+01:00) Europe/Paris DST,2013-05-10T05:00:00+02:00,20,33,na,53,11.0,0.5,na
Eco Counter GmbH,Stadt Karlsruhe,752,Erbprinzenstraße,100004165,Y2H16070301,8.4027153,49.0072864,(UTC+01:00) Europe/Paris DST,2013-05-10T06:00:00+02:00,25,29,na,54,11.0,0.2,na
Eco Counter GmbH,Stadt Karlsruhe,752,Erbprinzenstraße,100004165,Y2H16070301,8.4027153,49.0072864,(UTC+01:00) Europe/Paris DST,2013-05-10T07:00:00+02:00,55,64,na,119,12.0,0.0,na
Eco Counter GmbH,Stadt Karlsruhe,752,Erbprinzenstraße,100004165,Y2H16070301,8.4027153,49.0072864,(UTC+01:00) Europe/Paris DST,2013-05-10T08:00:00+02:00,120,163,na,283,13.0,0.0,na
Eco Counter GmbH,Stadt Karlsruhe,752,Erbprinzenstraße,100004165,Y2H16070301,8.4027153,49.0072864,(UTC+01:00) Europe/Paris DST,2013-05-10T09:00:00+02:00,146,200,na,346,14.0,0.0,na
Eco Counter GmbH,Stadt Karlsruhe,752,Erbprinzenstraße,100004165,Y2H16070301,8.4027153,49.0072864,(UTC+01:00) Europe/Paris DST,2013-05-10T10:00:00+02:00,156,206,na,362,15.0,0.0,na
Eco Counter GmbH,Stadt Karlsruhe,752,Erbprinzenstraße,100004165,Y2H16070301,8.4027153,49.0072864,(UTC+01:00) Europe/Paris DST,2013-05-10T11:00:00+02:00,200,229,na,429,16.0,0.0,na
Eco Counter GmbH,Stadt Karlsruhe,752,Erbprinzenstraße,100004165,Y2H16070301,8.4027153,49.0072864,(UTC+01:00) Europe/Paris DST,2013-05-10T12:00:00+02:00,183,235,na,418,17.0,0.0,na
Eco Counter GmbH,Stadt Karlsruhe,752,Erbprinzenstraße,100004165,Y2H16070301,8.4027153,49.0072864,(UTC+01:00) Europe/Paris DST,2013-05-10T13:00:00+02:00,210,255,na,465,17.0,0.0,na
Eco Counter GmbH,Stadt Karlsruhe,752,Erbprinzenstraße,100004165,Y2H16070301,8.4027153,49.0072864,(UTC+01:00) Europe/Paris DST,2013-05-10T14:00:00+02:00,204,230,na,434,17.0,0.0,na
Eco Counter GmbH,Stadt Karlsruhe,752,Erbprinzenstraße,100004165,Y2H16070301,8.4027153,49.0072864,(UTC+01:00) Europe/Paris DST,2013-05-10T15:00:00+02:00,236,233,na,469,16.0,0.0,na
Eco Counter GmbH,Stadt Karlsruhe,752,Erbprinzenstraße,100004165,Y2H16070301,8.4027153,49.0072864,(UTC+01:00) Europe/Paris DST,2013-05-10T16:00:00+02:00,199,258,na,457,15.0,0.0,na
Eco Counter GmbH,Stadt Karlsruhe,752,Erbprinzenstraße,100004165,Y2H16070301,8.4027153,49.0072864,(UTC+01:00) Europe/Paris DST,2013-05-10T17:00:00+02:00,207,272,na,479,14.0,0.0,na
Eco Counter GmbH,Stadt Karlsruhe,752,Erbprinzenstraße,100004165,Y2H16070301,8.4027153,49.0072864,(UTC+01:00) Europe/Paris DST,2013-05-10T18:00:00+02:00,158,246,na,404,14.0,0.0,na
Eco Counter GmbH,Stadt Karlsruhe,752,Erbprinzenstraße,100004165,Y2H16070301,8.4027153,49.0072864,(UTC+01:00) Europe/Paris DST,2013-05-10T19:00:00+02:00,127,183,na,310,13.0,0.0,na
Eco Counter GmbH,Stadt Karlsruhe,752,Erbprinzenstraße,100004165,Y2H16070301,8.4027153,49.0072864,(UTC+01:00) Europe/Paris DST,2013-05-10T20:00:00+02:00,83,147,na,230,12.0,0.0,na
Eco Counter GmbH,Stadt Karlsruhe,752,Erbprinzenstraße,100004165,Y2H16070301,8.4027153,49.0072864,(UTC+01:00) Europe/Paris DST,2013-05-10T21:00:00+02:00,55,80,na,135,11.0,0.0,na
Eco Counter GmbH,Stadt Karlsruhe,752,Erbprinzenstraße,100004165,Y2H16070301,8.4027153,49.0072864,(UTC+01:00) Europe/Paris DST,2013-05-10T22:00:00+02:00,62,56,na,118,11.0,0.0,na
Eco Counter GmbH,Stadt Karlsruhe,752,Erbprinzenstraße,100004165,Y2H16070301,8.4027153,49.0072864,(UTC+01:00) Europe/Paris DST,2013-05-10T23:00:00+02:00,56,75,na,131,10.0,0.0,na
Eco Counter GmbH,Stadt Karlsruhe,752,Erbprinzenstraße,100004165,Y2H16070301,8.4027153,49.0072864,(UTC+01:00) Europe/Paris DST,2013-05-11T00:00:00+02:00,36,50,na,86,10.0,0.0,na
Eco Counter GmbH,Stadt Karlsruhe,752,Erbprinzenstraße,100004165,Y2H16070301,8.4027153,49.0072864,(UTC+01:00) Europe/Paris DST,2013-05-11T01:00:00+02:00,14,38,na,52,9.0,0.0,na
Eco Counter GmbH,Stadt Karlsruhe,752,Erbprinzenstraße,100004165,Y2H16070301,8.4027153,49.0072864,(UTC+01:00) Europe/Paris DST,2013-05-11T02:00:00+02:00,8,22,na,30,9.0,0.0,na
Eco Counter GmbH,Stadt Karlsruhe,752,Erbprinzenstraße,100004165,Y2H16070301,8.4027153,49.0072864,(UTC+01:00) Europe/Paris DST,2013-05-11T03:00:00+02:00,19,19,na,38,8.0,0.0,na
Eco Counter GmbH,Stadt Karlsruhe,752,Erbprinzenstraße,100004165,Y2H16070301,8.4027153,49.0072864,(UTC+01:00) Europe/Paris DST,2013-05-11T04:00:00+02:00,22,7,na,29,8.0,0.0,na
Eco Counter GmbH,Stadt Karlsruhe,752,Erbprinzenstraße,100004165,Y2H16070301,8.4027153,49.0072864,(UTC+01:00) Europe/Paris DST,2013-05-11T05:00:00+02:00,8,12,na,20,9.0,0.0,na
Eco Counter GmbH,Stadt Karlsruhe,752,Erbprinzenstraße,100004165,Y2H16070301,8.4027153,49.0072864,(UTC+01:00) Europe/Paris DST,2013-05-11T06:00:00+02:00,8,8,na,16,10.0,0.0,na
Eco Counter GmbH,Stadt Karlsruhe,752,Erbprinzenstraße,100004165,Y2H16070301,8.4027153,49.0072864,(UTC+01:00) Europe/Paris DST,2013-05-11T07:00:00+02:00,14,12,na,26,11.0,0.0,na
Eco Counter GmbH,Stadt Karlsruhe,752,Erbprinzenstraße,100004165,Y2H16070301,8.4027153,49.0072864,(UTC+01:00) Europe/Paris DST,2013-05-11T08:00:00+02:00,32,28,na,60,12.0,0.2,na
Eco Counter GmbH,Stadt Karlsruhe,752,Erbprinzenstraße,100004165,Y2H16070301,8.4027153,49.0072864,(UTC+01:00) Europe/Paris DST,2013-05-11T09:00:00+02:00,64,68,na,132,13.0,0.0,na
Eco Counter GmbH,Stadt Karlsruhe,752,Erbprinzenstraße,100004165,Y2H16070301,8.4027153,49.0072864,(UTC+01:00) Europe/Paris DST,2013-05-11T10:00:00+02:00,113,114,na,227,14.0,0.1,na
Eco Counter GmbH,Stadt Karlsruhe,752,Erbprinzenstraße,100004165,Y2H16070301,8.4027153,49.0072864,(UTC+01:00) Europe/Paris DST,2013-05-11T11:00:00+02:00,131,159,na,290,14.0,0.0,na
Eco Counter GmbH,Stadt Karlsruhe,752,Erbprinzenstraße,100004165,Y2H16070301,8.4027153,49.0072864,(UTC+01:00) Europe/Paris DST,2013-05-11T12:00:00+02:00,138,156,na,294,15.0,0.0,na
Eco Counter GmbH,Stadt Karlsruhe,752,Erbprinzenstraße,100004165,Y2H16070301,8.4027153,49.0072864,(UTC+01:00) Europe/Paris DST,2013-05-11T13:00:00+02:00,142,184,na,326,15.0,0.0,na
Eco Counter GmbH,Stadt Karlsruhe,752,Erbprinzenstraße,100004165,Y2H16070301,8.4027153,49.0072864,(UTC+01:00) Europe/Paris DST,2013-05-11T14:00:00+02:00,97,158,na,255,16.0,0.2,na
Eco Counter GmbH,Stadt Karlsruhe,752,Erbprinzenstraße,100004165,Y2H16070301,8.4027153,49.0072864,(UTC+01:00) Europe/Paris DST,2013-05-11T15:00:00+02:00,102,158,na,260,15.0,0.2,na
Eco Counter GmbH,Stadt Karlsruhe,752,Erbprinzenstraße,100004165,Y2H16070301,8.4027153,49.0072864,(UTC+01:00) Europe/Paris DST,2013-05-11T16:00:00+02:00,139,172,na,311,15.0,0.2,na
Eco Counter GmbH,Stadt Karlsruhe,752,Erbprinzenstraße,100004165,Y2H16070301,8.4027153,49.0072864,(UTC+01:00) Europe/Paris DST,2013-05-11T17:00:00+02:00,113,161,na,274,14.0,0.3,na
Eco Counter GmbH,Stadt Karlsruhe,752,Erbprinzenstraße,100004165,Y2H16070301,8.4027153,49.0072864,(UTC+01:00) Europe/Paris DST,2013-05-11T18:00:00+02:00,111,151,na,262,13.0,0.0,na
Eco Counter GmbH,Stadt Karlsruhe,752,Erbprinzenstraße,100004165,Y2H16070301,8.4027153,49.0072864,(UTC+01:00) Europe/Paris DST,2013-05-11T19:00:00+02:00,82,189,na,271,12.0,0.0,na
Eco Counter GmbH,Stadt Karlsruhe,752,Erbprinzenstraße,100004165,Y2H16070301,8.4027153,49.0072864,(UTC+01:00) Europe/Paris DST,2013-05-11T20:00:00+02:00,76,104,na,180,12.0,0.0,na
Eco Counter GmbH,Stadt Karlsruhe,752,Erbprinzenstraße,100004165,Y2H16070301,8.4027153,49.0072864,(UTC+01:00) Europe/Paris DST,2013-05-11T21:00:00+02:00,46,64,na,110,11.0,0.0,na
Eco Counter GmbH,Stadt Karlsruhe,752,Erbprinzenstraße,100004165,Y2H16070301,8.4027153,49.0072864,(UTC+01:00) Europe/Paris DST,2013-05-11T22:00:00+02:00,40,53,na,93,11.0,0.0,na
Eco Counter GmbH,Stadt Karlsruhe,752,Erbprinzenstraße,100004165,Y2H16070301,8.4027153,49.0072864,(UTC+01:00) Europe/Paris DST,2013-05-11T23:00:00+02:00,36,41,na,77,10.0,0.0,na
Eco Counter GmbH,Stadt Karlsruhe,752,Erbprinzenstraße,100004165,Y2H16070301,8.4027153,49.0072864,(UTC+01:00) Europe/Paris DST,2013-05-12T00:00:00+02:00,33,50,na,83,10.0,0.0,na
Eco Counter GmbH,Stadt Karlsruhe,752,Erbprinzenstraße,100004165,Y2H16070301,8.4027153,49.0072864,(UTC+01:00) Europe/Paris DST,2013-05-12T01:00:00+02:00,19,27,na,46,10.0,0.0,na
Eco Counter GmbH,Stadt Karlsruhe,752,Erbprinzenstraße,100004165,Y2H16070301,8.4027153,49.0072864,(UTC+01:00) Europe/Paris DST,2013-05-12T02:00:00+02:00,18,28,na,46,9.0,0.0,na
Eco Counter GmbH,Stadt Karlsruhe,752,Erbprinzenstraße,100004165,Y2H16070301,8.4027153,49.0072864,(UTC+01:00) Europe/Paris DST,2013-05-12T03:00:00+02:00,8,13,na,21,9.0,0.0,na
Eco Counter GmbH,Stadt Karlsruhe,752,Erbprinzenstraße,100004165,Y2H16070301,8.4027153,49.0072864,(UTC+01:00) Europe/Paris DST,2013-05-12T04:00:00+02:00,11,14,na,25,9.0,0.0,na
Eco Counter GmbH,Stadt Karlsruhe,752,Erbprinzenstraße,100004165,Y2H16070301,8.4027153,49.0072864,(UTC+01:00) Europe/Paris DST,2013-05-12T05:00:00+02:00,4,1,na,5,9.0,0.0,na
Eco Counter GmbH,Stadt Karlsruhe,752,Erbprinzenstraße,100004165,Y2H16070301,8.4027153,49.0072864,(UTC+01:00) Europe/Paris DST,2013-05-12T06:00:00+02:00,6,3,na,9,9.0,0.1,na
Eco Counter GmbH,Stadt Karlsruhe,752,Erbprinzenstraße,100004165,Y2H16070301,8.4027153,49.0072864,(UTC+01:00) Europe/Paris DST,2013-05-12T07:00:00+02:00,4,5,na,9,9.0,0.5,na
Eco Counter GmbH,Stadt Karlsruhe,752,Erbprinzenstraße,100004165,Y2H16070301,8.4027153,49.0072864,(UTC+01:00) Europe/Paris DST,2013-05-12T08:00:00+02:00,4,8,na,12,8.0,0.8,na
Eco Counter GmbH,Stadt Karlsruhe,752,Erbprinzenstraße,100004165,Y2H16070301,8.4027153,49.0072864,(UTC+01:00) Europe/Paris DST,2013-05-12T09:00:00+02:00,11,11,na,22,8.0,0.3,na
Eco Counter GmbH,Stadt Karlsruhe,752,Erbprinzenstraße,100004165,Y2H16070301,8.4027153,49.0072864,(UTC+01:00) Europe/Paris DST,2013-05-12T10:00:00+02:00,21,40,na,61,9.0,0.2,na
Eco Counter GmbH,Stadt Karlsruhe,752,Erbprinzenstraße,100004165,Y2H16070301,8.4027153,49.0072864,(UTC+01:00) Europe/Paris DST,2013-05-12T11:00:00+02:00,32,39,na,71,10.0,0.2,na
Eco Counter GmbH,Stadt Karlsruhe,752,Erbprinzenstraße,100004165,Y2H16070301,8.4027153,49.0072864,(UTC+01:00) Europe/Paris DST,2013-05-12T12:00:00+02:00,24,37,na,61,11.0,0.1,na
Eco Counter GmbH,Stadt Karlsruhe,752,Erbprinzenstraße,100004165,Y2H16070301,8.4027153,49.0072864,(UTC+01:00) Europe/Paris DST,2013-05-12T13:00:00+02:00,38,42,na,80,11.0,0.2,na
Eco Counter GmbH,Stadt Karlsruhe,752,Erbprinzenstraße,100004165,Y2H16070301,8.4027153,49.0072864,(UTC+01:00) Europe/Paris DST,2013-05-12T14:00:00+02:00,43,53,na,96,12.0,0.1,na
Eco Counter GmbH,Stadt Karlsruhe,752,Erbprinzenstraße,100004165,Y2H16070301,8.4027153,49.0072864,(UTC+01:00) Europe/Paris DST,2013-05-12T15:00:00+02:00,42,74,na,116,12.0,0.0,na
Eco Counter GmbH,Stadt Karlsruhe,752,Erbprinzenstraße,100004165,Y2H16070301,8.4027153,49.0072864,(UTC+01:00) Europe/Paris DST,2013-05-12T16:00:00+02:00,56,49,na,105,12.0,0.0,na
Eco Counter GmbH,Stadt Karlsruhe,752,Erbprinzenstraße,100004165,Y2H16070301,8.4027153,49.0072864,(UTC+01:00) Europe/Paris DST,2013-05-12T17:00:00+02:00,42,53,na,95,11.0,0.2,na
Eco Counter GmbH,Stadt Karlsruhe,752,Erbprinzenstraße,100004165,Y2H16070301,8.4027153,49.0072864,(UTC+01:00) Europe/Paris DST,2013-05-12T18:00:00+02:00,56,54,na,110,11.0,0.0,na
Eco Counter GmbH,Stadt Karlsruhe,752,Erbprinzenstraße,100004165,Y2H16070301,8.4027153,49.0072864,(UTC+01:00) Europe/Paris DST,2013-05-12T19:00:00+02:00,48,44,na,92,10.0,0.0,na
Eco Counter GmbH,Stadt Karlsruhe,752,Erbprinzenstraße,100004165,Y2H16070301,8.4027153,49.0072864,(UTC+01:00) Europe/Paris DST,2013-05-12T20:00:00+02:00,40,48,na,88,10.0,0.0,na
Eco Counter GmbH,Stadt Karlsruhe,752,Erbprinzenstraße,100004165,Y2H16070301,8.4027153,49.0072864,(UTC+01:00) Europe/Paris DST,2013-05-12T21:00:00+02:00,34,50,na,84,9.0,0.0,na
Eco Counter GmbH,Stadt Karlsruhe,752,Erbprinzenstraße,100004165,Y2H16070301,8.4027153,49.0072864,(UTC+01:00) Europe/Paris DST,2013-05-12T22:00:00+02:00,38,32,na,70,9.0,0.0,na
Eco Counter GmbH,Stadt Karlsruhe,752,Erbprinzenstraße,100004165,Y2H16070301,8.4027153,49.0072864,(UTC+01:00) Europe/Paris DST,2013-05-12T23:00:00+02:00,19,17,na,36,9.0,0.0,na
Eco Counter GmbH,Stadt Karlsruhe,752,Erbprinzenstraße,100004165,Y2H16070301,8.4027153,49.0072864,(UTC+01:00) Europe/Paris DST,2013-05-13T00:00:00+02:00,15,11,na,26,8.0,0.0,na
Eco Counter GmbH,Stadt Karlsruhe,752,Erbprinzenstraße,100004165,Y2H16070301,8.4027153,49.0072864,(UTC+01:00) Europe/Paris DST,2013-05-13T01:00:00+02:00,5,2,na,7,8.0,0.0,na
Eco Counter GmbH,Stadt Karlsruhe,752,Erbprinzenstraße,100004165,Y2H16070301,8.4027153,49.0072864,(UTC+01:00) Europe/Paris DST,2013-05-13T02:00:00+02:00,2,3,na,5,8.0,0.0,na
Eco Counter GmbH,Stadt Karlsruhe,752,Erbprinzenstraße,100004165,Y2H16070301,8.4027153,49.0072864,(UTC+01:00) Europe/Paris DST,2013-05-13T03:00:00+02:00,3,2,na,5,8.0,0.0,na
Eco Counter GmbH,Stadt Karlsruhe,752,Erbprinzenstraße,100004165,Y2H16070301,8.4027153,49.0072864,(UTC+01:00) Europe/Paris DST,2013-05-13T04:00:00+02:00,1,9,na,10,8.0,0.0,na
Eco Counter GmbH,Stadt Karlsruhe,752,Erbprinzenstraße,100004165,Y2H16070301,8.4027153,49.0072864,(UTC+01:00) Europe/Paris DST,2013-05-13T05:00:00+02:00,12,22,na,34,8.0,0.0,na
Eco Counter GmbH,Stadt Karlsruhe,752,Erbprinzenstraße,100004165,Y2H16070301,8.4027153,49.0072864,(UTC+01:00) Europe/Paris DST,2013-05-13T06:00:00+02:00,27,30,na,57,8.0,0.0,na
Eco Counter GmbH,Stadt Karlsruhe,752,Erbprinzenstraße,100004165,Y2H16070301,8.4027153,49.0072864,(UTC+01:00) Europe/Paris DST,2013-05-13T07:00:00+02:00,63,127,na,190,8.0,0.1,na
Eco Counter GmbH,Stadt Karlsruhe,752,Erbprinzenstraße,100004165,Y2H16070301,8.4027153,49.0072864,(UTC+01:00) Europe/Paris DST,2013-05-13T08:00:00+02:00,127,221,na,348,9.0,0.5,na
Eco Counter GmbH,Stadt Karlsruhe,752,Erbprinzenstraße,100004165,Y2H16070301,8.4027153,49.0072864,(UTC+01:00) Europe/Paris DST,2013-05-13T09:00:00+02:00,148,160,na,308,9.0,0.5,na
Eco Counter GmbH,Stadt Karlsruhe,752,Erbprinzenstraße,100004165,Y2H16070301,8.4027153,49.0072864,(UTC+01:00) Europe/Paris DST,2013-05-13T10:00:00+02:00,98,124,na,222,11.0,0.4,na
Eco Counter GmbH,Stadt Karlsruhe,752,Erbprinzenstraße,100004165,Y2H16070301,8.4027153,49.0072864,(UTC+01:00) Europe/Paris DST,2013-05-13T11:00:00+02:00,137,156,na,293,12.0,0.2,na
Eco Counter GmbH,Stadt Karlsruhe,752,Erbprinzenstraße,100004165,Y2H16070301,8.4027153,49.0072864,(UTC+01:00) Europe/Paris DST,2013-05-13T12:00:00+02:00,123,169,na,292,12.0,0.0,na
Eco Counter GmbH,Stadt Karlsruhe,752,Erbprinzenstraße,100004165,Y2H16070301,8.4027153,49.0072864,(UTC+01:00) Europe/Paris DST,2013-05-13T13:00:00+02:00,137,181,na,318,13.0,0.0,na
Eco Counter GmbH,Stadt Karlsruhe,752,Erbprinzenstraße,100004165,Y2H16070301,8.4027153,49.0072864,(UTC+01:00) Europe/Paris DST,2013-05-13T14:00:00+02:00,133,161,na,294,14.0,0.0,na
Eco Counter GmbH,Stadt Karlsruhe,752,Erbprinzenstraße,100004165,Y2H16070301,8.4027153,49.0072864,(UTC+01:00) Europe/Paris DST,2013-05-13T15:00:00+02:00,178,221,na,399,14.0,0.0,na
Eco Counter GmbH,Stadt Karlsruhe,752,Erbprinzenstraße,100004165,Y2H16070301,8.4027153,49.0072864,(UTC+01:00) Europe/Paris DST,2013-05-13T16:00:00+02:00,179,215,na,394,14.0,0.0,na
Eco Counter GmbH,Stadt Karlsruhe,752,Erbprinzenstraße,100004165,Y2H16070301,8.4027153,49.0072864,(UTC+01:00) Europe/Paris DST,2013-05-13T17:00:00+02:00,221,241,na,462,13.0,0.0,na
Eco Counter GmbH,Stadt Karlsruhe,752,Erbprinzenstraße,100004165,Y2H16070301,8.4027153,49.0072864,(UTC+01:00) Europe/Paris DST,2013-05-13T18:00:00+02:00,201,244,na,445,13.0,0.0,na
Eco Counter GmbH,Stadt Karlsruhe,752,Erbprinzenstraße,100004165,Y2H16070301,8.4027153,49.0072864,(UTC+01:00) Europe/Paris DST,2013-05-13T19:00:00+02:00,114,183,na,297,12.0,0.0,na
Eco Counter GmbH,Stadt Karlsruhe,752,Erbprinzenstraße,100004165,Y2H16070301,8.4027153,49.0072864,(UTC+01:00) Europe/Paris DST,2013-05-13T20:00:00+02:00,97,128,na,225,11.0,0.0,na
Eco Counter GmbH,Stadt Karlsruhe,752,Erbprinzenstraße,100004165,Y2H16070301,8.4027153,49.0072864,(UTC+01:00) Europe/Paris DST,2013-05-13T21:00:00+02:00,49,84,na,133,11.0,0.0,na
Eco Counter GmbH,Stadt Karlsruhe,752,Erbprinzenstraße,100004165,Y2H16070301,8.4027153,49.0072864,(UTC+01:00) Europe/Paris DST,2013-05-13T22:00:00+02:00,59,77,na,136,10.0,0.0,na
Eco Counter GmbH,Stadt Karlsruhe,752,Erbprinzenstraße,100004165,Y2H16070301,8.4027153,49.0072864,(UTC+01:00) Europe/Paris DST,2013-05-13T23:00:00+02:00,32,35,na,67,10.0,0.0,na
Eco Counter GmbH,Stadt Karlsruhe,752,Erbprinzenstraße,100004165,Y2H16070301,8.4027153,49.0072864,(UTC+01:00) Europe/Paris DST,2013-05-14T00:00:00+02:00,25,38,na,63,10.0,0.0,na
Eco Counter GmbH,Stadt Karlsruhe,752,Erbprinzenstraße,100004165,Y2H16070301,8.4027153,49.0072864,(UTC+01:00) Europe/Paris DST,2013-05-14T01:00:00+02:00,4,16,na,20,9.0,0.0,na
Eco Counter GmbH,Stadt Karlsruhe,752,Erbprinzenstraße,100004165,Y2H16070301,8.4027153,49.0072864,(UTC+01:00) Europe/Paris DST,2013-05-14T02:00:00+02:00,10,3,na,13,9.0,0.0,na
Eco Counter GmbH,Stadt Karlsruhe,752,Erbprinzenstraße,100004165,Y2H16070301,8.4027153,49.0072864,(UTC+01:00) Europe/Paris DST,2013-05-14T03:00:00+02:00,2,3,na,5,9.0,0.0,na
Eco Counter GmbH,Stadt Karlsruhe,752,Erbprinzenstraße,100004165,Y2H16070301,8.4027153,49.0072864,(UTC+01:00) Europe/Paris DST,2013-05-14T04:00:00+02:00,1,2,na,3,9.0,0.0,na
Eco Counter GmbH,Stadt Karlsruhe,752,Erbprinzenstraße,100004165,Y2H16070301,8.4027153,49.0072864,(UTC+01:00) Europe/Paris DST,2013-05-14T05:00:00+02:00,10,15,na,25,10.0,0.0,na
Eco Counter GmbH,Stadt Karlsruhe,752,Erbprinzenstraße,100004165,Y2H16070301,8.4027153,49.0072864,(UTC+01:00) Europe/Paris DST,2013-05-14T06:00:00+02:00,32,40,na,72,11.0,0.0,na
Eco Counter GmbH,Stadt Karlsruhe,752,Erbprinzenstraße,100004165,Y2H16070301,8.4027153,49.0072864,(UTC+01:00) Europe/Paris DST,2013-05-14T07:00:00+02:00,83,184,na,267,12.0,0.0,na
Eco Counter GmbH,Stadt Karlsruhe,752,Erbprinzenstraße,100004165,Y2H16070301,8.4027153,49.0072864,(UTC+01:00) Europe/Paris DST,2013-05-14T08:00:00+02:00,174,269,na,443,12.0,0.0,na
Eco Counter GmbH,Stadt Karlsruhe,752,Erbprinzenstraße,100004165,Y2H16070301,8.4027153,49.0072864,(UTC+01:00) Europe/Paris DST,2013-05-14T09:00:00+02:00,181,283,na,464,13.0,0.0,na
Eco Counter GmbH,Stadt Karlsruhe,752,Erbprinzenstraße,100004165,Y2H16070301,8.4027153,49.0072864,(UTC+01:00) Europe/Paris DST,2013-05-14T10:00:00+02:00,146,159,na,305,14.0,0.0,na
Eco Counter GmbH,Stadt Karlsruhe,752,Erbprinzenstraße,100004165,Y2H16070301,8.4027153,49.0072864,(UTC+01:00) Europe/Paris DST,2013-05-14T11:00:00+02:00,167,181,na,348,15.0,0.0,na
Eco Counter GmbH,Stadt Karlsruhe,752,Erbprinzenstraße,100004165,Y2H16070301,8.4027153,49.0072864,(UTC+01:00) Europe/Paris DST,2013-05-14T12:00:00+02:00,171,246,na,417,16.0,0.0,na
Eco Counter GmbH,Stadt Karlsruhe,752,Erbprinzenstraße,100004165,Y2H16070301,8.4027153,49.0072864,(UTC+01:00) Europe/Paris DST,2013-05-14T13:00:00+02:00,178,226,na,404,17.0,0.0,na
Eco Counter GmbH,Stadt Karlsruhe,752,Erbprinzenstraße,100004165,Y2H16070301,8.4027153,49.0072864,(UTC+01:00) Europe/Paris DST,2013-05-14T14:00:00+02:00,165,195,na,360,17.0,0.0,na
Eco Counter GmbH,Stadt Karlsruhe,752,Erbprinzenstraße,100004165,Y2H16070301,8.4027153,49.0072864,(UTC+01:00) Europe/Paris DST,2013-05-14T15:00:00+02:00,228,239,na,467,17.0,0.0,na
Eco Counter GmbH,Stadt Karlsruhe,752,Erbprinzenstraße,100004165,Y2H16070301,8.4027153,49.0072864,(UTC+01:00) Europe/Paris DST,2013-05-14T16:00:00+02:00,216,267,na,483,17.0,0.0,na
Eco Counter GmbH,Stadt Karlsruhe,752,Erbprinzenstraße,100004165,Y2H16070301,8.4027153,49.0072864,(UTC+01:00) Europe/Paris DST,2013-05-14T17:00:00+02:00,315,350,na,665,16.0,0.0,na
Eco Counter GmbH,Stadt Karlsruhe,752,Erbprinzenstraße,100004165,Y2H16070301,8.4027153,49.0072864,(UTC+01:00) Europe/Paris DST,2013-05-14T18:00:00+02:00,301,308,na,609,16.0,0.0,na
Eco Counter GmbH,Stadt Karlsruhe,752,Erbprinzenstraße,100004165,Y2H16070301,8.4027153,49.0072864,(UTC+01:00) Europe/Paris DST,2013-05-14T19:00:00+02:00,206,255,na,461,15.0,0.0,na
Eco Counter GmbH,Stadt Karlsruhe,752,Erbprinzenstraße,100004165,Y2H16070301,8.4027153,49.0072864,(UTC+01:00) Europe/Paris DST,2013-05-14T20:00:00+02:00,115,210,na,325,13.0,0.0,na
Eco Counter GmbH,Stadt Karlsruhe,752,Erbprinzenstraße,100004165,Y2H16070301,8.4027153,49.0072864,(UTC+01:00) Europe/Paris DST,2013-05-14T21:00:00+02:00,65,130,na,195,12.0,0.0,na
Eco Counter GmbH,Stadt Karlsruhe,752,Erbprinzenstraße,100004165,Y2H16070301,8.4027153,49.0072864,(UTC+01:00) Europe/Paris DST,2013-05-14T22:00:00+02:00,79,99,na,178,10.0,0.0,na
Eco Counter GmbH,Stadt Karlsruhe,752,Erbprinzenstraße,100004165,Y2H16070301,8.4027153,49.0072864,(UTC+01:00) Europe/Paris DST,2013-05-14T23:00:00+02:00,60,78,na,138,10.0,0.0,na
Eco Counter GmbH,Stadt Karlsruhe,752,Erbprinzenstraße,100004165,Y2H16070301,8.4027153,49.0072864,(UTC+01:00) Europe/Paris DST,2013-05-15T00:00:00+02:00,30,31,na,61,10.0,0.0,na
Eco Counter GmbH,Stadt Karlsruhe,752,Erbprinzenstraße,100004165,Y2H16070301,8.4027153,49.0072864,(UTC+01:00) Europe/Paris DST,2013-05-15T01:00:00+02:00,10,9,na,19,9.0,0.0,na
Eco Counter GmbH,Stadt Karlsruhe,752,Erbprinzenstraße,100004165,Y2H16070301,8.4027153,49.0072864,(UTC+01:00) Europe/Paris DST,2013-05-15T02:00:00+02:00,5,9,na,14,9.0,0.0,na
Eco Counter GmbH,Stadt Karlsruhe,752,Erbprinzenstraße,100004165,Y2H16070301,8.4027153,49.0072864,(UTC+01:00) Europe/Paris DST,2013-05-15T03:00:00+02:00,8,9,na,17,10.0,0.0,na
Eco Counter GmbH,Stadt Karlsruhe,752,Erbprinzenstraße,100004165,Y2H16070301,8.4027153,49.0072864,(UTC+01:00) Europe/Paris DST,2013-05-15T04:00:00+02:00,4,4,na,8,11.0,0.0,na
Eco Counter GmbH,Stadt Karlsruhe,752,Erbprinzenstraße,100004165,Y2H16070301,8.4027153,49.0072864,(UTC+01:00) Europe/Paris DST,2013-05-15T05:00:00+02:00,9,22,na,31,11.0,0.0,na
Eco Counter GmbH,Stadt Karlsruhe,752,Erbprinzenstraße,100004165,Y2H16070301,8.4027153,49.0072864,(UTC+01:00) Europe/Paris DST,2013-05-15T06:00:00+02:00,32,33,na,65,13.0,0.0,na
Eco Counter GmbH,Stadt Karlsruhe,752,Erbprinzenstraße,100004165,Y2H16070301,8.4027153,49.0072864,(UTC+01:00) Europe/Paris DST,2013-05-15T07:00:00+02:00,112,185,na,297,15.0,0.0,na
Eco Counter GmbH,Stadt Karlsruhe,752,Erbprinzenstraße,100004165,Y2H16070301,8.4027153,49.0072864,(UTC+01:00) Europe/Paris DST,2013-05-15T08:00:00+02:00,181,246,na,427,17.0,0.0,na
Eco Counter GmbH,Stadt Karlsruhe,752,Erbprinzenstraße,100004165,Y2H16070301,8.4027153,49.0072864,(UTC+01:00) Europe/Paris DST,2013-05-15T09:00:00+02:00,191,221,na,412,18.0,0.0,na
Eco Counter GmbH,Stadt Karlsruhe,752,Erbprinzenstraße,100004165,Y2H16070301,8.4027153,49.0072864,(UTC+01:00) Europe/Paris DST,2013-05-15T10:00:00+02:00,135,177,na,312,19.0,0.0,na
Eco Counter GmbH,Stadt Karlsruhe,752,Erbprinzenstraße,100004165,Y2H16070301,8.4027153,49.0072864,(UTC+01:00) Europe/Paris DST,2013-05-15T11:00:00+02:00,177,193,na,370,19.0,0.0,na
Eco Counter GmbH,Stadt Karlsruhe,752,Erbprinzenstraße,100004165,Y2H16070301,8.4027153,49.0072864,(UTC+01:00) Europe/Paris DST,2013-05-15T12:00:00+02:00,182,269,na,451,19.0,0.0,na
Eco Counter GmbH,Stadt Karlsruhe,752,Erbprinzenstraße,100004165,Y2H16070301,8.4027153,49.0072864,(UTC+01:00) Europe/Paris DST,2013-05-15T13:00:00+02:00,220,288,na,508,19.0,0.0,na
Eco Counter GmbH,Stadt Karlsruhe,752,Erbprinzenstraße,100004165,Y2H16070301,8.4027153,49.0072864,(UTC+01:00) Europe/Paris DST,2013-05-15T14:00:00+02:00,162,237,na,399,18.0,0.0,na
Eco Counter GmbH,Stadt Karlsruhe,752,Erbprinzenstraße,100004165,Y2H16070301,8.4027153,49.0072864,(UTC+01:00) Europe/Paris DST,2013-05-15T15:00:00+02:00,188,247,na,435,17.0,0.0,na
Eco Counter GmbH,Stadt Karlsruhe,752,Erbprinzenstraße,100004165,Y2H16070301,8.4027153,49.0072864,(UTC+01:00) Europe/Paris DST,2013-05-15T16:00:00+02:00,199,263,na,462,16.0,0.0,na
Eco Counter GmbH,Stadt Karlsruhe,752,Erbprinzenstraße,100004165,Y2H16070301,8.4027153,49.0072864,(UTC+01:00) Europe/Paris DST,2013-05-15T17:00:00+02:00,245,271,na,516,15.0,0.2,na
Eco Counter GmbH,Stadt Karlsruhe,752,Erbprinzenstraße,100004165,Y2H16070301,8.4027153,49.0072864,(UTC+01:00) Europe/Paris DST,2013-05-15T18:00:00+02:00,246,286,na,532,15.0,0.2,na
Eco Counter GmbH,Stadt Karlsruhe,752,Erbprinzenstraße,100004165,Y2H16070301,8.4027153,49.0072864,(UTC+01:00) Europe/Paris DST,2013-05-15T19:00:00+02:00,185,240,na,425,14.0,0.1,na
Eco Counter GmbH,Stadt Karlsruhe,752,Erbprinzenstraße,100004165,Y2H16070301,8.4027153,49.0072864,(UTC+01:00) Europe/Paris DST,2013-05-15T20:00:00+02:00,100,185,na,285,13.0,0.0,na
Eco Counter GmbH,Stadt Karlsruhe,752,Erbprinzenstraße,100004165,Y2H16070301,8.4027153,49.0072864,(UTC+01:00) Europe/Paris DST,2013-05-15T21:00:00+02:00,87,126,na,213,12.0,0.0,na
Eco Counter GmbH,Stadt Karlsruhe,752,Erbprinzenstraße,100004165,Y2H16070301,8.4027153,49.0072864,(UTC+01:00) Europe/Paris DST,2013-05-15T22:00:00+02:00,57,99,na,156,12.0,0.0,na
Eco Counter GmbH,Stadt Karlsruhe,752,Erbprinzenstraße,100004165,Y2H16070301,8.4027153,49.0072864,(UTC+01:00) Europe/Paris DST,2013-05-15T23:00:00+02:00,59,67,na,126,12.0,0.0,na
Eco Counter GmbH,Stadt Karlsruhe,752,Erbprinzenstraße,100004165,Y2H16070301,8.4027153,49.0072864,(UTC+01:00) Europe/Paris DST,2013-05-16T00:00:00+02:00,34,37,na,71,12.0,0.0,na
Eco Counter GmbH,Stadt Karlsruhe,752,Erbprinzenstraße,100004165,Y2H16070301,8.4027153,49.0072864,(UTC+01:00) Europe/Paris DST,2013-05-16T01:00:00+02:00,21,26,na,47,11.0,0.0,na
Eco Counter GmbH,Stadt Karlsruhe,752,Erbprinzenstraße,100004165,Y2H16070301,8.4027153,49.0072864,(UTC+01:00) Europe/Paris DST,2013-05-16T02:00:00+02:00,11,10,na,21,11.0,0.0,na
Eco Counter GmbH,Stadt Karlsruhe,752,Erbprinzenstraße,100004165,Y2H16070301,8.4027153,49.0072864,(UTC+01:00) Europe/Paris DST,2013-05-16T03:00:00+02:00,4,9,na,13,10.0,0.0,na
Eco Counter GmbH,Stadt Karlsruhe,752,Erbprinzenstraße,100004165,Y2H16070301,8.4027153,49.0072864,(UTC+01:00) Europe/Paris DST,2013-05-16T04:00:00+02:00,11,17,na,28,10.0,0.0,na
Eco Counter GmbH,Stadt Karlsruhe,752,Erbprinzenstraße,100004165,Y2H16070301,8.4027153,49.0072864,(UTC+01:00) Europe/Paris DST,2013-05-16T05:00:00+02:00,11,17,na,28,11.0,0.0,na
Eco Counter GmbH,Stadt Karlsruhe,752,Erbprinzenstraße,100004165,Y2H16070301,8.4027153,49.0072864,(UTC+01:00) Europe/Paris DST,2013-05-16T06:00:00+02:00,35,56,na,91,12.0,0.0,na
Eco Counter GmbH,Stadt Karlsruhe,752,Erbprinzenstraße,100004165,Y2H16070301,8.4027153,49.0072864,(UTC+01:00) Europe/Paris DST,2013-05-16T07:00:00+02:00,102,196,na,298,12.0,0.0,na
Eco Counter GmbH,Stadt Karlsruhe,752,Erbprinzenstraße,100004165,Y2H16070301,8.4027153,49.0072864,(UTC+01:00) Europe/Paris DST,2013-05-16T08:00:00+02:00,182,239,na,421,13.0,0.0,na
Eco Counter GmbH,Stadt Karlsruhe,752,Erbprinzenstraße,100004165,Y2H16070301,8.4027153,49.0072864,(UTC+01:00) Europe/Paris DST,2013-05-16T09:00:00+02:00,122,283,na,405,14.0,0.0,na
Eco Counter GmbH,Stadt Karlsruhe,752,Erbprinzenstraße,100004165,Y2H16070301,8.4027153,49.0072864,(UTC+01:00) Europe/Paris DST,2013-05-16T10:00:00+02:00,101,174,na,275,14.0,0.2,na
Eco Counter GmbH,Stadt Karlsruhe,752,Erbprinzenstraße,100004165,Y2H16070301,8.4027153,49.0072864,(UTC+01:00) Europe/Paris DST,2013-05-16T11:00:00+02:00,144,160,na,304,15.0,0.5,na
Eco Counter GmbH,Stadt Karlsruhe,752,Erbprinzenstraße,100004165,Y2H16070301,8.4027153,49.0072864,(UTC+01:00) Europe/Paris DST,2013-05-16T12:00:00+02:00,85,121,na,206,15.0,0.8,na
Eco Counter GmbH,Stadt Karlsruhe,752,Erbprinzenstraße,100004165,Y2H16070301,8.4027153,49.0072864,(UTC+01:00) Europe/Paris DST,2013-05-16T13:00:00+02:00,130,158,na,288,15.0,1.7,na
Eco Counter GmbH,Stadt Karlsruhe,752,Erbprinzenstraße,100004165,Y2H16070301,8.4027153,49.0072864,(UTC+01:00) Europe/Paris DST,2013-05-16T14:00:00+02:00,158,165,na,323,15.0,0.5,na
Eco Counter GmbH,Stadt Karlsruhe,752,Erbprinzenstraße,100004165,Y2H16070301,8.4027153,49.0072864,(UTC+01:00) Europe/Paris DST,2013-05-16T15:00:00+02:00,189,195,na,384,15.0,0.2,na
Eco Counter GmbH,Stadt Karlsruhe,752,Erbprinzenstraße,100004165,Y2H16070301,8.4027153,49.0072864,(UTC+01:00) Europe/Paris DST,2013-05-16T16:00:00+02:00,205,221,na,426,15.0,0.3,na
Eco Counter GmbH,Stadt Karlsruhe,752,Erbprinzenstraße,100004165,Y2H16070301,8.4027153,49.0072864,(UTC+01:00) Europe/Paris DST,2013-05-16T17:00:00+02:00,249,309,na,558,15.0,0.3,na
Eco Counter GmbH,Stadt Karlsruhe,752,Erbprinzenstraße,100004165,Y2H16070301,8.4027153,49.0072864,(UTC+01:00) Europe/Paris DST,2013-05-16T18:00:00+02:00,207,267,na,474,14.0,0.1,na
Eco Counter GmbH,Stadt Karlsruhe,752,Erbprinzenstraße,100004165,Y2H16070301,8.4027153,49.0072864,(UTC+01:00) Europe/Paris DST,2013-05-16T19:00:00+02:00,177,244,na,421,13.0,0.0,na
Eco Counter GmbH,Stadt Karlsruhe,752,Erbprinzenstraße,100004165,Y2H16070301,8.4027153,49.0072864,(UTC+01:00) Europe/Paris DST,2013-05-16T20:00:00+02:00,114,148,na,262,12.0,0.4,na
Eco Counter GmbH,Stadt Karlsruhe,752,Erbprinzenstraße,100004165,Y2H16070301,8.4027153,49.0072864,(UTC+01:00) Europe/Paris DST,2013-05-16T21:00:00+02:00,81,124,na,205,11.0,0.1,na
Eco Counter GmbH,Stadt Karlsruhe,752,Erbprinzenstraße,100004165,Y2H16070301,8.4027153,49.0072864,(UTC+01:00) Europe/Paris DST,2013-05-16T22:00:00+02:00,59,95,na,154,11.0,0.0,na
Eco Counter GmbH,Stadt Karlsruhe,752,Erbprinzenstraße,100004165,Y2H16070301,8.4027153,49.0072864,(UTC+01:00) Europe/Paris DST,2013-05-16T23:00:00+02:00,52,58,na,110,10.0,0.0,na
Eco Counter GmbH,Stadt Karlsruhe,752,Erbprinzenstraße,100004165,Y2H16070301,8.4027153,49.0072864,(UTC+01:00) Europe/Paris DST,2013-05-17T00:00:00+02:00,33,49,na,82,9.0,0.0,na
Eco Counter GmbH,Stadt Karlsruhe,752,Erbprinzenstraße,100004165,Y2H16070301,8.4027153,49.0072864,(UTC+01:00) Europe/Paris DST,2013-05-17T01:00:00+02:00,17,17,na,34,9.0,0.0,na
Eco Counter GmbH,Stadt Karlsruhe,752,Erbprinzenstraße,100004165,Y2H16070301,8.4027153,49.0072864,(UTC+01:00) Europe/Paris DST,2013-05-17T02:00:00+02:00,1,7,na,8,9.0,0.0,na
Eco Counter GmbH,Stadt Karlsruhe,752,Erbprinzenstraße,100004165,Y2H16070301,8.4027153,49.0072864,(UTC+01:00) Europe/Paris DST,2013-05-17T03:00:00+02:00,4,14,na,18,8.0,0.0,na
Eco Counter GmbH,Stadt Karlsruhe,752,Erbprinzenstraße,100004165,Y2H16070301,8.4027153,49.0072864,(UTC+01:00) Europe/Paris DST,2013-05-17T04:00:00+02:00,5,5,na,10,9.0,0.0,na
Eco Counter GmbH,Stadt Karlsruhe,752,Erbprinzenstraße,100004165,Y2H16070301,8.4027153,49.0072864,(UTC+01:00) Europe/Paris DST,2013-05-17T05:00:00+02:00,7,15,na,22,9.0,0.0,na
Eco Counter GmbH,Stadt Karlsruhe,752,Erbprinzenstraße,100004165,Y2H16070301,8.4027153,49.0072864,(UTC+01:00) Europe/Paris DST,2013-05-17T06:00:00+02:00,26,41,na,67,9.0,0.0,na
Eco Counter GmbH,Stadt Karlsruhe,752,Erbprinzenstraße,100004165,Y2H16070301,8.4027153,49.0072864,(UTC+01:00) Europe/Paris DST,2013-05-17T07:00:00+02:00,74,146,na,220,10.0,0.1,na
Eco Counter GmbH,Stadt Karlsruhe,752,Erbprinzenstraße,100004165,Y2H16070301,8.4027153,49.0072864,(UTC+01:00) Europe/Paris DST,2013-05-17T08:00:00+02:00,157,196,na,353,10.0,0.2,na
Eco Counter GmbH,Stadt Karlsruhe,752,Erbprinzenstraße,100004165,Y2H16070301,8.4027153,49.0072864,(UTC+01:00) Europe/Paris DST,2013-05-17T09:00:00+02:00,166,220,na,386,10.0,0.5,na
Eco Counter GmbH,Stadt Karlsruhe,752,Erbprinzenstraße,100004165,Y2H16070301,8.4027153,49.0072864,(UTC+01:00) Europe/Paris DST,2013-05-17T10:00:00+02:00,134,174,na,308,10.0,0.3,na
Eco Counter GmbH,Stadt Karlsruhe,752,Erbprinzenstraße,100004165,Y2H16070301,8.4027153,49.0072864,(UTC+01:00) Europe/Paris DST,2013-05-17T11:00:00+02:00,143,203,na,346,10.0,0.4,na
Eco Counter GmbH,Stadt Karlsruhe,752,Erbprinzenstraße,100004165,Y2H16070301,8.4027153,49.0072864,(UTC+01:00) Europe/Paris DST,2013-05-17T12:00:00+02:00,170,189,na,359,11.0,0.3,na
Eco Counter GmbH,Stadt Karlsruhe,752,Erbprinzenstraße,100004165,Y2H16070301,8.4027153,49.0072864,(UTC+01:00) Europe/Paris DST,2013-05-17T13:00:00+02:00,168,191,na,359,12.0,0.4,na
Eco Counter GmbH,Stadt Karlsruhe,752,Erbprinzenstraße,100004165,Y2H16070301,8.4027153,49.0072864,(UTC+01:00) Europe/Paris DST,2013-05-17T14:00:00+02:00,142,187,na,329,12.0,0.2,na
Eco Counter GmbH,Stadt Karlsruhe,752,Erbprinzenstraße,100004165,Y2H16070301,8.4027153,49.0072864,(UTC+01:00) Europe/Paris DST,2013-05-17T15:00:00+02:00,186,181,na,367,12.0,0.0,na
Eco Counter GmbH,Stadt Karlsruhe,752,Erbprinzenstraße,100004165,Y2H16070301,8.4027153,49.0072864,(UTC+01:00) Europe/Paris DST,2013-05-17T16:00:00+02:00,137,193,na,330,12.0,0.0,na
Eco Counter GmbH,Stadt Karlsruhe,752,Erbprinzenstraße,100004165,Y2H16070301,8.4027153,49.0072864,(UTC+01:00) Europe/Paris DST,2013-05-17T17:00:00+02:00,177,230,na,407,12.0,0.0,na
Eco Counter GmbH,Stadt Karlsruhe,752,Erbprinzenstraße,100004165,Y2H16070301,8.4027153,49.0072864,(UTC+01:00) Europe/Paris DST,2013-05-17T18:00:00+02:00,145,200,na,345,12.0,0.0,na
Eco Counter GmbH,Stadt Karlsruhe,752,Erbprinzenstraße,100004165,Y2H16070301,8.4027153,49.0072864,(UTC+01:00) Europe/Paris DST,2013-05-17T19:00:00+02:00,128,217,na,345,11.0,0.0,na
Eco Counter GmbH,Stadt Karlsruhe,752,Erbprinzenstraße,100004165,Y2H16070301,8.4027153,49.0072864,(UTC+01:00) Europe/Paris DST,2013-05-17T20:00:00+02:00,70,141,na,211,11.0,0.0,na
Eco Counter GmbH,Stadt Karlsruhe,752,Erbprinzenstraße,100004165,Y2H16070301,8.4027153,49.0072864,(UTC+01:00) Europe/Paris DST,2013-05-17T21:00:00+02:00,63,79,na,142,10.0,0.0,na
Eco Counter GmbH,Stadt Karlsruhe,752,Erbprinzenstraße,100004165,Y2H16070301,8.4027153,49.0072864,(UTC+01:00) Europe/Paris DST,2013-05-17T22:00:00+02:00,51,61,na,112,10.0,0.0,na
Eco Counter GmbH,Stadt Karlsruhe,752,Erbprinzenstraße,100004165,Y2H16070301,8.4027153,49.0072864,(UTC+01:00) Europe/Paris DST,2013-05-17T23:00:00+02:00,54,54,na,108,9.0,0.0,na
Eco Counter GmbH,Stadt Karlsruhe,752,Erbprinzenstraße,100004165,Y2H16070301,8.4027153,49.0072864,(UTC+01:00) Europe/Paris DST,2013-05-18T00:00:00+02:00,48,61,na,109,9.0,0.0,na
Eco Counter GmbH,Stadt Karlsruhe,752,Erbprinzenstraße,100004165,Y2H16070301,8.4027153,49.0072864,(UTC+01:00) Europe/Paris DST,2013-05-18T01:00:00+02:00,38,36,na,74,9.0,0.0,na
Eco Counter GmbH,Stadt Karlsruhe,752,Erbprinzenstraße,100004165,Y2H16070301,8.4027153,49.0072864,(UTC+01:00) Europe/Paris DST,2013-05-18T02:00:00+02:00,13,22,na,35,9.0,0.0,na
Eco Counter GmbH,Stadt Karlsruhe,752,Erbprinzenstraße,100004165,Y2H16070301,8.4027153,49.0072864,(UTC+01:00) Europe/Paris DST,2013-05-18T03:00:00+02:00,16,16,na,32,8.0,0.0,na
Eco Counter GmbH,Stadt Karlsruhe,752,Erbprinzenstraße,100004165,Y2H16070301,8.4027153,49.0072864,(UTC+01:00) Europe/Paris DST,2013-05-18T04:00:00+02:00,16,16,na,32,9.0,0.0,na
Eco Counter GmbH,Stadt Karlsruhe,752,Erbprinzenstraße,100004165,Y2H16070301,8.4027153,49.0072864,(UTC+01:00) Europe/Paris DST,2013-05-18T05:00:00+02:00,13,15,na,28,10.0,0.0,na
Eco Counter GmbH,Stadt Karlsruhe,752,Erbprinzenstraße,100004165,Y2H16070301,8.4027153,49.0072864,(UTC+01:00) Europe/Paris DST,2013-05-18T06:00:00+02:00,6,14,na,20,11.0,0.0,na
Eco Counter GmbH,Stadt Karlsruhe,752,Erbprinzenstraße,100004165,Y2H16070301,8.4027153,49.0072864,(UTC+01:00) Europe/Paris DST,2013-05-18T07:00:00+02:00,11,13,na,24,13.0,0.0,na
Eco Counter GmbH,Stadt Karlsruhe,752,Erbprinzenstraße,100004165,Y2H16070301,8.4027153,49.0072864,(UTC+01:00) Europe/Paris DST,2013-05-18T08:00:00+02:00,42,30,na,72,14.0,0.0,na
Eco Counter GmbH,Stadt Karlsruhe,752,Erbprinzenstraße,100004165,Y2H16070301,8.4027153,49.0072864,(UTC+01:00) Europe/Paris DST,2013-05-18T09:00:00+02:00,67,70,na,137,15.0,0.0,na
Eco Counter GmbH,Stadt Karlsruhe,752,Erbprinzenstraße,100004165,Y2H16070301,8.4027153,49.0072864,(UTC+01:00) Europe/Paris DST,2013-05-18T10:00:00+02:00,137,113,na,250,16.0,0.0,na
Eco Counter GmbH,Stadt Karlsruhe,752,Erbprinzenstraße,100004165,Y2H16070301,8.4027153,49.0072864,(UTC+01:00) Europe/Paris DST,2013-05-18T11:00:00+02:00,159,149,na,308,18.0,0.0,na
Eco Counter GmbH,Stadt Karlsruhe,752,Erbprinzenstraße,100004165,Y2H16070301,8.4027153,49.0072864,(UTC+01:00) Europe/Paris DST,2013-05-18T12:00:00+02:00,170,174,na,344,19.0,0.0,na
Eco Counter GmbH,Stadt Karlsruhe,752,Erbprinzenstraße,100004165,Y2H16070301,8.4027153,49.0072864,(UTC+01:00) Europe/Paris DST,2013-05-18T13:00:00+02:00,178,207,na,385,20.0,0.0,na
Eco Counter GmbH,Stadt Karlsruhe,752,Erbprinzenstraße,100004165,Y2H16070301,8.4027153,49.0072864,(UTC+01:00) Europe/Paris DST,2013-05-18T14:00:00+02:00,157,213,na,370,20.0,0.0,na
Eco Counter GmbH,Stadt Karlsruhe,752,Erbprinzenstraße,100004165,Y2H16070301,8.4027153,49.0072864,(UTC+01:00) Europe/Paris DST,2013-05-18T15:00:00+02:00,137,242,na,379,20.0,0.0,na
Eco Counter GmbH,Stadt Karlsruhe,752,Erbprinzenstraße,100004165,Y2H16070301,8.4027153,49.0072864,(UTC+01:00) Europe/Paris DST,2013-05-18T16:00:00+02:00,135,243,na,378,19.0,0.0,na
Eco Counter GmbH,Stadt Karlsruhe,752,Erbprinzenstraße,100004165,Y2H16070301,8.4027153,49.0072864,(UTC+01:00) Europe/Paris DST,2013-05-18T17:00:00+02:00,136,210,na,346,18.0,0.0,na
Eco Counter GmbH,Stadt Karlsruhe,752,Erbprinzenstraße,100004165,Y2H16070301,8.4027153,49.0072864,(UTC+01:00) Europe/Paris DST,2013-05-18T18:00:00+02:00,96,225,na,321,17.0,0.0,na
Eco Counter GmbH,Stadt Karlsruhe,752,Erbprinzenstraße,100004165,Y2H16070301,8.4027153,49.0072864,(UTC+01:00) Europe/Paris DST,2013-05-18T19:00:00+02:00,102,199,na,301,16.0,0.0,na
Eco Counter GmbH,Stadt Karlsruhe,752,Erbprinzenstraße,100004165,Y2H16070301,8.4027153,49.0072864,(UTC+01:00) Europe/Paris DST,2013-05-18T20:00:00+02:00,88,135,na,223,15.0,0.0,na
Eco Counter GmbH,Stadt Karlsruhe,752,Erbprinzenstraße,100004165,Y2H16070301,8.4027153,49.0072864,(UTC+01:00) Europe/Paris DST,2013-05-18T21:00:00+02:00,58,84,na,142,15.0,0.0,na
Eco Counter GmbH,Stadt Karlsruhe,752,Erbprinzenstraße,100004165,Y2H16070301,8.4027153,49.0072864,(UTC+01:00) Europe/Paris DST,2013-05-18T22:00:00+02:00,45,73,na,118,13.0,0.0,na
Eco Counter GmbH,Stadt Karlsruhe,752,Erbprinzenstraße,100004165,Y2H16070301,8.4027153,49.0072864,(UTC+01:00) Europe/Paris DST,2013-05-18T23:00:00+02:00,59,60,na,119,12.0,0.0,na
Eco Counter GmbH,Stadt Karlsruhe,752,Erbprinzenstraße,100004165,Y2H16070301,8.4027153,49.0072864,(UTC+01:00) Europe/Paris DST,2013-05-19T00:00:00+02:00,57,34,na,91,12.0,0.0,na
Eco Counter GmbH,Stadt Karlsruhe,752,Erbprinzenstraße,100004165,Y2H16070301,8.4027153,49.0072864,(UTC+01:00) Europe/Paris DST,2013-05-19T01:00:00+02:00,56,52,na,108,11.0,0.0,na
Eco Counter GmbH,Stadt Karlsruhe,752,Erbprinzenstraße,100004165,Y2H16070301,8.4027153,49.0072864,(UTC+01:00) Europe/Paris DST,2013-05-19T02:00:00+02:00,22,22,na,44,10.0,0.0,na
Eco Counter GmbH,Stadt Karlsruhe,752,Erbprinzenstraße,100004165,Y2H16070301,8.4027153,49.0072864,(UTC+01:00) Europe/Paris DST,2013-05-19T03:00:00+02:00,19,28,na,47,9.0,0.0,na
Eco Counter GmbH,Stadt Karlsruhe,752,Erbprinzenstraße,100004165,Y2H16070301,8.4027153,49.0072864,(UTC+01:00) Europe/Paris DST,2013-05-19T04:00:00+02:00,6,10,na,16,10.0,0.0,na
Eco Counter GmbH,Stadt Karlsruhe,752,Erbprinzenstraße,100004165,Y2H16070301,8.4027153,49.0072864,(UTC+01:00) Europe/Paris DST,2013-05-19T05:00:00+02:00,12,9,na,21,10.0,0.6,na
Eco Counter GmbH,Stadt Karlsruhe,752,Erbprinzenstraße,100004165,Y2H16070301,8.4027153,49.0072864,(UTC+01:00) Europe/Paris DST,2013-05-19T06:00:00+02:00,3,4,na,7,11.0,0.3,na
Eco Counter GmbH,Stadt Karlsruhe,752,Erbprinzenstraße,100004165,Y2H16070301,8.4027153,49.0072864,(UTC+01:00) Europe/Paris DST,2013-05-19T07:00:00+02:00,10,11,na,21,12.0,0.2,na
Eco Counter GmbH,Stadt Karlsruhe,752,Erbprinzenstraße,100004165,Y2H16070301,8.4027153,49.0072864,(UTC+01:00) Europe/Paris DST,2013-05-19T08:00:00+02:00,11,8,na,19,12.0,0.5,na
Eco Counter GmbH,Stadt Karlsruhe,752,Erbprinzenstraße,100004165,Y2H16070301,8.4027153,49.0072864,(UTC+01:00) Europe/Paris DST,2013-05-19T09:00:00+02:00,19,23,na,42,13.0,0.5,na
Eco Counter GmbH,Stadt Karlsruhe,752,Erbprinzenstraße,100004165,Y2H16070301,8.4027153,49.0072864,(UTC+01:00) Europe/Paris DST,2013-05-19T10:00:00+02:00,25,38,na,63,14.0,0.3,na
Eco Counter GmbH,Stadt Karlsruhe,752,Erbprinzenstraße,100004165,Y2H16070301,8.4027153,49.0072864,(UTC+01:00) Europe/Paris DST,2013-05-19T11:00:00+02:00,33,44,na,77,14.0,0.1,na
Eco Counter GmbH,Stadt Karlsruhe,752,Erbprinzenstraße,100004165,Y2H16070301,8.4027153,49.0072864,(UTC+01:00) Europe/Paris DST,2013-05-19T12:00:00+02:00,35,41,na,76,13.0,0.3,na
Eco Counter GmbH,Stadt Karlsruhe,752,Erbprinzenstraße,100004165,Y2H16070301,8.4027153,49.0072864,(UTC+01:00) Europe/Paris DST,2013-05-19T13:00:00+02:00,43,48,na,91,12.0,0.6,na
Eco Counter GmbH,Stadt Karlsruhe,752,Erbprinzenstraße,100004165,Y2H16070301,8.4027153,49.0072864,(UTC+01:00) Europe/Paris DST,2013-05-19T14:00:00+02:00,28,53,na,81,11.0,1.4,na
Eco Counter GmbH,Stadt Karlsruhe,752,Erbprinzenstraße,100004165,Y2H16070301,8.4027153,49.0072864,(UTC+01:00) Europe/Paris DST,2013-05-19T15:00:00+02:00,12,19,na,31,11.0,1.9,na
Eco Counter GmbH,Stadt Karlsruhe,752,Erbprinzenstraße,100004165,Y2H16070301,8.4027153,49.0072864,(UTC+01:00) Europe/Paris DST,2013-05-19T16:00:00+02:00,16,21,na,37,10.0,1.5,na
Eco Counter GmbH,Stadt Karlsruhe,752,Erbprinzenstraße,100004165,Y2H16070301,8.4027153,49.0072864,(UTC+01:00) Europe/Paris DST,2013-05-19T17:00:00+02:00,13,16,na,29,10.0,1.1,na
Eco Counter GmbH,Stadt Karlsruhe,752,Erbprinzenstraße,100004165,Y2H16070301,8.4027153,49.0072864,(UTC+01:00) Europe/Paris DST,2013-05-19T18:00:00+02:00,24,30,na,54,10.0,0.9,na
Eco Counter GmbH,Stadt Karlsruhe,752,Erbprinzenstraße,100004165,Y2H16070301,8.4027153,49.0072864,(UTC+01:00) Europe/Paris DST,2013-05-19T19:00:00+02:00,31,22,na,53,9.0,0.7,na
Eco Counter GmbH,Stadt Karlsruhe,752,Erbprinzenstraße,100004165,Y2H16070301,8.4027153,49.0072864,(UTC+01:00) Europe/Paris DST,2013-05-19T20:00:00+02:00,22,30,na,52,9.0,0.0,na
Eco Counter GmbH,Stadt Karlsruhe,752,Erbprinzenstraße,100004165,Y2H16070301,8.4027153,49.0072864,(UTC+01:00) Europe/Paris DST,2013-05-19T21:00:00+02:00,23,33,na,56,9.0,0.0,na
Eco Counter GmbH,Stadt Karlsruhe,752,Erbprinzenstraße,100004165,Y2H16070301,8.4027153,49.0072864,(UTC+01:00) Europe/Paris DST,2013-05-19T22:00:00+02:00,14,21,na,35,9.0,0.0,na
Eco Counter GmbH,Stadt Karlsruhe,752,Erbprinzenstraße,100004165,Y2H16070301,8.4027153,49.0072864,(UTC+01:00) Europe/Paris DST,2013-05-19T23:00:00+02:00,14,14,na,28,8.0,0.0,na
Eco Counter GmbH,Stadt Karlsruhe,752,Erbprinzenstraße,100004165,Y2H16070301,8.4027153,49.0072864,(UTC+01:00) Europe/Paris DST,2013-05-20T00:00:00+02:00,9,17,na,26,9.0,0.0,na
Eco Counter GmbH,Stadt Karlsruhe,752,Erbprinzenstraße,100004165,Y2H16070301,8.4027153,49.0072864,(UTC+01:00) Europe/Paris DST,2013-05-20T01:00:00+02:00,8,13,na,21,9.0,0.0,na
Eco Counter GmbH,Stadt Karlsruhe,752,Erbprinzenstraße,100004165,Y2H16070301,8.4027153,49.0072864,(UTC+01:00) Europe/Paris DST,2013-05-20T02:00:00+02:00,5,4,na,9,9.0,0.1,na
Eco Counter GmbH,Stadt Karlsruhe,752,Erbprinzenstraße,100004165,Y2H16070301,8.4027153,49.0072864,(UTC+01:00) Europe/Paris DST,2013-05-20T03:00:00+02:00,0,11,na,11,9.0,0.2,na
Eco Counter GmbH,Stadt Karlsruhe,752,Erbprinzenstraße,100004165,Y2H16070301,8.4027153,49.0072864,(UTC+01:00) Europe/Paris DST,2013-05-20T04:00:00+02:00,7,5,na,12,9.0,0.2,na
Eco Counter GmbH,Stadt Karlsruhe,752,Erbprinzenstraße,100004165,Y2H16070301,8.4027153,49.0072864,(UTC+01:00) Europe/Paris DST,2013-05-20T05:00:00+02:00,7,4,na,11,9.0,0.1,na
Eco Counter GmbH,Stadt Karlsruhe,752,Erbprinzenstraße,100004165,Y2H16070301,8.4027153,49.0072864,(UTC+01:00) Europe/Paris DST,2013-05-20T06:00:00+02:00,7,4,na,11,10.0,0.1,na
Eco Counter GmbH,Stadt Karlsruhe,752,Erbprinzenstraße,100004165,Y2H16070301,8.4027153,49.0072864,(UTC+01:00) Europe/Paris DST,2013-05-20T07:00:00+02:00,5,5,na,10,11.0,0.2,na
Eco Counter GmbH,Stadt Karlsruhe,752,Erbprinzenstraße,100004165,Y2H16070301,8.4027153,49.0072864,(UTC+01:00) Europe/Paris DST,2013-05-20T08:00:00+02:00,2,5,na,7,12.0,0.2,na
Eco Counter GmbH,Stadt Karlsruhe,752,Erbprinzenstraße,100004165,Y2H16070301,8.4027153,49.0072864,(UTC+01:00) Europe/Paris DST,2013-05-20T09:00:00+02:00,10,21,na,31,12.0,0.2,na
Eco Counter GmbH,Stadt Karlsruhe,752,Erbprinzenstraße,100004165,Y2H16070301,8.4027153,49.0072864,(UTC+01:00) Europe/Paris DST,2013-05-20T10:00:00+02:00,23,36,na,59,13.0,0.3,na
Eco Counter GmbH,Stadt Karlsruhe,752,Erbprinzenstraße,100004165,Y2H16070301,8.4027153,49.0072864,(UTC+01:00) Europe/Paris DST,2013-05-20T11:00:00+02:00,41,36,na,77,13.0,0.5,na
Eco Counter GmbH,Stadt Karlsruhe,752,Erbprinzenstraße,100004165,Y2H16070301,8.4027153,49.0072864,(UTC+01:00) Europe/Paris DST,2013-05-20T12:00:00+02:00,44,61,na,105,14.0,0.5,na
Eco Counter GmbH,Stadt Karlsruhe,752,Erbprinzenstraße,100004165,Y2H16070301,8.4027153,49.0072864,(UTC+01:00) Europe/Paris DST,2013-05-20T13:00:00+02:00,55,44,na,99,14.0,0.5,na
Eco Counter GmbH,Stadt Karlsruhe,752,Erbprinzenstraße,100004165,Y2H16070301,8.4027153,49.0072864,(UTC+01:00) Europe/Paris DST,2013-05-20T14:00:00+02:00,31,58,na,89,14.0,0.4,na
Eco Counter GmbH,Stadt Karlsruhe,752,Erbprinzenstraße,100004165,Y2H16070301,8.4027153,49.0072864,(UTC+01:00) Europe/Paris DST,2013-05-20T15:00:00+02:00,56,58,na,114,13.0,0.3,na
Eco Counter GmbH,Stadt Karlsruhe,752,Erbprinzenstraße,100004165,Y2H16070301,8.4027153,49.0072864,(UTC+01:00) Europe/Paris DST,2013-05-20T16:00:00+02:00,57,61,na,118,12.0,0.2,na
Eco Counter GmbH,Stadt Karlsruhe,752,Erbprinzenstraße,100004165,Y2H16070301,8.4027153,49.0072864,(UTC+01:00) Europe/Paris DST,2013-05-20T17:00:00+02:00,60,70,na,130,11.0,0.1,na
Eco Counter GmbH,Stadt Karlsruhe,752,Erbprinzenstraße,100004165,Y2H16070301,8.4027153,49.0072864,(UTC+01:00) Europe/Paris DST,2013-05-20T18:00:00+02:00,65,57,na,122,11.0,0.1,na
Eco Counter GmbH,Stadt Karlsruhe,752,Erbprinzenstraße,100004165,Y2H16070301,8.4027153,49.0072864,(UTC+01:00) Europe/Paris DST,2013-05-20T19:00:00+02:00,53,56,na,109,10.0,0.2,na
Eco Counter GmbH,Stadt Karlsruhe,752,Erbprinzenstraße,100004165,Y2H16070301,8.4027153,49.0072864,(UTC+01:00) Europe/Paris DST,2013-05-20T20:00:00+02:00,40,69,na,109,9.0,0.1,na
Eco Counter GmbH,Stadt Karlsruhe,752,Erbprinzenstraße,100004165,Y2H16070301,8.4027153,49.0072864,(UTC+01:00) Europe/Paris DST,2013-05-20T21:00:00+02:00,39,53,na,92,9.0,0.2,na
Eco Counter GmbH,Stadt Karlsruhe,752,Erbprinzenstraße,100004165,Y2H16070301,8.4027153,49.0072864,(UTC+01:00) Europe/Paris DST,2013-05-20T22:00:00+02:00,37,37,na,74,9.0,0.2,na
Eco Counter GmbH,Stadt Karlsruhe,752,Erbprinzenstraße,100004165,Y2H16070301,8.4027153,49.0072864,(UTC+01:00) Europe/Paris DST,2013-05-20T23:00:00+02:00,28,25,na,53,9.0,0.1,na
Eco Counter GmbH,Stadt Karlsruhe,752,Erbprinzenstraße,100004165,Y2H16070301,8.4027153,49.0072864,(UTC+01:00) Europe/Paris DST,2013-05-21T00:00:00+02:00,12,21,na,33,8.0,0.2,na
Eco Counter GmbH,Stadt Karlsruhe,752,Erbprinzenstraße,100004165,Y2H16070301,8.4027153,49.0072864,(UTC+01:00) Europe/Paris DST,2013-05-21T01:00:00+02:00,6,10,na,16,8.0,0.2,na
Eco Counter GmbH,Stadt Karlsruhe,752,Erbprinzenstraße,100004165,Y2H16070301,8.4027153,49.0072864,(UTC+01:00) Europe/Paris DST,2013-05-21T02:00:00+02:00,2,6,na,8,8.0,0.3,na
Eco Counter GmbH,Stadt Karlsruhe,752,Erbprinzenstraße,100004165,Y2H16070301,8.4027153,49.0072864,(UTC+01:00) Europe/Paris DST,2013-05-21T03:00:00+02:00,3,2,na,5,8.0,0.2,na
Eco Counter GmbH,Stadt Karlsruhe,752,Erbprinzenstraße,100004165,Y2H16070301,8.4027153,49.0072864,(UTC+01:00) Europe/Paris DST,2013-05-21T04:00:00+02:00,2,4,na,6,8.0,0.1,na
Eco Counter GmbH,Stadt Karlsruhe,752,Erbprinzenstraße,100004165,Y2H16070301,8.4027153,49.0072864,(UTC+01:00) Europe/Paris DST,2013-05-21T05:00:00+02:00,9,16,na,25,9.0,0.0,na
Eco Counter GmbH,Stadt Karlsruhe,752,Erbprinzenstraße,100004165,Y2H16070301,8.4027153,49.0072864,(UTC+01:00) Europe/Paris DST,2013-05-21T06:00:00+02:00,23,36,na,59,9.0,0.0,na
Eco Counter GmbH,Stadt Karlsruhe,752,Erbprinzenstraße,100004165,Y2H16070301,8.4027153,49.0072864,(UTC+01:00) Europe/Paris DST,2013-05-21T07:00:00+02:00,69,99,na,168,10.0,0.0,na
Eco Counter GmbH,Stadt Karlsruhe,752,Erbprinzenstraße,100004165,Y2H16070301,8.4027153,49.0072864,(UTC+01:00) Europe/Paris DST,2013-05-21T08:00:00+02:00,93,178,na,271,11.0,0.0,na
Eco Counter GmbH,Stadt Karlsruhe,752,Erbprinzenstraße,100004165,Y2H16070301,8.4027153,49.0072864,(UTC+01:00) Europe/Paris DST,2013-05-21T09:00:00+02:00,132,185,na,317,12.0,0.0,na
Eco Counter GmbH,Stadt Karlsruhe,752,Erbprinzenstraße,100004165,Y2H16070301,8.4027153,49.0072864,(UTC+01:00) Europe/Paris DST,2013-05-21T10:00:00+02:00,115,198,na,313,13.0,0.0,na
Eco Counter GmbH,Stadt Karlsruhe,752,Erbprinzenstraße,100004165,Y2H16070301,8.4027153,49.0072864,(UTC+01:00) Europe/Paris DST,2013-05-21T11:00:00+02:00,148,202,na,350,14.0,0.1,na
Eco Counter GmbH,Stadt Karlsruhe,752,Erbprinzenstraße,100004165,Y2H16070301,8.4027153,49.0072864,(UTC+01:00) Europe/Paris DST,2013-05-21T12:00:00+02:00,155,190,na,345,14.0,0.1,na
Eco Counter GmbH,Stadt Karlsruhe,752,Erbprinzenstraße,100004165,Y2H16070301,8.4027153,49.0072864,(UTC+01:00) Europe/Paris DST,2013-05-21T13:00:00+02:00,158,211,na,369,15.0,0.0,na
Eco Counter GmbH,Stadt Karlsruhe,752,Erbprinzenstraße,100004165,Y2H16070301,8.4027153,49.0072864,(UTC+01:00) Europe/Paris DST,2013-05-21T14:00:00+02:00,153,199,na,352,15.0,0.0,na
Eco Counter GmbH,Stadt Karlsruhe,752,Erbprinzenstraße,100004165,Y2H16070301,8.4027153,49.0072864,(UTC+01:00) Europe/Paris DST,2013-05-21T15:00:00+02:00,180,200,na,380,15.0,0.0,na
Eco Counter GmbH,Stadt Karlsruhe,752,Erbprinzenstraße,100004165,Y2H16070301,8.4027153,49.0072864,(UTC+01:00) Europe/Paris DST,2013-05-21T16:00:00+02:00,186,223,na,409,14.0,0.0,na
Eco Counter GmbH,Stadt Karlsruhe,752,Erbprinzenstraße,100004165,Y2H16070301,8.4027153,49.0072864,(UTC+01:00) Europe/Paris DST,2013-05-21T17:00:00+02:00,233,277,na,510,14.0,0.0,na
Eco Counter GmbH,Stadt Karlsruhe,752,Erbprinzenstraße,100004165,Y2H16070301,8.4027153,49.0072864,(UTC+01:00) Europe/Paris DST,2013-05-21T18:00:00+02:00,214,256,na,470,13.0,0.0,na
Eco Counter GmbH,Stadt Karlsruhe,752,Erbprinzenstraße,100004165,Y2H16070301,8.4027153,49.0072864,(UTC+01:00) Europe/Paris DST,2013-05-21T19:00:00+02:00,140,196,na,336,12.0,0.0,na
Eco Counter GmbH,Stadt Karlsruhe,752,Erbprinzenstraße,100004165,Y2H16070301,8.4027153,49.0072864,(UTC+01:00) Europe/Paris DST,2013-05-21T20:00:00+02:00,81,137,na,218,11.0,0.0,na
Eco Counter GmbH,Stadt Karlsruhe,752,Erbprinzenstraße,100004165,Y2H16070301,8.4027153,49.0072864,(UTC+01:00) Europe/Paris DST,2013-05-21T21:00:00+02:00,61,92,na,153,10.0,0.0,na
Eco Counter GmbH,Stadt Karlsruhe,752,Erbprinzenstraße,100004165,Y2H16070301,8.4027153,49.0072864,(UTC+01:00) Europe/Paris DST,2013-05-21T22:00:00+02:00,47,64,na,111,10.0,0.0,na
Eco Counter GmbH,Stadt Karlsruhe,752,Erbprinzenstraße,100004165,Y2H16070301,8.4027153,49.0072864,(UTC+01:00) Europe/Paris DST,2013-05-21T23:00:00+02:00,28,41,na,69,9.0,0.0,na
Eco Counter GmbH,Stadt Karlsruhe,752,Erbprinzenstraße,100004165,Y2H16070301,8.4027153,49.0072864,(UTC+01:00) Europe/Paris DST,2013-05-22T00:00:00+02:00,27,25,na,52,9.0,0.1,na
Eco Counter GmbH,Stadt Karlsruhe,752,Erbprinzenstraße,100004165,Y2H16070301,8.4027153,49.0072864,(UTC+01:00) Europe/Paris DST,2013-05-22T01:00:00+02:00,4,8,na,12,9.0,0.5,na
Eco Counter GmbH,Stadt Karlsruhe,752,Erbprinzenstraße,100004165,Y2H16070301,8.4027153,49.0072864,(UTC+01:00) Europe/Paris DST,2013-05-22T02:00:00+02:00,4,5,na,9,9.0,0.5,na
Eco Counter GmbH,Stadt Karlsruhe,752,Erbprinzenstraße,100004165,Y2H16070301,8.4027153,49.0072864,(UTC+01:00) Europe/Paris DST,2013-05-22T03:00:00+02:00,3,5,na,8,9.0,0.4,na
Eco Counter GmbH,Stadt Karlsruhe,752,Erbprinzenstraße,100004165,Y2H16070301,8.4027153,49.0072864,(UTC+01:00) Europe/Paris DST,2013-05-22T04:00:00+02:00,6,6,na,12,9.0,0.4,na
Eco Counter GmbH,Stadt Karlsruhe,752,Erbprinzenstraße,100004165,Y2H16070301,8.4027153,49.0072864,(UTC+01:00) Europe/Paris DST,2013-05-22T05:00:00+02:00,11,11,na,22,8.0,0.4,na
Eco Counter GmbH,Stadt Karlsruhe,752,Erbprinzenstraße,100004165,Y2H16070301,8.4027153,49.0072864,(UTC+01:00) Europe/Paris DST,2013-05-22T06:00:00+02:00,20,25,na,45,9.0,0.5,na
Eco Counter GmbH,Stadt Karlsruhe,752,Erbprinzenstraße,100004165,Y2H16070301,8.4027153,49.0072864,(UTC+01:00) Europe/Paris DST,2013-05-22T07:00:00+02:00,65,98,na,163,9.0,0.7,na
Eco Counter GmbH,Stadt Karlsruhe,752,Erbprinzenstraße,100004165,Y2H16070301,8.4027153,49.0072864,(UTC+01:00) Europe/Paris DST,2013-05-22T08:00:00+02:00,107,160,na,267,9.0,0.7,na
Eco Counter GmbH,Stadt Karlsruhe,752,Erbprinzenstraße,100004165,Y2H16070301,8.4027153,49.0072864,(UTC+01:00) Europe/Paris DST,2013-05-22T09:00:00+02:00,106,177,na,283,10.0,0.8,na
Eco Counter GmbH,Stadt Karlsruhe,752,Erbprinzenstraße,100004165,Y2H16070301,8.4027153,49.0072864,(UTC+01:00) Europe/Paris DST,2013-05-22T10:00:00+02:00,87,110,na,197,10.0,0.6,na
Eco Counter GmbH,Stadt Karlsruhe,752,Erbprinzenstraße,100004165,Y2H16070301,8.4027153,49.0072864,(UTC+01:00) Europe/Paris DST,2013-05-22T11:00:00+02:00,121,144,na,265,11.0,0.6,na
Eco Counter GmbH,Stadt Karlsruhe,752,Erbprinzenstraße,100004165,Y2H16070301,8.4027153,49.0072864,(UTC+01:00) Europe/Paris DST,2013-05-22T12:00:00+02:00,103,132,na,235,11.0,0.2,na
Eco Counter GmbH,Stadt Karlsruhe,752,Erbprinzenstraße,100004165,Y2H16070301,8.4027153,49.0072864,(UTC+01:00) Europe/Paris DST,2013-05-22T13:00:00+02:00,124,139,na,263,11.0,0.1,na
Eco Counter GmbH,Stadt Karlsruhe,752,Erbprinzenstraße,100004165,Y2H16070301,8.4027153,49.0072864,(UTC+01:00) Europe/Paris DST,2013-05-22T14:00:00+02:00,115,112,na,227,11.0,0.0,na
Eco Counter GmbH,Stadt Karlsruhe,752,Erbprinzenstraße,100004165,Y2H16070301,8.4027153,49.0072864,(UTC+01:00) Europe/Paris DST,2013-05-22T15:00:00+02:00,170,185,na,355,11.0,0.0,na
Eco Counter GmbH,Stadt Karlsruhe,752,Erbprinzenstraße,100004165,Y2H16070301,8.4027153,49.0072864,(UTC+01:00) Europe/Paris DST,2013-05-22T16:00:00+02:00,163,161,na,324,11.0,0.0,na
Eco Counter GmbH,Stadt Karlsruhe,752,Erbprinzenstraße,100004165,Y2H16070301,8.4027153,49.0072864,(UTC+01:00) Europe/Paris DST,2013-05-22T17:00:00+02:00,167,199,na,366,11.0,0.0,na
Eco Counter GmbH,Stadt Karlsruhe,752,Erbprinzenstraße,100004165,Y2H16070301,8.4027153,49.0072864,(UTC+01:00) Europe/Paris DST,2013-05-22T18:00:00+02:00,166,189,na,355,11.0,0.0,na
Eco Counter GmbH,Stadt Karlsruhe,752,Erbprinzenstraße,100004165,Y2H16070301,8.4027153,49.0072864,(UTC+01:00) Europe/Paris DST,2013-05-22T19:00:00+02:00,111,173,na,284,10.0,0.0,na
Eco Counter GmbH,Stadt Karlsruhe,752,Erbprinzenstraße,100004165,Y2H16070301,8.4027153,49.0072864,(UTC+01:00) Europe/Paris DST,2013-05-22T20:00:00+02:00,80,105,na,185,9.0,0.0,na
Eco Counter GmbH,Stadt Karlsruhe,752,Erbprinzenstraße,100004165,Y2H16070301,8.4027153,49.0072864,(UTC+01:00) Europe/Paris DST,2013-05-22T21:00:00+02:00,61,73,na,134,8.0,0.0,na
Eco Counter GmbH,Stadt Karlsruhe,752,Erbprinzenstraße,100004165,Y2H16070301,8.4027153,49.0072864,(UTC+01:00) Europe/Paris DST,2013-05-22T22:00:00+02:00,45,51,na,96,8.0,0.0,na
Eco Counter GmbH,Stadt Karlsruhe,752,Erbprinzenstraße,100004165,Y2H16070301,8.4027153,49.0072864,(UTC+01:00) Europe/Paris DST,2013-05-22T23:00:00+02:00,37,47,na,84,7.0,0.0,na
Eco Counter GmbH,Stadt Karlsruhe,752,Erbprinzenstraße,100004165,Y2H16070301,8.4027153,49.0072864,(UTC+01:00) Europe/Paris DST,2013-05-23T00:00:00+02:00,19,39,na,58,7.0,0.0,na
Eco Counter GmbH,Stadt Karlsruhe,752,Erbprinzenstraße,100004165,Y2H16070301,8.4027153,49.0072864,(UTC+01:00) Europe/Paris DST,2013-05-23T01:00:00+02:00,10,11,na,21,6.0,0.0,na
Eco Counter GmbH,Stadt Karlsruhe,752,Erbprinzenstraße,100004165,Y2H16070301,8.4027153,49.0072864,(UTC+01:00) Europe/Paris DST,2013-05-23T02:00:00+02:00,5,4,na,9,5.0,0.0,na
Eco Counter GmbH,Stadt Karlsruhe,752,Erbprinzenstraße,100004165,Y2H16070301,8.4027153,49.0072864,(UTC+01:00) Europe/Paris DST,2013-05-23T03:00:00+02:00,5,5,na,10,5.0,0.0,na
Eco Counter GmbH,Stadt Karlsruhe,752,Erbprinzenstraße,100004165,Y2H16070301,8.4027153,49.0072864,(UTC+01:00) Europe/Paris DST,2013-05-23T04:00:00+02:00,15,4,na,19,6.0,0.0,na
Eco Counter GmbH,Stadt Karlsruhe,752,Erbprinzenstraße,100004165,Y2H16070301,8.4027153,49.0072864,(UTC+01:00) Europe/Paris DST,2013-05-23T05:00:00+02:00,10,22,na,32,7.0,0.0,na
Eco Counter GmbH,Stadt Karlsruhe,752,Erbprinzenstraße,100004165,Y2H16070301,8.4027153,49.0072864,(UTC+01:00) Europe/Paris DST,2013-05-23T06:00:00+02:00,31,37,na,68,8.0,0.0,na
Eco Counter GmbH,Stadt Karlsruhe,752,Erbprinzenstraße,100004165,Y2H16070301,8.4027153,49.0072864,(UTC+01:00) Europe/Paris DST,2013-05-23T07:00:00+02:00,65,113,na,178,10.0,0.0,na
Eco Counter GmbH,Stadt Karlsruhe,752,Erbprinzenstraße,100004165,Y2H16070301,8.4027153,49.0072864,(UTC+01:00) Europe/Paris DST,2013-05-23T08:00:00+02:00,144,186,na,330,11.0,0.0,na
Eco Counter GmbH,Stadt Karlsruhe,752,Erbprinzenstraße,100004165,Y2H16070301,8.4027153,49.0072864,(UTC+01:00) Europe/Paris DST,2013-05-23T09:00:00+02:00,139,186,na,325,12.0,0.0,na
Eco Counter GmbH,Stadt Karlsruhe,752,Erbprinzenstraße,100004165,Y2H16070301,8.4027153,49.0072864,(UTC+01:00) Europe/Paris DST,2013-05-23T10:00:00+02:00,125,151,na,276,13.0,0.0,na
Eco Counter GmbH,Stadt Karlsruhe,752,Erbprinzenstraße,100004165,Y2H16070301,8.4027153,49.0072864,(UTC+01:00) Europe/Paris DST,2013-05-23T11:00:00+02:00,125,165,na,290,13.0,0.0,na
Eco Counter GmbH,Stadt Karlsruhe,752,Erbprinzenstraße,100004165,Y2H16070301,8.4027153,49.0072864,(UTC+01:00) Europe/Paris DST,2013-05-23T12:00:00+02:00,148,180,na,328,12.0,0.3,na
Eco Counter GmbH,Stadt Karlsruhe,752,Erbprinzenstraße,100004165,Y2H16070301,8.4027153,49.0072864,(UTC+01:00) Europe/Paris DST,2013-05-23T13:00:00+02:00,118,178,na,296,10.0,0.6,na
Eco Counter GmbH,Stadt Karlsruhe,752,Erbprinzenstraße,100004165,Y2H16070301,8.4027153,49.0072864,(UTC+01:00) Europe/Paris DST,2013-05-23T14:00:00+02:00,87,111,na,198,9.0,0.7,na
Eco Counter GmbH,Stadt Karlsruhe,752,Erbprinzenstraße,100004165,Y2H16070301,8.4027153,49.0072864,(UTC+01:00) Europe/Paris DST,2013-05-23T15:00:00+02:00,86,96,na,182,8.0,1.1,na
Eco Counter GmbH,Stadt Karlsruhe,752,Erbprinzenstraße,100004165,Y2H16070301,8.4027153,49.0072864,(UTC+01:00) Europe/Paris DST,2013-05-23T16:00:00+02:00,131,122,na,253,8.0,0.4,na
Eco Counter GmbH,Stadt Karlsruhe,752,Erbprinzenstraße,100004165,Y2H16070301,8.4027153,49.0072864,(UTC+01:00) Europe/Paris DST,2013-05-23T17:00:00+02:00,156,181,na,337,8.0,0.2,na
Eco Counter GmbH,Stadt Karlsruhe,752,Erbprinzenstraße,100004165,Y2H16070301,8.4027153,49.0072864,(UTC+01:00) Europe/Paris DST,2013-05-23T18:00:00+02:00,136,140,na,276,7.0,0.0,na
Eco Counter GmbH,Stadt Karlsruhe,752,Erbprinzenstraße,100004165,Y2H16070301,8.4027153,49.0072864,(UTC+01:00) Europe/Paris DST,2013-05-23T19:00:00+02:00,108,157,na,265,6.0,0.0,na
Eco Counter GmbH,Stadt Karlsruhe,752,Erbprinzenstraße,100004165,Y2H16070301,8.4027153,49.0072864,(UTC+01:00) Europe/Paris DST,2013-05-23T20:00:00+02:00,86,86,na,172,6.0,0.0,na
Eco Counter GmbH,Stadt Karlsruhe,752,Erbprinzenstraße,100004165,Y2H16070301,8.4027153,49.0072864,(UTC+01:00) Europe/Paris DST,2013-05-23T21:00:00+02:00,34,54,na,88,5.0,0.0,na
Eco Counter GmbH,Stadt Karlsruhe,752,Erbprinzenstraße,100004165,Y2H16070301,8.4027153,49.0072864,(UTC+01:00) Europe/Paris DST,2013-05-23T22:00:00+02:00,36,51,na,87,4.0,0.0,na
Eco Counter GmbH,Stadt Karlsruhe,752,Erbprinzenstraße,100004165,Y2H16070301,8.4027153,49.0072864,(UTC+01:00) Europe/Paris DST,2013-05-23T23:00:00+02:00,31,36,na,67,4.0,0.0,na
Eco Counter GmbH,Stadt Karlsruhe,752,Erbprinzenstraße,100004165,Y2H16070301,8.4027153,49.0072864,(UTC+01:00) Europe/Paris DST,2013-05-24T00:00:00+02:00,19,18,na,37,4.0,0.0,na
Eco Counter GmbH,Stadt Karlsruhe,752,Erbprinzenstraße,100004165,Y2H16070301,8.4027153,49.0072864,(UTC+01:00) Europe/Paris DST,2013-05-24T01:00:00+02:00,5,2,na,7,3.0,0.0,na
Eco Counter GmbH,Stadt Karlsruhe,752,Erbprinzenstraße,100004165,Y2H16070301,8.4027153,49.0072864,(UTC+01:00) Europe/Paris DST,2013-05-24T02:00:00+02:00,14,7,na,21,3.0,0.0,na
Eco Counter GmbH,Stadt Karlsruhe,752,Erbprinzenstraße,100004165,Y2H16070301,8.4027153,49.0072864,(UTC+01:00) Europe/Paris DST,2013-05-24T03:00:00+02:00,7,9,na,16,4.0,0.0,na
Eco Counter GmbH,Stadt Karlsruhe,752,Erbprinzenstraße,100004165,Y2H16070301,8.4027153,49.0072864,(UTC+01:00) Europe/Paris DST,2013-05-24T04:00:00+02:00,1,8,na,9,4.0,0.0,na
Eco Counter GmbH,Stadt Karlsruhe,752,Erbprinzenstraße,100004165,Y2H16070301,8.4027153,49.0072864,(UTC+01:00) Europe/Paris DST,2013-05-24T05:00:00+02:00,11,24,na,35,4.0,0.0,na
Eco Counter GmbH,Stadt Karlsruhe,752,Erbprinzenstraße,100004165,Y2H16070301,8.4027153,49.0072864,(UTC+01:00) Europe/Paris DST,2013-05-24T06:00:00+02:00,30,42,na,72,5.0,0.0,na
Eco Counter GmbH,Stadt Karlsruhe,752,Erbprinzenstraße,100004165,Y2H16070301,8.4027153,49.0072864,(UTC+01:00) Europe/Paris DST,2013-05-24T07:00:00+02:00,62,61,na,123,6.0,0.0,na
Eco Counter GmbH,Stadt Karlsruhe,752,Erbprinzenstraße,100004165,Y2H16070301,8.4027153,49.0072864,(UTC+01:00) Europe/Paris DST,2013-05-24T08:00:00+02:00,118,152,na,270,7.0,0.0,na
Eco Counter GmbH,Stadt Karlsruhe,752,Erbprinzenstraße,100004165,Y2H16070301,8.4027153,49.0072864,(UTC+01:00) Europe/Paris DST,2013-05-24T09:00:00+02:00,85,122,na,207,8.0,0.0,na
Eco Counter GmbH,Stadt Karlsruhe,752,Erbprinzenstraße,100004165,Y2H16070301,8.4027153,49.0072864,(UTC+01:00) Europe/Paris DST,2013-05-24T10:00:00+02:00,88,84,na,172,10.0,0.1,na
Eco Counter GmbH,Stadt Karlsruhe,752,Erbprinzenstraße,100004165,Y2H16070301,8.4027153,49.0072864,(UTC+01:00) Europe/Paris DST,2013-05-24T11:00:00+02:00,113,143,na,256,11.0,0.2,na
Eco Counter GmbH,Stadt Karlsruhe,752,Erbprinzenstraße,100004165,Y2H16070301,8.4027153,49.0072864,(UTC+01:00) Europe/Paris DST,2013-05-24T12:00:00+02:00,125,198,na,323,12.0,0.1,na
Eco Counter GmbH,Stadt Karlsruhe,752,Erbprinzenstraße,100004165,Y2H16070301,8.4027153,49.0072864,(UTC+01:00) Europe/Paris DST,2013-05-24T13:00:00+02:00,148,170,na,318,12.0,0.0,na
Eco Counter GmbH,Stadt Karlsruhe,752,Erbprinzenstraße,100004165,Y2H16070301,8.4027153,49.0072864,(UTC+01:00) Europe/Paris DST,2013-05-24T14:00:00+02:00,153,183,na,336,12.0,0.0,na
Eco Counter GmbH,Stadt Karlsruhe,752,Erbprinzenstraße,100004165,Y2H16070301,8.4027153,49.0072864,(UTC+01:00) Europe/Paris DST,2013-05-24T15:00:00+02:00,149,170,na,319,13.0,0.0,na
Eco Counter GmbH,Stadt Karlsruhe,752,Erbprinzenstraße,100004165,Y2H16070301,8.4027153,49.0072864,(UTC+01:00) Europe/Paris DST,2013-05-24T16:00:00+02:00,174,186,na,360,12.0,0.0,na
Eco Counter GmbH,Stadt Karlsruhe,752,Erbprinzenstraße,100004165,Y2H16070301,8.4027153,49.0072864,(UTC+01:00) Europe/Paris DST,2013-05-24T17:00:00+02:00,156,208,na,364,11.0,0.0,na
Eco Counter GmbH,Stadt Karlsruhe,752,Erbprinzenstraße,100004165,Y2H16070301,8.4027153,49.0072864,(UTC+01:00) Europe/Paris DST,2013-05-24T18:00:00+02:00,152,240,na,392,11.0,0.0,na
Eco Counter GmbH,Stadt Karlsruhe,752,Erbprinzenstraße,100004165,Y2H16070301,8.4027153,49.0072864,(UTC+01:00) Europe/Paris DST,2013-05-24T19:00:00+02:00,112,173,na,285,9.0,0.0,na
Eco Counter GmbH,Stadt Karlsruhe,752,Erbprinzenstraße,100004165,Y2H16070301,8.4027153,49.0072864,(UTC+01:00) Europe/Paris DST,2013-05-24T20:00:00+02:00,90,113,na,203,7.0,0.0,na
Eco Counter GmbH,Stadt Karlsruhe,752,Erbprinzenstraße,100004165,Y2H16070301,8.4027153,49.0072864,(UTC+01:00) Europe/Paris DST,2013-05-24T21:00:00+02:00,50,69,na,119,6.0,0.0,na
Eco Counter GmbH,Stadt Karlsruhe,752,Erbprinzenstraße,100004165,Y2H16070301,8.4027153,49.0072864,(UTC+01:00) Europe/Paris DST,2013-05-24T22:00:00+02:00,47,58,na,105,5.0,0.0,na
Eco Counter GmbH,Stadt Karlsruhe,752,Erbprinzenstraße,100004165,Y2H16070301,8.4027153,49.0072864,(UTC+01:00) Europe/Paris DST,2013-05-24T23:00:00+02:00,37,58,na,95,4.0,0.0,na
Eco Counter GmbH,Stadt Karlsruhe,752,Erbprinzenstraße,100004165,Y2H16070301,8.4027153,49.0072864,(UTC+01:00) Europe/Paris DST,2013-05-25T00:00:00+02:00,28,31,na,59,4.0,0.0,na
Eco Counter GmbH,Stadt Karlsruhe,752,Erbprinzenstraße,100004165,Y2H16070301,8.4027153,49.0072864,(UTC+01:00) Europe/Paris DST,2013-05-25T01:00:00+02:00,17,27,na,44,4.0,0.0,na
Eco Counter GmbH,Stadt Karlsruhe,752,Erbprinzenstraße,100004165,Y2H16070301,8.4027153,49.0072864,(UTC+01:00) Europe/Paris DST,2013-05-25T02:00:00+02:00,15,14,na,29,4.0,0.0,na
Eco Counter GmbH,Stadt Karlsruhe,752,Erbprinzenstraße,100004165,Y2H16070301,8.4027153,49.0072864,(UTC+01:00) Europe/Paris DST,2013-05-25T03:00:00+02:00,13,17,na,30,4.0,0.0,na
Eco Counter GmbH,Stadt Karlsruhe,752,Erbprinzenstraße,100004165,Y2H16070301,8.4027153,49.0072864,(UTC+01:00) Europe/Paris DST,2013-05-25T04:00:00+02:00,12,11,na,23,5.0,0.0,na
Eco Counter GmbH,Stadt Karlsruhe,752,Erbprinzenstraße,100004165,Y2H16070301,8.4027153,49.0072864,(UTC+01:00) Europe/Paris DST,2013-05-25T05:00:00+02:00,9,15,na,24,6.0,0.0,na
Eco Counter GmbH,Stadt Karlsruhe,752,Erbprinzenstraße,100004165,Y2H16070301,8.4027153,49.0072864,(UTC+01:00) Europe/Paris DST,2013-05-25T06:00:00+02:00,8,3,na,11,7.0,0.0,na
Eco Counter GmbH,Stadt Karlsruhe,752,Erbprinzenstraße,100004165,Y2H16070301,8.4027153,49.0072864,(UTC+01:00) Europe/Paris DST,2013-05-25T07:00:00+02:00,11,14,na,25,9.0,0.0,na
Eco Counter GmbH,Stadt Karlsruhe,752,Erbprinzenstraße,100004165,Y2H16070301,8.4027153,49.0072864,(UTC+01:00) Europe/Paris DST,2013-05-25T08:00:00+02:00,25,29,na,54,10.0,0.0,na
Eco Counter GmbH,Stadt Karlsruhe,752,Erbprinzenstraße,100004165,Y2H16070301,8.4027153,49.0072864,(UTC+01:00) Europe/Paris DST,2013-05-25T09:00:00+02:00,74,80,na,154,11.0,0.0,na
Eco Counter GmbH,Stadt Karlsruhe,752,Erbprinzenstraße,100004165,Y2H16070301,8.4027153,49.0072864,(UTC+01:00) Europe/Paris DST,2013-05-25T10:00:00+02:00,110,116,na,226,12.0,0.0,na
Eco Counter GmbH,Stadt Karlsruhe,752,Erbprinzenstraße,100004165,Y2H16070301,8.4027153,49.0072864,(UTC+01:00) Europe/Paris DST,2013-05-25T11:00:00+02:00,117,119,na,236,13.0,0.2,na
Eco Counter GmbH,Stadt Karlsruhe,752,Erbprinzenstraße,100004165,Y2H16070301,8.4027153,49.0072864,(UTC+01:00) Europe/Paris DST,2013-05-25T12:00:00+02:00,119,154,na,273,14.0,0.0,na
Eco Counter GmbH,Stadt Karlsruhe,752,Erbprinzenstraße,100004165,Y2H16070301,8.4027153,49.0072864,(UTC+01:00) Europe/Paris DST,2013-05-25T13:00:00+02:00,172,191,na,363,14.0,0.0,na
Eco Counter GmbH,Stadt Karlsruhe,752,Erbprinzenstraße,100004165,Y2H16070301,8.4027153,49.0072864,(UTC+01:00) Europe/Paris DST,2013-05-25T14:00:00+02:00,147,192,na,339,14.0,0.3,na
Eco Counter GmbH,Stadt Karlsruhe,752,Erbprinzenstraße,100004165,Y2H16070301,8.4027153,49.0072864,(UTC+01:00) Europe/Paris DST,2013-05-25T15:00:00+02:00,121,148,na,269,14.0,0.2,na
Eco Counter GmbH,Stadt Karlsruhe,752,Erbprinzenstraße,100004165,Y2H16070301,8.4027153,49.0072864,(UTC+01:00) Europe/Paris DST,2013-05-25T16:00:00+02:00,107,142,na,249,13.0,0.3,na
Eco Counter GmbH,Stadt Karlsruhe,752,Erbprinzenstraße,100004165,Y2H16070301,8.4027153,49.0072864,(UTC+01:00) Europe/Paris DST,2013-05-25T17:00:00+02:00,120,150,na,270,12.0,0.0,na
Eco Counter GmbH,Stadt Karlsruhe,752,Erbprinzenstraße,100004165,Y2H16070301,8.4027153,49.0072864,(UTC+01:00) Europe/Paris DST,2013-05-25T18:00:00+02:00,95,168,na,263,12.0,0.2,na
Eco Counter GmbH,Stadt Karlsruhe,752,Erbprinzenstraße,100004165,Y2H16070301,8.4027153,49.0072864,(UTC+01:00) Europe/Paris DST,2013-05-25T19:00:00+02:00,81,157,na,238,11.0,0.0,na
Eco Counter GmbH,Stadt Karlsruhe,752,Erbprinzenstraße,100004165,Y2H16070301,8.4027153,49.0072864,(UTC+01:00) Europe/Paris DST,2013-05-25T20:00:00+02:00,77,144,na,221,10.0,0.0,na
Eco Counter GmbH,Stadt Karlsruhe,752,Erbprinzenstraße,100004165,Y2H16070301,8.4027153,49.0072864,(UTC+01:00) Europe/Paris DST,2013-05-25T21:00:00+02:00,31,43,na,74,9.0,0.0,na
Eco Counter GmbH,Stadt Karlsruhe,752,Erbprinzenstraße,100004165,Y2H16070301,8.4027153,49.0072864,(UTC+01:00) Europe/Paris DST,2013-05-25T22:00:00+02:00,35,52,na,87,8.0,0.0,na
Eco Counter GmbH,Stadt Karlsruhe,752,Erbprinzenstraße,100004165,Y2H16070301,8.4027153,49.0072864,(UTC+01:00) Europe/Paris DST,2013-05-25T23:00:00+02:00,64,80,na,144,8.0,0.0,na
Eco Counter GmbH,Stadt Karlsruhe,752,Erbprinzenstraße,100004165,Y2H16070301,8.4027153,49.0072864,(UTC+01:00) Europe/Paris DST,2013-05-26T00:00:00+02:00,49,57,na,106,7.0,0.0,na
Eco Counter GmbH,Stadt Karlsruhe,752,Erbprinzenstraße,100004165,Y2H16070301,8.4027153,49.0072864,(UTC+01:00) Europe/Paris DST,2013-05-26T01:00:00+02:00,24,30,na,54,7.0,0.0,na
Eco Counter GmbH,Stadt Karlsruhe,752,Erbprinzenstraße,100004165,Y2H16070301,8.4027153,49.0072864,(UTC+01:00) Europe/Paris DST,2013-05-26T02:00:00+02:00,13,27,na,40,6.0,0.1,na
Eco Counter GmbH,Stadt Karlsruhe,752,Erbprinzenstraße,100004165,Y2H16070301,8.4027153,49.0072864,(UTC+01:00) Europe/Paris DST,2013-05-26T03:00:00+02:00,21,22,na,43,6.0,0.2,na
Eco Counter GmbH,Stadt Karlsruhe,752,Erbprinzenstraße,100004165,Y2H16070301,8.4027153,49.0072864,(UTC+01:00) Europe/Paris DST,2013-05-26T04:00:00+02:00,15,11,na,26,6.0,0.3,na
Eco Counter GmbH,Stadt Karlsruhe,752,Erbprinzenstraße,100004165,Y2H16070301,8.4027153,49.0072864,(UTC+01:00) Europe/Paris DST,2013-05-26T05:00:00+02:00,9,11,na,20,6.0,0.2,na
Eco Counter GmbH,Stadt Karlsruhe,752,Erbprinzenstraße,100004165,Y2H16070301,8.4027153,49.0072864,(UTC+01:00) Europe/Paris DST,2013-05-26T06:00:00+02:00,7,5,na,12,6.0,0.0,na
Eco Counter GmbH,Stadt Karlsruhe,752,Erbprinzenstraße,100004165,Y2H16070301,8.4027153,49.0072864,(UTC+01:00) Europe/Paris DST,2013-05-26T07:00:00+02:00,2,7,na,9,6.0,0.0,na
Eco Counter GmbH,Stadt Karlsruhe,752,Erbprinzenstraße,100004165,Y2H16070301,8.4027153,49.0072864,(UTC+01:00) Europe/Paris DST,2013-05-26T08:00:00+02:00,5,8,na,13,7.0,0.0,na
Eco Counter GmbH,Stadt Karlsruhe,752,Erbprinzenstraße,100004165,Y2H16070301,8.4027153,49.0072864,(UTC+01:00) Europe/Paris DST,2013-05-26T09:00:00+02:00,23,16,na,39,7.0,0.0,na
Eco Counter GmbH,Stadt Karlsruhe,752,Erbprinzenstraße,100004165,Y2H16070301,8.4027153,49.0072864,(UTC+01:00) Europe/Paris DST,2013-05-26T10:00:00+02:00,19,26,na,45,6.0,0.3,na
Eco Counter GmbH,Stadt Karlsruhe,752,Erbprinzenstraße,100004165,Y2H16070301,8.4027153,49.0072864,(UTC+01:00) Europe/Paris DST,2013-05-26T11:00:00+02:00,32,24,na,56,6.0,0.7,na
Eco Counter GmbH,Stadt Karlsruhe,752,Erbprinzenstraße,100004165,Y2H16070301,8.4027153,49.0072864,(UTC+01:00) Europe/Paris DST,2013-05-26T12:00:00+02:00,23,26,na,49,6.0,1.2,na
Eco Counter GmbH,Stadt Karlsruhe,752,Erbprinzenstraße,100004165,Y2H16070301,8.4027153,49.0072864,(UTC+01:00) Europe/Paris DST,2013-05-26T13:00:00+02:00,20,17,na,37,7.0,1.4,na
Eco Counter GmbH,Stadt Karlsruhe,752,Erbprinzenstraße,100004165,Y2H16070301,8.4027153,49.0072864,(UTC+01:00) Europe/Paris DST,2013-05-26T14:00:00+02:00,17,29,na,46,7.0,1.3,na
Eco Counter GmbH,Stadt Karlsruhe,752,Erbprinzenstraße,100004165,Y2H16070301,8.4027153,49.0072864,(UTC+01:00) Europe/Paris DST,2013-05-26T15:00:00+02:00,10,19,na,29,7.0,1.1,na
Eco Counter GmbH,Stadt Karlsruhe,752,Erbprinzenstraße,100004165,Y2H16070301,8.4027153,49.0072864,(UTC+01:00) Europe/Paris DST,2013-05-26T16:00:00+02:00,8,22,na,30,8.0,1.1,na
Eco Counter GmbH,Stadt Karlsruhe,752,Erbprinzenstraße,100004165,Y2H16070301,8.4027153,49.0072864,(UTC+01:00) Europe/Paris DST,2013-05-26T17:00:00+02:00,20,18,na,38,8.0,1.1,na
Eco Counter GmbH,Stadt Karlsruhe,752,Erbprinzenstraße,100004165,Y2H16070301,8.4027153,49.0072864,(UTC+01:00) Europe/Paris DST,2013-05-26T18:00:00+02:00,18,18,na,36,8.0,1.2,na
Eco Counter GmbH,Stadt Karlsruhe,752,Erbprinzenstraße,100004165,Y2H16070301,8.4027153,49.0072864,(UTC+01:00) Europe/Paris DST,2013-05-26T19:00:00+02:00,14,17,na,31,8.0,1.2,na
Eco Counter GmbH,Stadt Karlsruhe,752,Erbprinzenstraße,100004165,Y2H16070301,8.4027153,49.0072864,(UTC+01:00) Europe/Paris DST,2013-05-26T20:00:00+02:00,10,11,na,21,8.0,0.9,na
Eco Counter GmbH,Stadt Karlsruhe,752,Erbprinzenstraße,100004165,Y2H16070301,8.4027153,49.0072864,(UTC+01:00) Europe/Paris DST,2013-05-26T21:00:00+02:00,7,13,na,20,7.0,0.9,na
Eco Counter GmbH,Stadt Karlsruhe,752,Erbprinzenstraße,100004165,Y2H16070301,8.4027153,49.0072864,(UTC+01:00) Europe/Paris DST,2013-05-26T22:00:00+02:00,6,10,na,16,7.0,0.9,na
Eco Counter GmbH,Stadt Karlsruhe,752,Erbprinzenstraße,100004165,Y2H16070301,8.4027153,49.0072864,(UTC+01:00) Europe/Paris DST,2013-05-26T23:00:00+02:00,10,4,na,14,7.0,0.9,na
Eco Counter GmbH,Stadt Karlsruhe,752,Erbprinzenstraße,100004165,Y2H16070301,8.4027153,49.0072864,(UTC+01:00) Europe/Paris DST,2013-05-27T00:00:00+02:00,4,8,na,12,7.0,0.8,na
Eco Counter GmbH,Stadt Karlsruhe,752,Erbprinzenstraße,100004165,Y2H16070301,8.4027153,49.0072864,(UTC+01:00) Europe/Paris DST,2013-05-27T01:00:00+02:00,3,3,na,6,7.0,0.6,na
Eco Counter GmbH,Stadt Karlsruhe,752,Erbprinzenstraße,100004165,Y2H16070301,8.4027153,49.0072864,(UTC+01:00) Europe/Paris DST,2013-05-27T02:00:00+02:00,0,2,na,2,7.0,0.4,na
Eco Counter GmbH,Stadt Karlsruhe,752,Erbprinzenstraße,100004165,Y2H16070301,8.4027153,49.0072864,(UTC+01:00) Europe/Paris DST,2013-05-27T03:00:00+02:00,1,4,na,5,7.0,0.2,na
Eco Counter GmbH,Stadt Karlsruhe,752,Erbprinzenstraße,100004165,Y2H16070301,8.4027153,49.0072864,(UTC+01:00) Europe/Paris DST,2013-05-27T04:00:00+02:00,1,2,na,3,7.0,0.0,na
Eco Counter GmbH,Stadt Karlsruhe,752,Erbprinzenstraße,100004165,Y2H16070301,8.4027153,49.0072864,(UTC+01:00) Europe/Paris DST,2013-05-27T05:00:00+02:00,12,20,na,32,7.0,0.0,na
Eco Counter GmbH,Stadt Karlsruhe,752,Erbprinzenstraße,100004165,Y2H16070301,8.4027153,49.0072864,(UTC+01:00) Europe/Paris DST,2013-05-27T06:00:00+02:00,25,29,na,54,8.0,0.0,na
Eco Counter GmbH,Stadt Karlsruhe,752,Erbprinzenstraße,100004165,Y2H16070301,8.4027153,49.0072864,(UTC+01:00) Europe/Paris DST,2013-05-27T07:00:00+02:00,60,114,na,174,10.0,0.0,na
Eco Counter GmbH,Stadt Karlsruhe,752,Erbprinzenstraße,100004165,Y2H16070301,8.4027153,49.0072864,(UTC+01:00) Europe/Paris DST,2013-05-27T08:00:00+02:00,112,169,na,281,11.0,0.0,na
Eco Counter GmbH,Stadt Karlsruhe,752,Erbprinzenstraße,100004165,Y2H16070301,8.4027153,49.0072864,(UTC+01:00) Europe/Paris DST,2013-05-27T09:00:00+02:00,140,153,na,293,12.0,0.0,na
Eco Counter GmbH,Stadt Karlsruhe,752,Erbprinzenstraße,100004165,Y2H16070301,8.4027153,49.0072864,(UTC+01:00) Europe/Paris DST,2013-05-27T10:00:00+02:00,104,103,na,207,14.0,0.0,na
Eco Counter GmbH,Stadt Karlsruhe,752,Erbprinzenstraße,100004165,Y2H16070301,8.4027153,49.0072864,(UTC+01:00) Europe/Paris DST,2013-05-27T11:00:00+02:00,156,119,na,275,15.0,0.0,na
Eco Counter GmbH,Stadt Karlsruhe,752,Erbprinzenstraße,100004165,Y2H16070301,8.4027153,49.0072864,(UTC+01:00) Europe/Paris DST,2013-05-27T12:00:00+02:00,137,165,na,302,16.0,0.0,na
Eco Counter GmbH,Stadt Karlsruhe,752,Erbprinzenstraße,100004165,Y2H16070301,8.4027153,49.0072864,(UTC+01:00) Europe/Paris DST,2013-05-27T13:00:00+02:00,127,157,na,284,17.0,0.0,na
Eco Counter GmbH,Stadt Karlsruhe,752,Erbprinzenstraße,100004165,Y2H16070301,8.4027153,49.0072864,(UTC+01:00) Europe/Paris DST,2013-05-27T14:00:00+02:00,124,146,na,270,18.0,0.0,na
Eco Counter GmbH,Stadt Karlsruhe,752,Erbprinzenstraße,100004165,Y2H16070301,8.4027153,49.0072864,(UTC+01:00) Europe/Paris DST,2013-05-27T15:00:00+02:00,190,163,na,353,18.0,0.0,na
Eco Counter GmbH,Stadt Karlsruhe,752,Erbprinzenstraße,100004165,Y2H16070301,8.4027153,49.0072864,(UTC+01:00) Europe/Paris DST,2013-05-27T16:00:00+02:00,170,195,na,365,17.0,0.0,na
Eco Counter GmbH,Stadt Karlsruhe,752,Erbprinzenstraße,100004165,Y2H16070301,8.4027153,49.0072864,(UTC+01:00) Europe/Paris DST,2013-05-27T17:00:00+02:00,234,225,na,459,17.0,0.0,na
Eco Counter GmbH,Stadt Karlsruhe,752,Erbprinzenstraße,100004165,Y2H16070301,8.4027153,49.0072864,(UTC+01:00) Europe/Paris DST,2013-05-27T18:00:00+02:00,220,238,na,458,16.0,0.0,na
Eco Counter GmbH,Stadt Karlsruhe,752,Erbprinzenstraße,100004165,Y2H16070301,8.4027153,49.0072864,(UTC+01:00) Europe/Paris DST,2013-05-27T19:00:00+02:00,196,207,na,403,15.0,0.0,na
Eco Counter GmbH,Stadt Karlsruhe,752,Erbprinzenstraße,100004165,Y2H16070301,8.4027153,49.0072864,(UTC+01:00) Europe/Paris DST,2013-05-27T20:00:00+02:00,109,140,na,249,13.0,0.0,na
Eco Counter GmbH,Stadt Karlsruhe,752,Erbprinzenstraße,100004165,Y2H16070301,8.4027153,49.0072864,(UTC+01:00) Europe/Paris DST,2013-05-27T21:00:00+02:00,67,87,na,154,11.0,0.0,na
Eco Counter GmbH,Stadt Karlsruhe,752,Erbprinzenstraße,100004165,Y2H16070301,8.4027153,49.0072864,(UTC+01:00) Europe/Paris DST,2013-05-27T22:00:00+02:00,67,73,na,140,10.0,0.0,na
Eco Counter GmbH,Stadt Karlsruhe,752,Erbprinzenstraße,100004165,Y2H16070301,8.4027153,49.0072864,(UTC+01:00) Europe/Paris DST,2013-05-27T23:00:00+02:00,40,50,na,90,8.0,0.0,na
Eco Counter GmbH,Stadt Karlsruhe,752,Erbprinzenstraße,100004165,Y2H16070301,8.4027153,49.0072864,(UTC+01:00) Europe/Paris DST,2013-05-28T00:00:00+02:00,32,31,na,63,7.0,0.0,na
Eco Counter GmbH,Stadt Karlsruhe,752,Erbprinzenstraße,100004165,Y2H16070301,8.4027153,49.0072864,(UTC+01:00) Europe/Paris DST,2013-05-28T01:00:00+02:00,27,22,na,49,6.0,0.0,na
Eco Counter GmbH,Stadt Karlsruhe,752,Erbprinzenstraße,100004165,Y2H16070301,8.4027153,49.0072864,(UTC+01:00) Europe/Paris DST,2013-05-28T02:00:00+02:00,5,6,na,11,6.0,0.0,na
Eco Counter GmbH,Stadt Karlsruhe,752,Erbprinzenstraße,100004165,Y2H16070301,8.4027153,49.0072864,(UTC+01:00) Europe/Paris DST,2013-05-28T03:00:00+02:00,3,4,na,7,6.0,0.0,na
Eco Counter GmbH,Stadt Karlsruhe,752,Erbprinzenstraße,100004165,Y2H16070301,8.4027153,49.0072864,(UTC+01:00) Europe/Paris DST,2013-05-28T04:00:00+02:00,4,5,na,9,7.0,0.0,na
Eco Counter GmbH,Stadt Karlsruhe,752,Erbprinzenstraße,100004165,Y2H16070301,8.4027153,49.0072864,(UTC+01:00) Europe/Paris DST,2013-05-28T05:00:00+02:00,11,18,na,29,9.0,0.0,na
Eco Counter GmbH,Stadt Karlsruhe,752,Erbprinzenstraße,100004165,Y2H16070301,8.4027153,49.0072864,(UTC+01:00) Europe/Paris DST,2013-05-28T06:00:00+02:00,34,32,na,66,11.0,0.0,na
Eco Counter GmbH,Stadt Karlsruhe,752,Erbprinzenstraße,100004165,Y2H16070301,8.4027153,49.0072864,(UTC+01:00) Europe/Paris DST,2013-05-28T07:00:00+02:00,73,111,na,184,13.0,0.0,na
Eco Counter GmbH,Stadt Karlsruhe,752,Erbprinzenstraße,100004165,Y2H16070301,8.4027153,49.0072864,(UTC+01:00) Europe/Paris DST,2013-05-28T08:00:00+02:00,139,199,na,338,16.0,0.0,na
Eco Counter GmbH,Stadt Karlsruhe,752,Erbprinzenstraße,100004165,Y2H16070301,8.4027153,49.0072864,(UTC+01:00) Europe/Paris DST,2013-05-28T09:00:00+02:00,167,175,na,342,18.0,0.0,na
Eco Counter GmbH,Stadt Karlsruhe,752,Erbprinzenstraße,100004165,Y2H16070301,8.4027153,49.0072864,(UTC+01:00) Europe/Paris DST,2013-05-28T10:00:00+02:00,142,149,na,291,19.0,0.0,na
Eco Counter GmbH,Stadt Karlsruhe,752,Erbprinzenstraße,100004165,Y2H16070301,8.4027153,49.0072864,(UTC+01:00) Europe/Paris DST,2013-05-28T11:00:00+02:00,174,162,na,336,20.0,0.0,na
Eco Counter GmbH,Stadt Karlsruhe,752,Erbprinzenstraße,100004165,Y2H16070301,8.4027153,49.0072864,(UTC+01:00) Europe/Paris DST,2013-05-28T12:00:00+02:00,185,182,na,367,21.0,0.0,na
Eco Counter GmbH,Stadt Karlsruhe,752,Erbprinzenstraße,100004165,Y2H16070301,8.4027153,49.0072864,(UTC+01:00) Europe/Paris DST,2013-05-28T13:00:00+02:00,179,172,na,351,22.0,0.0,na
Eco Counter GmbH,Stadt Karlsruhe,752,Erbprinzenstraße,100004165,Y2H16070301,8.4027153,49.0072864,(UTC+01:00) Europe/Paris DST,2013-05-28T14:00:00+02:00,178,169,na,347,22.0,0.0,na
Eco Counter GmbH,Stadt Karlsruhe,752,Erbprinzenstraße,100004165,Y2H16070301,8.4027153,49.0072864,(UTC+01:00) Europe/Paris DST,2013-05-28T15:00:00+02:00,194,175,na,369,21.0,0.0,na
Eco Counter GmbH,Stadt Karlsruhe,752,Erbprinzenstraße,100004165,Y2H16070301,8.4027153,49.0072864,(UTC+01:00) Europe/Paris DST,2013-05-28T16:00:00+02:00,286,128,na,414,20.0,0.0,na
Eco Counter GmbH,Stadt Karlsruhe,752,Erbprinzenstraße,100004165,Y2H16070301,8.4027153,49.0072864,(UTC+01:00) Europe/Paris DST,2013-05-28T17:00:00+02:00,441,63,na,504,19.0,0.0,na
Eco Counter GmbH,Stadt Karlsruhe,752,Erbprinzenstraße,100004165,Y2H16070301,8.4027153,49.0072864,(UTC+01:00) Europe/Paris DST,2013-05-28T18:00:00+02:00,210,266,na,476,18.0,0.0,na
Eco Counter GmbH,Stadt Karlsruhe,752,Erbprinzenstraße,100004165,Y2H16070301,8.4027153,49.0072864,(UTC+01:00) Europe/Paris DST,2013-05-28T19:00:00+02:00,77,99,na,176,16.0,0.3,na
Eco Counter GmbH,Stadt Karlsruhe,752,Erbprinzenstraße,100004165,Y2H16070301,8.4027153,49.0072864,(UTC+01:00) Europe/Paris DST,2013-05-28T20:00:00+02:00,55,78,na,133,14.0,0.9,na
Eco Counter GmbH,Stadt Karlsruhe,752,Erbprinzenstraße,100004165,Y2H16070301,8.4027153,49.0072864,(UTC+01:00) Europe/Paris DST,2013-05-28T21:00:00+02:00,56,48,na,104,13.0,1.1,na
Eco Counter GmbH,Stadt Karlsruhe,752,Erbprinzenstraße,100004165,Y2H16070301,8.4027153,49.0072864,(UTC+01:00) Europe/Paris DST,2013-05-28T22:00:00+02:00,25,40,na,65,12.0,1.8,na
Eco Counter GmbH,Stadt Karlsruhe,752,Erbprinzenstraße,100004165,Y2H16070301,8.4027153,49.0072864,(UTC+01:00) Europe/Paris DST,2013-05-28T23:00:00+02:00,18,14,na,32,11.0,1.9,na
Eco Counter GmbH,Stadt Karlsruhe,752,Erbprinzenstraße,100004165,Y2H16070301,8.4027153,49.0072864,(UTC+01:00) Europe/Paris DST,2013-05-29T00:00:00+02:00,13,18,na,31,10.0,1.8,na
Eco Counter GmbH,Stadt Karlsruhe,752,Erbprinzenstraße,100004165,Y2H16070301,8.4027153,49.0072864,(UTC+01:00) Europe/Paris DST,2013-05-29T01:00:00+02:00,11,10,na,21,9.0,1.5,na
Eco Counter GmbH,Stadt Karlsruhe,752,Erbprinzenstraße,100004165,Y2H16070301,8.4027153,49.0072864,(UTC+01:00) Europe/Paris DST,2013-05-29T02:00:00+02:00,2,5,na,7,9.0,1.3,na
Eco Counter GmbH,Stadt Karlsruhe,752,Erbprinzenstraße,100004165,Y2H16070301,8.4027153,49.0072864,(UTC+01:00) Europe/Paris DST,2013-05-29T03:00:00+02:00,3,2,na,5,9.0,0.9,na
Eco Counter GmbH,Stadt Karlsruhe,752,Erbprinzenstraße,100004165,Y2H16070301,8.4027153,49.0072864,(UTC+01:00) Europe/Paris DST,2013-05-29T04:00:00+02:00,1,3,na,4,9.0,0.6,na
Eco Counter GmbH,Stadt Karlsruhe,752,Erbprinzenstraße,100004165,Y2H16070301,8.4027153,49.0072864,(UTC+01:00) Europe/Paris DST,2013-05-29T05:00:00+02:00,15,8,na,23,9.0,0.5,na
Eco Counter GmbH,Stadt Karlsruhe,752,Erbprinzenstraße,100004165,Y2H16070301,8.4027153,49.0072864,(UTC+01:00) Europe/Paris DST,2013-05-29T06:00:00+02:00,16,10,na,26,9.0,0.6,na
Eco Counter GmbH,Stadt Karlsruhe,752,Erbprinzenstraße,100004165,Y2H16070301,8.4027153,49.0072864,(UTC+01:00) Europe/Paris DST,2013-05-29T07:00:00+02:00,39,52,na,91,9.0,0.8,na
Eco Counter GmbH,Stadt Karlsruhe,752,Erbprinzenstraße,100004165,Y2H16070301,8.4027153,49.0072864,(UTC+01:00) Europe/Paris DST,2013-05-29T08:00:00+02:00,78,93,na,171,10.0,0.7,na
Eco Counter GmbH,Stadt Karlsruhe,752,Erbprinzenstraße,100004165,Y2H16070301,8.4027153,49.0072864,(UTC+01:00) Europe/Paris DST,2013-05-29T09:00:00+02:00,104,120,na,224,10.0,0.8,na
Eco Counter GmbH,Stadt Karlsruhe,752,Erbprinzenstraße,100004165,Y2H16070301,8.4027153,49.0072864,(UTC+01:00) Europe/Paris DST,2013-05-29T10:00:00+02:00,70,68,na,138,11.0,0.6,na
Eco Counter GmbH,Stadt Karlsruhe,752,Erbprinzenstraße,100004165,Y2H16070301,8.4027153,49.0072864,(UTC+01:00) Europe/Paris DST,2013-05-29T11:00:00+02:00,77,99,na,176,11.0,0.6,na
Eco Counter GmbH,Stadt Karlsruhe,752,Erbprinzenstraße,100004165,Y2H16070301,8.4027153,49.0072864,(UTC+01:00) Europe/Paris DST,2013-05-29T12:00:00+02:00,83,96,na,179,11.0,0.6,na
Eco Counter GmbH,Stadt Karlsruhe,752,Erbprinzenstraße,100004165,Y2H16070301,8.4027153,49.0072864,(UTC+01:00) Europe/Paris DST,2013-05-29T13:00:00+02:00,120,122,na,242,12.0,0.4,na
Eco Counter GmbH,Stadt Karlsruhe,752,Erbprinzenstraße,100004165,Y2H16070301,8.4027153,49.0072864,(UTC+01:00) Europe/Paris DST,2013-05-29T14:00:00+02:00,99,102,na,201,12.0,0.4,na
Eco Counter GmbH,Stadt Karlsruhe,752,Erbprinzenstraße,100004165,Y2H16070301,8.4027153,49.0072864,(UTC+01:00) Europe/Paris DST,2013-05-29T15:00:00+02:00,109,128,na,237,12.0,0.4,na
Eco Counter GmbH,Stadt Karlsruhe,752,Erbprinzenstraße,100004165,Y2H16070301,8.4027153,49.0072864,(UTC+01:00) Europe/Paris DST,2013-05-29T16:00:00+02:00,132,128,na,260,12.0,0.1,na
Eco Counter GmbH,Stadt Karlsruhe,752,Erbprinzenstraße,100004165,Y2H16070301,8.4027153,49.0072864,(UTC+01:00) Europe/Paris DST,2013-05-29T17:00:00+02:00,130,141,na,271,12.0,0.0,na
Eco Counter GmbH,Stadt Karlsruhe,752,Erbprinzenstraße,100004165,Y2H16070301,8.4027153,49.0072864,(UTC+01:00) Europe/Paris DST,2013-05-29T18:00:00+02:00,115,128,na,243,11.0,0.0,na
Eco Counter GmbH,Stadt Karlsruhe,752,Erbprinzenstraße,100004165,Y2H16070301,8.4027153,49.0072864,(UTC+01:00) Europe/Paris DST,2013-05-29T19:00:00+02:00,111,104,na,215,10.0,0.0,na
Eco Counter GmbH,Stadt Karlsruhe,752,Erbprinzenstraße,100004165,Y2H16070301,8.4027153,49.0072864,(UTC+01:00) Europe/Paris DST,2013-05-29T20:00:00+02:00,75,80,na,155,9.0,0.0,na
Eco Counter GmbH,Stadt Karlsruhe,752,Erbprinzenstraße,100004165,Y2H16070301,8.4027153,49.0072864,(UTC+01:00) Europe/Paris DST,2013-05-29T21:00:00+02:00,52,42,na,94,8.0,0.0,na
Eco Counter GmbH,Stadt Karlsruhe,752,Erbprinzenstraße,100004165,Y2H16070301,8.4027153,49.0072864,(UTC+01:00) Europe/Paris DST,2013-05-29T22:00:00+02:00,53,71,na,124,8.0,0.0,na
Eco Counter GmbH,Stadt Karlsruhe,752,Erbprinzenstraße,100004165,Y2H16070301,8.4027153,49.0072864,(UTC+01:00) Europe/Paris DST,2013-05-29T23:00:00+02:00,39,34,na,73,7.0,0.0,na
Eco Counter GmbH,Stadt Karlsruhe,752,Erbprinzenstraße,100004165,Y2H16070301,8.4027153,49.0072864,(UTC+01:00) Europe/Paris DST,2013-05-30T00:00:00+02:00,30,57,na,87,6.0,0.0,na
Eco Counter GmbH,Stadt Karlsruhe,752,Erbprinzenstraße,100004165,Y2H16070301,8.4027153,49.0072864,(UTC+01:00) Europe/Paris DST,2013-05-30T01:00:00+02:00,26,26,na,52,6.0,0.0,na
Eco Counter GmbH,Stadt Karlsruhe,752,Erbprinzenstraße,100004165,Y2H16070301,8.4027153,49.0072864,(UTC+01:00) Europe/Paris DST,2013-05-30T02:00:00+02:00,23,19,na,42,5.0,0.0,na
Eco Counter GmbH,Stadt Karlsruhe,752,Erbprinzenstraße,100004165,Y2H16070301,8.4027153,49.0072864,(UTC+01:00) Europe/Paris DST,2013-05-30T03:00:00+02:00,11,16,na,27,5.0,0.0,na
Eco Counter GmbH,Stadt Karlsruhe,752,Erbprinzenstraße,100004165,Y2H16070301,8.4027153,49.0072864,(UTC+01:00) Europe/Paris DST,2013-05-30T04:00:00+02:00,17,8,na,25,6.0,0.0,na
Eco Counter GmbH,Stadt Karlsruhe,752,Erbprinzenstraße,100004165,Y2H16070301,8.4027153,49.0072864,(UTC+01:00) Europe/Paris DST,2013-05-30T05:00:00+02:00,8,10,na,18,7.0,0.0,na
Eco Counter GmbH,Stadt Karlsruhe,752,Erbprinzenstraße,100004165,Y2H16070301,8.4027153,49.0072864,(UTC+01:00) Europe/Paris DST,2013-05-30T06:00:00+02:00,11,3,na,14,9.0,0.0,na
Eco Counter GmbH,Stadt Karlsruhe,752,Erbprinzenstraße,100004165,Y2H16070301,8.4027153,49.0072864,(UTC+01:00) Europe/Paris DST,2013-05-30T07:00:00+02:00,8,12,na,20,10.0,0.0,na
Eco Counter GmbH,Stadt Karlsruhe,752,Erbprinzenstraße,100004165,Y2H16070301,8.4027153,49.0072864,(UTC+01:00) Europe/Paris DST,2013-05-30T08:00:00+02:00,7,20,na,27,12.0,0.0,na
Eco Counter GmbH,Stadt Karlsruhe,752,Erbprinzenstraße,100004165,Y2H16070301,8.4027153,49.0072864,(UTC+01:00) Europe/Paris DST,2013-05-30T09:00:00+02:00,28,35,na,63,13.0,0.0,na
Eco Counter GmbH,Stadt Karlsruhe,752,Erbprinzenstraße,100004165,Y2H16070301,8.4027153,49.0072864,(UTC+01:00) Europe/Paris DST,2013-05-30T10:00:00+02:00,54,37,na,91,14.0,0.1,na
Eco Counter GmbH,Stadt Karlsruhe,752,Erbprinzenstraße,100004165,Y2H16070301,8.4027153,49.0072864,(UTC+01:00) Europe/Paris DST,2013-05-30T11:00:00+02:00,61,59,na,120,15.0,0.0,na
Eco Counter GmbH,Stadt Karlsruhe,752,Erbprinzenstraße,100004165,Y2H16070301,8.4027153,49.0072864,(UTC+01:00) Europe/Paris DST,2013-05-30T12:00:00+02:00,81,60,na,141,16.0,0.0,na
Eco Counter GmbH,Stadt Karlsruhe,752,Erbprinzenstraße,100004165,Y2H16070301,8.4027153,49.0072864,(UTC+01:00) Europe/Paris DST,2013-05-30T13:00:00+02:00,96,86,na,182,17.0,0.0,na
Eco Counter GmbH,Stadt Karlsruhe,752,Erbprinzenstraße,100004165,Y2H16070301,8.4027153,49.0072864,(UTC+01:00) Europe/Paris DST,2013-05-30T14:00:00+02:00,96,79,na,175,17.0,0.0,na
Eco Counter GmbH,Stadt Karlsruhe,752,Erbprinzenstraße,100004165,Y2H16070301,8.4027153,49.0072864,(UTC+01:00) Europe/Paris DST,2013-05-30T15:00:00+02:00,90,130,na,220,17.0,0.0,na
Eco Counter GmbH,Stadt Karlsruhe,752,Erbprinzenstraße,100004165,Y2H16070301,8.4027153,49.0072864,(UTC+01:00) Europe/Paris DST,2013-05-30T16:00:00+02:00,76,96,na,172,16.0,0.0,na
Eco Counter GmbH,Stadt Karlsruhe,752,Erbprinzenstraße,100004165,Y2H16070301,8.4027153,49.0072864,(UTC+01:00) Europe/Paris DST,2013-05-30T17:00:00+02:00,83,107,na,190,15.0,0.0,na
Eco Counter GmbH,Stadt Karlsruhe,752,Erbprinzenstraße,100004165,Y2H16070301,8.4027153,49.0072864,(UTC+01:00) Europe/Paris DST,2013-05-30T18:00:00+02:00,82,75,na,157,14.0,0.0,na
Eco Counter GmbH,Stadt Karlsruhe,752,Erbprinzenstraße,100004165,Y2H16070301,8.4027153,49.0072864,(UTC+01:00) Europe/Paris DST,2013-05-30T19:00:00+02:00,88,86,na,174,13.0,0.0,na
Eco Counter GmbH,Stadt Karlsruhe,752,Erbprinzenstraße,100004165,Y2H16070301,8.4027153,49.0072864,(UTC+01:00) Europe/Paris DST,2013-05-30T20:00:00+02:00,62,76,na,138,12.0,0.0,na
Eco Counter GmbH,Stadt Karlsruhe,752,Erbprinzenstraße,100004165,Y2H16070301,8.4027153,49.0072864,(UTC+01:00) Europe/Paris DST,2013-05-30T21:00:00+02:00,45,39,na,84,12.0,0.0,na
Eco Counter GmbH,Stadt Karlsruhe,752,Erbprinzenstraße,100004165,Y2H16070301,8.4027153,49.0072864,(UTC+01:00) Europe/Paris DST,2013-05-30T22:00:00+02:00,32,42,na,74,11.0,0.0,na
Eco Counter GmbH,Stadt Karlsruhe,752,Erbprinzenstraße,100004165,Y2H16070301,8.4027153,49.0072864,(UTC+01:00) Europe/Paris DST,2013-05-30T23:00:00+02:00,30,35,na,65,10.0,0.0,na
Eco Counter GmbH,Stadt Karlsruhe,752,Erbprinzenstraße,100004165,Y2H16070301,8.4027153,49.0072864,(UTC+01:00) Europe/Paris DST,2013-05-31T00:00:00+02:00,11,27,na,38,10.0,0.0,na
Eco Counter GmbH,Stadt Karlsruhe,752,Erbprinzenstraße,100004165,Y2H16070301,8.4027153,49.0072864,(UTC+01:00) Europe/Paris DST,2013-05-31T01:00:00+02:00,8,9,na,17,10.0,0.2,na
Eco Counter GmbH,Stadt Karlsruhe,752,Erbprinzenstraße,100004165,Y2H16070301,8.4027153,49.0072864,(UTC+01:00) Europe/Paris DST,2013-05-31T02:00:00+02:00,2,4,na,6,9.0,0.4,na
Eco Counter GmbH,Stadt Karlsruhe,752,Erbprinzenstraße,100004165,Y2H16070301,8.4027153,49.0072864,(UTC+01:00) Europe/Paris DST,2013-05-31T03:00:00+02:00,12,2,na,14,9.0,0.8,na
Eco Counter GmbH,Stadt Karlsruhe,752,Erbprinzenstraße,100004165,Y2H16070301,8.4027153,49.0072864,(UTC+01:00) Europe/Paris DST,2013-05-31T04:00:00+02:00,2,10,na,12,9.0,1.4,na
Eco Counter GmbH,Stadt Karlsruhe,752,Erbprinzenstraße,100004165,Y2H16070301,8.4027153,49.0072864,(UTC+01:00) Europe/Paris DST,2013-05-31T05:00:00+02:00,6,17,na,23,8.0,2.2,na
Eco Counter GmbH,Stadt Karlsruhe,752,Erbprinzenstraße,100004165,Y2H16070301,8.4027153,49.0072864,(UTC+01:00) Europe/Paris DST,2013-05-31T06:00:00+02:00,22,16,na,38,9.0,2.7,na
Eco Counter GmbH,Stadt Karlsruhe,752,Erbprinzenstraße,100004165,Y2H16070301,8.4027153,49.0072864,(UTC+01:00) Europe/Paris DST,2013-05-31T07:00:00+02:00,16,37,na,53,9.0,3.0,na
Eco Counter GmbH,Stadt Karlsruhe,752,Erbprinzenstraße,100004165,Y2H16070301,8.4027153,49.0072864,(UTC+01:00) Europe/Paris DST,2013-05-31T08:00:00+02:00,30,47,na,77,10.0,3.1,na
Eco Counter GmbH,Stadt Karlsruhe,752,Erbprinzenstraße,100004165,Y2H16070301,8.4027153,49.0072864,(UTC+01:00) Europe/Paris DST,2013-05-31T09:00:00+02:00,42,67,na,109,11.0,2.4,na
Eco Counter GmbH,Stadt Karlsruhe,752,Erbprinzenstraße,100004165,Y2H16070301,8.4027153,49.0072864,(UTC+01:00) Europe/Paris DST,2013-05-31T10:00:00+02:00,36,44,na,80,12.0,2.3,na
Eco Counter GmbH,Stadt Karlsruhe,752,Erbprinzenstraße,100004165,Y2H16070301,8.4027153,49.0072864,(UTC+01:00) Europe/Paris DST,2013-05-31T11:00:00+02:00,57,48,na,105,12.0,2.8,na
Eco Counter GmbH,Stadt Karlsruhe,752,Erbprinzenstraße,100004165,Y2H16070301,8.4027153,49.0072864,(UTC+01:00) Europe/Paris DST,2013-05-31T12:00:00+02:00,45,56,na,101,13.0,2.1,na
Eco Counter GmbH,Stadt Karlsruhe,752,Erbprinzenstraße,100004165,Y2H16070301,8.4027153,49.0072864,(UTC+01:00) Europe/Paris DST,2013-05-31T13:00:00+02:00,53,55,na,108,13.0,1.7,na
Eco Counter GmbH,Stadt Karlsruhe,752,Erbprinzenstraße,100004165,Y2H16070301,8.4027153,49.0072864,(UTC+01:00) Europe/Paris DST,2013-05-31T14:00:00+02:00,80,49,na,129,13.0,1.4,na
Eco Counter GmbH,Stadt Karlsruhe,752,Erbprinzenstraße,100004165,Y2H16070301,8.4027153,49.0072864,(UTC+01:00) Europe/Paris DST,2013-05-31T15:00:00+02:00,67,71,na,138,14.0,0.8,na
Eco Counter GmbH,Stadt Karlsruhe,752,Erbprinzenstraße,100004165,Y2H16070301,8.4027153,49.0072864,(UTC+01:00) Europe/Paris DST,2013-05-31T16:00:00+02:00,89,102,na,191,14.0,0.4,na
Eco Counter GmbH,Stadt Karlsruhe,752,Erbprinzenstraße,100004165,Y2H16070301,8.4027153,49.0072864,(UTC+01:00) Europe/Paris DST,2013-05-31T17:00:00+02:00,110,96,na,206,14.0,0.1,na
Eco Counter GmbH,Stadt Karlsruhe,752,Erbprinzenstraße,100004165,Y2H16070301,8.4027153,49.0072864,(UTC+01:00) Europe/Paris DST,2013-05-31T18:00:00+02:00,90,103,na,193,14.0,0.0,na
Eco Counter GmbH,Stadt Karlsruhe,752,Erbprinzenstraße,100004165,Y2H16070301,8.4027153,49.0072864,(UTC+01:00) Europe/Paris DST,2013-05-31T19:00:00+02:00,65,82,na,147,14.0,0.4,na
Eco Counter GmbH,Stadt Karlsruhe,752,Erbprinzenstraße,100004165,Y2H16070301,8.4027153,49.0072864,(UTC+01:00) Europe/Paris DST,2013-05-31T20:00:00+02:00,31,47,na,78,14.0,1.2,na
Eco Counter GmbH,Stadt Karlsruhe,752,Erbprinzenstraße,100004165,Y2H16070301,8.4027153,49.0072864,(UTC+01:00) Europe/Paris DST,2013-05-31T21:00:00+02:00,22,28,na,50,14.0,0.0,na
Eco Counter GmbH,Stadt Karlsruhe,752,Erbprinzenstraße,100004165,Y2H16070301,8.4027153,49.0072864,(UTC+01:00) Europe/Paris DST,2013-05-31T22:00:00+02:00,17,27,na,44,14.0,0.0,na
Eco Counter GmbH,Stadt Freiburg,751,Wiwilibrücke,100004595,YTH23035971,7.8407526,47.995213,(UTC+01:00) Europe/Paris DST,2013-05-01T00:00:00+02:00,na,na,408,408,na,na,na
Eco Counter GmbH,Stadt Freiburg,751,Wiwilibrücke,100004595,YTH23035971,7.8407526,47.995213,(UTC+01:00) Europe/Paris DST,2013-05-01T01:00:00+02:00,na,na,412,412,na,na,na
Eco Counter GmbH,Stadt Freiburg,751,Wiwilibrücke,100004595,YTH23035971,7.8407526,47.995213,(UTC+01:00) Europe/Paris DST,2013-05-01T02:00:00+02:00,na,na,357,357,na,na,na
Eco Counter GmbH,Stadt Freiburg,751,Wiwilibrücke,100004595,YTH23035971,7.8407526,47.995213,(UTC+01:00) Europe/Paris DST,2013-05-01T03:00:00+02:00,na,na,232,232,na,na,na
Eco Counter GmbH,Stadt Freiburg,751,Wiwilibrücke,100004595,YTH23035971,7.8407526,47.995213,(UTC+01:00) Europe/Paris DST,2013-05-01T04:00:00+02:00,na,na,134,134,na,na,na
Eco Counter GmbH,Stadt Freiburg,751,Wiwilibrücke,100004595,YTH23035971,7.8407526,47.995213,(UTC+01:00) Europe/Paris DST,2013-05-01T05:00:00+02:00,na,na,64,64,na,na,na
Eco Counter GmbH,Stadt Freiburg,751,Wiwilibrücke,100004595,YTH23035971,7.8407526,47.995213,(UTC+01:00) Europe/Paris DST,2013-05-01T06:00:00+02:00,na,na,30,30,na,na,na
Eco Counter GmbH,Stadt Freiburg,751,Wiwilibrücke,100004595,YTH23035971,7.8407526,47.995213,(UTC+01:00) Europe/Paris DST,2013-05-01T07:00:00+02:00,na,na,32,32,na,na,na
Eco Counter GmbH,Stadt Freiburg,751,Wiwilibrücke,100004595,YTH23035971,7.8407526,47.995213,(UTC+01:00) Europe/Paris DST,2013-05-01T08:00:00+02:00,na,na,41,41,na,na,na
Eco Counter GmbH,Stadt Freiburg,751,Wiwilibrücke,100004595,YTH23035971,7.8407526,47.995213,(UTC+01:00) Europe/Paris DST,2013-05-01T09:00:00+02:00,na,na,96,96,na,na,na
Eco Counter GmbH,Stadt Freiburg,751,Wiwilibrücke,100004595,YTH23035971,7.8407526,47.995213,(UTC+01:00) Europe/Paris DST,2013-05-01T10:00:00+02:00,na,na,158,158,na,na,na
Eco Counter GmbH,Stadt Freiburg,751,Wiwilibrücke,100004595,YTH23035971,7.8407526,47.995213,(UTC+01:00) Europe/Paris DST,2013-05-01T11:00:00+02:00,na,na,263,263,na,na,na
Eco Counter GmbH,Stadt Freiburg,751,Wiwilibrücke,100004595,YTH23035971,7.8407526,47.995213,(UTC+01:00) Europe/Paris DST,2013-05-01T12:00:00+02:00,na,na,335,335,na,na,na
Eco Counter GmbH,Stadt Freiburg,751,Wiwilibrücke,100004595,YTH23035971,7.8407526,47.995213,(UTC+01:00) Europe/Paris DST,2013-05-01T13:00:00+02:00,na,na,299,299,na,na,na
Eco Counter GmbH,Stadt Freiburg,751,Wiwilibrücke,100004595,YTH23035971,7.8407526,47.995213,(UTC+01:00) Europe/Paris DST,2013-05-01T14:00:00+02:00,na,na,391,391,na,na,na
Eco Counter GmbH,Stadt Freiburg,751,Wiwilibrücke,100004595,YTH23035971,7.8407526,47.995213,(UTC+01:00) Europe/Paris DST,2013-05-01T15:00:00+02:00,na,na,462,462,na,na,na
Eco Counter GmbH,Stadt Freiburg,751,Wiwilibrücke,100004595,YTH23035971,7.8407526,47.995213,(UTC+01:00) Europe/Paris DST,2013-05-01T16:00:00+02:00,na,na,480,480,na,na,na
Eco Counter GmbH,Stadt Freiburg,751,Wiwilibrücke,100004595,YTH23035971,7.8407526,47.995213,(UTC+01:00) Europe/Paris DST,2013-05-01T17:00:00+02:00,na,na,395,395,na,na,na
Eco Counter GmbH,Stadt Freiburg,751,Wiwilibrücke,100004595,YTH23035971,7.8407526,47.995213,(UTC+01:00) Europe/Paris DST,2013-05-01T18:00:00+02:00,na,na,366,366,na,na,na
Eco Counter GmbH,Stadt Freiburg,751,Wiwilibrücke,100004595,YTH23035971,7.8407526,47.995213,(UTC+01:00) Europe/Paris DST,2013-05-01T19:00:00+02:00,na,na,293,293,na,na,na
Eco Counter GmbH,Stadt Freiburg,751,Wiwilibrücke,100004595,YTH23035971,7.8407526,47.995213,(UTC+01:00) Europe/Paris DST,2013-05-01T20:00:00+02:00,na,na,292,292,na,na,na
Eco Counter GmbH,Stadt Freiburg,751,Wiwilibrücke,100004595,YTH23035971,7.8407526,47.995213,(UTC+01:00) Europe/Paris DST,2013-05-01T21:00:00+02:00,na,na,148,148,na,na,na
Eco Counter GmbH,Stadt Freiburg,751,Wiwilibrücke,100004595,YTH23035971,7.8407526,47.995213,(UTC+01:00) Europe/Paris DST,2013-05-01T22:00:00+02:00,na,na,170,170,na,na,na
Eco Counter GmbH,Stadt Freiburg,751,Wiwilibrücke,100004595,YTH23035971,7.8407526,47.995213,(UTC+01:00) Europe/Paris DST,2013-05-01T23:00:00+02:00,na,na,180,180,na,na,na
Eco Counter GmbH,Stadt Freiburg,751,Wiwilibrücke,100004595,YTH23035971,7.8407526,47.995213,(UTC+01:00) Europe/Paris DST,2013-05-02T00:00:00+02:00,na,na,57,57,na,na,na
Eco Counter GmbH,Stadt Freiburg,751,Wiwilibrücke,100004595,YTH23035971,7.8407526,47.995213,(UTC+01:00) Europe/Paris DST,2013-05-02T01:00:00+02:00,na,na,20,20,na,na,na
Eco Counter GmbH,Stadt Freiburg,751,Wiwilibrücke,100004595,YTH23035971,7.8407526,47.995213,(UTC+01:00) Europe/Paris DST,2013-05-02T02:00:00+02:00,na,na,17,17,na,na,na
Eco Counter GmbH,Stadt Freiburg,751,Wiwilibrücke,100004595,YTH23035971,7.8407526,47.995213,(UTC+01:00) Europe/Paris DST,2013-05-02T03:00:00+02:00,na,na,7,7,na,na,na
Eco Counter GmbH,Stadt Freiburg,751,Wiwilibrücke,100004595,YTH23035971,7.8407526,47.995213,(UTC+01:00) Europe/Paris DST,2013-05-02T04:00:00+02:00,na,na,5,5,na,na,na
Eco Counter GmbH,Stadt Freiburg,751,Wiwilibrücke,100004595,YTH23035971,7.8407526,47.995213,(UTC+01:00) Europe/Paris DST,2013-05-02T05:00:00+02:00,na,na,25,25,na,na,na
Eco Counter GmbH,Stadt Freiburg,751,Wiwilibrücke,100004595,YTH23035971,7.8407526,47.995213,(UTC+01:00) Europe/Paris DST,2013-05-02T06:00:00+02:00,na,na,117,117,na,na,na
Eco Counter GmbH,Stadt Freiburg,751,Wiwilibrücke,100004595,YTH23035971,7.8407526,47.995213,(UTC+01:00) Europe/Paris DST,2013-05-02T07:00:00+02:00,na,na,462,462,na,na,na
Eco Counter GmbH,Stadt Freiburg,751,Wiwilibrücke,100004595,YTH23035971,7.8407526,47.995213,(UTC+01:00) Europe/Paris DST,2013-05-02T08:00:00+02:00,na,na,646,646,na,na,na
Eco Counter GmbH,Stadt Freiburg,751,Wiwilibrücke,100004595,YTH23035971,7.8407526,47.995213,(UTC+01:00) Europe/Paris DST,2013-05-02T09:00:00+02:00,na,na,518,518,na,na,na
Eco Counter GmbH,Stadt Freiburg,751,Wiwilibrücke,100004595,YTH23035971,7.8407526,47.995213,(UTC+01:00) Europe/Paris DST,2013-05-02T10:00:00+02:00,na,na,471,471,na,na,na
Eco Counter GmbH,Stadt Freiburg,751,Wiwilibrücke,100004595,YTH23035971,7.8407526,47.995213,(UTC+01:00) Europe/Paris DST,2013-05-02T11:00:00+02:00,na,na,502,502,na,na,na
Eco Counter GmbH,Stadt Freiburg,751,Wiwilibrücke,100004595,YTH23035971,7.8407526,47.995213,(UTC+01:00) Europe/Paris DST,2013-05-02T12:00:00+02:00,na,na,530,530,na,na,na
Eco Counter GmbH,Stadt Freiburg,751,Wiwilibrücke,100004595,YTH23035971,7.8407526,47.995213,(UTC+01:00) Europe/Paris DST,2013-05-02T13:00:00+02:00,na,na,668,668,na,na,na
Eco Counter GmbH,Stadt Freiburg,751,Wiwilibrücke,100004595,YTH23035971,7.8407526,47.995213,(UTC+01:00) Europe/Paris DST,2013-05-02T14:00:00+02:00,na,na,592,592,na,na,na
Eco Counter GmbH,Stadt Freiburg,751,Wiwilibrücke,100004595,YTH23035971,7.8407526,47.995213,(UTC+01:00) Europe/Paris DST,2013-05-02T15:00:00+02:00,na,na,513,513,na,na,na
Eco Counter GmbH,Stadt Freiburg,751,Wiwilibrücke,100004595,YTH23035971,7.8407526,47.995213,(UTC+01:00) Europe/Paris DST,2013-05-02T16:00:00+02:00,na,na,711,711,na,na,na
Eco Counter GmbH,Stadt Freiburg,751,Wiwilibrücke,100004595,YTH23035971,7.8407526,47.995213,(UTC+01:00) Europe/Paris DST,2013-05-02T17:00:00+02:00,na,na,773,773,na,na,na
Eco Counter GmbH,Stadt Freiburg,751,Wiwilibrücke,100004595,YTH23035971,7.8407526,47.995213,(UTC+01:00) Europe/Paris DST,2013-05-02T18:00:00+02:00,na,na,652,652,na,na,na
Eco Counter GmbH,Stadt Freiburg,751,Wiwilibrücke,100004595,YTH23035971,7.8407526,47.995213,(UTC+01:00) Europe/Paris DST,2013-05-02T19:00:00+02:00,na,na,533,533,na,na,na
Eco Counter GmbH,Stadt Freiburg,751,Wiwilibrücke,100004595,YTH23035971,7.8407526,47.995213,(UTC+01:00) Europe/Paris DST,2013-05-02T20:00:00+02:00,na,na,379,379,na,na,na
Eco Counter GmbH,Stadt Freiburg,751,Wiwilibrücke,100004595,YTH23035971,7.8407526,47.995213,(UTC+01:00) Europe/Paris DST,2013-05-02T21:00:00+02:00,na,na,261,261,na,na,na
Eco Counter GmbH,Stadt Freiburg,751,Wiwilibrücke,100004595,YTH23035971,7.8407526,47.995213,(UTC+01:00) Europe/Paris DST,2013-05-02T22:00:00+02:00,na,na,312,312,na,na,na
Eco Counter GmbH,Stadt Freiburg,751,Wiwilibrücke,100004595,YTH23035971,7.8407526,47.995213,(UTC+01:00) Europe/Paris DST,2013-05-02T23:00:00+02:00,na,na,245,245,na,na,na
Eco Counter GmbH,Stadt Freiburg,751,Wiwilibrücke,100004595,YTH23035971,7.8407526,47.995213,(UTC+01:00) Europe/Paris DST,2013-05-03T00:00:00+02:00,na,na,147,147,na,na,na
Eco Counter GmbH,Stadt Freiburg,751,Wiwilibrücke,100004595,YTH23035971,7.8407526,47.995213,(UTC+01:00) Europe/Paris DST,2013-05-03T01:00:00+02:00,na,na,106,106,na,na,na
Eco Counter GmbH,Stadt Freiburg,751,Wiwilibrücke,100004595,YTH23035971,7.8407526,47.995213,(UTC+01:00) Europe/Paris DST,2013-05-03T02:00:00+02:00,na,na,58,58,na,na,na
Eco Counter GmbH,Stadt Freiburg,751,Wiwilibrücke,100004595,YTH23035971,7.8407526,47.995213,(UTC+01:00) Europe/Paris DST,2013-05-03T03:00:00+02:00,na,na,47,47,na,na,na
Eco Counter GmbH,Stadt Freiburg,751,Wiwilibrücke,100004595,YTH23035971,7.8407526,47.995213,(UTC+01:00) Europe/Paris DST,2013-05-03T04:00:00+02:00,na,na,42,42,na,na,na
Eco Counter GmbH,Stadt Freiburg,751,Wiwilibrücke,100004595,YTH23035971,7.8407526,47.995213,(UTC+01:00) Europe/Paris DST,2013-05-03T05:00:00+02:00,na,na,24,24,na,na,na
Eco Counter GmbH,Stadt Freiburg,751,Wiwilibrücke,100004595,YTH23035971,7.8407526,47.995213,(UTC+01:00) Europe/Paris DST,2013-05-03T06:00:00+02:00,na,na,108,108,na,na,na
Eco Counter GmbH,Stadt Freiburg,751,Wiwilibrücke,100004595,YTH23035971,7.8407526,47.995213,(UTC+01:00) Europe/Paris DST,2013-05-03T07:00:00+02:00,na,na,449,449,na,na,na
Eco Counter GmbH,Stadt Freiburg,751,Wiwilibrücke,100004595,YTH23035971,7.8407526,47.995213,(UTC+01:00) Europe/Paris DST,2013-05-03T08:00:00+02:00,na,na,634,634,na,na,na
Eco Counter GmbH,Stadt Freiburg,751,Wiwilibrücke,100004595,YTH23035971,7.8407526,47.995213,(UTC+01:00) Europe/Paris DST,2013-05-03T09:00:00+02:00,na,na,451,451,na,na,na
Eco Counter GmbH,Stadt Freiburg,751,Wiwilibrücke,100004595,YTH23035971,7.8407526,47.995213,(UTC+01:00) Europe/Paris DST,2013-05-03T10:00:00+02:00,na,na,450,450,na,na,na
Eco Counter GmbH,Stadt Freiburg,751,Wiwilibrücke,100004595,YTH23035971,7.8407526,47.995213,(UTC+01:00) Europe/Paris DST,2013-05-03T11:00:00+02:00,na,na,487,487,na,na,na
Eco Counter GmbH,Stadt Freiburg,751,Wiwilibrücke,100004595,YTH23035971,7.8407526,47.995213,(UTC+01:00) Europe/Paris DST,2013-05-03T12:00:00+02:00,na,na,642,642,na,na,na
Eco Counter GmbH,Stadt Freiburg,751,Wiwilibrücke,100004595,YTH23035971,7.8407526,47.995213,(UTC+01:00) Europe/Paris DST,2013-05-03T13:00:00+02:00,na,na,670,670,na,na,na
Eco Counter GmbH,Stadt Freiburg,751,Wiwilibrücke,100004595,YTH23035971,7.8407526,47.995213,(UTC+01:00) Europe/Paris DST,2013-05-03T14:00:00+02:00,na,na,532,532,na,na,na
Eco Counter GmbH,Stadt Freiburg,751,Wiwilibrücke,100004595,YTH23035971,7.8407526,47.995213,(UTC+01:00) Europe/Paris DST,2013-05-03T15:00:00+02:00,na,na,456,456,na,na,na
Eco Counter GmbH,Stadt Freiburg,751,Wiwilibrücke,100004595,YTH23035971,7.8407526,47.995213,(UTC+01:00) Europe/Paris DST,2013-05-03T16:00:00+02:00,na,na,496,496,na,na,na
Eco Counter GmbH,Stadt Freiburg,751,Wiwilibrücke,100004595,YTH23035971,7.8407526,47.995213,(UTC+01:00) Europe/Paris DST,2013-05-03T17:00:00+02:00,na,na,562,562,na,na,na
Eco Counter GmbH,Stadt Freiburg,751,Wiwilibrücke,100004595,YTH23035971,7.8407526,47.995213,(UTC+01:00) Europe/Paris DST,2013-05-03T18:00:00+02:00,na,na,514,514,na,na,na
Eco Counter GmbH,Stadt Freiburg,751,Wiwilibrücke,100004595,YTH23035971,7.8407526,47.995213,(UTC+01:00) Europe/Paris DST,2013-05-03T19:00:00+02:00,na,na,412,412,na,na,na
Eco Counter GmbH,Stadt Freiburg,751,Wiwilibrücke,100004595,YTH23035971,7.8407526,47.995213,(UTC+01:00) Europe/Paris DST,2013-05-03T20:00:00+02:00,na,na,313,313,na,na,na
Eco Counter GmbH,Stadt Freiburg,751,Wiwilibrücke,100004595,YTH23035971,7.8407526,47.995213,(UTC+01:00) Europe/Paris DST,2013-05-03T21:00:00+02:00,na,na,277,277,na,na,na
Eco Counter GmbH,Stadt Freiburg,751,Wiwilibrücke,100004595,YTH23035971,7.8407526,47.995213,(UTC+01:00) Europe/Paris DST,2013-05-03T22:00:00+02:00,na,na,223,223,na,na,na
Eco Counter GmbH,Stadt Freiburg,751,Wiwilibrücke,100004595,YTH23035971,7.8407526,47.995213,(UTC+01:00) Europe/Paris DST,2013-05-03T23:00:00+02:00,na,na,241,241,na,na,na
Eco Counter GmbH,Stadt Freiburg,751,Wiwilibrücke,100004595,YTH23035971,7.8407526,47.995213,(UTC+01:00) Europe/Paris DST,2013-05-04T00:00:00+02:00,na,na,189,189,na,na,na
Eco Counter GmbH,Stadt Freiburg,751,Wiwilibrücke,100004595,YTH23035971,7.8407526,47.995213,(UTC+01:00) Europe/Paris DST,2013-05-04T01:00:00+02:00,na,na,147,147,na,na,na
Eco Counter GmbH,Stadt Freiburg,751,Wiwilibrücke,100004595,YTH23035971,7.8407526,47.995213,(UTC+01:00) Europe/Paris DST,2013-05-04T02:00:00+02:00,na,na,91,91,na,na,na
Eco Counter GmbH,Stadt Freiburg,751,Wiwilibrücke,100004595,YTH23035971,7.8407526,47.995213,(UTC+01:00) Europe/Paris DST,2013-05-04T03:00:00+02:00,na,na,67,67,na,na,na
Eco Counter GmbH,Stadt Freiburg,751,Wiwilibrücke,100004595,YTH23035971,7.8407526,47.995213,(UTC+01:00) Europe/Paris DST,2013-05-04T04:00:00+02:00,na,na,36,36,na,na,na
Eco Counter GmbH,Stadt Freiburg,751,Wiwilibrücke,100004595,YTH23035971,7.8407526,47.995213,(UTC+01:00) Europe/Paris DST,2013-05-04T05:00:00+02:00,na,na,32,32,na,na,na
Eco Counter GmbH,Stadt Freiburg,751,Wiwilibrücke,100004595,YTH23035971,7.8407526,47.995213,(UTC+01:00) Europe/Paris DST,2013-05-04T06:00:00+02:00,na,na,36,36,na,na,na
Eco Counter GmbH,Stadt Freiburg,751,Wiwilibrücke,100004595,YTH23035971,7.8407526,47.995213,(UTC+01:00) Europe/Paris DST,2013-05-04T07:00:00+02:00,na,na,58,58,na,na,na
Eco Counter GmbH,Stadt Freiburg,751,Wiwilibrücke,100004595,YTH23035971,7.8407526,47.995213,(UTC+01:00) Europe/Paris DST,2013-05-04T08:00:00+02:00,na,na,128,128,na,na,na
Eco Counter GmbH,Stadt Freiburg,751,Wiwilibrücke,100004595,YTH23035971,7.8407526,47.995213,(UTC+01:00) Europe/Paris DST,2013-05-04T09:00:00+02:00,na,na,244,244,na,na,na
Eco Counter GmbH,Stadt Freiburg,751,Wiwilibrücke,100004595,YTH23035971,7.8407526,47.995213,(UTC+01:00) Europe/Paris DST,2013-05-04T10:00:00+02:00,na,na,362,362,na,na,na
Eco Counter GmbH,Stadt Freiburg,751,Wiwilibrücke,100004595,YTH23035971,7.8407526,47.995213,(UTC+01:00) Europe/Paris DST,2013-05-04T11:00:00+02:00,na,na,361,361,na,na,na
Eco Counter GmbH,Stadt Freiburg,751,Wiwilibrücke,100004595,YTH23035971,7.8407526,47.995213,(UTC+01:00) Europe/Paris DST,2013-05-04T12:00:00+02:00,na,na,392,392,na,na,na
Eco Counter GmbH,Stadt Freiburg,751,Wiwilibrücke,100004595,YTH23035971,7.8407526,47.995213,(UTC+01:00) Europe/Paris DST,2013-05-04T13:00:00+02:00,na,na,422,422,na,na,na
Eco Counter GmbH,Stadt Freiburg,751,Wiwilibrücke,100004595,YTH23035971,7.8407526,47.995213,(UTC+01:00) Europe/Paris DST,2013-05-04T14:00:00+02:00,na,na,310,310,na,na,na
Eco Counter GmbH,Stadt Freiburg,751,Wiwilibrücke,100004595,YTH23035971,7.8407526,47.995213,(UTC+01:00) Europe/Paris DST,2013-05-04T15:00:00+02:00,na,na,353,353,na,na,na
Eco Counter GmbH,Stadt Freiburg,751,Wiwilibrücke,100004595,YTH23035971,7.8407526,47.995213,(UTC+01:00) Europe/Paris DST,2013-05-04T16:00:00+02:00,na,na,381,381,na,na,na
Eco Counter GmbH,Stadt Freiburg,751,Wiwilibrücke,100004595,YTH23035971,7.8407526,47.995213,(UTC+01:00) Europe/Paris DST,2013-05-04T17:00:00+02:00,na,na,392,392,na,na,na
Eco Counter GmbH,Stadt Freiburg,751,Wiwilibrücke,100004595,YTH23035971,7.8407526,47.995213,(UTC+01:00) Europe/Paris DST,2013-05-04T18:00:00+02:00,na,na,424,424,na,na,na
Eco Counter GmbH,Stadt Freiburg,751,Wiwilibrücke,100004595,YTH23035971,7.8407526,47.995213,(UTC+01:00) Europe/Paris DST,2013-05-04T19:00:00+02:00,na,na,405,405,na,na,na
Eco Counter GmbH,Stadt Freiburg,751,Wiwilibrücke,100004595,YTH23035971,7.8407526,47.995213,(UTC+01:00) Europe/Paris DST,2013-05-04T20:00:00+02:00,na,na,400,400,na,na,na
Eco Counter GmbH,Stadt Freiburg,751,Wiwilibrücke,100004595,YTH23035971,7.8407526,47.995213,(UTC+01:00) Europe/Paris DST,2013-05-04T21:00:00+02:00,na,na,283,283,na,na,na
Eco Counter GmbH,Stadt Freiburg,751,Wiwilibrücke,100004595,YTH23035971,7.8407526,47.995213,(UTC+01:00) Europe/Paris DST,2013-05-04T22:00:00+02:00,na,na,302,302,na,na,na
Eco Counter GmbH,Stadt Freiburg,751,Wiwilibrücke,100004595,YTH23035971,7.8407526,47.995213,(UTC+01:00) Europe/Paris DST,2013-05-04T23:00:00+02:00,na,na,280,280,na,na,na
Eco Counter GmbH,Stadt Freiburg,751,Wiwilibrücke,100004595,YTH23035971,7.8407526,47.995213,(UTC+01:00) Europe/Paris DST,2013-05-05T00:00:00+02:00,na,na,250,250,na,na,na
Eco Counter GmbH,Stadt Freiburg,751,Wiwilibrücke,100004595,YTH23035971,7.8407526,47.995213,(UTC+01:00) Europe/Paris DST,2013-05-05T01:00:00+02:00,na,na,186,186,na,na,na
Eco Counter GmbH,Stadt Freiburg,751,Wiwilibrücke,100004595,YTH23035971,7.8407526,47.995213,(UTC+01:00) Europe/Paris DST,2013-05-05T02:00:00+02:00,na,na,126,126,na,na,na
Eco Counter GmbH,Stadt Freiburg,751,Wiwilibrücke,100004595,YTH23035971,7.8407526,47.995213,(UTC+01:00) Europe/Paris DST,2013-05-05T03:00:00+02:00,na,na,99,99,na,na,na
Eco Counter GmbH,Stadt Freiburg,751,Wiwilibrücke,100004595,YTH23035971,7.8407526,47.995213,(UTC+01:00) Europe/Paris DST,2013-05-05T04:00:00+02:00,na,na,71,71,na,na,na
Eco Counter GmbH,Stadt Freiburg,751,Wiwilibrücke,100004595,YTH23035971,7.8407526,47.995213,(UTC+01:00) Europe/Paris DST,2013-05-05T05:00:00+02:00,na,na,54,54,na,na,na
Eco Counter GmbH,Stadt Freiburg,751,Wiwilibrücke,100004595,YTH23035971,7.8407526,47.995213,(UTC+01:00) Europe/Paris DST,2013-05-05T06:00:00+02:00,na,na,30,30,na,na,na
Eco Counter GmbH,Stadt Freiburg,751,Wiwilibrücke,100004595,YTH23035971,7.8407526,47.995213,(UTC+01:00) Europe/Paris DST,2013-05-05T07:00:00+02:00,na,na,36,36,na,na,na
Eco Counter GmbH,Stadt Freiburg,751,Wiwilibrücke,100004595,YTH23035971,7.8407526,47.995213,(UTC+01:00) Europe/Paris DST,2013-05-05T08:00:00+02:00,na,na,68,68,na,na,na
Eco Counter GmbH,Stadt Freiburg,751,Wiwilibrücke,100004595,YTH23035971,7.8407526,47.995213,(UTC+01:00) Europe/Paris DST,2013-05-05T09:00:00+02:00,na,na,135,135,na,na,na
Eco Counter GmbH,Stadt Freiburg,751,Wiwilibrücke,100004595,YTH23035971,7.8407526,47.995213,(UTC+01:00) Europe/Paris DST,2013-05-05T10:00:00+02:00,na,na,162,162,na,na,na
Eco Counter GmbH,Stadt Freiburg,751,Wiwilibrücke,100004595,YTH23035971,7.8407526,47.995213,(UTC+01:00) Europe/Paris DST,2013-05-05T11:00:00+02:00,na,na,250,250,na,na,na
Eco Counter GmbH,Stadt Freiburg,751,Wiwilibrücke,100004595,YTH23035971,7.8407526,47.995213,(UTC+01:00) Europe/Paris DST,2013-05-05T12:00:00+02:00,na,na,272,272,na,na,na
Eco Counter GmbH,Stadt Freiburg,751,Wiwilibrücke,100004595,YTH23035971,7.8407526,47.995213,(UTC+01:00) Europe/Paris DST,2013-05-05T13:00:00+02:00,na,na,381,381,na,na,na
Eco Counter GmbH,Stadt Freiburg,751,Wiwilibrücke,100004595,YTH23035971,7.8407526,47.995213,(UTC+01:00) Europe/Paris DST,2013-05-05T14:00:00+02:00,na,na,412,412,na,na,na
Eco Counter GmbH,Stadt Freiburg,751,Wiwilibrücke,100004595,YTH23035971,7.8407526,47.995213,(UTC+01:00) Europe/Paris DST,2013-05-05T15:00:00+02:00,na,na,396,396,na,na,na
Eco Counter GmbH,Stadt Freiburg,751,Wiwilibrücke,100004595,YTH23035971,7.8407526,47.995213,(UTC+01:00) Europe/Paris DST,2013-05-05T16:00:00+02:00,na,na,318,318,na,na,na
Eco Counter GmbH,Stadt Freiburg,751,Wiwilibrücke,100004595,YTH23035971,7.8407526,47.995213,(UTC+01:00) Europe/Paris DST,2013-05-05T17:00:00+02:00,na,na,418,418,na,na,na
Eco Counter GmbH,Stadt Freiburg,751,Wiwilibrücke,100004595,YTH23035971,7.8407526,47.995213,(UTC+01:00) Europe/Paris DST,2013-05-05T18:00:00+02:00,na,na,416,416,na,na,na
Eco Counter GmbH,Stadt Freiburg,751,Wiwilibrücke,100004595,YTH23035971,7.8407526,47.995213,(UTC+01:00) Europe/Paris DST,2013-05-05T19:00:00+02:00,na,na,428,428,na,na,na
Eco Counter GmbH,Stadt Freiburg,751,Wiwilibrücke,100004595,YTH23035971,7.8407526,47.995213,(UTC+01:00) Europe/Paris DST,2013-05-05T20:00:00+02:00,na,na,279,279,na,na,na
Eco Counter GmbH,Stadt Freiburg,751,Wiwilibrücke,100004595,YTH23035971,7.8407526,47.995213,(UTC+01:00) Europe/Paris DST,2013-05-05T21:00:00+02:00,na,na,224,224,na,na,na
Eco Counter GmbH,Stadt Freiburg,751,Wiwilibrücke,100004595,YTH23035971,7.8407526,47.995213,(UTC+01:00) Europe/Paris DST,2013-05-05T22:00:00+02:00,na,na,209,209,na,na,na
Eco Counter GmbH,Stadt Freiburg,751,Wiwilibrücke,100004595,YTH23035971,7.8407526,47.995213,(UTC+01:00) Europe/Paris DST,2013-05-05T23:00:00+02:00,na,na,105,105,na,na,na
Eco Counter GmbH,Stadt Freiburg,751,Wiwilibrücke,100004595,YTH23035971,7.8407526,47.995213,(UTC+01:00) Europe/Paris DST,2013-05-06T00:00:00+02:00,na,na,49,49,na,na,na
Eco Counter GmbH,Stadt Freiburg,751,Wiwilibrücke,100004595,YTH23035971,7.8407526,47.995213,(UTC+01:00) Europe/Paris DST,2013-05-06T01:00:00+02:00,na,na,19,19,na,na,na
Eco Counter GmbH,Stadt Freiburg,751,Wiwilibrücke,100004595,YTH23035971,7.8407526,47.995213,(UTC+01:00) Europe/Paris DST,2013-05-06T02:00:00+02:00,na,na,10,10,na,na,na
Eco Counter GmbH,Stadt Freiburg,751,Wiwilibrücke,100004595,YTH23035971,7.8407526,47.995213,(UTC+01:00) Europe/Paris DST,2013-05-06T03:00:00+02:00,na,na,7,7,na,na,na
Eco Counter GmbH,Stadt Freiburg,751,Wiwilibrücke,100004595,YTH23035971,7.8407526,47.995213,(UTC+01:00) Europe/Paris DST,2013-05-06T04:00:00+02:00,na,na,7,7,na,na,na
Eco Counter GmbH,Stadt Freiburg,751,Wiwilibrücke,100004595,YTH23035971,7.8407526,47.995213,(UTC+01:00) Europe/Paris DST,2013-05-06T05:00:00+02:00,na,na,20,20,na,na,na
Eco Counter GmbH,Stadt Freiburg,751,Wiwilibrücke,100004595,YTH23035971,7.8407526,47.995213,(UTC+01:00) Europe/Paris DST,2013-05-06T06:00:00+02:00,na,na,114,114,na,na,na
Eco Counter GmbH,Stadt Freiburg,751,Wiwilibrücke,100004595,YTH23035971,7.8407526,47.995213,(UTC+01:00) Europe/Paris DST,2013-05-06T07:00:00+02:00,na,na,513,513,na,na,na
Eco Counter GmbH,Stadt Freiburg,751,Wiwilibrücke,100004595,YTH23035971,7.8407526,47.995213,(UTC+01:00) Europe/Paris DST,2013-05-06T08:00:00+02:00,na,na,794,794,na,na,na
Eco Counter GmbH,Stadt Freiburg,751,Wiwilibrücke,100004595,YTH23035971,7.8407526,47.995213,(UTC+01:00) Europe/Paris DST,2013-05-06T09:00:00+02:00,na,na,572,572,na,na,na
Eco Counter GmbH,Stadt Freiburg,751,Wiwilibrücke,100004595,YTH23035971,7.8407526,47.995213,(UTC+01:00) Europe/Paris DST,2013-05-06T10:00:00+02:00,na,na,485,485,na,na,na
Eco Counter GmbH,Stadt Freiburg,751,Wiwilibrücke,100004595,YTH23035971,7.8407526,47.995213,(UTC+01:00) Europe/Paris DST,2013-05-06T11:00:00+02:00,na,na,483,483,na,na,na
Eco Counter GmbH,Stadt Freiburg,751,Wiwilibrücke,100004595,YTH23035971,7.8407526,47.995213,(UTC+01:00) Europe/Paris DST,2013-05-06T12:00:00+02:00,na,na,710,710,na,na,na
Eco Counter GmbH,Stadt Freiburg,751,Wiwilibrücke,100004595,YTH23035971,7.8407526,47.995213,(UTC+01:00) Europe/Paris DST,2013-05-06T13:00:00+02:00,na,na,666,666,na,na,na
Eco Counter GmbH,Stadt Freiburg,751,Wiwilibrücke,100004595,YTH23035971,7.8407526,47.995213,(UTC+01:00) Europe/Paris DST,2013-05-06T14:00:00+02:00,na,na,596,596,na,na,na
Eco Counter GmbH,Stadt Freiburg,751,Wiwilibrücke,100004595,YTH23035971,7.8407526,47.995213,(UTC+01:00) Europe/Paris DST,2013-05-06T15:00:00+02:00,na,na,582,582,na,na,na
Eco Counter GmbH,Stadt Freiburg,751,Wiwilibrücke,100004595,YTH23035971,7.8407526,47.995213,(UTC+01:00) Europe/Paris DST,2013-05-06T16:00:00+02:00,na,na,710,710,na,na,na
Eco Counter GmbH,Stadt Freiburg,751,Wiwilibrücke,100004595,YTH23035971,7.8407526,47.995213,(UTC+01:00) Europe/Paris DST,2013-05-06T17:00:00+02:00,na,na,689,689,na,na,na
Eco Counter GmbH,Stadt Freiburg,751,Wiwilibrücke,100004595,YTH23035971,7.8407526,47.995213,(UTC+01:00) Europe/Paris DST,2013-05-06T18:00:00+02:00,na,na,777,777,na,na,na
Eco Counter GmbH,Stadt Freiburg,751,Wiwilibrücke,100004595,YTH23035971,7.8407526,47.995213,(UTC+01:00) Europe/Paris DST,2013-05-06T19:00:00+02:00,na,na,564,564,na,na,na
Eco Counter GmbH,Stadt Freiburg,751,Wiwilibrücke,100004595,YTH23035971,7.8407526,47.995213,(UTC+01:00) Europe/Paris DST,2013-05-06T20:00:00+02:00,na,na,468,468,na,na,na
Eco Counter GmbH,Stadt Freiburg,751,Wiwilibrücke,100004595,YTH23035971,7.8407526,47.995213,(UTC+01:00) Europe/Paris DST,2013-05-06T21:00:00+02:00,na,na,282,282,na,na,na
Eco Counter GmbH,Stadt Freiburg,751,Wiwilibrücke,100004595,YTH23035971,7.8407526,47.995213,(UTC+01:00) Europe/Paris DST,2013-05-06T22:00:00+02:00,na,na,226,226,na,na,na
Eco Counter GmbH,Stadt Freiburg,751,Wiwilibrücke,100004595,YTH23035971,7.8407526,47.995213,(UTC+01:00) Europe/Paris DST,2013-05-06T23:00:00+02:00,na,na,168,168,na,na,na
Eco Counter GmbH,Stadt Freiburg,751,Wiwilibrücke,100004595,YTH23035971,7.8407526,47.995213,(UTC+01:00) Europe/Paris DST,2013-05-07T00:00:00+02:00,na,na,85,85,na,na,na
Eco Counter GmbH,Stadt Freiburg,751,Wiwilibrücke,100004595,YTH23035971,7.8407526,47.995213,(UTC+01:00) Europe/Paris DST,2013-05-07T01:00:00+02:00,na,na,37,37,na,na,na
Eco Counter GmbH,Stadt Freiburg,751,Wiwilibrücke,100004595,YTH23035971,7.8407526,47.995213,(UTC+01:00) Europe/Paris DST,2013-05-07T02:00:00+02:00,na,na,22,22,na,na,na
Eco Counter GmbH,Stadt Freiburg,751,Wiwilibrücke,100004595,YTH23035971,7.8407526,47.995213,(UTC+01:00) Europe/Paris DST,2013-05-07T03:00:00+02:00,na,na,12,12,na,na,na
Eco Counter GmbH,Stadt Freiburg,751,Wiwilibrücke,100004595,YTH23035971,7.8407526,47.995213,(UTC+01:00) Europe/Paris DST,2013-05-07T04:00:00+02:00,na,na,7,7,na,na,na
Eco Counter GmbH,Stadt Freiburg,751,Wiwilibrücke,100004595,YTH23035971,7.8407526,47.995213,(UTC+01:00) Europe/Paris DST,2013-05-07T05:00:00+02:00,na,na,36,36,na,na,na
Eco Counter GmbH,Stadt Freiburg,751,Wiwilibrücke,100004595,YTH23035971,7.8407526,47.995213,(UTC+01:00) Europe/Paris DST,2013-05-07T06:00:00+02:00,na,na,109,109,na,na,na
Eco Counter GmbH,Stadt Freiburg,751,Wiwilibrücke,100004595,YTH23035971,7.8407526,47.995213,(UTC+01:00) Europe/Paris DST,2013-05-07T07:00:00+02:00,na,na,549,549,na,na,na
Eco Counter GmbH,Stadt Freiburg,751,Wiwilibrücke,100004595,YTH23035971,7.8407526,47.995213,(UTC+01:00) Europe/Paris DST,2013-05-07T08:00:00+02:00,na,na,823,823,na,na,na
Eco Counter GmbH,Stadt Freiburg,751,Wiwilibrücke,100004595,YTH23035971,7.8407526,47.995213,(UTC+01:00) Europe/Paris DST,2013-05-07T09:00:00+02:00,na,na,578,578,na,na,na
Eco Counter GmbH,Stadt Freiburg,751,Wiwilibrücke,100004595,YTH23035971,7.8407526,47.995213,(UTC+01:00) Europe/Paris DST,2013-05-07T10:00:00+02:00,na,na,549,549,na,na,na
Eco Counter GmbH,Stadt Freiburg,751,Wiwilibrücke,100004595,YTH23035971,7.8407526,47.995213,(UTC+01:00) Europe/Paris DST,2013-05-07T11:00:00+02:00,na,na,470,470,na,na,na
Eco Counter GmbH,Stadt Freiburg,751,Wiwilibrücke,100004595,YTH23035971,7.8407526,47.995213,(UTC+01:00) Europe/Paris DST,2013-05-07T12:00:00+02:00,na,na,699,699,na,na,na
Eco Counter GmbH,Stadt Freiburg,751,Wiwilibrücke,100004595,YTH23035971,7.8407526,47.995213,(UTC+01:00) Europe/Paris DST,2013-05-07T13:00:00+02:00,na,na,749,749,na,na,na
Eco Counter GmbH,Stadt Freiburg,751,Wiwilibrücke,100004595,YTH23035971,7.8407526,47.995213,(UTC+01:00) Europe/Paris DST,2013-05-07T14:00:00+02:00,na,na,619,619,na,na,na
Eco Counter GmbH,Stadt Freiburg,751,Wiwilibrücke,100004595,YTH23035971,7.8407526,47.995213,(UTC+01:00) Europe/Paris DST,2013-05-07T15:00:00+02:00,na,na,683,683,na,na,na
Eco Counter GmbH,Stadt Freiburg,751,Wiwilibrücke,100004595,YTH23035971,7.8407526,47.995213,(UTC+01:00) Europe/Paris DST,2013-05-07T16:00:00+02:00,na,na,779,779,na,na,na
Eco Counter GmbH,Stadt Freiburg,751,Wiwilibrücke,100004595,YTH23035971,7.8407526,47.995213,(UTC+01:00) Europe/Paris DST,2013-05-07T17:00:00+02:00,na,na,867,867,na,na,na
Eco Counter GmbH,Stadt Freiburg,751,Wiwilibrücke,100004595,YTH23035971,7.8407526,47.995213,(UTC+01:00) Europe/Paris DST,2013-05-07T18:00:00+02:00,na,na,939,939,na,na,na
Eco Counter GmbH,Stadt Freiburg,751,Wiwilibrücke,100004595,YTH23035971,7.8407526,47.995213,(UTC+01:00) Europe/Paris DST,2013-05-07T19:00:00+02:00,na,na,821,821,na,na,na
Eco Counter GmbH,Stadt Freiburg,751,Wiwilibrücke,100004595,YTH23035971,7.8407526,47.995213,(UTC+01:00) Europe/Paris DST,2013-05-07T20:00:00+02:00,na,na,561,561,na,na,na
Eco Counter GmbH,Stadt Freiburg,751,Wiwilibrücke,100004595,YTH23035971,7.8407526,47.995213,(UTC+01:00) Europe/Paris DST,2013-05-07T21:00:00+02:00,na,na,404,404,na,na,na
Eco Counter GmbH,Stadt Freiburg,751,Wiwilibrücke,100004595,YTH23035971,7.8407526,47.995213,(UTC+01:00) Europe/Paris DST,2013-05-07T22:00:00+02:00,na,na,389,389,na,na,na
Eco Counter GmbH,Stadt Freiburg,751,Wiwilibrücke,100004595,YTH23035971,7.8407526,47.995213,(UTC+01:00) Europe/Paris DST,2013-05-07T23:00:00+02:00,na,na,307,307,na,na,na
Eco Counter GmbH,Stadt Freiburg,751,Wiwilibrücke,100004595,YTH23035971,7.8407526,47.995213,(UTC+01:00) Europe/Paris DST,2013-05-08T00:00:00+02:00,na,na,125,125,na,na,na
Eco Counter GmbH,Stadt Freiburg,751,Wiwilibrücke,100004595,YTH23035971,7.8407526,47.995213,(UTC+01:00) Europe/Paris DST,2013-05-08T01:00:00+02:00,na,na,53,53,na,na,na
Eco Counter GmbH,Stadt Freiburg,751,Wiwilibrücke,100004595,YTH23035971,7.8407526,47.995213,(UTC+01:00) Europe/Paris DST,2013-05-08T02:00:00+02:00,na,na,21,21,na,na,na
Eco Counter GmbH,Stadt Freiburg,751,Wiwilibrücke,100004595,YTH23035971,7.8407526,47.995213,(UTC+01:00) Europe/Paris DST,2013-05-08T03:00:00+02:00,na,na,6,6,na,na,na
Eco Counter GmbH,Stadt Freiburg,751,Wiwilibrücke,100004595,YTH23035971,7.8407526,47.995213,(UTC+01:00) Europe/Paris DST,2013-05-08T04:00:00+02:00,na,na,9,9,na,na,na
Eco Counter GmbH,Stadt Freiburg,751,Wiwilibrücke,100004595,YTH23035971,7.8407526,47.995213,(UTC+01:00) Europe/Paris DST,2013-05-08T05:00:00+02:00,na,na,27,27,na,na,na
Eco Counter GmbH,Stadt Freiburg,751,Wiwilibrücke,100004595,YTH23035971,7.8407526,47.995213,(UTC+01:00) Europe/Paris DST,2013-05-08T06:00:00+02:00,na,na,147,147,na,na,na
Eco Counter GmbH,Stadt Freiburg,751,Wiwilibrücke,100004595,YTH23035971,7.8407526,47.995213,(UTC+01:00) Europe/Paris DST,2013-05-08T07:00:00+02:00,na,na,532,532,na,na,na
Eco Counter GmbH,Stadt Freiburg,751,Wiwilibrücke,100004595,YTH23035971,7.8407526,47.995213,(UTC+01:00) Europe/Paris DST,2013-05-08T08:00:00+02:00,na,na,862,862,na,na,na
Eco Counter GmbH,Stadt Freiburg,751,Wiwilibrücke,100004595,YTH23035971,7.8407526,47.995213,(UTC+01:00) Europe/Paris DST,2013-05-08T09:00:00+02:00,na,na,605,605,na,na,na
Eco Counter GmbH,Stadt Freiburg,751,Wiwilibrücke,100004595,YTH23035971,7.8407526,47.995213,(UTC+01:00) Europe/Paris DST,2013-05-08T10:00:00+02:00,na,na,616,616,na,na,na
Eco Counter GmbH,Stadt Freiburg,751,Wiwilibrücke,100004595,YTH23035971,7.8407526,47.995213,(UTC+01:00) Europe/Paris DST,2013-05-08T11:00:00+02:00,na,na,564,564,na,na,na
Eco Counter GmbH,Stadt Freiburg,751,Wiwilibrücke,100004595,YTH23035971,7.8407526,47.995213,(UTC+01:00) Europe/Paris DST,2013-05-08T12:00:00+02:00,na,na,721,721,na,na,na
Eco Counter GmbH,Stadt Freiburg,751,Wiwilibrücke,100004595,YTH23035971,7.8407526,47.995213,(UTC+01:00) Europe/Paris DST,2013-05-08T13:00:00+02:00,na,na,778,778,na,na,na
Eco Counter GmbH,Stadt Freiburg,751,Wiwilibrücke,100004595,YTH23035971,7.8407526,47.995213,(UTC+01:00) Europe/Paris DST,2013-05-08T14:00:00+02:00,na,na,665,665,na,na,na
Eco Counter GmbH,Stadt Freiburg,751,Wiwilibrücke,100004595,YTH23035971,7.8407526,47.995213,(UTC+01:00) Europe/Paris DST,2013-05-08T15:00:00+02:00,na,na,719,719,na,na,na
Eco Counter GmbH,Stadt Freiburg,751,Wiwilibrücke,100004595,YTH23035971,7.8407526,47.995213,(UTC+01:00) Europe/Paris DST,2013-05-08T16:00:00+02:00,na,na,818,818,na,na,na
Eco Counter GmbH,Stadt Freiburg,751,Wiwilibrücke,100004595,YTH23035971,7.8407526,47.995213,(UTC+01:00) Europe/Paris DST,2013-05-08T17:00:00+02:00,na,na,940,940,na,na,na
Eco Counter GmbH,Stadt Freiburg,751,Wiwilibrücke,100004595,YTH23035971,7.8407526,47.995213,(UTC+01:00) Europe/Paris DST,2013-05-08T18:00:00+02:00,na,na,896,896,na,na,na
Eco Counter GmbH,Stadt Freiburg,751,Wiwilibrücke,100004595,YTH23035971,7.8407526,47.995213,(UTC+01:00) Europe/Paris DST,2013-05-08T19:00:00+02:00,na,na,749,749,na,na,na
Eco Counter GmbH,Stadt Freiburg,751,Wiwilibrücke,100004595,YTH23035971,7.8407526,47.995213,(UTC+01:00) Europe/Paris DST,2013-05-08T20:00:00+02:00,na,na,567,567,na,na,na
Eco Counter GmbH,Stadt Freiburg,751,Wiwilibrücke,100004595,YTH23035971,7.8407526,47.995213,(UTC+01:00) Europe/Paris DST,2013-05-08T21:00:00+02:00,na,na,433,433,na,na,na
Eco Counter GmbH,Stadt Freiburg,751,Wiwilibrücke,100004595,YTH23035971,7.8407526,47.995213,(UTC+01:00) Europe/Paris DST,2013-05-08T22:00:00+02:00,na,na,420,420,na,na,na
Eco Counter GmbH,Stadt Freiburg,751,Wiwilibrücke,100004595,YTH23035971,7.8407526,47.995213,(UTC+01:00) Europe/Paris DST,2013-05-08T23:00:00+02:00,na,na,330,330,na,na,na
Eco Counter GmbH,Stadt Freiburg,751,Wiwilibrücke,100004595,YTH23035971,7.8407526,47.995213,(UTC+01:00) Europe/Paris DST,2013-05-09T00:00:00+02:00,na,na,304,304,na,na,na
Eco Counter GmbH,Stadt Freiburg,751,Wiwilibrücke,100004595,YTH23035971,7.8407526,47.995213,(UTC+01:00) Europe/Paris DST,2013-05-09T01:00:00+02:00,na,na,280,280,na,na,na
Eco Counter GmbH,Stadt Freiburg,751,Wiwilibrücke,100004595,YTH23035971,7.8407526,47.995213,(UTC+01:00) Europe/Paris DST,2013-05-09T02:00:00+02:00,na,na,162,162,na,na,na
Eco Counter GmbH,Stadt Freiburg,751,Wiwilibrücke,100004595,YTH23035971,7.8407526,47.995213,(UTC+01:00) Europe/Paris DST,2013-05-09T03:00:00+02:00,na,na,150,150,na,na,na
Eco Counter GmbH,Stadt Freiburg,751,Wiwilibrücke,100004595,YTH23035971,7.8407526,47.995213,(UTC+01:00) Europe/Paris DST,2013-05-09T04:00:00+02:00,na,na,113,113,na,na,na
Eco Counter GmbH,Stadt Freiburg,751,Wiwilibrücke,100004595,YTH23035971,7.8407526,47.995213,(UTC+01:00) Europe/Paris DST,2013-05-09T05:00:00+02:00,na,na,29,29,na,na,na
Eco Counter GmbH,Stadt Freiburg,751,Wiwilibrücke,100004595,YTH23035971,7.8407526,47.995213,(UTC+01:00) Europe/Paris DST,2013-05-09T06:00:00+02:00,na,na,27,27,na,na,na
Eco Counter GmbH,Stadt Freiburg,751,Wiwilibrücke,100004595,YTH23035971,7.8407526,47.995213,(UTC+01:00) Europe/Paris DST,2013-05-09T07:00:00+02:00,na,na,46,46,na,na,na
Eco Counter GmbH,Stadt Freiburg,751,Wiwilibrücke,100004595,YTH23035971,7.8407526,47.995213,(UTC+01:00) Europe/Paris DST,2013-05-09T08:00:00+02:00,na,na,86,86,na,na,na
Eco Counter GmbH,Stadt Freiburg,751,Wiwilibrücke,100004595,YTH23035971,7.8407526,47.995213,(UTC+01:00) Europe/Paris DST,2013-05-09T09:00:00+02:00,na,na,133,133,na,na,na
Eco Counter GmbH,Stadt Freiburg,751,Wiwilibrücke,100004595,YTH23035971,7.8407526,47.995213,(UTC+01:00) Europe/Paris DST,2013-05-09T10:00:00+02:00,na,na,194,194,na,na,na
Eco Counter GmbH,Stadt Freiburg,751,Wiwilibrücke,100004595,YTH23035971,7.8407526,47.995213,(UTC+01:00) Europe/Paris DST,2013-05-09T11:00:00+02:00,na,na,259,259,na,na,na
Eco Counter GmbH,Stadt Freiburg,751,Wiwilibrücke,100004595,YTH23035971,7.8407526,47.995213,(UTC+01:00) Europe/Paris DST,2013-05-09T12:00:00+02:00,na,na,256,256,na,na,na
Eco Counter GmbH,Stadt Freiburg,751,Wiwilibrücke,100004595,YTH23035971,7.8407526,47.995213,(UTC+01:00) Europe/Paris DST,2013-05-09T13:00:00+02:00,na,na,264,264,na,na,na
Eco Counter GmbH,Stadt Freiburg,751,Wiwilibrücke,100004595,YTH23035971,7.8407526,47.995213,(UTC+01:00) Europe/Paris DST,2013-05-09T14:00:00+02:00,na,na,320,320,na,na,na
Eco Counter GmbH,Stadt Freiburg,751,Wiwilibrücke,100004595,YTH23035971,7.8407526,47.995213,(UTC+01:00) Europe/Paris DST,2013-05-09T15:00:00+02:00,na,na,337,337,na,na,na
Eco Counter GmbH,Stadt Freiburg,751,Wiwilibrücke,100004595,YTH23035971,7.8407526,47.995213,(UTC+01:00) Europe/Paris DST,2013-05-09T16:00:00+02:00,na,na,370,370,na,na,na
Eco Counter GmbH,Stadt Freiburg,751,Wiwilibrücke,100004595,YTH23035971,7.8407526,47.995213,(UTC+01:00) Europe/Paris DST,2013-05-09T17:00:00+02:00,na,na,361,361,na,na,na
Eco Counter GmbH,Stadt Freiburg,751,Wiwilibrücke,100004595,YTH23035971,7.8407526,47.995213,(UTC+01:00) Europe/Paris DST,2013-05-09T18:00:00+02:00,na,na,341,341,na,na,na
Eco Counter GmbH,Stadt Freiburg,751,Wiwilibrücke,100004595,YTH23035971,7.8407526,47.995213,(UTC+01:00) Europe/Paris DST,2013-05-09T19:00:00+02:00,na,na,320,320,na,na,na
Eco Counter GmbH,Stadt Freiburg,751,Wiwilibrücke,100004595,YTH23035971,7.8407526,47.995213,(UTC+01:00) Europe/Paris DST,2013-05-09T20:00:00+02:00,na,na,262,262,na,na,na
Eco Counter GmbH,Stadt Freiburg,751,Wiwilibrücke,100004595,YTH23035971,7.8407526,47.995213,(UTC+01:00) Europe/Paris DST,2013-05-09T21:00:00+02:00,na,na,179,179,na,na,na
Eco Counter GmbH,Stadt Freiburg,751,Wiwilibrücke,100004595,YTH23035971,7.8407526,47.995213,(UTC+01:00) Europe/Paris DST,2013-05-09T22:00:00+02:00,na,na,205,205,na,na,na
Eco Counter GmbH,Stadt Freiburg,751,Wiwilibrücke,100004595,YTH23035971,7.8407526,47.995213,(UTC+01:00) Europe/Paris DST,2013-05-09T23:00:00+02:00,na,na,215,215,na,na,na
Eco Counter GmbH,Stadt Freiburg,751,Wiwilibrücke,100004595,YTH23035971,7.8407526,47.995213,(UTC+01:00) Europe/Paris DST,2013-05-10T00:00:00+02:00,na,na,134,134,na,na,na
Eco Counter GmbH,Stadt Freiburg,751,Wiwilibrücke,100004595,YTH23035971,7.8407526,47.995213,(UTC+01:00) Europe/Paris DST,2013-05-10T01:00:00+02:00,na,na,69,69,na,na,na
Eco Counter GmbH,Stadt Freiburg,751,Wiwilibrücke,100004595,YTH23035971,7.8407526,47.995213,(UTC+01:00) Europe/Paris DST,2013-05-10T02:00:00+02:00,na,na,41,41,na,na,na
Eco Counter GmbH,Stadt Freiburg,751,Wiwilibrücke,100004595,YTH23035971,7.8407526,47.995213,(UTC+01:00) Europe/Paris DST,2013-05-10T03:00:00+02:00,na,na,12,12,na,na,na
Eco Counter GmbH,Stadt Freiburg,751,Wiwilibrücke,100004595,YTH23035971,7.8407526,47.995213,(UTC+01:00) Europe/Paris DST,2013-05-10T04:00:00+02:00,na,na,8,8,na,na,na
Eco Counter GmbH,Stadt Freiburg,751,Wiwilibrücke,100004595,YTH23035971,7.8407526,47.995213,(UTC+01:00) Europe/Paris DST,2013-05-10T05:00:00+02:00,na,na,21,21,na,na,na
Eco Counter GmbH,Stadt Freiburg,751,Wiwilibrücke,100004595,YTH23035971,7.8407526,47.995213,(UTC+01:00) Europe/Paris DST,2013-05-10T06:00:00+02:00,na,na,50,50,na,na,na
Eco Counter GmbH,Stadt Freiburg,751,Wiwilibrücke,100004595,YTH23035971,7.8407526,47.995213,(UTC+01:00) Europe/Paris DST,2013-05-10T07:00:00+02:00,na,na,155,155,na,na,na
Eco Counter GmbH,Stadt Freiburg,751,Wiwilibrücke,100004595,YTH23035971,7.8407526,47.995213,(UTC+01:00) Europe/Paris DST,2013-05-10T08:00:00+02:00,na,na,281,281,na,na,na
Eco Counter GmbH,Stadt Freiburg,751,Wiwilibrücke,100004595,YTH23035971,7.8407526,47.995213,(UTC+01:00) Europe/Paris DST,2013-05-10T09:00:00+02:00,na,na,222,222,na,na,na
Eco Counter GmbH,Stadt Freiburg,751,Wiwilibrücke,100004595,YTH23035971,7.8407526,47.995213,(UTC+01:00) Europe/Paris DST,2013-05-10T10:00:00+02:00,na,na,221,221,na,na,na
Eco Counter GmbH,Stadt Freiburg,751,Wiwilibrücke,100004595,YTH23035971,7.8407526,47.995213,(UTC+01:00) Europe/Paris DST,2013-05-10T11:00:00+02:00,na,na,313,313,na,na,na
Eco Counter GmbH,Stadt Freiburg,751,Wiwilibrücke,100004595,YTH23035971,7.8407526,47.995213,(UTC+01:00) Europe/Paris DST,2013-05-10T12:00:00+02:00,na,na,391,391,na,na,na
Eco Counter GmbH,Stadt Freiburg,751,Wiwilibrücke,100004595,YTH23035971,7.8407526,47.995213,(UTC+01:00) Europe/Paris DST,2013-05-10T13:00:00+02:00,na,na,403,403,na,na,na
Eco Counter GmbH,Stadt Freiburg,751,Wiwilibrücke,100004595,YTH23035971,7.8407526,47.995213,(UTC+01:00) Europe/Paris DST,2013-05-10T14:00:00+02:00,na,na,505,505,na,na,na
Eco Counter GmbH,Stadt Freiburg,751,Wiwilibrücke,100004595,YTH23035971,7.8407526,47.995213,(UTC+01:00) Europe/Paris DST,2013-05-10T15:00:00+02:00,na,na,469,469,na,na,na
Eco Counter GmbH,Stadt Freiburg,751,Wiwilibrücke,100004595,YTH23035971,7.8407526,47.995213,(UTC+01:00) Europe/Paris DST,2013-05-10T16:00:00+02:00,na,na,523,523,na,na,na
Eco Counter GmbH,Stadt Freiburg,751,Wiwilibrücke,100004595,YTH23035971,7.8407526,47.995213,(UTC+01:00) Europe/Paris DST,2013-05-10T17:00:00+02:00,na,na,611,611,na,na,na
Eco Counter GmbH,Stadt Freiburg,751,Wiwilibrücke,100004595,YTH23035971,7.8407526,47.995213,(UTC+01:00) Europe/Paris DST,2013-05-10T18:00:00+02:00,na,na,528,528,na,na,na
Eco Counter GmbH,Stadt Freiburg,751,Wiwilibrücke,100004595,YTH23035971,7.8407526,47.995213,(UTC+01:00) Europe/Paris DST,2013-05-10T19:00:00+02:00,na,na,392,392,na,na,na
Eco Counter GmbH,Stadt Freiburg,751,Wiwilibrücke,100004595,YTH23035971,7.8407526,47.995213,(UTC+01:00) Europe/Paris DST,2013-05-10T20:00:00+02:00,na,na,348,348,na,na,na
Eco Counter GmbH,Stadt Freiburg,751,Wiwilibrücke,100004595,YTH23035971,7.8407526,47.995213,(UTC+01:00) Europe/Paris DST,2013-05-10T21:00:00+02:00,na,na,203,203,na,na,na
Eco Counter GmbH,Stadt Freiburg,751,Wiwilibrücke,100004595,YTH23035971,7.8407526,47.995213,(UTC+01:00) Europe/Paris DST,2013-05-10T22:00:00+02:00,na,na,250,250,na,na,na
Eco Counter GmbH,Stadt Freiburg,751,Wiwilibrücke,100004595,YTH23035971,7.8407526,47.995213,(UTC+01:00) Europe/Paris DST,2013-05-10T23:00:00+02:00,na,na,213,213,na,na,na
Eco Counter GmbH,Stadt Freiburg,751,Wiwilibrücke,100004595,YTH23035971,7.8407526,47.995213,(UTC+01:00) Europe/Paris DST,2013-05-11T00:00:00+02:00,na,na,172,172,na,na,na
Eco Counter GmbH,Stadt Freiburg,751,Wiwilibrücke,100004595,YTH23035971,7.8407526,47.995213,(UTC+01:00) Europe/Paris DST,2013-05-11T01:00:00+02:00,na,na,214,214,na,na,na
Eco Counter GmbH,Stadt Freiburg,751,Wiwilibrücke,100004595,YTH23035971,7.8407526,47.995213,(UTC+01:00) Europe/Paris DST,2013-05-11T02:00:00+02:00,na,na,106,106,na,na,na
Eco Counter GmbH,Stadt Freiburg,751,Wiwilibrücke,100004595,YTH23035971,7.8407526,47.995213,(UTC+01:00) Europe/Paris DST,2013-05-11T03:00:00+02:00,na,na,60,60,na,na,na
Eco Counter GmbH,Stadt Freiburg,751,Wiwilibrücke,100004595,YTH23035971,7.8407526,47.995213,(UTC+01:00) Europe/Paris DST,2013-05-11T04:00:00+02:00,na,na,57,57,na,na,na
Eco Counter GmbH,Stadt Freiburg,751,Wiwilibrücke,100004595,YTH23035971,7.8407526,47.995213,(UTC+01:00) Europe/Paris DST,2013-05-11T05:00:00+02:00,na,na,31,31,na,na,na
Eco Counter GmbH,Stadt Freiburg,751,Wiwilibrücke,100004595,YTH23035971,7.8407526,47.995213,(UTC+01:00) Europe/Paris DST,2013-05-11T06:00:00+02:00,na,na,44,44,na,na,na
Eco Counter GmbH,Stadt Freiburg,751,Wiwilibrücke,100004595,YTH23035971,7.8407526,47.995213,(UTC+01:00) Europe/Paris DST,2013-05-11T07:00:00+02:00,na,na,96,96,na,na,na
Eco Counter GmbH,Stadt Freiburg,751,Wiwilibrücke,100004595,YTH23035971,7.8407526,47.995213,(UTC+01:00) Europe/Paris DST,2013-05-11T08:00:00+02:00,na,na,164,164,na,na,na
Eco Counter GmbH,Stadt Freiburg,751,Wiwilibrücke,100004595,YTH23035971,7.8407526,47.995213,(UTC+01:00) Europe/Paris DST,2013-05-11T09:00:00+02:00,na,na,311,311,na,na,na
Eco Counter GmbH,Stadt Freiburg,751,Wiwilibrücke,100004595,YTH23035971,7.8407526,47.995213,(UTC+01:00) Europe/Paris DST,2013-05-11T10:00:00+02:00,na,na,457,457,na,na,na
Eco Counter GmbH,Stadt Freiburg,751,Wiwilibrücke,100004595,YTH23035971,7.8407526,47.995213,(UTC+01:00) Europe/Paris DST,2013-05-11T11:00:00+02:00,na,na,641,641,na,na,na
Eco Counter GmbH,Stadt Freiburg,751,Wiwilibrücke,100004595,YTH23035971,7.8407526,47.995213,(UTC+01:00) Europe/Paris DST,2013-05-11T12:00:00+02:00,na,na,704,704,na,na,na
Eco Counter GmbH,Stadt Freiburg,751,Wiwilibrücke,100004595,YTH23035971,7.8407526,47.995213,(UTC+01:00) Europe/Paris DST,2013-05-11T13:00:00+02:00,na,na,713,713,na,na,na
Eco Counter GmbH,Stadt Freiburg,751,Wiwilibrücke,100004595,YTH23035971,7.8407526,47.995213,(UTC+01:00) Europe/Paris DST,2013-05-11T14:00:00+02:00,na,na,581,581,na,na,na
Eco Counter GmbH,Stadt Freiburg,751,Wiwilibrücke,100004595,YTH23035971,7.8407526,47.995213,(UTC+01:00) Europe/Paris DST,2013-05-11T15:00:00+02:00,na,na,587,587,na,na,na
Eco Counter GmbH,Stadt Freiburg,751,Wiwilibrücke,100004595,YTH23035971,7.8407526,47.995213,(UTC+01:00) Europe/Paris DST,2013-05-11T16:00:00+02:00,na,na,398,398,na,na,na
Eco Counter GmbH,Stadt Freiburg,751,Wiwilibrücke,100004595,YTH23035971,7.8407526,47.995213,(UTC+01:00) Europe/Paris DST,2013-05-11T17:00:00+02:00,na,na,391,391,na,na,na
Eco Counter GmbH,Stadt Freiburg,751,Wiwilibrücke,100004595,YTH23035971,7.8407526,47.995213,(UTC+01:00) Europe/Paris DST,2013-05-11T18:00:00+02:00,na,na,356,356,na,na,na
Eco Counter GmbH,Stadt Freiburg,751,Wiwilibrücke,100004595,YTH23035971,7.8407526,47.995213,(UTC+01:00) Europe/Paris DST,2013-05-11T19:00:00+02:00,na,na,315,315,na,na,na
Eco Counter GmbH,Stadt Freiburg,751,Wiwilibrücke,100004595,YTH23035971,7.8407526,47.995213,(UTC+01:00) Europe/Paris DST,2013-05-11T20:00:00+02:00,na,na,278,278,na,na,na
Eco Counter GmbH,Stadt Freiburg,751,Wiwilibrücke,100004595,YTH23035971,7.8407526,47.995213,(UTC+01:00) Europe/Paris DST,2013-05-11T21:00:00+02:00,na,na,214,214,na,na,na
Eco Counter GmbH,Stadt Freiburg,751,Wiwilibrücke,100004595,YTH23035971,7.8407526,47.995213,(UTC+01:00) Europe/Paris DST,2013-05-11T22:00:00+02:00,na,na,208,208,na,na,na
Eco Counter GmbH,Stadt Freiburg,751,Wiwilibrücke,100004595,YTH23035971,7.8407526,47.995213,(UTC+01:00) Europe/Paris DST,2013-05-11T23:00:00+02:00,na,na,216,216,na,na,na
Eco Counter GmbH,Stadt Freiburg,751,Wiwilibrücke,100004595,YTH23035971,7.8407526,47.995213,(UTC+01:00) Europe/Paris DST,2013-05-12T00:00:00+02:00,na,na,206,206,na,na,na
Eco Counter GmbH,Stadt Freiburg,751,Wiwilibrücke,100004595,YTH23035971,7.8407526,47.995213,(UTC+01:00) Europe/Paris DST,2013-05-12T01:00:00+02:00,na,na,139,139,na,na,na
Eco Counter GmbH,Stadt Freiburg,751,Wiwilibrücke,100004595,YTH23035971,7.8407526,47.995213,(UTC+01:00) Europe/Paris DST,2013-05-12T02:00:00+02:00,na,na,116,116,na,na,na
Eco Counter GmbH,Stadt Freiburg,751,Wiwilibrücke,100004595,YTH23035971,7.8407526,47.995213,(UTC+01:00) Europe/Paris DST,2013-05-12T03:00:00+02:00,na,na,71,71,na,na,na
Eco Counter GmbH,Stadt Freiburg,751,Wiwilibrücke,100004595,YTH23035971,7.8407526,47.995213,(UTC+01:00) Europe/Paris DST,2013-05-12T04:00:00+02:00,na,na,66,66,na,na,na
Eco Counter GmbH,Stadt Freiburg,751,Wiwilibrücke,100004595,YTH23035971,7.8407526,47.995213,(UTC+01:00) Europe/Paris DST,2013-05-12T05:00:00+02:00,na,na,39,39,na,na,na
Eco Counter GmbH,Stadt Freiburg,751,Wiwilibrücke,100004595,YTH23035971,7.8407526,47.995213,(UTC+01:00) Europe/Paris DST,2013-05-12T06:00:00+02:00,na,na,21,21,na,na,na
Eco Counter GmbH,Stadt Freiburg,751,Wiwilibrücke,100004595,YTH23035971,7.8407526,47.995213,(UTC+01:00) Europe/Paris DST,2013-05-12T07:00:00+02:00,na,na,27,27,na,na,na
Eco Counter GmbH,Stadt Freiburg,751,Wiwilibrücke,100004595,YTH23035971,7.8407526,47.995213,(UTC+01:00) Europe/Paris DST,2013-05-12T08:00:00+02:00,na,na,46,46,na,na,na
Eco Counter GmbH,Stadt Freiburg,751,Wiwilibrücke,100004595,YTH23035971,7.8407526,47.995213,(UTC+01:00) Europe/Paris DST,2013-05-12T09:00:00+02:00,na,na,62,62,na,na,na
Eco Counter GmbH,Stadt Freiburg,751,Wiwilibrücke,100004595,YTH23035971,7.8407526,47.995213,(UTC+01:00) Europe/Paris DST,2013-05-12T10:00:00+02:00,na,na,71,71,na,na,na
Eco Counter GmbH,Stadt Freiburg,751,Wiwilibrücke,100004595,YTH23035971,7.8407526,47.995213,(UTC+01:00) Europe/Paris DST,2013-05-12T11:00:00+02:00,na,na,90,90,na,na,na
Eco Counter GmbH,Stadt Freiburg,751,Wiwilibrücke,100004595,YTH23035971,7.8407526,47.995213,(UTC+01:00) Europe/Paris DST,2013-05-12T12:00:00+02:00,na,na,106,106,na,na,na
Eco Counter GmbH,Stadt Freiburg,751,Wiwilibrücke,100004595,YTH23035971,7.8407526,47.995213,(UTC+01:00) Europe/Paris DST,2013-05-12T13:00:00+02:00,na,na,215,215,na,na,na
Eco Counter GmbH,Stadt Freiburg,751,Wiwilibrücke,100004595,YTH23035971,7.8407526,47.995213,(UTC+01:00) Europe/Paris DST,2013-05-12T14:00:00+02:00,na,na,198,198,na,na,na
Eco Counter GmbH,Stadt Freiburg,751,Wiwilibrücke,100004595,YTH23035971,7.8407526,47.995213,(UTC+01:00) Europe/Paris DST,2013-05-12T15:00:00+02:00,na,na,205,205,na,na,na
Eco Counter GmbH,Stadt Freiburg,751,Wiwilibrücke,100004595,YTH23035971,7.8407526,47.995213,(UTC+01:00) Europe/Paris DST,2013-05-12T16:00:00+02:00,na,na,200,200,na,na,na
Eco Counter GmbH,Stadt Freiburg,751,Wiwilibrücke,100004595,YTH23035971,7.8407526,47.995213,(UTC+01:00) Europe/Paris DST,2013-05-12T17:00:00+02:00,na,na,208,208,na,na,na
Eco Counter GmbH,Stadt Freiburg,751,Wiwilibrücke,100004595,YTH23035971,7.8407526,47.995213,(UTC+01:00) Europe/Paris DST,2013-05-12T18:00:00+02:00,na,na,266,266,na,na,na
Eco Counter GmbH,Stadt Freiburg,751,Wiwilibrücke,100004595,YTH23035971,7.8407526,47.995213,(UTC+01:00) Europe/Paris DST,2013-05-12T19:00:00+02:00,na,na,307,307,na,na,na
Eco Counter GmbH,Stadt Freiburg,751,Wiwilibrücke,100004595,YTH23035971,7.8407526,47.995213,(UTC+01:00) Europe/Paris DST,2013-05-12T20:00:00+02:00,na,na,185,185,na,na,na
Eco Counter GmbH,Stadt Freiburg,751,Wiwilibrücke,100004595,YTH23035971,7.8407526,47.995213,(UTC+01:00) Europe/Paris DST,2013-05-12T21:00:00+02:00,na,na,159,159,na,na,na
Eco Counter GmbH,Stadt Freiburg,751,Wiwilibrücke,100004595,YTH23035971,7.8407526,47.995213,(UTC+01:00) Europe/Paris DST,2013-05-12T22:00:00+02:00,na,na,134,134,na,na,na
Eco Counter GmbH,Stadt Freiburg,751,Wiwilibrücke,100004595,YTH23035971,7.8407526,47.995213,(UTC+01:00) Europe/Paris DST,2013-05-12T23:00:00+02:00,na,na,106,106,na,na,na
Eco Counter GmbH,Stadt Freiburg,751,Wiwilibrücke,100004595,YTH23035971,7.8407526,47.995213,(UTC+01:00) Europe/Paris DST,2013-05-13T00:00:00+02:00,na,na,60,60,na,na,na
Eco Counter GmbH,Stadt Freiburg,751,Wiwilibrücke,100004595,YTH23035971,7.8407526,47.995213,(UTC+01:00) Europe/Paris DST,2013-05-13T01:00:00+02:00,na,na,17,17,na,na,na
Eco Counter GmbH,Stadt Freiburg,751,Wiwilibrücke,100004595,YTH23035971,7.8407526,47.995213,(UTC+01:00) Europe/Paris DST,2013-05-13T02:00:00+02:00,na,na,11,11,na,na,na
Eco Counter GmbH,Stadt Freiburg,751,Wiwilibrücke,100004595,YTH23035971,7.8407526,47.995213,(UTC+01:00) Europe/Paris DST,2013-05-13T03:00:00+02:00,na,na,26,26,na,na,na
Eco Counter GmbH,Stadt Freiburg,751,Wiwilibrücke,100004595,YTH23035971,7.8407526,47.995213,(UTC+01:00) Europe/Paris DST,2013-05-13T04:00:00+02:00,na,na,10,10,na,na,na
Eco Counter GmbH,Stadt Freiburg,751,Wiwilibrücke,100004595,YTH23035971,7.8407526,47.995213,(UTC+01:00) Europe/Paris DST,2013-05-13T05:00:00+02:00,na,na,24,24,na,na,na
Eco Counter GmbH,Stadt Freiburg,751,Wiwilibrücke,100004595,YTH23035971,7.8407526,47.995213,(UTC+01:00) Europe/Paris DST,2013-05-13T06:00:00+02:00,na,na,111,111,na,na,na
Eco Counter GmbH,Stadt Freiburg,751,Wiwilibrücke,100004595,YTH23035971,7.8407526,47.995213,(UTC+01:00) Europe/Paris DST,2013-05-13T07:00:00+02:00,na,na,522,522,na,na,na
Eco Counter GmbH,Stadt Freiburg,751,Wiwilibrücke,100004595,YTH23035971,7.8407526,47.995213,(UTC+01:00) Europe/Paris DST,2013-05-13T08:00:00+02:00,na,na,655,655,na,na,na
Eco Counter GmbH,Stadt Freiburg,751,Wiwilibrücke,100004595,YTH23035971,7.8407526,47.995213,(UTC+01:00) Europe/Paris DST,2013-05-13T09:00:00+02:00,na,na,520,520,na,na,na
Eco Counter GmbH,Stadt Freiburg,751,Wiwilibrücke,100004595,YTH23035971,7.8407526,47.995213,(UTC+01:00) Europe/Paris DST,2013-05-13T10:00:00+02:00,na,na,437,437,na,na,na
Eco Counter GmbH,Stadt Freiburg,751,Wiwilibrücke,100004595,YTH23035971,7.8407526,47.995213,(UTC+01:00) Europe/Paris DST,2013-05-13T11:00:00+02:00,na,na,397,397,na,na,na
Eco Counter GmbH,Stadt Freiburg,751,Wiwilibrücke,100004595,YTH23035971,7.8407526,47.995213,(UTC+01:00) Europe/Paris DST,2013-05-13T12:00:00+02:00,na,na,626,626,na,na,na
Eco Counter GmbH,Stadt Freiburg,751,Wiwilibrücke,100004595,YTH23035971,7.8407526,47.995213,(UTC+01:00) Europe/Paris DST,2013-05-13T13:00:00+02:00,na,na,617,617,na,na,na
Eco Counter GmbH,Stadt Freiburg,751,Wiwilibrücke,100004595,YTH23035971,7.8407526,47.995213,(UTC+01:00) Europe/Paris DST,2013-05-13T14:00:00+02:00,na,na,505,505,na,na,na
Eco Counter GmbH,Stadt Freiburg,751,Wiwilibrücke,100004595,YTH23035971,7.8407526,47.995213,(UTC+01:00) Europe/Paris DST,2013-05-13T15:00:00+02:00,na,na,495,495,na,na,na
Eco Counter GmbH,Stadt Freiburg,751,Wiwilibrücke,100004595,YTH23035971,7.8407526,47.995213,(UTC+01:00) Europe/Paris DST,2013-05-13T16:00:00+02:00,na,na,614,614,na,na,na
Eco Counter GmbH,Stadt Freiburg,751,Wiwilibrücke,100004595,YTH23035971,7.8407526,47.995213,(UTC+01:00) Europe/Paris DST,2013-05-13T17:00:00+02:00,na,na,756,756,na,na,na
Eco Counter GmbH,Stadt Freiburg,751,Wiwilibrücke,100004595,YTH23035971,7.8407526,47.995213,(UTC+01:00) Europe/Paris DST,2013-05-13T18:00:00+02:00,na,na,811,811,na,na,na
Eco Counter GmbH,Stadt Freiburg,751,Wiwilibrücke,100004595,YTH23035971,7.8407526,47.995213,(UTC+01:00) Europe/Paris DST,2013-05-13T19:00:00+02:00,na,na,597,597,na,na,na
Eco Counter GmbH,Stadt Freiburg,751,Wiwilibrücke,100004595,YTH23035971,7.8407526,47.995213,(UTC+01:00) Europe/Paris DST,2013-05-13T20:00:00+02:00,na,na,452,452,na,na,na
Eco Counter GmbH,Stadt Freiburg,751,Wiwilibrücke,100004595,YTH23035971,7.8407526,47.995213,(UTC+01:00) Europe/Paris DST,2013-05-13T21:00:00+02:00,na,na,284,284,na,na,na
Eco Counter GmbH,Stadt Freiburg,751,Wiwilibrücke,100004595,YTH23035971,7.8407526,47.995213,(UTC+01:00) Europe/Paris DST,2013-05-13T22:00:00+02:00,na,na,261,261,na,na,na
Eco Counter GmbH,Stadt Freiburg,751,Wiwilibrücke,100004595,YTH23035971,7.8407526,47.995213,(UTC+01:00) Europe/Paris DST,2013-05-13T23:00:00+02:00,na,na,187,187,na,na,na
Eco Counter GmbH,Stadt Freiburg,751,Wiwilibrücke,100004595,YTH23035971,7.8407526,47.995213,(UTC+01:00) Europe/Paris DST,2013-05-14T00:00:00+02:00,na,na,117,117,na,na,na
Eco Counter GmbH,Stadt Freiburg,751,Wiwilibrücke,100004595,YTH23035971,7.8407526,47.995213,(UTC+01:00) Europe/Paris DST,2013-05-14T01:00:00+02:00,na,na,39,39,na,na,na
Eco Counter GmbH,Stadt Freiburg,751,Wiwilibrücke,100004595,YTH23035971,7.8407526,47.995213,(UTC+01:00) Europe/Paris DST,2013-05-14T02:00:00+02:00,na,na,22,22,na,na,na
Eco Counter GmbH,Stadt Freiburg,751,Wiwilibrücke,100004595,YTH23035971,7.8407526,47.995213,(UTC+01:00) Europe/Paris DST,2013-05-14T03:00:00+02:00,na,na,29,29,na,na,na
Eco Counter GmbH,Stadt Freiburg,751,Wiwilibrücke,100004595,YTH23035971,7.8407526,47.995213,(UTC+01:00) Europe/Paris DST,2013-05-14T04:00:00+02:00,na,na,12,12,na,na,na
Eco Counter GmbH,Stadt Freiburg,751,Wiwilibrücke,100004595,YTH23035971,7.8407526,47.995213,(UTC+01:00) Europe/Paris DST,2013-05-14T05:00:00+02:00,na,na,27,27,na,na,na
Eco Counter GmbH,Stadt Freiburg,751,Wiwilibrücke,100004595,YTH23035971,7.8407526,47.995213,(UTC+01:00) Europe/Paris DST,2013-05-14T06:00:00+02:00,na,na,109,109,na,na,na
Eco Counter GmbH,Stadt Freiburg,751,Wiwilibrücke,100004595,YTH23035971,7.8407526,47.995213,(UTC+01:00) Europe/Paris DST,2013-05-14T07:00:00+02:00,na,na,544,544,na,na,na
Eco Counter GmbH,Stadt Freiburg,751,Wiwilibrücke,100004595,YTH23035971,7.8407526,47.995213,(UTC+01:00) Europe/Paris DST,2013-05-14T08:00:00+02:00,na,na,786,786,na,na,na
Eco Counter GmbH,Stadt Freiburg,751,Wiwilibrücke,100004595,YTH23035971,7.8407526,47.995213,(UTC+01:00) Europe/Paris DST,2013-05-14T09:00:00+02:00,na,na,567,567,na,na,na
Eco Counter GmbH,Stadt Freiburg,751,Wiwilibrücke,100004595,YTH23035971,7.8407526,47.995213,(UTC+01:00) Europe/Paris DST,2013-05-14T10:00:00+02:00,na,na,520,520,na,na,na
Eco Counter GmbH,Stadt Freiburg,751,Wiwilibrücke,100004595,YTH23035971,7.8407526,47.995213,(UTC+01:00) Europe/Paris DST,2013-05-14T11:00:00+02:00,na,na,503,503,na,na,na
Eco Counter GmbH,Stadt Freiburg,751,Wiwilibrücke,100004595,YTH23035971,7.8407526,47.995213,(UTC+01:00) Europe/Paris DST,2013-05-14T12:00:00+02:00,na,na,628,628,na,na,na
Eco Counter GmbH,Stadt Freiburg,751,Wiwilibrücke,100004595,YTH23035971,7.8407526,47.995213,(UTC+01:00) Europe/Paris DST,2013-05-14T13:00:00+02:00,na,na,709,709,na,na,na
Eco Counter GmbH,Stadt Freiburg,751,Wiwilibrücke,100004595,YTH23035971,7.8407526,47.995213,(UTC+01:00) Europe/Paris DST,2013-05-14T14:00:00+02:00,na,na,578,578,na,na,na
Eco Counter GmbH,Stadt Freiburg,751,Wiwilibrücke,100004595,YTH23035971,7.8407526,47.995213,(UTC+01:00) Europe/Paris DST,2013-05-14T15:00:00+02:00,na,na,649,649,na,na,na
Eco Counter GmbH,Stadt Freiburg,751,Wiwilibrücke,100004595,YTH23035971,7.8407526,47.995213,(UTC+01:00) Europe/Paris DST,2013-05-14T16:00:00+02:00,na,na,737,737,na,na,na
Eco Counter GmbH,Stadt Freiburg,751,Wiwilibrücke,100004595,YTH23035971,7.8407526,47.995213,(UTC+01:00) Europe/Paris DST,2013-05-14T17:00:00+02:00,na,na,969,969,na,na,na
Eco Counter GmbH,Stadt Freiburg,751,Wiwilibrücke,100004595,YTH23035971,7.8407526,47.995213,(UTC+01:00) Europe/Paris DST,2013-05-14T18:00:00+02:00,na,na,949,949,na,na,na
Eco Counter GmbH,Stadt Freiburg,751,Wiwilibrücke,100004595,YTH23035971,7.8407526,47.995213,(UTC+01:00) Europe/Paris DST,2013-05-14T19:00:00+02:00,na,na,836,836,na,na,na
Eco Counter GmbH,Stadt Freiburg,751,Wiwilibrücke,100004595,YTH23035971,7.8407526,47.995213,(UTC+01:00) Europe/Paris DST,2013-05-14T20:00:00+02:00,na,na,627,627,na,na,na
Eco Counter GmbH,Stadt Freiburg,751,Wiwilibrücke,100004595,YTH23035971,7.8407526,47.995213,(UTC+01:00) Europe/Paris DST,2013-05-14T21:00:00+02:00,na,na,416,416,na,na,na
Eco Counter GmbH,Stadt Freiburg,751,Wiwilibrücke,100004595,YTH23035971,7.8407526,47.995213,(UTC+01:00) Europe/Paris DST,2013-05-14T22:00:00+02:00,na,na,413,413,na,na,na
Eco Counter GmbH,Stadt Freiburg,751,Wiwilibrücke,100004595,YTH23035971,7.8407526,47.995213,(UTC+01:00) Europe/Paris DST,2013-05-14T23:00:00+02:00,na,na,257,257,na,na,na
Eco Counter GmbH,Stadt Freiburg,751,Wiwilibrücke,100004595,YTH23035971,7.8407526,47.995213,(UTC+01:00) Europe/Paris DST,2013-05-15T00:00:00+02:00,na,na,167,167,na,na,na
Eco Counter GmbH,Stadt Freiburg,751,Wiwilibrücke,100004595,YTH23035971,7.8407526,47.995213,(UTC+01:00) Europe/Paris DST,2013-05-15T01:00:00+02:00,na,na,65,65,na,na,na
Eco Counter GmbH,Stadt Freiburg,751,Wiwilibrücke,100004595,YTH23035971,7.8407526,47.995213,(UTC+01:00) Europe/Paris DST,2013-05-15T02:00:00+02:00,na,na,26,26,na,na,na
Eco Counter GmbH,Stadt Freiburg,751,Wiwilibrücke,100004595,YTH23035971,7.8407526,47.995213,(UTC+01:00) Europe/Paris DST,2013-05-15T03:00:00+02:00,na,na,11,11,na,na,na
Eco Counter GmbH,Stadt Freiburg,751,Wiwilibrücke,100004595,YTH23035971,7.8407526,47.995213,(UTC+01:00) Europe/Paris DST,2013-05-15T04:00:00+02:00,na,na,14,14,na,na,na
Eco Counter GmbH,Stadt Freiburg,751,Wiwilibrücke,100004595,YTH23035971,7.8407526,47.995213,(UTC+01:00) Europe/Paris DST,2013-05-15T05:00:00+02:00,na,na,24,24,na,na,na
Eco Counter GmbH,Stadt Freiburg,751,Wiwilibrücke,100004595,YTH23035971,7.8407526,47.995213,(UTC+01:00) Europe/Paris DST,2013-05-15T06:00:00+02:00,na,na,108,108,na,na,na
Eco Counter GmbH,Stadt Freiburg,751,Wiwilibrücke,100004595,YTH23035971,7.8407526,47.995213,(UTC+01:00) Europe/Paris DST,2013-05-15T07:00:00+02:00,na,na,511,511,na,na,na
Eco Counter GmbH,Stadt Freiburg,751,Wiwilibrücke,100004595,YTH23035971,7.8407526,47.995213,(UTC+01:00) Europe/Paris DST,2013-05-15T08:00:00+02:00,na,na,805,805,na,na,na
Eco Counter GmbH,Stadt Freiburg,751,Wiwilibrücke,100004595,YTH23035971,7.8407526,47.995213,(UTC+01:00) Europe/Paris DST,2013-05-15T09:00:00+02:00,na,na,591,591,na,na,na
Eco Counter GmbH,Stadt Freiburg,751,Wiwilibrücke,100004595,YTH23035971,7.8407526,47.995213,(UTC+01:00) Europe/Paris DST,2013-05-15T10:00:00+02:00,na,na,539,539,na,na,na
Eco Counter GmbH,Stadt Freiburg,751,Wiwilibrücke,100004595,YTH23035971,7.8407526,47.995213,(UTC+01:00) Europe/Paris DST,2013-05-15T11:00:00+02:00,na,na,462,462,na,na,na
Eco Counter GmbH,Stadt Freiburg,751,Wiwilibrücke,100004595,YTH23035971,7.8407526,47.995213,(UTC+01:00) Europe/Paris DST,2013-05-15T12:00:00+02:00,na,na,694,694,na,na,na
Eco Counter GmbH,Stadt Freiburg,751,Wiwilibrücke,100004595,YTH23035971,7.8407526,47.995213,(UTC+01:00) Europe/Paris DST,2013-05-15T13:00:00+02:00,na,na,691,691,na,na,na
Eco Counter GmbH,Stadt Freiburg,751,Wiwilibrücke,100004595,YTH23035971,7.8407526,47.995213,(UTC+01:00) Europe/Paris DST,2013-05-15T14:00:00+02:00,na,na,593,593,na,na,na
Eco Counter GmbH,Stadt Freiburg,751,Wiwilibrücke,100004595,YTH23035971,7.8407526,47.995213,(UTC+01:00) Europe/Paris DST,2013-05-15T15:00:00+02:00,na,na,521,521,na,na,na
Eco Counter GmbH,Stadt Freiburg,751,Wiwilibrücke,100004595,YTH23035971,7.8407526,47.995213,(UTC+01:00) Europe/Paris DST,2013-05-15T16:00:00+02:00,na,na,569,569,na,na,na
Eco Counter GmbH,Stadt Freiburg,751,Wiwilibrücke,100004595,YTH23035971,7.8407526,47.995213,(UTC+01:00) Europe/Paris DST,2013-05-15T17:00:00+02:00,na,na,748,748,na,na,na
Eco Counter GmbH,Stadt Freiburg,751,Wiwilibrücke,100004595,YTH23035971,7.8407526,47.995213,(UTC+01:00) Europe/Paris DST,2013-05-15T18:00:00+02:00,na,na,708,708,na,na,na
Eco Counter GmbH,Stadt Freiburg,751,Wiwilibrücke,100004595,YTH23035971,7.8407526,47.995213,(UTC+01:00) Europe/Paris DST,2013-05-15T19:00:00+02:00,na,na,649,649,na,na,na
Eco Counter GmbH,Stadt Freiburg,751,Wiwilibrücke,100004595,YTH23035971,7.8407526,47.995213,(UTC+01:00) Europe/Paris DST,2013-05-15T20:00:00+02:00,na,na,475,475,na,na,na
Eco Counter GmbH,Stadt Freiburg,751,Wiwilibrücke,100004595,YTH23035971,7.8407526,47.995213,(UTC+01:00) Europe/Paris DST,2013-05-15T21:00:00+02:00,na,na,296,296,na,na,na
Eco Counter GmbH,Stadt Freiburg,751,Wiwilibrücke,100004595,YTH23035971,7.8407526,47.995213,(UTC+01:00) Europe/Paris DST,2013-05-15T22:00:00+02:00,na,na,232,232,na,na,na
Eco Counter GmbH,Stadt Freiburg,751,Wiwilibrücke,100004595,YTH23035971,7.8407526,47.995213,(UTC+01:00) Europe/Paris DST,2013-05-15T23:00:00+02:00,na,na,256,256,na,na,na
Eco Counter GmbH,Stadt Freiburg,751,Wiwilibrücke,100004595,YTH23035971,7.8407526,47.995213,(UTC+01:00) Europe/Paris DST,2013-05-16T00:00:00+02:00,na,na,113,113,na,na,na
Eco Counter GmbH,Stadt Freiburg,751,Wiwilibrücke,100004595,YTH23035971,7.8407526,47.995213,(UTC+01:00) Europe/Paris DST,2013-05-16T01:00:00+02:00,na,na,60,60,na,na,na
Eco Counter GmbH,Stadt Freiburg,751,Wiwilibrücke,100004595,YTH23035971,7.8407526,47.995213,(UTC+01:00) Europe/Paris DST,2013-05-16T02:00:00+02:00,na,na,29,29,na,na,na
Eco Counter GmbH,Stadt Freiburg,751,Wiwilibrücke,100004595,YTH23035971,7.8407526,47.995213,(UTC+01:00) Europe/Paris DST,2013-05-16T03:00:00+02:00,na,na,15,15,na,na,na
Eco Counter GmbH,Stadt Freiburg,751,Wiwilibrücke,100004595,YTH23035971,7.8407526,47.995213,(UTC+01:00) Europe/Paris DST,2013-05-16T04:00:00+02:00,na,na,16,16,na,na,na
Eco Counter GmbH,Stadt Freiburg,751,Wiwilibrücke,100004595,YTH23035971,7.8407526,47.995213,(UTC+01:00) Europe/Paris DST,2013-05-16T05:00:00+02:00,na,na,25,25,na,na,na
Eco Counter GmbH,Stadt Freiburg,751,Wiwilibrücke,100004595,YTH23035971,7.8407526,47.995213,(UTC+01:00) Europe/Paris DST,2013-05-16T06:00:00+02:00,na,na,115,115,na,na,na
Eco Counter GmbH,Stadt Freiburg,751,Wiwilibrücke,100004595,YTH23035971,7.8407526,47.995213,(UTC+01:00) Europe/Paris DST,2013-05-16T07:00:00+02:00,na,na,507,507,na,na,na
Eco Counter GmbH,Stadt Freiburg,751,Wiwilibrücke,100004595,YTH23035971,7.8407526,47.995213,(UTC+01:00) Europe/Paris DST,2013-05-16T08:00:00+02:00,na,na,686,686,na,na,na
Eco Counter GmbH,Stadt Freiburg,751,Wiwilibrücke,100004595,YTH23035971,7.8407526,47.995213,(UTC+01:00) Europe/Paris DST,2013-05-16T09:00:00+02:00,na,na,472,472,na,na,na
Eco Counter GmbH,Stadt Freiburg,751,Wiwilibrücke,100004595,YTH23035971,7.8407526,47.995213,(UTC+01:00) Europe/Paris DST,2013-05-16T10:00:00+02:00,na,na,392,392,na,na,na
Eco Counter GmbH,Stadt Freiburg,751,Wiwilibrücke,100004595,YTH23035971,7.8407526,47.995213,(UTC+01:00) Europe/Paris DST,2013-05-16T11:00:00+02:00,na,na,308,308,na,na,na
Eco Counter GmbH,Stadt Freiburg,751,Wiwilibrücke,100004595,YTH23035971,7.8407526,47.995213,(UTC+01:00) Europe/Paris DST,2013-05-16T12:00:00+02:00,na,na,505,505,na,na,na
Eco Counter GmbH,Stadt Freiburg,751,Wiwilibrücke,100004595,YTH23035971,7.8407526,47.995213,(UTC+01:00) Europe/Paris DST,2013-05-16T13:00:00+02:00,na,na,592,592,na,na,na
Eco Counter GmbH,Stadt Freiburg,751,Wiwilibrücke,100004595,YTH23035971,7.8407526,47.995213,(UTC+01:00) Europe/Paris DST,2013-05-16T14:00:00+02:00,na,na,557,557,na,na,na
Eco Counter GmbH,Stadt Freiburg,751,Wiwilibrücke,100004595,YTH23035971,7.8407526,47.995213,(UTC+01:00) Europe/Paris DST,2013-05-16T15:00:00+02:00,na,na,543,543,na,na,na
Eco Counter GmbH,Stadt Freiburg,751,Wiwilibrücke,100004595,YTH23035971,7.8407526,47.995213,(UTC+01:00) Europe/Paris DST,2013-05-16T16:00:00+02:00,na,na,598,598,na,na,na
Eco Counter GmbH,Stadt Freiburg,751,Wiwilibrücke,100004595,YTH23035971,7.8407526,47.995213,(UTC+01:00) Europe/Paris DST,2013-05-16T17:00:00+02:00,na,na,700,700,na,na,na
Eco Counter GmbH,Stadt Freiburg,751,Wiwilibrücke,100004595,YTH23035971,7.8407526,47.995213,(UTC+01:00) Europe/Paris DST,2013-05-16T18:00:00+02:00,na,na,674,674,na,na,na
Eco Counter GmbH,Stadt Freiburg,751,Wiwilibrücke,100004595,YTH23035971,7.8407526,47.995213,(UTC+01:00) Europe/Paris DST,2013-05-16T19:00:00+02:00,na,na,511,511,na,na,na
Eco Counter GmbH,Stadt Freiburg,751,Wiwilibrücke,100004595,YTH23035971,7.8407526,47.995213,(UTC+01:00) Europe/Paris DST,2013-05-16T20:00:00+02:00,na,na,427,427,na,na,na
Eco Counter GmbH,Stadt Freiburg,751,Wiwilibrücke,100004595,YTH23035971,7.8407526,47.995213,(UTC+01:00) Europe/Paris DST,2013-05-16T21:00:00+02:00,na,na,284,284,na,na,na
Eco Counter GmbH,Stadt Freiburg,751,Wiwilibrücke,100004595,YTH23035971,7.8407526,47.995213,(UTC+01:00) Europe/Paris DST,2013-05-16T22:00:00+02:00,na,na,332,332,na,na,na
Eco Counter GmbH,Stadt Freiburg,751,Wiwilibrücke,100004595,YTH23035971,7.8407526,47.995213,(UTC+01:00) Europe/Paris DST,2013-05-16T23:00:00+02:00,na,na,246,246,na,na,na
Eco Counter GmbH,Stadt Freiburg,751,Wiwilibrücke,100004595,YTH23035971,7.8407526,47.995213,(UTC+01:00) Europe/Paris DST,2013-05-17T00:00:00+02:00,na,na,198,198,na,na,na
Eco Counter GmbH,Stadt Freiburg,751,Wiwilibrücke,100004595,YTH23035971,7.8407526,47.995213,(UTC+01:00) Europe/Paris DST,2013-05-17T01:00:00+02:00,na,na,140,140,na,na,na
Eco Counter GmbH,Stadt Freiburg,751,Wiwilibrücke,100004595,YTH23035971,7.8407526,47.995213,(UTC+01:00) Europe/Paris DST,2013-05-17T02:00:00+02:00,na,na,65,65,na,na,na
Eco Counter GmbH,Stadt Freiburg,751,Wiwilibrücke,100004595,YTH23035971,7.8407526,47.995213,(UTC+01:00) Europe/Paris DST,2013-05-17T03:00:00+02:00,na,na,53,53,na,na,na
Eco Counter GmbH,Stadt Freiburg,751,Wiwilibrücke,100004595,YTH23035971,7.8407526,47.995213,(UTC+01:00) Europe/Paris DST,2013-05-17T04:00:00+02:00,na,na,14,14,na,na,na
Eco Counter GmbH,Stadt Freiburg,751,Wiwilibrücke,100004595,YTH23035971,7.8407526,47.995213,(UTC+01:00) Europe/Paris DST,2013-05-17T05:00:00+02:00,na,na,26,26,na,na,na
Eco Counter GmbH,Stadt Freiburg,751,Wiwilibrücke,100004595,YTH23035971,7.8407526,47.995213,(UTC+01:00) Europe/Paris DST,2013-05-17T06:00:00+02:00,na,na,86,86,na,na,na
Eco Counter GmbH,Stadt Freiburg,751,Wiwilibrücke,100004595,YTH23035971,7.8407526,47.995213,(UTC+01:00) Europe/Paris DST,2013-05-17T07:00:00+02:00,na,na,341,341,na,na,na
Eco Counter GmbH,Stadt Freiburg,751,Wiwilibrücke,100004595,YTH23035971,7.8407526,47.995213,(UTC+01:00) Europe/Paris DST,2013-05-17T08:00:00+02:00,na,na,385,385,na,na,na
Eco Counter GmbH,Stadt Freiburg,751,Wiwilibrücke,100004595,YTH23035971,7.8407526,47.995213,(UTC+01:00) Europe/Paris DST,2013-05-17T09:00:00+02:00,na,na,327,327,na,na,na
Eco Counter GmbH,Stadt Freiburg,751,Wiwilibrücke,100004595,YTH23035971,7.8407526,47.995213,(UTC+01:00) Europe/Paris DST,2013-05-17T10:00:00+02:00,na,na,289,289,na,na,na
Eco Counter GmbH,Stadt Freiburg,751,Wiwilibrücke,100004595,YTH23035971,7.8407526,47.995213,(UTC+01:00) Europe/Paris DST,2013-05-17T11:00:00+02:00,na,na,288,288,na,na,na
Eco Counter GmbH,Stadt Freiburg,751,Wiwilibrücke,100004595,YTH23035971,7.8407526,47.995213,(UTC+01:00) Europe/Paris DST,2013-05-17T12:00:00+02:00,na,na,425,425,na,na,na
Eco Counter GmbH,Stadt Freiburg,751,Wiwilibrücke,100004595,YTH23035971,7.8407526,47.995213,(UTC+01:00) Europe/Paris DST,2013-05-17T13:00:00+02:00,na,na,496,496,na,na,na
Eco Counter GmbH,Stadt Freiburg,751,Wiwilibrücke,100004595,YTH23035971,7.8407526,47.995213,(UTC+01:00) Europe/Paris DST,2013-05-17T14:00:00+02:00,na,na,439,439,na,na,na
Eco Counter GmbH,Stadt Freiburg,751,Wiwilibrücke,100004595,YTH23035971,7.8407526,47.995213,(UTC+01:00) Europe/Paris DST,2013-05-17T15:00:00+02:00,na,na,417,417,na,na,na
Eco Counter GmbH,Stadt Freiburg,751,Wiwilibrücke,100004595,YTH23035971,7.8407526,47.995213,(UTC+01:00) Europe/Paris DST,2013-05-17T16:00:00+02:00,na,na,460,460,na,na,na
Eco Counter GmbH,Stadt Freiburg,751,Wiwilibrücke,100004595,YTH23035971,7.8407526,47.995213,(UTC+01:00) Europe/Paris DST,2013-05-17T17:00:00+02:00,na,na,501,501,na,na,na
Eco Counter GmbH,Stadt Freiburg,751,Wiwilibrücke,100004595,YTH23035971,7.8407526,47.995213,(UTC+01:00) Europe/Paris DST,2013-05-17T18:00:00+02:00,na,na,492,492,na,na,na
Eco Counter GmbH,Stadt Freiburg,751,Wiwilibrücke,100004595,YTH23035971,7.8407526,47.995213,(UTC+01:00) Europe/Paris DST,2013-05-17T19:00:00+02:00,na,na,363,363,na,na,na
Eco Counter GmbH,Stadt Freiburg,751,Wiwilibrücke,100004595,YTH23035971,7.8407526,47.995213,(UTC+01:00) Europe/Paris DST,2013-05-17T20:00:00+02:00,na,na,299,299,na,na,na
Eco Counter GmbH,Stadt Freiburg,751,Wiwilibrücke,100004595,YTH23035971,7.8407526,47.995213,(UTC+01:00) Europe/Paris DST,2013-05-17T21:00:00+02:00,na,na,239,239,na,na,na
Eco Counter GmbH,Stadt Freiburg,751,Wiwilibrücke,100004595,YTH23035971,7.8407526,47.995213,(UTC+01:00) Europe/Paris DST,2013-05-17T22:00:00+02:00,na,na,233,233,na,na,na
Eco Counter GmbH,Stadt Freiburg,751,Wiwilibrücke,100004595,YTH23035971,7.8407526,47.995213,(UTC+01:00) Europe/Paris DST,2013-05-17T23:00:00+02:00,na,na,206,206,na,na,na
Eco Counter GmbH,Stadt Freiburg,751,Wiwilibrücke,100004595,YTH23035971,7.8407526,47.995213,(UTC+01:00) Europe/Paris DST,2013-05-18T00:00:00+02:00,na,na,232,232,na,na,na
Eco Counter GmbH,Stadt Freiburg,751,Wiwilibrücke,100004595,YTH23035971,7.8407526,47.995213,(UTC+01:00) Europe/Paris DST,2013-05-18T01:00:00+02:00,na,na,149,149,na,na,na
Eco Counter GmbH,Stadt Freiburg,751,Wiwilibrücke,100004595,YTH23035971,7.8407526,47.995213,(UTC+01:00) Europe/Paris DST,2013-05-18T02:00:00+02:00,na,na,76,76,na,na,na
Eco Counter GmbH,Stadt Freiburg,751,Wiwilibrücke,100004595,YTH23035971,7.8407526,47.995213,(UTC+01:00) Europe/Paris DST,2013-05-18T03:00:00+02:00,na,na,73,73,na,na,na
Eco Counter GmbH,Stadt Freiburg,751,Wiwilibrücke,100004595,YTH23035971,7.8407526,47.995213,(UTC+01:00) Europe/Paris DST,2013-05-18T04:00:00+02:00,na,na,54,54,na,na,na
Eco Counter GmbH,Stadt Freiburg,751,Wiwilibrücke,100004595,YTH23035971,7.8407526,47.995213,(UTC+01:00) Europe/Paris DST,2013-05-18T05:00:00+02:00,na,na,37,37,na,na,na
Eco Counter GmbH,Stadt Freiburg,751,Wiwilibrücke,100004595,YTH23035971,7.8407526,47.995213,(UTC+01:00) Europe/Paris DST,2013-05-18T06:00:00+02:00,na,na,36,36,na,na,na
Eco Counter GmbH,Stadt Freiburg,751,Wiwilibrücke,100004595,YTH23035971,7.8407526,47.995213,(UTC+01:00) Europe/Paris DST,2013-05-18T07:00:00+02:00,na,na,49,49,na,na,na
Eco Counter GmbH,Stadt Freiburg,751,Wiwilibrücke,100004595,YTH23035971,7.8407526,47.995213,(UTC+01:00) Europe/Paris DST,2013-05-18T08:00:00+02:00,na,na,104,104,na,na,na
Eco Counter GmbH,Stadt Freiburg,751,Wiwilibrücke,100004595,YTH23035971,7.8407526,47.995213,(UTC+01:00) Europe/Paris DST,2013-05-18T09:00:00+02:00,na,na,234,234,na,na,na
Eco Counter GmbH,Stadt Freiburg,751,Wiwilibrücke,100004595,YTH23035971,7.8407526,47.995213,(UTC+01:00) Europe/Paris DST,2013-05-18T10:00:00+02:00,na,na,421,421,na,na,na
Eco Counter GmbH,Stadt Freiburg,751,Wiwilibrücke,100004595,YTH23035971,7.8407526,47.995213,(UTC+01:00) Europe/Paris DST,2013-05-18T11:00:00+02:00,na,na,523,523,na,na,na
Eco Counter GmbH,Stadt Freiburg,751,Wiwilibrücke,100004595,YTH23035971,7.8407526,47.995213,(UTC+01:00) Europe/Paris DST,2013-05-18T12:00:00+02:00,na,na,570,570,na,na,na
Eco Counter GmbH,Stadt Freiburg,751,Wiwilibrücke,100004595,YTH23035971,7.8407526,47.995213,(UTC+01:00) Europe/Paris DST,2013-05-18T13:00:00+02:00,na,na,600,600,na,na,na
Eco Counter GmbH,Stadt Freiburg,751,Wiwilibrücke,100004595,YTH23035971,7.8407526,47.995213,(UTC+01:00) Europe/Paris DST,2013-05-18T14:00:00+02:00,na,na,540,540,na,na,na
Eco Counter GmbH,Stadt Freiburg,751,Wiwilibrücke,100004595,YTH23035971,7.8407526,47.995213,(UTC+01:00) Europe/Paris DST,2013-05-18T15:00:00+02:00,na,na,483,483,na,na,na
Eco Counter GmbH,Stadt Freiburg,751,Wiwilibrücke,100004595,YTH23035971,7.8407526,47.995213,(UTC+01:00) Europe/Paris DST,2013-05-18T16:00:00+02:00,na,na,395,395,na,na,na
Eco Counter GmbH,Stadt Freiburg,751,Wiwilibrücke,100004595,YTH23035971,7.8407526,47.995213,(UTC+01:00) Europe/Paris DST,2013-05-18T17:00:00+02:00,na,na,523,523,na,na,na
Eco Counter GmbH,Stadt Freiburg,751,Wiwilibrücke,100004595,YTH23035971,7.8407526,47.995213,(UTC+01:00) Europe/Paris DST,2013-05-18T18:00:00+02:00,na,na,548,548,na,na,na
Eco Counter GmbH,Stadt Freiburg,751,Wiwilibrücke,100004595,YTH23035971,7.8407526,47.995213,(UTC+01:00) Europe/Paris DST,2013-05-18T19:00:00+02:00,na,na,344,344,na,na,na
Eco Counter GmbH,Stadt Freiburg,751,Wiwilibrücke,100004595,YTH23035971,7.8407526,47.995213,(UTC+01:00) Europe/Paris DST,2013-05-18T20:00:00+02:00,na,na,301,301,na,na,na
Eco Counter GmbH,Stadt Freiburg,751,Wiwilibrücke,100004595,YTH23035971,7.8407526,47.995213,(UTC+01:00) Europe/Paris DST,2013-05-18T21:00:00+02:00,na,na,247,247,na,na,na
Eco Counter GmbH,Stadt Freiburg,751,Wiwilibrücke,100004595,YTH23035971,7.8407526,47.995213,(UTC+01:00) Europe/Paris DST,2013-05-18T22:00:00+02:00,na,na,217,217,na,na,na
Eco Counter GmbH,Stadt Freiburg,751,Wiwilibrücke,100004595,YTH23035971,7.8407526,47.995213,(UTC+01:00) Europe/Paris DST,2013-05-18T23:00:00+02:00,na,na,249,249,na,na,na
Eco Counter GmbH,Stadt Freiburg,751,Wiwilibrücke,100004595,YTH23035971,7.8407526,47.995213,(UTC+01:00) Europe/Paris DST,2013-05-19T00:00:00+02:00,na,na,202,202,na,na,na
Eco Counter GmbH,Stadt Freiburg,751,Wiwilibrücke,100004595,YTH23035971,7.8407526,47.995213,(UTC+01:00) Europe/Paris DST,2013-05-19T01:00:00+02:00,na,na,123,123,na,na,na
Eco Counter GmbH,Stadt Freiburg,751,Wiwilibrücke,100004595,YTH23035971,7.8407526,47.995213,(UTC+01:00) Europe/Paris DST,2013-05-19T02:00:00+02:00,na,na,117,117,na,na,na
Eco Counter GmbH,Stadt Freiburg,751,Wiwilibrücke,100004595,YTH23035971,7.8407526,47.995213,(UTC+01:00) Europe/Paris DST,2013-05-19T03:00:00+02:00,na,na,53,53,na,na,na
Eco Counter GmbH,Stadt Freiburg,751,Wiwilibrücke,100004595,YTH23035971,7.8407526,47.995213,(UTC+01:00) Europe/Paris DST,2013-05-19T04:00:00+02:00,na,na,49,49,na,na,na
Eco Counter GmbH,Stadt Freiburg,751,Wiwilibrücke,100004595,YTH23035971,7.8407526,47.995213,(UTC+01:00) Europe/Paris DST,2013-05-19T05:00:00+02:00,na,na,45,45,na,na,na
Eco Counter GmbH,Stadt Freiburg,751,Wiwilibrücke,100004595,YTH23035971,7.8407526,47.995213,(UTC+01:00) Europe/Paris DST,2013-05-19T06:00:00+02:00,na,na,23,23,na,na,na
Eco Counter GmbH,Stadt Freiburg,751,Wiwilibrücke,100004595,YTH23035971,7.8407526,47.995213,(UTC+01:00) Europe/Paris DST,2013-05-19T07:00:00+02:00,na,na,27,27,na,na,na
Eco Counter GmbH,Stadt Freiburg,751,Wiwilibrücke,100004595,YTH23035971,7.8407526,47.995213,(UTC+01:00) Europe/Paris DST,2013-05-19T08:00:00+02:00,na,na,29,29,na,na,na
Eco Counter GmbH,Stadt Freiburg,751,Wiwilibrücke,100004595,YTH23035971,7.8407526,47.995213,(UTC+01:00) Europe/Paris DST,2013-05-19T09:00:00+02:00,na,na,44,44,na,na,na
Eco Counter GmbH,Stadt Freiburg,751,Wiwilibrücke,100004595,YTH23035971,7.8407526,47.995213,(UTC+01:00) Europe/Paris DST,2013-05-19T10:00:00+02:00,na,na,51,51,na,na,na
Eco Counter GmbH,Stadt Freiburg,751,Wiwilibrücke,100004595,YTH23035971,7.8407526,47.995213,(UTC+01:00) Europe/Paris DST,2013-05-19T11:00:00+02:00,na,na,68,68,na,na,na
Eco Counter GmbH,Stadt Freiburg,751,Wiwilibrücke,100004595,YTH23035971,7.8407526,47.995213,(UTC+01:00) Europe/Paris DST,2013-05-19T12:00:00+02:00,na,na,66,66,na,na,na
Eco Counter GmbH,Stadt Freiburg,751,Wiwilibrücke,100004595,YTH23035971,7.8407526,47.995213,(UTC+01:00) Europe/Paris DST,2013-05-19T13:00:00+02:00,na,na,89,89,na,na,na
Eco Counter GmbH,Stadt Freiburg,751,Wiwilibrücke,100004595,YTH23035971,7.8407526,47.995213,(UTC+01:00) Europe/Paris DST,2013-05-19T14:00:00+02:00,na,na,121,121,na,na,na
Eco Counter GmbH,Stadt Freiburg,751,Wiwilibrücke,100004595,YTH23035971,7.8407526,47.995213,(UTC+01:00) Europe/Paris DST,2013-05-19T15:00:00+02:00,na,na,167,167,na,na,na
Eco Counter GmbH,Stadt Freiburg,751,Wiwilibrücke,100004595,YTH23035971,7.8407526,47.995213,(UTC+01:00) Europe/Paris DST,2013-05-19T16:00:00+02:00,na,na,201,201,na,na,na
Eco Counter GmbH,Stadt Freiburg,751,Wiwilibrücke,100004595,YTH23035971,7.8407526,47.995213,(UTC+01:00) Europe/Paris DST,2013-05-19T17:00:00+02:00,na,na,155,155,na,na,na
Eco Counter GmbH,Stadt Freiburg,751,Wiwilibrücke,100004595,YTH23035971,7.8407526,47.995213,(UTC+01:00) Europe/Paris DST,2013-05-19T18:00:00+02:00,na,na,115,115,na,na,na
Eco Counter GmbH,Stadt Freiburg,751,Wiwilibrücke,100004595,YTH23035971,7.8407526,47.995213,(UTC+01:00) Europe/Paris DST,2013-05-19T19:00:00+02:00,na,na,154,154,na,na,na
Eco Counter GmbH,Stadt Freiburg,751,Wiwilibrücke,100004595,YTH23035971,7.8407526,47.995213,(UTC+01:00) Europe/Paris DST,2013-05-19T20:00:00+02:00,na,na,142,142,na,na,na
Eco Counter GmbH,Stadt Freiburg,751,Wiwilibrücke,100004595,YTH23035971,7.8407526,47.995213,(UTC+01:00) Europe/Paris DST,2013-05-19T21:00:00+02:00,na,na,94,94,na,na,na
Eco Counter GmbH,Stadt Freiburg,751,Wiwilibrücke,100004595,YTH23035971,7.8407526,47.995213,(UTC+01:00) Europe/Paris DST,2013-05-19T22:00:00+02:00,na,na,108,108,na,na,na
Eco Counter GmbH,Stadt Freiburg,751,Wiwilibrücke,100004595,YTH23035971,7.8407526,47.995213,(UTC+01:00) Europe/Paris DST,2013-05-19T23:00:00+02:00,na,na,101,101,na,na,na
Eco Counter GmbH,Stadt Freiburg,751,Wiwilibrücke,100004595,YTH23035971,7.8407526,47.995213,(UTC+01:00) Europe/Paris DST,2013-05-20T00:00:00+02:00,na,na,76,76,na,na,na
Eco Counter GmbH,Stadt Freiburg,751,Wiwilibrücke,100004595,YTH23035971,7.8407526,47.995213,(UTC+01:00) Europe/Paris DST,2013-05-20T01:00:00+02:00,na,na,49,49,na,na,na
Eco Counter GmbH,Stadt Freiburg,751,Wiwilibrücke,100004595,YTH23035971,7.8407526,47.995213,(UTC+01:00) Europe/Paris DST,2013-05-20T02:00:00+02:00,na,na,30,30,na,na,na
Eco Counter GmbH,Stadt Freiburg,751,Wiwilibrücke,100004595,YTH23035971,7.8407526,47.995213,(UTC+01:00) Europe/Paris DST,2013-05-20T03:00:00+02:00,na,na,13,13,na,na,na
Eco Counter GmbH,Stadt Freiburg,751,Wiwilibrücke,100004595,YTH23035971,7.8407526,47.995213,(UTC+01:00) Europe/Paris DST,2013-05-20T04:00:00+02:00,na,na,10,10,na,na,na
Eco Counter GmbH,Stadt Freiburg,751,Wiwilibrücke,100004595,YTH23035971,7.8407526,47.995213,(UTC+01:00) Europe/Paris DST,2013-05-20T05:00:00+02:00,na,na,20,20,na,na,na
Eco Counter GmbH,Stadt Freiburg,751,Wiwilibrücke,100004595,YTH23035971,7.8407526,47.995213,(UTC+01:00) Europe/Paris DST,2013-05-20T06:00:00+02:00,na,na,13,13,na,na,na
Eco Counter GmbH,Stadt Freiburg,751,Wiwilibrücke,100004595,YTH23035971,7.8407526,47.995213,(UTC+01:00) Europe/Paris DST,2013-05-20T07:00:00+02:00,na,na,27,27,na,na,na
Eco Counter GmbH,Stadt Freiburg,751,Wiwilibrücke,100004595,YTH23035971,7.8407526,47.995213,(UTC+01:00) Europe/Paris DST,2013-05-20T08:00:00+02:00,na,na,47,47,na,na,na
Eco Counter GmbH,Stadt Freiburg,751,Wiwilibrücke,100004595,YTH23035971,7.8407526,47.995213,(UTC+01:00) Europe/Paris DST,2013-05-20T09:00:00+02:00,na,na,76,76,na,na,na
Eco Counter GmbH,Stadt Freiburg,751,Wiwilibrücke,100004595,YTH23035971,7.8407526,47.995213,(UTC+01:00) Europe/Paris DST,2013-05-20T10:00:00+02:00,na,na,122,122,na,na,na
Eco Counter GmbH,Stadt Freiburg,751,Wiwilibrücke,100004595,YTH23035971,7.8407526,47.995213,(UTC+01:00) Europe/Paris DST,2013-05-20T11:00:00+02:00,na,na,111,111,na,na,na
Eco Counter GmbH,Stadt Freiburg,751,Wiwilibrücke,100004595,YTH23035971,7.8407526,47.995213,(UTC+01:00) Europe/Paris DST,2013-05-20T12:00:00+02:00,na,na,109,109,na,na,na
Eco Counter GmbH,Stadt Freiburg,751,Wiwilibrücke,100004595,YTH23035971,7.8407526,47.995213,(UTC+01:00) Europe/Paris DST,2013-05-20T13:00:00+02:00,na,na,107,107,na,na,na
Eco Counter GmbH,Stadt Freiburg,751,Wiwilibrücke,100004595,YTH23035971,7.8407526,47.995213,(UTC+01:00) Europe/Paris DST,2013-05-20T14:00:00+02:00,na,na,170,170,na,na,na
Eco Counter GmbH,Stadt Freiburg,751,Wiwilibrücke,100004595,YTH23035971,7.8407526,47.995213,(UTC+01:00) Europe/Paris DST,2013-05-20T15:00:00+02:00,na,na,172,172,na,na,na
Eco Counter GmbH,Stadt Freiburg,751,Wiwilibrücke,100004595,YTH23035971,7.8407526,47.995213,(UTC+01:00) Europe/Paris DST,2013-05-20T16:00:00+02:00,na,na,152,152,na,na,na
Eco Counter GmbH,Stadt Freiburg,751,Wiwilibrücke,100004595,YTH23035971,7.8407526,47.995213,(UTC+01:00) Europe/Paris DST,2013-05-20T17:00:00+02:00,na,na,152,152,na,na,na
Eco Counter GmbH,Stadt Freiburg,751,Wiwilibrücke,100004595,YTH23035971,7.8407526,47.995213,(UTC+01:00) Europe/Paris DST,2013-05-20T18:00:00+02:00,na,na,137,137,na,na,na
Eco Counter GmbH,Stadt Freiburg,751,Wiwilibrücke,100004595,YTH23035971,7.8407526,47.995213,(UTC+01:00) Europe/Paris DST,2013-05-20T19:00:00+02:00,na,na,156,156,na,na,na
Eco Counter GmbH,Stadt Freiburg,751,Wiwilibrücke,100004595,YTH23035971,7.8407526,47.995213,(UTC+01:00) Europe/Paris DST,2013-05-20T20:00:00+02:00,na,na,127,127,na,na,na
Eco Counter GmbH,Stadt Freiburg,751,Wiwilibrücke,100004595,YTH23035971,7.8407526,47.995213,(UTC+01:00) Europe/Paris DST,2013-05-20T21:00:00+02:00,na,na,78,78,na,na,na
Eco Counter GmbH,Stadt Freiburg,751,Wiwilibrücke,100004595,YTH23035971,7.8407526,47.995213,(UTC+01:00) Europe/Paris DST,2013-05-20T22:00:00+02:00,na,na,49,49,na,na,na
Eco Counter GmbH,Stadt Freiburg,751,Wiwilibrücke,100004595,YTH23035971,7.8407526,47.995213,(UTC+01:00) Europe/Paris DST,2013-05-20T23:00:00+02:00,na,na,72,72,na,na,na
Eco Counter GmbH,Stadt Freiburg,751,Wiwilibrücke,100004595,YTH23035971,7.8407526,47.995213,(UTC+01:00) Europe/Paris DST,2013-05-21T00:00:00+02:00,na,na,53,53,na,na,na
Eco Counter GmbH,Stadt Freiburg,751,Wiwilibrücke,100004595,YTH23035971,7.8407526,47.995213,(UTC+01:00) Europe/Paris DST,2013-05-21T01:00:00+02:00,na,na,18,18,na,na,na
Eco Counter GmbH,Stadt Freiburg,751,Wiwilibrücke,100004595,YTH23035971,7.8407526,47.995213,(UTC+01:00) Europe/Paris DST,2013-05-21T02:00:00+02:00,na,na,7,7,na,na,na
Eco Counter GmbH,Stadt Freiburg,751,Wiwilibrücke,100004595,YTH23035971,7.8407526,47.995213,(UTC+01:00) Europe/Paris DST,2013-05-21T03:00:00+02:00,na,na,13,13,na,na,na
Eco Counter GmbH,Stadt Freiburg,751,Wiwilibrücke,100004595,YTH23035971,7.8407526,47.995213,(UTC+01:00) Europe/Paris DST,2013-05-21T04:00:00+02:00,na,na,5,5,na,na,na
Eco Counter GmbH,Stadt Freiburg,751,Wiwilibrücke,100004595,YTH23035971,7.8407526,47.995213,(UTC+01:00) Europe/Paris DST,2013-05-21T05:00:00+02:00,na,na,24,24,na,na,na
Eco Counter GmbH,Stadt Freiburg,751,Wiwilibrücke,100004595,YTH23035971,7.8407526,47.995213,(UTC+01:00) Europe/Paris DST,2013-05-21T06:00:00+02:00,na,na,77,77,na,na,na
Eco Counter GmbH,Stadt Freiburg,751,Wiwilibrücke,100004595,YTH23035971,7.8407526,47.995213,(UTC+01:00) Europe/Paris DST,2013-05-21T07:00:00+02:00,na,na,207,207,na,na,na
Eco Counter GmbH,Stadt Freiburg,751,Wiwilibrücke,100004595,YTH23035971,7.8407526,47.995213,(UTC+01:00) Europe/Paris DST,2013-05-21T08:00:00+02:00,na,na,255,255,na,na,na
Eco Counter GmbH,Stadt Freiburg,751,Wiwilibrücke,100004595,YTH23035971,7.8407526,47.995213,(UTC+01:00) Europe/Paris DST,2013-05-21T09:00:00+02:00,na,na,204,204,na,na,na
Eco Counter GmbH,Stadt Freiburg,751,Wiwilibrücke,100004595,YTH23035971,7.8407526,47.995213,(UTC+01:00) Europe/Paris DST,2013-05-21T10:00:00+02:00,na,na,133,133,na,na,na
Eco Counter GmbH,Stadt Freiburg,751,Wiwilibrücke,100004595,YTH23035971,7.8407526,47.995213,(UTC+01:00) Europe/Paris DST,2013-05-21T11:00:00+02:00,na,na,202,202,na,na,na
Eco Counter GmbH,Stadt Freiburg,751,Wiwilibrücke,100004595,YTH23035971,7.8407526,47.995213,(UTC+01:00) Europe/Paris DST,2013-05-21T12:00:00+02:00,na,na,190,190,na,na,na
Eco Counter GmbH,Stadt Freiburg,751,Wiwilibrücke,100004595,YTH23035971,7.8407526,47.995213,(UTC+01:00) Europe/Paris DST,2013-05-21T13:00:00+02:00,na,na,227,227,na,na,na
Eco Counter GmbH,Stadt Freiburg,751,Wiwilibrücke,100004595,YTH23035971,7.8407526,47.995213,(UTC+01:00) Europe/Paris DST,2013-05-21T14:00:00+02:00,na,na,289,289,na,na,na
Eco Counter GmbH,Stadt Freiburg,751,Wiwilibrücke,100004595,YTH23035971,7.8407526,47.995213,(UTC+01:00) Europe/Paris DST,2013-05-21T15:00:00+02:00,na,na,301,301,na,na,na
Eco Counter GmbH,Stadt Freiburg,751,Wiwilibrücke,100004595,YTH23035971,7.8407526,47.995213,(UTC+01:00) Europe/Paris DST,2013-05-21T16:00:00+02:00,na,na,368,368,na,na,na
Eco Counter GmbH,Stadt Freiburg,751,Wiwilibrücke,100004595,YTH23035971,7.8407526,47.995213,(UTC+01:00) Europe/Paris DST,2013-05-21T17:00:00+02:00,na,na,486,486,na,na,na
Eco Counter GmbH,Stadt Freiburg,751,Wiwilibrücke,100004595,YTH23035971,7.8407526,47.995213,(UTC+01:00) Europe/Paris DST,2013-05-21T18:00:00+02:00,na,na,404,404,na,na,na
Eco Counter GmbH,Stadt Freiburg,751,Wiwilibrücke,100004595,YTH23035971,7.8407526,47.995213,(UTC+01:00) Europe/Paris DST,2013-05-21T19:00:00+02:00,na,na,307,307,na,na,na
Eco Counter GmbH,Stadt Freiburg,751,Wiwilibrücke,100004595,YTH23035971,7.8407526,47.995213,(UTC+01:00) Europe/Paris DST,2013-05-21T20:00:00+02:00,na,na,257,257,na,na,na
Eco Counter GmbH,Stadt Freiburg,751,Wiwilibrücke,100004595,YTH23035971,7.8407526,47.995213,(UTC+01:00) Europe/Paris DST,2013-05-21T21:00:00+02:00,na,na,159,159,na,na,na
Eco Counter GmbH,Stadt Freiburg,751,Wiwilibrücke,100004595,YTH23035971,7.8407526,47.995213,(UTC+01:00) Europe/Paris DST,2013-05-21T22:00:00+02:00,na,na,151,151,na,na,na
Eco Counter GmbH,Stadt Freiburg,751,Wiwilibrücke,100004595,YTH23035971,7.8407526,47.995213,(UTC+01:00) Europe/Paris DST,2013-05-21T23:00:00+02:00,na,na,122,122,na,na,na
Eco Counter GmbH,Stadt Freiburg,751,Wiwilibrücke,100004595,YTH23035971,7.8407526,47.995213,(UTC+01:00) Europe/Paris DST,2013-05-22T00:00:00+02:00,na,na,73,73,na,na,na
Eco Counter GmbH,Stadt Freiburg,751,Wiwilibrücke,100004595,YTH23035971,7.8407526,47.995213,(UTC+01:00) Europe/Paris DST,2013-05-22T01:00:00+02:00,na,na,46,46,na,na,na
Eco Counter GmbH,Stadt Freiburg,751,Wiwilibrücke,100004595,YTH23035971,7.8407526,47.995213,(UTC+01:00) Europe/Paris DST,2013-05-22T02:00:00+02:00,na,na,22,22,na,na,na
Eco Counter GmbH,Stadt Freiburg,751,Wiwilibrücke,100004595,YTH23035971,7.8407526,47.995213,(UTC+01:00) Europe/Paris DST,2013-05-22T03:00:00+02:00,na,na,5,5,na,na,na
Eco Counter GmbH,Stadt Freiburg,751,Wiwilibrücke,100004595,YTH23035971,7.8407526,47.995213,(UTC+01:00) Europe/Paris DST,2013-05-22T04:00:00+02:00,na,na,6,6,na,na,na
Eco Counter GmbH,Stadt Freiburg,751,Wiwilibrücke,100004595,YTH23035971,7.8407526,47.995213,(UTC+01:00) Europe/Paris DST,2013-05-22T05:00:00+02:00,na,na,25,25,na,na,na
Eco Counter GmbH,Stadt Freiburg,751,Wiwilibrücke,100004595,YTH23035971,7.8407526,47.995213,(UTC+01:00) Europe/Paris DST,2013-05-22T06:00:00+02:00,na,na,71,71,na,na,na
Eco Counter GmbH,Stadt Freiburg,751,Wiwilibrücke,100004595,YTH23035971,7.8407526,47.995213,(UTC+01:00) Europe/Paris DST,2013-05-22T07:00:00+02:00,na,na,214,214,na,na,na
Eco Counter GmbH,Stadt Freiburg,751,Wiwilibrücke,100004595,YTH23035971,7.8407526,47.995213,(UTC+01:00) Europe/Paris DST,2013-05-22T08:00:00+02:00,na,na,336,336,na,na,na
Eco Counter GmbH,Stadt Freiburg,751,Wiwilibrücke,100004595,YTH23035971,7.8407526,47.995213,(UTC+01:00) Europe/Paris DST,2013-05-22T09:00:00+02:00,na,na,256,256,na,na,na
Eco Counter GmbH,Stadt Freiburg,751,Wiwilibrücke,100004595,YTH23035971,7.8407526,47.995213,(UTC+01:00) Europe/Paris DST,2013-05-22T10:00:00+02:00,na,na,181,181,na,na,na
Eco Counter GmbH,Stadt Freiburg,751,Wiwilibrücke,100004595,YTH23035971,7.8407526,47.995213,(UTC+01:00) Europe/Paris DST,2013-05-22T11:00:00+02:00,na,na,211,211,na,na,na
Eco Counter GmbH,Stadt Freiburg,751,Wiwilibrücke,100004595,YTH23035971,7.8407526,47.995213,(UTC+01:00) Europe/Paris DST,2013-05-22T12:00:00+02:00,na,na,296,296,na,na,na
Eco Counter GmbH,Stadt Freiburg,751,Wiwilibrücke,100004595,YTH23035971,7.8407526,47.995213,(UTC+01:00) Europe/Paris DST,2013-05-22T13:00:00+02:00,na,na,254,254,na,na,na
Eco Counter GmbH,Stadt Freiburg,751,Wiwilibrücke,100004595,YTH23035971,7.8407526,47.995213,(UTC+01:00) Europe/Paris DST,2013-05-22T14:00:00+02:00,na,na,290,290,na,na,na
Eco Counter GmbH,Stadt Freiburg,751,Wiwilibrücke,100004595,YTH23035971,7.8407526,47.995213,(UTC+01:00) Europe/Paris DST,2013-05-22T15:00:00+02:00,na,na,313,313,na,na,na
Eco Counter GmbH,Stadt Freiburg,751,Wiwilibrücke,100004595,YTH23035971,7.8407526,47.995213,(UTC+01:00) Europe/Paris DST,2013-05-22T16:00:00+02:00,na,na,340,340,na,na,na
Eco Counter GmbH,Stadt Freiburg,751,Wiwilibrücke,100004595,YTH23035971,7.8407526,47.995213,(UTC+01:00) Europe/Paris DST,2013-05-22T17:00:00+02:00,na,na,456,456,na,na,na
Eco Counter GmbH,Stadt Freiburg,751,Wiwilibrücke,100004595,YTH23035971,7.8407526,47.995213,(UTC+01:00) Europe/Paris DST,2013-05-22T18:00:00+02:00,na,na,432,432,na,na,na
Eco Counter GmbH,Stadt Freiburg,751,Wiwilibrücke,100004595,YTH23035971,7.8407526,47.995213,(UTC+01:00) Europe/Paris DST,2013-05-22T19:00:00+02:00,na,na,333,333,na,na,na
Eco Counter GmbH,Stadt Freiburg,751,Wiwilibrücke,100004595,YTH23035971,7.8407526,47.995213,(UTC+01:00) Europe/Paris DST,2013-05-22T20:00:00+02:00,na,na,232,232,na,na,na
Eco Counter GmbH,Stadt Freiburg,751,Wiwilibrücke,100004595,YTH23035971,7.8407526,47.995213,(UTC+01:00) Europe/Paris DST,2013-05-22T21:00:00+02:00,na,na,145,145,na,na,na
Eco Counter GmbH,Stadt Freiburg,751,Wiwilibrücke,100004595,YTH23035971,7.8407526,47.995213,(UTC+01:00) Europe/Paris DST,2013-05-22T22:00:00+02:00,na,na,161,161,na,na,na
Eco Counter GmbH,Stadt Freiburg,751,Wiwilibrücke,100004595,YTH23035971,7.8407526,47.995213,(UTC+01:00) Europe/Paris DST,2013-05-22T23:00:00+02:00,na,na,116,116,na,na,na
Eco Counter GmbH,Stadt Freiburg,751,Wiwilibrücke,100004595,YTH23035971,7.8407526,47.995213,(UTC+01:00) Europe/Paris DST,2013-05-23T00:00:00+02:00,na,na,93,93,na,na,na
Eco Counter GmbH,Stadt Freiburg,751,Wiwilibrücke,100004595,YTH23035971,7.8407526,47.995213,(UTC+01:00) Europe/Paris DST,2013-05-23T01:00:00+02:00,na,na,32,32,na,na,na
Eco Counter GmbH,Stadt Freiburg,751,Wiwilibrücke,100004595,YTH23035971,7.8407526,47.995213,(UTC+01:00) Europe/Paris DST,2013-05-23T02:00:00+02:00,na,na,32,32,na,na,na
Eco Counter GmbH,Stadt Freiburg,751,Wiwilibrücke,100004595,YTH23035971,7.8407526,47.995213,(UTC+01:00) Europe/Paris DST,2013-05-23T03:00:00+02:00,na,na,18,18,na,na,na
Eco Counter GmbH,Stadt Freiburg,751,Wiwilibrücke,100004595,YTH23035971,7.8407526,47.995213,(UTC+01:00) Europe/Paris DST,2013-05-23T04:00:00+02:00,na,na,12,12,na,na,na
Eco Counter GmbH,Stadt Freiburg,751,Wiwilibrücke,100004595,YTH23035971,7.8407526,47.995213,(UTC+01:00) Europe/Paris DST,2013-05-23T05:00:00+02:00,na,na,28,28,na,na,na
Eco Counter GmbH,Stadt Freiburg,751,Wiwilibrücke,100004595,YTH23035971,7.8407526,47.995213,(UTC+01:00) Europe/Paris DST,2013-05-23T06:00:00+02:00,na,na,94,94,na,na,na
Eco Counter GmbH,Stadt Freiburg,751,Wiwilibrücke,100004595,YTH23035971,7.8407526,47.995213,(UTC+01:00) Europe/Paris DST,2013-05-23T07:00:00+02:00,na,na,252,252,na,na,na
Eco Counter GmbH,Stadt Freiburg,751,Wiwilibrücke,100004595,YTH23035971,7.8407526,47.995213,(UTC+01:00) Europe/Paris DST,2013-05-23T08:00:00+02:00,na,na,396,396,na,na,na
Eco Counter GmbH,Stadt Freiburg,751,Wiwilibrücke,100004595,YTH23035971,7.8407526,47.995213,(UTC+01:00) Europe/Paris DST,2013-05-23T09:00:00+02:00,na,na,350,350,na,na,na
Eco Counter GmbH,Stadt Freiburg,751,Wiwilibrücke,100004595,YTH23035971,7.8407526,47.995213,(UTC+01:00) Europe/Paris DST,2013-05-23T10:00:00+02:00,na,na,269,269,na,na,na
Eco Counter GmbH,Stadt Freiburg,751,Wiwilibrücke,100004595,YTH23035971,7.8407526,47.995213,(UTC+01:00) Europe/Paris DST,2013-05-23T11:00:00+02:00,na,na,302,302,na,na,na
Eco Counter GmbH,Stadt Freiburg,751,Wiwilibrücke,100004595,YTH23035971,7.8407526,47.995213,(UTC+01:00) Europe/Paris DST,2013-05-23T12:00:00+02:00,na,na,381,381,na,na,na
Eco Counter GmbH,Stadt Freiburg,751,Wiwilibrücke,100004595,YTH23035971,7.8407526,47.995213,(UTC+01:00) Europe/Paris DST,2013-05-23T13:00:00+02:00,na,na,387,387,na,na,na
Eco Counter GmbH,Stadt Freiburg,751,Wiwilibrücke,100004595,YTH23035971,7.8407526,47.995213,(UTC+01:00) Europe/Paris DST,2013-05-23T14:00:00+02:00,na,na,301,301,na,na,na
Eco Counter GmbH,Stadt Freiburg,751,Wiwilibrücke,100004595,YTH23035971,7.8407526,47.995213,(UTC+01:00) Europe/Paris DST,2013-05-23T15:00:00+02:00,na,na,275,275,na,na,na
Eco Counter GmbH,Stadt Freiburg,751,Wiwilibrücke,100004595,YTH23035971,7.8407526,47.995213,(UTC+01:00) Europe/Paris DST,2013-05-23T16:00:00+02:00,na,na,305,305,na,na,na
Eco Counter GmbH,Stadt Freiburg,751,Wiwilibrücke,100004595,YTH23035971,7.8407526,47.995213,(UTC+01:00) Europe/Paris DST,2013-05-23T17:00:00+02:00,na,na,381,381,na,na,na
Eco Counter GmbH,Stadt Freiburg,751,Wiwilibrücke,100004595,YTH23035971,7.8407526,47.995213,(UTC+01:00) Europe/Paris DST,2013-05-23T18:00:00+02:00,na,na,422,422,na,na,na
Eco Counter GmbH,Stadt Freiburg,751,Wiwilibrücke,100004595,YTH23035971,7.8407526,47.995213,(UTC+01:00) Europe/Paris DST,2013-05-23T19:00:00+02:00,na,na,329,329,na,na,na
Eco Counter GmbH,Stadt Freiburg,751,Wiwilibrücke,100004595,YTH23035971,7.8407526,47.995213,(UTC+01:00) Europe/Paris DST,2013-05-23T20:00:00+02:00,na,na,197,197,na,na,na
Eco Counter GmbH,Stadt Freiburg,751,Wiwilibrücke,100004595,YTH23035971,7.8407526,47.995213,(UTC+01:00) Europe/Paris DST,2013-05-23T21:00:00+02:00,na,na,145,145,na,na,na
Eco Counter GmbH,Stadt Freiburg,751,Wiwilibrücke,100004595,YTH23035971,7.8407526,47.995213,(UTC+01:00) Europe/Paris DST,2013-05-23T22:00:00+02:00,na,na,142,142,na,na,na
Eco Counter GmbH,Stadt Freiburg,751,Wiwilibrücke,100004595,YTH23035971,7.8407526,47.995213,(UTC+01:00) Europe/Paris DST,2013-05-23T23:00:00+02:00,na,na,158,158,na,na,na
Eco Counter GmbH,Stadt Freiburg,751,Wiwilibrücke,100004595,YTH23035971,7.8407526,47.995213,(UTC+01:00) Europe/Paris DST,2013-05-24T00:00:00+02:00,na,na,84,84,na,na,na
Eco Counter GmbH,Stadt Freiburg,751,Wiwilibrücke,100004595,YTH23035971,7.8407526,47.995213,(UTC+01:00) Europe/Paris DST,2013-05-24T01:00:00+02:00,na,na,63,63,na,na,na
Eco Counter GmbH,Stadt Freiburg,751,Wiwilibrücke,100004595,YTH23035971,7.8407526,47.995213,(UTC+01:00) Europe/Paris DST,2013-05-24T02:00:00+02:00,na,na,16,16,na,na,na
Eco Counter GmbH,Stadt Freiburg,751,Wiwilibrücke,100004595,YTH23035971,7.8407526,47.995213,(UTC+01:00) Europe/Paris DST,2013-05-24T03:00:00+02:00,na,na,15,15,na,na,na
Eco Counter GmbH,Stadt Freiburg,751,Wiwilibrücke,100004595,YTH23035971,7.8407526,47.995213,(UTC+01:00) Europe/Paris DST,2013-05-24T04:00:00+02:00,na,na,19,19,na,na,na
Eco Counter GmbH,Stadt Freiburg,751,Wiwilibrücke,100004595,YTH23035971,7.8407526,47.995213,(UTC+01:00) Europe/Paris DST,2013-05-24T05:00:00+02:00,na,na,20,20,na,na,na
Eco Counter GmbH,Stadt Freiburg,751,Wiwilibrücke,100004595,YTH23035971,7.8407526,47.995213,(UTC+01:00) Europe/Paris DST,2013-05-24T06:00:00+02:00,na,na,72,72,na,na,na
Eco Counter GmbH,Stadt Freiburg,751,Wiwilibrücke,100004595,YTH23035971,7.8407526,47.995213,(UTC+01:00) Europe/Paris DST,2013-05-24T07:00:00+02:00,na,na,223,223,na,na,na
Eco Counter GmbH,Stadt Freiburg,751,Wiwilibrücke,100004595,YTH23035971,7.8407526,47.995213,(UTC+01:00) Europe/Paris DST,2013-05-24T08:00:00+02:00,na,na,363,363,na,na,na
Eco Counter GmbH,Stadt Freiburg,751,Wiwilibrücke,100004595,YTH23035971,7.8407526,47.995213,(UTC+01:00) Europe/Paris DST,2013-05-24T09:00:00+02:00,na,na,291,291,na,na,na
Eco Counter GmbH,Stadt Freiburg,751,Wiwilibrücke,100004595,YTH23035971,7.8407526,47.995213,(UTC+01:00) Europe/Paris DST,2013-05-24T10:00:00+02:00,na,na,281,281,na,na,na
Eco Counter GmbH,Stadt Freiburg,751,Wiwilibrücke,100004595,YTH23035971,7.8407526,47.995213,(UTC+01:00) Europe/Paris DST,2013-05-24T11:00:00+02:00,na,na,289,289,na,na,na
Eco Counter GmbH,Stadt Freiburg,751,Wiwilibrücke,100004595,YTH23035971,7.8407526,47.995213,(UTC+01:00) Europe/Paris DST,2013-05-24T12:00:00+02:00,na,na,342,342,na,na,na
Eco Counter GmbH,Stadt Freiburg,751,Wiwilibrücke,100004595,YTH23035971,7.8407526,47.995213,(UTC+01:00) Europe/Paris DST,2013-05-24T13:00:00+02:00,na,na,402,402,na,na,na
Eco Counter GmbH,Stadt Freiburg,751,Wiwilibrücke,100004595,YTH23035971,7.8407526,47.995213,(UTC+01:00) Europe/Paris DST,2013-05-24T14:00:00+02:00,na,na,366,366,na,na,na
Eco Counter GmbH,Stadt Freiburg,751,Wiwilibrücke,100004595,YTH23035971,7.8407526,47.995213,(UTC+01:00) Europe/Paris DST,2013-05-24T15:00:00+02:00,na,na,312,312,na,na,na
Eco Counter GmbH,Stadt Freiburg,751,Wiwilibrücke,100004595,YTH23035971,7.8407526,47.995213,(UTC+01:00) Europe/Paris DST,2013-05-24T16:00:00+02:00,na,na,413,413,na,na,na
Eco Counter GmbH,Stadt Freiburg,751,Wiwilibrücke,100004595,YTH23035971,7.8407526,47.995213,(UTC+01:00) Europe/Paris DST,2013-05-24T17:00:00+02:00,na,na,427,427,na,na,na
Eco Counter GmbH,Stadt Freiburg,751,Wiwilibrücke,100004595,YTH23035971,7.8407526,47.995213,(UTC+01:00) Europe/Paris DST,2013-05-24T18:00:00+02:00,na,na,430,430,na,na,na
Eco Counter GmbH,Stadt Freiburg,751,Wiwilibrücke,100004595,YTH23035971,7.8407526,47.995213,(UTC+01:00) Europe/Paris DST,2013-05-24T19:00:00+02:00,na,na,301,301,na,na,na
Eco Counter GmbH,Stadt Freiburg,751,Wiwilibrücke,100004595,YTH23035971,7.8407526,47.995213,(UTC+01:00) Europe/Paris DST,2013-05-24T20:00:00+02:00,na,na,236,236,na,na,na
Eco Counter GmbH,Stadt Freiburg,751,Wiwilibrücke,100004595,YTH23035971,7.8407526,47.995213,(UTC+01:00) Europe/Paris DST,2013-05-24T21:00:00+02:00,na,na,191,191,na,na,na
Eco Counter GmbH,Stadt Freiburg,751,Wiwilibrücke,100004595,YTH23035971,7.8407526,47.995213,(UTC+01:00) Europe/Paris DST,2013-05-24T22:00:00+02:00,na,na,164,164,na,na,na
Eco Counter GmbH,Stadt Freiburg,751,Wiwilibrücke,100004595,YTH23035971,7.8407526,47.995213,(UTC+01:00) Europe/Paris DST,2013-05-24T23:00:00+02:00,na,na,133,133,na,na,na
Eco Counter GmbH,Stadt Freiburg,751,Wiwilibrücke,100004595,YTH23035971,7.8407526,47.995213,(UTC+01:00) Europe/Paris DST,2013-05-25T00:00:00+02:00,na,na,136,136,na,na,na
Eco Counter GmbH,Stadt Freiburg,751,Wiwilibrücke,100004595,YTH23035971,7.8407526,47.995213,(UTC+01:00) Europe/Paris DST,2013-05-25T01:00:00+02:00,na,na,117,117,na,na,na
Eco Counter GmbH,Stadt Freiburg,751,Wiwilibrücke,100004595,YTH23035971,7.8407526,47.995213,(UTC+01:00) Europe/Paris DST,2013-05-25T02:00:00+02:00,na,na,54,54,na,na,na
Eco Counter GmbH,Stadt Freiburg,751,Wiwilibrücke,100004595,YTH23035971,7.8407526,47.995213,(UTC+01:00) Europe/Paris DST,2013-05-25T03:00:00+02:00,na,na,64,64,na,na,na
Eco Counter GmbH,Stadt Freiburg,751,Wiwilibrücke,100004595,YTH23035971,7.8407526,47.995213,(UTC+01:00) Europe/Paris DST,2013-05-25T04:00:00+02:00,na,na,36,36,na,na,na
Eco Counter GmbH,Stadt Freiburg,751,Wiwilibrücke,100004595,YTH23035971,7.8407526,47.995213,(UTC+01:00) Europe/Paris DST,2013-05-25T05:00:00+02:00,na,na,33,33,na,na,na
Eco Counter GmbH,Stadt Freiburg,751,Wiwilibrücke,100004595,YTH23035971,7.8407526,47.995213,(UTC+01:00) Europe/Paris DST,2013-05-25T06:00:00+02:00,na,na,37,37,na,na,na
Eco Counter GmbH,Stadt Freiburg,751,Wiwilibrücke,100004595,YTH23035971,7.8407526,47.995213,(UTC+01:00) Europe/Paris DST,2013-05-25T07:00:00+02:00,na,na,46,46,na,na,na
Eco Counter GmbH,Stadt Freiburg,751,Wiwilibrücke,100004595,YTH23035971,7.8407526,47.995213,(UTC+01:00) Europe/Paris DST,2013-05-25T08:00:00+02:00,na,na,85,85,na,na,na
Eco Counter GmbH,Stadt Freiburg,751,Wiwilibrücke,100004595,YTH23035971,7.8407526,47.995213,(UTC+01:00) Europe/Paris DST,2013-05-25T09:00:00+02:00,na,na,183,183,na,na,na
Eco Counter GmbH,Stadt Freiburg,751,Wiwilibrücke,100004595,YTH23035971,7.8407526,47.995213,(UTC+01:00) Europe/Paris DST,2013-05-25T10:00:00+02:00,na,na,251,251,na,na,na
Eco Counter GmbH,Stadt Freiburg,751,Wiwilibrücke,100004595,YTH23035971,7.8407526,47.995213,(UTC+01:00) Europe/Paris DST,2013-05-25T11:00:00+02:00,na,na,318,318,na,na,na
Eco Counter GmbH,Stadt Freiburg,751,Wiwilibrücke,100004595,YTH23035971,7.8407526,47.995213,(UTC+01:00) Europe/Paris DST,2013-05-25T12:00:00+02:00,na,na,304,304,na,na,na
Eco Counter GmbH,Stadt Freiburg,751,Wiwilibrücke,100004595,YTH23035971,7.8407526,47.995213,(UTC+01:00) Europe/Paris DST,2013-05-25T13:00:00+02:00,na,na,322,322,na,na,na
Eco Counter GmbH,Stadt Freiburg,751,Wiwilibrücke,100004595,YTH23035971,7.8407526,47.995213,(UTC+01:00) Europe/Paris DST,2013-05-25T14:00:00+02:00,na,na,265,265,na,na,na
Eco Counter GmbH,Stadt Freiburg,751,Wiwilibrücke,100004595,YTH23035971,7.8407526,47.995213,(UTC+01:00) Europe/Paris DST,2013-05-25T15:00:00+02:00,na,na,272,272,na,na,na
Eco Counter GmbH,Stadt Freiburg,751,Wiwilibrücke,100004595,YTH23035971,7.8407526,47.995213,(UTC+01:00) Europe/Paris DST,2013-05-25T16:00:00+02:00,na,na,300,300,na,na,na
Eco Counter GmbH,Stadt Freiburg,751,Wiwilibrücke,100004595,YTH23035971,7.8407526,47.995213,(UTC+01:00) Europe/Paris DST,2013-05-25T17:00:00+02:00,na,na,280,280,na,na,na
Eco Counter GmbH,Stadt Freiburg,751,Wiwilibrücke,100004595,YTH23035971,7.8407526,47.995213,(UTC+01:00) Europe/Paris DST,2013-05-25T18:00:00+02:00,na,na,282,282,na,na,na
Eco Counter GmbH,Stadt Freiburg,751,Wiwilibrücke,100004595,YTH23035971,7.8407526,47.995213,(UTC+01:00) Europe/Paris DST,2013-05-25T19:00:00+02:00,na,na,361,361,na,na,na
Eco Counter GmbH,Stadt Freiburg,751,Wiwilibrücke,100004595,YTH23035971,7.8407526,47.995213,(UTC+01:00) Europe/Paris DST,2013-05-25T20:00:00+02:00,na,na,266,266,na,na,na
Eco Counter GmbH,Stadt Freiburg,751,Wiwilibrücke,100004595,YTH23035971,7.8407526,47.995213,(UTC+01:00) Europe/Paris DST,2013-05-25T21:00:00+02:00,na,na,104,104,na,na,na
Eco Counter GmbH,Stadt Freiburg,751,Wiwilibrücke,100004595,YTH23035971,7.8407526,47.995213,(UTC+01:00) Europe/Paris DST,2013-05-25T22:00:00+02:00,na,na,92,92,na,na,na
Eco Counter GmbH,Stadt Freiburg,751,Wiwilibrücke,100004595,YTH23035971,7.8407526,47.995213,(UTC+01:00) Europe/Paris DST,2013-05-25T23:00:00+02:00,na,na,293,293,na,na,na
Eco Counter GmbH,Stadt Freiburg,751,Wiwilibrücke,100004595,YTH23035971,7.8407526,47.995213,(UTC+01:00) Europe/Paris DST,2013-05-26T00:00:00+02:00,na,na,192,192,na,na,na
Eco Counter GmbH,Stadt Freiburg,751,Wiwilibrücke,100004595,YTH23035971,7.8407526,47.995213,(UTC+01:00) Europe/Paris DST,2013-05-26T01:00:00+02:00,na,na,192,192,na,na,na
Eco Counter GmbH,Stadt Freiburg,751,Wiwilibrücke,100004595,YTH23035971,7.8407526,47.995213,(UTC+01:00) Europe/Paris DST,2013-05-26T02:00:00+02:00,na,na,110,110,na,na,na
Eco Counter GmbH,Stadt Freiburg,751,Wiwilibrücke,100004595,YTH23035971,7.8407526,47.995213,(UTC+01:00) Europe/Paris DST,2013-05-26T03:00:00+02:00,na,na,83,83,na,na,na
Eco Counter GmbH,Stadt Freiburg,751,Wiwilibrücke,100004595,YTH23035971,7.8407526,47.995213,(UTC+01:00) Europe/Paris DST,2013-05-26T04:00:00+02:00,na,na,43,43,na,na,na
Eco Counter GmbH,Stadt Freiburg,751,Wiwilibrücke,100004595,YTH23035971,7.8407526,47.995213,(UTC+01:00) Europe/Paris DST,2013-05-26T05:00:00+02:00,na,na,44,44,na,na,na
Eco Counter GmbH,Stadt Freiburg,751,Wiwilibrücke,100004595,YTH23035971,7.8407526,47.995213,(UTC+01:00) Europe/Paris DST,2013-05-26T06:00:00+02:00,na,na,34,34,na,na,na
Eco Counter GmbH,Stadt Freiburg,751,Wiwilibrücke,100004595,YTH23035971,7.8407526,47.995213,(UTC+01:00) Europe/Paris DST,2013-05-26T07:00:00+02:00,na,na,18,18,na,na,na
Eco Counter GmbH,Stadt Freiburg,751,Wiwilibrücke,100004595,YTH23035971,7.8407526,47.995213,(UTC+01:00) Europe/Paris DST,2013-05-26T08:00:00+02:00,na,na,32,32,na,na,na
Eco Counter GmbH,Stadt Freiburg,751,Wiwilibrücke,100004595,YTH23035971,7.8407526,47.995213,(UTC+01:00) Europe/Paris DST,2013-05-26T09:00:00+02:00,na,na,61,61,na,na,na
Eco Counter GmbH,Stadt Freiburg,751,Wiwilibrücke,100004595,YTH23035971,7.8407526,47.995213,(UTC+01:00) Europe/Paris DST,2013-05-26T10:00:00+02:00,na,na,79,79,na,na,na
Eco Counter GmbH,Stadt Freiburg,751,Wiwilibrücke,100004595,YTH23035971,7.8407526,47.995213,(UTC+01:00) Europe/Paris DST,2013-05-26T11:00:00+02:00,na,na,99,99,na,na,na
Eco Counter GmbH,Stadt Freiburg,751,Wiwilibrücke,100004595,YTH23035971,7.8407526,47.995213,(UTC+01:00) Europe/Paris DST,2013-05-26T12:00:00+02:00,na,na,129,129,na,na,na
Eco Counter GmbH,Stadt Freiburg,751,Wiwilibrücke,100004595,YTH23035971,7.8407526,47.995213,(UTC+01:00) Europe/Paris DST,2013-05-26T13:00:00+02:00,na,na,147,147,na,na,na
Eco Counter GmbH,Stadt Freiburg,751,Wiwilibrücke,100004595,YTH23035971,7.8407526,47.995213,(UTC+01:00) Europe/Paris DST,2013-05-26T14:00:00+02:00,na,na,116,116,na,na,na
Eco Counter GmbH,Stadt Freiburg,751,Wiwilibrücke,100004595,YTH23035971,7.8407526,47.995213,(UTC+01:00) Europe/Paris DST,2013-05-26T15:00:00+02:00,na,na,107,107,na,na,na
Eco Counter GmbH,Stadt Freiburg,751,Wiwilibrücke,100004595,YTH23035971,7.8407526,47.995213,(UTC+01:00) Europe/Paris DST,2013-05-26T16:00:00+02:00,na,na,107,107,na,na,na
Eco Counter GmbH,Stadt Freiburg,751,Wiwilibrücke,100004595,YTH23035971,7.8407526,47.995213,(UTC+01:00) Europe/Paris DST,2013-05-26T17:00:00+02:00,na,na,117,117,na,na,na
Eco Counter GmbH,Stadt Freiburg,751,Wiwilibrücke,100004595,YTH23035971,7.8407526,47.995213,(UTC+01:00) Europe/Paris DST,2013-05-26T18:00:00+02:00,na,na,96,96,na,na,na
Eco Counter GmbH,Stadt Freiburg,751,Wiwilibrücke,100004595,YTH23035971,7.8407526,47.995213,(UTC+01:00) Europe/Paris DST,2013-05-26T19:00:00+02:00,na,na,122,122,na,na,na
Eco Counter GmbH,Stadt Freiburg,751,Wiwilibrücke,100004595,YTH23035971,7.8407526,47.995213,(UTC+01:00) Europe/Paris DST,2013-05-26T20:00:00+02:00,na,na,92,92,na,na,na
Eco Counter GmbH,Stadt Freiburg,751,Wiwilibrücke,100004595,YTH23035971,7.8407526,47.995213,(UTC+01:00) Europe/Paris DST,2013-05-26T21:00:00+02:00,na,na,71,71,na,na,na
Eco Counter GmbH,Stadt Freiburg,751,Wiwilibrücke,100004595,YTH23035971,7.8407526,47.995213,(UTC+01:00) Europe/Paris DST,2013-05-26T22:00:00+02:00,na,na,87,87,na,na,na
Eco Counter GmbH,Stadt Freiburg,751,Wiwilibrücke,100004595,YTH23035971,7.8407526,47.995213,(UTC+01:00) Europe/Paris DST,2013-05-26T23:00:00+02:00,na,na,41,41,na,na,na
Eco Counter GmbH,Stadt Freiburg,751,Wiwilibrücke,100004595,YTH23035971,7.8407526,47.995213,(UTC+01:00) Europe/Paris DST,2013-05-27T00:00:00+02:00,na,na,27,27,na,na,na
Eco Counter GmbH,Stadt Freiburg,751,Wiwilibrücke,100004595,YTH23035971,7.8407526,47.995213,(UTC+01:00) Europe/Paris DST,2013-05-27T01:00:00+02:00,na,na,9,9,na,na,na
Eco Counter GmbH,Stadt Freiburg,751,Wiwilibrücke,100004595,YTH23035971,7.8407526,47.995213,(UTC+01:00) Europe/Paris DST,2013-05-27T02:00:00+02:00,na,na,11,11,na,na,na
Eco Counter GmbH,Stadt Freiburg,751,Wiwilibrücke,100004595,YTH23035971,7.8407526,47.995213,(UTC+01:00) Europe/Paris DST,2013-05-27T03:00:00+02:00,na,na,3,3,na,na,na
Eco Counter GmbH,Stadt Freiburg,751,Wiwilibrücke,100004595,YTH23035971,7.8407526,47.995213,(UTC+01:00) Europe/Paris DST,2013-05-27T04:00:00+02:00,na,na,3,3,na,na,na
Eco Counter GmbH,Stadt Freiburg,751,Wiwilibrücke,100004595,YTH23035971,7.8407526,47.995213,(UTC+01:00) Europe/Paris DST,2013-05-27T05:00:00+02:00,na,na,23,23,na,na,na
Eco Counter GmbH,Stadt Freiburg,751,Wiwilibrücke,100004595,YTH23035971,7.8407526,47.995213,(UTC+01:00) Europe/Paris DST,2013-05-27T06:00:00+02:00,na,na,84,84,na,na,na
Eco Counter GmbH,Stadt Freiburg,751,Wiwilibrücke,100004595,YTH23035971,7.8407526,47.995213,(UTC+01:00) Europe/Paris DST,2013-05-27T07:00:00+02:00,na,na,296,296,na,na,na
Eco Counter GmbH,Stadt Freiburg,751,Wiwilibrücke,100004595,YTH23035971,7.8407526,47.995213,(UTC+01:00) Europe/Paris DST,2013-05-27T08:00:00+02:00,na,na,509,509,na,na,na
Eco Counter GmbH,Stadt Freiburg,751,Wiwilibrücke,100004595,YTH23035971,7.8407526,47.995213,(UTC+01:00) Europe/Paris DST,2013-05-27T09:00:00+02:00,na,na,384,384,na,na,na
Eco Counter GmbH,Stadt Freiburg,751,Wiwilibrücke,100004595,YTH23035971,7.8407526,47.995213,(UTC+01:00) Europe/Paris DST,2013-05-27T10:00:00+02:00,na,na,427,427,na,na,na
Eco Counter GmbH,Stadt Freiburg,751,Wiwilibrücke,100004595,YTH23035971,7.8407526,47.995213,(UTC+01:00) Europe/Paris DST,2013-05-27T11:00:00+02:00,na,na,360,360,na,na,na
Eco Counter GmbH,Stadt Freiburg,751,Wiwilibrücke,100004595,YTH23035971,7.8407526,47.995213,(UTC+01:00) Europe/Paris DST,2013-05-27T12:00:00+02:00,na,na,536,536,na,na,na
Eco Counter GmbH,Stadt Freiburg,751,Wiwilibrücke,100004595,YTH23035971,7.8407526,47.995213,(UTC+01:00) Europe/Paris DST,2013-05-27T13:00:00+02:00,na,na,518,518,na,na,na
Eco Counter GmbH,Stadt Freiburg,751,Wiwilibrücke,100004595,YTH23035971,7.8407526,47.995213,(UTC+01:00) Europe/Paris DST,2013-05-27T14:00:00+02:00,na,na,511,511,na,na,na
Eco Counter GmbH,Stadt Freiburg,751,Wiwilibrücke,100004595,YTH23035971,7.8407526,47.995213,(UTC+01:00) Europe/Paris DST,2013-05-27T15:00:00+02:00,na,na,486,486,na,na,na
Eco Counter GmbH,Stadt Freiburg,751,Wiwilibrücke,100004595,YTH23035971,7.8407526,47.995213,(UTC+01:00) Europe/Paris DST,2013-05-27T16:00:00+02:00,na,na,605,605,na,na,na
Eco Counter GmbH,Stadt Freiburg,751,Wiwilibrücke,100004595,YTH23035971,7.8407526,47.995213,(UTC+01:00) Europe/Paris DST,2013-05-27T17:00:00+02:00,na,na,747,747,na,na,na
Eco Counter GmbH,Stadt Freiburg,751,Wiwilibrücke,100004595,YTH23035971,7.8407526,47.995213,(UTC+01:00) Europe/Paris DST,2013-05-27T18:00:00+02:00,na,na,779,779,na,na,na
Eco Counter GmbH,Stadt Freiburg,751,Wiwilibrücke,100004595,YTH23035971,7.8407526,47.995213,(UTC+01:00) Europe/Paris DST,2013-05-27T19:00:00+02:00,na,na,592,592,na,na,na
Eco Counter GmbH,Stadt Freiburg,751,Wiwilibrücke,100004595,YTH23035971,7.8407526,47.995213,(UTC+01:00) Europe/Paris DST,2013-05-27T20:00:00+02:00,na,na,495,495,na,na,na
Eco Counter GmbH,Stadt Freiburg,751,Wiwilibrücke,100004595,YTH23035971,7.8407526,47.995213,(UTC+01:00) Europe/Paris DST,2013-05-27T21:00:00+02:00,na,na,279,279,na,na,na
Eco Counter GmbH,Stadt Freiburg,751,Wiwilibrücke,100004595,YTH23035971,7.8407526,47.995213,(UTC+01:00) Europe/Paris DST,2013-05-27T22:00:00+02:00,na,na,293,293,na,na,na
Eco Counter GmbH,Stadt Freiburg,751,Wiwilibrücke,100004595,YTH23035971,7.8407526,47.995213,(UTC+01:00) Europe/Paris DST,2013-05-27T23:00:00+02:00,na,na,230,230,na,na,na
Eco Counter GmbH,Stadt Freiburg,751,Wiwilibrücke,100004595,YTH23035971,7.8407526,47.995213,(UTC+01:00) Europe/Paris DST,2013-05-28T00:00:00+02:00,na,na,107,107,na,na,na
Eco Counter GmbH,Stadt Freiburg,751,Wiwilibrücke,100004595,YTH23035971,7.8407526,47.995213,(UTC+01:00) Europe/Paris DST,2013-05-28T01:00:00+02:00,na,na,53,53,na,na,na
Eco Counter GmbH,Stadt Freiburg,751,Wiwilibrücke,100004595,YTH23035971,7.8407526,47.995213,(UTC+01:00) Europe/Paris DST,2013-05-28T02:00:00+02:00,na,na,28,28,na,na,na
Eco Counter GmbH,Stadt Freiburg,751,Wiwilibrücke,100004595,YTH23035971,7.8407526,47.995213,(UTC+01:00) Europe/Paris DST,2013-05-28T03:00:00+02:00,na,na,22,22,na,na,na
Eco Counter GmbH,Stadt Freiburg,751,Wiwilibrücke,100004595,YTH23035971,7.8407526,47.995213,(UTC+01:00) Europe/Paris DST,2013-05-28T04:00:00+02:00,na,na,17,17,na,na,na
Eco Counter GmbH,Stadt Freiburg,751,Wiwilibrücke,100004595,YTH23035971,7.8407526,47.995213,(UTC+01:00) Europe/Paris DST,2013-05-28T05:00:00+02:00,na,na,25,25,na,na,na
Eco Counter GmbH,Stadt Freiburg,751,Wiwilibrücke,100004595,YTH23035971,7.8407526,47.995213,(UTC+01:00) Europe/Paris DST,2013-05-28T06:00:00+02:00,na,na,99,99,na,na,na
Eco Counter GmbH,Stadt Freiburg,751,Wiwilibrücke,100004595,YTH23035971,7.8407526,47.995213,(UTC+01:00) Europe/Paris DST,2013-05-28T07:00:00+02:00,na,na,339,339,na,na,na
Eco Counter GmbH,Stadt Freiburg,751,Wiwilibrücke,100004595,YTH23035971,7.8407526,47.995213,(UTC+01:00) Europe/Paris DST,2013-05-28T08:00:00+02:00,na,na,687,687,na,na,na
Eco Counter GmbH,Stadt Freiburg,751,Wiwilibrücke,100004595,YTH23035971,7.8407526,47.995213,(UTC+01:00) Europe/Paris DST,2013-05-28T09:00:00+02:00,na,na,446,446,na,na,na
Eco Counter GmbH,Stadt Freiburg,751,Wiwilibrücke,100004595,YTH23035971,7.8407526,47.995213,(UTC+01:00) Europe/Paris DST,2013-05-28T10:00:00+02:00,na,na,506,506,na,na,na
Eco Counter GmbH,Stadt Freiburg,751,Wiwilibrücke,100004595,YTH23035971,7.8407526,47.995213,(UTC+01:00) Europe/Paris DST,2013-05-28T11:00:00+02:00,na,na,439,439,na,na,na
Eco Counter GmbH,Stadt Freiburg,751,Wiwilibrücke,100004595,YTH23035971,7.8407526,47.995213,(UTC+01:00) Europe/Paris DST,2013-05-28T12:00:00+02:00,na,na,591,591,na,na,na
Eco Counter GmbH,Stadt Freiburg,751,Wiwilibrücke,100004595,YTH23035971,7.8407526,47.995213,(UTC+01:00) Europe/Paris DST,2013-05-28T13:00:00+02:00,na,na,619,619,na,na,na
Eco Counter GmbH,Stadt Freiburg,751,Wiwilibrücke,100004595,YTH23035971,7.8407526,47.995213,(UTC+01:00) Europe/Paris DST,2013-05-28T14:00:00+02:00,na,na,568,568,na,na,na
Eco Counter GmbH,Stadt Freiburg,751,Wiwilibrücke,100004595,YTH23035971,7.8407526,47.995213,(UTC+01:00) Europe/Paris DST,2013-05-28T15:00:00+02:00,na,na,570,570,na,na,na
Eco Counter GmbH,Stadt Freiburg,751,Wiwilibrücke,100004595,YTH23035971,7.8407526,47.995213,(UTC+01:00) Europe/Paris DST,2013-05-28T16:00:00+02:00,na,na,625,625,na,na,na
Eco Counter GmbH,Stadt Freiburg,751,Wiwilibrücke,100004595,YTH23035971,7.8407526,47.995213,(UTC+01:00) Europe/Paris DST,2013-05-28T17:00:00+02:00,na,na,459,459,na,na,na
Eco Counter GmbH,Stadt Freiburg,751,Wiwilibrücke,100004595,YTH23035971,7.8407526,47.995213,(UTC+01:00) Europe/Paris DST,2013-05-28T18:00:00+02:00,na,na,578,578,na,na,na
Eco Counter GmbH,Stadt Freiburg,751,Wiwilibrücke,100004595,YTH23035971,7.8407526,47.995213,(UTC+01:00) Europe/Paris DST,2013-05-28T19:00:00+02:00,na,na,527,527,na,na,na
Eco Counter GmbH,Stadt Freiburg,751,Wiwilibrücke,100004595,YTH23035971,7.8407526,47.995213,(UTC+01:00) Europe/Paris DST,2013-05-28T20:00:00+02:00,na,na,360,360,na,na,na
Eco Counter GmbH,Stadt Freiburg,751,Wiwilibrücke,100004595,YTH23035971,7.8407526,47.995213,(UTC+01:00) Europe/Paris DST,2013-05-28T21:00:00+02:00,na,na,171,171,na,na,na
Eco Counter GmbH,Stadt Freiburg,751,Wiwilibrücke,100004595,YTH23035971,7.8407526,47.995213,(UTC+01:00) Europe/Paris DST,2013-05-28T22:00:00+02:00,na,na,226,226,na,na,na
Eco Counter GmbH,Stadt Freiburg,751,Wiwilibrücke,100004595,YTH23035971,7.8407526,47.995213,(UTC+01:00) Europe/Paris DST,2013-05-28T23:00:00+02:00,na,na,141,141,na,na,na
Eco Counter GmbH,Stadt Freiburg,751,Wiwilibrücke,100004595,YTH23035971,7.8407526,47.995213,(UTC+01:00) Europe/Paris DST,2013-05-29T00:00:00+02:00,na,na,103,103,na,na,na
Eco Counter GmbH,Stadt Freiburg,751,Wiwilibrücke,100004595,YTH23035971,7.8407526,47.995213,(UTC+01:00) Europe/Paris DST,2013-05-29T01:00:00+02:00,na,na,42,42,na,na,na
Eco Counter GmbH,Stadt Freiburg,751,Wiwilibrücke,100004595,YTH23035971,7.8407526,47.995213,(UTC+01:00) Europe/Paris DST,2013-05-29T02:00:00+02:00,na,na,14,14,na,na,na
Eco Counter GmbH,Stadt Freiburg,751,Wiwilibrücke,100004595,YTH23035971,7.8407526,47.995213,(UTC+01:00) Europe/Paris DST,2013-05-29T03:00:00+02:00,na,na,4,4,na,na,na
Eco Counter GmbH,Stadt Freiburg,751,Wiwilibrücke,100004595,YTH23035971,7.8407526,47.995213,(UTC+01:00) Europe/Paris DST,2013-05-29T04:00:00+02:00,na,na,2,2,na,na,na
Eco Counter GmbH,Stadt Freiburg,751,Wiwilibrücke,100004595,YTH23035971,7.8407526,47.995213,(UTC+01:00) Europe/Paris DST,2013-05-29T05:00:00+02:00,na,na,21,21,na,na,na
Eco Counter GmbH,Stadt Freiburg,751,Wiwilibrücke,100004595,YTH23035971,7.8407526,47.995213,(UTC+01:00) Europe/Paris DST,2013-05-29T06:00:00+02:00,na,na,79,79,na,na,na
Eco Counter GmbH,Stadt Freiburg,751,Wiwilibrücke,100004595,YTH23035971,7.8407526,47.995213,(UTC+01:00) Europe/Paris DST,2013-05-29T07:00:00+02:00,na,na,223,223,na,na,na
Eco Counter GmbH,Stadt Freiburg,751,Wiwilibrücke,100004595,YTH23035971,7.8407526,47.995213,(UTC+01:00) Europe/Paris DST,2013-05-29T08:00:00+02:00,na,na,504,504,na,na,na
Eco Counter GmbH,Stadt Freiburg,751,Wiwilibrücke,100004595,YTH23035971,7.8407526,47.995213,(UTC+01:00) Europe/Paris DST,2013-05-29T09:00:00+02:00,na,na,305,305,na,na,na
Eco Counter GmbH,Stadt Freiburg,751,Wiwilibrücke,100004595,YTH23035971,7.8407526,47.995213,(UTC+01:00) Europe/Paris DST,2013-05-29T10:00:00+02:00,na,na,262,262,na,na,na
Eco Counter GmbH,Stadt Freiburg,751,Wiwilibrücke,100004595,YTH23035971,7.8407526,47.995213,(UTC+01:00) Europe/Paris DST,2013-05-29T11:00:00+02:00,na,na,256,256,na,na,na
Eco Counter GmbH,Stadt Freiburg,751,Wiwilibrücke,100004595,YTH23035971,7.8407526,47.995213,(UTC+01:00) Europe/Paris DST,2013-05-29T12:00:00+02:00,na,na,375,375,na,na,na
Eco Counter GmbH,Stadt Freiburg,751,Wiwilibrücke,100004595,YTH23035971,7.8407526,47.995213,(UTC+01:00) Europe/Paris DST,2013-05-29T13:00:00+02:00,na,na,371,371,na,na,na
Eco Counter GmbH,Stadt Freiburg,751,Wiwilibrücke,100004595,YTH23035971,7.8407526,47.995213,(UTC+01:00) Europe/Paris DST,2013-05-29T14:00:00+02:00,na,na,411,411,na,na,na
Eco Counter GmbH,Stadt Freiburg,751,Wiwilibrücke,100004595,YTH23035971,7.8407526,47.995213,(UTC+01:00) Europe/Paris DST,2013-05-29T15:00:00+02:00,na,na,355,355,na,na,na
Eco Counter GmbH,Stadt Freiburg,751,Wiwilibrücke,100004595,YTH23035971,7.8407526,47.995213,(UTC+01:00) Europe/Paris DST,2013-05-29T16:00:00+02:00,na,na,454,454,na,na,na
Eco Counter GmbH,Stadt Freiburg,751,Wiwilibrücke,100004595,YTH23035971,7.8407526,47.995213,(UTC+01:00) Europe/Paris DST,2013-05-29T17:00:00+02:00,na,na,607,607,na,na,na
Eco Counter GmbH,Stadt Freiburg,751,Wiwilibrücke,100004595,YTH23035971,7.8407526,47.995213,(UTC+01:00) Europe/Paris DST,2013-05-29T18:00:00+02:00,na,na,585,585,na,na,na
Eco Counter GmbH,Stadt Freiburg,751,Wiwilibrücke,100004595,YTH23035971,7.8407526,47.995213,(UTC+01:00) Europe/Paris DST,2013-05-29T19:00:00+02:00,na,na,463,463,na,na,na
Eco Counter GmbH,Stadt Freiburg,751,Wiwilibrücke,100004595,YTH23035971,7.8407526,47.995213,(UTC+01:00) Europe/Paris DST,2013-05-29T20:00:00+02:00,na,na,398,398,na,na,na
Eco Counter GmbH,Stadt Freiburg,751,Wiwilibrücke,100004595,YTH23035971,7.8407526,47.995213,(UTC+01:00) Europe/Paris DST,2013-05-29T21:00:00+02:00,na,na,292,292,na,na,na
Eco Counter GmbH,Stadt Freiburg,751,Wiwilibrücke,100004595,YTH23035971,7.8407526,47.995213,(UTC+01:00) Europe/Paris DST,2013-05-29T22:00:00+02:00,na,na,266,266,na,na,na
Eco Counter GmbH,Stadt Freiburg,751,Wiwilibrücke,100004595,YTH23035971,7.8407526,47.995213,(UTC+01:00) Europe/Paris DST,2013-05-29T23:00:00+02:00,na,na,247,247,na,na,na
Eco Counter GmbH,Stadt Freiburg,751,Wiwilibrücke,100004595,YTH23035971,7.8407526,47.995213,(UTC+01:00) Europe/Paris DST,2013-05-30T00:00:00+02:00,na,na,201,201,na,na,na
Eco Counter GmbH,Stadt Freiburg,751,Wiwilibrücke,100004595,YTH23035971,7.8407526,47.995213,(UTC+01:00) Europe/Paris DST,2013-05-30T01:00:00+02:00,na,na,152,152,na,na,na
Eco Counter GmbH,Stadt Freiburg,751,Wiwilibrücke,100004595,YTH23035971,7.8407526,47.995213,(UTC+01:00) Europe/Paris DST,2013-05-30T02:00:00+02:00,na,na,112,112,na,na,na
Eco Counter GmbH,Stadt Freiburg,751,Wiwilibrücke,100004595,YTH23035971,7.8407526,47.995213,(UTC+01:00) Europe/Paris DST,2013-05-30T03:00:00+02:00,na,na,82,82,na,na,na
Eco Counter GmbH,Stadt Freiburg,751,Wiwilibrücke,100004595,YTH23035971,7.8407526,47.995213,(UTC+01:00) Europe/Paris DST,2013-05-30T04:00:00+02:00,na,na,62,62,na,na,na
Eco Counter GmbH,Stadt Freiburg,751,Wiwilibrücke,100004595,YTH23035971,7.8407526,47.995213,(UTC+01:00) Europe/Paris DST,2013-05-30T05:00:00+02:00,na,na,48,48,na,na,na
Eco Counter GmbH,Stadt Freiburg,751,Wiwilibrücke,100004595,YTH23035971,7.8407526,47.995213,(UTC+01:00) Europe/Paris DST,2013-05-30T06:00:00+02:00,na,na,42,42,na,na,na
Eco Counter GmbH,Stadt Freiburg,751,Wiwilibrücke,100004595,YTH23035971,7.8407526,47.995213,(UTC+01:00) Europe/Paris DST,2013-05-30T07:00:00+02:00,na,na,35,35,na,na,na
Eco Counter GmbH,Stadt Freiburg,751,Wiwilibrücke,100004595,YTH23035971,7.8407526,47.995213,(UTC+01:00) Europe/Paris DST,2013-05-30T08:00:00+02:00,na,na,78,78,na,na,na
Eco Counter GmbH,Stadt Freiburg,751,Wiwilibrücke,100004595,YTH23035971,7.8407526,47.995213,(UTC+01:00) Europe/Paris DST,2013-05-30T09:00:00+02:00,na,na,89,89,na,na,na
Eco Counter GmbH,Stadt Freiburg,751,Wiwilibrücke,100004595,YTH23035971,7.8407526,47.995213,(UTC+01:00) Europe/Paris DST,2013-05-30T10:00:00+02:00,na,na,144,144,na,na,na
Eco Counter GmbH,Stadt Freiburg,751,Wiwilibrücke,100004595,YTH23035971,7.8407526,47.995213,(UTC+01:00) Europe/Paris DST,2013-05-30T11:00:00+02:00,na,na,173,173,na,na,na
Eco Counter GmbH,Stadt Freiburg,751,Wiwilibrücke,100004595,YTH23035971,7.8407526,47.995213,(UTC+01:00) Europe/Paris DST,2013-05-30T12:00:00+02:00,na,na,216,216,na,na,na
Eco Counter GmbH,Stadt Freiburg,751,Wiwilibrücke,100004595,YTH23035971,7.8407526,47.995213,(UTC+01:00) Europe/Paris DST,2013-05-30T13:00:00+02:00,na,na,265,265,na,na,na
Eco Counter GmbH,Stadt Freiburg,751,Wiwilibrücke,100004595,YTH23035971,7.8407526,47.995213,(UTC+01:00) Europe/Paris DST,2013-05-30T14:00:00+02:00,na,na,260,260,na,na,na
Eco Counter GmbH,Stadt Freiburg,751,Wiwilibrücke,100004595,YTH23035971,7.8407526,47.995213,(UTC+01:00) Europe/Paris DST,2013-05-30T15:00:00+02:00,na,na,304,304,na,na,na
Eco Counter GmbH,Stadt Freiburg,751,Wiwilibrücke,100004595,YTH23035971,7.8407526,47.995213,(UTC+01:00) Europe/Paris DST,2013-05-30T16:00:00+02:00,na,na,292,292,na,na,na
Eco Counter GmbH,Stadt Freiburg,751,Wiwilibrücke,100004595,YTH23035971,7.8407526,47.995213,(UTC+01:00) Europe/Paris DST,2013-05-30T17:00:00+02:00,na,na,324,324,na,na,na
Eco Counter GmbH,Stadt Freiburg,751,Wiwilibrücke,100004595,YTH23035971,7.8407526,47.995213,(UTC+01:00) Europe/Paris DST,2013-05-30T18:00:00+02:00,na,na,313,313,na,na,na
Eco Counter GmbH,Stadt Freiburg,751,Wiwilibrücke,100004595,YTH23035971,7.8407526,47.995213,(UTC+01:00) Europe/Paris DST,2013-05-30T19:00:00+02:00,na,na,341,341,na,na,na
Eco Counter GmbH,Stadt Freiburg,751,Wiwilibrücke,100004595,YTH23035971,7.8407526,47.995213,(UTC+01:00) Europe/Paris DST,2013-05-30T20:00:00+02:00,na,na,261,261,na,na,na
Eco Counter GmbH,Stadt Freiburg,751,Wiwilibrücke,100004595,YTH23035971,7.8407526,47.995213,(UTC+01:00) Europe/Paris DST,2013-05-30T21:00:00+02:00,na,na,186,186,na,na,na
Eco Counter GmbH,Stadt Freiburg,751,Wiwilibrücke,100004595,YTH23035971,7.8407526,47.995213,(UTC+01:00) Europe/Paris DST,2013-05-30T22:00:00+02:00,na,na,186,186,na,na,na
Eco Counter GmbH,Stadt Freiburg,751,Wiwilibrücke,100004595,YTH23035971,7.8407526,47.995213,(UTC+01:00) Europe/Paris DST,2013-05-30T23:00:00+02:00,na,na,215,215,na,na,na
Eco Counter GmbH,Stadt Freiburg,751,Wiwilibrücke,100004595,YTH23035971,7.8407526,47.995213,(UTC+01:00) Europe/Paris DST,2013-05-31T00:00:00+02:00,na,na,104,104,na,na,na
Eco Counter GmbH,Stadt Freiburg,751,Wiwilibrücke,100004595,YTH23035971,7.8407526,47.995213,(UTC+01:00) Europe/Paris DST,2013-05-31T01:00:00+02:00,na,na,71,71,na,na,na
Eco Counter GmbH,Stadt Freiburg,751,Wiwilibrücke,100004595,YTH23035971,7.8407526,47.995213,(UTC+01:00) Europe/Paris DST,2013-05-31T02:00:00+02:00,na,na,22,22,na,na,na
Eco Counter GmbH,Stadt Freiburg,751,Wiwilibrücke,100004595,YTH23035971,7.8407526,47.995213,(UTC+01:00) Europe/Paris DST,2013-05-31T03:00:00+02:00,na,na,14,14,na,na,na
Eco Counter GmbH,Stadt Freiburg,751,Wiwilibrücke,100004595,YTH23035971,7.8407526,47.995213,(UTC+01:00) Europe/Paris DST,2013-05-31T04:00:00+02:00,na,na,16,16,na,na,na
Eco Counter GmbH,Stadt Freiburg,751,Wiwilibrücke,100004595,YTH23035971,7.8407526,47.995213,(UTC+01:00) Europe/Paris DST,2013-05-31T05:00:00+02:00,na,na,23,23,na,na,na
Eco Counter GmbH,Stadt Freiburg,751,Wiwilibrücke,100004595,YTH23035971,7.8407526,47.995213,(UTC+01:00) Europe/Paris DST,2013-05-31T06:00:00+02:00,na,na,64,64,na,na,na
Eco Counter GmbH,Stadt Freiburg,751,Wiwilibrücke,100004595,YTH23035971,7.8407526,47.995213,(UTC+01:00) Europe/Paris DST,2013-05-31T07:00:00+02:00,na,na,153,153,na,na,na
Eco Counter GmbH,Stadt Freiburg,751,Wiwilibrücke,100004595,YTH23035971,7.8407526,47.995213,(UTC+01:00) Europe/Paris DST,2013-05-31T08:00:00+02:00,na,na,249,249,na,na,na
Eco Counter GmbH,Stadt Freiburg,751,Wiwilibrücke,100004595,YTH23035971,7.8407526,47.995213,(UTC+01:00) Europe/Paris DST,2013-05-31T09:00:00+02:00,na,na,200,200,na,na,na
Eco Counter GmbH,Stadt Freiburg,751,Wiwilibrücke,100004595,YTH23035971,7.8407526,47.995213,(UTC+01:00) Europe/Paris DST,2013-05-31T10:00:00+02:00,na,na,177,177,na,na,na
Eco Counter GmbH,Stadt Freiburg,751,Wiwilibrücke,100004595,YTH23035971,7.8407526,47.995213,(UTC+01:00) Europe/Paris DST,2013-05-31T11:00:00+02:00,na,na,159,159,na,na,na
Eco Counter GmbH,Stadt Freiburg,751,Wiwilibrücke,100004595,YTH23035971,7.8407526,47.995213,(UTC+01:00) Europe/Paris DST,2013-05-31T12:00:00+02:00,na,na,226,226,na,na,na
Eco Counter GmbH,Stadt Freiburg,751,Wiwilibrücke,100004595,YTH23035971,7.8407526,47.995213,(UTC+01:00) Europe/Paris DST,2013-05-31T13:00:00+02:00,na,na,220,220,na,na,na
Eco Counter GmbH,Stadt Freiburg,751,Wiwilibrücke,100004595,YTH23035971,7.8407526,47.995213,(UTC+01:00) Europe/Paris DST,2013-05-31T14:00:00+02:00,na,na,225,225,na,na,na
Eco Counter GmbH,Stadt Freiburg,751,Wiwilibrücke,100004595,YTH23035971,7.8407526,47.995213,(UTC+01:00) Europe/Paris DST,2013-05-31T15:00:00+02:00,na,na,201,201,na,na,na
Eco Counter GmbH,Stadt Freiburg,751,Wiwilibrücke,100004595,YTH23035971,7.8407526,47.995213,(UTC+01:00) Europe/Paris DST,2013-05-31T16:00:00+02:00,na,na,202,202,na,na,na
Eco Counter GmbH,Stadt Freiburg,751,Wiwilibrücke,100004595,YTH23035971,7.8407526,47.995213,(UTC+01:00) Europe/Paris DST,2013-05-31T17:00:00+02:00,na,na,244,244,na,na,na
Eco Counter GmbH,Stadt Freiburg,751,Wiwilibrücke,100004595,YTH23035971,7.8407526,47.995213,(UTC+01:00) Europe/Paris DST,2013-05-31T18:00:00+02:00,na,na,185,185,na,na,na
Eco Counter GmbH,Stadt Freiburg,751,Wiwilibrücke,100004595,YTH23035971,7.8407526,47.995213,(UTC+01:00) Europe/Paris DST,2013-05-31T19:00:00+02:00,na,na,204,204,na,na,na
Eco Counter GmbH,Stadt Freiburg,751,Wiwilibrücke,100004595,YTH23035971,7.8407526,47.995213,(UTC+01:00) Europe/Paris DST,2013-05-31T20:00:00+02:00,na,na,177,177,na,na,na
Eco Counter GmbH,Stadt Freiburg,751,Wiwilibrücke,100004595,YTH23035971,7.8407526,47.995213,(UTC+01:00) Europe/Paris DST,2013-05-31T21:00:00+02:00,na,na,105,105,na,na,na
Eco Counter GmbH,Stadt Freiburg,751,Wiwilibrücke,100004595,YTH23035971,7.8407526,47.995213,(UTC+01:00) Europe/Paris DST,2013-05-31T22:00:00+02:00,na,na,119,119,na,na,na
Eco Counter GmbH,Landeshauptstadt Stuttgart,607,König-Karls-Brücke Barometer,100034882,YTH16019147,9.210372161982697,48.79912609299229,(UTC+01:00) Europe/Paris DST,2013-05-01T00:00:00+02:00,6,6,na,12,7.0,0.0,na
Eco Counter GmbH,Landeshauptstadt Stuttgart,607,König-Karls-Brücke Barometer,100034882,YTH16019147,9.210372161982697,48.79912609299229,(UTC+01:00) Europe/Paris DST,2013-05-01T01:00:00+02:00,1,6,na,7,7.0,0.0,na
Eco Counter GmbH,Landeshauptstadt Stuttgart,607,König-Karls-Brücke Barometer,100034882,YTH16019147,9.210372161982697,48.79912609299229,(UTC+01:00) Europe/Paris DST,2013-05-01T02:00:00+02:00,4,7,na,11,7.0,0.0,na
Eco Counter GmbH,Landeshauptstadt Stuttgart,607,König-Karls-Brücke Barometer,100034882,YTH16019147,9.210372161982697,48.79912609299229,(UTC+01:00) Europe/Paris DST,2013-05-01T03:00:00+02:00,2,3,na,5,7.0,0.0,na
Eco Counter GmbH,Landeshauptstadt Stuttgart,607,König-Karls-Brücke Barometer,100034882,YTH16019147,9.210372161982697,48.79912609299229,(UTC+01:00) Europe/Paris DST,2013-05-01T04:00:00+02:00,0,0,na,0,8.0,0.0,na
Eco Counter GmbH,Landeshauptstadt Stuttgart,607,König-Karls-Brücke Barometer,100034882,YTH16019147,9.210372161982697,48.79912609299229,(UTC+01:00) Europe/Paris DST,2013-05-01T05:00:00+02:00,2,3,na,5,8.0,0.0,na
Eco Counter GmbH,Landeshauptstadt Stuttgart,607,König-Karls-Brücke Barometer,100034882,YTH16019147,9.210372161982697,48.79912609299229,(UTC+01:00) Europe/Paris DST,2013-05-01T06:00:00+02:00,2,8,na,10,9.0,0.1,na
Eco Counter GmbH,Landeshauptstadt Stuttgart,607,König-Karls-Brücke Barometer,100034882,YTH16019147,9.210372161982697,48.79912609299229,(UTC+01:00) Europe/Paris DST,2013-05-01T07:00:00+02:00,7,10,na,17,10.0,0.1,na
Eco Counter GmbH,Landeshauptstadt Stuttgart,607,König-Karls-Brücke Barometer,100034882,YTH16019147,9.210372161982697,48.79912609299229,(UTC+01:00) Europe/Paris DST,2013-05-01T08:00:00+02:00,7,17,na,24,11.0,0.1,na
Eco Counter GmbH,Landeshauptstadt Stuttgart,607,König-Karls-Brücke Barometer,100034882,YTH16019147,9.210372161982697,48.79912609299229,(UTC+01:00) Europe/Paris DST,2013-05-01T09:00:00+02:00,28,49,na,77,12.0,0.1,na
Eco Counter GmbH,Landeshauptstadt Stuttgart,607,König-Karls-Brücke Barometer,100034882,YTH16019147,9.210372161982697,48.79912609299229,(UTC+01:00) Europe/Paris DST,2013-05-01T10:00:00+02:00,49,87,na,136,13.0,0.1,na
Eco Counter GmbH,Landeshauptstadt Stuttgart,607,König-Karls-Brücke Barometer,100034882,YTH16019147,9.210372161982697,48.79912609299229,(UTC+01:00) Europe/Paris DST,2013-05-01T11:00:00+02:00,55,142,na,197,14.0,0.1,na
Eco Counter GmbH,Landeshauptstadt Stuttgart,607,König-Karls-Brücke Barometer,100034882,YTH16019147,9.210372161982697,48.79912609299229,(UTC+01:00) Europe/Paris DST,2013-05-01T12:00:00+02:00,80,146,na,226,15.0,0.1,na
Eco Counter GmbH,Landeshauptstadt Stuttgart,607,König-Karls-Brücke Barometer,100034882,YTH16019147,9.210372161982697,48.79912609299229,(UTC+01:00) Europe/Paris DST,2013-05-01T13:00:00+02:00,103,217,na,320,16.0,0.1,na
Eco Counter GmbH,Landeshauptstadt Stuttgart,607,König-Karls-Brücke Barometer,100034882,YTH16019147,9.210372161982697,48.79912609299229,(UTC+01:00) Europe/Paris DST,2013-05-01T14:00:00+02:00,114,141,na,255,16.0,0.1,na
Eco Counter GmbH,Landeshauptstadt Stuttgart,607,König-Karls-Brücke Barometer,100034882,YTH16019147,9.210372161982697,48.79912609299229,(UTC+01:00) Europe/Paris DST,2013-05-01T15:00:00+02:00,120,189,na,309,17.0,0.0,na
Eco Counter GmbH,Landeshauptstadt Stuttgart,607,König-Karls-Brücke Barometer,100034882,YTH16019147,9.210372161982697,48.79912609299229,(UTC+01:00) Europe/Paris DST,2013-05-01T16:00:00+02:00,127,169,na,296,17.0,0.1,na
Eco Counter GmbH,Landeshauptstadt Stuttgart,607,König-Karls-Brücke Barometer,100034882,YTH16019147,9.210372161982697,48.79912609299229,(UTC+01:00) Europe/Paris DST,2013-05-01T17:00:00+02:00,136,152,na,288,17.0,0.1,na
Eco Counter GmbH,Landeshauptstadt Stuttgart,607,König-Karls-Brücke Barometer,100034882,YTH16019147,9.210372161982697,48.79912609299229,(UTC+01:00) Europe/Paris DST,2013-05-01T18:00:00+02:00,120,103,na,223,16.0,0.1,na
Eco Counter GmbH,Landeshauptstadt Stuttgart,607,König-Karls-Brücke Barometer,100034882,YTH16019147,9.210372161982697,48.79912609299229,(UTC+01:00) Europe/Paris DST,2013-05-01T19:00:00+02:00,67,82,na,149,15.0,0.4,na
Eco Counter GmbH,Landeshauptstadt Stuttgart,607,König-Karls-Brücke Barometer,100034882,YTH16019147,9.210372161982697,48.79912609299229,(UTC+01:00) Europe/Paris DST,2013-05-01T20:00:00+02:00,63,47,na,110,14.0,0.7,na
Eco Counter GmbH,Landeshauptstadt Stuttgart,607,König-Karls-Brücke Barometer,100034882,YTH16019147,9.210372161982697,48.79912609299229,(UTC+01:00) Europe/Paris DST,2013-05-01T21:00:00+02:00,25,19,na,44,13.0,1.0,na
Eco Counter GmbH,Landeshauptstadt Stuttgart,607,König-Karls-Brücke Barometer,100034882,YTH16019147,9.210372161982697,48.79912609299229,(UTC+01:00) Europe/Paris DST,2013-05-01T22:00:00+02:00,18,19,na,37,11.0,0.8,na
Eco Counter GmbH,Landeshauptstadt Stuttgart,607,König-Karls-Brücke Barometer,100034882,YTH16019147,9.210372161982697,48.79912609299229,(UTC+01:00) Europe/Paris DST,2013-05-01T23:00:00+02:00,9,12,na,21,9.0,0.7,na
Eco Counter GmbH,Landeshauptstadt Stuttgart,607,König-Karls-Brücke Barometer,100034882,YTH16019147,9.210372161982697,48.79912609299229,(UTC+01:00) Europe/Paris DST,2013-05-02T00:00:00+02:00,3,2,na,5,8.0,0.5,na
Eco Counter GmbH,Landeshauptstadt Stuttgart,607,König-Karls-Brücke Barometer,100034882,YTH16019147,9.210372161982697,48.79912609299229,(UTC+01:00) Europe/Paris DST,2013-05-02T01:00:00+02:00,1,1,na,2,7.0,0.4,na
Eco Counter GmbH,Landeshauptstadt Stuttgart,607,König-Karls-Brücke Barometer,100034882,YTH16019147,9.210372161982697,48.79912609299229,(UTC+01:00) Europe/Paris DST,2013-05-02T02:00:00+02:00,0,0,na,0,6.0,0.2,na
Eco Counter GmbH,Landeshauptstadt Stuttgart,607,König-Karls-Brücke Barometer,100034882,YTH16019147,9.210372161982697,48.79912609299229,(UTC+01:00) Europe/Paris DST,2013-05-02T03:00:00+02:00,0,2,na,2,5.0,0.0,na
Eco Counter GmbH,Landeshauptstadt Stuttgart,607,König-Karls-Brücke Barometer,100034882,YTH16019147,9.210372161982697,48.79912609299229,(UTC+01:00) Europe/Paris DST,2013-05-02T04:00:00+02:00,0,0,na,0,6.0,0.0,na
Eco Counter GmbH,Landeshauptstadt Stuttgart,607,König-Karls-Brücke Barometer,100034882,YTH16019147,9.210372161982697,48.79912609299229,(UTC+01:00) Europe/Paris DST,2013-05-02T05:00:00+02:00,13,15,na,28,7.0,0.0,na
Eco Counter GmbH,Landeshauptstadt Stuttgart,607,König-Karls-Brücke Barometer,100034882,YTH16019147,9.210372161982697,48.79912609299229,(UTC+01:00) Europe/Paris DST,2013-05-02T06:00:00+02:00,41,44,na,85,9.0,0.0,na
Eco Counter GmbH,Landeshauptstadt Stuttgart,607,König-Karls-Brücke Barometer,100034882,YTH16019147,9.210372161982697,48.79912609299229,(UTC+01:00) Europe/Paris DST,2013-05-02T07:00:00+02:00,122,103,na,225,10.0,0.0,na
Eco Counter GmbH,Landeshauptstadt Stuttgart,607,König-Karls-Brücke Barometer,100034882,YTH16019147,9.210372161982697,48.79912609299229,(UTC+01:00) Europe/Paris DST,2013-05-02T08:00:00+02:00,120,102,na,222,12.0,0.0,na
Eco Counter GmbH,Landeshauptstadt Stuttgart,607,König-Karls-Brücke Barometer,100034882,YTH16019147,9.210372161982697,48.79912609299229,(UTC+01:00) Europe/Paris DST,2013-05-02T09:00:00+02:00,72,71,na,143,14.0,0.0,na
Eco Counter GmbH,Landeshauptstadt Stuttgart,607,König-Karls-Brücke Barometer,100034882,YTH16019147,9.210372161982697,48.79912609299229,(UTC+01:00) Europe/Paris DST,2013-05-02T10:00:00+02:00,55,69,na,124,15.0,0.0,na
Eco Counter GmbH,Landeshauptstadt Stuttgart,607,König-Karls-Brücke Barometer,100034882,YTH16019147,9.210372161982697,48.79912609299229,(UTC+01:00) Europe/Paris DST,2013-05-02T11:00:00+02:00,45,56,na,101,17.0,0.0,na
Eco Counter GmbH,Landeshauptstadt Stuttgart,607,König-Karls-Brücke Barometer,100034882,YTH16019147,9.210372161982697,48.79912609299229,(UTC+01:00) Europe/Paris DST,2013-05-02T12:00:00+02:00,53,63,na,116,18.0,0.1,na
Eco Counter GmbH,Landeshauptstadt Stuttgart,607,König-Karls-Brücke Barometer,100034882,YTH16019147,9.210372161982697,48.79912609299229,(UTC+01:00) Europe/Paris DST,2013-05-02T13:00:00+02:00,57,91,na,148,18.0,0.1,na
Eco Counter GmbH,Landeshauptstadt Stuttgart,607,König-Karls-Brücke Barometer,100034882,YTH16019147,9.210372161982697,48.79912609299229,(UTC+01:00) Europe/Paris DST,2013-05-02T14:00:00+02:00,42,73,na,115,18.0,0.1,na
Eco Counter GmbH,Landeshauptstadt Stuttgart,607,König-Karls-Brücke Barometer,100034882,YTH16019147,9.210372161982697,48.79912609299229,(UTC+01:00) Europe/Paris DST,2013-05-02T15:00:00+02:00,73,106,na,179,18.0,0.1,na
Eco Counter GmbH,Landeshauptstadt Stuttgart,607,König-Karls-Brücke Barometer,100034882,YTH16019147,9.210372161982697,48.79912609299229,(UTC+01:00) Europe/Paris DST,2013-05-02T16:00:00+02:00,94,152,na,246,17.0,0.1,na
Eco Counter GmbH,Landeshauptstadt Stuttgart,607,König-Karls-Brücke Barometer,100034882,YTH16019147,9.210372161982697,48.79912609299229,(UTC+01:00) Europe/Paris DST,2013-05-02T17:00:00+02:00,92,205,na,297,16.0,0.1,na
Eco Counter GmbH,Landeshauptstadt Stuttgart,607,König-Karls-Brücke Barometer,100034882,YTH16019147,9.210372161982697,48.79912609299229,(UTC+01:00) Europe/Paris DST,2013-05-02T18:00:00+02:00,95,196,na,291,16.0,0.0,na
Eco Counter GmbH,Landeshauptstadt Stuttgart,607,König-Karls-Brücke Barometer,100034882,YTH16019147,9.210372161982697,48.79912609299229,(UTC+01:00) Europe/Paris DST,2013-05-02T19:00:00+02:00,78,158,na,236,14.0,0.0,na
Eco Counter GmbH,Landeshauptstadt Stuttgart,607,König-Karls-Brücke Barometer,100034882,YTH16019147,9.210372161982697,48.79912609299229,(UTC+01:00) Europe/Paris DST,2013-05-02T20:00:00+02:00,52,67,na,119,13.0,0.0,na
Eco Counter GmbH,Landeshauptstadt Stuttgart,607,König-Karls-Brücke Barometer,100034882,YTH16019147,9.210372161982697,48.79912609299229,(UTC+01:00) Europe/Paris DST,2013-05-02T21:00:00+02:00,31,30,na,61,12.0,0.0,na
Eco Counter GmbH,Landeshauptstadt Stuttgart,607,König-Karls-Brücke Barometer,100034882,YTH16019147,9.210372161982697,48.79912609299229,(UTC+01:00) Europe/Paris DST,2013-05-02T22:00:00+02:00,22,20,na,42,10.0,0.0,na
Eco Counter GmbH,Landeshauptstadt Stuttgart,607,König-Karls-Brücke Barometer,100034882,YTH16019147,9.210372161982697,48.79912609299229,(UTC+01:00) Europe/Paris DST,2013-05-02T23:00:00+02:00,23,21,na,44,9.0,0.0,na
Eco Counter GmbH,Landeshauptstadt Stuttgart,607,König-Karls-Brücke Barometer,100034882,YTH16019147,9.210372161982697,48.79912609299229,(UTC+01:00) Europe/Paris DST,2013-05-03T00:00:00+02:00,1,7,na,8,7.0,0.0,na
Eco Counter GmbH,Landeshauptstadt Stuttgart,607,König-Karls-Brücke Barometer,100034882,YTH16019147,9.210372161982697,48.79912609299229,(UTC+01:00) Europe/Paris DST,2013-05-03T01:00:00+02:00,0,3,na,3,7.0,0.0,na
Eco Counter GmbH,Landeshauptstadt Stuttgart,607,König-Karls-Brücke Barometer,100034882,YTH16019147,9.210372161982697,48.79912609299229,(UTC+01:00) Europe/Paris DST,2013-05-03T02:00:00+02:00,0,1,na,1,6.0,0.0,na
Eco Counter GmbH,Landeshauptstadt Stuttgart,607,König-Karls-Brücke Barometer,100034882,YTH16019147,9.210372161982697,48.79912609299229,(UTC+01:00) Europe/Paris DST,2013-05-03T03:00:00+02:00,1,2,na,3,6.0,0.0,na
Eco Counter GmbH,Landeshauptstadt Stuttgart,607,König-Karls-Brücke Barometer,100034882,YTH16019147,9.210372161982697,48.79912609299229,(UTC+01:00) Europe/Paris DST,2013-05-03T04:00:00+02:00,0,1,na,1,6.0,0.0,na
Eco Counter GmbH,Landeshauptstadt Stuttgart,607,König-Karls-Brücke Barometer,100034882,YTH16019147,9.210372161982697,48.79912609299229,(UTC+01:00) Europe/Paris DST,2013-05-03T05:00:00+02:00,12,13,na,25,7.0,0.0,na
Eco Counter GmbH,Landeshauptstadt Stuttgart,607,König-Karls-Brücke Barometer,100034882,YTH16019147,9.210372161982697,48.79912609299229,(UTC+01:00) Europe/Paris DST,2013-05-03T06:00:00+02:00,50,42,na,92,8.0,0.0,na
Eco Counter GmbH,Landeshauptstadt Stuttgart,607,König-Karls-Brücke Barometer,100034882,YTH16019147,9.210372161982697,48.79912609299229,(UTC+01:00) Europe/Paris DST,2013-05-03T07:00:00+02:00,83,100,na,183,9.0,0.0,na
Eco Counter GmbH,Landeshauptstadt Stuttgart,607,König-Karls-Brücke Barometer,100034882,YTH16019147,9.210372161982697,48.79912609299229,(UTC+01:00) Europe/Paris DST,2013-05-03T08:00:00+02:00,106,82,na,188,10.0,0.0,na
Eco Counter GmbH,Landeshauptstadt Stuttgart,607,König-Karls-Brücke Barometer,100034882,YTH16019147,9.210372161982697,48.79912609299229,(UTC+01:00) Europe/Paris DST,2013-05-03T09:00:00+02:00,42,44,na,86,12.0,0.1,na
Eco Counter GmbH,Landeshauptstadt Stuttgart,607,König-Karls-Brücke Barometer,100034882,YTH16019147,9.210372161982697,48.79912609299229,(UTC+01:00) Europe/Paris DST,2013-05-03T10:00:00+02:00,41,35,na,76,13.0,0.1,na
Eco Counter GmbH,Landeshauptstadt Stuttgart,607,König-Karls-Brücke Barometer,100034882,YTH16019147,9.210372161982697,48.79912609299229,(UTC+01:00) Europe/Paris DST,2013-05-03T11:00:00+02:00,44,67,na,111,14.0,0.1,na
Eco Counter GmbH,Landeshauptstadt Stuttgart,607,König-Karls-Brücke Barometer,100034882,YTH16019147,9.210372161982697,48.79912609299229,(UTC+01:00) Europe/Paris DST,2013-05-03T12:00:00+02:00,44,62,na,106,16.0,0.1,na
Eco Counter GmbH,Landeshauptstadt Stuttgart,607,König-Karls-Brücke Barometer,100034882,YTH16019147,9.210372161982697,48.79912609299229,(UTC+01:00) Europe/Paris DST,2013-05-03T13:00:00+02:00,38,62,na,100,16.0,0.1,na
Eco Counter GmbH,Landeshauptstadt Stuttgart,607,König-Karls-Brücke Barometer,100034882,YTH16019147,9.210372161982697,48.79912609299229,(UTC+01:00) Europe/Paris DST,2013-05-03T14:00:00+02:00,34,66,na,100,16.0,0.1,na
Eco Counter GmbH,Landeshauptstadt Stuttgart,607,König-Karls-Brücke Barometer,100034882,YTH16019147,9.210372161982697,48.79912609299229,(UTC+01:00) Europe/Paris DST,2013-05-03T15:00:00+02:00,47,89,na,136,17.0,0.1,na
Eco Counter GmbH,Landeshauptstadt Stuttgart,607,König-Karls-Brücke Barometer,100034882,YTH16019147,9.210372161982697,48.79912609299229,(UTC+01:00) Europe/Paris DST,2013-05-03T16:00:00+02:00,52,107,na,159,16.0,0.1,na
Eco Counter GmbH,Landeshauptstadt Stuttgart,607,König-Karls-Brücke Barometer,100034882,YTH16019147,9.210372161982697,48.79912609299229,(UTC+01:00) Europe/Paris DST,2013-05-03T17:00:00+02:00,43,80,na,123,16.0,0.1,na
Eco Counter GmbH,Landeshauptstadt Stuttgart,607,König-Karls-Brücke Barometer,100034882,YTH16019147,9.210372161982697,48.79912609299229,(UTC+01:00) Europe/Paris DST,2013-05-03T18:00:00+02:00,28,44,na,72,15.0,0.2,na
Eco Counter GmbH,Landeshauptstadt Stuttgart,607,König-Karls-Brücke Barometer,100034882,YTH16019147,9.210372161982697,48.79912609299229,(UTC+01:00) Europe/Paris DST,2013-05-03T19:00:00+02:00,18,26,na,44,14.0,1.3,na
Eco Counter GmbH,Landeshauptstadt Stuttgart,607,König-Karls-Brücke Barometer,100034882,YTH16019147,9.210372161982697,48.79912609299229,(UTC+01:00) Europe/Paris DST,2013-05-03T20:00:00+02:00,11,27,na,38,14.0,2.4,na
Eco Counter GmbH,Landeshauptstadt Stuttgart,607,König-Karls-Brücke Barometer,100034882,YTH16019147,9.210372161982697,48.79912609299229,(UTC+01:00) Europe/Paris DST,2013-05-03T21:00:00+02:00,4,5,na,9,13.0,3.5,na
Eco Counter GmbH,Landeshauptstadt Stuttgart,607,König-Karls-Brücke Barometer,100034882,YTH16019147,9.210372161982697,48.79912609299229,(UTC+01:00) Europe/Paris DST,2013-05-03T22:00:00+02:00,7,9,na,16,12.0,3.6,na
Eco Counter GmbH,Landeshauptstadt Stuttgart,607,König-Karls-Brücke Barometer,100034882,YTH16019147,9.210372161982697,48.79912609299229,(UTC+01:00) Europe/Paris DST,2013-05-03T23:00:00+02:00,6,11,na,17,11.0,3.8,na
Eco Counter GmbH,Landeshauptstadt Stuttgart,607,König-Karls-Brücke Barometer,100034882,YTH16019147,9.210372161982697,48.79912609299229,(UTC+01:00) Europe/Paris DST,2013-05-04T00:00:00+02:00,13,7,na,20,10.0,3.9,na
Eco Counter GmbH,Landeshauptstadt Stuttgart,607,König-Karls-Brücke Barometer,100034882,YTH16019147,9.210372161982697,48.79912609299229,(UTC+01:00) Europe/Paris DST,2013-05-04T01:00:00+02:00,2,0,na,2,10.0,3.2,na
Eco Counter GmbH,Landeshauptstadt Stuttgart,607,König-Karls-Brücke Barometer,100034882,YTH16019147,9.210372161982697,48.79912609299229,(UTC+01:00) Europe/Paris DST,2013-05-04T02:00:00+02:00,0,2,na,2,10.0,2.6,na
Eco Counter GmbH,Landeshauptstadt Stuttgart,607,König-Karls-Brücke Barometer,100034882,YTH16019147,9.210372161982697,48.79912609299229,(UTC+01:00) Europe/Paris DST,2013-05-04T03:00:00+02:00,0,1,na,1,9.0,2.0,na
Eco Counter GmbH,Landeshauptstadt Stuttgart,607,König-Karls-Brücke Barometer,100034882,YTH16019147,9.210372161982697,48.79912609299229,(UTC+01:00) Europe/Paris DST,2013-05-04T04:00:00+02:00,4,1,na,5,9.0,1.8,na
Eco Counter GmbH,Landeshauptstadt Stuttgart,607,König-Karls-Brücke Barometer,100034882,YTH16019147,9.210372161982697,48.79912609299229,(UTC+01:00) Europe/Paris DST,2013-05-04T05:00:00+02:00,3,3,na,6,10.0,1.5,na
Eco Counter GmbH,Landeshauptstadt Stuttgart,607,König-Karls-Brücke Barometer,100034882,YTH16019147,9.210372161982697,48.79912609299229,(UTC+01:00) Europe/Paris DST,2013-05-04T06:00:00+02:00,1,5,na,6,10.0,1.3,na
Eco Counter GmbH,Landeshauptstadt Stuttgart,607,König-Karls-Brücke Barometer,100034882,YTH16019147,9.210372161982697,48.79912609299229,(UTC+01:00) Europe/Paris DST,2013-05-04T07:00:00+02:00,9,10,na,19,10.0,1.2,na
Eco Counter GmbH,Landeshauptstadt Stuttgart,607,König-Karls-Brücke Barometer,100034882,YTH16019147,9.210372161982697,48.79912609299229,(UTC+01:00) Europe/Paris DST,2013-05-04T08:00:00+02:00,12,14,na,26,11.0,1.1,na
Eco Counter GmbH,Landeshauptstadt Stuttgart,607,König-Karls-Brücke Barometer,100034882,YTH16019147,9.210372161982697,48.79912609299229,(UTC+01:00) Europe/Paris DST,2013-05-04T09:00:00+02:00,21,21,na,42,11.0,1.0,na
Eco Counter GmbH,Landeshauptstadt Stuttgart,607,König-Karls-Brücke Barometer,100034882,YTH16019147,9.210372161982697,48.79912609299229,(UTC+01:00) Europe/Paris DST,2013-05-04T10:00:00+02:00,7,18,na,25,12.0,0.9,na
Eco Counter GmbH,Landeshauptstadt Stuttgart,607,König-Karls-Brücke Barometer,100034882,YTH16019147,9.210372161982697,48.79912609299229,(UTC+01:00) Europe/Paris DST,2013-05-04T11:00:00+02:00,22,37,na,59,12.0,0.8,na
Eco Counter GmbH,Landeshauptstadt Stuttgart,607,König-Karls-Brücke Barometer,100034882,YTH16019147,9.210372161982697,48.79912609299229,(UTC+01:00) Europe/Paris DST,2013-05-04T12:00:00+02:00,20,30,na,50,13.0,0.7,na
Eco Counter GmbH,Landeshauptstadt Stuttgart,607,König-Karls-Brücke Barometer,100034882,YTH16019147,9.210372161982697,48.79912609299229,(UTC+01:00) Europe/Paris DST,2013-05-04T13:00:00+02:00,16,24,na,40,14.0,0.6,na
Eco Counter GmbH,Landeshauptstadt Stuttgart,607,König-Karls-Brücke Barometer,100034882,YTH16019147,9.210372161982697,48.79912609299229,(UTC+01:00) Europe/Paris DST,2013-05-04T14:00:00+02:00,14,26,na,40,14.0,0.5,na
Eco Counter GmbH,Landeshauptstadt Stuttgart,607,König-Karls-Brücke Barometer,100034882,YTH16019147,9.210372161982697,48.79912609299229,(UTC+01:00) Europe/Paris DST,2013-05-04T15:00:00+02:00,12,23,na,35,15.0,0.5,na
Eco Counter GmbH,Landeshauptstadt Stuttgart,607,König-Karls-Brücke Barometer,100034882,YTH16019147,9.210372161982697,48.79912609299229,(UTC+01:00) Europe/Paris DST,2013-05-04T16:00:00+02:00,21,22,na,43,15.0,0.4,na
Eco Counter GmbH,Landeshauptstadt Stuttgart,607,König-Karls-Brücke Barometer,100034882,YTH16019147,9.210372161982697,48.79912609299229,(UTC+01:00) Europe/Paris DST,2013-05-04T17:00:00+02:00,20,22,na,42,15.0,0.3,na
Eco Counter GmbH,Landeshauptstadt Stuttgart,607,König-Karls-Brücke Barometer,100034882,YTH16019147,9.210372161982697,48.79912609299229,(UTC+01:00) Europe/Paris DST,2013-05-04T18:00:00+02:00,24,42,na,66,15.0,0.3,na
Eco Counter GmbH,Landeshauptstadt Stuttgart,607,König-Karls-Brücke Barometer,100034882,YTH16019147,9.210372161982697,48.79912609299229,(UTC+01:00) Europe/Paris DST,2013-05-04T19:00:00+02:00,37,37,na,74,13.0,0.2,na
Eco Counter GmbH,Landeshauptstadt Stuttgart,607,König-Karls-Brücke Barometer,100034882,YTH16019147,9.210372161982697,48.79912609299229,(UTC+01:00) Europe/Paris DST,2013-05-04T20:00:00+02:00,29,36,na,65,12.0,0.1,na
Eco Counter GmbH,Landeshauptstadt Stuttgart,607,König-Karls-Brücke Barometer,100034882,YTH16019147,9.210372161982697,48.79912609299229,(UTC+01:00) Europe/Paris DST,2013-05-04T21:00:00+02:00,22,18,na,40,10.0,0.1,na
Eco Counter GmbH,Landeshauptstadt Stuttgart,607,König-Karls-Brücke Barometer,100034882,YTH16019147,9.210372161982697,48.79912609299229,(UTC+01:00) Europe/Paris DST,2013-05-04T22:00:00+02:00,13,13,na,26,9.0,0.0,na
Eco Counter GmbH,Landeshauptstadt Stuttgart,607,König-Karls-Brücke Barometer,100034882,YTH16019147,9.210372161982697,48.79912609299229,(UTC+01:00) Europe/Paris DST,2013-05-04T23:00:00+02:00,1,2,na,3,8.0,0.0,na
Eco Counter GmbH,Landeshauptstadt Stuttgart,607,König-Karls-Brücke Barometer,100034882,YTH16019147,9.210372161982697,48.79912609299229,(UTC+01:00) Europe/Paris DST,2013-05-05T00:00:00+02:00,10,12,na,22,7.0,0.0,na
Eco Counter GmbH,Landeshauptstadt Stuttgart,607,König-Karls-Brücke Barometer,100034882,YTH16019147,9.210372161982697,48.79912609299229,(UTC+01:00) Europe/Paris DST,2013-05-05T01:00:00+02:00,3,2,na,5,6.0,0.0,na
Eco Counter GmbH,Landeshauptstadt Stuttgart,607,König-Karls-Brücke Barometer,100034882,YTH16019147,9.210372161982697,48.79912609299229,(UTC+01:00) Europe/Paris DST,2013-05-05T02:00:00+02:00,2,0,na,2,5.0,0.0,na
Eco Counter GmbH,Landeshauptstadt Stuttgart,607,König-Karls-Brücke Barometer,100034882,YTH16019147,9.210372161982697,48.79912609299229,(UTC+01:00) Europe/Paris DST,2013-05-05T03:00:00+02:00,0,2,na,2,4.0,0.0,na
Eco Counter GmbH,Landeshauptstadt Stuttgart,607,König-Karls-Brücke Barometer,100034882,YTH16019147,9.210372161982697,48.79912609299229,(UTC+01:00) Europe/Paris DST,2013-05-05T04:00:00+02:00,0,0,na,0,5.0,0.0,na
Eco Counter GmbH,Landeshauptstadt Stuttgart,607,König-Karls-Brücke Barometer,100034882,YTH16019147,9.210372161982697,48.79912609299229,(UTC+01:00) Europe/Paris DST,2013-05-05T05:00:00+02:00,3,3,na,6,7.0,0.0,na
Eco Counter GmbH,Landeshauptstadt Stuttgart,607,König-Karls-Brücke Barometer,100034882,YTH16019147,9.210372161982697,48.79912609299229,(UTC+01:00) Europe/Paris DST,2013-05-05T06:00:00+02:00,3,4,na,7,8.0,0.0,na
Eco Counter GmbH,Landeshauptstadt Stuttgart,607,König-Karls-Brücke Barometer,100034882,YTH16019147,9.210372161982697,48.79912609299229,(UTC+01:00) Europe/Paris DST,2013-05-05T07:00:00+02:00,4,12,na,16,10.0,0.0,na
Eco Counter GmbH,Landeshauptstadt Stuttgart,607,König-Karls-Brücke Barometer,100034882,YTH16019147,9.210372161982697,48.79912609299229,(UTC+01:00) Europe/Paris DST,2013-05-05T08:00:00+02:00,14,23,na,37,13.0,0.0,na
Eco Counter GmbH,Landeshauptstadt Stuttgart,607,König-Karls-Brücke Barometer,100034882,YTH16019147,9.210372161982697,48.79912609299229,(UTC+01:00) Europe/Paris DST,2013-05-05T09:00:00+02:00,28,59,na,87,15.0,0.0,na
Eco Counter GmbH,Landeshauptstadt Stuttgart,607,König-Karls-Brücke Barometer,100034882,YTH16019147,9.210372161982697,48.79912609299229,(UTC+01:00) Europe/Paris DST,2013-05-05T10:00:00+02:00,56,128,na,184,16.0,0.0,na
Eco Counter GmbH,Landeshauptstadt Stuttgart,607,König-Karls-Brücke Barometer,100034882,YTH16019147,9.210372161982697,48.79912609299229,(UTC+01:00) Europe/Paris DST,2013-05-05T11:00:00+02:00,68,187,na,255,17.0,0.0,na
Eco Counter GmbH,Landeshauptstadt Stuttgart,607,König-Karls-Brücke Barometer,100034882,YTH16019147,9.210372161982697,48.79912609299229,(UTC+01:00) Europe/Paris DST,2013-05-05T12:00:00+02:00,131,197,na,328,19.0,0.0,na
Eco Counter GmbH,Landeshauptstadt Stuttgart,607,König-Karls-Brücke Barometer,100034882,YTH16019147,9.210372161982697,48.79912609299229,(UTC+01:00) Europe/Paris DST,2013-05-05T13:00:00+02:00,123,218,na,341,19.0,0.0,na
Eco Counter GmbH,Landeshauptstadt Stuttgart,607,König-Karls-Brücke Barometer,100034882,YTH16019147,9.210372161982697,48.79912609299229,(UTC+01:00) Europe/Paris DST,2013-05-05T14:00:00+02:00,166,233,na,399,19.0,0.0,na
Eco Counter GmbH,Landeshauptstadt Stuttgart,607,König-Karls-Brücke Barometer,100034882,YTH16019147,9.210372161982697,48.79912609299229,(UTC+01:00) Europe/Paris DST,2013-05-05T15:00:00+02:00,205,253,na,458,20.0,0.0,na
Eco Counter GmbH,Landeshauptstadt Stuttgart,607,König-Karls-Brücke Barometer,100034882,YTH16019147,9.210372161982697,48.79912609299229,(UTC+01:00) Europe/Paris DST,2013-05-05T16:00:00+02:00,226,243,na,469,19.0,0.0,na
Eco Counter GmbH,Landeshauptstadt Stuttgart,607,König-Karls-Brücke Barometer,100034882,YTH16019147,9.210372161982697,48.79912609299229,(UTC+01:00) Europe/Paris DST,2013-05-05T17:00:00+02:00,151,179,na,330,18.0,0.0,na
Eco Counter GmbH,Landeshauptstadt Stuttgart,607,König-Karls-Brücke Barometer,100034882,YTH16019147,9.210372161982697,48.79912609299229,(UTC+01:00) Europe/Paris DST,2013-05-05T18:00:00+02:00,107,161,na,268,17.0,0.0,na
Eco Counter GmbH,Landeshauptstadt Stuttgart,607,König-Karls-Brücke Barometer,100034882,YTH16019147,9.210372161982697,48.79912609299229,(UTC+01:00) Europe/Paris DST,2013-05-05T19:00:00+02:00,85,84,na,169,15.0,0.0,na
Eco Counter GmbH,Landeshauptstadt Stuttgart,607,König-Karls-Brücke Barometer,100034882,YTH16019147,9.210372161982697,48.79912609299229,(UTC+01:00) Europe/Paris DST,2013-05-05T20:00:00+02:00,39,54,na,93,14.0,0.0,na
Eco Counter GmbH,Landeshauptstadt Stuttgart,607,König-Karls-Brücke Barometer,100034882,YTH16019147,9.210372161982697,48.79912609299229,(UTC+01:00) Europe/Paris DST,2013-05-05T21:00:00+02:00,29,38,na,67,12.0,0.0,na
Eco Counter GmbH,Landeshauptstadt Stuttgart,607,König-Karls-Brücke Barometer,100034882,YTH16019147,9.210372161982697,48.79912609299229,(UTC+01:00) Europe/Paris DST,2013-05-05T22:00:00+02:00,7,13,na,20,11.0,0.0,na
Eco Counter GmbH,Landeshauptstadt Stuttgart,607,König-Karls-Brücke Barometer,100034882,YTH16019147,9.210372161982697,48.79912609299229,(UTC+01:00) Europe/Paris DST,2013-05-05T23:00:00+02:00,9,10,na,19,10.0,0.0,na
Eco Counter GmbH,Landeshauptstadt Stuttgart,607,König-Karls-Brücke Barometer,100034882,YTH16019147,9.210372161982697,48.79912609299229,(UTC+01:00) Europe/Paris DST,2013-05-06T00:00:00+02:00,0,1,na,1,9.0,0.0,na
Eco Counter GmbH,Landeshauptstadt Stuttgart,607,König-Karls-Brücke Barometer,100034882,YTH16019147,9.210372161982697,48.79912609299229,(UTC+01:00) Europe/Paris DST,2013-05-06T01:00:00+02:00,1,2,na,3,9.0,0.0,na
Eco Counter GmbH,Landeshauptstadt Stuttgart,607,König-Karls-Brücke Barometer,100034882,YTH16019147,9.210372161982697,48.79912609299229,(UTC+01:00) Europe/Paris DST,2013-05-06T02:00:00+02:00,1,0,na,1,8.0,0.0,na
Eco Counter GmbH,Landeshauptstadt Stuttgart,607,König-Karls-Brücke Barometer,100034882,YTH16019147,9.210372161982697,48.79912609299229,(UTC+01:00) Europe/Paris DST,2013-05-06T03:00:00+02:00,0,0,na,0,8.0,0.0,na
Eco Counter GmbH,Landeshauptstadt Stuttgart,607,König-Karls-Brücke Barometer,100034882,YTH16019147,9.210372161982697,48.79912609299229,(UTC+01:00) Europe/Paris DST,2013-05-06T04:00:00+02:00,1,0,na,1,8.0,0.0,na
Eco Counter GmbH,Landeshauptstadt Stuttgart,607,König-Karls-Brücke Barometer,100034882,YTH16019147,9.210372161982697,48.79912609299229,(UTC+01:00) Europe/Paris DST,2013-05-06T05:00:00+02:00,14,17,na,31,8.0,0.0,na
Eco Counter GmbH,Landeshauptstadt Stuttgart,607,König-Karls-Brücke Barometer,100034882,YTH16019147,9.210372161982697,48.79912609299229,(UTC+01:00) Europe/Paris DST,2013-05-06T06:00:00+02:00,57,61,na,118,9.0,0.0,na
Eco Counter GmbH,Landeshauptstadt Stuttgart,607,König-Karls-Brücke Barometer,100034882,YTH16019147,9.210372161982697,48.79912609299229,(UTC+01:00) Europe/Paris DST,2013-05-06T07:00:00+02:00,136,145,na,281,11.0,0.0,na
Eco Counter GmbH,Landeshauptstadt Stuttgart,607,König-Karls-Brücke Barometer,100034882,YTH16019147,9.210372161982697,48.79912609299229,(UTC+01:00) Europe/Paris DST,2013-05-06T08:00:00+02:00,134,126,na,260,13.0,0.0,na
Eco Counter GmbH,Landeshauptstadt Stuttgart,607,König-Karls-Brücke Barometer,100034882,YTH16019147,9.210372161982697,48.79912609299229,(UTC+01:00) Europe/Paris DST,2013-05-06T09:00:00+02:00,74,89,na,163,15.0,0.0,na
Eco Counter GmbH,Landeshauptstadt Stuttgart,607,König-Karls-Brücke Barometer,100034882,YTH16019147,9.210372161982697,48.79912609299229,(UTC+01:00) Europe/Paris DST,2013-05-06T10:00:00+02:00,50,60,na,110,16.0,0.1,na
Eco Counter GmbH,Landeshauptstadt Stuttgart,607,König-Karls-Brücke Barometer,100034882,YTH16019147,9.210372161982697,48.79912609299229,(UTC+01:00) Europe/Paris DST,2013-05-06T11:00:00+02:00,51,77,na,128,17.0,0.2,na
Eco Counter GmbH,Landeshauptstadt Stuttgart,607,König-Karls-Brücke Barometer,100034882,YTH16019147,9.210372161982697,48.79912609299229,(UTC+01:00) Europe/Paris DST,2013-05-06T12:00:00+02:00,70,93,na,163,19.0,0.3,na
Eco Counter GmbH,Landeshauptstadt Stuttgart,607,König-Karls-Brücke Barometer,100034882,YTH16019147,9.210372161982697,48.79912609299229,(UTC+01:00) Europe/Paris DST,2013-05-06T13:00:00+02:00,61,95,na,156,19.0,0.5,na
Eco Counter GmbH,Landeshauptstadt Stuttgart,607,König-Karls-Brücke Barometer,100034882,YTH16019147,9.210372161982697,48.79912609299229,(UTC+01:00) Europe/Paris DST,2013-05-06T14:00:00+02:00,55,107,na,162,19.0,0.7,na
Eco Counter GmbH,Landeshauptstadt Stuttgart,607,König-Karls-Brücke Barometer,100034882,YTH16019147,9.210372161982697,48.79912609299229,(UTC+01:00) Europe/Paris DST,2013-05-06T15:00:00+02:00,65,108,na,173,20.0,0.9,na
Eco Counter GmbH,Landeshauptstadt Stuttgart,607,König-Karls-Brücke Barometer,100034882,YTH16019147,9.210372161982697,48.79912609299229,(UTC+01:00) Europe/Paris DST,2013-05-06T16:00:00+02:00,93,172,na,265,19.0,1.1,na
Eco Counter GmbH,Landeshauptstadt Stuttgart,607,König-Karls-Brücke Barometer,100034882,YTH16019147,9.210372161982697,48.79912609299229,(UTC+01:00) Europe/Paris DST,2013-05-06T17:00:00+02:00,129,254,na,383,18.0,1.3,na
Eco Counter GmbH,Landeshauptstadt Stuttgart,607,König-Karls-Brücke Barometer,100034882,YTH16019147,9.210372161982697,48.79912609299229,(UTC+01:00) Europe/Paris DST,2013-05-06T18:00:00+02:00,108,226,na,334,17.0,1.4,na
Eco Counter GmbH,Landeshauptstadt Stuttgart,607,König-Karls-Brücke Barometer,100034882,YTH16019147,9.210372161982697,48.79912609299229,(UTC+01:00) Europe/Paris DST,2013-05-06T19:00:00+02:00,52,100,na,152,16.0,1.4,na
Eco Counter GmbH,Landeshauptstadt Stuttgart,607,König-Karls-Brücke Barometer,100034882,YTH16019147,9.210372161982697,48.79912609299229,(UTC+01:00) Europe/Paris DST,2013-05-06T20:00:00+02:00,19,40,na,59,14.0,1.3,na
Eco Counter GmbH,Landeshauptstadt Stuttgart,607,König-Karls-Brücke Barometer,100034882,YTH16019147,9.210372161982697,48.79912609299229,(UTC+01:00) Europe/Paris DST,2013-05-06T21:00:00+02:00,24,26,na,50,12.0,1.2,na
Eco Counter GmbH,Landeshauptstadt Stuttgart,607,König-Karls-Brücke Barometer,100034882,YTH16019147,9.210372161982697,48.79912609299229,(UTC+01:00) Europe/Paris DST,2013-05-06T22:00:00+02:00,4,7,na,11,12.0,1.3,na
Eco Counter GmbH,Landeshauptstadt Stuttgart,607,König-Karls-Brücke Barometer,100034882,YTH16019147,9.210372161982697,48.79912609299229,(UTC+01:00) Europe/Paris DST,2013-05-06T23:00:00+02:00,8,5,na,13,11.0,1.3,na
Eco Counter GmbH,Landeshauptstadt Stuttgart,607,König-Karls-Brücke Barometer,100034882,YTH16019147,9.210372161982697,48.79912609299229,(UTC+01:00) Europe/Paris DST,2013-05-07T00:00:00+02:00,0,1,na,1,10.0,1.4,na
Eco Counter GmbH,Landeshauptstadt Stuttgart,607,König-Karls-Brücke Barometer,100034882,YTH16019147,9.210372161982697,48.79912609299229,(UTC+01:00) Europe/Paris DST,2013-05-07T01:00:00+02:00,1,0,na,1,10.0,1.2,na
Eco Counter GmbH,Landeshauptstadt Stuttgart,607,König-Karls-Brücke Barometer,100034882,YTH16019147,9.210372161982697,48.79912609299229,(UTC+01:00) Europe/Paris DST,2013-05-07T02:00:00+02:00,0,1,na,1,10.0,1.0,na
Eco Counter GmbH,Landeshauptstadt Stuttgart,607,König-Karls-Brücke Barometer,100034882,YTH16019147,9.210372161982697,48.79912609299229,(UTC+01:00) Europe/Paris DST,2013-05-07T03:00:00+02:00,0,0,na,0,10.0,0.7,na
Eco Counter GmbH,Landeshauptstadt Stuttgart,607,König-Karls-Brücke Barometer,100034882,YTH16019147,9.210372161982697,48.79912609299229,(UTC+01:00) Europe/Paris DST,2013-05-07T04:00:00+02:00,0,4,na,4,10.0,0.6,na
Eco Counter GmbH,Landeshauptstadt Stuttgart,607,König-Karls-Brücke Barometer,100034882,YTH16019147,9.210372161982697,48.79912609299229,(UTC+01:00) Europe/Paris DST,2013-05-07T05:00:00+02:00,13,10,na,23,11.0,0.5,na
Eco Counter GmbH,Landeshauptstadt Stuttgart,607,König-Karls-Brücke Barometer,100034882,YTH16019147,9.210372161982697,48.79912609299229,(UTC+01:00) Europe/Paris DST,2013-05-07T06:00:00+02:00,42,35,na,77,11.0,0.4,na
Eco Counter GmbH,Landeshauptstadt Stuttgart,607,König-Karls-Brücke Barometer,100034882,YTH16019147,9.210372161982697,48.79912609299229,(UTC+01:00) Europe/Paris DST,2013-05-07T07:00:00+02:00,95,66,na,161,12.0,0.4,na
Eco Counter GmbH,Landeshauptstadt Stuttgart,607,König-Karls-Brücke Barometer,100034882,YTH16019147,9.210372161982697,48.79912609299229,(UTC+01:00) Europe/Paris DST,2013-05-07T08:00:00+02:00,65,29,na,94,13.0,0.3,na
Eco Counter GmbH,Landeshauptstadt Stuttgart,607,König-Karls-Brücke Barometer,100034882,YTH16019147,9.210372161982697,48.79912609299229,(UTC+01:00) Europe/Paris DST,2013-05-07T09:00:00+02:00,27,48,na,75,14.0,0.3,na
Eco Counter GmbH,Landeshauptstadt Stuttgart,607,König-Karls-Brücke Barometer,100034882,YTH16019147,9.210372161982697,48.79912609299229,(UTC+01:00) Europe/Paris DST,2013-05-07T10:00:00+02:00,17,25,na,42,15.0,0.3,na
Eco Counter GmbH,Landeshauptstadt Stuttgart,607,König-Karls-Brücke Barometer,100034882,YTH16019147,9.210372161982697,48.79912609299229,(UTC+01:00) Europe/Paris DST,2013-05-07T11:00:00+02:00,19,33,na,52,17.0,0.2,na
Eco Counter GmbH,Landeshauptstadt Stuttgart,607,König-Karls-Brücke Barometer,100034882,YTH16019147,9.210372161982697,48.79912609299229,(UTC+01:00) Europe/Paris DST,2013-05-07T12:00:00+02:00,27,35,na,62,18.0,0.2,na
Eco Counter GmbH,Landeshauptstadt Stuttgart,607,König-Karls-Brücke Barometer,100034882,YTH16019147,9.210372161982697,48.79912609299229,(UTC+01:00) Europe/Paris DST,2013-05-07T13:00:00+02:00,34,46,na,80,19.0,0.2,na
Eco Counter GmbH,Landeshauptstadt Stuttgart,607,König-Karls-Brücke Barometer,100034882,YTH16019147,9.210372161982697,48.79912609299229,(UTC+01:00) Europe/Paris DST,2013-05-07T14:00:00+02:00,31,53,na,84,19.0,0.2,na
Eco Counter GmbH,Landeshauptstadt Stuttgart,607,König-Karls-Brücke Barometer,100034882,YTH16019147,9.210372161982697,48.79912609299229,(UTC+01:00) Europe/Paris DST,2013-05-07T15:00:00+02:00,38,78,na,116,20.0,0.2,na
Eco Counter GmbH,Landeshauptstadt Stuttgart,607,König-Karls-Brücke Barometer,100034882,YTH16019147,9.210372161982697,48.79912609299229,(UTC+01:00) Europe/Paris DST,2013-05-07T16:00:00+02:00,55,112,na,167,19.0,0.2,na
Eco Counter GmbH,Landeshauptstadt Stuttgart,607,König-Karls-Brücke Barometer,100034882,YTH16019147,9.210372161982697,48.79912609299229,(UTC+01:00) Europe/Paris DST,2013-05-07T17:00:00+02:00,52,162,na,214,18.0,0.2,na
Eco Counter GmbH,Landeshauptstadt Stuttgart,607,König-Karls-Brücke Barometer,100034882,YTH16019147,9.210372161982697,48.79912609299229,(UTC+01:00) Europe/Paris DST,2013-05-07T18:00:00+02:00,89,169,na,258,17.0,0.2,na
Eco Counter GmbH,Landeshauptstadt Stuttgart,607,König-Karls-Brücke Barometer,100034882,YTH16019147,9.210372161982697,48.79912609299229,(UTC+01:00) Europe/Paris DST,2013-05-07T19:00:00+02:00,53,93,na,146,16.0,0.2,na
Eco Counter GmbH,Landeshauptstadt Stuttgart,607,König-Karls-Brücke Barometer,100034882,YTH16019147,9.210372161982697,48.79912609299229,(UTC+01:00) Europe/Paris DST,2013-05-07T20:00:00+02:00,33,58,na,91,14.0,0.1,na
Eco Counter GmbH,Landeshauptstadt Stuttgart,607,König-Karls-Brücke Barometer,100034882,YTH16019147,9.210372161982697,48.79912609299229,(UTC+01:00) Europe/Paris DST,2013-05-07T21:00:00+02:00,29,41,na,70,12.0,0.1,na
Eco Counter GmbH,Landeshauptstadt Stuttgart,607,König-Karls-Brücke Barometer,100034882,YTH16019147,9.210372161982697,48.79912609299229,(UTC+01:00) Europe/Paris DST,2013-05-07T22:00:00+02:00,16,27,na,43,11.0,0.0,na
Eco Counter GmbH,Landeshauptstadt Stuttgart,607,König-Karls-Brücke Barometer,100034882,YTH16019147,9.210372161982697,48.79912609299229,(UTC+01:00) Europe/Paris DST,2013-05-07T23:00:00+02:00,19,18,na,37,10.0,0.0,na
Eco Counter GmbH,Landeshauptstadt Stuttgart,607,König-Karls-Brücke Barometer,100034882,YTH16019147,9.210372161982697,48.79912609299229,(UTC+01:00) Europe/Paris DST,2013-05-08T00:00:00+02:00,6,1,na,7,9.0,0.0,na
Eco Counter GmbH,Landeshauptstadt Stuttgart,607,König-Karls-Brücke Barometer,100034882,YTH16019147,9.210372161982697,48.79912609299229,(UTC+01:00) Europe/Paris DST,2013-05-08T01:00:00+02:00,1,1,na,2,8.0,0.0,na
Eco Counter GmbH,Landeshauptstadt Stuttgart,607,König-Karls-Brücke Barometer,100034882,YTH16019147,9.210372161982697,48.79912609299229,(UTC+01:00) Europe/Paris DST,2013-05-08T02:00:00+02:00,1,0,na,1,8.0,0.0,na
Eco Counter GmbH,Landeshauptstadt Stuttgart,607,König-Karls-Brücke Barometer,100034882,YTH16019147,9.210372161982697,48.79912609299229,(UTC+01:00) Europe/Paris DST,2013-05-08T03:00:00+02:00,2,0,na,2,8.0,0.0,na
Eco Counter GmbH,Landeshauptstadt Stuttgart,607,König-Karls-Brücke Barometer,100034882,YTH16019147,9.210372161982697,48.79912609299229,(UTC+01:00) Europe/Paris DST,2013-05-08T04:00:00+02:00,2,0,na,2,9.0,0.0,na
Eco Counter GmbH,Landeshauptstadt Stuttgart,607,König-Karls-Brücke Barometer,100034882,YTH16019147,9.210372161982697,48.79912609299229,(UTC+01:00) Europe/Paris DST,2013-05-08T05:00:00+02:00,14,26,na,40,10.0,0.0,na
Eco Counter GmbH,Landeshauptstadt Stuttgart,607,König-Karls-Brücke Barometer,100034882,YTH16019147,9.210372161982697,48.79912609299229,(UTC+01:00) Europe/Paris DST,2013-05-08T06:00:00+02:00,60,69,na,129,11.0,0.0,na
Eco Counter GmbH,Landeshauptstadt Stuttgart,607,König-Karls-Brücke Barometer,100034882,YTH16019147,9.210372161982697,48.79912609299229,(UTC+01:00) Europe/Paris DST,2013-05-08T07:00:00+02:00,141,120,na,261,13.0,0.0,na
Eco Counter GmbH,Landeshauptstadt Stuttgart,607,König-Karls-Brücke Barometer,100034882,YTH16019147,9.210372161982697,48.79912609299229,(UTC+01:00) Europe/Paris DST,2013-05-08T08:00:00+02:00,151,146,na,297,15.0,0.0,na
Eco Counter GmbH,Landeshauptstadt Stuttgart,607,König-Karls-Brücke Barometer,100034882,YTH16019147,9.210372161982697,48.79912609299229,(UTC+01:00) Europe/Paris DST,2013-05-08T09:00:00+02:00,92,89,na,181,17.0,0.0,na
Eco Counter GmbH,Landeshauptstadt Stuttgart,607,König-Karls-Brücke Barometer,100034882,YTH16019147,9.210372161982697,48.79912609299229,(UTC+01:00) Europe/Paris DST,2013-05-08T10:00:00+02:00,50,68,na,118,18.0,0.0,na
Eco Counter GmbH,Landeshauptstadt Stuttgart,607,König-Karls-Brücke Barometer,100034882,YTH16019147,9.210372161982697,48.79912609299229,(UTC+01:00) Europe/Paris DST,2013-05-08T11:00:00+02:00,73,73,na,146,20.0,0.0,na
Eco Counter GmbH,Landeshauptstadt Stuttgart,607,König-Karls-Brücke Barometer,100034882,YTH16019147,9.210372161982697,48.79912609299229,(UTC+01:00) Europe/Paris DST,2013-05-08T12:00:00+02:00,66,89,na,155,21.0,0.0,na
Eco Counter GmbH,Landeshauptstadt Stuttgart,607,König-Karls-Brücke Barometer,100034882,YTH16019147,9.210372161982697,48.79912609299229,(UTC+01:00) Europe/Paris DST,2013-05-08T13:00:00+02:00,59,134,na,193,22.0,0.0,na
Eco Counter GmbH,Landeshauptstadt Stuttgart,607,König-Karls-Brücke Barometer,100034882,YTH16019147,9.210372161982697,48.79912609299229,(UTC+01:00) Europe/Paris DST,2013-05-08T14:00:00+02:00,77,99,na,176,22.0,0.0,na
Eco Counter GmbH,Landeshauptstadt Stuttgart,607,König-Karls-Brücke Barometer,100034882,YTH16019147,9.210372161982697,48.79912609299229,(UTC+01:00) Europe/Paris DST,2013-05-08T15:00:00+02:00,94,119,na,213,23.0,0.0,na
Eco Counter GmbH,Landeshauptstadt Stuttgart,607,König-Karls-Brücke Barometer,100034882,YTH16019147,9.210372161982697,48.79912609299229,(UTC+01:00) Europe/Paris DST,2013-05-08T16:00:00+02:00,117,214,na,331,21.0,0.0,na
Eco Counter GmbH,Landeshauptstadt Stuttgart,607,König-Karls-Brücke Barometer,100034882,YTH16019147,9.210372161982697,48.79912609299229,(UTC+01:00) Europe/Paris DST,2013-05-08T17:00:00+02:00,133,229,na,362,20.0,0.0,na
Eco Counter GmbH,Landeshauptstadt Stuttgart,607,König-Karls-Brücke Barometer,100034882,YTH16019147,9.210372161982697,48.79912609299229,(UTC+01:00) Europe/Paris DST,2013-05-08T18:00:00+02:00,127,263,na,390,19.0,0.0,na
Eco Counter GmbH,Landeshauptstadt Stuttgart,607,König-Karls-Brücke Barometer,100034882,YTH16019147,9.210372161982697,48.79912609299229,(UTC+01:00) Europe/Paris DST,2013-05-08T19:00:00+02:00,88,165,na,253,16.0,0.0,na
Eco Counter GmbH,Landeshauptstadt Stuttgart,607,König-Karls-Brücke Barometer,100034882,YTH16019147,9.210372161982697,48.79912609299229,(UTC+01:00) Europe/Paris DST,2013-05-08T20:00:00+02:00,54,108,na,162,14.0,0.0,na
Eco Counter GmbH,Landeshauptstadt Stuttgart,607,König-Karls-Brücke Barometer,100034882,YTH16019147,9.210372161982697,48.79912609299229,(UTC+01:00) Europe/Paris DST,2013-05-08T21:00:00+02:00,37,49,na,86,12.0,0.0,na
Eco Counter GmbH,Landeshauptstadt Stuttgart,607,König-Karls-Brücke Barometer,100034882,YTH16019147,9.210372161982697,48.79912609299229,(UTC+01:00) Europe/Paris DST,2013-05-08T22:00:00+02:00,23,24,na,47,11.0,0.0,na
Eco Counter GmbH,Landeshauptstadt Stuttgart,607,König-Karls-Brücke Barometer,100034882,YTH16019147,9.210372161982697,48.79912609299229,(UTC+01:00) Europe/Paris DST,2013-05-08T23:00:00+02:00,16,16,na,32,10.0,0.0,na
Eco Counter GmbH,Landeshauptstadt Stuttgart,607,König-Karls-Brücke Barometer,100034882,YTH16019147,9.210372161982697,48.79912609299229,(UTC+01:00) Europe/Paris DST,2013-05-09T00:00:00+02:00,15,16,na,31,9.0,0.0,na
Eco Counter GmbH,Landeshauptstadt Stuttgart,607,König-Karls-Brücke Barometer,100034882,YTH16019147,9.210372161982697,48.79912609299229,(UTC+01:00) Europe/Paris DST,2013-05-09T01:00:00+02:00,5,15,na,20,9.0,0.3,na
Eco Counter GmbH,Landeshauptstadt Stuttgart,607,König-Karls-Brücke Barometer,100034882,YTH16019147,9.210372161982697,48.79912609299229,(UTC+01:00) Europe/Paris DST,2013-05-09T02:00:00+02:00,2,9,na,11,10.0,0.6,na
Eco Counter GmbH,Landeshauptstadt Stuttgart,607,König-Karls-Brücke Barometer,100034882,YTH16019147,9.210372161982697,48.79912609299229,(UTC+01:00) Europe/Paris DST,2013-05-09T03:00:00+02:00,3,3,na,6,10.0,0.9,na
Eco Counter GmbH,Landeshauptstadt Stuttgart,607,König-Karls-Brücke Barometer,100034882,YTH16019147,9.210372161982697,48.79912609299229,(UTC+01:00) Europe/Paris DST,2013-05-09T04:00:00+02:00,3,3,na,6,11.0,1.1,na
Eco Counter GmbH,Landeshauptstadt Stuttgart,607,König-Karls-Brücke Barometer,100034882,YTH16019147,9.210372161982697,48.79912609299229,(UTC+01:00) Europe/Paris DST,2013-05-09T05:00:00+02:00,3,3,na,6,12.0,1.3,na
Eco Counter GmbH,Landeshauptstadt Stuttgart,607,König-Karls-Brücke Barometer,100034882,YTH16019147,9.210372161982697,48.79912609299229,(UTC+01:00) Europe/Paris DST,2013-05-09T06:00:00+02:00,6,8,na,14,12.0,1.6,na
Eco Counter GmbH,Landeshauptstadt Stuttgart,607,König-Karls-Brücke Barometer,100034882,YTH16019147,9.210372161982697,48.79912609299229,(UTC+01:00) Europe/Paris DST,2013-05-09T07:00:00+02:00,5,13,na,18,13.0,1.4,na
Eco Counter GmbH,Landeshauptstadt Stuttgart,607,König-Karls-Brücke Barometer,100034882,YTH16019147,9.210372161982697,48.79912609299229,(UTC+01:00) Europe/Paris DST,2013-05-09T08:00:00+02:00,22,23,na,45,14.0,1.3,na
Eco Counter GmbH,Landeshauptstadt Stuttgart,607,König-Karls-Brücke Barometer,100034882,YTH16019147,9.210372161982697,48.79912609299229,(UTC+01:00) Europe/Paris DST,2013-05-09T09:00:00+02:00,32,46,na,78,15.0,1.2,na
Eco Counter GmbH,Landeshauptstadt Stuttgart,607,König-Karls-Brücke Barometer,100034882,YTH16019147,9.210372161982697,48.79912609299229,(UTC+01:00) Europe/Paris DST,2013-05-09T10:00:00+02:00,44,98,na,142,16.0,1.1,na
Eco Counter GmbH,Landeshauptstadt Stuttgart,607,König-Karls-Brücke Barometer,100034882,YTH16019147,9.210372161982697,48.79912609299229,(UTC+01:00) Europe/Paris DST,2013-05-09T11:00:00+02:00,76,145,na,221,17.0,1.0,na
Eco Counter GmbH,Landeshauptstadt Stuttgart,607,König-Karls-Brücke Barometer,100034882,YTH16019147,9.210372161982697,48.79912609299229,(UTC+01:00) Europe/Paris DST,2013-05-09T12:00:00+02:00,91,135,na,226,18.0,1.0,na
Eco Counter GmbH,Landeshauptstadt Stuttgart,607,König-Karls-Brücke Barometer,100034882,YTH16019147,9.210372161982697,48.79912609299229,(UTC+01:00) Europe/Paris DST,2013-05-09T13:00:00+02:00,86,183,na,269,19.0,0.8,na
Eco Counter GmbH,Landeshauptstadt Stuttgart,607,König-Karls-Brücke Barometer,100034882,YTH16019147,9.210372161982697,48.79912609299229,(UTC+01:00) Europe/Paris DST,2013-05-09T14:00:00+02:00,111,147,na,258,19.0,0.7,na
Eco Counter GmbH,Landeshauptstadt Stuttgart,607,König-Karls-Brücke Barometer,100034882,YTH16019147,9.210372161982697,48.79912609299229,(UTC+01:00) Europe/Paris DST,2013-05-09T15:00:00+02:00,124,173,na,297,20.0,0.5,na
Eco Counter GmbH,Landeshauptstadt Stuttgart,607,König-Karls-Brücke Barometer,100034882,YTH16019147,9.210372161982697,48.79912609299229,(UTC+01:00) Europe/Paris DST,2013-05-09T16:00:00+02:00,147,157,na,304,19.0,0.4,na
Eco Counter GmbH,Landeshauptstadt Stuttgart,607,König-Karls-Brücke Barometer,100034882,YTH16019147,9.210372161982697,48.79912609299229,(UTC+01:00) Europe/Paris DST,2013-05-09T17:00:00+02:00,110,161,na,271,18.0,0.3,na
Eco Counter GmbH,Landeshauptstadt Stuttgart,607,König-Karls-Brücke Barometer,100034882,YTH16019147,9.210372161982697,48.79912609299229,(UTC+01:00) Europe/Paris DST,2013-05-09T18:00:00+02:00,109,118,na,227,18.0,0.2,na
Eco Counter GmbH,Landeshauptstadt Stuttgart,607,König-Karls-Brücke Barometer,100034882,YTH16019147,9.210372161982697,48.79912609299229,(UTC+01:00) Europe/Paris DST,2013-05-09T19:00:00+02:00,70,90,na,160,16.0,0.1,na
Eco Counter GmbH,Landeshauptstadt Stuttgart,607,König-Karls-Brücke Barometer,100034882,YTH16019147,9.210372161982697,48.79912609299229,(UTC+01:00) Europe/Paris DST,2013-05-09T20:00:00+02:00,43,62,na,105,14.0,0.1,na
Eco Counter GmbH,Landeshauptstadt Stuttgart,607,König-Karls-Brücke Barometer,100034882,YTH16019147,9.210372161982697,48.79912609299229,(UTC+01:00) Europe/Paris DST,2013-05-09T21:00:00+02:00,33,28,na,61,12.0,0.0,na
Eco Counter GmbH,Landeshauptstadt Stuttgart,607,König-Karls-Brücke Barometer,100034882,YTH16019147,9.210372161982697,48.79912609299229,(UTC+01:00) Europe/Paris DST,2013-05-09T22:00:00+02:00,16,12,na,28,11.0,0.6,na
Eco Counter GmbH,Landeshauptstadt Stuttgart,607,König-Karls-Brücke Barometer,100034882,YTH16019147,9.210372161982697,48.79912609299229,(UTC+01:00) Europe/Paris DST,2013-05-09T23:00:00+02:00,28,13,na,41,11.0,1.1,na
Eco Counter GmbH,Landeshauptstadt Stuttgart,607,König-Karls-Brücke Barometer,100034882,YTH16019147,9.210372161982697,48.79912609299229,(UTC+01:00) Europe/Paris DST,2013-05-10T00:00:00+02:00,11,1,na,12,11.0,1.6,na
Eco Counter GmbH,Landeshauptstadt Stuttgart,607,König-Karls-Brücke Barometer,100034882,YTH16019147,9.210372161982697,48.79912609299229,(UTC+01:00) Europe/Paris DST,2013-05-10T01:00:00+02:00,4,0,na,4,11.0,2.1,na
Eco Counter GmbH,Landeshauptstadt Stuttgart,607,König-Karls-Brücke Barometer,100034882,YTH16019147,9.210372161982697,48.79912609299229,(UTC+01:00) Europe/Paris DST,2013-05-10T02:00:00+02:00,2,2,na,4,11.0,2.7,na
Eco Counter GmbH,Landeshauptstadt Stuttgart,607,König-Karls-Brücke Barometer,100034882,YTH16019147,9.210372161982697,48.79912609299229,(UTC+01:00) Europe/Paris DST,2013-05-10T03:00:00+02:00,0,2,na,2,11.0,3.2,na
Eco Counter GmbH,Landeshauptstadt Stuttgart,607,König-Karls-Brücke Barometer,100034882,YTH16019147,9.210372161982697,48.79912609299229,(UTC+01:00) Europe/Paris DST,2013-05-10T04:00:00+02:00,0,0,na,0,11.0,3.0,na
Eco Counter GmbH,Landeshauptstadt Stuttgart,607,König-Karls-Brücke Barometer,100034882,YTH16019147,9.210372161982697,48.79912609299229,(UTC+01:00) Europe/Paris DST,2013-05-10T05:00:00+02:00,6,7,na,13,11.0,2.9,na
Eco Counter GmbH,Landeshauptstadt Stuttgart,607,König-Karls-Brücke Barometer,100034882,YTH16019147,9.210372161982697,48.79912609299229,(UTC+01:00) Europe/Paris DST,2013-05-10T06:00:00+02:00,16,10,na,26,11.0,2.7,na
Eco Counter GmbH,Landeshauptstadt Stuttgart,607,König-Karls-Brücke Barometer,100034882,YTH16019147,9.210372161982697,48.79912609299229,(UTC+01:00) Europe/Paris DST,2013-05-10T07:00:00+02:00,33,28,na,61,11.0,2.2,na
Eco Counter GmbH,Landeshauptstadt Stuttgart,607,König-Karls-Brücke Barometer,100034882,YTH16019147,9.210372161982697,48.79912609299229,(UTC+01:00) Europe/Paris DST,2013-05-10T08:00:00+02:00,40,35,na,75,12.0,1.6,na
Eco Counter GmbH,Landeshauptstadt Stuttgart,607,König-Karls-Brücke Barometer,100034882,YTH16019147,9.210372161982697,48.79912609299229,(UTC+01:00) Europe/Paris DST,2013-05-10T09:00:00+02:00,32,33,na,65,12.0,1.1,na
Eco Counter GmbH,Landeshauptstadt Stuttgart,607,König-Karls-Brücke Barometer,100034882,YTH16019147,9.210372161982697,48.79912609299229,(UTC+01:00) Europe/Paris DST,2013-05-10T10:00:00+02:00,20,42,na,62,13.0,0.8,na
Eco Counter GmbH,Landeshauptstadt Stuttgart,607,König-Karls-Brücke Barometer,100034882,YTH16019147,9.210372161982697,48.79912609299229,(UTC+01:00) Europe/Paris DST,2013-05-10T11:00:00+02:00,36,50,na,86,13.0,0.5,na
Eco Counter GmbH,Landeshauptstadt Stuttgart,607,König-Karls-Brücke Barometer,100034882,YTH16019147,9.210372161982697,48.79912609299229,(UTC+01:00) Europe/Paris DST,2013-05-10T12:00:00+02:00,40,51,na,91,14.0,0.2,na
Eco Counter GmbH,Landeshauptstadt Stuttgart,607,König-Karls-Brücke Barometer,100034882,YTH16019147,9.210372161982697,48.79912609299229,(UTC+01:00) Europe/Paris DST,2013-05-10T13:00:00+02:00,49,57,na,106,14.0,0.2,na
Eco Counter GmbH,Landeshauptstadt Stuttgart,607,König-Karls-Brücke Barometer,100034882,YTH16019147,9.210372161982697,48.79912609299229,(UTC+01:00) Europe/Paris DST,2013-05-10T14:00:00+02:00,35,70,na,105,14.0,0.1,na
Eco Counter GmbH,Landeshauptstadt Stuttgart,607,König-Karls-Brücke Barometer,100034882,YTH16019147,9.210372161982697,48.79912609299229,(UTC+01:00) Europe/Paris DST,2013-05-10T15:00:00+02:00,55,85,na,140,14.0,0.0,na
Eco Counter GmbH,Landeshauptstadt Stuttgart,607,König-Karls-Brücke Barometer,100034882,YTH16019147,9.210372161982697,48.79912609299229,(UTC+01:00) Europe/Paris DST,2013-05-10T16:00:00+02:00,69,97,na,166,14.0,0.0,na
Eco Counter GmbH,Landeshauptstadt Stuttgart,607,König-Karls-Brücke Barometer,100034882,YTH16019147,9.210372161982697,48.79912609299229,(UTC+01:00) Europe/Paris DST,2013-05-10T17:00:00+02:00,78,102,na,180,14.0,0.1,na
Eco Counter GmbH,Landeshauptstadt Stuttgart,607,König-Karls-Brücke Barometer,100034882,YTH16019147,9.210372161982697,48.79912609299229,(UTC+01:00) Europe/Paris DST,2013-05-10T18:00:00+02:00,46,81,na,127,13.0,0.1,na
Eco Counter GmbH,Landeshauptstadt Stuttgart,607,König-Karls-Brücke Barometer,100034882,YTH16019147,9.210372161982697,48.79912609299229,(UTC+01:00) Europe/Paris DST,2013-05-10T19:00:00+02:00,53,65,na,118,12.0,0.1,na
Eco Counter GmbH,Landeshauptstadt Stuttgart,607,König-Karls-Brücke Barometer,100034882,YTH16019147,9.210372161982697,48.79912609299229,(UTC+01:00) Europe/Paris DST,2013-05-10T20:00:00+02:00,32,67,na,99,11.0,0.0,na
Eco Counter GmbH,Landeshauptstadt Stuttgart,607,König-Karls-Brücke Barometer,100034882,YTH16019147,9.210372161982697,48.79912609299229,(UTC+01:00) Europe/Paris DST,2013-05-10T21:00:00+02:00,30,35,na,65,10.0,0.0,na
Eco Counter GmbH,Landeshauptstadt Stuttgart,607,König-Karls-Brücke Barometer,100034882,YTH16019147,9.210372161982697,48.79912609299229,(UTC+01:00) Europe/Paris DST,2013-05-10T22:00:00+02:00,18,27,na,45,9.0,0.0,na
Eco Counter GmbH,Landeshauptstadt Stuttgart,607,König-Karls-Brücke Barometer,100034882,YTH16019147,9.210372161982697,48.79912609299229,(UTC+01:00) Europe/Paris DST,2013-05-10T23:00:00+02:00,17,5,na,22,8.0,0.0,na
Eco Counter GmbH,Landeshauptstadt Stuttgart,607,König-Karls-Brücke Barometer,100034882,YTH16019147,9.210372161982697,48.79912609299229,(UTC+01:00) Europe/Paris DST,2013-05-11T00:00:00+02:00,9,6,na,15,7.0,0.0,na
Eco Counter GmbH,Landeshauptstadt Stuttgart,607,König-Karls-Brücke Barometer,100034882,YTH16019147,9.210372161982697,48.79912609299229,(UTC+01:00) Europe/Paris DST,2013-05-11T01:00:00+02:00,4,6,na,10,7.0,0.0,na
Eco Counter GmbH,Landeshauptstadt Stuttgart,607,König-Karls-Brücke Barometer,100034882,YTH16019147,9.210372161982697,48.79912609299229,(UTC+01:00) Europe/Paris DST,2013-05-11T02:00:00+02:00,2,4,na,6,6.0,0.0,na
Eco Counter GmbH,Landeshauptstadt Stuttgart,607,König-Karls-Brücke Barometer,100034882,YTH16019147,9.210372161982697,48.79912609299229,(UTC+01:00) Europe/Paris DST,2013-05-11T03:00:00+02:00,7,5,na,12,6.0,0.0,na
Eco Counter GmbH,Landeshauptstadt Stuttgart,607,König-Karls-Brücke Barometer,100034882,YTH16019147,9.210372161982697,48.79912609299229,(UTC+01:00) Europe/Paris DST,2013-05-11T04:00:00+02:00,2,2,na,4,7.0,0.0,na
Eco Counter GmbH,Landeshauptstadt Stuttgart,607,König-Karls-Brücke Barometer,100034882,YTH16019147,9.210372161982697,48.79912609299229,(UTC+01:00) Europe/Paris DST,2013-05-11T05:00:00+02:00,5,3,na,8,8.0,0.0,na
Eco Counter GmbH,Landeshauptstadt Stuttgart,607,König-Karls-Brücke Barometer,100034882,YTH16019147,9.210372161982697,48.79912609299229,(UTC+01:00) Europe/Paris DST,2013-05-11T06:00:00+02:00,11,16,na,27,8.0,0.0,na
Eco Counter GmbH,Landeshauptstadt Stuttgart,607,König-Karls-Brücke Barometer,100034882,YTH16019147,9.210372161982697,48.79912609299229,(UTC+01:00) Europe/Paris DST,2013-05-11T07:00:00+02:00,10,12,na,22,10.0,0.1,na
Eco Counter GmbH,Landeshauptstadt Stuttgart,607,König-Karls-Brücke Barometer,100034882,YTH16019147,9.210372161982697,48.79912609299229,(UTC+01:00) Europe/Paris DST,2013-05-11T08:00:00+02:00,16,23,na,39,12.0,0.2,na
Eco Counter GmbH,Landeshauptstadt Stuttgart,607,König-Karls-Brücke Barometer,100034882,YTH16019147,9.210372161982697,48.79912609299229,(UTC+01:00) Europe/Paris DST,2013-05-11T09:00:00+02:00,22,37,na,59,13.0,0.3,na
Eco Counter GmbH,Landeshauptstadt Stuttgart,607,König-Karls-Brücke Barometer,100034882,YTH16019147,9.210372161982697,48.79912609299229,(UTC+01:00) Europe/Paris DST,2013-05-11T10:00:00+02:00,43,58,na,101,14.0,0.4,na
Eco Counter GmbH,Landeshauptstadt Stuttgart,607,König-Karls-Brücke Barometer,100034882,YTH16019147,9.210372161982697,48.79912609299229,(UTC+01:00) Europe/Paris DST,2013-05-11T11:00:00+02:00,62,71,na,133,15.0,0.5,na
Eco Counter GmbH,Landeshauptstadt Stuttgart,607,König-Karls-Brücke Barometer,100034882,YTH16019147,9.210372161982697,48.79912609299229,(UTC+01:00) Europe/Paris DST,2013-05-11T12:00:00+02:00,33,43,na,76,16.0,0.7,na
Eco Counter GmbH,Landeshauptstadt Stuttgart,607,König-Karls-Brücke Barometer,100034882,YTH16019147,9.210372161982697,48.79912609299229,(UTC+01:00) Europe/Paris DST,2013-05-11T13:00:00+02:00,66,77,na,143,15.0,0.8,na
Eco Counter GmbH,Landeshauptstadt Stuttgart,607,König-Karls-Brücke Barometer,100034882,YTH16019147,9.210372161982697,48.79912609299229,(UTC+01:00) Europe/Paris DST,2013-05-11T14:00:00+02:00,84,89,na,173,15.0,0.9,na
Eco Counter GmbH,Landeshauptstadt Stuttgart,607,König-Karls-Brücke Barometer,100034882,YTH16019147,9.210372161982697,48.79912609299229,(UTC+01:00) Europe/Paris DST,2013-05-11T15:00:00+02:00,47,68,na,115,15.0,1.0,na
Eco Counter GmbH,Landeshauptstadt Stuttgart,607,König-Karls-Brücke Barometer,100034882,YTH16019147,9.210372161982697,48.79912609299229,(UTC+01:00) Europe/Paris DST,2013-05-11T16:00:00+02:00,44,88,na,132,15.0,0.9,na
Eco Counter GmbH,Landeshauptstadt Stuttgart,607,König-Karls-Brücke Barometer,100034882,YTH16019147,9.210372161982697,48.79912609299229,(UTC+01:00) Europe/Paris DST,2013-05-11T17:00:00+02:00,68,124,na,192,14.0,0.9,na
Eco Counter GmbH,Landeshauptstadt Stuttgart,607,König-Karls-Brücke Barometer,100034882,YTH16019147,9.210372161982697,48.79912609299229,(UTC+01:00) Europe/Paris DST,2013-05-11T18:00:00+02:00,49,55,na,104,13.0,0.8,na
Eco Counter GmbH,Landeshauptstadt Stuttgart,607,König-Karls-Brücke Barometer,100034882,YTH16019147,9.210372161982697,48.79912609299229,(UTC+01:00) Europe/Paris DST,2013-05-11T19:00:00+02:00,33,63,na,96,12.0,0.7,na
Eco Counter GmbH,Landeshauptstadt Stuttgart,607,König-Karls-Brücke Barometer,100034882,YTH16019147,9.210372161982697,48.79912609299229,(UTC+01:00) Europe/Paris DST,2013-05-11T20:00:00+02:00,32,53,na,85,10.0,0.5,na
Eco Counter GmbH,Landeshauptstadt Stuttgart,607,König-Karls-Brücke Barometer,100034882,YTH16019147,9.210372161982697,48.79912609299229,(UTC+01:00) Europe/Paris DST,2013-05-11T21:00:00+02:00,30,33,na,63,9.0,0.3,na
Eco Counter GmbH,Landeshauptstadt Stuttgart,607,König-Karls-Brücke Barometer,100034882,YTH16019147,9.210372161982697,48.79912609299229,(UTC+01:00) Europe/Paris DST,2013-05-11T22:00:00+02:00,10,10,na,20,8.0,0.2,na
Eco Counter GmbH,Landeshauptstadt Stuttgart,607,König-Karls-Brücke Barometer,100034882,YTH16019147,9.210372161982697,48.79912609299229,(UTC+01:00) Europe/Paris DST,2013-05-11T23:00:00+02:00,5,18,na,23,7.0,0.1,na
Eco Counter GmbH,Landeshauptstadt Stuttgart,607,König-Karls-Brücke Barometer,100034882,YTH16019147,9.210372161982697,48.79912609299229,(UTC+01:00) Europe/Paris DST,2013-05-12T00:00:00+02:00,17,7,na,24,6.0,0.0,na
Eco Counter GmbH,Landeshauptstadt Stuttgart,607,König-Karls-Brücke Barometer,100034882,YTH16019147,9.210372161982697,48.79912609299229,(UTC+01:00) Europe/Paris DST,2013-05-12T01:00:00+02:00,1,3,na,4,6.0,0.0,na
Eco Counter GmbH,Landeshauptstadt Stuttgart,607,König-Karls-Brücke Barometer,100034882,YTH16019147,9.210372161982697,48.79912609299229,(UTC+01:00) Europe/Paris DST,2013-05-12T02:00:00+02:00,2,1,na,3,5.0,0.0,na
Eco Counter GmbH,Landeshauptstadt Stuttgart,607,König-Karls-Brücke Barometer,100034882,YTH16019147,9.210372161982697,48.79912609299229,(UTC+01:00) Europe/Paris DST,2013-05-12T03:00:00+02:00,2,7,na,9,5.0,0.0,na
Eco Counter GmbH,Landeshauptstadt Stuttgart,607,König-Karls-Brücke Barometer,100034882,YTH16019147,9.210372161982697,48.79912609299229,(UTC+01:00) Europe/Paris DST,2013-05-12T04:00:00+02:00,2,0,na,2,6.0,0.0,na
Eco Counter GmbH,Landeshauptstadt Stuttgart,607,König-Karls-Brücke Barometer,100034882,YTH16019147,9.210372161982697,48.79912609299229,(UTC+01:00) Europe/Paris DST,2013-05-12T05:00:00+02:00,2,3,na,5,7.0,0.0,na
Eco Counter GmbH,Landeshauptstadt Stuttgart,607,König-Karls-Brücke Barometer,100034882,YTH16019147,9.210372161982697,48.79912609299229,(UTC+01:00) Europe/Paris DST,2013-05-12T06:00:00+02:00,6,4,na,10,7.0,0.0,na
Eco Counter GmbH,Landeshauptstadt Stuttgart,607,König-Karls-Brücke Barometer,100034882,YTH16019147,9.210372161982697,48.79912609299229,(UTC+01:00) Europe/Paris DST,2013-05-12T07:00:00+02:00,4,7,na,11,8.0,0.2,na
Eco Counter GmbH,Landeshauptstadt Stuttgart,607,König-Karls-Brücke Barometer,100034882,YTH16019147,9.210372161982697,48.79912609299229,(UTC+01:00) Europe/Paris DST,2013-05-12T08:00:00+02:00,9,9,na,18,8.0,0.5,na
Eco Counter GmbH,Landeshauptstadt Stuttgart,607,König-Karls-Brücke Barometer,100034882,YTH16019147,9.210372161982697,48.79912609299229,(UTC+01:00) Europe/Paris DST,2013-05-12T09:00:00+02:00,17,36,na,53,9.0,0.7,na
Eco Counter GmbH,Landeshauptstadt Stuttgart,607,König-Karls-Brücke Barometer,100034882,YTH16019147,9.210372161982697,48.79912609299229,(UTC+01:00) Europe/Paris DST,2013-05-12T10:00:00+02:00,22,37,na,59,9.0,0.8,na
Eco Counter GmbH,Landeshauptstadt Stuttgart,607,König-Karls-Brücke Barometer,100034882,YTH16019147,9.210372161982697,48.79912609299229,(UTC+01:00) Europe/Paris DST,2013-05-12T11:00:00+02:00,14,42,na,56,10.0,0.8,na
Eco Counter GmbH,Landeshauptstadt Stuttgart,607,König-Karls-Brücke Barometer,100034882,YTH16019147,9.210372161982697,48.79912609299229,(UTC+01:00) Europe/Paris DST,2013-05-12T12:00:00+02:00,29,54,na,83,11.0,0.8,na
Eco Counter GmbH,Landeshauptstadt Stuttgart,607,König-Karls-Brücke Barometer,100034882,YTH16019147,9.210372161982697,48.79912609299229,(UTC+01:00) Europe/Paris DST,2013-05-12T13:00:00+02:00,48,84,na,132,11.0,0.7,na
Eco Counter GmbH,Landeshauptstadt Stuttgart,607,König-Karls-Brücke Barometer,100034882,YTH16019147,9.210372161982697,48.79912609299229,(UTC+01:00) Europe/Paris DST,2013-05-12T14:00:00+02:00,49,97,na,146,11.0,0.6,na
Eco Counter GmbH,Landeshauptstadt Stuttgart,607,König-Karls-Brücke Barometer,100034882,YTH16019147,9.210372161982697,48.79912609299229,(UTC+01:00) Europe/Paris DST,2013-05-12T15:00:00+02:00,72,89,na,161,12.0,0.4,na
Eco Counter GmbH,Landeshauptstadt Stuttgart,607,König-Karls-Brücke Barometer,100034882,YTH16019147,9.210372161982697,48.79912609299229,(UTC+01:00) Europe/Paris DST,2013-05-12T16:00:00+02:00,58,96,na,154,11.0,0.3,na
Eco Counter GmbH,Landeshauptstadt Stuttgart,607,König-Karls-Brücke Barometer,100034882,YTH16019147,9.210372161982697,48.79912609299229,(UTC+01:00) Europe/Paris DST,2013-05-12T17:00:00+02:00,48,49,na,97,11.0,0.2,na
Eco Counter GmbH,Landeshauptstadt Stuttgart,607,König-Karls-Brücke Barometer,100034882,YTH16019147,9.210372161982697,48.79912609299229,(UTC+01:00) Europe/Paris DST,2013-05-12T18:00:00+02:00,32,37,na,69,10.0,0.1,na
Eco Counter GmbH,Landeshauptstadt Stuttgart,607,König-Karls-Brücke Barometer,100034882,YTH16019147,9.210372161982697,48.79912609299229,(UTC+01:00) Europe/Paris DST,2013-05-12T19:00:00+02:00,34,38,na,72,9.0,0.1,na
Eco Counter GmbH,Landeshauptstadt Stuttgart,607,König-Karls-Brücke Barometer,100034882,YTH16019147,9.210372161982697,48.79912609299229,(UTC+01:00) Europe/Paris DST,2013-05-12T20:00:00+02:00,23,36,na,59,7.0,0.0,na
Eco Counter GmbH,Landeshauptstadt Stuttgart,607,König-Karls-Brücke Barometer,100034882,YTH16019147,9.210372161982697,48.79912609299229,(UTC+01:00) Europe/Paris DST,2013-05-12T21:00:00+02:00,21,18,na,39,6.0,0.0,na
Eco Counter GmbH,Landeshauptstadt Stuttgart,607,König-Karls-Brücke Barometer,100034882,YTH16019147,9.210372161982697,48.79912609299229,(UTC+01:00) Europe/Paris DST,2013-05-12T22:00:00+02:00,8,7,na,15,5.0,0.0,na
Eco Counter GmbH,Landeshauptstadt Stuttgart,607,König-Karls-Brücke Barometer,100034882,YTH16019147,9.210372161982697,48.79912609299229,(UTC+01:00) Europe/Paris DST,2013-05-12T23:00:00+02:00,10,2,na,12,5.0,0.0,na
Eco Counter GmbH,Landeshauptstadt Stuttgart,607,König-Karls-Brücke Barometer,100034882,YTH16019147,9.210372161982697,48.79912609299229,(UTC+01:00) Europe/Paris DST,2013-05-13T00:00:00+02:00,0,1,na,1,4.0,0.0,na
Eco Counter GmbH,Landeshauptstadt Stuttgart,607,König-Karls-Brücke Barometer,100034882,YTH16019147,9.210372161982697,48.79912609299229,(UTC+01:00) Europe/Paris DST,2013-05-13T01:00:00+02:00,2,2,na,4,4.0,0.0,na
Eco Counter GmbH,Landeshauptstadt Stuttgart,607,König-Karls-Brücke Barometer,100034882,YTH16019147,9.210372161982697,48.79912609299229,(UTC+01:00) Europe/Paris DST,2013-05-13T02:00:00+02:00,1,0,na,1,4.0,0.0,na
Eco Counter GmbH,Landeshauptstadt Stuttgart,607,König-Karls-Brücke Barometer,100034882,YTH16019147,9.210372161982697,48.79912609299229,(UTC+01:00) Europe/Paris DST,2013-05-13T03:00:00+02:00,1,2,na,3,4.0,0.1,na
Eco Counter GmbH,Landeshauptstadt Stuttgart,607,König-Karls-Brücke Barometer,100034882,YTH16019147,9.210372161982697,48.79912609299229,(UTC+01:00) Europe/Paris DST,2013-05-13T04:00:00+02:00,0,1,na,1,5.0,0.2,na
Eco Counter GmbH,Landeshauptstadt Stuttgart,607,König-Karls-Brücke Barometer,100034882,YTH16019147,9.210372161982697,48.79912609299229,(UTC+01:00) Europe/Paris DST,2013-05-13T05:00:00+02:00,15,21,na,36,5.0,0.3,na
Eco Counter GmbH,Landeshauptstadt Stuttgart,607,König-Karls-Brücke Barometer,100034882,YTH16019147,9.210372161982697,48.79912609299229,(UTC+01:00) Europe/Paris DST,2013-05-13T06:00:00+02:00,53,36,na,89,6.0,0.4,na
Eco Counter GmbH,Landeshauptstadt Stuttgart,607,König-Karls-Brücke Barometer,100034882,YTH16019147,9.210372161982697,48.79912609299229,(UTC+01:00) Europe/Paris DST,2013-05-13T07:00:00+02:00,88,80,na,168,7.0,0.5,na
Eco Counter GmbH,Landeshauptstadt Stuttgart,607,König-Karls-Brücke Barometer,100034882,YTH16019147,9.210372161982697,48.79912609299229,(UTC+01:00) Europe/Paris DST,2013-05-13T08:00:00+02:00,78,56,na,134,8.0,0.5,na
Eco Counter GmbH,Landeshauptstadt Stuttgart,607,König-Karls-Brücke Barometer,100034882,YTH16019147,9.210372161982697,48.79912609299229,(UTC+01:00) Europe/Paris DST,2013-05-13T09:00:00+02:00,43,31,na,74,8.0,0.6,na
Eco Counter GmbH,Landeshauptstadt Stuttgart,607,König-Karls-Brücke Barometer,100034882,YTH16019147,9.210372161982697,48.79912609299229,(UTC+01:00) Europe/Paris DST,2013-05-13T10:00:00+02:00,13,27,na,40,9.0,0.6,na
Eco Counter GmbH,Landeshauptstadt Stuttgart,607,König-Karls-Brücke Barometer,100034882,YTH16019147,9.210372161982697,48.79912609299229,(UTC+01:00) Europe/Paris DST,2013-05-13T11:00:00+02:00,16,23,na,39,10.0,0.5,na
Eco Counter GmbH,Landeshauptstadt Stuttgart,607,König-Karls-Brücke Barometer,100034882,YTH16019147,9.210372161982697,48.79912609299229,(UTC+01:00) Europe/Paris DST,2013-05-13T12:00:00+02:00,19,26,na,45,11.0,0.4,na
Eco Counter GmbH,Landeshauptstadt Stuttgart,607,König-Karls-Brücke Barometer,100034882,YTH16019147,9.210372161982697,48.79912609299229,(UTC+01:00) Europe/Paris DST,2013-05-13T13:00:00+02:00,14,36,na,50,12.0,0.4,na
Eco Counter GmbH,Landeshauptstadt Stuttgart,607,König-Karls-Brücke Barometer,100034882,YTH16019147,9.210372161982697,48.79912609299229,(UTC+01:00) Europe/Paris DST,2013-05-13T14:00:00+02:00,30,36,na,66,13.0,0.3,na
Eco Counter GmbH,Landeshauptstadt Stuttgart,607,König-Karls-Brücke Barometer,100034882,YTH16019147,9.210372161982697,48.79912609299229,(UTC+01:00) Europe/Paris DST,2013-05-13T15:00:00+02:00,46,64,na,110,14.0,0.2,na
Eco Counter GmbH,Landeshauptstadt Stuttgart,607,König-Karls-Brücke Barometer,100034882,YTH16019147,9.210372161982697,48.79912609299229,(UTC+01:00) Europe/Paris DST,2013-05-13T16:00:00+02:00,50,100,na,150,13.0,0.2,na
Eco Counter GmbH,Landeshauptstadt Stuttgart,607,König-Karls-Brücke Barometer,100034882,YTH16019147,9.210372161982697,48.79912609299229,(UTC+01:00) Europe/Paris DST,2013-05-13T17:00:00+02:00,76,111,na,187,13.0,0.2,na
Eco Counter GmbH,Landeshauptstadt Stuttgart,607,König-Karls-Brücke Barometer,100034882,YTH16019147,9.210372161982697,48.79912609299229,(UTC+01:00) Europe/Paris DST,2013-05-13T18:00:00+02:00,63,108,na,171,13.0,0.2,na
Eco Counter GmbH,Landeshauptstadt Stuttgart,607,König-Karls-Brücke Barometer,100034882,YTH16019147,9.210372161982697,48.79912609299229,(UTC+01:00) Europe/Paris DST,2013-05-13T19:00:00+02:00,50,80,na,130,12.0,0.2,na
Eco Counter GmbH,Landeshauptstadt Stuttgart,607,König-Karls-Brücke Barometer,100034882,YTH16019147,9.210372161982697,48.79912609299229,(UTC+01:00) Europe/Paris DST,2013-05-13T20:00:00+02:00,22,56,na,78,10.0,0.1,na
Eco Counter GmbH,Landeshauptstadt Stuttgart,607,König-Karls-Brücke Barometer,100034882,YTH16019147,9.210372161982697,48.79912609299229,(UTC+01:00) Europe/Paris DST,2013-05-13T21:00:00+02:00,20,27,na,47,9.0,0.1,na
Eco Counter GmbH,Landeshauptstadt Stuttgart,607,König-Karls-Brücke Barometer,100034882,YTH16019147,9.210372161982697,48.79912609299229,(UTC+01:00) Europe/Paris DST,2013-05-13T22:00:00+02:00,5,14,na,19,8.0,0.0,na
Eco Counter GmbH,Landeshauptstadt Stuttgart,607,König-Karls-Brücke Barometer,100034882,YTH16019147,9.210372161982697,48.79912609299229,(UTC+01:00) Europe/Paris DST,2013-05-13T23:00:00+02:00,6,12,na,18,8.0,0.0,na
Eco Counter GmbH,Landeshauptstadt Stuttgart,607,König-Karls-Brücke Barometer,100034882,YTH16019147,9.210372161982697,48.79912609299229,(UTC+01:00) Europe/Paris DST,2013-05-14T00:00:00+02:00,1,4,na,5,7.0,0.0,na
Eco Counter GmbH,Landeshauptstadt Stuttgart,607,König-Karls-Brücke Barometer,100034882,YTH16019147,9.210372161982697,48.79912609299229,(UTC+01:00) Europe/Paris DST,2013-05-14T01:00:00+02:00,1,3,na,4,7.0,0.0,na
Eco Counter GmbH,Landeshauptstadt Stuttgart,607,König-Karls-Brücke Barometer,100034882,YTH16019147,9.210372161982697,48.79912609299229,(UTC+01:00) Europe/Paris DST,2013-05-14T02:00:00+02:00,0,0,na,0,7.0,0.0,na
Eco Counter GmbH,Landeshauptstadt Stuttgart,607,König-Karls-Brücke Barometer,100034882,YTH16019147,9.210372161982697,48.79912609299229,(UTC+01:00) Europe/Paris DST,2013-05-14T03:00:00+02:00,3,0,na,3,7.0,0.1,na
Eco Counter GmbH,Landeshauptstadt Stuttgart,607,König-Karls-Brücke Barometer,100034882,YTH16019147,9.210372161982697,48.79912609299229,(UTC+01:00) Europe/Paris DST,2013-05-14T04:00:00+02:00,2,3,na,5,7.0,0.1,na
Eco Counter GmbH,Landeshauptstadt Stuttgart,607,König-Karls-Brücke Barometer,100034882,YTH16019147,9.210372161982697,48.79912609299229,(UTC+01:00) Europe/Paris DST,2013-05-14T05:00:00+02:00,20,13,na,33,8.0,0.0,na
Eco Counter GmbH,Landeshauptstadt Stuttgart,607,König-Karls-Brücke Barometer,100034882,YTH16019147,9.210372161982697,48.79912609299229,(UTC+01:00) Europe/Paris DST,2013-05-14T06:00:00+02:00,63,46,na,109,9.0,0.0,na
Eco Counter GmbH,Landeshauptstadt Stuttgart,607,König-Karls-Brücke Barometer,100034882,YTH16019147,9.210372161982697,48.79912609299229,(UTC+01:00) Europe/Paris DST,2013-05-14T07:00:00+02:00,126,126,na,252,10.0,0.0,na
Eco Counter GmbH,Landeshauptstadt Stuttgart,607,König-Karls-Brücke Barometer,100034882,YTH16019147,9.210372161982697,48.79912609299229,(UTC+01:00) Europe/Paris DST,2013-05-14T08:00:00+02:00,120,93,na,213,11.0,0.1,na
Eco Counter GmbH,Landeshauptstadt Stuttgart,607,König-Karls-Brücke Barometer,100034882,YTH16019147,9.210372161982697,48.79912609299229,(UTC+01:00) Europe/Paris DST,2013-05-14T09:00:00+02:00,71,76,na,147,13.0,0.1,na
Eco Counter GmbH,Landeshauptstadt Stuttgart,607,König-Karls-Brücke Barometer,100034882,YTH16019147,9.210372161982697,48.79912609299229,(UTC+01:00) Europe/Paris DST,2013-05-14T10:00:00+02:00,38,49,na,87,14.0,0.1,na
Eco Counter GmbH,Landeshauptstadt Stuttgart,607,König-Karls-Brücke Barometer,100034882,YTH16019147,9.210372161982697,48.79912609299229,(UTC+01:00) Europe/Paris DST,2013-05-14T11:00:00+02:00,33,62,na,95,15.0,0.1,na
Eco Counter GmbH,Landeshauptstadt Stuttgart,607,König-Karls-Brücke Barometer,100034882,YTH16019147,9.210372161982697,48.79912609299229,(UTC+01:00) Europe/Paris DST,2013-05-14T12:00:00+02:00,57,48,na,105,16.0,0.1,na
Eco Counter GmbH,Landeshauptstadt Stuttgart,607,König-Karls-Brücke Barometer,100034882,YTH16019147,9.210372161982697,48.79912609299229,(UTC+01:00) Europe/Paris DST,2013-05-14T13:00:00+02:00,39,78,na,117,17.0,0.1,na
Eco Counter GmbH,Landeshauptstadt Stuttgart,607,König-Karls-Brücke Barometer,100034882,YTH16019147,9.210372161982697,48.79912609299229,(UTC+01:00) Europe/Paris DST,2013-05-14T14:00:00+02:00,34,66,na,100,18.0,0.1,na
Eco Counter GmbH,Landeshauptstadt Stuttgart,607,König-Karls-Brücke Barometer,100034882,YTH16019147,9.210372161982697,48.79912609299229,(UTC+01:00) Europe/Paris DST,2013-05-14T15:00:00+02:00,63,90,na,153,18.0,0.0,na
Eco Counter GmbH,Landeshauptstadt Stuttgart,607,König-Karls-Brücke Barometer,100034882,YTH16019147,9.210372161982697,48.79912609299229,(UTC+01:00) Europe/Paris DST,2013-05-14T16:00:00+02:00,92,171,na,263,18.0,0.0,na
Eco Counter GmbH,Landeshauptstadt Stuttgart,607,König-Karls-Brücke Barometer,100034882,YTH16019147,9.210372161982697,48.79912609299229,(UTC+01:00) Europe/Paris DST,2013-05-14T17:00:00+02:00,124,223,na,347,17.0,0.1,na
Eco Counter GmbH,Landeshauptstadt Stuttgart,607,König-Karls-Brücke Barometer,100034882,YTH16019147,9.210372161982697,48.79912609299229,(UTC+01:00) Europe/Paris DST,2013-05-14T18:00:00+02:00,126,228,na,354,17.0,0.1,na
Eco Counter GmbH,Landeshauptstadt Stuttgart,607,König-Karls-Brücke Barometer,100034882,YTH16019147,9.210372161982697,48.79912609299229,(UTC+01:00) Europe/Paris DST,2013-05-14T19:00:00+02:00,114,184,na,298,15.0,0.1,na
Eco Counter GmbH,Landeshauptstadt Stuttgart,607,König-Karls-Brücke Barometer,100034882,YTH16019147,9.210372161982697,48.79912609299229,(UTC+01:00) Europe/Paris DST,2013-05-14T20:00:00+02:00,69,97,na,166,13.0,0.0,na
Eco Counter GmbH,Landeshauptstadt Stuttgart,607,König-Karls-Brücke Barometer,100034882,YTH16019147,9.210372161982697,48.79912609299229,(UTC+01:00) Europe/Paris DST,2013-05-14T21:00:00+02:00,32,61,na,93,12.0,0.0,na
Eco Counter GmbH,Landeshauptstadt Stuttgart,607,König-Karls-Brücke Barometer,100034882,YTH16019147,9.210372161982697,48.79912609299229,(UTC+01:00) Europe/Paris DST,2013-05-14T22:00:00+02:00,10,35,na,45,11.0,0.0,na
Eco Counter GmbH,Landeshauptstadt Stuttgart,607,König-Karls-Brücke Barometer,100034882,YTH16019147,9.210372161982697,48.79912609299229,(UTC+01:00) Europe/Paris DST,2013-05-14T23:00:00+02:00,20,21,na,41,10.0,0.0,na
Eco Counter GmbH,Landeshauptstadt Stuttgart,607,König-Karls-Brücke Barometer,100034882,YTH16019147,9.210372161982697,48.79912609299229,(UTC+01:00) Europe/Paris DST,2013-05-15T00:00:00+02:00,0,5,na,5,9.0,0.0,na
Eco Counter GmbH,Landeshauptstadt Stuttgart,607,König-Karls-Brücke Barometer,100034882,YTH16019147,9.210372161982697,48.79912609299229,(UTC+01:00) Europe/Paris DST,2013-05-15T01:00:00+02:00,0,3,na,3,9.0,0.0,na
Eco Counter GmbH,Landeshauptstadt Stuttgart,607,König-Karls-Brücke Barometer,100034882,YTH16019147,9.210372161982697,48.79912609299229,(UTC+01:00) Europe/Paris DST,2013-05-15T02:00:00+02:00,0,1,na,1,8.0,0.0,na
Eco Counter GmbH,Landeshauptstadt Stuttgart,607,König-Karls-Brücke Barometer,100034882,YTH16019147,9.210372161982697,48.79912609299229,(UTC+01:00) Europe/Paris DST,2013-05-15T03:00:00+02:00,1,1,na,2,8.0,0.0,na
Eco Counter GmbH,Landeshauptstadt Stuttgart,607,König-Karls-Brücke Barometer,100034882,YTH16019147,9.210372161982697,48.79912609299229,(UTC+01:00) Europe/Paris DST,2013-05-15T04:00:00+02:00,2,0,na,2,9.0,0.0,na
Eco Counter GmbH,Landeshauptstadt Stuttgart,607,König-Karls-Brücke Barometer,100034882,YTH16019147,9.210372161982697,48.79912609299229,(UTC+01:00) Europe/Paris DST,2013-05-15T05:00:00+02:00,19,29,na,48,10.0,0.0,na
Eco Counter GmbH,Landeshauptstadt Stuttgart,607,König-Karls-Brücke Barometer,100034882,YTH16019147,9.210372161982697,48.79912609299229,(UTC+01:00) Europe/Paris DST,2013-05-15T06:00:00+02:00,70,61,na,131,11.0,0.0,na
Eco Counter GmbH,Landeshauptstadt Stuttgart,607,König-Karls-Brücke Barometer,100034882,YTH16019147,9.210372161982697,48.79912609299229,(UTC+01:00) Europe/Paris DST,2013-05-15T07:00:00+02:00,127,116,na,243,13.0,0.0,na
Eco Counter GmbH,Landeshauptstadt Stuttgart,607,König-Karls-Brücke Barometer,100034882,YTH16019147,9.210372161982697,48.79912609299229,(UTC+01:00) Europe/Paris DST,2013-05-15T08:00:00+02:00,129,135,na,264,15.0,0.0,na
Eco Counter GmbH,Landeshauptstadt Stuttgart,607,König-Karls-Brücke Barometer,100034882,YTH16019147,9.210372161982697,48.79912609299229,(UTC+01:00) Europe/Paris DST,2013-05-15T09:00:00+02:00,81,88,na,169,17.0,0.0,na
Eco Counter GmbH,Landeshauptstadt Stuttgart,607,König-Karls-Brücke Barometer,100034882,YTH16019147,9.210372161982697,48.79912609299229,(UTC+01:00) Europe/Paris DST,2013-05-15T10:00:00+02:00,51,73,na,124,18.0,0.1,na
Eco Counter GmbH,Landeshauptstadt Stuttgart,607,König-Karls-Brücke Barometer,100034882,YTH16019147,9.210372161982697,48.79912609299229,(UTC+01:00) Europe/Paris DST,2013-05-15T11:00:00+02:00,67,65,na,132,19.0,0.1,na
Eco Counter GmbH,Landeshauptstadt Stuttgart,607,König-Karls-Brücke Barometer,100034882,YTH16019147,9.210372161982697,48.79912609299229,(UTC+01:00) Europe/Paris DST,2013-05-15T12:00:00+02:00,61,91,na,152,21.0,0.2,na
Eco Counter GmbH,Landeshauptstadt Stuttgart,607,König-Karls-Brücke Barometer,100034882,YTH16019147,9.210372161982697,48.79912609299229,(UTC+01:00) Europe/Paris DST,2013-05-15T13:00:00+02:00,58,93,na,151,20.0,0.3,na
Eco Counter GmbH,Landeshauptstadt Stuttgart,607,König-Karls-Brücke Barometer,100034882,YTH16019147,9.210372161982697,48.79912609299229,(UTC+01:00) Europe/Paris DST,2013-05-15T14:00:00+02:00,66,90,na,156,20.0,0.4,na
Eco Counter GmbH,Landeshauptstadt Stuttgart,607,König-Karls-Brücke Barometer,100034882,YTH16019147,9.210372161982697,48.79912609299229,(UTC+01:00) Europe/Paris DST,2013-05-15T15:00:00+02:00,70,133,na,203,20.0,0.6,na
Eco Counter GmbH,Landeshauptstadt Stuttgart,607,König-Karls-Brücke Barometer,100034882,YTH16019147,9.210372161982697,48.79912609299229,(UTC+01:00) Europe/Paris DST,2013-05-15T16:00:00+02:00,77,156,na,233,19.0,0.6,na
Eco Counter GmbH,Landeshauptstadt Stuttgart,607,König-Karls-Brücke Barometer,100034882,YTH16019147,9.210372161982697,48.79912609299229,(UTC+01:00) Europe/Paris DST,2013-05-15T17:00:00+02:00,79,137,na,216,18.0,0.6,na
Eco Counter GmbH,Landeshauptstadt Stuttgart,607,König-Karls-Brücke Barometer,100034882,YTH16019147,9.210372161982697,48.79912609299229,(UTC+01:00) Europe/Paris DST,2013-05-15T18:00:00+02:00,76,139,na,215,17.0,0.6,na
Eco Counter GmbH,Landeshauptstadt Stuttgart,607,König-Karls-Brücke Barometer,100034882,YTH16019147,9.210372161982697,48.79912609299229,(UTC+01:00) Europe/Paris DST,2013-05-15T19:00:00+02:00,57,91,na,148,15.0,0.4,na
Eco Counter GmbH,Landeshauptstadt Stuttgart,607,König-Karls-Brücke Barometer,100034882,YTH16019147,9.210372161982697,48.79912609299229,(UTC+01:00) Europe/Paris DST,2013-05-15T20:00:00+02:00,36,75,na,111,14.0,0.3,na
Eco Counter GmbH,Landeshauptstadt Stuttgart,607,König-Karls-Brücke Barometer,100034882,YTH16019147,9.210372161982697,48.79912609299229,(UTC+01:00) Europe/Paris DST,2013-05-15T21:00:00+02:00,38,37,na,75,12.0,0.2,na
Eco Counter GmbH,Landeshauptstadt Stuttgart,607,König-Karls-Brücke Barometer,100034882,YTH16019147,9.210372161982697,48.79912609299229,(UTC+01:00) Europe/Paris DST,2013-05-15T22:00:00+02:00,15,31,na,46,11.0,0.1,na
Eco Counter GmbH,Landeshauptstadt Stuttgart,607,König-Karls-Brücke Barometer,100034882,YTH16019147,9.210372161982697,48.79912609299229,(UTC+01:00) Europe/Paris DST,2013-05-15T23:00:00+02:00,5,7,na,12,9.0,0.1,na
Eco Counter GmbH,Landeshauptstadt Stuttgart,607,König-Karls-Brücke Barometer,100034882,YTH16019147,9.210372161982697,48.79912609299229,(UTC+01:00) Europe/Paris DST,2013-05-16T00:00:00+02:00,4,8,na,12,7.0,0.0,na
Eco Counter GmbH,Landeshauptstadt Stuttgart,607,König-Karls-Brücke Barometer,100034882,YTH16019147,9.210372161982697,48.79912609299229,(UTC+01:00) Europe/Paris DST,2013-05-16T01:00:00+02:00,3,6,na,9,7.0,0.0,na
Eco Counter GmbH,Landeshauptstadt Stuttgart,607,König-Karls-Brücke Barometer,100034882,YTH16019147,9.210372161982697,48.79912609299229,(UTC+01:00) Europe/Paris DST,2013-05-16T02:00:00+02:00,1,2,na,3,6.0,0.0,na
Eco Counter GmbH,Landeshauptstadt Stuttgart,607,König-Karls-Brücke Barometer,100034882,YTH16019147,9.210372161982697,48.79912609299229,(UTC+01:00) Europe/Paris DST,2013-05-16T03:00:00+02:00,1,1,na,2,6.0,0.0,na
Eco Counter GmbH,Landeshauptstadt Stuttgart,607,König-Karls-Brücke Barometer,100034882,YTH16019147,9.210372161982697,48.79912609299229,(UTC+01:00) Europe/Paris DST,2013-05-16T04:00:00+02:00,2,2,na,4,7.0,0.0,na
Eco Counter GmbH,Landeshauptstadt Stuttgart,607,König-Karls-Brücke Barometer,100034882,YTH16019147,9.210372161982697,48.79912609299229,(UTC+01:00) Europe/Paris DST,2013-05-16T05:00:00+02:00,12,18,na,30,8.0,0.0,na
Eco Counter GmbH,Landeshauptstadt Stuttgart,607,König-Karls-Brücke Barometer,100034882,YTH16019147,9.210372161982697,48.79912609299229,(UTC+01:00) Europe/Paris DST,2013-05-16T06:00:00+02:00,57,36,na,93,8.0,0.0,na
Eco Counter GmbH,Landeshauptstadt Stuttgart,607,König-Karls-Brücke Barometer,100034882,YTH16019147,9.210372161982697,48.79912609299229,(UTC+01:00) Europe/Paris DST,2013-05-16T07:00:00+02:00,111,110,na,221,10.0,0.1,na
Eco Counter GmbH,Landeshauptstadt Stuttgart,607,König-Karls-Brücke Barometer,100034882,YTH16019147,9.210372161982697,48.79912609299229,(UTC+01:00) Europe/Paris DST,2013-05-16T08:00:00+02:00,113,109,na,222,11.0,0.1,na
Eco Counter GmbH,Landeshauptstadt Stuttgart,607,König-Karls-Brücke Barometer,100034882,YTH16019147,9.210372161982697,48.79912609299229,(UTC+01:00) Europe/Paris DST,2013-05-16T09:00:00+02:00,57,41,na,98,12.0,0.2,na
Eco Counter GmbH,Landeshauptstadt Stuttgart,607,König-Karls-Brücke Barometer,100034882,YTH16019147,9.210372161982697,48.79912609299229,(UTC+01:00) Europe/Paris DST,2013-05-16T10:00:00+02:00,33,38,na,71,14.0,0.2,na
Eco Counter GmbH,Landeshauptstadt Stuttgart,607,König-Karls-Brücke Barometer,100034882,YTH16019147,9.210372161982697,48.79912609299229,(UTC+01:00) Europe/Paris DST,2013-05-16T11:00:00+02:00,17,23,na,40,15.0,0.2,na
Eco Counter GmbH,Landeshauptstadt Stuttgart,607,König-Karls-Brücke Barometer,100034882,YTH16019147,9.210372161982697,48.79912609299229,(UTC+01:00) Europe/Paris DST,2013-05-16T12:00:00+02:00,36,34,na,70,16.0,0.2,na
Eco Counter GmbH,Landeshauptstadt Stuttgart,607,König-Karls-Brücke Barometer,100034882,YTH16019147,9.210372161982697,48.79912609299229,(UTC+01:00) Europe/Paris DST,2013-05-16T13:00:00+02:00,40,52,na,92,17.0,0.2,na
Eco Counter GmbH,Landeshauptstadt Stuttgart,607,König-Karls-Brücke Barometer,100034882,YTH16019147,9.210372161982697,48.79912609299229,(UTC+01:00) Europe/Paris DST,2013-05-16T14:00:00+02:00,34,42,na,76,18.0,0.2,na
Eco Counter GmbH,Landeshauptstadt Stuttgart,607,König-Karls-Brücke Barometer,100034882,YTH16019147,9.210372161982697,48.79912609299229,(UTC+01:00) Europe/Paris DST,2013-05-16T15:00:00+02:00,43,74,na,117,18.0,0.1,na
Eco Counter GmbH,Landeshauptstadt Stuttgart,607,König-Karls-Brücke Barometer,100034882,YTH16019147,9.210372161982697,48.79912609299229,(UTC+01:00) Europe/Paris DST,2013-05-16T16:00:00+02:00,70,110,na,180,18.0,0.1,na
Eco Counter GmbH,Landeshauptstadt Stuttgart,607,König-Karls-Brücke Barometer,100034882,YTH16019147,9.210372161982697,48.79912609299229,(UTC+01:00) Europe/Paris DST,2013-05-16T17:00:00+02:00,89,156,na,245,17.0,0.1,na
Eco Counter GmbH,Landeshauptstadt Stuttgart,607,König-Karls-Brücke Barometer,100034882,YTH16019147,9.210372161982697,48.79912609299229,(UTC+01:00) Europe/Paris DST,2013-05-16T18:00:00+02:00,70,119,na,189,17.0,0.0,na
Eco Counter GmbH,Landeshauptstadt Stuttgart,607,König-Karls-Brücke Barometer,100034882,YTH16019147,9.210372161982697,48.79912609299229,(UTC+01:00) Europe/Paris DST,2013-05-16T19:00:00+02:00,47,91,na,138,15.0,0.0,na
Eco Counter GmbH,Landeshauptstadt Stuttgart,607,König-Karls-Brücke Barometer,100034882,YTH16019147,9.210372161982697,48.79912609299229,(UTC+01:00) Europe/Paris DST,2013-05-16T20:00:00+02:00,27,40,na,67,14.0,0.0,na
Eco Counter GmbH,Landeshauptstadt Stuttgart,607,König-Karls-Brücke Barometer,100034882,YTH16019147,9.210372161982697,48.79912609299229,(UTC+01:00) Europe/Paris DST,2013-05-16T21:00:00+02:00,14,25,na,39,12.0,0.0,na
Eco Counter GmbH,Landeshauptstadt Stuttgart,607,König-Karls-Brücke Barometer,100034882,YTH16019147,9.210372161982697,48.79912609299229,(UTC+01:00) Europe/Paris DST,2013-05-16T22:00:00+02:00,6,14,na,20,11.0,0.0,na
Eco Counter GmbH,Landeshauptstadt Stuttgart,607,König-Karls-Brücke Barometer,100034882,YTH16019147,9.210372161982697,48.79912609299229,(UTC+01:00) Europe/Paris DST,2013-05-16T23:00:00+02:00,7,9,na,16,10.0,0.0,na
Eco Counter GmbH,Landeshauptstadt Stuttgart,607,König-Karls-Brücke Barometer,100034882,YTH16019147,9.210372161982697,48.79912609299229,(UTC+01:00) Europe/Paris DST,2013-05-17T00:00:00+02:00,0,5,na,5,9.0,0.0,na
Eco Counter GmbH,Landeshauptstadt Stuttgart,607,König-Karls-Brücke Barometer,100034882,YTH16019147,9.210372161982697,48.79912609299229,(UTC+01:00) Europe/Paris DST,2013-05-17T01:00:00+02:00,1,1,na,2,9.0,0.0,na
Eco Counter GmbH,Landeshauptstadt Stuttgart,607,König-Karls-Brücke Barometer,100034882,YTH16019147,9.210372161982697,48.79912609299229,(UTC+01:00) Europe/Paris DST,2013-05-17T02:00:00+02:00,3,3,na,6,8.0,0.0,na
Eco Counter GmbH,Landeshauptstadt Stuttgart,607,König-Karls-Brücke Barometer,100034882,YTH16019147,9.210372161982697,48.79912609299229,(UTC+01:00) Europe/Paris DST,2013-05-17T03:00:00+02:00,2,0,na,2,8.0,0.1,na
Eco Counter GmbH,Landeshauptstadt Stuttgart,607,König-Karls-Brücke Barometer,100034882,YTH16019147,9.210372161982697,48.79912609299229,(UTC+01:00) Europe/Paris DST,2013-05-17T04:00:00+02:00,0,1,na,1,8.0,0.1,na
Eco Counter GmbH,Landeshauptstadt Stuttgart,607,König-Karls-Brücke Barometer,100034882,YTH16019147,9.210372161982697,48.79912609299229,(UTC+01:00) Europe/Paris DST,2013-05-17T05:00:00+02:00,17,15,na,32,8.0,0.1,na
Eco Counter GmbH,Landeshauptstadt Stuttgart,607,König-Karls-Brücke Barometer,100034882,YTH16019147,9.210372161982697,48.79912609299229,(UTC+01:00) Europe/Paris DST,2013-05-17T06:00:00+02:00,42,35,na,77,9.0,0.2,na
Eco Counter GmbH,Landeshauptstadt Stuttgart,607,König-Karls-Brücke Barometer,100034882,YTH16019147,9.210372161982697,48.79912609299229,(UTC+01:00) Europe/Paris DST,2013-05-17T07:00:00+02:00,88,52,na,140,9.0,0.2,na
Eco Counter GmbH,Landeshauptstadt Stuttgart,607,König-Karls-Brücke Barometer,100034882,YTH16019147,9.210372161982697,48.79912609299229,(UTC+01:00) Europe/Paris DST,2013-05-17T08:00:00+02:00,74,53,na,127,10.0,0.2,na
Eco Counter GmbH,Landeshauptstadt Stuttgart,607,König-Karls-Brücke Barometer,100034882,YTH16019147,9.210372161982697,48.79912609299229,(UTC+01:00) Europe/Paris DST,2013-05-17T09:00:00+02:00,42,43,na,85,11.0,0.2,na
Eco Counter GmbH,Landeshauptstadt Stuttgart,607,König-Karls-Brücke Barometer,100034882,YTH16019147,9.210372161982697,48.79912609299229,(UTC+01:00) Europe/Paris DST,2013-05-17T10:00:00+02:00,23,19,na,42,12.0,0.2,na
Eco Counter GmbH,Landeshauptstadt Stuttgart,607,König-Karls-Brücke Barometer,100034882,YTH16019147,9.210372161982697,48.79912609299229,(UTC+01:00) Europe/Paris DST,2013-05-17T11:00:00+02:00,27,40,na,67,12.0,0.2,na
Eco Counter GmbH,Landeshauptstadt Stuttgart,607,König-Karls-Brücke Barometer,100034882,YTH16019147,9.210372161982697,48.79912609299229,(UTC+01:00) Europe/Paris DST,2013-05-17T12:00:00+02:00,35,44,na,79,13.0,0.3,na
Eco Counter GmbH,Landeshauptstadt Stuttgart,607,König-Karls-Brücke Barometer,100034882,YTH16019147,9.210372161982697,48.79912609299229,(UTC+01:00) Europe/Paris DST,2013-05-17T13:00:00+02:00,24,38,na,62,12.0,0.7,na
Eco Counter GmbH,Landeshauptstadt Stuttgart,607,König-Karls-Brücke Barometer,100034882,YTH16019147,9.210372161982697,48.79912609299229,(UTC+01:00) Europe/Paris DST,2013-05-17T14:00:00+02:00,29,59,na,88,12.0,1.2,na
Eco Counter GmbH,Landeshauptstadt Stuttgart,607,König-Karls-Brücke Barometer,100034882,YTH16019147,9.210372161982697,48.79912609299229,(UTC+01:00) Europe/Paris DST,2013-05-17T15:00:00+02:00,34,67,na,101,12.0,1.7,na
Eco Counter GmbH,Landeshauptstadt Stuttgart,607,König-Karls-Brücke Barometer,100034882,YTH16019147,9.210372161982697,48.79912609299229,(UTC+01:00) Europe/Paris DST,2013-05-17T16:00:00+02:00,48,100,na,148,11.0,1.9,na
Eco Counter GmbH,Landeshauptstadt Stuttgart,607,König-Karls-Brücke Barometer,100034882,YTH16019147,9.210372161982697,48.79912609299229,(UTC+01:00) Europe/Paris DST,2013-05-17T17:00:00+02:00,48,73,na,121,11.0,2.1,na
Eco Counter GmbH,Landeshauptstadt Stuttgart,607,König-Karls-Brücke Barometer,100034882,YTH16019147,9.210372161982697,48.79912609299229,(UTC+01:00) Europe/Paris DST,2013-05-17T18:00:00+02:00,48,56,na,104,11.0,2.3,na
Eco Counter GmbH,Landeshauptstadt Stuttgart,607,König-Karls-Brücke Barometer,100034882,YTH16019147,9.210372161982697,48.79912609299229,(UTC+01:00) Europe/Paris DST,2013-05-17T19:00:00+02:00,34,48,na,82,10.0,1.8,na
Eco Counter GmbH,Landeshauptstadt Stuttgart,607,König-Karls-Brücke Barometer,100034882,YTH16019147,9.210372161982697,48.79912609299229,(UTC+01:00) Europe/Paris DST,2013-05-17T20:00:00+02:00,21,47,na,68,9.0,1.3,na
Eco Counter GmbH,Landeshauptstadt Stuttgart,607,König-Karls-Brücke Barometer,100034882,YTH16019147,9.210372161982697,48.79912609299229,(UTC+01:00) Europe/Paris DST,2013-05-17T21:00:00+02:00,10,22,na,32,9.0,0.8,na
Eco Counter GmbH,Landeshauptstadt Stuttgart,607,König-Karls-Brücke Barometer,100034882,YTH16019147,9.210372161982697,48.79912609299229,(UTC+01:00) Europe/Paris DST,2013-05-17T22:00:00+02:00,18,11,na,29,8.0,0.6,na
Eco Counter GmbH,Landeshauptstadt Stuttgart,607,König-Karls-Brücke Barometer,100034882,YTH16019147,9.210372161982697,48.79912609299229,(UTC+01:00) Europe/Paris DST,2013-05-17T23:00:00+02:00,16,12,na,28,8.0,0.3,na
Eco Counter GmbH,Landeshauptstadt Stuttgart,607,König-Karls-Brücke Barometer,100034882,YTH16019147,9.210372161982697,48.79912609299229,(UTC+01:00) Europe/Paris DST,2013-05-18T00:00:00+02:00,2,4,na,6,7.0,0.0,na
Eco Counter GmbH,Landeshauptstadt Stuttgart,607,König-Karls-Brücke Barometer,100034882,YTH16019147,9.210372161982697,48.79912609299229,(UTC+01:00) Europe/Paris DST,2013-05-18T01:00:00+02:00,0,3,na,3,7.0,0.0,na
Eco Counter GmbH,Landeshauptstadt Stuttgart,607,König-Karls-Brücke Barometer,100034882,YTH16019147,9.210372161982697,48.79912609299229,(UTC+01:00) Europe/Paris DST,2013-05-18T02:00:00+02:00,0,6,na,6,7.0,0.0,na
Eco Counter GmbH,Landeshauptstadt Stuttgart,607,König-Karls-Brücke Barometer,100034882,YTH16019147,9.210372161982697,48.79912609299229,(UTC+01:00) Europe/Paris DST,2013-05-18T03:00:00+02:00,0,2,na,2,6.0,0.0,na
Eco Counter GmbH,Landeshauptstadt Stuttgart,607,König-Karls-Brücke Barometer,100034882,YTH16019147,9.210372161982697,48.79912609299229,(UTC+01:00) Europe/Paris DST,2013-05-18T04:00:00+02:00,2,2,na,4,7.0,0.0,na
Eco Counter GmbH,Landeshauptstadt Stuttgart,607,König-Karls-Brücke Barometer,100034882,YTH16019147,9.210372161982697,48.79912609299229,(UTC+01:00) Europe/Paris DST,2013-05-18T05:00:00+02:00,7,4,na,11,7.0,0.0,na
Eco Counter GmbH,Landeshauptstadt Stuttgart,607,König-Karls-Brücke Barometer,100034882,YTH16019147,9.210372161982697,48.79912609299229,(UTC+01:00) Europe/Paris DST,2013-05-18T06:00:00+02:00,8,10,na,18,8.0,0.0,na
Eco Counter GmbH,Landeshauptstadt Stuttgart,607,König-Karls-Brücke Barometer,100034882,YTH16019147,9.210372161982697,48.79912609299229,(UTC+01:00) Europe/Paris DST,2013-05-18T07:00:00+02:00,19,14,na,33,10.0,0.0,na
Eco Counter GmbH,Landeshauptstadt Stuttgart,607,König-Karls-Brücke Barometer,100034882,YTH16019147,9.210372161982697,48.79912609299229,(UTC+01:00) Europe/Paris DST,2013-05-18T08:00:00+02:00,13,37,na,50,13.0,0.0,na
Eco Counter GmbH,Landeshauptstadt Stuttgart,607,König-Karls-Brücke Barometer,100034882,YTH16019147,9.210372161982697,48.79912609299229,(UTC+01:00) Europe/Paris DST,2013-05-18T09:00:00+02:00,44,67,na,111,15.0,0.0,na
Eco Counter GmbH,Landeshauptstadt Stuttgart,607,König-Karls-Brücke Barometer,100034882,YTH16019147,9.210372161982697,48.79912609299229,(UTC+01:00) Europe/Paris DST,2013-05-18T10:00:00+02:00,72,107,na,179,17.0,0.0,na
Eco Counter GmbH,Landeshauptstadt Stuttgart,607,König-Karls-Brücke Barometer,100034882,YTH16019147,9.210372161982697,48.79912609299229,(UTC+01:00) Europe/Paris DST,2013-05-18T11:00:00+02:00,89,162,na,251,18.0,0.0,na
Eco Counter GmbH,Landeshauptstadt Stuttgart,607,König-Karls-Brücke Barometer,100034882,YTH16019147,9.210372161982697,48.79912609299229,(UTC+01:00) Europe/Paris DST,2013-05-18T12:00:00+02:00,108,169,na,277,20.0,0.0,na
Eco Counter GmbH,Landeshauptstadt Stuttgart,607,König-Karls-Brücke Barometer,100034882,YTH16019147,9.210372161982697,48.79912609299229,(UTC+01:00) Europe/Paris DST,2013-05-18T13:00:00+02:00,143,191,na,334,20.0,0.0,na
Eco Counter GmbH,Landeshauptstadt Stuttgart,607,König-Karls-Brücke Barometer,100034882,YTH16019147,9.210372161982697,48.79912609299229,(UTC+01:00) Europe/Paris DST,2013-05-18T14:00:00+02:00,178,238,na,416,20.0,0.0,na
Eco Counter GmbH,Landeshauptstadt Stuttgart,607,König-Karls-Brücke Barometer,100034882,YTH16019147,9.210372161982697,48.79912609299229,(UTC+01:00) Europe/Paris DST,2013-05-18T15:00:00+02:00,162,247,na,409,20.0,0.0,na
Eco Counter GmbH,Landeshauptstadt Stuttgart,607,König-Karls-Brücke Barometer,100034882,YTH16019147,9.210372161982697,48.79912609299229,(UTC+01:00) Europe/Paris DST,2013-05-18T16:00:00+02:00,150,258,na,408,19.0,0.0,na
Eco Counter GmbH,Landeshauptstadt Stuttgart,607,König-Karls-Brücke Barometer,100034882,YTH16019147,9.210372161982697,48.79912609299229,(UTC+01:00) Europe/Paris DST,2013-05-18T17:00:00+02:00,200,169,na,369,18.0,0.0,na
Eco Counter GmbH,Landeshauptstadt Stuttgart,607,König-Karls-Brücke Barometer,100034882,YTH16019147,9.210372161982697,48.79912609299229,(UTC+01:00) Europe/Paris DST,2013-05-18T18:00:00+02:00,162,164,na,326,17.0,0.0,na
Eco Counter GmbH,Landeshauptstadt Stuttgart,607,König-Karls-Brücke Barometer,100034882,YTH16019147,9.210372161982697,48.79912609299229,(UTC+01:00) Europe/Paris DST,2013-05-18T19:00:00+02:00,72,114,na,186,16.0,0.0,na
Eco Counter GmbH,Landeshauptstadt Stuttgart,607,König-Karls-Brücke Barometer,100034882,YTH16019147,9.210372161982697,48.79912609299229,(UTC+01:00) Europe/Paris DST,2013-05-18T20:00:00+02:00,60,94,na,154,15.0,0.0,na
Eco Counter GmbH,Landeshauptstadt Stuttgart,607,König-Karls-Brücke Barometer,100034882,YTH16019147,9.210372161982697,48.79912609299229,(UTC+01:00) Europe/Paris DST,2013-05-18T21:00:00+02:00,34,32,na,66,13.0,0.0,na
Eco Counter GmbH,Landeshauptstadt Stuttgart,607,König-Karls-Brücke Barometer,100034882,YTH16019147,9.210372161982697,48.79912609299229,(UTC+01:00) Europe/Paris DST,2013-05-18T22:00:00+02:00,19,32,na,51,12.0,0.0,na
Eco Counter GmbH,Landeshauptstadt Stuttgart,607,König-Karls-Brücke Barometer,100034882,YTH16019147,9.210372161982697,48.79912609299229,(UTC+01:00) Europe/Paris DST,2013-05-18T23:00:00+02:00,9,13,na,22,11.0,0.0,na
Eco Counter GmbH,Landeshauptstadt Stuttgart,607,König-Karls-Brücke Barometer,100034882,YTH16019147,9.210372161982697,48.79912609299229,(UTC+01:00) Europe/Paris DST,2013-05-19T00:00:00+02:00,4,6,na,10,10.0,0.0,na
Eco Counter GmbH,Landeshauptstadt Stuttgart,607,König-Karls-Brücke Barometer,100034882,YTH16019147,9.210372161982697,48.79912609299229,(UTC+01:00) Europe/Paris DST,2013-05-19T01:00:00+02:00,3,11,na,14,9.0,0.0,na
Eco Counter GmbH,Landeshauptstadt Stuttgart,607,König-Karls-Brücke Barometer,100034882,YTH16019147,9.210372161982697,48.79912609299229,(UTC+01:00) Europe/Paris DST,2013-05-19T02:00:00+02:00,1,7,na,8,9.0,0.0,na
Eco Counter GmbH,Landeshauptstadt Stuttgart,607,König-Karls-Brücke Barometer,100034882,YTH16019147,9.210372161982697,48.79912609299229,(UTC+01:00) Europe/Paris DST,2013-05-19T03:00:00+02:00,2,2,na,4,8.0,0.0,na
Eco Counter GmbH,Landeshauptstadt Stuttgart,607,König-Karls-Brücke Barometer,100034882,YTH16019147,9.210372161982697,48.79912609299229,(UTC+01:00) Europe/Paris DST,2013-05-19T04:00:00+02:00,3,6,na,9,9.0,0.0,na
Eco Counter GmbH,Landeshauptstadt Stuttgart,607,König-Karls-Brücke Barometer,100034882,YTH16019147,9.210372161982697,48.79912609299229,(UTC+01:00) Europe/Paris DST,2013-05-19T05:00:00+02:00,9,5,na,14,10.0,0.0,na
Eco Counter GmbH,Landeshauptstadt Stuttgart,607,König-Karls-Brücke Barometer,100034882,YTH16019147,9.210372161982697,48.79912609299229,(UTC+01:00) Europe/Paris DST,2013-05-19T06:00:00+02:00,4,9,na,13,11.0,0.0,na
Eco Counter GmbH,Landeshauptstadt Stuttgart,607,König-Karls-Brücke Barometer,100034882,YTH16019147,9.210372161982697,48.79912609299229,(UTC+01:00) Europe/Paris DST,2013-05-19T07:00:00+02:00,4,6,na,10,12.0,0.0,na
Eco Counter GmbH,Landeshauptstadt Stuttgart,607,König-Karls-Brücke Barometer,100034882,YTH16019147,9.210372161982697,48.79912609299229,(UTC+01:00) Europe/Paris DST,2013-05-19T08:00:00+02:00,17,10,na,27,13.0,0.0,na
Eco Counter GmbH,Landeshauptstadt Stuttgart,607,König-Karls-Brücke Barometer,100034882,YTH16019147,9.210372161982697,48.79912609299229,(UTC+01:00) Europe/Paris DST,2013-05-19T09:00:00+02:00,29,43,na,72,14.0,0.1,na
Eco Counter GmbH,Landeshauptstadt Stuttgart,607,König-Karls-Brücke Barometer,100034882,YTH16019147,9.210372161982697,48.79912609299229,(UTC+01:00) Europe/Paris DST,2013-05-19T10:00:00+02:00,46,72,na,118,14.0,0.1,na
Eco Counter GmbH,Landeshauptstadt Stuttgart,607,König-Karls-Brücke Barometer,100034882,YTH16019147,9.210372161982697,48.79912609299229,(UTC+01:00) Europe/Paris DST,2013-05-19T11:00:00+02:00,54,54,na,108,13.0,0.2,na
Eco Counter GmbH,Landeshauptstadt Stuttgart,607,König-Karls-Brücke Barometer,100034882,YTH16019147,9.210372161982697,48.79912609299229,(UTC+01:00) Europe/Paris DST,2013-05-19T12:00:00+02:00,80,66,na,146,13.0,0.3,na
Eco Counter GmbH,Landeshauptstadt Stuttgart,607,König-Karls-Brücke Barometer,100034882,YTH16019147,9.210372161982697,48.79912609299229,(UTC+01:00) Europe/Paris DST,2013-05-19T13:00:00+02:00,40,87,na,127,12.0,0.7,na
Eco Counter GmbH,Landeshauptstadt Stuttgart,607,König-Karls-Brücke Barometer,100034882,YTH16019147,9.210372161982697,48.79912609299229,(UTC+01:00) Europe/Paris DST,2013-05-19T14:00:00+02:00,43,57,na,100,11.0,1.0,na
Eco Counter GmbH,Landeshauptstadt Stuttgart,607,König-Karls-Brücke Barometer,100034882,YTH16019147,9.210372161982697,48.79912609299229,(UTC+01:00) Europe/Paris DST,2013-05-19T15:00:00+02:00,28,33,na,61,11.0,1.4,na
Eco Counter GmbH,Landeshauptstadt Stuttgart,607,König-Karls-Brücke Barometer,100034882,YTH16019147,9.210372161982697,48.79912609299229,(UTC+01:00) Europe/Paris DST,2013-05-19T16:00:00+02:00,19,16,na,35,10.0,2.3,na
Eco Counter GmbH,Landeshauptstadt Stuttgart,607,König-Karls-Brücke Barometer,100034882,YTH16019147,9.210372161982697,48.79912609299229,(UTC+01:00) Europe/Paris DST,2013-05-19T17:00:00+02:00,9,10,na,19,10.0,3.2,na
Eco Counter GmbH,Landeshauptstadt Stuttgart,607,König-Karls-Brücke Barometer,100034882,YTH16019147,9.210372161982697,48.79912609299229,(UTC+01:00) Europe/Paris DST,2013-05-19T18:00:00+02:00,15,13,na,28,10.0,4.2,na
Eco Counter GmbH,Landeshauptstadt Stuttgart,607,König-Karls-Brücke Barometer,100034882,YTH16019147,9.210372161982697,48.79912609299229,(UTC+01:00) Europe/Paris DST,2013-05-19T19:00:00+02:00,18,20,na,38,9.0,3.6,na
Eco Counter GmbH,Landeshauptstadt Stuttgart,607,König-Karls-Brücke Barometer,100034882,YTH16019147,9.210372161982697,48.79912609299229,(UTC+01:00) Europe/Paris DST,2013-05-19T20:00:00+02:00,9,16,na,25,9.0,3.0,na
Eco Counter GmbH,Landeshauptstadt Stuttgart,607,König-Karls-Brücke Barometer,100034882,YTH16019147,9.210372161982697,48.79912609299229,(UTC+01:00) Europe/Paris DST,2013-05-19T21:00:00+02:00,14,9,na,23,9.0,2.4,na
Eco Counter GmbH,Landeshauptstadt Stuttgart,607,König-Karls-Brücke Barometer,100034882,YTH16019147,9.210372161982697,48.79912609299229,(UTC+01:00) Europe/Paris DST,2013-05-19T22:00:00+02:00,1,5,na,6,8.0,1.7,na
Eco Counter GmbH,Landeshauptstadt Stuttgart,607,König-Karls-Brücke Barometer,100034882,YTH16019147,9.210372161982697,48.79912609299229,(UTC+01:00) Europe/Paris DST,2013-05-19T23:00:00+02:00,2,6,na,8,7.0,1.0,na
Eco Counter GmbH,Landeshauptstadt Stuttgart,607,König-Karls-Brücke Barometer,100034882,YTH16019147,9.210372161982697,48.79912609299229,(UTC+01:00) Europe/Paris DST,2013-05-20T00:00:00+02:00,1,3,na,4,7.0,0.3,na
Eco Counter GmbH,Landeshauptstadt Stuttgart,607,König-Karls-Brücke Barometer,100034882,YTH16019147,9.210372161982697,48.79912609299229,(UTC+01:00) Europe/Paris DST,2013-05-20T01:00:00+02:00,3,4,na,7,6.0,0.2,na
Eco Counter GmbH,Landeshauptstadt Stuttgart,607,König-Karls-Brücke Barometer,100034882,YTH16019147,9.210372161982697,48.79912609299229,(UTC+01:00) Europe/Paris DST,2013-05-20T02:00:00+02:00,0,1,na,1,6.0,0.1,na
Eco Counter GmbH,Landeshauptstadt Stuttgart,607,König-Karls-Brücke Barometer,100034882,YTH16019147,9.210372161982697,48.79912609299229,(UTC+01:00) Europe/Paris DST,2013-05-20T03:00:00+02:00,0,1,na,1,5.0,0.0,na
Eco Counter GmbH,Landeshauptstadt Stuttgart,607,König-Karls-Brücke Barometer,100034882,YTH16019147,9.210372161982697,48.79912609299229,(UTC+01:00) Europe/Paris DST,2013-05-20T04:00:00+02:00,2,1,na,3,5.0,0.0,na
Eco Counter GmbH,Landeshauptstadt Stuttgart,607,König-Karls-Brücke Barometer,100034882,YTH16019147,9.210372161982697,48.79912609299229,(UTC+01:00) Europe/Paris DST,2013-05-20T05:00:00+02:00,3,6,na,9,6.0,0.0,na
Eco Counter GmbH,Landeshauptstadt Stuttgart,607,König-Karls-Brücke Barometer,100034882,YTH16019147,9.210372161982697,48.79912609299229,(UTC+01:00) Europe/Paris DST,2013-05-20T06:00:00+02:00,0,9,na,9,6.0,0.0,na
Eco Counter GmbH,Landeshauptstadt Stuttgart,607,König-Karls-Brücke Barometer,100034882,YTH16019147,9.210372161982697,48.79912609299229,(UTC+01:00) Europe/Paris DST,2013-05-20T07:00:00+02:00,5,16,na,21,8.0,0.0,na
Eco Counter GmbH,Landeshauptstadt Stuttgart,607,König-Karls-Brücke Barometer,100034882,YTH16019147,9.210372161982697,48.79912609299229,(UTC+01:00) Europe/Paris DST,2013-05-20T08:00:00+02:00,14,30,na,44,10.0,0.0,na
Eco Counter GmbH,Landeshauptstadt Stuttgart,607,König-Karls-Brücke Barometer,100034882,YTH16019147,9.210372161982697,48.79912609299229,(UTC+01:00) Europe/Paris DST,2013-05-20T09:00:00+02:00,39,74,na,113,11.0,0.0,na
Eco Counter GmbH,Landeshauptstadt Stuttgart,607,König-Karls-Brücke Barometer,100034882,YTH16019147,9.210372161982697,48.79912609299229,(UTC+01:00) Europe/Paris DST,2013-05-20T10:00:00+02:00,41,93,na,134,12.0,0.0,na
Eco Counter GmbH,Landeshauptstadt Stuttgart,607,König-Karls-Brücke Barometer,100034882,YTH16019147,9.210372161982697,48.79912609299229,(UTC+01:00) Europe/Paris DST,2013-05-20T11:00:00+02:00,95,135,na,230,13.0,0.0,na
Eco Counter GmbH,Landeshauptstadt Stuttgart,607,König-Karls-Brücke Barometer,100034882,YTH16019147,9.210372161982697,48.79912609299229,(UTC+01:00) Europe/Paris DST,2013-05-20T12:00:00+02:00,98,148,na,246,14.0,0.1,na
Eco Counter GmbH,Landeshauptstadt Stuttgart,607,König-Karls-Brücke Barometer,100034882,YTH16019147,9.210372161982697,48.79912609299229,(UTC+01:00) Europe/Paris DST,2013-05-20T13:00:00+02:00,135,163,na,298,14.0,0.1,na
Eco Counter GmbH,Landeshauptstadt Stuttgart,607,König-Karls-Brücke Barometer,100034882,YTH16019147,9.210372161982697,48.79912609299229,(UTC+01:00) Europe/Paris DST,2013-05-20T14:00:00+02:00,121,155,na,276,14.0,0.1,na
Eco Counter GmbH,Landeshauptstadt Stuttgart,607,König-Karls-Brücke Barometer,100034882,YTH16019147,9.210372161982697,48.79912609299229,(UTC+01:00) Europe/Paris DST,2013-05-20T15:00:00+02:00,121,128,na,249,15.0,0.2,na
Eco Counter GmbH,Landeshauptstadt Stuttgart,607,König-Karls-Brücke Barometer,100034882,YTH16019147,9.210372161982697,48.79912609299229,(UTC+01:00) Europe/Paris DST,2013-05-20T16:00:00+02:00,112,136,na,248,14.0,0.2,na
Eco Counter GmbH,Landeshauptstadt Stuttgart,607,König-Karls-Brücke Barometer,100034882,YTH16019147,9.210372161982697,48.79912609299229,(UTC+01:00) Europe/Paris DST,2013-05-20T17:00:00+02:00,63,99,na,162,13.0,0.2,na
Eco Counter GmbH,Landeshauptstadt Stuttgart,607,König-Karls-Brücke Barometer,100034882,YTH16019147,9.210372161982697,48.79912609299229,(UTC+01:00) Europe/Paris DST,2013-05-20T18:00:00+02:00,56,70,na,126,13.0,0.2,na
Eco Counter GmbH,Landeshauptstadt Stuttgart,607,König-Karls-Brücke Barometer,100034882,YTH16019147,9.210372161982697,48.79912609299229,(UTC+01:00) Europe/Paris DST,2013-05-20T19:00:00+02:00,47,38,na,85,12.0,0.2,na
Eco Counter GmbH,Landeshauptstadt Stuttgart,607,König-Karls-Brücke Barometer,100034882,YTH16019147,9.210372161982697,48.79912609299229,(UTC+01:00) Europe/Paris DST,2013-05-20T20:00:00+02:00,30,44,na,74,11.0,0.2,na
Eco Counter GmbH,Landeshauptstadt Stuttgart,607,König-Karls-Brücke Barometer,100034882,YTH16019147,9.210372161982697,48.79912609299229,(UTC+01:00) Europe/Paris DST,2013-05-20T21:00:00+02:00,20,24,na,44,10.0,0.1,na
Eco Counter GmbH,Landeshauptstadt Stuttgart,607,König-Karls-Brücke Barometer,100034882,YTH16019147,9.210372161982697,48.79912609299229,(UTC+01:00) Europe/Paris DST,2013-05-20T22:00:00+02:00,1,12,na,13,8.0,0.1,na
Eco Counter GmbH,Landeshauptstadt Stuttgart,607,König-Karls-Brücke Barometer,100034882,YTH16019147,9.210372161982697,48.79912609299229,(UTC+01:00) Europe/Paris DST,2013-05-20T23:00:00+02:00,3,10,na,13,7.0,0.1,na
Eco Counter GmbH,Landeshauptstadt Stuttgart,607,König-Karls-Brücke Barometer,100034882,YTH16019147,9.210372161982697,48.79912609299229,(UTC+01:00) Europe/Paris DST,2013-05-21T00:00:00+02:00,4,3,na,7,6.0,0.0,na
Eco Counter GmbH,Landeshauptstadt Stuttgart,607,König-Karls-Brücke Barometer,100034882,YTH16019147,9.210372161982697,48.79912609299229,(UTC+01:00) Europe/Paris DST,2013-05-21T01:00:00+02:00,0,1,na,1,5.0,0.0,na
Eco Counter GmbH,Landeshauptstadt Stuttgart,607,König-Karls-Brücke Barometer,100034882,YTH16019147,9.210372161982697,48.79912609299229,(UTC+01:00) Europe/Paris DST,2013-05-21T02:00:00+02:00,0,1,na,1,5.0,0.0,na
Eco Counter GmbH,Landeshauptstadt Stuttgart,607,König-Karls-Brücke Barometer,100034882,YTH16019147,9.210372161982697,48.79912609299229,(UTC+01:00) Europe/Paris DST,2013-05-21T03:00:00+02:00,0,2,na,2,4.0,0.0,na
Eco Counter GmbH,Landeshauptstadt Stuttgart,607,König-Karls-Brücke Barometer,100034882,YTH16019147,9.210372161982697,48.79912609299229,(UTC+01:00) Europe/Paris DST,2013-05-21T04:00:00+02:00,2,3,na,5,5.0,0.0,na
Eco Counter GmbH,Landeshauptstadt Stuttgart,607,König-Karls-Brücke Barometer,100034882,YTH16019147,9.210372161982697,48.79912609299229,(UTC+01:00) Europe/Paris DST,2013-05-21T05:00:00+02:00,8,18,na,26,6.0,0.0,na
Eco Counter GmbH,Landeshauptstadt Stuttgart,607,König-Karls-Brücke Barometer,100034882,YTH16019147,9.210372161982697,48.79912609299229,(UTC+01:00) Europe/Paris DST,2013-05-21T06:00:00+02:00,51,51,na,102,7.0,0.0,na
Eco Counter GmbH,Landeshauptstadt Stuttgart,607,König-Karls-Brücke Barometer,100034882,YTH16019147,9.210372161982697,48.79912609299229,(UTC+01:00) Europe/Paris DST,2013-05-21T07:00:00+02:00,100,86,na,186,9.0,0.0,na
Eco Counter GmbH,Landeshauptstadt Stuttgart,607,König-Karls-Brücke Barometer,100034882,YTH16019147,9.210372161982697,48.79912609299229,(UTC+01:00) Europe/Paris DST,2013-05-21T08:00:00+02:00,106,72,na,178,11.0,0.0,na
Eco Counter GmbH,Landeshauptstadt Stuttgart,607,König-Karls-Brücke Barometer,100034882,YTH16019147,9.210372161982697,48.79912609299229,(UTC+01:00) Europe/Paris DST,2013-05-21T09:00:00+02:00,50,62,na,112,12.0,0.0,na
Eco Counter GmbH,Landeshauptstadt Stuttgart,607,König-Karls-Brücke Barometer,100034882,YTH16019147,9.210372161982697,48.79912609299229,(UTC+01:00) Europe/Paris DST,2013-05-21T10:00:00+02:00,42,39,na,81,14.0,0.1,na
Eco Counter GmbH,Landeshauptstadt Stuttgart,607,König-Karls-Brücke Barometer,100034882,YTH16019147,9.210372161982697,48.79912609299229,(UTC+01:00) Europe/Paris DST,2013-05-21T11:00:00+02:00,42,52,na,94,15.0,0.1,na
Eco Counter GmbH,Landeshauptstadt Stuttgart,607,König-Karls-Brücke Barometer,100034882,YTH16019147,9.210372161982697,48.79912609299229,(UTC+01:00) Europe/Paris DST,2013-05-21T12:00:00+02:00,42,34,na,76,16.0,0.2,na
Eco Counter GmbH,Landeshauptstadt Stuttgart,607,König-Karls-Brücke Barometer,100034882,YTH16019147,9.210372161982697,48.79912609299229,(UTC+01:00) Europe/Paris DST,2013-05-21T13:00:00+02:00,42,65,na,107,16.0,0.2,na
Eco Counter GmbH,Landeshauptstadt Stuttgart,607,König-Karls-Brücke Barometer,100034882,YTH16019147,9.210372161982697,48.79912609299229,(UTC+01:00) Europe/Paris DST,2013-05-21T14:00:00+02:00,40,65,na,105,16.0,0.2,na
Eco Counter GmbH,Landeshauptstadt Stuttgart,607,König-Karls-Brücke Barometer,100034882,YTH16019147,9.210372161982697,48.79912609299229,(UTC+01:00) Europe/Paris DST,2013-05-21T15:00:00+02:00,49,70,na,119,17.0,0.2,na
Eco Counter GmbH,Landeshauptstadt Stuttgart,607,König-Karls-Brücke Barometer,100034882,YTH16019147,9.210372161982697,48.79912609299229,(UTC+01:00) Europe/Paris DST,2013-05-21T16:00:00+02:00,57,102,na,159,16.0,0.2,na
Eco Counter GmbH,Landeshauptstadt Stuttgart,607,König-Karls-Brücke Barometer,100034882,YTH16019147,9.210372161982697,48.79912609299229,(UTC+01:00) Europe/Paris DST,2013-05-21T17:00:00+02:00,83,156,na,239,15.0,0.2,na
Eco Counter GmbH,Landeshauptstadt Stuttgart,607,König-Karls-Brücke Barometer,100034882,YTH16019147,9.210372161982697,48.79912609299229,(UTC+01:00) Europe/Paris DST,2013-05-21T18:00:00+02:00,79,131,na,210,14.0,0.1,na
Eco Counter GmbH,Landeshauptstadt Stuttgart,607,König-Karls-Brücke Barometer,100034882,YTH16019147,9.210372161982697,48.79912609299229,(UTC+01:00) Europe/Paris DST,2013-05-21T19:00:00+02:00,54,97,na,151,13.0,0.1,na
Eco Counter GmbH,Landeshauptstadt Stuttgart,607,König-Karls-Brücke Barometer,100034882,YTH16019147,9.210372161982697,48.79912609299229,(UTC+01:00) Europe/Paris DST,2013-05-21T20:00:00+02:00,23,61,na,84,11.0,0.1,na
Eco Counter GmbH,Landeshauptstadt Stuttgart,607,König-Karls-Brücke Barometer,100034882,YTH16019147,9.210372161982697,48.79912609299229,(UTC+01:00) Europe/Paris DST,2013-05-21T21:00:00+02:00,22,29,na,51,9.0,0.0,na
Eco Counter GmbH,Landeshauptstadt Stuttgart,607,König-Karls-Brücke Barometer,100034882,YTH16019147,9.210372161982697,48.79912609299229,(UTC+01:00) Europe/Paris DST,2013-05-21T22:00:00+02:00,6,19,na,25,8.0,0.0,na
Eco Counter GmbH,Landeshauptstadt Stuttgart,607,König-Karls-Brücke Barometer,100034882,YTH16019147,9.210372161982697,48.79912609299229,(UTC+01:00) Europe/Paris DST,2013-05-21T23:00:00+02:00,6,5,na,11,8.0,0.0,na
Eco Counter GmbH,Landeshauptstadt Stuttgart,607,König-Karls-Brücke Barometer,100034882,YTH16019147,9.210372161982697,48.79912609299229,(UTC+01:00) Europe/Paris DST,2013-05-22T00:00:00+02:00,0,1,na,1,7.0,0.0,na
Eco Counter GmbH,Landeshauptstadt Stuttgart,607,König-Karls-Brücke Barometer,100034882,YTH16019147,9.210372161982697,48.79912609299229,(UTC+01:00) Europe/Paris DST,2013-05-22T01:00:00+02:00,1,2,na,3,7.0,0.0,na
Eco Counter GmbH,Landeshauptstadt Stuttgart,607,König-Karls-Brücke Barometer,100034882,YTH16019147,9.210372161982697,48.79912609299229,(UTC+01:00) Europe/Paris DST,2013-05-22T02:00:00+02:00,1,1,na,2,6.0,0.0,na
Eco Counter GmbH,Landeshauptstadt Stuttgart,607,König-Karls-Brücke Barometer,100034882,YTH16019147,9.210372161982697,48.79912609299229,(UTC+01:00) Europe/Paris DST,2013-05-22T03:00:00+02:00,0,3,na,3,6.0,0.0,na
Eco Counter GmbH,Landeshauptstadt Stuttgart,607,König-Karls-Brücke Barometer,100034882,YTH16019147,9.210372161982697,48.79912609299229,(UTC+01:00) Europe/Paris DST,2013-05-22T04:00:00+02:00,0,0,na,0,7.0,0.3,na
Eco Counter GmbH,Landeshauptstadt Stuttgart,607,König-Karls-Brücke Barometer,100034882,YTH16019147,9.210372161982697,48.79912609299229,(UTC+01:00) Europe/Paris DST,2013-05-22T05:00:00+02:00,9,12,na,21,7.0,0.5,na
Eco Counter GmbH,Landeshauptstadt Stuttgart,607,König-Karls-Brücke Barometer,100034882,YTH16019147,9.210372161982697,48.79912609299229,(UTC+01:00) Europe/Paris DST,2013-05-22T06:00:00+02:00,38,31,na,69,7.0,0.8,na
Eco Counter GmbH,Landeshauptstadt Stuttgart,607,König-Karls-Brücke Barometer,100034882,YTH16019147,9.210372161982697,48.79912609299229,(UTC+01:00) Europe/Paris DST,2013-05-22T07:00:00+02:00,54,49,na,103,8.0,1.0,na
Eco Counter GmbH,Landeshauptstadt Stuttgart,607,König-Karls-Brücke Barometer,100034882,YTH16019147,9.210372161982697,48.79912609299229,(UTC+01:00) Europe/Paris DST,2013-05-22T08:00:00+02:00,57,43,na,100,8.0,1.3,na
Eco Counter GmbH,Landeshauptstadt Stuttgart,607,König-Karls-Brücke Barometer,100034882,YTH16019147,9.210372161982697,48.79912609299229,(UTC+01:00) Europe/Paris DST,2013-05-22T09:00:00+02:00,32,21,na,53,9.0,1.5,na
Eco Counter GmbH,Landeshauptstadt Stuttgart,607,König-Karls-Brücke Barometer,100034882,YTH16019147,9.210372161982697,48.79912609299229,(UTC+01:00) Europe/Paris DST,2013-05-22T10:00:00+02:00,15,18,na,33,9.0,1.4,na
Eco Counter GmbH,Landeshauptstadt Stuttgart,607,König-Karls-Brücke Barometer,100034882,YTH16019147,9.210372161982697,48.79912609299229,(UTC+01:00) Europe/Paris DST,2013-05-22T11:00:00+02:00,11,10,na,21,9.0,1.2,na
Eco Counter GmbH,Landeshauptstadt Stuttgart,607,König-Karls-Brücke Barometer,100034882,YTH16019147,9.210372161982697,48.79912609299229,(UTC+01:00) Europe/Paris DST,2013-05-22T12:00:00+02:00,13,24,na,37,10.0,1.0,na
Eco Counter GmbH,Landeshauptstadt Stuttgart,607,König-Karls-Brücke Barometer,100034882,YTH16019147,9.210372161982697,48.79912609299229,(UTC+01:00) Europe/Paris DST,2013-05-22T13:00:00+02:00,21,23,na,44,10.0,0.8,na
Eco Counter GmbH,Landeshauptstadt Stuttgart,607,König-Karls-Brücke Barometer,100034882,YTH16019147,9.210372161982697,48.79912609299229,(UTC+01:00) Europe/Paris DST,2013-05-22T14:00:00+02:00,20,21,na,41,10.0,0.6,na
Eco Counter GmbH,Landeshauptstadt Stuttgart,607,König-Karls-Brücke Barometer,100034882,YTH16019147,9.210372161982697,48.79912609299229,(UTC+01:00) Europe/Paris DST,2013-05-22T15:00:00+02:00,34,38,na,72,10.0,0.4,na
Eco Counter GmbH,Landeshauptstadt Stuttgart,607,König-Karls-Brücke Barometer,100034882,YTH16019147,9.210372161982697,48.79912609299229,(UTC+01:00) Europe/Paris DST,2013-05-22T16:00:00+02:00,40,57,na,97,10.0,0.3,na
Eco Counter GmbH,Landeshauptstadt Stuttgart,607,König-Karls-Brücke Barometer,100034882,YTH16019147,9.210372161982697,48.79912609299229,(UTC+01:00) Europe/Paris DST,2013-05-22T17:00:00+02:00,37,82,na,119,10.0,0.3,na
Eco Counter GmbH,Landeshauptstadt Stuttgart,607,König-Karls-Brücke Barometer,100034882,YTH16019147,9.210372161982697,48.79912609299229,(UTC+01:00) Europe/Paris DST,2013-05-22T18:00:00+02:00,59,74,na,133,10.0,0.2,na
Eco Counter GmbH,Landeshauptstadt Stuttgart,607,König-Karls-Brücke Barometer,100034882,YTH16019147,9.210372161982697,48.79912609299229,(UTC+01:00) Europe/Paris DST,2013-05-22T19:00:00+02:00,30,43,na,73,9.0,0.1,na
Eco Counter GmbH,Landeshauptstadt Stuttgart,607,König-Karls-Brücke Barometer,100034882,YTH16019147,9.210372161982697,48.79912609299229,(UTC+01:00) Europe/Paris DST,2013-05-22T20:00:00+02:00,25,24,na,49,9.0,0.1,na
Eco Counter GmbH,Landeshauptstadt Stuttgart,607,König-Karls-Brücke Barometer,100034882,YTH16019147,9.210372161982697,48.79912609299229,(UTC+01:00) Europe/Paris DST,2013-05-22T21:00:00+02:00,17,23,na,40,8.0,0.0,na
Eco Counter GmbH,Landeshauptstadt Stuttgart,607,König-Karls-Brücke Barometer,100034882,YTH16019147,9.210372161982697,48.79912609299229,(UTC+01:00) Europe/Paris DST,2013-05-22T22:00:00+02:00,7,13,na,20,7.0,0.0,na
Eco Counter GmbH,Landeshauptstadt Stuttgart,607,König-Karls-Brücke Barometer,100034882,YTH16019147,9.210372161982697,48.79912609299229,(UTC+01:00) Europe/Paris DST,2013-05-22T23:00:00+02:00,4,8,na,12,6.0,0.0,na
Eco Counter GmbH,Landeshauptstadt Stuttgart,607,König-Karls-Brücke Barometer,100034882,YTH16019147,9.210372161982697,48.79912609299229,(UTC+01:00) Europe/Paris DST,2013-05-23T00:00:00+02:00,2,3,na,5,4.0,0.0,na
Eco Counter GmbH,Landeshauptstadt Stuttgart,607,König-Karls-Brücke Barometer,100034882,YTH16019147,9.210372161982697,48.79912609299229,(UTC+01:00) Europe/Paris DST,2013-05-23T01:00:00+02:00,0,0,na,0,3.0,0.0,na
Eco Counter GmbH,Landeshauptstadt Stuttgart,607,König-Karls-Brücke Barometer,100034882,YTH16019147,9.210372161982697,48.79912609299229,(UTC+01:00) Europe/Paris DST,2013-05-23T02:00:00+02:00,4,2,na,6,2.0,0.0,na
Eco Counter GmbH,Landeshauptstadt Stuttgart,607,König-Karls-Brücke Barometer,100034882,YTH16019147,9.210372161982697,48.79912609299229,(UTC+01:00) Europe/Paris DST,2013-05-23T03:00:00+02:00,0,1,na,1,1.0,0.0,na
Eco Counter GmbH,Landeshauptstadt Stuttgart,607,König-Karls-Brücke Barometer,100034882,YTH16019147,9.210372161982697,48.79912609299229,(UTC+01:00) Europe/Paris DST,2013-05-23T04:00:00+02:00,2,0,na,2,2.0,0.0,na
Eco Counter GmbH,Landeshauptstadt Stuttgart,607,König-Karls-Brücke Barometer,100034882,YTH16019147,9.210372161982697,48.79912609299229,(UTC+01:00) Europe/Paris DST,2013-05-23T05:00:00+02:00,11,16,na,27,3.0,0.0,na
Eco Counter GmbH,Landeshauptstadt Stuttgart,607,König-Karls-Brücke Barometer,100034882,YTH16019147,9.210372161982697,48.79912609299229,(UTC+01:00) Europe/Paris DST,2013-05-23T06:00:00+02:00,43,35,na,78,5.0,0.0,na
Eco Counter GmbH,Landeshauptstadt Stuttgart,607,König-Karls-Brücke Barometer,100034882,YTH16019147,9.210372161982697,48.79912609299229,(UTC+01:00) Europe/Paris DST,2013-05-23T07:00:00+02:00,77,70,na,147,7.0,0.0,na
Eco Counter GmbH,Landeshauptstadt Stuttgart,607,König-Karls-Brücke Barometer,100034882,YTH16019147,9.210372161982697,48.79912609299229,(UTC+01:00) Europe/Paris DST,2013-05-23T08:00:00+02:00,88,90,na,178,9.0,0.0,na
Eco Counter GmbH,Landeshauptstadt Stuttgart,607,König-Karls-Brücke Barometer,100034882,YTH16019147,9.210372161982697,48.79912609299229,(UTC+01:00) Europe/Paris DST,2013-05-23T09:00:00+02:00,43,67,na,110,11.0,0.1,na
Eco Counter GmbH,Landeshauptstadt Stuttgart,607,König-Karls-Brücke Barometer,100034882,YTH16019147,9.210372161982697,48.79912609299229,(UTC+01:00) Europe/Paris DST,2013-05-23T10:00:00+02:00,57,67,na,124,11.0,0.2,na
Eco Counter GmbH,Landeshauptstadt Stuttgart,607,König-Karls-Brücke Barometer,100034882,YTH16019147,9.210372161982697,48.79912609299229,(UTC+01:00) Europe/Paris DST,2013-05-23T11:00:00+02:00,44,36,na,80,12.0,0.3,na
Eco Counter GmbH,Landeshauptstadt Stuttgart,607,König-Karls-Brücke Barometer,100034882,YTH16019147,9.210372161982697,48.79912609299229,(UTC+01:00) Europe/Paris DST,2013-05-23T12:00:00+02:00,45,53,na,98,12.0,0.4,na
Eco Counter GmbH,Landeshauptstadt Stuttgart,607,König-Karls-Brücke Barometer,100034882,YTH16019147,9.210372161982697,48.79912609299229,(UTC+01:00) Europe/Paris DST,2013-05-23T13:00:00+02:00,39,49,na,88,12.0,0.8,na
Eco Counter GmbH,Landeshauptstadt Stuttgart,607,König-Karls-Brücke Barometer,100034882,YTH16019147,9.210372161982697,48.79912609299229,(UTC+01:00) Europe/Paris DST,2013-05-23T14:00:00+02:00,36,35,na,71,11.0,1.2,na
Eco Counter GmbH,Landeshauptstadt Stuttgart,607,König-Karls-Brücke Barometer,100034882,YTH16019147,9.210372161982697,48.79912609299229,(UTC+01:00) Europe/Paris DST,2013-05-23T15:00:00+02:00,38,59,na,97,10.0,1.5,na
Eco Counter GmbH,Landeshauptstadt Stuttgart,607,König-Karls-Brücke Barometer,100034882,YTH16019147,9.210372161982697,48.79912609299229,(UTC+01:00) Europe/Paris DST,2013-05-23T16:00:00+02:00,30,69,na,99,9.0,1.5,na
Eco Counter GmbH,Landeshauptstadt Stuttgart,607,König-Karls-Brücke Barometer,100034882,YTH16019147,9.210372161982697,48.79912609299229,(UTC+01:00) Europe/Paris DST,2013-05-23T17:00:00+02:00,44,86,na,130,9.0,1.5,na
Eco Counter GmbH,Landeshauptstadt Stuttgart,607,König-Karls-Brücke Barometer,100034882,YTH16019147,9.210372161982697,48.79912609299229,(UTC+01:00) Europe/Paris DST,2013-05-23T18:00:00+02:00,45,72,na,117,8.0,1.5,na
Eco Counter GmbH,Landeshauptstadt Stuttgart,607,König-Karls-Brücke Barometer,100034882,YTH16019147,9.210372161982697,48.79912609299229,(UTC+01:00) Europe/Paris DST,2013-05-23T19:00:00+02:00,30,51,na,81,7.0,1.2,na
Eco Counter GmbH,Landeshauptstadt Stuttgart,607,König-Karls-Brücke Barometer,100034882,YTH16019147,9.210372161982697,48.79912609299229,(UTC+01:00) Europe/Paris DST,2013-05-23T20:00:00+02:00,26,44,na,70,6.0,0.8,na
Eco Counter GmbH,Landeshauptstadt Stuttgart,607,König-Karls-Brücke Barometer,100034882,YTH16019147,9.210372161982697,48.79912609299229,(UTC+01:00) Europe/Paris DST,2013-05-23T21:00:00+02:00,21,19,na,40,5.0,0.5,na
Eco Counter GmbH,Landeshauptstadt Stuttgart,607,König-Karls-Brücke Barometer,100034882,YTH16019147,9.210372161982697,48.79912609299229,(UTC+01:00) Europe/Paris DST,2013-05-23T22:00:00+02:00,13,13,na,26,4.0,0.4,na
Eco Counter GmbH,Landeshauptstadt Stuttgart,607,König-Karls-Brücke Barometer,100034882,YTH16019147,9.210372161982697,48.79912609299229,(UTC+01:00) Europe/Paris DST,2013-05-23T23:00:00+02:00,7,3,na,10,3.0,0.4,na
Eco Counter GmbH,Landeshauptstadt Stuttgart,607,König-Karls-Brücke Barometer,100034882,YTH16019147,9.210372161982697,48.79912609299229,(UTC+01:00) Europe/Paris DST,2013-05-24T00:00:00+02:00,3,2,na,5,3.0,0.3,na
Eco Counter GmbH,Landeshauptstadt Stuttgart,607,König-Karls-Brücke Barometer,100034882,YTH16019147,9.210372161982697,48.79912609299229,(UTC+01:00) Europe/Paris DST,2013-05-24T01:00:00+02:00,0,3,na,3,3.0,0.2,na
Eco Counter GmbH,Landeshauptstadt Stuttgart,607,König-Karls-Brücke Barometer,100034882,YTH16019147,9.210372161982697,48.79912609299229,(UTC+01:00) Europe/Paris DST,2013-05-24T02:00:00+02:00,0,0,na,0,3.0,0.2,na
Eco Counter GmbH,Landeshauptstadt Stuttgart,607,König-Karls-Brücke Barometer,100034882,YTH16019147,9.210372161982697,48.79912609299229,(UTC+01:00) Europe/Paris DST,2013-05-24T03:00:00+02:00,0,0,na,0,2.0,0.1,na
Eco Counter GmbH,Landeshauptstadt Stuttgart,607,König-Karls-Brücke Barometer,100034882,YTH16019147,9.210372161982697,48.79912609299229,(UTC+01:00) Europe/Paris DST,2013-05-24T04:00:00+02:00,1,1,na,2,2.0,0.1,na
Eco Counter GmbH,Landeshauptstadt Stuttgart,607,König-Karls-Brücke Barometer,100034882,YTH16019147,9.210372161982697,48.79912609299229,(UTC+01:00) Europe/Paris DST,2013-05-24T05:00:00+02:00,11,14,na,25,3.0,0.1,na
Eco Counter GmbH,Landeshauptstadt Stuttgart,607,König-Karls-Brücke Barometer,100034882,YTH16019147,9.210372161982697,48.79912609299229,(UTC+01:00) Europe/Paris DST,2013-05-24T06:00:00+02:00,32,32,na,64,3.0,0.1,na
Eco Counter GmbH,Landeshauptstadt Stuttgart,607,König-Karls-Brücke Barometer,100034882,YTH16019147,9.210372161982697,48.79912609299229,(UTC+01:00) Europe/Paris DST,2013-05-24T07:00:00+02:00,63,44,na,107,4.0,0.1,na
Eco Counter GmbH,Landeshauptstadt Stuttgart,607,König-Karls-Brücke Barometer,100034882,YTH16019147,9.210372161982697,48.79912609299229,(UTC+01:00) Europe/Paris DST,2013-05-24T08:00:00+02:00,63,56,na,119,5.0,0.1,na
Eco Counter GmbH,Landeshauptstadt Stuttgart,607,König-Karls-Brücke Barometer,100034882,YTH16019147,9.210372161982697,48.79912609299229,(UTC+01:00) Europe/Paris DST,2013-05-24T09:00:00+02:00,39,27,na,66,6.0,0.1,na
Eco Counter GmbH,Landeshauptstadt Stuttgart,607,König-Karls-Brücke Barometer,100034882,YTH16019147,9.210372161982697,48.79912609299229,(UTC+01:00) Europe/Paris DST,2013-05-24T10:00:00+02:00,14,16,na,30,7.0,0.1,na
Eco Counter GmbH,Landeshauptstadt Stuttgart,607,König-Karls-Brücke Barometer,100034882,YTH16019147,9.210372161982697,48.79912609299229,(UTC+01:00) Europe/Paris DST,2013-05-24T11:00:00+02:00,16,30,na,46,9.0,0.1,na
Eco Counter GmbH,Landeshauptstadt Stuttgart,607,König-Karls-Brücke Barometer,100034882,YTH16019147,9.210372161982697,48.79912609299229,(UTC+01:00) Europe/Paris DST,2013-05-24T12:00:00+02:00,22,36,na,58,10.0,0.2,na
Eco Counter GmbH,Landeshauptstadt Stuttgart,607,König-Karls-Brücke Barometer,100034882,YTH16019147,9.210372161982697,48.79912609299229,(UTC+01:00) Europe/Paris DST,2013-05-24T13:00:00+02:00,32,49,na,81,11.0,0.2,na
Eco Counter GmbH,Landeshauptstadt Stuttgart,607,König-Karls-Brücke Barometer,100034882,YTH16019147,9.210372161982697,48.79912609299229,(UTC+01:00) Europe/Paris DST,2013-05-24T14:00:00+02:00,45,51,na,96,11.0,0.2,na
Eco Counter GmbH,Landeshauptstadt Stuttgart,607,König-Karls-Brücke Barometer,100034882,YTH16019147,9.210372161982697,48.79912609299229,(UTC+01:00) Europe/Paris DST,2013-05-24T15:00:00+02:00,59,79,na,138,12.0,0.2,na
Eco Counter GmbH,Landeshauptstadt Stuttgart,607,König-Karls-Brücke Barometer,100034882,YTH16019147,9.210372161982697,48.79912609299229,(UTC+01:00) Europe/Paris DST,2013-05-24T16:00:00+02:00,43,83,na,126,11.0,0.2,na
Eco Counter GmbH,Landeshauptstadt Stuttgart,607,König-Karls-Brücke Barometer,100034882,YTH16019147,9.210372161982697,48.79912609299229,(UTC+01:00) Europe/Paris DST,2013-05-24T17:00:00+02:00,46,62,na,108,11.0,0.2,na
Eco Counter GmbH,Landeshauptstadt Stuttgart,607,König-Karls-Brücke Barometer,100034882,YTH16019147,9.210372161982697,48.79912609299229,(UTC+01:00) Europe/Paris DST,2013-05-24T18:00:00+02:00,34,57,na,91,11.0,0.1,na
Eco Counter GmbH,Landeshauptstadt Stuttgart,607,König-Karls-Brücke Barometer,100034882,YTH16019147,9.210372161982697,48.79912609299229,(UTC+01:00) Europe/Paris DST,2013-05-24T19:00:00+02:00,37,52,na,89,8.0,0.1,na
Eco Counter GmbH,Landeshauptstadt Stuttgart,607,König-Karls-Brücke Barometer,100034882,YTH16019147,9.210372161982697,48.79912609299229,(UTC+01:00) Europe/Paris DST,2013-05-24T20:00:00+02:00,18,53,na,71,6.0,0.1,na
Eco Counter GmbH,Landeshauptstadt Stuttgart,607,König-Karls-Brücke Barometer,100034882,YTH16019147,9.210372161982697,48.79912609299229,(UTC+01:00) Europe/Paris DST,2013-05-24T21:00:00+02:00,18,31,na,49,4.0,0.0,na
Eco Counter GmbH,Landeshauptstadt Stuttgart,607,König-Karls-Brücke Barometer,100034882,YTH16019147,9.210372161982697,48.79912609299229,(UTC+01:00) Europe/Paris DST,2013-05-24T22:00:00+02:00,10,7,na,17,2.0,0.0,na
Eco Counter GmbH,Landeshauptstadt Stuttgart,607,König-Karls-Brücke Barometer,100034882,YTH16019147,9.210372161982697,48.79912609299229,(UTC+01:00) Europe/Paris DST,2013-05-24T23:00:00+02:00,10,6,na,16,1.0,0.0,na
Eco Counter GmbH,Landeshauptstadt Stuttgart,607,König-Karls-Brücke Barometer,100034882,YTH16019147,9.210372161982697,48.79912609299229,(UTC+01:00) Europe/Paris DST,2013-05-25T00:00:00+02:00,1,7,na,8,-1.0,0.0,na
Eco Counter GmbH,Landeshauptstadt Stuttgart,607,König-Karls-Brücke Barometer,100034882,YTH16019147,9.210372161982697,48.79912609299229,(UTC+01:00) Europe/Paris DST,2013-05-25T01:00:00+02:00,1,6,na,7,-2.0,0.0,na
Eco Counter GmbH,Landeshauptstadt Stuttgart,607,König-Karls-Brücke Barometer,100034882,YTH16019147,9.210372161982697,48.79912609299229,(UTC+01:00) Europe/Paris DST,2013-05-25T02:00:00+02:00,2,2,na,4,-2.0,0.0,na
Eco Counter GmbH,Landeshauptstadt Stuttgart,607,König-Karls-Brücke Barometer,100034882,YTH16019147,9.210372161982697,48.79912609299229,(UTC+01:00) Europe/Paris DST,2013-05-25T03:00:00+02:00,0,7,na,7,-3.0,0.0,na
Eco Counter GmbH,Landeshauptstadt Stuttgart,607,König-Karls-Brücke Barometer,100034882,YTH16019147,9.210372161982697,48.79912609299229,(UTC+01:00) Europe/Paris DST,2013-05-25T04:00:00+02:00,0,2,na,2,-1.0,0.0,na
Eco Counter GmbH,Landeshauptstadt Stuttgart,607,König-Karls-Brücke Barometer,100034882,YTH16019147,9.210372161982697,48.79912609299229,(UTC+01:00) Europe/Paris DST,2013-05-25T05:00:00+02:00,3,5,na,8,1.0,0.0,na
Eco Counter GmbH,Landeshauptstadt Stuttgart,607,König-Karls-Brücke Barometer,100034882,YTH16019147,9.210372161982697,48.79912609299229,(UTC+01:00) Europe/Paris DST,2013-05-25T06:00:00+02:00,6,4,na,10,3.0,0.0,na
Eco Counter GmbH,Landeshauptstadt Stuttgart,607,König-Karls-Brücke Barometer,100034882,YTH16019147,9.210372161982697,48.79912609299229,(UTC+01:00) Europe/Paris DST,2013-05-25T07:00:00+02:00,6,7,na,13,6.0,0.0,na
Eco Counter GmbH,Landeshauptstadt Stuttgart,607,König-Karls-Brücke Barometer,100034882,YTH16019147,9.210372161982697,48.79912609299229,(UTC+01:00) Europe/Paris DST,2013-05-25T08:00:00+02:00,10,20,na,30,8.0,0.0,na
Eco Counter GmbH,Landeshauptstadt Stuttgart,607,König-Karls-Brücke Barometer,100034882,YTH16019147,9.210372161982697,48.79912609299229,(UTC+01:00) Europe/Paris DST,2013-05-25T09:00:00+02:00,30,32,na,62,10.0,0.1,na
Eco Counter GmbH,Landeshauptstadt Stuttgart,607,König-Karls-Brücke Barometer,100034882,YTH16019147,9.210372161982697,48.79912609299229,(UTC+01:00) Europe/Paris DST,2013-05-25T10:00:00+02:00,52,76,na,128,11.0,0.1,na
Eco Counter GmbH,Landeshauptstadt Stuttgart,607,König-Karls-Brücke Barometer,100034882,YTH16019147,9.210372161982697,48.79912609299229,(UTC+01:00) Europe/Paris DST,2013-05-25T11:00:00+02:00,49,87,na,136,12.0,0.2,na
Eco Counter GmbH,Landeshauptstadt Stuttgart,607,König-Karls-Brücke Barometer,100034882,YTH16019147,9.210372161982697,48.79912609299229,(UTC+01:00) Europe/Paris DST,2013-05-25T12:00:00+02:00,61,103,na,164,13.0,0.2,na
Eco Counter GmbH,Landeshauptstadt Stuttgart,607,König-Karls-Brücke Barometer,100034882,YTH16019147,9.210372161982697,48.79912609299229,(UTC+01:00) Europe/Paris DST,2013-05-25T13:00:00+02:00,71,88,na,159,13.0,0.3,na
Eco Counter GmbH,Landeshauptstadt Stuttgart,607,König-Karls-Brücke Barometer,100034882,YTH16019147,9.210372161982697,48.79912609299229,(UTC+01:00) Europe/Paris DST,2013-05-25T14:00:00+02:00,59,94,na,153,14.0,0.3,na
Eco Counter GmbH,Landeshauptstadt Stuttgart,607,König-Karls-Brücke Barometer,100034882,YTH16019147,9.210372161982697,48.79912609299229,(UTC+01:00) Europe/Paris DST,2013-05-25T15:00:00+02:00,49,66,na,115,14.0,0.3,na
Eco Counter GmbH,Landeshauptstadt Stuttgart,607,König-Karls-Brücke Barometer,100034882,YTH16019147,9.210372161982697,48.79912609299229,(UTC+01:00) Europe/Paris DST,2013-05-25T16:00:00+02:00,60,84,na,144,13.0,0.3,na
Eco Counter GmbH,Landeshauptstadt Stuttgart,607,König-Karls-Brücke Barometer,100034882,YTH16019147,9.210372161982697,48.79912609299229,(UTC+01:00) Europe/Paris DST,2013-05-25T17:00:00+02:00,54,67,na,121,12.0,0.3,na
Eco Counter GmbH,Landeshauptstadt Stuttgart,607,König-Karls-Brücke Barometer,100034882,YTH16019147,9.210372161982697,48.79912609299229,(UTC+01:00) Europe/Paris DST,2013-05-25T18:00:00+02:00,34,56,na,90,12.0,0.2,na
Eco Counter GmbH,Landeshauptstadt Stuttgart,607,König-Karls-Brücke Barometer,100034882,YTH16019147,9.210372161982697,48.79912609299229,(UTC+01:00) Europe/Paris DST,2013-05-25T19:00:00+02:00,30,43,na,73,10.0,0.2,na
Eco Counter GmbH,Landeshauptstadt Stuttgart,607,König-Karls-Brücke Barometer,100034882,YTH16019147,9.210372161982697,48.79912609299229,(UTC+01:00) Europe/Paris DST,2013-05-25T20:00:00+02:00,15,25,na,40,8.0,0.1,na
Eco Counter GmbH,Landeshauptstadt Stuttgart,607,König-Karls-Brücke Barometer,100034882,YTH16019147,9.210372161982697,48.79912609299229,(UTC+01:00) Europe/Paris DST,2013-05-25T21:00:00+02:00,16,11,na,27,7.0,0.1,na
Eco Counter GmbH,Landeshauptstadt Stuttgart,607,König-Karls-Brücke Barometer,100034882,YTH16019147,9.210372161982697,48.79912609299229,(UTC+01:00) Europe/Paris DST,2013-05-25T22:00:00+02:00,8,13,na,21,6.0,0.1,na
Eco Counter GmbH,Landeshauptstadt Stuttgart,607,König-Karls-Brücke Barometer,100034882,YTH16019147,9.210372161982697,48.79912609299229,(UTC+01:00) Europe/Paris DST,2013-05-25T23:00:00+02:00,13,13,na,26,5.0,0.1,na
Eco Counter GmbH,Landeshauptstadt Stuttgart,607,König-Karls-Brücke Barometer,100034882,YTH16019147,9.210372161982697,48.79912609299229,(UTC+01:00) Europe/Paris DST,2013-05-26T00:00:00+02:00,4,6,na,10,4.0,0.1,na
Eco Counter GmbH,Landeshauptstadt Stuttgart,607,König-Karls-Brücke Barometer,100034882,YTH16019147,9.210372161982697,48.79912609299229,(UTC+01:00) Europe/Paris DST,2013-05-26T01:00:00+02:00,6,2,na,8,4.0,0.2,na
Eco Counter GmbH,Landeshauptstadt Stuttgart,607,König-Karls-Brücke Barometer,100034882,YTH16019147,9.210372161982697,48.79912609299229,(UTC+01:00) Europe/Paris DST,2013-05-26T02:00:00+02:00,1,1,na,2,4.0,0.3,na
Eco Counter GmbH,Landeshauptstadt Stuttgart,607,König-Karls-Brücke Barometer,100034882,YTH16019147,9.210372161982697,48.79912609299229,(UTC+01:00) Europe/Paris DST,2013-05-26T03:00:00+02:00,2,2,na,4,4.0,0.4,na
Eco Counter GmbH,Landeshauptstadt Stuttgart,607,König-Karls-Brücke Barometer,100034882,YTH16019147,9.210372161982697,48.79912609299229,(UTC+01:00) Europe/Paris DST,2013-05-26T04:00:00+02:00,1,2,na,3,4.0,0.5,na
Eco Counter GmbH,Landeshauptstadt Stuttgart,607,König-Karls-Brücke Barometer,100034882,YTH16019147,9.210372161982697,48.79912609299229,(UTC+01:00) Europe/Paris DST,2013-05-26T05:00:00+02:00,5,5,na,10,3.0,0.6,na
Eco Counter GmbH,Landeshauptstadt Stuttgart,607,König-Karls-Brücke Barometer,100034882,YTH16019147,9.210372161982697,48.79912609299229,(UTC+01:00) Europe/Paris DST,2013-05-26T06:00:00+02:00,1,3,na,4,3.0,0.6,na
Eco Counter GmbH,Landeshauptstadt Stuttgart,607,König-Karls-Brücke Barometer,100034882,YTH16019147,9.210372161982697,48.79912609299229,(UTC+01:00) Europe/Paris DST,2013-05-26T07:00:00+02:00,5,2,na,7,4.0,0.9,na
Eco Counter GmbH,Landeshauptstadt Stuttgart,607,König-Karls-Brücke Barometer,100034882,YTH16019147,9.210372161982697,48.79912609299229,(UTC+01:00) Europe/Paris DST,2013-05-26T08:00:00+02:00,6,7,na,13,4.0,1.1,na
Eco Counter GmbH,Landeshauptstadt Stuttgart,607,König-Karls-Brücke Barometer,100034882,YTH16019147,9.210372161982697,48.79912609299229,(UTC+01:00) Europe/Paris DST,2013-05-26T09:00:00+02:00,11,18,na,29,5.0,1.3,na
Eco Counter GmbH,Landeshauptstadt Stuttgart,607,König-Karls-Brücke Barometer,100034882,YTH16019147,9.210372161982697,48.79912609299229,(UTC+01:00) Europe/Paris DST,2013-05-26T10:00:00+02:00,20,26,na,46,5.0,1.7,na
Eco Counter GmbH,Landeshauptstadt Stuttgart,607,König-Karls-Brücke Barometer,100034882,YTH16019147,9.210372161982697,48.79912609299229,(UTC+01:00) Europe/Paris DST,2013-05-26T11:00:00+02:00,18,13,na,31,6.0,2.2,na
Eco Counter GmbH,Landeshauptstadt Stuttgart,607,König-Karls-Brücke Barometer,100034882,YTH16019147,9.210372161982697,48.79912609299229,(UTC+01:00) Europe/Paris DST,2013-05-26T12:00:00+02:00,14,32,na,46,7.0,2.6,na
Eco Counter GmbH,Landeshauptstadt Stuttgart,607,König-Karls-Brücke Barometer,100034882,YTH16019147,9.210372161982697,48.79912609299229,(UTC+01:00) Europe/Paris DST,2013-05-26T13:00:00+02:00,8,16,na,24,7.0,2.8,na
Eco Counter GmbH,Landeshauptstadt Stuttgart,607,König-Karls-Brücke Barometer,100034882,YTH16019147,9.210372161982697,48.79912609299229,(UTC+01:00) Europe/Paris DST,2013-05-26T14:00:00+02:00,4,12,na,16,7.0,3.0,na
Eco Counter GmbH,Landeshauptstadt Stuttgart,607,König-Karls-Brücke Barometer,100034882,YTH16019147,9.210372161982697,48.79912609299229,(UTC+01:00) Europe/Paris DST,2013-05-26T15:00:00+02:00,7,8,na,15,7.0,3.2,na
Eco Counter GmbH,Landeshauptstadt Stuttgart,607,König-Karls-Brücke Barometer,100034882,YTH16019147,9.210372161982697,48.79912609299229,(UTC+01:00) Europe/Paris DST,2013-05-26T16:00:00+02:00,11,13,na,24,7.0,3.1,na
Eco Counter GmbH,Landeshauptstadt Stuttgart,607,König-Karls-Brücke Barometer,100034882,YTH16019147,9.210372161982697,48.79912609299229,(UTC+01:00) Europe/Paris DST,2013-05-26T17:00:00+02:00,13,11,na,24,7.0,2.9,na
Eco Counter GmbH,Landeshauptstadt Stuttgart,607,König-Karls-Brücke Barometer,100034882,YTH16019147,9.210372161982697,48.79912609299229,(UTC+01:00) Europe/Paris DST,2013-05-26T18:00:00+02:00,3,15,na,18,7.0,2.8,na
Eco Counter GmbH,Landeshauptstadt Stuttgart,607,König-Karls-Brücke Barometer,100034882,YTH16019147,9.210372161982697,48.79912609299229,(UTC+01:00) Europe/Paris DST,2013-05-26T19:00:00+02:00,8,16,na,24,6.0,2.5,na
Eco Counter GmbH,Landeshauptstadt Stuttgart,607,König-Karls-Brücke Barometer,100034882,YTH16019147,9.210372161982697,48.79912609299229,(UTC+01:00) Europe/Paris DST,2013-05-26T20:00:00+02:00,7,2,na,9,6.0,2.2,na
Eco Counter GmbH,Landeshauptstadt Stuttgart,607,König-Karls-Brücke Barometer,100034882,YTH16019147,9.210372161982697,48.79912609299229,(UTC+01:00) Europe/Paris DST,2013-05-26T21:00:00+02:00,6,6,na,12,5.0,1.9,na
Eco Counter GmbH,Landeshauptstadt Stuttgart,607,König-Karls-Brücke Barometer,100034882,YTH16019147,9.210372161982697,48.79912609299229,(UTC+01:00) Europe/Paris DST,2013-05-26T22:00:00+02:00,3,0,na,3,5.0,1.6,na
Eco Counter GmbH,Landeshauptstadt Stuttgart,607,König-Karls-Brücke Barometer,100034882,YTH16019147,9.210372161982697,48.79912609299229,(UTC+01:00) Europe/Paris DST,2013-05-26T23:00:00+02:00,1,4,na,5,5.0,1.4,na
Eco Counter GmbH,Landeshauptstadt Stuttgart,607,König-Karls-Brücke Barometer,100034882,YTH16019147,9.210372161982697,48.79912609299229,(UTC+01:00) Europe/Paris DST,2013-05-27T00:00:00+02:00,0,3,na,3,5.0,1.1,na
Eco Counter GmbH,Landeshauptstadt Stuttgart,607,König-Karls-Brücke Barometer,100034882,YTH16019147,9.210372161982697,48.79912609299229,(UTC+01:00) Europe/Paris DST,2013-05-27T01:00:00+02:00,0,3,na,3,5.0,0.9,na
Eco Counter GmbH,Landeshauptstadt Stuttgart,607,König-Karls-Brücke Barometer,100034882,YTH16019147,9.210372161982697,48.79912609299229,(UTC+01:00) Europe/Paris DST,2013-05-27T02:00:00+02:00,0,0,na,0,6.0,0.7,na
Eco Counter GmbH,Landeshauptstadt Stuttgart,607,König-Karls-Brücke Barometer,100034882,YTH16019147,9.210372161982697,48.79912609299229,(UTC+01:00) Europe/Paris DST,2013-05-27T03:00:00+02:00,0,0,na,0,6.0,0.4,na
Eco Counter GmbH,Landeshauptstadt Stuttgart,607,König-Karls-Brücke Barometer,100034882,YTH16019147,9.210372161982697,48.79912609299229,(UTC+01:00) Europe/Paris DST,2013-05-27T04:00:00+02:00,0,1,na,1,6.0,0.3,na
Eco Counter GmbH,Landeshauptstadt Stuttgart,607,König-Karls-Brücke Barometer,100034882,YTH16019147,9.210372161982697,48.79912609299229,(UTC+01:00) Europe/Paris DST,2013-05-27T05:00:00+02:00,6,21,na,27,6.0,0.2,na
Eco Counter GmbH,Landeshauptstadt Stuttgart,607,König-Karls-Brücke Barometer,100034882,YTH16019147,9.210372161982697,48.79912609299229,(UTC+01:00) Europe/Paris DST,2013-05-27T06:00:00+02:00,47,24,na,71,7.0,0.1,na
Eco Counter GmbH,Landeshauptstadt Stuttgart,607,König-Karls-Brücke Barometer,100034882,YTH16019147,9.210372161982697,48.79912609299229,(UTC+01:00) Europe/Paris DST,2013-05-27T07:00:00+02:00,66,76,na,142,8.0,0.0,na
Eco Counter GmbH,Landeshauptstadt Stuttgart,607,König-Karls-Brücke Barometer,100034882,YTH16019147,9.210372161982697,48.79912609299229,(UTC+01:00) Europe/Paris DST,2013-05-27T08:00:00+02:00,80,89,na,169,9.0,0.0,na
Eco Counter GmbH,Landeshauptstadt Stuttgart,607,König-Karls-Brücke Barometer,100034882,YTH16019147,9.210372161982697,48.79912609299229,(UTC+01:00) Europe/Paris DST,2013-05-27T09:00:00+02:00,41,38,na,79,10.0,0.0,na
Eco Counter GmbH,Landeshauptstadt Stuttgart,607,König-Karls-Brücke Barometer,100034882,YTH16019147,9.210372161982697,48.79912609299229,(UTC+01:00) Europe/Paris DST,2013-05-27T10:00:00+02:00,27,36,na,63,12.0,0.0,na
Eco Counter GmbH,Landeshauptstadt Stuttgart,607,König-Karls-Brücke Barometer,100034882,YTH16019147,9.210372161982697,48.79912609299229,(UTC+01:00) Europe/Paris DST,2013-05-27T11:00:00+02:00,34,35,na,69,13.0,0.0,na
Eco Counter GmbH,Landeshauptstadt Stuttgart,607,König-Karls-Brücke Barometer,100034882,YTH16019147,9.210372161982697,48.79912609299229,(UTC+01:00) Europe/Paris DST,2013-05-27T12:00:00+02:00,36,41,na,77,14.0,0.0,na
Eco Counter GmbH,Landeshauptstadt Stuttgart,607,König-Karls-Brücke Barometer,100034882,YTH16019147,9.210372161982697,48.79912609299229,(UTC+01:00) Europe/Paris DST,2013-05-27T13:00:00+02:00,31,45,na,76,15.0,0.0,na
Eco Counter GmbH,Landeshauptstadt Stuttgart,607,König-Karls-Brücke Barometer,100034882,YTH16019147,9.210372161982697,48.79912609299229,(UTC+01:00) Europe/Paris DST,2013-05-27T14:00:00+02:00,33,64,na,97,16.0,0.0,na
Eco Counter GmbH,Landeshauptstadt Stuttgart,607,König-Karls-Brücke Barometer,100034882,YTH16019147,9.210372161982697,48.79912609299229,(UTC+01:00) Europe/Paris DST,2013-05-27T15:00:00+02:00,72,91,na,163,16.0,0.0,na
Eco Counter GmbH,Landeshauptstadt Stuttgart,607,König-Karls-Brücke Barometer,100034882,YTH16019147,9.210372161982697,48.79912609299229,(UTC+01:00) Europe/Paris DST,2013-05-27T16:00:00+02:00,72,119,na,191,16.0,0.0,na
Eco Counter GmbH,Landeshauptstadt Stuttgart,607,König-Karls-Brücke Barometer,100034882,YTH16019147,9.210372161982697,48.79912609299229,(UTC+01:00) Europe/Paris DST,2013-05-27T17:00:00+02:00,97,136,na,233,15.0,0.0,na
Eco Counter GmbH,Landeshauptstadt Stuttgart,607,König-Karls-Brücke Barometer,100034882,YTH16019147,9.210372161982697,48.79912609299229,(UTC+01:00) Europe/Paris DST,2013-05-27T18:00:00+02:00,104,145,na,249,15.0,0.0,na
Eco Counter GmbH,Landeshauptstadt Stuttgart,607,König-Karls-Brücke Barometer,100034882,YTH16019147,9.210372161982697,48.79912609299229,(UTC+01:00) Europe/Paris DST,2013-05-27T19:00:00+02:00,73,129,na,202,13.0,0.0,na
Eco Counter GmbH,Landeshauptstadt Stuttgart,607,König-Karls-Brücke Barometer,100034882,YTH16019147,9.210372161982697,48.79912609299229,(UTC+01:00) Europe/Paris DST,2013-05-27T20:00:00+02:00,40,68,na,108,10.0,0.0,na
Eco Counter GmbH,Landeshauptstadt Stuttgart,607,König-Karls-Brücke Barometer,100034882,YTH16019147,9.210372161982697,48.79912609299229,(UTC+01:00) Europe/Paris DST,2013-05-27T21:00:00+02:00,39,40,na,79,8.0,0.0,na
Eco Counter GmbH,Landeshauptstadt Stuttgart,607,König-Karls-Brücke Barometer,100034882,YTH16019147,9.210372161982697,48.79912609299229,(UTC+01:00) Europe/Paris DST,2013-05-27T22:00:00+02:00,7,19,na,26,7.0,0.0,na
Eco Counter GmbH,Landeshauptstadt Stuttgart,607,König-Karls-Brücke Barometer,100034882,YTH16019147,9.210372161982697,48.79912609299229,(UTC+01:00) Europe/Paris DST,2013-05-27T23:00:00+02:00,6,15,na,21,6.0,0.0,na
Eco Counter GmbH,Landeshauptstadt Stuttgart,607,König-Karls-Brücke Barometer,100034882,YTH16019147,9.210372161982697,48.79912609299229,(UTC+01:00) Europe/Paris DST,2013-05-28T00:00:00+02:00,0,2,na,2,5.0,0.0,na
Eco Counter GmbH,Landeshauptstadt Stuttgart,607,König-Karls-Brücke Barometer,100034882,YTH16019147,9.210372161982697,48.79912609299229,(UTC+01:00) Europe/Paris DST,2013-05-28T01:00:00+02:00,4,1,na,5,5.0,0.0,na
Eco Counter GmbH,Landeshauptstadt Stuttgart,607,König-Karls-Brücke Barometer,100034882,YTH16019147,9.210372161982697,48.79912609299229,(UTC+01:00) Europe/Paris DST,2013-05-28T02:00:00+02:00,2,2,na,4,5.0,0.0,na
Eco Counter GmbH,Landeshauptstadt Stuttgart,607,König-Karls-Brücke Barometer,100034882,YTH16019147,9.210372161982697,48.79912609299229,(UTC+01:00) Europe/Paris DST,2013-05-28T03:00:00+02:00,0,2,na,2,4.0,0.0,na
Eco Counter GmbH,Landeshauptstadt Stuttgart,607,König-Karls-Brücke Barometer,100034882,YTH16019147,9.210372161982697,48.79912609299229,(UTC+01:00) Europe/Paris DST,2013-05-28T04:00:00+02:00,1,2,na,3,6.0,0.0,na
Eco Counter GmbH,Landeshauptstadt Stuttgart,607,König-Karls-Brücke Barometer,100034882,YTH16019147,9.210372161982697,48.79912609299229,(UTC+01:00) Europe/Paris DST,2013-05-28T05:00:00+02:00,14,19,na,33,7.0,0.0,na
Eco Counter GmbH,Landeshauptstadt Stuttgart,607,König-Karls-Brücke Barometer,100034882,YTH16019147,9.210372161982697,48.79912609299229,(UTC+01:00) Europe/Paris DST,2013-05-28T06:00:00+02:00,70,49,na,119,8.0,0.0,na
Eco Counter GmbH,Landeshauptstadt Stuttgart,607,König-Karls-Brücke Barometer,100034882,YTH16019147,9.210372161982697,48.79912609299229,(UTC+01:00) Europe/Paris DST,2013-05-28T07:00:00+02:00,103,113,na,216,11.0,0.0,na
Eco Counter GmbH,Landeshauptstadt Stuttgart,607,König-Karls-Brücke Barometer,100034882,YTH16019147,9.210372161982697,48.79912609299229,(UTC+01:00) Europe/Paris DST,2013-05-28T08:00:00+02:00,118,125,na,243,13.0,0.0,na
Eco Counter GmbH,Landeshauptstadt Stuttgart,607,König-Karls-Brücke Barometer,100034882,YTH16019147,9.210372161982697,48.79912609299229,(UTC+01:00) Europe/Paris DST,2013-05-28T09:00:00+02:00,73,88,na,161,15.0,0.0,na
Eco Counter GmbH,Landeshauptstadt Stuttgart,607,König-Karls-Brücke Barometer,100034882,YTH16019147,9.210372161982697,48.79912609299229,(UTC+01:00) Europe/Paris DST,2013-05-28T10:00:00+02:00,82,102,na,184,17.0,0.0,na
Eco Counter GmbH,Landeshauptstadt Stuttgart,607,König-Karls-Brücke Barometer,100034882,YTH16019147,9.210372161982697,48.79912609299229,(UTC+01:00) Europe/Paris DST,2013-05-28T11:00:00+02:00,84,107,na,191,19.0,0.0,na
Eco Counter GmbH,Landeshauptstadt Stuttgart,607,König-Karls-Brücke Barometer,100034882,YTH16019147,9.210372161982697,48.79912609299229,(UTC+01:00) Europe/Paris DST,2013-05-28T12:00:00+02:00,83,120,na,203,20.0,0.0,na
Eco Counter GmbH,Landeshauptstadt Stuttgart,607,König-Karls-Brücke Barometer,100034882,YTH16019147,9.210372161982697,48.79912609299229,(UTC+01:00) Europe/Paris DST,2013-05-28T13:00:00+02:00,89,122,na,211,20.0,0.0,na
Eco Counter GmbH,Landeshauptstadt Stuttgart,607,König-Karls-Brücke Barometer,100034882,YTH16019147,9.210372161982697,48.79912609299229,(UTC+01:00) Europe/Paris DST,2013-05-28T14:00:00+02:00,111,124,na,235,21.0,0.1,na
Eco Counter GmbH,Landeshauptstadt Stuttgart,607,König-Karls-Brücke Barometer,100034882,YTH16019147,9.210372161982697,48.79912609299229,(UTC+01:00) Europe/Paris DST,2013-05-28T15:00:00+02:00,148,208,na,356,21.0,0.1,na
Eco Counter GmbH,Landeshauptstadt Stuttgart,607,König-Karls-Brücke Barometer,100034882,YTH16019147,9.210372161982697,48.79912609299229,(UTC+01:00) Europe/Paris DST,2013-05-28T16:00:00+02:00,135,203,na,338,20.0,0.2,na
Eco Counter GmbH,Landeshauptstadt Stuttgart,607,König-Karls-Brücke Barometer,100034882,YTH16019147,9.210372161982697,48.79912609299229,(UTC+01:00) Europe/Paris DST,2013-05-28T17:00:00+02:00,144,213,na,357,19.0,0.2,na
Eco Counter GmbH,Landeshauptstadt Stuttgart,607,König-Karls-Brücke Barometer,100034882,YTH16019147,9.210372161982697,48.79912609299229,(UTC+01:00) Europe/Paris DST,2013-05-28T18:00:00+02:00,102,193,na,295,18.0,0.2,na
Eco Counter GmbH,Landeshauptstadt Stuttgart,607,König-Karls-Brücke Barometer,100034882,YTH16019147,9.210372161982697,48.79912609299229,(UTC+01:00) Europe/Paris DST,2013-05-28T19:00:00+02:00,70,118,na,188,16.0,0.3,na
Eco Counter GmbH,Landeshauptstadt Stuttgart,607,König-Karls-Brücke Barometer,100034882,YTH16019147,9.210372161982697,48.79912609299229,(UTC+01:00) Europe/Paris DST,2013-05-28T20:00:00+02:00,25,34,na,59,14.0,0.4,na
Eco Counter GmbH,Landeshauptstadt Stuttgart,607,König-Karls-Brücke Barometer,100034882,YTH16019147,9.210372161982697,48.79912609299229,(UTC+01:00) Europe/Paris DST,2013-05-28T21:00:00+02:00,21,31,na,52,12.0,0.5,na
Eco Counter GmbH,Landeshauptstadt Stuttgart,607,König-Karls-Brücke Barometer,100034882,YTH16019147,9.210372161982697,48.79912609299229,(UTC+01:00) Europe/Paris DST,2013-05-28T22:00:00+02:00,6,15,na,21,11.0,1.5,na
Eco Counter GmbH,Landeshauptstadt Stuttgart,607,König-Karls-Brücke Barometer,100034882,YTH16019147,9.210372161982697,48.79912609299229,(UTC+01:00) Europe/Paris DST,2013-05-28T23:00:00+02:00,10,8,na,18,10.0,2.4,na
Eco Counter GmbH,Landeshauptstadt Stuttgart,607,König-Karls-Brücke Barometer,100034882,YTH16019147,9.210372161982697,48.79912609299229,(UTC+01:00) Europe/Paris DST,2013-05-29T00:00:00+02:00,1,3,na,4,9.0,3.3,na
Eco Counter GmbH,Landeshauptstadt Stuttgart,607,König-Karls-Brücke Barometer,100034882,YTH16019147,9.210372161982697,48.79912609299229,(UTC+01:00) Europe/Paris DST,2013-05-29T01:00:00+02:00,3,1,na,4,9.0,3.6,na
Eco Counter GmbH,Landeshauptstadt Stuttgart,607,König-Karls-Brücke Barometer,100034882,YTH16019147,9.210372161982697,48.79912609299229,(UTC+01:00) Europe/Paris DST,2013-05-29T02:00:00+02:00,0,1,na,1,8.0,3.9,na
Eco Counter GmbH,Landeshauptstadt Stuttgart,607,König-Karls-Brücke Barometer,100034882,YTH16019147,9.210372161982697,48.79912609299229,(UTC+01:00) Europe/Paris DST,2013-05-29T03:00:00+02:00,0,0,na,0,8.0,4.3,na
Eco Counter GmbH,Landeshauptstadt Stuttgart,607,König-Karls-Brücke Barometer,100034882,YTH16019147,9.210372161982697,48.79912609299229,(UTC+01:00) Europe/Paris DST,2013-05-29T04:00:00+02:00,0,3,na,3,8.0,3.5,na
Eco Counter GmbH,Landeshauptstadt Stuttgart,607,König-Karls-Brücke Barometer,100034882,YTH16019147,9.210372161982697,48.79912609299229,(UTC+01:00) Europe/Paris DST,2013-05-29T05:00:00+02:00,10,9,na,19,8.0,2.8,na
Eco Counter GmbH,Landeshauptstadt Stuttgart,607,König-Karls-Brücke Barometer,100034882,YTH16019147,9.210372161982697,48.79912609299229,(UTC+01:00) Europe/Paris DST,2013-05-29T06:00:00+02:00,29,12,na,41,8.0,2.1,na
Eco Counter GmbH,Landeshauptstadt Stuttgart,607,König-Karls-Brücke Barometer,100034882,YTH16019147,9.210372161982697,48.79912609299229,(UTC+01:00) Europe/Paris DST,2013-05-29T07:00:00+02:00,44,29,na,73,8.0,1.9,na
Eco Counter GmbH,Landeshauptstadt Stuttgart,607,König-Karls-Brücke Barometer,100034882,YTH16019147,9.210372161982697,48.79912609299229,(UTC+01:00) Europe/Paris DST,2013-05-29T08:00:00+02:00,39,28,na,67,9.0,1.6,na
Eco Counter GmbH,Landeshauptstadt Stuttgart,607,König-Karls-Brücke Barometer,100034882,YTH16019147,9.210372161982697,48.79912609299229,(UTC+01:00) Europe/Paris DST,2013-05-29T09:00:00+02:00,25,24,na,49,9.0,1.4,na
Eco Counter GmbH,Landeshauptstadt Stuttgart,607,König-Karls-Brücke Barometer,100034882,YTH16019147,9.210372161982697,48.79912609299229,(UTC+01:00) Europe/Paris DST,2013-05-29T10:00:00+02:00,19,22,na,41,10.0,1.4,na
Eco Counter GmbH,Landeshauptstadt Stuttgart,607,König-Karls-Brücke Barometer,100034882,YTH16019147,9.210372161982697,48.79912609299229,(UTC+01:00) Europe/Paris DST,2013-05-29T11:00:00+02:00,4,24,na,28,10.0,1.4,na
Eco Counter GmbH,Landeshauptstadt Stuttgart,607,König-Karls-Brücke Barometer,100034882,YTH16019147,9.210372161982697,48.79912609299229,(UTC+01:00) Europe/Paris DST,2013-05-29T12:00:00+02:00,2,12,na,14,11.0,1.4,na
Eco Counter GmbH,Landeshauptstadt Stuttgart,607,König-Karls-Brücke Barometer,100034882,YTH16019147,9.210372161982697,48.79912609299229,(UTC+01:00) Europe/Paris DST,2013-05-29T13:00:00+02:00,14,19,na,33,11.0,1.3,na
Eco Counter GmbH,Landeshauptstadt Stuttgart,607,König-Karls-Brücke Barometer,100034882,YTH16019147,9.210372161982697,48.79912609299229,(UTC+01:00) Europe/Paris DST,2013-05-29T14:00:00+02:00,18,28,na,46,11.0,1.2,na
Eco Counter GmbH,Landeshauptstadt Stuttgart,607,König-Karls-Brücke Barometer,100034882,YTH16019147,9.210372161982697,48.79912609299229,(UTC+01:00) Europe/Paris DST,2013-05-29T15:00:00+02:00,30,35,na,65,12.0,1.1,na
Eco Counter GmbH,Landeshauptstadt Stuttgart,607,König-Karls-Brücke Barometer,100034882,YTH16019147,9.210372161982697,48.79912609299229,(UTC+01:00) Europe/Paris DST,2013-05-29T16:00:00+02:00,43,55,na,98,11.0,1.0,na
Eco Counter GmbH,Landeshauptstadt Stuttgart,607,König-Karls-Brücke Barometer,100034882,YTH16019147,9.210372161982697,48.79912609299229,(UTC+01:00) Europe/Paris DST,2013-05-29T17:00:00+02:00,34,43,na,77,11.0,1.0,na
Eco Counter GmbH,Landeshauptstadt Stuttgart,607,König-Karls-Brücke Barometer,100034882,YTH16019147,9.210372161982697,48.79912609299229,(UTC+01:00) Europe/Paris DST,2013-05-29T18:00:00+02:00,40,63,na,103,11.0,0.9,na
Eco Counter GmbH,Landeshauptstadt Stuttgart,607,König-Karls-Brücke Barometer,100034882,YTH16019147,9.210372161982697,48.79912609299229,(UTC+01:00) Europe/Paris DST,2013-05-29T19:00:00+02:00,24,43,na,67,10.0,0.7,na
Eco Counter GmbH,Landeshauptstadt Stuttgart,607,König-Karls-Brücke Barometer,100034882,YTH16019147,9.210372161982697,48.79912609299229,(UTC+01:00) Europe/Paris DST,2013-05-29T20:00:00+02:00,20,40,na,60,10.0,0.6,na
Eco Counter GmbH,Landeshauptstadt Stuttgart,607,König-Karls-Brücke Barometer,100034882,YTH16019147,9.210372161982697,48.79912609299229,(UTC+01:00) Europe/Paris DST,2013-05-29T21:00:00+02:00,7,16,na,23,9.0,0.4,na
Eco Counter GmbH,Landeshauptstadt Stuttgart,607,König-Karls-Brücke Barometer,100034882,YTH16019147,9.210372161982697,48.79912609299229,(UTC+01:00) Europe/Paris DST,2013-05-29T22:00:00+02:00,9,9,na,18,8.0,0.3,na
Eco Counter GmbH,Landeshauptstadt Stuttgart,607,König-Karls-Brücke Barometer,100034882,YTH16019147,9.210372161982697,48.79912609299229,(UTC+01:00) Europe/Paris DST,2013-05-29T23:00:00+02:00,6,9,na,15,6.0,0.2,na
Eco Counter GmbH,Landeshauptstadt Stuttgart,607,König-Karls-Brücke Barometer,100034882,YTH16019147,9.210372161982697,48.79912609299229,(UTC+01:00) Europe/Paris DST,2013-05-30T00:00:00+02:00,4,6,na,10,5.0,0.1,na
Eco Counter GmbH,Landeshauptstadt Stuttgart,607,König-Karls-Brücke Barometer,100034882,YTH16019147,9.210372161982697,48.79912609299229,(UTC+01:00) Europe/Paris DST,2013-05-30T01:00:00+02:00,2,1,na,3,4.0,0.0,na
Eco Counter GmbH,Landeshauptstadt Stuttgart,607,König-Karls-Brücke Barometer,100034882,YTH16019147,9.210372161982697,48.79912609299229,(UTC+01:00) Europe/Paris DST,2013-05-30T02:00:00+02:00,1,4,na,5,3.0,0.0,na
Eco Counter GmbH,Landeshauptstadt Stuttgart,607,König-Karls-Brücke Barometer,100034882,YTH16019147,9.210372161982697,48.79912609299229,(UTC+01:00) Europe/Paris DST,2013-05-30T03:00:00+02:00,0,1,na,1,2.0,0.0,na
Eco Counter GmbH,Landeshauptstadt Stuttgart,607,König-Karls-Brücke Barometer,100034882,YTH16019147,9.210372161982697,48.79912609299229,(UTC+01:00) Europe/Paris DST,2013-05-30T04:00:00+02:00,2,0,na,2,3.0,0.0,na
Eco Counter GmbH,Landeshauptstadt Stuttgart,607,König-Karls-Brücke Barometer,100034882,YTH16019147,9.210372161982697,48.79912609299229,(UTC+01:00) Europe/Paris DST,2013-05-30T05:00:00+02:00,4,5,na,9,4.0,0.0,na
Eco Counter GmbH,Landeshauptstadt Stuttgart,607,König-Karls-Brücke Barometer,100034882,YTH16019147,9.210372161982697,48.79912609299229,(UTC+01:00) Europe/Paris DST,2013-05-30T06:00:00+02:00,3,12,na,15,5.0,0.0,na
Eco Counter GmbH,Landeshauptstadt Stuttgart,607,König-Karls-Brücke Barometer,100034882,YTH16019147,9.210372161982697,48.79912609299229,(UTC+01:00) Europe/Paris DST,2013-05-30T07:00:00+02:00,8,6,na,14,7.0,0.0,na
Eco Counter GmbH,Landeshauptstadt Stuttgart,607,König-Karls-Brücke Barometer,100034882,YTH16019147,9.210372161982697,48.79912609299229,(UTC+01:00) Europe/Paris DST,2013-05-30T08:00:00+02:00,14,18,na,32,9.0,0.0,na
Eco Counter GmbH,Landeshauptstadt Stuttgart,607,König-Karls-Brücke Barometer,100034882,YTH16019147,9.210372161982697,48.79912609299229,(UTC+01:00) Europe/Paris DST,2013-05-30T09:00:00+02:00,27,73,na,100,11.0,0.1,na
Eco Counter GmbH,Landeshauptstadt Stuttgart,607,König-Karls-Brücke Barometer,100034882,YTH16019147,9.210372161982697,48.79912609299229,(UTC+01:00) Europe/Paris DST,2013-05-30T10:00:00+02:00,47,74,na,121,12.0,0.1,na
Eco Counter GmbH,Landeshauptstadt Stuttgart,607,König-Karls-Brücke Barometer,100034882,YTH16019147,9.210372161982697,48.79912609299229,(UTC+01:00) Europe/Paris DST,2013-05-30T11:00:00+02:00,95,147,na,242,13.0,0.2,na
Eco Counter GmbH,Landeshauptstadt Stuttgart,607,König-Karls-Brücke Barometer,100034882,YTH16019147,9.210372161982697,48.79912609299229,(UTC+01:00) Europe/Paris DST,2013-05-30T12:00:00+02:00,93,177,na,270,14.0,0.2,na
Eco Counter GmbH,Landeshauptstadt Stuttgart,607,König-Karls-Brücke Barometer,100034882,YTH16019147,9.210372161982697,48.79912609299229,(UTC+01:00) Europe/Paris DST,2013-05-30T13:00:00+02:00,66,92,na,158,14.0,0.3,na
Eco Counter GmbH,Landeshauptstadt Stuttgart,607,König-Karls-Brücke Barometer,100034882,YTH16019147,9.210372161982697,48.79912609299229,(UTC+01:00) Europe/Paris DST,2013-05-30T14:00:00+02:00,64,74,na,138,14.0,0.4,na
Eco Counter GmbH,Landeshauptstadt Stuttgart,607,König-Karls-Brücke Barometer,100034882,YTH16019147,9.210372161982697,48.79912609299229,(UTC+01:00) Europe/Paris DST,2013-05-30T15:00:00+02:00,59,66,na,125,14.0,0.4,na
Eco Counter GmbH,Landeshauptstadt Stuttgart,607,König-Karls-Brücke Barometer,100034882,YTH16019147,9.210372161982697,48.79912609299229,(UTC+01:00) Europe/Paris DST,2013-05-30T16:00:00+02:00,51,102,na,153,13.0,0.5,na
Eco Counter GmbH,Landeshauptstadt Stuttgart,607,König-Karls-Brücke Barometer,100034882,YTH16019147,9.210372161982697,48.79912609299229,(UTC+01:00) Europe/Paris DST,2013-05-30T17:00:00+02:00,57,84,na,141,13.0,0.5,na
Eco Counter GmbH,Landeshauptstadt Stuttgart,607,König-Karls-Brücke Barometer,100034882,YTH16019147,9.210372161982697,48.79912609299229,(UTC+01:00) Europe/Paris DST,2013-05-30T18:00:00+02:00,73,76,na,149,12.0,0.5,na
Eco Counter GmbH,Landeshauptstadt Stuttgart,607,König-Karls-Brücke Barometer,100034882,YTH16019147,9.210372161982697,48.79912609299229,(UTC+01:00) Europe/Paris DST,2013-05-30T19:00:00+02:00,59,71,na,130,11.0,0.8,na
Eco Counter GmbH,Landeshauptstadt Stuttgart,607,König-Karls-Brücke Barometer,100034882,YTH16019147,9.210372161982697,48.79912609299229,(UTC+01:00) Europe/Paris DST,2013-05-30T20:00:00+02:00,26,50,na,76,10.0,1.2,na
Eco Counter GmbH,Landeshauptstadt Stuttgart,607,König-Karls-Brücke Barometer,100034882,YTH16019147,9.210372161982697,48.79912609299229,(UTC+01:00) Europe/Paris DST,2013-05-30T21:00:00+02:00,32,19,na,51,10.0,1.5,na
Eco Counter GmbH,Landeshauptstadt Stuttgart,607,König-Karls-Brücke Barometer,100034882,YTH16019147,9.210372161982697,48.79912609299229,(UTC+01:00) Europe/Paris DST,2013-05-30T22:00:00+02:00,10,12,na,22,9.0,1.6,na
Eco Counter GmbH,Landeshauptstadt Stuttgart,607,König-Karls-Brücke Barometer,100034882,YTH16019147,9.210372161982697,48.79912609299229,(UTC+01:00) Europe/Paris DST,2013-05-30T23:00:00+02:00,6,6,na,12,9.0,1.7,na
Eco Counter GmbH,Landeshauptstadt Stuttgart,607,König-Karls-Brücke Barometer,100034882,YTH16019147,9.210372161982697,48.79912609299229,(UTC+01:00) Europe/Paris DST,2013-05-31T00:00:00+02:00,1,0,na,1,8.0,1.9,na
Eco Counter GmbH,Landeshauptstadt Stuttgart,607,König-Karls-Brücke Barometer,100034882,YTH16019147,9.210372161982697,48.79912609299229,(UTC+01:00) Europe/Paris DST,2013-05-31T01:00:00+02:00,0,2,na,2,8.0,2.8,na
Eco Counter GmbH,Landeshauptstadt Stuttgart,607,König-Karls-Brücke Barometer,100034882,YTH16019147,9.210372161982697,48.79912609299229,(UTC+01:00) Europe/Paris DST,2013-05-31T02:00:00+02:00,2,1,na,3,8.0,3.6,na
Eco Counter GmbH,Landeshauptstadt Stuttgart,607,König-Karls-Brücke Barometer,100034882,YTH16019147,9.210372161982697,48.79912609299229,(UTC+01:00) Europe/Paris DST,2013-05-31T03:00:00+02:00,0,2,na,2,7.0,4.5,na
Eco Counter GmbH,Landeshauptstadt Stuttgart,607,König-Karls-Brücke Barometer,100034882,YTH16019147,9.210372161982697,48.79912609299229,(UTC+01:00) Europe/Paris DST,2013-05-31T04:00:00+02:00,0,0,na,0,7.0,5.3,na
Eco Counter GmbH,Landeshauptstadt Stuttgart,607,König-Karls-Brücke Barometer,100034882,YTH16019147,9.210372161982697,48.79912609299229,(UTC+01:00) Europe/Paris DST,2013-05-31T05:00:00+02:00,4,4,na,8,7.0,6.1,na
Eco Counter GmbH,Landeshauptstadt Stuttgart,607,König-Karls-Brücke Barometer,100034882,YTH16019147,9.210372161982697,48.79912609299229,(UTC+01:00) Europe/Paris DST,2013-05-31T06:00:00+02:00,9,8,na,17,7.0,6.8,na
Eco Counter GmbH,Landeshauptstadt Stuttgart,607,König-Karls-Brücke Barometer,100034882,YTH16019147,9.210372161982697,48.79912609299229,(UTC+01:00) Europe/Paris DST,2013-05-31T07:00:00+02:00,17,13,na,30,8.0,5.7,na
Eco Counter GmbH,Landeshauptstadt Stuttgart,607,König-Karls-Brücke Barometer,100034882,YTH16019147,9.210372161982697,48.79912609299229,(UTC+01:00) Europe/Paris DST,2013-05-31T08:00:00+02:00,11,9,na,20,8.0,4.6,na
Eco Counter GmbH,Landeshauptstadt Stuttgart,607,König-Karls-Brücke Barometer,100034882,YTH16019147,9.210372161982697,48.79912609299229,(UTC+01:00) Europe/Paris DST,2013-05-31T09:00:00+02:00,8,7,na,15,9.0,3.5,na
Eco Counter GmbH,Landeshauptstadt Stuttgart,607,König-Karls-Brücke Barometer,100034882,YTH16019147,9.210372161982697,48.79912609299229,(UTC+01:00) Europe/Paris DST,2013-05-31T10:00:00+02:00,10,8,na,18,10.0,3.0,na
Eco Counter GmbH,Landeshauptstadt Stuttgart,607,König-Karls-Brücke Barometer,100034882,YTH16019147,9.210372161982697,48.79912609299229,(UTC+01:00) Europe/Paris DST,2013-05-31T11:00:00+02:00,16,6,na,22,10.0,2.4,na
Eco Counter GmbH,Landeshauptstadt Stuttgart,607,König-Karls-Brücke Barometer,100034882,YTH16019147,9.210372161982697,48.79912609299229,(UTC+01:00) Europe/Paris DST,2013-05-31T12:00:00+02:00,8,17,na,25,11.0,1.9,na
Eco Counter GmbH,Landeshauptstadt Stuttgart,607,König-Karls-Brücke Barometer,100034882,YTH16019147,9.210372161982697,48.79912609299229,(UTC+01:00) Europe/Paris DST,2013-05-31T13:00:00+02:00,15,18,na,33,11.0,2.3,na
Eco Counter GmbH,Landeshauptstadt Stuttgart,607,König-Karls-Brücke Barometer,100034882,YTH16019147,9.210372161982697,48.79912609299229,(UTC+01:00) Europe/Paris DST,2013-05-31T14:00:00+02:00,17,15,na,32,12.0,2.7,na
Eco Counter GmbH,Landeshauptstadt Stuttgart,607,König-Karls-Brücke Barometer,100034882,YTH16019147,9.210372161982697,48.79912609299229,(UTC+01:00) Europe/Paris DST,2013-05-31T15:00:00+02:00,17,21,na,38,12.0,3.1,na
Eco Counter GmbH,Landeshauptstadt Stuttgart,607,König-Karls-Brücke Barometer,100034882,YTH16019147,9.210372161982697,48.79912609299229,(UTC+01:00) Europe/Paris DST,2013-05-31T16:00:00+02:00,10,24,na,34,12.0,3.0,na
Eco Counter GmbH,Landeshauptstadt Stuttgart,607,König-Karls-Brücke Barometer,100034882,YTH16019147,9.210372161982697,48.79912609299229,(UTC+01:00) Europe/Paris DST,2013-05-31T17:00:00+02:00,17,31,na,48,13.0,2.8,na
Eco Counter GmbH,Landeshauptstadt Stuttgart,607,König-Karls-Brücke Barometer,100034882,YTH16019147,9.210372161982697,48.79912609299229,(UTC+01:00) Europe/Paris DST,2013-05-31T18:00:00+02:00,22,28,na,50,13.0,2.7,na
Eco Counter GmbH,Landeshauptstadt Stuttgart,607,König-Karls-Brücke Barometer,100034882,YTH16019147,9.210372161982697,48.79912609299229,(UTC+01:00) Europe/Paris DST,2013-05-31T19:00:00+02:00,13,14,na,27,13.0,4.2,na
Eco Counter GmbH,Landeshauptstadt Stuttgart,607,König-Karls-Brücke Barometer,100034882,YTH16019147,9.210372161982697,48.79912609299229,(UTC+01:00) Europe/Paris DST,2013-05-31T20:00:00+02:00,8,13,na,21,13.0,5.8,na
Eco Counter GmbH,Landeshauptstadt Stuttgart,607,König-Karls-Brücke Barometer,100034882,YTH16019147,9.210372161982697,48.79912609299229,(UTC+01:00) Europe/Paris DST,2013-05-31T21:00:00+02:00,7,9,na,16,13.0,7.3,na
Eco Counter GmbH,Landeshauptstadt Stuttgart,607,König-Karls-Brücke Barometer,100034882,YTH16019147,9.210372161982697,48.79912609299229,(UTC+01:00) Europe/Paris DST,2013-05-31T22:00:00+02:00,6,2,na,8,12.0,8.9,na
