time,temp,dwpt,rhum,prcp,snow,wdir,wspd,wpgt,pres,tsun,coco
2024-11-01 00:00:00,8.6,8.5,99,0,,61,4.3,,1026.7,,3
2024-11-01 01:00:00,8.3,8,98,0,,62,3.6,,1026.6,,5
2024-11-01 02:00:00,9.1,8.6,97,0,,104,4,,1026.4,,5
2024-11-01 03:00:00,8.8,8.5,98,0,,168,4.7,,1026.3,,5
2024-11-01 04:00:00,9.1,8.6,97,0,,174,6.1,,1026.1,0,5
2024-11-01 05:00:00,8.8,8.5,98,0,,168,6.1,,1026.1,0,5
2024-11-01 06:00:00,8.7,8.3,97,0,,166,7.2,,1026.1,0,5
2024-11-01 07:00:00,9.9,9.6,98,0,,178,7.2,,1026.1,0,5
2024-11-01 08:00:00,10.1,9.2,94,0,,192,9,,1026.3,0,3
2024-11-01 09:00:00,10.2,8.5,89,0,,209,10.1,,1026.7,0,3
2024-11-01 10:00:00,10.6,8.5,87,0,,211,10.8,,1026.6,0,3
2024-11-01 11:00:00,11.3,8.5,83,0,,216,10.4,,1026.4,0,3
2024-11-01 12:00:00,11.7,8.9,83,0,,224,8.6,,1026,0,3
2024-11-01 13:00:00,12.3,8.9,80,0,,223,9,,1025.4,0,3
2024-11-01 14:00:00,12.9,9.2,78,0,,226,9.7,,1024.8,0,3
2024-11-01 15:00:00,13.3,9.2,76,0,,238,9,,1024.6,0,3
2024-11-01 16:00:00,13.2,9.8,80,0,,236,6.8,,1024.2,0,3
2024-11-01 17:00:00,12.5,10.2,86,0,,259,5.4,,1024.5,0,3
2024-11-01 18:00:00,12,10.1,88,0,,282,6.5,,1025,0,3
2024-11-01 19:00:00,11.6,9.8,89,0,,282,7.9,,1025.6,0,3
2024-11-01 20:00:00,10.2,9.3,94,0,,262,9,,1025.9,0,3
2024-11-01 21:00:00,9,8.2,95,0,,270,9,,1026.3,0,2
2024-11-01 22:00:00,7.3,6.6,95,0,,307,8.3,,1026.8,,3
2024-11-01 23:00:00,8.4,7.3,93,0,,329,6.1,,1027.2,,2
2024-11-02 00:00:00,7,6.3,95,0,,1,6.5,,1027.5,,2
2024-11-02 01:00:00,7.9,7.1,95,0,,10,6.1,,1027.6,,3
2024-11-02 02:00:00,8.7,7.8,94,0,,2,5.8,,1027.7,,3
2024-11-02 03:00:00,7.7,7.1,96,0,,11,5.8,,1027.9,,3
2024-11-02 04:00:00,8.2,7.4,95,0,,23,5,,1027.9,0,3
2024-11-02 05:00:00,8.5,7.4,93,0,,30,6.1,,1028.4,0,3
2024-11-02 06:00:00,8.3,7.2,93,0,,41,6.1,,1028.8,0,3
2024-11-02 07:00:00,9,7.4,90,0,,72,5.4,,1028.9,0,3
2024-11-02 08:00:00,9.2,7.6,90,0,,83,5.8,,1029.8,0,3
2024-11-02 09:00:00,9.8,7.9,88,0,,74,4.7,,1030.5,0,3
2024-11-02 10:00:00,10.4,7.8,84,0,,63,6.8,,1030.8,0,3
2024-11-02 11:00:00,11.2,7.9,80,0,,75,7.6,,1030.9,50,3
2024-11-02 12:00:00,11.8,8.1,78,0,,68,6.8,,1030.7,60,3
2024-11-02 13:00:00,12.8,8.1,73,0,,70,12.2,,1030,60,3
2024-11-02 14:00:00,13,8.3,73,0,,75,11.5,,1029.6,58,3
2024-11-02 15:00:00,13.2,8.5,73,0,,69,11.2,,1029.2,60,3
2024-11-02 16:00:00,12.9,8.8,76,0,,58,8.3,,1029.2,60,3
2024-11-02 17:00:00,12.3,8.8,79,0,,47,8.3,,1029.4,10,3
2024-11-02 18:00:00,11.7,8.7,82,0,,54,8.3,,1029.8,0,3
2024-11-02 19:00:00,11.4,8.6,83,0,,52,8.6,,1030.1,0,3
2024-11-02 20:00:00,11.1,8.7,85,0,,60,8.6,,1030.1,0,3
2024-11-02 21:00:00,11.1,8.5,84,0,,52,7.9,,1030.4,0,3
2024-11-02 22:00:00,11.3,8.3,82,0,,48,8.6,,1030.7,,3
2024-11-02 23:00:00,9.6,7.7,88,0,,54,9.4,,1031,,3
2024-11-03 00:00:00,10.3,7.9,85,0,,68,10.1,,1030.9,,3
2024-11-03 01:00:00,9.5,7.8,89,0,,81,9.4,,1030.8,,3
2024-11-03 02:00:00,9.3,7.1,86,0,,77,11.2,,1031,,3
2024-11-03 03:00:00,8.8,6.2,84,0,,94,9,,1030.5,,3
2024-11-03 04:00:00,9.1,6.4,83,0,,81,10.4,,1030.3,0,3
2024-11-03 05:00:00,9.5,6.2,80,0,,84,11.2,,1030,0,3
2024-11-03 06:00:00,9.4,6.1,80,0,,75,11.2,,1030.1,0,3
2024-11-03 07:00:00,8.6,6.1,84,0,,85,11.2,,1030.2,0,3
2024-11-03 08:00:00,8.5,6.1,85,0,,85,11.9,,1030.6,0,2
2024-11-03 09:00:00,9.7,7.1,84,0,,90,10.4,,1030.8,36,3
2024-11-03 10:00:00,11.3,7.6,78,0,,101,10.8,,1030.6,60,2
2024-11-03 11:00:00,12.5,7.8,73,0,,117,13.3,,1030.6,60,2
2024-11-03 12:00:00,13.2,7.4,68,0,,115,11.2,,1030.1,60,3
2024-11-03 13:00:00,13.6,7.4,66,0,,105,10.1,,1029.4,60,3
2024-11-03 14:00:00,14.2,7.7,65,0,,112,8.3,,1029.2,60,3
2024-11-03 15:00:00,14.1,7.8,66,0,,107,7.9,,1028.9,60,3
2024-11-03 16:00:00,13.1,8.6,74,0,,102,6.1,,1028.6,60,3
2024-11-03 17:00:00,10.7,7.4,80,0,,92,9,,1028.6,7,2
2024-11-03 18:00:00,9.6,6.9,83,0,,100,9.4,,1029,0,1
2024-11-03 19:00:00,8.7,6.5,86,0,,93,9,,1029,0,1
2024-11-03 20:00:00,7.6,5.9,89,0,,80,9,,1029.2,0,1
2024-11-03 21:00:00,6.7,5.3,91,0,,74,9.4,,1029.1,0,1
2024-11-03 22:00:00,5.9,4.9,93,0,,74,9.4,,1029.3,,1
2024-11-03 23:00:00,5.4,4.5,94,0,,75,9.7,,1029.5,,1
2024-11-04 00:00:00,4.8,4.2,96,0,,80,9,,1029.4,,1
2024-11-04 01:00:00,4.7,4.1,96,0,,73,9.4,,1029.4,,1
2024-11-04 02:00:00,4.5,3.8,95,0,,69,10.1,,1029.3,,5
2024-11-04 03:00:00,4.5,3.8,95,0,,65,10.4,,1029.1,,5
2024-11-04 04:00:00,4.4,3.8,96,0,,60,9.7,,1028.9,0,5
2024-11-04 05:00:00,4,3.7,98,0,,59,7.9,,1029.1,0,5
2024-11-04 06:00:00,3.8,3.5,98,0,,48,7.6,,1029,0,5
2024-11-04 07:00:00,3.7,3.4,98,0,,48,7.9,,1029.1,0,5
2024-11-04 08:00:00,4.4,4.1,98,0,,46,9.4,,1029.4,0,5
2024-11-04 09:00:00,6.5,5.1,91,0,,50,10.1,,1029.5,0,5
2024-11-04 10:00:00,8,5.6,85,0,,90,13.3,,1029.4,0,2
2024-11-04 11:00:00,9.1,6.2,82,0,,95,13.3,,1029.4,0,2
2024-11-04 12:00:00,10.3,6.6,78,0,,98,11.9,,1029,0,3
2024-11-04 13:00:00,11.4,6.9,74,0,,89,9.7,,1028.2,0,2
2024-11-04 14:00:00,12.2,7.1,71,0,,76,10.1,,1027.5,0,2
2024-11-04 15:00:00,12.3,7.4,72,0,,76,8.6,,1027.3,0,1
2024-11-04 16:00:00,11.4,8.8,84,0,,60,6.5,,1026.8,0,1
2024-11-04 17:00:00,10.3,6.8,79,0,,358,8.6,,1026.8,0,1
2024-11-04 18:00:00,7.9,5.9,87,0,,24,10.1,,1027,0,1
2024-11-04 19:00:00,7.1,5.4,89,0,,62,9.4,,1027.1,0,1
2024-11-04 20:00:00,7,5.1,88,0,,85,13,,1026.9,0,1
2024-11-04 21:00:00,7.1,4.6,84,0,,101,14.4,,1026.6,0,1
2024-11-04 22:00:00,7,4.3,83,0,,107,14.8,,1026.5,,1
2024-11-04 23:00:00,6.9,3.9,81,0,,108,14.4,,1026.3,,1
2024-11-05 00:00:00,7,3.6,79,0,,104,13.3,,1026.1,,1
2024-11-05 01:00:00,5.7,3.5,86,0,,98,12.6,,1025.7,,1
2024-11-05 02:00:00,5.3,3.3,87,0,,104,12.6,,1025.7,,1
2024-11-05 03:00:00,4.6,3.1,90,0,,144,10.4,,1025.7,,1
2024-11-05 04:00:00,4.1,2.6,90,0,,122,10.4,,1025.6,0,1
2024-11-05 05:00:00,3.9,2.4,90,0,,117,11.5,,1025.9,0,1
2024-11-05 06:00:00,3.6,2.7,94,0,,138,10.4,,1026,0,1
2024-11-05 07:00:00,3.5,2.6,94,0,,133,9.7,,1026.2,0,2
2024-11-05 08:00:00,3.9,2.9,93,0,,124,10.8,,1026.6,0,3
2024-11-05 09:00:00,5.4,3.4,87,0,,131,9.4,,1026.7,0,3
2024-11-05 10:00:00,6.8,3.9,82,0,,144,6.5,,1026.8,0,3
2024-11-05 11:00:00,7.8,4.6,80,0,,154,5,,1026.7,0,3
2024-11-05 12:00:00,9.4,5.8,78,0,,179,5.4,,1026.2,0,3
2024-11-05 13:00:00,10.4,6.5,77,0,,201,4.3,,1025.5,0,3
2024-11-05 14:00:00,11,7.1,77,0,,220,4,,1025.1,0,3
2024-11-05 15:00:00,10.9,7.2,78,0,,263,3.2,,1024.9,0,3
2024-11-05 16:00:00,10.6,7.7,82,0,,86,2.9,,1025.3,0,3
2024-11-05 17:00:00,9,7.3,89,0,,63,6.1,,1025.4,0,3
2024-11-05 18:00:00,8.4,7,91,0,,61,6.8,,1025.8,0,3
2024-11-05 19:00:00,7.9,7,94,0,,48,5,,1025.8,0,3
2024-11-05 20:00:00,8.9,7.5,91,0,,43,4,,1025.9,0,3
2024-11-05 21:00:00,7.9,6.5,91,0,,47,3.2,,1026.3,0,3
2024-11-05 22:00:00,8.2,6.8,91,0,,104,2.5,,1026.6,,3
2024-11-05 23:00:00,8.3,6.9,91,0,,123,2.2,,1026.8,,3
2024-11-06 00:00:00,8.5,7.1,91,0,,137,1.8,,1027.1,,3
2024-11-06 01:00:00,8.7,6.5,86,0,,232,2.2,,1027.2,,3
2024-11-06 02:00:00,8.4,7,91,0,,325,3.6,,1027.4,,3
2024-11-06 03:00:00,8.1,7,93,0,,353,4.7,,1027.5,,3
2024-11-06 04:00:00,8.3,6.9,91,0,,345,6.1,,1027.7,0,3
2024-11-06 05:00:00,8.3,7.1,92,0,,336,6.5,,1028.2,0,3
2024-11-06 06:00:00,8.3,7.2,93,0,,343,6.5,,1028.5,0,3
2024-11-06 07:00:00,7.3,6.1,92,0,,346,9,,1028.9,0,3
2024-11-06 08:00:00,7.4,6.2,92,0,,351,8.3,,1029.9,0,3
2024-11-06 09:00:00,7.7,6.5,92,0,,0,6.8,,1030.5,0,3
2024-11-06 10:00:00,8.8,7.1,89,0,,357,6.1,,1030.8,0,3
2024-11-06 11:00:00,9.9,7.5,85,0,,342,6.5,,1031.2,0,3
2024-11-06 12:00:00,9,6.8,86,0,,329,8.3,,1031.4,0,3
2024-11-06 13:00:00,9.2,7,86,0,,329,8.6,,1031.2,0,3
2024-11-06 14:00:00,9.4,6.8,84,0,,334,9,,1031,0,3
2024-11-06 15:00:00,9.4,6.7,83,0,,335,9.7,,1031,0,3
2024-11-06 16:00:00,8.9,6.2,83,0,,332,9.4,,1031.1,0,3
2024-11-06 17:00:00,7.6,5.7,88,0,,334,6.8,,1031.4,0,3
2024-11-06 18:00:00,6.9,5.5,91,0,,351,7.6,,1031.6,0,2
2024-11-06 19:00:00,6.3,5.1,92,0,,15,7.6,,1031.8,0,2
2024-11-06 20:00:00,5.5,4.6,94,0,,26,6.8,,1032.2,0,1
2024-11-06 21:00:00,5,4.6,97,0,,35,6.5,,1032.6,0,1
2024-11-06 22:00:00,3.3,3,98,0,,39,6.5,,1032.8,,3
2024-11-06 23:00:00,3.4,3.1,98,0,,20,6.1,,1033,,3
2024-11-07 00:00:00,2.9,2.8,99,0,,20,6.5,,1033,,3
2024-11-07 01:00:00,2.3,2,98,0,,34,5.8,,1033.1,,5
2024-11-07 02:00:00,2.2,1.9,98,0,,35,6.8,,1033.1,,3
2024-11-07 03:00:00,5,4.1,94,0,,31,6.8,,1033,,3
2024-11-07 04:00:00,4.1,3.2,94,0,,45,6.1,,1032.6,0,3
2024-11-07 05:00:00,3.7,3,95,0,,48,5.8,,1032.6,0,2
2024-11-07 06:00:00,4.5,3.5,93,0,,29,5,,1032.3,0,3
2024-11-07 07:00:00,5,3.8,92,0,,7,6.5,,1032.3,0,3
2024-11-07 08:00:00,5.5,3.8,89,0,,8,9,,1032.9,0,3
2024-11-07 09:00:00,6.4,4.1,85,0,,24,9.7,,1033.2,0,3
2024-11-07 10:00:00,7.4,4.5,82,0,,40,9,,1033.2,0,3
2024-11-07 11:00:00,8.3,4.9,79,0,,69,8.6,,1033.1,0,3
2024-11-07 12:00:00,9.2,5,75,0,,87,9,,1032.7,0,3
2024-11-07 13:00:00,8.9,4.1,72,0,,98,8.6,,1032.2,0,3
2024-11-07 14:00:00,9.5,4.7,72,0,,102,8.6,,1031.8,0,3
2024-11-07 15:00:00,9.6,4.8,72,0,,99,8.3,,1031.4,0,3
2024-11-07 16:00:00,9.5,5.1,74,0,,98,7.9,,1031.1,0,3
2024-11-07 17:00:00,8.6,5.2,79,0,,59,5.4,,1031,0,3
2024-11-07 18:00:00,8.4,5.2,80,0,,22,6.5,,1031.3,0,3
2024-11-07 19:00:00,8.2,4.8,79,0,,38,9.7,,1031.2,0,3
2024-11-07 20:00:00,8.3,4.7,78,0,,56,10.4,,1031.2,0,3
2024-11-07 21:00:00,8.4,4.6,77,0,,63,11.2,,1031.1,0,3
2024-11-07 22:00:00,8.5,4.7,77,0,,63,11.2,,1031.1,,3
2024-11-07 23:00:00,7.8,4.4,79,0,,65,10.8,,1031.2,,3
2024-11-08 00:00:00,8,4.8,80,0,,72,10.4,,1030.9,,3
2024-11-08 01:00:00,7.9,5,82,0,,83,9.7,,1030.4,,3
2024-11-08 02:00:00,7.9,5.2,83,0,,90,9,,1030,,3
2024-11-08 03:00:00,7.9,5,82,0,,80,8.3,,1029.6,,3
2024-11-08 04:00:00,7.3,4.9,85,0,,56,7.9,,1029.2,0,3
2024-11-08 05:00:00,7.6,5.1,84,0,,57,8.3,,1029,0,3
2024-11-08 06:00:00,7.8,5.1,83,0,,67,9,,1028.7,0,3
2024-11-08 07:00:00,7.8,5.1,83,0,,74,9.4,,1028.6,0,3
2024-11-08 08:00:00,8,5.3,83,0,,75,9.4,,1028.4,0,3
2024-11-08 09:00:00,8.4,5.2,80,0,,96,11.5,,1028.4,0,3
2024-11-08 10:00:00,9,5.6,79,0,,113,13.3,,1028.1,0,3
2024-11-08 11:00:00,9.5,5.7,77,0,,117,13.3,,1028,0,3
2024-11-08 12:00:00,9.9,5.9,76,0,,111,11.9,,1027.5,0,3
2024-11-08 13:00:00,10.1,6.1,76,0,,115,11.9,,1027,0,3
2024-11-08 14:00:00,10.1,5.5,73,0,,121,11.5,,1026.8,0,3
2024-11-08 15:00:00,10,5.2,72,0,,118,10.4,,1026.6,0,3
2024-11-08 16:00:00,9.9,5.1,72,0,,110,10.1,,1026.4,0,3
2024-11-08 17:00:00,9.2,4.8,74,0,,95,9,,1026.5,0,3
2024-11-08 18:00:00,7.9,4.5,79,0,,90,10.8,,1026.7,0,3
2024-11-08 19:00:00,7.5,4.3,80,0,,96,12.2,,1026.7,0,3
2024-11-08 20:00:00,7.3,4.1,80,0,,101,12.6,,1026.5,0,3
2024-11-08 21:00:00,7,4,81,0,,105,11.9,,1026.6,0,3
2024-11-08 22:00:00,6.8,4.1,83,0,,108,11.5,,1026.7,,3
2024-11-08 23:00:00,6.6,4.1,84,0,,106,11.5,,1026.6,,3
2024-11-09 00:00:00,6.1,3.9,86,0,,106,11.9,,1026.5,,3
2024-11-09 01:00:00,5.7,4,89,0,,106,11.5,,1026.5,,3
2024-11-09 02:00:00,5.2,4,92,0,,102,10.4,,1026.5,,3
2024-11-09 03:00:00,4.5,3.8,95,0,,94,10.1,,1026.5,,2
2024-11-09 04:00:00,3.5,3.1,97,0,,102,10.4,,1026.3,0,2
2024-11-09 05:00:00,4,3.4,96,0,,110,11.5,,1026.4,0,2
2024-11-09 06:00:00,3.6,3.2,97,0,,117,10.1,,1026.4,0,3
2024-11-09 07:00:00,3.2,2.8,97,0,,112,10.4,,1026.5,0,2
2024-11-09 08:00:00,3.7,3.1,96,0,,107,11.5,,1027,0,2
2024-11-09 09:00:00,5.9,4.4,90,0,,110,11.2,,1027.4,0,3
2024-11-09 10:00:00,7.2,4.5,83,0,,107,7.9,,1027.2,0,3
2024-11-09 11:00:00,8.9,5.6,80,0,,137,5.8,,1027.1,0,1
2024-11-09 12:00:00,10.4,6.7,78,0,,150,5,,1026.6,0,1
2024-11-09 13:00:00,11.5,7.2,75,0,,146,4.3,,1026.1,0,1
2024-11-09 14:00:00,12.2,7.7,74,0,,191,4,,1025.8,0,1
2024-11-09 15:00:00,11.5,7.8,78,0,,328,5.8,,1025.7,0,1
2024-11-09 16:00:00,10.2,8.5,89,0,,310,5.4,,1025.6,0,1
2024-11-09 17:00:00,7.3,6.6,95,0,,334,7.6,,1025.7,0,1
2024-11-09 18:00:00,6.4,6,97,0,,4,7.2,,1026,0,1
2024-11-09 19:00:00,5.9,5.5,97,0,,27,7.2,,1026.2,0,1
2024-11-09 20:00:00,4.2,4.2,100,0,,35,7.9,,1026.6,0,1
2024-11-09 21:00:00,3.5,3.5,100,0,,33,7.2,,1026.8,0,1
2024-11-09 22:00:00,3.4,3.3,99,0,,40,6.5,,1027.1,,5
2024-11-09 23:00:00,3.2,3.1,99,0,,38,6.5,,1027.1,,5
2024-11-10 00:00:00,3.2,2.9,98,0,,7,5.4,,1027.3,,5
2024-11-10 01:00:00,3,2.9,99,0,,3,5.8,,1027.4,,5
2024-11-10 02:00:00,2.9,2.8,99,0,,4,5.8,,1027.4,,5
2024-11-10 03:00:00,3,2.9,99,0,,6,4.3,,1027.4,,5
2024-11-10 04:00:00,3.1,3,99,0,,348,5.8,,1027.6,0,5
2024-11-10 05:00:00,3.6,3.5,99,0,,353,4.3,,1028,0,5
2024-11-10 06:00:00,4.1,3.5,96,0,,125,4.3,,1028.1,0,5
2024-11-10 07:00:00,4.1,3.8,98,0,,146,4.7,,1028.3,0,5
2024-11-10 08:00:00,4.1,3.8,98,0,,142,4.3,,1028.7,0,5
2024-11-10 09:00:00,4.4,4.1,98,0,,128,4.3,,1028.9,0,5
2024-11-10 10:00:00,4.9,4.3,96,0,,116,4.3,,1029.1,0,5
2024-11-10 11:00:00,5.6,4.2,91,0,,28,3.6,,1029.2,0,5
2024-11-10 12:00:00,6.6,4.8,88,0,,351,3.2,,1028.8,0,3
2024-11-10 13:00:00,7.7,5.2,84,0,,328,3.2,,1028.4,0,5
2024-11-10 14:00:00,8.2,5.7,84,0,,324,4.7,,1028.2,0,3
2024-11-10 15:00:00,8.1,5.7,85,0,,326,6.5,,1028.2,0,3
2024-11-10 16:00:00,6.9,5.2,89,0,,323,7.6,,1028.3,0,3
2024-11-10 17:00:00,5.6,5,96,0,,316,6.8,,1028.6,0,3
2024-11-10 18:00:00,5.2,4.8,97,0,,324,6.8,,1028.9,0,1
2024-11-10 19:00:00,4.9,4.5,97,0,,337,6.1,,1029.1,0,1
2024-11-10 20:00:00,4.1,3.8,98,0,,355,6.1,,1029.3,0,1
2024-11-10 21:00:00,3.6,3.5,99,0,,357,6.5,,1029.8,0,1
2024-11-10 22:00:00,3.2,3.2,100,0,,3,6.5,,1030.2,,3
2024-11-10 23:00:00,3.2,3.1,99,0,,6,6.1,,1030.5,,5
2024-11-11 00:00:00,2.9,2.8,99,0,,14,5.4,,1030.6,,5
2024-11-11 01:00:00,3.2,3.1,99,0,,18,5,,1030.3,,5
2024-11-11 02:00:00,3.8,3.7,99,0,,134,2.5,,1030.9,,5
2024-11-11 03:00:00,4,3.7,98,0,,162,4.3,,1030.8,,5
2024-11-11 04:00:00,4.1,3.8,98,0,,171,5.4,,1030.2,0,5
2024-11-11 05:00:00,4.2,3.9,98,0,,197,5.4,,1030.5,0,5
2024-11-11 06:00:00,4.5,3.9,96,0,,197,5.8,,1030.4,0,3
2024-11-11 07:00:00,4.7,4.1,96,0,,186,6.8,,1030.3,0,3
2024-11-11 08:00:00,4.9,4,94,0,,195,5.8,,1030.6,0,3
2024-11-11 09:00:00,5.4,4,91,0,,196,5.4,,1030.9,0,3
2024-11-11 10:00:00,5.7,4.3,91,0.2,,190,7.2,,1030.7,0,7
2024-11-11 11:00:00,6.1,4.6,90,0,,196,9.7,,1030.4,0,3
2024-11-11 12:00:00,5.8,3.8,87,0,,202,10.8,,1029.9,0,3
2024-11-11 13:00:00,6.5,4.2,85,0,,192,11.2,,1028.8,0,3
2024-11-11 14:00:00,6.8,4.5,85,0,,212,10.1,,1028.7,8,3
2024-11-11 15:00:00,6.5,5.3,92,1,,182,9,,1028.2,0,9
2024-11-11 16:00:00,6.2,5.6,96,0.6,,157,9.4,,1028.1,29,8
2024-11-11 17:00:00,5.8,5.5,98,0.2,,142,8.3,,1027.9,0,7
2024-11-11 18:00:00,5.8,5.5,98,0.7,,133,6.5,,1028.2,0,8
2024-11-11 19:00:00,5.9,5.5,97,0,,154,5.4,,1028.1,0,3
2024-11-11 20:00:00,5.5,5.2,98,0,,229,5.8,,1028.1,0,3
2024-11-11 21:00:00,5.6,5.2,97,0,,307,7.9,,1028,0,3
2024-11-11 22:00:00,4.7,4.4,98,0,,310,8.3,,1027.8,,2
2024-11-11 23:00:00,3.6,3.6,100,0,,2,7.9,,1027.4,,3
2024-11-12 00:00:00,3.5,3.5,100,0,,110,2.5,,1027.1,,5
2024-11-12 01:00:00,3.3,3.3,100,0,,122,6.8,,1026.8,,5
2024-11-12 02:00:00,3.1,3,99,0,,110,5.4,,1026.9,,5
2024-11-12 03:00:00,3.2,3.2,100,0,,109,6.1,,1027,,5
2024-11-12 04:00:00,3.6,3.6,100,0,,115,8.3,,1026.8,0,5
2024-11-12 05:00:00,3.9,3.9,100,0,,111,7.6,,1027.1,0,5
2024-11-12 06:00:00,4,4,100,0,,84,6.1,,1027.2,0,5
2024-11-12 07:00:00,4.1,4,99,0,,55,5.4,,1027.5,0,5
2024-11-12 08:00:00,4.8,4.4,97,0,,17,7.9,,1028.4,0,5
2024-11-12 09:00:00,6.3,5.4,94,0,,14,9.4,,1028.3,0,3
2024-11-12 10:00:00,7.2,5.5,89,0,,47,12.2,,1028.4,0,3
2024-11-12 11:00:00,8.6,5.2,79,0,,74,16.2,,1028.7,0,2
2024-11-12 12:00:00,8.8,4.6,75,0,,70,15.8,,1028.8,0,3
2024-11-12 13:00:00,9.6,4.6,71,0,,70,15.8,,1028.7,0,3
2024-11-12 14:00:00,10,4.6,69,0,,58,16.2,,1028.5,0,3
2024-11-12 15:00:00,9.6,4.4,70,0,,52,15.8,,1028.5,0,3
2024-11-12 16:00:00,9,4,71,0,,54,13.7,,1028.8,0,3
2024-11-12 17:00:00,8.1,3.6,73,0,,46,8.3,,1029.1,0,3
2024-11-12 18:00:00,6.1,3.6,84,0,,22,7.6,,1029.3,0,3
2024-11-12 19:00:00,7.2,4.2,81,0,,27,8.6,,1029.9,0,3
2024-11-12 20:00:00,7,4.1,82,0,,46,11.5,,1030.1,0,3
2024-11-12 21:00:00,6.5,3.8,83,0,,67,10.1,,1030.3,0,3
2024-11-12 22:00:00,5.3,3,85,0,,73,10.4,,1030.8,,2
2024-11-12 23:00:00,4.2,1.7,84,0,,59,10.8,,1031.3,,1
2024-11-13 00:00:00,4.2,1.7,84,0,,68,10.1,,1031.5,,3
2024-11-13 01:00:00,3.9,1.1,82,0,,76,9.4,,1031.3,,3
2024-11-13 02:00:00,3,0.6,84,0,,50,7.6,,1031.4,,2
2024-11-13 03:00:00,3.6,1.3,85,0,,45,7.6,,1031.5,,3
2024-11-13 04:00:00,4.2,1.6,83,0,,61,7.6,,1031.3,0,3
2024-11-13 05:00:00,4.6,2.1,84,0,,82,6.8,,1031.1,0,3
2024-11-13 06:00:00,4.4,2.1,85,0,,78,5.4,,1031.1,0,3
2024-11-13 07:00:00,4.3,2.3,87,0,,18,5.4,,1031.4,0,3
2024-11-13 08:00:00,4.1,2.1,87,0,,317,5,,1031.8,0,3
2024-11-13 09:00:00,4.4,2.1,85,0,,318,5.8,,1032.2,0,3
2024-11-13 10:00:00,5,1.8,80,0,,293,3.6,,1032,0,3
2024-11-13 11:00:00,5.6,2.4,80,0,,358,6.5,,1032.4,0,3
2024-11-13 12:00:00,6.5,2.4,75,0,,29,8.6,,1032,0,3
2024-11-13 13:00:00,7.2,2.1,70,0,,37,9.4,,1031.5,0,3
2024-11-13 14:00:00,7.6,1.9,67,0,,29,8.6,,1031,0,3
2024-11-13 15:00:00,7.5,2.2,69,0,,9,8.3,,1030.5,0,3
2024-11-13 16:00:00,7.2,3.3,76,0,,341,7.2,,1030.6,0,3
2024-11-13 17:00:00,6.6,3.6,81,0,,331,5.4,,1030.6,0,3
2024-11-13 18:00:00,6.4,3.9,84,0,,318,4.3,,1030.6,0,3
2024-11-13 19:00:00,6.2,4.2,87,0,,307,4,,1030.5,0,3
2024-11-13 20:00:00,5.1,4.4,95,0.2,,281,3.6,,1031.2,0,7
2024-11-13 21:00:00,5.3,4.6,95,0.3,,235,3.6,,1031.2,0,8
2024-11-13 22:00:00,5.2,4.8,97,0.3,,194,5,,1031,,8
2024-11-13 23:00:00,5,4.9,99,0.3,,191,6.5,,1031,,8
2024-11-14 00:00:00,4.9,4.8,99,0.2,,185,7.2,,1030.5,,7
2024-11-14 01:00:00,4.8,4.7,99,0,,189,7.6,,1030.2,,3
2024-11-14 02:00:00,4.8,4.7,99,0.1,,189,7.6,,1029.8,,7
2024-11-14 03:00:00,4.8,4.7,99,0.3,,184,8.6,,1029.3,,8
2024-11-14 04:00:00,4.7,4.4,98,0.3,,185,9.4,,1028.7,0,8
2024-11-14 05:00:00,4.8,4.5,98,0.2,,183,10.4,,1028.4,0,7
2024-11-14 06:00:00,4.5,4.2,98,0,,179,9.7,,1028.3,0,3
2024-11-14 07:00:00,4.6,4.3,98,0.1,,183,10.1,,1028.1,0,7
2024-11-14 08:00:00,4.6,4.5,99,0.5,,183,11.2,,1028.3,0,8
2024-11-14 09:00:00,4.8,4.4,97,0.2,,191,11.2,,1028.4,0,7
2024-11-14 10:00:00,5,4.7,98,0,,199,12.2,,1028.3,0,3
2024-11-14 11:00:00,5.4,4.8,96,0.2,,198,10.8,,1028.5,0,7
2024-11-14 12:00:00,5.7,5.1,96,0,,197,10.4,,1028.3,0,3
2024-11-14 13:00:00,6.1,5.4,95,0.2,,199,10.4,,1027.9,0,7
2024-11-14 14:00:00,6.3,5.9,97,0.2,,196,9,,1027.9,0,7
2024-11-14 15:00:00,6.5,5.9,96,0,,182,9.7,,1027.5,0,3
2024-11-14 16:00:00,6.3,5.9,97,0,,169,9.7,,1027.3,0,3
2024-11-14 17:00:00,6,5.7,98,0,,176,9.4,,1027.5,0,3
2024-11-14 18:00:00,5.8,5.5,98,0,,189,9.7,,1027.8,0,3
2024-11-14 19:00:00,5.8,5.5,98,0,,192,8.6,,1028,0,3
2024-11-14 20:00:00,5.6,5.5,99,0,,188,6.8,,1028.5,0,3
2024-11-14 21:00:00,6,5.9,99,0,,209,5,,1028.7,0,3
2024-11-14 22:00:00,6,5.9,99,0,,184,3.2,,1028.9,,3
2024-11-14 23:00:00,5.6,5.5,99,0,,277,2.2,,1028.9,,3
2024-11-15 00:00:00,4.9,4.9,100,0,,324,2.9,,1028.7,,3
2024-11-15 01:00:00,4.3,4.3,100,0,,3,4.3,,1028.7,,5
2024-11-15 02:00:00,4.8,4.7,99,0,,33,4.3,,1028.6,,5
2024-11-15 03:00:00,4.4,4.3,99,0,,36,4,,1028.3,,5
2024-11-15 04:00:00,3.9,3.9,100,0,,53,3.6,,1028,0,5
2024-11-15 05:00:00,3.6,3.6,100,0,,86,2.5,,1028,0,5
2024-11-15 06:00:00,3.8,3.8,100,0,,121,2.5,,1028,0,5
2024-11-15 07:00:00,3.4,3.4,100,0,,131,2.9,,1028.2,0,5
2024-11-15 08:00:00,3.7,3.6,99,0,,133,4.7,,1028.5,0,5
2024-11-15 09:00:00,4.3,4,98,0,,138,4.7,,1028.9,0,5
2024-11-15 10:00:00,5.4,4.8,96,0,,141,4,,1028.9,0,5
2024-11-15 11:00:00,6.5,5.3,92,0,,147,4.3,,1028.8,0,3
2024-11-15 12:00:00,8,6.3,89,0,,68,1.8,,1028.1,0,3
2024-11-15 13:00:00,8.7,6.1,84,0,,20,2.9,,1027.6,0,3
2024-11-15 14:00:00,9,6.1,82,0,,352,3.2,,1027.4,0,3
2024-11-15 15:00:00,8.9,5.8,81,0,,39,2.9,,1027.1,0,3
2024-11-15 16:00:00,8.4,6.4,87,0,,128,3.2,,1027,0,3
2024-11-15 17:00:00,8.1,5.4,83,0,,46,2.5,,1026.6,0,3
2024-11-15 18:00:00,7.5,5.1,85,0,,115,3.2,,1026.6,0,3
2024-11-15 19:00:00,7.2,5.2,87,0,,124,5,,1026.8,0,3
2024-11-15 20:00:00,6.9,4.9,87,0,,121,4.3,,1026.9,0,3
2024-11-15 21:00:00,6.5,4.7,88,0,,96,4,,1026.6,0,3
2024-11-15 22:00:00,5,4.4,96,0,,96,5.4,,1026.2,,3
2024-11-15 23:00:00,4.2,3.8,97,0,,100,6.1,,1026,,3
2024-11-16 00:00:00,3.5,3.2,98,0,,95,6.5,,1025.7,,2
2024-11-16 01:00:00,2.5,2.1,97,0,,95,5.8,,1025.1,,5
2024-11-16 02:00:00,2,1.6,97,0,,92,6.5,,1024.6,,5
2024-11-16 03:00:00,1.8,1.2,96,0,,102,6.1,,1024,,5
2024-11-16 04:00:00,1.4,0.8,96,0,,106,5.8,,1023.4,0,5
2024-11-16 05:00:00,0.9,0.5,97,0,,127,5,,1023.3,0,2
2024-11-16 06:00:00,0.5,0.1,97,0,,131,5,,1023.2,0,2
2024-11-16 07:00:00,0.4,0.1,98,0,,139,5,,1023.3,0,2
2024-11-16 08:00:00,0.6,0.3,98,0,,144,5.8,,1023.6,0,3
2024-11-16 09:00:00,2.5,2.2,98,0,,161,6.5,,1023.7,0,5
2024-11-16 10:00:00,3.2,3.1,99,0,,174,6.1,,1023.5,0,5
2024-11-16 11:00:00,4,3.4,96,0,,183,6.8,,1023.2,0,5
2024-11-16 12:00:00,5.3,4,91,0,,185,7.9,,1022.4,0,5
2024-11-16 13:00:00,6.6,3.9,83,0,,188,7.2,,1021.6,0,5
2024-11-16 14:00:00,7.3,3.9,79,0,,190,6.8,,1020.8,0,3
2024-11-16 15:00:00,7.6,4,78,0,,192,7.6,,1020,0,2
2024-11-16 16:00:00,6.6,4.1,84,0,,176,6.5,,1019.4,0,2
2024-11-16 17:00:00,5.5,3.3,86,0,,189,10.1,,1018.9,0,1
2024-11-16 18:00:00,5.1,3.1,87,0,,211,9.7,,1018.8,0,2
2024-11-16 19:00:00,4.7,3,89,0,,230,9.4,,1019.1,0,1
2024-11-16 20:00:00,4.3,2.6,89,0,,234,8.6,,1019.1,0,2
2024-11-16 21:00:00,3.7,2.2,90,0,,225,9,,1019,0,3
2024-11-16 22:00:00,4.4,3.1,91,0,,222,10.1,,1018.7,,3
2024-11-16 23:00:00,4.2,3.2,93,0,,221,11.5,,1018.6,,3
2024-11-17 00:00:00,3.4,2.5,94,0,,210,13.7,,1018.6,,3
2024-11-17 01:00:00,3.5,2.3,92,0,,215,14,,1018.1,,3
2024-11-17 02:00:00,3.6,2,89,0,,219,14.8,,1017.7,,3
2024-11-17 03:00:00,3.3,1.7,89,0,,219,14.8,,1017.4,,3
2024-11-17 04:00:00,3.2,1.7,90,0,,218,15.5,,1016.8,0,3
2024-11-17 05:00:00,4.2,2.1,86,0,,217,17.3,,1016.3,0,3
2024-11-17 06:00:00,4,2.2,88,0,,217,17.6,,1015.9,0,3
2024-11-17 07:00:00,4.1,2.3,88,0,,213,17.6,,1015.6,0,3
2024-11-17 08:00:00,4.1,2.1,87,0,,214,17.3,,1015.6,0,3
2024-11-17 09:00:00,4.3,2.3,87,0,,206,14.4,,1016.1,0,3
2024-11-17 10:00:00,5.1,3.1,87,0,,214,19.4,,1015.7,13,3
2024-11-17 11:00:00,5.2,3.4,88,0.2,,215,16.9,,1015.7,40,7
2024-11-17 12:00:00,5.4,3.2,86,0.1,,223,18.4,,1015.4,32,7
2024-11-17 13:00:00,5.2,4,92,0.7,,232,18.4,,1015,19,8
2024-11-17 14:00:00,5.6,4.1,90,0.2,,238,18.4,,1014.7,14,7
2024-11-17 15:00:00,5.8,3.5,85,0,,238,18.4,,1014.5,6,3
2024-11-17 16:00:00,5.8,3.5,85,0,,237,16.9,,1014.3,0,3
2024-11-17 17:00:00,5.9,3.9,87,0,,236,16.2,,1014.3,0,3
2024-11-17 18:00:00,5.8,4,88,0,,236,16.2,,1014.5,0,3
2024-11-17 19:00:00,5.9,4.2,89,0,,239,15.8,,1014.7,0,3
2024-11-17 20:00:00,5.7,4.2,90,0,,243,15.1,,1015.3,0,3
2024-11-17 21:00:00,5.9,4.4,90,0,,244,15.1,,1015.3,0,3
2024-11-17 22:00:00,5.9,4.2,89,0,,246,15.8,,1015.3,,3
2024-11-17 23:00:00,5.8,4.3,90,0,,239,15.1,,1015.4,,3
2024-11-18 00:00:00,5.7,4.2,90,0,,236,16.2,,1015.3,,3
2024-11-18 01:00:00,5.7,4.3,91,0,,227,15.1,,1014.9,,3
2024-11-18 02:00:00,5.7,4.3,91,0,,214,15.8,,1014.3,,3
2024-11-18 03:00:00,4.6,4.2,97,2.5,,215,18.4,,1013.7,,9
2024-11-18 04:00:00,3.7,3.3,97,4.6,,217,23,,1013,0,9
2024-11-18 05:00:00,4.1,3.8,98,1,,223,24.5,,1012.9,0,9
2024-11-18 06:00:00,5.6,4.4,92,0.5,,229,23,,1012.5,0,8
2024-11-18 07:00:00,5.9,4.4,90,0,,227,23.4,,1012.3,0,3
2024-11-18 08:00:00,6,4.6,91,0.3,,225,23,,1012.8,0,8
2024-11-18 09:00:00,5.8,5.1,95,0.7,,226,20.5,,1013.4,0,8
2024-11-18 10:00:00,6,5.3,95,1,,232,17.6,,1013.4,2,9
2024-11-18 11:00:00,6.1,5.5,96,1.1,,235,15.5,,1013.3,15,9
2024-11-18 12:00:00,6.4,6,97,1.3,,227,15.8,,1013,0,9
2024-11-18 13:00:00,6.5,6.2,98,1.4,,230,19.1,,1012.4,8,9
2024-11-18 14:00:00,6.7,6.3,97,1.3,,237,18,,1012.4,40,9
2024-11-18 15:00:00,6.9,6.6,98,1.6,,236,17.6,,1012.3,31,9
2024-11-18 16:00:00,6.1,5.4,95,1.2,,26,7.9,,1012.3,0,9
2024-11-18 17:00:00,5.9,5.2,95,1.6,,42,6.1,,1012.3,0,9
2024-11-18 18:00:00,5.7,5,95,2,,52,5,,1012.5,0,9
2024-11-18 19:00:00,5.6,5.2,97,2.1,,68,5.4,,1012.3,0,9
2024-11-18 20:00:00,5.8,5.4,97,2,,84,5,,1012.3,0,9
2024-11-18 21:00:00,6.2,5.6,96,1.9,,135,12.6,,1011.5,0,9
2024-11-18 22:00:00,6.4,5.8,96,1.3,,214,14.8,,1010.9,,9
2024-11-18 23:00:00,6.9,6.5,97,0.9,,212,15.5,,1010.4,,8
2024-11-19 00:00:00,7.3,6.7,96,0.6,,211,18.7,,1009.8,,8
2024-11-19 01:00:00,7.6,6.5,93,0,,212,19.8,,1008.5,,3
2024-11-19 02:00:00,7.8,6.9,94,0,,207,19.8,,1008,,3
2024-11-19 03:00:00,8,7.1,94,1.1,,213,23.8,,1006.9,,9
2024-11-19 04:00:00,8.1,7.2,94,1.1,,215,24.1,,1005.9,0,9
2024-11-19 05:00:00,8.1,7,93,1,,214,24.5,,1004.7,0,9
2024-11-19 06:00:00,8,6.9,93,0.2,,211,24.5,,1003.6,0,7
2024-11-19 07:00:00,8.3,6.9,91,0.4,,213,25.6,,1002.9,0,8
2024-11-19 08:00:00,8.5,7.1,91,0.7,,214,27,,1002.3,0,8
2024-11-19 09:00:00,8.7,7.2,90,0.4,,215,26.6,,1002.2,0,8
2024-11-19 10:00:00,9.1,7.1,87,0.1,,214,26.6,,1001.6,0,7
2024-11-19 11:00:00,9.3,7.2,87,0.3,,213,26.3,,1000.9,0,8
2024-11-19 12:00:00,9.9,7.5,85,0.5,,216,25.2,,1000.5,0,8
2024-11-19 13:00:00,9.8,7.7,87,0.4,,210,25.9,,998.8,0,8
2024-11-19 14:00:00,10,7.9,87,0.5,,210,26.6,,997.7,0,8
2024-11-19 15:00:00,9.7,8.3,91,0.6,,211,27.4,,996.2,0,8
2024-11-19 16:00:00,9.4,8.5,94,0.6,,215,28.1,,994.9,0,8
2024-11-19 17:00:00,9.2,8.3,94,1.6,,218,31,,994.3,0,9
2024-11-19 18:00:00,9,8.2,95,1.5,,214,29.2,,992.9,0,9
2024-11-19 19:00:00,9.1,8.3,95,1.6,,227,29.9,,992.8,0,9
2024-11-19 20:00:00,8.7,7.8,94,1.9,,261,21.6,,993.2,0,9
2024-11-19 21:00:00,7.4,6.5,94,1.1,,266,18,,993.8,0,9
2024-11-19 22:00:00,7,6.3,95,0.9,,303,15.1,,993.5,,8
2024-11-19 23:00:00,4.7,4.1,96,2.3,,342,19.1,,994,,9
2024-11-20 00:00:00,3.4,3,97,1.3,,329,14.4,,995.1,,9
2024-11-20 01:00:00,3.3,2.4,94,0.5,,326,17.3,,996,,8
2024-11-20 02:00:00,3,1.8,92,0.4,,326,16.2,,997.3,,8
2024-11-20 03:00:00,2.9,1.9,93,0,,326,15.1,,998.8,,3
2024-11-20 04:00:00,2.7,1.2,90,0,,312,13,,1000.1,0,3
2024-11-20 05:00:00,1.9,0.7,92,0,,285,11.5,,1001.4,0,3
2024-11-20 06:00:00,1.5,0.3,92,0,,265,10.8,,1002.5,0,2
2024-11-20 07:00:00,1.2,0,92,0,,231,11.5,,1002.9,0,3
2024-11-20 08:00:00,2.1,0.3,88,0,,244,14.8,,1003.6,0,3
2024-11-20 09:00:00,3.2,0.9,85,0,,227,16.9,,1004,0,3
2024-11-20 10:00:00,4.3,1.2,80,0,,221,17.3,,1003.9,0,3
2024-11-20 11:00:00,5.1,0.1,70,0,,256,22.3,,1004.4,0,2
2024-11-20 12:00:00,5.4,-0.9,64,0,,257,22.3,,1004.2,0,2
2024-11-20 13:00:00,5.4,-1.3,62,0,,267,22.3,,1004.3,0,3
2024-11-20 14:00:00,5.1,-1.6,62,0.3,,262,20.9,,1004.5,0,8
2024-11-20 15:00:00,4.9,-1.5,63,0.3,,263,20.9,,1004.7,0,8
2024-11-20 16:00:00,4.3,-1.7,65,0,,258,19.1,,1005,0,3
2024-11-20 17:00:00,3.4,-2.1,67,0,,248,17.6,,1005.4,0,3
2024-11-20 18:00:00,2.9,-2.2,69,0,,246,16.9,,1005.8,0,2
2024-11-20 19:00:00,2,-2.9,70,0,,239,14.8,,1006.4,0,3
2024-11-20 20:00:00,1.7,-3.2,70,0,,229,13.3,,1006.5,0,3
2024-11-20 21:00:00,1.2,-2.9,74,0,,208,13.3,,1006.7,0,3
2024-11-20 22:00:00,1,-2.4,78,0,,186,14.4,,1006.8,,3
2024-11-20 23:00:00,1,-2.2,79,0,,212,15.8,,1007.3,,1
2024-11-21 00:00:00,1.3,-2.1,78,0,,209,16.2,,1006.6,,3
2024-11-21 01:00:00,1.3,-2.1,78,0,,224,19.1,,1006.7,,3
2024-11-21 02:00:00,1.9,-2.4,73,0,,234,22.7,,1006.1,,3
2024-11-21 03:00:00,1.9,-3,70,0,,240,23.8,,1006.2,,3
2024-11-21 04:00:00,1.9,-2.1,75,0.3,,243,23.8,,1006.2,0,12
2024-11-21 05:00:00,2,-1.1,80,0.5,,240,24.8,,1006.4,0,12
2024-11-21 06:00:00,2.1,-1.2,79,0,,240,23.4,,1006.6,0,3
2024-11-21 07:00:00,2.1,-1.2,79,0,,237,22.3,,1006.4,0,3
2024-11-21 08:00:00,1.9,-1.5,78,0,,240,21.2,,1006.7,0,3
2024-11-21 09:00:00,1.4,-1.7,80,0,,244,19.1,,1006.7,0,3
2024-11-21 10:00:00,1.6,-1.8,78,0,,241,20.2,,1005.8,45,3
2024-11-21 11:00:00,2.1,-2.2,73,0,,233,16.6,,1004.8,8,3
2024-11-21 12:00:00,2.5,-2.6,69,0,,218,13.3,,1003.3,3,3
2024-11-21 13:00:00,2.8,-3.1,65,0,,208,11.2,,1001.6,0,3
2024-11-21 14:00:00,2.9,-3,65,0,,200,7.6,,999.7,0,3
2024-11-21 15:00:00,2.6,-2.7,68,0,,153,4.7,,997.4,0,3
2024-11-21 16:00:00,2,-2.3,73,0,,109,6.1,,995.6,0,3
2024-11-21 17:00:00,1.4,-2.4,76,0,,93,8.3,,994.4,0,3
2024-11-21 18:00:00,1.2,-2.4,77,0,,77,7.6,,993.9,0,3
2024-11-21 19:00:00,0.9,-2.2,80,0,,44,6.8,,994.3,0,3
2024-11-21 20:00:00,0.6,-2.1,82,0,,11,6.8,,993.9,0,3
2024-11-21 21:00:00,0.2,-2.5,82,0,,359,8.3,,994.2,0,3
2024-11-21 22:00:00,0,-2.7,82,0,,356,8.6,,994.9,,3
2024-11-21 23:00:00,-0.3,-2.7,84,0,,354,9.4,,995,,3
2024-11-22 00:00:00,-0.5,-2.9,84,0,,340,8.3,,996.2,,3
2024-11-22 01:00:00,-0.7,-2.9,85,0,,321,7.2,,997.6,,3
2024-11-22 02:00:00,-1.1,-3.1,86,0,,295,7.6,,999.1,,3
2024-11-22 03:00:00,-1.3,-3.8,83,0,,269,6.5,,1000.4,,3
2024-11-22 04:00:00,-1.5,-4.3,81,0,,226,9.4,,1001.7,0,1
2024-11-22 05:00:00,-1.6,-4.4,81,0,,207,11.9,,1002.9,0,1
2024-11-22 06:00:00,-1.9,-4.2,84,0,,210,13,,1003.5,0,1
2024-11-22 07:00:00,-2.1,-4.1,86,0,,224,13,,1004,0,1
2024-11-22 08:00:00,-2.1,-3.8,88,0,,217,15.5,,1005.2,0,1
2024-11-22 09:00:00,-1.2,-3.2,86,0,,215,18.7,,1006.2,0,1
2024-11-22 10:00:00,-0.1,-2.8,82,0,,222,22,,1006.9,0,2
2024-11-22 11:00:00,1,-2.9,75,0,,234,27.4,,1007.4,1,3
2024-11-22 12:00:00,1.4,-2.5,75,0,,236,27,,1007.7,26,3
2024-11-22 13:00:00,1.9,-2.4,73,0,,238,27,,1007.6,26,3
2024-11-22 14:00:00,2.7,-2.2,70,0,,243,27,,1008,20,3
2024-11-22 15:00:00,3,-2.1,69,0,,230,25.9,,1008.1,0,3
2024-11-22 16:00:00,1.9,-1.4,79,1.4,,224,21.2,,1009.5,0,13
2024-11-22 17:00:00,1.8,-1.3,80,0.1,,221,22,,1010.4,0,12
2024-11-22 18:00:00,2,-2,75,0,,223,22.3,,1011.2,0,3
2024-11-22 19:00:00,2.1,-2.2,73,0,,229,23,,1011.9,0,3
2024-11-22 20:00:00,2.2,-1.6,76,0.2,,229,24.5,,1012.8,0,12
2024-11-22 21:00:00,2.3,-1,79,0,,232,25.2,,1014.2,0,3
2024-11-22 22:00:00,2.4,-0.5,81,0.3,,248,24.5,,1015.6,,12
2024-11-22 23:00:00,2.7,-0.2,81,0.2,,252,23.4,,1017.2,,12
2024-11-23 00:00:00,2.5,-0.3,82,0.1,,246,21.6,,1018.7,,12
2024-11-23 01:00:00,2.1,-0.2,85,0,,234,19.4,,1019.9,,3
2024-11-23 02:00:00,2.1,0.3,88,0,,227,19.8,,1021.3,,3
2024-11-23 03:00:00,2.3,0.5,88,0,,228,19.1,,1022.3,,3
2024-11-23 04:00:00,2.5,0.6,87,0,,232,17.6,,1022.6,0,3
2024-11-23 05:00:00,2.4,0.5,87,0,,226,16.6,,1022.7,0,3
2024-11-23 06:00:00,2.4,0,84,0,,222,16.9,,1023.4,0,3
2024-11-23 07:00:00,2.3,-0.5,82,0,,216,15.5,,1023.6,0,3
2024-11-23 08:00:00,2.3,-0.6,81,0,,205,14.4,,1024.1,0,3
2024-11-23 09:00:00,2.6,-0.7,79,0,,200,13.7,,1024.7,0,3
2024-11-23 10:00:00,3.1,-0.5,77,0,,187,11.5,,1024.4,26,3
2024-11-23 11:00:00,3.6,-0.8,73,0,,178,12.2,,1024.1,43,3
2024-11-23 12:00:00,4.5,-0.3,71,0,,178,11.2,,1023.7,60,3
2024-11-23 13:00:00,5,-0.4,68,0,,160,11.2,,1022.8,60,3
2024-11-23 14:00:00,4.9,-0.3,69,0,,145,12.2,,1022.1,32,3
2024-11-23 15:00:00,5.1,-0.1,69,0,,146,11.5,,1021.4,0,3
2024-11-23 16:00:00,4.9,-0.5,68,0,,140,14,,1020.3,0,3
2024-11-23 17:00:00,4.8,-0.6,68,0,,142,15.5,,1020,0,3
2024-11-23 18:00:00,4.2,-1.6,66,0,,147,16.9,,1019.6,0,3
2024-11-23 19:00:00,3.9,-2.3,64,0,,147,16.6,,1018.9,0,3
2024-11-23 20:00:00,3.7,-3.1,61,0,,147,16.2,,1018.1,0,3
2024-11-23 21:00:00,4.1,-3.2,59,0,,148,13.7,,1018.5,0,3
2024-11-23 22:00:00,4.2,-3.1,59,0,,162,15.1,,1018.4,,3
2024-11-23 23:00:00,5.1,-3.2,55,0,,179,15.5,,1018.2,,3
2024-11-24 00:00:00,6,-3.6,50,0,,194,17.6,,1018,,3
2024-11-24 01:00:00,6.7,-2.5,52,0,,201,17.3,,1017.6,,3
2024-11-24 02:00:00,7,-1.9,53,0,,207,18,,1017.8,,3
2024-11-24 03:00:00,7.3,-0.4,58,0,,215,18.7,,1017.6,,3
2024-11-24 04:00:00,7.8,1,62,0,,216,18.4,,1017.5,0,3
2024-11-24 05:00:00,8.1,1.7,64,0,,217,18.7,,1017.4,0,3
2024-11-24 06:00:00,8.5,2.3,65,0,,214,18,,1017.3,0,3
2024-11-24 07:00:00,8.9,2.9,66,0,,210,17.6,,1017.4,0,3
2024-11-24 08:00:00,8.7,3.7,71,0,,200,16.9,,1017.5,0,3
2024-11-24 09:00:00,9.7,4.5,70,0,,192,17.3,,1018,0,3
2024-11-24 10:00:00,10.8,4.9,67,0,,178,16.6,,1018.3,0,3
2024-11-24 11:00:00,12.2,5.8,65,0,,171,16.6,,1018.5,0,3
2024-11-24 12:00:00,13.5,6.8,64,0,,169,16.6,,1017.9,20,3
2024-11-24 13:00:00,14.6,7.6,63,0,,193,18,,1017.2,0,3
2024-11-24 14:00:00,15.5,7.3,58,0,,206,16.6,,1017,7,3
2024-11-24 15:00:00,15.2,7.2,59,0,,202,14,,1016.8,0,3
2024-11-24 16:00:00,14,7.1,63,0,,184,11.9,,1016.6,0,3
2024-11-24 17:00:00,12.3,6.8,69,0,,161,11.9,,1016.7,0,3
2024-11-24 18:00:00,11.9,6.4,69,0,,150,12.2,,1016.9,0,3
2024-11-24 19:00:00,11.4,6.3,71,0,,146,12.6,,1017.1,0,3
2024-11-24 20:00:00,10.9,6.3,73,0,,152,13.3,,1017.1,0,3
2024-11-24 21:00:00,10.4,6,74,0,,154,14,,1017,0,3
2024-11-24 22:00:00,10.1,5.7,74,0,,154,14.4,,1016.7,,3
2024-11-24 23:00:00,9.9,5.3,73,0,,151,14.4,,1016.6,,3
2024-11-25 00:00:00,9.7,5.1,73,0,,143,15.1,,1015.9,,3
2024-11-25 01:00:00,9,4.4,73,0,,129,13,,1015.6,,3
2024-11-25 02:00:00,8.1,3.9,75,0,,116,12.6,,1015.3,,3
2024-11-25 03:00:00,7.8,3.3,73,0,,119,12.6,,1015,,3
2024-11-25 04:00:00,7.8,2.7,70,0,,122,11.9,,1014.4,0,3
2024-11-25 05:00:00,9.2,2.5,63,0,,131,13.7,,1013.7,0,3
2024-11-25 06:00:00,9.4,2.3,61,0,,130,14,,1013.2,0,3
2024-11-25 07:00:00,9.4,2.3,61,0,,129,14.8,,1012.6,0,3
2024-11-25 08:00:00,8.8,1.7,61,0,,131,15.5,,1012.1,0,3
2024-11-25 09:00:00,9.8,2.4,60,0,,131,14.8,,1012,0,3
2024-11-25 10:00:00,11.6,3.6,58,0,,127,13.7,,1011.4,8,2
2024-11-25 11:00:00,12.7,4.1,56,0,,130,14.4,,1010.7,0,3
2024-11-25 12:00:00,14.7,6.5,58,0,,136,13,,1009.9,0,3
2024-11-25 13:00:00,13.9,5.5,57,0,,152,11.9,,1009.6,0,3
2024-11-25 14:00:00,14.8,6.1,56,0,,156,11.9,,1009.3,0,3
2024-11-25 15:00:00,14.8,5.8,55,0,,185,11.9,,1009.1,0,3
2024-11-25 16:00:00,14.5,5.6,55,0,,186,10.8,,1009,0,3
2024-11-25 17:00:00,13.6,5.7,59,0,,196,9.4,,1009.6,0,3
2024-11-25 18:00:00,13.4,5.1,57,0,,182,11.2,,1010.1,0,3
2024-11-25 19:00:00,14.3,5.6,56,0,,213,21.6,,1010.5,0,3
2024-11-25 20:00:00,14.5,8.7,68,0,,219,21.6,,1010.7,0,3
2024-11-25 21:00:00,12.1,10.5,90,0.8,,227,18.7,,1012,0,8
2024-11-25 22:00:00,11.5,10.7,95,1.1,,223,15.5,,1013.1,,9
2024-11-25 23:00:00,11.1,10.5,96,1.3,,214,12.6,,1013.9,,9
2024-11-26 00:00:00,10.7,10.1,96,0.8,,225,11.9,,1014.6,,8
2024-11-26 01:00:00,10.2,9.6,96,0.3,,250,13.3,,1015.5,,8
2024-11-26 02:00:00,9.4,8.8,96,0.3,,250,11.5,,1016.6,,8
2024-11-26 03:00:00,9.1,8.5,96,0,,249,11.5,,1017.3,,3
2024-11-26 04:00:00,8.5,8.1,97,0,,230,9.4,,1017.8,0,3
2024-11-26 05:00:00,8.1,7.8,98,0,,195,9,,1018.4,0,3
2024-11-26 06:00:00,8.4,7.3,93,0.2,,228,13,,1019,0,7
2024-11-26 07:00:00,8.4,7.6,95,0.6,,220,14.4,,1019.6,0,8
2024-11-26 08:00:00,8.4,7.6,95,0,,216,13.3,,1020.3,0,3
2024-11-26 09:00:00,8.3,7.4,94,0,,210,14,,1021,0,3
2024-11-26 10:00:00,9.1,7.5,90,0,,219,13.3,,1021.1,29,3
2024-11-26 11:00:00,9.4,7.5,88,0,,217,14.4,,1021.2,60,3
2024-11-26 12:00:00,10.1,7,81,0,,228,16.2,,1021,60,3
2024-11-26 13:00:00,10.6,6.4,75,0,,231,16.2,,1020.9,41,3
2024-11-26 14:00:00,10.7,5.9,72,0,,232,16.6,,1021.2,47,3
2024-11-26 15:00:00,10.2,6.7,79,0.2,,215,11.5,,1021.2,9,17
2024-11-26 16:00:00,10.1,6.1,76,0.2,,216,11.5,,1021.4,0,17
2024-11-26 17:00:00,8.7,5.8,82,0,,206,9.7,,1022,0,3
2024-11-26 18:00:00,7.9,5.7,86,0,,204,8.6,,1022.6,0,2
2024-11-26 19:00:00,7.2,5.3,88,0,,198,7.2,,1022.9,0,1
2024-11-26 20:00:00,6.7,5,89,0,,181,6.8,,1023.2,0,1
2024-11-26 21:00:00,6.5,5.3,92,0,,176,8.3,,1023.5,0,3
2024-11-26 22:00:00,5.9,4.9,93,0,,174,9,,1023.6,,3
2024-11-26 23:00:00,5.6,4.7,94,0,,169,9,,1023.8,,3
2024-11-27 00:00:00,4.9,4.3,96,0,,162,7.2,,1023.7,,3
2024-11-27 01:00:00,5.1,4.4,95,0,,145,5.4,,1023.5,,3
2024-11-27 02:00:00,4.8,4.2,96,0,,138,5,,1023.7,,3
2024-11-27 03:00:00,5.1,4.7,97,0,,141,7.9,,1023.6,,3
2024-11-27 04:00:00,5.2,4.8,97,0,,146,7.9,,1023.3,0,3
2024-11-27 05:00:00,4.9,4.5,97,0,,145,8.3,,1023.2,0,3
2024-11-27 06:00:00,5.2,4.8,97,0,,149,9.4,,1022.9,0,3
2024-11-27 07:00:00,5.2,4.6,96,0,,151,9.7,,1022.5,0,3
2024-11-27 08:00:00,4.7,4.3,97,0,,148,9.7,,1022.5,0,3
2024-11-27 09:00:00,5.3,4.6,95,0,,136,10.1,,1022.7,0,3
2024-11-27 10:00:00,6.7,5.6,93,0,,139,10.1,,1022.4,0,3
2024-11-27 11:00:00,8.1,6.2,88,0,,142,10.4,,1022.1,0,3
2024-11-27 12:00:00,9.2,6.5,83,0,,147,10.8,,1021.5,0,3
2024-11-27 13:00:00,10.5,6.6,77,0,,163,13.3,,1020.6,0,1
2024-11-27 14:00:00,10.9,6.8,76,0,,156,12.6,,1019.5,0,3
2024-11-27 15:00:00,11.3,6.8,74,0,,172,14.8,,1018.8,0,3
2024-11-27 16:00:00,10.9,5.8,71,0,,178,15.8,,1018.2,0,3
2024-11-27 17:00:00,11,5.1,67,0,,181,16.2,,1017.8,0,3
2024-11-27 18:00:00,11.2,4.4,63,0,,198,17.6,,1017.7,0,3
2024-11-27 19:00:00,10,6,76,1.1,,204,19.8,,1017.5,0,9
2024-11-27 20:00:00,10.2,5.8,74,0.2,,204,20.2,,1017.3,0,7
2024-11-27 21:00:00,11.1,5.4,68,0,,215,23,,1017.2,0,3
2024-11-27 22:00:00,10.6,6.4,75,0,,215,24.8,,1017,,3
2024-11-27 23:00:00,10.1,7.7,85,1.4,,216,24.5,,1016.8,,9
2024-11-28 00:00:00,10.3,8.1,86,0.1,,222,21.2,,1017.1,,7
2024-11-28 01:00:00,9.8,9,95,1,,238,19.8,,1017.4,,9
2024-11-28 02:00:00,9.7,9.1,96,1,,288,18.4,,1018.5,,9
2024-11-28 03:00:00,8.1,6.2,88,0.1,,313,16.2,,1019.7,,7
2024-11-28 04:00:00,7.2,4.7,84,0,,282,14.4,,1020.2,0,3
2024-11-28 05:00:00,6.7,4.2,84,0,,283,13.3,,1021.1,0,3
2024-11-28 06:00:00,5.8,3.5,85,0,,271,11.9,,1022.1,0,3
2024-11-28 07:00:00,4.9,2.9,87,0,,264,11.5,,1022.8,0,2
2024-11-28 08:00:00,4.8,2.7,86,0,,262,12.2,,1023.4,0,2
2024-11-28 09:00:00,5.3,3,85,0,,257,13,,1024.4,0,3
2024-11-28 10:00:00,6.3,2.9,79,0,,265,13,,1025.1,0,3
2024-11-28 11:00:00,7.4,3.1,74,0,,262,12.6,,1025.6,0,3
2024-11-28 12:00:00,8.4,2.4,66,0,,298,18.7,,1025.7,37,2
2024-11-28 13:00:00,8.7,2.3,64,0,,304,18,,1025.6,38,3
2024-11-28 14:00:00,8.9,1.8,61,0,,300,19.1,,1025.8,9,3
2024-11-28 15:00:00,8.8,2.1,63,0,,297,14.8,,1026.3,0,3
2024-11-28 16:00:00,7.8,2.1,67,0,,286,9,,1027.2,0,3
2024-11-28 17:00:00,6.5,2.2,74,0,,273,8.3,,1027.9,0,3
2024-11-28 18:00:00,5.4,1.5,76,0,,268,9.4,,1028.9,0,3
2024-11-28 19:00:00,4.8,1.3,78,0,,280,8.3,,1029.6,0,2
2024-11-28 20:00:00,4.4,1.1,79,0,,287,7.2,,1030.3,0,3
2024-11-28 21:00:00,3.9,0.8,80,0,,284,6.1,,1030.8,0,2
2024-11-28 22:00:00,3.5,0.7,82,0,,297,5.8,,1031.4,,2
2024-11-28 23:00:00,3.2,0.8,84,0,,298,5.4,,1031.8,,1
2024-11-29 00:00:00,2.4,0.5,87,0,,308,5.8,,1031.9,,1
2024-11-29 01:00:00,2.3,0.5,88,0,,298,2.5,,1032.3,,1
2024-11-29 02:00:00,2,0.4,89,0,,189,1.8,,1032.6,,2
2024-11-29 03:00:00,1.7,0.5,92,0,,204,2.5,,1032.6,,2
2024-11-29 04:00:00,1.3,0.4,94,0,,53,1.1,,1032.5,0,1
2024-11-29 05:00:00,1.4,0.1,91,0,,45,3.2,,1032.6,0,1
2024-11-29 06:00:00,1.2,0,92,0,,64,4.7,,1032.8,0,2
2024-11-29 07:00:00,0.5,-0.2,95,0,,88,6.5,,1032.7,0,1
2024-11-29 08:00:00,0,-0.4,97,0,,111,7.9,,1033.1,0,1
2024-11-29 09:00:00,0.7,0.1,96,0,,118,9.4,,1033.8,0,2
2024-11-29 10:00:00,2.8,1.6,92,0,,121,7.9,,1033.8,46,2
2024-11-29 11:00:00,4.5,2.5,87,0,,99,6.1,,1033.9,60,2
2024-11-29 12:00:00,5.7,2.7,81,0,,112,8.6,,1033.5,60,2
2024-11-29 13:00:00,6.5,2.4,75,0,,103,9.4,,1033.1,60,3
2024-11-29 14:00:00,6.8,2.1,72,0,,85,10.1,,1033.1,60,3
2024-11-29 15:00:00,6.8,2.3,73,0,,92,11.5,,1032.6,60,3
2024-11-29 16:00:00,5.6,2.1,78,0,,96,10.4,,1032.4,29,3
2024-11-29 17:00:00,3.8,1.2,83,0,,98,9.7,,1032.7,0,1
2024-11-29 18:00:00,3.2,0.8,84,0,,92,10.4,,1033,0,1
2024-11-29 19:00:00,2.7,0.3,84,0,,86,11.9,,1033,0,2
2024-11-29 20:00:00,2.5,-0.1,83,0,,96,13,,1033.2,0,1
2024-11-29 21:00:00,2.3,-0.3,83,0,,105,13.7,,1033.3,0,1
2024-11-29 22:00:00,1.9,-0.4,85,0,,106,13.7,,1033.4,,1
2024-11-29 23:00:00,1.6,-0.5,86,0,,109,14.8,,1033.2,,1
2024-11-30 00:00:00,1.4,-0.5,87,0,,113,15.1,,1032.8,,1
2024-11-30 01:00:00,1.3,-0.9,85,0,,111,14.4,,1032.3,,1
2024-11-30 02:00:00,1.1,-1.1,85,0,,108,14.4,,1032,,1
2024-11-30 03:00:00,1,-1.2,85,0,,108,14.8,,1032.1,,1
2024-11-30 04:00:00,0.8,-1.4,85,0,,107,14.4,,1031.7,0,1
2024-11-30 05:00:00,0.6,-1.6,85,0,,105,14.4,,1031.7,0,1
2024-11-30 06:00:00,0.5,-1.6,86,0,,109,14.4,,1031.6,0,1
2024-11-30 07:00:00,0.5,-1.6,86,0,,110,14.8,,1031.2,0,1
2024-11-30 08:00:00,0.4,-1.8,85,0,,101,14.4,,1031.7,0,1
2024-11-30 09:00:00,0.8,-1.3,86,0,,87,12.6,,1032.1,0,2
2024-11-30 10:00:00,2.7,-0.2,81,0,,98,13.3,,1031.8,44,2
2024-11-30 11:00:00,4.1,0.3,76,0,,105,12.6,,1031.7,60,1
2024-11-30 12:00:00,5.4,0.6,71,0,,108,11.5,,1031.2,60,3
2024-11-30 13:00:00,6.5,0.4,65,0,,110,11.5,,1030.5,60,2
2024-11-30 14:00:00,7.1,0.8,64,0,,111,10.4,,1030.1,60,1
2024-11-30 15:00:00,6.9,1.8,70,0,,114,9.7,,1029.5,60,1
2024-11-30 16:00:00,4,-0.2,74,0,,116,7.9,,1029.5,13,1
2024-11-30 17:00:00,2.1,-1,80,0,,96,7.9,,1029.7,0,1
2024-11-30 18:00:00,0.9,-1.3,85,0,,64,7.9,,1029.7,0,1
2024-11-30 19:00:00,0.2,-1.4,89,0,,81,8.6,,1029.9,0,1
2024-11-30 20:00:00,-0.1,-1.4,91,0,,99,11.2,,1029.8,0,1
2024-11-30 21:00:00,-0.8,-2.1,91,0,,119,11.2,,1029.7,0,2
2024-11-30 22:00:00,-1,-2.4,90,0,,118,11.5,,1029.6,,1
2024-11-30 23:00:00,-1.1,-2.4,91,0,,97,10.4,,1029.6,,3
2024-12-01 00:00:00,-1.5,-2.5,93,0,,71,9.7,,1029.6,,3
2024-12-01 01:00:00,-1.8,-2.6,94,0,,82,8.6,,1029.2,,3
2024-12-01 02:00:00,-1.7,-2.3,96,0,,132,6.8,,1029.1,,2
2024-12-01 03:00:00,-1.7,-2.3,96,0,,140,7.2,,1028.8,,2
2024-12-01 04:00:00,-1.9,-2.5,96,0,,160,4.7,,1028.4,0,3
2024-12-01 05:00:00,-2.1,-2.5,97,0,,174,4,,1028.3,0,3
2024-12-01 06:00:00,-2.3,-2.7,97,0,,180,4,,1028.4,0,2
2024-12-01 07:00:00,-2.5,-2.9,97,0,,161,4,,1028.1,0,3
2024-12-01 08:00:00,-2.6,-3,97,0,,149,4.7,,1027.9,0,5
2024-12-01 09:00:00,-1.6,-2,97,0,,154,6.5,,1028.1,0,5
2024-12-01 10:00:00,-0.6,-1.4,94,0,,153,6.8,,1028,42,5
2024-12-01 11:00:00,0,-1,93,0,,156,6.5,,1027.7,60,3
2024-12-01 12:00:00,0.7,-0.6,91,0,,164,6.8,,1027,60,5
2024-12-01 13:00:00,1.5,-0.4,87,0,,171,7.2,,1026.4,60,3
2024-12-01 14:00:00,2,-0.6,83,0,,144,6.1,,1025.7,60,3
2024-12-01 15:00:00,2.2,-0.4,83,0,,134,5.4,,1025.3,60,2
2024-12-01 16:00:00,0.8,-1,88,0,,131,5.8,,1024.9,13,1
2024-12-01 17:00:00,-0.3,-1.9,89,0,,121,8.6,,1025,0,1
2024-12-01 18:00:00,-0.4,-2,89,0,,114,8.6,,1024.7,0,1
2024-12-01 19:00:00,-0.2,-1.9,88,0,,116,8.6,,1024.1,0,3
2024-12-01 20:00:00,0.3,-1.9,85,0,,121,9,,1023.7,0,3
2024-12-01 21:00:00,0.7,-1.7,84,0,,127,8.6,,1023.5,0,3
2024-12-01 22:00:00,0,-2.7,82,0,,124,9,,1023.2,,3
2024-12-01 23:00:00,0.1,-3.1,79,0,,126,9,,1022.7,,2
2024-12-02 00:00:00,0.3,-3.4,76,0,,131,8.6,,1022.5,,2
2024-12-02 01:00:00,0.8,-3.9,71,0,,133,9,,1022.1,,3
2024-12-02 02:00:00,1.1,-4.1,68,0,,141,8.6,,1022,,2
2024-12-02 03:00:00,1.5,-1.7,79,0,,138,9,,1021.7,,3
2024-12-02 04:00:00,2,-1.8,76,0,,141,9,,1020.9,0,3
2024-12-02 05:00:00,3,-1.4,73,0,,142,8.6,,1020.6,0,3
2024-12-02 06:00:00,3.2,-1.2,73,0,,141,9.7,,1020.5,0,3
2024-12-02 07:00:00,3.1,-1.1,74,0,,142,10.4,,1019.8,0,3
2024-12-02 08:00:00,2.9,-1.8,71,0,,141,10.4,,1020.2,0,3
2024-12-02 09:00:00,3.4,-1.2,72,0,,144,9.7,,1020.3,0,3
2024-12-02 10:00:00,3.8,0.3,78,0.1,,147,10.1,,1020.1,0,7
2024-12-02 11:00:00,4.4,1.9,84,0,,150,10.8,,1019.7,0,3
2024-12-02 12:00:00,4.9,2.9,87,0,,151,11.5,,1019,0,3
2024-12-02 13:00:00,6.1,3.8,85,0,,151,11.2,,1018.2,0,3
2024-12-02 14:00:00,7.2,4.8,85,0,,162,10.8,,1017.7,0,3
2024-12-02 15:00:00,7.5,6,90,0,,201,11.2,,1017.1,0,3
2024-12-02 16:00:00,7.2,6,92,0,,203,12.6,,1016.8,0,3
2024-12-02 17:00:00,6.3,4.9,91,0.1,,190,13.7,,1016.4,0,7
2024-12-02 18:00:00,5.6,4.7,94,1.9,,179,11.2,,1016.4,0,9
2024-12-02 19:00:00,4.3,3.9,97,0,,192,10.8,,1016.5,0,3
2024-12-02 20:00:00,3.6,3.3,98,0,,173,9.7,,1016.5,0,3
2024-12-02 21:00:00,3.1,2.8,98,0,,183,9.7,,1016.9,0,3
2024-12-02 22:00:00,3,2.9,99,0,,187,11.5,,1016.9,,3
2024-12-02 23:00:00,3.1,3.1,100,0,,190,12.2,,1016.8,,3
2024-12-03 00:00:00,2.9,2.9,100,0,,195,12.2,,1017.3,,5
2024-12-03 01:00:00,2.9,2.9,100,0,,194,11.5,,1017.3,,5
2024-12-03 02:00:00,2.8,2.8,100,0,,190,10.1,,1017.4,,5
2024-12-03 03:00:00,2.6,2.6,100,0,,192,10.1,,1017.6,,5
2024-12-03 04:00:00,2.6,2.5,99,0,,195,10.4,,1017.8,0,5
2024-12-03 05:00:00,4.3,4.2,99,0,,207,12.6,,1017.6,0,3
2024-12-03 06:00:00,4.5,4.2,98,0,,224,13,,1017.9,0,3
2024-12-03 07:00:00,4.6,4.3,98,0,,223,14,,1018.1,0,3
2024-12-03 08:00:00,4.7,4.4,98,0,,224,14.8,,1018.7,0,3
2024-12-03 09:00:00,4.7,4.4,98,0.4,,220,16.2,,1019.3,0,8
2024-12-03 10:00:00,5,4.7,98,0,,217,15.5,,1019.3,0,3
2024-12-03 11:00:00,5.4,5,97,0.2,,226,16.6,,1019.6,5,7
2024-12-03 12:00:00,5.5,5.1,97,0.3,,228,15.8,,1019.7,4,8
2024-12-03 13:00:00,5.8,5.2,96,0.2,,232,14.8,,1019.8,19,7
2024-12-03 14:00:00,6.2,5.5,95,0.1,,242,14.4,,1019.9,28,7
2024-12-03 15:00:00,6.8,5.9,94,0,,252,9,,1019.9,5,3
2024-12-03 16:00:00,5.2,4.6,96,0.2,,235,6.5,,1020.2,0,17
2024-12-03 17:00:00,5.1,4.5,96,0,,205,5.4,,1020.8,0,3
2024-12-03 18:00:00,4.9,4.2,95,0,,204,5.8,,1021.4,0,3
2024-12-03 19:00:00,4.7,4.1,96,0,,198,5.8,,1021.8,0,3
2024-12-03 20:00:00,4.2,3.6,96,0,,182,4.3,,1022.2,0,3
2024-12-03 21:00:00,3.2,2.9,98,0,,170,4,,1022.8,0,3
2024-12-03 22:00:00,2.2,2.2,100,0,,156,4,,1023,,5
2024-12-03 23:00:00,1.6,1.6,100,0,,95,2.5,,1023.2,,5
2024-12-04 00:00:00,1.1,1.1,100,0,,58,4,,1023.4,,5
2024-12-04 01:00:00,-0.3,-0.4,99,0,,22,5.4,,1023.8,,5
2024-12-04 02:00:00,-0.6,-0.9,98,0,,11,4.7,,1024.2,,5
2024-12-04 03:00:00,-0.7,-1,98,0,,6,4.7,,1024.4,,3
2024-12-04 04:00:00,-0.5,-0.8,98,0,,13,3.6,,1024.3,0,3
2024-12-04 05:00:00,-0.7,-0.8,99,0,,345,2.5,,1024.5,0,3
2024-12-04 06:00:00,0.1,-0.6,95,0,,348,4.3,,1024.8,0,5
2024-12-04 07:00:00,-0.1,-0.8,95,0,,301,2.9,,1025.5,0,3
2024-12-04 08:00:00,-0.5,-0.9,97,0,,265,2.5,,1026.3,0,3
2024-12-04 09:00:00,-0.3,-0.4,99,0,,265,2.5,,1026.9,0,3
2024-12-04 10:00:00,0.6,0.3,98,0,,198,2.5,,1027.2,0,5
2024-12-04 11:00:00,2,1.4,96,0,,312,4.3,,1027.5,15,5
2024-12-04 12:00:00,3.1,1.8,91,0,,276,4.7,,1027.3,18,5
2024-12-04 13:00:00,3.7,1.9,88,0,,271,4,,1027.2,11,5
2024-12-04 14:00:00,4.1,1.8,85,0,,283,5.4,,1027.8,0,3
2024-12-04 15:00:00,3.9,1.6,85,0,,288,5.4,,1028,18,3
2024-12-04 16:00:00,3.6,2,89,0,,233,2.9,,1028.3,10,3
2024-12-04 17:00:00,1.9,0.9,93,0,,203,5.4,,1028.7,0,3
2024-12-04 18:00:00,1.1,0.2,94,0,,199,5.8,,1029.4,0,3
2024-12-04 19:00:00,0.7,-0.2,94,0,,178,5,,1029.5,0,2
2024-12-04 20:00:00,1.5,0.8,95,0,,173,6.1,,1029.8,0,3
2024-12-04 21:00:00,0.6,-0.5,92,0,,186,4,,1029.7,0,3
2024-12-04 22:00:00,0,-0.8,94,0,,158,5.4,,1029.9,,1
2024-12-04 23:00:00,-0.2,-0.9,95,0,,158,8.3,,1029.8,,1
2024-12-05 00:00:00,-0.8,-1.2,97,0,,170,7.9,,1030,,1
2024-12-05 01:00:00,-1,-1.4,97,0,,175,7.6,,1029.8,,1
2024-12-05 02:00:00,-1.3,-1.6,98,0,,178,6.8,,1029.9,,3
2024-12-05 03:00:00,-1.1,-1.4,98,0,,165,7.9,,1029.7,,3
2024-12-05 04:00:00,-1,-1.3,98,0,,162,8.6,,1029,0,3
2024-12-05 05:00:00,-0.9,-1.2,98,0,,167,9.4,,1028.6,0,3
2024-12-05 06:00:00,-0.9,-1.2,98,0,,151,9.7,,1028.2,0,3
2024-12-05 07:00:00,-1,-1.1,99,0,,135,10.1,,1027.6,0,3
2024-12-05 08:00:00,-1.2,-1.3,99,0,,131,10.4,,1027.4,0,5
2024-12-05 09:00:00,-0.8,-1.2,97,0,,133,10.8,,1027.5,0,3
2024-12-05 10:00:00,0.6,-0.4,93,0,,130,12.6,,1026.8,0,2
2024-12-05 11:00:00,1.9,0.1,88,0,,146,9.7,,1026.1,0,3
2024-12-05 12:00:00,2.8,0,82,0,,175,10.1,,1025.5,0,3
2024-12-05 13:00:00,3.4,-0.2,77,0,,166,10.1,,1024.8,2,3
2024-12-05 14:00:00,3.7,-0.3,75,0,,145,12.6,,1022.9,0,3
2024-12-05 15:00:00,3.8,-0.4,74,0,,158,13.7,,1022,0,3
2024-12-05 16:00:00,3.9,-0.3,74,0,,169,13.7,,1021.7,0,3
2024-12-05 17:00:00,2.5,-0.8,79,0,,136,14,,1020.3,0,3
2024-12-05 18:00:00,2.8,-0.8,77,0.2,,153,15.1,,1019.3,0,12
2024-12-05 19:00:00,2.9,-0.7,77,0.4,,171,15.8,,1018.9,0,12
2024-12-05 20:00:00,2.9,0.3,83,0.8,,181,15.5,,1018.2,0,8
2024-12-05 21:00:00,3.3,0.9,84,0.1,,185,15.8,,1016.7,0,7
2024-12-05 22:00:00,3.1,0.3,82,0.1,,193,15.5,,1015.3,,7
2024-12-05 23:00:00,3.5,0.7,82,0,,193,17.3,,1014,,3
2024-12-06 00:00:00,3.9,1.8,86,0.8,,192,20.2,,1011.7,,8
2024-12-06 01:00:00,4.2,2.7,90,0.1,,195,22.3,,1009.4,,7
2024-12-06 02:00:00,4.6,3.9,95,1.6,,199,21.2,,1007.4,,9
2024-12-06 03:00:00,5.8,4.9,94,1.7,,209,26.3,,1005.5,,9
2024-12-06 04:00:00,6.3,5.4,94,0.6,,218,29.9,,1004.4,0,8
2024-12-06 05:00:00,7.1,5.9,92,1.1,,239,29.2,,1004.4,0,9
2024-12-06 06:00:00,7,6.1,94,0.2,,268,20.2,,1005.7,0,17
2024-12-06 07:00:00,6.3,4.6,89,1.2,,275,20.2,,1007.1,0,18
2024-12-06 08:00:00,6.6,3.6,81,0.3,,275,22,,1009.2,0,17
2024-12-06 09:00:00,6.9,3.1,77,0,,259,20.2,,1010.3,0,3
2024-12-06 10:00:00,7.4,3.1,74,0.2,,259,19.8,,1011.3,0,17
2024-12-06 11:00:00,8.1,2.8,69,0.1,,266,21.2,,1012.4,0,17
2024-12-06 12:00:00,8.8,2.6,65,0,,260,22,,1013.1,2,3
2024-12-06 13:00:00,9,1.9,61,0,,256,26.6,,1013,0,3
2024-12-06 14:00:00,9,1.7,60,0,,263,25.2,,1014,0,2
2024-12-06 15:00:00,8.5,1.4,61,0,,254,24.5,,1014.8,0,3
2024-12-06 16:00:00,7.9,1.5,64,0,,249,25.2,,1015.6,0,3
2024-12-06 17:00:00,7.3,1.4,66,0,,250,26.3,,1016.6,0,3
2024-12-06 18:00:00,7.1,1,65,0,,256,27,,1017.5,0,3
2024-12-06 19:00:00,7.1,1,65,0,,264,25.6,,1017.9,0,3
2024-12-06 20:00:00,6.5,0.8,67,0,,263,21.2,,1018.8,0,3
2024-12-06 21:00:00,5.8,1.1,72,0,,251,18,,1019.6,0,3
2024-12-06 22:00:00,4.8,1.3,78,0,,238,15.1,,1020,,3
2024-12-06 23:00:00,4.4,1.4,81,0,,210,12.6,,1020.3,,3
2024-12-07 00:00:00,3.4,1.1,85,0,,187,13,,1020.1,,3
2024-12-07 01:00:00,2.9,1.3,89,0,,194,13.3,,1019,,3
2024-12-07 02:00:00,2.9,1.4,90,0,,203,13,,1017.9,,3
2024-12-07 03:00:00,2.9,1.3,89,0,,193,13,,1016.6,,3
2024-12-07 04:00:00,3.2,1.4,88,0,,183,12.6,,1014.8,0,3
2024-12-07 05:00:00,3.6,1.8,88,0,,164,11.9,,1013.3,0,3
2024-12-07 06:00:00,3.8,1.7,86,0,,145,13,,1011.5,0,3
2024-12-07 07:00:00,4,1.2,82,0,,137,14.4,,1009.8,0,3
2024-12-07 08:00:00,4.4,0.7,77,0,,136,15.1,,1008.3,0,3
2024-12-07 09:00:00,4.9,0.5,73,0.2,,138,15.5,,1006.8,0,7
2024-12-07 10:00:00,5.5,-0.3,66,0.2,,144,15.5,,1005.1,0,7
2024-12-07 11:00:00,4.6,2.8,88,1.5,,142,14.8,,1003.6,0,9
2024-12-07 12:00:00,5,3.5,90,1,,159,14,,1002.4,0,9
2024-12-07 13:00:00,5.4,4.4,93,1.2,,177,11.9,,1001.4,0,9
2024-12-07 14:00:00,6.1,5.2,94,0.6,,204,14.8,,1000.7,0,8
2024-12-07 15:00:00,6.7,5.8,94,0.3,,211,17.6,,1000.7,0,8
2024-12-07 16:00:00,7.1,6.5,96,0.1,,200,18,,1001.3,0,7
2024-12-07 17:00:00,7,6.3,95,0,,199,17.3,,1001.4,0,3
2024-12-07 18:00:00,6.8,6.1,95,0,,202,17.3,,1001.5,0,3
2024-12-07 19:00:00,6.4,5.5,94,0,,203,17.3,,1001,0,3
2024-12-07 20:00:00,5.9,5,94,0,,200,17.6,,1000.8,0,3
2024-12-07 21:00:00,5.4,4.5,94,0,,194,18,,1001,0,3
2024-12-07 22:00:00,5.1,4.1,93,0,,195,18,,1001.2,,3
2024-12-07 23:00:00,5.2,3.7,90,0,,198,17.6,,1001.4,,3
2024-12-08 00:00:00,5.8,3.1,83,0,,201,17.3,,1001.4,,3
2024-12-08 01:00:00,5.9,2.4,78,0,,194,16.9,,1001.2,,3
2024-12-08 02:00:00,5.9,1.8,75,0,,182,15.5,,1000.9,,3
2024-12-08 03:00:00,5.2,1.7,78,0,,168,13,,1001,,3
2024-12-08 04:00:00,4.4,1.9,84,0,,146,11.9,,1001.5,0,3
2024-12-08 05:00:00,3.8,1.7,86,0,,138,10.8,,1001.7,0,3
2024-12-08 06:00:00,3.5,1.7,88,0,,125,11.2,,1002.3,0,3
2024-12-08 07:00:00,3.9,1.8,86,0,,126,12.6,,1003.3,0,3
2024-12-08 08:00:00,4,1.7,85,0,,122,11.5,,1003.9,0,3
2024-12-08 09:00:00,4.1,1.8,85,0,,107,9.7,,1004.7,0,3
2024-12-08 10:00:00,4.7,2.1,83,0,,100,7.9,,1005.6,0,3
2024-12-08 11:00:00,5.4,2.2,80,0,,94,7.6,,1006.2,0,3
2024-12-08 12:00:00,6.6,2.1,73,0,,84,8.3,,1006.6,0,3
2024-12-08 13:00:00,7.3,2,69,0,,80,9.4,,1007,0,3
2024-12-08 14:00:00,7.7,1.8,66,0,,72,9.4,,1007.5,0,3
2024-12-08 15:00:00,7.5,2.2,69,0,,50,9,,1008.3,0,3
2024-12-08 16:00:00,6.5,2,73,0,,31,11.2,,1009.2,0,3
2024-12-08 17:00:00,5.7,2.3,79,0,,26,10.4,,1010.1,0,3
2024-12-08 18:00:00,5.1,2.6,84,0,,20,11.2,,1010.5,0,3
2024-12-08 19:00:00,5,3,87,0,,9,9,,1011.3,0,3
2024-12-08 20:00:00,5.1,3.3,88,0,,350,10.8,,1011.7,0,3
2024-12-08 21:00:00,5,3.2,88,0,,1,11.5,,1012.3,0,3
2024-12-08 22:00:00,5.2,2.9,85,0,,6,13,,1013.1,,3
2024-12-08 23:00:00,5.6,3.1,84,0,,15,14.8,,1013.7,,3
2024-12-09 00:00:00,5.9,3.2,83,0,,26,16.9,,1014.1,,3
2024-12-09 01:00:00,5.8,3,82,0,,30,15.8,,1014.6,,3
2024-12-09 02:00:00,5.5,2.7,82,0,,24,15.8,,1015.3,,3
2024-12-09 03:00:00,5.1,1.9,80,0,,26,17.6,,1016.1,,3
2024-12-09 04:00:00,4.4,0.7,77,0,,23,16.6,,1016.5,0,3
2024-12-09 05:00:00,4,0.2,76,0,,16,15.8,,1016.9,0,3
2024-12-09 06:00:00,3.7,0,77,0,,15,16.2,,1017.5,0,3
2024-12-09 07:00:00,3.6,-0.1,77,0,,16,17.3,,1018.3,0,3
2024-12-09 08:00:00,3.5,-0.1,77,0,,16,17.3,,1018.9,0,3
2024-12-09 09:00:00,3.6,0.1,78,0,,12,15.8,,1019.2,0,3
2024-12-09 10:00:00,3.8,0.5,79,0,,358,13.3,,1019.3,0,3
2024-12-09 11:00:00,4,1,81,0,,1,12.6,,1019.6,0,3
2024-12-09 12:00:00,4,1.4,83,0,,6,11.9,,1019.4,0,3
2024-12-09 13:00:00,4.3,1.8,84,0,,13,13,,1019.1,0,3
2024-12-09 14:00:00,4.6,2.3,85,0,,14,13.3,,1018.9,0,3
2024-12-09 15:00:00,5.1,2.5,83,0,,28,12.2,,1019.2,0,3
2024-12-09 16:00:00,5,2.4,83,0,,31,11.5,,1019.7,0,3
2024-12-09 17:00:00,4.6,2.3,85,0,,38,11.9,,1020.4,0,3
2024-12-09 18:00:00,4.5,1.7,82,0,,43,13.7,,1020.9,0,3
2024-12-09 19:00:00,4.3,0.4,76,0,,47,14,,1021.6,0,3
2024-12-09 20:00:00,3.9,0.1,76,0,,38,12.6,,1022.1,0,3
2024-12-09 21:00:00,3.6,-0.2,76,0,,33,12.6,,1022.7,0,3
2024-12-09 22:00:00,3.6,-0.4,75,0,,32,11.9,,1023.3,,3
2024-12-09 23:00:00,3.9,-0.1,75,0,,28,12.6,,1023.6,,3
2024-12-10 00:00:00,4,0.3,77,0,,32,11.2,,1023.6,,3
2024-12-10 01:00:00,3.7,0.6,80,0,,28,9.7,,1023.6,,3
2024-12-10 02:00:00,3.9,1.3,83,0,,17,8.6,,1023.4,,3
2024-12-10 03:00:00,4,1.5,84,0,,4,9,,1023.2,,3
2024-12-10 04:00:00,4,1.9,86,0,,10,11.2,,1023,0,3
2024-12-10 05:00:00,4.3,1.7,83,0,,26,12.2,,1022.9,0,3
2024-12-10 06:00:00,4.2,1.7,84,0,,31,13,,1023.1,0,3
2024-12-10 07:00:00,4,1.7,85,0,,34,13.3,,1023.5,0,3
2024-12-10 08:00:00,,,,,,,,,,0,
2024-12-10 09:00:00,,,,,,,,,,0,
2024-12-10 10:00:00,,,,,,,,,,0,
2024-12-10 11:00:00,,,,,,,,,,0,
2024-12-10 12:00:00,,,,,,,,,,0,
2024-12-10 13:00:00,5.8,1.7,75,,,51,14.8,,1025.3,0,
2024-12-10 14:00:00,,,,,,,,,,0,
2024-12-10 15:00:00,,,,,,,,,,0,
2024-12-10 16:00:00,,,,,,,,,,0,
2024-12-10 17:00:00,,,,,,,,,,0,
2024-12-10 18:00:00,,,,,,,,,,0,
2024-12-10 19:00:00,4.3,1,79,,,44,11.5,,1027.4,0,
2024-12-10 20:00:00,,,,,,,,,,0,
2024-12-10 21:00:00,,,,,,,,,,0,
2024-12-10 22:00:00,,,,,,,,,,,
2024-12-10 23:00:00,,,,,,,,,,,
2024-12-11 00:00:00,,,,,,,,,,,
2024-12-11 01:00:00,3.3,0.5,82,,,34,7.6,,1028.8,,
2024-12-11 02:00:00,,,,,,,,,,,
2024-12-11 03:00:00,,,,,,,,,,,
2024-12-11 04:00:00,,,,,,,,,,0,
2024-12-11 05:00:00,,,,,,,,,,0,
2024-12-11 06:00:00,,,,,,,,,,0,
2024-12-11 07:00:00,3,0.4,83,,,44,5.8,,1029.8,0,
2024-12-11 08:00:00,,,,,,,,,,0,
2024-12-11 09:00:00,,,,,,,,,,0,
2024-12-11 10:00:00,,,,,,,,,,0,
2024-12-11 11:00:00,,,,,,,,,,0,
2024-12-11 12:00:00,,,,,,,,,,0,
2024-12-11 13:00:00,5.6,0.8,71,,,96,10.4,,1030.5,0,
2024-12-11 14:00:00,,,,,,,,,,0,
2024-12-11 15:00:00,,,,,,,,,,0,
2024-12-11 16:00:00,,,,,,,,,,0,
2024-12-11 17:00:00,,,,,,,,,,0,
2024-12-11 18:00:00,,,,,,,,,,0,
2024-12-11 19:00:00,4,0.7,79,,,70,6.8,,1031.1,0,
2024-12-11 20:00:00,,,,,,,,,,0,
2024-12-11 21:00:00,,,,,,,,,,0,
2024-12-11 22:00:00,,,,,,,,,,,
2024-12-11 23:00:00,,,,,,,,,,,
2024-12-12 00:00:00,,,,,,,,,,,
2024-12-12 01:00:00,3.2,0.8,84,,,66,6.8,,1031.6,,
2024-12-12 02:00:00,,,,,,,,,,,
2024-12-12 03:00:00,,,,,,,,,,,
2024-12-12 04:00:00,,,,,,,,,,0,
2024-12-12 05:00:00,,,,,,,,,,0,
2024-12-12 06:00:00,,,,,,,,,,0,
2024-12-12 07:00:00,2.5,-0.3,82,,,62,8.3,,1031.2,0,
2024-12-12 08:00:00,,,,,,,,,,0,
2024-12-12 09:00:00,,,,,,,,,,0,
2024-12-12 10:00:00,,,,,,,,,,0,
2024-12-12 11:00:00,,,,,,,,,,0,
2024-12-12 12:00:00,,,,,,,,,,0,
2024-12-12 13:00:00,4.6,0,72,,,97,11.9,,1030.1,0,
2024-12-12 14:00:00,,,,,,,,,,0,
2024-12-12 15:00:00,,,,,,,,,,0,
2024-12-12 16:00:00,,,,,,,,,,0,
2024-12-12 17:00:00,,,,,,,,,,0,
2024-12-12 18:00:00,,,,,,,,,,0,
2024-12-12 19:00:00,3.6,-0.2,76,,,96,9,,1027.9,0,
2024-12-12 20:00:00,,,,,,,,,,0,
2024-12-12 21:00:00,,,,,,,,,,0,
2024-12-12 22:00:00,,,,,,,,,,,
2024-12-12 23:00:00,,,,,,,,,,,
2024-12-13 00:00:00,,,,,,,,,,,
2024-12-13 01:00:00,0.4,-1.2,89,,,100,9,,1025.6,,
2024-12-13 02:00:00,,,,,,,,,,,
2024-12-13 03:00:00,,,,,,,,,,,
2024-12-13 04:00:00,,,,,,,,,,0,
2024-12-13 05:00:00,,,,,,,,,,0,
2024-12-13 06:00:00,,,,,,,,,,0,
2024-12-13 07:00:00,-1.7,-3,91,,,110,7.6,,1022.4,0,
2024-12-13 08:00:00,,,,,,,,,,0,
2024-12-13 09:00:00,,,,,,,,,,0,
2024-12-13 10:00:00,,,,,,,,,,0,
2024-12-13 11:00:00,,,,,,,,,,0,
2024-12-13 12:00:00,,,,,,,,,,0,
2024-12-13 13:00:00,3.3,-0.7,75,,,111,4.7,,1020.1,0,
2024-12-13 14:00:00,,,,,,,,,,0,
2024-12-13 15:00:00,,,,,,,,,,0,
2024-12-13 16:00:00,3.1,-0.5,77,,,105,5.4,,1027.1,0,
2024-12-13 17:00:00,1.7,-1,82,0,,94,5.8,,1026.8,0,3
2024-12-13 18:00:00,0.9,-1.3,85,0,,92,6.5,,1026.6,0,3
2024-12-13 19:00:00,0,-1.6,89,0,,92,7.2,,1026.1,0,3
2024-12-13 20:00:00,-0.6,-2,90,0,,92,7.2,,1026,0,3
2024-12-13 21:00:00,-1.1,-2.1,93,0,,95,6.1,,1025.8,0,3
2024-12-13 22:00:00,-1.5,-2.3,94,0,,123,5.4,,1025.8,,3
2024-12-13 23:00:00,-1.6,-2.4,94,0,,114,5.8,,1025.4,,1
2024-12-14 00:00:00,-1.7,-2.5,94,0,,134,5.4,,1025.3,,1
2024-12-14 01:00:00,-1.8,-2.5,95,0,,132,6.1,,1024.8,,2
2024-12-14 02:00:00,-1.8,-2.5,95,0,,140,6.5,,1024.2,,2
2024-12-14 03:00:00,-1.5,-2.2,95,0,,155,8.3,,1024,,3
2024-12-14 04:00:00,-1.4,-2.2,94,0,,162,8.3,,1023.4,0,3
2024-12-14 05:00:00,-1.3,-2.1,94,0,,165,8.3,,1022.9,0,3
2024-12-14 06:00:00,-1.4,-2.4,93,0,,174,7.9,,1022.5,0,3
2024-12-14 07:00:00,-1.3,-2.1,94,0,,183,9,,1022.3,0,3
2024-12-14 08:00:00,-1.4,-2.2,94,0,,187,8.3,,1022.3,0,3
2024-12-14 09:00:00,-1,-1.8,94,0,,188,9.7,,1022.8,0,3
2024-12-14 10:00:00,0.3,-1,91,0,,193,10.4,,1023,0,3
2024-12-14 11:00:00,1.7,-0.4,86,0,,215,10.8,,1023.4,0,3
2024-12-14 12:00:00,2.5,-0.3,82,0,,248,11.5,,1022.7,0,3
2024-12-14 13:00:00,2.9,-0.2,80,0,,264,15.8,,1022.1,0,3
2024-12-14 14:00:00,3.4,-0.2,77,0,,264,15.8,,1021.9,0,3
2024-12-14 15:00:00,3,-0.6,77,0,,263,15.1,,1022.1,0,3
2024-12-14 16:00:00,2.6,-0.8,78,0,,264,12.6,,1022.7,0,3
2024-12-14 17:00:00,1.5,-1.2,82,0,,254,11.9,,1023.5,0,3
2024-12-14 18:00:00,1.5,-1.2,82,0,,234,11.9,,1023.9,0,3
2024-12-14 19:00:00,1.2,-1.2,84,0,,220,12.2,,1024.2,0,3
2024-12-14 20:00:00,1.4,-1,84,0,,231,13,,1024.7,0,3
2024-12-14 21:00:00,1.7,-0.7,84,0,,230,14,,1024.7,0,3
2024-12-14 22:00:00,1.2,-0.7,87,0,,224,13.3,,1024.7,,3
2024-12-14 23:00:00,1.3,-0.5,88,0,,225,13.3,,1024.7,,3
2024-12-15 00:00:00,1.5,-0.3,88,0.2,,232,13.7,,1025.3,,12
2024-12-15 01:00:00,1.5,0,90,0,,225,12.6,,1025.5,,3
2024-12-15 02:00:00,1.4,0.2,92,0,,213,13.3,,1025.7,,3
2024-12-15 03:00:00,1.6,0.7,94,0.3,,214,13.7,,1026.6,,12
2024-12-15 04:00:00,1.8,0.9,94,0,,220,14.8,,1027,0,3
2024-12-15 05:00:00,1.8,0.9,94,0,,223,14.4,,1027.3,0,3
2024-12-15 06:00:00,1.7,0.8,94,0,,232,14,,1028.3,0,3
2024-12-15 07:00:00,1.8,0.9,94,0,,218,13.3,,1028.7,0,3
2024-12-15 08:00:00,2.2,1.2,93,0,,220,14.4,,1029.6,0,3
2024-12-15 09:00:00,2.2,1,92,0,,217,15.8,,1030.4,0,3
2024-12-15 10:00:00,2.7,1.2,90,0,,215,16.9,,1030.8,0,3
2024-12-15 11:00:00,3.1,1.6,90,0,,214,16.6,,1031.4,0,3
2024-12-15 12:00:00,3.3,2,91,0.2,,221,16.9,,1031.6,0,7
2024-12-15 13:00:00,3.7,2.2,90,0,,227,18.4,,1031.6,0,3
2024-12-15 14:00:00,4.1,2.3,88,0,,229,18.4,,1032.2,0,3
2024-12-15 15:00:00,4.2,2.4,88,0,,227,17.6,,1032.4,0,3
2024-12-15 16:00:00,4.3,2.3,87,0,,227,18,,1032.6,0,3
2024-12-15 17:00:00,4.6,2.5,86,0,,228,18.7,,1033.2,0,3
2024-12-15 18:00:00,5.1,2.6,84,0,,225,19.1,,1033.3,0,3
2024-12-15 19:00:00,5,2.5,84,0,,226,19.4,,1033.6,0,3
2024-12-15 20:00:00,5,2.4,83,0,,223,19.8,,1034.1,0,3
2024-12-15 21:00:00,5,2.4,83,0,,222,20.9,,1034.3,0,3
2024-12-15 22:00:00,5.1,2.6,84,0,,222,21.2,,1034.5,,3
2024-12-15 23:00:00,5.5,2.7,82,0,,227,21.6,,1034.8,,3
2024-12-16 00:00:00,5.6,2.8,82,0,,229,20.9,,1035,,3
2024-12-16 01:00:00,5.7,3,83,0,,228,20.9,,1035,,3
2024-12-16 02:00:00,5.7,3,83,0,,226,21.2,,1035.1,,3
2024-12-16 03:00:00,5.8,3.3,84,0,,227,21.2,,1035.2,,3
2024-12-16 04:00:00,6.4,4.1,85,0,,225,21.2,,1035.1,0,3
2024-12-16 05:00:00,6.5,4.3,86,0,,226,20.9,,1034.9,0,3
2024-12-16 06:00:00,6.6,4.6,87,0,,230,20.9,,1034.9,0,3
2024-12-16 07:00:00,6.7,4.7,87,0,,231,21.6,,1035.1,0,3
2024-12-16 08:00:00,6.7,4.7,87,0,,230,22.3,,1035.4,0,3
2024-12-16 09:00:00,6.6,4.6,87,0,,230,21.6,,1036.1,0,3
2024-12-16 10:00:00,6.9,4.7,86,0,,229,21.2,,1036.4,0,3
2024-12-16 11:00:00,7.1,4.9,86,0,,226,20.9,,1036.7,0,3
2024-12-16 12:00:00,7.5,5.1,85,0,,225,20.9,,1036.3,0,3
2024-12-16 13:00:00,7.3,5.3,87,0,,223,19.4,,1035.7,0,3
2024-12-16 14:00:00,7.8,5.4,85,0,,228,18.4,,1035.9,0,3
2024-12-16 15:00:00,7.9,5.7,86,0,,226,17.6,,1035.5,0,3
2024-12-16 16:00:00,7.7,5.8,88,0,,220,16.6,,1035.1,0,3
2024-12-16 17:00:00,7.7,5.8,88,0,,222,16.6,,1034.9,0,3
2024-12-16 18:00:00,7.7,6,89,0,,224,16.9,,1034.9,0,3
2024-12-16 19:00:00,7.6,6.1,90,0,,222,15.1,,1035,0,3
2024-12-16 20:00:00,7.7,6.2,90,0,,222,14.8,,1034.6,0,3
2024-12-16 21:00:00,7.7,6.3,91,0,,223,15.1,,1034.5,0,3
2024-12-16 22:00:00,7.7,6.3,91,0,,224,15.1,,1034.4,,3
2024-12-16 23:00:00,7.7,6.3,91,0,,223,14.8,,1034.1,,3
2024-12-17 00:00:00,7.2,5.7,90,0,,231,12.6,,1033.9,,3
2024-12-17 01:00:00,7.3,5.8,90,0,,236,12.2,,1033.5,,3
2024-12-17 02:00:00,7.2,5.7,90,0,,228,11.9,,1033.1,,3
2024-12-17 03:00:00,7.1,5.7,91,0,,212,12.6,,1032.7,,3
2024-12-17 04:00:00,6.7,5.6,93,0,,216,13,,1032.6,0,3
2024-12-17 05:00:00,6.8,5.7,93,0,,219,13.7,,1032.3,0,3
2024-12-17 06:00:00,6.5,5.8,95,0,,224,13.3,,1032.6,0,3
2024-12-17 07:00:00,6.5,5.6,94,0,,223,11.9,,1032.6,0,3
2024-12-17 08:00:00,6.5,5.6,94,0,,211,11.2,,1032.5,0,3
2024-12-17 09:00:00,6.6,5.7,94,0,,207,10.8,,1032.8,0,3
2024-12-17 10:00:00,6.8,5.3,90,0,,223,11.5,,1032.9,0,3
2024-12-17 11:00:00,7,5.5,90,0,,225,9,,1032.6,0,3
2024-12-17 12:00:00,7.5,5.6,88,0,,239,9.7,,1032.2,0,3
2024-12-17 13:00:00,7.9,5.7,86,0,,241,8.6,,1031.5,0,3
2024-12-17 14:00:00,8.3,5.9,85,0,,208,6.5,,1030.8,0,3
2024-12-17 15:00:00,8.2,5.8,85,0,,187,6.1,,1030.4,0,3
2024-12-17 16:00:00,7.3,5.4,88,0,,176,7.6,,1030.3,0,3
2024-12-17 17:00:00,6.8,5.4,91,0,,167,8.6,,1030,0,3
2024-12-17 18:00:00,6.4,5.4,93,0,,137,7.6,,1029.4,0,3
2024-12-17 19:00:00,5.5,4.8,95,0,,135,6.8,,1028.8,0,3
2024-12-17 20:00:00,5.2,4.6,96,0,,136,7.2,,1028.6,0,3
2024-12-17 21:00:00,4.3,3.7,96,0,,136,6.8,,1027.7,0,3
2024-12-17 22:00:00,4.3,3.7,96,0,,155,7.6,,1027.1,,3
2024-12-17 23:00:00,4.5,4.1,97,0,,151,8.3,,1026.6,,3
2024-12-18 00:00:00,4.6,4.2,97,0,,157,9.4,,1026.1,,3
2024-12-18 01:00:00,4.5,3.9,96,0,,160,10.1,,1025.3,,3
2024-12-18 02:00:00,3.5,2.9,96,0,,160,11.2,,1024.8,,3
2024-12-18 03:00:00,3.5,2.8,95,0,,163,11.5,,1024.4,,3
2024-12-18 04:00:00,3.2,2.2,93,0,,174,11.5,,1024.2,0,3
2024-12-18 05:00:00,4.1,2.3,88,0,,179,11.2,,1023.9,0,3
2024-12-18 06:00:00,4.6,2,83,0,,177,12.6,,1023.5,0,3
2024-12-18 07:00:00,5,2.4,83,0,,182,14,,1022.8,0,3
2024-12-18 08:00:00,4.7,2.1,83,0,,182,11.5,,1023.1,0,3
2024-12-18 09:00:00,5.5,2.2,79,0,,190,13.3,,1023,0,3
2024-12-18 10:00:00,6.3,1.8,73,0.3,,192,13.7,,1022.4,0,8
2024-12-18 11:00:00,7.5,2.2,69,0,,196,11.9,,1022.2,0,3
2024-12-18 12:00:00,8.8,3,67,0,,182,13.3,,1021,0,3
2024-12-18 13:00:00,9.4,2.5,62,0,,211,16.9,,1019.9,0,3
2024-12-18 14:00:00,10.5,3.1,60,0,,204,17.3,,1019.2,0,3
2024-12-18 15:00:00,11,2.8,57,0,,211,17.6,,1018.8,0,2
2024-12-18 16:00:00,10.5,3.3,61,0,,218,17.3,,1018.8,0,3
2024-12-18 17:00:00,10.7,4.6,66,0,,224,19.4,,1018.3,0,3
2024-12-18 18:00:00,10.1,5.7,74,0,,218,18.7,,1018.5,0,3
2024-12-18 19:00:00,9.9,6.1,77,0,,210,15.1,,1018.8,0,3
2024-12-18 20:00:00,10,6.3,78,0,,210,14.4,,1018.6,0,3
2024-12-18 21:00:00,10.1,6.4,78,0,,219,15.1,,1017.9,0,3
2024-12-18 22:00:00,10.3,7,80,0,,215,17.3,,1017.1,,3
2024-12-18 23:00:00,10.5,6.6,77,0,,212,17.6,,1015.8,,3
2024-12-19 00:00:00,10.3,6.1,75,0,,209,16.9,,1014.5,,3
2024-12-19 01:00:00,10.2,6,75,0,,207,17.3,,1013.4,,3
2024-12-19 02:00:00,10.4,6.4,76,0,,215,17.3,,1012.6,,3
2024-12-19 03:00:00,11.1,7.8,80,0,,200,17.3,,1011.5,,3
2024-12-19 04:00:00,10.3,8.1,86,0,,189,17.6,,1009.4,0,3
2024-12-19 05:00:00,10.1,8.2,88,0.2,,203,15.5,,1007.7,0,7
2024-12-19 06:00:00,10.1,8.2,88,0.3,,210,16.6,,1007.3,0,8
2024-12-19 07:00:00,9.3,8.4,94,1.2,,190,16.9,,1006.2,0,9
2024-12-19 08:00:00,9.6,8.8,95,1.5,,199,20.2,,1005,0,9
2024-12-19 09:00:00,9.4,8.5,94,0.7,,207,23,,1004.5,0,8
2024-12-19 10:00:00,9.8,8.6,92,0.2,,211,23.4,,1003.8,0,7
2024-12-19 11:00:00,10.6,8.4,86,0.1,,216,22,,1003.3,1,7
2024-12-19 12:00:00,11.3,8.3,82,0.1,,212,22,,1002.1,8,7
2024-12-19 13:00:00,11.7,8.2,79,0.2,,221,23,,1001,0,7
2024-12-19 14:00:00,11.8,8.6,81,0.2,,226,21.6,,1000.5,0,7
2024-12-19 15:00:00,11.4,8.4,82,0.6,,241,27.4,,1000.1,0,8
2024-12-19 16:00:00,8.6,6.9,89,1,,294,24.1,,1001.6,0,9
2024-12-19 17:00:00,7.3,5.4,88,0.4,,294,20.9,,1003.8,0,8
2024-12-19 18:00:00,6.3,5.1,92,0.3,,285,20.5,,1004.9,0,8
2024-12-19 19:00:00,6,4.3,89,0.2,,285,19.8,,1006.2,0,7
2024-12-19 20:00:00,5.6,3.8,88,0,,288,18.4,,1008.1,0,3
2024-12-19 21:00:00,5.3,2.6,83,0,,288,15.5,,1010.1,0,3
2024-12-19 22:00:00,4.7,1.7,81,0,,284,13.3,,1011.5,,2
2024-12-19 23:00:00,4.3,2.3,87,0,,268,14,,1012.4,,2
2024-12-20 00:00:00,3.5,1.5,87,0,,255,12.6,,1013.2,,3
2024-12-20 01:00:00,3,1.2,88,0,,251,14,,1014.7,,2
2024-12-20 02:00:00,3.1,1.1,87,0,,247,14,,1015.7,,3
2024-12-20 03:00:00,2.7,1.1,89,0,,237,13.7,,1016.2,,3
2024-12-20 04:00:00,2.9,0.6,85,0,,249,14.4,,1017.4,0,3
2024-12-20 05:00:00,2.9,0.3,83,0,,261,13.3,,1018.1,0,3
2024-12-20 06:00:00,3.1,0,80,0,,269,13,,1018.7,0,3
2024-12-20 07:00:00,3.2,0.1,80,0,,266,13,,1019.2,0,3
2024-12-20 08:00:00,3,0.1,81,0,,264,13,,1020.3,0,3
2024-12-20 09:00:00,2.9,0.6,85,0,,258,12.2,,1021.5,0,3
2024-12-20 10:00:00,3.6,0.8,82,0,,260,13.3,,1022.2,6,3
2024-12-20 11:00:00,4.4,0.9,78,0,,256,12.2,,1022.5,35,3
2024-12-20 12:00:00,5.3,0.7,72,0,,276,15.1,,1022.5,50,3
2024-12-20 13:00:00,5.5,0.5,70,0,,271,15.1,,1022.4,10,3
2024-12-20 14:00:00,5.4,-0.2,67,0.2,,268,15.8,,1023.1,6,7
2024-12-20 15:00:00,5.1,-0.5,67,0,,254,13.3,,1023.3,7,3
2024-12-20 16:00:00,4.1,-1.1,69,0,,240,12.2,,1023.4,0,3
2024-12-20 17:00:00,2.7,-1.1,76,0,,218,11.9,,1023.7,0,3
2024-12-20 18:00:00,2.3,-1.3,77,0,,222,13.3,,1024.2,0,3
2024-12-20 19:00:00,1.9,-1.2,80,0,,221,12.6,,1024.5,0,3
2024-12-20 20:00:00,1.6,-1.1,82,0,,214,11.9,,1024.4,0,3
2024-12-20 21:00:00,1.2,-1.4,83,0,,205,11.5,,1024.6,0,2
2024-12-20 22:00:00,1.1,-1.3,84,0,,198,12.2,,1024.7,,2
2024-12-20 23:00:00,1.2,-1.2,84,0,,198,13,,1024.5,,2
2024-12-21 00:00:00,1.2,-0.7,87,0,,193,14.4,,1024.2,,3
2024-12-21 01:00:00,1.8,-0.9,82,0,,199,16.2,,1023.8,,3
2024-12-21 02:00:00,2,-0.9,81,0,,202,16.9,,1023.6,,3
2024-12-21 03:00:00,2.2,-0.9,80,0,,208,16.6,,1023.3,,3
2024-12-21 04:00:00,2.5,-0.8,79,0,,211,16.2,,1023.2,0,3
2024-12-21 05:00:00,3.4,-0.2,77,0,,212,17.6,,1022.7,0,3
2024-12-21 06:00:00,3.5,0,78,0,,208,16.6,,1022.2,0,3
2024-12-21 07:00:00,3.7,0,77,0,,204,16.6,,1022,0,3
2024-12-21 08:00:00,4,0.2,76,0,,197,16.9,,1021.6,0,3
2024-12-21 09:00:00,3.9,0.2,77,0,,203,18,,1022,0,3
2024-12-21 10:00:00,3.8,1.2,83,0,,214,17.6,,1021.3,0,3
2024-12-21 11:00:00,4.6,2,83,0,,218,18.7,,1021,0,3
2024-12-21 12:00:00,5.7,2.5,80,0,,218,18.4,,1020,0,3
2024-12-21 13:00:00,5.6,2.9,83,0,,204,15.8,,1019.5,0,3
2024-12-21 14:00:00,6.2,3.4,82,0,,221,18.4,,1019,0,3
2024-12-21 15:00:00,6.6,3.2,79,0,,221,19.1,,1018.7,0,3
2024-12-21 16:00:00,6.7,3.3,79,0,,219,19.1,,1018.2,0,3
2024-12-21 17:00:00,6.6,3.6,81,0,,221,19.4,,1017.9,0,3
2024-12-21 18:00:00,6.5,3.8,83,0.1,,220,20.2,,1017.3,0,7
2024-12-21 19:00:00,5.9,4.4,90,0.6,,218,21.2,,1016.8,0,8
2024-12-21 20:00:00,5.9,4.5,91,0.5,,215,22.3,,1016,0,8
2024-12-21 21:00:00,5.2,4.3,94,0.2,,216,25.9,,1015.2,0,7
2024-12-21 22:00:00,5.3,4.1,92,0.5,,219,28.8,,1013.8,,8
2024-12-21 23:00:00,5.6,4.1,90,0.3,,221,28.1,,1012.7,,8
2024-12-22 00:00:00,5.7,4.2,90,0.2,,220,27.4,,1011.8,,7
2024-12-22 01:00:00,6,4.3,89,0,,216,25.9,,1010.3,,3
2024-12-22 02:00:00,6,4.3,89,0.2,,212,24.8,,1009,,7
2024-12-22 03:00:00,5.7,4.8,94,0.8,,212,25.6,,1007.2,,8
2024-12-22 04:00:00,5.9,5.2,95,2.6,,224,26.6,,1006,0,9
2024-12-22 05:00:00,6,5.4,96,1.6,,220,24.8,,1004.6,0,9
2024-12-22 06:00:00,6.6,5.9,95,0.2,,224,24.1,,1003.4,0,7
2024-12-22 07:00:00,6.8,5.9,94,1.7,,218,25.2,,1001.7,0,9
2024-12-22 08:00:00,6.6,5.7,94,0.7,,234,22,,1001.6,0,8
2024-12-22 09:00:00,6.8,5.3,90,0.2,,246,24.5,,1001.7,0,7
2024-12-22 10:00:00,6.7,4,83,0.6,,257,20.5,,1002.3,0,17
2024-12-22 11:00:00,6.3,3.5,82,0.5,,254,21.2,,1002.4,0,8
2024-12-22 12:00:00,6.7,3.5,80,0.4,,256,23.8,,1001.5,9,8
2024-12-22 13:00:00,5.7,2.2,78,0.4,,269,26.3,,1001.8,12,8
2024-12-22 14:00:00,5.6,0.2,68,0,,272,22.3,,1002.5,1,3
2024-12-22 15:00:00,5.2,-0.4,67,0.3,,268,18,,1002.9,0,8
2024-12-22 16:00:00,4.6,-0.2,71,0,,260,15.5,,1003.5,0,3
2024-12-22 17:00:00,3.5,-0.5,75,0.1,,261,14,,1004.2,0,17
2024-12-22 18:00:00,3,-0.6,77,0,,250,13,,1004.8,0,3
2024-12-22 19:00:00,2.6,-0.7,79,0,,240,13.3,,1005.5,0,3
2024-12-22 20:00:00,1.5,-0.9,84,0,,229,13,,1006.2,0,3
2024-12-22 21:00:00,1.6,-1.1,82,0.1,,236,14.4,,1006.7,0,12
2024-12-22 22:00:00,0.6,-1,89,0,,238,11.5,,1007.5,,3
2024-12-22 23:00:00,0.2,-1.2,90,0,,235,11.5,,1007.8,,2
2024-12-23 00:00:00,-0.1,-1.4,91,0,,226,12.2,,1008.3,,1
2024-12-23 01:00:00,-0.4,-1.5,92,0,,211,13,,1008.5,,1
2024-12-23 02:00:00,-0.5,-1.6,92,0,,206,13.7,,1008.7,,1
2024-12-23 03:00:00,-0.1,-0.8,95,0,,196,13.3,,1009.5,,1
2024-12-23 04:00:00,0.3,-0.4,95,0,,185,12.2,,1008.9,0,3
2024-12-23 05:00:00,0.6,-0.1,95,0,,197,13.7,,1008.5,0,3
2024-12-23 06:00:00,0.6,-0.1,95,0,,200,13.3,,1008.5,0,3
2024-12-23 07:00:00,1,0.3,95,0,,210,12.2,,1009,0,3
2024-12-23 08:00:00,1.1,0.7,97,0,,209,11.2,,1010,0,3
2024-12-23 09:00:00,1.5,1.1,97,0,,218,9.4,,1011.1,0,3
2024-12-23 10:00:00,1.9,1.3,96,0,,241,7.6,,1012.3,0,3
2024-12-23 11:00:00,2.7,1.7,93,0.2,,291,9.7,,1013.1,10,7
2024-12-23 12:00:00,3.5,2,90,0.1,,316,10.1,,1013.6,24,7
2024-12-23 13:00:00,4.3,2.8,90,0,,322,12.6,,1013.8,31,3
2024-12-23 14:00:00,5.3,3.1,86,0,,324,15.1,,1014.3,23,3
2024-12-23 15:00:00,5.3,2.5,82,0,,322,16.6,,1014.9,19,3
2024-12-23 16:00:00,4.9,1.7,80,0,,318,14.8,,1015.8,5,2
2024-12-23 17:00:00,4,1,81,0,,311,14,,1016.7,0,2
2024-12-23 18:00:00,3.7,1.4,85,0.2,,310,13.3,,1018,0,17
2024-12-23 19:00:00,3.1,0.8,85,0,,305,14.8,,1019,0,3
2024-12-23 20:00:00,3.2,1.1,86,0,,302,13.3,,1020,0,3
2024-12-23 21:00:00,3,1.2,88,0,,297,12.2,,1020.7,0,3
2024-12-23 22:00:00,2.9,1.3,89,0.1,,299,11.2,,1021.4,,17
2024-12-23 23:00:00,2.7,0.9,88,0.1,,287,11.2,,1022.3,,7
2024-12-24 00:00:00,2.7,1.1,89,0,,291,11.5,,1022.8,,3
2024-12-24 01:00:00,2.6,1,89,0,,281,12.6,,1023.2,,3
2024-12-24 02:00:00,2.5,0.9,89,0,,286,11.2,,1023.7,,3
2024-12-24 03:00:00,2.1,0.6,90,0,,292,9,,1024.5,,3
2024-12-24 04:00:00,1.4,0.4,93,0.2,,279,9.4,,1025.3,0,19
2024-12-24 05:00:00,1,0,93,0,,281,8.3,,1025.7,0,3
2024-12-24 06:00:00,1.1,0.1,93,0,,273,7.2,,1025.9,0,3
2024-12-24 07:00:00,0.8,-0.2,93,0,,271,5.4,,1026.9,0,3
2024-12-24 08:00:00,1.4,0.5,94,0,,202,7.2,,1026.8,0,3
2024-12-24 09:00:00,1.1,0.7,97,0,,170,8.3,,1028.1,0,3
2024-12-24 10:00:00,1.7,1.1,96,0,,178,6.8,,1028.8,0,3
2024-12-24 11:00:00,2.5,1.8,95,0,,199,6.1,,1029.5,3,3
2024-12-24 12:00:00,2.8,2.1,95,0,,180,5.8,,1029.5,0,3
2024-12-24 13:00:00,3,2.4,96,0,,190,6.8,,1029.3,0,3
2024-12-24 14:00:00,4,2.4,89,0,,228,8.3,,1029.8,0,3
2024-12-24 15:00:00,4,2.4,89,0,,212,6.8,,1030.2,0,3
2024-12-24 16:00:00,3.7,2.1,89,0,,196,7.2,,1030.2,0,3
2024-12-24 17:00:00,3.4,1.6,88,0,,195,7.9,,1030.8,0,3
2024-12-24 18:00:00,3.2,1.1,86,0,,184,8.6,,1031.6,0,3
2024-12-24 19:00:00,3,0.7,85,0,,185,8.6,,1032.3,0,3
2024-12-24 20:00:00,2.9,0.6,85,0,,185,8.3,,1032.7,0,3
2024-12-24 21:00:00,2.9,0.5,84,0,,180,8.3,,1033.1,0,3
2024-12-24 22:00:00,2.9,0.5,84,0,,175,7.6,,1033.6,,3
2024-12-24 23:00:00,2.9,0.5,84,0,,173,6.8,,1033.8,,3
2024-12-25 00:00:00,3.4,1.6,88,0,,163,6.1,,1033.9,,3
2024-12-25 01:00:00,3.5,1.7,88,0,,159,6.8,,1033.9,,3
2024-12-25 02:00:00,3.5,1.5,87,0,,154,7.6,,1034.4,,3
2024-12-25 03:00:00,3.5,1.2,85,0,,154,8.6,,1034.6,,3
2024-12-25 04:00:00,3.5,1.1,84,0,,164,7.9,,1034.4,0,3
2024-12-25 05:00:00,3.4,1.1,85,0,,147,7.6,,1034.7,0,3
2024-12-25 06:00:00,3.4,1,84,0,,141,7.9,,1035.1,0,3
2024-12-25 07:00:00,3.5,0.9,83,0,,138,7.9,,1035.2,0,3
2024-12-25 08:00:00,3.5,0.9,83,0,,128,6.5,,1035.7,0,3
2024-12-25 09:00:00,3.5,0.9,83,0,,124,6.5,,1036.1,0,3
2024-12-25 10:00:00,4.2,1.4,82,0,,129,5.8,,1036.4,0,3
2024-12-25 11:00:00,4.9,1.6,79,0,,144,5.4,,1036.6,0,3
2024-12-25 12:00:00,5.6,1.1,73,0,,151,5,,1036.4,0,3
2024-12-25 13:00:00,6.3,1,69,0,,151,5,,1036.5,0,3
2024-12-25 14:00:00,6.6,0.7,66,0,,154,4.3,,1036.4,0,3
2024-12-25 15:00:00,6.5,0.8,67,0,,137,6.1,,1036.5,0,3
2024-12-25 16:00:00,5.8,1.9,76,0,,116,5,,1036.8,0,3
2024-12-25 17:00:00,5,1.7,79,0,,107,7.2,,1036.8,0,3
2024-12-25 18:00:00,4.7,1.7,81,0,,109,7.9,,1037,0,3
2024-12-25 19:00:00,4.3,1.7,83,0,,101,7.9,,1037.3,0,3
2024-12-25 20:00:00,4.8,1.8,81,0,,103,7.2,,1037.2,0,3
2024-12-25 21:00:00,4.7,1.7,81,0,,88,7.6,,1037.1,0,3
2024-12-25 22:00:00,4.7,1.7,81,0,,70,7.9,,1037.2,,3
2024-12-25 23:00:00,4.6,1.8,82,0,,49,7.6,,1037.3,,3
2024-12-26 00:00:00,4.6,2,83,0,,47,7.6,,1037.3,,3
2024-12-26 01:00:00,4.5,1.9,83,0,,57,7.9,,1037.1,,3
2024-12-26 02:00:00,4.3,1.3,81,0,,72,8.3,,1037.1,,3
2024-12-26 03:00:00,3.9,0.6,79,0,,90,9.4,,1037.3,,3
2024-12-26 04:00:00,2.9,-0.6,78,0,,93,10.1,,1037.1,0,3
2024-12-26 05:00:00,2.3,-1,79,0,,93,10.8,,1037.1,0,2
2024-12-26 06:00:00,1.7,-1.5,79,0,,93,11.5,,1037,0,1
2024-12-26 07:00:00,1.4,-1.2,83,0,,92,11.5,,1037,0,1
2024-12-26 08:00:00,1,-1.6,83,0,,91,12.2,,1037.2,0,1
2024-12-26 09:00:00,1,-1.6,83,0,,87,12.6,,1037.7,0,1
2024-12-26 10:00:00,2.6,-1,77,0,,71,11.5,,1038,0,1
2024-12-26 11:00:00,4.5,-0.5,70,0,,66,10.8,,1038.1,0,1
2024-12-26 12:00:00,5.3,-0.5,66,0,,58,10.1,,1037.3,0,1
2024-12-26 13:00:00,6.5,-0.5,61,0,,73,10.4,,1036.6,0,1
2024-12-26 14:00:00,7.1,-0.6,58,0,,63,10.1,,1036.2,0,1
2024-12-26 15:00:00,6.9,0.3,63,0,,42,9.4,,1035.9,0,1
2024-12-26 16:00:00,5.2,0.2,70,0,,34,7.9,,1035.8,0,1
2024-12-26 17:00:00,1,-2.1,80,0,,41,7.9,,1036.1,0,1
2024-12-26 18:00:00,0.3,-2.6,81,0,,59,9.7,,1036.4,0,1
2024-12-26 19:00:00,-0.3,-3,82,0,,72,11.2,,1036.6,0,1
2024-12-26 20:00:00,-0.7,-3.4,82,0,,75,11.9,,1036.8,0,1
2024-12-26 21:00:00,-0.8,-3.3,83,0,,73,12.6,,1036.9,0,1
2024-12-26 22:00:00,-1.4,-3.7,84,0,,70,13,,1036.6,,1
2024-12-26 23:00:00,-1.6,-3.8,85,0,,60,12.2,,1036.5,,1
2024-12-27 00:00:00,-1.9,-3.8,87,0,,50,11.2,,1036.3,,1
2024-12-27 01:00:00,-2.2,-4.1,87,0,,42,10.8,,1036,,1
2024-12-27 02:00:00,-2.4,-4.4,86,0,,38,9.7,,1036.1,,1
2024-12-27 03:00:00,-1.8,-3.4,89,0,,44,9.7,,1035.7,,1
2024-12-27 04:00:00,-1.8,-3.4,89,0,,52,10.1,,1035.3,0,1
2024-12-27 05:00:00,-1.8,-3.4,89,0,,52,10.4,,1035.1,0,2
2024-12-27 06:00:00,-1.9,-3.5,89,0,,41,10.4,,1035,0,2
2024-12-27 07:00:00,-1.9,-3.6,88,0,,31,10.1,,1035.2,0,2
2024-12-27 08:00:00,-1.9,-4.1,85,0,,42,8.3,,1035.6,0,2
2024-12-27 09:00:00,-1.5,-3.5,86,0,,66,8.6,,1035.6,0,2
2024-12-27 10:00:00,0.3,-2.6,81,0,,81,9,,1035.7,0,1
2024-12-27 11:00:00,2.1,-1.9,75,0,,25,7.2,,1035.5,0,1
2024-12-27 12:00:00,3.5,-1.6,69,0,,352,6.5,,1035,0,1
2024-12-27 13:00:00,4.2,-1.4,67,0,,334,4.7,,1034.3,0,1
2024-12-27 14:00:00,4.2,-1.2,68,0,,311,5,,1033.9,0,2
2024-12-27 15:00:00,3.5,-0.1,77,0,,300,4.7,,1033.9,0,1
2024-12-27 16:00:00,1.1,-1,86,0,,316,3.6,,1033.9,0,1
2024-12-27 17:00:00,-0.4,-1.7,91,0,,358,3.2,,1033.8,0,3
2024-12-27 18:00:00,-0.3,-2.2,87,0,,75,1.4,,1034.1,0,3
2024-12-27 19:00:00,-0.6,-2.3,88,0,,108,1.4,,1034.1,0,3
2024-12-27 20:00:00,-0.9,-2.5,89,0,,109,1.4,,1034.1,0,3
2024-12-27 21:00:00,-1.3,-2.7,90,0,,106,3.2,,1033.9,0,3
2024-12-27 22:00:00,-1.6,-3,90,0,,101,4.3,,1033.9,,2
2024-12-27 23:00:00,-2.3,-4,88,0,,110,5.4,,1033.7,,2
2024-12-28 00:00:00,-2.5,-4.1,89,0,,99,6.5,,1033.7,,1
2024-12-28 01:00:00,-2.8,-4.2,90,0,,91,6.1,,1033.3,,1
2024-12-28 02:00:00,-3,-4.3,91,0,,91,5.8,,1033,,2
2024-12-28 03:00:00,-3.1,-4.4,91,0,,87,5.8,,1033,,5
2024-12-28 04:00:00,-2.4,-3.5,92,0,,110,5.4,,1033,0,2
2024-12-28 05:00:00,-2.6,-3.6,93,0,,118,5.4,,1032.5,0,1
2024-12-28 06:00:00,-2.6,-3.6,93,0,,119,6.1,,1032.4,0,1
2024-12-28 07:00:00,-2.7,-3.7,93,0,,124,6.1,,1032.3,0,1
2024-12-28 08:00:00,-2.8,-3.6,94,0,,130,5.8,,1032.4,0,1
2024-12-28 09:00:00,-3.1,-3.9,94,0,,151,5,,1033.2,0,2
2024-12-28 10:00:00,-1.7,-3.3,89,0,,155,4,,1033.1,0,5
2024-12-28 11:00:00,-0.1,-2.8,82,0,,182,3.2,,1032.9,0,5
2024-12-28 12:00:00,1.2,-2.7,75,0,,221,2.9,,1032.3,0,3
2024-12-28 13:00:00,1.9,-2.8,71,0,,247,2.5,,1031.5,0,2
2024-12-28 14:00:00,1.7,-2.6,73,0,,189,2.2,,1031.5,0,1
2024-12-28 15:00:00,1.8,-2.5,73,0,,147,2.2,,1031.2,0,2
2024-12-28 16:00:00,0.5,-2.4,81,0,,162,2.2,,1031.2,0,2
2024-12-28 17:00:00,-0.6,-3,84,0,,153,3.2,,1031.1,0,1
2024-12-28 18:00:00,-1,-3,86,0,,132,4,,1031.2,0,1
2024-12-28 19:00:00,-1.1,-3.1,86,0,,107,4,,1031.1,0,1
2024-12-28 20:00:00,-1.3,-3.2,87,0,,94,4,,1030.9,0,1
2024-12-28 21:00:00,-1.4,-3.3,87,0,,98,5,,1030.8,0,1
2024-12-28 22:00:00,-1.5,-3.2,88,0,,108,5.4,,1030.8,,1
2024-12-28 23:00:00,-1.5,-3.4,87,0,,119,5.8,,1030.6,,1
2024-12-29 00:00:00,-2.5,-3.8,91,0,,115,4,,1030.8,,1
2024-12-29 01:00:00,-2.7,-4,91,0,,122,2.9,,1030.7,,1
2024-12-29 02:00:00,-2.9,-4.2,91,0,,128,3.2,,1030.7,,5
2024-12-29 03:00:00,-3.1,-4.5,90,0,,148,4,,1030.7,,5
2024-12-29 04:00:00,-3.4,-4.7,91,0,,170,3.6,,1030.5,0,5
2024-12-29 05:00:00,-3,-3.4,97,0,,166,5,,1030.7,0,5
2024-12-29 06:00:00,-2.9,-3.2,98,0,,159,5.8,,1030.7,0,5
2024-12-29 07:00:00,-2,-2.3,98,0,,159,6.1,,1030.8,0,5
2024-12-29 08:00:00,-1.5,-1.9,97,0,,159,6.5,,1031.2,0,5
2024-12-29 09:00:00,-0.8,-1.1,98,0,,168,7.6,,1031.5,0,5
2024-12-29 10:00:00,0,-0.7,95,0,,208,9.4,,1032.3,0,5
2024-12-29 11:00:00,0.5,-1.3,88,0,,240,10.8,,1032.5,0,3
2024-12-29 12:00:00,0.8,-1.4,85,0,,237,10.8,,1032.2,0,3
2024-12-29 13:00:00,1.1,-1.8,81,0,,233,11.2,,1031.7,0,3
2024-12-29 14:00:00,1.5,-1.9,78,0,,233,11.9,,1031.5,0,3
2024-12-29 15:00:00,1.4,-1.7,80,0,,255,10.8,,1031.7,0,3
2024-12-29 16:00:00,0.9,-1.5,84,0,,244,7.6,,1032.1,0,3
2024-12-29 17:00:00,0.5,-1.3,88,0,,220,7.9,,1032.3,0,3
2024-12-29 18:00:00,0.4,-1,90,0,,242,9,,1032.6,0,3
2024-12-29 19:00:00,0.2,-0.8,93,0,,236,9,,1032.8,0,3
2024-12-29 20:00:00,-0.3,-1,95,0,,250,6.8,,1033.2,0,3
2024-12-29 21:00:00,-0.4,-1.1,95,0,,252,7.2,,1033.3,0,3
2024-12-29 22:00:00,-0.4,-1.1,95,0,,258,7.2,,1033.4,,3
2024-12-29 23:00:00,-0.6,-1.3,95,0,,278,6.1,,1033.8,,3
2024-12-30 00:00:00,-0.7,-1.4,95,0,,258,4.7,,1033.9,,3
2024-12-30 01:00:00,-0.8,-1.5,95,0,,296,4,,1033.7,,3
2024-12-30 02:00:00,-0.8,-1.5,95,0,,337,3.6,,1033.8,,3
2024-12-30 03:00:00,-0.9,-1.6,95,0,,2,3.2,,1033.6,,3
2024-12-30 04:00:00,-1.2,-1.8,96,0,,40,2.5,,1033.5,0,3
2024-12-30 05:00:00,-1.1,-1.8,95,0,,111,4.3,,1033.3,0,3
2024-12-30 06:00:00,-1,-1.6,96,0,,155,6.1,,1033.5,0,3
2024-12-30 07:00:00,-0.8,-1.2,97,0,,185,7.2,,1033.5,0,3
2024-12-30 08:00:00,-0.7,-1,98,0,,201,6.1,,1033.8,0,3
2024-12-30 09:00:00,-0.4,-0.8,97,0,,205,6.8,,1034.3,0,3
2024-12-30 10:00:00,0.1,-1.3,90,0,,210,7.9,,1034.7,0,3
2024-12-30 11:00:00,0.4,-1.7,86,0,,208,8.3,,1034.7,0,3
2024-12-30 12:00:00,1,-1.6,83,0,,207,8.3,,1033.9,0,3
2024-12-30 13:00:00,1.1,-1.5,83,0,,203,7.6,,1033.1,0,3
2024-12-30 14:00:00,1.2,-1.5,82,0,,205,6.5,,1032.8,0,3
2024-12-30 15:00:00,1.2,-1.4,83,0,,205,5.8,,1032.3,0,3
2024-12-30 16:00:00,0.6,-1.3,87,0,,179,4.7,,1032.3,0,3
2024-12-30 17:00:00,0.2,-1.1,91,0,,160,5.4,,1032.6,0,3
2024-12-30 18:00:00,0.2,-1.1,91,0,,168,6.1,,1032.5,0,3
2024-12-30 19:00:00,0,-1.3,91,0,,175,6.8,,1032.2,0,3
2024-12-30 20:00:00,-0.1,-1.4,91,0,,183,6.8,,1032.2,0,3
2024-12-30 21:00:00,-0.4,-1.5,92,0,,186,6.5,,1032.3,0,3
2024-12-30 22:00:00,-0.9,-1.7,94,0,,178,7.9,,1033,,3
2024-12-30 23:00:00,-1,-1.8,94,0,,174,8.3,,1033.2,,3
2024-12-31 00:00:00,-1.2,-1.9,95,0,,171,8.3,,1033.2,,3
2024-12-31 01:00:00,-1.3,-2,95,0,,172,8.3,,1032.7,,3
2024-12-31 02:00:00,-1.4,-2,96,0,,172,9,,1032.6,,3
2024-12-31 03:00:00,-0.8,-1.4,96,0,,181,9.4,,1032.7,,3
2024-12-31 04:00:00,-0.9,-1.3,97,0,,181,9,,1032.5,0,3
2024-12-31 05:00:00,-0.9,-1.3,97,0,,178,9,,1032.2,0,3
2024-12-31 06:00:00,-1,-1.4,97,0,,175,9.7,,1031.9,0,3
2024-12-31 07:00:00,-1.2,-1.5,98,0,,166,10.1,,1031.8,0,3
2024-12-31 08:00:00,-1.4,-1.7,98,0,,166,10.1,,1031.8,0,5
2024-12-31 09:00:00,-1.4,-1.7,98,0,,165,10.8,,1032,0,5
2024-12-31 10:00:00,-0.9,-1.9,93,0,,180,10.8,,1032.4,0,5
2024-12-31 11:00:00,0,-1.9,87,0,,190,10.1,,1032.4,0,3
2024-12-31 12:00:00,1.2,-2.4,77,0,,188,10.1,,1031.8,0,3
2024-12-31 13:00:00,2,-2.1,74,0,,191,8.6,,1030.7,0,2
2024-12-31 14:00:00,2.5,-2,72,0,,192,8.3,,1030,0,2
2024-12-31 15:00:00,2.5,-1.7,74,0,,186,8.3,,1029.5,0,3
2024-12-31 16:00:00,1,-1.7,82,0,,184,7.9,,1029.2,0,3
2024-12-31 17:00:00,0.1,-2.1,85,0,,194,8.6,,1029.5,0,3
2024-12-31 18:00:00,-0.6,-2.8,85,0,,229,7.2,,1030.1,0,3
2024-12-31 19:00:00,-1.1,-3,87,0,,208,7.2,,1029.9,0,2
2024-12-31 20:00:00,-1.3,-3,88,0,,195,7.2,,1030.4,0,3
2024-12-31 21:00:00,-1.3,-2.9,89,0,,207,8.3,,1030.4,0,3
2024-12-31 22:00:00,-1,-2.6,89,0,,213,10.1,,1030.1,,3
2024-12-31 23:00:00,-0.7,-2.1,90,0,,216,11.9,,1030.2,,1
2025-01-01 00:00:00,-0.4,-1.7,91,0,,206,12.2,,1029.8,,3
2025-01-01 01:00:00,0.5,-1.4,87,0,,200,13.3,,1029.1,,3
2025-01-01 02:00:00,0.9,-1.5,84,0,,197,13.7,,1028.6,,3
2025-01-01 03:00:00,1.1,-1.6,82,0,,194,13.7,,1028.7,,3
2025-01-01 04:00:00,1.3,-0.9,85,0,,193,15.1,,1027.8,,3
2025-01-01 05:00:00,1.3,-0.8,86,0,,189,16.2,,1026.8,,3
2025-01-01 06:00:00,0,-1.3,91,0,,186,15.8,,1026.1,,3
2025-01-01 07:00:00,-0.8,-2.4,89,0,,180,14,,1025.8,,3
2025-01-01 08:00:00,-0.9,-2.8,87,0,,175,14,,1025.5,,3
2025-01-01 09:00:00,-0.3,-2.5,85,0,,182,15.8,,1025.3,,3
2025-01-01 10:00:00,1.5,-2.8,73,0,,194,16.9,,1024.9,,3
2025-01-01 11:00:00,3.7,-3.1,61,0,,169,16.2,,1024.3,,3
2025-01-01 12:00:00,5.4,-3.7,52,0,,189,15.1,,1022.9,,3
2025-01-01 13:00:00,6.9,-3.9,46,0,,198,15.1,,1021.5,,3
2025-01-01 14:00:00,7.9,-3.9,43,0,,222,25.2,,1020.7,,2
2025-01-01 15:00:00,8.7,-3.8,41,0,,227,22.7,,1019.8,,2
2025-01-01 16:00:00,7.9,-3.9,43,0,,224,20.9,,1019.1,,3
2025-01-01 17:00:00,7,-3.8,46,0,,223,21.2,,1018.8,,3
2025-01-01 18:00:00,6.2,-4,48,0,,222,22.3,,1018.3,,3
2025-01-01 19:00:00,5.6,-4.3,49,0,,223,21.6,,1018.3,,3
2025-01-01 20:00:00,5.3,-4.3,50,0,,223,21.2,,1018.3,,3
2025-01-01 21:00:00,5.4,-3.9,51,0,,222,22.7,,1018.1,,3
2025-01-01 22:00:00,5.4,-3.7,52,0,,215,22.3,,1017.6,,3
2025-01-01 23:00:00,5.5,-3.3,53,0,,210,21.2,,1017,,3
2025-01-02 00:00:00,6,-2.4,55,0,,212,21.2,,1016.4,,3
2025-01-02 01:00:00,6.5,-2.4,53,0,,223,22,,1015.4,,3
2025-01-02 02:00:00,6.6,-2.3,53,0,,226,22,,1014.8,,3
2025-01-02 03:00:00,6.8,-2.4,52,0,,225,22.7,,1014.1,,3
2025-01-02 04:00:00,6.7,-2.5,52,0,,229,25.6,,1013.4,,3
2025-01-02 05:00:00,7.2,-2,52,0,,231,23.8,,1013.1,,3
2025-01-02 06:00:00,6.9,-1.3,56,0,,244,22,,1012.9,,3
2025-01-02 07:00:00,5.4,1.7,77,0.8,,260,22.7,,1013.2,,8
2025-01-02 08:00:00,4.1,2.9,92,1.7,,244,23.8,,1013.6,,9
2025-01-02 09:00:00,3.9,3,94,1.5,,238,24.5,,1013.5,,9
2025-01-02 10:00:00,4.2,3.5,95,1.4,,239,25.6,,1013.6,,9
2025-01-02 11:00:00,4,3.4,96,1.4,,242,25.2,,1013.7,,9
2025-01-02 12:00:00,3.7,3.1,96,1.6,,246,23,,1013.7,,9
2025-01-02 13:00:00,3,2.7,98,1.7,,264,19.8,,1013.3,,9
2025-01-02 14:00:00,2,1.9,99,1.4,,301,14.8,,1013.4,,9
2025-01-02 15:00:00,1.2,1.2,100,1,,317,11.2,,1014,,9
2025-01-02 16:00:00,1,1,100,1,,314,9,,1014.5,,13
2025-01-02 17:00:00,0.9,0.9,100,0.3,,310,8.3,,1015.2,,12
2025-01-02 18:00:00,0.8,0.7,99,0,,314,7.9,,1016,,5
2025-01-02 19:00:00,0.5,0.2,98,0,,319,7.6,,1016.9,,5
2025-01-02 20:00:00,0.9,0.6,98,0,,330,5.8,,1017.4,,5
2025-01-02 21:00:00,0.8,0.5,98,0,,216,3.6,,1018.1,,3
2025-01-02 22:00:00,0.5,0.2,98,0,,227,6.1,,1018.7,,3
2025-01-02 23:00:00,0.3,-0.1,97,0,,251,7.9,,1019.4,,3
2025-01-03 00:00:00,0,-0.6,96,0,,253,7.9,,1020.1,,3
2025-01-03 01:00:00,-0.1,-0.7,96,0,,255,9,,1020.5,,3
2025-01-03 02:00:00,-0.2,-0.6,97,0,,241,9.7,,1020.9,,3
2025-01-03 03:00:00,-0.4,-0.8,97,0,,228,10.1,,1021.3,,3
2025-01-03 04:00:00,-0.2,-0.6,97,0,,224,10.8,,1021.4,,3
2025-01-03 05:00:00,-0.2,-0.6,97,0,,222,11.2,,1021.3,,3
2025-01-03 06:00:00,-0.1,-0.5,97,0,,226,12.2,,1021.2,,3
2025-01-03 07:00:00,-0.2,-0.6,97,0,,224,12.6,,1021.2,,3
2025-01-03 08:00:00,-0.2,-0.8,96,0,,221,13.3,,1021.7,,3
2025-01-03 09:00:00,-0.2,-0.8,96,0,,217,13.7,,1022.3,,3
2025-01-03 10:00:00,0.6,-0.5,92,0,,230,15.1,,1022.8,,3
2025-01-03 11:00:00,1.1,-1.5,83,0,,249,16.2,,1023,,3
2025-01-03 12:00:00,1.1,-2.1,79,0,,256,15.8,,1022.5,,3
2025-01-03 13:00:00,1.5,-3.2,71,0,,258,16.6,,1021.9,,2
2025-01-03 14:00:00,1.8,-3.9,66,0,,260,16.9,,1021.8,,3
2025-01-03 15:00:00,1.4,-3.7,69,0,,262,16.9,,1021.8,,3
2025-01-03 16:00:00,0.6,-3.5,74,0,,264,14.4,,1022.1,,3
2025-01-03 17:00:00,-0.1,-4.2,74,0,,262,13.7,,1022.6,,2
2025-01-03 18:00:00,-0.8,-4.3,77,0,,240,11.9,,1023.2,,3
2025-01-03 19:00:00,-1.6,-4.4,81,0,,222,11.9,,1023.6,,1
2025-01-03 20:00:00,-1.9,-4.4,83,0,,205,13,,1024.2,,2
2025-01-03 21:00:00,-2.1,-4.4,84,0,,194,13.3,,1024.5,,2
2025-01-03 22:00:00,-1.8,-3.7,87,0,,190,14,,1024.5,,3
2025-01-03 23:00:00,-1.4,-3.6,85,0,,200,14.8,,1024.7,,3
2025-01-04 00:00:00,-1.2,-3.6,84,0,,204,14.8,,1025,,3
2025-01-04 01:00:00,-1.1,-3.5,84,0,,207,14.4,,1024.7,,3
2025-01-04 02:00:00,-1,-3.5,83,0,,212,13,,1024.7,,3
2025-01-04 03:00:00,-1,-2.9,87,0,,209,11.2,,1024.9,,3
2025-01-04 04:00:00,-0.9,-2.6,88,0,,196,9.4,,1024.8,,3
2025-01-04 05:00:00,-0.8,-2.5,88,0,,189,8.3,,1024.4,,3
2025-01-04 06:00:00,-0.6,-2.3,88,0,,186,8.3,,1024.1,,3
2025-01-04 07:00:00,-0.9,-2.3,90,0,,183,8.6,,1023.7,,3
2025-01-04 08:00:00,-1.4,-2.7,91,0,,170,7.2,,1023.8,,3
2025-01-04 09:00:00,-1.4,-2.7,91,0,,160,7.2,,1023.9,,3
2025-01-04 10:00:00,-0.7,-2.6,87,0,,152,6.5,,1023.5,,3
2025-01-04 11:00:00,0.2,-2.2,84,0,,146,5,,1023,,3
2025-01-04 12:00:00,1,-2.2,79,0,,160,6.1,,1022.2,,3
2025-01-04 13:00:00,1.4,-2.5,75,0,,155,7.6,,1021,,3
2025-01-04 14:00:00,1.5,-2.6,74,0,,122,5.4,,1020.1,,3
2025-01-04 15:00:00,1.5,-2.8,73,0,,128,6.8,,1019.4,,3
2025-01-04 16:00:00,0.9,-2.3,79,0,,105,5.8,,1018.8,,3
2025-01-04 17:00:00,0.1,-2.6,82,0,,90,8.3,,1018.3,,3
2025-01-04 18:00:00,0,-3,80,0,,95,9.7,,1018,,3
2025-01-04 19:00:00,0.1,-3.1,79,0,,103,10.1,,1017.7,,3
2025-01-04 20:00:00,0.1,-3.4,77,0,,94,10.8,,1017.1,,3
2025-01-04 21:00:00,-0.1,-3.8,76,0,,100,12.2,,1016,,3
2025-01-04 22:00:00,-0.1,-4,75,0,,108,11.5,,1015.6,,3
2025-01-04 23:00:00,-0.1,-4.5,72,0,,115,12.2,,1014.7,,3
2025-01-05 00:00:00,0,-4.8,70,0,,121,12.6,,1013.5,,3
2025-01-05 01:00:00,0,-4.8,70,0.1,,119,12.6,,1012.4,,14
2025-01-05 02:00:00,0,-4.3,73,0.2,,123,13.7,,1011.1,,14
2025-01-05 03:00:00,-0.2,-3.1,81,0.7,,108,12.2,,1010.4,,15
2025-01-05 04:00:00,0,-1.1,92,2.2,,119,14,,1008.5,,16
2025-01-05 05:00:00,0.4,-0.3,95,1.5,,121,14.4,,1007.1,,16
2025-01-05 06:00:00,0.8,0.1,95,1.2,,125,13,,1006.2,,13
2025-01-05 07:00:00,1,0.3,95,0.7,,130,11.2,,1005.4,,12
2025-01-05 08:00:00,1.3,0.6,95,1.3,,139,12.2,,1005.1,,13
2025-01-05 09:00:00,2,1.3,95,1.2,,158,14.4,,1003.9,,13
2025-01-05 10:00:00,3,2.4,96,0.4,,173,15.8,,1003.5,,8
2025-01-05 11:00:00,5.1,4.7,97,0.1,,213,18.7,,1003.2,,7
2025-01-05 12:00:00,6.6,5.5,93,0,,220,21.6,,1002.9,,3
2025-01-05 13:00:00,7.4,6.5,94,0.2,,222,22,,1002.2,,7
2025-01-05 14:00:00,7.2,6.5,95,0.9,,219,19.4,,1001.7,,8
2025-01-05 15:00:00,7.1,6.5,96,0.1,,213,18.4,,1001.5,,7
2025-01-05 16:00:00,6.6,6,96,0.3,,196,16.9,,1000.9,,8
2025-01-05 17:00:00,5.4,5,97,0,,161,16.6,,1001.3,,3
2025-01-05 18:00:00,5.5,5.1,97,0,,186,16.9,,1001,,3
2025-01-05 19:00:00,5.4,4.8,96,0,,186,16.2,,1000.7,,3
2025-01-05 20:00:00,5.3,4.7,96,0,,186,15.5,,1000.5,,3
2025-01-05 21:00:00,5.3,4.7,96,0,,180,14.8,,1000.2,,3
2025-01-05 22:00:00,5.2,4.5,95,0,,188,14.8,,999.9,,3
2025-01-05 23:00:00,5.5,4.1,91,0,,188,15.8,,999.7,,3
2025-01-06 00:00:00,4.6,3.4,92,0,,179,16.6,,998.9,,3
2025-01-06 01:00:00,5.2,3.2,87,0,,182,16.9,,998.6,,3
2025-01-06 02:00:00,4.9,2.8,86,0,,180,17.6,,998.2,,3
2025-01-06 03:00:00,4.7,2.1,83,0,,174,17.6,,998.1,,3
2025-01-06 04:00:00,5,1.8,80,0,,168,16.9,,997.5,,3
2025-01-06 05:00:00,6.4,2.7,77,0,,172,17.6,,997.2,,3
2025-01-06 06:00:00,6.5,2.2,74,0,,171,17.3,,996.6,,3
2025-01-06 07:00:00,7,2.1,71,0,,168,16.9,,995.9,,3
2025-01-06 08:00:00,7.3,1.8,68,0,,163,15.8,,995.6,,3
2025-01-06 09:00:00,6.6,1.5,70,0,,148,14.8,,995.6,,3
2025-01-06 10:00:00,7.8,2.3,68,0,,157,16.6,,995.3,,3
2025-01-06 11:00:00,9.6,2.4,61,0,,166,18,,994.8,,3
2025-01-06 12:00:00,10.7,2.3,56,0,,183,19.1,,994.3,,3
2025-01-06 13:00:00,11.8,2.8,54,0,,190,20.9,,993.5,,3
2025-01-06 14:00:00,13.4,3.5,51,0,,204,24.5,,992.8,,2
2025-01-06 15:00:00,13.2,4.6,56,0,,216,30.2,,993.3,,3
2025-01-06 16:00:00,12.3,5.5,63,0,,219,27.4,,993.8,,3
2025-01-06 17:00:00,11.3,6.4,72,0,,224,25.9,,995,,3
2025-01-06 18:00:00,10.4,6.7,78,0,,230,24.5,,996.2,,3
2025-01-06 19:00:00,9.6,6.5,81,0,,229,20.9,,997.6,,3
2025-01-06 20:00:00,8.7,5.4,80,0,,229,19.1,,999.2,,3
2025-01-06 21:00:00,8,4.8,80,0,,230,18.7,,1000.2,,3
2025-01-06 22:00:00,7.6,4.4,80,0,,231,18.4,,1001,,3
2025-01-06 23:00:00,7,3.6,79,0,,230,18,,1001.5,,3
2025-01-07 00:00:00,6.6,3.2,79,0,,220,18.4,,1001.9,,3
2025-01-07 01:00:00,6.5,2.8,77,0,,218,18.7,,1002.1,,3
2025-01-07 02:00:00,6.4,2.8,78,0,,217,19.4,,1002.4,,3
2025-01-07 03:00:00,6,2.3,77,0,,223,21.2,,1002.5,,3
2025-01-07 04:00:00,5.6,2.1,78,0,,222,20.9,,1002.6,,3
2025-01-07 05:00:00,5.5,1.6,76,0,,220,20.9,,1002.7,,2
2025-01-07 06:00:00,5.5,1.4,75,0,,223,19.8,,1003.3,,3
2025-01-07 07:00:00,4.9,1.4,78,0,,222,18.7,,1003.4,,2
2025-01-07 08:00:00,4.3,1.3,81,0,,222,18,,1003.9,,2
2025-01-07 09:00:00,4.5,2,84,0,,213,17.6,,1004.4,,3
2025-01-07 10:00:00,4.8,2.3,84,0.2,,210,19.4,,1004.5,,17
2025-01-07 11:00:00,5.5,1.6,76,0,,230,20.9,,1004.8,,3
2025-01-07 12:00:00,5.7,1.2,73,0,,237,25.2,,1004.8,,3
2025-01-07 13:00:00,6.2,0.1,65,0,,246,25.6,,1004.9,,2
2025-01-07 14:00:00,6.4,-0.6,61,0,,237,21.2,,1005,,1
2025-01-07 15:00:00,6.5,-0.7,60,0,,228,19.1,,1004.9,,2
2025-01-07 16:00:00,6.1,-1.1,60,0,,227,18.4,,1005.2,,2
2025-01-07 17:00:00,4.8,-1,66,0,,213,17.3,,1005.7,,3
2025-01-07 18:00:00,4.5,-0.9,68,0,,215,19.1,,1006.3,,1
2025-01-07 19:00:00,4.3,-0.7,70,0,,218,18.7,,1007,,2
2025-01-07 20:00:00,4.1,-0.5,72,0,,214,18.7,,1007.2,,2
2025-01-07 21:00:00,3.9,-0.5,73,0,,215,18.4,,1007.2,,2
2025-01-07 22:00:00,3.5,-0.5,75,0,,213,16.9,,1007.2,,1
2025-01-07 23:00:00,3.2,-0.3,78,0,,209,14.8,,1007.1,,3
2025-01-08 00:00:00,2.5,-0.3,82,0,,202,12.2,,1006.9,,1
2025-01-08 01:00:00,2.4,0.3,86,0.2,,200,13,,1006.4,,19
2025-01-08 02:00:00,2.3,1.7,96,0.5,,191,13,,1006.5,,8
2025-01-08 03:00:00,2.8,2.2,96,0.4,,195,12.6,,1006.2,,8
2025-01-08 04:00:00,3,2.6,97,0.2,,201,11.9,,1006.2,,7
2025-01-08 05:00:00,3,2.6,97,0.3,,198,13,,1006.3,,8
2025-01-08 06:00:00,2.9,2.5,97,0.2,,196,13.7,,1006.7,,7
2025-01-08 07:00:00,2.7,2.4,98,0.2,,197,14.4,,1007.1,,7
2025-01-08 08:00:00,2.6,2.3,98,0.1,,203,14,,1007.9,,7
2025-01-08 09:00:00,2.5,2.2,98,0,,200,13,,1008.4,,3
2025-01-08 10:00:00,2.4,2.1,98,0,,196,11.5,,1008.7,,3
2025-01-08 11:00:00,2.5,2.4,99,0.2,,181,10.8,,1008.5,,7
2025-01-08 12:00:00,2.6,2.2,97,0.3,,198,9.7,,1009.1,,8
2025-01-08 13:00:00,2.7,2.4,98,0.9,,175,11.9,,1007.4,,8
2025-01-08 14:00:00,2.3,2.2,99,0.7,,166,10.4,,1007.3,,8
2025-01-08 15:00:00,1.7,1.7,100,1.2,,134,9.7,,1006.6,,9
2025-01-08 16:00:00,1.4,1.4,100,1.8,,122,11.2,,1006.1,,9
2025-01-08 17:00:00,1.2,1.2,100,2,,102,13.3,,1005.5,,13
2025-01-08 18:00:00,1.4,1.1,98,1.5,,66,14.8,,1005,,13
2025-01-08 19:00:00,2.1,1.4,95,0.4,,95,16.9,,1003.3,,12
2025-01-08 20:00:00,2.4,1.5,94,0.2,,122,16.9,,1002.3,,7
2025-01-08 21:00:00,2.4,1.8,96,0.2,,130,15.1,,1001.2,,7
2025-01-08 22:00:00,3,2.4,96,0,,144,15.1,,1000.2,,3
2025-01-08 23:00:00,3.9,3.3,96,0.3,,158,19.1,,1000.2,,8
2025-01-09 00:00:00,5,4.4,96,0.5,,177,17.6,,1000.1,,8
2025-01-09 01:00:00,6.9,6.2,95,0.2,,203,22.3,,1000.4,,7
2025-01-09 02:00:00,8.1,7.2,94,0.2,,216,23.8,,1000.5,,7
2025-01-09 03:00:00,8.7,7.5,92,0.4,,217,21.2,,1001,,8
2025-01-09 04:00:00,8.6,7.4,92,0.2,,213,19.1,,1000.6,,7
2025-01-09 05:00:00,8.9,7.3,90,0.2,,210,19.1,,1000.3,,7
2025-01-09 06:00:00,8.8,7.1,89,0.1,,201,17.3,,999.7,,7
2025-01-09 07:00:00,8.3,7.4,94,0.5,,205,17.3,,999.5,,8
2025-01-09 08:00:00,7.7,7.1,96,2.2,,166,12.2,,999,,9
2025-01-09 09:00:00,8.3,6.6,89,0.2,,179,20.9,,998.5,,7
2025-01-09 10:00:00,9.2,6.5,83,0,,197,20.2,,997.8,,3
2025-01-09 11:00:00,9.7,6.8,82,0.5,,209,21.6,,997.6,,8
2025-01-09 12:00:00,8.6,7.7,94,1.6,,204,22,,996.8,,9
2025-01-09 13:00:00,8.8,7.7,93,1.4,,208,26.3,,995.8,,9
2025-01-09 14:00:00,9.7,8,89,1.8,,219,29.9,,994.8,,9
2025-01-09 15:00:00,9.2,8.3,94,1.3,,266,31,,996.2,,9
2025-01-09 16:00:00,2.5,1.3,92,1.2,,316,24.1,,1000.7,,9
2025-01-09 17:00:00,2.1,-0.3,84,0,,314,23.4,,1004.8,,3
2025-01-09 18:00:00,2.1,-1.2,79,0,,307,20.9,,1007.9,,3
2025-01-09 19:00:00,2.3,-1.1,78,0,,295,18.7,,1010.6,,3
2025-01-09 20:00:00,2.5,-1.3,76,0,,278,17.3,,1012.3,,3
2025-01-09 21:00:00,2.2,-1.6,76,0,,262,16.2,,1013.9,,3
2025-01-09 22:00:00,1.9,-1.4,79,0,,246,15.8,,1015.6,,3
2025-01-09 23:00:00,1.3,-1.4,82,0,,240,14.8,,1016.9,,3
2025-01-10 00:00:00,1.4,-1.7,80,0,,219,12.6,,1017.8,,3
2025-01-10 01:00:00,1,-1.9,81,0,,216,13.3,,1018.1,,3
2025-01-10 02:00:00,0.6,-1.9,83,0,,222,13.3,,1018.4,,2
2025-01-10 03:00:00,0.7,-1.9,83,0,,215,14.4,,1018.6,,3
2025-01-10 04:00:00,0.9,-1.8,82,0,,216,15.5,,1018.6,,3
2025-01-10 05:00:00,0.5,-2,83,0,,218,14.4,,1018.9,,3
2025-01-10 06:00:00,0.2,-1.7,87,0,,220,15.5,,1019.3,,3
2025-01-10 07:00:00,0.2,-1.7,87,0,,231,15.8,,1019.4,,3
2025-01-10 08:00:00,0.6,-1.6,85,0,,240,16.6,,1020.2,,3
2025-01-10 09:00:00,0.5,-1.7,85,0,,250,14.4,,1021.2,,3
2025-01-10 10:00:00,1.4,-1,84,0,,254,15.8,,1020.8,,3
2025-01-10 11:00:00,2.1,-1.5,77,0,,258,18,,1020.8,,3
2025-01-10 12:00:00,2.8,-1.7,72,0,,263,15.8,,1020.6,,3
2025-01-10 13:00:00,3.5,-1.6,69,0,,259,14.8,,1020.2,,3
2025-01-10 14:00:00,3.8,-2.4,64,0,,261,13,,1020,,2
2025-01-10 15:00:00,3.8,-2.4,64,0,,288,9.4,,1020.2,,2
2025-01-10 16:00:00,2.8,-1.6,73,0,,317,4,,1020.1,,2
2025-01-10 17:00:00,1,-2.4,78,0,,12,2.9,,1020.1,,2
2025-01-10 18:00:00,0.5,-2.7,79,0,,49,2.9,,1020.4,,1
2025-01-10 19:00:00,0.3,-2.9,79,0,,241,5,,1021,,1
2025-01-10 20:00:00,-0.2,-2.6,84,0,,294,6.1,,1021.3,,1
2025-01-10 21:00:00,-0.8,-2.8,86,0,,323,5,,1021.4,,1
2025-01-10 22:00:00,-1.4,-3.1,88,0,,330,3.2,,1021.5,,1
2025-01-10 23:00:00,-1.7,-3.3,89,0,,330,2.9,,1021.6,,1
2025-01-11 00:00:00,-1.8,-3.2,90,0,,322,2.2,,1021.9,,1
2025-01-11 01:00:00,-2.1,-3.4,91,0,,322,2.9,,1022.3,,1
2025-01-11 02:00:00,-2.3,-3.4,92,0,,318,3.2,,1022.7,,1
2025-01-11 03:00:00,-2.5,-3.6,92,0,,320,3.6,,1023,,1
2025-01-11 04:00:00,-2.5,-3.6,92,0,,333,4,,1023.1,,1
2025-01-11 05:00:00,-2.6,-3.9,91,0,,318,5,,1023.4,,1
2025-01-11 06:00:00,-2,-3,93,0,,231,3.6,,1024.3,,2
2025-01-11 07:00:00,-1.7,-2.5,94,0,,208,4.3,,1024.5,,3
2025-01-11 08:00:00,-1.3,-2.3,93,0,,178,4.3,,1025,,3
2025-01-11 09:00:00,-1.1,-1.9,94,0,,152,2.9,,1025.7,,3
2025-01-11 10:00:00,-0.3,-1.7,90,0,,269,6.1,,1026.2,,3
2025-01-11 11:00:00,1.3,-1.9,79,0,,348,8.6,,1026.3,,3
2025-01-11 12:00:00,1.6,-2.3,75,0,,346,7.6,,1026.6,,3
2025-01-11 13:00:00,2.1,-2.6,71,0,,333,6.8,,1026.4,,3
2025-01-11 14:00:00,2.4,-2.9,68,0,,329,8.3,,1026.9,,3
2025-01-11 15:00:00,2.3,-3,68,0,,325,8.3,,1027.4,,2
2025-01-11 16:00:00,1,-2.6,77,0,,296,5.4,,1027.7,,1
2025-01-11 17:00:00,-0.7,-3.5,81,0,,288,5.8,,1028.4,,1
2025-01-11 18:00:00,-0.8,-3.5,82,0,,303,6.8,,1029.3,,1
2025-01-11 19:00:00,-1.1,-3.6,83,0,,301,6.5,,1029.9,,1
2025-01-11 20:00:00,-1.6,-3.9,84,0,,296,6.5,,1030.5,,1
2025-01-11 21:00:00,-2,-4.2,85,0,,289,5.4,,1031,,1
2025-01-11 22:00:00,-2.1,-4.1,86,0,,223,6.8,,1031.4,,1
2025-01-11 23:00:00,-0.8,-2.7,87,0,,235,4.7,,1032.1,,3
2025-01-12 00:00:00,-0.7,-2.7,86,0,,222,6.1,,1032.4,,3
2025-01-12 01:00:00,-1.7,-3.4,88,0,,228,6.1,,1032.3,,3
2025-01-12 02:00:00,-0.4,-2.1,88,0,,253,6.1,,1032.8,,3
2025-01-12 03:00:00,0.1,-1.3,90,0,,288,7.6,,1033.4,,3
2025-01-12 04:00:00,0.1,-1,92,0,,298,7.6,,1033.6,,3
2025-01-12 05:00:00,-0.5,-1.3,94,0,,297,7.2,,1034,,3
2025-01-12 06:00:00,-0.6,-1.3,95,0,,333,7.9,,1034.7,,3
2025-01-12 07:00:00,-0.9,-1.6,95,0,,344,6.1,,1035.4,,3
2025-01-12 08:00:00,-2.1,-2.8,95,0,,286,4,,1036.2,,1
2025-01-12 09:00:00,-0.5,-1.3,94,0,,312,5,,1037.2,,3
2025-01-12 10:00:00,0.2,-1.4,89,0,,315,6.1,,1038,,3
2025-01-12 11:00:00,1,-1.9,81,0,,336,9,,1038.4,,3
2025-01-12 12:00:00,1.8,-2.5,73,0,,347,9.7,,1038.2,,2
2025-01-12 13:00:00,1.9,-2.8,71,0,,354,10.1,,1037.8,,2
2025-01-12 14:00:00,2.2,-3.3,67,0,,355,12.6,,1037.8,,3
2025-01-12 15:00:00,2,-3.1,69,0,,350,11.9,,1037.9,,3
2025-01-12 16:00:00,1.7,-2.6,73,0,,329,8.3,,1038.1,,3
2025-01-12 17:00:00,0.6,-2.3,81,0,,316,6.1,,1038.5,,3
2025-01-12 18:00:00,0.8,-2.9,76,0,,334,6.1,,1039.3,,3
2025-01-12 19:00:00,0.2,-3,79,0,,350,5.8,,1039.8,,3
2025-01-12 20:00:00,-0.6,-3.3,82,0,,6,7.2,,1040.6,,3
2025-01-12 21:00:00,-1.7,-4.2,83,0,,15,6.1,,1041.1,,1
2025-01-12 22:00:00,-2,-4.5,83,0,,36,4.7,,1041.4,,1
2025-01-12 23:00:00,-2.3,-4.9,82,0,,48,5.4,,1041.5,,1
2025-01-13 00:00:00,-2.6,-5.1,83,0,,31,5.4,,1041.8,,1
2025-01-13 01:00:00,-2.8,-5.3,83,0,,28,6.5,,1041.9,,1
2025-01-13 02:00:00,-3.1,-5.3,85,0,,44,6.1,,1041.8,,1
2025-01-13 03:00:00,-3.4,-5.4,86,0,,47,7.2,,1041.8,,1
2025-01-13 04:00:00,-3.3,-5.3,86,0,,50,6.8,,1041.6,,1
2025-01-13 05:00:00,-3.4,-5.2,87,0,,48,7.9,,1042.2,,1
2025-01-13 06:00:00,-3.5,-5.3,87,0,,68,7.9,,1041.9,,1
2025-01-13 07:00:00,-3.7,-5.4,88,0,,27,7.2,,1041.6,,1
2025-01-13 08:00:00,-3.9,-5.6,88,0,,46,7.6,,1042.1,,1
2025-01-13 09:00:00,-3.6,-5.6,86,0,,70,9.4,,1042.6,,1
2025-01-13 10:00:00,-1.8,-5,79,0,,64,10.1,,1043,,1
2025-01-13 11:00:00,-0.2,-5.4,68,0,,79,11.5,,1043,,1
2025-01-13 12:00:00,0.6,-5.8,62,0,,74,12.6,,1042.5,,1
2025-01-13 13:00:00,1.2,-6.1,58,0,,75,12.2,,1041.8,,2
2025-01-13 14:00:00,1.7,-8.4,47,0,,78,12.2,,1041.7,,2
2025-01-13 15:00:00,1.7,-8.1,48,0,,74,11.2,,1041.5,,1
2025-01-13 16:00:00,0.5,-7.3,56,0,,65,8.3,,1041.3,,1
2025-01-13 17:00:00,-1.4,-7.5,63,0,,60,7.9,,1041.4,,1
2025-01-13 18:00:00,-1.9,-7.8,64,0,,65,9.7,,1040.9,,1
2025-01-13 19:00:00,-2,-8.1,63,0,,94,11.9,,1040.3,,3
2025-01-13 20:00:00,-2.3,-8,65,0,,101,11.2,,1039.9,,1
2025-01-13 21:00:00,-2.5,-8,66,0,,67,10.8,,1039.9,,2
2025-01-13 22:00:00,-2.7,-8,67,0,,41,9.7,,1040.3,,3
2025-01-13 23:00:00,-2.7,-8,67,0,,78,11.9,,1039.9,,3
2025-01-14 00:00:00,-3.6,-7.6,74,0,,58,11.2,,1040.2,,3
2025-01-14 01:00:00,-3.8,-7.6,75,0,,69,11.5,,1039.6,,3
2025-01-14 02:00:00,-3.9,-7.3,77,0,,81,12.6,,1039.2,,3
2025-01-14 03:00:00,-4,-7.3,78,0,,83,13,,1038.8,,3
2025-01-14 04:00:00,-4.7,-7.3,82,0,,46,10.4,,1038.5,,3
2025-01-14 05:00:00,-3.9,-7.3,77,0,,42,8.6,,1038.5,,3
2025-01-14 06:00:00,-4.6,-7.4,81,0,,59,9,,1037.7,,1
2025-01-14 07:00:00,-5.1,-7.4,84,0,,52,7.6,,1037.6,,1
2025-01-14 08:00:00,-5.3,-7.4,85,0,,75,9,,1037.3,,1
2025-01-14 09:00:00,-5,-7.3,84,0,,48,8.6,,1037.8,,1
2025-01-14 10:00:00,-2.8,-6.6,75,0,,47,6.8,,1037.7,,1
2025-01-14 11:00:00,-0.5,-6.9,62,0,,356,5.4,,1037.6,,1
2025-01-14 12:00:00,1.1,-7.2,54,0,,349,5,,1036.7,,1
2025-01-14 13:00:00,2.2,-7.7,48,0,,335,4,,1035.8,,1
2025-01-14 14:00:00,2.6,-7.6,47,0,,326,5.8,,1035.2,,1
2025-01-14 15:00:00,2,-7.6,49,0,,321,5.8,,1035,,1
2025-01-14 16:00:00,0.3,-6.3,61,0,,288,3.2,,1034.4,,1
2025-01-14 17:00:00,-2,-6.5,71,0,,308,4,,1034.4,,1
2025-01-14 18:00:00,-2.4,-6.4,74,0,,9,4.3,,1034.8,,1
2025-01-14 19:00:00,-2.5,-6.7,73,0,,30,3.6,,1035,,1
2025-01-14 20:00:00,-2.5,-5.6,79,0,,29,3.2,,1035,,1
2025-01-14 21:00:00,-2.7,-5.7,80,0,,143,3.6,,1034.4,,2
2025-01-14 22:00:00,-2.6,-5.6,80,0,,169,4.7,,1034.5,,2
2025-01-14 23:00:00,-2.6,-5.6,80,0,,171,7.2,,1034.2,,2
2025-01-15 00:00:00,-1.5,-5.3,75,0,,156,7.2,,1033.9,,3
2025-01-15 01:00:00,-1.9,-5.2,78,0,,168,6.1,,1033.6,,3
2025-01-15 02:00:00,-1.3,-5.2,75,0,,140,4.3,,1033.4,,3
2025-01-15 03:00:00,-1,-4.7,76,0.2,,170,4.7,,1033.2,,14
2025-01-15 04:00:00,-1.1,-3.9,81,0,,184,5.4,,1032.7,,3
2025-01-15 05:00:00,-0.9,-3.4,83,0,,168,5,,1032.7,,3
2025-01-15 06:00:00,-0.1,-2,87,0,,116,4.3,,1032.7,,3
2025-01-15 07:00:00,0,-1.7,88,0,,163,4.3,,1032.7,,3
2025-01-15 08:00:00,0.1,-1.6,88,0,,202,4,,1033.3,,3
2025-01-15 09:00:00,0.1,-1.3,90,0,,245,5.4,,1033.6,,3
2025-01-15 10:00:00,0.7,-0.7,90,0,,174,2.9,,1034,,3
2025-01-15 11:00:00,1.4,-1.7,80,0,,148,2.5,,1034.4,,3
2025-01-15 12:00:00,2,-1.4,78,0,,259,2.2,,1034.1,,3
2025-01-15 13:00:00,2.5,-0.9,78,0,,256,2.9,,1033.6,,3
2025-01-15 14:00:00,2.8,-0.7,78,0,,270,4,,1033.5,,3
2025-01-15 15:00:00,2.7,-0.4,80,0,,270,4,,1033.5,,3
2025-01-15 16:00:00,1.6,0,89,0,,283,2.9,,1033.4,,3
2025-01-15 17:00:00,1.3,0,91,0,,317,4.7,,1033.6,,3
2025-01-15 18:00:00,1.3,0.1,92,0,,336,7.2,,1034.3,,3
2025-01-15 19:00:00,1.3,0.3,93,0,,349,7.6,,1034.7,,3
2025-01-15 20:00:00,1.1,0.2,94,0,,347,7.2,,1034.9,,3
2025-01-15 21:00:00,-0.2,-0.6,97,0,,20,7.2,,1035.1,,3
2025-01-15 22:00:00,-0.1,-0.5,97,0,,61,6.1,,1035.3,,3
2025-01-15 23:00:00,0.8,0.1,95,0,,74,6.8,,1035.6,,3
2025-01-16 00:00:00,1.1,0.4,95,0,,65,7.6,,1035.4,,3
2025-01-16 01:00:00,0.7,-0.2,94,0,,48,9,,1035,,3
2025-01-16 02:00:00,1.2,0.3,94,0,,49,9,,1035.3,,3
2025-01-16 03:00:00,1.6,0.6,93,0,,68,10.1,,1035.6,,3
2025-01-16 04:00:00,1.8,0.8,93,0,,61,10.1,,1035.4,,3
2025-01-16 05:00:00,1,0,93,0,,50,9.4,,1035.4,,3
2025-01-16 06:00:00,0.9,-0.1,93,0,,48,9.4,,1035.6,,3
2025-01-16 07:00:00,1,0,93,0,,41,11.2,,1035.8,,3
2025-01-16 08:00:00,1.1,-0.1,92,0,,45,10.8,,1036.1,,3
2025-01-16 09:00:00,1.3,0.1,92,0,,48,11.2,,1036.5,,3
2025-01-16 10:00:00,2.6,1,89,0,,56,11.9,,1037.1,,1
2025-01-16 11:00:00,4,1.5,84,0,,65,10.1,,1037.6,,1
2025-01-16 12:00:00,5.1,1.9,80,0,,54,10.1,,1037.2,,1
2025-01-16 13:00:00,5.7,2.3,79,0,,86,14,,1036.3,,1
2025-01-16 14:00:00,6.3,1.8,73,0,,90,11.9,,1036,,2
2025-01-16 15:00:00,6.4,1.7,72,0,,75,9.4,,1035.9,,2
2025-01-16 16:00:00,5.4,2.2,80,0,,50,6.8,,1036.1,,1
2025-01-16 17:00:00,3.2,0.8,84,0,,50,7.9,,1036.3,,1
2025-01-16 18:00:00,2.1,0.2,87,0,,56,9,,1037,,2
2025-01-16 19:00:00,1.7,-0.2,87,0,,65,11.2,,1037.2,,2
2025-01-16 20:00:00,1.7,-0.4,86,0,,83,11.9,,1037.3,,1
2025-01-16 21:00:00,1.3,-0.8,86,0,,90,11.9,,1037.3,,1
2025-01-16 22:00:00,0.6,-1.2,88,0,,74,10.1,,1037.7,,1
2025-01-16 23:00:00,-0.5,-1.9,90,0,,63,9,,1038.1,,1
2025-01-17 00:00:00,-1,-2.4,90,0,,62,9,,1038,,1
2025-01-17 01:00:00,-1.3,-2.6,91,0,,62,9,,1037.7,,1
2025-01-17 02:00:00,-1.7,-2.8,92,0,,62,8.6,,1037.5,,1
2025-01-17 03:00:00,-2.1,-3.1,93,0,,62,8.6,,1037.4,,1
2025-01-17 04:00:00,-2,-2.8,94,0,,82,8.6,,1037.4,,1
2025-01-17 05:00:00,-2.3,-3,95,0,,90,8.6,,1037.2,,1
2025-01-17 06:00:00,-2.3,-3,95,0,,84,9,,1037.4,,1
2025-01-17 07:00:00,-2.2,-2.9,95,0,,68,9.7,,1037.7,,1
2025-01-17 08:00:00,-1.5,-2.2,95,0,,67,10.4,,1038.1,,3
2025-01-17 09:00:00,0.9,-0.4,91,0,,74,10.8,,1038.6,,3
2025-01-17 10:00:00,2,-0.3,85,0,,99,13,,1038.6,,3
2025-01-17 11:00:00,2.6,-0.3,81,0,,101,13.3,,1038.5,,3
2025-01-17 12:00:00,3.2,-0.3,78,0,,100,11.9,,1038.3,,3
2025-01-17 13:00:00,3.9,-0.1,75,0,,100,11.5,,1037.4,,3
2025-01-17 14:00:00,4.5,-0.1,72,0,,97,11.2,,1037.1,,3
2025-01-17 15:00:00,4.7,0.3,73,0,,90,8.3,,1036.6,,3
2025-01-17 16:00:00,3.8,0.3,78,0,,3,4.7,,1036.2,,2
2025-01-17 17:00:00,1.5,-1.1,83,0,,8,6.5,,1036.1,,1
2025-01-17 18:00:00,0.5,-1.3,88,0,,36,7.6,,1036.5,,1
2025-01-17 19:00:00,-0.1,-1.4,91,0,,45,9.4,,1036.6,,1
2025-01-17 20:00:00,-0.5,-1.8,91,0,,59,10.4,,1036.4,,1
2025-01-17 21:00:00,-0.8,-2.1,91,0,,60,10.4,,1036.2,,1
2025-01-17 22:00:00,-1.1,-2.2,92,0,,55,10.4,,1035.9,,1
2025-01-17 23:00:00,-1.5,-2.5,93,0,,47,9.4,,1035.7,,1
2025-01-18 00:00:00,-2.1,-3.4,91,0,,35,9,,1035.4,,1
2025-01-18 01:00:00,-2.3,-3.4,92,0,,21,7.2,,1034.9,,1
2025-01-18 02:00:00,-2.7,-3.8,92,0,,26,6.5,,1034.3,,1
2025-01-18 03:00:00,-2.8,-3.8,93,0,,23,6.5,,1034,,1
2025-01-18 04:00:00,-3,-4,93,0,,29,6.1,,1033.5,,1
2025-01-18 05:00:00,-0.5,-1.6,92,0,,32,9.7,,1033.1,,1
2025-01-18 06:00:00,-1,-2.1,92,0,,32,9.7,,1032.7,,1
2025-01-18 07:00:00,-1.2,-2.2,93,0,,33,9.7,,1032.5,,1
2025-01-18 08:00:00,-1.6,-2.4,94,0,,36,9.4,,1032.4,,1
2025-01-18 09:00:00,-1.1,-1.9,94,0,,30,10.1,,1032.6,,1
2025-01-18 10:00:00,1,-1.2,85,0,,76,11.5,,1032.6,,1
2025-01-18 11:00:00,2.6,-1.4,75,0,,95,11.5,,1032.3,,1
2025-01-18 12:00:00,3.7,-1.3,70,0,,97,10.4,,1031.9,,1
2025-01-18 13:00:00,4.6,-1,67,0,,101,9.7,,1030.9,,1
2025-01-18 14:00:00,5.2,-0.8,65,0,,117,9,,1030.2,,1
2025-01-18 15:00:00,4.8,-0.6,68,0,,125,6.8,,1030,,1
2025-01-18 16:00:00,4.2,0,74,0,,63,5.4,,1029.6,,1
2025-01-18 17:00:00,2,-1.3,79,0,,29,5.8,,1029.6,,1
2025-01-18 18:00:00,0.9,-1.5,84,0,,17,5.4,,1029.5,,1
2025-01-18 19:00:00,-0.1,-1.8,88,0,,18,5.4,,1029.2,,1
2025-01-18 20:00:00,-1.2,-3.1,87,0,,60,9.4,,1029.4,,1
2025-01-18 21:00:00,-1.2,-3.2,86,0,,79,9.7,,1029.1,,1
2025-01-18 22:00:00,-1.2,-3.2,86,0,,88,10.1,,1028.6,,1
2025-01-18 23:00:00,-1.4,-3.4,86,0,,83,9.7,,1028.3,,1
2025-01-19 00:00:00,-1.7,-3.7,86,0,,66,9.7,,1027.8,,1
2025-01-19 01:00:00,-1.9,-3.8,87,0,,57,9.7,,1027.3,,1
2025-01-19 02:00:00,-2,-3.9,87,0,,62,9.4,,1026.6,,1
2025-01-19 03:00:00,-2.1,-4,87,0,,59,8.3,,1025.9,,1
2025-01-19 04:00:00,-2.3,-4.2,87,0,,44,7.6,,1025.3,,1
2025-01-19 05:00:00,-2.5,-4.4,87,0,,4,6.1,,1024.8,,1
2025-01-19 06:00:00,-2.7,-3.8,92,0,,17,5.4,,1025.1,,1
2025-01-19 07:00:00,-2.9,-4,92,0,,17,5.4,,1024.5,,1
2025-01-19 08:00:00,-2.9,-4,92,0,,18,5.4,,1024.6,,2
2025-01-19 09:00:00,-2.1,-3.4,91,0,,28,6.5,,1024.4,,2
2025-01-19 10:00:00,-0.5,-2.2,88,0,,338,7.2,,1024.2,,2
2025-01-19 11:00:00,0.5,-2.7,79,0,,261,6.1,,1023.8,,3
2025-01-19 12:00:00,2.2,-3.1,68,0,,254,5.4,,1023.3,,2
2025-01-19 13:00:00,3.4,-3.2,62,0,,259,4.3,,1022.4,,2
2025-01-19 14:00:00,3.8,-3.2,60,0,,276,4,,1022,,2
2025-01-19 15:00:00,3.4,-2.8,64,0,,268,4.7,,1021.7,,1
2025-01-19 16:00:00,1.6,-2.7,73,0,,257,5,,1021.8,,1
2025-01-19 17:00:00,-0.9,-3.4,83,0,,250,4.7,,1022.1,,1
2025-01-19 18:00:00,-1.4,-3.6,85,0,,206,4.7,,1022.4,,1
2025-01-19 19:00:00,-1.5,-3.7,85,0,,172,4,,1022.4,,1
2025-01-19 20:00:00,-1.5,-3.7,85,0,,156,4,,1022.1,,1
2025-01-19 21:00:00,-2.5,-3.3,94,0,,163,6.8,,1022.2,,1
2025-01-19 22:00:00,-2.8,-3.3,96,0,,162,7.9,,1022.2,,2
2025-01-19 23:00:00,-3,-3.4,97,0,,149,7.9,,1022.2,,3
2025-01-20 00:00:00,-3.1,-3.4,98,0,,142,6.1,,1022.3,,3
2025-01-20 01:00:00,-3.3,-3.6,98,0,,151,5.4,,1022.3,,5
2025-01-20 02:00:00,-1.7,-2,98,0,,158,6.5,,1022,,5
2025-01-20 03:00:00,-1.9,-2,99,0,,153,6.8,,1021.9,,5
2025-01-20 04:00:00,-1.7,-1.8,99,0,,157,7.9,,1021.8,,5
2025-01-20 05:00:00,-1.8,-1.9,99,0,,138,6.1,,1021.4,,5
2025-01-20 06:00:00,-1.7,-1.8,99,0,,144,6.1,,1021.5,,5
2025-01-20 07:00:00,-1.6,-1.7,99,0,,157,7.2,,1021.5,,5
2025-01-20 08:00:00,-1.6,-1.7,99,0,,162,6.8,,1021.7,,5
2025-01-20 09:00:00,-1.6,-1.7,99,0,,168,6.8,,1022.1,,5
2025-01-20 10:00:00,-1.1,-1.7,96,0,,165,6.1,,1022.2,,5
2025-01-20 11:00:00,-0.5,-1.2,95,0,,162,5,,1022.4,,5
2025-01-20 12:00:00,0.5,-0.9,90,0,,172,4.3,,1022.3,,5
2025-01-20 13:00:00,2.4,-1.2,77,0,,189,3.6,,1021.3,,3
2025-01-20 14:00:00,3.1,-1.1,74,0,,255,2.9,,1021.1,,3
2025-01-20 15:00:00,3.1,-0.9,75,0,,37,1.8,,1020.7,,2
2025-01-20 16:00:00,2.3,-0.8,80,0,,141,1.4,,1020.5,,1
2025-01-20 17:00:00,0.6,-1.9,83,0,,162,2.2,,1020.4,,2
2025-01-20 18:00:00,-0.4,-2.1,88,0,,51,1.8,,1020.5,,2
2025-01-20 19:00:00,-1,-2.6,89,0,,69,3.6,,1020.5,,1
2025-01-20 20:00:00,-1.4,-2.8,90,0,,76,5.4,,1020.5,,3
2025-01-20 21:00:00,-1.7,-3,91,0,,67,5.4,,1020.3,,3
2025-01-20 22:00:00,-1.9,-3.3,90,0,,48,4.7,,1020.4,,3
2025-01-20 23:00:00,-3.3,-5,88,0,,39,4,,1020.5,,3
2025-01-21 00:00:00,-3.5,-5.2,88,0,,80,3.6,,1020.6,,3
2025-01-21 01:00:00,-3.8,-5.2,90,0,,88,3.2,,1020.3,,3
2025-01-21 02:00:00,-4.1,-5.3,91,0,,303,2.2,,1020.3,,2
2025-01-21 03:00:00,-3.9,-5.1,91,0,,225,1.8,,1020.4,,2
2025-01-21 04:00:00,-2.8,-3.2,97,0,,282,2.9,,1020.6,,3
2025-01-21 05:00:00,-2.9,-3.2,98,0,,271,1.8,,1020.7,,5
2025-01-21 06:00:00,-3,-3.3,98,0,,238,1.1,,1020.5,,5
2025-01-21 07:00:00,-3,-3.3,98,0,,199,1.8,,1020.4,,5
2025-01-21 08:00:00,-2.8,-3.1,98,0,,186,2.5,,1020.4,,5
2025-01-21 09:00:00,-2.7,-3.1,97,0,,190,3.6,,1020.3,,5
2025-01-21 10:00:00,-1.8,-2.6,94,0,,189,3.2,,1020.5,,5
2025-01-21 11:00:00,-0.2,-1.9,88,0,,184,2.9,,1020.5,,5
2025-01-21 12:00:00,1.3,-1.6,81,0,,182,3.2,,1019.9,,3
2025-01-21 13:00:00,2.4,-1.2,77,0,,214,3.2,,1019.2,,2
2025-01-21 14:00:00,2.3,-1,79,0,,210,2.2,,1019,,1
2025-01-21 15:00:00,2.7,-0.7,78,0,,126,2.5,,1018.3,,1
2025-01-21 16:00:00,2.1,-0.5,83,0,,165,1.8,,1017.8,,1
2025-01-21 17:00:00,0.4,-1.7,86,0,,157,2.5,,1017.6,,1
2025-01-21 18:00:00,-0.1,-2,87,0,,77,3.2,,1017.8,,1
2025-01-21 19:00:00,-0.8,-2.5,88,0,,69,5.8,,1017.4,,1
2025-01-21 20:00:00,-1.5,-3.1,89,0,,63,6.1,,1017.2,,1
2025-01-21 21:00:00,-1.9,-3.5,89,0,,55,7.6,,1016.8,,1
2025-01-21 22:00:00,-2,-3.6,89,0,,60,8.6,,1016.4,,1
2025-01-21 23:00:00,-2,-3.7,88,0,,73,9.4,,1016.1,,1
2025-01-22 00:00:00,-3.6,-5.3,88,0,,68,9.4,,1016.1,,1
2025-01-22 01:00:00,-3.4,-5.1,88,0,,66,10.4,,1015.1,,1
2025-01-22 02:00:00,-3.7,-5.1,90,0,,48,9.4,,1014.8,,3
2025-01-22 03:00:00,-3.7,-5.1,90,0,,50,9.7,,1014.6,,3
2025-01-22 04:00:00,-3.5,-4.8,91,0,,79,10.4,,1013.8,,3
2025-01-22 05:00:00,-2.6,-3.4,94,0,,102,8.3,,1014,,3
2025-01-22 06:00:00,-2.5,-3.3,94,0,,139,8.3,,1013.5,,5
2025-01-22 07:00:00,-2,-3,93,0,,124,10.4,,1013.3,,5
2025-01-22 08:00:00,-1.8,-2.9,92,0,,144,9.4,,1012.8,,3
2025-01-22 09:00:00,-1,-2.4,90,0,,112,11.5,,1012.4,,3
2025-01-22 10:00:00,0.5,-2.2,82,0,,125,12.6,,1011.6,,3
2025-01-22 11:00:00,2.5,-2,72,0,,145,8.3,,1011.3,,3
2025-01-22 12:00:00,4.3,-1.9,64,0,,136,7.9,,1010.6,,3
2025-01-22 13:00:00,5,-1.7,62,0,,161,6.5,,1009.7,,3
2025-01-22 14:00:00,4.9,-1.1,65,0,,159,7.6,,1008.9,,3
2025-01-22 15:00:00,5.2,-1.3,63,0,,144,8.3,,1008.7,,3
2025-01-22 16:00:00,4.3,-1.1,68,0,,130,7.6,,1008,,3
2025-01-22 17:00:00,3.4,-1,73,0,,120,9.7,,1007.5,,3
2025-01-22 18:00:00,3,-1,75,0,,122,9.4,,1007.2,,3
2025-01-22 19:00:00,3.1,-0.7,76,0,,124,10.1,,1006.9,,3
2025-01-22 20:00:00,2,-0.6,83,0,,122,9.4,,1006.5,,3
2025-01-22 21:00:00,1.5,-0.6,86,0,,119,9.7,,1005.8,,3
2025-01-22 22:00:00,1.9,-0.4,85,0,,123,10.4,,1005.3,,3
2025-01-22 23:00:00,2.2,-0.2,84,0,,121,12.2,,1004.4,,3
2025-01-23 00:00:00,2.3,-0.1,84,0,,127,12.2,,1004,,3
2025-01-23 01:00:00,2.4,-0.4,82,0,,130,11.9,,1003.6,,3
2025-01-23 02:00:00,2.3,0.8,90,0.5,,137,14.8,,1003.2,,12
2025-01-23 03:00:00,2.4,1.5,94,0.7,,138,17.6,,1002.4,,8
2025-01-23 04:00:00,2.6,1.9,95,0.2,,138,16.6,,1001.6,,7
2025-01-23 05:00:00,2.8,2.2,96,0,,147,16.2,,1001.4,,3
2025-01-23 06:00:00,3.1,2.5,96,0.6,,161,13.7,,1001.1,,8
2025-01-23 07:00:00,4.6,4,96,0.8,,238,20.5,,1002.5,,8
2025-01-23 08:00:00,4.1,3.7,97,0.2,,271,19.8,,1005,,7
2025-01-23 09:00:00,3,2.1,94,0,,280,17.6,,1007.8,,3
2025-01-23 10:00:00,3.3,2.1,92,0,,258,16.2,,1010,,3
2025-01-23 11:00:00,3.7,2.7,93,0,,224,15.1,,1011.6,,3
2025-01-23 12:00:00,4.2,3.2,93,0.1,,213,15.5,,1012.5,,7
2025-01-23 13:00:00,4.6,3.4,92,0,,200,15.1,,1012.6,,3
2025-01-23 14:00:00,4.6,2.9,89,0,,202,15.5,,1012.5,,3
2025-01-23 15:00:00,4.6,2.5,86,0,,223,14.8,,1012.7,,3
2025-01-23 16:00:00,4.8,1.8,81,0,,226,10.4,,1012.9,,3
2025-01-23 17:00:00,4.1,1.6,84,0,,190,9.7,,1012.9,,3
2025-01-23 18:00:00,2.7,0.9,88,0,,196,10.8,,1013.4,,3
2025-01-23 19:00:00,2.5,1,90,0,,189,11.5,,1013.5,,3
2025-01-23 20:00:00,2.5,1.3,92,0,,185,13,,1013.7,,3
2025-01-23 21:00:00,2.5,1.3,92,0.5,,191,13.7,,1013.7,,17
2025-01-23 22:00:00,2.2,0.7,90,0,,184,13.3,,1013.4,,2
2025-01-23 23:00:00,1.8,0.3,90,0.5,,176,14.4,,1012.9,,8
2025-01-24 00:00:00,1.9,0.4,90,5.1,,190,17.3,,1013.2,,13
2025-01-24 01:00:00,2.7,1.4,91,0.3,,204,18,,1013.2,,12
2025-01-24 02:00:00,4.8,2.5,85,0,,216,19.8,,1013.4,,3
2025-01-24 03:00:00,5.2,2.6,83,0,,220,22.3,,1013.7,,3
2025-01-24 04:00:00,5.5,2.5,81,0,,226,19.4,,1013.5,,3
2025-01-24 05:00:00,5,2.4,83,0,,217,14.8,,1013.9,,3
2025-01-24 06:00:00,4.7,1.9,82,0,,200,14.4,,1014.3,,3
2025-01-24 07:00:00,4.6,1.6,81,0,,188,13.3,,1014,,3
2025-01-24 08:00:00,4.4,1.6,82,0,,167,14,,1013.3,,3
2025-01-24 09:00:00,4.2,1.4,82,0,,160,13,,1013.2,,3
2025-01-24 10:00:00,5.1,1.9,80,0,,139,12.6,,1013,,3
2025-01-24 11:00:00,6.5,2.4,75,0,,138,15.1,,1012,,3
2025-01-24 12:00:00,7.7,3,72,0,,150,11.9,,1012,,3
2025-01-24 13:00:00,6.3,0.8,68,0,,166,13,,1010.4,,3
2025-01-24 14:00:00,7.5,0.5,61,0,,179,13.7,,1010.3,,3
2025-01-24 15:00:00,7.8,0.1,58,0,,190,12.6,,1009.7,,3
2025-01-24 16:00:00,7.4,0.1,60,0,,190,12.6,,1010,,3
2025-01-24 17:00:00,7.5,-0.2,58,0,,183,16.2,,1010,,3
2025-01-24 18:00:00,8.1,0.1,57,0,,193,15.5,,1010.8,,3
2025-01-24 19:00:00,8.1,0.6,59,0,,200,14.8,,1011.1,,3
2025-01-24 20:00:00,7.9,1.7,65,0,,178,13,,1011.2,,3
2025-01-24 21:00:00,7.6,0.8,62,0,,150,11.9,,1010.8,,3
2025-01-24 22:00:00,7.9,0.4,59,0,,151,12.2,,1010.3,,3
2025-01-24 23:00:00,8.2,0.4,58,0,,176,13.3,,1009.6,,3
2025-01-25 00:00:00,8.1,-0.4,55,0,,188,13.7,,1009.2,,3
2025-01-25 01:00:00,7.4,-1,55,0,,196,12.2,,1009.2,,3
2025-01-25 02:00:00,7.6,-1.1,54,0,,186,12.6,,1008.9,,3
2025-01-25 03:00:00,7.7,-1.3,53,0,,193,11.9,,1009,,3
2025-01-25 04:00:00,8.1,0.8,60,0,,181,12.6,,1008.9,,3
2025-01-25 05:00:00,8.1,0.6,59,0,,164,14.4,,1008.7,,3
2025-01-25 06:00:00,8.1,0.3,58,0,,156,14.4,,1008.2,,3
2025-01-25 07:00:00,7.9,-0.1,57,0,,163,14.4,,1008,,3
2025-01-25 08:00:00,8.2,-0.1,56,0,,152,14,,1008,,3
2025-01-25 09:00:00,8.4,1.3,61,0,,162,14,,1008.1,,3
2025-01-25 10:00:00,9,2.1,62,0.3,,178,15.5,,1008.8,,8
2025-01-25 11:00:00,9.6,2.9,63,0,,165,14.4,,1008.8,,3
2025-01-25 12:00:00,10.9,4.1,63,0,,162,13.7,,1009.1,,3
2025-01-25 13:00:00,12.7,4.9,59,0,,188,15.5,,1008.8,,3
2025-01-25 14:00:00,14.4,6.7,60,0,,169,11.5,,1008.4,,3
2025-01-25 15:00:00,14.4,7.4,63,0,,211,13.3,,1008.2,,3
2025-01-25 16:00:00,13.6,8.2,70,0,,210,9.4,,1008.1,,3
2025-01-25 17:00:00,11.6,7.9,78,0,,181,7.9,,1008.2,,3
2025-01-25 18:00:00,11.2,7.7,79,0,,145,7.6,,1007.8,,3
2025-01-25 19:00:00,10.1,7.5,84,0.2,,170,10.4,,1007.8,,7
2025-01-25 20:00:00,8.9,7.5,91,0.7,,162,11.2,,1007.8,,8
2025-01-25 21:00:00,8.5,7.1,91,0.3,,158,11.5,,1007.3,,8
2025-01-25 22:00:00,8.2,7.3,94,3.1,,154,14.4,,1007.2,,9
2025-01-25 23:00:00,8.7,7.6,93,1.6,,190,18,,1007.3,,9
2025-01-26 00:00:00,9.2,8.6,96,1.7,,196,16.6,,1007.2,,9
2025-01-26 01:00:00,8.8,8,95,1.2,,209,18,,1007.7,,9
2025-01-26 02:00:00,8.3,7.5,95,0.8,,211,19.1,,1008.1,,8
2025-01-26 03:00:00,8.2,7.3,94,0,,206,16.6,,1008.2,,3
2025-01-26 04:00:00,7.7,6.8,94,0,,201,15.1,,1007.9,,3
2025-01-26 05:00:00,7.7,6.6,93,0,,200,16.6,,1008.5,,3
2025-01-26 06:00:00,7.2,5.7,90,0,,202,19.1,,1008.9,,3
2025-01-26 07:00:00,7.1,4.2,82,0,,222,22.3,,1009.2,,3
2025-01-26 08:00:00,6.8,2.7,75,0,,218,20.9,,1010.1,,3
2025-01-26 09:00:00,6.6,2.3,74,0,,215,19.4,,1011.2,,3
2025-01-26 10:00:00,6.3,2.4,76,0,,212,20.9,,1011.7,,3
2025-01-26 11:00:00,6.1,2.2,76,0,,222,22.3,,1012,,3
2025-01-26 12:00:00,6,1.5,73,0,,231,22.3,,1012.3,,3
2025-01-26 13:00:00,6,1.3,72,0,,234,19.4,,1011.9,,3
2025-01-26 14:00:00,6.3,1,69,0,,226,17.6,,1011.7,,3
2025-01-26 15:00:00,6.5,0.2,64,0,,223,14,,1010.6,,3
2025-01-26 16:00:00,6.3,0.6,67,0,,196,10.1,,1010.6,,3
2025-01-26 17:00:00,4.5,0.8,77,0,,115,9,,1009.8,,3
2025-01-26 18:00:00,4,0.5,78,0,,113,11.9,,1008.8,,3
2025-01-26 19:00:00,3.7,0.2,78,0,,120,14,,1008.3,,3
2025-01-26 20:00:00,5.3,0.3,70,0,,123,15.1,,1007.2,,3
2025-01-26 21:00:00,5.6,-0.7,64,0,,132,16.9,,1005.9,,3
2025-01-26 22:00:00,6.7,-1,58,0,,143,17.3,,1004.9,,3
2025-01-26 23:00:00,6.9,-0.3,60,0,,140,16.9,,1003.8,,3
2025-01-27 00:00:00,6.9,0.3,63,0,,141,16.9,,1003.2,,3
2025-01-27 01:00:00,6.7,1.2,68,0,,136,15.1,,1002.2,,3
2025-01-27 02:00:00,6.4,2.7,77,0.3,,138,16.2,,1001.9,,8
2025-01-27 03:00:00,5.8,4.6,92,0.9,,136,17.3,,1000.7,,8
2025-01-27 04:00:00,6.1,5.2,94,0.5,,139,18.7,,999.6,,8
2025-01-27 05:00:00,6.5,5.3,92,0.8,,143,22.3,,998.8,,8
2025-01-27 06:00:00,6.7,5.5,92,0,,141,21.6,,998.8,,3
2025-01-27 07:00:00,6.7,5.5,92,0.3,,134,20.2,,998.4,,8
2025-01-27 08:00:00,7.6,6.1,90,0.1,,157,19.1,,998.2,,7
2025-01-27 09:00:00,8.9,7,88,0.4,,182,20.5,,998.8,,8
2025-01-27 10:00:00,10.1,7.3,83,0,,200,20.9,,999.2,,3
2025-01-27 11:00:00,11.2,6.5,73,0,,207,20.9,,998.7,,3
2025-01-27 12:00:00,11.3,7,75,0.1,,212,20.5,,998.8,,7
2025-01-27 13:00:00,11.4,7.1,75,0.1,,220,19.1,,998.5,,7
2025-01-27 14:00:00,11.3,7,75,0,,220,19.4,,998.6,,3
2025-01-27 15:00:00,10.8,7.3,79,0.3,,217,19.1,,998.9,,8
2025-01-27 16:00:00,11,7.3,78,0,,213,20.5,,998.4,,3
2025-01-27 17:00:00,10,7.2,83,0,,206,17.3,,998.6,,3
2025-01-27 18:00:00,9.4,7,85,0.1,,205,16.9,,999.1,,7
2025-01-27 19:00:00,9,7.1,88,0.4,,210,18.7,,999.8,,8
2025-01-27 20:00:00,8.5,6.8,89,0.1,,196,17.3,,1000.4,,7
2025-01-27 21:00:00,8.3,6.1,86,0,,191,16.9,,999.6,,3
2025-01-27 22:00:00,7.9,5,82,0,,194,16.9,,999.9,,3
2025-01-27 23:00:00,8.3,4.3,76,0,,193,17.3,,999.8,,3
2025-01-28 00:00:00,8,4,76,0,,180,13,,999.4,,3
2025-01-28 01:00:00,7.5,3.7,77,0,,179,10.4,,999.6,,3
2025-01-28 02:00:00,6.2,3.7,84,0,,128,11.2,,999.3,,3
2025-01-28 03:00:00,6.5,3.7,82,1,,138,9.4,,998.2,,9
2025-01-28 04:00:00,5.8,3.5,85,0,,160,11.2,,997.8,,3
2025-01-28 05:00:00,6.6,3.7,82,0,,192,12.6,,998.1,,3
2025-01-28 06:00:00,5.9,3.9,87,0,,190,11.5,,998.3,,3
2025-01-28 07:00:00,5.6,4.2,91,0,,183,12.6,,998.7,,3
2025-01-28 08:00:00,5.3,4.4,94,0,,185,11.5,,998.8,,3
2025-01-28 09:00:00,5.5,4.5,93,0,,179,11.5,,999.3,,3
2025-01-28 10:00:00,6.3,4.8,90,0,,188,13,,999.2,,3
2025-01-28 11:00:00,7.4,4.5,82,0,,205,14.8,,999,,3
2025-01-28 12:00:00,7.9,4.8,81,0,,183,15.1,,998.2,,3
2025-01-28 13:00:00,8.7,4.7,76,0,,203,18.4,,997.9,,3
2025-01-28 14:00:00,8.9,4.5,74,0.1,,213,18.7,,997.8,,7
2025-01-28 15:00:00,9.3,4.1,70,0,,212,16.6,,997.8,,3
2025-01-28 16:00:00,9,3.6,69,0,,209,14,,998,,3
2025-01-28 17:00:00,8.1,2.8,69,0,,196,14,,998.2,,3
2025-01-28 18:00:00,7.4,2.5,71,0,,183,13,,999,,3
2025-01-28 19:00:00,8.2,2.2,66,0,,198,16.2,,999,,3
2025-01-28 20:00:00,7.6,3.1,73,0.2,,210,18.4,,999.8,,7
2025-01-28 21:00:00,6.7,4.2,84,0.8,,208,19.4,,1000.2,,8
2025-01-28 22:00:00,7.1,3.9,80,0,,208,19.1,,1000.7,,3
2025-01-28 23:00:00,7.4,3.6,77,0,,203,19.4,,1001.3,,3
2025-01-29 00:00:00,7.3,3.2,75,0,,200,19.4,,1001.3,,3
2025-01-29 01:00:00,5.8,4.4,91,0.7,,198,19.1,,1001.7,,8
2025-01-29 02:00:00,6,4.6,91,0.3,,198,18.7,,1001.7,,8
2025-01-29 03:00:00,6.9,4.4,84,0,,212,21.2,,1001.7,,3
2025-01-29 04:00:00,6.2,5.2,93,0.3,,217,24.5,,1002.2,,8
2025-01-29 05:00:00,6.3,5.1,92,0.4,,220,26.6,,1003,,8
2025-01-29 06:00:00,6.1,5.2,94,0.4,,219,24.8,,1004.1,,8
2025-01-29 07:00:00,6.5,5.5,93,0.2,,225,24.1,,1004.9,,7
2025-01-29 08:00:00,6.5,5.3,92,0.2,,227,23,,1006.3,,7
2025-01-29 09:00:00,6.9,4.4,84,0,,240,22.3,,1007.6,,3
2025-01-29 10:00:00,7.5,4.3,80,0,,242,24.8,,1008.4,,3
2025-01-29 11:00:00,8.1,4.5,78,0,,236,24.1,,1009.2,,3
2025-01-29 12:00:00,8.7,3.9,72,0,,238,24.8,,1009.8,,2
2025-01-29 13:00:00,8.9,3.7,70,0.4,,245,24.1,,1009.6,,17
2025-01-29 14:00:00,9.7,3.2,64,0,,239,22.7,,1009.8,,3
2025-01-29 15:00:00,9.6,2.4,61,0,,235,20.5,,1009.9,,2
2025-01-29 16:00:00,9.1,2.2,62,0,,222,14.8,,1010,,3
2025-01-29 17:00:00,7.9,1.9,66,0,,206,11.2,,1010.1,,3
2025-01-29 18:00:00,6.1,1.8,74,0,,170,9,,1011,,3
2025-01-29 19:00:00,5.9,2.2,77,0,,159,9.7,,1011.4,,3
2025-01-29 20:00:00,5.7,2,77,0,,159,9.4,,1011.7,,3
2025-01-29 21:00:00,5.2,1.7,78,0,,139,8.6,,1011.5,,3
2025-01-29 22:00:00,5,1.7,79,0,,126,8.6,,1011.7,,3
2025-01-29 23:00:00,5.2,1.9,79,0,,113,9.7,,1011.9,,3
2025-01-30 00:00:00,5.1,1.6,78,0,,119,11.2,,1011.8,,3
2025-01-30 01:00:00,3.9,0.8,80,0,,119,11.2,,1011.9,,3
2025-01-30 02:00:00,3.8,0.7,80,0,,118,11.5,,1012.3,,3
2025-01-30 03:00:00,3.8,0.1,77,0,,118,10.8,,1012.6,,3
2025-01-30 04:00:00,3.8,0,76,0,,121,9.4,,1012.6,,3
2025-01-30 05:00:00,4.2,0.9,79,0,,124,9.7,,1012.7,,3
2025-01-30 06:00:00,4,0.9,80,0,,122,10.4,,1013.1,,3
2025-01-30 07:00:00,3.6,0.8,82,0,,127,9.7,,1013.6,,3
2025-01-30 08:00:00,3.5,0.9,83,0,,119,9,,1014.2,,3
2025-01-30 09:00:00,4.7,1.2,78,0,,144,8.6,,1015,,3
2025-01-30 10:00:00,5.7,1.8,76,0,,165,9.7,,1015.7,,3
2025-01-30 11:00:00,7,3.1,76,0,,156,9.7,,1015.8,,3
2025-01-30 12:00:00,8.2,3.5,72,0,,163,9.4,,1016,,3
2025-01-30 13:00:00,9.4,3.2,65,0,,181,9.4,,1015.9,,3
2025-01-30 14:00:00,10.4,3.2,61,0,,186,10.1,,1015.9,,3
2025-01-30 15:00:00,10.7,3.7,62,0,,209,11.5,,1015.9,,3
2025-01-30 16:00:00,10.3,4.2,66,0,,203,9.7,,1016.2,,3
2025-01-30 17:00:00,9.2,4.2,71,0,,212,10.1,,1016.7,,3
2025-01-30 18:00:00,8.6,4.4,75,0.4,,224,14,,1017.7,,8
2025-01-30 19:00:00,7.5,5.3,86,0.5,,222,12.2,,1018.4,,8
2025-01-30 20:00:00,7,6.1,94,0.2,,237,12.6,,1019,,17
2025-01-30 21:00:00,6.4,5,91,0.3,,253,13.3,,1020,,17
2025-01-30 22:00:00,5.8,5.1,95,0.3,,307,15.5,,1021.3,,8
2025-01-30 23:00:00,4.8,4.1,95,0.7,,324,16.6,,1022.3,,8
2025-01-31 00:00:00,4.5,3.6,94,0.2,,320,13,,1023.3,,7
2025-01-31 01:00:00,4.1,3.2,94,0,,324,12.2,,1024.2,,3
2025-01-31 02:00:00,3.8,2.9,94,0,,322,10.8,,1024.7,,3
2025-01-31 03:00:00,3.1,2.4,95,0,,322,9.7,,1025.6,,3
2025-01-31 04:00:00,1.9,1.3,96,0,,314,6.8,,1025.9,,2
2025-01-31 05:00:00,0.8,0.2,96,0,,312,7.6,,1026.7,,1
2025-01-31 06:00:00,0.5,0.1,97,0,,326,6.1,,1027.5,,2
2025-01-31 07:00:00,-0.3,-0.7,97,0,,324,4.7,,1028.2,,2
2025-01-31 08:00:00,0.1,-0.5,96,0,,317,3.6,,1029.2,,2
2025-01-31 09:00:00,1.6,0.7,94,0,,158,3.6,,1029.9,,3
2025-01-31 10:00:00,2.4,0.8,89,0,,346,4.3,,1030.3,,3
2025-01-31 11:00:00,3.1,0.5,83,0,,341,1.8,,1030.4,,3
2025-01-31 12:00:00,3.8,0.1,77,0,,313,1.4,,1030.4,,3
2025-01-31 13:00:00,4.4,-0.2,72,0,,205,2.9,,1030,,3
2025-01-31 14:00:00,4.9,-0.5,68,0,,209,2.9,,1029.9,,3
2025-01-31 15:00:00,5.2,-1,64,0,,190,2.2,,1029.8,,3
2025-01-31 16:00:00,5.1,-0.9,65,0,,237,2.2,,1029.8,,3
2025-01-31 17:00:00,3.6,-0.4,75,0,,255,2.2,,1030,,3
2025-01-31 18:00:00,2.5,-1.1,77,0,,287,1.1,,1030.4,,3
2025-01-31 19:00:00,1.8,-1.4,79,0,,51,2.9,,1030.9,,3
2025-01-31 20:00:00,0.8,-1.6,84,0,,61,6.1,,1031.4,,3
2025-01-31 21:00:00,0.2,-1.5,88,0,,71,6.5,,1031.7,,3
2025-01-31 22:00:00,-0.7,-2.1,90,0,,69,8.3,,1031.7,,3
2025-01-31 23:00:00,-1.3,-2.7,90,0,,68,8.6,,1032,,1
2025-02-01 00:00:00,-1.5,-2.9,90,0,,73,8.6,,1032.3,,1
2025-02-01 01:00:00,-1.3,-2.9,89,0,,72,9.7,,1032.1,,1
2025-02-01 02:00:00,-0.8,-2.7,87,0,,64,10.1,,1032.3,,1
2025-02-01 03:00:00,-0.5,-2.9,84,0,,70,10.8,,1032.6,,1
2025-02-01 04:00:00,-0.6,-3.1,83,0,,79,10.8,,1032.1,,1
2025-02-01 05:00:00,-0.8,-3.5,82,0,,68,11.2,,1031.8,,1
2025-02-01 06:00:00,-0.8,-3.8,80,0,,66,11.5,,1031.8,,1
2025-02-01 07:00:00,-1,-4,80,0,,59,11.2,,1031.6,,1
2025-02-01 08:00:00,-1.1,-4.1,80,0,,51,10.1,,1031.9,,1
2025-02-01 09:00:00,-0.1,-3.3,79,0,,35,10.4,,1032.2,,1
2025-02-01 10:00:00,1.7,-2.6,73,0,,24,10.1,,1032.2,,1
2025-02-01 11:00:00,3.5,-2.2,66,0,,46,10.8,,1031.8,,1
2025-02-01 12:00:00,4.8,-2.1,61,0,,63,11.9,,1031,,1
2025-02-01 13:00:00,5.9,-2.2,56,0,,70,11.9,,1030,,1
2025-02-01 14:00:00,6.6,-2,54,0,,66,11.9,,1029.4,,1
2025-02-01 15:00:00,6.6,-2.3,53,0,,58,11.5,,1028.8,,1
2025-02-01 16:00:00,6.1,-1.8,57,0,,54,10.1,,1028.5,,1
2025-02-01 17:00:00,2.5,-3.4,65,0,,32,9,,1028.5,,1
2025-02-01 18:00:00,1.2,-4.6,65,0,,36,11.2,,1028.9,,1
2025-02-01 19:00:00,0.8,-5.4,63,0,,51,11.5,,1028.7,,1
2025-02-01 20:00:00,0.7,-5.5,63,0,,61,11.2,,1028.6,,1
2025-02-01 21:00:00,0.6,-5.6,63,0,,71,11.2,,1028.2,,1
2025-02-01 22:00:00,0.3,-5.3,66,0,,64,10.4,,1028,,1
2025-02-01 23:00:00,-0.6,-4.5,75,0,,65,9.7,,1028.2,,1
2025-02-02 00:00:00,-1.1,-4.3,79,0,,71,9.4,,1028.3,,1
2025-02-02 01:00:00,-1.5,-4.2,82,0,,66,9.7,,1027.8,,1
2025-02-02 02:00:00,-1.7,-4,84,0,,85,10.8,,1027.3,,1
2025-02-02 03:00:00,-1.7,-3.9,85,0,,102,11.9,,1026.8,,1
2025-02-02 04:00:00,-1.5,-3.2,88,0,,85,11.5,,1026.3,,1
2025-02-02 05:00:00,-1.9,-3.3,90,0,,66,10.4,,1025.9,,1
2025-02-02 06:00:00,-2.3,-3.7,90,0,,54,9.4,,1025.8,,1
2025-02-02 07:00:00,-2.5,-3.9,90,0,,36,9,,1025.7,,1
2025-02-02 08:00:00,-2.8,-4.2,90,0,,40,8.3,,1026.1,,1
2025-02-02 09:00:00,-1.6,-3.3,88,0,,34,9,,1026.1,,1
2025-02-02 10:00:00,0.3,-2.6,81,0,,36,7.2,,1025.8,,1
2025-02-02 11:00:00,2.4,-2.3,71,0,,70,8.6,,1025.5,,1
2025-02-02 12:00:00,3.9,-1.9,66,0,,75,8.3,,1025.1,,2
2025-02-02 13:00:00,5,-1.2,64,0,,58,7.2,,1024.7,,2
2025-02-02 14:00:00,5.7,-1,62,0,,40,7.2,,1024.7,,2
2025-02-02 15:00:00,5.9,-0.6,63,0,,46,7.2,,1024.5,,1
2025-02-02 16:00:00,5.2,0.6,72,0,,306,5.8,,1024.5,,1
2025-02-02 17:00:00,2.8,-0.8,77,0,,307,5.8,,1024.9,,1
2025-02-02 18:00:00,1.2,-1.5,82,0,,337,5.4,,1025.2,,1
2025-02-02 19:00:00,-0.4,-3.1,82,0,,43,5.8,,1025.7,,1
2025-02-02 20:00:00,-1.2,-3.4,85,0,,55,6.5,,1026,,1
2025-02-02 21:00:00,-2,-3.7,88,0,,72,7.9,,1026.3,,1
2025-02-02 22:00:00,-2.4,-3.8,90,0,,87,7.9,,1026.5,,1
2025-02-02 23:00:00,-2.7,-4,91,0,,73,6.8,,1026.8,,1
2025-02-03 00:00:00,-3.1,-4.2,92,0,,65,7.2,,1027.3,,2
2025-02-03 01:00:00,-3.5,-4.6,92,0,,56,6.1,,1027.6,,2
2025-02-03 02:00:00,-3.7,-4.7,93,0,,78,4.7,,1027.8,,2
2025-02-03 03:00:00,-3.8,-4.8,93,0,,111,5.4,,1027.8,,2
2025-02-03 04:00:00,-4,-5,93,0,,124,6.1,,1027.8,,5
2025-02-03 05:00:00,-3,-3.7,95,0,,122,7.2,,1027.9,,5
2025-02-03 06:00:00,-2.9,-3.6,95,0,,117,7.9,,1028,,5
2025-02-03 07:00:00,-2.9,-3.7,94,0,,77,8.3,,1028.3,,5
2025-02-03 08:00:00,-3.1,-3.9,94,0,,49,7.2,,1028.8,,5
2025-02-03 09:00:00,-1.8,-2.5,95,0,,78,9.4,,1029.2,,5
2025-02-03 10:00:00,-0.2,-2.4,85,0,,115,8.6,,1029.5,,5
2025-02-03 11:00:00,1.3,-2.1,78,0,,69,5.8,,1029.7,,2
2025-02-03 12:00:00,2.5,-2,72,0,,161,4.7,,1029.4,,3
2025-02-03 13:00:00,3.4,-1.4,71,0,,143,5,,1028.8,,3
2025-02-03 14:00:00,4,-1.2,69,0,,155,4.7,,1028.6,,2
2025-02-03 15:00:00,3.3,-1.6,70,0,,187,3.6,,1028.8,,1
2025-02-03 16:00:00,2.9,-1.5,73,0,,213,5,,1028.5,,3
2025-02-03 17:00:00,0.7,-2,82,0,,275,2.5,,1028.5,,1
2025-02-03 18:00:00,-0.8,-2.8,86,0,,11,2.5,,1029.1,,3
2025-02-03 19:00:00,-1.4,-3,89,0,,62,2.9,,1029.4,,3
2025-02-03 20:00:00,-3,-4.4,90,0,,47,2.5,,1030.1,,3
2025-02-03 21:00:00,-3.3,-4.7,90,0,,66,2.5,,1030.2,,1
2025-02-03 22:00:00,-3.7,-5,91,0,,71,2.2,,1030.4,,2
2025-02-03 23:00:00,-4,-5.1,92,0,,76,2.2,,1030.2,,2
2025-02-04 00:00:00,-4.3,-5.4,92,0,,81,2.5,,1030.3,,5
2025-02-04 01:00:00,-4.5,-5.5,93,0,,92,2.9,,1030.3,,5
2025-02-04 02:00:00,-4.7,-5.7,93,0,,91,2.9,,1030.4,,5
2025-02-04 03:00:00,-4.9,-5.9,93,0,,112,4,,1030.7,,2
2025-02-04 04:00:00,-4.9,-5.9,93,0,,135,4.3,,1030.5,,3
2025-02-04 05:00:00,-5,-6,93,0,,151,4.7,,1030.7,,3
2025-02-04 06:00:00,-2,-2.1,99,0,,178,5.4,,1030.8,,5
2025-02-04 07:00:00,-2,-2.1,99,0,,186,5.8,,1030.8,,5
2025-02-04 08:00:00,-2,-2.1,99,0,,169,5.8,,1031.1,,5
2025-02-04 09:00:00,-1.7,-2,98,0,,167,6.5,,1031.7,,5
2025-02-04 10:00:00,-1.1,-2.1,93,0,,178,6.8,,1031.9,,5
2025-02-04 11:00:00,-0.1,-2.2,86,0,,186,6.8,,1032,,3
2025-02-04 12:00:00,0.7,-2.2,81,0,,194,5.4,,1031.7,,3
2025-02-04 13:00:00,1.5,-2.1,77,0,,192,5,,1031.1,,3
2025-02-04 14:00:00,2.3,-1.9,74,0,,207,4.3,,1030.5,,3
2025-02-04 15:00:00,2.7,-1.8,72,0,,238,4,,1030.5,,3
2025-02-04 16:00:00,2.1,-2,74,0,,233,4.3,,1030.5,,3
2025-02-04 17:00:00,1,-1.6,83,0,,240,2.9,,1030.6,,3
2025-02-04 18:00:00,-0.2,-2.4,85,0,,158,3.2,,1031,,3
2025-02-04 19:00:00,-0.6,-2.6,86,0,,129,4.3,,1031.7,,2
2025-02-04 20:00:00,-0.9,-2.8,87,0,,128,5,,1032,,1
2025-02-04 21:00:00,-1,-2.9,87,0,,133,5.4,,1032.4,,1
2025-02-04 22:00:00,-1.3,-3,88,0,,139,5.4,,1033.1,,1
2025-02-04 23:00:00,-1.6,-3.2,89,0,,140,6.1,,1033.5,,2
2025-02-05 00:00:00,-1.6,-3.2,89,0,,142,6.5,,1033.9,,1
2025-02-05 01:00:00,-1.6,-3.2,89,0,,149,6.1,,1034.2,,1
2025-02-05 02:00:00,-2,-3.4,90,0,,141,5,,1035.2,,1
2025-02-05 03:00:00,-2.1,-3.5,90,0,,154,4.3,,1035.4,,1
2025-02-05 04:00:00,-2,-3.3,91,0,,159,5.4,,1035.6,,1
2025-02-05 05:00:00,-2,-3,93,0,,162,6.5,,1035.7,,1
2025-02-05 06:00:00,-2.2,-3,94,0,,164,5.8,,1036,,1
2025-02-05 07:00:00,-2.4,-3.2,94,0,,170,5.8,,1036.7,,1
2025-02-05 08:00:00,-2.6,-3.3,95,0,,160,5.4,,1037.4,,1
2025-02-05 09:00:00,-1.2,-1.9,95,0,,167,7.9,,1038.3,,1
2025-02-05 10:00:00,0.1,-1.2,91,0,,179,7.9,,1039,,3
2025-02-05 11:00:00,1.2,-0.7,87,0,,188,5.8,,1039.6,,3
2025-02-05 12:00:00,1.1,-1.3,84,0,,171,5.4,,1039.9,,3
2025-02-05 13:00:00,1.6,-1.1,82,0,,193,4,,1039.8,,3
2025-02-05 14:00:00,1.9,-1.2,80,0,,195,2.5,,1039.8,,3
2025-02-05 15:00:00,1.9,-1,81,0,,190,1.8,,1039.8,,3
2025-02-05 16:00:00,2,-0.6,83,0,,216,1.8,,1039.9,,3
2025-02-05 17:00:00,1.2,-1.7,81,0,,352,3.6,,1040.1,,3
2025-02-05 18:00:00,0.9,-1.8,82,0,,353,5,,1040.6,,3
2025-02-05 19:00:00,0.9,-1.7,83,0,,349,5.8,,1041.1,,3
2025-02-05 20:00:00,0.9,-1.8,82,0,,348,6.1,,1041.5,,3
2025-02-05 21:00:00,0.9,-1.7,83,0,,357,6.8,,1041.4,,3
2025-02-05 22:00:00,1.1,-1.3,84,0,,11,7.2,,1041.4,,3
2025-02-05 23:00:00,0.8,-1,88,0,,14,5.4,,1041.1,,3
2025-02-06 00:00:00,0.7,-0.9,89,0,,346,4.7,,1041.1,,3
2025-02-06 01:00:00,0.4,-0.9,91,0,,338,5.8,,1040.8,,3
2025-02-06 02:00:00,0.3,-0.8,92,0,,344,7.9,,1040.5,,3
2025-02-06 03:00:00,0.4,-0.7,92,0,,348,7.6,,1040.2,,3
2025-02-06 04:00:00,1.3,0.3,93,0,,12,10.1,,1040.5,,3
2025-02-06 05:00:00,0.9,-0.3,92,0,,38,11.2,,1040.3,,3
2025-02-06 06:00:00,0.5,-0.6,92,0,,21,8.3,,1040.2,,3
2025-02-06 07:00:00,0.3,-0.7,93,0,,4,9,,1039.9,,3
2025-02-06 08:00:00,0.7,-0.6,91,0,,4,10.8,,1040,,3
2025-02-06 09:00:00,1.3,-0.5,88,0,,25,12.6,,1040.4,,3
2025-02-06 10:00:00,2.1,-0.8,81,0,,48,14.4,,1040.3,,3
2025-02-06 11:00:00,3.1,-1.1,74,0,,62,15.1,,1039.7,,3
2025-02-06 12:00:00,3.8,-1,71,0,,60,14.8,,1039.1,,3
2025-02-06 13:00:00,4.3,-1.3,67,0,,53,14,,1038.4,,3
2025-02-06 14:00:00,4.6,-1.2,66,0,,52,15.1,,1037.9,,3
2025-02-06 15:00:00,4.6,-1.2,66,0,,53,15.1,,1037.2,,3
2025-02-06 16:00:00,4.3,-1.5,66,0,,57,14.4,,1036.9,,3
2025-02-06 17:00:00,3.7,-1.5,69,0,,60,11.9,,1036.7,,3
2025-02-06 18:00:00,3.1,-1.8,70,0,,57,11.9,,1036.6,,3
2025-02-06 19:00:00,2.5,-2,72,0,,51,11.9,,1036.4,,3
2025-02-06 20:00:00,2.4,-1.9,73,0,,46,12.6,,1036,,3
2025-02-06 21:00:00,2.5,-1.8,73,0,,57,14.8,,1035.3,,3
2025-02-06 22:00:00,2.5,-1.7,74,0,,71,16.2,,1034.9,,3
2025-02-06 23:00:00,2.3,-1.9,74,0,,76,16.2,,1034.3,,3
2025-02-07 00:00:00,2.2,-1.2,78,0,,78,16.2,,1033.5,,3
2025-02-07 01:00:00,2.2,-1.2,78,0,,75,15.5,,1032.7,,3
2025-02-07 02:00:00,2.2,-1.1,79,0,,71,15.8,,1032.1,,3
2025-02-07 03:00:00,2.2,-1.4,77,0,,70,15.5,,1031.2,,3
2025-02-07 04:00:00,2.3,-1.7,75,0,,70,16.6,,1030.5,,3
2025-02-07 05:00:00,2.8,-0.7,78,0,,73,16.9,,1029.6,,3
2025-02-07 06:00:00,2.8,-1,76,0,,78,18,,1029.1,,3
2025-02-07 07:00:00,2.7,-1.5,74,0,,85,19.1,,1028.4,,3
2025-02-07 08:00:00,2.5,-1.8,73,0,,88,19.4,,1028.4,,3
2025-02-07 09:00:00,2.7,-1.8,72,0,,93,18.7,,1028.5,,3
2025-02-07 10:00:00,3.6,-1.4,70,0,,94,16.9,,1028,,3
2025-02-07 11:00:00,4.4,-1.4,66,0,,106,23,,1027.4,,3
2025-02-07 12:00:00,5.1,-1.1,64,0,,108,20.9,,1026.9,,3
2025-02-07 13:00:00,5.7,-1.2,61,0,,102,18.4,,1026.3,,3
2025-02-07 14:00:00,6.1,-1.3,59,0,,95,16.6,,1025.8,,3
2025-02-07 15:00:00,6.7,-1,58,0,,90,16.6,,1025,,3
2025-02-07 16:00:00,6.4,-0.8,60,0,,86,15.1,,1024.7,,3
2025-02-07 17:00:00,5.5,-0.8,64,0,,79,14.4,,1024.5,,3
2025-02-07 18:00:00,4.3,-1.1,68,0,,76,16.6,,1024.3,,3
2025-02-07 19:00:00,3.6,-1.4,70,0,,84,18.4,,1023.9,,3
2025-02-07 20:00:00,2,-1.8,76,0,,101,15.1,,1023.5,,3
2025-02-07 21:00:00,1.6,-1.8,78,0,,99,14,,1023.7,,3
2025-02-07 22:00:00,1.3,-1.9,79,0,,92,14,,1023.7,,3
2025-02-07 23:00:00,1.1,-2.1,79,0,,93,14,,1023.7,,3
2025-02-08 00:00:00,1.1,-2.1,79,0,,90,14,,1023.8,,3
2025-02-08 01:00:00,0.9,-2.3,79,0,,98,13.7,,1023.8,,3
2025-02-08 02:00:00,0.6,-2.4,80,0,,95,13.3,,1023.9,,3
2025-02-08 03:00:00,0.4,-2.5,81,0,,90,13,,1024,,3
2025-02-08 04:00:00,0,-2.7,82,0,,91,13.7,,1023.9,,3
2025-02-08 05:00:00,-0.3,-3,82,0,,96,15.5,,1023.9,,3
2025-02-08 06:00:00,0.2,-2.8,80,0,,100,18.7,,1023.2,,3
2025-02-08 07:00:00,0.4,-2.8,79,0,,101,18.7,,1023,,3
2025-02-08 08:00:00,0.2,-2.8,80,0,,104,18,,1023.3,,3
2025-02-08 09:00:00,1.2,-2.4,77,0,,97,15.8,,1023.5,,2
2025-02-08 10:00:00,2.9,-1.8,71,0,,68,11.5,,1023.7,,1
2025-02-08 11:00:00,4.6,-1,67,0,,76,11.5,,1023.3,,1
2025-02-08 12:00:00,6.5,-0.5,61,0,,78,11.2,,1023.1,,1
2025-02-08 13:00:00,8.2,0.2,57,0,,70,10.4,,1022.4,,1
2025-02-08 14:00:00,9.3,0.7,55,0,,65,10.4,,1021.8,,1
2025-02-08 15:00:00,9.9,1,54,0,,71,10.4,,1021.7,,2
2025-02-08 16:00:00,9,2.1,62,0,,360,6.8,,1022.1,,1
2025-02-08 17:00:00,6.8,1.9,71,0,,21,7.2,,1022.2,,1
2025-02-08 18:00:00,5.2,0.4,71,0,,60,11.5,,1022.7,,1
2025-02-08 19:00:00,4.5,-0.9,68,0,,80,14.8,,1023.1,,1
2025-02-08 20:00:00,4,-1.6,67,0,,85,15.5,,1023.3,,1
2025-02-08 21:00:00,2.9,-2.6,67,0,,84,14.4,,1023.8,,2
2025-02-08 22:00:00,2.1,-2.8,70,0,,70,12.2,,1024.2,,1
2025-02-08 23:00:00,0.8,-2.9,76,0,,47,8.6,,1024.5,,1
2025-02-09 00:00:00,0.1,-2.9,80,0,,37,6.1,,1024.9,,2
2025-02-09 01:00:00,-0.3,-2.8,83,0,,120,5,,1025.2,,3
2025-02-09 02:00:00,0,-1.9,87,0,,142,6.8,,1025.5,,3
2025-02-09 03:00:00,-0.7,-2.4,88,0,,128,6.5,,1026,,3
2025-02-09 04:00:00,-1.1,-2.5,90,0,,84,5.8,,1025.8,,3
2025-02-09 05:00:00,-1.3,-2.6,91,0,,98,3.6,,1026.5,,3
2025-02-09 06:00:00,-1.6,-2.7,92,0,,112,4,,1026.9,,3
2025-02-09 07:00:00,-1.5,-2.5,93,0,,128,4.3,,1027.2,,3
2025-02-09 08:00:00,-1.3,-2.4,92,0,,118,5,,1027.7,,3
2025-02-09 09:00:00,0,-1.3,91,0,,129,4.7,,1028.2,,3
2025-02-09 10:00:00,1.8,-0.6,84,0,,166,3.2,,1028.7,,3
2025-02-09 11:00:00,3.1,0,80,0,,173,5,,1029,,3
2025-02-09 12:00:00,4.3,0.4,76,0,,277,2.9,,1028.7,,3
2025-02-09 13:00:00,5.5,0.7,71,0,,251,2.9,,1028.3,,3
2025-02-09 14:00:00,6.1,0.6,68,0,,292,4,,1028.1,,3
2025-02-09 15:00:00,6.3,0.6,67,0,,316,4,,1027.9,,3
2025-02-09 16:00:00,6,0.5,68,0,,325,4.3,,1028.2,,3
2025-02-09 17:00:00,2.9,0,81,0,,345,6.1,,1028.6,,3
2025-02-09 18:00:00,1.6,-0.6,85,0,,10,5.4,,1028.9,,3
2025-02-09 19:00:00,1.2,-0.9,86,0,,26,4.7,,1029,,3
2025-02-09 20:00:00,0.6,-1.2,88,0,,30,4.7,,1028.8,,3
2025-02-09 21:00:00,0,-1.3,91,0,,23,4.7,,1028.5,,3
2025-02-09 22:00:00,-0.4,-1.7,91,0,,75,5.4,,1028.6,,3
2025-02-09 23:00:00,-0.6,-1.7,92,0,,76,6.8,,1028.3,,3
2025-02-10 00:00:00,-1.2,-2.2,93,0,,82,6.8,,1028,,3
2025-02-10 01:00:00,-1.6,-2.4,94,0,,59,6.5,,1027.8,,2
2025-02-10 02:00:00,-1.7,-2.5,94,0,,62,7.2,,1027.3,,3
2025-02-10 03:00:00,-1.2,-2,94,0,,51,7.2,,1027.3,,3
2025-02-10 04:00:00,-1.5,-2.3,94,0,,42,6.5,,1026.9,,3
2025-02-10 05:00:00,-1.4,-2.2,94,0,,43,5.8,,1026.7,,3
2025-02-10 06:00:00,-1,-1.8,94,0,,58,5.8,,1026.3,,3
2025-02-10 07:00:00,-0.7,-1.7,93,0,,78,7.9,,1026,,3
2025-02-10 08:00:00,-0.4,-1.2,94,0,,44,8.3,,1025.9,,3
2025-02-10 09:00:00,0.8,-0.8,89,0,,3,8.6,,1026.1,,3
2025-02-10 10:00:00,1.7,-0.2,87,0,,340,6.1,,1026,,3
2025-02-10 11:00:00,3,0.6,84,0,,47,7.6,,1025.7,,3
2025-02-10 12:00:00,3.8,0.8,81,0,,58,9.4,,1024.8,,3
2025-02-10 13:00:00,5.4,1.3,75,0,,73,10.1,,1024.1,,3
2025-02-10 14:00:00,6.8,1.7,70,0,,85,10.8,,1023.3,,3
2025-02-10 15:00:00,7.5,2,68,0,,85,11.2,,1022.7,,3
2025-02-10 16:00:00,6.9,2.6,74,0,,83,9.4,,1022.6,,3
2025-02-10 17:00:00,6.1,2.7,79,0,,91,9.4,,1022.4,,3
2025-02-10 18:00:00,5.1,2.6,84,0,,80,11.9,,1022.3,,3
2025-02-10 19:00:00,5.5,3.3,86,0.5,,103,18.4,,1022,,8
2025-02-10 20:00:00,5.1,3.6,90,0.2,,110,17.6,,1022,,7
2025-02-10 21:00:00,4.8,3.9,94,0.6,,108,19.1,,1021.3,,8
2025-02-10 22:00:00,4.9,3.9,93,0.3,,119,18.4,,1021.4,,8
2025-02-10 23:00:00,4.7,4,95,1.7,,118,18.7,,1021.2,,9
2025-02-11 00:00:00,4.7,3.8,94,1.3,,118,17.6,,1021.3,,9
2025-02-11 01:00:00,4.6,4,96,1.4,,117,19.1,,1020.9,,9
2025-02-11 02:00:00,4.9,3.9,93,0.5,,122,19.4,,1020.8,,8
2025-02-11 03:00:00,5,4,93,0,,122,17.6,,1020.9,,3
2025-02-11 04:00:00,5,3.8,92,0,,121,14.8,,1020.9,,3
2025-02-11 05:00:00,4.9,3.9,93,0.2,,120,12.2,,1021.1,,7
2025-02-11 06:00:00,5,3.8,92,0,,115,11.9,,1021,,3
2025-02-11 07:00:00,4.9,3.6,91,0,,121,10.8,,1020.9,,3
2025-02-11 08:00:00,4.9,3.7,92,0,,122,9,,1021.2,,3
2025-02-11 09:00:00,5.2,4,92,0,,128,7.6,,1021.8,,3
2025-02-11 10:00:00,5.7,4.7,93,0,,120,5.8,,1022,,3
2025-02-11 11:00:00,6,4.8,92,0,,154,6.1,,1022,,3
2025-02-11 12:00:00,6.9,5.1,88,0,,161,7.2,,1021.8,,3
2025-02-11 13:00:00,7.8,4.9,82,0,,172,9,,1021.3,,3
2025-02-11 14:00:00,7.8,4.7,81,0,,182,9,,1021,,3
2025-02-11 15:00:00,9,5.4,78,0,,164,7.6,,1020.3,,3
2025-02-11 16:00:00,9.1,5.7,79,0,,223,5.4,,1019.9,,3
2025-02-11 17:00:00,8.2,6,86,0,,241,3.2,,1019.8,,3
2025-02-11 18:00:00,7,5.1,88,0,,172,4,,1020,,3
2025-02-11 19:00:00,6.6,5.1,90,0,,111,4.3,,1020,,3
2025-02-11 20:00:00,6.9,5.8,93,0,,117,8.6,,1019.7,,3
2025-02-11 21:00:00,6.6,6,96,0.1,,117,8.6,,1019.7,,7
2025-02-11 22:00:00,6.5,5.9,96,0,,113,9,,1019.4,,3
2025-02-11 23:00:00,6.3,5.7,96,0,,115,9,,1019.2,,3
2025-02-12 00:00:00,5.8,5.5,98,0,,120,8.3,,1019,,3
2025-02-12 01:00:00,5.9,5.5,97,0.3,,114,7.6,,1018.8,,8
2025-02-12 02:00:00,6,5.6,97,0.2,,117,7.6,,1018.2,,7
2025-02-12 03:00:00,5.8,5.4,97,0,,126,7.2,,1018,,3
2025-02-12 04:00:00,5.8,5.5,98,0.7,,122,5.8,,1017.6,,8
2025-02-12 05:00:00,5.8,5.5,98,0.5,,116,5.8,,1017.3,,8
2025-02-12 06:00:00,6.1,5.8,98,0.5,,137,6.1,,1017.3,,8
2025-02-12 07:00:00,6,5.7,98,1.2,,146,5.4,,1017,,9
2025-02-12 08:00:00,6,5.7,98,0.7,,152,4.7,,1017.2,,8
2025-02-12 09:00:00,6.3,6,98,0.3,,159,6.8,,1017.4,,8
2025-02-12 10:00:00,6.5,6.2,98,0.3,,192,7.6,,1017.5,,8
2025-02-12 11:00:00,6.6,6.5,99,0.5,,244,6.8,,1017.4,,8
2025-02-12 12:00:00,6.8,6.4,97,0.3,,287,6.1,,1017.5,,8
2025-02-12 13:00:00,7.1,6.4,95,0,,309,5.4,,1017.3,,3
2025-02-12 14:00:00,7.4,6.3,93,0.2,,298,4.3,,1017,,7
2025-02-12 15:00:00,7.2,6.5,95,0.3,,304,3.2,,1016.7,,8
2025-02-12 16:00:00,6.7,6.3,97,0,,337,5.4,,1016.7,,3
2025-02-12 17:00:00,6.3,6,98,0.5,,321,4.3,,1016.8,,8
2025-02-12 18:00:00,5.9,5.6,98,0.2,,350,3.2,,1017,,7
2025-02-12 19:00:00,5.7,5.6,99,0.2,,340,3.2,,1017.3,,7
2025-02-12 20:00:00,5.5,5.4,99,0.2,,349,4,,1017.3,,7
2025-02-12 21:00:00,5.4,5.3,99,0.1,,332,5,,1017.4,,7
2025-02-12 22:00:00,5.2,5.1,99,0.2,,324,6.8,,1017.6,,7
2025-02-12 23:00:00,5.1,4.8,98,0,,317,9.4,,1017.6,,3
2025-02-13 00:00:00,4.6,4,96,0,,325,10.8,,1017.7,,3
2025-02-13 01:00:00,4.1,2.9,92,0,,332,10.4,,1017.8,,3
2025-02-13 02:00:00,3.7,2.4,91,0,,331,8.3,,1018.2,,3
2025-02-13 03:00:00,3.3,1.7,89,0,,330,6.5,,1018.2,,3
2025-02-13 04:00:00,3,1.4,89,0,,328,5.4,,1017.9,,3
2025-02-13 05:00:00,2.8,1.2,89,0.1,,316,5.8,,1018,,7
2025-02-13 06:00:00,2.1,1.2,94,0.4,,320,5,,1017.9,,8
2025-02-13 07:00:00,1.6,1,96,0.4,,308,4.3,,1017.7,,8
2025-02-13 08:00:00,1.5,0.9,96,0.2,,283,4,,1017.9,,12
2025-02-13 09:00:00,1.7,0.7,93,0.1,,287,4.7,,1018.4,,12
2025-02-13 10:00:00,2.3,0.8,90,0,,308,7.6,,1018.8,,3
2025-02-13 11:00:00,3.5,0.9,83,0,,322,10.4,,1018.9,,3
2025-02-13 12:00:00,4.5,1.2,79,0,,310,9,,1018.4,,3
2025-02-13 13:00:00,5,1.1,76,0,,306,10.1,,1018.1,,3
2025-02-13 14:00:00,5.8,0.8,70,0,,304,10.1,,1017.9,,3
2025-02-13 15:00:00,5.8,-0.1,66,0,,302,13,,1017.8,,3
2025-02-13 16:00:00,3.6,0.8,82,0.9,,333,12.2,,1018.4,,8
2025-02-13 17:00:00,3.6,1.2,84,0,,330,9.4,,1018.4,,3
2025-02-13 18:00:00,3,0.7,85,0,,339,11.5,,1019,,3
2025-02-13 19:00:00,2.5,-0.3,82,0,,336,12.6,,1019.7,,3
2025-02-13 20:00:00,2,-0.3,85,0.3,,332,10.8,,1020.2,,12
2025-02-13 21:00:00,1.3,0.3,93,0.3,,339,11.2,,1020.5,,12
2025-02-13 22:00:00,0.6,-0.4,93,0.1,,354,12.2,,1020.8,,12
2025-02-13 23:00:00,0.2,-1.2,90,0,,8,13.7,,1021.5,,3
2025-02-14 00:00:00,-0.3,-2.2,87,0,,6,12.6,,1021.6,,3
2025-02-14 01:00:00,-1.2,-3.1,87,0,,359,12.2,,1022,,3
2025-02-14 02:00:00,-2,-3.9,87,0,,1,10.4,,1022.6,,3
2025-02-14 03:00:00,-1.9,-4.4,83,0,,5,11.5,,1023.1,,1
2025-02-14 04:00:00,-1.9,-4.6,82,0,,357,11.9,,1023.4,,3
2025-02-14 05:00:00,-1.6,-4.8,79,0,,8,10.4,,1023.8,,3
2025-02-14 06:00:00,-1.6,-4.4,81,0,,352,5.4,,1024.2,,3
2025-02-14 07:00:00,-1.5,-4.2,82,0,,299,5,,1024.4,,3
2025-02-14 08:00:00,-0.9,-3.7,81,0,,302,5,,1025.1,,3
2025-02-14 09:00:00,-0.5,-3.4,81,0,,311,5.4,,1025.5,,3
2025-02-14 10:00:00,-0.2,-2.7,83,0,,317,6.5,,1025.7,,3
2025-02-14 11:00:00,0.7,-2.2,81,0,,342,10.1,,1025.8,,3
2025-02-14 12:00:00,2,-1.8,76,0,,2,11.9,,1026.1,,3
2025-02-14 13:00:00,2.6,-2.1,71,0,,8,11.5,,1026,,3
2025-02-14 14:00:00,3.1,-2.6,66,0,,10,10.8,,1025.9,,3
2025-02-14 15:00:00,3.2,-3.2,63,0,,15,9.7,,1026.1,,3
2025-02-14 16:00:00,3.2,-3.6,61,0,,21,9,,1026.3,,3
2025-02-14 17:00:00,2.7,-3.2,65,0,,11,6.8,,1026.6,,3
2025-02-14 18:00:00,2.1,-3.2,68,0,,14,6.8,,1027,,3
2025-02-14 19:00:00,1.4,-3.3,71,0,,28,9,,1027.5,,3
2025-02-14 20:00:00,1.1,-3.2,73,0,,48,6.8,,1028,,3
2025-02-14 21:00:00,0.7,-3,76,0,,71,7.6,,1028.1,,3
2025-02-14 22:00:00,0,-3.2,79,0,,86,7.6,,1028.4,,3
2025-02-14 23:00:00,-0.5,-3.7,79,0,,69,7.2,,1028.4,,3
2025-02-15 00:00:00,0.1,-3.6,76,0,,69,9,,1028.4,,3
2025-02-15 01:00:00,-0.2,-4.1,75,0,,68,9.4,,1028.1,,3
2025-02-15 02:00:00,-0.7,-4.6,75,0,,69,9.4,,1027.8,,2
2025-02-15 03:00:00,-0.7,-4.6,75,0,,77,9.4,,1027.3,,3
2025-02-15 04:00:00,-0.6,-4.3,76,0,,79,9.7,,1026.6,,3
2025-02-15 05:00:00,-1.4,-5.1,76,0,,87,10.4,,1026,,3
2025-02-15 06:00:00,-1.8,-5.3,77,0,,86,10.4,,1025.6,,2
2025-02-15 07:00:00,-2.3,-5.6,78,0,,77,10.1,,1025.4,,1
2025-02-15 08:00:00,-2.6,-5.7,79,0,,69,10.4,,1025.7,,1
2025-02-15 09:00:00,-1,-5.2,73,0,,70,11.5,,1025.9,,1
2025-02-15 10:00:00,1.1,-4.9,64,0,,79,11.9,,1025.1,,2
2025-02-15 11:00:00,2,-5.2,59,0,,97,10.8,,1024.9,,2
2025-02-15 12:00:00,2.5,-4.9,58,0,,104,10.8,,1024.3,,3
2025-02-15 13:00:00,2.9,-5,56,0,,100,11.2,,1023.5,,3
2025-02-15 14:00:00,3.3,-4.6,56,0,,94,9.7,,1022.9,,3
2025-02-15 15:00:00,2.9,-4.5,58,0,,106,9,,1022.1,,3
2025-02-15 16:00:00,2.7,-4.5,59,0,,101,9.7,,1021.2,,3
2025-02-15 17:00:00,2.1,-4.4,62,0,,95,7.6,,1021.2,,3
2025-02-15 18:00:00,0.9,-3.9,70,0,,95,9,,1021.3,,3
2025-02-15 19:00:00,0.1,-4,74,0,,88,9.7,,1021.3,,3
2025-02-15 20:00:00,-0.7,-5.7,69,0,,66,10.4,,1021.4,,3
2025-02-15 21:00:00,-0.6,-5.8,68,0,,62,10.8,,1021.2,,3
2025-02-15 22:00:00,-0.5,-5.7,68,0,,69,11.9,,1020.9,,3
2025-02-15 23:00:00,-0.4,-5.6,68,0,,63,11.9,,1020.8,,3
2025-02-16 00:00:00,-0.4,-5.8,67,0.1,,75,12.6,,1020.5,,14
2025-02-16 01:00:00,-0.2,-6,65,0,,85,13,,1020.1,,3
2025-02-16 02:00:00,-0.2,-6,65,0,,82,12.6,,1019.8,,3
2025-02-16 03:00:00,-0.2,-6,65,0,,83,13.7,,1019.6,,3
2025-02-16 04:00:00,-0.2,-6,65,0,,67,13,,1019.3,,3
2025-02-16 05:00:00,-0.3,-5.9,66,0,,86,13.7,,1019.3,,3
2025-02-16 06:00:00,-0.4,-4.5,74,0,,69,13,,1019.3,,3
2025-02-16 07:00:00,-0.5,-4.2,76,0.3,,67,13,,1019.4,,15
2025-02-16 08:00:00,-0.4,-3.9,77,0.2,,69,12.6,,1019.8,,14
2025-02-16 09:00:00,-0.1,-3.6,77,0,,79,13,,1020.1,,3
2025-02-16 10:00:00,0.6,-3.3,75,0,,62,13,,1020.4,,3
2025-02-16 11:00:00,1.5,-3.6,69,0,,77,15.1,,1019.8,,3
2025-02-16 12:00:00,3,-3.6,62,0,,93,15.5,,1019.7,,3
2025-02-16 13:00:00,3.8,-3.5,59,0,,90,15.8,,1019.3,,3
2025-02-16 14:00:00,3.8,-3.5,59,0,,84,15.1,,1019.2,,3
2025-02-16 15:00:00,3.8,-3.5,59,0,,80,14.8,,1019.4,,3
2025-02-16 16:00:00,2.8,-4,61,0,,74,13.3,,1019.8,,3
2025-02-16 17:00:00,2.5,-3.6,64,0,,64,11.5,,1020.5,,3
2025-02-16 18:00:00,1.8,-3.9,66,0,,59,11.2,,1020.9,,3
2025-02-16 19:00:00,1.4,-4.2,66,0,,54,10.1,,1021.4,,3
2025-02-16 20:00:00,1.1,-4.3,67,0,,52,9.7,,1021.9,,3
2025-02-16 21:00:00,0,-5.6,66,0,,48,8.3,,1022.2,,3
2025-02-16 22:00:00,-0.6,-6.2,66,0,,51,11.2,,1022.5,,3
2025-02-16 23:00:00,-1.5,-7.2,65,0,,66,12.6,,1022.6,,2
2025-02-17 00:00:00,-2.1,-7.8,65,0,,78,14.8,,1022.8,,1
2025-02-17 01:00:00,-2.4,-7.5,68,0,,80,14.4,,1022.9,,1
2025-02-17 02:00:00,-2.5,-7,71,0,,78,14,,1023.2,,1
2025-02-17 03:00:00,-2.9,-7.1,73,0,,80,13.7,,1023.2,,1
2025-02-17 04:00:00,-3.3,-6.9,76,0,,80,13.3,,1023.2,,1
2025-02-17 05:00:00,-3.4,-6.8,77,0,,78,13,,1023.3,,1
2025-02-17 06:00:00,-3.4,-6.8,77,0,,78,13,,1023.4,,1
2025-02-17 07:00:00,-3.5,-6.8,78,0,,82,13.3,,1023.5,,1
2025-02-17 08:00:00,-3.2,-6.6,77,0,,87,13.7,,1024,,1
2025-02-17 09:00:00,-1.8,-6.7,69,0,,87,12.6,,1024.4,,1
2025-02-17 10:00:00,-0.2,-6.8,61,0,,99,13.7,,1024,,1
2025-02-17 11:00:00,1.3,-7.2,53,0,,102,13.3,,1023.8,,1
2025-02-17 12:00:00,2.3,-6,54,0,,97,11.9,,1023.2,,1
2025-02-17 13:00:00,3.1,-6.3,50,0,,87,11.2,,1023,,1
2025-02-17 14:00:00,3.6,-6.4,48,0,,83,10.8,,1022.6,,1
2025-02-17 15:00:00,3.9,-6.4,47,0,,81,10.4,,1022.5,,1
2025-02-17 16:00:00,3.6,-6.7,47,0,,86,10.8,,1022.3,,1
2025-02-17 17:00:00,1.9,-5.9,56,0,,93,9,,1022.3,,1
2025-02-17 18:00:00,-0.4,-6.4,64,0,,91,8.6,,1022.8,,1
2025-02-17 19:00:00,-1.2,-6.5,67,0,,76,9,,1023.6,,1
2025-02-17 20:00:00,-1.8,-6.7,69,0,,69,9.7,,1023.8,,1
2025-02-17 21:00:00,-2.1,-7.2,68,0,,66,10.1,,1024,,1
2025-02-17 22:00:00,-2.5,-8.2,65,0,,77,11.5,,1024.2,,1
2025-02-17 23:00:00,-2.7,-8.8,63,0,,82,11.5,,1024.5,,1
2025-02-18 00:00:00,-2.9,-9.1,62,0,,81,12.2,,1024.8,,1
2025-02-18 01:00:00,-3.1,-9.5,61,0,,78,13,,1025.1,,1
2025-02-18 02:00:00,-3.2,-9.6,61,0,,82,14.4,,1025.1,,1
2025-02-18 03:00:00,-3.1,-7.4,72,0,,84,14.4,,1025,,1
2025-02-18 04:00:00,-3.5,-7.6,73,0,,86,14,,1025.1,,1
2025-02-18 05:00:00,-3.7,-7.5,75,0,,81,13.3,,1025.7,,1
2025-02-18 06:00:00,-3.9,-7.7,75,0,,78,14.8,,1025.8,,1
2025-02-18 07:00:00,-3.8,-7.7,74,0,,83,15.8,,1025.5,,1
2025-02-18 08:00:00,-3.7,-8.4,70,0,,89,15.8,,1026.1,,1
2025-02-18 09:00:00,-2.3,-8.4,63,0,,89,14,,1026.5,,1
2025-02-18 10:00:00,-0.6,-8.3,56,0,,92,14.8,,1026.3,,2
2025-02-18 11:00:00,1,-7.7,52,0,,95,14.8,,1026.1,,3
2025-02-18 12:00:00,2.4,-7.2,49,0,,94,15.1,,1026,,2
2025-02-18 13:00:00,3.3,-7.2,46,0,,92,15.1,,1025.6,,2
2025-02-18 14:00:00,3.9,-6.9,45,0,,92,15.8,,1025.3,,1
2025-02-18 15:00:00,4,-7.1,44,0,,92,17.3,,1025.1,,1
2025-02-18 16:00:00,3.6,-6.7,47,0,,93,17.6,,1025.1,,2
2025-02-18 17:00:00,2.5,-6.4,52,0,,95,15.5,,1025.3,,3
2025-02-18 18:00:00,0.8,-7,56,0,,96,16.6,,1025.7,,3
2025-02-18 19:00:00,0.4,-7.6,55,0,,97,18.7,,1026.2,,3
2025-02-18 20:00:00,0.2,-8.2,53,0,,99,19.4,,1026.5,,3
2025-02-18 21:00:00,-0.2,-8.9,52,0,,102,20.2,,1026.4,,2
2025-02-18 22:00:00,-0.7,-9.3,52,0,,105,19.1,,1026.5,,1
2025-02-18 23:00:00,-1.3,-9.4,54,0,,106,18.7,,1026.7,,1
2025-02-19 00:00:00,-1.6,-10.2,52,0,,104,19.4,,1026.3,,1
2025-02-19 01:00:00,-1.9,-10.4,52,0,,102,20.5,,1026.3,,3
2025-02-19 02:00:00,-2.3,-10.6,53,0,,103,19.4,,1026.4,,1
2025-02-19 03:00:00,-2.7,-10.7,54,0,,102,20.9,,1026,,1
2025-02-19 04:00:00,-2.9,-10.9,54,0,,107,20.9,,1025.6,,1
2025-02-19 05:00:00,-2.9,-8.7,64,0,,108,19.1,,1026,,1
2025-02-19 06:00:00,-3.1,-9.1,63,0,,104,19.8,,1026.1,,1
2025-02-19 07:00:00,-3.3,-9.7,61,0,,103,20.9,,1026,,1
2025-02-19 08:00:00,-3.2,-9.8,60,0,,106,20.5,,1026.4,,3
2025-02-19 09:00:00,-2.2,-9.6,57,0,,106,18.4,,1026.8,,3
2025-02-19 10:00:00,-0.8,-8.9,54,0,,106,19.1,,1026.3,,3
2025-02-19 11:00:00,0.7,-8.5,50,0,,104,18,,1026.1,,3
2025-02-19 12:00:00,2.3,-7.8,47,0,,107,16.2,,1025.8,,3
2025-02-19 13:00:00,3.7,-7.1,45,0,,109,14.8,,1025.3,,3
2025-02-19 14:00:00,4.6,-6.9,43,0,,111,13.3,,1024.9,,3
2025-02-19 15:00:00,4.8,-6.7,43,0,,110,14,,1024.4,,3
2025-02-19 16:00:00,4.7,-6.2,45,0,,111,13,,1024.3,,3
2025-02-19 17:00:00,3.5,-5.7,51,0,,105,12.6,,1024.4,,3
2025-02-19 18:00:00,2,-6.3,54,0,,100,14,,1024.6,,3
2025-02-19 19:00:00,1.4,-6.6,55,0,,104,15.1,,1024.7,,3
2025-02-19 20:00:00,0.9,-7.1,55,0,,105,14.8,,1025.1,,3
2025-02-19 21:00:00,0.7,-7.3,55,0,,106,14,,1025,,3
2025-02-19 22:00:00,0,-7,59,0,,111,13.3,,1025.5,,3
2025-02-19 23:00:00,-0.3,-7.1,60,0,,112,13,,1025.5,,3
2025-02-20 00:00:00,-0.7,-7.1,62,0,,114,11.9,,1025.8,,3
2025-02-20 01:00:00,-1.1,-7,64,0,,112,11.9,,1026,,3
2025-02-20 02:00:00,-1.3,-7,65,0,,115,11.5,,1025.9,,3
2025-02-20 03:00:00,-1.2,-6.9,65,0,,118,11.5,,1025.7,,3
2025-02-20 04:00:00,-1.2,-6.7,66,0,,116,10.8,,1025.3,,3
2025-02-20 05:00:00,-1.2,-6.3,68,0,,118,9.4,,1025.6,,3
2025-02-20 06:00:00,-1.2,-3.7,83,0,,116,9.7,,1025.7,,3
2025-02-20 07:00:00,-0.8,-3.5,82,0,,120,10.8,,1025.5,,1
2025-02-20 08:00:00,-0.1,-2.8,82,0,,125,9.7,,1026,,3
2025-02-20 09:00:00,1.7,-1.9,77,0,,130,10.1,,1026.7,,3
2025-02-20 10:00:00,4.2,-0.4,72,0,,131,7.2,,1026.6,,3
2025-02-20 11:00:00,6.2,1.3,71,0,,144,7.2,,1026.2,,3
2025-02-20 12:00:00,7.9,2.6,69,0,,172,9,,1026.1,,3
2025-02-20 13:00:00,8.4,3.4,71,0,,159,9.4,,1025.7,,3
2025-02-20 14:00:00,10.2,5,70,0,,167,9.7,,1025.1,,3
2025-02-20 15:00:00,11,5.7,70,0,,175,10.1,,1025.1,,3
2025-02-20 16:00:00,10.6,6.4,75,0,,161,7.9,,1024.8,,3
2025-02-20 17:00:00,9.7,6.8,82,0,,164,7.6,,1025.1,,3
2025-02-20 18:00:00,7.7,5.3,85,0,,174,8.6,,1025.6,,3
2025-02-20 19:00:00,7.3,5.1,86,0,,178,7.2,,1026,,3
2025-02-20 20:00:00,7.6,5.4,86,0,,162,6.8,,1026.1,,3
2025-02-20 21:00:00,7,4.5,84,0,,132,9,,1026.1,,3
2025-02-20 22:00:00,6.9,4.4,84,0,,136,9.4,,1026.1,,3
2025-02-20 23:00:00,7,4.7,85,0,,142,9.7,,1026,,3
2025-02-21 00:00:00,7,4.8,86,0,,140,9.7,,1026.2,,3
2025-02-21 01:00:00,6.7,4.9,88,0,,138,8.3,,1026.5,,3
2025-02-21 02:00:00,5.7,4.7,93,0.1,,124,6.8,,1026.8,,7
2025-02-21 03:00:00,6,4.8,92,0,,132,7.6,,1026.8,,3
2025-02-21 04:00:00,6.1,4.9,92,0,,136,9.4,,1026.3,,3
2025-02-21 05:00:00,5.8,4.9,94,0,,136,9.7,,1025.9,,3
2025-02-21 06:00:00,6,5.1,94,0,,131,9.4,,1025.8,,3
2025-02-21 07:00:00,5.9,5.2,95,0,,122,9.4,,1025.5,,3
2025-02-21 08:00:00,5.8,4.9,94,0,,128,10.8,,1025.6,,3
2025-02-21 09:00:00,6.8,5.3,90,0,,122,11.2,,1025.5,,3
2025-02-21 10:00:00,8.2,6.3,88,0,,128,9.4,,1025.1,,3
2025-02-21 11:00:00,10.6,7.5,81,0,,126,7.6,,1024.8,,3
2025-02-21 12:00:00,12.9,8.2,73,0,,141,7.2,,1023.9,,3
2025-02-21 13:00:00,14,8.6,70,0,,136,6.8,,1022.8,,3
2025-02-21 14:00:00,14.5,8.9,69,0,,135,6.1,,1022,,3
2025-02-21 15:00:00,14.8,8.9,68,0,,137,6.1,,1021.3,,3
2025-02-21 16:00:00,14.8,8.9,68,0,,110,7.9,,1020.7,,3
2025-02-21 17:00:00,13.5,9.5,77,0,,115,8.3,,1020.3,,3
2025-02-21 18:00:00,11,8.4,84,0,,100,11.5,,1020.2,,2
2025-02-21 19:00:00,10.6,8.2,85,0,,107,13.3,,1020.2,,3
2025-02-21 20:00:00,9.9,7.8,87,0,,116,13.3,,1020.3,,2
2025-02-21 21:00:00,9.2,7,86,0,,112,13.7,,1020.2,,3
2025-02-21 22:00:00,8.7,6,83,0,,111,14.4,,1020.1,,3
2025-02-21 23:00:00,8.3,5.4,82,0,,112,14.4,,1019.9,,3
2025-02-22 00:00:00,7.9,4.8,81,0,,114,13.7,,1019.5,,3
2025-02-22 01:00:00,7.2,4.5,83,0,,130,11.2,,1019.4,,3
2025-02-22 02:00:00,6.7,4.4,85,0,,123,9.7,,1019.7,,3
2025-02-22 03:00:00,6.9,4.6,85,0,,114,8.3,,1019.5,,3
2025-02-22 04:00:00,6.4,4.4,87,0,,122,8.3,,1019.3,,3
2025-02-22 05:00:00,5.5,4.1,91,0,,115,9,,1019.2,,3
2025-02-22 06:00:00,4.9,3.9,93,0,,117,9.7,,1018.8,,3
2025-02-22 07:00:00,4.8,3.8,93,0,,120,11.2,,1018.9,,3
2025-02-22 08:00:00,5.1,3.9,92,0,,125,11.2,,1019.7,,3
2025-02-22 09:00:00,6.3,4.1,86,0,,128,13.3,,1019.9,,3
2025-02-22 10:00:00,7.9,4.8,81,0,,128,10.4,,1020.1,,3
2025-02-22 11:00:00,9.9,5.9,76,0,,135,9.4,,1020.1,,3
2025-02-22 12:00:00,11.8,6.5,70,0,,148,8.6,,1020.1,,3
2025-02-22 13:00:00,13.5,7,65,0,,156,12.6,,1019.9,,3
2025-02-22 14:00:00,14.3,7.3,63,0,,155,12.6,,1019.8,,3
2025-02-22 15:00:00,14.6,7.9,64,0,,145,11.9,,1019.4,,3
2025-02-22 16:00:00,14.8,7.8,63,0,,171,12.2,,1019.4,,3
2025-02-22 17:00:00,13.9,7.2,64,0,,178,10.8,,1019.6,,3
2025-02-22 18:00:00,12.1,7.2,72,0,,183,11.2,,1020.6,,3
2025-02-22 19:00:00,11.6,7.3,75,0,,179,10.1,,1021.4,,3
2025-02-22 20:00:00,11.3,8,80,0.1,,212,14,,1022.4,,7
2025-02-22 21:00:00,10.3,8.4,88,0.1,,204,11.5,,1023.1,,7
2025-02-22 22:00:00,9.9,8.3,90,0,,204,12.2,,1023.8,,3
2025-02-22 23:00:00,9.3,8.2,93,0,,210,11.9,,1024.5,,3
2025-02-23 00:00:00,8.5,7.4,93,0,,203,10.8,,1025.7,,3
2025-02-23 01:00:00,7.6,6.9,95,0,,205,10.4,,1026.2,,3
2025-02-23 02:00:00,7.1,6.5,96,0,,214,10.8,,1027.1,,3
2025-02-23 03:00:00,6.3,5.7,96,0,,215,7.6,,1027.4,,3
2025-02-23 04:00:00,5.4,5,97,0,,237,5.8,,1027.7,,3
2025-02-23 05:00:00,4.8,4.7,99,0,,201,6.1,,1028.7,,2
2025-02-23 06:00:00,4.5,4.4,99,0,,181,5.4,,1029.1,,3
2025-02-23 07:00:00,4.3,4.3,100,0,,171,5.4,,1029.5,,3
2025-02-23 08:00:00,5.1,5,99,0,,164,6.5,,1030.4,,3
2025-02-23 09:00:00,6.3,5.7,96,0,,178,5.4,,1030.9,,3
2025-02-23 10:00:00,8.1,6.7,91,0,,208,5.8,,1030.9,,3
2025-02-23 11:00:00,9.3,6.7,84,0,,218,5.8,,1031.2,,3
2025-02-23 12:00:00,10.5,6.8,78,0,,212,5.8,,1031.3,,3
2025-02-23 13:00:00,11.5,6.4,71,0,,209,6.1,,1030.7,,3
2025-02-23 14:00:00,12.3,6.3,67,0,,209,4.7,,1030.2,,2
2025-02-23 15:00:00,12.5,6.3,66,0,,204,5.8,,1029.9,,1
2025-02-23 16:00:00,12.5,6.1,65,0,,176,5.8,,1029.6,,1
2025-02-23 17:00:00,11.9,6.6,70,0,,117,6.8,,1029.1,,2
2025-02-23 18:00:00,9.9,6.4,79,0,,110,8.3,,1028.8,,1
2025-02-23 19:00:00,8.6,5.7,82,0,,125,8.6,,1029.2,,1
2025-02-23 20:00:00,7.6,5.1,84,0,,127,9.4,,1029.4,,1
2025-02-23 21:00:00,6.7,4.5,86,0,,130,8.3,,1029.8,,1
2025-02-23 22:00:00,6.3,4.3,87,0,,126,9.4,,1030.1,,1
2025-02-23 23:00:00,6.2,4,86,0,,122,10.1,,1029.9,,1
2025-02-24 00:00:00,5.8,3.8,87,0,,133,9.7,,1029.1,,1
2025-02-24 01:00:00,5.3,3.6,89,0,,138,11.2,,1028.5,,3
2025-02-24 02:00:00,5,3.7,91,0,,142,10.4,,1028.5,,3
2025-02-24 03:00:00,4.8,3.6,92,0,,139,11.2,,1028.2,,3
2025-02-24 04:00:00,4.4,3.4,93,0,,135,12.6,,1027.5,,3
2025-02-24 05:00:00,3.8,2.9,94,0,,130,12.2,,1026.7,,3
2025-02-24 06:00:00,4.2,3.2,93,0,,126,10.4,,1026.5,,3
2025-02-24 07:00:00,4,3.1,94,0,,124,11.9,,1026.2,,3
2025-02-24 08:00:00,4.2,3,92,0,,126,11.9,,1026.1,,3
2025-02-24 09:00:00,5.4,3.7,89,0,,124,11.9,,1026.3,,3
2025-02-24 10:00:00,6.7,4.4,85,0,,130,11.2,,1025.5,,3
2025-02-24 11:00:00,9.5,4.9,73,0,,161,11.5,,1024.9,,3
2025-02-24 12:00:00,10.6,5.4,70,0,,160,11.9,,1024.3,,3
2025-02-24 13:00:00,11.1,5.8,70,0,,165,12.2,,1023.1,,3
2025-02-24 14:00:00,10.9,6.3,73,0,,152,10.8,,1022.3,,3
2025-02-24 15:00:00,12.1,6.4,68,0,,164,12.2,,1021.5,,3
2025-02-24 16:00:00,12.3,7,70,0,,156,12.6,,1020.8,,3
2025-02-24 17:00:00,11.1,7,76,0,,150,11.5,,1020.6,,3
2025-02-24 18:00:00,10.8,7.1,78,0,,140,11.2,,1020.3,,3
2025-02-24 19:00:00,10.6,6.9,78,0.8,,163,11.9,,1020.3,,8
2025-02-24 20:00:00,10.3,6.6,78,0,,183,11.5,,1020,,3
2025-02-24 21:00:00,9.8,6.9,82,0,,180,12.2,,1019.8,,3
2025-02-24 22:00:00,9.5,6.9,84,0,,199,12.6,,1020,,3
2025-02-24 23:00:00,8.9,7.2,89,0.3,,175,11.9,,1019.7,,8
2025-02-25 00:00:00,8.5,7.3,92,0,,178,12.2,,1019.3,,3
2025-02-25 01:00:00,8.2,7.6,96,0.3,,185,12.6,,1018.7,,8
2025-02-25 02:00:00,8.3,7.9,97,0.4,,197,10.4,,1018.7,,8
2025-02-25 03:00:00,8,7.6,97,0.5,,204,9.7,,1018.4,,8
2025-02-25 04:00:00,7.9,7.5,97,0.4,,216,9,,1018,,8
2025-02-25 05:00:00,7.7,7.4,98,0.1,,226,7.9,,1018,,7
2025-02-25 06:00:00,7.6,7.3,98,0,,201,5.4,,1017.6,,3
2025-02-25 07:00:00,7.1,7,99,0,,148,4,,1017.1,,3
2025-02-25 08:00:00,7.2,7.1,99,0,,91,3.2,,1016.9,,3
2025-02-25 09:00:00,8.2,7.9,98,0,,116,4.3,,1016.8,,5
2025-02-25 10:00:00,9,8.1,94,0,,114,6.5,,1016.3,,3
2025-02-25 11:00:00,9.8,7.7,87,0,,138,9.4,,1015.6,,3
2025-02-25 12:00:00,11.2,7.9,80,0,,141,8.3,,1014.5,,3
2025-02-25 13:00:00,11.8,7.5,75,0,,145,8.6,,1013.5,,3
2025-02-25 14:00:00,10.8,9.2,90,1,,173,9.7,,1013,,9
2025-02-25 15:00:00,9.9,9.3,96,1.9,,212,6.1,,1012.7,,9
2025-02-25 16:00:00,9.8,9.3,97,0.5,,99,6.5,,1012,,8
2025-02-25 17:00:00,9.9,9.3,96,0.4,,114,9.4,,1011.5,,8
2025-02-25 18:00:00,9.7,8.8,94,0,,122,14,,1011.1,,3
2025-02-25 19:00:00,8.7,7.6,93,0,,135,14.4,,1011.2,,3
2025-02-25 20:00:00,7.8,6.7,93,0,,139,12.6,,1011.5,,3
2025-02-25 21:00:00,7.2,6.1,93,0,,137,11.2,,1011.5,,2
2025-02-25 22:00:00,7,5.6,91,0,,156,13.7,,1011.6,,3
2025-02-25 23:00:00,7,4.7,85,0,,186,15.5,,1012.1,,2
2025-02-26 00:00:00,6.3,3.8,84,0,,188,13,,1012,,2
2025-02-26 01:00:00,6.3,3.5,82,0.1,,188,13.7,,1012.1,,7
2025-02-26 02:00:00,6.2,3.5,83,0,,194,13.3,,1012.2,,3
2025-02-26 03:00:00,5.8,4.1,89,0,,201,14,,1012.9,,3
2025-02-26 04:00:00,5.4,4.7,95,0.5,,203,14,,1013,,8
2025-02-26 05:00:00,5.2,4.8,97,0.5,,214,15.8,,1013.1,,8
2025-02-26 06:00:00,5.1,4.8,98,0.2,,220,15.8,,1013.5,,7
2025-02-26 07:00:00,5,4.9,99,0.3,,226,14.8,,1014,,8
2025-02-26 08:00:00,5.6,5.3,98,0.3,,240,15.8,,1014.7,,8
2025-02-26 09:00:00,6.4,6,97,0.4,,284,13.7,,1015.5,,8
2025-02-26 10:00:00,7.3,5.9,91,0.1,,299,18,,1016.6,,7
2025-02-26 11:00:00,7.7,4.8,82,0,,300,17.3,,1017.6,,3
2025-02-26 12:00:00,8.4,3.6,72,0,,298,15.8,,1018.3,,3
2025-02-26 13:00:00,9.3,3.3,66,0,,293,15.8,,1018.4,,3
2025-02-26 14:00:00,9,2.3,63,0,,294,14.8,,1018.3,,3
2025-02-26 15:00:00,9.3,1.5,58,0,,290,14,,1018.4,,3
2025-02-26 16:00:00,9.3,1.5,58,0,,275,11.5,,1018.4,,3
2025-02-26 17:00:00,8.8,2.6,65,0,,246,8.3,,1018.4,,3
2025-02-26 18:00:00,7.6,1.9,67,0,,197,8.6,,1018.7,,3
2025-02-26 19:00:00,7.2,1.3,66,0,,213,10.8,,1019,,3
2025-02-26 20:00:00,5.7,1,72,0,,212,10.8,,1019.5,,3
2025-02-26 21:00:00,4.8,1.5,79,0,,195,10.1,,1019.4,,3
2025-02-26 22:00:00,4.1,1.5,83,0,,181,11.5,,1019.2,,3
2025-02-26 23:00:00,3.6,1,83,0,,161,12.6,,1019.8,,3
2025-02-27 00:00:00,3.2,0.6,83,0,,163,11.9,,1019.3,,3
2025-02-27 01:00:00,3,-0.1,80,0,,161,13.3,,1018.7,,3
2025-02-27 02:00:00,3.2,-0.4,77,0,,165,13,,1018.2,,3
2025-02-27 03:00:00,3.5,-0.1,77,0.2,,177,13.3,,1017.6,,7
2025-02-27 04:00:00,3.1,1.9,92,0.8,,170,14.8,,1017.5,,8
2025-02-27 05:00:00,3.5,2,90,0.5,,177,13.7,,1017.1,,8
2025-02-27 06:00:00,3.3,2.6,95,0.6,,194,13,,1017.2,,8
2025-02-27 07:00:00,3.5,2.8,95,0.5,,204,11.9,,1017,,8
2025-02-27 08:00:00,3.6,3,96,0.2,,204,13,,1017.5,,7
2025-02-27 09:00:00,4.1,3.8,98,0,,212,13.7,,1017.7,,3
2025-02-27 10:00:00,5.2,4.3,94,0,,226,14,,1018.2,,3
2025-02-27 11:00:00,7,4.1,82,0,,243,14,,1018.4,,3
2025-02-27 12:00:00,8,2.9,70,0,,253,14.4,,1018.5,,3
2025-02-27 13:00:00,8.6,2,63,0,,256,14,,1018.2,,3
2025-02-27 14:00:00,8.5,1.4,61,0,,256,13.3,,1018.2,,3
2025-02-27 15:00:00,7.3,2.2,70,0,,250,14.8,,1018.6,,3
2025-02-27 16:00:00,7.3,2,69,0,,244,10.1,,1018.5,,3
2025-02-27 17:00:00,7.4,1.9,68,0,,172,6.8,,1018.6,,2
2025-02-27 18:00:00,5.3,2,79,0,,171,8.3,,1019,,1
2025-02-27 19:00:00,4.9,0.8,75,0,,212,9,,1019.6,,2
2025-02-27 20:00:00,4.4,1.4,81,0.2,,228,11.5,,1020.4,,17
2025-02-27 21:00:00,3.8,1.5,85,0,,219,11.2,,1020.8,,3
2025-02-27 22:00:00,2.8,0.9,87,0,,217,11.2,,1021.3,,3
2025-02-27 23:00:00,1.8,0.3,90,0,,212,10.4,,1021.6,,1
2025-02-28 00:00:00,1.8,0.8,93,0,,198,10.8,,1021.6,,3
2025-02-28 01:00:00,1.5,1.1,97,0,,191,9.7,,1021.8,,2
2025-02-28 02:00:00,1.3,0.9,97,0,,185,9.7,,1022,,2
2025-02-28 03:00:00,1.8,1.4,97,0,,182,10.1,,1021.8,,3
2025-02-28 04:00:00,1.8,1.5,98,0.4,,202,12.6,,1021.5,,8
2025-02-28 05:00:00,2,1.6,97,0.3,,205,13.7,,1021.5,,8
2025-02-28 06:00:00,1.9,1.5,97,0,,190,13,,1021.8,,3
2025-02-28 07:00:00,2.2,1.8,97,0.2,,221,14.8,,1021.7,,7
2025-02-28 08:00:00,2.8,2.2,96,0.1,,249,13,,1022.3,,7
2025-02-28 09:00:00,3.8,2.6,92,0.1,,295,12.6,,1023,,7
2025-02-28 10:00:00,4.3,2.5,88,0,,327,13.3,,1023.6,,3
2025-02-28 11:00:00,4.1,2.3,88,0,,318,12.2,,1023.7,,3
2025-02-28 12:00:00,4.7,2.2,84,0.1,,327,13.3,,1024.1,,7
2025-02-28 13:00:00,5.6,2.1,78,0.1,,334,14,,1023.8,,7
2025-02-28 14:00:00,6,1.3,72,0,,337,13.3,,1023.8,,3
2025-02-28 15:00:00,6.7,0.8,66,0,,340,12.2,,1023.8,,3
2025-02-28 16:00:00,6.6,0.7,66,0,,342,10.8,,1024,,3
2025-02-28 17:00:00,7,1.3,67,0,,337,7.6,,1023.6,,3
2025-02-28 18:00:00,5.4,1.7,77,0,,8,4.3,,1024.2,,2
2025-02-28 19:00:00,4.3,1.3,81,0,,15,5.4,,1024.9,,2
2025-02-28 20:00:00,3.4,0.8,83,0,,22,6.1,,1025.3,,2
2025-02-28 21:00:00,2.6,0.5,86,0,,21,6.8,,1025.5,,2
2025-02-28 22:00:00,1.1,0.1,93,0,,22,7.2,,1026.6,,2
2025-02-28 23:00:00,1,-0.2,92,0,,28,6.5,,1027,,2
2025-03-01 00:00:00,1,-0.2,92,0,,22,7.2,,1027.1,,3
2025-03-01 01:00:00,0.5,-0.4,94,0,,17,7.9,,1027.2,,2
2025-03-01 02:00:00,0,-0.8,94,0,,17,8.3,,1027.5,,2
2025-03-01 03:00:00,-1.3,-2,95,0,,6,6.8,,1027.8,,2
2025-03-01 04:00:00,-1.6,-2.2,96,0,,3,7.6,,1027.8,,1
2025-03-01 05:00:00,-1.9,-2.6,95,0,,12,9,,1028,,1
2025-03-01 06:00:00,-1.9,-2.6,95,0,,14,10.1,,1028.6,,1
2025-03-01 07:00:00,-1.4,-2.1,95,0,,10,10.1,,1028.9,,1
2025-03-01 08:00:00,0.2,-0.7,94,0,,354,10.1,,1029.8,,1
2025-03-01 09:00:00,2.2,0.1,86,0,,28,13,,1030.5,,1
2025-03-01 10:00:00,3.6,0.8,82,0,,44,11.9,,1031,,3
2025-03-01 11:00:00,4.8,0.7,75,0,,39,11.5,,1031.3,,3
2025-03-01 12:00:00,5.8,0.4,68,0,,45,13,,1031.2,,3
2025-03-01 13:00:00,7.4,0.6,62,0,,51,14.4,,1030.6,,3
2025-03-01 14:00:00,7.5,0.5,61,0,,47,14.4,,1030.6,,3
2025-03-01 15:00:00,7.9,-0.1,57,0,,50,14,,1030.4,,3
2025-03-01 16:00:00,7.7,-0.3,57,0,,46,13.7,,1030.5,,3
2025-03-01 17:00:00,7.2,0,60,0,,48,11.5,,1030.9,,3
2025-03-01 18:00:00,6.2,-0.1,64,0,,46,9.7,,1031.5,,3
2025-03-01 19:00:00,5.2,0.4,71,0,,52,10.4,,1032.2,,3
2025-03-01 20:00:00,4.3,0.1,74,0,,58,11.9,,1032.6,,2
2025-03-01 21:00:00,3.5,-0.3,76,0,,57,11.9,,1033.2,,2
2025-03-01 22:00:00,2.7,-0.7,78,0,,57,11.5,,1033.9,,1
2025-03-01 23:00:00,2.8,-0.3,80,0,,56,9.7,,1034,,3
2025-03-02 00:00:00,1.8,-0.6,84,0,,53,10.1,,1034,,2
2025-03-02 01:00:00,1.2,-1,85,0,,49,10.1,,1034.1,,1
2025-03-02 02:00:00,0.6,-1.6,85,0,,44,10.1,,1034,,1
2025-03-02 03:00:00,0.2,-1.9,86,0,,47,10.8,,1034,,1
2025-03-02 04:00:00,0.1,-1.8,87,0,,54,11.2,,1033.7,,1
2025-03-02 05:00:00,-0.2,-2.3,86,0,,58,10.8,,1033.6,,1
2025-03-02 06:00:00,-0.4,-2.5,86,0,,39,10.4,,1033.7,,1
2025-03-02 07:00:00,-0.3,-2.4,86,0,,42,13,,1034.3,,3
2025-03-02 08:00:00,0.7,-1.9,83,0,,69,11.9,,1034.8,,3
2025-03-02 09:00:00,2.9,-0.9,76,0,,51,10.1,,1035.4,,3
2025-03-02 10:00:00,4.9,-0.5,68,0,,98,10.8,,1034.7,,2
2025-03-02 11:00:00,6.5,-0.9,59,0,,95,11.9,,1034.5,,2
2025-03-02 12:00:00,7.8,-0.9,54,0,,79,11.2,,1034,,3
2025-03-02 13:00:00,8.9,-1,50,0,,69,10.8,,1033.3,,1
2025-03-02 14:00:00,9.5,-1.5,46,0,,68,10.8,,1032.6,,1
2025-03-02 15:00:00,9.9,-1.5,45,0,,71,10.8,,1031.6,,1
2025-03-02 16:00:00,9.7,-1.7,45,0,,72,11.5,,1031.1,,1
2025-03-02 17:00:00,8.7,-0.9,51,0,,67,10.1,,1031.1,,1
2025-03-02 18:00:00,6.1,-0.6,62,0,,63,8.3,,1031.4,,1
2025-03-02 19:00:00,4.4,-1,68,0,,59,9.4,,1031.8,,1
2025-03-02 20:00:00,3.4,-1.4,71,0,,53,9.7,,1031.9,,1
2025-03-02 21:00:00,2.8,-1.7,72,0,,58,10.1,,1031.9,,1
2025-03-02 22:00:00,2.3,-2,73,0,,70,9.7,,1031.8,,1
2025-03-02 23:00:00,1.8,-2.3,74,0,,78,9.7,,1031.8,,1
2025-03-03 00:00:00,1.1,-2.5,77,0,,87,10.1,,1031.6,,1
2025-03-03 01:00:00,0.3,-2.4,82,0,,86,9.7,,1031.2,,1
2025-03-03 02:00:00,-0.5,-2.7,85,0,,100,8.3,,1030.9,,1
2025-03-03 03:00:00,-1,-2.7,88,0,,95,7.6,,1030.6,,1
2025-03-03 04:00:00,-1.5,-2.9,90,0,,51,8.6,,1030.2,,1
2025-03-03 05:00:00,-1.3,-2.9,89,0,,42,9,,1030.1,,1
2025-03-03 06:00:00,-1.5,-3.1,89,0,,57,8.6,,1030.4,,1
2025-03-03 07:00:00,-1.7,-3.1,90,0,,76,9,,1030.1,,1
2025-03-03 08:00:00,-0.7,-2.1,90,0,,67,9.7,,1030.5,,1
2025-03-03 09:00:00,1.7,-1,82,0,,258,6.1,,1031.4,,2
2025-03-03 10:00:00,4.1,0.3,76,0,,275,5.4,,1031.5,,3
2025-03-03 11:00:00,6.5,0.8,67,0,,143,6.5,,1030.9,,3
2025-03-03 12:00:00,8.6,0.6,57,0,,133,7.6,,1030,,3
2025-03-03 13:00:00,10.2,0,49,0,,110,7.6,,1029.3,,3
2025-03-03 14:00:00,11.3,-0.8,43,0,,76,7.2,,1028.7,,3
2025-03-03 15:00:00,11.2,-0.6,44,0,,40,5.8,,1028.2,,3
2025-03-03 16:00:00,11,-0.5,45,0,,345,7.2,,1027.7,,3
2025-03-03 17:00:00,9.3,2.6,63,0,,321,9,,1027.6,,3
2025-03-03 18:00:00,6.4,2.5,76,0,,332,10.4,,1027.9,,3
2025-03-03 19:00:00,4.5,2,84,0,,12,8.6,,1028.2,,3
2025-03-03 20:00:00,3.5,1.1,84,0,,49,6.8,,1027.9,,3
2025-03-03 21:00:00,2,-0.4,84,0,,61,8.6,,1028.3,,3
2025-03-03 22:00:00,1.2,-1.2,84,0,,80,9,,1028.4,,3
2025-03-03 23:00:00,0.6,-1.6,85,0,,75,9.4,,1028.3,,3
2025-03-04 00:00:00,0.2,-1.9,86,0,,77,9.4,,1028.4,,3
2025-03-04 01:00:00,-0.2,-2.3,86,0,,94,9.7,,1027.9,,3
2025-03-04 02:00:00,-0.2,-2.7,83,0,,106,10.4,,1027.5,,3
2025-03-04 03:00:00,-0.1,-3.1,80,0,,101,10.1,,1027.1,,3
2025-03-04 04:00:00,-0.6,-3.1,83,0,,45,8.6,,1027.1,,3
2025-03-04 05:00:00,-0.9,-3.3,84,0,,36,7.6,,1027.3,,3
2025-03-04 06:00:00,-0.6,-2.5,87,0,,46,5.8,,1027,,3
2025-03-04 07:00:00,-0.8,-2.5,88,0,,44,5,,1027.2,,3
2025-03-04 08:00:00,0.4,-1.8,85,0,,71,6.5,,1028,,3
2025-03-04 09:00:00,2.4,-0.9,79,0,,204,5,,1028.3,,3
2025-03-04 10:00:00,4.5,0.1,73,0,,225,4,,1028.3,,3
2025-03-04 11:00:00,6.8,0.5,64,0,,228,5.8,,1027.9,,3
2025-03-04 12:00:00,9.2,1.4,58,0,,212,5.4,,1027.5,,3
2025-03-04 13:00:00,10.6,1.7,54,0,,198,5,,1027,,3
2025-03-04 14:00:00,11.7,1.3,49,0,,127,5,,1026.2,,3
2025-03-04 15:00:00,12.3,1,46,0,,28,5.4,,1025.8,,3
2025-03-04 16:00:00,10.6,1.9,55,0,,332,5.4,,1026.1,,3
2025-03-04 17:00:00,8.8,3.2,68,0,,331,6.5,,1026.1,,3
2025-03-04 18:00:00,5.8,2.6,80,0,,353,8.3,,1026.4,,1
2025-03-04 19:00:00,4,1.5,84,0,,28,6.5,,1026.6,,1
2025-03-04 20:00:00,2.9,0.1,82,0,,61,4.7,,1026.7,,1
2025-03-04 21:00:00,2.4,0.1,85,0,,73,6.8,,1026.6,,1
2025-03-04 22:00:00,1.1,-0.7,88,0,,88,7.6,,1026.6,,1
2025-03-04 23:00:00,0,-1.1,92,0,,115,9,,1026.7,,1
2025-03-05 00:00:00,-0.4,-1.8,90,0,,103,10.4,,1026.5,,1
2025-03-05 01:00:00,-0.5,-2.4,87,0,,85,10.1,,1026.2,,1
2025-03-05 02:00:00,0.3,-1.9,85,0,,72,10.1,,1026.2,,1
2025-03-05 03:00:00,-0.2,-2.1,87,0,,45,8.6,,1026.3,,1
2025-03-05 04:00:00,-0.4,-2.3,87,0,,54,6.1,,1026.4,,1
2025-03-05 05:00:00,-0.8,-2.4,89,0,,148,6.8,,1026.5,,1
2025-03-05 06:00:00,-1,-2.6,89,0,,146,9,,1026.5,,1
2025-03-05 07:00:00,-1.1,-3,87,0,,128,10.1,,1026.3,,1
2025-03-05 08:00:00,0.3,-1.9,85,0,,113,9.7,,1026.9,,1
2025-03-05 09:00:00,2.9,-0.7,77,0,,119,8.3,,1027.2,,1
2025-03-05 10:00:00,5.7,0.9,71,0,,147,4.7,,1027.6,,1
2025-03-05 11:00:00,8,1.6,64,0,,193,2.9,,1027.4,,1
2025-03-05 12:00:00,9.6,2.7,62,0,,200,2.5,,1027,,1
2025-03-05 13:00:00,11.1,3.1,58,0,,244,3.6,,1026.2,,1
2025-03-05 14:00:00,12.2,3.4,55,0,,260,3.6,,1025.5,,1
2025-03-05 15:00:00,12.9,3.5,53,0,,224,4,,1025.1,,1
2025-03-05 16:00:00,13.1,3.7,53,0,,206,5,,1024.6,,1
2025-03-05 17:00:00,9.8,4.6,70,0,,197,4,,1024.5,,1
2025-03-05 18:00:00,6.9,2.2,72,0,,157,4.3,,1024.6,,1
2025-03-05 19:00:00,4.7,1.4,79,0,,105,4.3,,1024.8,,1
2025-03-05 20:00:00,3.4,0.6,82,0,,86,6.1,,1024.8,,1
2025-03-05 21:00:00,2.6,0,83,0,,82,6.8,,1024.6,,1
2025-03-05 22:00:00,2,-0.7,82,0,,84,7.6,,1024.7,,1
2025-03-05 23:00:00,1.5,-1.2,82,0,,94,8.6,,1024.8,,1
2025-03-06 00:00:00,1,-1.7,82,0,,108,9,,1024.7,,1
2025-03-06 01:00:00,0.4,-1.7,86,0,,116,9,,1024.6,,1
2025-03-06 02:00:00,-0.1,-1.8,88,0,,112,9,,1024.4,,1
2025-03-06 03:00:00,-0.4,-2,89,0,,122,9,,1024.2,,1
2025-03-06 04:00:00,0.7,-1.2,87,0,,128,8.3,,1023.5,,1
2025-03-06 05:00:00,0.7,-1.1,88,0,,121,7.9,,1023.4,,1
2025-03-06 06:00:00,0.4,-1,90,0,,124,6.8,,1023.3,,1
2025-03-06 07:00:00,0.5,-1.1,89,0,,126,7.2,,1023.2,,1
2025-03-06 08:00:00,2,-0.3,85,0,,135,8.6,,1023.5,,1
2025-03-06 09:00:00,4.7,1.7,81,0,,148,9.4,,1023.9,,1
2025-03-06 10:00:00,7.2,2.3,71,0,,165,7.6,,1023.7,,1
2025-03-06 11:00:00,9.4,2.9,64,0,,168,6.5,,1023.5,,1
2025-03-06 12:00:00,11.5,3.3,57,0,,167,6.1,,1023.1,,1
2025-03-06 13:00:00,13.2,3.3,51,0,,169,6.5,,1022.5,,1
2025-03-06 14:00:00,14.2,3.3,48,0,,177,6.8,,1021.9,,1
2025-03-06 15:00:00,14.7,3.8,48,0,,175,7.2,,1021.6,,2
2025-03-06 16:00:00,14.7,4.1,49,0,,159,6.5,,1021.1,,3
2025-03-06 17:00:00,13.4,5.8,60,0,,144,4.7,,1020.8,,3
2025-03-06 18:00:00,10.4,4.5,67,0,,124,6.1,,1020.8,,3
2025-03-06 19:00:00,6.7,2.8,76,0,,105,10.4,,1021.2,,3
2025-03-06 20:00:00,5.2,2,80,0,,110,10.4,,1021.4,,1
2025-03-06 21:00:00,3.6,0.8,82,0,,117,9.7,,1021.6,,1
2025-03-06 22:00:00,2.6,0,83,0,,103,10.4,,1021.6,,1
2025-03-06 23:00:00,2,-0.4,84,0,,99,11.2,,1021.6,,1
2025-03-07 00:00:00,3,-0.1,80,0,,111,11.5,,1020.6,,1
2025-03-07 01:00:00,2.6,-0.3,81,0,,120,10.8,,1020.7,,3
2025-03-07 02:00:00,1.8,-0.6,84,0,,118,9,,1021.2,,3
2025-03-07 03:00:00,2,-0.6,83,0,,100,8.6,,1021.2,,3
2025-03-07 04:00:00,1.6,-0.6,85,0,,123,6.8,,1020.9,,3
2025-03-07 05:00:00,1.6,-1.1,82,0,,128,6.5,,1020.8,,3
2025-03-07 06:00:00,1,-1.4,84,0,,122,6.5,,1020.8,,3
2025-03-07 07:00:00,0.8,-1.4,85,0,,119,6.1,,1020.9,,3
2025-03-07 08:00:00,2.3,-0.8,80,0,,115,7.6,,1021.3,,3
2025-03-07 09:00:00,5.2,1.1,75,0,,126,5,,1021.3,,3
2025-03-07 10:00:00,8.5,3.1,69,0,,173,4,,1021.2,,3
2025-03-07 11:00:00,10.9,3.9,62,0,,209,3.6,,1021.1,,1
2025-03-07 12:00:00,12.8,4.5,57,0,,226,4,,1020.7,,1
2025-03-07 13:00:00,14.2,4.5,52,0,,263,4.3,,1019.8,,1
2025-03-07 14:00:00,15.1,4.5,49,0,,309,5.4,,1018.9,,1
2025-03-07 15:00:00,14.3,4,50,0,,308,6.5,,1018.3,,1
2025-03-07 16:00:00,14,4.6,53,0,,323,6.8,,1017.7,,1
2025-03-07 17:00:00,12.6,6.6,67,0,,314,4.7,,1017.5,,2
2025-03-07 18:00:00,9.8,4.8,71,0,,321,5,,1017.4,,1
2025-03-07 19:00:00,7.9,3.9,76,0,,4,6.1,,1017.7,,1
2025-03-07 20:00:00,6.5,3.5,81,0,,45,4.7,,1017.7,,1
2025-03-07 21:00:00,5,3.2,88,0,,71,6.8,,1017.6,,1
2025-03-07 22:00:00,3.6,2.3,91,0,,99,9,,1017.9,,1
2025-03-07 23:00:00,2.7,1.5,92,0,,104,10.1,,1017.9,,1
2025-03-08 00:00:00,2.2,1,92,0,,76,10.4,,1017.5,,1
2025-03-08 01:00:00,2.2,0.7,90,0,,76,10.4,,1016.8,,1
2025-03-08 02:00:00,1.4,0.1,91,0,,76,9,,1016.8,,5
2025-03-08 03:00:00,0.9,-0.3,92,0,,84,7.9,,1016.6,,5
2025-03-08 04:00:00,0.6,-0.4,93,0,,91,8.6,,1016.3,,5
2025-03-08 05:00:00,0.4,-0.5,94,0,,77,9,,1016.1,,5
2025-03-08 06:00:00,0.3,-0.7,93,0,,85,9,,1016,,5
2025-03-08 07:00:00,-0.1,-0.8,95,0,,99,8.3,,1016,,3
2025-03-08 08:00:00,1.3,-0.2,90,0,,102,9.7,,1016.4,,5
2025-03-08 09:00:00,4.7,1.5,80,0,,78,6.8,,1016.4,,2
2025-03-08 10:00:00,7.6,2.5,70,0,,293,4.7,,1016.2,,3
2025-03-08 11:00:00,10.5,4.4,66,0,,315,5,,1015.5,,3
2025-03-08 12:00:00,12.7,5.4,61,0,,327,4.3,,1014.8,,3
2025-03-08 13:00:00,14.3,6.1,58,0,,332,5,,1013.9,,2
2025-03-08 14:00:00,15.3,6.3,55,0,,343,5,,1013.1,,3
2025-03-08 15:00:00,15.8,6,52,0,,345,5.8,,1012.3,,3
2025-03-08 16:00:00,15,6.5,57,0,,344,7.2,,1011.6,,3
2025-03-08 17:00:00,13.8,8.2,69,0,,341,6.8,,1011.4,,3
2025-03-08 18:00:00,10.9,7.4,79,0,,358,7.9,,1011.4,,2
2025-03-08 19:00:00,9.3,6.6,83,0,,36,8.3,,1011.3,,1
2025-03-08 20:00:00,8.4,5.3,81,0,,69,10.8,,1011,,1
2025-03-08 21:00:00,8.6,4.4,75,0,,88,12.2,,1010.2,,1
2025-03-08 22:00:00,7.7,3.9,77,0,,106,11.5,,1010.1,,1
2025-03-08 23:00:00,6.7,3.5,80,0,,98,11.5,,1010.1,,1
2025-03-09 00:00:00,5.4,3.2,86,0,,87,11.2,,1009.8,,1
2025-03-09 01:00:00,4.1,2.6,90,0,,73,10.4,,1009.6,,1
2025-03-09 02:00:00,3.7,1.4,85,0,,62,10.8,,1008.8,,1
2025-03-09 03:00:00,2.7,1.1,89,0,,70,10.1,,1008.5,,3
2025-03-09 04:00:00,2.1,0.6,90,0,,83,9.7,,1008,,3
2025-03-09 05:00:00,1.6,0.4,92,0,,77,8.6,,1008,,3
2025-03-09 06:00:00,1.2,0,92,0,,84,7.6,,1007.9,,3
2025-03-09 07:00:00,1,-0.2,92,0,,80,8.3,,1007.7,,3
2025-03-09 08:00:00,2.5,0.9,89,0,,67,9.4,,1008,,3
2025-03-09 09:00:00,5.5,2.5,81,0,,342,6.5,,1007.9,,3
2025-03-09 10:00:00,8.2,3.7,73,0,,302,4.3,,1007.3,,2
2025-03-09 11:00:00,10.7,4.8,67,0,,303,5,,1006.9,,1
2025-03-09 12:00:00,12.9,5.8,62,0,,328,5.8,,1006,,1
2025-03-09 13:00:00,14.5,6.6,59,0,,331,7.2,,1005.1,,2
2025-03-09 14:00:00,15.7,7.2,57,0,,332,7.9,,1004.3,,2
2025-03-09 15:00:00,16.3,8,58,0,,331,8.3,,1003.4,,1
2025-03-09 16:00:00,16.4,8.4,59,0,,325,8.6,,1002.7,,1
2025-03-09 17:00:00,15,8.9,67,0,,310,7.2,,1002.7,,1
2025-03-09 18:00:00,12.6,8.1,74,0,,349,8.3,,1002.7,,1
2025-03-09 19:00:00,10.8,6,72,0,,52,8.6,,1002.5,,1
2025-03-09 20:00:00,9.3,4.3,71,0,,57,10.4,,1002.4,,1
2025-03-09 21:00:00,7.7,3.7,76,0,,61,9.7,,1002.3,,2
2025-03-09 22:00:00,7,3.2,77,0,,58,9.7,,1001.9,,1
2025-03-09 23:00:00,5.9,2.9,81,0,,55,7.9,,1001.7,,1
2025-03-10 00:00:00,5.2,2.7,84,0,,74,6.8,,1001.3,,3
2025-03-10 01:00:00,4.6,2.5,86,0,,47,5.8,,1001.1,,2
2025-03-10 02:00:00,3.9,2.1,88,0,,40,5.8,,1000.7,,2
2025-03-10 03:00:00,4.2,1.2,81,0,,58,5.8,,1000.3,,2
2025-03-10 04:00:00,3.6,1.2,84,0,,25,5,,1000,,3
2025-03-10 05:00:00,3.1,0.8,85,0,,51,5.4,,999.7,,3
2025-03-10 06:00:00,2.7,0.6,86,0,,97,6.5,,999.5,,3
2025-03-10 07:00:00,2.4,0.3,86,0,,225,2.5,,999.8,,3
2025-03-10 08:00:00,4.1,2.5,89,0,,160,4.3,,1000.5,,2
2025-03-10 09:00:00,6.4,3.4,81,0,,240,5.8,,1000.9,,3
2025-03-10 10:00:00,7.8,3.5,74,0,,217,8.6,,1001.8,,3
2025-03-10 11:00:00,10.1,4,66,0,,216,6.1,,1001.4,,3
2025-03-10 12:00:00,12.1,4.6,60,0,,215,9.7,,1001.4,,3
2025-03-10 13:00:00,13.1,5.7,61,0,,209,15.1,,1001.6,,3
2025-03-10 14:00:00,14.3,6.6,60,0,,222,20.5,,1001.2,,3
2025-03-10 15:00:00,14,6.8,62,0,,230,20.5,,1001.3,,3
2025-03-10 16:00:00,12.7,7.6,71,0,,221,16.6,,1001.6,,3
2025-03-10 17:00:00,11.9,8.2,78,0,,210,13.3,,1001.7,,3
2025-03-10 18:00:00,10.2,8.8,91,0,,198,13,,1002.9,,3
2025-03-10 19:00:00,9.3,8.7,96,0.2,,198,13,,1003.5,,7
2025-03-10 20:00:00,8.8,8.3,97,0.2,,200,13,,1004,,7
2025-03-10 21:00:00,8.5,8.2,98,0,,201,11.9,,1004.1,,3
2025-03-10 22:00:00,8.1,7.8,98,0,,193,9.4,,1004.4,,3
2025-03-10 23:00:00,7.7,7.4,98,0,,193,9.4,,1004.3,,3
2025-03-11 00:00:00,7.5,7.2,98,0,,181,8.6,,1004.3,,3
2025-03-11 01:00:00,7.3,7,98,0,,171,8.6,,1004.2,,3
2025-03-11 02:00:00,7.2,6.9,98,0,,173,9.4,,1004.1,,3
2025-03-11 03:00:00,6.8,6.5,98,0,,173,8.3,,1003.4,,3
2025-03-11 04:00:00,6.8,6.7,99,0,,181,9.7,,1003.3,,3
2025-03-11 05:00:00,5.9,5.8,99,0,,187,7.6,,1003.1,,3
2025-03-11 06:00:00,5.3,5,98,0,,169,6.5,,1002.8,,3
2025-03-11 07:00:00,4.9,4.8,99,0,,166,10.1,,1003.2,,3
2025-03-11 08:00:00,5.6,5.3,98,0,,170,11.2,,1003.8,,3
2025-03-11 09:00:00,7,6.1,94,0,,179,10.8,,1003.6,,5
2025-03-11 10:00:00,9.2,7.3,88,0,,186,10.1,,1003.5,,3
2025-03-11 11:00:00,11.1,7.6,79,0,,213,10.4,,1003.2,,3
2025-03-11 12:00:00,12.4,8.1,75,0,,219,10.1,,1002.5,,3
2025-03-11 13:00:00,13.2,8.1,71,0,,220,10.4,,1001.8,,3
2025-03-11 14:00:00,13.9,7,63,0,,226,11.9,,1001.2,,2
2025-03-11 15:00:00,14.3,6.1,58,0,,250,12.2,,1000.4,,2
2025-03-11 16:00:00,14.2,5.5,56,0,,252,12.2,,1000.1,,2
2025-03-11 17:00:00,13.3,5.9,61,0,,280,10.8,,1000,,3
2025-03-11 18:00:00,11.3,6.8,74,0,,184,7.6,,1000.4,,3
2025-03-11 19:00:00,9.1,6,81,0,,230,7.2,,1000.8,,3
2025-03-11 20:00:00,8.3,6.6,89,0.2,,280,5.8,,1001.5,,7
2025-03-11 21:00:00,8.3,7.1,92,0.3,,331,11.5,,1001.3,,8
2025-03-11 22:00:00,7,6.4,96,0.1,,332,11.5,,1001.6,,7
2025-03-11 23:00:00,6,5.6,97,0,,331,9.7,,1001.5,,3
2025-03-12 00:00:00,5.1,4.5,96,0,,338,10.1,,1001.2,,3
2025-03-12 01:00:00,4.8,4.1,95,0,,342,9.7,,1001,,3
2025-03-12 02:00:00,4.8,3.9,94,0,,342,9.4,,1000.8,,3
2025-03-12 03:00:00,5.2,4.2,93,0,,343,9.7,,1000.3,,3
2025-03-12 04:00:00,5.3,4.1,92,0,,346,10.4,,999.7,,3
2025-03-12 05:00:00,5.2,4.6,96,0,,344,11.5,,999.7,,3
2025-03-12 06:00:00,5.1,4.4,95,0,,347,12.6,,999.6,,3
2025-03-12 07:00:00,5.1,4.2,94,0,,353,11.5,,999.7,,3
2025-03-12 08:00:00,5.4,4,91,0,,351,10.8,,1000,,3
2025-03-12 09:00:00,5.4,4.2,92,0.2,,352,10.8,,1000.2,,7
2025-03-12 10:00:00,5.8,4.3,90,0.4,,355,10.8,,1000.1,,8
2025-03-12 11:00:00,6.6,4.1,84,0.4,,354,10.4,,1000.2,,8
2025-03-12 12:00:00,6.7,4.4,85,0.3,,348,7.9,,1000.4,,8
2025-03-12 13:00:00,7.2,4,80,0.3,,346,7.2,,1000,,8
2025-03-12 14:00:00,7.5,3.5,76,0.3,,334,7.6,,999.7,,8
2025-03-12 15:00:00,7.3,3.2,75,0.2,,332,7.6,,999.5,,7
2025-03-12 16:00:00,7.4,3.1,74,0,,327,6.8,,999.5,,3
2025-03-12 17:00:00,7.2,3.1,75,0,,328,6.8,,999.1,,3
2025-03-12 18:00:00,6.8,3.2,78,0,,341,6.8,,999,,3
2025-03-12 19:00:00,6.2,3,80,0,,4,5.8,,999.3,,3
2025-03-12 20:00:00,5.7,3,83,0,,36,5,,999.2,,3
2025-03-12 21:00:00,4.9,2.8,86,0,,45,5.8,,999,,3
2025-03-12 22:00:00,4,2,87,0,,64,5,,998.9,,3
2025-03-12 23:00:00,3.2,1.7,90,0,,72,4.7,,998.6,,3
2025-03-13 00:00:00,2.5,1.5,93,0,,40,4,,998.4,,3
2025-03-13 01:00:00,2,1,93,0,,36,5,,998,,3
2025-03-13 02:00:00,1.7,0.5,92,0,,43,5.8,,997.5,,3
2025-03-13 03:00:00,1.2,0.2,93,0,,46,5,,997.1,,3
2025-03-13 04:00:00,1.1,0.1,93,0,,53,5,,996.6,,3
2025-03-13 05:00:00,1.5,0.3,92,0,,50,7.6,,996.4,,3
2025-03-13 06:00:00,1.7,0.5,92,0,,65,6.8,,996.5,,3
2025-03-13 07:00:00,2,0.8,92,0,,65,7.6,,996.6,,3
2025-03-13 08:00:00,3.2,1.6,89,0,,41,8.6,,996.7,,3
2025-03-13 09:00:00,4.6,2.3,85,0,,320,5.8,,997.1,,3
2025-03-13 10:00:00,5.6,1.7,76,0,,314,6.1,,997.4,,3
2025-03-13 11:00:00,5.6,1.5,75,0,,306,6.1,,997.6,,3
2025-03-13 12:00:00,6.3,1.6,72,0.1,,309,3.2,,997.9,,7
2025-03-13 13:00:00,5.9,1.4,73,0.2,,295,4,,998.1,,7
2025-03-13 14:00:00,6,1.9,75,0.4,,274,3.2,,998.1,,8
2025-03-13 15:00:00,5.6,3.1,84,0.5,,303,4.3,,998.5,,8
2025-03-13 16:00:00,5.3,2.8,84,0.2,,352,5,,998.8,,7
2025-03-13 17:00:00,5.3,2.5,82,0,,10,5,,999.2,,3
2025-03-13 18:00:00,5.1,3,86,0,,344,4.7,,999.7,,3
2025-03-13 19:00:00,4.3,2.8,90,0,,344,6.1,,1000.4,,3
2025-03-13 20:00:00,3.3,2.4,94,0,,353,4.3,,1000.8,,3
2025-03-13 21:00:00,3.3,2.4,94,0,,3,4.7,,1001.4,,3
2025-03-13 22:00:00,3.1,2.5,96,0,,24,4.3,,1001.8,,3
2025-03-13 23:00:00,2.1,1.5,96,0,,14,4.7,,1002.2,,3
2025-03-14 00:00:00,1.8,1.4,97,0,,19,3.2,,1002.4,,3
2025-03-14 01:00:00,2.1,1.8,98,0,,47,2.5,,1002.7,,3
2025-03-14 02:00:00,1.8,1.5,98,0.2,,44,2.9,,1002.8,,7
2025-03-14 03:00:00,1.6,1.2,97,0.3,,134,3.2,,1003,,8
2025-03-14 04:00:00,1.3,1,98,0.2,,130,2.9,,1003.2,,19
2025-03-14 05:00:00,0.9,0.5,97,0,,99,1.4,,1003.5,,3
2025-03-14 06:00:00,1,0.6,97,0,,70,2.5,,1004.1,,3
2025-03-14 07:00:00,1.6,1.2,97,0,,51,4.7,,1004.6,,3
2025-03-14 08:00:00,2.6,2,96,0,,14,5.8,,1005.2,,3
2025-03-14 09:00:00,3.9,2.4,90,0,,356,8.6,,1005.6,,3
2025-03-14 10:00:00,4.9,2.6,85,0,,5,10.1,,1006,,3
2025-03-14 11:00:00,6.5,2.8,77,0.1,,3,10.1,,1006.2,,7
2025-03-14 12:00:00,7,2.1,71,0,,5,10.4,,1006.3,,3
2025-03-14 13:00:00,7.2,1.7,68,0,,9,11.5,,1006.4,,3
2025-03-14 14:00:00,8.4,0.9,59,0.1,,15,12.6,,1006.3,,17
2025-03-14 15:00:00,8.5,0.7,58,0,,15,14.8,,1006.6,,3
2025-03-14 16:00:00,8,1.2,62,0.1,,16,14.8,,1007,,7
2025-03-14 17:00:00,7.8,0.5,60,0,,12,14.8,,1007.3,,3
2025-03-14 18:00:00,7.1,0.3,62,0,,6,13.7,,1007.8,,3
2025-03-14 19:00:00,6.5,-0.3,62,0,,5,14,,1008.8,,3
2025-03-14 20:00:00,,,,,,,,,,,
2025-03-14 21:00:00,,,,,,,,,,,
2025-03-14 22:00:00,,,,,,,,,,,
2025-03-14 23:00:00,,,,,,,,,,,
2025-03-15 00:00:00,,,,,,,,,,,
2025-03-15 01:00:00,2.8,0.4,84,,,20,11.2,,1010.6,,
2025-03-15 02:00:00,,,,,,,,,,,
2025-03-15 03:00:00,,,,,,,,,,,
2025-03-15 04:00:00,,,,,,,,,,,
2025-03-15 05:00:00,,,,,,,,,,,
2025-03-15 06:00:00,,,,,,,,,,,
2025-03-15 07:00:00,4.3,1.2,80,,,35,12.6,,1012.2,,
2025-03-15 08:00:00,,,,,,,,,,,
2025-03-15 09:00:00,,,,,,,,,,,
2025-03-15 10:00:00,,,,,,,,,,,
2025-03-15 11:00:00,,,,,,,,,,,
2025-03-15 12:00:00,,,,,,,,,,,
2025-03-15 13:00:00,10.5,-0.6,46,,,54,20.5,,1013.3,,
2025-03-15 14:00:00,,,,,,,,,,,
2025-03-15 15:00:00,,,,,,,,,,,
2025-03-15 16:00:00,,,,,,,,,,,
2025-03-15 17:00:00,,,,,,,,,,,
2025-03-15 18:00:00,,,,,,,,,,,
2025-03-15 19:00:00,7.3,-1.9,52,,,33,16.6,,1015,,
2025-03-15 20:00:00,,,,,,,,,,,
2025-03-15 21:00:00,,,,,,,,,,,
2025-03-15 22:00:00,,,,,,,,,,,
2025-03-15 23:00:00,,,,,,,,,,,
2025-03-16 00:00:00,,,,,,,,,,,
2025-03-16 01:00:00,3.8,-3.9,57,,,32,12.6,,1017,,
2025-03-16 02:00:00,,,,,,,,,,,
2025-03-16 03:00:00,,,,,,,,,,,
2025-03-16 04:00:00,,,,,,,,,,,
2025-03-16 05:00:00,,,,,,,,,,,
2025-03-16 06:00:00,,,,,,,,,,,
2025-03-16 07:00:00,2.3,-5.1,58,,,11,9.4,,1018.2,,
2025-03-16 08:00:00,,,,,,,,,,,
2025-03-16 09:00:00,,,,,,,,,,,
2025-03-16 10:00:00,,,,,,,,,,,
2025-03-16 11:00:00,,,,,,,,,,,
2025-03-16 12:00:00,,,,,,,,,,,
2025-03-16 13:00:00,5.1,-3,56,,,37,9.7,,1019.8,,
2025-03-16 14:00:00,,,,,,,,,,,
2025-03-16 15:00:00,,,,,,,,,,,
2025-03-16 16:00:00,,,,,,,,,,,
2025-03-16 17:00:00,,,,,,,,,,,
2025-03-16 18:00:00,,,,,,,,,,,
2025-03-16 19:00:00,2.7,1.7,93,,,179,2.9,,1021.7,,
2025-03-16 20:00:00,,,,,,,,,,,
2025-03-16 21:00:00,,,,,,,,,,,
2025-03-16 22:00:00,,,,,,,,,,,
2025-03-16 23:00:00,,,,,,,,,,,
2025-03-17 00:00:00,,,,,,,,,,,
2025-03-17 01:00:00,2.6,1.9,95,,,338,3.6,,1023.7,,
2025-03-17 02:00:00,,,,,,,,,,,
2025-03-17 03:00:00,,,,,,,,,,,
2025-03-17 04:00:00,,,,,,,,,,,
2025-03-17 05:00:00,,,,,,,,,,,
2025-03-17 06:00:00,,,,,,,,,,,
2025-03-17 07:00:00,0.5,-2.5,80,,,14,6.1,,1025.1,,
2025-03-17 08:00:00,,,,,,,,,,,
2025-03-17 09:00:00,,,,,,,,,,,
2025-03-17 10:00:00,,,,,,,,,,,
2025-03-17 11:00:00,,,,,,,,,,,
2025-03-17 12:00:00,,,,,,,,,,,
2025-03-17 13:00:00,9.5,-2.5,43,,,64,8.6,,1025,,
2025-03-17 14:00:00,,,,,,,,,,,
2025-03-17 15:00:00,,,,,,,,,,,
2025-03-17 16:00:00,,,,,,,,,,,
2025-03-17 17:00:00,,,,,,,,,,,
2025-03-17 18:00:00,,,,,,,,,,,
2025-03-17 19:00:00,5.4,-0.9,64,,,68,4.7,,1025,,
2025-03-17 20:00:00,,,,,,,,,,,
2025-03-17 21:00:00,,,,,,,,,,,
2025-03-17 22:00:00,,,,,,,,,,,
2025-03-17 23:00:00,,,,,,,,,,,
2025-03-18 00:00:00,,,,,,,,,,,
2025-03-18 01:00:00,3.2,-2.3,67,,,93,16.2,,1026.2,,
2025-03-18 02:00:00,,,,,,,,,,,
2025-03-18 03:00:00,,,,,,,,,,,
2025-03-18 04:00:00,,,,,,,,,,,
2025-03-18 05:00:00,,,,,,,,,,,
2025-03-18 06:00:00,,,,,,,,,,,
2025-03-18 07:00:00,1.4,-1.7,80,,,98,15.8,,1026.5,,
2025-03-18 08:00:00,,,,,,,,,,,
2025-03-18 09:00:00,,,,,,,,,,,
2025-03-18 10:00:00,,,,,,,,,,,
2025-03-18 11:00:00,,,,,,,,,,,
2025-03-18 12:00:00,,,,,,,,,,,
2025-03-18 13:00:00,8.8,-6.2,34,,,102,20.5,,1025.7,,
2025-03-18 14:00:00,,,,,,,,,,,
2025-03-18 15:00:00,,,,,,,,,,,
2025-03-18 16:00:00,,,,,,,,,,,
2025-03-18 17:00:00,,,,,,,,,,,
2025-03-18 18:00:00,,,,,,,,,,,
2025-03-18 19:00:00,5.4,-7.4,39,,,100,16.6,,1024.5,,
2025-03-18 20:00:00,,,,,,,,,,,
2025-03-18 21:00:00,,,,,,,,,,,
2025-03-18 22:00:00,,,,,,,,,,,
2025-03-18 23:00:00,,,,,,,,,,,
2025-03-19 00:00:00,,,,,,,,,,,
2025-03-19 01:00:00,1.2,-9.7,44,,,103,13.7,,1025.1,,
2025-03-19 02:00:00,,,,,,,,,,,
2025-03-19 03:00:00,,,,,,,,,,,
2025-03-19 04:00:00,,,,,,,,,,,
2025-03-19 05:00:00,,,,,,,,,,,
2025-03-19 06:00:00,,,,,,,,,,,
2025-03-19 07:00:00,-0.7,-8.6,55,,,104,14,,1024.8,,
2025-03-19 08:00:00,,,,,,,,,,,
2025-03-19 09:00:00,,,,,,,,,,,
2025-03-19 10:00:00,,,,,,,,,,,
2025-03-19 11:00:00,,,,,,,,,,,
2025-03-19 12:00:00,,,,,,,,,,,
2025-03-19 13:00:00,9.4,-3.5,40,,,106,14,,1022.8,,
2025-03-19 14:00:00,,,,,,,,,,,
2025-03-19 15:00:00,,,,,,,,,,,
2025-03-19 16:00:00,,,,,,,,,,,
2025-03-19 17:00:00,,,,,,,,,,,
2025-03-19 18:00:00,,,,,,,,,,,
2025-03-19 19:00:00,7.1,-1.8,53,,,94,12.2,,1021.4,,
2025-03-19 20:00:00,,,,,,,,,,,
2025-03-19 21:00:00,,,,,,,,,,,
2025-03-19 22:00:00,,,,,,,,,,,
2025-03-19 23:00:00,,,,,,,,,,,
2025-03-20 00:00:00,,,,,,,,,,,
2025-03-20 01:00:00,2.5,-4.9,58,,,106,15.1,,1022.4,,
2025-03-20 02:00:00,,,,,,,,,,,
2025-03-20 03:00:00,,,,,,,,,,,
2025-03-20 04:00:00,,,,,,,,,,,
2025-03-20 05:00:00,,,,,,,,,,,
2025-03-20 06:00:00,,,,,,,,,,,
2025-03-20 07:00:00,-1.2,-4.9,76,,,94,6.5,,1023.2,,
2025-03-20 08:00:00,,,,,,,,,,,
2025-03-20 09:00:00,,,,,,,,,,,
2025-03-20 10:00:00,,,,,,,,,,,
2025-03-20 11:00:00,,,,,,,,,,,
2025-03-20 12:00:00,,,,,,,,,,,
2025-03-20 13:00:00,11.6,2.6,54,,,176,4,,1022.3,,
2025-03-20 14:00:00,,,,,,,,,,,
2025-03-20 15:00:00,,,,,,,,,,,
2025-03-20 16:00:00,,,,,,,,,,,
2025-03-20 17:00:00,,,,,,,,,,,
2025-03-20 18:00:00,,,,,,,,,,,
2025-03-20 19:00:00,9.4,4,69,,,128,8.6,,1021.5,,
2025-03-20 20:00:00,,,,,,,,,,,
2025-03-20 21:00:00,,,,,,,,,,,
2025-03-20 22:00:00,,,,,,,,,,,
2025-03-20 23:00:00,,,,,,,,,,,
2025-03-21 00:00:00,,,,,,,,,,,
2025-03-21 01:00:00,7.5,2.4,70,,,122,9,,1022.6,,
2025-03-21 02:00:00,,,,,,,,,,,
2025-03-21 03:00:00,,,,,,,,,,,
2025-03-21 04:00:00,,,,,,,,,,,
2025-03-21 05:00:00,,,,,,,,,,,
2025-03-21 06:00:00,,,,,,,,,,,
2025-03-21 07:00:00,6.3,4.3,87,,,132,6.5,,1023.8,,
2025-03-21 08:00:00,,,,,,,,,,,
2025-03-21 09:00:00,,,,,,,,,,,
2025-03-21 10:00:00,,,,,,,,,,,
2025-03-21 11:00:00,,,,,,,,,,,
2025-03-21 12:00:00,,,,,,,,,,,
2025-03-21 13:00:00,11.4,7.3,76,,,171,7.6,,1024.9,,
2025-03-21 14:00:00,20.5,7.8,44,,,116,16.2,,1014.3,,
2025-03-21 15:00:00,20.9,6,38,0,,115,16.6,,1013.2,,3
2025-03-21 16:00:00,20.4,6.3,40,0,,110,16.2,,1012.4,,3
2025-03-21 17:00:00,18.8,6.6,45,0,,100,16.2,,1011.9,,3
2025-03-21 18:00:00,17.2,6.1,48,0,,99,17.3,,1011.5,,3
2025-03-21 19:00:00,15.7,5.3,50,0,,103,18.4,,1011.4,,3
2025-03-21 20:00:00,14.7,5.8,55,0,,104,19.8,,1011.1,,3
2025-03-21 21:00:00,13.9,5.5,57,0,,103,21.2,,1010.6,,3
2025-03-21 22:00:00,13.4,4.8,56,0,,106,23,,1010.1,,3
2025-03-21 23:00:00,12.8,4.2,56,0,,104,23.4,,1009.3,,3
2025-03-22 00:00:00,12.4,4.4,58,0,,102,21.2,,1008.5,,3
2025-03-22 01:00:00,11.9,3.9,58,0,,104,21.2,,1007.6,,3
2025-03-22 02:00:00,11.3,3.3,58,0,,103,20.2,,1007.5,,3
2025-03-22 03:00:00,10.7,3.3,60,0,,108,17.6,,1007.1,,3
2025-03-22 04:00:00,9.9,3.2,63,0,,113,16.9,,1007.1,,3
2025-03-22 05:00:00,9.9,3.2,63,0,,100,14.8,,1006.3,,3
2025-03-22 06:00:00,8.8,2.8,66,0,,116,11.2,,1006.8,,3
2025-03-22 07:00:00,8.7,3.5,70,0,,140,7.9,,1007.1,,3
2025-03-22 08:00:00,9.1,4.5,73,0,,184,9,,1008.2,,3
2025-03-22 09:00:00,9.3,5.3,76,0,,62,4.3,,1008.5,,3
2025-03-22 10:00:00,10.7,6.8,77,0.2,,99,4.3,,1008.2,,7
2025-03-22 11:00:00,13.1,7.5,69,0,,115,6.1,,1008,,3
2025-03-22 12:00:00,13.7,7.9,68,0,,84,5.4,,1007.1,,3
2025-03-22 13:00:00,16,8.7,62,0,,147,6.5,,1006.4,,1
2025-03-22 14:00:00,16.8,8.5,58,0,,146,7.2,,1005.6,,1
2025-03-22 15:00:00,18.1,7.8,51,0,,184,4,,1005,,1
2025-03-22 16:00:00,17.6,7.3,51,0,,263,4.3,,1004,,3
2025-03-22 17:00:00,17.4,8,54,0,,110,6.5,,1003.6,,3
2025-03-22 18:00:00,15.7,8.9,64,0,,106,7.9,,1003.3,,2
2025-03-22 19:00:00,13.8,8,68,0,,91,9.7,,1003.1,,3
2025-03-22 20:00:00,12.8,7.5,70,0,,74,12.2,,1003.2,,3
2025-03-22 21:00:00,11.9,7.6,75,0,,116,9,,1003,,3
2025-03-22 22:00:00,11.7,7.4,75,0,,44,11.2,,1002.6,,3
2025-03-22 23:00:00,11.6,7.3,75,0,,82,11.9,,1002,,3
2025-03-23 00:00:00,10.7,7.4,80,0.3,,72,11.5,,1002.1,,8
2025-03-23 01:00:00,10,7.6,85,0.3,,54,10.8,,1001.9,,8
2025-03-23 02:00:00,9.3,6.9,85,0,,68,11.5,,1001.2,,3
2025-03-23 03:00:00,8.5,7,90,0,,7,10.4,,1000.8,,3
2025-03-23 04:00:00,7.9,7,94,0,,16,9,,1000.9,,3
2025-03-23 05:00:00,7.8,6.7,93,0,,162,6.1,,1001.9,,3
2025-03-23 06:00:00,7.5,6.1,91,0,,205,4.7,,1002.5,,3
2025-03-23 07:00:00,7.2,6.3,94,0,,218,4,,1003,,3
2025-03-23 08:00:00,8.6,7.4,92,0.8,,244,7.2,,1004,,8
2025-03-23 09:00:00,9.2,7.8,91,5.8,,300,6.5,,1004.8,,9
2025-03-23 10:00:00,9.2,7.5,89,4.2,,326,7.2,,1005.7,,9
2025-03-23 11:00:00,12.2,8.9,80,1.6,,273,13.3,,1005.4,,9
2025-03-23 12:00:00,12.9,8.2,73,0.1,,259,15.8,,1005.6,,7
2025-03-23 13:00:00,13.4,6.5,63,0,,252,13.7,,1005.3,,3
2025-03-23 14:00:00,14.7,6.8,59,0,,243,15.1,,1005.5,,3
2025-03-23 15:00:00,15.1,7.1,59,0,,248,16.6,,1005.4,,3
2025-03-23 16:00:00,14.5,8.7,68,0,,298,8.3,,1005.9,,3
2025-03-23 17:00:00,14.7,8.2,65,0,,348,5.8,,1005.8,,3
2025-03-23 18:00:00,13.6,9.1,74,0,,57,4.7,,1006.1,,3
2025-03-23 19:00:00,11.4,8.4,82,0,,68,6.5,,1007,,3
2025-03-23 20:00:00,10.2,8.1,87,0,,86,4.7,,1007.7,,3
2025-03-23 21:00:00,9.7,8,89,0,,116,4,,1008.6,,3
2025-03-23 22:00:00,9.3,7.2,87,0,,128,3.6,,1008.9,,3
2025-03-23 23:00:00,8.6,6.7,88,0,,103,1.8,,1009.4,,3
2025-03-24 00:00:00,8,6.1,88,0,,71,1.8,,1009.7,,3
2025-03-24 01:00:00,7.9,6,88,0,,39,1.4,,1009.7,,3
2025-03-24 02:00:00,7.4,5.7,89,0,,193,1.8,,1010.1,,3
2025-03-24 03:00:00,6.5,5.6,94,0,,110,2.5,,1010.3,,3
2025-03-24 04:00:00,6,5.1,94,0,,112,2.9,,1010.3,,2
2025-03-24 05:00:00,5.7,4.8,94,0,,134,2.9,,1010.7,,3
2025-03-24 06:00:00,5.1,4.5,96,0,,142,3.2,,1011,,3
2025-03-24 07:00:00,5.5,4.9,96,0,,122,2.2,,1011.6,,3
2025-03-24 08:00:00,7.6,6.9,95,0,,54,1.8,,1012.4,,2
2025-03-24 09:00:00,9.8,8.4,91,0,,282,2.9,,1012.9,,2
2025-03-24 10:00:00,11.5,8.5,82,0,,292,5.4,,1013.3,,3
2025-03-24 11:00:00,13.3,8.6,73,0,,304,7.9,,1013.6,,3
2025-03-24 12:00:00,14.8,8.7,67,0,,317,7.9,,1013.5,,2
2025-03-24 13:00:00,15.7,8.9,64,0,,320,7.2,,1013.4,,2
2025-03-24 14:00:00,16,7.7,58,0,,321,9.4,,1013.4,,3
2025-03-24 15:00:00,16.3,7,54,0,,327,10.1,,1013.1,,2
2025-03-24 16:00:00,16.2,6.6,53,0,,324,10.8,,1013.2,,2
2025-03-24 17:00:00,16.1,6.5,53,0,,332,9.7,,1013.5,,2
2025-03-24 18:00:00,14.7,8.4,66,0,,303,4.7,,1014,,2
2025-03-24 19:00:00,12.5,6.8,68,0,,321,6.5,,1014.7,,3
2025-03-24 20:00:00,11.2,6.5,73,0,,8,6.5,,1015.5,,2
2025-03-24 21:00:00,10,6.7,80,0,,49,4.7,,1016.2,,2
2025-03-24 22:00:00,8.7,6.3,85,0,,51,4.7,,1016.8,,2
2025-03-24 23:00:00,8.2,6.3,88,0,,350,5,,1017.6,,2
2025-03-25 00:00:00,7.8,6.1,89,0,,3,5.4,,1017.8,,1
2025-03-25 01:00:00,7.3,5.9,91,0,,4,5.8,,1018,,1
2025-03-25 02:00:00,7,5.8,92,0,,354,6.1,,1018.1,,2
2025-03-25 03:00:00,6.8,5.7,93,0,,350,5.8,,1018.2,,2
2025-03-25 04:00:00,6.6,6,96,0,,352,7.2,,1018.2,,1
2025-03-25 05:00:00,5.8,5.5,98,0,,352,5.8,,1018.3,,1
2025-03-25 06:00:00,5.3,5.2,99,0,,350,5.8,,1018.5,,1
2025-03-25 07:00:00,6.1,5.8,98,0,,345,8.3,,1019.2,,1
2025-03-25 08:00:00,8.2,7.3,94,0,,336,11.5,,1019.8,,2
2025-03-25 09:00:00,10.6,8.5,87,0,,341,11.5,,1019.9,,3
2025-03-25 10:00:00,11.9,8.9,82,0,,342,10.1,,1020,,3
2025-03-25 11:00:00,12.9,9,77,0,,330,9,,1020.2,,3
2025-03-25 12:00:00,14,8.8,71,0,,318,7.9,,1019.9,,3
2025-03-25 13:00:00,14.6,8.5,67,0,,309,9,,1019.4,,2
2025-03-25 14:00:00,14.7,7.7,63,0,,316,9.7,,1018.9,,2
2025-03-25 15:00:00,15.2,7.2,59,0,,316,10.1,,1018.2,,1
2025-03-25 16:00:00,15.1,7.1,59,0,,332,10.1,,1017.8,,2
2025-03-25 17:00:00,14.6,7.4,62,0,,343,10.1,,1017.6,,3
2025-03-25 18:00:00,13.7,8.5,71,0,,10,6.1,,1017.9,,3
2025-03-25 19:00:00,11.9,7.4,74,0,,41,6.5,,1018.5,,3
2025-03-25 20:00:00,11,6.9,76,0,,360,8.3,,1019.5,,3
2025-03-25 21:00:00,10.5,5.7,72,0,,351,13,,1020.3,,3
2025-03-25 22:00:00,9.7,5.3,74,0,,344,13.3,,1020.6,,3
2025-03-25 23:00:00,8.6,5,78,0,,347,10.8,,1020.4,,3
2025-03-26 00:00:00,7.2,4.7,84,0,,349,8.3,,1020.8,,3
2025-03-26 01:00:00,6.8,4.6,86,0,,351,6.8,,1020.7,,3
2025-03-26 02:00:00,6.1,4.4,89,0,,358,5,,1020.7,,3
2025-03-26 03:00:00,6.1,4.4,89,0,,16,4.3,,1020.5,,3
2025-03-26 04:00:00,6.4,4.7,89,0,,336,3.6,,1020.2,,3
2025-03-26 05:00:00,6.5,4.7,88,0,,329,3.6,,1020.3,,3
2025-03-26 06:00:00,6.6,4.8,88,0,,300,4,,1020.3,,3
2025-03-26 07:00:00,6.8,5.1,89,0.1,,324,5.8,,1020.7,,7
2025-03-26 08:00:00,7.8,5.9,88,0,,329,6.5,,1021.2,,3
2025-03-26 09:00:00,7.9,6,88,0,,341,7.6,,1021.5,,3
2025-03-26 10:00:00,8.8,7.3,90,0,,349,9.4,,1021.6,,3
2025-03-26 11:00:00,9.5,7.3,86,0,,356,9.7,,1021.8,,3
2025-03-26 12:00:00,9.8,7.4,85,0,,360,10.1,,1021.6,,3
2025-03-26 13:00:00,10.4,7.1,80,0,,360,10.1,,1021.5,,3
2025-03-26 14:00:00,11.2,6.9,75,0,,352,10.8,,1021.2,,3
2025-03-26 15:00:00,11,7.1,77,0,,345,13,,1021,,3
2025-03-26 16:00:00,11,6.7,75,0,,350,13,,1020.9,,3
2025-03-26 17:00:00,11,5.3,68,0,,1,11.5,,1020.8,,3
2025-03-26 18:00:00,10.5,5.5,71,0,,7,7.9,,1021.2,,3
2025-03-26 19:00:00,8.7,4.3,74,0,,32,7.2,,1021.8,,3
2025-03-26 20:00:00,6.7,3.3,79,0,,51,5.4,,1022.4,,1
2025-03-26 21:00:00,6.3,3.1,80,0,,36,6.8,,1022.4,,1
2025-03-26 22:00:00,5.9,2.9,81,0,,29,8.3,,1022.6,,1
2025-03-26 23:00:00,5.6,2.9,83,0,,32,8.6,,1023.1,,1
2025-03-27 00:00:00,5.1,2.8,85,0,,27,8.6,,1023,,1
2025-03-27 01:00:00,4.6,2.6,87,0,,23,8.3,,1022.8,,1
2025-03-27 02:00:00,4,2.4,89,0,,27,7.9,,1022.7,,1
2025-03-27 03:00:00,3.5,2,90,0,,31,7.9,,1022.4,,1
2025-03-27 04:00:00,3.1,1.6,90,0,,35,7.2,,1022.1,,1
2025-03-27 05:00:00,2.5,1.3,92,0,,36,6.5,,1022.1,,1
2025-03-27 06:00:00,2.6,1.6,93,0,,29,6.1,,1022.3,,1
2025-03-27 07:00:00,2.9,2,94,0,,19,7.2,,1022.6,,1
2025-03-27 08:00:00,4.7,3.2,90,0,,5,5.8,,1022.9,,1
2025-03-27 09:00:00,7.3,4.3,81,0,,324,4.7,,1022.9,,1
2025-03-27 10:00:00,9.8,5,72,0,,55,7.6,,1022.4,,1
2025-03-27 11:00:00,12,3.2,55,0,,68,12.2,,1021.6,,3
2025-03-27 12:00:00,13.3,2.8,49,0,,70,13.7,,1020.9,,3
2025-03-27 13:00:00,14,2.9,47,0,,69,14.4,,1020.2,,2
2025-03-27 14:00:00,14.6,3.4,47,0,,69,12.2,,1019.5,,2
2025-03-27 15:00:00,14.8,3.6,47,0,,66,11.5,,1018.9,,1
2025-03-27 16:00:00,14.8,3.6,47,0,,68,10.4,,1018.3,,1
2025-03-27 17:00:00,14.3,3.7,49,0,,86,9.7,,1017.8,,1
2025-03-27 18:00:00,12.6,6,64,0,,94,5.8,,1018,,1
2025-03-27 19:00:00,10.2,5,70,0,,79,7.2,,1018.4,,1
2025-03-27 20:00:00,9.2,4.2,71,0,,70,10.1,,1018.7,,1
2025-03-27 21:00:00,8.5,3.5,71,0,,66,10.1,,1018.3,,1
2025-03-27 22:00:00,6.9,3.3,78,0,,94,8.6,,1018.2,,1
2025-03-27 23:00:00,5.8,3.3,84,0,,109,8.3,,1018.2,,1
2025-03-28 00:00:00,5.2,2.9,85,0,,100,8.3,,1017.8,,1
2025-03-28 01:00:00,4.4,2.6,88,0,,97,7.9,,1017.4,,1
2025-03-28 02:00:00,3.5,2.2,91,0,,78,7.2,,1016.8,,1
2025-03-28 03:00:00,3.5,2.2,91,0,,64,6.8,,1016.3,,1
2025-03-28 04:00:00,2.8,1.8,93,0,,65,5.8,,1015.7,,1
2025-03-28 05:00:00,2.3,1.4,94,0,,70,6.1,,1015.2,,1
2025-03-28 06:00:00,1.9,1.2,95,0,,78,7.2,,1014.7,,2
2025-03-28 07:00:00,2.5,1.6,94,0,,100,8.6,,1014.9,,5
2025-03-28 08:00:00,5.3,3.5,88,0,,164,7.2,,1015.1,,5
2025-03-28 09:00:00,8,4.2,77,0,,239,5,,1015.2,,2
2025-03-28 10:00:00,10.3,4.9,69,0,,285,4.7,,1014.7,,1
2025-03-28 11:00:00,12.1,5,62,0,,20,4.7,,1013.9,,1
2025-03-28 12:00:00,13.5,4.9,56,0,,13,4.3,,1012.7,,1
2025-03-28 13:00:00,14.2,4.5,52,0,,129,4.3,,1011.7,,1
2025-03-28 14:00:00,15,4.7,50,0,,157,5.4,,1010.7,,1
2025-03-28 15:00:00,15.3,4.4,48,0,,209,5,,1009.7,,1
2025-03-28 16:00:00,15.2,4.8,50,0,,281,8.3,,1009,,1
2025-03-28 17:00:00,14.6,5.4,54,0,,289,8.6,,1008.9,,2
2025-03-28 18:00:00,13.3,7.3,67,0,,292,6.5,,1009.1,,2
2025-03-28 19:00:00,10.7,5.7,71,0,,5,3.6,,1009.5,,3
2025-03-28 20:00:00,9.5,6,79,0,,35,4,,1009.7,,2
2025-03-28 21:00:00,9,5.9,81,0,,57,4.7,,1009.6,,3
2025-03-28 22:00:00,8.7,6,83,0,,73,4.3,,1009.4,,3
2025-03-28 23:00:00,9.9,5.9,76,0,,68,3.2,,1009.2,,3
2025-03-29 00:00:00,9.1,5.7,79,0,,239,4,,1009.5,,3
2025-03-29 01:00:00,8.2,5.5,83,0,,304,6.1,,1009.6,,3
2025-03-29 02:00:00,7.6,5.1,84,0,,325,7.6,,1009.5,,3
2025-03-29 03:00:00,7.7,4.8,82,0,,336,9,,1009.5,,3
2025-03-29 04:00:00,7.8,4.7,81,0,,338,11.9,,1010.1,,3
2025-03-29 05:00:00,7.4,4.7,83,0,,335,14,,1010.5,,3
2025-03-29 06:00:00,7.3,4.8,84,0,,342,15.5,,1011.3,,3
2025-03-29 07:00:00,7.5,4.8,83,0,,346,16.6,,1012.4,,3
2025-03-29 08:00:00,8.4,5.2,80,0,,346,17.6,,1013.5,,3
2025-03-29 09:00:00,9.2,5.4,77,0,,352,23,,1014.6,,3
2025-03-29 10:00:00,10,6,76,0,,0,22.7,,1015.3,,3
2025-03-29 11:00:00,11.1,6,71,0,,359,20.9,,1015.9,,3
2025-03-29 12:00:00,12.8,5.7,62,0,,358,18.4,,1016.2,,3
2025-03-29 13:00:00,13.4,5.3,58,0,,353,17.6,,1016.3,,3
2025-03-29 14:00:00,13.7,5.1,56,0,,352,17.6,,1016.6,,2
2025-03-29 15:00:00,13.5,5.1,57,0,,351,17.6,,1016.8,,3
2025-03-29 16:00:00,13.2,4.9,57,0,,352,16.9,,1017,,3
2025-03-29 17:00:00,12.7,4.1,56,0,,350,16.2,,1017.5,,3
2025-03-29 18:00:00,12,4.7,61,0,,334,10.8,,1018,,2
2025-03-29 19:00:00,11.1,3.6,60,0,,325,15.1,,1018.8,,3
2025-03-29 20:00:00,10.3,2.9,60,0,,334,12.6,,1019.5,,3
2025-03-29 21:00:00,8.4,2.8,68,0,,343,10.1,,1020.1,,1
2025-03-29 22:00:00,7.1,3.2,76,0,,351,7.6,,1020.3,,1
2025-03-29 23:00:00,6.1,2.9,80,0,,330,7.6,,1020.4,,1
2025-03-30 00:00:00,5.4,2.7,83,0,,331,7.9,,1020.7,,1
2025-03-30 01:00:00,4.9,2.4,84,0,,342,7.2,,1020.8,,1
2025-03-30 03:00:00,4.3,1.8,84,0,,350,5.8,,1020.6,,2
2025-03-30 04:00:00,3.9,1.4,84,0,,0,4,,1020.2,,1
2025-03-30 05:00:00,3.6,1.2,84,0,,239,4.7,,1020,,1
2025-03-30 06:00:00,3.6,1.5,86,0,,190,7.2,,1019.5,,1
2025-03-30 07:00:00,3.2,0.9,85,0,,188,9.7,,1019.5,,3
2025-03-30 08:00:00,3.6,1,83,0,,197,11.5,,1019.5,,2
2025-03-30 09:00:00,5.4,2.4,81,0,,192,11.5,,1019.6,,2
2025-03-30 10:00:00,7.3,2.4,71,0,,201,14,,1019,,2
2025-03-30 11:00:00,9.2,2.7,64,0,,210,18,,1018.5,,3
2025-03-30 12:00:00,10.3,2.6,59,0,,232,21.6,,1017.8,,3
2025-03-30 13:00:00,10.7,2,55,0,,249,21.2,,1017.7,,3
2025-03-30 14:00:00,9.7,3.9,67,0.3,,252,19.4,,1017.6,,8
2025-03-30 15:00:00,10.7,4.2,64,0,,265,22.7,,1017.2,,3
2025-03-30 16:00:00,10.5,4.8,68,0,,266,20.2,,1017.3,,3
2025-03-30 17:00:00,11.6,4.3,61,0,,269,21.2,,1016.3,,3
2025-03-30 18:00:00,11.4,4.6,63,0,,254,19.1,,1016.2,,3
2025-03-30 19:00:00,11,5.3,68,0,,254,18.4,,1016.6,,3
2025-03-30 20:00:00,9.4,6.5,82,0.5,,275,15.5,,1017.5,,17
2025-03-30 21:00:00,8.6,5.9,83,0.1,,274,16.2,,1018.8,,17
2025-03-30 22:00:00,8.2,4.2,76,0,,288,14.8,,1019,,2
2025-03-30 23:00:00,7.7,3.2,73,0,,289,13.3,,1019.3,,2
2025-03-31 00:00:00,7,3.2,77,0,,283,13.3,,1019.9,,3
2025-03-31 01:00:00,6.7,3.3,79,0,,277,11.9,,1020.3,,3
2025-03-31 02:00:00,6.9,3.3,78,0,,272,12.6,,1020.5,,3
2025-03-31 03:00:00,6.6,3,78,0,,267,13,,1020.3,,3
2025-03-31 04:00:00,6.5,2.9,78,0,,279,13.3,,1020.2,,3
2025-03-31 05:00:00,6.4,3,79,0,,294,14,,1020.4,,3
2025-03-31 06:00:00,6.1,3.1,81,0,,309,14.8,,1020.9,,3
2025-03-31 07:00:00,6.3,3.3,81,0,,317,14.4,,1021.5,,3
2025-03-31 08:00:00,6.2,3.2,81,0,,318,13,,1022.2,,3
2025-03-31 09:00:00,6.8,3.2,78,0,,320,13.3,,1023,,3
2025-03-31 10:00:00,7.9,3.2,72,0,,333,18.4,,1023.6,,3
2025-03-31 11:00:00,8.7,2.9,67,0.1,,336,18,,1024,,17
2025-03-31 12:00:00,9,2.6,64,0,,341,16.2,,1024.4,,3
2025-03-31 13:00:00,9.9,2.3,59,0,,342,16.6,,1024.4,,3
2025-03-31 14:00:00,10.4,1.5,54,0,,344,16.9,,1024.3,,3
2025-03-31 15:00:00,11.1,1.3,51,0,,345,17.3,,1024.3,,3
2025-03-31 16:00:00,11.3,1,49,0,,345,16.6,,1024.2,,3
2025-03-31 17:00:00,11.6,0.4,46,0,,352,16.9,,1024.2,,3
2025-03-31 18:00:00,11.3,1,49,0,,2,13.3,,1024.3,,3
2025-03-31 19:00:00,10.7,1.5,53,0,,19,11.5,,1024.8,,3
2025-03-31 20:00:00,9.1,1.3,58,0,,27,9.7,,1025.6,,3
2025-03-31 21:00:00,7.7,1.1,63,0,,32,9,,1026.6,,3
2025-03-31 22:00:00,6.4,1.3,70,0,,37,7.9,,1026.6,,2
2025-03-31 23:00:00,5.6,1.5,75,0,,37,7.9,,1026.9,,2
2025-04-01 00:00:00,5,1.7,79,0,,34,7.2,,1026.9,,2
2025-04-01 01:00:00,4.7,1.5,80,0,,36,7.9,,1026.7,,2
2025-04-01 02:00:00,4.2,1.2,81,0,,37,8.6,,1026.4,,1
2025-04-01 03:00:00,4.9,1.2,77,0,,36,9.7,,1026.1,,1
2025-04-01 04:00:00,4.5,1.2,79,0,,42,9.4,,1025.6,,1
2025-04-01 05:00:00,3.9,0.9,81,0,,50,9,,1025.5,,1
2025-04-01 06:00:00,3.5,0.7,82,0,,52,9.7,,1025.1,,1
2025-04-01 07:00:00,3.5,0.9,83,0,,48,11.5,,1025.3,,1
2025-04-01 08:00:00,4.2,1.4,82,0,,43,13.7,,1025.3,,1
2025-04-01 09:00:00,5.8,1.9,76,0,,40,12.6,,1025.7,,1
2025-04-01 10:00:00,7.5,1.1,64,0,,56,19.4,,1025.5,,1
2025-04-01 11:00:00,8.4,0.9,59,0,,69,22,,1025.3,,2
2025-04-01 12:00:00,9.2,0.4,54,0,,75,22,,1024.8,,3
2025-04-01 13:00:00,10.2,0.8,52,0,,79,20.9,,1024.3,,3
2025-04-01 14:00:00,10.9,0.9,50,0,,80,21.6,,1023.9,,3
2025-04-01 15:00:00,11.6,0.4,46,0,,79,22.3,,1023.5,,3
2025-04-01 16:00:00,11.8,0.6,46,0,,77,24.1,,1023,,3
2025-04-01 17:00:00,11.4,1.1,49,0,,75,23.4,,1022.7,,3
2025-04-01 18:00:00,11.6,1.8,51,0,,66,22.3,,1022.2,,3
2025-04-01 19:00:00,11.2,2,53,0,,58,18.7,,1022.4,,2
2025-04-01 20:00:00,10,1.4,55,0,,50,17.6,,1022.6,,1
2025-04-01 21:00:00,9.1,0.8,56,0,,50,18.7,,1022.8,,1
2025-04-01 22:00:00,8.4,0.4,57,0,,55,20.2,,1022.9,,1
2025-04-01 23:00:00,7.7,0.4,60,0,,62,20.2,,1023,,1
2025-04-02 00:00:00,7.3,0.5,62,0,,66,20.2,,1023,,2
2025-04-02 01:00:00,7.1,0.5,63,0,,72,20.9,,1022.9,,3
2025-04-02 02:00:00,7.1,0.5,63,0,,75,21.6,,1022.5,,3
2025-04-02 03:00:00,7,0.7,64,0,,73,22,,1022.2,,3
2025-04-02 04:00:00,7.1,1,65,0,,77,20.9,,1021.6,,2
2025-04-02 05:00:00,6.9,1.2,67,0,,77,21.2,,1021.2,,1
2025-04-02 06:00:00,6.8,1.5,69,0,,79,21.2,,1021,,1
2025-04-02 07:00:00,6.7,1.8,71,0,,79,21.2,,1021.1,,1
2025-04-02 08:00:00,7.2,2.3,71,0,,80,22,,1021.3,,1
2025-04-02 09:00:00,9.2,3.4,67,0,,84,25.6,,1021.3,,1
2025-04-02 10:00:00,10.7,3.9,63,0,,81,22.3,,1021.3,,1
2025-04-02 11:00:00,12.6,4.3,57,0,,80,23.4,,1020.9,,1
2025-04-02 12:00:00,14,4.6,53,0,,83,23.4,,1020.5,,1
2025-04-02 13:00:00,15.2,4.3,48,0,,94,28.4,,1020,,1
2025-04-02 14:00:00,15.8,3.9,45,0,,93,28.1,,1019.6,,3
2025-04-02 15:00:00,16.4,3.8,43,0,,89,29.2,,1019.3,,3
2025-04-02 16:00:00,15.9,4,45,0,,90,27,,1018.9,,3
2025-04-02 17:00:00,15.9,4.3,46,0,,97,24.5,,1018.7,,3
2025-04-02 18:00:00,15.6,4.6,48,0,,101,23,,1018.6,,3
2025-04-02 19:00:00,14.9,5.7,54,0,,94,19.8,,1018.7,,3
2025-04-02 20:00:00,13.6,5.2,57,0,,85,20.5,,1019.3,,3
2025-04-02 21:00:00,12.7,4.6,58,0,,79,19.4,,1019.8,,3
2025-04-02 22:00:00,12.4,4.1,57,0,,88,20.5,,1020.2,,3
2025-04-02 23:00:00,11.8,3.8,58,0,,90,20.5,,1020.7,,2
2025-04-03 00:00:00,11,3.8,61,0,,83,19.1,,1021,,2
2025-04-03 01:00:00,10.3,3.8,64,0,,85,16.9,,1021.4,,2
2025-04-03 02:00:00,9.7,3.7,66,0,,86,15.5,,1021.6,,3
2025-04-03 03:00:00,9.4,3.6,67,0,,83,15.1,,1021.6,,3
2025-04-03 04:00:00,9,3.4,68,0,,79,15.8,,1021.7,,3
2025-04-03 05:00:00,8.7,3.1,68,0,,80,16.6,,1021.7,,3
2025-04-03 06:00:00,8.5,3.3,70,0,,85,17.6,,1021.7,,2
2025-04-03 07:00:00,8.3,2.9,69,0,,88,19.1,,1022.1,,1
2025-04-03 08:00:00,9,3.4,68,0,,94,19.1,,1022.6,,1
2025-04-03 09:00:00,10.4,4.3,66,0,,97,15.8,,1023.1,,2
2025-04-03 10:00:00,11.9,4.6,61,0,,100,18,,1023.5,,2
2025-04-03 11:00:00,13.7,5.1,56,0,,103,15.8,,1023.7,,2
2025-04-03 12:00:00,15.3,6,54,0,,104,14.8,,1023.4,,1
2025-04-03 13:00:00,16.7,6.5,51,0,,104,15.5,,1023.2,,1
2025-04-03 14:00:00,17.8,6.9,49,0,,104,15.8,,1022.7,,1
2025-04-03 15:00:00,18.6,6.7,46,0,,104,15.8,,1022.4,,1
2025-04-03 16:00:00,18.9,6,43,0,,103,15.5,,1021.9,,1
2025-04-03 17:00:00,18.6,5.4,42,0,,99,15.1,,1021.6,,1
2025-04-03 18:00:00,18.1,6,45,0,,101,12.2,,1021.6,,1
2025-04-03 19:00:00,16.6,7,53,0,,100,10.1,,1021.8,,1
2025-04-03 20:00:00,14,7.1,63,0,,66,9,,1022.1,,1
2025-04-03 21:00:00,12.6,6.6,67,0,,61,9,,1022.6,,1
2025-04-03 22:00:00,12.2,5.1,62,0,,73,11.2,,1022.8,,1
2025-04-03 23:00:00,11.7,4.2,60,0,,84,12.2,,1022.9,,1
2025-04-04 00:00:00,11,4.5,64,0,,91,12.6,,1023,,1
2025-04-04 01:00:00,10.3,4.7,68,0,,93,12.6,,1022.7,,1
2025-04-04 02:00:00,9.8,4.8,71,0,,95,13.7,,1022.2,,1
2025-04-04 03:00:00,9.3,4.3,71,0,,89,14,,1021.8,,1
2025-04-04 04:00:00,9,4,71,0,,90,13.7,,1021.6,,1
2025-04-04 05:00:00,8.3,3.7,73,0,,95,13,,1021.4,,1
2025-04-04 06:00:00,7.3,3.5,77,0,,93,11.9,,1021.5,,1
2025-04-04 07:00:00,5.9,3.1,82,0,,73,10.1,,1021.2,,1
2025-04-04 08:00:00,6.6,3.9,83,0,,68,11.2,,1021.6,,1
2025-04-04 09:00:00,9.2,5.4,77,0,,52,9.4,,1021.6,,1
2025-04-04 10:00:00,12.4,6.4,67,0,,54,9.4,,1021.5,,1
2025-04-04 11:00:00,15.1,7.1,59,0,,74,9.7,,1021,,1
2025-04-04 12:00:00,17.3,7.3,52,0,,79,9.7,,1020.4,,1
2025-04-04 13:00:00,18.7,6.5,45,0,,89,11.5,,1019.5,,1
2025-04-04 14:00:00,19.6,6,41,0,,96,12.6,,1018.9,,1
2025-04-04 15:00:00,20.1,6.8,42,0,,96,12.2,,1018.2,,1
2025-04-04 16:00:00,20.3,7,42,0,,97,11.9,,1017.5,,1
2025-04-04 17:00:00,20.2,6.9,42,0,,96,12.2,,1016.6,,1
2025-04-04 18:00:00,19.7,8.1,47,0,,100,9.7,,1016,,1
2025-04-04 19:00:00,17.9,9.8,59,0,,89,9,,1016,,1
2025-04-04 20:00:00,15.4,8.6,64,0,,63,9.4,,1016.3,,1
2025-04-04 21:00:00,14,7.5,65,0,,60,11.5,,1016.5,,1
2025-04-04 22:00:00,13.2,6.8,65,0,,65,11.2,,1016,,1
2025-04-04 23:00:00,12.2,6.5,68,0,,74,10.8,,1015.9,,1
2025-04-05 00:00:00,11,6.3,73,0,,77,11.2,,1015.8,,1
2025-04-05 01:00:00,10.2,6,75,0,,87,10.1,,1015.7,,1
2025-04-05 02:00:00,9.3,5.7,78,0,,96,9.4,,1015.6,,1
2025-04-05 03:00:00,8.6,4.8,77,0,,39,6.1,,1015.2,,1
2025-04-05 04:00:00,7.9,4.7,80,0,,53,4,,1014.9,,1
2025-04-05 05:00:00,7.3,4.4,82,0,,49,4.7,,1014.8,,1
2025-04-05 06:00:00,6.7,4.4,85,0,,78,4.3,,1014.8,,1
2025-04-05 07:00:00,6.1,4.4,89,0,,85,5,,1015.1,,1
2025-04-05 08:00:00,7.2,5.2,87,0,,74,5.4,,1015.4,,2
2025-04-05 09:00:00,9.9,7.1,83,0,,312,2.9,,1015.9,,1
2025-04-05 10:00:00,12.5,7.8,73,0,,266,2.9,,1015.9,,1
2025-04-05 11:00:00,14.7,8.9,68,0,,280,5.4,,1015.7,,1
2025-04-05 12:00:00,16.6,9.5,63,0,,286,6.5,,1015.3,,1
2025-04-05 13:00:00,18,10.1,60,0,,300,8.3,,1014.8,,1
2025-04-05 14:00:00,19.4,9.6,53,0,,315,10.8,,1014.3,,1
2025-04-05 15:00:00,20,7.7,45,0,,336,14.4,,1014,,2
2025-04-05 16:00:00,19.5,7.6,46,0,,349,14.8,,1013.6,,3
2025-04-05 17:00:00,18.8,7.2,47,0,,352,15.8,,1013.4,,3
2025-04-05 18:00:00,18,7.1,49,0,,359,15.8,,1013.4,,3
2025-04-05 19:00:00,16.2,7.4,56,0,,22,17.3,,1014,,3
2025-04-05 20:00:00,13.9,3.4,49,0,,33,17.3,,1015.1,,3
2025-04-05 21:00:00,12.1,2.3,51,0,,52,18.4,,1016.7,,3
2025-04-05 22:00:00,10.1,1,53,0,,55,16.9,,1017.7,,2
2025-04-05 23:00:00,9.7,0.6,53,0,,58,16.6,,1018.2,,1
2025-04-06 00:00:00,8.4,0.4,57,0,,62,15.5,,1019.3,,1
2025-04-06 01:00:00,7.5,-0.2,58,0,,65,15.5,,1019.9,,1
2025-04-06 02:00:00,6.9,-0.6,59,0,,63,16.6,,1020.6,,1
2025-04-06 03:00:00,6.1,-1.1,60,0,,68,17.6,,1020.9,,1
2025-04-06 04:00:00,5.6,-1.8,59,0,,71,18,,1021.1,,1
2025-04-06 05:00:00,4.7,-2.6,59,0,,71,18.7,,1021.5,,2
2025-04-06 06:00:00,3.7,-3.8,58,0,,71,19.1,,1022,,1
2025-04-06 07:00:00,2.8,-5.6,54,0,,72,19.4,,1022.6,,1
2025-04-06 08:00:00,2.9,-6.2,51,0,,74,20.2,,1023.6,,1
2025-04-06 09:00:00,3.9,-6.4,47,0,,74,19.1,,1024.3,,1
2025-04-06 10:00:00,5.4,-6.5,42,0,,78,19.4,,1024.5,,1
2025-04-06 11:00:00,6.6,-7,37,0,,80,19.8,,1024.6,,1
2025-04-06 12:00:00,7.6,-6.5,36,0,,83,18.4,,1024.5,,1
2025-04-06 13:00:00,8.5,-5.7,36,0,,82,16.6,,1024.2,,1
2025-04-06 14:00:00,9.4,-4.9,36,0,,80,15.5,,1024.1,,1
2025-04-06 15:00:00,10.2,-4.2,36,0,,77,14.8,,1023.6,,1
2025-04-06 16:00:00,10.6,-4.2,35,0,,73,14.8,,1023,,1
2025-04-06 17:00:00,10.5,-4.3,35,0,,70,15.1,,1022.7,,1
2025-04-06 18:00:00,9.8,-3.8,38,0,,68,15.8,,1022.7,,1
2025-04-06 19:00:00,8.8,-3.1,43,0,,68,13.3,,1022.7,,1
2025-04-06 20:00:00,7,-3.3,48,0,,67,11.9,,1023.3,,1
2025-04-06 21:00:00,5.7,-3.1,53,0,,65,11.5,,1024.1,,1
2025-04-06 22:00:00,4.9,-2.7,58,0,,66,11.5,,1024.6,,1
2025-04-06 23:00:00,4.3,-2.8,60,0,,69,12.6,,1024.8,,1
2025-04-07 00:00:00,3.6,-3.2,61,0,,76,14.4,,1025,,1
2025-04-07 01:00:00,3,-3.8,61,0,,76,15.1,,1025.1,,1
2025-04-07 02:00:00,2.4,-4.3,61,0,,78,15.1,,1025,,1
2025-04-07 03:00:00,1.8,-4.3,64,0,,81,14.8,,1024.6,,1
2025-04-07 04:00:00,1.4,-4.2,66,0,,84,14.8,,1024.5,,1
2025-04-07 05:00:00,1.6,-4.5,64,0,,81,13,,1024.1,,1
2025-04-07 06:00:00,1.2,-4.6,65,0,,75,12.6,,1024.2,,1
2025-04-07 07:00:00,1,-4.6,66,0,,73,13.7,,1024.7,,1
2025-04-07 08:00:00,2.3,-4,63,0,,79,14.8,,1025.2,,1
2025-04-07 09:00:00,4.1,-3.2,59,0,,89,13.3,,1025.5,,1
2025-04-07 10:00:00,6,-3.6,50,0,,96,14.8,,1025.7,,1
2025-04-07 11:00:00,7.5,-4.3,43,0,,101,14.8,,1026,,1
2025-04-07 12:00:00,8.7,-3.5,42,0,,99,14.4,,1025.9,,1
2025-04-07 13:00:00,10,-2.6,41,0,,94,14,,1025.5,,1
2025-04-07 14:00:00,11.1,-2,40,0,,98,13.3,,1025,,1
2025-04-07 15:00:00,11.6,-2.2,38,0,,100,13.3,,1024.8,,1
2025-04-07 16:00:00,11.9,-1.6,39,0,,100,13,,1024.3,,1
2025-04-07 17:00:00,12.1,-1.4,39,0,,95,11.9,,1024,,1
2025-04-07 18:00:00,11.8,-1.4,40,0,,91,11.9,,1024.1,,1
2025-04-07 19:00:00,10.9,-0.6,45,0,,87,11.9,,1024.5,,1
2025-04-07 20:00:00,8.8,-0.5,52,0,,67,10.8,,1025.2,,1
2025-04-07 21:00:00,7.5,-0.7,56,0,,61,10.8,,1026,,1
2025-04-07 22:00:00,6.6,-1.1,58,0,,69,9.7,,1026.5,,1
2025-04-07 23:00:00,5.8,-0.9,62,0,,71,9.4,,1026.4,,1
2025-04-08 00:00:00,5.1,-0.9,65,0,,83,9.7,,1026.7,,1
2025-04-08 01:00:00,5.1,-1.4,63,0,,96,11.2,,1026.6,,1
2025-04-08 02:00:00,4.4,-1.4,66,0,,91,10.4,,1026.7,,1
2025-04-08 03:00:00,3.7,-1.3,70,0,,90,10.1,,1026.6,,1
2025-04-08 04:00:00,3.1,-1.3,73,0,,90,10.1,,1026.5,,1
2025-04-08 05:00:00,2.5,-1.1,77,0,,93,10.1,,1026.6,,1
2025-04-08 06:00:00,2.6,-1.4,75,0,,86,10.8,,1026.2,,1
2025-04-08 07:00:00,1.9,-1.2,80,0,,80,10.4,,1026.5,,1
2025-04-08 08:00:00,3.2,-0.4,77,0,,59,10.4,,1027.2,,1
2025-04-08 09:00:00,6.3,1,69,0,,36,7.6,,1027.4,,1
2025-04-08 10:00:00,9.2,0.6,55,0,,88,6.5,,1027.8,,2
2025-04-08 11:00:00,11.1,0.5,48,0,,118,9.7,,1028,,2
2025-04-08 12:00:00,12.4,-0.5,41,0,,113,13.3,,1027.8,,3
2025-04-08 13:00:00,13.1,0.1,41,0,,112,13.3,,1027.2,,3
2025-04-08 14:00:00,14.2,0.8,40,0,,114,11.5,,1026.7,,3
2025-04-08 15:00:00,15.3,0.7,37,0,,118,10.4,,1025.9,,3
2025-04-08 16:00:00,15.4,0.4,36,0,,99,9,,1025.1,,3
2025-04-08 17:00:00,15.5,0.5,36,0,,94,11.2,,1024.2,,3
2025-04-08 18:00:00,14.6,0.8,39,0,,105,12.2,,1023.9,,3
2025-04-08 19:00:00,13.4,2.3,47,0,,120,10.4,,1024.1,,3
2025-04-08 20:00:00,11.4,2.9,56,0,,77,9.7,,1024.4,,3
2025-04-08 21:00:00,10,1.1,54,0,,64,11.5,,1024.9,,3
2025-04-08 22:00:00,8.9,0.4,55,0,,71,9.4,,1024.1,,3
2025-04-08 23:00:00,8.3,-0.2,55,0,,84,10.8,,1023.8,,3
2025-04-09 00:00:00,7.4,-0.1,59,0,,89,11.5,,1023.6,,3
2025-04-09 01:00:00,6.8,-0.2,61,0,,90,11.5,,1023.5,,3
2025-04-09 02:00:00,6,0.1,66,0,,99,11.2,,1023.4,,3
2025-04-09 03:00:00,5,0.6,73,0,,81,9.7,,1023.2,,3
2025-04-09 04:00:00,4.1,0.8,79,0,,58,7.9,,1023,,3
2025-04-09 05:00:00,3.4,0.8,83,0,,69,6.8,,1022.9,,3
2025-04-09 06:00:00,2.8,0.7,86,0,,81,6.8,,1022.9,,3
2025-04-09 07:00:00,2.6,1,89,0,,83,7.6,,1023,,3
2025-04-09 08:00:00,4.2,1.7,84,0,,72,8.3,,1022.8,,3
2025-04-09 09:00:00,7.2,2.9,74,0,,80,4.7,,1023.2,,3
2025-04-09 10:00:00,9.8,2.6,61,0,,293,3.6,,1023.5,,2
2025-04-09 11:00:00,11.9,2.6,53,0,,297,4.3,,1023.4,,2
2025-04-09 12:00:00,13.6,2.8,48,0,,298,6.5,,1023.2,,3
2025-04-09 13:00:00,14.8,2.3,43,0,,294,9.7,,1022.8,,1
2025-04-09 14:00:00,15.2,2,41,0,,301,10.4,,1022.7,,2
2025-04-09 15:00:00,15.8,2.2,40,0,,316,11.2,,1022.4,,2
2025-04-09 16:00:00,16.5,1.8,37,0,,336,12.6,,1022,,2
2025-04-09 17:00:00,16.3,0.4,34,0,,350,14.4,,1021.9,,3
2025-04-09 18:00:00,15.7,1.4,38,0,,357,13,,1022.2,,2
2025-04-09 19:00:00,14.6,1.8,42,0,,356,10.1,,1022.6,,1
2025-04-09 20:00:00,12.5,2.1,49,0,,2,9.7,,1023.3,,1
2025-04-09 21:00:00,10.7,2.8,58,0,,61,7.6,,1023.8,,1
2025-04-09 22:00:00,9.3,3.3,66,0,,90,6.5,,1024.2,,1
2025-04-09 23:00:00,8.1,3.7,74,0,,59,5,,1024.3,,3
2025-04-10 00:00:00,7.5,3.5,76,0,,16,6.8,,1025,,3
2025-04-10 01:00:00,7.4,3.1,74,0,,7,10.4,,1025.2,,3
2025-04-10 02:00:00,7.5,3,73,0,,8,10.8,,1025.7,,3
2025-04-10 03:00:00,7.1,3.5,78,0,,5,9,,1025.7,,3
2025-04-10 04:00:00,7,3.4,78,0,,354,9.4,,1025.8,,3
2025-04-10 05:00:00,6.4,3.4,81,0,,349,9.4,,1025.8,,3
2025-04-10 06:00:00,5.6,3.3,85,0,,353,9.4,,1026,,3
2025-04-10 07:00:00,5,3.3,89,0,,356,9.4,,1026.7,,3
2025-04-10 08:00:00,5.6,3.4,86,0,,357,9,,1027.6,,3
2025-04-10 09:00:00,6.9,3.1,77,0,,358,10.8,,1028.1,,2
2025-04-10 10:00:00,8.2,2.9,69,0,,349,10.4,,1027.9,,2
2025-04-10 11:00:00,9.2,2.7,64,0,,349,10.4,,1028.1,,3
2025-04-10 12:00:00,10,2.8,61,0,,348,10.1,,1028,,3
2025-04-10 13:00:00,10.9,2.5,56,0,,344,9.7,,1027.8,,3
2025-04-10 14:00:00,11.2,3,57,0,,334,10.1,,1027.6,,3
2025-04-10 15:00:00,11.8,3.3,56,0,,334,10.1,,1027.3,,3
2025-04-10 16:00:00,12.1,3.6,56,0,,335,9.7,,1026.7,,3
2025-04-10 17:00:00,12.1,3.6,56,0,,329,9.4,,1026.2,,3
2025-04-10 18:00:00,12.1,3.6,56,0,,331,9,,1026,,1
2025-04-10 19:00:00,11.8,3.8,58,0,,341,7.6,,1025.6,,1
2025-04-10 20:00:00,10.3,4.4,67,0,,330,5.8,,1025.7,,1
2025-04-10 21:00:00,9.3,4.1,70,0,,15,4,,1025.9,,1
2025-04-10 22:00:00,8.1,3.7,74,0,,97,4,,1025.9,,1
2025-04-10 23:00:00,6.9,3.7,80,0,,88,3.2,,1026,,1
2025-04-11 00:00:00,5.9,3.1,82,0,,350,4,,1026,,1
2025-04-11 01:00:00,5.5,3,84,0,,347,4.3,,1025.8,,1
2025-04-11 02:00:00,5,2.9,86,0,,344,4.3,,1025.5,,1
2025-04-11 03:00:00,4.7,2.7,87,0,,346,2.9,,1025.1,,1
2025-04-11 04:00:00,4.4,2.6,88,0,,328,1.4,,1024.5,,1
2025-04-11 05:00:00,4.3,2.5,88,0,,212,0.7,,1023.9,,1
2025-04-11 06:00:00,4.1,2.5,89,0,,26,1.1,,1023.6,,1
2025-04-11 07:00:00,3.9,2.1,88,0,,31,1.8,,1023.7,,1
2025-04-11 08:00:00,5.5,3.5,87,0,,210,2.2,,1023.9,,1
2025-04-11 09:00:00,7.4,3.8,78,0,,266,2.5,,1024,,1
2025-04-11 10:00:00,9.1,3.9,70,0,,266,5,,1023.7,,1
2025-04-11 11:00:00,11.3,4.5,63,0,,268,6.5,,1023.3,,1
2025-04-11 12:00:00,13.1,4.8,57,0,,268,6.8,,1022.7,,2
2025-04-11 13:00:00,14.8,5,52,0,,301,7.2,,1022.3,,1
2025-04-11 14:00:00,16.1,4.5,46,0,,307,7.6,,1021.6,,1
2025-04-11 15:00:00,17,4,42,0,,306,8.3,,1021,,1
2025-04-11 16:00:00,17.5,4.1,41,0,,309,9,,1020.1,,1
2025-04-11 17:00:00,17.7,4.3,41,0,,326,9.7,,1019.4,,2
2025-04-11 18:00:00,17.4,5.3,45,0,,335,8.6,,1019.1,,2
2025-04-11 19:00:00,16.3,7.2,55,0,,334,7.2,,1018.9,,2
2025-04-11 20:00:00,14.2,6.3,59,0,,358,4.3,,1018.9,,1
2025-04-11 21:00:00,12.9,5.3,60,0,,6,5.8,,1019.4,,2
2025-04-11 22:00:00,12.1,5.3,63,0,,13,6.5,,1019.6,,3
2025-04-11 23:00:00,10.8,5.5,70,0,,30,5.4,,1019.5,,3
2025-04-12 00:00:00,9.3,5.3,76,0,,46,5,,1019.1,,3
2025-04-12 01:00:00,8.5,4.7,77,0,,51,5,,1018.1,,3
2025-04-12 02:00:00,7.3,4.4,82,0,,76,8.6,,1017.9,,3
2025-04-12 03:00:00,6.5,4.3,86,0,,94,10.1,,1017.4,,3
2025-04-12 04:00:00,6.2,4.2,87,0,,95,10.4,,1016.9,,2
2025-04-12 05:00:00,6,4.2,88,0,,86,10.1,,1016.4,,2
2025-04-12 06:00:00,6.4,3.6,82,0,,72,10.8,,1015.4,,1
2025-04-12 07:00:00,6,3.5,84,0,,82,10.8,,1015.2,,1
2025-04-12 08:00:00,7.9,4.3,78,0,,87,11.9,,1015.3,,1
2025-04-12 09:00:00,11.1,5.6,69,0,,104,9.7,,1015.1,,3
2025-04-12 10:00:00,14,5.6,57,0,,99,10.8,,1014.7,,3
2025-04-12 11:00:00,16.7,5.3,47,0,,106,10.8,,1014,,3
2025-04-12 12:00:00,18.6,4.7,40,0,,107,11.5,,1013.3,,2
2025-04-12 13:00:00,20,4.5,36,0,,109,12.2,,1012.5,,3
2025-04-12 14:00:00,20.8,4.8,35,0,,104,13.3,,1011.7,,3
2025-04-12 15:00:00,21.3,6,37,0,,111,13,,1011.1,,3
2025-04-12 16:00:00,21.2,6.3,38,0,,121,11.9,,1010.5,,3
2025-04-12 17:00:00,21,6.9,40,0,,113,11.5,,1009.6,,3
2025-04-12 18:00:00,20.6,7.6,43,0,,104,11.2,,1008.6,,3
2025-04-12 19:00:00,19.2,8.8,51,0,,95,10.1,,1008,,3
2025-04-12 20:00:00,17.1,8.5,57,0,,93,12.6,,1007.7,,3
2025-04-12 21:00:00,16.4,7.6,56,0,,97,14.4,,1007.1,,1
2025-04-12 22:00:00,15.6,7.6,59,0,,111,13.3,,1007,,3
2025-04-12 23:00:00,14.4,7.9,65,0,,119,13.3,,1007.2,,1
2025-04-13 00:00:00,14.1,7.8,66,0,,121,13.7,,1006.9,,3
2025-04-13 01:00:00,12.8,7.7,71,0,,126,10.1,,1007.1,,3
2025-04-13 02:00:00,12,7.7,75,0,,123,8.3,,1007.2,,3
2025-04-13 03:00:00,12.3,8.2,76,0,,115,6.8,,1006.7,,3
2025-04-13 04:00:00,12.2,8.3,77,0,,144,8.3,,1006.6,,3
2025-04-13 05:00:00,12.2,8.1,76,0,,146,10.1,,1006.6,,3
2025-04-13 06:00:00,12.7,7.8,72,0,,181,13.3,,1006.8,,3
2025-04-13 07:00:00,12.4,8.1,75,0,,183,13.3,,1007.1,,3
2025-04-13 08:00:00,12.5,8.8,78,0.3,,200,15.1,,1008.1,,8
2025-04-13 09:00:00,12.6,9.6,82,0.8,,213,15.5,,1008.6,,8
2025-04-13 10:00:00,13.4,10.2,81,1,,216,12.2,,1009,,9
2025-04-13 11:00:00,13.4,10.8,84,0.4,,205,13.7,,1009.1,,8
2025-04-13 12:00:00,17.3,9.2,59,0,,231,21.2,,1008.5,,3
2025-04-13 13:00:00,17.8,8.9,56,0,,229,20.2,,1008.7,,3
2025-04-13 14:00:00,18,8.8,55,0,,227,18,,1008.5,,3
2025-04-13 15:00:00,18.9,8.8,52,0,,225,17.3,,1007.9,,3
2025-04-13 16:00:00,19.1,8.4,50,0,,224,17.3,,1007.5,,3
2025-04-13 17:00:00,19.6,8,47,0,,223,15.8,,1006.9,,3
2025-04-13 18:00:00,19.7,7.7,46,0,,234,14.8,,1006.7,,3
2025-04-13 19:00:00,18.3,8.6,53,0,,243,11.5,,1006.9,,3
2025-04-13 20:00:00,16.4,9.3,63,0,,239,7.6,,1007.8,,3
2025-04-13 21:00:00,15.1,9.5,69,0,,251,7.6,,1008.7,,3
2025-04-13 22:00:00,13.8,9,73,0,,239,7.9,,1009.9,,3
2025-04-13 23:00:00,13.6,9.1,74,0,,243,4.7,,1010.2,,3
2025-04-14 00:00:00,13.1,9,76,0,,225,6.1,,1010.4,,3
2025-04-14 01:00:00,12.3,8.9,80,0,,200,6.1,,1010.5,,3
2025-04-14 02:00:00,11.7,8.7,82,0,,189,5,,1010.4,,3
2025-04-14 03:00:00,11.2,7.7,79,0,,209,5,,1010.7,,3
2025-04-14 04:00:00,10.8,7.9,82,0,,169,7.2,,1011,,3
2025-04-14 05:00:00,11.1,7.8,80,0,,153,7.6,,1010.7,,3
2025-04-14 06:00:00,10.4,8,85,0,,149,6.8,,1010.9,,3
2025-04-14 07:00:00,10.3,8.2,87,0,,138,6.8,,1011.1,,3
2025-04-14 08:00:00,11.5,8.7,83,0,,128,6.1,,1011.7,,3
2025-04-14 09:00:00,12.9,8.8,76,0,,125,4.7,,1011.7,,3
2025-04-14 10:00:00,15,8.7,66,0,,140,6.8,,1011.5,,3
2025-04-14 11:00:00,16.8,8.2,57,0,,139,8.3,,1011.3,,1
2025-04-14 12:00:00,18.1,8.1,52,0,,140,9,,1010.8,,1
2025-04-14 13:00:00,18.9,7.6,48,0,,154,5.8,,1010.1,,1
2025-04-14 14:00:00,19.9,7.3,44,0,,129,7.2,,1009.4,,2
2025-04-14 15:00:00,20.2,7.2,43,0,,121,10.8,,1008.8,,3
2025-04-14 16:00:00,20,7.4,44,0,,120,13,,1007.9,,3
2025-04-14 17:00:00,19.7,7.4,45,0,,120,14.4,,1007.2,,3
2025-04-14 18:00:00,19.3,6.7,44,0,,119,13.7,,1006.3,,2
2025-04-14 19:00:00,18.5,8.2,51,0,,115,13,,1005.9,,2
2025-04-14 20:00:00,16.9,8.8,59,0,,101,11.9,,1006,,3
2025-04-14 21:00:00,15.5,8.9,65,0,,76,11.9,,1005.9,,2
2025-04-14 22:00:00,15.1,8.6,65,0,,71,14,,1005.3,,3
2025-04-14 23:00:00,14.6,8.8,68,0,,81,14.4,,1004.6,,2
2025-04-15 00:00:00,13.9,8.9,72,0,,88,13,,1004.1,,3
2025-04-15 01:00:00,13.4,8.9,74,0,,85,12.2,,1003.3,,3
2025-04-15 02:00:00,12.8,8.7,76,0,,86,9.7,,1002.6,,3
2025-04-15 03:00:00,11.9,8.6,80,0,,5,6.8,,1001.9,,2
2025-04-15 04:00:00,11.2,8.4,83,0,,357,5.4,,1001.5,,3
2025-04-15 05:00:00,10.4,8.5,88,0,,49,7.2,,1000.8,,3
2025-04-15 06:00:00,9.8,8.4,91,0,,55,7.9,,1000.2,,3
2025-04-15 07:00:00,10.1,8.9,92,0,,44,6.1,,1000.1,,3
2025-04-15 08:00:00,11.2,9.3,88,0,,27,6.5,,999.8,,3
2025-04-15 09:00:00,13.2,9.6,79,0,,259,3.2,,999.7,,3
2025-04-15 10:00:00,15.3,10.3,72,0,,232,4,,999.5,,2
2025-04-15 11:00:00,17,10.6,66,0,,227,4.7,,999.2,,2
2025-04-15 12:00:00,18.6,10.7,60,0,,236,6.5,,999.2,,3
2025-04-15 13:00:00,19.4,11.2,59,0,,238,10.1,,999.1,,3
2025-04-15 14:00:00,19.7,11.2,58,0,,220,11.5,,999.2,,3
2025-04-15 15:00:00,16.8,12.5,76,1,,226,20.2,,1000,,9
2025-04-15 16:00:00,16.5,13,80,0.6,,228,12.6,,1000.3,,8
2025-04-15 17:00:00,16.1,12.6,80,0.2,,212,8.6,,1000.2,,7
2025-04-15 18:00:00,17,12.3,74,0,,193,7.6,,1000.4,,3
2025-04-15 19:00:00,16.8,12.3,75,0,,179,8.6,,1000.7,,3
2025-04-15 20:00:00,15.5,12.6,83,0,,147,7.6,,1001.4,,3
2025-04-15 21:00:00,14.3,12,86,0,,128,8.6,,1002.2,,1
2025-04-15 22:00:00,14.4,12.3,87,0,,128,9,,1002.7,,3
2025-04-15 23:00:00,13.9,11.9,88,0,,126,9,,1003.1,,3
2025-04-16 00:00:00,13.1,11.3,89,0,,138,7.9,,1003.7,,3
2025-04-16 01:00:00,12.5,10.9,90,0,,170,7.9,,1004.6,,2
2025-04-16 02:00:00,12.1,10.7,91,0,,219,7.2,,1005.1,,2
2025-04-16 03:00:00,11.5,9.9,90,0,,185,5.4,,1005.3,,3
2025-04-16 04:00:00,11.2,9.8,91,0,,168,6.1,,1005.9,,3
2025-04-16 05:00:00,10.6,9.5,93,0,,173,6.8,,1006.1,,3
2025-04-16 06:00:00,10.4,9.5,94,0,,180,4.7,,1006.7,,3
2025-04-16 07:00:00,11.1,10,93,0,,284,5,,1007.3,,3
2025-04-16 08:00:00,11.8,10.4,91,0,,305,6.5,,1008.1,,3
2025-04-16 09:00:00,12.7,9.3,80,0,,312,7.6,,1008.6,,3
2025-04-16 10:00:00,13.3,8.8,74,0,,313,8.3,,1009.2,,3
2025-04-16 11:00:00,14.3,8.5,68,0,,321,8.6,,1009.6,,3
2025-04-16 12:00:00,14.8,8.1,64,0,,321,10.8,,1009.6,,3
2025-04-16 13:00:00,15.3,7.6,60,0,,314,12.2,,1009.4,,3
2025-04-16 14:00:00,15.9,7.4,57,0,,312,12.2,,1009.5,,3
2025-04-16 15:00:00,16,7.5,57,0,,320,12.6,,1009.4,,3
2025-04-16 16:00:00,15.8,7.6,58,0,,325,13.3,,1009.3,,3
2025-04-16 17:00:00,15.1,7.6,61,0,,322,14.8,,1008.9,,3
2025-04-16 18:00:00,14.5,7.5,63,0,,314,14,,1008.7,,3
2025-04-16 19:00:00,13.9,7.4,65,0,,314,14.8,,1008.5,,3
2025-04-16 20:00:00,13,6.6,65,0,,322,14,,1008.4,,3
2025-04-16 21:00:00,12.2,6,66,0.1,,318,13,,1008.6,,7
2025-04-16 22:00:00,11.4,7.3,76,0.6,,316,13.3,,1008.5,,8
2025-04-16 23:00:00,10.9,7.4,79,0,,309,14,,1008.5,,3
2025-04-17 00:00:00,10.7,7.6,81,0.3,,321,15.1,,1008.1,,8
2025-04-17 01:00:00,10.4,7.1,80,0,,330,16.6,,1007.6,,3
2025-04-17 02:00:00,10.2,6.7,79,0,,323,14.4,,1007.4,,3
2025-04-17 03:00:00,10.2,6.7,79,0,,334,13.7,,1006.8,,3
2025-04-17 04:00:00,10.3,7.4,82,0,,338,13,,1006.7,,3
2025-04-17 05:00:00,10.4,7.5,82,0,,327,10.8,,1006.9,,3
2025-04-17 06:00:00,10.3,7.5,83,0,,336,11.2,,1006.3,,3
2025-04-17 07:00:00,10.4,7.6,83,0,,338,8.6,,1006.4,,3
2025-04-17 08:00:00,10.7,7.9,83,0,,329,10.1,,1006.4,,3
2025-04-17 09:00:00,11.2,8.1,81,0,,330,11.5,,1007,,3
2025-04-17 10:00:00,12,8.7,80,0,,346,13.3,,1006.7,,3
2025-04-17 11:00:00,12.5,9.1,80,0,,344,15.8,,1006.5,,3
2025-04-17 12:00:00,13.3,9.5,78,0,,350,16.6,,1006.6,,3
2025-04-17 13:00:00,14.1,9.5,74,0,,359,16.9,,1006.5,,3
2025-04-17 14:00:00,15.2,9.8,70,0,,358,17.3,,1006,,3
2025-04-17 15:00:00,12.9,7.8,71,0,,354,13.7,,1007.2,,3
2025-04-17 16:00:00,12.5,7.6,72,0,,335,13,,1007.3,,3
2025-04-17 17:00:00,12.3,7.6,73,0,,329,13.3,,1007.6,,3
2025-04-17 18:00:00,11.9,7.4,74,0,,304,13.7,,1007.8,,3
2025-04-17 19:00:00,10.9,7.9,82,0.7,,287,13,,1008.5,,8
2025-04-17 20:00:00,9.6,8.7,94,1.2,,295,7.9,,1011.5,,9
2025-04-17 21:00:00,10,7.8,86,0.4,,286,13.7,,1009.4,,8
2025-04-17 22:00:00,9.4,8,91,0.6,,278,11.9,,1010.4,,8
2025-04-17 23:00:00,9,8.2,95,0.4,,270,12.2,,1010.9,,8
2025-04-18 00:00:00,8.8,8.2,96,0.3,,270,10.4,,1011.1,,8
2025-04-18 01:00:00,8.9,8.1,95,0,,262,10.1,,1011.5,,3
2025-04-18 02:00:00,7.8,6.6,92,0,,319,6.5,,1013.7,,3
2025-04-18 03:00:00,8.6,8,96,0.1,,245,12.2,,1012,,7
2025-04-18 04:00:00,8.4,8,97,0.3,,262,12.2,,1012.5,,8
2025-04-18 05:00:00,8.2,7.8,97,0.3,,284,10.8,,1012.9,,8
2025-04-18 06:00:00,8,7.1,94,0.2,,298,11.9,,1013,,7
2025-04-18 07:00:00,7.7,6.8,94,0,,306,11.5,,1013.6,,3
2025-04-18 08:00:00,7.7,6.8,94,0,,220,8.6,,1014.5,,3
2025-04-18 09:00:00,7.5,5.8,89,0.1,,299,11.5,,1015.1,,7
2025-04-18 10:00:00,7.6,5.2,85,0,,301,10.8,,1015.3,,3
2025-04-18 11:00:00,8.5,4.7,77,0,,310,10.8,,1015.6,,3
2025-04-18 12:00:00,9.2,4.4,72,0,,300,10.4,,1016,,3
2025-04-18 13:00:00,9.6,4.4,70,0,,293,10.4,,1016,,3
2025-04-18 14:00:00,11.6,6.5,71,0,,252,9,,1013.9,,3
2025-04-18 15:00:00,10.2,4.3,67,0,,287,7.9,,1015.3,,3
2025-04-18 16:00:00,10.7,4.2,64,0,,278,7.6,,1014.8,,3
2025-04-18 17:00:00,10.9,4.1,63,0,,278,7.9,,1014.4,,3
2025-04-18 18:00:00,11.4,4.4,62,0,,282,10.8,,1013.9,,3
2025-04-18 19:00:00,11.1,4.5,64,0,,277,8.3,,1013.9,,3
2025-04-18 20:00:00,11.3,6.8,74,0,,240,4.3,,1012.7,,3
2025-04-18 21:00:00,10.2,6.2,76,0,,280,3.2,,1014.1,,3
2025-04-18 22:00:00,9.7,5.7,76,0,,26,2.5,,1013.9,,3
2025-04-18 23:00:00,8.8,5.2,78,0,,88,2.9,,1013.9,,3
2025-04-19 00:00:00,7.9,5.4,84,0,,98,3.6,,1013.6,,3
2025-04-19 01:00:00,6.9,4.9,87,0,,129,4.7,,1013.5,,2
2025-04-19 02:00:00,6,4.8,92,0,,138,3.6,,1012.1,,1
2025-04-19 03:00:00,5.7,4.2,90,0,,96,6.1,,1012.5,,1
2025-04-19 04:00:00,5.1,4.1,93,0,,92,7.6,,1012.1,,1
2025-04-19 05:00:00,4.5,3.6,94,0,,90,8.6,,1011.6,,1
2025-04-19 06:00:00,4.1,3.4,95,0,,93,8.6,,1011.3,,1
2025-04-19 07:00:00,4,3.3,95,0,,92,9.7,,1011.3,,1
2025-04-19 08:00:00,6.4,5.2,92,0,,72,3.2,,1010.4,,2
2025-04-19 09:00:00,9.2,5.6,78,0,,66,7.2,,1011.2,,3
2025-04-19 10:00:00,11.4,5.5,67,0,,95,8.3,,1010.9,,3
2025-04-19 11:00:00,13.2,5.6,60,0,,107,8.6,,1010.5,,3
2025-04-19 12:00:00,14.7,5.5,54,0,,110,8.3,,1010.2,,3
2025-04-19 13:00:00,15.8,5.4,50,0,,112,7.6,,1009.8,,3
2025-04-19 14:00:00,17.2,6.4,49,0,,153,5,,1008.3,,3
2025-04-19 15:00:00,17.7,5.9,46,0,,118,7.6,,1008.7,,3
2025-04-19 16:00:00,17.8,7.2,50,0,,121,4.3,,1007.6,,3
2025-04-19 17:00:00,17.7,7.4,51,0,,120,5.8,,1006.9,,3
2025-04-19 18:00:00,17.4,8,54,0,,123,8.3,,1006.8,,3
2025-04-19 19:00:00,16.8,8.7,59,0,,111,7.9,,1006.5,,3
2025-04-19 20:00:00,14.8,8.9,68,0,,75,4.7,,1006.8,,3
2025-04-19 21:00:00,13.3,9,75,0,,53,7.2,,1006.5,,3
2025-04-19 22:00:00,12,8.7,80,0,,71,9,,1006.5,,1
2025-04-19 23:00:00,11.2,8.1,81,0,,89,9.7,,1006.2,,1
2025-04-20 00:00:00,10.3,7.5,83,0,,76,9.4,,1006,,1
2025-04-20 01:00:00,9.3,7.2,87,0,,67,9,,1005.7,,1
2025-04-20 02:00:00,9.1,7.5,90,0,,56,2.9,,1007.2,,1
2025-04-20 03:00:00,7.8,6.6,92,0,,58,8.3,,1005.2,,1
2025-04-20 04:00:00,7.2,6.1,93,0,,50,8.6,,1005,,1
2025-04-20 05:00:00,6.9,5.8,93,0,,51,7.9,,1004.7,,2
2025-04-20 06:00:00,6.6,5.5,93,0,,47,7.9,,1004.5,,2
2025-04-20 07:00:00,6.8,5.6,92,0,,49,7.9,,1004.7,,3
2025-04-20 08:00:00,8.7,7.5,92,0,,76,0.7,,1007.4,,3
2025-04-20 09:00:00,11.5,8.2,80,0,,267,3.6,,1005.5,,3
2025-04-20 10:00:00,13.8,8.8,72,0,,234,7.2,,1006.2,,1
2025-04-20 11:00:00,15.5,9.2,66,0,,221,9.4,,1006.6,,1
2025-04-20 12:00:00,16.8,9.5,62,0,,240,12.2,,1007.1,,1
2025-04-20 13:00:00,19.6,8.6,49,0,,260,19.1,,1007.2,,1
2025-04-20 14:00:00,20.6,11.2,55,0,,331,4.7,,1005.2,,2
2025-04-20 15:00:00,19.5,7.6,46,0,,243,24.8,,1007.2,,3
2025-04-20 16:00:00,17.2,4.8,44,0,,233,25.6,,1007.7,,3
2025-04-20 17:00:00,16.2,4.3,45,0,,237,20.9,,1008.4,,3
2025-04-20 18:00:00,15.9,4.9,48,0,,222,11.2,,1008.1,,3
2025-04-20 19:00:00,14.7,5.2,53,0,,224,13.3,,1008.1,,3
2025-04-20 20:00:00,17.9,11.7,67,0,,3,6.5,,1004.6,,1
2025-04-20 21:00:00,11.2,6.7,74,0,,190,6.5,,1009.3,,1
2025-04-20 22:00:00,10.5,6.3,75,0,,127,5.4,,1009.7,,1
2025-04-20 23:00:00,9.6,6.1,79,0,,109,5,,1009.5,,1
2025-04-21 00:00:00,9.1,5.5,78,0,,130,6.8,,1009.4,,1
2025-04-21 01:00:00,8.3,5.1,80,0,,132,6.1,,1009.6,,1
2025-04-21 02:00:00,11.2,8.6,84,0,,329,2.5,,1006,,1
2025-04-21 03:00:00,7,4.7,85,0,,134,6.5,,1009.8,,2
2025-04-21 04:00:00,6.8,4.3,84,0,,128,7.9,,1010,,1
2025-04-21 05:00:00,6.4,4.2,86,0,,135,7.6,,1010.4,,1
2025-04-21 06:00:00,6.2,4,86,0,,120,5,,1010.3,,2
2025-04-21 07:00:00,6.5,4.2,85,0,,121,6.8,,1010.7,,1
2025-04-21 08:00:00,10.5,8.9,90,0,,22,5,,1007.2,,1
2025-04-21 09:00:00,11.1,6.4,73,0,,157,4.7,,1011.5,,2
2025-04-21 10:00:00,13.3,6.4,63,0,,183,3.6,,1011.5,,3
2025-04-21 11:00:00,14.3,6.4,59,0,,203,5.4,,1011.8,,3
2025-04-21 12:00:00,15.2,7.2,59,0,,233,11.5,,1012.3,,3
2025-04-21 13:00:00,14.1,6.9,62,0,,231,13.3,,1012.7,,3
2025-04-21 14:00:00,20.1,11,56,0.3,,356,5.4,,1007.3,,8
2025-04-21 15:00:00,14,7.7,66,0.3,,177,10.4,,1012.7,,8
2025-04-21 16:00:00,14.8,7.3,61,0,,148,10.4,,1012,,3
2025-04-21 17:00:00,15.9,7.6,58,0,,187,17.3,,1011.6,,3
2025-04-21 18:00:00,12.4,9.4,82,3.1,,181,14,,1012.7,,9
2025-04-21 19:00:00,12.8,9.1,78,0,,165,9,,1012.7,,2
2025-04-21 20:00:00,16.9,12.8,77,0,,4,4.7,,1008.4,,3
2025-04-21 21:00:00,11.2,8.9,86,0,,195,10.1,,1014,,3
2025-04-21 22:00:00,10.5,8.6,88,0,,192,9.4,,1014.8,,3
2025-04-21 23:00:00,10.2,8.3,88,0,,204,9.7,,1015,,2
2025-04-22 00:00:00,9.5,8.1,91,0,,204,10.4,,1015.4,,2
2025-04-22 01:00:00,9.1,7.9,92,0.3,,192,9.7,,1016.1,,17
2025-04-22 02:00:00,11.8,10.2,90,0.5,,44,5.8,,1010.8,,17
2025-04-22 03:00:00,8.4,7.8,96,0,,199,11.9,,1016.4,,2
2025-04-22 04:00:00,8.1,7.7,97,0,,201,11.9,,1016.6,,3
2025-04-22 05:00:00,7.8,7.5,98,0,,205,10.8,,1016.9,,2
2025-04-22 06:00:00,7.3,7,98,0,,199,9,,1017.1,,2
2025-04-22 07:00:00,7.6,7.2,97,0,,176,8.6,,1017.4,,3
2025-04-22 08:00:00,11.3,9.9,91,0,,38,2.9,,1013.1,,3
2025-04-22 09:00:00,9.9,8.5,91,0,,200,10.8,,1018.7,,3
2025-04-22 10:00:00,11.8,9.2,84,0,,217,11.9,,1019.1,,3
2025-04-22 11:00:00,13.3,9.2,76,0,,227,9.4,,1019.3,,3
2025-04-22 12:00:00,14.9,8.6,66,0,,237,9,,1018.7,,3
2025-04-22 13:00:00,16.1,8.1,59,0,,246,7.9,,1018.4,,2
2025-04-22 14:00:00,16.7,7.6,55,0,,250,6.5,,1018.1,,2
2025-04-22 15:00:00,17,7.9,55,0,,273,6.8,,1018.3,,2
2025-04-22 16:00:00,17.1,7.7,54,0.1,,276,6.1,,1017.9,,17
2025-04-22 17:00:00,17.1,7.7,54,0,,261,5.4,,1017.5,,3
2025-04-22 18:00:00,17,7.9,55,0,,228,3.6,,1017.5,,2
2025-04-22 19:00:00,16.5,9.2,62,0,,211,3.6,,1017.8,,2
2025-04-22 20:00:00,14.9,10.3,74,0,,215,4,,1018,,3
2025-04-22 21:00:00,13.8,9,73,0,,222,3.2,,1018.6,,3
2025-04-22 22:00:00,12.9,8.8,76,0,,36,4,,1018.6,,3
2025-04-22 23:00:00,12,8.7,80,0,,62,2.2,,1018.8,,2
2025-04-23 00:00:00,10.8,8.2,84,0,,90,2.9,,1018.9,,1
2025-04-23 01:00:00,8.7,7.6,93,0,,106,5.4,,1019,,2
2025-04-23 02:00:00,7.9,7,94,0,,109,6.8,,1018.9,,2
2025-04-23 03:00:00,7.6,6.7,94,0,,87,7.9,,1018.4,,3
2025-04-23 04:00:00,7.3,6.4,94,0,,93,8.6,,1018,,3
2025-04-23 05:00:00,7.3,6.4,94,0,,92,9.7,,1017.4,,3
2025-04-23 06:00:00,8.2,6.2,87,0,,107,10.4,,1016.9,,3
2025-04-23 07:00:00,8.3,6.3,87,0,,111,9.7,,1016.8,,3
2025-04-23 08:00:00,9.8,7.2,84,0,,113,10.8,,1016.7,,3
2025-04-23 09:00:00,12.1,8.2,77,0,,144,7.2,,1016.6,,3
2025-04-23 10:00:00,13.9,8.5,70,0,,164,7.6,,1016.3,,3
2025-04-23 11:00:00,15.7,8.9,64,0,,162,8.3,,1015.7,,1
2025-04-23 12:00:00,17.2,8.9,58,0,,176,7.6,,1014.7,,1
2025-04-23 13:00:00,17.5,9.1,58,0.4,,211,9.7,,1014.1,,17
2025-04-23 14:00:00,17.7,9.8,60,0.1,,285,7.9,,1013.5,,17
2025-04-23 15:00:00,15.9,10.9,72,0.8,,223,9.7,,1013.3,,17
2025-04-23 16:00:00,15.5,10.9,74,0.2,,184,9.4,,1012.5,,7
2025-04-23 17:00:00,14.9,11.1,78,0.4,,241,9.7,,1012.1,,8
2025-04-23 18:00:00,14.2,9.8,75,0.2,,263,11.5,,1012.6,,7
2025-04-23 19:00:00,13.1,9.9,81,0.5,,280,11.9,,1013.2,,8
2025-04-23 20:00:00,11.9,10.1,89,0.7,,272,11.5,,1013.9,,8
2025-04-23 21:00:00,11.3,10.2,93,0.6,,267,8.3,,1014.2,,8
2025-04-23 22:00:00,11.1,10,93,1.1,,249,7.9,,1014.8,,9
2025-04-23 23:00:00,10.7,9.8,94,1.3,,218,8.6,,1015.1,,9
2025-04-24 00:00:00,10.1,9.5,96,1.1,,203,6.8,,1015,,9
2025-04-24 01:00:00,9.4,8.8,96,0.6,,195,7.9,,1015.1,,8
2025-04-24 02:00:00,8.9,8,94,0,,203,9.7,,1015,,3
2025-04-24 03:00:00,8.5,7.7,95,0,,215,8.3,,1014.9,,3
2025-04-24 04:00:00,8.1,7.5,96,0,,213,6.5,,1015.2,,3
2025-04-24 05:00:00,8.5,7.6,94,0.2,,208,5.8,,1015.2,,7
2025-04-24 06:00:00,8.6,7.8,95,0.1,,212,7.2,,1015.3,,7
2025-04-24 07:00:00,8.2,7.3,94,0,,203,8.6,,1015.6,,3
2025-04-24 08:00:00,9,7.9,93,0,,212,12.6,,1016.3,,3
2025-04-24 09:00:00,10.2,7.8,85,0,,234,15.5,,1016.4,,3
2025-04-24 10:00:00,11.5,7,74,0,,245,15.8,,1016.4,,3
2025-04-24 11:00:00,12.7,6.9,68,0,,238,15.8,,1016.3,,3
2025-04-24 12:00:00,13,7,67,0,,236,16.2,,1016.3,,3
2025-04-24 13:00:00,13.8,6.6,62,0.1,,236,14,,1016,,7
2025-04-24 14:00:00,13.7,7.2,65,0.1,,242,14,,1016.1,,17
2025-04-24 15:00:00,14,7.7,66,0,,259,12.6,,1016.1,,3
2025-04-24 16:00:00,13.4,7.8,69,0.3,,272,14.4,,1016,,17
2025-04-24 17:00:00,12.6,8.3,75,0.3,,250,13,,1016,,17
2025-04-24 18:00:00,13.5,8.1,70,0,,285,9.7,,1015.5,,3
2025-04-24 19:00:00,12.8,7.9,72,0.2,,294,9.4,,1015.7,,17
2025-04-24 20:00:00,12.1,9.1,82,0,,273,5.4,,1016.2,,3
2025-04-24 21:00:00,10.6,8.4,86,0,,203,8.3,,1016.6,,3
2025-04-24 22:00:00,10.3,8.4,88,0,,201,9.4,,1016.9,,3
2025-04-24 23:00:00,9.8,8.7,93,0,,189,10.1,,1017.2,,3
2025-04-25 00:00:00,9.2,8.4,95,0,,199,8.3,,1017.2,,3
2025-04-25 01:00:00,8.7,8.3,97,0,,188,7.9,,1017.3,,3
2025-04-25 02:00:00,8.3,8,98,0,,186,5.4,,1017.4,,3
2025-04-25 03:00:00,8.2,7.9,98,0,,172,4.3,,1017,,3
2025-04-25 04:00:00,7.3,7,98,0,,149,4,,1017,,3
2025-04-25 05:00:00,6.9,6.8,99,0,,135,2.9,,1016.9,,5
2025-04-25 06:00:00,6.8,6.7,99,0,,47,2.9,,1017.3,,5
2025-04-25 07:00:00,7.7,7.4,98,0,,43,4.3,,1017.6,,5
2025-04-25 08:00:00,8.5,8.2,98,0,,16,6.8,,1018.3,,5
2025-04-25 09:00:00,9.2,8.3,94,0,,344,7.2,,1018.4,,5
2025-04-25 10:00:00,10.1,9,93,0.3,,349,8.3,,1018.9,,8
2025-04-25 11:00:00,10.7,9.1,90,0.2,,342,10.1,,1019.2,,7
2025-04-25 12:00:00,11.8,9,83,0.2,,345,11.2,,1019.2,,7
2025-04-25 13:00:00,12.4,8.9,79,0.3,,2,14.8,,1019.2,,8
2025-04-25 14:00:00,11.9,9.3,84,0.1,,6,13,,1019.4,,7
2025-04-25 15:00:00,12.5,9,79,0.2,,9,11.5,,1019.3,,7
2025-04-25 16:00:00,13.7,8.5,71,0,,29,11.9,,1019.1,,3
2025-04-25 17:00:00,15,8.5,65,0,,34,12.2,,1018.7,,3
2025-04-25 18:00:00,14.6,8.5,67,0,,43,9.7,,1019,,3
2025-04-25 19:00:00,14.1,9.1,72,0,,32,6.5,,1019,,3
2025-04-25 20:00:00,13.2,9.3,77,0,,94,6.8,,1019.4,,3
2025-04-25 21:00:00,12.4,9.2,81,0,,108,7.9,,1019.9,,3
2025-04-25 22:00:00,11.8,9.2,84,0,,99,9.7,,1020.5,,3
2025-04-25 23:00:00,11.6,8.8,83,0,,92,11.2,,1020.6,,3
2025-04-26 00:00:00,10.4,7.8,84,0,,82,10.4,,1020.7,,3
2025-04-26 01:00:00,9.8,7.4,85,0,,74,10.4,,1020.8,,3
2025-04-26 02:00:00,9.5,7.3,86,0,,44,8.6,,1020.7,,3
2025-04-26 03:00:00,9.3,7.2,87,0,,14,7.2,,1020.6,,3
2025-04-26 04:00:00,9.3,7.2,87,0,,22,7.2,,1020.3,,3
2025-04-26 05:00:00,7.7,6,89,0,,34,7.9,,1020.2,,3
2025-04-26 06:00:00,7.2,5.5,89,0,,62,10.1,,1020.1,,3
2025-04-26 07:00:00,7.8,5.8,87,0,,74,11.5,,1020.3,,3
2025-04-26 08:00:00,9.2,6.6,84,0,,66,10.4,,1020.6,,3
2025-04-26 09:00:00,10.6,7.1,79,0,,56,8.3,,1020.5,,3
2025-04-26 10:00:00,12,8.3,78,0,,46,10.8,,1020.3,,3
2025-04-26 11:00:00,14.2,8.2,67,0,,72,14.8,,1020.1,,3
2025-04-26 12:00:00,15.8,7.3,57,0,,88,19.1,,1019.6,,3
2025-04-26 13:00:00,16,7.5,57,0,,86,18.7,,1019.3,,3
2025-04-26 14:00:00,16.2,8.2,59,0,,90,19.1,,1019.3,,3
2025-04-26 15:00:00,16.2,8.4,60,0,,98,15.5,,1019.6,,3
2025-04-26 16:00:00,16,9,63,0,,91,13,,1019.4,,3
2025-04-26 17:00:00,16.3,8.8,61,0,,61,11.5,,1018.8,,3
2025-04-26 18:00:00,17.4,8,54,0,,66,12.2,,1018.6,,3
2025-04-26 19:00:00,16.6,8,57,0,,62,8.3,,1018.9,,3
2025-04-26 20:00:00,15,8.2,64,0,,48,9.4,,1019.2,,3
2025-04-26 21:00:00,13.9,6.3,60,0,,66,12.6,,1019.8,,3
2025-04-26 22:00:00,13.5,4.9,56,0,,82,11.9,,1020.2,,3
2025-04-26 23:00:00,12.8,5,59,0,,78,13.7,,1020.4,,3
2025-04-27 00:00:00,12.1,4.8,61,0,,62,16.2,,1020.7,,3
2025-04-27 01:00:00,11.1,5.4,68,0,,68,17.3,,1021,,3
2025-04-27 02:00:00,10.9,5.2,68,0,,75,18,,1021.2,,2
2025-04-27 03:00:00,10.4,5,69,0,,76,19.1,,1021.1,,1
2025-04-27 04:00:00,9.8,4.8,71,0,,78,19.1,,1021.3,,1
2025-04-27 05:00:00,9,4.4,73,0,,74,18,,1021.5,,1
2025-04-27 06:00:00,8.7,3.7,71,0,,71,16.2,,1021.7,,3
2025-04-27 07:00:00,8.8,4,72,0,,68,14.8,,1022.3,,3
2025-04-27 08:00:00,10,5,71,0,,61,11.9,,1022.9,,3
2025-04-27 09:00:00,11.6,5.9,68,0,,51,9.7,,1023.5,,3
2025-04-27 10:00:00,13.1,6.4,64,0,,62,10.8,,1023.7,,3
2025-04-27 11:00:00,14.9,7,59,0,,68,10.8,,1023.7,,3
2025-04-27 12:00:00,16.5,7.2,54,0,,61,10.4,,1023.7,,3
2025-04-27 13:00:00,17.8,6.9,49,0,,56,11.2,,1023.3,,3
2025-04-27 14:00:00,18.7,6.2,44,0,,59,11.5,,1023.2,,3
2025-04-27 15:00:00,19.2,5.6,41,0,,61,11.5,,1023.1,,3
2025-04-27 16:00:00,19.2,5.3,40,0,,54,11.5,,1023,,3
2025-04-27 17:00:00,18.9,5.4,41,0,,50,11.2,,1022.7,,3
2025-04-27 18:00:00,18.4,5.6,43,0,,52,10.8,,1023.1,,2
2025-04-27 19:00:00,17.4,7.7,53,0,,59,7.9,,1023.3,,3
2025-04-27 20:00:00,15.4,8.6,64,0,,67,6.5,,1023.9,,3
2025-04-27 21:00:00,13.7,7.5,66,0,,71,7.2,,1024.5,,3
2025-04-27 22:00:00,12.6,6.2,65,0,,59,7.9,,1024.6,,3
2025-04-27 23:00:00,11.7,5.6,66,0,,59,8.3,,1024.8,,3
2025-04-28 00:00:00,10.6,5.4,70,0,,51,7.6,,1024.8,,1
2025-04-28 01:00:00,9.6,5.6,76,0,,40,6.8,,1024.9,,1
2025-04-28 02:00:00,8.6,5.3,80,0,,34,7.2,,1025,,1
2025-04-28 03:00:00,8.3,4.9,79,0,,78,6.8,,1025,,1
2025-04-28 04:00:00,7.6,4.5,81,0,,65,5.4,,1025.2,,1
2025-04-28 05:00:00,7,4.5,84,0,,67,5,,1025.3,,1
2025-04-28 06:00:00,6.5,4.5,87,0,,75,4.3,,1025.4,,1
2025-04-28 07:00:00,6.8,4.8,87,0,,95,5,,1025.5,,1
2025-04-28 08:00:00,8.8,6.2,84,0,,91,5.8,,1026.1,,2
2025-04-28 09:00:00,11.1,7,76,0,,281,2.9,,1026.4,,1
2025-04-28 10:00:00,13.4,7.8,69,0,,295,2.9,,1026.5,,1
2025-04-28 11:00:00,15.5,8.2,62,0,,300,4.7,,1026.4,,1
2025-04-28 12:00:00,17.5,8.4,55,0,,312,7.2,,1025.9,,2
2025-04-28 13:00:00,18.9,8.2,50,0,,316,9,,1025.7,,3
2025-04-28 14:00:00,19.8,8.8,49,0,,325,9.4,,1025.2,,3
2025-04-28 15:00:00,20.5,8.2,45,0,,334,10.4,,1024.7,,3
2025-04-28 16:00:00,20.8,7.1,41,0,,344,11.5,,1024.4,,3
2025-04-28 17:00:00,20.5,5.7,38,0,,351,12.2,,1024,,3
2025-04-28 18:00:00,20.1,5.3,38,0,,356,11.9,,1024,,1
2025-04-28 19:00:00,18.7,7.2,47,0,,352,11.2,,1024.2,,1
2025-04-28 20:00:00,16.6,8,57,0,,6,9.7,,1024.5,,1
2025-04-28 21:00:00,14.5,8.2,66,0,,34,7.2,,1025.2,,1
2025-04-28 22:00:00,13.2,7.6,69,0,,51,6.5,,1025.3,,1
2025-04-28 23:00:00,12,7.1,72,0,,42,7.2,,1025.5,,1
2025-04-29 00:00:00,11.4,7.1,75,0,,37,7.2,,1025.5,,1
2025-04-29 01:00:00,10.6,7.3,80,0,,49,7.2,,1025.4,,1
2025-04-29 02:00:00,9.7,7.3,85,0,,64,7.2,,1025.3,,1
2025-04-29 03:00:00,9.6,6.3,80,0,,61,5.4,,1024.7,,1
2025-04-29 04:00:00,8.8,6.1,83,0,,36,4.3,,1024.9,,1
2025-04-29 05:00:00,8,6,87,0,,49,5,,1025.1,,1
2025-04-29 06:00:00,7.5,5.6,88,0,,75,4.3,,1025,,1
2025-04-29 07:00:00,8,6.3,89,0,,66,4.3,,1025.5,,1
2025-04-29 08:00:00,10.3,8.2,87,0,,16,4,,1026,,2
2025-04-29 09:00:00,12.7,8.2,74,0,,282,2.9,,1026.2,,1
2025-04-29 10:00:00,15.2,8.9,66,0,,278,3.2,,1026.1,,1
2025-04-29 11:00:00,17.6,9.7,60,0,,312,5.4,,1025.8,,1
2025-04-29 12:00:00,19.7,10.9,57,0,,330,7.2,,1025.5,,1
2025-04-29 13:00:00,21.5,10.9,51,0,,345,9.7,,1024.7,,1
2025-04-29 14:00:00,22.6,9.4,43,0,,13,9.7,,1024.2,,1
2025-04-29 15:00:00,23.2,9.2,41,0,,42,9,,1023.8,,1
2025-04-29 16:00:00,23.4,9.4,41,0,,57,9,,1023.3,,1
2025-04-29 17:00:00,23.2,9.2,41,0,,52,10.1,,1022.7,,1
2025-04-29 18:00:00,22.8,9.2,42,0,,25,12.2,,1022.5,,1
2025-04-29 19:00:00,21.5,11.2,52,0,,24,10.8,,1022.6,,1
2025-04-29 20:00:00,19.2,12.5,65,0,,29,9.7,,1023.2,,2
2025-04-29 21:00:00,17,11.3,69,0,,44,9,,1023.7,,3
2025-04-29 22:00:00,15.7,10,69,0,,44,8.3,,1024,,3
2025-04-29 23:00:00,14.6,9.4,71,0,,45,7.9,,1023.5,,1
2025-04-30 00:00:00,13.2,9.3,77,0,,50,8.3,,1023.6,,1
2025-04-30 01:00:00,12.4,8.9,79,0,,58,10.4,,1023.8,,1
2025-04-30 02:00:00,11.8,8.5,80,0,,97,9,,1023.7,,1
2025-04-30 03:00:00,11.1,8.1,82,0,,114,6.5,,1023.4,,1
2025-04-30 04:00:00,10.6,7.3,80,0,,52,7.9,,1023,,2
2025-04-30 05:00:00,9.8,7.1,83,0,,34,7.2,,1022.9,,1
2025-04-30 06:00:00,9.1,6.5,84,0,,51,6.5,,1022.9,,1
2025-04-30 07:00:00,9.6,7,84,0,,54,6.5,,1023.1,,1
2025-04-30 08:00:00,11.8,8.3,79,0,,54,6.5,,1023.6,,1
2025-04-30 09:00:00,14.5,8,65,0,,309,4.7,,1023.6,,1
2025-04-30 10:00:00,17,8.4,57,0,,306,4.3,,1023.4,,1
2025-04-30 11:00:00,19.3,9.2,52,0,,312,4,,1023.2,,2
2025-04-30 12:00:00,21.4,9.9,48,0,,320,4.7,,1022.9,,1
2025-04-30 13:00:00,23.2,10.6,45,0,,328,6.1,,1022.6,,1
2025-04-30 14:00:00,24.4,9.2,38,0,,345,6.1,,1022.2,,2
2025-04-30 15:00:00,25,8,34,0,,285,5.4,,1021.7,,3
2025-04-30 16:00:00,25.1,8.1,34,0,,299,7.2,,1021.1,,2
2025-04-30 17:00:00,25,8,34,0,,311,9.4,,1020.6,,2
2025-04-30 18:00:00,24.3,7.8,35,0,,325,11.2,,1020.5,,2
2025-04-30 19:00:00,23,9,41,0,,344,9.7,,1020.4,,1
2025-04-30 20:00:00,21.2,10.4,50,0,,14,8.3,,1020.7,,1
2025-04-30 21:00:00,19,11.1,60,0,,55,6.5,,1021.1,,1
2025-04-30 22:00:00,17.5,11.5,68,0,,74,7.6,,1021.5,,1
2025-04-30 23:00:00,15.8,11.6,76,0,,72,8.3,,1021.2,,1
2025-05-01 00:00:00,14.1,11.4,84,0,,81,8.3,,1021.2,,1
2025-05-01 01:00:00,14,9.8,76,0,,97,8.3,,1020.9,,1
2025-05-01 02:00:00,13.1,9.5,79,0,,73,7.2,,1020.6,,1
2025-05-01 03:00:00,12.4,9.4,82,0,,95,7.2,,1020.5,,1
2025-05-01 04:00:00,11.6,9,84,0,,100,7.9,,1020.7,,1
2025-05-01 05:00:00,10.9,8.6,86,0,,82,7.9,,1020.7,,1
2025-05-01 06:00:00,10.3,7.7,84,0,,92,8.6,,1020.2,,1
2025-05-01 07:00:00,10.6,8.2,85,0,,85,9.7,,1020.6,,1
2025-05-01 08:00:00,13.4,8.9,74,0,,96,8.6,,1020.8,,1
2025-05-01 09:00:00,16.5,9.4,63,0,,180,5.8,,1021,,1
2025-05-01 10:00:00,19.2,9.4,53,0,,231,5.4,,1021,,1
2025-05-01 11:00:00,21.1,9,46,0,,144,5.8,,1020.9,,1
2025-05-01 12:00:00,23.7,9.3,40,0,,136,5.8,,1020.4,,1
2025-05-01 13:00:00,25.6,8.6,34,0,,149,5.8,,1019.8,,1
2025-05-01 14:00:00,26.7,6.1,27,0,,156,7.6,,1019.4,,1
2025-05-01 15:00:00,27,5.8,26,0,,152,8.3,,1018.9,,1
2025-05-01 16:00:00,27.1,5.9,26,0,,151,8.6,,1018.6,,1
2025-05-01 17:00:00,26.9,5.8,26,0,,154,9,,1017.9,,1
2025-05-01 18:00:00,26.4,5.9,27,0,,154,9.4,,1017.9,,1
2025-05-01 19:00:00,25.5,6.6,30,0,,150,8.6,,1017.5,,2
2025-05-01 20:00:00,23.5,8.4,38,0,,140,9.4,,1017.5,,1
2025-05-01 21:00:00,21.9,8,41,0,,132,11.2,,1017.8,,1
2025-05-01 22:00:00,20.4,8.4,46,0,,127,9.7,,1018.2,,1
2025-05-01 23:00:00,18.9,8.8,52,0,,125,8.6,,1018.2,,1
2025-05-02 00:00:00,17.2,9.6,61,0,,118,6.1,,1018.3,,1
2025-05-02 01:00:00,16.2,10.1,67,0,,107,8.3,,1018.2,,1
2025-05-02 02:00:00,16.3,9.5,64,0,,102,7.2,,1017.4,,1
2025-05-02 03:00:00,15.1,9.5,69,0,,127,6.8,,1017.4,,1
2025-05-02 04:00:00,14.3,9.3,72,0,,122,7.9,,1017.6,,1
2025-05-02 05:00:00,13.6,9.3,75,0,,122,7.6,,1017.5,,1
2025-05-02 06:00:00,13.1,9.2,77,0,,127,7.6,,1017.6,,1
2025-05-02 07:00:00,13.6,8.6,72,0,,132,8.6,,1017.2,,1
2025-05-02 08:00:00,15.8,9.2,65,0,,141,10.1,,1017.5,,1
2025-05-02 09:00:00,18.4,9.7,57,0,,166,8.6,,1017.9,,1
2025-05-02 10:00:00,21.1,10.3,50,0,,188,8.3,,1017.7,,1
2025-05-02 11:00:00,23.6,10.3,43,0,,205,8.3,,1017.3,,1
2025-05-02 12:00:00,25,10.4,40,0,,193,8.3,,1017,,1
2025-05-02 13:00:00,26.5,9.3,34,0,,203,10.1,,1016.7,,1
2025-05-02 14:00:00,27.5,8.4,30,0,,212,11.9,,1016,,2
2025-05-02 15:00:00,28.1,7.3,27,0,,222,13.7,,1015.5,,3
2025-05-02 16:00:00,28.3,5.2,23,0,,234,14.4,,1014.8,,3
2025-05-02 17:00:00,28.3,6.9,26,0,,238,12.2,,1013.9,,2
2025-05-02 18:00:00,27.7,7,27,0,,248,11.9,,1013.9,,3
2025-05-02 19:00:00,26.7,6.7,28,0,,250,10.8,,1013.8,,3
2025-05-02 20:00:00,25,8.5,35,0,,252,9,,1014,,3
2025-05-02 21:00:00,22.9,8.2,39,0,,253,7.6,,1014.4,,3
2025-05-02 22:00:00,22.6,9,42,0,,264,5.8,,1013.9,,1
2025-05-02 23:00:00,21.5,9.1,45,0,,220,4,,1013.7,,3
2025-05-03 00:00:00,20.1,9.3,50,0,,187,7.9,,1013.7,,3
2025-05-03 01:00:00,18.6,9.4,55,0,,191,6.8,,1013.7,,3
2025-05-03 02:00:00,18.2,9,55,0,,217,9.7,,1013.7,,2
2025-05-03 03:00:00,18.6,8.5,52,0,,215,13.7,,1013.5,,1
2025-05-03 04:00:00,18.2,7.3,49,0,,225,14.8,,1013.4,,3
2025-05-03 05:00:00,17.4,6.6,49,0,,226,14,,1013.2,,3
2025-05-03 06:00:00,16.5,6.3,51,0,,197,11.9,,1013.2,,3
2025-05-03 07:00:00,17.3,6.5,49,0,,212,14.8,,1013.4,,3
2025-05-03 08:00:00,18.4,6.6,46,0,,233,15.8,,1013.4,,3
2025-05-03 09:00:00,18.4,8.4,52,0,,214,18.4,,1013.4,,3
2025-05-03 10:00:00,15.5,12.4,82,1.4,,193,13,,1013.4,,9
2025-05-03 11:00:00,15.6,12.7,83,0,,179,11.5,,1012.7,,3
2025-05-03 12:00:00,18.7,11.7,64,0,,188,12.6,,1011.9,,3
2025-05-03 13:00:00,22.2,11,49,0,,224,18.7,,1011,,3
2025-05-03 14:00:00,22.5,10.3,46,0,,222,18.7,,1009.9,,3
2025-05-03 15:00:00,24.5,10.4,41,0,,233,21.6,,1008.7,,3
2025-05-03 16:00:00,25.1,10.2,39,0,,242,23.4,,1007.9,,2
2025-05-03 17:00:00,24.8,10.6,41,0.3,,250,24.1,,1007,,17
2025-05-03 18:00:00,22.5,12.1,52,2.1,,270,17.3,,1006.9,,18
2025-05-03 19:00:00,18.2,15.3,83,5.5,,215,12.6,,1007.7,,18
2025-05-03 20:00:00,17.6,15,85,0.9,,199,16.2,,1008,,8
2025-05-03 21:00:00,15.9,14.4,91,1.1,,226,14.8,,1008.1,,9
2025-05-03 22:00:00,15.5,14.4,93,1.4,,240,11.9,,1008.5,,18
2025-05-03 23:00:00,15.4,13.9,91,2.8,,288,11.2,,1008.8,,9
2025-05-04 00:00:00,14.7,13.2,91,1.4,,332,14.4,,1009.3,,9
2025-05-04 01:00:00,13.8,11.8,88,0.2,,333,13.7,,1009.7,,7
2025-05-04 02:00:00,13.4,11.3,87,1.2,,336,13,,1009.8,,9
2025-05-04 03:00:00,12.8,11,89,3.6,,328,11.9,,1010,,9
2025-05-04 04:00:00,12.4,11.3,93,0.3,,334,13.7,,1010.5,,8
2025-05-04 05:00:00,11.6,10,90,0,,334,14.4,,1010.9,,3
2025-05-04 06:00:00,10.5,9.1,91,0,,338,13,,1011.4,,3
2025-05-04 07:00:00,10.2,8.8,91,0,,342,11.5,,1011.8,,3
2025-05-04 08:00:00,10.8,8.6,86,0,,343,13.3,,1012.2,,2
2025-05-04 09:00:00,11.3,7.4,77,0,,352,13.7,,1012.1,,3
2025-05-04 10:00:00,12.2,6.7,69,0,,355,13,,1012.3,,3
2025-05-04 11:00:00,12.5,5.6,63,0,,359,11.9,,1012.5,,3
2025-05-04 12:00:00,13.6,5.2,57,0,,359,10.8,,1012.2,,3
2025-05-04 13:00:00,14.8,4.2,49,0,,353,10.1,,1011.7,,2
2025-05-04 14:00:00,15.2,3.7,46,0,,351,9.4,,1011.3,,3
2025-05-04 15:00:00,15.5,3,43,0,,356,10.8,,1010.9,,3
2025-05-04 16:00:00,15.8,2.9,42,0,,346,11.2,,1010.4,,3
2025-05-04 17:00:00,16.5,2.1,38,0,,337,12.2,,1009.9,,3
2025-05-04 18:00:00,15.8,2.2,40,0,,4,14.4,,1009.7,,3
2025-05-04 19:00:00,14.5,3.3,47,0,,8,14.8,,1009.9,,3
2025-05-04 20:00:00,13.5,3.8,52,0,,20,11.9,,1010.6,,3
2025-05-04 21:00:00,11.9,3.9,58,0,,29,11.9,,1010.9,,3
2025-05-04 22:00:00,11,4.2,63,0,,39,10.4,,1011.1,,3
2025-05-04 23:00:00,10.4,4.5,67,0,,31,11.2,,1011.4,,3
2025-05-05 00:00:00,10.1,4.7,69,0,,34,11.2,,1012,,3
2025-05-05 01:00:00,9.4,4.4,71,0,,32,12.2,,1011.8,,3
2025-05-05 02:00:00,9,4.2,72,0,,35,13.3,,1011.7,,3
2025-05-05 03:00:00,8.8,4,72,0,,38,13.3,,1011.7,,3
2025-05-05 04:00:00,8.4,3.6,72,0,,33,14,,1011.7,,3
2025-05-05 05:00:00,9.1,3.9,70,0,,24,15.1,,1011.6,,3
2025-05-05 06:00:00,8.9,3.7,70,0,,37,16.9,,1011.8,,3
2025-05-05 07:00:00,8.9,3.7,70,0,,44,17.3,,1012,,3
2025-05-05 08:00:00,9.5,4.3,70,0,,38,14.8,,1012.4,,3
2025-05-05 09:00:00,10.8,4.5,65,0,,43,16.2,,1012.5,,3
2025-05-05 10:00:00,11.4,3.7,59,0,,40,14.8,,1012.6,,3
2025-05-05 11:00:00,12.7,3.1,52,0,,46,16.2,,1012.8,,3
2025-05-05 12:00:00,13.8,1.8,44,0,,54,19.1,,1012.9,,3
2025-05-05 13:00:00,14,1.9,44,0,,56,18.4,,1012.7,,3
2025-05-05 14:00:00,14.6,2.8,45,0,,58,18,,1012.9,,3
2025-05-05 15:00:00,14.5,3.3,47,0,,58,17.3,,1013,,3
2025-05-05 16:00:00,14.2,3.9,50,0,,52,17.3,,1013.1,,3
2025-05-05 17:00:00,14.6,4,49,0.2,,55,16.9,,1012.8,,7
2025-05-05 18:00:00,14.1,4.4,52,0,,58,16.2,,1012.8,,3
2025-05-05 19:00:00,13.6,4.7,55,0,,67,14,,1013.4,,3
2025-05-05 20:00:00,12.8,5,59,0,,54,12.2,,1013.8,,3
2025-05-05 21:00:00,12.6,4.3,57,0,,41,15.1,,1014.1,,3
2025-05-05 22:00:00,12.1,3.3,55,0,,43,15.5,,1014.7,,3
2025-05-05 23:00:00,11.2,3.2,58,0,,47,14.8,,1015.1,,3
2025-05-06 00:00:00,10.3,3.6,63,0,,54,14.4,,1015.6,,3
2025-05-06 01:00:00,9.8,3.5,65,0,,59,14.4,,1015.6,,3
2025-05-06 02:00:00,9.2,3.4,67,0,,56,14,,1015.8,,3
2025-05-06 03:00:00,8.5,3.3,70,0,,46,13.3,,1015.9,,3
2025-05-06 04:00:00,8,3.3,72,0,,38,12.6,,1016,,3
2025-05-06 05:00:00,7.5,3,73,0,,34,12.6,,1016.3,,3
2025-05-06 06:00:00,7.4,2.9,73,0,,38,13,,1016.5,,3
2025-05-06 07:00:00,7.7,3,72,0,,38,13.7,,1016.8,,3
2025-05-06 08:00:00,9.1,3.3,67,0,,36,12.2,,1017.1,,3
2025-05-06 09:00:00,10.8,3.8,62,0,,38,13,,1017.1,,2
2025-05-06 10:00:00,12.4,2.5,51,0,,50,14.8,,1017.3,,2
2025-05-06 11:00:00,13.7,1.3,43,0,,59,17.3,,1017.3,,2
2025-05-06 12:00:00,14.2,0.8,40,0,,53,17.6,,1017.2,,3
2025-05-06 13:00:00,15.1,0.5,37,0,,48,16.2,,1017.1,,3
2025-05-06 14:00:00,15.9,0.5,35,0,,48,15.1,,1016.6,,3
2025-05-06 15:00:00,16.2,0.3,34,0,,44,15.5,,1016.2,,3
2025-05-06 16:00:00,16.3,0.8,35,0,,35,15.5,,1016,,3
2025-05-06 17:00:00,16,0.5,35,0,,36,15.8,,1015.7,,3
2025-05-06 18:00:00,15.6,1,37,0,,37,15.8,,1015.9,,3
2025-05-06 19:00:00,15.1,2.3,42,0,,35,13.7,,1016.1,,3
2025-05-06 20:00:00,14,3.2,48,0,,32,10.8,,1016.6,,3
2025-05-06 21:00:00,13.4,4,53,0,,26,11.2,,1016.8,,3
2025-05-06 22:00:00,12.1,3.1,54,0,,39,11.5,,1017.3,,3
2025-05-06 23:00:00,10.7,2.3,56,0,,33,12.6,,1017.8,,1
2025-05-07 00:00:00,10,2.6,60,0,,30,14,,1018,,1
2025-05-07 01:00:00,9.6,3.3,65,0,,41,14.4,,1017.9,,1
2025-05-07 02:00:00,9.1,3.7,69,0,,47,13,,1017.7,,1
2025-05-07 03:00:00,8.3,3.9,74,0,,43,11.5,,1017.4,,1
2025-05-07 04:00:00,7.8,4,77,0,,44,10.4,,1017.4,,1
2025-05-07 05:00:00,7.4,3.8,78,0,,32,10.1,,1017.4,,1
2025-05-07 06:00:00,7,3.8,80,0,,20,9.7,,1017.4,,1
2025-05-07 07:00:00,7.6,4.2,79,0,,20,10.8,,1017.5,,1
2025-05-07 08:00:00,9.7,5.1,73,0,,19,9.7,,1017.5,,1
2025-05-07 09:00:00,11.8,5.9,67,0,,24,10.8,,1017.4,,1
2025-05-07 10:00:00,13.8,5.4,57,0,,43,11.5,,1017.1,,1
2025-05-07 11:00:00,15.5,4.2,47,0,,62,16.2,,1016.7,,2
2025-05-07 12:00:00,15.3,4.4,48,0,,56,17.6,,1016.6,,3
2025-05-07 13:00:00,15.3,4.1,47,0,,56,16.6,,1016.5,,3
2025-05-07 14:00:00,15.6,4,46,0,,56,15.5,,1016.2,,3
2025-05-07 15:00:00,15.7,3.8,45,0,,52,16.2,,1015.8,,3
2025-05-07 16:00:00,15.5,4.2,47,0,,52,15.5,,1015.5,,3
2025-05-07 17:00:00,15.8,3.9,45,0,,50,13.7,,1015,,3
2025-05-07 18:00:00,15.8,3.6,44,0,,58,13.3,,1015,,3
2025-05-07 19:00:00,15.3,4.1,47,0,,54,14,,1015.1,,3
2025-05-07 20:00:00,14.3,4.3,51,0,,42,12.2,,1015.5,,3
2025-05-07 21:00:00,13.2,4.4,55,0,,29,11.5,,1015.7,,3
2025-05-07 22:00:00,12.6,4.6,58,0,,38,13,,1016.1,,3
2025-05-07 23:00:00,12.1,4.6,60,0,,30,9.7,,1016.1,,3
2025-05-08 00:00:00,11.3,4.7,64,0,,27,10.1,,1016,,3
2025-05-08 01:00:00,10.9,5,67,0,,33,10.1,,1015.8,,3
2025-05-08 02:00:00,10.5,4.8,68,0,,24,10.4,,1015.7,,3
2025-05-08 03:00:00,10,5,71,0,,17,10.1,,1015.6,,3
2025-05-08 04:00:00,10.5,4.2,65,0,,24,9.4,,1015.3,,3
2025-05-08 05:00:00,10.2,3.7,64,0,,22,10.4,,1015.1,,3
2025-05-08 06:00:00,9.6,2.9,63,0,,35,11.5,,1015.1,,3
2025-05-08 07:00:00,9.6,2.9,63,0,,44,12.6,,1015.3,,3
2025-05-08 08:00:00,10.4,3.4,62,0,,43,10.8,,1015.6,,3
2025-05-08 09:00:00,10.8,3.8,62,0,,50,11.5,,1015.8,,3
2025-05-08 10:00:00,11.2,4,61,0,,59,12.2,,1016.1,,3
2025-05-08 11:00:00,12.2,4.2,58,0,,63,10.8,,1016,,3
2025-05-08 12:00:00,13.6,4.2,53,0,,70,11.5,,1015.7,,3
2025-05-08 13:00:00,14.9,3.1,45,0,,77,14,,1015.3,,3
2025-05-08 14:00:00,16.4,2,38,0,,56,14,,1015,,3
2025-05-08 15:00:00,16.6,1.8,37,0,,52,13.3,,1014.8,,3
2025-05-08 16:00:00,16.9,1.3,35,0,,57,12.2,,1014.4,,3
2025-05-08 17:00:00,16.6,0.7,34,0,,61,13.7,,1014.2,,3
2025-05-08 18:00:00,15.9,0.1,34,0,,68,14.8,,1014.6,,3
2025-05-08 19:00:00,15.5,0.9,37,0,,67,15.8,,1014.6,,3
2025-05-08 20:00:00,14.1,2,44,0,,65,15.5,,1015.3,,3
2025-05-08 21:00:00,12.6,1.9,48,0,,54,14.8,,1015.9,,2
2025-05-08 22:00:00,11.6,1.5,50,0,,59,15.1,,1016.7,,1
2025-05-08 23:00:00,10.9,1.7,53,0,,62,14.8,,1016.9,,2
2025-05-09 00:00:00,10.5,1.1,52,0,,67,14.8,,1017.1,,3
2025-05-09 01:00:00,10,0.9,53,0,,63,15.8,,1016.9,,2
2025-05-09 02:00:00,9.7,0.6,53,0,,69,16.2,,1016.8,,2
2025-05-09 03:00:00,9.9,0.5,52,0,,74,16.2,,1016.9,,3
2025-05-09 04:00:00,10.2,0.5,51,0,,81,15.8,,1016.9,,3
2025-05-09 05:00:00,8.5,0,55,0,,76,15.5,,1017.2,,3
2025-05-09 06:00:00,8,-0.2,56,0,,70,16.6,,1017.7,,1
2025-05-09 07:00:00,8.6,-0.2,54,0,,73,16.2,,1018.1,,1
2025-05-09 08:00:00,10,1.1,54,0,,69,14,,1018.7,,1
2025-05-09 09:00:00,11.7,1.6,50,0,,73,15.5,,1019.1,,1
2025-05-09 10:00:00,13.2,0.9,43,0,,87,16.2,,1019.3,,1
2025-05-09 11:00:00,14.5,-0.4,36,0,,90,17.6,,1019.4,,1
2025-05-09 12:00:00,15.3,-0.1,35,0,,89,19.1,,1019.3,,1
2025-05-09 13:00:00,16.8,-1.3,29,0,,85,18.4,,1019.2,,1
2025-05-09 14:00:00,17.6,-1.1,28,0,,83,20.2,,1018.8,,3
2025-05-09 15:00:00,17.2,-0.1,31,0,,90,19.4,,1019.2,,3
2025-05-09 16:00:00,18.1,-1.2,27,0,,103,18,,1018.3,,2
2025-05-09 17:00:00,18.5,-0.9,27,0,,88,18.4,,1017.8,,3
2025-05-09 18:00:00,17.7,-0.6,29,0,,76,17.3,,1017.9,,3
2025-05-09 19:00:00,16.9,0.5,33,0,,78,14.4,,1018.3,,3
2025-05-09 20:00:00,15.8,1.1,37,0,,81,11.2,,1018.8,,2
2025-05-09 21:00:00,13.8,1.8,44,0,,60,9.4,,1019.1,,1
2025-05-09 22:00:00,12.9,1.9,47,0,,75,14.4,,1019.8,,1
2025-05-09 23:00:00,12.1,1.1,47,0,,86,13,,1020.3,,1
2025-05-10 00:00:00,11.5,0.3,46,0,,87,13.7,,1020.5,,1
2025-05-10 01:00:00,10.9,-0.6,45,0,,96,14.4,,1020.8,,1
2025-05-10 02:00:00,10.2,-0.3,48,0,,94,13.7,,1020.8,,1
2025-05-10 03:00:00,9.6,-0.3,50,0,,96,13,,1020.8,,1
2025-05-10 04:00:00,8.8,-0.5,52,0,,96,12.6,,1021,,1
2025-05-10 05:00:00,8,-0.2,56,0,,98,12.2,,1021.1,,1
2025-05-10 06:00:00,7.7,0,58,0,,92,12.6,,1020.9,,1
2025-05-10 07:00:00,8.1,1,61,0,,92,13,,1021.2,,1
2025-05-10 08:00:00,10.1,1.7,56,0,,80,10.1,,1021.4,,1
2025-05-10 09:00:00,12.5,1.8,48,0,,100,10.4,,1021.6,,1
2025-05-10 10:00:00,14.4,2,43,0,,106,9.7,,1021.4,,2
2025-05-10 11:00:00,16.1,1.8,38,0,,108,9.7,,1021.2,,3
2025-05-10 12:00:00,17.3,1.3,34,0,,103,13,,1020.7,,3
2025-05-10 13:00:00,18.2,2.1,34,0,,101,13,,1020.2,,2
2025-05-10 14:00:00,18.9,2.3,33,0,,101,12.6,,1019.6,,2
2025-05-10 15:00:00,19.4,2.3,32,0,,101,13,,1019,,1
2025-05-10 16:00:00,19.6,2.9,33,0,,103,13,,1018.4,,1
2025-05-10 17:00:00,19.5,2.8,33,0,,101,12.6,,1017.9,,1
2025-05-10 18:00:00,19.2,3,34,0,,99,12.6,,1017.5,,1
2025-05-10 19:00:00,18.6,2.8,35,0,,100,12.2,,1017.4,,1
2025-05-10 20:00:00,17.5,3.7,40,0,,89,9.7,,1017.5,,1
2025-05-10 21:00:00,16.1,2.8,41,0,,51,9.4,,1017,,1
2025-05-10 22:00:00,15.1,2.6,43,0,,55,9.4,,1017.1,,1
2025-05-10 23:00:00,14,2.3,45,0,,73,10.1,,1017.2,,1
2025-05-11 00:00:00,13,2.2,48,0,,95,10.1,,1017.4,,1
2025-05-11 01:00:00,11.9,2.6,53,0,,99,9,,1017.4,,1
2025-05-11 02:00:00,10.7,3,59,0,,95,9.7,,1017.1,,1
2025-05-11 03:00:00,9.7,3.4,65,0,,102,9.7,,1016.9,,1
2025-05-11 04:00:00,9,3.2,67,0,,90,10.4,,1016.6,,1
2025-05-11 05:00:00,8.5,2.9,68,0,,89,11.2,,1016.4,,1
2025-05-11 06:00:00,8.3,2.7,68,0,,86,12.2,,1016.3,,1
2025-05-11 07:00:00,9.4,2.9,64,0,,78,11.9,,1016.1,,1
2025-05-11 08:00:00,12,3.7,57,0,,83,9.7,,1016.1,,1
2025-05-11 09:00:00,15,4.4,49,0,,99,9.4,,1016.1,,1
2025-05-11 10:00:00,17.7,4.6,42,0,,106,10.8,,1015.9,,1
2025-05-11 11:00:00,19.8,4.3,36,0,,108,11.5,,1015.7,,1
2025-05-11 12:00:00,20.6,3.8,33,0,,114,10.4,,1015.2,,1
2025-05-11 13:00:00,21.8,3.4,30,0,,110,12.2,,1014.6,,1
2025-05-11 14:00:00,22.4,4.4,31,0,,105,13.7,,1014,,1
2025-05-11 15:00:00,22.8,4.3,30,0,,97,14.4,,1013.3,,1
2025-05-11 16:00:00,22.9,3.9,29,0,,89,15.8,,1012.7,,1
2025-05-11 17:00:00,23,2.5,26,0,,95,15.8,,1012,,1
2025-05-11 18:00:00,23,2.5,26,0,,108,17.3,,1011.2,,1
2025-05-11 19:00:00,22.6,3.2,28,0,,105,18,,1010.9,,1
2025-05-11 20:00:00,21,4.9,35,0,,94,16.6,,1011.1,,1
2025-05-11 21:00:00,19,4.4,38,0,,90,13.7,,1011.3,,1
2025-05-11 22:00:00,17.7,3.9,40,0,,79,13,,1011.6,,1
2025-05-11 23:00:00,17.3,2.8,38,0,,96,15.8,,1011.9,,2
2025-05-12 00:00:00,16.4,3.1,41,0,,108,13.3,,1012.3,,1
2025-05-12 01:00:00,15,3.5,46,0,,106,13,,1012.6,,1
2025-05-12 02:00:00,14,3.2,48,0,,98,13.7,,1012.6,,1
2025-05-12 03:00:00,13.8,2.7,47,0,,94,14.4,,1012.4,,1
2025-05-12 04:00:00,12.9,2.2,48,0,,99,14,,1012.5,,1
2025-05-12 05:00:00,12.2,2.4,51,0,,97,14,,1012.6,,1
2025-05-12 06:00:00,11.7,2.4,53,0,,90,14,,1012.8,,1
2025-05-12 07:00:00,12.4,3.1,53,0,,92,13.7,,1013.2,,1
2025-05-12 08:00:00,13.8,3,48,0,,102,12.6,,1013.4,,1
2025-05-12 09:00:00,15.6,3.4,44,0,,106,14.8,,1013.6,,1
2025-05-12 10:00:00,17.5,3.4,39,0,,105,14,,1013.7,,1
2025-05-12 11:00:00,19.3,2.6,33,0,,103,13.3,,1013.6,,1
2025-05-12 12:00:00,20.6,2.4,30,0,,102,13.7,,1013.3,,1
2025-05-12 13:00:00,21.4,3.6,31,0,,101,11.5,,1012.9,,1
2025-05-12 14:00:00,22,3.6,30,0,,96,10.8,,1012.6,,1
2025-05-12 15:00:00,22.5,3.6,29,0,,93,11.2,,1012,,1
2025-05-12 16:00:00,22.8,3.3,28,0,,92,13,,1011.4,,1
2025-05-12 17:00:00,22.6,3.2,28,0,,82,14,,1011.1,,1
2025-05-12 18:00:00,21.9,3.1,29,0,,82,13.7,,1011.2,,1
2025-05-12 19:00:00,21,2.8,30,0,,81,14,,1011.7,,2
2025-05-12 20:00:00,20,3.2,33,0,,70,10.8,,1012.3,,1
2025-05-12 21:00:00,18,3.5,38,0,,42,10.1,,1012.6,,1
2025-05-12 22:00:00,16.8,2.8,39,0,,42,10.4,,1013.1,,1
2025-05-12 23:00:00,15.8,0,34,0,,56,11.5,,1013.7,,1
2025-05-13 00:00:00,15.1,0.5,37,0,,64,15.8,,1014,,1
2025-05-13 01:00:00,14.3,1.9,43,0,,67,18,,1014.2,,1
2025-05-13 02:00:00,13.6,2.5,47,0,,78,17.6,,1014.3,,1
2025-05-13 03:00:00,12.9,2.4,49,0,,82,14,,1014.8,,1
2025-05-13 04:00:00,12.6,1.9,48,0,,88,13,,1015.3,,1
2025-05-13 05:00:00,11.6,2.1,52,0,,75,11.2,,1015.4,,1
2025-05-13 06:00:00,10.9,2.5,56,0,,48,9.7,,1015.8,,1
2025-05-13 07:00:00,11.9,2.9,54,0,,68,9.4,,1016.4,,1
2025-05-13 08:00:00,13.4,2.9,49,0,,82,8.6,,1016.8,,1
2025-05-13 09:00:00,14.7,4.1,49,0,,103,7.6,,1017.3,,2
2025-05-13 10:00:00,16.6,4.6,45,0,,97,6.1,,1017.2,,1
2025-05-13 11:00:00,18.6,5.1,41,0,,81,5.4,,1017.2,,1
2025-05-13 12:00:00,20.5,5.3,37,0,,86,5.8,,1016.9,,1
2025-05-13 13:00:00,21.9,4,31,0,,117,6.8,,1016.6,,1
2025-05-13 14:00:00,22.9,2.9,27,0,,129,7.6,,1016.1,,2
2025-05-13 15:00:00,23.4,2.8,26,0,,144,8.6,,1015.6,,3
2025-05-13 16:00:00,23.8,2,24,0,,151,9.7,,1015,,3
2025-05-13 17:00:00,23.8,2,24,0,,124,13.3,,1014.7,,3
2025-05-13 18:00:00,22.8,1.7,25,0,,99,15.1,,1014.9,,3
2025-05-13 19:00:00,21.4,2.1,28,0,,89,14,,1015.2,,3
2025-05-13 20:00:00,20.2,2.5,31,0,,83,11.2,,1015.6,,1
2025-05-13 21:00:00,18.3,2.6,35,0,,71,10.8,,1015.8,,1
2025-05-13 22:00:00,16.9,2.5,38,0,,58,9.4,,1016,,1
2025-05-13 23:00:00,15.6,3.1,43,0,,56,8.3,,1016.3,,1
2025-05-14 00:00:00,14.6,2.8,45,0,,67,7.2,,1016.7,,1
2025-05-14 01:00:00,13.3,2.8,49,0,,85,7.2,,1016.8,,1
2025-05-14 02:00:00,12.4,3.4,54,0,,91,7.2,,1017,,1
2025-05-14 03:00:00,11.5,3.3,57,0,,68,7.2,,1016.8,,1
2025-05-14 04:00:00,10.8,3.6,61,0,,108,8.3,,1016.8,,1
2025-05-14 05:00:00,10.4,3.9,64,0,,87,7.9,,1017.1,,1
2025-05-14 06:00:00,9.7,4.1,68,0,,62,7.6,,1017.3,,1
2025-05-14 07:00:00,10.5,4.4,66,0,,65,7.9,,1017.6,,1
2025-05-14 08:00:00,13,4.9,58,0,,90,4.7,,1017.6,,1
2025-05-14 09:00:00,15.8,4.2,46,0,,328,2.9,,1017.7,,1
2025-05-14 10:00:00,18.1,3.6,38,0,,310,3.2,,1017.5,,1
2025-05-14 11:00:00,19.8,4.3,36,0,,300,5,,1017.6,,1
2025-05-14 12:00:00,21.8,3.4,30,0,,316,6.8,,1017.2,,1
2025-05-14 13:00:00,22.9,1.8,25,0,,311,7.9,,1016.7,,2
2025-05-14 14:00:00,23.6,1.2,23,0,,313,7.9,,1016.2,,2
2025-05-14 15:00:00,24.1,0.4,21,0,,324,7.9,,1015.7,,2
2025-05-14 16:00:00,24.3,-0.1,20,0,,329,7.9,,1015.3,,3
2025-05-14 17:00:00,24.2,-0.9,19,0,,339,9.4,,1014.7,,3
2025-05-14 18:00:00,23.8,-0.5,20,0,,346,10.1,,1014.3,,3
2025-05-14 19:00:00,23.4,2.2,25,0,,348,9,,1014,,3
2025-05-14 20:00:00,22.7,4.2,30,0,,346,5.4,,1013.9,,1
2025-05-14 21:00:00,21,3.7,32,0,,301,9.4,,1013.9,,1
2025-05-14 22:00:00,19.8,3.5,34,0,,327,10.8,,1014.3,,3
2025-05-14 23:00:00,18.4,3.8,38,0,,343,10.1,,1014.5,,2
2025-05-15 00:00:00,17.2,3.8,41,0,,342,10.8,,1014.5,,1
2025-05-15 01:00:00,16.2,3.9,44,0,,341,11.9,,1014.5,,1
2025-05-15 02:00:00,15.4,4.4,48,0,,334,12.2,,1014.5,,1
2025-05-15 03:00:00,14.5,5,53,0,,336,13.3,,1014.3,,3
2025-05-15 04:00:00,13.5,5.4,58,0,,339,13,,1014.5,,3
2025-05-15 05:00:00,12.6,5.5,62,0,,334,13,,1014.5,,3
2025-05-15 06:00:00,12.1,5.3,63,0,,333,13.7,,1014.9,,3
2025-05-15 07:00:00,12.1,5,62,0,,335,14.8,,1015,,3
2025-05-15 08:00:00,12.5,4.7,59,0,,342,15.1,,1015.4,,3
2025-05-15 09:00:00,13.5,4.1,53,0,,354,13.7,,1015.8,,3
2025-05-15 10:00:00,14.7,4.7,51,0,,352,12.2,,1016,,2
2025-05-15 11:00:00,16,5.6,50,0,,352,13,,1015.9,,1
2025-05-15 12:00:00,17.4,5,44,0,,348,14,,1015.7,,1
2025-05-15 13:00:00,18.6,4,38,0,,357,15.8,,1015.8,,1
2025-05-15 14:00:00,19.4,1.8,31,0,,2,17.6,,1015.7,,1
2025-05-15 15:00:00,19.4,-1.1,25,0,,2,18.4,,1015.8,,1
2025-05-15 16:00:00,19.6,-1.5,24,0,,6,19.1,,1015.7,,1
2025-05-15 17:00:00,19.3,-3,22,0,,13,18.7,,1015.7,,1
2025-05-15 18:00:00,19.3,-3,22,0,,1,17.6,,1015.8,,1
2025-05-15 19:00:00,18.6,-2.9,23,0,,23,17.6,,1016.4,,1
2025-05-15 20:00:00,17.9,-3,24,0,,45,13,,1016.8,,1
2025-05-15 21:00:00,15.8,-1.7,30,0,,54,9.4,,1017.5,,1
2025-05-15 22:00:00,14.3,-1.8,33,0,,46,8.6,,1018.1,,1
2025-05-15 23:00:00,13.3,-1.5,36,0,,32,9,,1018.5,,1
2025-05-16 00:00:00,12.2,-1.3,39,0,,26,11.2,,1019,,1
2025-05-16 01:00:00,11.6,-1.5,40,0,,46,11.2,,1019.4,,1
2025-05-16 02:00:00,11,-1.1,43,0,,55,8.6,,1019.5,,1
2025-05-16 03:00:00,10.2,-0.6,47,0,,56,7.9,,1019.7,,1
2025-05-16 04:00:00,9.4,0,52,0,,61,6.8,,1019.8,,1
2025-05-16 05:00:00,8.9,1.1,58,0,,72,5,,1019.8,,1
2025-05-16 06:00:00,8.4,1.5,62,0,,50,3.2,,1019.9,,1
2025-05-16 07:00:00,9.3,1.7,59,0,,24,4.7,,1019.9,,1
2025-05-16 08:00:00,11.3,2.6,55,0,,49,4,,1019.7,,1
2025-05-16 09:00:00,13.4,2,46,0,,343,3.6,,1019.7,,1
2025-05-16 10:00:00,14.9,2.1,42,0,,299,6.1,,1019.4,,1
2025-05-16 11:00:00,16.4,0.9,35,0,,333,9.4,,1019.1,,1
2025-05-16 12:00:00,17.4,0.1,31,0,,344,11.5,,1018.8,,2
2025-05-16 13:00:00,17.6,0.7,32,0,,344,11.9,,1018.4,,3
2025-05-16 14:00:00,17.9,0.5,31,0,,344,11.9,,1018,,3
2025-05-16 15:00:00,18.7,0.3,29,0,,342,12.6,,1017.4,,3
2025-05-16 16:00:00,18.5,0.1,29,0,,339,14.4,,1016.8,,3
2025-05-16 17:00:00,18.7,0.3,29,0,,341,15.1,,1016.2,,3
2025-05-16 18:00:00,18.2,0.3,30,0,,342,14.4,,1016.2,,3
2025-05-16 19:00:00,18,-0.3,29,0,,326,11.5,,1015.7,,3
2025-05-16 20:00:00,17.5,1,33,0,,276,7.2,,1015.5,,3
2025-05-16 21:00:00,17.1,0.3,32,0,,231,5,,1015.4,,3
2025-05-16 22:00:00,16.6,1.8,37,0,,12,6.8,,1015.8,,3
2025-05-16 23:00:00,14.5,2.1,43,0,,294,6.5,,1015.9,,2
2025-05-17 00:00:00,13.9,1.5,43,0,,351,16.9,,1016.3,,3
2025-05-17 01:00:00,12.8,5.2,60,0,,7,22.3,,1017.3,,3
2025-05-17 02:00:00,10.9,7,77,0.4,,25,12.2,,1017.4,,17
2025-05-17 03:00:00,10.1,7.2,82,0.3,,1,10.4,,1017.3,,8
2025-05-17 04:00:00,10.3,7,80,0.1,,12,10.8,,1016.8,,7
2025-05-17 05:00:00,9.9,7.3,84,0,,321,6.5,,1016.8,,2
2025-05-17 06:00:00,9.1,7.1,87,0,,351,4.3,,1016.8,,1
2025-05-17 07:00:00,10.1,7.3,83,0,,354,5.4,,1017.1,,1
2025-05-17 08:00:00,11.3,7.2,76,0,,337,5.4,,1017.3,,3
2025-05-17 09:00:00,12.7,8.2,74,0,,356,10.8,,1017.5,,1
2025-05-17 10:00:00,13.7,7.7,67,0,,344,9.7,,1017.5,,3
2025-05-17 11:00:00,14.9,7,59,0,,332,10.1,,1017.2,,2
2025-05-17 12:00:00,16.2,6.3,52,0,,327,11.9,,1017,,2
2025-05-17 13:00:00,17.2,5.5,46,0,,332,12.2,,1016.7,,2
2025-05-17 14:00:00,17.5,5.1,44,0,,331,11.9,,1016.4,,3
2025-05-17 15:00:00,17.7,5,43,0,,327,12.6,,1015.9,,3
2025-05-17 16:00:00,17.8,4.7,42,0,,330,13,,1015.7,,3
2025-05-17 17:00:00,18.6,4.4,39,0,,326,13.7,,1015.2,,3
2025-05-17 18:00:00,17.7,4.6,42,0,,329,14.4,,1015.2,,3
2025-05-17 19:00:00,17.5,4.1,41,0,,332,15.5,,1014.9,,3
2025-05-17 20:00:00,16.9,3.9,42,0,,327,12.6,,1015,,3
2025-05-17 21:00:00,15.9,3.7,44,0,,328,10.4,,1015.1,,3
2025-05-17 22:00:00,14.6,3.7,48,0,,320,8.3,,1015.7,,1
2025-05-17 23:00:00,13.8,3.8,51,0,,295,8.6,,1015.7,,1
2025-05-18 00:00:00,13.1,4,54,0,,301,9.7,,1016.1,,1
2025-05-18 01:00:00,12.6,4.1,56,0,,304,10.1,,1016.3,,1
2025-05-18 02:00:00,11.6,4.3,61,0,,319,7.9,,1016.3,,1
2025-05-18 03:00:00,10.9,4.6,65,0,,330,7.6,,1016.2,,1
2025-05-18 04:00:00,10.5,4.8,68,0,,333,6.5,,1016.2,,1
2025-05-18 05:00:00,10.4,4.7,68,0,,328,6.5,,1016.2,,2
2025-05-18 06:00:00,10.2,4.8,69,0,,330,6.8,,1016.3,,2
2025-05-18 07:00:00,10.9,5.6,70,0,,315,7.2,,1016.6,,2
2025-05-18 08:00:00,12,6.3,68,0,,308,5.8,,1016.8,,2
2025-05-18 09:00:00,13.2,6.8,65,0,,299,5.4,,1016.9,,2
2025-05-18 10:00:00,14.4,7.2,62,0,,285,7.2,,1017.1,,2
2025-05-18 11:00:00,16,7,55,0,,280,11.5,,1016.8,,1
2025-05-18 12:00:00,17.8,5.4,44,0,,288,13,,1016.2,,2
2025-05-18 13:00:00,18.4,5.3,42,0,,314,13.7,,1015.7,,3
2025-05-18 14:00:00,19.3,4.2,37,0,,314,15.5,,1015.5,,2
2025-05-18 15:00:00,20,3.7,34,0,,313,16.9,,1015,,2
2025-05-18 16:00:00,20.3,3.5,33,0,,316,16.6,,1014.7,,2
2025-05-18 17:00:00,19.9,3.1,33,0,,325,17.3,,1014.6,,2
2025-05-18 18:00:00,17.8,5.7,45,0,,359,18.4,,1015.1,,3
2025-05-18 19:00:00,17.9,5.1,43,0,,357,16.2,,1015.1,,1
2025-05-18 20:00:00,16.4,5.4,48,0,,360,13.3,,1015.7,,1
2025-05-18 21:00:00,15,6,55,0,,354,7.2,,1016.3,,1
2025-05-18 22:00:00,13.9,6.3,60,0,,32,5,,1016.9,,1
2025-05-18 23:00:00,12.9,6.5,65,0,,37,6.5,,1017.3,,1
2025-05-19 00:00:00,12.4,6.4,67,0,,29,6.1,,1017.5,,2
2025-05-19 01:00:00,10.5,7,79,0,,46,5,,1018.2,,3
2025-05-19 02:00:00,9.9,6.8,81,0,,53,4.7,,1018.4,,1
2025-05-19 03:00:00,9.3,6.6,83,0,,78,4,,1018.4,,1
2025-05-19 04:00:00,8.6,6.2,85,0,,86,4.3,,1018.5,,1
2025-05-19 05:00:00,8.1,5.9,86,0,,82,6.1,,1018.6,,1
2025-05-19 06:00:00,7.5,5.8,89,0,,86,8.3,,1018.6,,1
2025-05-19 07:00:00,8.8,6.8,87,0,,70,8.6,,1018.9,,1
2025-05-19 08:00:00,11.6,7.5,76,0,,58,5.4,,1019.4,,1
2025-05-19 09:00:00,14.5,7.5,63,0,,44,5.8,,1019.7,,1
2025-05-19 10:00:00,16.5,6.3,51,0,,78,7.2,,1019.7,,1
2025-05-19 11:00:00,17.6,6.5,48,0,,79,7.2,,1019.6,,1
2025-05-19 12:00:00,19,5.8,42,0,,94,8.3,,1019.2,,1
2025-05-19 13:00:00,20.4,4.8,36,0,,170,7.9,,1018.6,,2
2025-05-19 14:00:00,21.2,4.3,33,0,,193,9,,1018.1,,2
2025-05-19 15:00:00,21.8,4.4,32,0,,174,9.4,,1017.5,,1
2025-05-19 16:00:00,22.1,4.6,32,0,,142,9.7,,1016.9,,1
2025-05-19 17:00:00,22,5,33,0,,137,11.5,,1016.4,,2
2025-05-19 18:00:00,21.6,5.1,34,0,,114,14.4,,1016.2,,3
2025-05-19 19:00:00,20.6,5.4,37,0,,112,14.8,,1016.2,,3
2025-05-19 20:00:00,19.1,6.2,43,0,,108,12.6,,1016.5,,3
2025-05-19 21:00:00,17.1,5.7,47,0,,91,10.8,,1016.8,,2
2025-05-19 22:00:00,15.9,6.1,52,0,,75,11.9,,1017.2,,2
2025-05-19 23:00:00,15,6.3,56,0,,70,11.9,,1017.5,,2
2025-05-20 00:00:00,14.5,5.8,56,0,,69,13,,1017.4,,2
2025-05-20 01:00:00,14,6.1,59,0,,70,14.8,,1017.3,,3
2025-05-20 02:00:00,13.7,6.8,63,0,,83,14,,1017.1,,3
2025-05-20 03:00:00,13.1,6.9,66,0,,89,14,,1017.1,,3
2025-05-20 04:00:00,12.5,7,69,0,,85,14,,1016.8,,3
2025-05-20 05:00:00,12.2,7.1,71,0,,76,12.6,,1016.7,,3
2025-05-20 06:00:00,11.6,7.3,75,0,,73,11.9,,1016.9,,3
2025-05-20 07:00:00,12.7,7.8,72,0,,60,11.9,,1016.7,,3
2025-05-20 08:00:00,14.5,8,65,0,,68,9.7,,1016.9,,3
2025-05-20 09:00:00,16.5,7.9,57,0,,71,10.8,,1016.9,,3
2025-05-20 10:00:00,18.7,8.4,51,0,,74,9,,1016.8,,1
2025-05-20 11:00:00,20.5,7.5,43,0,,77,8.6,,1016.4,,2
2025-05-20 12:00:00,22,6.6,37,0,,88,9,,1016,,3
2025-05-20 13:00:00,23,6.7,35,0,,83,7.6,,1015.6,,1
2025-05-20 14:00:00,24,6.7,33,0,,302,10.1,,1014.8,,3
2025-05-20 15:00:00,24.6,5.9,30,0,,314,13.7,,1013.9,,2
2025-05-20 16:00:00,23.9,5.3,30,0,,330,17.3,,1013.6,,2
2025-05-20 17:00:00,23.6,3.5,27,0,,338,15.1,,1013.4,,3
2025-05-20 18:00:00,23.7,4.6,29,0,,346,11.5,,1013,,2
2025-05-20 19:00:00,23.5,4.4,29,0,,360,10.1,,1012.9,,2
2025-05-20 20:00:00,22.2,5.6,34,0,,20,14.4,,1013.5,,2
2025-05-20 21:00:00,20.1,6.4,41,0,,39,9.7,,1013.8,,2
2025-05-20 22:00:00,18.3,6.8,47,0,,72,7.9,,1014.3,,2
2025-05-20 23:00:00,17.4,6.3,48,0,,65,7.2,,1014.5,,3
2025-05-21 00:00:00,16.3,6.7,53,0,,45,6.5,,1014.6,,2
2025-05-21 01:00:00,15,7.3,60,0,,350,6.1,,1014.6,,3
2025-05-21 02:00:00,14.2,7.5,64,0,,341,5.8,,1014.5,,3
2025-05-21 03:00:00,13.6,7.6,67,0,,4,5.8,,1014.2,,2
2025-05-21 04:00:00,13.2,8.1,71,0,,124,5,,1014,,3
2025-05-21 05:00:00,12.6,8.3,75,0,,169,2.2,,1013.9,,2
2025-05-21 06:00:00,12.4,8.5,77,0,,64,1.4,,1014,,3
2025-05-21 07:00:00,13.5,9,74,0,,50,4,,1013.9,,3
2025-05-21 08:00:00,14.9,9,68,0,,322,3.6,,1014.2,,3
2025-05-21 09:00:00,16.2,9.4,64,0,,322,4,,1014.1,,3
2025-05-21 10:00:00,17.6,9.2,58,0,,314,5,,1013.9,,3
2025-05-21 11:00:00,19.2,9.1,52,0,,276,4,,1013.5,,3
2025-05-21 12:00:00,20,9.3,50,0.1,,242,6.8,,1013.6,,7
2025-05-21 13:00:00,20.3,9.8,51,0.7,,153,5,,1012.9,,8
2025-05-21 14:00:00,20.3,10.1,52,0.9,,144,5,,1012.3,,8
2025-05-21 15:00:00,18.4,11.7,65,1.3,,280,11.5,,1012.2,,9
2025-05-21 16:00:00,16.9,13.8,82,2.8,,126,5.4,,1011.7,,9
2025-05-21 17:00:00,17.3,13.8,80,0.2,,116,6.1,,1011.1,,7
2025-05-21 18:00:00,17.2,11.7,70,0.6,,250,10.4,,1011.1,,8
2025-05-21 19:00:00,17.2,11.5,69,0.2,,202,7.2,,1010.8,,7
2025-05-21 20:00:00,17,11.7,71,0,,208,13,,1010.7,,3
2025-05-21 21:00:00,15.5,11.3,76,0,,227,15.5,,1011.4,,3
2025-05-21 22:00:00,13.6,9.6,77,0.3,,244,14,,1011.9,,8
2025-05-21 23:00:00,13.4,10.4,82,0.5,,239,13.3,,1012,,8
2025-05-22 00:00:00,13.5,12.2,92,0.7,,174,10.8,,1011.8,,8
2025-05-22 01:00:00,13.2,12.3,94,0.5,,202,13.7,,1011.5,,8
2025-05-22 02:00:00,12.7,12.1,96,0.5,,221,10.8,,1011.2,,8
2025-05-22 03:00:00,12.4,11.9,97,0.3,,229,8.6,,1010.8,,8
2025-05-22 04:00:00,12.3,11.7,96,0.4,,280,9.4,,1010.6,,8
2025-05-22 05:00:00,11.9,11.1,95,0.4,,306,9.4,,1010.4,,8
2025-05-22 06:00:00,11.7,10.6,93,0.2,,336,10.8,,1010.6,,7
2025-05-22 07:00:00,11.5,10.1,91,0.2,,339,14.4,,1010.9,,7
2025-05-22 08:00:00,11.2,9.8,91,0.2,,337,14.8,,1011.5,,7
2025-05-22 09:00:00,11.1,9.4,89,0.1,,337,13.7,,1012.1,,7
2025-05-22 10:00:00,11.9,8.2,78,0,,336,14,,1012.7,,3
2025-05-22 11:00:00,13.9,7.4,65,0,,336,13.3,,1012.7,,3
2025-05-22 12:00:00,14.9,6.5,57,0,,330,12.6,,1012.7,,2
2025-05-22 13:00:00,16.1,5.1,48,0,,330,15.5,,1012.6,,1
2025-05-22 14:00:00,17.1,4.1,42,0,,324,17.3,,1012.4,,2
2025-05-22 15:00:00,16.5,3.9,43,0,,326,21.2,,1012.7,,3
2025-05-22 16:00:00,16.2,3.6,43,0,,324,19.8,,1013,,3
2025-05-22 17:00:00,15.9,3.7,44,0,,329,18.7,,1013.1,,3
2025-05-22 18:00:00,15.3,3.4,45,0,,326,17.6,,1013.6,,3
2025-05-22 19:00:00,14.8,3.6,47,0,,325,15.8,,1013.9,,3
2025-05-22 20:00:00,14.1,3.8,50,0,,325,11.5,,1014.2,,2
2025-05-22 21:00:00,12.7,3.9,55,0,,321,7.9,,1014.8,,2
2025-05-22 22:00:00,11.5,4.2,61,0,,294,7.2,,1015.3,,2
2025-05-22 23:00:00,11.1,4.1,62,0,,297,9,,1015.4,,1
2025-05-23 00:00:00,10.3,4,65,0,,311,9.4,,1015.6,,1
2025-05-23 01:00:00,9.4,2.9,64,0,,340,10.1,,1016.1,,1
2025-05-23 02:00:00,8.4,2.8,68,0,,358,7.6,,1016.1,,1
2025-05-23 03:00:00,7.8,3.1,72,0,,4,5.8,,1016,,1
2025-05-23 04:00:00,7.2,2.9,74,0,,350,5,,1016,,1
2025-05-23 05:00:00,7.1,2.8,74,0,,343,6.8,,1016.3,,1
2025-05-23 06:00:00,7.1,2.8,74,0,,347,8.3,,1016.5,,1
2025-05-23 07:00:00,7.9,3.6,74,0,,342,9.4,,1016.8,,2
2025-05-23 08:00:00,8.8,3.6,70,0,,338,10.4,,1017.4,,3
2025-05-23 09:00:00,9.7,4.3,69,0,,339,9.7,,1017.6,,3
2025-05-23 10:00:00,10.3,4,65,0,,325,9.4,,1017.7,,3
2025-05-23 11:00:00,11.7,3.5,57,0,,312,11.9,,1017.8,,3
2025-05-23 12:00:00,12.6,3.3,53,0,,299,13.3,,1017.7,,3
2025-05-23 13:00:00,13.8,2.7,47,0,,304,13,,1017.4,,2
2025-05-23 14:00:00,14.5,1.7,42,0,,301,13.3,,1017.3,,2
2025-05-23 15:00:00,15.2,-0.2,35,0,,298,12.6,,1016.7,,2
2025-05-23 16:00:00,15.1,0.9,38,0,,312,13.7,,1016.8,,3
2025-05-23 17:00:00,14.3,0.9,40,0,,332,15.8,,1016.9,,3
2025-05-23 18:00:00,14.5,1.4,41,0,,325,14.4,,1017,,3
2025-05-23 19:00:00,14,1.9,44,0,,324,13,,1017.2,,3
2025-05-23 20:00:00,13.5,3.3,50,0,,312,9.4,,1017.8,,3
2025-05-23 21:00:00,12.1,3.8,57,0,,317,9,,1018.2,,3
2025-05-23 22:00:00,11.2,3.7,60,0,,309,7.9,,1018.9,,3
2025-05-23 23:00:00,11.3,3.8,60,0,,313,7.2,,1019.2,,3
2025-05-24 00:00:00,10.7,4.4,65,0,,324,6.5,,1019.2,,3
2025-05-24 01:00:00,9.4,4.2,70,0,,307,4.3,,1019.2,,1
2025-05-24 02:00:00,8.8,4.2,73,0,,224,4.3,,1019.4,,1
2025-05-24 03:00:00,8.5,4.3,75,0,,269,4.3,,1019.5,,3
2025-05-24 04:00:00,7.9,3.9,76,0,,315,3.2,,1019.2,,2
2025-05-24 05:00:00,7.4,3.8,78,0,,318,3.2,,1019.3,,1
2025-05-24 06:00:00,7.2,3.6,78,0,,339,2.9,,1019.5,,3
2025-05-24 07:00:00,8.5,4.7,77,0,,8,3.2,,1019.7,,3
2025-05-24 08:00:00,9.8,4.4,69,0,,297,3.2,,1019.8,,3
2025-05-24 09:00:00,11.4,4.1,61,0,,270,4,,1019.9,,2
2025-05-24 10:00:00,12.8,3.5,53,0,,244,6.1,,1020.2,,3
2025-05-24 11:00:00,14,2.6,46,0,,228,6.5,,1019.9,,3
2025-05-24 12:00:00,15.1,2.9,44,0,,230,6.5,,1019.5,,3
2025-05-24 13:00:00,16,2,39,0,,236,7.9,,1018.9,,3
2025-05-24 14:00:00,17,2.2,37,0,,227,9.4,,1018.3,,3
2025-05-24 15:00:00,17.4,1.8,35,0,,214,10.4,,1017.8,,3
2025-05-24 16:00:00,17.9,1.8,34,0,,208,9.4,,1017.2,,3
2025-05-24 17:00:00,17.8,2.1,35,0,,229,11.9,,1016.8,,3
2025-05-24 18:00:00,17.1,3.4,40,0,,247,13,,1016.7,,3
2025-05-24 19:00:00,16,4.4,46,0,,255,10.4,,1017,,3
2025-05-24 20:00:00,14.8,5,52,0,,265,14,,1017.5,,3
2025-05-24 21:00:00,13.6,6,60,0,,247,13.7,,1018.4,,3
2025-05-24 22:00:00,12.5,5.9,64,0.3,,206,11.5,,1018.5,,8
2025-05-24 23:00:00,11.4,6.1,70,0.4,,154,12.2,,1018,,8
2025-05-25 00:00:00,10.9,7.4,79,0.6,,167,14.4,,1017.7,,8
2025-05-25 01:00:00,10.2,9,92,1.5,,166,13,,1017.4,,9
2025-05-25 02:00:00,10.5,8.9,90,0.8,,175,13.3,,1017.1,,8
2025-05-25 03:00:00,10.5,9.4,93,0.3,,182,13.3,,1016.4,,8
2025-05-25 04:00:00,10.7,9.3,91,0.6,,194,14.8,,1016.2,,8
2025-05-25 05:00:00,10.7,9.5,92,0,,180,12.6,,1016,,3
2025-05-25 06:00:00,10.9,9.5,91,0.7,,194,14,,1015.5,,8
2025-05-25 07:00:00,11.3,9.6,89,0.5,,205,15.8,,1015.1,,8
2025-05-25 08:00:00,11.5,9.9,90,2.6,,203,17.3,,1015,,9
2025-05-25 09:00:00,11.5,10.2,92,1.5,,210,18,,1015.6,,9
2025-05-25 10:00:00,12.5,11.6,94,0.4,,211,16.2,,1015.5,,8
2025-05-25 11:00:00,13.7,11.9,89,0.3,,209,17.3,,1015.3,,8
2025-05-25 12:00:00,16.3,12.1,76,0,,210,18.4,,1014.5,,3
2025-05-25 13:00:00,18.1,11.6,66,0,,236,22.3,,1014.1,,3
2025-05-25 14:00:00,18,11.3,65,0,,238,20.2,,1013.8,,3
2025-05-25 15:00:00,18.5,11.8,65,0,,242,19.1,,1013.8,,3
2025-05-25 16:00:00,19,11.8,63,0,,240,18,,1013.4,,3
2025-05-25 17:00:00,19,11.8,63,0,,234,16.2,,1013,,3
2025-05-25 18:00:00,19.5,12.3,63,0.1,,241,17.3,,1012.7,,17
2025-05-25 19:00:00,17.6,13.9,79,1.6,,282,13.3,,1013.1,,18
2025-05-25 20:00:00,15.2,14.2,94,7.8,,38,11.2,,1013.8,,9
2025-05-25 21:00:00,14.1,13.3,95,5.6,,99,13.3,,1014,,18
2025-05-25 22:00:00,14.7,12.9,89,0.8,,204,13.3,,1014.7,,8
2025-05-25 23:00:00,14.1,12.8,92,0.1,,217,14.8,,1014.9,,17
2025-05-26 00:00:00,13.9,12.9,94,0,,214,14.4,,1015,,3
2025-05-26 01:00:00,13.5,12.7,95,0,,221,13,,1015.5,,3
2025-05-26 02:00:00,13.2,12.6,96,0,,230,13,,1015.8,,3
2025-05-26 03:00:00,13.1,12.5,96,0,,240,11.9,,1015.8,,3
2025-05-26 04:00:00,12.7,12.1,96,0,,236,11.5,,1016.3,,3
2025-05-26 05:00:00,12,11.2,95,0,,248,11.5,,1016.7,,2
2025-05-26 06:00:00,11.6,10.7,94,0,,245,13,,1017.5,,3
2025-05-26 07:00:00,11.6,10,90,0,,243,13.3,,1017.8,,2
2025-05-26 08:00:00,12.4,9.8,84,0,,240,13,,1018.4,,3
2025-05-26 09:00:00,13.5,9.5,77,0,,244,14.4,,1018.6,,1
2025-05-26 10:00:00,14.9,9.5,70,0,,248,15.5,,1018.9,,1
2025-05-26 11:00:00,16.2,8.7,61,0,,260,17.3,,1018.9,,1
2025-05-26 12:00:00,17,7.9,55,0,,268,17.6,,1019,,2
2025-05-26 13:00:00,17.6,7.3,51,0,,273,17.3,,1019.1,,3
2025-05-26 14:00:00,18,6.5,47,0,,280,16.9,,1018.9,,3
2025-05-26 15:00:00,18.4,6.2,45,0,,275,17.3,,1018.9,,3
2025-05-26 16:00:00,18.2,5.1,42,0,,274,18,,1018.8,,3
2025-05-26 17:00:00,18.3,4.8,41,0,,274,17.6,,1018.7,,3
2025-05-26 18:00:00,17.6,6.5,48,0,,283,15.8,,1018.8,,3
2025-05-26 19:00:00,17,7.3,53,0,,283,13.3,,1019.1,,3
2025-05-26 20:00:00,16.3,7.8,57,0,,286,9.7,,1019.6,,2
2025-05-26 21:00:00,15.1,8.6,65,0,,296,6.5,,1020,,2
2025-05-26 22:00:00,14.2,8.4,68,0,,284,6.8,,1020.5,,3
2025-05-26 23:00:00,13.3,7.9,70,0,,236,5.8,,1020.9,,3
2025-05-27 00:00:00,13.2,8.3,72,0,,199,5.8,,1021,,3
2025-05-27 01:00:00,12.8,8.3,74,0,,182,7.2,,1020.8,,3
2025-05-27 02:00:00,12.1,8.2,77,0,,176,7.2,,1020.7,,3
2025-05-27 03:00:00,11.2,7.9,80,0,,175,9,,1020.3,,3
2025-05-27 04:00:00,10.7,7.8,82,0,,188,9,,1020.2,,3
2025-05-27 05:00:00,10.6,7.7,82,0,,184,9.4,,1020.3,,3
2025-05-27 06:00:00,10.7,7.6,81,0,,189,9.4,,1020.5,,3
2025-05-27 07:00:00,11.4,7.9,79,0,,192,8.6,,1020.4,,3
2025-05-27 08:00:00,12.8,8.7,76,0,,180,8.3,,1020.8,,3
2025-05-27 09:00:00,14.3,8.9,70,0,,202,10.8,,1021.2,,3
2025-05-27 10:00:00,15.1,9.5,69,0,,207,11.5,,1021.3,,3
2025-05-27 11:00:00,16.5,9.2,62,0,,234,15.5,,1021.1,,3
2025-05-27 12:00:00,18.2,8.5,53,0,,236,17.6,,1020.7,,3
2025-05-27 13:00:00,19.2,7.6,47,0,,240,16.9,,1020.4,,3
2025-05-27 14:00:00,19.4,7.8,47,0,,238,17.3,,1020.1,,3
2025-05-27 15:00:00,20.1,7.8,45,0,,239,18.7,,1019.5,,3
2025-05-27 16:00:00,20,8,46,0,,236,19.1,,1019.3,,3
2025-05-27 17:00:00,19.9,8.6,48,0,,235,18.4,,1019.3,,3
2025-05-27 18:00:00,19.9,8.9,49,0,,228,15.5,,1019,,3
2025-05-27 19:00:00,19.6,8.9,50,0,,231,14.4,,1018.7,,3
2025-05-27 20:00:00,18.9,9.1,53,0,,234,13.3,,1018.8,,3
2025-05-27 21:00:00,17.6,9,57,0,,227,12.6,,1018.7,,3
2025-05-27 22:00:00,17.3,9.5,60,0,,231,13.7,,1019.3,,3
2025-05-27 23:00:00,16.7,10.1,65,0,,233,14,,1019.1,,3
2025-05-28 00:00:00,16.4,10,66,0,,223,13,,1019.2,,3
2025-05-28 01:00:00,16,10.3,69,0,,216,13.7,,1019,,3
2025-05-28 02:00:00,15.6,10.6,72,0,,213,15.1,,1018.4,,3
2025-05-28 03:00:00,15.1,11.9,81,0.2,,215,14.8,,1018,,7
2025-05-28 04:00:00,14.7,12,84,0.3,,209,16.6,,1017.5,,8
2025-05-28 05:00:00,14.7,12,84,0.3,,215,18,,1017.2,,8
2025-05-28 06:00:00,14.3,12.5,89,0.7,,204,16.9,,1017.2,,8
2025-05-28 07:00:00,14.2,12.8,91,0.7,,208,17.3,,1016.7,,8
2025-05-28 08:00:00,14.5,13,91,0.5,,218,18,,1016.8,,8
2025-05-28 09:00:00,14.9,13.3,90,0.3,,227,20.5,,1017,,8
2025-05-28 10:00:00,15.7,13.2,85,0,,239,20.9,,1017.2,,3
2025-05-28 11:00:00,16.3,12.8,80,0.3,,240,20.9,,1017.1,,8
2025-05-28 12:00:00,15.8,12.5,81,0.6,,242,20.5,,1017.3,,8
2025-05-28 13:00:00,15.2,13.7,91,0,,230,22.7,,1017.4,,3
2025-05-28 14:00:00,17.3,13,76,0.1,,249,24.8,,1017,,7
2025-05-28 15:00:00,18.1,12.3,69,0,,253,24.1,,1016.5,,3
2025-05-28 16:00:00,16.9,13,78,3.4,,251,26.3,,1016.3,,18
2025-05-28 17:00:00,17.7,14,79,2,,247,20.9,,1016.2,,9
2025-05-28 18:00:00,17.4,12.5,73,0.1,,261,16.6,,1016.4,,17
2025-05-28 19:00:00,16.4,13.5,83,3.8,,269,16.9,,1016.9,,18
2025-05-28 20:00:00,15.7,13,84,2.1,,303,16.2,,1017.8,,18
2025-05-28 21:00:00,14.1,12.7,91,2.2,,328,9.7,,1018.7,,18
2025-05-28 22:00:00,13.6,12,90,0,,273,10.4,,1019.4,,2
2025-05-28 23:00:00,13.4,12.1,92,0,,276,9.4,,1020.1,,2
2025-05-29 00:00:00,12.4,11.1,92,0.1,,257,9,,1020.7,,17
2025-05-29 01:00:00,11.9,10.6,92,0,,260,8.6,,1021.2,,1
2025-05-29 02:00:00,11.7,10.3,91,0,,283,7.9,,1021.7,,2
2025-05-29 03:00:00,11.6,10,90,0,,295,7.6,,1022.1,,3
2025-05-29 04:00:00,11,9.7,92,0,,293,6.1,,1022.6,,3
2025-05-29 05:00:00,10.7,9.5,92,0,,302,5,,1022.8,,3
2025-05-29 06:00:00,11,9.6,91,0,,268,5.4,,1023.3,,3
2025-05-29 07:00:00,12.1,10.7,91,0,,227,7.6,,1024,,3
2025-05-29 08:00:00,13,11.6,91,0,,224,9,,1024.4,,3
2025-05-29 09:00:00,14,11.3,84,0,,235,9,,1024.5,,3
2025-05-29 10:00:00,15,11.2,78,0.1,,234,8.3,,1024.4,,7
2025-05-29 11:00:00,16.1,11.9,76,0.2,,242,10.1,,1024.4,,7
2025-05-29 12:00:00,17.2,12.1,72,0,,254,11.9,,1024.2,,3
2025-05-29 13:00:00,18.4,11.7,65,0,,267,13,,1024.2,,3
2025-05-29 14:00:00,18.3,10.6,61,0,,274,11.9,,1024,,3
2025-05-29 15:00:00,18.6,10.4,59,0,,285,11.2,,1024,,3
2025-05-29 16:00:00,18.9,10.5,58,0,,280,12.2,,1023.5,,3
2025-05-29 17:00:00,19.3,9.8,54,0,,256,13,,1023,,3
2025-05-29 18:00:00,19.5,9.9,54,0,,240,12.6,,1022.8,,3
2025-05-29 19:00:00,19.2,11.2,60,0,,250,10.1,,1022.6,,3
2025-05-29 20:00:00,18.4,11.5,64,0,,256,9,,1022.8,,3
2025-05-29 21:00:00,17.5,12.2,71,0,,238,7.6,,1022.9,,3
2025-05-29 22:00:00,16.7,12,74,0,,168,5.8,,1023,,3
2025-05-29 23:00:00,16.4,11.8,74,0,,169,7.2,,1023.1,,3
2025-05-30 00:00:00,16.6,12.5,77,0,,186,7.2,,1023.1,,2
2025-05-30 01:00:00,15.2,12.3,83,0,,185,8.3,,1023,,3
2025-05-30 02:00:00,14.4,12.1,86,0,,171,8.3,,1023.1,,2
2025-05-30 03:00:00,13.7,11.7,88,0,,156,8.3,,1023,,1
2025-05-30 04:00:00,13.2,11.4,89,0,,149,8.6,,1023,,1
2025-05-30 05:00:00,13.1,11.2,88,0,,153,8.3,,1022.9,,1
2025-05-30 06:00:00,13.3,11.4,88,0,,160,9.4,,1023,,3
2025-05-30 07:00:00,14.3,12,86,0,,170,8.3,,1023,,3
2025-05-30 08:00:00,15.9,12.8,82,0,,179,6.8,,1023.2,,3
2025-05-30 09:00:00,17.9,13.4,75,0,,194,7.2,,1023.2,,3
2025-05-30 10:00:00,20.3,13.7,66,0,,205,9.4,,1022.7,,3
2025-05-30 11:00:00,22.1,13.4,58,0,,220,12.6,,1022.4,,2
2025-05-30 12:00:00,23.9,13.1,51,0,,250,14,,1021.6,,2
2025-05-30 13:00:00,25.6,12.4,44,0,,276,12.6,,1021,,2
2025-05-30 14:00:00,26,12.8,44,0,,278,12.6,,1020.7,,3
2025-05-30 15:00:00,27,11.8,39,0,,292,14,,1020.5,,2
2025-05-30 16:00:00,27.1,12.7,41,0,,300,11.9,,1020.1,,3
2025-05-30 17:00:00,27.4,12.6,40,0,,322,11.2,,1019.7,,2
2025-05-30 18:00:00,26.6,13.7,45,0,,358,8.3,,1019.3,,2
2025-05-30 19:00:00,25.9,15.6,53,0,,16,5.4,,1019.3,,1
2025-05-30 20:00:00,24.6,18.3,68,0,,105,4.7,,1019.3,,1
2025-05-30 21:00:00,22.2,16.9,72,0,,156,10.1,,1019.3,,1
2025-05-30 22:00:00,20.9,15.4,71,0,,189,10.8,,1019.8,,1
2025-05-30 23:00:00,20.1,15.1,73,0,,208,8.6,,1019.9,,1
2025-05-31 00:00:00,19,14.9,77,0,,202,6.1,,1020,,1
2025-05-31 01:00:00,18.3,14.6,79,0,,132,5.4,,1019.6,,1
2025-05-31 02:00:00,17.7,14.4,81,0,,131,4.7,,1019.7,,1
2025-05-31 03:00:00,17.1,14,82,0,,131,5,,1019.5,,2
2025-05-31 04:00:00,16.5,13.8,84,0,,126,4.7,,1019.5,,1
2025-05-31 05:00:00,15.9,13.7,87,0,,119,5,,1019.5,,1
2025-05-31 06:00:00,15.8,13.3,85,0,,124,6.1,,1019.2,,1
2025-05-31 07:00:00,17.2,13.7,80,0,,125,6.8,,1019.4,,2
2025-05-31 08:00:00,19.4,14.6,74,0,,141,4,,1019.5,,1
2025-05-31 09:00:00,21.6,14.7,65,0,,159,4,,1019.6,,2
2025-05-31 10:00:00,23.7,15.5,60,0,,174,4.7,,1019.5,,3
2025-05-31 11:00:00,25.5,16.3,57,0,,195,5.4,,1019.3,,3
2025-05-31 12:00:00,27,15.7,50,0,,201,5.4,,1018.9,,3
2025-05-31 13:00:00,28,14.9,45,0,,204,4.7,,1018.2,,2
2025-05-31 14:00:00,28.7,14.9,43,0,,187,4.3,,1017.7,,1
2025-05-31 15:00:00,29.1,14.5,41,0,,182,5.4,,1017,,2
2025-05-31 16:00:00,29.3,14.7,41,0.1,,245,13.3,,1017,,17
2025-05-31 17:00:00,23.7,16.7,65,0.3,,358,16.6,,1018.6,,8
2025-05-31 18:00:00,21.1,17.1,78,0,,34,11.9,,1018.9,,3
2025-05-31 19:00:00,21,17,78,0,,85,8.6,,1017.4,,3
2025-05-31 20:00:00,21.5,17.3,77,0,,155,7.6,,1017.2,,3
2025-05-31 21:00:00,19.7,18.2,91,0,,156,8.3,,1017.9,,3
2025-05-31 22:00:00,19.2,17.9,92,0,,153,5,,1017.9,,3
2025-05-31 23:00:00,18.5,17.2,92,0,,109,5.8,,1017.8,,3
2025-06-01 00:00:00,18.5,17.2,92,0,,96,6.1,,1017.2,,3
2025-06-01 01:00:00,17.9,16.4,91,0,,92,6.5,,1016.7,,3
2025-06-01 02:00:00,17.6,15.9,90,0,,92,8.3,,1016,,3
2025-06-01 03:00:00,16.7,15.2,91,0,,112,8.3,,1015.8,,3
2025-06-01 04:00:00,16.4,14.9,91,0,,275,11.2,,1016.2,,3
2025-06-01 05:00:00,17,15.3,90,0.1,,78,7.2,,1016.7,,7
2025-06-01 06:00:00,16.7,15.2,91,0.1,,115,10.4,,1015.6,,7
2025-06-01 07:00:00,17.3,16.5,95,0,,166,14,,1016.2,,3
2025-06-01 08:00:00,18,17,94,0,,162,11.2,,1015.7,,3
2025-06-01 09:00:00,19.8,17.6,87,0,,157,9,,1015.9,,3
2025-06-01 10:00:00,21.8,17.6,77,0,,161,11.2,,1015.6,,3
2025-06-01 11:00:00,23.6,17.1,67,0,,220,15.8,,1015.2,,3
2025-06-01 12:00:00,24.5,17.5,65,0,,221,13.3,,1015.1,,3
2025-06-01 13:00:00,25.2,17.1,61,0,,225,15.5,,1014.3,,3
2025-06-01 14:00:00,25.9,16.7,57,0,,234,16.9,,1013.6,,3
2025-06-01 15:00:00,25.1,16.2,58,0.3,,267,23,,1013.5,,8
2025-06-01 16:00:00,21.2,18,82,0.3,,10,13,,1013.9,,8
2025-06-01 17:00:00,23.9,17.4,67,0.2,,318,7.6,,1013.5,,7
2025-06-01 18:00:00,23.7,17.2,67,0.1,,312,7.6,,1013.4,,7
2025-06-01 19:00:00,23.2,17,68,0.4,,288,7.2,,1013.7,,8
2025-06-01 20:00:00,21.2,18,82,1.2,,56,6.5,,1014.2,,9
2025-06-01 21:00:00,19.6,18.1,91,0.3,,125,7.9,,1014.4,,8
2025-06-01 22:00:00,17.8,17.3,97,4.6,,139,12.2,,1014.9,,9
2025-06-01 23:00:00,17,16.4,96,0.2,,173,12.6,,1015.7,,7
2025-06-02 00:00:00,16.3,15.8,97,0.2,,173,10.4,,1015.9,,7
2025-06-02 01:00:00,16.6,16.3,98,0,,193,9.7,,1015.7,,3
2025-06-02 02:00:00,16.5,16.3,99,0.1,,220,11.5,,1016,,7
2025-06-02 03:00:00,15.9,15.4,97,0.1,,244,9.7,,1015.9,,7
2025-06-02 04:00:00,15.5,14.9,96,0,,263,6.5,,1015.7,,3
2025-06-02 05:00:00,15.4,14.8,96,0,,209,4.7,,1015.7,,2
2025-06-02 06:00:00,15.4,14.9,97,0,,219,6.5,,1016.4,,3
2025-06-02 07:00:00,15.8,15,95,0,,197,4,,1016.6,,3
2025-06-02 08:00:00,16.5,14.9,90,0,,160,4,,1016.8,,3
2025-06-02 09:00:00,17.4,14.8,85,0,,178,5.8,,1016.9,,3
2025-06-02 10:00:00,18.9,15,78,0,,208,5.8,,1017.1,,3
2025-06-02 11:00:00,18.8,14.5,76,0,,188,4.3,,1017.1,,3
2025-06-02 12:00:00,19.2,14.4,74,0.2,,194,5.8,,1017.2,,7
2025-06-02 13:00:00,21.7,14.1,62,0.1,,212,7.6,,1016.7,,7
2025-06-02 14:00:00,21.7,14.1,62,0,,228,7.6,,1016,,3
2025-06-02 15:00:00,21.4,14.3,64,0.1,,235,10.8,,1015.5,,7
2025-06-02 16:00:00,20.3,14.4,69,1.6,,286,14.4,,1015.6,,18
2025-06-02 17:00:00,19.2,14.7,75,0.2,,343,11.5,,1015.3,,7
2025-06-02 18:00:00,18.4,14.5,78,0,,307,10.8,,1015.8,,3
2025-06-02 19:00:00,18.6,14.3,76,0.2,,264,5.4,,1015.7,,7
2025-06-02 20:00:00,18.3,14.8,80,0,,220,4,,1016.2,,3
2025-06-02 21:00:00,17.2,15,87,0,,196,4.7,,1016.5,,3
2025-06-02 22:00:00,16,14.4,90,0,,166,6.8,,1016.9,,3
2025-06-02 23:00:00,15.9,14.8,93,0,,188,7.2,,1017.2,,3
2025-06-03 00:00:00,15.4,14.6,95,0,,182,7.2,,1017.1,,3
2025-06-03 01:00:00,14.7,14.4,98,0,,171,6.1,,1017,,3
2025-06-03 02:00:00,14.4,14.1,98,0,,155,5,,1016.8,,3
2025-06-03 03:00:00,14.6,14.1,97,0,,159,4.3,,1016.6,,3
2025-06-03 04:00:00,13,12.8,99,0,,150,4.7,,1016.4,,3
2025-06-03 05:00:00,12.2,12,99,0,,144,4,,1016.3,,5
2025-06-03 06:00:00,12.4,12.2,99,0,,124,3.6,,1016.3,,5
2025-06-03 07:00:00,13.7,13.4,98,0,,119,5.8,,1016,,5
2025-06-03 08:00:00,15.2,13.9,92,0,,130,5.4,,1015.8,,5
2025-06-03 09:00:00,17,13.1,78,0,,164,5.4,,1015.9,,2
2025-06-03 10:00:00,18.8,12.5,67,0,,165,5.4,,1015.7,,2
2025-06-03 11:00:00,20.2,11.1,56,0,,183,5,,1015.2,,2
2025-06-03 12:00:00,21.2,11.2,53,0,,180,6.5,,1014.8,,2
2025-06-03 13:00:00,22.2,12.2,53,0,,198,8.3,,1014.3,,1
2025-06-03 14:00:00,22.8,12.1,51,0,,212,8.6,,1013.6,,2
2025-06-03 15:00:00,23.2,12.5,51,0,,223,9.4,,1012.7,,2
2025-06-03 16:00:00,23.4,13,52,0,,214,9.7,,1012.3,,2
2025-06-03 17:00:00,23.7,13.3,52,0,,207,11.9,,1011.8,,2
2025-06-03 18:00:00,23,13.5,55,0,,216,13,,1011.3,,3
2025-06-03 19:00:00,22,15.1,65,0,,209,13.3,,1011.4,,2
2025-06-03 20:00:00,21.8,14.4,63,0,,203,12.6,,1011.5,,3
2025-06-03 21:00:00,20.2,15.4,74,0,,210,11.5,,1011.4,,3
2025-06-03 22:00:00,19.2,15.9,81,0,,195,8.3,,1011.7,,3
2025-06-03 23:00:00,18.5,15.9,85,0,,188,10.1,,1012,,3
2025-06-04 00:00:00,17.9,15.9,88,0,,196,9.4,,1012,,3
2025-06-04 01:00:00,16.8,14.4,86,0,,177,9,,1012.2,,1
2025-06-04 02:00:00,16.4,14.4,88,0,,161,7.9,,1012,,1
2025-06-04 03:00:00,16.1,14.3,89,0,,159,8.6,,1011.6,,3
2025-06-04 04:00:00,16,14.4,90,0,,150,8.6,,1010.9,,3
2025-06-04 05:00:00,15.9,14.3,90,0,,141,7.6,,1010.7,,3
2025-06-04 06:00:00,15.7,14.9,95,0.8,,185,12.2,,1011.2,,8
2025-06-04 07:00:00,16.3,15.3,94,0,,151,11.2,,1011.1,,3
2025-06-04 08:00:00,17.3,16,92,0,,159,10.1,,1011.4,,3
2025-06-04 09:00:00,18.1,16.1,88,0,,164,10.8,,1011.6,,3
2025-06-04 10:00:00,18.5,15.7,84,0.5,,185,11.5,,1011.6,,8
2025-06-04 11:00:00,19.6,16.1,80,1.2,,187,15.1,,1010.7,,9
2025-06-04 12:00:00,20,16.4,80,0.4,,190,15.1,,1010.5,,8
2025-06-04 13:00:00,21.1,16.7,76,0.2,,203,15.1,,1009.9,,7
2025-06-04 14:00:00,20.7,16.7,78,1.6,,226,18,,1009.8,,9
2025-06-04 15:00:00,19.8,16.8,83,3.8,,245,17.3,,1009.5,,9
2025-06-04 16:00:00,17.8,16.1,90,2.1,,218,15.1,,1010,,9
2025-06-04 17:00:00,18.6,16.9,90,0.5,,212,12.6,,1009.7,,8
2025-06-04 18:00:00,18.1,16.6,91,1.1,,215,12.6,,1009.6,,9
2025-06-04 19:00:00,17.3,16.7,96,1.1,,217,13.7,,1010,,9
2025-06-04 20:00:00,17.1,16.6,97,0.7,,219,13.3,,1010,,8
2025-06-04 21:00:00,16.8,16.2,96,0.1,,214,12.6,,1010.2,,7
2025-06-04 22:00:00,16.2,15.6,96,0,,199,10.1,,1011,,3
2025-06-04 23:00:00,16.2,15.6,96,0,,204,11.9,,1011.6,,3
2025-06-05 00:00:00,15.8,15,95,0,,218,12.2,,1011.8,,3
2025-06-05 01:00:00,14.9,14.3,96,0,,216,11.5,,1012.1,,3
2025-06-05 02:00:00,14.7,14.1,96,0,,198,10.8,,1012.7,,3
2025-06-05 03:00:00,14.6,14,96,0,,204,11.5,,1012.9,,3
2025-06-05 04:00:00,14.6,14,96,0,,202,11.5,,1012.8,,3
2025-06-05 05:00:00,14.5,13.9,96,0,,201,11.2,,1013.1,,3
2025-06-05 06:00:00,14.4,13.8,96,0,,200,11.5,,1013,,3
2025-06-05 07:00:00,14.8,13.5,92,0,,222,13.3,,1013.6,,3
2025-06-05 08:00:00,15.5,13.5,88,0.1,,230,15.8,,1013.5,,17
2025-06-05 09:00:00,16.3,13.6,84,0,,227,16.6,,1013.8,,2
2025-06-05 10:00:00,17.3,13,76,0,,226,16.6,,1014,,3
2025-06-05 11:00:00,18.1,12.3,69,0,,217,15.5,,1013.5,,3
2025-06-05 12:00:00,19.2,10.7,58,0,,222,16.9,,1013.3,,2
2025-06-05 13:00:00,19.8,10.2,54,0,,231,20.2,,1012.9,,3
2025-06-05 14:00:00,20.1,10.5,54,0.2,,232,20.9,,1012.6,,7
2025-06-05 15:00:00,19.9,10,53,0,,235,20.2,,1012.4,,3
2025-06-05 16:00:00,19.6,10.3,55,0,,234,18.4,,1012.3,,3
2025-06-05 17:00:00,19.7,9.8,53,0,,228,16.6,,1012.3,,3
2025-06-05 18:00:00,19.7,10.4,55,0,,224,18.4,,1012.2,,2
2025-06-05 19:00:00,19.3,11.1,59,0,,206,14.4,,1011.7,,3
2025-06-05 20:00:00,18.8,11.8,64,0,,198,11.9,,1011.8,,3
2025-06-05 21:00:00,17.8,12.3,70,0,,191,11.2,,1012,,3
2025-06-05 22:00:00,17,11.9,72,0,,177,10.8,,1012.2,,3
2025-06-05 23:00:00,16.9,12,73,0,,185,12.6,,1012,,3
2025-06-06 00:00:00,16.7,12.2,75,0,,199,13.7,,1011.6,,3
2025-06-06 01:00:00,16.3,12.8,80,0.1,,192,14.4,,1011.4,,7
2025-06-06 02:00:00,16.5,13.2,81,0,,191,14.4,,1010.8,,3
2025-06-06 03:00:00,16.6,12.9,79,0,,195,15.8,,1010.5,,3
2025-06-06 04:00:00,16.2,13.1,82,2,,201,17.6,,1010.1,,9
2025-06-06 05:00:00,16.1,13.4,84,0.1,,206,19.1,,1010.3,,7
2025-06-06 06:00:00,16.3,13,81,0,,204,18.7,,1010.4,,3
2025-06-06 07:00:00,16.9,13.2,79,0,,205,22.3,,1010.6,,3
2025-06-06 08:00:00,17.2,13.5,79,0,,213,20.9,,1011.1,,3
2025-06-06 09:00:00,17.2,13.7,80,0.2,,218,19.8,,1011.9,,7
2025-06-06 10:00:00,17.7,14.4,81,0.1,,215,18.7,,1012.6,,7
2025-06-06 11:00:00,18.6,14.3,76,0,,224,23.8,,1012.9,,3
2025-06-06 12:00:00,19.8,14.2,70,0,,227,24.5,,1013.1,,3
2025-06-06 13:00:00,17.4,14.5,83,0.3,,226,15.1,,1013.7,,17
2025-06-06 14:00:00,17.3,15.3,88,1.9,,215,13.3,,1013.7,,9
2025-06-06 15:00:00,18.7,14.6,77,0,,214,16.2,,1013.6,,3
2025-06-06 16:00:00,20,14.6,71,0,,216,16.6,,1013.3,,3
2025-06-06 17:00:00,19.9,14.7,72,0,,233,19.1,,1013.1,,3
2025-06-06 18:00:00,19.5,14.5,73,0,,220,14.8,,1013,,3
2025-06-06 19:00:00,19,14.5,75,0.1,,220,16.9,,1013.1,,7
2025-06-06 20:00:00,17.8,14.9,83,0,,211,14.4,,1013.6,,3
2025-06-06 21:00:00,17.2,14.8,86,0,,206,11.5,,1013.8,,3
2025-06-06 22:00:00,16.9,14.7,87,0,,222,11.2,,1014.1,,3
2025-06-06 23:00:00,16.9,14.9,88,0.4,,213,11.5,,1014.2,,17
2025-06-07 00:00:00,16.1,14.8,92,0.1,,204,13,,1014.2,,17
2025-06-07 01:00:00,15.6,14.8,95,0,,193,11.9,,1014,,2
2025-06-07 02:00:00,15.1,14.6,97,0,,190,11.9,,1013.9,,2
2025-06-07 03:00:00,15.1,14.6,97,0,,198,11.9,,1013.6,,3
2025-06-07 04:00:00,15,14.2,95,0,,197,13.3,,1013.3,,3
2025-06-07 05:00:00,14.5,13.7,95,0.2,,200,12.6,,1012.8,,17
2025-06-07 06:00:00,14.8,14.2,96,0,,191,14,,1012.8,,3
2025-06-07 07:00:00,15.2,14.4,95,0,,199,13.7,,1012.3,,3
2025-06-07 08:00:00,15.8,14.5,92,0,,207,14.4,,1012.4,,3
2025-06-07 09:00:00,17.2,14.7,85,0.5,,210,15.5,,1012.1,,8
2025-06-07 10:00:00,17.4,13.7,79,0,,213,16.6,,1012,,3
2025-06-07 11:00:00,18,13.5,75,0.1,,221,19.4,,1011.9,,7
2025-06-07 12:00:00,18.7,12.7,68,0.2,,245,22,,1011.9,,7
2025-06-07 13:00:00,18.8,11.4,62,0,,247,18.7,,1011.8,,3
2025-06-07 14:00:00,19.5,11,58,0,,244,22,,1011.9,,3
2025-06-07 15:00:00,19.6,11.4,59,0,,247,20.2,,1011.7,,3
2025-06-07 16:00:00,20.4,11.3,56,0,,239,21.2,,1011.2,,3
2025-06-07 17:00:00,20.2,10.6,54,0,,238,21.6,,1011.1,,3
2025-06-07 18:00:00,18.3,12.7,70,1.3,,262,20.2,,1011.6,,18
2025-06-07 19:00:00,17.8,13.5,76,0,,220,15.8,,1011.8,,2
2025-06-07 20:00:00,17.7,12.8,73,0,,222,13.3,,1012.2,,2
2025-06-07 21:00:00,16.8,12.5,76,0,,217,14.4,,1012.5,,3
2025-06-07 22:00:00,15.8,12.5,81,0,,207,13.3,,1012.8,,3
2025-06-07 23:00:00,15,12.7,86,0,,195,11.9,,1012.6,,3
2025-06-08 00:00:00,14.8,12.7,87,0,,199,10.8,,1012.5,,3
2025-06-08 01:00:00,14.5,12.7,89,0.1,,185,14.4,,1012.1,,7
2025-06-08 02:00:00,14,12.7,92,1.4,,191,14,,1011.8,,18
2025-06-08 03:00:00,14.1,12.7,91,0.5,,214,16.2,,1011.4,,8
2025-06-08 04:00:00,13.9,12.5,91,0.4,,216,19.1,,1011.4,,17
2025-06-08 05:00:00,13.8,12.4,91,0,,217,18,,1011.4,,3
2025-06-08 06:00:00,13.7,12.4,92,0.5,,221,18.4,,1011.6,,17
2025-06-08 07:00:00,13.8,12.2,90,0.8,,234,20.2,,1012.1,,17
2025-06-08 08:00:00,14.6,12.8,89,0.4,,236,22.7,,1012.2,,17
2025-06-08 09:00:00,15.2,12.7,85,0.2,,241,21.2,,1012.7,,17
2025-06-08 10:00:00,15.2,12,81,3.2,,254,19.8,,1013.2,,18
2025-06-08 11:00:00,16.4,10.7,69,0.2,,264,22.7,,1013.7,,17
2025-06-08 12:00:00,17.3,9.2,59,0,,266,22,,1014.1,,2
2025-06-08 13:00:00,17.9,9.5,58,0,,262,23.4,,1014.9,,3
2025-06-08 14:00:00,18.1,9.4,57,0.3,,264,23.8,,1015.6,,17
2025-06-08 15:00:00,17.6,8.7,56,0,,262,24.1,,1016.5,,2
2025-06-08 16:00:00,17.6,7.9,53,0,,266,28.1,,1016.9,,3
2025-06-08 17:00:00,16.9,7.5,54,0,,269,25.2,,1017.7,,3
2025-06-08 18:00:00,17.1,7.2,52,0,,275,24.1,,1018.2,,1
2025-06-08 19:00:00,16.5,7.2,54,0,,279,20.5,,1019,,2
2025-06-08 20:00:00,15.7,6.9,56,0,,281,16.9,,1020.2,,1
2025-06-08 21:00:00,14.6,6.9,60,0,,287,15.1,,1021.2,,1
2025-06-08 22:00:00,13.5,6.8,64,0,,285,11.9,,1022.6,,2
2025-06-08 23:00:00,12.5,7.4,71,0,,267,7.9,,1023.2,,1
2025-06-09 00:00:00,11.9,7.4,74,0,,263,7.2,,1023.6,,1
2025-06-09 01:00:00,11.1,7.6,79,0,,255,5.8,,1024,,1
2025-06-09 02:00:00,10.4,7.5,82,0,,238,5,,1024.1,,1
2025-06-09 03:00:00,9.8,7.4,85,0,,194,6.1,,1024.4,,1
2025-06-09 04:00:00,9.3,7.4,88,0,,173,6.5,,1024.6,,1
2025-06-09 05:00:00,9,7.3,89,0,,164,7.6,,1024.8,,1
2025-06-09 06:00:00,9,7.4,90,0,,160,7.2,,1024.7,,1
2025-06-09 07:00:00,10,8.3,89,0,,163,7.9,,1024.8,,1
2025-06-09 08:00:00,11.6,8.8,83,0,,179,6.5,,1025,,1
2025-06-09 09:00:00,13.7,9.1,74,0,,205,7.2,,1025.1,,1
2025-06-09 10:00:00,15.6,8.1,61,0,,232,9,,1025,,2
2025-06-09 11:00:00,16.8,7.7,55,0,,250,11.9,,1025,,2
2025-06-09 12:00:00,17.2,7.3,52,0,,252,12.2,,1024.8,,3
2025-06-09 13:00:00,17.7,7.4,51,0,,244,11.5,,1024.5,,3
2025-06-09 14:00:00,18.4,7.8,50,0,,246,9,,1024.3,,3
2025-06-09 15:00:00,19.2,7.6,47,0,,259,9.7,,1023.9,,3
2025-06-09 16:00:00,19.4,7.8,47,0,,231,8.3,,1023.6,,3
2025-06-09 17:00:00,19.8,7.8,46,0,,242,7.6,,1023.1,,3
2025-06-09 18:00:00,20.1,7.8,45,0,,268,7.6,,1022.7,,3
2025-06-09 19:00:00,19.9,8.9,49,0,,308,5.8,,1022.4,,3
2025-06-09 20:00:00,18.8,11.6,63,0,,19,5.4,,1022.6,,3
2025-06-09 21:00:00,16.3,8.3,59,0,,47,11.9,,1022.7,,3
2025-06-09 22:00:00,14.6,8.8,68,0,,97,9.7,,1022.7,,2
2025-06-09 23:00:00,14.2,9,71,0,,116,10.8,,1022.5,,1
2025-06-10 00:00:00,13.7,8.7,72,0,,114,9,,1022.3,,2
2025-06-10 01:00:00,12.9,9,77,0,,119,9,,1022.1,,3
2025-06-10 02:00:00,12.2,9,81,0,,125,7.9,,1021.8,,1
2025-06-10 03:00:00,11.7,8.9,83,0,,126,7.9,,1021.3,,1
2025-06-10 04:00:00,11.3,8.7,84,0,,116,8.3,,1020.9,,1
2025-06-10 05:00:00,11.1,8.5,84,0,,115,8.3,,1020.5,,1
2025-06-10 06:00:00,10.9,8.5,85,0,,124,7.6,,1020.4,,1
2025-06-10 07:00:00,12,9,82,0,,129,7.6,,1020.1,,2
2025-06-10 08:00:00,13.8,10.2,79,0,,143,6.8,,1020.1,,3
2025-06-10 09:00:00,15.7,11.3,75,0,,162,7.2,,1020.1,,3
2025-06-10 10:00:00,17.3,12,71,0,,179,8.6,,1019.6,,3
2025-06-10 11:00:00,19.6,12.4,63,0,,192,11.2,,1019,,3
2025-06-10 12:00:00,21,12.7,59,0,,205,12.6,,1018.3,,3
2025-06-10 13:00:00,22.2,11.9,52,0,,238,15.5,,1017.8,,3
2025-06-10 14:00:00,22.8,11.2,48,0,,234,15.8,,1017.2,,3
2025-06-10 15:00:00,23.7,11.1,45,0,,250,18.4,,1016.7,,3
2025-06-10 16:00:00,24,11.3,45,0,,256,19.4,,1015.9,,3
2025-06-10 17:00:00,23.8,11.1,45,0,,256,20.5,,1015.6,,3
2025-06-10 18:00:00,23.5,11.5,47,0,,259,17.6,,1015.4,,3
2025-06-10 19:00:00,22.8,12.4,52,0,,277,14,,1015.4,,3
2025-06-10 20:00:00,21.5,12.6,57,0,,302,16.6,,1016,,3
2025-06-10 21:00:00,20.2,12.4,61,0,,298,13.3,,1016.8,,3
2025-06-10 22:00:00,19,12.7,67,0,,292,11.9,,1017.7,,3
2025-06-10 23:00:00,17.8,13.3,75,0,,314,9.7,,1018.6,,3
2025-06-11 00:00:00,16.3,13.4,83,0,,332,6.5,,1019.1,,3
2025-06-11 01:00:00,15.5,13.3,87,0,,336,6.8,,1019.6,,3
2025-06-11 02:00:00,15,13.4,90,0,,345,6.8,,1020.2,,3
2025-06-11 03:00:00,14.5,12.7,89,0,,339,7.2,,1020.7,,3
2025-06-11 04:00:00,14,12.2,89,0,,328,7.6,,1020.9,,3
2025-06-11 05:00:00,13.3,11.7,90,0,,328,6.8,,1020.9,,1
2025-06-11 06:00:00,12.9,11.5,91,0,,337,7.6,,1021.3,,1
2025-06-11 07:00:00,13.7,11.9,89,0,,358,6.1,,1022,,1
2025-06-11 08:00:00,14.7,11.3,80,0,,2,6.8,,1022.3,,1
2025-06-11 09:00:00,15.6,9.5,67,0,,358,7.6,,1022.3,,1
2025-06-11 10:00:00,16.7,8.9,60,0,,349,6.1,,1022,,1
2025-06-11 11:00:00,17.9,8.7,55,0,,345,5.8,,1021.9,,2
2025-06-11 12:00:00,19.1,8.7,51,0,,338,6.1,,1021.6,,2
2025-06-11 13:00:00,20.5,8.8,47,0,,332,5.8,,1021.5,,3
2025-06-11 14:00:00,21.3,8.5,44,0,,332,5,,1021.3,,3
2025-06-11 15:00:00,21.9,8.4,42,0,,331,5.8,,1021,,3
2025-06-11 16:00:00,22.3,9.1,43,0,,334,7.2,,1020.4,,1
2025-06-11 17:00:00,22.4,9.5,44,0,,356,8.3,,1019.7,,1
2025-06-11 18:00:00,22.6,9.7,44,0,,8,10.1,,1019.2,,1
2025-06-11 19:00:00,22.2,9.4,44,0,,20,11.5,,1018.9,,1
2025-06-11 20:00:00,20.9,11.2,54,0,,30,10.8,,1019.1,,1
2025-06-11 21:00:00,18.8,12.5,67,0,,61,9.4,,1019.5,,1
2025-06-11 22:00:00,17.2,12.1,72,0,,63,9.7,,1020.2,,1
2025-06-11 23:00:00,16.5,10.8,69,0,,62,11.2,,1020.1,,1
2025-06-12 00:00:00,15.9,9.1,64,0,,73,12.6,,1019.9,,1
2025-06-12 01:00:00,15.5,7.8,60,0,,77,15.5,,1019.5,,1
2025-06-12 02:00:00,14.9,7.7,62,0,,81,14.8,,1019.1,,1
2025-06-12 03:00:00,14.4,7.9,65,0,,85,14,,1019,,1
2025-06-12 04:00:00,14.3,7.1,62,0,,90,15.8,,1018.7,,1
2025-06-12 05:00:00,13.9,7,63,0,,96,16.6,,1018.5,,1
2025-06-12 06:00:00,13.9,7.2,64,0,,95,17.3,,1018.3,,1
2025-06-12 07:00:00,15,8,63,0,,98,17.3,,1018.5,,1
2025-06-12 08:00:00,16.5,9.2,62,0,,97,15.1,,1018.8,,1
2025-06-12 09:00:00,18.2,9.8,58,0,,100,15.5,,1018.8,,1
2025-06-12 10:00:00,20.1,10.8,55,0,,97,13.7,,1018.8,,1
2025-06-12 11:00:00,22.2,11,49,0,,99,13.3,,1018.7,,1
2025-06-12 12:00:00,23.9,10.2,42,0,,102,14.4,,1018.3,,1
2025-06-12 13:00:00,25.1,9.8,38,0,,105,14.4,,1018,,1
2025-06-12 14:00:00,25.9,10.9,39,0,,104,14.8,,1017.7,,1
2025-06-12 15:00:00,26.6,11.1,38,0,,105,14,,1017.4,,3
2025-06-12 16:00:00,27.1,11.5,38,0,,100,15.5,,1017.1,,3
2025-06-12 17:00:00,27.2,11.6,38,0,,106,14.4,,1016.9,,3
2025-06-12 18:00:00,27.1,11.9,39,0,,105,13,,1016.8,,3
2025-06-12 19:00:00,26.4,12.4,42,0,,98,12.6,,1016.8,,3
2025-06-12 20:00:00,25,13.2,48,0,,88,13.3,,1017.2,,1
2025-06-12 21:00:00,23.3,12.9,52,0,,90,14.8,,1017.4,,1
2025-06-12 22:00:00,22.2,11.9,52,0,,95,15.5,,1018,,3
2025-06-12 23:00:00,21.4,11.7,54,0,,101,15.5,,1018.4,,2
2025-06-13 00:00:00,21,10.5,51,0,,105,15.1,,1018.5,,1
2025-06-13 01:00:00,20.2,10,52,0,,103,15.8,,1018.5,,2
2025-06-13 02:00:00,19.5,9.9,54,0,,103,15.5,,1018.6,,3
2025-06-13 03:00:00,18.9,9.9,56,0,,99,15.8,,1018.8,,2
2025-06-13 04:00:00,18.2,10.6,61,0,,91,15.8,,1019.1,,2
2025-06-13 05:00:00,17.9,9.5,58,0,,85,15.8,,1019.2,,3
2025-06-13 06:00:00,17.7,10.6,63,0,,88,15.8,,1019.4,,3
2025-06-13 07:00:00,18.7,10.8,60,0,,86,15.5,,1019.8,,3
2025-06-13 08:00:00,20.5,11.4,56,0,,83,12.6,,1020.2,,3
2025-06-13 09:00:00,22.4,12.1,52,0,,89,13.7,,1020.5,,3
2025-06-13 10:00:00,23.9,13.4,52,0,,88,11.9,,1020.7,,1
2025-06-13 11:00:00,26.2,14,47,0,,88,10.4,,1020.6,,1
2025-06-13 12:00:00,28.4,14.2,42,0,,98,11.5,,1020.2,,1
2025-06-13 13:00:00,30,13.7,37,0,,105,12.2,,1019.9,,3
2025-06-13 14:00:00,31,13.3,34,0,,101,13,,1019.6,,2
2025-06-13 15:00:00,31.6,12.4,31,0,,101,14.4,,1019.4,,3
2025-06-13 16:00:00,31.7,11.5,29,0,,100,14.8,,1019.1,,1
2025-06-13 17:00:00,31.6,11.4,29,0,,99,14.8,,1018.8,,1
2025-06-13 18:00:00,31.1,11.5,30,0,,98,14.8,,1018.5,,1
2025-06-13 19:00:00,30.2,11.7,32,0,,93,14.4,,1018.2,,1
2025-06-13 20:00:00,28.8,12.6,37,0,,92,14.4,,1018.3,,1
2025-06-13 21:00:00,27.1,11.5,38,0,,90,15.1,,1018.2,,1
2025-06-13 22:00:00,26,10.2,37,0,,95,16.9,,1018.4,,1
2025-06-13 23:00:00,25,10.8,41,0,,105,17.3,,1018.6,,1
2025-06-14 00:00:00,23.9,10.9,44,0,,110,16.9,,1018.7,,1
2025-06-14 01:00:00,23.1,9.8,43,0,,111,16.6,,1018.6,,1
2025-06-14 02:00:00,22.4,9.5,44,0,,110,17.3,,1018.3,,2
2025-06-14 03:00:00,21.9,9.1,44,0,,112,17.3,,1018,,3
2025-06-14 04:00:00,21.4,9,45,0,,113,16.9,,1017.8,,3
2025-06-14 05:00:00,21,8.9,46,0,,112,17.6,,1017.6,,3
2025-06-14 06:00:00,20.7,8,44,0,,115,15.8,,1017.9,,1
2025-06-14 07:00:00,21.2,8.5,44,0,,111,15.5,,1018,,1
2025-06-14 08:00:00,22.5,8.9,42,0,,118,13,,1018.3,,1
2025-06-14 09:00:00,24.4,9.5,39,0,,113,13.7,,1018.2,,1
2025-06-14 10:00:00,26.6,10.7,37,0,,123,10.4,,1018.2,,1
2025-06-14 11:00:00,28.4,14.2,42,0,,142,5.8,,1018.3,,1
2025-06-14 12:00:00,30.1,14.2,38,0,,167,7.6,,1018.1,,1
2025-06-14 13:00:00,31.5,14.6,36,0,,174,10.1,,1017.9,,1
2025-06-14 14:00:00,33,13.1,30,0,,194,14.8,,1017.3,,1
2025-06-14 15:00:00,33.5,13.5,30,0,,213,18,,1016.7,,1
2025-06-14 16:00:00,33.2,14.3,32,0,,236,15.1,,1016.8,,3
2025-06-14 17:00:00,32.4,14,33,0,,237,18,,1017.2,,3
2025-06-14 18:00:00,30.6,15,39,0,,238,14.4,,1017.2,,3
2025-06-14 19:00:00,30.4,15.3,40,0,,258,10.1,,1017.3,,2
2025-06-14 20:00:00,29.8,16.2,44,0,,277,6.8,,1017.4,,1
2025-06-14 21:00:00,27.4,17.3,54,0,,308,8.6,,1017.9,,1
2025-06-14 22:00:00,25.4,17.8,63,0,,325,9.7,,1018.6,,1
2025-06-14 23:00:00,24.1,18.3,70,0,,350,7.9,,1018.8,,2
2025-06-15 00:00:00,23.1,18.4,75,0,,22,5.8,,1018.5,,1
2025-06-15 01:00:00,22.3,18.3,78,0,,40,5.4,,1018.3,,1
2025-06-15 02:00:00,21.5,18.1,81,0,,39,5.8,,1018,,1
2025-06-15 03:00:00,20.6,18,85,0,,84,4.3,,1018,,2
2025-06-15 04:00:00,19.8,17.9,89,0,,102,4.7,,1018.3,,3
2025-06-15 05:00:00,19.5,17.8,90,0,,4,3.2,,1018.4,,3
2025-06-15 06:00:00,19.5,17.6,89,0,,56,6.5,,1018.2,,3
2025-06-15 07:00:00,21.1,17.9,82,0,,32,4,,1018.3,,3
2025-06-15 08:00:00,21.2,17.6,80,0,,61,8.6,,1018,,3
2025-06-15 09:00:00,24.3,18,68,0,,17,4.3,,1018.2,,3
2025-06-15 10:00:00,24.5,18,67,0.3,,30,7.9,,1018.8,,17
2025-06-15 11:00:00,25.9,17.3,59,0,,72,3.2,,1018.5,,3
2025-06-15 12:00:00,27.8,16.7,51,0,,103,4.3,,1018,,3
2025-06-15 13:00:00,26.5,18.6,62,0.4,,277,10.1,,1018.3,,17
2025-06-15 14:00:00,27.5,18.8,59,0,,292,10.8,,1017.7,,2
2025-06-15 15:00:00,27.7,18.1,56,0,,316,10.8,,1016.8,,3
2025-06-15 16:00:00,22.4,19.2,82,8.1,,322,19.1,,1017.7,,9
2025-06-15 17:00:00,21.8,19.2,85,1.2,,318,16.6,,1018.5,,9
2025-06-15 18:00:00,19.9,18.4,91,0.1,,337,14.8,,1019.6,,7
2025-06-15 19:00:00,20.3,17.9,86,0.1,,333,13.3,,1020.1,,7
2025-06-15 20:00:00,20.1,16.9,82,0.1,,323,13.3,,1021.1,,7
2025-06-15 21:00:00,19.5,14.5,73,0,,333,13.3,,1021.6,,3
2025-06-15 22:00:00,18.9,13.5,71,0,,329,11.5,,1022.6,,3
2025-06-15 23:00:00,16.3,14.5,89,0,,345,11.9,,1023.2,,3
2025-06-16 00:00:00,16.1,15,93,0,,267,9,,1023.9,,3
2025-06-16 01:00:00,16.1,14.8,92,0,,272,7.6,,1024.4,,3
2025-06-16 02:00:00,16,14.9,93,0,,237,7.2,,1024.3,,3
2025-06-16 03:00:00,15,14.4,96,0,,226,7.9,,1024.7,,2
2025-06-16 04:00:00,15.8,15.2,96,0,,254,5.4,,1024.7,,3
2025-06-16 05:00:00,15.9,14.8,93,0,,299,6.1,,1025.2,,3
2025-06-16 06:00:00,15.6,14.1,91,0,,323,8.6,,1025.6,,3
2025-06-16 07:00:00,15.4,13.8,90,0,,331,9.7,,1026.1,,2
2025-06-16 08:00:00,16.1,13.4,84,0,,340,9,,1026.7,,1
2025-06-16 09:00:00,17,13.1,78,0,,345,9.4,,1027,,1
2025-06-16 10:00:00,18.3,12.9,71,0,,347,9.4,,1027,,1
2025-06-16 11:00:00,19.5,13,66,0,,344,7.6,,1027.1,,1
2025-06-16 12:00:00,20.6,12.3,59,0,,336,7.9,,1027.1,,1
2025-06-16 13:00:00,21.5,12.1,55,0,,338,10.1,,1027,,1
2025-06-16 14:00:00,21.9,12.2,54,0,,341,11.5,,1026.9,,1
2025-06-16 15:00:00,21.8,11.8,53,0,,337,12.2,,1026.4,,2
2025-06-16 16:00:00,22.8,11.2,48,0,,349,10.8,,1026.2,,2
2025-06-16 17:00:00,22.5,11.2,49,0,,350,10.4,,1026.1,,3
2025-06-16 18:00:00,22.5,11.2,49,0,,353,9.7,,1026,,2
2025-06-16 19:00:00,22.2,11.6,51,0,,4,7.2,,1026,,3
2025-06-16 20:00:00,21.7,13.6,60,0,,4,4.7,,1026.1,,2
2025-06-16 21:00:00,20.6,14.7,69,0,,18,4.3,,1026.1,,1
2025-06-16 22:00:00,19,14,73,0,,54,4.7,,1026.7,,2
2025-06-16 23:00:00,17.4,13.7,79,0,,73,4.7,,1027.1,,1
2025-06-17 00:00:00,16.2,13.7,85,0,,63,4.7,,1027,,1
2025-06-17 01:00:00,15.1,13.5,90,0,,63,5.4,,1027,,1
2025-06-17 02:00:00,14.3,13,92,0,,61,5.8,,1026.8,,1
2025-06-17 03:00:00,13.6,12.5,93,0,,84,6.1,,1026.5,,1
2025-06-17 04:00:00,13.2,12.1,93,0,,99,6.8,,1026.3,,1
2025-06-17 05:00:00,12.8,11.5,92,0,,102,6.8,,1026.1,,2
2025-06-17 06:00:00,12.9,11.6,92,0,,94,7.2,,1026.1,,2
2025-06-17 07:00:00,14.4,12.8,90,0,,83,7.2,,1026.3,,2
2025-06-17 08:00:00,16.7,13.4,81,0,,353,4.7,,1026.4,,2
2025-06-17 09:00:00,18.9,13.5,71,0,,329,3.6,,1026.5,,1
2025-06-17 10:00:00,20.6,13.5,64,0,,339,4.7,,1026.8,,1
2025-06-17 11:00:00,22.2,12.7,55,0,,4,5.8,,1026.5,,1
2025-06-17 12:00:00,23.5,12.5,50,0,,16,6.5,,1026,,1
2025-06-17 13:00:00,24.3,11.9,46,0,,348,7.2,,1025.6,,3
2025-06-17 14:00:00,25.1,12.3,45,0,,293,7.6,,1025,,2
2025-06-17 15:00:00,25.7,12.5,44,0,,140,9,,1024.4,,2
2025-06-17 16:00:00,26,12.4,43,0,,147,9.4,,1024.2,,2
2025-06-17 17:00:00,25.8,12.6,44,0,,147,9,,1023.6,,2
2025-06-17 18:00:00,25.6,13.1,46,0,,142,8.6,,1023.4,,2
2025-06-17 19:00:00,25,13.2,48,0,,127,7.9,,1023.2,,3
2025-06-17 20:00:00,23.6,14.3,56,0,,140,5.4,,1023.3,,3
2025-06-17 21:00:00,21.6,15,66,0,,115,5.4,,1023.2,,1
2025-06-17 22:00:00,20,14.4,70,0,,77,4.3,,1023.4,,1
2025-06-17 23:00:00,18.8,14.3,75,0,,71,4.3,,1023.6,,1
2025-06-18 00:00:00,17.6,14.3,81,0,,86,4.7,,1023.4,,3
2025-06-18 01:00:00,16.9,14.2,84,0,,69,4,,1023.2,,3
2025-06-18 02:00:00,16,14.2,89,0,,97,5.8,,1023,,1
2025-06-18 03:00:00,15.3,14,92,0,,120,6.1,,1023,,2
2025-06-18 04:00:00,15.1,13.5,90,0,,89,7.2,,1022.8,,2
2025-06-18 05:00:00,14.9,13.3,90,0,,52,6.5,,1022.9,,3
2025-06-18 06:00:00,15.3,13.1,87,0,,79,6.1,,1022.6,,3
2025-06-18 07:00:00,16.9,13.4,80,0,,99,7.2,,1022.8,,3
2025-06-18 08:00:00,18.9,14.2,74,0,,98,4.7,,1023,,2
2025-06-18 09:00:00,21,14.2,65,0,,184,2.5,,1023.3,,1
2025-06-18 10:00:00,22.9,14.5,59,0,,296,2.5,,1023.3,,3
2025-06-18 11:00:00,24.5,14.9,55,0,,300,3.6,,1023.1,,2
2025-06-18 12:00:00,25.9,13.7,47,0,,318,6.1,,1023,,2
2025-06-18 13:00:00,26.8,12.8,42,0,,319,8.6,,1022.8,,2
2025-06-18 14:00:00,27,12.6,41,0,,322,10.4,,1022.6,,3
2025-06-18 15:00:00,27.3,12.1,39,0,,324,11.5,,1022.5,,3
2025-06-18 16:00:00,27.5,11.1,36,0,,348,11.2,,1022,,3
2025-06-18 17:00:00,27.7,10.4,34,0,,356,10.1,,1021.7,,3
2025-06-18 18:00:00,27.6,9.4,32,0,,348,7.9,,1021.2,,1
2025-06-18 19:00:00,27.6,9.9,33,0,,359,4.7,,1021,,1
2025-06-18 20:00:00,26.3,14.4,48,0,,10,3.6,,1021,,1
2025-06-18 21:00:00,24.2,14.9,56,0,,29,4.3,,1021.2,,1
2025-06-18 22:00:00,22.6,13.9,58,0,,47,6.1,,1021.6,,1
2025-06-18 23:00:00,21,13.7,63,0,,5,8.3,,1022,,1
2025-06-19 00:00:00,19.7,13.8,69,0,,13,10.1,,1022.3,,1
2025-06-19 01:00:00,19.2,13.1,68,0,,23,9,,1022.5,,1
2025-06-19 02:00:00,18.9,12.9,68,0,,16,8.3,,1022.3,,1
2025-06-19 03:00:00,17.9,13,73,0,,4,7.2,,1022.3,,1
2025-06-19 04:00:00,17.2,12.9,76,0,,10,7.9,,1022.7,,1
2025-06-19 05:00:00,16.7,12.8,78,0,,16,7.9,,1023.1,,1
2025-06-19 06:00:00,16.7,12.8,78,0,,5,8.3,,1023.3,,1
2025-06-19 07:00:00,18.2,12.6,70,0,,353,8.3,,1023.4,,1
2025-06-19 08:00:00,19.7,13.2,66,0,,330,6.8,,1023.5,,1
2025-06-19 09:00:00,21.4,13.8,62,0,,322,7.2,,1023.8,,1
2025-06-19 10:00:00,23.2,14.7,59,0,,330,9.4,,1023.8,,1
2025-06-19 11:00:00,24.9,14.9,54,0,,343,11.9,,1023.7,,1
2025-06-19 12:00:00,25.7,14.2,49,0,,348,11.5,,1023.6,,1
2025-06-19 13:00:00,26.4,13.5,45,0,,348,11.5,,1023.5,,1
2025-06-19 14:00:00,27,12.2,40,0,,352,12.6,,1023.2,,1
2025-06-19 15:00:00,27.5,11.5,37,0,,356,12.6,,1023,,1
2025-06-19 16:00:00,27.7,11.7,37,0,,357,12.6,,1022.5,,1
2025-06-19 17:00:00,27.8,11.8,37,0,,357,12.6,,1022,,1
2025-06-19 18:00:00,27.4,11.8,38,0,,7,13.7,,1022,,1
2025-06-19 19:00:00,26.6,11.9,40,0,,20,14,,1022,,1
2025-06-19 20:00:00,25.4,12.2,44,0,,28,13.3,,1022.4,,1
2025-06-19 21:00:00,23.6,11.9,48,0,,22,13,,1023,,1
2025-06-19 22:00:00,22.1,11.8,52,0,,22,13,,1023.2,,1
2025-06-19 23:00:00,20.8,11.1,54,0,,27,14,,1023.8,,1
2025-06-20 00:00:00,19.7,10.9,57,0,,30,12.2,,1024.2,,1
2025-06-20 01:00:00,18.6,10.7,60,0,,23,11.2,,1024.5,,1
2025-06-20 02:00:00,17.8,10.4,62,0,,25,11.2,,1024.6,,1
2025-06-20 03:00:00,17.3,9.7,61,0,,36,11.2,,1024.7,,1
2025-06-20 04:00:00,16.7,9.4,62,0,,34,10.8,,1024.5,,1
2025-06-20 05:00:00,16,9.4,65,0,,27,9.4,,1024.5,,1
2025-06-20 06:00:00,15.7,9.4,66,0,,20,8.6,,1024.5,,1
2025-06-20 07:00:00,16.8,9.7,63,0,,13,8.6,,1024.7,,1
2025-06-20 08:00:00,18.4,9.5,56,0,,33,8.6,,1024.8,,1
2025-06-20 09:00:00,20.2,9.4,50,0,,53,11.2,,1024.8,,1
2025-06-20 10:00:00,22.1,9.3,44,0,,61,11.5,,1024.5,,1
2025-06-20 11:00:00,23.8,9.4,40,0,,58,10.4,,1024.3,,1
2025-06-20 12:00:00,25.3,9.6,37,0,,60,10.4,,1024,,1
2025-06-20 13:00:00,25.5,9.7,37,0,,53,9.4,,1023.7,,1
2025-06-20 14:00:00,26.5,9.3,34,0,,49,8.3,,1023.3,,1
2025-06-20 15:00:00,27.3,8.7,31,0,,41,9.4,,1022.9,,1
2025-06-20 16:00:00,27.9,7.2,27,0,,38,10.4,,1022.3,,3
2025-06-20 17:00:00,28.2,5.7,24,0,,41,11.9,,1021.9,,1
2025-06-20 18:00:00,28.1,3.7,21,0,,52,11.9,,1021.5,,1
2025-06-20 19:00:00,27.4,3.8,22,0,,61,12.6,,1021.3,,1
2025-06-20 20:00:00,26.1,5.6,27,0,,79,11.5,,1021.7,,1
2025-06-20 21:00:00,24,8,36,0,,90,10.4,,1022,,1
2025-06-20 22:00:00,21.8,8.7,43,0,,64,9.4,,1022.5,,1
2025-06-20 23:00:00,20,9,49,0,,46,9.4,,1022.6,,1
2025-06-21 00:00:00,19.5,7.2,45,0,,53,10.8,,1022.4,,2
2025-06-21 01:00:00,19.1,6.9,45,0,,58,14,,1022.1,,3
2025-06-21 02:00:00,18.4,6.9,47,0,,80,15.5,,1021.9,,3
2025-06-21 03:00:00,17.8,7.8,52,0,,90,14.8,,1021.7,,3
2025-06-21 04:00:00,17.8,6.6,48,0,,88,15.5,,1021.4,,3
2025-06-21 05:00:00,17.3,6.5,49,0,,89,14.4,,1021.2,,3
2025-06-21 06:00:00,16.9,7.3,53,0,,71,13.7,,1021.4,,3
2025-06-21 07:00:00,17.7,8.3,54,0,,68,13.3,,1021.7,,3
2025-06-21 08:00:00,19,8,49,0,,72,11.2,,1022,,3
2025-06-21 09:00:00,20.1,9.3,50,0,,77,11.9,,1022.2,,3
2025-06-21 10:00:00,22.2,9.4,44,0,,77,10.1,,1022.2,,3
2025-06-21 11:00:00,24.6,9.7,39,0,,76,7.9,,1021.8,,3
2025-06-21 12:00:00,26.6,9,33,0,,100,8.6,,1021.5,,3
2025-06-21 13:00:00,28,6.7,26,0,,111,10.4,,1021,,3
2025-06-21 14:00:00,28.8,5.6,23,0,,108,10.4,,1020.6,,3
2025-06-21 15:00:00,29.5,4.9,21,0,,101,10.8,,1020.1,,3
2025-06-21 16:00:00,30,5.3,21,0,,99,10.1,,1019.5,,3
2025-06-21 17:00:00,30.1,6,22,0,,105,9.7,,1019.1,,1
2025-06-21 18:00:00,29.8,5.8,22,0,,114,9.4,,1018.8,,1
2025-06-21 19:00:00,29.3,6,23,0,,120,9.4,,1018.6,,1
2025-06-21 20:00:00,28.1,7.9,28,0,,116,8.3,,1018.9,,1
2025-06-21 21:00:00,26.3,9.2,34,0,,88,6.8,,1019.3,,1
2025-06-21 22:00:00,24.3,9.4,39,0,,73,6.5,,1019.5,,1
2025-06-21 23:00:00,22.7,10.1,45,0,,76,9,,1019.6,,1
2025-06-22 00:00:00,21.7,9.6,46,0,,102,11.5,,1019.3,,1
2025-06-22 01:00:00,21.1,9.3,47,0,,114,11.5,,1019.3,,1
2025-06-22 02:00:00,20.3,9.8,51,0,,114,11.5,,1019.3,,1
2025-06-22 03:00:00,19.8,9.9,53,0,,114,11.9,,1019.2,,1
2025-06-22 04:00:00,19.2,9.4,53,0,,110,12.2,,1018.9,,1
2025-06-22 05:00:00,19.2,8.5,50,0,,109,12.6,,1018.5,,1
2025-06-22 06:00:00,19.1,8.1,49,0,,110,13.7,,1018.1,,1
2025-06-22 07:00:00,20,8.6,48,0,,121,12.6,,1018.2,,1
2025-06-22 08:00:00,21.8,8.7,43,0,,124,9.7,,1018.3,,1
2025-06-22 09:00:00,24,9.2,39,0,,130,10.1,,1018.4,,1
2025-06-22 10:00:00,24.7,12.3,46,0,,148,7.9,,1018.5,,2
2025-06-22 11:00:00,26.9,12.9,42,0,,166,7.2,,1018.2,,3
2025-06-22 12:00:00,29,13.6,39,0,,178,9,,1017.6,,1
2025-06-22 13:00:00,30.7,13.5,35,0,,189,9.7,,1016.9,,2
2025-06-22 14:00:00,32.1,12.8,31,0,,198,10.1,,1016.3,,1
2025-06-22 15:00:00,32.9,11.4,27,0,,201,12.2,,1015.8,,1
2025-06-22 16:00:00,33.4,10.1,24,0,,199,13.7,,1014.8,,1
2025-06-22 17:00:00,33.5,10.1,24,0,,204,14,,1014.1,,1
2025-06-22 18:00:00,33.1,11.6,27,0,,197,14.8,,1013.5,,2
2025-06-22 19:00:00,32.3,12.5,30,0,,188,13.7,,1012.9,,3
2025-06-22 20:00:00,30.8,13.1,34,0,,191,14,,1012.9,,3
2025-06-22 21:00:00,29,13.2,38,0,,203,12.2,,1013,,3
2025-06-22 22:00:00,27.6,13.5,42,0,,208,10.1,,1013.4,,3
2025-06-22 23:00:00,26.8,14.2,46,0,,206,11.2,,1013.5,,3
2025-06-23 00:00:00,25.9,14.7,50,0,,233,11.2,,1013.8,,3
2025-06-23 01:00:00,25.4,16.5,58,0,,294,11.2,,1013.8,,3
2025-06-23 02:00:00,24.6,17.1,63,0,,299,7.2,,1013.9,,1
2025-06-23 03:00:00,24.1,17.6,67,0,,288,10.4,,1014.3,,2
2025-06-23 04:00:00,23.3,16.8,67,0,,303,9.7,,1014.4,,3
2025-06-23 05:00:00,22,16.7,72,0,,288,5.4,,1014.2,,2
2025-06-23 06:00:00,20.5,17.5,83,0,,183,7.2,,1013.6,,2
2025-06-23 07:00:00,21.5,17.7,79,0,,184,9,,1013.8,,2
2025-06-23 08:00:00,22.7,18,75,0,,208,14,,1013.7,,3
2025-06-23 09:00:00,24,17.7,68,0,,212,17.3,,1013.7,,3
2025-06-23 10:00:00,25.5,16.6,58,0,,227,24.5,,1013.4,,2
2025-06-23 11:00:00,27,16,51,0,,238,25.6,,1012.3,,3
2025-06-23 12:00:00,28,13.1,40,0,,245,28.8,,1012.1,,3
2025-06-23 13:00:00,28.7,8.9,29,0,,256,27.7,,1012.1,,3
2025-06-23 14:00:00,28.1,10.3,33,0,,268,26.6,,1012.2,,3
2025-06-23 15:00:00,25.1,13.3,48,0.7,,293,27,,1012.7,,8
2025-06-23 16:00:00,26.3,11.6,40,0.2,,275,28.8,,1012.4,,7
2025-06-23 17:00:00,25.3,11.8,43,0,,273,26.3,,1013,,3
2025-06-23 18:00:00,25.5,10.9,40,0,,267,24.5,,1013,,3
2025-06-23 19:00:00,25.5,10.1,38,0,,274,22.7,,1013.2,,3
2025-06-23 20:00:00,24.2,11.2,44,0,,282,22,,1013.9,,3
2025-06-23 21:00:00,23.1,10.5,45,0,,284,17.6,,1014.7,,3
2025-06-23 22:00:00,21.6,11.6,53,0,,294,16.9,,1015.7,,3
2025-06-23 23:00:00,20.4,12.1,59,0,,285,11.5,,1016,,2
2025-06-24 00:00:00,19.8,12.3,62,0,,271,11.5,,1016.2,,1
2025-06-24 01:00:00,19.2,12,63,0,,304,11.2,,1016.6,,1
2025-06-24 02:00:00,18.6,10.2,58,0,,296,9.7,,1016.9,,1
2025-06-24 03:00:00,17.9,9,56,0,,279,8.6,,1016.7,,2
2025-06-24 04:00:00,17.4,8.5,56,0,,271,8.6,,1016.8,,2
2025-06-24 05:00:00,17,8.9,59,0,,261,10.4,,1016.6,,2
2025-06-24 06:00:00,16.8,9.2,61,0,,249,11.2,,1016.8,,2
2025-06-24 07:00:00,17.4,9.3,59,0,,246,11.9,,1017,,2
2025-06-24 08:00:00,18.3,7.7,50,0,,252,13.7,,1016.9,,2
2025-06-24 09:00:00,19.4,7.8,47,0,,242,14.4,,1017,,1
2025-06-24 10:00:00,20.9,7.8,43,0,,247,17.3,,1016.8,,1
2025-06-24 11:00:00,22.5,7.8,39,0,,252,18,,1016.3,,1
2025-06-24 12:00:00,24.1,8.1,36,0,,246,18.4,,1015.9,,1
2025-06-24 13:00:00,25.1,7.7,33,0,,250,19.4,,1015.8,,1
2025-06-24 14:00:00,26.5,8,31,0,,250,19.8,,1015.3,,1
2025-06-24 15:00:00,27.5,7.9,29,0,,253,19.8,,1014.7,,1
2025-06-24 16:00:00,28.2,7.9,28,0,,252,19.1,,1014,,1
2025-06-24 17:00:00,28.6,8.3,28,0,,252,19.4,,1013.5,,1
2025-06-24 18:00:00,28.6,7.2,26,0,,255,19.1,,1013.3,,1
2025-06-24 19:00:00,28.1,7.9,28,0,,257,18.4,,1013.1,,1
2025-06-24 20:00:00,27.3,8.2,30,0,,260,15.5,,1013.5,,1
2025-06-24 21:00:00,25.6,9.4,36,0,,274,13.3,,1013.8,,1
2025-06-24 22:00:00,23.9,9.8,41,0,,269,11.2,,1014.1,,1
2025-06-24 23:00:00,23.3,10.7,45,0,,257,10.1,,1014.4,,1
2025-06-25 00:00:00,22.5,10.9,48,0,,234,8.6,,1014.6,,1
2025-06-25 01:00:00,21.8,11.2,51,0,,237,8.3,,1014.6,,1
2025-06-25 02:00:00,21,11.9,56,0,,224,6.5,,1014.6,,1
2025-06-25 03:00:00,20.2,12.2,60,0,,200,8.3,,1014.5,,1
2025-06-25 04:00:00,20.3,12.5,61,0,,202,9.7,,1014,,1
2025-06-25 05:00:00,19.5,12.7,65,0,,203,9.7,,1013.9,,1
2025-06-25 06:00:00,19.3,13.2,68,0,,200,8.6,,1014.3,,1
2025-06-25 07:00:00,20.4,13.6,65,0,,169,7.9,,1014.5,,1
2025-06-25 08:00:00,22.2,13.8,59,0,,177,5.8,,1014.7,,1
2025-06-25 09:00:00,24.4,13.6,51,0,,205,7.6,,1014.9,,1
2025-06-25 10:00:00,26.5,12.9,43,0,,221,9.7,,1015,,1
2025-06-25 11:00:00,28.2,11.7,36,0,,221,11.2,,1014.5,,1
2025-06-25 12:00:00,29.7,12.1,34,0,,228,11.9,,1014.1,,1
2025-06-25 13:00:00,31.1,12,31,0,,228,12.2,,1013.7,,2
2025-06-25 14:00:00,31.4,13.6,34,0,,224,12.2,,1013.4,,3
2025-06-25 15:00:00,32.4,13.1,31,0,,230,11.5,,1012.9,,3
2025-06-25 16:00:00,33.2,12.2,28,0,,247,10.4,,1012.3,,3
2025-06-25 17:00:00,33.7,11.5,26,0,,285,10.1,,1011.9,,3
2025-06-25 18:00:00,33.5,11.3,26,0,,310,9,,1011.4,,1
2025-06-25 19:00:00,33.5,10.7,25,0,,256,9.4,,1011,,1
2025-06-25 20:00:00,32.7,12.3,29,0,,243,6.8,,1011.2,,1
2025-06-25 21:00:00,30.3,14.8,39,0,,196,10.8,,1011.1,,1
2025-06-25 22:00:00,27.7,16,49,0,,187,7.2,,1011.8,,1
2025-06-25 23:00:00,26.6,15.6,51,0,,84,3.2,,1011.8,,2
2025-06-26 00:00:00,25.3,13.2,47,0,,92,6.5,,1011.2,,1
2025-06-26 01:00:00,24.1,13.6,52,0,,96,8.6,,1010.8,,1
2025-06-26 02:00:00,23.4,13.8,55,0,,98,10.1,,1010.6,,2
2025-06-26 03:00:00,23.3,14,56,0,,113,9,,1010.7,,3
2025-06-26 04:00:00,21.5,15.1,67,0.7,,355,19.1,,1013,,8
2025-06-26 05:00:00,22.1,15.2,65,0,,313,10.8,,1012.8,,3
2025-06-26 06:00:00,21.9,16.4,71,0,,78,9,,1010.8,,3
2025-06-26 07:00:00,22.4,16,67,0,,193,10.4,,1012.6,,3
2025-06-26 08:00:00,23.8,16.1,62,0,,195,13.3,,1013,,2
2025-06-26 09:00:00,24.6,17.1,63,0,,212,15.1,,1013.8,,3
2025-06-26 10:00:00,26.1,16.9,57,0,,213,15.8,,1013.8,,3
2025-06-26 11:00:00,27.6,16.5,51,0,,232,18.7,,1013.7,,2
2025-06-26 12:00:00,24.5,18.4,69,2.8,,237,21.2,,1014.6,,18
2025-06-26 13:00:00,26.2,17.5,59,0,,220,18,,1013.9,,3
2025-06-26 14:00:00,27.8,17,52,0,,223,20.9,,1014,,3
2025-06-26 15:00:00,27.2,13.9,44,0.2,,254,24.8,,1014.3,,17
2025-06-26 16:00:00,27.3,13.6,43,0,,258,22.3,,1014.3,,2
2025-06-26 17:00:00,27,13.7,44,0,,274,22.3,,1014.9,,2
2025-06-26 18:00:00,26.1,14.2,48,0.2,,286,19.4,,1015.8,,17
2025-06-26 19:00:00,25.8,14.6,50,0,,285,15.8,,1016.1,,2
2025-06-26 20:00:00,25.7,13.2,46,0,,280,16.6,,1016.6,,1
2025-06-26 21:00:00,24.4,13.9,52,0,,269,14,,1017.6,,1
2025-06-26 22:00:00,23.1,14.6,59,0,,257,11.5,,1018.6,,1
2025-06-26 23:00:00,22.1,15.2,65,0,,243,9.4,,1019.3,,1
2025-06-27 00:00:00,21.8,15.6,68,0,,240,9.7,,1019.7,,3
2025-06-27 01:00:00,21.2,15.5,70,0,,246,9.4,,1020.6,,3
2025-06-27 02:00:00,20.9,15.9,73,0,,236,9,,1020.7,,3
2025-06-27 03:00:00,20.5,15.9,75,0,,239,9,,1020.4,,3
2025-06-27 04:00:00,20.1,16.1,78,0,,245,9,,1020.8,,3
2025-06-27 05:00:00,19.7,16.1,80,0.1,,234,7.9,,1021,,17
2025-06-27 06:00:00,20.2,16.4,79,0.2,,219,10.1,,1021.1,,7
2025-06-27 07:00:00,20.7,16.5,77,0,,227,9.4,,1021.4,,3
2025-06-27 08:00:00,21.3,16.5,74,0,,233,9.4,,1021.8,,3
2025-06-27 09:00:00,21.8,16.5,72,0.3,,235,10.1,,1022.1,,8
2025-06-27 10:00:00,22.1,16.4,70,0.1,,259,14.8,,1022.1,,7
2025-06-27 11:00:00,20.1,19.1,94,1.4,,255,11.2,,1022.7,,9
2025-06-27 12:00:00,20.3,18.6,90,0.8,,266,13.7,,1023.2,,8
2025-06-27 13:00:00,20.8,18,84,0,,287,8.6,,1023.4,,3
2025-06-27 14:00:00,22.2,17.3,74,0,,264,7.9,,1023.4,,3
2025-06-27 15:00:00,23.1,17.1,69,0,,228,9.4,,1023.2,,3
2025-06-27 16:00:00,25.2,14.9,53,0.2,,288,14,,1023,,17
2025-06-27 17:00:00,26.2,14.3,48,0.2,,291,13.3,,1022.4,,17
2025-06-27 18:00:00,26.2,14.3,48,0.3,,308,14.4,,1022.3,,17
2025-06-27 19:00:00,25.8,14.9,51,0.1,,326,14.4,,1022.4,,17
2025-06-27 20:00:00,24.5,15.4,57,0,,348,10.4,,1022.8,,2
2025-06-27 21:00:00,22.5,18.5,78,0,,29,4.3,,1023.5,,1
2025-06-27 22:00:00,21.4,18.2,82,0,,34,4.7,,1024.2,,2
2025-06-27 23:00:00,20.8,18,84,0,,105,5,,1024.5,,2
2025-06-28 00:00:00,20.1,18.2,89,0,,122,5,,1024.6,,3
2025-06-28 01:00:00,19.7,18,90,0,,127,4.3,,1024.9,,3
2025-06-28 02:00:00,19.6,17.9,90,0,,123,4.7,,1024.9,,2
2025-06-28 03:00:00,19.2,17.5,90,0,,117,3.6,,1025,,2
2025-06-28 04:00:00,18.8,17.3,91,0,,91,1.8,,1025.3,,2
2025-06-28 05:00:00,18.6,17.1,91,0,,107,2.2,,1025.4,,1
2025-06-28 06:00:00,18.6,17.4,93,0,,144,1.8,,1025.8,,1
2025-06-28 07:00:00,19.6,18.6,94,0,,138,4.7,,1025.9,,1
2025-06-28 08:00:00,21,18.7,87,0,,150,3.2,,1025.9,,1
2025-06-28 09:00:00,22.8,18.8,78,0,,197,4.3,,1026.2,,1
2025-06-28 10:00:00,24.4,17.9,67,0,,229,6.1,,1026.1,,1
2025-06-28 11:00:00,25.7,17.1,59,0,,257,7.9,,1025.9,,1
2025-06-28 12:00:00,26.9,16.5,53,0,,276,9,,1025.7,,2
2025-06-28 13:00:00,27.8,16.1,49,0,,276,9,,1025.4,,3
2025-06-28 14:00:00,28.8,15.7,45,0,,283,8.6,,1024.9,,3
2025-06-28 15:00:00,29.7,15,41,0,,292,9.7,,1024.3,,3
2025-06-28 16:00:00,30.4,15.3,40,0,,320,10.1,,1023.8,,3
2025-06-28 17:00:00,30.6,14.6,38,0,,327,11.5,,1023.2,,3
2025-06-28 18:00:00,29.8,15.1,41,0,,343,14.4,,1023.1,,2
2025-06-28 19:00:00,29.2,15.7,44,0,,340,11.2,,1023,,1
2025-06-28 20:00:00,28.3,17.5,52,0,,322,8.6,,1022.9,,1
2025-06-28 21:00:00,26,18.1,62,0,,11,9,,1023.3,,1
2025-06-28 22:00:00,24.7,18.2,67,0,,40,5.4,,1023.2,,1
2025-06-28 23:00:00,23.9,17.6,68,0,,336,8.6,,1023.7,,1
2025-06-29 00:00:00,23.3,17.1,68,0,,335,7.6,,1023.9,,1
2025-06-29 01:00:00,22.3,17.4,74,0,,351,7.6,,1024.2,,1
2025-06-29 02:00:00,21.4,17.4,78,0,,4,8.3,,1024.2,,1
2025-06-29 03:00:00,20.5,16.7,79,0,,9,6.1,,1024,,1
2025-06-29 04:00:00,19.8,16.6,82,0,,20,6.5,,1023.9,,1
2025-06-29 05:00:00,19.2,16,82,0,,21,6.1,,1023.8,,1
2025-06-29 06:00:00,19.2,15.9,81,0,,17,6.1,,1023.7,,1
2025-06-29 07:00:00,20.3,16.3,78,0,,4,7.6,,1023.9,,1
2025-06-29 08:00:00,22.2,16.7,71,0,,345,6.1,,1023.8,,1
2025-06-29 09:00:00,24.2,16.9,64,0,,338,6.5,,1024.1,,1
2025-06-29 10:00:00,25.9,17.3,59,0,,336,6.8,,1023.9,,1
2025-06-29 11:00:00,27.3,16.9,53,0,,320,5,,1023.6,,1
2025-06-29 12:00:00,28.6,16.5,48,0,,309,6.1,,1023.4,,1
2025-06-29 13:00:00,28.7,17.2,50,0,,320,7.6,,1023.6,,1
2025-06-29 14:00:00,29.5,17.3,48,0,,328,8.3,,1023,,1
2025-06-29 15:00:00,30.2,17.3,46,0,,340,9.4,,1022.6,,2
2025-06-29 16:00:00,30.5,16.8,44,0,,346,9.7,,1022.1,,3
2025-06-29 17:00:00,30.6,16.6,43,0,,348,9.7,,1021.5,,3
2025-06-29 18:00:00,31.2,15.2,38,0,,345,10.1,,1020.8,,3
2025-06-29 19:00:00,30.7,15.1,39,0,,342,9.4,,1020.6,,3
2025-06-29 20:00:00,29.7,16.5,45,0,,330,7.9,,1020.2,,1
2025-06-29 21:00:00,27.9,16.2,49,0,,341,10.4,,1020.4,,1
2025-06-29 22:00:00,26.3,16.5,55,0,,14,13,,1020.7,,1
2025-06-29 23:00:00,25.5,16.1,56,0,,9,13,,1020.8,,1
2025-06-30 00:00:00,24.7,15.6,57,0,,15,12.6,,1021,,1
2025-06-30 01:00:00,23.9,15.7,60,0,,28,13.3,,1021,,1
2025-06-30 02:00:00,23,15.8,64,0,,42,13.3,,1021,,1
2025-06-30 03:00:00,22.4,16,67,0,,46,11.9,,1021,,3
2025-06-30 04:00:00,22.1,15.4,66,0,,31,10.4,,1020.6,,3
2025-06-30 05:00:00,21.2,15.5,70,0,,18,9.4,,1020.6,,3
2025-06-30 06:00:00,21.1,15.6,71,0,,19,9,,1020.6,,1
2025-06-30 07:00:00,22.1,15.9,68,0,,22,10.1,,1020.5,,1
2025-06-30 08:00:00,23.7,16,62,0,,47,9.7,,1020.2,,1
2025-06-30 09:00:00,25,17.2,62,0,,60,11.2,,1020.4,,1
2025-06-30 10:00:00,26.9,17.1,55,0,,70,10.8,,1020,,1
2025-06-30 11:00:00,28.6,16.8,49,0,,91,11.9,,1019.8,,1
2025-06-30 12:00:00,30,16.8,45,0,,93,11.2,,1019.4,,1
2025-06-30 13:00:00,31.1,16.3,41,0,,86,9.7,,1018.8,,1
2025-06-30 14:00:00,32,15.9,38,0,,83,8.6,,1018,,1
2025-06-30 15:00:00,32.7,15.7,36,0,,95,7.2,,1017.5,,1
2025-06-30 16:00:00,32.9,14.9,34,0,,121,6.1,,1017,,2
2025-06-30 17:00:00,33.1,14.6,33,0,,173,6.8,,1016.7,,3
2025-06-30 18:00:00,31.9,13.6,33,0,,148,5.8,,1016.6,,3
2025-06-30 19:00:00,32,13.7,33,0,,140,4.7,,1016.1,,3
2025-06-30 20:00:00,31.1,14.2,36,0,,138,6.8,,1016,,3
2025-06-30 21:00:00,29.4,15.1,42,0,,120,5.4,,1016.1,,2
2025-06-30 22:00:00,27.5,15.2,47,0,,91,5.4,,1016.5,,2
2025-06-30 23:00:00,26.2,14.9,50,0,,63,6.5,,1016.6,,2
2025-07-01 00:00:00,24.7,15.9,58,0,,72,6.8,,1016.3,,1
2025-07-01 01:00:00,23.8,16.3,63,0,,77,8.3,,1016.3,,1
2025-07-01 02:00:00,23.3,15.9,63,0,,92,9.4,,1016.3,,1
2025-07-01 03:00:00,22.7,14.5,60,0,,97,10.1,,1016.4,,1
2025-07-01 04:00:00,22.1,13.7,59,0,,70,11.2,,1016.4,,1
2025-07-01 05:00:00,21.7,10.5,49,0,,60,9.7,,1015.7,,1
2025-07-01 06:00:00,21,10.8,52,0,,68,9.7,,1016.1,,1
2025-07-01 07:00:00,22,11.4,51,0,,72,10.1,,1016.4,,1
2025-07-01 08:00:00,23.9,11.2,45,0,,32,6.1,,1016.8,,1
2025-07-01 09:00:00,26.1,11.8,41,0,,20,5.4,,1017,,1
2025-07-01 10:00:00,27.4,12.6,40,0,,330,2.5,,1016.9,,1
2025-07-01 11:00:00,29.3,13.5,38,0,,326,3.2,,1016.8,,1
2025-07-01 12:00:00,31.2,14.3,36,0,,319,4.7,,1016.5,,1
2025-07-01 13:00:00,32.7,13.8,32,0,,314,5.8,,1016.3,,1
2025-07-01 14:00:00,33.6,13.6,30,0,,311,6.1,,1016.1,,1
2025-07-01 15:00:00,34.6,12.3,26,0,,297,7.2,,1015.7,,1
2025-07-01 16:00:00,35,11.4,24,0,,299,9,,1015.2,,1
2025-07-01 17:00:00,34.9,10.7,23,0,,315,9.4,,1014.6,,2
2025-07-01 18:00:00,34.7,10.5,23,0,,317,9.7,,1014.5,,2
2025-07-01 19:00:00,34.3,10.8,24,0,,310,8.3,,1014.4,,2
2025-07-01 20:00:00,33.8,9.7,23,0,,295,5.4,,1014.6,,1
2025-07-01 21:00:00,31.6,12.4,31,0,,282,5.8,,1014.9,,1
2025-07-01 22:00:00,30.3,13.1,35,0,,308,3.2,,1015.3,,1
2025-07-01 23:00:00,28.6,12,36,0,,113,6.8,,1015.5,,1
2025-07-02 00:00:00,26.5,13.2,44,0,,125,5,,1015.6,,1
2025-07-02 01:00:00,25.8,14.6,50,0,,109,5.8,,1015.7,,1
2025-07-02 02:00:00,24.8,14.8,54,0,,100,6.1,,1015.7,,1
2025-07-02 03:00:00,23.8,14.8,57,0,,103,7.6,,1015.6,,1
2025-07-02 04:00:00,23.1,15.2,61,0,,99,9.4,,1015.6,,1
2025-07-02 05:00:00,22.5,15.3,64,0,,101,10.1,,1015.5,,1
2025-07-02 06:00:00,22.6,17.5,73,0,,106,9.7,,1015.4,,1
2025-07-02 07:00:00,23.8,18,70,0,,106,10.1,,1015.4,,1
2025-07-02 08:00:00,25.8,18,62,0,,117,8.6,,1015.7,,1
2025-07-02 09:00:00,28.3,17.5,52,0,,117,8.3,,1015.6,,1
2025-07-02 10:00:00,30.9,17.2,44,0,,128,7.2,,1015.4,,1
2025-07-02 11:00:00,32.3,16.6,39,0,,131,6.1,,1015.2,,1
2025-07-02 12:00:00,34.1,15.5,33,0,,143,6.1,,1014.9,,1
2025-07-02 13:00:00,35.3,14,28,0,,152,7.9,,1014.4,,1
2025-07-02 14:00:00,36,12.8,25,0,,160,8.3,,1013.8,,1
2025-07-02 15:00:00,36.6,12.1,23,0,,172,6.8,,1013.3,,2
2025-07-02 16:00:00,36.6,12.7,24,0,,99,6.1,,1012.7,,2
2025-07-02 17:00:00,36.9,13,24,0,,117,4.7,,1011.9,,1
2025-07-02 18:00:00,36.6,12.7,24,0,,140,10.1,,1011.2,,2
2025-07-02 19:00:00,35.7,12.6,25,0,,192,11.2,,1011.6,,2
2025-07-02 20:00:00,34.5,12.8,27,0,,233,9.7,,1012.2,,3
2025-07-02 21:00:00,33.6,11.4,26,0,,250,12.6,,1012.6,,3
2025-07-02 22:00:00,31.7,12,30,0,,275,10.4,,1013.3,,2
2025-07-02 23:00:00,29.9,13.6,37,0,,318,5.4,,1013.5,,2
2025-07-03 00:00:00,29,15.5,44,0,,16,2.5,,1013.3,,1
2025-07-03 01:00:00,27.9,14.1,43,0,,310,9.7,,1013.7,,2
2025-07-03 02:00:00,26,16.8,57,0,,335,14.4,,1014.7,,1
2025-07-03 03:00:00,24.9,17.9,65,0,,333,20.2,,1015.5,,1
2025-07-03 04:00:00,23.6,16.6,65,0,,333,21.6,,1016.5,,1
2025-07-03 05:00:00,21.9,14.5,63,0,,329,20.5,,1017.7,,1
2025-07-03 06:00:00,21,13.7,63,0,,335,17.3,,1018.8,,1
2025-07-03 07:00:00,20.7,14.8,69,0,,332,16.9,,1019.9,,1
2025-07-03 08:00:00,20.3,15.3,73,0.6,,331,16.6,,1020.9,,17
2025-07-03 09:00:00,19.7,14.9,74,0.4,,330,15.8,,1021.9,,8
2025-07-03 10:00:00,20.8,14.4,67,0.2,,336,15.1,,1022.7,,17
2025-07-03 11:00:00,22.5,14.3,60,0.1,,331,14,,1023.2,,17
2025-07-03 12:00:00,22.1,14,60,0,,315,13,,1023.8,,2
2025-07-03 13:00:00,20.8,14.2,66,0.6,,320,12.2,,1024.2,,8
2025-07-03 14:00:00,23.3,13.2,53,0,,335,11.2,,1023.8,,3
2025-07-03 15:00:00,25.4,11.9,43,0,,336,10.8,,1023.3,,1
2025-07-03 16:00:00,26.5,10.2,36,0,,329,11.2,,1023,,1
2025-07-03 17:00:00,26.9,8.3,31,0,,334,12.6,,1023,,1
2025-07-03 18:00:00,26.7,6.1,27,0,,334,13.3,,1022.8,,1
2025-07-03 19:00:00,26.2,5.2,26,0,,336,13.3,,1022.7,,1
2025-07-03 20:00:00,25.2,5.4,28,0,,333,12.2,,1023.2,,1
2025-07-03 21:00:00,23.8,5.6,31,0,,331,11.2,,1023.4,,1
2025-07-03 22:00:00,21.8,7.6,40,0,,340,11.5,,1024.1,,1
2025-07-03 23:00:00,21,8.3,44,0,,344,11.9,,1024.3,,1
2025-07-04 00:00:00,20.3,9.2,49,0,,345,13,,1024.3,,1
2025-07-04 01:00:00,19.4,10.1,55,0,,1,11.9,,1024.4,,1
2025-07-04 02:00:00,18.8,10.4,58,0,,358,11.2,,1024.5,,1
2025-07-04 03:00:00,18.1,9.2,56,0,,358,11.9,,1024.5,,2
2025-07-04 04:00:00,17.6,9,57,0,,356,11.9,,1024.6,,1
2025-07-04 05:00:00,17.1,9,59,0,,351,11.5,,1024.7,,1
2025-07-04 06:00:00,16.8,9,60,0,,356,11.9,,1025,,1
2025-07-04 07:00:00,17.4,9,58,0,,351,10.1,,1025.3,,2
2025-07-04 08:00:00,18.8,9.6,55,0,,344,9.7,,1025.8,,1
2025-07-04 09:00:00,20.5,9.7,50,0,,342,9,,1026.2,,1
2025-07-04 10:00:00,22.2,9.7,45,0,,338,8.6,,1026,,1
2025-07-04 11:00:00,23.8,9.4,40,0,,335,9.7,,1025.9,,1
2025-07-04 12:00:00,25.1,9,36,0,,339,10.1,,1025.8,,1
2025-07-04 13:00:00,26.1,7.6,31,0,,332,8.3,,1025.5,,2
2025-07-04 14:00:00,26.6,7.6,30,0,,328,9.4,,1024.9,,1
2025-07-04 15:00:00,27.1,7,28,0,,329,10.4,,1024.6,,1
2025-07-04 16:00:00,27.1,5.9,26,0,,335,10.8,,1024.3,,1
2025-07-04 17:00:00,27.1,5.4,25,0,,336,10.8,,1023.8,,1
2025-07-04 18:00:00,27,4.7,24,0,,334,9.4,,1023.2,,1
2025-07-04 19:00:00,26.6,4.4,24,0,,336,8.3,,1022.2,,2
2025-07-04 20:00:00,26,5,26,0,,338,6.1,,1022.1,,2
2025-07-04 21:00:00,24.7,6.4,31,0,,331,5.8,,1022.2,,1
2025-07-04 22:00:00,23.2,5.6,32,0,,354,6.8,,1022.3,,1
2025-07-04 23:00:00,22,6.6,37,0,,12,8.3,,1022.4,,3
2025-07-05 00:00:00,21,7.6,42,0,,18,7.9,,1022,,3
2025-07-05 01:00:00,20,8.3,47,0,,28,6.8,,1021.5,,3
2025-07-05 02:00:00,19,8.9,52,0,,44,4.7,,1021.2,,3
2025-07-05 03:00:00,18.3,9.4,56,0,,74,4.7,,1020.5,,3
2025-07-05 04:00:00,17.5,9.6,60,0,,82,5,,1020.2,,3
2025-07-05 05:00:00,16.7,9.1,61,0,,110,5.8,,1019.5,,3
2025-07-05 06:00:00,16.4,9.6,64,0,,97,6.1,,1019.3,,3
2025-07-05 07:00:00,17.5,10.1,62,0,,4,5,,1019,,2
2025-07-05 08:00:00,19.9,9.7,52,0,,326,2.2,,1019.1,,2
2025-07-05 09:00:00,22,8.8,43,0,,282,2.2,,1019,,3
2025-07-05 10:00:00,22.7,9.1,42,0,,287,4.3,,1018.9,,3
2025-07-05 11:00:00,24.4,8.8,37,0,,290,5.4,,1018.4,,3
2025-07-05 12:00:00,26.3,7.8,31,0,,302,7.9,,1017.8,,3
2025-07-05 13:00:00,27.2,7.6,29,0,,295,8.3,,1017.2,,3
2025-07-05 14:00:00,28,7.8,28,0,,259,7.9,,1016.5,,3
2025-07-05 15:00:00,29.2,7.1,25,0,,239,9,,1015.5,,3
2025-07-05 16:00:00,30.2,5.4,21,0,,256,12.2,,1014.6,,1
2025-07-05 17:00:00,30.2,3.2,18,0,,275,15.8,,1014.1,,1
2025-07-05 18:00:00,29.5,3.4,19,0,,289,15.8,,1013.9,,2
2025-07-05 19:00:00,28.6,2.7,19,0,,300,14.8,,1013.7,,2
2025-07-05 20:00:00,26.6,4.4,24,0,,303,14.4,,1013.9,,3
2025-07-05 21:00:00,25.3,5.5,28,0,,294,12.6,,1014.3,,3
2025-07-05 22:00:00,24.5,5.8,30,0,,282,12.2,,1014.6,,3
2025-07-05 23:00:00,23.5,5.4,31,0,,282,10.4,,1014.7,,3
2025-07-06 00:00:00,22.8,5.2,32,0,,282,9,,1014.4,,3
2025-07-06 01:00:00,22.4,5.3,33,0,,270,8.6,,1014,,3
2025-07-06 02:00:00,21.8,6.1,36,0,,266,6.1,,1013.9,,3
2025-07-06 03:00:00,20.7,7,41,0,,263,4.7,,1013.4,,3
2025-07-06 04:00:00,20.2,7.9,45,0,,246,4.3,,1013,,3
2025-07-06 05:00:00,19.8,7.8,46,0,,197,5,,1012.7,,3
2025-07-06 06:00:00,19,8,49,0,,122,1.8,,1012.1,,3
2025-07-06 07:00:00,19.9,7.6,45,0,,141,3.2,,1011.9,,3
2025-07-06 08:00:00,21,7.9,43,0,,163,2.5,,1011.8,,3
2025-07-06 09:00:00,22.7,7.3,37,0,,215,5,,1011.5,,3
2025-07-06 10:00:00,23.3,6.5,34,0,,247,9,,1011.5,,3
2025-07-06 11:00:00,23.3,8.6,39,0,,240,11.2,,1010.9,,3
2025-07-06 12:00:00,22.6,6.8,36,0,,286,13.3,,1011,,3
2025-07-06 13:00:00,22.2,6.4,36,0,,277,9,,1010.5,,3
2025-07-06 14:00:00,21.8,6.8,38,0,,261,8.3,,1010.1,,3
2025-07-06 15:00:00,21.7,7.5,40,0,,240,4.7,,1009.3,,3
2025-07-06 16:00:00,22.1,7.5,39,0,,189,6.5,,1008.5,,3
2025-07-06 17:00:00,22.9,8.2,39,0,,228,7.6,,1007.7,,3
2025-07-06 18:00:00,23.2,8.5,39,0,,245,10.1,,1007.2,,3
2025-07-06 19:00:00,23,9,41,0,,243,15.8,,1006.9,,3
2025-07-06 20:00:00,21.3,10.4,50,0,,230,16.6,,1007.2,,3
2025-07-06 21:00:00,18.4,11.9,66,0.9,,219,17.3,,1007.6,,8
2025-07-06 22:00:00,16.3,14,86,1,,212,15.5,,1008.1,,9
2025-07-06 23:00:00,15.8,14.2,90,0.4,,213,15.1,,1007.8,,8
2025-07-07 00:00:00,15.5,14.2,92,1,,215,14.4,,1007.6,,9
2025-07-07 01:00:00,15.7,14.4,92,0.4,,215,14,,1007.2,,8
2025-07-07 02:00:00,16.5,13,80,0.3,,212,12.6,,1007.1,,8
2025-07-07 03:00:00,16.5,13.2,81,0,,213,12.6,,1006.7,,3
2025-07-07 04:00:00,16,13.8,87,0.8,,209,14,,1006.4,,8
2025-07-07 05:00:00,15.7,13.9,89,1.3,,210,13.7,,1005.9,,9
2025-07-07 06:00:00,15.5,14,91,0.9,,206,13.7,,1005.6,,8
2025-07-07 07:00:00,15.7,13.4,86,0.2,,224,15.5,,1005.6,,7
2025-07-07 08:00:00,16.7,13.4,81,0,,227,14.8,,1005.6,,3
2025-07-07 09:00:00,18.1,13.6,75,0,,228,15.5,,1005.4,,3
2025-07-07 10:00:00,16.5,13.6,83,1,,221,15.1,,1005.6,,18
2025-07-07 11:00:00,19,13.8,72,0,,227,15.5,,1005.1,,3
2025-07-07 12:00:00,18.5,12.9,70,0,,231,15.8,,1004.8,,3
2025-07-07 13:00:00,20.5,13.7,65,0,,240,16.6,,1004.6,,3
2025-07-07 14:00:00,21.6,13,58,0,,256,15.8,,1004.2,,3
2025-07-07 15:00:00,21.2,12.6,58,0.5,,257,19.8,,1004,,8
2025-07-07 16:00:00,19.2,13.8,71,0.6,,255,11.5,,1004.4,,8
2025-07-07 17:00:00,20.2,13.6,66,0.1,,256,14.4,,1004.4,,17
2025-07-07 18:00:00,19.7,12.9,65,0.2,,284,15.1,,1004.7,,17
2025-07-07 19:00:00,18.2,12.6,70,0.9,,301,16.9,,1005.6,,17
2025-07-07 20:00:00,17.4,13.1,76,0,,318,10.8,,1006.3,,3
2025-07-07 21:00:00,16.8,13.1,79,0,,317,10.4,,1006.9,,3
2025-07-07 22:00:00,15.4,13.9,91,0.2,,302,13,,1008.3,,17
2025-07-07 23:00:00,15.2,13.6,90,0,,317,12.2,,1009,,3
2025-07-08 00:00:00,15.1,13.1,88,0,,320,14.4,,1009.3,,3
2025-07-08 01:00:00,14.6,12.5,87,0.1,,321,14,,1009.9,,7
2025-07-08 02:00:00,14.4,11.9,85,0,,316,14.8,,1010.2,,3
2025-07-08 03:00:00,13.7,11.4,86,0,,317,12.2,,1010.9,,3
2025-07-08 04:00:00,13.3,10.8,85,0,,314,11.5,,1011.1,,3
2025-07-08 05:00:00,12.6,10.3,86,0,,312,10.8,,1011.6,,1
2025-07-08 06:00:00,12.2,10.1,87,0,,312,9.4,,1012.3,,1
2025-07-08 07:00:00,12.6,10.1,85,0,,312,9.7,,1012.3,,2
2025-07-08 08:00:00,13.2,9.8,80,0,,311,10.4,,1012.4,,3
2025-07-08 09:00:00,13.9,9.7,76,0,,306,10.8,,1012.7,,3
2025-07-08 10:00:00,14.5,9.5,72,0,,308,10.8,,1012.8,,3
2025-07-08 11:00:00,15.3,9.2,67,0,,312,10.4,,1012.7,,3
2025-07-08 12:00:00,16.6,8.6,59,0.2,,302,11.9,,1013.1,,7
2025-07-08 13:00:00,17.8,7.8,52,0,,291,12.6,,1013.3,,3
2025-07-08 14:00:00,18.8,6.9,46,0,,284,13,,1013.3,,3
2025-07-08 15:00:00,17.9,8.2,53,0.2,,277,13.3,,1014,,7
2025-07-08 16:00:00,18.2,9,55,0,,277,11.2,,1014.1,,3
2025-07-08 17:00:00,16.5,11,70,0.8,,283,15.1,,1014.8,,17
2025-07-08 18:00:00,17.8,9.9,60,0,,321,11.5,,1014.9,,3
2025-07-08 19:00:00,18,8.8,55,0,,322,9.7,,1014.9,,3
2025-07-08 20:00:00,17.5,9.4,59,0,,311,8.3,,1015.6,,3
2025-07-08 21:00:00,16.2,10.1,67,0,,252,8.3,,1016.3,,3
2025-07-08 22:00:00,15.1,10.3,73,0,,242,9.7,,1017.4,,2
2025-07-08 23:00:00,14.1,11.3,83,0,,226,7.9,,1018.3,,3
2025-07-09 00:00:00,13.5,11.4,87,0,,234,8.6,,1018.9,,2
2025-07-09 01:00:00,13.1,11.3,89,0,,232,8.3,,1019.3,,1
2025-07-09 02:00:00,12.9,11.5,91,0,,231,7.9,,1019.5,,2
2025-07-09 03:00:00,12.6,11.3,92,0,,245,7.9,,1019.8,,2
2025-07-09 04:00:00,11.9,11.1,95,0,,248,7.2,,1020.1,,2
2025-07-09 05:00:00,11.7,10.8,94,0,,226,5.8,,1020.1,,2
2025-07-09 06:00:00,12,11.1,94,0,,234,6.5,,1020.3,,3
2025-07-09 07:00:00,12.6,11.5,93,0,,249,6.1,,1020.9,,3
2025-07-09 08:00:00,13.9,11.1,83,0,,270,6.5,,1021.1,,1
2025-07-09 09:00:00,15.4,11.2,76,0,,289,7.9,,1021.5,,1
2025-07-09 10:00:00,16.8,10.6,67,0,,296,8.6,,1021.4,,1
2025-07-09 11:00:00,18.2,9.8,58,0,,288,11.5,,1021.2,,1
2025-07-09 12:00:00,19.5,8.8,50,0,,291,11.5,,1021,,2
2025-07-09 13:00:00,20.1,8.7,48,0,,298,11.2,,1020.9,,3
2025-07-09 14:00:00,20.6,8.6,46,0,,303,12.2,,1020.8,,3
2025-07-09 15:00:00,20.7,9,47,0,,308,11.9,,1020.8,,3
2025-07-09 16:00:00,21,8.9,46,0,,305,12.2,,1020.9,,3
2025-07-09 17:00:00,21,9.6,48,0,,316,12.6,,1020.9,,3
2025-07-09 18:00:00,20.9,9.8,49,0,,315,11.5,,1021,,3
2025-07-09 19:00:00,20.9,10.1,50,0,,309,9,,1020.8,,2
2025-07-09 20:00:00,20.3,12.3,60,0,,296,5,,1020.9,,3
2025-07-09 21:00:00,19.2,12.7,66,0,,244,4.3,,1021.1,,3
2025-07-09 22:00:00,18,12,68,0,,266,5,,1021.4,,2
2025-07-09 23:00:00,17,12.1,73,0,,315,6.5,,1021.8,,2
2025-07-10 00:00:00,16.8,11.5,71,0,,4,5.4,,1022.1,,2
2025-07-10 01:00:00,15.6,11.4,76,0,,42,4.7,,1022.1,,2
2025-07-10 02:00:00,14.5,11.3,81,0,,9,4,,1022.1,,1
2025-07-10 03:00:00,13.5,11,85,0,,5,5,,1022,,1
2025-07-10 04:00:00,12.9,10.8,87,0,,14,4.7,,1021.9,,1
2025-07-10 05:00:00,12.9,10.4,85,0,,74,1.8,,1021.8,,1
2025-07-10 06:00:00,12.6,10.3,86,0,,109,2.9,,1022.1,,1
2025-07-10 07:00:00,13.5,11.4,87,0,,150,2.9,,1022,,1
2025-07-10 08:00:00,15.4,12.2,81,0,,174,1.4,,1022.2,,1
2025-07-10 09:00:00,17.4,12.5,73,0,,286,2.9,,1022.3,,1
2025-07-10 10:00:00,19.1,12.6,66,0,,294,4,,1022.4,,1
2025-07-10 11:00:00,20.8,12,57,0,,324,6.5,,1022.2,,1
2025-07-10 12:00:00,21.8,10.9,50,0,,332,8.3,,1021.9,,2
2025-07-10 13:00:00,22.2,10.7,48,0,,332,8.6,,1021.7,,3
2025-07-10 14:00:00,23,10.1,44,0,,324,9,,1021.3,,2
2025-07-10 15:00:00,23.3,8.9,40,0,,319,8.3,,1021.3,,2
2025-07-10 16:00:00,24,8.8,38,0,,327,9,,1020.6,,2
2025-07-10 17:00:00,24.3,8.3,36,0,,336,9.4,,1020.1,,1
2025-07-10 18:00:00,24.3,7.8,35,0,,332,10.8,,1019.9,,1
2025-07-10 19:00:00,24,8,36,0,,35,8.6,,1019.3,,1
2025-07-10 20:00:00,23.2,10.9,46,0,,309,12.2,,1019.2,,3
2025-07-10 21:00:00,21.3,11.9,55,0,,359,10.8,,1019.5,,2
2025-07-10 22:00:00,19.8,12.5,63,0,,356,8.6,,1019.7,,2
2025-07-10 23:00:00,18.8,12.5,67,0,,6,8.6,,1020,,3
2025-07-11 00:00:00,17.6,12.9,74,0,,29,5.4,,1020,,3
2025-07-11 01:00:00,17,12.7,76,0,,30,5.8,,1019.5,,3
2025-07-11 02:00:00,16.4,12.7,79,0,,50,5,,1019.3,,3
2025-07-11 03:00:00,15.5,12.8,84,0,,44,4.3,,1019.1,,3
2025-07-11 04:00:00,14.8,12.7,87,0,,30,4.3,,1018.8,,1
2025-07-11 05:00:00,14.4,12.4,88,0,,36,4.3,,1018.8,,2
2025-07-11 06:00:00,14.4,11.9,85,0,,26,5.4,,1018.7,,1
2025-07-11 07:00:00,15.7,12.3,80,0,,6,7.2,,1018.7,,2
2025-07-11 08:00:00,17.7,12.8,73,0,,338,6.5,,1018.8,,2
2025-07-11 09:00:00,19.5,13.2,67,0,,338,8.6,,1018.8,,2
2025-07-11 10:00:00,19.9,13.4,66,0,,337,10.8,,1018.6,,3
2025-07-11 11:00:00,20.5,13.5,64,0,,339,13.3,,1018.3,,3
2025-07-11 12:00:00,21.3,13.5,61,0,,342,13.7,,1017.9,,2
2025-07-11 13:00:00,22.7,13.2,55,0,,340,13.3,,1017.3,,2
2025-07-11 14:00:00,23.8,12.7,50,0,,340,14,,1016.8,,1
2025-07-11 15:00:00,24,12.6,49,0,,350,15.1,,1016.5,,3
2025-07-11 16:00:00,23.9,11.9,47,0,,355,14,,1016.3,,3
2025-07-11 17:00:00,24.9,10.7,41,0,,352,13.3,,1015.7,,3
2025-07-11 18:00:00,25.1,10.2,39,0,,356,13.7,,1015.3,,1
2025-07-11 19:00:00,24.5,8.8,37,0,,17,13.7,,1015.2,,2
2025-07-11 20:00:00,23.4,9,40,0,,44,11.2,,1015.4,,1
2025-07-11 21:00:00,21.1,10.6,51,0,,44,9,,1015.6,,1
2025-07-11 22:00:00,19.5,11,58,0,,44,7.6,,1016,,2
2025-07-11 23:00:00,18.4,11,62,0,,53,7.2,,1016.3,,3
2025-07-12 00:00:00,17.6,10.9,65,0,,50,6.5,,1016.2,,2
2025-07-12 01:00:00,16.8,11.3,70,0,,46,5.4,,1015.9,,3
2025-07-12 02:00:00,16,11.8,76,0,,20,3.6,,1015.8,,3
2025-07-12 03:00:00,15.7,11.9,78,0,,19,4,,1015.5,,3
2025-07-12 04:00:00,15.6,11.6,77,0,,2,4.3,,1015.4,,3
2025-07-12 05:00:00,15.6,11.6,77,0,,350,5,,1015,,3
2025-07-12 06:00:00,15.8,11.8,77,0,,338,4.7,,1014.7,,3
2025-07-12 07:00:00,16.3,11.4,73,0,,346,7.6,,1014.7,,3
2025-07-12 08:00:00,17.6,12.3,71,0,,335,6.8,,1014.6,,3
2025-07-12 09:00:00,19,12.7,67,0,,338,7.6,,1014.4,,3
2025-07-12 10:00:00,20,13,64,0,,326,6.5,,1014.3,,3
2025-07-12 11:00:00,22.1,12.3,54,0,,316,9.4,,1014,,1
2025-07-12 12:00:00,22.8,12.4,52,0,,309,9,,1013.5,,1
2025-07-12 13:00:00,24,10.3,42,0,,317,9.4,,1013,,2
2025-07-12 14:00:00,25.2,8.6,35,0,,318,9.7,,1012.5,,2
2025-07-12 15:00:00,25.7,8.6,34,0,,327,10.4,,1012,,3
2025-07-12 16:00:00,26.6,8.5,32,0,,328,10.8,,1011.4,,3
2025-07-12 17:00:00,25.2,9.5,37,0,,338,13.7,,1011.3,,3
2025-07-12 18:00:00,25.8,9.2,35,0,,322,12.2,,1010.9,,3
2025-07-12 19:00:00,25.8,8.7,34,0,,331,10.4,,1010.5,,3
2025-07-12 20:00:00,25,9.3,37,0,,350,9.4,,1010.5,,3
2025-07-12 21:00:00,23,11.1,47,0,,349,6.1,,1010.4,,3
2025-07-12 22:00:00,20.4,12.4,60,0,,9,7.2,,1011.2,,1
2025-07-12 23:00:00,19.5,13.2,67,0,,354,5,,1011.6,,1
2025-07-13 00:00:00,19.1,13.1,68,0,,276,4.3,,1011.8,,1
2025-07-13 01:00:00,18.8,13,69,0,,299,4,,1011.6,,2
2025-07-13 02:00:00,18.3,12.7,70,0,,313,4,,1011.3,,2
2025-07-13 03:00:00,17.3,12.2,72,0,,123,3.6,,1011.4,,2
2025-07-13 04:00:00,16.6,11.9,74,0,,147,3.6,,1011.1,,3
2025-07-13 05:00:00,16.4,12,75,0,,126,1.8,,1010.7,,2
2025-07-13 06:00:00,16.6,11.9,74,0,,13,1.4,,1010.9,,2
2025-07-13 07:00:00,17.8,12,69,0,,72,3.2,,1011.1,,1
2025-07-13 08:00:00,19.3,12.1,63,0,,274,2.2,,1011.3,,2
2025-07-13 09:00:00,21,11.9,56,0,,301,4,,1011.3,,2
2025-07-13 10:00:00,22.6,11.9,51,0,,284,5.8,,1011.3,,3
2025-07-13 11:00:00,24.3,11.6,45,0,,263,8.3,,1011.2,,3
2025-07-13 12:00:00,25.8,10.8,39,0,,256,9.4,,1010.9,,3
2025-07-13 13:00:00,27.3,10.5,35,0,,254,9.7,,1010.7,,2
2025-07-13 14:00:00,28.4,10.1,32,0,,274,10.4,,1010.3,,2
2025-07-13 15:00:00,29,8.6,28,0,,281,11.2,,1009.9,,3
2025-07-13 16:00:00,30,7.2,24,0,,275,13,,1009.4,,2
2025-07-13 17:00:00,30.2,6.1,22,0,,291,14.4,,1009.2,,2
2025-07-13 18:00:00,29.7,5.7,22,0,,272,14.4,,1009.1,,1
2025-07-13 19:00:00,29.1,3.1,19,0,,274,12.6,,1009.3,,1
2025-07-13 20:00:00,28,4.9,23,0,,314,9,,1009.8,,1
2025-07-13 21:00:00,25.8,11.9,42,0,,49,7.2,,1010.4,,2
2025-07-13 22:00:00,23.9,8.3,37,0,,182,10.1,,1011.5,,2
2025-07-13 23:00:00,22.5,12.7,54,0,,86,7.2,,1011.7,,1
2025-07-14 00:00:00,21.8,12.1,54,0,,120,5.4,,1011.9,,1
2025-07-14 01:00:00,20.7,12.9,61,0,,154,11.5,,1012.3,,2
2025-07-14 02:00:00,20.4,14.1,67,0,,200,13,,1012.4,,1
2025-07-14 03:00:00,19.9,14.3,70,0,,218,14,,1012.6,,1
2025-07-14 04:00:00,19.5,14.5,73,0,,222,11.2,,1012.3,,1
2025-07-14 05:00:00,18.4,13.7,74,0,,220,9.7,,1012.8,,2
2025-07-14 06:00:00,18,13.1,73,0,,189,9.4,,1013.5,,3
2025-07-14 07:00:00,19.5,12.7,65,0,,188,15.5,,1014.3,,3
2025-07-14 08:00:00,21.2,14.6,66,0,,204,15.1,,1014.7,,3
2025-07-14 09:00:00,22.5,14.8,62,0,,217,20.5,,1015.6,,3
2025-07-14 10:00:00,23,15.6,63,0,,227,22.7,,1015.6,,3
2025-07-14 11:00:00,22.6,16.6,69,0.4,,218,16.2,,1016.1,,8
2025-07-14 12:00:00,25.2,15.8,56,0,,241,19.4,,1016,,3
2025-07-14 13:00:00,26.6,15.6,51,0,,248,20.5,,1015.7,,3
2025-07-14 14:00:00,22.6,16.8,70,1.7,,229,23.4,,1016.4,,9
2025-07-14 15:00:00,22.9,18,74,1.1,,234,19.4,,1016.6,,9
2025-07-14 16:00:00,23.8,17.1,66,1.2,,262,19.4,,1016.8,,9
2025-07-14 17:00:00,23.8,17.5,68,0.7,,286,14.4,,1016.6,,8
2025-07-14 18:00:00,25,17.5,63,0.2,,278,13,,1016.4,,17
2025-07-14 19:00:00,21.4,17.4,78,1.1,,262,16.6,,1017.2,,18
2025-07-14 20:00:00,22.5,18.1,76,0,,250,8.3,,1016.8,,3
2025-07-14 21:00:00,21.4,17.8,80,0,,273,4.7,,1017.2,,1
2025-07-14 22:00:00,20.6,17.2,81,0,,158,4.3,,1017.8,,2
2025-07-14 23:00:00,20.2,17.4,84,0,,150,7.9,,1018,,1
2025-07-15 00:00:00,19.8,17.4,86,0,,173,9.4,,1018.1,,2
2025-07-15 01:00:00,18.9,17,89,0,,180,7.9,,1018.2,,3
2025-07-15 02:00:00,18.7,17,90,0,,183,8.3,,1018.1,,1
2025-07-15 03:00:00,18,16.5,91,0,,192,7.9,,1018.1,,1
2025-07-15 04:00:00,17.3,15.8,91,0,,179,7.9,,1017.8,,1
2025-07-15 05:00:00,17.6,16.1,91,0,,187,9.4,,1017.9,,2
2025-07-15 06:00:00,17.3,15.5,89,0.2,,165,9.4,,1017.7,,17
2025-07-15 07:00:00,17.8,16,89,0,,194,12.2,,1017.9,,3
2025-07-15 08:00:00,18.9,16.3,85,0.1,,210,10.1,,1018.2,,17
2025-07-15 09:00:00,20.2,16.6,80,0,,250,11.9,,1018.4,,3
2025-07-15 10:00:00,21.2,15.7,71,0.3,,291,13,,1018.7,,17
2025-07-15 11:00:00,22.3,16.6,70,0.7,,287,6.5,,1018.4,,17
2025-07-15 12:00:00,23.5,16.5,65,0.2,,264,13,,1018,,17
2025-07-15 13:00:00,21.1,15.8,72,1,,264,15.8,,1018.2,,9
2025-07-15 14:00:00,23.3,14.8,59,0,,305,14.4,,1017.7,,3
2025-07-15 15:00:00,23.9,14.3,55,0,,295,16.6,,1017.3,,3
2025-07-15 16:00:00,23.9,12.8,50,0.3,,293,14,,1017.4,,8
2025-07-15 17:00:00,23.6,12.6,50,0,,297,13,,1017,,3
2025-07-15 18:00:00,23.2,12.2,50,0,,298,11.5,,1016.8,,3
2025-07-15 19:00:00,22.9,13.1,54,0,,295,8.6,,1016.9,,3
2025-07-15 20:00:00,21.9,14.3,62,0,,306,6.1,,1017.2,,3
2025-07-15 21:00:00,20.8,14.4,67,0,,313,5.8,,1017.8,,3
2025-07-15 22:00:00,19.8,13.9,69,0,,283,7.9,,1018.5,,3
2025-07-15 23:00:00,19.1,13.1,68,0,,285,10.1,,1018.8,,3
2025-07-16 00:00:00,18.1,11.9,67,0,,293,8.3,,1018.9,,3
2025-07-16 01:00:00,17.2,11.5,69,0,,282,6.5,,1018.6,,3
2025-07-16 02:00:00,18,12.4,70,0,,218,4.3,,1018.5,,3
2025-07-16 03:00:00,17.4,12.3,72,0,,173,6.1,,1018,,3
2025-07-16 04:00:00,17,11.9,72,0,,171,7.9,,1017.8,,3
2025-07-16 05:00:00,16.7,11.2,70,0,,186,9.4,,1017.4,,3
2025-07-16 06:00:00,17,11.3,69,0,,191,10.1,,1017,,3
2025-07-16 07:00:00,16.7,11.6,72,0,,193,10.8,,1016.6,,3
2025-07-16 08:00:00,17.4,11.9,70,0,,214,14.8,,1016.4,,3
2025-07-16 09:00:00,17.8,11.6,67,0,,234,16.9,,1016.4,,3
2025-07-16 10:00:00,18,12.4,70,0.2,,237,16.6,,1016.5,,7
2025-07-16 11:00:00,19.6,12.8,65,0,,231,18.7,,1015.8,,3
2025-07-16 12:00:00,20.2,12.9,63,0,,245,21.2,,1015.7,,3
2025-07-16 13:00:00,21.3,13.2,60,0,,243,22,,1015.1,,3
2025-07-16 14:00:00,19.7,14.1,70,1.8,,244,24.1,,1014.7,,18
2025-07-16 15:00:00,21.2,14.4,65,1.4,,254,23.4,,1014.2,,18
2025-07-16 16:00:00,19.8,14.8,73,1.2,,246,22,,1013.9,,9
2025-07-16 17:00:00,21.2,14.1,64,0.6,,260,23.8,,1013.2,,17
2025-07-16 18:00:00,20.3,15.1,72,1.4,,258,18,,1013.1,,18
2025-07-16 19:00:00,17.9,14.6,81,1.6,,264,15.5,,1013.7,,18
2025-07-16 20:00:00,18.4,15.1,81,0,,249,11.2,,1013.5,,3
2025-07-16 21:00:00,18.4,12.6,69,0,,335,14.8,,1014.5,,2
2025-07-16 22:00:00,16.7,12.2,75,0,,332,8.3,,1015.7,,2
2025-07-16 23:00:00,16.5,12.8,79,0,,298,7.6,,1016.1,,3
2025-07-17 00:00:00,15.8,12.9,83,0,,279,5,,1016.4,,3
2025-07-17 01:00:00,15.4,13.1,86,0,,248,4.7,,1016.6,,2
2025-07-17 02:00:00,15.1,13.3,89,0,,256,4.3,,1016.8,,3
2025-07-17 03:00:00,14.2,12.4,89,0,,285,6.5,,1017.4,,2
2025-07-17 04:00:00,14,12.4,90,0,,295,6.8,,1017.4,,2
2025-07-17 05:00:00,13.6,12,90,0,,303,6.8,,1017.4,,2
2025-07-17 06:00:00,13.4,12,91,0,,299,6.8,,1017.7,,2
2025-07-17 07:00:00,14.3,12.7,90,0,,273,7.6,,1017.9,,2
2025-07-17 08:00:00,15.4,13.1,86,0,,277,8.3,,1018.3,,2
2025-07-17 09:00:00,16.6,12.7,78,0,,298,10.4,,1018.8,,2
2025-07-17 10:00:00,17.5,12.6,73,0.1,,293,10.1,,1018.9,,17
2025-07-17 11:00:00,18.6,12.6,68,0,,284,10.8,,1018.7,,3
2025-07-17 12:00:00,19.4,12.4,64,0,,288,11.2,,1018.7,,3
2025-07-17 13:00:00,21.1,12.2,57,0,,283,10.8,,1018,,3
2025-07-17 14:00:00,22.2,11.6,51,0,,303,10.4,,1017.5,,3
2025-07-17 15:00:00,22.9,11.3,48,0,,315,10.4,,1016.9,,3
2025-07-17 16:00:00,23,11.1,47,0,,331,10.1,,1016.7,,3
2025-07-17 17:00:00,23.5,11.5,47,0,,355,9,,1016.2,,2
2025-07-17 18:00:00,24.1,10.7,43,0,,282,8.6,,1015.8,,3
2025-07-17 19:00:00,23.6,13.2,52,0,,334,5,,1015.5,,3
2025-07-17 20:00:00,23.2,14.5,58,0,,29,4.7,,1015.6,,3
2025-07-17 21:00:00,20.6,14.7,69,0,,136,9.4,,1015.8,,2
2025-07-17 22:00:00,19.2,14,72,0,,191,11.5,,1016.2,,1
2025-07-17 23:00:00,18.4,13.5,73,0,,207,9.7,,1016.1,,1
2025-07-18 00:00:00,17.9,13.4,75,0,,21,7.2,,1016.4,,2
2025-07-18 01:00:00,16.8,13.1,79,0,,59,6.8,,1016.3,,1
2025-07-18 02:00:00,15.9,13,83,0,,96,5.8,,1016.2,,2
2025-07-18 03:00:00,15,13,88,0,,112,2.9,,1016.2,,1
2025-07-18 04:00:00,14.6,12.8,89,0,,82,3.6,,1015.7,,1
2025-07-18 05:00:00,13.7,12.4,92,0,,85,4.7,,1015.4,,1
2025-07-18 06:00:00,13.2,12.1,93,0,,102,5.8,,1015.4,,1
2025-07-18 07:00:00,14.4,12.8,90,0,,105,5.8,,1015.5,,2
2025-07-18 08:00:00,16.8,13.7,82,0,,83,4,,1015.7,,1
2025-07-18 09:00:00,18.9,14.4,75,0,,144,2.2,,1015.9,,3
2025-07-18 10:00:00,20.8,14.4,67,0,,205,2.2,,1015.7,,3
2025-07-18 11:00:00,22.4,14,59,0,,268,3.2,,1015.6,,3
2025-07-18 12:00:00,23.5,12.8,51,0,,297,4.3,,1015.2,,3
2025-07-18 13:00:00,24.2,12.5,48,0,,310,5,,1015,,3
2025-07-18 14:00:00,24.5,12.1,46,0,,316,5.8,,1014.8,,3
2025-07-18 15:00:00,24.9,11.8,44,0,,326,5.8,,1014.5,,3
2025-07-18 16:00:00,25.4,11.5,42,0,,328,4.3,,1014,,3
2025-07-18 17:00:00,25.7,11.4,41,0,,334,5,,1013.4,,3
2025-07-18 18:00:00,25.6,11.4,41,0,,360,6.8,,1012.9,,3
2025-07-18 19:00:00,25.2,12.1,44,0,,45,6.8,,1012.4,,3
2025-07-18 20:00:00,23.9,14.6,56,0,,95,5,,1012.4,,1
2025-07-18 21:00:00,21.6,14.5,64,0,,91,5.4,,1012.4,,1
2025-07-18 22:00:00,19.9,14.7,72,0,,106,5.8,,1012.6,,1
2025-07-18 23:00:00,18.5,14.6,78,0,,98,6.8,,1012.7,,1
2025-07-19 00:00:00,18,13.9,77,0,,92,9,,1012.6,,1
2025-07-19 01:00:00,17.5,13,75,0,,96,11.2,,1012.4,,1
2025-07-19 02:00:00,17.3,12.4,73,0,,105,12.2,,1012.1,,1
2025-07-19 03:00:00,17,12.7,76,0,,100,13,,1011.7,,1
2025-07-19 04:00:00,16.5,13,80,0,,101,13,,1011.5,,1
2025-07-19 05:00:00,16.2,12.7,80,0,,92,13,,1011.2,,1
2025-07-19 06:00:00,15.9,12.6,81,0,,93,13.3,,1010.9,,1
2025-07-19 07:00:00,17.2,13.1,77,0,,102,13,,1010.6,,1
2025-07-19 08:00:00,19.3,14.1,72,0,,105,11.2,,1010.6,,1
2025-07-19 09:00:00,21.6,14,62,0,,93,11.5,,1010.2,,1
2025-07-19 10:00:00,23.8,14.5,56,0,,101,12.2,,1009.6,,1
2025-07-19 11:00:00,26,14.1,48,0,,107,14.4,,1008.5,,2
2025-07-19 12:00:00,27.7,13.6,42,0,,119,12.6,,1008.4,,3
2025-07-19 13:00:00,28.7,14.1,41,0,,128,11.2,,1008.1,,3
2025-07-19 14:00:00,29.1,14.1,40,0,,126,8.6,,1008,,3
2025-07-19 15:00:00,30.9,13.6,35,0,,138,10.4,,1006.9,,3
2025-07-19 16:00:00,31.8,13.5,33,0,,183,17.3,,1006.8,,3
2025-07-19 17:00:00,26.1,16.6,56,0,,235,23.8,,1008,,3
2025-07-19 18:00:00,27.5,16.8,52,0,,210,11.5,,1007.1,,3
2025-07-19 19:00:00,27.6,16.8,52,0,,205,11.5,,1006.6,,3
2025-07-19 20:00:00,26.1,17.2,58,0,,226,11.9,,1007.4,,3
2025-07-19 21:00:00,24.6,17.6,65,0,,238,9,,1007.8,,3
2025-07-19 22:00:00,23.2,17.4,70,0,,231,9,,1008.6,,3
2025-07-19 23:00:00,22.2,17.6,75,0,,224,9.7,,1008.8,,3
2025-07-20 00:00:00,21.4,17.8,80,0,,203,8.3,,1008.8,,3
2025-07-20 01:00:00,19.2,17,87,0,,164,6.1,,1009.4,,3
2025-07-20 02:00:00,18.7,16.8,89,0,,142,6.5,,1009.1,,1
2025-07-20 03:00:00,18.2,16.5,90,0,,120,6.5,,1008.6,,1
2025-07-20 04:00:00,17.9,16.2,90,0,,130,6.5,,1008.6,,1
2025-07-20 05:00:00,17.7,15.9,89,0,,118,5.8,,1008.4,,3
2025-07-20 06:00:00,17.2,15.2,88,0,,122,7.9,,1007.9,,3
2025-07-20 07:00:00,18.2,15.6,85,0,,116,10.1,,1007.7,,3
2025-07-20 08:00:00,19.8,16.6,82,0,,128,8.3,,1007.8,,3
2025-07-20 09:00:00,21.6,16.5,73,0,,126,6.8,,1007.8,,3
2025-07-20 10:00:00,24,16,61,0,,133,7.2,,1007.5,,2
2025-07-20 11:00:00,25.6,16.4,57,0,,145,5,,1006.9,,3
2025-07-20 12:00:00,26.9,16.5,53,0,,160,7.2,,1006.3,,3
2025-07-20 13:00:00,28,16.3,49,0,,155,8.6,,1005.7,,3
2025-07-20 14:00:00,28.8,16,46,0,,152,9,,1005,,3
2025-07-20 15:00:00,29.5,14.8,41,0,,153,9,,1004.4,,3
2025-07-20 16:00:00,29.9,15.6,42,0,,165,15.1,,1003.4,,3
2025-07-20 17:00:00,28.6,15.1,44,0,,205,16.6,,1003.7,,3
2025-07-20 18:00:00,26.9,16.2,52,0.6,,240,23.4,,1004.8,,17
2025-07-20 19:00:00,22.1,18.1,78,0.4,,189,13.3,,1004.9,,8
2025-07-20 20:00:00,21.9,18.9,83,0,,165,9.4,,1005.2,,3
2025-07-20 21:00:00,21.2,19.5,90,0,,160,9.4,,1005.8,,3
2025-07-20 22:00:00,20.8,19.3,91,0,,166,7.9,,1006.4,,3
2025-07-20 23:00:00,20.7,19.2,91,0,,168,6.8,,1006.2,,3
2025-07-21 00:00:00,20.8,19.1,90,0,,170,6.5,,1006.4,,3
2025-07-21 01:00:00,20.4,19.1,92,0,,160,5.8,,1006.5,,3
2025-07-21 02:00:00,20.2,19,93,0,,167,5.4,,1006.3,,3
2025-07-21 03:00:00,19.9,18.9,94,0,,150,6.1,,1006.4,,3
2025-07-21 04:00:00,19.9,18.9,94,0.1,,169,8.6,,1006.5,,7
2025-07-21 05:00:00,19.6,18.9,96,0.4,,179,10.4,,1006.4,,8
2025-07-21 06:00:00,19,18.3,96,0.5,,202,11.9,,1006.5,,8
2025-07-21 07:00:00,18.6,17.8,95,0.2,,197,10.1,,1006.8,,7
2025-07-21 08:00:00,19,18.2,95,0.3,,196,10.8,,1007.2,,8
2025-07-21 09:00:00,18.2,16.5,90,0.9,,194,14,,1007.6,,8
2025-07-21 10:00:00,18.4,16.7,90,0.2,,206,13.3,,1007.9,,7
2025-07-21 11:00:00,18.8,16.9,89,0,,190,10.8,,1008.1,,3
2025-07-21 12:00:00,20.4,16,76,0,,204,12.2,,1007.4,,3
2025-07-21 13:00:00,21,15.5,71,0,,196,11.2,,1007,,3
2025-07-21 14:00:00,22.1,14.7,63,0,,195,10.4,,1006.5,,3
2025-07-21 15:00:00,23.2,13.9,56,0,,190,11.2,,1006,,3
2025-07-21 16:00:00,24.9,13.1,48,0,,199,13,,1005.6,,2
2025-07-21 17:00:00,23.2,14.2,57,0.3,,219,20.5,,1006.2,,17
2025-07-21 18:00:00,19.6,15.5,77,1.3,,202,10.1,,1006.8,,9
2025-07-21 19:00:00,19.8,15.6,77,0,,195,13,,1006.8,,3
2025-07-21 20:00:00,20.1,15.7,76,0,,199,12.2,,1007,,2
2025-07-21 21:00:00,18.9,14.8,77,0,,216,15.8,,1007.4,,3
2025-07-21 22:00:00,18.5,14.2,76,0,,194,13.7,,1008,,1
2025-07-21 23:00:00,18.3,14,76,0,,208,14,,1008.2,,3
2025-07-22 00:00:00,18,13.9,77,0,,217,16.9,,1008.4,,2
2025-07-22 01:00:00,17.5,14.2,81,0,,217,17.6,,1008.9,,2
2025-07-22 02:00:00,17.2,14.3,83,0,,221,17.6,,1009.2,,3
2025-07-22 03:00:00,17.2,14.5,84,0,,222,17.6,,1009.8,,3
2025-07-22 04:00:00,16.8,14.1,84,0,,222,16.9,,1010.1,,3
2025-07-22 05:00:00,16.7,13.8,83,0,,228,15.8,,1010.5,,3
2025-07-22 06:00:00,16.3,14,86,0.6,,218,12.6,,1010.8,,8
2025-07-22 07:00:00,15.7,15.1,96,2.4,,211,10.8,,1010.9,,9
2025-07-22 08:00:00,15.9,14.9,94,0.9,,210,15.8,,1011.2,,8
2025-07-22 09:00:00,16.3,15,92,0.8,,224,16.2,,1011.7,,8
2025-07-22 10:00:00,17.2,15.4,89,0.1,,224,16.2,,1012.1,,7
2025-07-22 11:00:00,18.2,15.1,82,0.1,,241,15.8,,1012.4,,7
2025-07-22 12:00:00,19.8,14.4,71,0.2,,253,19.1,,1012.5,,7
2025-07-22 13:00:00,21.2,14.1,64,1.4,,246,20.5,,1012.2,,9
2025-07-22 14:00:00,18.7,15.2,80,1.4,,271,20.2,,1012.9,,9
2025-07-22 15:00:00,21.7,15.3,67,0,,246,18,,1012.5,,3
2025-07-22 16:00:00,20.2,15.4,74,2.3,,254,18.7,,1012.9,,18
2025-07-22 17:00:00,22.1,14.7,63,0,,248,16.9,,1012.7,,3
2025-07-22 18:00:00,22.4,12.9,55,0.4,,250,18.7,,1012.4,,17
2025-07-22 19:00:00,21.4,13.6,61,0,,256,15.8,,1012.7,,3
2025-07-22 20:00:00,20.6,14,66,0,,246,14.4,,1013.3,,3
2025-07-22 21:00:00,19.8,14.2,70,0,,247,11.2,,1014,,3
2025-07-22 22:00:00,18.6,13.9,74,0.3,,232,10.1,,1014.5,,17
2025-07-22 23:00:00,17.8,13.7,77,0,,218,13,,1015,,3
2025-07-23 00:00:00,17.3,13.6,79,0,,223,12.6,,1015.3,,3
2025-07-23 01:00:00,16.9,13.6,81,0,,224,11.9,,1015,,3
2025-07-23 02:00:00,16.2,13.7,85,0,,222,11.2,,1014.8,,2
2025-07-23 03:00:00,15.9,13.6,86,0,,214,10.4,,1014.8,,2
2025-07-23 04:00:00,15.5,13.9,90,0,,209,10.1,,1014.6,,2
2025-07-23 05:00:00,15.3,13.7,90,0,,211,9.4,,1014.5,,2
2025-07-23 06:00:00,15.1,13.8,92,0,,205,9.4,,1014.6,,3
2025-07-23 07:00:00,15.5,13.9,90,0,,195,8.6,,1014.6,,3
2025-07-23 08:00:00,16.6,14.1,85,0,,188,7.2,,1014.6,,3
2025-07-23 09:00:00,18.4,14.3,77,0,,201,8.6,,1014.7,,2
2025-07-23 10:00:00,20,14.6,71,0,,216,11.2,,1014.5,,2
2025-07-23 11:00:00,21,13.7,63,0,,229,12.6,,1014.4,,2
2025-07-23 12:00:00,22.3,12.8,55,0,,233,13.3,,1014,,3
2025-07-23 13:00:00,23.1,12.7,52,0,,236,13.7,,1013.6,,3
2025-07-23 14:00:00,23.8,11.8,47,0,,241,12.2,,1013.3,,3
2025-07-23 15:00:00,24.2,11.5,45,0,,240,10.8,,1012.8,,3
2025-07-23 16:00:00,24.5,11.4,44,0,,246,9.7,,1012.2,,3
2025-07-23 17:00:00,24.6,11.2,43,0,,248,9.4,,1012,,3
2025-07-23 18:00:00,24.3,11.6,45,0,,270,8.6,,1011.7,,3
2025-07-23 19:00:00,23.4,13.6,54,0,,294,8.3,,1011.4,,3
2025-07-23 20:00:00,22.2,14.8,63,0,,340,5.8,,1011.6,,3
2025-07-23 21:00:00,20.4,15,71,0,,12,6.8,,1011.9,,3
2025-07-23 22:00:00,19.2,14.4,74,0,,53,7.6,,1012.1,,3
2025-07-23 23:00:00,18.4,14.5,78,0,,81,6.1,,1012.2,,3
2025-07-24 00:00:00,18,13.7,76,0,,72,5.8,,1012.6,,3
2025-07-24 01:00:00,17.6,13.9,79,0,,87,5,,1012.3,,3
2025-07-24 02:00:00,16.9,14.2,84,0,,93,6.5,,1012.2,,3
2025-07-24 03:00:00,16.3,14.1,87,0,,105,5.4,,1012,,3
2025-07-24 04:00:00,15.2,13.9,92,0,,104,6.5,,1011.8,,2
2025-07-24 05:00:00,14.3,13,92,0,,84,4.7,,1011.9,,2
2025-07-24 06:00:00,14.1,12.8,92,0,,97,6.8,,1012.1,,2
2025-07-24 07:00:00,15.3,13.7,90,0,,109,8.6,,1012.4,,3
2025-07-24 08:00:00,17.4,14.1,81,0,,80,5.8,,1012.7,,3
2025-07-24 09:00:00,19.3,14.1,72,0,,125,2.9,,1013.1,,3
2025-07-24 10:00:00,20.6,14.3,67,0,,180,3.6,,1013.1,,3
2025-07-24 11:00:00,22.1,13.7,59,0,,318,2.5,,1013,,3
2025-07-24 12:00:00,23,13.7,56,0,,275,3.6,,1013.1,,3
2025-07-24 13:00:00,23.5,13.6,54,0,,307,4.7,,1012.9,,2
2025-07-24 14:00:00,23.7,14.1,55,0,,309,7.9,,1013,,3
2025-07-24 15:00:00,22.3,14.7,62,0.3,,359,9.7,,1013,,8
2025-07-24 16:00:00,21.9,15.3,66,0,,320,4.7,,1013.1,,3
2025-07-24 17:00:00,21.7,15.3,67,0.2,,286,4,,1013.2,,7
2025-07-24 18:00:00,21.7,15.1,66,0,,258,4,,1013.2,,3
2025-07-24 19:00:00,21.2,14.8,67,0.4,,234,4.3,,1013.4,,17
2025-07-24 20:00:00,20.8,15.6,72,0,,227,4,,1013.8,,2
2025-07-24 21:00:00,19.7,16.5,82,0,,188,1.4,,1014.2,,3
2025-07-24 22:00:00,18.7,15.9,84,0,,226,2.9,,1015,,3
2025-07-24 23:00:00,18.6,15.8,84,0,,328,1.4,,1015.1,,3
2025-07-25 00:00:00,18,15.6,86,0,,28,2.5,,1015.2,,3
2025-07-25 01:00:00,17.2,15.2,88,0,,27,2.2,,1015.2,,2
2025-07-25 02:00:00,15.2,14.9,98,0,,54,2.2,,1015.3,,1
2025-07-25 03:00:00,15.1,14.6,97,0,,56,1.1,,1015.3,,1
2025-07-25 04:00:00,14.8,14.3,97,0,,46,0.7,,1015.4,,3
2025-07-25 05:00:00,14.5,14.2,98,0,,90,1.8,,1015.6,,5
2025-07-25 06:00:00,14.4,14.1,98,0,,104,2.2,,1015.7,,5
2025-07-25 07:00:00,15.5,15.3,99,0,,185,3.6,,1015.9,,5
2025-07-25 08:00:00,16.1,15.9,99,0,,196,1.8,,1016,,5
2025-07-25 09:00:00,17.7,16,90,0,,322,4.3,,1016.2,,5
2025-07-25 10:00:00,19.3,16.3,83,0,,333,4.7,,1016.2,,3
2025-07-25 11:00:00,20.7,16.3,76,0,,332,3.6,,1016.1,,3
2025-07-25 12:00:00,22.2,16.5,70,0,,290,3.6,,1016,,3
2025-07-25 13:00:00,23.3,16.6,66,0,,297,4,,1015.9,,2
2025-07-25 14:00:00,23.9,16.4,63,0.1,,315,4.7,,1015.3,,17
2025-07-25 15:00:00,23.6,15.6,61,0.2,,297,5.8,,1014.5,,17
2025-07-25 16:00:00,23.3,16.1,64,1,,26,6.8,,1014.9,,9
2025-07-25 17:00:00,23.1,16.2,65,0,,29,6.1,,1014.8,,3
2025-07-25 18:00:00,23.2,15.8,63,0,,34,7.9,,1014.6,,3
2025-07-25 19:00:00,22.7,16.2,67,0,,25,5.8,,1014.7,,3
2025-07-25 20:00:00,22.3,17.4,74,0,,10,3.6,,1015,,2
2025-07-25 21:00:00,20.9,17.3,80,0,,346,4,,1015.5,,3
2025-07-25 22:00:00,20.1,17.1,83,0,,227,3.6,,1016,,2
2025-07-25 23:00:00,19.3,16.9,86,0,,218,4,,1016,,2
2025-07-26 00:00:00,18.8,16.6,87,0,,256,4.3,,1016,,1
2025-07-26 01:00:00,18.2,16.2,88,0,,299,6.5,,1016.3,,1
2025-07-26 02:00:00,17.8,16,89,0,,328,7.6,,1016.1,,1
2025-07-26 03:00:00,17.3,15.5,89,0,,351,8.6,,1016.1,,1
2025-07-26 04:00:00,16.8,15.1,90,0,,350,9,,1016,,1
2025-07-26 05:00:00,16.4,14.9,91,0,,358,8.6,,1015.9,,1
2025-07-26 06:00:00,16,14.9,93,0,,0,7.9,,1016.2,,1
2025-07-26 07:00:00,16.5,15.4,93,0,,349,8.3,,1016.2,,1
2025-07-26 08:00:00,17.2,16.1,93,0,,3,9.7,,1016.1,,1
2025-07-26 09:00:00,18.3,16.5,89,0,,353,10.8,,1016.2,,3
2025-07-26 10:00:00,19.4,16.6,84,0,,358,7.9,,1016.4,,3
2025-07-26 11:00:00,20.9,16.9,78,0,,4,5.4,,1016.3,,3
2025-07-26 12:00:00,22.4,16.7,70,0,,342,8.3,,1015.8,,3
2025-07-26 13:00:00,22.1,16.1,69,0,,322,9.4,,1015.3,,3
2025-07-26 14:00:00,21.2,16.6,75,0.8,,359,10.4,,1014.9,,8
2025-07-26 15:00:00,21,16.8,77,1,,324,9.4,,1014.6,,18
2025-07-26 16:00:00,22.8,17.5,72,0,,334,5.8,,1014.2,,3
2025-07-26 17:00:00,24,17,65,0.1,,332,7.6,,1014,,17
2025-07-26 18:00:00,23.6,15.9,62,0,,340,8.6,,1013.8,,3
2025-07-26 19:00:00,22.8,16.3,67,0.2,,333,6.8,,1013.7,,17
2025-07-26 20:00:00,20.4,17.6,84,1.9,,146,10.4,,1014.4,,18
2025-07-26 21:00:00,17.5,16.5,94,1.8,,167,14.4,,1015.2,,18
2025-07-26 22:00:00,17.3,16.8,97,0,,172,9,,1015.5,,2
2025-07-26 23:00:00,17.4,16.8,96,0,,196,10.8,,1016,,2
2025-07-27 00:00:00,17.2,16.6,96,0,,201,9.4,,1015.5,,3
2025-07-27 01:00:00,16.8,16.3,97,0,,176,9.7,,1015.2,,2
2025-07-27 02:00:00,16.5,16,97,0,,176,10.1,,1014.9,,3
2025-07-27 03:00:00,16.3,15.8,97,0,,174,10.1,,1014.5,,3
2025-07-27 04:00:00,16.1,15.6,97,0,,199,10.1,,1014.3,,3
2025-07-27 05:00:00,16.1,15.8,98,0,,204,8.6,,1014.1,,3
2025-07-27 06:00:00,16.2,15.9,98,0,,168,9.4,,1014.1,,3
2025-07-27 07:00:00,16.6,16.1,97,0.7,,242,10.1,,1014.4,,8
2025-07-27 08:00:00,17,16.4,96,0.6,,174,9.7,,1013.9,,8
2025-07-27 09:00:00,17.7,16.2,91,0.2,,238,9,,1014.2,,17
2025-07-27 10:00:00,19,16.2,84,0,,255,8.3,,1014.2,,3
2025-07-27 11:00:00,19.8,16,79,0,,227,9,,1013.4,,3
2025-07-27 12:00:00,20.9,16.5,76,0,,238,8.3,,1012.9,,3
2025-07-27 13:00:00,21.2,15.7,71,0.9,,241,15.5,,1012.3,,8
2025-07-27 14:00:00,19.7,16.9,84,3.1,,239,14.8,,1012.3,,9
2025-07-27 15:00:00,21.2,16.6,75,0,,252,13.7,,1011.4,,3
2025-07-27 16:00:00,21,15.8,72,0.9,,293,13.3,,1011.1,,8
2025-07-27 17:00:00,19.4,16.1,81,1.3,,294,11.9,,1011.1,,9
2025-07-27 18:00:00,20.5,16.1,76,0.2,,263,7.6,,1011.1,,7
2025-07-27 19:00:00,18.6,15.5,82,2,,240,8.6,,1010.5,,9
2025-07-27 20:00:00,17.6,15.2,86,0.6,,316,9.4,,1011.2,,8
2025-07-27 21:00:00,16.9,15.4,91,0.3,,307,5,,1011.4,,8
2025-07-27 22:00:00,16.6,15.8,95,0.2,,242,9,,1011.7,,7
2025-07-27 23:00:00,15.9,15.1,95,2.6,,276,11.5,,1011.8,,9
2025-07-28 00:00:00,15.5,15,97,1.9,,325,8.6,,1012.5,,9
2025-07-28 01:00:00,15.5,14.9,96,0.4,,328,11.5,,1012.4,,8
2025-07-28 02:00:00,15.2,14.7,97,1,,342,11.2,,1012.1,,9
2025-07-28 03:00:00,15.1,14.8,98,0.6,,339,11.2,,1012,,8
2025-07-28 04:00:00,15,14.5,97,0.6,,336,11.9,,1012.2,,8
2025-07-28 05:00:00,14.9,14.4,97,0.8,,338,12.6,,1012.3,,8
2025-07-28 06:00:00,14.9,14.3,96,0.5,,340,14.8,,1012.8,,8
2025-07-28 07:00:00,14.7,14.2,97,0.4,,338,13.7,,1013.1,,8
2025-07-28 08:00:00,14.7,14.1,96,0.4,,337,14,,1013.8,,8
2025-07-28 09:00:00,15.1,14.1,94,0.3,,336,14.8,,1014.5,,8
2025-07-28 10:00:00,16,14.2,89,0.2,,336,16.2,,1014.6,,7
2025-07-28 11:00:00,17.2,13.7,80,0.1,,331,15.1,,1014.7,,7
2025-07-28 12:00:00,18.8,12.5,67,0,,336,15.1,,1015,,3
2025-07-28 13:00:00,19.8,13.3,66,0,,327,14.4,,1015.2,,2
2025-07-28 14:00:00,20.4,13.1,63,0,,323,15.1,,1015.2,,2
2025-07-28 15:00:00,19.8,12.3,62,0,,320,13.7,,1015.8,,3
2025-07-28 16:00:00,20.1,12.1,60,0,,321,13.7,,1015.5,,3
2025-07-28 17:00:00,20.5,11.4,56,0,,322,14.8,,1015.4,,3
2025-07-28 18:00:00,20.4,11.3,56,0,,320,14.4,,1015.7,,3
2025-07-28 19:00:00,19.6,12.6,64,0,,314,11.9,,1015.7,,3
2025-07-28 20:00:00,18.7,13.5,72,0,,330,10.1,,1016.4,,2
2025-07-28 21:00:00,17.3,13.8,80,0,,320,5.4,,1016.9,,2
2025-07-28 22:00:00,16.7,13.6,82,0,,269,8.3,,1017.6,,2
2025-07-28 23:00:00,16.3,13.6,84,0,,292,9,,1018,,2
2025-07-29 00:00:00,15.8,12.9,83,0,,312,7.9,,1018.2,,2
2025-07-29 01:00:00,14.9,13.3,90,0,,259,7.6,,1018.7,,1
2025-07-29 02:00:00,14.7,12.9,89,0,,289,6.8,,1018.8,,2
2025-07-29 03:00:00,14.4,12.6,89,0,,301,6.5,,1018.9,,2
2025-07-29 04:00:00,14.2,12.4,89,0,,307,5.8,,1018.9,,2
2025-07-29 05:00:00,14,12.4,90,0,,298,5.4,,1019,,3
2025-07-29 06:00:00,13.1,12.6,97,0,,279,6.5,,1019.4,,3
2025-07-29 07:00:00,13.7,12.9,95,0.1,,278,7.9,,1019.3,,17
2025-07-29 08:00:00,14.7,13.2,91,0,,308,8.6,,1019.4,,3
2025-07-29 09:00:00,15.7,13,84,0,,306,6.8,,1019.7,,3
2025-07-29 10:00:00,16.7,13.4,81,0,,264,5.8,,1019.6,,3
2025-07-29 11:00:00,17.6,13.9,79,0,,243,6.1,,1019.4,,3
2025-07-29 12:00:00,19,13.6,71,0,,246,7.2,,1019,,3
2025-07-29 13:00:00,20.1,13.1,64,0,,265,7.9,,1018.5,,2
2025-07-29 14:00:00,21.1,11.7,55,0,,271,10.1,,1018,,3
2025-07-29 15:00:00,20.8,11.1,54,0,,277,10.8,,1017.7,,3
2025-07-29 16:00:00,21.7,11.4,52,0.1,,248,10.4,,1017.3,,7
2025-07-29 17:00:00,21.4,11.1,52,0,,260,12.2,,1016.8,,2
2025-07-29 18:00:00,21.3,11,52,0,,267,11.2,,1016.5,,3
2025-07-29 19:00:00,21,11.6,55,0,,269,8.6,,1016.3,,3
2025-07-29 20:00:00,20.1,13.5,66,0,,249,6.8,,1016.4,,3
2025-07-29 21:00:00,16.3,13.6,84,0,,56,8.6,,1017.1,,3
2025-07-29 22:00:00,15.6,14.3,92,0,,131,4,,1017.4,,3
2025-07-29 23:00:00,16.1,13.9,87,0,,168,4.3,,1017.5,,3
2025-07-30 00:00:00,16.2,13.5,84,0,,187,5.8,,1017.4,,3
2025-07-30 01:00:00,15.9,13.4,85,0,,214,6.1,,1017.1,,3
2025-07-30 02:00:00,15.7,13.4,86,0,,225,7.2,,1017.2,,3
2025-07-30 03:00:00,15.5,13.3,87,0,,221,7.6,,1016.9,,3
2025-07-30 04:00:00,15.2,13.2,88,0,,186,6.1,,1016.9,,3
2025-07-30 05:00:00,15.1,13.3,89,0,,213,5,,1016.8,,3
2025-07-30 06:00:00,14.6,13.1,91,0.4,,209,5.8,,1017,,8
2025-07-30 07:00:00,15,14.2,95,0.9,,235,8.6,,1016.7,,8
2025-07-30 08:00:00,15,14.2,95,2,,244,9.7,,1016.8,,9
2025-07-30 09:00:00,15.8,14.5,92,0.2,,243,11.2,,1017.1,,7
2025-07-30 10:00:00,16.9,14.5,86,0,,246,10.8,,1017.4,,3
2025-07-30 11:00:00,18.3,13.8,75,0,,263,11.2,,1017.3,,3
2025-07-30 12:00:00,19.6,14,70,0.1,,272,10.8,,1017.1,,17
2025-07-30 13:00:00,19.3,13,67,0,,293,10.8,,1017,,3
2025-07-30 14:00:00,19.7,13.2,66,0.2,,292,11.2,,1016.8,,17
2025-07-30 15:00:00,21.1,12.2,57,0,,295,10.1,,1016.3,,3
2025-07-30 16:00:00,21.8,11.5,52,0,,296,9.7,,1016.2,,3
2025-07-30 17:00:00,21.8,10.9,50,0,,290,12.2,,1016,,2
2025-07-30 18:00:00,21.4,11.4,53,0,,290,13.3,,1016,,2
2025-07-30 19:00:00,18.5,13.1,71,0.1,,338,14.8,,1016.7,,17
2025-07-30 20:00:00,17.9,13.6,76,0,,333,4.3,,1016.7,,2
2025-07-30 21:00:00,16.8,13.9,83,0,,207,2.9,,1017.2,,2
2025-07-30 22:00:00,17.5,13,75,0,,227,12.2,,1017.2,,3
2025-07-30 23:00:00,16.4,13.3,82,0,,50,8.6,,1017.8,,3
2025-07-31 00:00:00,16.3,13.4,83,0,,136,8.6,,1017.9,,3
2025-07-31 01:00:00,16.2,13.7,85,0,,194,11.2,,1017.5,,3
2025-07-31 02:00:00,15.5,13.9,90,0,,211,11.2,,1017.5,,3
2025-07-31 03:00:00,14.6,13.6,94,0,,208,11.2,,1017.5,,2
2025-07-31 04:00:00,14,13.2,95,0,,199,10.4,,1017.5,,1
2025-07-31 05:00:00,13.6,13.1,97,0,,199,10.1,,1017.5,,2
2025-07-31 06:00:00,13.6,13.3,98,0,,201,9.7,,1017.6,,3
2025-07-31 07:00:00,14.1,13.6,97,0,,190,9.4,,1017.4,,3
2025-07-31 08:00:00,15,14,94,0,,200,12.6,,1017.6,,3
2025-07-31 09:00:00,16.5,14.1,86,0,,223,14.8,,1017.6,,3
2025-07-31 10:00:00,18.1,14,77,0,,233,14.8,,1017.7,,3
2025-07-31 11:00:00,19.6,13.3,67,0,,241,13,,1017.6,,3
2025-07-31 12:00:00,21.3,12.2,56,0,,264,14.4,,1017.1,,3
2025-07-31 13:00:00,21.8,11.8,53,0,,264,15.8,,1016.7,,3
2025-07-31 14:00:00,22.6,11.6,50,0,,258,15.8,,1016,,3
2025-07-31 15:00:00,23.3,11.7,48,0.2,,266,15.5,,1015.6,,17
2025-07-31 16:00:00,22.6,12.2,52,0,,273,16.2,,1015.5,,3
2025-07-31 17:00:00,23.1,12.4,51,0,,264,15.5,,1014.8,,3
2025-07-31 18:00:00,23.1,13.8,56,0.1,,264,12.2,,1014.2,,7
2025-07-31 19:00:00,21.7,14.3,63,0,,268,13.3,,1014.5,,3
2025-07-31 20:00:00,20.2,15,72,0,,278,10.4,,1014.6,,3
2025-07-31 21:00:00,19.4,15.3,77,0,,252,13.7,,1015.2,,3
2025-07-31 22:00:00,18.3,15.2,82,0,,215,13.7,,1015.5,,3
2025-07-31 23:00:00,17.1,15.3,89,0.5,,193,10.8,,1015.2,,8
2025-08-01 00:00:00,16.6,15.6,94,1.5,,194,9.7,,1014.8,,9
2025-08-01 01:00:00,16.3,15.8,97,1.9,,186,10.4,,1014.6,,9
2025-08-01 02:00:00,16.3,15.8,97,1,,187,13.7,,1014.5,,9
2025-08-01 03:00:00,16.3,15.8,97,0.9,,196,14,,1013.7,,8
2025-08-01 04:00:00,16.6,15.6,94,2,,210,9.7,,1013.4,,9
2025-08-01 05:00:00,16.2,15.6,96,1.1,,212,13.7,,1013.3,,9
2025-08-01 06:00:00,15.9,15.4,97,1.1,,214,11.5,,1012.8,,9
2025-08-01 07:00:00,15.9,15.3,96,0.6,,220,14.8,,1012.9,,17
2025-08-01 08:00:00,15.9,15.1,95,0.5,,230,15.8,,1012.9,,8
2025-08-01 09:00:00,16.5,15.9,96,0.9,,230,15.1,,1013.1,,8
2025-08-01 10:00:00,17.4,16.1,92,0.3,,219,10.1,,1013,,8
2025-08-01 11:00:00,18.5,15.9,85,0.5,,247,11.2,,1012.7,,17
2025-08-01 12:00:00,18.8,15.1,79,0.6,,256,15.5,,1012.5,,8
2025-08-01 13:00:00,19.1,15.6,80,0.9,,246,10.4,,1012.6,,17
2025-08-01 14:00:00,21.5,14.4,64,0.1,,267,11.9,,1011.8,,17
2025-08-01 15:00:00,20.1,14.5,70,0.8,,259,13,,1011.6,,8
2025-08-01 16:00:00,19.5,15.4,77,2.2,,272,11.9,,1011.7,,18
2025-08-01 17:00:00,21,15.3,70,0,,255,7.9,,1011.2,,3
2025-08-01 18:00:00,20.6,14.7,69,0.5,,239,12.2,,1010.6,,17
2025-08-01 19:00:00,17,14.5,85,5,,301,10.4,,1011.4,,18
2025-08-01 20:00:00,17.3,14.8,85,0,,243,5,,1010.8,,3
2025-08-01 21:00:00,16.1,14.8,92,0,,173,4.7,,1011.6,,3
2025-08-01 22:00:00,15.9,14.8,93,0.5,,170,6.1,,1012.2,,17
2025-08-01 23:00:00,15.4,14.8,96,1.2,,191,10.4,,1012.4,,18
2025-08-02 00:00:00,15,14.7,98,0,,190,10.1,,1012.5,,2
2025-08-02 01:00:00,14.7,14.5,99,0,,181,6.8,,1012.3,,3
2025-08-02 02:00:00,14.9,14.7,99,0,,188,4.7,,1012.3,,3
2025-08-02 03:00:00,14.8,14.6,99,0,,282,4,,1011.8,,3
2025-08-02 04:00:00,15,14.7,98,0,,325,5.8,,1011.8,,3
2025-08-02 05:00:00,14.6,14.1,97,0,,339,6.8,,1012.1,,3
2025-08-02 06:00:00,13.8,13.3,97,0,,330,5.8,,1012.2,,3
2025-08-02 07:00:00,13.9,13.3,96,0,,341,7.6,,1012.4,,3
2025-08-02 08:00:00,14.2,13.2,94,0,,342,8.3,,1012.9,,3
2025-08-02 09:00:00,15.2,13.2,88,0,,342,7.6,,1013,,3
2025-08-02 10:00:00,16.3,12.8,80,0,,315,6.1,,1013.2,,3
2025-08-02 11:00:00,18.1,13.6,75,0,,298,6.8,,1013.2,,3
2025-08-02 12:00:00,18.9,13.5,71,0,,288,8.6,,1013.3,,3
2025-08-02 13:00:00,19.7,13.6,68,0,,279,9.4,,1013.2,,3
2025-08-02 14:00:00,20.7,13.4,63,0,,281,10.1,,1013.1,,3
2025-08-02 15:00:00,21.3,12.7,58,0,,288,10.4,,1012.9,,2
2025-08-02 16:00:00,19.5,13,66,0,,230,13.3,,1013.7,,3
2025-08-02 17:00:00,19.8,13.5,67,0,,211,10.8,,1013.5,,3
2025-08-02 18:00:00,20.7,12.9,61,0,,236,9.4,,1013.4,,3
2025-08-02 19:00:00,19.5,12.5,64,0.4,,312,13.3,,1013.8,,17
2025-08-02 20:00:00,17.5,13.6,78,0.2,,304,11.9,,1014.7,,17
2025-08-02 21:00:00,16.7,14,84,0,,283,7.2,,1015.5,,3
2025-08-02 22:00:00,15.3,13.8,91,0.4,,278,7.2,,1016.4,,17
2025-08-02 23:00:00,15.1,14.3,95,0.5,,220,10.1,,1016.8,,17
2025-08-03 00:00:00,14.7,14.1,96,0,,245,8.3,,1017.1,,3
2025-08-03 01:00:00,14.6,13.8,95,0,,272,8.3,,1017.4,,3
2025-08-03 02:00:00,14.5,13.2,92,0,,309,7.6,,1017.9,,3
2025-08-03 03:00:00,14,12.9,93,0,,291,6.5,,1017.9,,3
2025-08-03 04:00:00,13.7,12.6,93,0,,292,6.5,,1018.2,,2
2025-08-03 05:00:00,13.5,12.4,93,0,,289,5.8,,1018.4,,2
2025-08-03 06:00:00,13.2,12.1,93,0,,282,4.7,,1018.8,,3
2025-08-03 07:00:00,13.7,12.3,91,0,,296,6.8,,1019,,3
2025-08-03 08:00:00,14.3,12.3,88,0,,299,7.2,,1019.3,,3
2025-08-03 09:00:00,15.1,12,82,0,,304,10.1,,1019.9,,3
2025-08-03 10:00:00,15.1,11.9,81,0.2,,300,11.5,,1020.3,,7
2025-08-03 11:00:00,14.6,12.1,85,0.6,,297,10.8,,1020.7,,8
2025-08-03 12:00:00,15.7,11.7,77,0.4,,307,9,,1020.6,,8
2025-08-03 13:00:00,16.6,10.9,69,0,,297,6.8,,1020.7,,3
2025-08-03 14:00:00,17.5,10.4,63,0,,304,6.8,,1020.6,,3
2025-08-03 15:00:00,18.1,10,59,0,,272,4.7,,1020.3,,3
2025-08-03 16:00:00,19,10.3,57,0,,271,7.9,,1020.3,,3
2025-08-03 17:00:00,19,10.5,58,0,,259,10.4,,1020.1,,3
2025-08-03 18:00:00,19.5,10.7,57,0,,253,9.4,,1020,,3
2025-08-03 19:00:00,19.6,11.1,58,0,,246,7.9,,1019.9,,3
2025-08-03 20:00:00,18.5,12.5,68,0,,202,7.2,,1019.9,,3
2025-08-03 21:00:00,17.1,12.2,73,0,,196,9.7,,1020.3,,3
2025-08-03 22:00:00,16.4,11.8,74,0,,210,9.7,,1021.2,,3
2025-08-03 23:00:00,15.6,11.8,78,0,,201,10.4,,1021,,3
2025-08-04 00:00:00,15,11.8,81,0,,195,10.4,,1021.1,,2
2025-08-04 01:00:00,14.5,11.6,83,0,,191,11.2,,1020.9,,3
2025-08-04 02:00:00,14.4,11.5,83,0.3,,191,10.8,,1020.8,,17
2025-08-04 03:00:00,14.6,11.9,84,0,,191,11.9,,1020.5,,3
2025-08-04 04:00:00,14.6,11.7,83,0,,200,11.9,,1020,,3
2025-08-04 05:00:00,14.5,12.2,86,0.8,,222,13.3,,1020.2,,8
2025-08-04 06:00:00,13.9,12.9,94,1.3,,208,14.8,,1019.6,,9
2025-08-04 07:00:00,14,13.2,95,1.9,,201,16.2,,1019.9,,9
2025-08-04 08:00:00,13.8,13.2,96,3.4,,204,14.4,,1020.2,,9
2025-08-04 09:00:00,14,13.4,96,2.1,,201,13.3,,1020.2,,9
2025-08-04 10:00:00,14.6,14,96,2.8,,202,13.3,,1020.4,,9
2025-08-04 11:00:00,15,14.5,97,1.9,,203,13.3,,1020.7,,9
2025-08-04 12:00:00,15.6,14.6,94,0.7,,206,13.3,,1020.9,,8
2025-08-04 13:00:00,19.6,15.9,79,0.2,,237,18.4,,1020.2,,7
2025-08-04 14:00:00,20.6,16,75,0.2,,236,16.9,,1020.2,,7
2025-08-04 15:00:00,20.8,16,74,0,,211,15.8,,1019.7,,3
2025-08-04 16:00:00,22.5,16.1,67,0,,213,16.6,,1019.3,,3
2025-08-04 17:00:00,23.7,15.2,59,0,,224,16.2,,1018.8,,3
2025-08-04 18:00:00,23.2,16,64,0,,203,13,,1018.4,,3
2025-08-04 19:00:00,23,16.1,65,0,,194,13,,1017.9,,2
2025-08-04 20:00:00,22,16,69,0,,206,13.7,,1018.2,,2
2025-08-04 21:00:00,20.5,15.7,74,0,,204,12.2,,1018.4,,3
2025-08-04 22:00:00,20.1,16.1,78,0,,196,10.4,,1019.1,,3
2025-08-04 23:00:00,18.9,15.9,83,0,,187,10.1,,1018.8,,3
2025-08-05 00:00:00,18.4,15.6,84,0,,189,9.4,,1018.8,,2
2025-08-05 01:00:00,18.1,15.7,86,0,,174,10.1,,1018.4,,2
2025-08-05 02:00:00,17.9,15.7,87,0,,181,10.8,,1018.1,,2
2025-08-05 03:00:00,17.6,15.4,87,0,,183,10.8,,1017.7,,1
2025-08-05 04:00:00,17.2,14.8,86,0,,185,10.8,,1017.4,,2
2025-08-05 05:00:00,17,14.6,86,0,,179,10.4,,1017,,1
2025-08-05 06:00:00,16.8,14.6,87,0,,171,10.8,,1016.6,,2
2025-08-05 07:00:00,17.1,14.7,86,0,,175,11.2,,1016.7,,2
2025-08-05 08:00:00,18.5,15.7,84,0,,165,9.7,,1016.6,,2
2025-08-05 09:00:00,20.3,16.3,78,0,,195,10.4,,1016.6,,3
2025-08-05 10:00:00,21.8,16.7,73,0,,210,11.9,,1016.6,,3
2025-08-05 11:00:00,22.3,17.2,73,0,,231,12.6,,1016.9,,3
2025-08-05 12:00:00,23.2,17.6,71,0,,278,18,,1017.3,,3
2025-08-05 13:00:00,20.3,17.5,84,1.2,,306,14.4,,1018.3,,9
2025-08-05 14:00:00,19.9,17.1,84,0.2,,324,14.4,,1018.8,,7
2025-08-05 15:00:00,20.4,15.2,72,0,,335,11.5,,1019.2,,3
2025-08-05 16:00:00,21.7,14.8,65,0,,315,12.6,,1019.3,,2
2025-08-05 17:00:00,22.4,14,59,0,,300,12.6,,1019.2,,3
2025-08-05 18:00:00,22.7,13.2,55,0,,297,13.7,,1019.5,,2
2025-08-05 19:00:00,21.9,13.3,58,0,,304,11.9,,1020.1,,2
2025-08-05 20:00:00,20.6,12.8,61,0,,310,12.2,,1020.8,,2
2025-08-05 21:00:00,19.2,12.2,64,0,,313,11.9,,1021.8,,3
2025-08-05 22:00:00,17.8,12.3,70,0,,321,11.5,,1023.2,,2
2025-08-05 23:00:00,16.7,12.2,75,0,,348,11.2,,1024.1,,1
2025-08-06 00:00:00,15.8,11.2,74,0,,349,10.1,,1025,,2
2025-08-06 01:00:00,14.7,10.7,77,0,,350,7.6,,1025.5,,1
2025-08-06 02:00:00,13.9,10.3,79,0,,351,5.8,,1025.9,,1
2025-08-06 03:00:00,13.4,9.8,79,0,,0,5.4,,1026.1,,1
2025-08-06 04:00:00,13,9.6,80,0,,15,3.2,,1026,,1
2025-08-06 05:00:00,12.6,9.4,81,0,,157,2.2,,1026.2,,1
2025-08-06 06:00:00,12.1,9.7,85,0,,159,2.9,,1026.3,,1
2025-08-06 07:00:00,12.7,10.4,86,0,,152,4,,1026.4,,1
2025-08-06 08:00:00,14.4,11.4,82,0,,131,2.5,,1026.6,,1
2025-08-06 09:00:00,16,11.2,73,0,,135,1.8,,1026.6,,2
2025-08-06 10:00:00,17.4,10.5,64,0,,158,3.2,,1026.4,,3
2025-08-06 11:00:00,18.7,9.7,56,0,,122,3.6,,1026.2,,3
2025-08-06 12:00:00,19.6,9.2,51,0,,77,4.3,,1025.8,,3
2025-08-06 13:00:00,20.4,9.3,49,0,,48,3.2,,1025.3,,3
2025-08-06 14:00:00,21,9.6,48,0,,9,4,,1024.6,,3
2025-08-06 15:00:00,21.3,10.1,49,0,,20,5,,1024.1,,3
2025-08-06 16:00:00,21.7,10.5,49,0,,336,5.4,,1023.3,,3
2025-08-06 17:00:00,21.7,10.8,50,0,,324,6.8,,1022.6,,3
2025-08-06 18:00:00,21.6,11,51,0,,327,6.1,,1022.4,,3
2025-08-06 19:00:00,21,11,53,0,,302,6.5,,1021.8,,3
2025-08-06 20:00:00,19.4,12.9,66,0,,301,6.1,,1021.8,,3
2025-08-06 21:00:00,17.6,12.3,71,0,,333,7.2,,1022,,2
2025-08-06 22:00:00,16.8,11.7,72,0,,32,6.8,,1021.9,,1
2025-08-06 23:00:00,15.5,12.1,80,0,,50,6.5,,1021.7,,1
2025-08-07 00:00:00,14.3,11.8,85,0,,75,8.3,,1021.6,,1
2025-08-07 01:00:00,14.5,10.9,79,0,,98,9.7,,1020.9,,3
2025-08-07 02:00:00,13.7,9.9,78,0,,93,10.4,,1020.7,,2
2025-08-07 03:00:00,13.1,9.7,80,0,,95,9.7,,1020.4,,3
2025-08-07 04:00:00,12.6,9.6,82,0,,106,10.8,,1020,,3
2025-08-07 05:00:00,12.5,9.3,81,0,,99,10.8,,1019.8,,3
2025-08-07 06:00:00,12.4,8.9,79,0,,97,11.5,,1019.4,,3
2025-08-07 07:00:00,12.7,9.3,80,0,,99,10.8,,1019.4,,3
2025-08-07 08:00:00,14.6,10.2,75,0,,113,11.9,,1019.3,,2
2025-08-07 09:00:00,16.6,11.3,71,0,,142,7.6,,1019.4,,3
2025-08-07 10:00:00,18.4,11.9,66,0,,146,6.1,,1019.7,,3
2025-08-07 11:00:00,20,13.4,66,0,,162,7.2,,1019.3,,2
2025-08-07 12:00:00,21.8,13.7,60,0,,200,6.1,,1019.4,,2
2025-08-07 13:00:00,23.2,13.4,54,0,,194,6.8,,1018.9,,1
2025-08-07 14:00:00,24.2,13.1,50,0,,192,6.8,,1018.5,,1
2025-08-07 15:00:00,24.9,13.4,49,0,,195,7.9,,1018.3,,1
2025-08-07 16:00:00,25.1,13.6,49,0,,205,10.4,,1018.1,,3
2025-08-07 17:00:00,24.5,13.7,51,0,,191,11.2,,1017.7,,3
2025-08-07 18:00:00,25,13.8,50,0,,197,11.2,,1017.7,,2
2025-08-07 19:00:00,24,14.9,57,0,,183,10.1,,1017.4,,2
2025-08-07 20:00:00,22.3,15.4,65,0,,183,10.8,,1017.7,,3
2025-08-07 21:00:00,21,15.3,70,0,,193,9.4,,1017.5,,1
2025-08-07 22:00:00,19.6,15,75,0,,199,8.6,,1017.8,,1
2025-08-07 23:00:00,18.8,14.7,77,0,,185,5.8,,1018.1,,1
2025-08-08 00:00:00,18.4,14.5,78,0,,148,5,,1018,,1
2025-08-08 01:00:00,18.1,14.2,78,0,,133,4.3,,1018,,2
2025-08-08 02:00:00,17.8,13.9,78,0,,128,4.7,,1018.2,,2
2025-08-08 03:00:00,17,13.7,81,0,,127,5.4,,1018.2,,2
2025-08-08 04:00:00,16.3,13.4,83,0,,115,5.8,,1018,,1
2025-08-08 05:00:00,15.8,13.1,84,0,,120,6.8,,1018.1,,1
2025-08-08 06:00:00,15.2,12.9,86,0,,131,6.8,,1018.5,,1
2025-08-08 07:00:00,15.6,12.7,83,0,,131,6.1,,1018.3,,1
2025-08-08 08:00:00,17.4,13.7,79,0,,135,7.2,,1018.8,,1
2025-08-08 09:00:00,19.6,14.6,73,0,,147,5.8,,1018.9,,1
2025-08-08 10:00:00,21.7,15.1,66,0,,167,6.1,,1019.2,,1
2025-08-08 11:00:00,23.7,15.2,59,0,,184,5.8,,1019.4,,1
2025-08-08 12:00:00,25.4,15.4,54,0,,186,5.4,,1019.2,,1
2025-08-08 13:00:00,27.1,14.8,47,0,,201,6.1,,1018.8,,1
2025-08-08 14:00:00,28.1,14,42,0,,213,6.5,,1018.7,,1
2025-08-08 15:00:00,28.8,13.4,39,0,,206,7.6,,1018.6,,1
2025-08-08 16:00:00,29.3,13.5,38,0,,194,8.3,,1018.2,,1
2025-08-08 17:00:00,29.5,12,34,0,,187,9,,1018,,1
2025-08-08 18:00:00,29.4,12.3,35,0,,178,7.6,,1018,,1
2025-08-08 19:00:00,27.9,16.8,51,0,,109,7.6,,1018,,1
2025-08-08 20:00:00,25.8,18.2,63,0,,12,4.7,,1018.4,,1
2025-08-08 21:00:00,24.2,16.2,61,0,,109,1.8,,1018.9,,1
2025-08-08 22:00:00,22.4,17.1,72,0,,83,5.4,,1019.2,,1
2025-08-08 23:00:00,21.1,17.1,78,0,,98,6.5,,1019.4,,1
2025-08-09 00:00:00,20.4,16.6,79,0,,95,8.3,,1019.5,,3
2025-08-09 01:00:00,19.3,15.6,79,0,,358,6.5,,1019.6,,3
2025-08-09 02:00:00,19,14.7,76,0,,332,6.5,,1019.7,,2
2025-08-09 03:00:00,18.2,13.7,75,0,,358,4.7,,1019.3,,3
2025-08-09 04:00:00,17.6,13.3,76,0,,21,4.7,,1019.1,,3
2025-08-09 05:00:00,16.8,12.9,78,0,,4,4.3,,1018.8,,3
2025-08-09 06:00:00,16.4,12.7,79,0,,16,4,,1018.9,,3
2025-08-09 07:00:00,16.9,13.4,80,0,,75,4.3,,1019.3,,3
2025-08-09 08:00:00,18.3,14.2,77,0,,44,4.3,,1019.6,,3
2025-08-09 09:00:00,20.2,14.8,71,0,,296,1.8,,1020,,3
2025-08-09 10:00:00,22.3,14.9,63,0,,239,1.8,,1020.1,,3
2025-08-09 11:00:00,23.3,15.6,62,0,,251,2.5,,1020.1,,3
2025-08-09 12:00:00,25.1,16.2,58,0,,288,2.5,,1020.1,,3
2025-08-09 13:00:00,26.7,15.7,51,0,,320,3.2,,1019.6,,3
2025-08-09 14:00:00,28.2,15.1,45,0,,313,3.6,,1019.2,,3
2025-08-09 15:00:00,29.6,14.5,40,0,,291,3.2,,1018.9,,1
2025-08-09 16:00:00,30.3,14.4,38,0,,275,4,,1018.7,,1
2025-08-09 17:00:00,30.4,14.9,39,0,,303,6.8,,1018.4,,1
2025-08-09 18:00:00,30.5,16.5,43,0,,52,5.4,,1018,,1
2025-08-09 19:00:00,29.9,17.7,48,0,,3,7.2,,1018,,1
2025-08-09 20:00:00,27.6,18.6,58,0,,355,8.3,,1018.5,,1
2025-08-09 21:00:00,25.5,18.2,64,0,,333,8.3,,1019.2,,1
2025-08-09 22:00:00,24.5,17.7,66,0,,314,8.3,,1019.9,,1
2025-08-09 23:00:00,24,15.7,60,0,,309,11.2,,1020.4,,1
2025-08-10 00:00:00,23,15.1,61,0,,332,14,,1021.4,,1
2025-08-10 01:00:00,21.7,14.1,62,0,,337,13.3,,1022,,1
2025-08-10 02:00:00,20.5,13.2,63,0,,335,10.8,,1022.7,,1
2025-08-10 03:00:00,19.4,12.4,64,0,,328,11.5,,1023.2,,1
2025-08-10 04:00:00,19,12,64,0,,333,12.6,,1023.4,,1
2025-08-10 05:00:00,18.2,11.7,66,0,,339,12.2,,1024,,1
2025-08-10 06:00:00,17.3,11.8,70,0,,345,10.4,,1024.6,,1
2025-08-10 07:00:00,17,12.1,73,0,,343,9.7,,1025.2,,1
2025-08-10 08:00:00,18.1,12.8,71,0,,340,9.4,,1025.8,,1
2025-08-10 09:00:00,19.4,13.6,69,0,,342,10.1,,1026.1,,1
2025-08-10 10:00:00,20.9,14.1,65,0,,345,11.2,,1026.3,,1
2025-08-10 11:00:00,22.4,13.5,57,0,,349,11.5,,1026.7,,1
2025-08-10 12:00:00,23.8,12.7,50,0,,346,10.4,,1026.7,,1
2025-08-10 13:00:00,25,11.9,44,0,,343,10.1,,1026.3,,1
2025-08-10 14:00:00,25.9,9.7,36,0,,341,10.1,,1026.2,,1
2025-08-10 15:00:00,26.6,8.1,31,0,,344,10.1,,1025.8,,1
2025-08-10 16:00:00,27.2,7.1,28,0,,352,10.4,,1025.4,,1
2025-08-10 17:00:00,27.4,7.8,29,0,,360,11.2,,1024.8,,1
2025-08-10 18:00:00,27.2,7.6,29,0,,5,11.9,,1024.4,,1
2025-08-10 19:00:00,26.4,8.4,32,0,,11,11.9,,1024.6,,1
2025-08-10 20:00:00,24.7,9.4,38,0,,9,11.2,,1024.6,,1
2025-08-10 21:00:00,22.7,9.5,43,0,,14,11.5,,1025,,1
2025-08-10 22:00:00,21.5,9.1,45,0,,24,12.2,,1025.5,,1
2025-08-10 23:00:00,20.5,9.1,48,0,,34,11.5,,1025.7,,1
2025-08-11 00:00:00,19.4,9.6,53,0,,49,12.2,,1025.4,,1
2025-08-11 01:00:00,19.2,9.1,52,0,,63,14,,1025.3,,1
2025-08-11 02:00:00,18.9,9.1,53,0,,72,14.8,,1025.1,,1
2025-08-11 03:00:00,18.4,9.5,56,0,,78,14.4,,1024.7,,1
2025-08-11 04:00:00,17.9,9.5,58,0,,85,14,,1024.6,,1
2025-08-11 05:00:00,17.4,9.3,59,0,,85,14,,1024.3,,1
2025-08-11 06:00:00,16.9,9.1,60,0,,85,13.7,,1024.3,,1
2025-08-11 07:00:00,16.9,9.6,62,0,,83,13.3,,1024.2,,1
2025-08-11 08:00:00,18.4,10,58,0,,70,13,,1024.4,,1
2025-08-11 09:00:00,20.2,10.6,54,0,,72,11.9,,1024.2,,1
2025-08-11 10:00:00,21.5,12.3,56,0,,78,11.5,,1023.9,,1
2025-08-11 11:00:00,23.6,12.6,50,0,,73,10.4,,1023.5,,1
2025-08-11 12:00:00,25.5,12,43,0,,84,10.8,,1022.9,,1
2025-08-11 13:00:00,26.9,10.6,36,0,,88,11.5,,1022.3,,1
2025-08-11 14:00:00,27.9,9.7,32,0,,82,11.2,,1021.7,,1
2025-08-11 15:00:00,28.3,8.5,29,0,,82,11.2,,1021.5,,1
2025-08-11 16:00:00,28.8,8.5,28,0,,80,10.8,,1020.7,,1
2025-08-11 17:00:00,28.8,8.5,28,0,,80,10.8,,1019.9,,1
2025-08-11 18:00:00,28.5,8.7,29,0,,85,10.8,,1019.5,,1
2025-08-11 19:00:00,27.4,11,36,0,,88,8.6,,1019.2,,1
2025-08-11 20:00:00,25.2,12.4,45,0,,74,9.4,,1019.3,,1
2025-08-11 21:00:00,23.1,11.8,49,0,,52,11.2,,1019.5,,1
2025-08-11 22:00:00,22.2,11.3,50,0,,53,11.9,,1019.5,,1
2025-08-11 23:00:00,21.7,10.5,49,0,,68,12.2,,1019.3,,1
2025-08-12 00:00:00,21.1,10.9,52,0,,90,13.3,,1019.3,,1
2025-08-12 01:00:00,20.5,10.9,54,0,,100,14.4,,1019.1,,1
2025-08-12 02:00:00,19.8,10.5,55,0,,104,14.4,,1018.8,,1
2025-08-12 03:00:00,19.3,10.6,57,0,,107,14.4,,1018.5,,1
2025-08-12 04:00:00,18.8,11.4,62,0,,105,13.3,,1018.4,,1
2025-08-12 05:00:00,18.2,11.5,65,0,,99,13,,1018.3,,1
2025-08-12 06:00:00,18,10.4,61,0,,94,13.7,,1018,,1
2025-08-12 07:00:00,18,11.1,64,0,,89,14,,1017.9,,1
2025-08-12 08:00:00,19.9,12.2,61,0,,86,14,,1018,,1
2025-08-12 09:00:00,22.3,13.1,56,0,,93,12.2,,1018.1,,1
2025-08-12 10:00:00,24.5,13.7,51,0,,106,13.3,,1017.8,,1
2025-08-12 11:00:00,25.4,14.8,52,0,,106,12.2,,1018,,1
2025-08-12 12:00:00,27,15,48,0,,115,10.8,,1017.7,,1
2025-08-12 13:00:00,28.5,15.7,46,0,,120,10.1,,1017.1,,1
2025-08-12 14:00:00,29.7,15.4,42,0,,125,8.6,,1016.7,,1
2025-08-12 15:00:00,30.6,15,39,0,,131,6.8,,1016.2,,1
2025-08-12 16:00:00,30.9,14.5,37,0,,142,6.5,,1015.4,,1
2025-08-12 17:00:00,31,14.6,37,0,,133,6.1,,1014.7,,1
2025-08-12 18:00:00,30.9,14.9,38,0,,125,5.8,,1014.6,,1
2025-08-12 19:00:00,30.1,17.2,46,0,,103,5.4,,1014,,1
2025-08-12 20:00:00,28,17.5,53,0,,78,7.6,,1014,,1
2025-08-12 21:00:00,25.7,17.6,61,0,,80,8.3,,1014.3,,1
2025-08-12 22:00:00,24.3,17,64,0,,93,9.7,,1014.4,,1
2025-08-12 23:00:00,23.4,16.4,65,0,,101,9.7,,1014.3,,1
2025-08-13 00:00:00,22.4,16.2,68,0,,108,9.7,,1014.2,,1
2025-08-13 01:00:00,21.2,16.6,75,0,,142,7.2,,1014.3,,1
2025-08-13 02:00:00,20.3,16.5,79,0,,131,6.5,,1014.7,,1
2025-08-13 03:00:00,20.2,16.4,79,0,,118,6.5,,1014.8,,1
2025-08-13 04:00:00,20.1,16.7,81,0,,138,6.1,,1014.9,,1
2025-08-13 05:00:00,19.9,17.1,84,0,,161,6.8,,1015,,1
2025-08-13 06:00:00,19.3,16.9,86,0,,168,6.5,,1015.4,,1
2025-08-13 07:00:00,19.5,17.1,86,0,,154,6.5,,1015.9,,1
2025-08-13 08:00:00,21,17.4,80,0,,154,6.1,,1015.7,,1
2025-08-13 09:00:00,23,17.7,72,0,,164,4.3,,1016.2,,1
2025-08-13 10:00:00,25.4,17.6,62,0,,182,4,,1016.5,,1
2025-08-13 11:00:00,27.8,17,52,0,,214,4.7,,1016.7,,1
2025-08-13 12:00:00,29.8,16.9,46,0,,239,4.7,,1016.8,,1
2025-08-13 13:00:00,30.4,17.8,47,0,,268,5.4,,1016.6,,1
2025-08-13 14:00:00,31.5,16.6,41,0,,282,5.4,,1016.4,,1
2025-08-13 15:00:00,32.3,15.7,37,0,,302,5,,1016.1,,1
2025-08-13 16:00:00,32.7,15.2,35,0,,319,4.7,,1015.6,,1
2025-08-13 17:00:00,32.8,15.3,35,0,,336,5.4,,1015.5,,1
2025-08-13 18:00:00,32.3,16.6,39,0,,356,4.7,,1015.4,,1
2025-08-13 19:00:00,31.4,18.4,46,0,,4,3.2,,1015.3,,1
2025-08-13 20:00:00,29.1,21.3,63,0,,17,1.8,,1015.4,,1
2025-08-13 21:00:00,26.9,20,66,0,,65,1.4,,1016,,1
2025-08-13 22:00:00,25.4,19.5,70,0,,91,3.2,,1016.5,,1
2025-08-13 23:00:00,25,18.7,68,0,,70,3.2,,1016.5,,3
2025-08-14 00:00:00,23.9,17.6,68,0,,71,4.7,,1016.4,,2
2025-08-14 01:00:00,22.2,17.6,75,0,,71,5.8,,1016.5,,3
2025-08-14 02:00:00,20.6,17.8,84,0,,100,8.3,,1016.3,,3
2025-08-14 03:00:00,19.8,17.8,88,0,,120,9.4,,1016.2,,3
2025-08-14 04:00:00,19.8,17.6,87,0,,122,6.1,,1016.2,,1
2025-08-14 05:00:00,19.7,17.1,85,0,,79,5.4,,1016.4,,1
2025-08-14 06:00:00,19.8,16.6,82,0,,94,9.4,,1016.4,,2
2025-08-14 07:00:00,20.1,16.7,81,0,,67,9,,1016.8,,3
2025-08-14 08:00:00,21.9,17.5,76,0,,69,6.5,,1017.2,,3
2025-08-14 09:00:00,24.9,18.1,66,0,,136,6.5,,1017.4,,1
2025-08-14 10:00:00,27.2,18.2,58,0,,174,5,,1017.5,,1
2025-08-14 11:00:00,29.3,18.4,52,0,,285,4.7,,1017.7,,1
2025-08-14 12:00:00,30.9,18.3,47,0,,298,3.6,,1017.7,,1
2025-08-14 13:00:00,32.6,17.2,40,0,,261,2.9,,1017.4,,1
2025-08-14 14:00:00,31.4,19.4,49,0,,235,4.3,,1017.3,,1
2025-08-14 15:00:00,32.3,18.8,45,0,,238,5,,1017.1,,1
2025-08-14 16:00:00,33,18,41,0,,245,6.1,,1017,,1
2025-08-14 17:00:00,33,17.6,40,0,,275,7.9,,1016.7,,1
2025-08-14 18:00:00,32.7,18.5,43,0,,317,6.5,,1016.6,,1
2025-08-14 19:00:00,31.4,21.3,55,0,,344,4.3,,1016.9,,3
2025-08-14 20:00:00,29.2,21.7,64,0,,340,6.5,,1017.4,,2
2025-08-14 21:00:00,27.4,20.5,66,0,,51,5.4,,1017.7,,3
2025-08-14 22:00:00,26.1,20.2,70,0,,54,5.8,,1018.4,,3
2025-08-14 23:00:00,25.6,19.5,69,0,,32,7.9,,1018.7,,2
2025-08-15 00:00:00,25.3,19.9,72,0,,30,8.6,,1018.6,,1
2025-08-15 01:00:00,25,19.1,70,0,,24,8.3,,1018.6,,1
2025-08-15 02:00:00,23.7,19,75,0,,339,6.8,,1018.7,,1
2025-08-15 03:00:00,23.3,18.8,76,0,,190,5.4,,1018.9,,1
2025-08-15 04:00:00,22.3,19.1,82,0,,164,3.6,,1019,,2
2025-08-15 05:00:00,22,18.4,80,0,,346,7.9,,1018.8,,2
2025-08-15 06:00:00,21.5,18.3,82,0,,354,8.6,,1018.9,,1
2025-08-15 07:00:00,21.6,18.4,82,0,,342,9.7,,1019.5,,1
2025-08-15 08:00:00,23,19.2,79,0,,330,9,,1020,,1
2025-08-15 09:00:00,24.5,19.3,73,0,,330,7.6,,1020.3,,1
2025-08-15 10:00:00,25.7,19.8,70,0,,322,8.3,,1020.2,,1
2025-08-15 11:00:00,27.4,20.2,65,0,,322,7.9,,1020.4,,1
2025-08-15 12:00:00,29,20.7,61,0,,320,7.6,,1020.3,,1
2025-08-15 13:00:00,30.5,20.7,56,0,,321,7.9,,1019.9,,1
2025-08-15 14:00:00,31.5,20.4,52,0,,326,8.3,,1019.6,,1
2025-08-15 15:00:00,30.7,20.3,54,0.8,,347,10.4,,1019.8,,17
2025-08-15 16:00:00,30,20,55,0.6,,358,9,,1020,,17
2025-08-15 17:00:00,29.7,19.7,55,0,,354,9.4,,1019.6,,3
2025-08-15 18:00:00,29.8,19.8,55,0,,326,7.6,,1019.5,,3
2025-08-15 19:00:00,29.2,20.6,60,0,,314,5.8,,1019.7,,3
2025-08-15 20:00:00,27.6,20.9,67,0,,346,6.5,,1019.8,,3
2025-08-15 21:00:00,26.2,19.8,68,0,,10,6.5,,1020.1,,3
2025-08-15 22:00:00,25.3,19.7,71,0,,33,7.6,,1020.4,,2
2025-08-15 23:00:00,24.4,19.5,74,0,,9,7.9,,1020.7,,1
2025-08-16 00:00:00,23.9,19.4,76,0,,353,10.1,,1020.7,,1
2025-08-16 01:00:00,23.2,17.9,72,0,,1,11.5,,1020.7,,1
2025-08-16 02:00:00,22.3,16.3,69,0,,4,10.4,,1020.7,,1
2025-08-16 03:00:00,21.5,16,71,0,,3,9.4,,1020.7,,1
2025-08-16 04:00:00,20.8,16.2,75,0,,357,7.9,,1020.6,,1
2025-08-16 05:00:00,20.3,16.1,77,0,,347,8.3,,1020.8,,1
2025-08-16 06:00:00,19.4,15.7,79,0,,0,9,,1020.4,,1
2025-08-16 07:00:00,19.3,15.6,79,0,,3,10.1,,1020.7,,1
2025-08-16 08:00:00,20.4,16,76,0,,351,9.7,,1020.9,,1
2025-08-16 09:00:00,21.8,16.3,71,0,,349,10.4,,1021.1,,2
2025-08-16 10:00:00,23.4,16.7,66,0,,336,9.7,,1021.2,,2
2025-08-16 11:00:00,24.6,16.8,62,0,,330,7.9,,1021.3,,1
2025-08-16 12:00:00,26.2,16.7,56,0,,341,9,,1020.9,,1
2025-08-16 13:00:00,27.5,15.5,48,0,,344,11.9,,1020.5,,1
2025-08-16 14:00:00,28,14.9,45,0,,345,13.3,,1020,,1
2025-08-16 15:00:00,28,14.6,44,0,,346,13.3,,1019.4,,1
2025-08-16 16:00:00,28.1,14.3,43,0,,352,13.3,,1019.3,,1
2025-08-16 17:00:00,28.1,13.6,41,0,,354,12.6,,1018.9,,1
2025-08-16 18:00:00,27.9,13,40,0,,12,14,,1018.5,,1
2025-08-16 19:00:00,26.6,13.3,44,0,,29,14.8,,1018.3,,1
2025-08-16 20:00:00,25.1,13.3,48,0,,21,13,,1018.3,,2
2025-08-16 21:00:00,22.5,13.8,58,0,,13,13.7,,1019.7,,1
2025-08-16 22:00:00,21.6,13.5,60,0,,16,14.8,,1020,,1
2025-08-16 23:00:00,20.5,13.7,65,0,,10,15.5,,1020.2,,1
2025-08-17 00:00:00,19.6,14,70,0,,8,13.3,,1020.7,,1
2025-08-17 01:00:00,18.8,13.9,73,0,,7,11.9,,1020.9,,1
2025-08-17 02:00:00,18.2,13.7,75,0,,5,11.9,,1021,,1
2025-08-17 03:00:00,17.8,13.5,76,0,,5,11.5,,1020.9,,1
2025-08-17 04:00:00,17.3,13.2,77,0,,6,11.5,,1020.7,,1
2025-08-17 05:00:00,16.8,12.9,78,0,,4,11.9,,1020.5,,1
2025-08-17 06:00:00,16.1,12.6,80,0,,2,11.2,,1020.5,,1
2025-08-17 07:00:00,15.6,12.3,81,0,,360,12.2,,1020.6,,1
2025-08-17 08:00:00,16,11.6,75,0,,360,11.5,,1021,,2
2025-08-17 09:00:00,17.1,11.4,69,0,,351,10.4,,1021,,2
2025-08-17 10:00:00,18.5,11.3,63,0,,345,10.1,,1020.8,,2
2025-08-17 11:00:00,19.9,11.4,58,0,,339,11.2,,1020.9,,1
2025-08-17 12:00:00,21.1,10.9,52,0,,340,11.9,,1020.4,,1
2025-08-17 13:00:00,22,9.8,46,0,,343,12.6,,1020.1,,1
2025-08-17 14:00:00,22.9,8.6,40,0,,348,12.6,,1019.7,,1
2025-08-17 15:00:00,23.4,6.6,34,0,,350,12.6,,1019.4,,1
2025-08-17 16:00:00,23.8,6.1,32,0,,351,12.2,,1019,,1
2025-08-17 17:00:00,23.7,5.6,31,0,,359,11.5,,1018.5,,1
2025-08-17 18:00:00,23.9,7.9,36,0,,349,12.2,,1018.2,,1
2025-08-17 19:00:00,23.3,9.7,42,0,,1,11.2,,1018.1,,1
2025-08-17 20:00:00,22.2,10.7,48,0,,33,12.6,,1018.4,,1
2025-08-17 21:00:00,20.4,11.3,56,0,,30,12.6,,1019,,3
2025-08-17 22:00:00,19.2,11.7,62,0,,20,13.7,,1019.7,,3
2025-08-17 23:00:00,18.1,11.4,65,0,,28,12.2,,1020,,3
2025-08-18 00:00:00,17.3,11.3,68,0,,40,10.4,,1020.1,,2
2025-08-18 01:00:00,16.6,11.3,71,0,,33,7.9,,1020.1,,3
2025-08-18 02:00:00,16.1,11.5,74,0,,19,6.5,,1019.9,,3
2025-08-18 03:00:00,15.5,11.1,75,0,,19,6.5,,1020.1,,3
2025-08-18 04:00:00,15.1,11.1,77,0,,21,6.8,,1019.8,,2
2025-08-18 05:00:00,14.7,11.1,79,0,,26,7.2,,1019.3,,3
2025-08-18 06:00:00,14.3,10.9,80,0,,39,7.6,,1019.1,,3
2025-08-18 07:00:00,14.6,11,79,0,,43,7.9,,1019.1,,3
2025-08-18 08:00:00,16.1,11,72,0,,37,7.6,,1019.4,,3
2025-08-18 09:00:00,18,11.1,64,0,,56,9,,1019.4,,1
2025-08-18 10:00:00,20,10.9,56,0,,67,11.2,,1019.4,,1
2025-08-18 11:00:00,21.8,10,47,0,,73,11.2,,1019.3,,1
2025-08-18 12:00:00,23.2,10.3,44,0,,77,10.4,,1019,,1
2025-08-18 13:00:00,23.7,10.4,43,0,,74,7.9,,1018.5,,1
2025-08-18 14:00:00,24.6,10.8,42,0,,85,7.6,,1018.1,,1
2025-08-18 15:00:00,25.2,10.6,40,0,,96,7.2,,1017.6,,1
2025-08-18 16:00:00,25.7,10.7,39,0,,98,7.2,,1017.1,,1
2025-08-18 17:00:00,25.8,10.8,39,0,,96,7.6,,1016.5,,1
2025-08-18 18:00:00,25.7,10.7,39,0,,95,7.2,,1016.2,,1
2025-08-18 19:00:00,25.1,12,44,0,,96,6.8,,1016,,1
2025-08-18 20:00:00,23.5,13.4,53,0,,83,6.8,,1016.2,,1
2025-08-18 21:00:00,21.7,12.8,57,0,,59,9.4,,1016.5,,1
2025-08-18 22:00:00,20.5,12.2,59,0,,55,9.7,,1016.5,,1
2025-08-18 23:00:00,19.8,11.6,59,0,,64,9.7,,1016.2,,1
2025-08-19 00:00:00,19.1,11.4,61,0,,70,10.8,,1015.9,,1
2025-08-19 01:00:00,18.7,11,61,0,,88,12.2,,1015.7,,1
2025-08-19 02:00:00,18.2,11,63,0,,101,10.8,,1015.6,,1
2025-08-19 03:00:00,17.4,11.2,67,0,,90,11.2,,1015.5,,1
2025-08-19 04:00:00,16.7,10.8,68,0,,82,11.5,,1015.1,,1
2025-08-19 05:00:00,16.2,10.7,70,0,,88,11.9,,1014.9,,1
2025-08-19 06:00:00,15.7,10.5,71,0,,83,12.6,,1014.8,,1
2025-08-19 07:00:00,15.5,10.7,73,0,,80,13,,1014.5,,1
2025-08-19 08:00:00,17.2,11.2,68,0,,79,11.9,,1014.9,,1
2025-08-19 09:00:00,18.9,12.9,68,0,,64,8.3,,1014.9,,1
2025-08-19 10:00:00,21.6,13,58,0,,82,9,,1014.8,,1
2025-08-19 11:00:00,24,12.9,50,0,,102,9,,1014.4,,1
2025-08-19 12:00:00,25.8,11.9,42,0,,120,10.1,,1013.9,,1
2025-08-19 13:00:00,26.9,11,37,0,,119,9.4,,1013.3,,1
2025-08-19 14:00:00,27.7,10.8,35,0,,117,7.9,,1012.7,,1
2025-08-19 15:00:00,28.2,11.3,35,0,,118,6.5,,1012.1,,1
2025-08-19 16:00:00,28.5,11.1,34,0,,125,3.6,,1011.6,,1
2025-08-19 17:00:00,28.5,11.1,34,0,,226,2.5,,1011,,1
2025-08-19 18:00:00,28.3,10.9,34,0,,290,4,,1010.7,,1
2025-08-19 19:00:00,27.2,13.2,42,0,,251,5.4,,1010.4,,1
2025-08-19 20:00:00,25.3,16.2,57,0,,289,4.7,,1010.5,,1
2025-08-19 21:00:00,23.6,14.3,56,0,,39,5.8,,1010.6,,1
2025-08-19 22:00:00,22.1,14.2,61,0,,64,5.8,,1010.6,,1
2025-08-19 23:00:00,20.7,14.6,68,0,,86,6.8,,1010.2,,3
2025-08-20 00:00:00,19.9,14.5,71,0,,100,6.8,,1010,,3
2025-08-20 01:00:00,19,14.3,74,0,,90,8.3,,1009.7,,3
2025-08-20 02:00:00,18.2,14.3,78,0,,125,6.5,,1009.8,,3
2025-08-20 03:00:00,17.7,13.6,77,0,,100,7.6,,1009.7,,3
2025-08-20 04:00:00,16.9,13.4,80,0,,65,8.6,,1009.2,,1
2025-08-20 05:00:00,16.2,13.5,84,0,,106,5,,1008.9,,1
2025-08-20 06:00:00,15.8,13.5,86,0,,139,6.5,,1009.1,,2
2025-08-20 07:00:00,16.2,13.1,82,0,,116,5,,1009.3,,1
2025-08-20 08:00:00,17.9,13.6,76,0,,106,5.8,,1009.6,,2
2025-08-20 09:00:00,19.9,14.5,71,0,,158,4.3,,1009.5,,3
2025-08-20 10:00:00,20.8,15.1,70,0,,255,6.1,,1009.9,,3
2025-08-20 11:00:00,22.5,14.8,62,0,,272,6.1,,1009.7,,3
2025-08-20 12:00:00,24.1,14.8,56,0,,279,5.4,,1009.6,,3
2025-08-20 13:00:00,25.5,14.3,50,0,,292,4.7,,1008.9,,3
2025-08-20 14:00:00,26,14.1,48,0,,284,4.7,,1008.6,,3
2025-08-20 15:00:00,27.1,13.4,43,0,,303,5,,1008.1,,3
2025-08-20 16:00:00,27.5,13.1,41,0,,299,4.7,,1007.7,,3
2025-08-20 17:00:00,27.5,12.7,40,0,,319,4.7,,1007,,3
2025-08-20 18:00:00,27.4,12.6,40,0,,307,5.8,,1006.7,,3
2025-08-20 19:00:00,27,13.7,44,0,,290,8.3,,1006.6,,3
2025-08-20 20:00:00,25.5,14,49,0,,317,10.4,,1007,,3
2025-08-20 21:00:00,24,13.5,52,0,,7,12.2,,1007.4,,3
2025-08-20 22:00:00,23.1,13,53,0,,8,13.7,,1007.5,,3
2025-08-20 23:00:00,22.4,12.9,55,0,,17,12.6,,1007.6,,3
2025-08-21 00:00:00,21.4,13.3,60,0,,22,13,,1007.5,,3
2025-08-21 01:00:00,20.6,13.3,63,0,,4,9,,1008,,3
2025-08-21 02:00:00,20.1,13.1,64,0,,357,10.1,,1007.8,,3
2025-08-21 03:00:00,19.3,12.8,66,0,,343,10.4,,1007.4,,3
2025-08-21 04:00:00,18.5,12.9,70,0,,336,10.4,,1007.3,,3
2025-08-21 05:00:00,18.2,12.6,70,0,,335,10.1,,1007.2,,3
2025-08-21 06:00:00,18,12.7,71,0,,354,9.4,,1006.7,,3
2025-08-21 07:00:00,17.8,12.5,71,0,,345,9.4,,1006.8,,3
2025-08-21 08:00:00,18.5,12.7,69,0,,337,10.1,,1007.2,,3
2025-08-21 09:00:00,19.7,12.7,64,0,,336,10.1,,1007.4,,3
2025-08-21 10:00:00,21.2,12.6,58,0,,343,9.4,,1007.6,,3
2025-08-21 11:00:00,22.1,12.6,55,0,,339,9.7,,1007.8,,3
2025-08-21 12:00:00,23.6,12.9,51,0,,336,9.4,,1007.6,,3
2025-08-21 13:00:00,25.1,13,47,0,,336,10.4,,1007.4,,3
2025-08-21 14:00:00,25.9,12.3,43,0,,340,11.9,,1007.3,,3
2025-08-21 15:00:00,26.8,12.1,40,0,,341,13,,1007.4,,3
2025-08-21 16:00:00,26.9,11.8,39,0,,339,14.8,,1007.4,,3
2025-08-21 17:00:00,26.1,11.4,40,0,,342,15.5,,1007.5,,3
2025-08-21 18:00:00,26,10.2,37,0,,350,15.8,,1007.5,,3
2025-08-21 19:00:00,25.4,9.2,36,0,,358,14.8,,1008,,3
2025-08-21 20:00:00,23.8,9,39,0,,13,10.4,,1008.8,,3
2025-08-21 21:00:00,22.6,8.7,41,0,,2,12.6,,1010.1,,3
2025-08-21 22:00:00,22.1,8.9,43,0,,4,17.3,,1011.1,,3
2025-08-21 23:00:00,20.9,9.2,47,0,,3,14.4,,1011.8,,2
2025-08-22 00:00:00,19.9,9.5,51,0,,2,14,,1012.4,,1
2025-08-22 01:00:00,18.9,9.4,54,0,,0,13.3,,1013.2,,1
2025-08-22 02:00:00,18.3,9.4,56,0,,357,15.1,,1013.8,,2
2025-08-22 03:00:00,17.9,9,56,0,,1,13.7,,1014.3,,3
2025-08-22 04:00:00,16.9,9.1,60,0,,353,14,,1015,,2
2025-08-22 05:00:00,16.2,8.9,62,0,,353,14.4,,1015.5,,3
2025-08-22 06:00:00,15.5,8.5,63,0,,358,13.7,,1016.1,,2
2025-08-22 07:00:00,15.5,8.5,63,0,,358,11.9,,1016.4,,3
2025-08-22 08:00:00,15.7,8.2,61,0,,358,12.2,,1017,,3
2025-08-22 09:00:00,16.4,8.1,58,0,,1,11.9,,1017.4,,3
2025-08-22 10:00:00,17.3,7.9,54,0,,1,11.2,,1017.8,,3
2025-08-22 11:00:00,18.4,7.8,50,0,,346,9.7,,1017.9,,2
2025-08-22 12:00:00,19.5,7.2,45,0,,340,10.1,,1017.8,,2
2025-08-22 13:00:00,20.5,7.1,42,0,,321,11.5,,1017.6,,3
2025-08-22 14:00:00,21.2,7.1,40,0,,317,12.2,,1017.4,,2
2025-08-22 15:00:00,21.8,6.1,36,0,,324,10.8,,1017,,2
2025-08-22 16:00:00,21.9,5.3,34,0,,335,11.9,,1017,,2
2025-08-22 17:00:00,21.9,4.5,32,0,,339,12.2,,1016.5,,1
2025-08-22 18:00:00,21.3,4.4,33,0,,337,12.6,,1016.3,,2
2025-08-22 19:00:00,20.6,4.2,34,0,,334,13.3,,1016.4,,1
2025-08-22 20:00:00,19.4,4.7,38,0,,341,10.8,,1016.9,,3
2025-08-22 21:00:00,18.2,4.7,41,0,,348,10.4,,1017.5,,3
2025-08-22 22:00:00,16.7,4.7,45,0,,355,10.1,,1018.3,,3
2025-08-22 23:00:00,16.1,5.1,48,0,,355,9.7,,1018.5,,3
2025-08-23 00:00:00,15.4,6.1,54,0,,357,7.6,,1018.6,,3
2025-08-23 01:00:00,15,7.3,60,0,,344,4.7,,1018.6,,3
2025-08-23 02:00:00,14.3,8,66,0,,319,2.5,,1018.6,,2
2025-08-23 03:00:00,13.8,7.8,67,0,,309,2.2,,1018.7,,3
2025-08-23 04:00:00,13.2,7.8,70,0,,295,3.2,,1018.7,,3
2025-08-23 05:00:00,12.9,7.8,71,0,,294,4,,1018.6,,2
2025-08-23 06:00:00,12.9,7.8,71,0,,301,4.3,,1018.5,,3
2025-08-23 07:00:00,13,8.1,72,0,,308,5,,1018.6,,3
2025-08-23 08:00:00,14.1,8.5,69,0,,313,5.8,,1019,,2
2025-08-23 09:00:00,15.5,8.9,65,0,,302,5.4,,1019.1,,2
2025-08-23 10:00:00,16.7,8.4,58,0,,304,8.3,,1019.4,,3
2025-08-23 11:00:00,18.1,7.8,51,0,,297,9.7,,1019.3,,3
2025-08-23 12:00:00,19.4,6.5,43,0,,299,10.4,,1019.1,,3
2025-08-23 13:00:00,20.4,6.7,41,0,,296,12.6,,1018.5,,3
2025-08-23 14:00:00,20.7,6.6,40,0,,306,13.3,,1018.4,,3
2025-08-23 15:00:00,20.2,6.9,42,0,,324,11.9,,1018.3,,3
2025-08-23 16:00:00,20.5,6.8,41,0,,325,11.5,,1018,,3
2025-08-23 17:00:00,21.5,7,39,0,,307,12.6,,1017.7,,3
2025-08-23 18:00:00,20.1,8.1,46,0,,327,14.8,,1017.9,,3
2025-08-23 19:00:00,19.9,7.9,46,0,,329,15.1,,1017.7,,2
2025-08-23 20:00:00,18.3,8.8,54,0,,352,12.6,,1018.5,,3
2025-08-23 21:00:00,17.4,9,58,0,,359,8.3,,1019.1,,3
2025-08-23 22:00:00,17,9.2,60,0,,11,7.9,,1019.5,,3
2025-08-23 23:00:00,16.3,9.7,65,0,,340,3.6,,1019.9,,2
2025-08-24 00:00:00,15.5,10.5,72,0,,333,2.9,,1020.1,,2
2025-08-24 01:00:00,15.3,10.5,73,0,,355,2.2,,1020,,3
2025-08-24 02:00:00,14.9,10.3,74,0,,358,4.3,,1020.2,,3
2025-08-24 03:00:00,13.9,9.9,77,0,,16,6.1,,1020,,2
2025-08-24 04:00:00,14.3,8.9,70,0,,354,6.8,,1020,,1
2025-08-24 05:00:00,14.1,8.9,71,0,,357,6.8,,1019.9,,3
2025-08-24 06:00:00,13.9,8.7,71,0,,4,6.5,,1019.8,,3
2025-08-24 07:00:00,13.7,8.7,72,0,,9,5.4,,1020,,3
2025-08-24 08:00:00,14.6,8.5,67,0,,355,5,,1020.4,,3
2025-08-24 09:00:00,14.7,8,64,0,,324,3.6,,1020.6,,3
2025-08-24 10:00:00,16.9,7.5,54,0,,333,4.7,,1020.6,,1
2025-08-24 11:00:00,18.8,6.9,46,0,,354,5.4,,1020.4,,1
2025-08-24 12:00:00,20.3,5.9,39,0,,338,6.8,,1020.3,,1
2025-08-24 13:00:00,21,4.9,35,0,,328,8.3,,1019.9,,2
2025-08-24 14:00:00,21.8,4.4,32,0,,321,9.7,,1019.6,,2
2025-08-24 15:00:00,21.8,3.9,31,0,,318,12.2,,1019.4,,3
2025-08-24 16:00:00,21.7,3.8,31,0,,324,13,,1019.5,,1
2025-08-24 17:00:00,21.7,3.4,30,0,,334,13,,1019.2,,1
2025-08-24 18:00:00,21.6,2.8,29,0,,336,9.7,,1019.1,,1
2025-08-24 19:00:00,20.7,2.5,30,0,,349,7.9,,1018.9,,1
2025-08-24 20:00:00,19.4,7.5,46,0,,307,3.6,,1018.8,,1
2025-08-24 21:00:00,17.8,4.7,42,0,,63,9.7,,1019.6,,1
2025-08-24 22:00:00,16.5,5.1,47,0,,78,10.4,,1020.2,,1
2025-08-24 23:00:00,14.9,5.9,55,0,,84,9,,1020.1,,1
2025-08-25 00:00:00,14.2,6.5,60,0,,78,7.9,,1020,,1
2025-08-25 01:00:00,13.2,7,66,0,,83,6.8,,1020.1,,1
2025-08-25 02:00:00,12.5,7.6,72,0,,64,4.7,,1020.2,,1
2025-08-25 03:00:00,11.7,7.6,76,0,,24,3.6,,1020.2,,1
2025-08-25 04:00:00,11.1,7.6,79,0,,80,3.2,,1020.4,,1
2025-08-25 05:00:00,10.6,7.7,82,0,,106,2.9,,1019.9,,1
2025-08-25 06:00:00,10.2,7.4,83,0,,34,2.9,,1019.8,,1
2025-08-25 07:00:00,10,7.4,84,0,,44,3.2,,1020.1,,1
2025-08-25 08:00:00,11.8,8.1,78,0,,31,4.3,,1020,,2
2025-08-25 09:00:00,14.9,7.4,61,0,,311,2.9,,1020.1,,3
2025-08-25 10:00:00,17.1,6.6,50,0,,288,4,,1020.1,,3
2025-08-25 11:00:00,18.7,6.2,44,0,,310,4.3,,1020.4,,3
2025-08-25 12:00:00,20.7,5.5,37,0,,314,5,,1020.1,,3
2025-08-25 13:00:00,21.9,4.9,33,0,,316,5.8,,1019.5,,3
2025-08-25 14:00:00,22.8,4.8,31,0,,331,5.8,,1018.8,,3
2025-08-25 15:00:00,23.5,3.9,28,0,,323,5,,1018.3,,2
2025-08-25 16:00:00,23.6,3,26,0,,332,5.4,,1017.4,,3
2025-08-25 17:00:00,23.7,2.5,25,0,,330,5.8,,1016.6,,1
2025-08-25 18:00:00,23.3,2.2,25,0,,332,6.1,,1016.4,,1
2025-08-25 19:00:00,22.4,2.5,27,0,,337,6.5,,1016,,1
2025-08-25 20:00:00,20.6,3.8,33,0,,348,8.3,,1016.1,,1
2025-08-25 21:00:00,19,4,37,0,,16,7.6,,1016.4,,1
2025-08-25 22:00:00,17.7,4.3,41,0,,54,6.5,,1016.4,,1
2025-08-25 23:00:00,16.4,4.7,46,0,,79,7.2,,1016.1,,1
2025-08-26 00:00:00,15.2,6,54,0,,79,8.3,,1016,,1
2025-08-26 01:00:00,14,6.4,60,0,,86,8.3,,1015.9,,1
2025-08-26 02:00:00,13.7,5.6,58,0,,102,8.3,,1015.6,,1
2025-08-26 03:00:00,12.9,5.8,62,0,,110,8.6,,1015.1,,1
2025-08-26 04:00:00,12.3,6.3,67,0,,94,8.3,,1015.1,,1
2025-08-26 05:00:00,11.5,6.6,72,0,,88,8.6,,1014.9,,1
2025-08-26 06:00:00,11,7.1,77,0,,87,9.4,,1014.7,,2
2025-08-26 07:00:00,11.1,6.2,72,0,,95,10.4,,1014.4,,3
2025-08-26 08:00:00,13,6.8,66,0,,112,9.7,,1014.6,,2
2025-08-26 09:00:00,16.4,6.8,53,0,,124,7.2,,1014.6,,1
2025-08-26 10:00:00,19.4,7.2,45,0,,152,6.5,,1014.5,,1
2025-08-26 11:00:00,21.9,7.7,40,0,,175,7.9,,1014.3,,1
2025-08-26 12:00:00,23.1,8.8,40,0,,175,7.9,,1013.7,,1
2025-08-26 13:00:00,24.9,9.2,37,0,,180,7.9,,1013.2,,3
2025-08-26 14:00:00,26.3,8.3,32,0,,190,8.3,,1012.5,,3
2025-08-26 15:00:00,27.2,8.1,30,0,,196,8.6,,1011.9,,3
2025-08-26 16:00:00,27.8,7.6,28,0,,196,8.3,,1011.6,,3
2025-08-26 17:00:00,27.9,7.7,28,0,,207,9.4,,1010.7,,3
2025-08-26 18:00:00,27.4,9.2,32,0,,206,9.7,,1010.4,,3
2025-08-26 19:00:00,26.3,12,41,0,,178,9.4,,1010,,3
2025-08-26 20:00:00,24.4,12.3,47,0,,156,10.4,,1010,,3
2025-08-26 21:00:00,23.8,11.5,46,0,,147,10.8,,1010.4,,3
2025-08-26 22:00:00,23.8,10.8,44,0,,153,10.8,,1010,,3
2025-08-26 23:00:00,23.5,12.2,49,0,,199,19.8,,1010.9,,3
2025-08-27 00:00:00,22.6,13.9,58,0,,207,15.1,,1011.1,,3
2025-08-27 01:00:00,21.7,14.6,64,0,,202,16.2,,1011.1,,3
2025-08-27 02:00:00,20.4,15.8,75,0,,200,15.5,,1011.4,,3
2025-08-27 03:00:00,20.4,16.4,78,0,,211,13,,1011.7,,3
2025-08-27 04:00:00,19.3,16.7,85,0.4,,200,11.2,,1011.5,,17
2025-08-27 05:00:00,18.6,16.9,90,0.1,,195,10.8,,1011.7,,17
2025-08-27 06:00:00,18,16.8,93,0,,181,9.4,,1011.6,,2
2025-08-27 07:00:00,17.9,16.6,92,0,,183,9.7,,1011.6,,3
2025-08-27 08:00:00,18.7,16.8,89,0,,168,7.6,,1011.7,,3
2025-08-27 09:00:00,20.4,17,81,0,,171,7.9,,1011.6,,2
2025-08-27 10:00:00,22.3,16.3,69,0,,184,10.1,,1011.8,,2
2025-08-27 11:00:00,24.1,15.8,60,0,,194,10.8,,1011.7,,2
2025-08-27 12:00:00,25.6,15.9,55,0,,198,12.2,,1011.2,,1
2025-08-27 13:00:00,26.3,15,50,0,,193,13,,1010.6,,1
2025-08-27 14:00:00,26.9,15.6,50,0,,208,13.3,,1009.9,,3
2025-08-27 15:00:00,27.1,15.5,49,0,,206,13,,1009,,3
2025-08-27 16:00:00,27.3,15.6,49,0,,214,13.3,,1008.6,,3
2025-08-27 17:00:00,25,16.9,61,0.6,,216,15.1,,1008.8,,17
2025-08-27 18:00:00,24,17.7,68,0,,217,16.6,,1009.1,,3
2025-08-27 19:00:00,22.6,18.4,77,2,,198,11.2,,1008.6,,9
2025-08-27 20:00:00,21.4,18.2,82,0,,199,10.1,,1009,,3
2025-08-27 21:00:00,20.4,18.2,87,0,,170,9.7,,1009.6,,3
2025-08-27 22:00:00,20.2,18.3,89,0.1,,147,8.3,,1009.3,,7
2025-08-27 23:00:00,21,18.6,86,0,,227,7.2,,1008.7,,3
2025-08-28 00:00:00,20.1,18.6,91,0,,130,2.2,,1008.4,,3
2025-08-28 01:00:00,19.7,18.4,92,0,,129,2.5,,1007.9,,3
2025-08-28 02:00:00,19.3,18.3,94,0,,121,2.9,,1007.6,,3
2025-08-28 03:00:00,18.7,17.9,95,2.1,,183,9,,1007.5,,18
2025-08-28 04:00:00,18.4,18.1,98,3.7,,135,6.8,,1007.6,,9
2025-08-28 05:00:00,18.3,18,98,1.9,,213,7.9,,1007.3,,9
2025-08-28 06:00:00,18.1,17.8,98,1.4,,151,9,,1007.2,,9
2025-08-28 07:00:00,18.1,17.8,98,0.7,,144,6.8,,1006.9,,8
2025-08-28 08:00:00,18.4,18.1,98,0.7,,127,8.3,,1006.8,,8
2025-08-28 09:00:00,18.3,18,98,0.5,,191,9.4,,1007.1,,8
2025-08-28 10:00:00,18.2,17.9,98,0.7,,187,9.4,,1007,,8
2025-08-28 11:00:00,18.6,17.9,96,1,,210,11.9,,1007,,9
2025-08-28 12:00:00,20,18.5,91,0.4,,212,9.7,,1007,,8
2025-08-28 13:00:00,21,18.2,84,0,,217,10.4,,1006.4,,3
2025-08-28 14:00:00,18.8,16.9,89,1.1,,217,13.7,,1006.8,,9
2025-08-28 15:00:00,19.8,17.6,87,0.4,,197,11.2,,1006.7,,8
2025-08-28 16:00:00,20,17.9,88,0.6,,210,13.3,,1006.4,,8
2025-08-28 17:00:00,19.2,17.3,89,1.3,,208,10.1,,1005.7,,9
2025-08-28 18:00:00,20.5,17.7,84,0,,212,11.2,,1005.5,,3
2025-08-28 19:00:00,20.4,17.2,82,0,,206,10.1,,1005.4,,3
2025-08-28 20:00:00,19.9,17.5,86,0,,195,8.6,,1005.7,,3
2025-08-28 21:00:00,19,16.8,87,0.2,,210,12.6,,1006.4,,7
2025-08-28 22:00:00,18,16.2,89,0,,207,12.2,,1006.6,,3
2025-08-28 23:00:00,17.4,15.9,91,0,,195,9,,1006.5,,3
2025-08-29 00:00:00,16.6,16.1,97,0,,206,8.6,,1006.3,,3
2025-08-29 01:00:00,16.6,16,96,0,,201,9.4,,1006.1,,3
2025-08-29 02:00:00,16.5,15.9,96,0.1,,212,10.4,,1006,,7
2025-08-29 03:00:00,16.4,15.9,97,0.5,,204,11.2,,1006.1,,8
2025-08-29 04:00:00,16.3,15.8,97,0.4,,207,13.7,,1006.3,,8
2025-08-29 05:00:00,16.3,16,98,0,,213,11.5,,1005.8,,3
2025-08-29 06:00:00,15.9,15.4,97,0.2,,204,11.2,,1006,,7
2025-08-29 07:00:00,15.7,15.2,97,0,,209,11.5,,1005.9,,3
2025-08-29 08:00:00,15.8,14.8,94,0,,214,11.9,,1005.8,,3
2025-08-29 09:00:00,16.9,14.9,88,0,,214,11.5,,1005.6,,1
2025-08-29 10:00:00,17.7,14.2,80,0,,210,9.7,,1005.5,,2
2025-08-29 11:00:00,19.2,14,72,0,,212,10.1,,1005.3,,1
2025-08-29 12:00:00,20.5,13.2,63,0,,212,11.9,,1004.9,,1
2025-08-29 13:00:00,21.4,12.3,56,0,,206,12.2,,1004.2,,2
2025-08-29 14:00:00,22.3,12,52,0,,204,12.6,,1003.6,,2
2025-08-29 15:00:00,22.9,11,47,0,,212,15.1,,1003.6,,3
2025-08-29 16:00:00,22.6,10.7,47,0,,222,14.4,,1003.3,,3
2025-08-29 17:00:00,22.2,11.6,51,0,,228,12.6,,1003.1,,3
2025-08-29 18:00:00,21.9,12.2,54,0,,222,9.4,,1002.9,,2
2025-08-29 19:00:00,19.5,12.7,65,0.4,,244,14.8,,1003.5,,17
2025-08-29 20:00:00,17.6,13.7,78,0,,243,6.1,,1003.6,,3
2025-08-29 21:00:00,17.1,13.4,79,0,,155,6.1,,1004.7,,2
2025-08-29 22:00:00,17.1,13.6,80,0,,179,7.2,,1005,,3
2025-08-29 23:00:00,16.6,13.7,83,0,,193,8.3,,1005,,3
2025-08-30 00:00:00,16.1,13.4,84,0,,191,9,,1005.1,,2
2025-08-30 01:00:00,16.1,13.6,85,0,,199,9.7,,1006,,2
2025-08-30 02:00:00,15.6,13.4,87,0,,211,10.1,,1005.9,,2
2025-08-30 03:00:00,15,13.4,90,0,,217,11.9,,1006.4,,2
2025-08-30 04:00:00,15.4,13.4,88,0,,221,12.6,,1006.9,,3
2025-08-30 05:00:00,15.3,13.5,89,0,,217,12.2,,1007.3,,3
2025-08-30 06:00:00,14.6,13.3,92,0,,212,11.9,,1007.7,,3
2025-08-30 07:00:00,14.5,13.4,93,0,,206,11.5,,1008.3,,3
2025-08-30 08:00:00,14.7,13.2,91,0,,208,11.2,,1009,,3
2025-08-30 09:00:00,15.6,13.6,88,0,,225,13.7,,1009.7,,3
2025-08-30 10:00:00,17.1,13.8,81,0,,225,12.6,,1010.1,,3
2025-08-30 11:00:00,17.8,13.1,74,0,,234,14.4,,1010.5,,3
2025-08-30 12:00:00,18.4,13,71,0,,232,14,,1010.8,,3
2025-08-30 13:00:00,19,13.6,71,0.4,,231,14.4,,1011.1,,8
2025-08-30 14:00:00,19.7,13.4,67,0,,226,14.8,,1011,,3
2025-08-30 15:00:00,19.9,13.1,65,0.1,,230,14.8,,1011.2,,17
2025-08-30 16:00:00,20.4,13.4,64,0,,238,15.1,,1011.2,,2
2025-08-30 17:00:00,20.5,13,62,0,,237,14,,1011.1,,2
2025-08-30 18:00:00,20.3,12.8,62,0.2,,236,13.3,,1011.2,,17
2025-08-30 19:00:00,19.7,13.4,67,0,,217,9.4,,1011.2,,2
2025-08-30 20:00:00,18.2,13.1,72,0,,201,8.6,,1011.5,,1
2025-08-30 21:00:00,17.4,12.9,75,0,,191,10.8,,1012.6,,2
2025-08-30 22:00:00,16.7,13,79,0,,192,10.1,,1013,,1
2025-08-30 23:00:00,16.1,12.8,81,0,,193,9.7,,1013.3,,1
2025-08-31 00:00:00,15.6,12.9,84,0,,189,9,,1013.3,,1
2025-08-31 01:00:00,15.3,13,86,0,,180,9,,1013.2,,1
2025-08-31 02:00:00,14.9,12.9,88,0,,177,9,,1013,,1
2025-08-31 03:00:00,14.7,12.9,89,0,,173,9.4,,1013.1,,1
2025-08-31 04:00:00,14.5,12.7,89,0,,155,9.7,,1013.2,,1
2025-08-31 05:00:00,14.1,12.5,90,0,,149,9.7,,1013,,1
2025-08-31 06:00:00,13.6,12,90,0,,133,10.4,,1013.1,,1
2025-08-31 07:00:00,13.4,11.8,90,0,,126,10.8,,1013.1,,1
2025-08-31 08:00:00,14.4,12.4,88,0,,125,10.1,,1013,,1
2025-08-31 09:00:00,16.4,13.1,81,0,,130,9.7,,1013.1,,1
2025-08-31 10:00:00,18.3,12.9,71,0,,144,9.7,,1013.1,,2
2025-08-31 11:00:00,19.9,13.4,66,0,,160,9.7,,1013,,3
2025-08-31 12:00:00,21.1,13.8,63,0,,165,10.4,,1012.8,,3
2025-08-31 13:00:00,22.5,14.1,59,0,,183,10.4,,1012.3,,2
2025-08-31 14:00:00,23.7,14.4,56,0,,188,10.1,,1011.6,,2
2025-08-31 15:00:00,24.2,14.3,54,0,,178,10.4,,1011.1,,3
2025-08-31 16:00:00,24.6,13.8,51,0,,180,10.1,,1010.8,,3
2025-08-31 17:00:00,24.3,14.4,54,0,,151,7.6,,1010,,3
2025-08-31 18:00:00,24.1,14.5,55,0,,126,9.4,,1009.5,,2
2025-08-31 19:00:00,23,15.1,61,0,,99,10.4,,1009.1,,2
2025-08-31 20:00:00,21.1,14.7,67,0,,98,9.7,,1008.9,,2
2025-08-31 21:00:00,20.2,14.3,69,0,,100,10.8,,1009.1,,1
2025-08-31 22:00:00,19.6,14.2,71,0,,103,11.5,,1009.1,,2
2025-08-31 23:00:00,19.2,13.8,71,0,,108,11.5,,1008.7,,1
2025-09-01 00:00:00,18.6,13.4,72,0,,117,11.5,,1008.7,,2
2025-09-01 01:00:00,18,13.3,74,0,,119,11.2,,1008.2,,2
2025-09-01 02:00:00,17.6,13.1,75,0,,115,12.6,,1007.9,,3
2025-09-01 03:00:00,17.2,12.5,74,0,,119,11.9,,1007.4,,2
2025-09-01 04:00:00,16.6,12.3,76,0,,125,11.2,,1007.2,,3
2025-09-01 05:00:00,15.8,12.2,79,0,,132,9.4,,1007.3,,2
2025-09-01 06:00:00,15.7,12.4,81,0,,136,6.5,,1006.9,,3
2025-09-01 07:00:00,15.5,13.3,87,0.2,,149,8.3,,1007.4,,7
2025-09-01 08:00:00,16.4,14.8,90,0.3,,186,9,,1008.1,,8
2025-09-01 09:00:00,17.8,16.1,90,0,,212,11.2,,1008.4,,3
2025-09-01 10:00:00,17.8,16.5,92,0.4,,238,11.5,,1009.3,,8
2025-09-01 11:00:00,18,16.5,91,0.4,,265,10.1,,1009.8,,8
2025-09-01 12:00:00,18.3,15.9,86,0.1,,261,7.9,,1009.9,,7
2025-09-01 13:00:00,19.3,14.8,75,0,,226,11.9,,1010.8,,3
2025-09-01 14:00:00,20.9,15,69,0,,218,8.6,,1010.3,,3
2025-09-01 15:00:00,21.5,14.6,65,0,,227,9,,1010,,3
2025-09-01 16:00:00,21.1,14.5,66,0,,220,7.2,,1009.7,,3
2025-09-01 17:00:00,21.1,14.5,66,0,,196,8.6,,1009.6,,3
2025-09-01 18:00:00,20.4,14.7,70,0,,223,7.6,,1009.9,,3
2025-09-01 19:00:00,19.9,15.7,77,0,,195,4.7,,1009.7,,3
2025-09-01 20:00:00,18.7,15.6,82,0,,173,6.5,,1009.8,,3
2025-09-01 21:00:00,17.9,15,83,0,,146,5.4,,1010,,3
2025-09-01 22:00:00,17.6,14.9,84,0,,172,5.8,,1010.5,,3
2025-09-01 23:00:00,17.1,14.9,87,0,,165,5.4,,1010.9,,3
2025-09-02 00:00:00,16.7,14.5,87,1,,182,9.7,,1011.1,,9
2025-09-02 01:00:00,15.4,14.8,96,1.2,,175,12.2,,1011.4,,9
2025-09-02 02:00:00,15.4,14.9,97,0.6,,190,11.5,,1011.4,,8
2025-09-02 03:00:00,15.2,14.7,97,0.3,,208,9.4,,1011.4,,8
2025-09-02 04:00:00,15,14.5,97,0.1,,216,10.1,,1011.7,,7
2025-09-02 05:00:00,14.1,13.6,97,0,,206,8.6,,1011.6,,3
2025-09-02 06:00:00,13.9,13.6,98,0,,206,8.6,,1011.5,,2
2025-09-02 07:00:00,13.6,13.3,98,0,,202,9.4,,1011.9,,2
2025-09-02 08:00:00,14.2,13.6,96,0,,207,11.5,,1012.1,,2
2025-09-02 09:00:00,15.4,13.4,88,0,,224,14.4,,1012.4,,2
2025-09-02 10:00:00,16.5,13.4,82,0.1,,236,14.8,,1012.4,,7
2025-09-02 11:00:00,17.9,13,73,0.2,,234,14.4,,1012.4,,17
2025-09-02 12:00:00,18.9,12.9,68,0.1,,230,14.4,,1012.5,,17
2025-09-02 13:00:00,19.6,12.8,65,0,,221,12.2,,1012.1,,2
2025-09-02 14:00:00,20.1,12.6,62,0,,223,13,,1011.9,,2
2025-09-02 15:00:00,20.5,13,62,0,,230,13.7,,1011.5,,2
2025-09-02 16:00:00,20.6,12.6,60,0,,224,12.2,,1011,,2
2025-09-02 17:00:00,20.6,11.5,56,0,,219,11.2,,1010.8,,2
2025-09-02 18:00:00,20.5,11.4,56,0,,211,10.4,,1010.9,,1
2025-09-02 19:00:00,19.7,12,61,0,,208,9,,1011.5,,2
2025-09-02 20:00:00,18.1,12.3,69,0,,182,7.6,,1011.5,,1
2025-09-02 21:00:00,17.3,12.4,73,0,,177,9.7,,1011.8,,3
2025-09-02 22:00:00,16.8,12.3,75,0,,166,9.4,,1012.1,,3
2025-09-02 23:00:00,16.4,12.2,76,0,,158,9.7,,1012.3,,2
2025-09-03 00:00:00,15.8,12.2,79,0,,164,11.2,,1012.3,,2
2025-09-03 01:00:00,16,11.4,74,0,,161,11.9,,1012.7,,3
2025-09-03 02:00:00,15.7,11.7,77,0.2,,171,10.8,,1012.4,,7
2025-09-03 03:00:00,15.7,11.7,77,0,,148,11.2,,1012.2,,3
2025-09-03 04:00:00,15.6,11.4,76,0,,158,13.3,,1012.2,,3
2025-09-03 05:00:00,15,11.4,79,0,,169,11.9,,1012.6,,3
2025-09-03 06:00:00,15.8,11.8,77,0,,190,13.7,,1012.8,,3
2025-09-03 07:00:00,15.5,12.4,82,0,,190,14,,1012.9,,3
2025-09-03 08:00:00,15.6,12.5,82,0,,200,14,,1013.2,,3
2025-09-03 09:00:00,17,12.9,77,0,,204,13.3,,1013.6,,3
2025-09-03 10:00:00,18,13.3,74,0,,192,14.4,,1013.5,,3
2025-09-03 11:00:00,19.5,13.4,68,0,,218,19.8,,1013.3,,3
2025-09-03 12:00:00,20.5,13.2,63,0,,225,20.5,,1013.3,,3
2025-09-03 13:00:00,21.2,13.6,62,0,,218,18.7,,1013,,3
2025-09-03 14:00:00,21.9,13.5,59,0,,220,16.6,,1012.6,,3
2025-09-03 15:00:00,22.7,13.5,56,0,,217,17.6,,1012.1,,3
2025-09-03 16:00:00,23.6,14.3,56,0,,209,16.6,,1011.7,,3
2025-09-03 17:00:00,24.1,13.9,53,0,,209,16.2,,1011.1,,3
2025-09-03 18:00:00,24,14.4,55,0,,201,14,,1010.6,,3
2025-09-03 19:00:00,23.1,14.9,60,0,,186,9,,1010.2,,1
2025-09-03 20:00:00,21.4,14.5,65,0,,182,10.1,,1010.4,,1
2025-09-03 21:00:00,20.5,14.4,68,0,,178,10.1,,1010.7,,1
2025-09-03 22:00:00,19.7,14.5,72,0,,167,9,,1011.2,,1
2025-09-03 23:00:00,19.1,14.6,75,0,,173,9.4,,1011.8,,1
2025-09-04 00:00:00,18.6,14.5,77,0,,152,10.1,,1012,,1
2025-09-04 01:00:00,18.2,14.7,80,0,,158,9.7,,1012.1,,1
2025-09-04 02:00:00,18.4,14.5,78,0,,176,12.2,,1012.5,,2
2025-09-04 03:00:00,18.2,14.9,81,0,,195,10.8,,1012.7,,3
2025-09-04 04:00:00,17.9,15,83,0,,218,10.4,,1013,,3
2025-09-04 05:00:00,17.5,14.9,85,0,,209,9.7,,1013.1,,3
2025-09-04 06:00:00,17,14.8,87,0,,211,8.6,,1013.4,,3
2025-09-04 07:00:00,16.8,14.4,86,0,,209,8.3,,1013.8,,3
2025-09-04 08:00:00,17.4,14.8,85,0,,191,9,,1014.2,,3
2025-09-04 09:00:00,18.9,15.6,81,0,,192,8.3,,1014.4,,3
2025-09-04 10:00:00,20.4,15.8,75,0,,211,9.7,,1014.6,,1
2025-09-04 11:00:00,21.5,15.6,69,0,,228,11.2,,1014.5,,3
2025-09-04 12:00:00,22.7,16.5,68,0,,215,9,,1014.3,,3
2025-09-04 13:00:00,23.7,16.2,63,0,,229,11.5,,1014.1,,3
2025-09-04 14:00:00,23.4,14.9,59,0.1,,244,14.8,,1014.1,,7
2025-09-04 15:00:00,21.6,15.4,68,0.5,,227,9.4,,1014,,8
2025-09-04 16:00:00,20.8,16.6,77,1.7,,212,7.2,,1013.9,,9
2025-09-04 17:00:00,21.5,16.7,74,0,,190,10.8,,1013.5,,3
2025-09-04 18:00:00,20.6,16.8,79,0.3,,207,9.7,,1013.2,,8
2025-09-04 19:00:00,20.2,16.6,80,0,,212,9,,1012.9,,3
2025-09-04 20:00:00,19.1,16.5,85,0.2,,167,8.3,,1013.3,,7
2025-09-04 21:00:00,18.1,16.4,90,2.9,,142,8.3,,1014,,9
2025-09-04 22:00:00,18.7,15.6,82,0.6,,174,6.5,,1015.1,,8
2025-09-04 23:00:00,18.2,15.4,84,0.1,,207,14.4,,1015.3,,7
2025-09-05 00:00:00,16.1,14.8,92,1.1,,205,13.7,,1016.2,,9
2025-09-05 01:00:00,15.6,14.8,95,0.2,,188,10.8,,1016.3,,7
2025-09-05 02:00:00,15.5,14.7,95,0,,203,13,,1016.4,,3
2025-09-05 03:00:00,15.3,14.8,97,0,,218,12.6,,1016.5,,3
2025-09-05 04:00:00,15.1,14.8,98,0,,211,10.1,,1016.8,,3
2025-09-05 05:00:00,15,14.4,96,0,,217,10.8,,1017.2,,3
2025-09-05 06:00:00,14.5,13.7,95,0.5,,231,13,,1017.7,,8
2025-09-05 07:00:00,14.2,13.6,96,0,,217,11.5,,1018.4,,3
2025-09-05 08:00:00,14.6,13.6,94,0,,232,12.2,,1019.2,,3
2025-09-05 09:00:00,15.7,13.4,86,0,,253,13.3,,1020,,3
2025-09-05 10:00:00,16.4,12.7,79,0,,257,11.9,,1020.5,,3
2025-09-05 11:00:00,17.5,12.8,74,0,,263,11.9,,1020.8,,3
2025-09-05 12:00:00,18.9,12.2,65,0.1,,254,11.5,,1021.2,,7
2025-09-05 13:00:00,18.8,11.6,63,2.7,,280,9.7,,1021.5,,9
2025-09-05 14:00:00,20,11.2,57,0,,273,9.4,,1021.6,,3
2025-09-05 15:00:00,19.5,11.5,60,0.1,,231,10.1,,1022,,7
2025-09-05 16:00:00,19.3,12.1,63,1.2,,222,13.7,,1022,,18
2025-09-05 17:00:00,17.6,13.1,75,2.4,,205,12.6,,1022.6,,18
2025-09-05 18:00:00,19.7,10.4,55,0,,263,10.1,,1022.3,,3
2025-09-05 19:00:00,18.7,12,65,0,,248,7.6,,1022.5,,2
2025-09-05 20:00:00,17.1,12.6,75,0,,194,5.8,,1023.1,,2
2025-09-05 21:00:00,16.3,12.8,80,0,,173,6.5,,1023.9,,2
2025-09-05 22:00:00,15.5,12.8,84,0,,182,7.6,,1024.1,,2
2025-09-05 23:00:00,15.1,12.8,86,0,,148,4.7,,1024.7,,1
2025-09-06 00:00:00,14.5,12.5,88,0,,154,4,,1024.9,,2
2025-09-06 01:00:00,14,12.4,90,0,,153,4,,1024.8,,1
2025-09-06 02:00:00,13.5,12.1,91,0,,137,3.6,,1025.1,,1
2025-09-06 03:00:00,13,11.9,93,0,,117,3.2,,1025,,1
2025-09-06 04:00:00,12.8,11.7,93,0,,112,3.2,,1024.6,,1
2025-09-06 05:00:00,12.2,11.4,95,0,,105,5.4,,1024.3,,1
2025-09-06 06:00:00,11.3,10.7,96,0,,99,7.2,,1024.5,,1
2025-09-06 07:00:00,10.9,10.4,97,0,,100,8.6,,1024.6,,1
2025-09-06 08:00:00,12.3,11.7,96,0,,90,9.4,,1024.7,,1
2025-09-06 09:00:00,13.5,12.4,93,0,,54,6.5,,1025.2,,1
2025-09-06 10:00:00,15.4,13.2,87,0,,47,6.1,,1025,,2
2025-09-06 11:00:00,17.5,13.4,77,0,,76,7.2,,1024.7,,2
2025-09-06 12:00:00,19.4,13.1,67,0,,95,8.3,,1024.1,,2
2025-09-06 13:00:00,20.8,12.2,58,0,,102,9,,1023.4,,3
2025-09-06 14:00:00,21.9,11.3,51,0,,105,10.8,,1022.9,,3
2025-09-06 15:00:00,22.5,10.6,47,0,,104,11.5,,1022.5,,1
2025-09-06 16:00:00,22.6,10.4,46,0,,108,12.2,,1022.1,,2
2025-09-06 17:00:00,22.4,10.2,46,0,,116,13.3,,1021.7,,1
2025-09-06 18:00:00,21.8,10.6,49,0,,116,11.5,,1021.6,,1
2025-09-06 19:00:00,20.5,11.4,56,0,,98,11.2,,1021.3,,3
2025-09-06 20:00:00,19,11.3,61,0,,83,10.8,,1021.6,,3
2025-09-06 21:00:00,18,11.5,66,0,,81,11.5,,1021.4,,3
2025-09-06 22:00:00,17,11.3,69,0,,93,11.2,,1021.6,,3
2025-09-06 23:00:00,16.5,11.2,71,0,,99,11.9,,1021.3,,3
2025-09-07 00:00:00,16.1,11,72,0,,104,12.6,,1020.7,,3
2025-09-07 01:00:00,15.6,10.6,72,0,,104,13,,1020.4,,3
2025-09-07 02:00:00,15.1,10.5,74,0,,106,13.3,,1020.3,,3
2025-09-07 03:00:00,14.6,10.2,75,0,,104,13.3,,1020.1,,3
2025-09-07 04:00:00,14.3,9.9,75,0,,103,14,,1020,,3
2025-09-07 05:00:00,14.1,9.7,75,0,,103,15.1,,1019.2,,3
2025-09-07 06:00:00,13.9,9.7,76,0,,103,15.5,,1019,,3
2025-09-07 07:00:00,13.8,9.6,76,0,,105,15.5,,1019.2,,3
2025-09-07 08:00:00,14.3,10.1,76,0,,106,16.2,,1019.1,,3
2025-09-07 09:00:00,15.7,11.1,74,0,,107,14.4,,1019.3,,3
2025-09-07 10:00:00,17.2,11.7,70,0,,110,15.5,,1018.8,,3
2025-09-07 11:00:00,18.9,12.4,66,0,,109,14,,1018.4,,3
2025-09-07 12:00:00,20.7,12.9,61,0,,114,12.6,,1018.3,,3
2025-09-07 13:00:00,22.3,13.1,56,0,,115,12.2,,1017.8,,3
2025-09-07 14:00:00,23.5,13.4,53,0,,112,11.9,,1017.2,,3
2025-09-07 15:00:00,24,12.9,50,0,,111,11.5,,1016.7,,3
2025-09-07 16:00:00,24.4,13,49,0,,113,10.8,,1016.1,,3
2025-09-07 17:00:00,24.4,13.6,51,0,,108,10.8,,1015.5,,3
2025-09-07 18:00:00,23.8,14.2,55,0,,104,10.8,,1015.4,,3
2025-09-07 19:00:00,22.3,14.7,62,0,,99,10.1,,1015.3,,3
2025-09-07 20:00:00,20.1,14,68,0,,96,11.9,,1015.4,,3
2025-09-07 21:00:00,19.4,13.8,70,0,,101,13,,1015.9,,2
2025-09-07 22:00:00,18.7,13.8,73,0,,107,12.6,,1016.1,,1
2025-09-07 23:00:00,17.9,13.8,77,0,,106,12.6,,1016,,1
2025-09-08 00:00:00,17.3,13.8,80,0,,107,13.3,,1015.6,,1
2025-09-08 01:00:00,16.6,13.9,84,0,,109,13.3,,1015.4,,2
2025-09-08 02:00:00,15.8,13.6,87,0,,110,11.9,,1015.6,,1
2025-09-08 03:00:00,15,13.4,90,0,,103,10.8,,1015.6,,1
2025-09-08 04:00:00,14.3,13.2,93,0,,97,10.8,,1015.3,,1
2025-09-08 05:00:00,13.7,12.8,94,0,,106,10.1,,1015,,3
2025-09-08 06:00:00,13.6,12.7,94,0,,86,8.3,,1015.1,,3
2025-09-08 07:00:00,13,12.4,96,0,,101,7.2,,1015.4,,3
2025-09-08 08:00:00,14.1,13,93,0,,81,8.6,,1015.5,,3
2025-09-08 09:00:00,16.4,13.3,82,0,,105,7.6,,1015.5,,3
2025-09-08 10:00:00,18.2,13.9,76,0,,232,6.8,,1016.4,,3
2025-09-08 11:00:00,19.5,14.7,74,0,,198,4.7,,1016.3,,3
2025-09-08 12:00:00,20.7,15.2,71,0,,203,2.9,,1015.8,,3
2025-09-08 13:00:00,20.9,15.4,71,0,,241,6.1,,1016.1,,3
2025-09-08 14:00:00,21.4,15.5,69,0,,280,7.2,,1016.2,,3
2025-09-08 15:00:00,21.6,15.2,67,0,,335,6.5,,1016.1,,3
2025-09-08 16:00:00,22.4,16,67,0,,353,11.5,,1016,,3
2025-09-08 17:00:00,21,16.4,75,0,,25,11.2,,1015.6,,3
2025-09-08 18:00:00,20.8,16.2,75,0,,331,7.2,,1015.5,,3
2025-09-08 19:00:00,20.2,16.2,78,0,,334,6.5,,1015.5,,3
2025-09-08 20:00:00,18.9,16.1,84,0,,329,5.4,,1015.7,,3
2025-09-08 21:00:00,17.3,16.2,93,0,,352,3.6,,1016.5,,3
2025-09-08 22:00:00,16.9,15.9,94,0,,16,4.3,,1016.7,,3
2025-09-08 23:00:00,16.3,15.5,95,0,,37,5.8,,1016.3,,3
2025-09-09 00:00:00,15.9,15.1,95,0,,52,6.8,,1015.7,,3
2025-09-09 01:00:00,15.4,14.8,96,0,,45,4.7,,1015.4,,3
2025-09-09 02:00:00,15.1,14.6,97,0,,51,5.4,,1014.9,,3
2025-09-09 03:00:00,15.1,14.6,97,0,,69,5.8,,1014.3,,3
2025-09-09 04:00:00,14.7,14.2,97,0,,284,1.8,,1014.1,,3
2025-09-09 05:00:00,14.7,14.4,98,0,,37,4.3,,1013.8,,3
2025-09-09 06:00:00,14,13.8,99,0,,32,4.3,,1013.4,,3
2025-09-09 07:00:00,14.1,13.6,97,0,,188,4,,1012.9,,3
2025-09-09 08:00:00,14.7,14.1,96,0,,36,5.8,,1013.1,,3
2025-09-09 09:00:00,15.6,14.5,93,1.5,,260,2.9,,1013.1,,9
2025-09-09 10:00:00,15.3,14.8,97,2.3,,354,7.2,,1013.7,,9
2025-09-09 11:00:00,15.5,15.2,98,3.7,,358,6.1,,1013.5,,9
2025-09-09 12:00:00,16.1,15.5,96,2.8,,109,6.8,,1012.8,,9
2025-09-09 13:00:00,16.4,14.9,91,1.1,,165,6.8,,1012.7,,9
2025-09-09 14:00:00,17,15.3,90,0.2,,284,10.1,,1012.7,,7
2025-09-09 15:00:00,17.9,15,83,0,,285,12.6,,1013,,3
2025-09-09 16:00:00,18.2,14.5,79,0,,301,12.6,,1013.2,,3
2025-09-09 17:00:00,18.3,14.4,78,0,,300,13,,1013.8,,3
2025-09-09 18:00:00,18.3,14.2,77,0,,308,11.5,,1014,,2
2025-09-09 19:00:00,17.7,14.2,80,0,,318,7.6,,1014.1,,2
2025-09-09 20:00:00,16.1,13.9,87,0,,355,5.8,,1014.3,,1
2025-09-09 21:00:00,15.2,13.6,90,0,,8,5.8,,1014.7,,1
2025-09-09 22:00:00,15.2,13.4,89,0,,359,8.3,,1015,,1
2025-09-09 23:00:00,14.1,12.7,91,0,,352,9,,1014.9,,1
2025-09-10 00:00:00,13.5,12.4,93,0,,356,6.8,,1014.6,,1
2025-09-10 01:00:00,12.8,11.9,94,0,,358,5,,1014.5,,1
2025-09-10 02:00:00,12,11.4,96,0,,18,4.3,,1014.2,,1
2025-09-10 03:00:00,11.9,11.1,95,0,,71,5,,1013.9,,1
2025-09-10 04:00:00,11.5,10.7,95,0,,58,5,,1013.3,,3
2025-09-10 05:00:00,11.1,10.5,96,0,,64,5,,1012.7,,3
2025-09-10 06:00:00,10.7,10.1,96,0,,27,4.3,,1012.4,,5
2025-09-10 07:00:00,10.4,9.8,96,0,,32,4.3,,1012.4,,5
2025-09-10 08:00:00,11.8,10.7,93,0,,24,5.8,,1012.2,,3
2025-09-10 09:00:00,13.9,11.9,88,0,,355,4.7,,1012.3,,3
2025-09-10 10:00:00,15.4,12.9,85,0,,331,4,,1012.1,,3
2025-09-10 11:00:00,16.3,13,81,0,,332,4,,1011.8,,3
2025-09-10 12:00:00,17.2,13.3,78,0,,76,5.8,,1011,,3
2025-09-10 13:00:00,18.4,13.5,73,0,,115,7.9,,1010.6,,3
2025-09-10 14:00:00,18.4,13.3,72,0,,124,9.7,,1010,,3
2025-09-10 15:00:00,18.3,13.4,73,0,,116,11.5,,1009.6,,3
2025-09-10 16:00:00,19,13.4,70,0,,113,11.9,,1008.8,,3
2025-09-10 17:00:00,19.2,13.1,68,0,,120,12.2,,1008.1,,2
2025-09-10 18:00:00,19.3,13.2,68,0,,135,9,,1008.2,,2
2025-09-10 19:00:00,18.3,13.6,74,0,,134,8.6,,1008,,3
2025-09-10 20:00:00,16.9,13.6,81,0,,144,7.2,,1008.1,,3
2025-09-10 21:00:00,16,13.7,86,0,,151,7.2,,1008.4,,2
2025-09-10 22:00:00,15,13.4,90,0,,147,7.9,,1008.5,,1
2025-09-10 23:00:00,14.5,13,91,0,,126,8.3,,1008.2,,1
2025-09-11 00:00:00,14.2,12.9,92,0,,128,8.6,,1008,,1
2025-09-11 01:00:00,13.8,12.7,93,0,,129,8.3,,1008,,1
2025-09-11 02:00:00,13.6,12.3,92,0,,142,9.7,,1007.9,,1
2025-09-11 03:00:00,13.9,12.6,92,0,,156,11.2,,1007.9,,2
2025-09-11 04:00:00,13.7,12.6,93,0,,160,11.9,,1007.7,,1
2025-09-11 05:00:00,13.8,12.7,93,0,,171,11.5,,1007.6,,1
2025-09-11 06:00:00,13.8,12.9,94,0,,179,11.5,,1007.5,,2
2025-09-11 07:00:00,14.5,13.2,92,0,,197,14,,1007.8,,3
2025-09-11 08:00:00,15,13.4,90,0,,207,16.2,,1008.2,,3
2025-09-11 09:00:00,15.9,13.7,87,0.3,,205,19.1,,1009,,8
2025-09-11 10:00:00,16.7,13.8,83,0,,211,20.2,,1009.6,,3
2025-09-11 11:00:00,17.4,13.3,77,0,,225,23.4,,1010.3,,3
2025-09-11 12:00:00,17.8,12.7,72,0,,241,21.2,,1011.1,,3
2025-09-11 13:00:00,17.2,11.7,70,0,,229,18.4,,1011.5,,3
2025-09-11 14:00:00,18.1,10.9,63,0.1,,229,19.1,,1011.7,,17
2025-09-11 15:00:00,19.4,10.1,55,0,,235,21.6,,1011.6,,2
2025-09-11 16:00:00,19.3,9.8,54,0,,238,21.6,,1011.7,,3
2025-09-11 17:00:00,19.3,9.5,53,0,,236,20.5,,1012.1,,2
2025-09-11 18:00:00,18.6,9.6,56,0,,226,16.6,,1012.2,,2
2025-09-11 19:00:00,17.6,10.5,63,0,,216,13.7,,1012.4,,2
2025-09-11 20:00:00,16.5,10.3,67,0,,202,13.7,,1012.9,,2
2025-09-11 21:00:00,15.9,11.1,73,0,,191,13.7,,1013.6,,2
2025-09-11 22:00:00,15.6,11.2,75,0,,197,15.1,,1014.1,,2
2025-09-11 23:00:00,15.3,11.1,76,0,,208,14.8,,1014.4,,2
2025-09-12 00:00:00,14.4,11.5,83,0,,198,13.3,,1013.8,,3
2025-09-12 01:00:00,14.1,11.8,86,0,,216,13.7,,1014.2,,3
2025-09-12 02:00:00,14.2,11.9,86,0,,200,13,,1014.2,,3
2025-09-12 03:00:00,13.7,11.6,87,0,,199,13,,1014.5,,3
2025-09-12 04:00:00,13.8,11.8,88,0,,203,13.3,,1014.6,,3
2025-09-12 05:00:00,13.5,11.9,90,0,,198,11.9,,1014.7,,3
2025-09-12 06:00:00,13.2,12.1,93,0.2,,220,13.7,,1015.3,,17
2025-09-12 07:00:00,13.1,12,93,0,,217,13,,1015.8,,3
2025-09-12 08:00:00,13.3,12,92,0,,222,13.3,,1016.4,,2
2025-09-12 09:00:00,14.2,12.2,88,0,,232,14,,1017.3,,2
2025-09-12 10:00:00,15.2,12.5,84,0,,222,16.9,,1018.2,,3
2025-09-12 11:00:00,15.9,11.7,76,0,,226,16.9,,1018.7,,3
2025-09-12 12:00:00,17,11.3,69,0,,238,17.3,,1018.9,,2
2025-09-12 13:00:00,17.5,10.8,65,0,,236,17.3,,1019.1,,2
2025-09-12 14:00:00,18.2,10.3,60,0,,235,18,,1019.2,,2
2025-09-12 15:00:00,18.8,9.6,55,0,,231,17.6,,1019.1,,1
2025-09-12 16:00:00,18.9,9.7,55,0,,233,17.3,,1019.1,,2
2025-09-12 17:00:00,18.6,9.6,56,0,,235,15.5,,1019,,2
2025-09-12 18:00:00,18.2,10.1,59,0,,232,12.2,,1019.1,,1
2025-09-12 19:00:00,17.1,10.2,64,0,,222,9,,1019.5,,2
2025-09-12 20:00:00,15.5,10.5,72,0,,195,7.6,,1020,,3
2025-09-12 21:00:00,15,10.6,75,0,,177,9.4,,1020.4,,3
2025-09-12 22:00:00,14.7,10.3,75,0,,185,9.7,,1020.5,,3
2025-09-12 23:00:00,14,9.8,76,0,,182,9,,1020.4,,2
2025-09-13 00:00:00,13.3,9.7,79,0,,164,7.6,,1020,,1
2025-09-13 01:00:00,12.8,9.4,80,0,,145,8.3,,1020.3,,1
2025-09-13 02:00:00,12.6,9.4,81,0,,121,9.4,,1019.8,,3
2025-09-13 03:00:00,12.7,9.3,80,0,,127,8.3,,1019.5,,3
2025-09-13 04:00:00,12.5,9.3,81,0,,133,9,,1019.3,,3
2025-09-13 05:00:00,12.3,9.3,82,0,,125,9.4,,1019.2,,3
2025-09-13 06:00:00,12,9,82,0,,130,10.4,,1019,,3
2025-09-13 07:00:00,12.1,9.1,82,0,,141,8.6,,1018.8,,3
2025-09-13 08:00:00,12.6,9.6,82,0,,134,7.9,,1019.3,,3
2025-09-13 09:00:00,14,10.2,78,0,,138,7.6,,1019.3,,3
2025-09-13 10:00:00,15.3,10.7,74,0,,154,6.8,,1019.1,,3
2025-09-13 11:00:00,17.1,10.9,67,0.1,,179,9.4,,1018.7,,7
2025-09-13 12:00:00,18.3,11.4,64,0,,211,10.8,,1018.3,,3
2025-09-13 13:00:00,18.5,11.3,63,0,,208,11.2,,1017.8,,3
2025-09-13 14:00:00,19.3,11.6,61,0,,215,14.4,,1017.4,,3
2025-09-13 15:00:00,20.1,10.8,55,0,,222,16.9,,1016.8,,3
2025-09-13 16:00:00,20.2,10.3,53,0,,219,16.6,,1016.8,,3
2025-09-13 17:00:00,20.1,9.9,52,0,,220,15.8,,1016.2,,3
2025-09-13 18:00:00,19.4,10.7,57,0,,214,13.7,,1015.9,,3
2025-09-13 19:00:00,18.2,11,63,0,,211,11.9,,1015.8,,3
2025-09-13 20:00:00,17.3,11.8,70,0,,198,9,,1016,,3
2025-09-13 21:00:00,17.3,11.3,68,0,,198,11.2,,1015.8,,3
2025-09-13 22:00:00,16.7,11.6,72,0,,187,10.4,,1015.6,,3
2025-09-13 23:00:00,15.7,11.9,78,0.1,,180,11.5,,1015.7,,7
2025-09-14 00:00:00,14.1,12.5,90,0.9,,175,13,,1016.4,,8
2025-09-14 01:00:00,13.8,13.2,96,1.4,,190,13.7,,1015.9,,9
2025-09-14 02:00:00,13.7,13.1,96,0.6,,208,14.4,,1016,,8
2025-09-14 03:00:00,13.7,13.1,96,0.5,,203,11.9,,1015.7,,8
2025-09-14 04:00:00,13.5,13.2,98,0.7,,211,11.9,,1015.5,,8
2025-09-14 05:00:00,13.5,12.9,96,1.4,,223,13,,1015.2,,9
2025-09-14 06:00:00,13.4,12.8,96,3,,223,15.1,,1015.3,,9
2025-09-14 07:00:00,13.1,12.6,97,1,,232,16.2,,1015.2,,9
2025-09-14 08:00:00,13,12.4,96,1,,234,15.1,,1016,,9
2025-09-14 09:00:00,13.8,12.7,93,0.5,,245,13.3,,1016.7,,8
2025-09-14 10:00:00,13.7,11.6,87,2.6,,267,16.2,,1017.4,,9
2025-09-14 11:00:00,15.1,12.6,85,0.5,,264,14.4,,1017.7,,17
2025-09-14 12:00:00,17,12.5,75,0,,256,13.3,,1017.7,,3
2025-09-14 13:00:00,17.6,11.6,68,0.1,,252,15.8,,1017.5,,17
2025-09-14 14:00:00,18.4,10.7,61,0,,254,15.1,,1017.3,,3
2025-09-14 15:00:00,19.3,10.3,56,0,,254,14.4,,1017.1,,3
2025-09-14 16:00:00,19.9,9.2,50,0,,256,15.8,,1016.6,,3
2025-09-14 17:00:00,20,10.1,53,0,,262,14.4,,1016.1,,3
2025-09-14 18:00:00,19.2,12,63,0,,215,9.7,,1016.1,,3
2025-09-14 19:00:00,18.2,12.6,70,0,,189,10.1,,1015.9,,3
2025-09-14 20:00:00,17.1,12.8,76,0,,183,11.2,,1015.8,,3
2025-09-14 21:00:00,16.8,13.1,79,0,,156,9,,1015.8,,3
2025-09-14 22:00:00,16.8,13.1,79,0,,141,11.9,,1015.4,,3
2025-09-14 23:00:00,16.9,12.8,77,0,,150,14.8,,1014.8,,3
2025-09-15 00:00:00,17.3,13.2,77,0,,191,16.2,,1014.5,,3
2025-09-15 01:00:00,17.7,13.8,78,0,,207,16.2,,1014.1,,3
2025-09-15 02:00:00,17.7,14.4,81,0,,215,17.3,,1014,,3
2025-09-15 03:00:00,18,14.9,82,0,,215,18.4,,1013.9,,3
2025-09-15 04:00:00,18.4,15.5,83,0,,215,18.4,,1013.1,,3
2025-09-15 05:00:00,18.6,15.7,83,0,,214,20.2,,1012.9,,3
2025-09-15 06:00:00,18.6,16,85,0.5,,212,19.8,,1012.7,,8
2025-09-15 07:00:00,18.2,16.4,89,0.6,,222,20.9,,1012.4,,8
2025-09-15 08:00:00,18.4,16.6,89,0.3,,219,20.5,,1012.6,,8
2025-09-15 09:00:00,19.1,16.5,85,0,,224,20.2,,1013.1,,3
2025-09-15 10:00:00,19.9,16.5,81,0.3,,229,21.6,,1013.2,,17
2025-09-15 11:00:00,20.8,15.1,70,0.2,,234,25.6,,1013.5,,17
2025-09-15 12:00:00,21.5,15.6,69,0.5,,233,26.3,,1013.4,,17
2025-09-15 13:00:00,21,16.4,75,3,,242,27,,1013.2,,18
2025-09-15 14:00:00,21.6,15.4,68,0,,235,23,,1013.7,,3
2025-09-15 15:00:00,21.6,14.7,65,0.1,,236,22.7,,1013.3,,17
2025-09-15 16:00:00,21.3,14.2,64,0,,233,21.6,,1013.3,,3
2025-09-15 17:00:00,21.2,13.4,61,0,,240,20.2,,1013,,3
2025-09-15 18:00:00,20.5,13,62,0,,252,20.9,,1013.7,,3
2025-09-15 19:00:00,19,12,64,0,,244,21.2,,1014.1,,3
2025-09-15 20:00:00,17.7,11,65,0,,235,18.7,,1014.8,,3
2025-09-15 21:00:00,16.9,10.7,67,0,,234,15.8,,1015.8,,2
2025-09-15 22:00:00,16.4,10.5,68,0,,236,15.8,,1016.2,,3
2025-09-15 23:00:00,16.1,10.2,68,0,,240,18,,1016.9,,1
2025-09-16 00:00:00,15.5,9.8,69,0,,236,17.3,,1017.2,,1
2025-09-16 01:00:00,15.3,9.9,70,0,,234,17.3,,1017.4,,2
2025-09-16 02:00:00,15,10,72,0,,233,17.3,,1017.7,,3
2025-09-16 03:00:00,14.7,9.9,73,0,,240,18.7,,1018.3,,2
2025-09-16 04:00:00,14.2,9.4,73,0,,236,18.4,,1018.5,,2
2025-09-16 05:00:00,13.8,9.4,75,0,,236,18.4,,1018.6,,1
2025-09-16 06:00:00,13.4,9.6,78,0,,233,19.1,,1018.9,,3
2025-09-16 07:00:00,13,9.4,79,0,,235,18,,1019.4,,2
2025-09-16 08:00:00,13.3,9.5,78,0,,229,19.1,,1020.1,,2
2025-09-16 09:00:00,14,10,77,0,,228,19.4,,1020.5,,3
2025-09-16 10:00:00,14.6,9.8,73,0,,243,25.2,,1020.7,,3
2025-09-16 11:00:00,15.3,9.4,68,0,,247,25.6,,1021,,3
2025-09-16 12:00:00,15.9,9.1,64,0,,249,25.9,,1020.7,,3
2025-09-16 13:00:00,16.7,8.6,59,0,,249,26.3,,1020.6,,3
2025-09-16 14:00:00,17.1,8.2,56,0,,247,25.6,,1020.5,,3
2025-09-16 15:00:00,17.5,7.8,53,0,,251,25.6,,1020.7,,3
2025-09-16 16:00:00,17.5,7.8,53,0.1,,254,24.5,,1020.5,,17
2025-09-16 17:00:00,17.3,8.2,55,0,,253,23.8,,1020.5,,2
2025-09-16 18:00:00,16.8,8.7,59,0,,247,20.5,,1020.5,,2
2025-09-16 19:00:00,15.9,8.9,63,0,,251,18.7,,1021.1,,2
2025-09-16 20:00:00,15.1,8.8,66,0,,255,16.9,,1021.7,,2
2025-09-16 21:00:00,14.6,9,69,0,,253,14.4,,1022.4,,3
2025-09-16 22:00:00,14.3,9.3,72,0,,250,13.7,,1022.9,,3
2025-09-16 23:00:00,13.5,9.4,76,0,,242,11.2,,1023,,3
2025-09-17 00:00:00,13.1,9.2,77,0,,230,11.9,,1022.7,,3
2025-09-17 01:00:00,12.7,9.2,79,0,,224,11.9,,1022.8,,3
2025-09-17 02:00:00,12.4,9.2,81,0,,223,11.5,,1023.2,,3
2025-09-17 03:00:00,12.1,9.3,83,0,,224,10.1,,1023.3,,3
2025-09-17 04:00:00,11.5,9.2,86,0,,215,10.1,,1023.2,,2
2025-09-17 05:00:00,11.1,9.4,89,0,,198,9.4,,1023.1,,2
2025-09-17 06:00:00,10.8,9.4,91,0,,197,10.8,,1023.2,,2
2025-09-17 07:00:00,10.7,9.5,92,0,,207,11.2,,1023.4,,3
2025-09-17 08:00:00,11.3,9.6,89,0,,219,10.8,,1023.9,,3
2025-09-17 09:00:00,12.5,10,85,0,,220,9,,1024.5,,3
2025-09-17 10:00:00,13.9,10.9,82,0,,227,9.4,,1024.6,,3
2025-09-17 11:00:00,14.5,11.1,80,0,,226,9.4,,1025,,3
2025-09-17 12:00:00,15,11.2,78,0,,222,9.7,,1025.1,,3
2025-09-17 13:00:00,15.5,11.1,75,0,,238,10.4,,1025.1,,3
2025-09-17 14:00:00,16,11.2,73,0,,228,11.9,,1024.8,,3
2025-09-17 15:00:00,17.3,9.9,62,0,,244,15.1,,1024,,3
2025-09-17 16:00:00,18.2,10.1,59,0,,242,16.2,,1023.7,,3
2025-09-17 17:00:00,18,10.1,60,0,,234,14.4,,1023,,3
2025-09-17 18:00:00,18.3,11.1,63,0,,242,7.9,,1022.9,,3
2025-09-17 19:00:00,17.5,12.2,71,0,,186,6.1,,1022.7,,3
2025-09-17 20:00:00,15.7,11.3,75,0,,164,8.3,,1023,,2
2025-09-17 21:00:00,15.2,11.2,77,0,,182,10.1,,1023.4,,2
2025-09-17 22:00:00,14.8,11,78,0,,197,10.1,,1023.6,,1
2025-09-17 23:00:00,14.3,10.9,80,0,,187,9,,1023.8,,1
2025-09-18 00:00:00,13.9,10.9,82,0,,183,9,,1024,,1
2025-09-18 01:00:00,14.3,11.5,83,0,,184,10.1,,1023.5,,2
2025-09-18 02:00:00,14,11.3,84,0,,184,9.7,,1023.9,,2
2025-09-18 03:00:00,13.5,11.2,86,0,,180,9,,1023.9,,1
2025-09-18 04:00:00,13.2,11.1,87,0,,169,9.4,,1023.7,,1
2025-09-18 05:00:00,12.8,10.9,88,0,,166,8.6,,1023.4,,1
2025-09-18 06:00:00,12.8,10.7,87,0,,170,7.9,,1023.5,,1
2025-09-18 07:00:00,12.6,10.5,87,0,,163,8.3,,1023.6,,1
2025-09-18 08:00:00,13.2,10.9,86,0,,164,9,,1023.7,,1
2025-09-18 09:00:00,14.9,12,83,0,,169,8.6,,1024.2,,1
2025-09-18 10:00:00,16.7,12.2,75,0,,191,7.6,,1024.8,,1
2025-09-18 11:00:00,18.5,12.9,70,0,,200,7.9,,1024.5,,1
2025-09-18 12:00:00,20.2,13.4,65,0,,201,8.3,,1024.4,,1
2025-09-18 13:00:00,21.4,13.6,61,0,,206,9.7,,1024,,1
2025-09-18 14:00:00,22.6,13.9,58,0,,215,10.4,,1023.9,,1
2025-09-18 15:00:00,23.4,13.8,55,0,,220,10.8,,1023.3,,1
2025-09-18 16:00:00,23.9,13.4,52,0,,234,11.9,,1023.6,,1
2025-09-18 17:00:00,23.8,13.3,52,0,,240,11.5,,1023.4,,1
2025-09-18 18:00:00,23,14,57,0,,239,8.3,,1023.6,,1
2025-09-18 19:00:00,20.8,14.2,66,0,,237,6.8,,1023.6,,1
2025-09-18 20:00:00,18.9,13.9,73,0,,233,6.5,,1024.2,,1
2025-09-18 21:00:00,18,13.7,76,0,,204,5.8,,1024.7,,1
2025-09-18 22:00:00,17.2,13.3,78,0,,174,5,,1025.1,,1
2025-09-18 23:00:00,16.6,13.3,81,0,,159,5,,1025.3,,1
2025-09-19 00:00:00,16.1,13.2,83,0,,162,5.8,,1025.5,,1
2025-09-19 01:00:00,15.5,13.2,86,0,,165,6.8,,1025.8,,1
2025-09-19 02:00:00,14.8,13,89,0,,156,5.4,,1025.8,,1
2025-09-19 03:00:00,14.4,12.6,89,0,,144,6.1,,1025.8,,1
2025-09-19 04:00:00,13.9,12.1,89,0,,137,7.2,,1025.7,,2
2025-09-19 05:00:00,13.5,11.6,88,0,,127,7.2,,1025.4,,3
2025-09-19 06:00:00,13.1,11.2,88,0,,120,7.2,,1025.3,,1
2025-09-19 07:00:00,12.5,10.2,86,0,,118,8.6,,1025.2,,1
2025-09-19 08:00:00,13,10.5,85,0,,115,10.4,,1025,,1
2025-09-19 09:00:00,15.2,12,81,0,,124,10.8,,1025.5,,1
2025-09-19 10:00:00,18,13.3,74,0,,117,7.9,,1025.5,,1
2025-09-19 11:00:00,20.6,13.8,65,0,,114,7.9,,1025.6,,1
2025-09-19 12:00:00,22.3,13.1,56,0,,108,7.9,,1025.1,,1
2025-09-19 13:00:00,24.1,12.7,49,0,,111,8.3,,1024.4,,3
2025-09-19 14:00:00,25.4,11.9,43,0,,119,7.6,,1023.9,,2
2025-09-19 15:00:00,26.2,11.9,41,0,,131,6.5,,1023.3,,3
2025-09-19 16:00:00,26.5,12.5,42,0,,138,6.1,,1022.7,,1
2025-09-19 17:00:00,25.9,13.7,47,0,,147,5.8,,1022.5,,1
2025-09-19 18:00:00,25,17.2,62,0,,150,4.3,,1022.6,,1
2025-09-19 19:00:00,22.4,16.4,69,0,,138,5,,1022.2,,1
2025-09-19 20:00:00,20.2,15.8,76,0,,123,5.8,,1022.2,,1
2025-09-19 21:00:00,18.9,15.4,80,0,,120,7.2,,1022.4,,1
2025-09-19 22:00:00,18.5,14.8,79,0,,126,8.3,,1022,,1
2025-09-19 23:00:00,17.9,14.8,82,0,,124,8.6,,1022,,3
2025-09-20 00:00:00,17.2,14.7,85,0,,119,9.4,,1021.8,,2
2025-09-20 01:00:00,16.7,14.3,86,0,,119,8.6,,1021.5,,3
2025-09-20 02:00:00,16.2,14,87,0,,116,8.6,,1021.1,,2
2025-09-20 03:00:00,15.8,13.3,85,0,,124,9.4,,1021,,3
2025-09-20 04:00:00,16,12.9,82,0,,132,9.7,,1020.5,,3
2025-09-20 05:00:00,15.8,12.5,81,0,,134,10.1,,1020.1,,3
2025-09-20 06:00:00,15.9,12.3,79,0,,138,10.1,,1019.8,,3
2025-09-20 07:00:00,15.6,12.2,80,0,,141,10.1,,1019.7,,3
2025-09-20 08:00:00,15.8,12.2,79,0,,141,10.1,,1019.6,,2
2025-09-20 09:00:00,17.7,13,74,0,,142,9.7,,1019.5,,1
2025-09-20 10:00:00,20.1,14.2,69,0,,147,8.3,,1019.3,,1
2025-09-20 11:00:00,22.1,14.2,61,0,,158,9,,1019,,1
2025-09-20 12:00:00,24.1,15,57,0,,159,9.7,,1018.2,,1
2025-09-20 13:00:00,25.8,15.5,53,0,,157,11.2,,1017.4,,2
2025-09-20 14:00:00,27.5,15.5,48,0,,177,13,,1016.4,,3
2025-09-20 15:00:00,28.7,14.1,41,0,,204,15.8,,1015.7,,1
2025-09-20 16:00:00,28.7,15.2,44,0,,216,15.5,,1014.9,,2
2025-09-20 17:00:00,28.4,16,47,0,,216,14,,1014.6,,3
2025-09-20 18:00:00,26.9,15.9,51,0,,229,11.9,,1015,,3
2025-09-20 19:00:00,24.2,16.4,62,0,,215,6.8,,1014.4,,1
2025-09-20 20:00:00,22.4,15.5,65,0,,181,7.6,,1014.3,,1
2025-09-20 21:00:00,21.3,15.6,70,0,,158,7.9,,1014.6,,1
2025-09-20 22:00:00,20.7,15.5,72,0,,174,9.7,,1014.7,,2
2025-09-20 23:00:00,19.9,14.9,73,0,,146,7.2,,1015,,2
2025-09-21 00:00:00,19.5,14.9,75,0,,149,10.1,,1014.8,,3
2025-09-21 01:00:00,19.5,15.2,76,0,,181,9.7,,1014.6,,3
2025-09-21 02:00:00,19.2,14.9,76,0,,179,10.1,,1014,,3
2025-09-21 03:00:00,18.7,14.8,78,0,,190,9,,1013.9,,3
2025-09-21 04:00:00,18,13.7,76,0,,164,11.2,,1013.4,,3
2025-09-21 05:00:00,17.8,13.9,78,0,,170,9.7,,1012.8,,3
2025-09-21 06:00:00,17.6,14.1,80,0,,187,9.4,,1012.9,,3
2025-09-21 07:00:00,17.6,14.1,80,0,,185,9.4,,1012.8,,3
2025-09-21 08:00:00,17.9,14.4,80,0,,217,9.4,,1013,,3
2025-09-21 09:00:00,18,15.3,84,0,,201,9.7,,1013.4,,3
2025-09-21 10:00:00,18.4,15.8,85,0.2,,196,7.9,,1013.9,,7
2025-09-21 11:00:00,19.1,16.3,84,0,,176,5,,1013.8,,3
2025-09-21 12:00:00,20.3,16.7,80,0,,267,10.1,,1013.6,,3
2025-09-21 13:00:00,21.7,16.4,72,0.1,,262,12.6,,1013.4,,7
2025-09-21 14:00:00,21.1,16.3,74,0.1,,286,12.6,,1013.4,,7
2025-09-21 15:00:00,19.9,15.7,77,0.5,,326,12.6,,1013.5,,8
2025-09-21 16:00:00,17.9,16.6,92,1.6,,326,12.6,,1013.8,,9
2025-09-21 17:00:00,16.9,15.4,91,1,,336,16.2,,1014.1,,9
2025-09-21 18:00:00,15.8,13.8,88,0.1,,351,17.3,,1014.6,,7
2025-09-21 19:00:00,14.3,13.7,96,0.6,,331,13,,1015.2,,8
2025-09-21 20:00:00,14.3,13.8,97,2.2,,338,12.2,,1015.7,,9
2025-09-21 21:00:00,14,13.4,96,2.7,,3,12.2,,1015.9,,9
2025-09-21 22:00:00,13.5,12.9,96,2.5,,352,11.5,,1016.2,,9
2025-09-21 23:00:00,13.4,12.8,96,2.9,,344,11.5,,1016.6,,9
2025-09-22 00:00:00,13.1,12.5,96,2.4,,343,9.7,,1017.1,,9
2025-09-22 01:00:00,12.9,12.4,97,0,,353,10.1,,1016.9,,3
2025-09-22 02:00:00,12.8,12.3,97,0,,349,12.2,,1016.7,,3
2025-09-22 03:00:00,12.7,12.1,96,0,,1,14.4,,1016.6,,3
2025-09-22 04:00:00,12.6,11.8,95,0.2,,3,14,,1016.4,,7
2025-09-22 05:00:00,12,11.4,96,0.8,,1,15.1,,1015.7,,8
2025-09-22 06:00:00,11.5,10.9,96,1.2,,349,16.2,,1016.1,,9
2025-09-22 07:00:00,11.2,10.6,96,2.4,,3,18,,1016.6,,9
2025-09-22 08:00:00,11,10.2,95,2.7,,6,19.1,,1016.8,,9
2025-09-22 09:00:00,10.9,10.1,95,2.3,,12,19.8,,1016.9,,9
2025-09-22 10:00:00,11.1,10.3,95,1.7,,12,20.5,,1016.7,,9
2025-09-22 11:00:00,11.3,10.4,94,1.4,,13,19.8,,1016.5,,9
2025-09-22 12:00:00,11.7,10.8,94,0.9,,8,17.6,,1016.9,,8
2025-09-22 13:00:00,11.6,10.5,93,0.9,,6,15.5,,1016.9,,8
2025-09-22 14:00:00,11.6,10.5,93,0.7,,7,15.8,,1016.9,,8
2025-09-22 15:00:00,12.1,9.7,85,0.6,,13,15.5,,1018,,8
2025-09-22 16:00:00,12,8.8,81,0,,22,13.7,,1018.2,,3
2025-09-22 17:00:00,11.8,8.8,82,0,,21,15.1,,1018,,3
2025-09-22 18:00:00,11.9,8.9,82,0,,21,14.4,,1017.8,,3
2025-09-22 19:00:00,12,8.5,79,0,,26,14.4,,1018.2,,3
2025-09-22 20:00:00,11.9,8.2,78,0,,20,12.6,,1019,,3
2025-09-22 21:00:00,11.9,7.8,76,0,,23,10.4,,1020,,3
2025-09-22 22:00:00,11.9,7.4,74,0,,19,11.5,,1020.4,,3
2025-09-22 23:00:00,11.9,7.2,73,0,,13,11.2,,1020.7,,3
2025-09-23 00:00:00,11.9,6.6,70,0,,35,13.3,,1020.3,,3
2025-09-23 01:00:00,11.8,7.3,74,0,,46,14.8,,1020.2,,3
2025-09-23 02:00:00,11.3,7.4,77,0,,24,10.1,,1020.5,,3
2025-09-23 03:00:00,11.3,7.8,79,0.2,,1,8.6,,1020.9,,7
2025-09-23 04:00:00,11.1,8,81,0,,7,11.2,,1020.7,,3
2025-09-23 05:00:00,11,7.7,80,0,,13,11.5,,1020.7,,3
2025-09-23 06:00:00,11.3,8,80,0,,28,12.6,,1020.1,,3
2025-09-23 07:00:00,11.2,7.5,78,0,,22,12.2,,1020.5,,3
2025-09-23 08:00:00,11.1,7.2,77,0,,31,11.2,,1020.8,,3
2025-09-23 09:00:00,11.4,7.1,75,0,,18,12.2,,1020.9,,3
2025-09-23 10:00:00,12.4,6.9,69,0,,19,14.4,,1021.3,,3
2025-09-23 11:00:00,12.4,8.1,75,0,,15,15.1,,1020.8,,3
2025-09-23 12:00:00,13.4,7.4,67,0,,36,16.9,,1020.6,,3
2025-09-23 13:00:00,13.7,7,64,0,,38,16.9,,1020,,3
2025-09-23 14:00:00,13.9,7.4,65,0,,46,18,,1019.5,,3
2025-09-23 15:00:00,15.1,7.6,61,0,,53,21.6,,1018.6,,3
2025-09-23 16:00:00,15.9,7.6,58,0,,62,23.4,,1018.2,,3
2025-09-23 17:00:00,15.5,7.5,59,0,,51,18.4,,1017.8,,3
2025-09-23 18:00:00,15,7.3,60,0,,41,17.6,,1017.8,,3
2025-09-23 19:00:00,14.8,6.6,58,0,,39,18.4,,1018,,3
2025-09-23 20:00:00,14.6,5.9,56,0,,43,18.4,,1018.6,,3
2025-09-23 21:00:00,13.8,6.6,62,0.1,,40,17.3,,1019.7,,7
2025-09-23 22:00:00,12.7,7.4,70,0.5,,42,16.2,,1020,,8
2025-09-23 23:00:00,12,7.7,75,0.5,,33,15.1,,1020.2,,8
2025-09-24 00:00:00,11.7,7.6,76,0.2,,31,14.8,,1020.1,,7
2025-09-24 01:00:00,11.5,7.6,77,0.3,,27,14.4,,1019.7,,8
2025-09-24 02:00:00,11.4,7.5,77,0.6,,32,14,,1019.7,,8
2025-09-24 03:00:00,10.5,8.8,89,1.6,,32,14,,1019.9,,9
2025-09-24 04:00:00,10.3,8.2,87,2.7,,45,17.6,,1019.4,,9
2025-09-24 05:00:00,10.1,8,87,2.2,,50,21.2,,1019.1,,9
2025-09-24 06:00:00,10.1,8.2,88,0.8,,51,21.6,,1018.9,,8
2025-09-24 07:00:00,10,7.8,86,0.4,,55,19.8,,1018.7,,8
2025-09-24 08:00:00,9.8,7.7,87,1.3,,58,22.3,,1018.5,,9
2025-09-24 09:00:00,10,8.1,88,0.8,,53,20.2,,1019.1,,8
2025-09-24 10:00:00,9.7,8.5,92,1.9,,39,16.9,,1019.6,,9
2025-09-24 11:00:00,10.1,8.9,92,1.8,,35,13.7,,1019.8,,9
2025-09-24 12:00:00,9.7,8.8,94,3.8,,30,13.7,,1019.8,,9
2025-09-24 13:00:00,10.1,9.2,94,3.4,,32,13.3,,1019.5,,9
2025-09-24 14:00:00,10.3,9.4,94,3.3,,36,14.8,,1019.2,,9
2025-09-24 15:00:00,10.4,9.5,94,2.4,,35,13.7,,1018.7,,9
2025-09-24 16:00:00,10.6,9.7,94,2.3,,23,13.7,,1018.2,,9
2025-09-24 17:00:00,10.9,10,94,1.5,,6,12.6,,1018.1,,9
2025-09-24 18:00:00,11.1,10.3,95,1.6,,8,13,,1018.4,,9
2025-09-24 19:00:00,11,9.9,93,1.3,,24,15.5,,1018.5,,9
2025-09-24 20:00:00,10.9,9.8,93,0.8,,26,15.5,,1018.4,,8
2025-09-24 21:00:00,10.8,9.9,94,0.8,,15,14,,1018.2,,8
2025-09-24 22:00:00,10.6,9.7,94,1.1,,26,16.2,,1018.4,,9
2025-09-24 23:00:00,10.6,9.7,94,2,,28,16.9,,1018.3,,9
2025-09-25 00:00:00,10.5,9.6,94,1.9,,34,17.3,,1018.2,,9
2025-09-25 01:00:00,10.4,9.5,94,1.1,,39,16.9,,1017.9,,9
2025-09-25 02:00:00,10.3,9.5,95,0.9,,38,16.6,,1017.8,,8
2025-09-25 03:00:00,10.1,9.3,95,0.9,,34,15.1,,1017.4,,8
2025-09-25 04:00:00,10.1,9.5,96,0.5,,28,13.7,,1017.1,,8
2025-09-25 05:00:00,10.1,9.2,94,0.2,,21,12.2,,1016.9,,7
2025-09-25 06:00:00,10.2,9.3,94,0,,8,11.9,,1017.1,,3
2025-09-25 07:00:00,10.2,9.6,96,0.1,,13,11.5,,1017,,7
2025-09-25 08:00:00,10.3,9.7,96,0.6,,30,10.4,,1017.1,,8
2025-09-25 09:00:00,10.5,9.7,95,0.3,,41,10.1,,1017.6,,8
2025-09-25 10:00:00,11.1,10,93,0.2,,80,10.1,,1017.9,,7
2025-09-25 11:00:00,11.3,10,92,0.2,,110,10.4,,1018.2,,7
2025-09-25 12:00:00,11.4,10.3,93,0.2,,148,8.3,,1018.3,,7
2025-09-25 13:00:00,11.4,9.5,88,0.4,,31,10.4,,1018.1,,8
2025-09-25 14:00:00,11.3,9.7,90,0.4,,10,10.4,,1018.1,,8
2025-09-25 15:00:00,11.1,10,93,0.7,,1,9.7,,1018.1,,8
2025-09-25 16:00:00,11,10.2,95,0.8,,357,9,,1018.3,,8
2025-09-25 17:00:00,11,10.4,96,0.8,,349,8.3,,1018.6,,8
2025-09-25 18:00:00,11,10.4,96,0.6,,2,8.6,,1018.9,,8
2025-09-25 19:00:00,10.8,10.2,96,1.1,,344,7.6,,1019.1,,9
2025-09-25 20:00:00,10.6,10.1,97,0.8,,326,8.3,,1019.5,,8
2025-09-25 21:00:00,10.6,10.3,98,0.3,,324,6.8,,1019.8,,8
2025-09-25 22:00:00,10.4,10.2,99,0,,228,4.7,,1020.1,,3
2025-09-25 23:00:00,9.5,9.4,99,0,,155,4,,1021,,3
2025-09-26 00:00:00,9.6,9.5,99,0,,134,5.8,,1021.2,,3
2025-09-26 01:00:00,9.5,9.4,99,0,,100,7.2,,1021.1,,3
2025-09-26 02:00:00,9.1,9.1,100,0,,89,9,,1021.6,,5
2025-09-26 03:00:00,8.7,8.7,100,0,,59,9,,1021.5,,5
2025-09-26 04:00:00,8.1,8,99,0,,12,5,,1021.2,,5
2025-09-26 05:00:00,7.8,7.7,99,0,,11,6.1,,1021.3,,3
2025-09-26 06:00:00,7.6,7.3,98,0,,22,5.4,,1021.5,,5
2025-09-26 07:00:00,7.6,7.3,98,0,,37,6.8,,1021.6,,3
2025-09-26 08:00:00,8.1,7.3,95,0,,51,8.6,,1021.7,,3
2025-09-26 09:00:00,9.9,8.7,92,0,,77,13,,1021.8,,3
2025-09-26 10:00:00,10.9,9.2,89,0,,68,12.6,,1021.6,,3
2025-09-26 11:00:00,12,9.6,85,0,,48,9.7,,1021.5,,3
2025-09-26 12:00:00,13.3,9.7,79,0,,42,9,,1021.2,,3
2025-09-26 13:00:00,14.2,9.8,75,0.2,,57,10.1,,1020.8,,7
2025-09-26 14:00:00,14.4,10,75,0.1,,52,10.4,,1020.5,,7
2025-09-26 15:00:00,15,9.8,71,0,,52,10.8,,1019.9,,3
2025-09-26 16:00:00,15,9.8,71,0,,53,8.6,,1019.8,,3
2025-09-26 17:00:00,14.9,10.1,73,0,,25,8.3,,1019.4,,3
2025-09-26 18:00:00,14.8,10.6,76,0,,12,6.1,,1019.4,,3
2025-09-26 19:00:00,13.1,10.8,86,0,,319,6.1,,1019.4,,3
2025-09-26 20:00:00,12.2,10.4,89,0,,351,8.3,,1019.6,,3
2025-09-26 21:00:00,11.5,9.9,90,0,,4,6.8,,1019.8,,3
2025-09-26 22:00:00,11.2,9.8,91,0,,21,6.5,,1020,,3
2025-09-26 23:00:00,10.4,9.5,94,0,,36,4.7,,1019.9,,3
2025-09-27 00:00:00,9.9,9.6,98,0.6,,19,5.8,,1020.1,,8
2025-09-27 01:00:00,9.4,9.1,98,0,,20,2.2,,1020,,3
2025-09-27 02:00:00,9.1,8.8,98,0,,354,3.2,,1020.3,,3
2025-09-27 03:00:00,8.8,8.5,98,0,,47,1.4,,1020.6,,3
2025-09-27 04:00:00,8.3,8.2,99,0,,188,2.9,,1020.6,,5
2025-09-27 05:00:00,8.9,8.9,100,0,,239,2.9,,1020.4,,5
2025-09-27 06:00:00,9.6,9.6,100,0,,245,5.4,,1020.7,,5
2025-09-27 07:00:00,9.8,9.7,99,0,,279,4.7,,1020.7,,5
2025-09-27 08:00:00,10,9.8,99,0,,221,5,,1021.3,,5
2025-09-27 09:00:00,10.3,9.8,97,0,,210,4,,1021.8,,5
2025-09-27 10:00:00,11,10.4,96,0,,215,2.9,,1022.2,,5
2025-09-27 11:00:00,12.1,10.7,91,0,,260,4,,1022.4,,5
2025-09-27 12:00:00,13.2,10.7,85,0.2,,292,5.8,,1022.4,,7
2025-09-27 13:00:00,14.1,10.5,79,0.1,,322,5.4,,1022.4,,7
2025-09-27 14:00:00,14.8,10.4,75,0,,357,3.6,,1022.1,,3
2025-09-27 15:00:00,15.6,10.1,70,0,,333,3.2,,1021.9,,3
2025-09-27 16:00:00,16,9.9,67,0,,332,2.9,,1021.8,,3
2025-09-27 17:00:00,15.9,9.6,66,0,,348,4.3,,1021.6,,3
2025-09-27 18:00:00,15.6,10.1,70,0,,317,3.6,,1021.6,,3
2025-09-27 19:00:00,13.9,10.3,79,0,,291,4,,1021.6,,2
2025-09-27 20:00:00,12.4,9.6,83,0,,319,5.8,,1021.9,,1
2025-09-27 21:00:00,11.9,9.5,85,0,,347,5.4,,1022.3,,1
2025-09-27 22:00:00,11.5,9.2,86,0,,21,5.4,,1022.7,,1
2025-09-27 23:00:00,11,9.1,88,0,,44,4.7,,1022.9,,1
2025-09-28 00:00:00,10.3,8.9,91,0,,37,4,,1022.9,,1
2025-09-28 01:00:00,9.8,8.6,92,0,,34,5,,1022.9,,1
2025-09-28 02:00:00,9.6,8.5,93,0,,65,6.1,,1022.6,,1
2025-09-28 03:00:00,9.2,8.3,94,0,,67,6.5,,1022.2,,1
2025-09-28 04:00:00,8.6,8,96,0,,336,2.9,,1022.5,,1
2025-09-28 05:00:00,8.3,7.7,96,0,,89,4,,1022.5,,2
2025-09-28 06:00:00,8.1,7.7,97,0,,112,5.4,,1022.3,,1
2025-09-28 07:00:00,7.7,7.3,97,0,,251,3.2,,1022.7,,1
2025-09-28 08:00:00,8.1,7.7,97,0,,29,2.5,,1023.1,,2
2025-09-28 09:00:00,9.9,9,94,0,,66,5,,1022.9,,5
2025-09-28 10:00:00,11.9,10,88,0,,277,4,,1023,,2
2025-09-28 11:00:00,13.3,10.8,85,0,,287,5.4,,1023,,2
2025-09-28 12:00:00,14.7,11.5,81,0,,314,6.1,,1022.7,,2
2025-09-28 13:00:00,15.5,11.9,79,0,,324,7.9,,1022.3,,3
2025-09-28 14:00:00,16.2,12.2,77,0,,335,5.8,,1021.7,,3
2025-09-28 15:00:00,16.9,12.2,74,0,,337,5.8,,1021.1,,3
2025-09-28 16:00:00,17.6,12.3,71,0,,324,7.2,,1020.6,,3
2025-09-28 17:00:00,17.7,12.2,70,0,,294,8.3,,1020.2,,3
2025-09-28 18:00:00,16.9,12.4,75,0,,286,7.9,,1020.3,,3
2025-09-28 19:00:00,15.2,12.3,83,0,,288,7.9,,1020.5,,3
2025-09-28 20:00:00,14.3,12,86,0,,324,6.5,,1020.8,,3
2025-09-28 21:00:00,13,11.4,90,0,,22,6.1,,1020.9,,1
2025-09-28 22:00:00,12.4,11,91,0,,43,6.1,,1021.2,,2
2025-09-28 23:00:00,11.8,10.4,91,0,,44,6.5,,1021.3,,2
2025-09-29 00:00:00,11.2,10.1,93,0,,38,5.8,,1021.3,,1
2025-09-29 01:00:00,10.5,9.7,95,0,,36,4.3,,1021.2,,2
2025-09-29 02:00:00,10.2,9.6,96,0,,77,3.6,,1021.3,,2
2025-09-29 03:00:00,9.9,9.4,97,0,,140,2.9,,1021.3,,2
2025-09-29 04:00:00,9.7,9.2,97,0,,102,2.5,,1021.3,,3
2025-09-29 05:00:00,9.5,9,97,0,,80,3.2,,1021.3,,3
2025-09-29 06:00:00,9.3,8.8,97,0,,88,3.6,,1021,,3
2025-09-29 07:00:00,9.2,8.7,97,0,,1,2.5,,1021.1,,3
2025-09-29 08:00:00,9.5,9,97,0,,336,3.2,,1021.6,,3
2025-09-29 09:00:00,10.8,10,95,0,,319,4,,1021.8,,5
2025-09-29 10:00:00,12.4,11,91,0,,4,2.5,,1021.9,,3
2025-09-29 11:00:00,14.2,11.9,86,0,,240,2.2,,1022,,3
2025-09-29 12:00:00,15.9,12.3,79,0,,289,3.2,,1021.8,,2
2025-09-29 13:00:00,16.7,11.8,73,0.1,,16,4.3,,1021.6,,17
2025-09-29 14:00:00,17.4,11.4,68,0.1,,23,4.7,,1021.3,,17
2025-09-29 15:00:00,17.7,11.3,66,0,,16,5,,1020.9,,2
2025-09-29 16:00:00,18,10.8,63,0,,16,4.7,,1020.7,,2
2025-09-29 17:00:00,17.9,10.5,62,0,,11,5.4,,1020.6,,2
2025-09-29 18:00:00,17,11.9,72,0,,5,4,,1020.8,,2
2025-09-29 19:00:00,15.4,11.8,79,0,,330,4.3,,1021.1,,2
2025-09-29 20:00:00,14.3,11.3,82,0,,340,5.4,,1021.4,,2
2025-09-29 21:00:00,13.3,10.7,84,0,,198,3.2,,1021.8,,2
2025-09-29 22:00:00,12.6,10.5,87,0,,218,3.2,,1022,,3
2025-09-29 23:00:00,12.2,10.3,88,0,,323,4.3,,1022.2,,3
2025-09-30 00:00:00,11.6,9.7,88,0,,342,4.7,,1022.2,,3
2025-09-30 01:00:00,11.4,9.7,89,0,,350,4.7,,1021.8,,3
2025-09-30 02:00:00,11,9.7,92,0,,60,1.8,,1021.8,,3
2025-09-30 03:00:00,10.8,9.7,93,0,,323,6.5,,1021.7,,3
2025-09-30 04:00:00,11,10.1,94,0,,341,6.5,,1021.5,,3
2025-09-30 05:00:00,10.9,10.1,95,0,,347,5,,1021.3,,3
2025-09-30 06:00:00,10.5,9.7,95,0,,329,5,,1021.4,,3
2025-09-30 07:00:00,10.6,9.8,95,0,,324,5.8,,1021.7,,3
2025-09-30 08:00:00,9.2,8.7,97,0,,4,2.5,,1022.6,,3
2025-09-30 09:00:00,11.8,10.7,93,0,,336,10.1,,1022.5,,3
2025-09-30 10:00:00,12.8,10.9,88,0,,345,11.2,,1022.8,,3
2025-09-30 11:00:00,13.3,10.5,83,0,,342,10.4,,1023,,3
2025-09-30 12:00:00,14.3,10.5,78,0,,336,9.7,,1023.1,,3
2025-09-30 13:00:00,14.8,10.2,74,0,,335,8.3,,1023.1,,3
2025-09-30 14:00:00,15.6,10.1,70,0,,320,6.5,,1023.6,,3
2025-09-30 15:00:00,15.8,9.9,68,0,,333,9,,1022.8,,3
2025-09-30 16:00:00,16.2,9.6,65,0,,329,9,,1022.7,,3
2025-09-30 17:00:00,16.1,9.5,65,0,,352,9.7,,1023.1,,2
2025-09-30 18:00:00,15.1,9.7,70,0.3,,11,7.9,,1023.7,,17
2025-09-30 19:00:00,13.2,9.4,78,0,,38,9,,1024.1,,3
2025-09-30 20:00:00,13,8.5,74,0.2,,13,8.3,,1024.6,,7
2025-09-30 21:00:00,11.6,9.3,86,0,,62,6.1,,1025.2,,3
2025-09-30 22:00:00,11.1,9,87,0,,60,7.9,,1025.5,,3
2025-09-30 23:00:00,10.2,8.5,89,0,,74,7.9,,1025.7,,3
2025-10-01 00:00:00,9.6,8,90,0,,74,7.9,,1026,,3
2025-10-01 01:00:00,8.9,7.5,91,0,,71,7.6,,1026,,2
2025-10-01 02:00:00,10.3,7.2,81,0,,52,2.9,,1026.1,,1
2025-10-01 03:00:00,8.2,7,92,0,,72,8.3,,1026.1,,1
2025-10-01 04:00:00,7.5,6.3,92,0,,66,7.2,,1026.3,,1
2025-10-01 05:00:00,7.4,6.5,94,0,,65,6.5,,1026.6,,2
2025-10-01 06:00:00,7.2,6.3,94,0,,63,5.8,,1026.7,,3
2025-10-01 07:00:00,7,6.1,94,0,,62,5.8,,1027.1,,3
2025-10-01 08:00:00,8.4,5.9,84,0,,79,3.6,,1027.7,,3
2025-10-01 09:00:00,9.2,7.8,91,0,,25,7.9,,1028.4,,3
2025-10-01 10:00:00,10.5,7.4,81,0,,39,7.9,,1028.8,,3
2025-10-01 11:00:00,11.9,7,72,0,,73,8.3,,1028.8,,3
2025-10-01 12:00:00,13.5,6.6,63,0,,95,8.6,,1028.6,,3
2025-10-01 13:00:00,14.8,5.3,53,0,,102,9.7,,1028.5,,3
2025-10-01 14:00:00,15.7,5.3,50,0,,84,5,,1028.7,,2
2025-10-01 15:00:00,15.9,4.3,46,0,,81,10.8,,1027.9,,2
2025-10-01 16:00:00,15.9,3.7,44,0,,83,10.4,,1027.9,,2
2025-10-01 17:00:00,15.5,3.3,44,0,,81,9.7,,1027.8,,3
2025-10-01 18:00:00,14.4,5.7,56,0,,87,9,,1028.3,,3
2025-10-01 19:00:00,12.2,5.6,64,0,,74,9,,1028.8,,3
2025-10-01 20:00:00,11.5,5.4,66,0,,74,8.3,,1029.5,,3
2025-10-01 21:00:00,10.5,4.4,66,0,,72,9.7,,1029.3,,3
2025-10-01 22:00:00,9.6,4.4,70,0,,73,9.7,,1029.4,,2
2025-10-01 23:00:00,9,4,71,0,,75,9.4,,1029.5,,1
2025-10-02 00:00:00,8.3,4.1,75,0,,80,9.4,,1029.3,,1
2025-10-02 01:00:00,7.5,3.9,78,0,,89,9.4,,1029.2,,1
2025-10-02 02:00:00,8.6,4.2,74,0,,78,8.6,,1030.4,,1
2025-10-02 03:00:00,6.8,4.1,83,0,,93,10.4,,1029.3,,1
2025-10-02 04:00:00,6.5,4,84,0,,92,11.5,,1029.2,,1
2025-10-02 05:00:00,6.3,4,85,0,,93,11.2,,1029.3,,1
2025-10-02 06:00:00,5.9,3.9,87,0,,84,10.4,,1029.5,,1
2025-10-02 07:00:00,5.2,4,92,0,,65,9,,1029.8,,1
2025-10-02 08:00:00,6.9,4.4,84,0,,74,5.8,,1031.5,,1
2025-10-02 09:00:00,7,5.1,88,0,,66,9.7,,1030.2,,1
2025-10-02 10:00:00,9.3,6,80,0,,77,9.7,,1030.2,,1
2025-10-02 11:00:00,11.3,6.6,73,0,,85,9,,1030.1,,1
2025-10-02 12:00:00,12.4,6,65,0,,109,9,,1029.9,,1
2025-10-02 13:00:00,13.5,5.4,58,0,,108,9,,1029.2,,1
2025-10-02 14:00:00,15.4,5.9,53,0,,93,9.4,,1031.2,,1
2025-10-02 15:00:00,14.9,4.9,51,0,,114,11.9,,1027.9,,1
2025-10-02 16:00:00,14.9,4.6,50,0,,117,11.9,,1027.4,,2
2025-10-02 17:00:00,14.6,4.6,51,0,,121,10.8,,1027,,3
2025-10-02 18:00:00,13.7,5.8,59,0,,126,7.2,,1027.1,,2
2025-10-02 19:00:00,11.6,5.7,67,0,,91,9.4,,1027,,1
2025-10-02 20:00:00,11,4.9,66,0,,66,8.6,,1030.4,,1
2025-10-02 21:00:00,10.1,4.7,69,0,,87,11.5,,1026.9,,1
2025-10-02 22:00:00,9.5,4.3,70,0,,98,11.2,,1026.8,,1
2025-10-02 23:00:00,8.9,4.1,72,0,,106,11.2,,1026.7,,1
2025-10-03 00:00:00,8.3,3.9,74,0,,110,10.8,,1026.4,,1
2025-10-03 01:00:00,7.6,3.6,76,0,,112,10.1,,1026.2,,1
2025-10-03 02:00:00,7.6,3.5,75,0,,93,7.9,,1030.1,,1
2025-10-03 03:00:00,7,3.4,78,0,,107,12.2,,1025.1,,1
2025-10-03 04:00:00,6.4,3.4,81,0,,114,10.4,,1025.1,,1
2025-10-03 05:00:00,6.3,3.3,81,0,,107,11.9,,1024.9,,1
2025-10-03 06:00:00,6.2,3.2,81,0,,109,13,,1024.3,,1
2025-10-03 07:00:00,6,3,81,0,,109,13.7,,1024.2,,3
2025-10-03 08:00:00,6.5,3.1,79,0,,98,10.4,,1029.1,,3
2025-10-03 09:00:00,7.8,4,77,0,,114,11.9,,1024.6,,3
2025-10-03 10:00:00,8.4,4.2,75,0,,114,13,,1024,,3
2025-10-03 11:00:00,9.5,4.5,71,0,,116,13,,1023.7,,3
2025-10-03 12:00:00,10.7,4.4,65,0,,119,14.4,,1022.9,,3
2025-10-03 13:00:00,12.4,4.9,60,0,,133,12.6,,1022.4,,3
2025-10-03 14:00:00,15.1,6.1,55,0,,110,15.5,,1025.5,,3
2025-10-03 15:00:00,12.5,6.3,66,0,,126,10.1,,1021.3,,3
2025-10-03 16:00:00,12.7,6.9,68,0,,137,9.4,,1020.6,,3
2025-10-03 17:00:00,13.1,7.1,67,0,,158,8.3,,1020,,3
2025-10-03 18:00:00,12.7,8,73,0,,161,6.8,,1019.7,,3
2025-10-03 19:00:00,11.4,7.7,78,0,,156,6.5,,1019.1,,3
2025-10-03 20:00:00,11.3,5,65,0,,111,14.4,,1022,,3
2025-10-03 21:00:00,11.1,7.4,78,0,,142,9.7,,1018.5,,3
2025-10-03 22:00:00,10.7,7.4,80,0,,148,10.1,,1017.8,,3
2025-10-03 23:00:00,10,7.4,84,0,,172,8.6,,1017.9,,3
2025-10-04 00:00:00,10.1,7.7,85,0,,156,9.7,,1017.7,,3
2025-10-04 01:00:00,10.2,7.4,83,0,,159,12.2,,1016.7,,3
2025-10-04 02:00:00,7.7,2.8,71,0,,119,15.5,,1018.7,,3
2025-10-04 03:00:00,10.3,7.4,82,0,,159,15.5,,1014.2,,3
2025-10-04 04:00:00,10.4,7.3,81,0.2,,156,16.9,,1013.1,,7
2025-10-04 05:00:00,10.4,8,85,0.5,,159,18.4,,1011.9,,8
2025-10-04 06:00:00,10.7,9.1,90,0.4,,170,20.2,,1010.4,,8
2025-10-04 07:00:00,11.4,9.7,89,0,,183,19.4,,1009.3,,3
2025-10-04 08:00:00,6.1,2.4,77,0,,118,11.5,,1014.6,,3
2025-10-04 09:00:00,14.4,10.6,78,0,,207,20.9,,1006.7,,3
2025-10-04 10:00:00,15.4,11.2,76,0,,210,22.7,,1005.3,,3
2025-10-04 11:00:00,16.1,11.7,75,0.2,,209,24.8,,1004.1,,7
2025-10-04 12:00:00,16.5,12.6,78,0.9,,213,26.6,,1003.1,,8
2025-10-04 13:00:00,16.7,13.6,82,0.8,,224,27.4,,1002.4,,8
2025-10-04 14:00:00,10,7.4,84,2,,137,9,,1012.6,,9
2025-10-04 15:00:00,15,12.3,84,0.3,,270,19.8,,1004.4,,8
2025-10-04 16:00:00,13.9,10.7,81,0.2,,261,21.6,,1005.4,,7
2025-10-04 17:00:00,13.6,9.6,77,0.1,,258,19.4,,1005.8,,17
2025-10-04 18:00:00,13.6,8.4,71,0,,253,18.4,,1006.4,,2
2025-10-04 19:00:00,12.7,7.4,70,0,,253,18,,1007,,2
2025-10-04 20:00:00,11.3,10.7,96,0,,207,7.6,,1010.4,,1
2025-10-04 21:00:00,11.5,5.1,65,0,,234,18.4,,1009.1,,1
2025-10-04 22:00:00,11.1,5.6,69,0.1,,224,17.3,,1010,,17
2025-10-04 23:00:00,10.4,5.8,73,0.7,,225,21.2,,1010.7,,17
2025-10-05 00:00:00,10.1,5.9,75,0,,226,22.3,,1011.3,,2
2025-10-05 01:00:00,9.8,6.1,78,0,,234,22.7,,1011.3,,3
2025-10-05 02:00:00,9.3,9.2,99,0,,182,5.4,,1009.5,,2
2025-10-05 03:00:00,9.4,6.3,81,0,,232,17.6,,1012,,3
2025-10-05 04:00:00,9.6,6.3,80,0,,236,17.6,,1011.9,,3
2025-10-05 05:00:00,9.7,6.4,80,0,,236,18.4,,1012,,3
2025-10-05 06:00:00,9.6,6.5,81,0,,225,19.4,,1012,,3
2025-10-05 07:00:00,9.6,6.7,82,0.1,,220,19.8,,1012.3,,17
2025-10-05 08:00:00,9.3,9,98,0.2,,180,7.6,,1007.3,,17
2025-10-05 09:00:00,10,7.2,83,0.3,,220,20.2,,1013.5,,8
2025-10-05 10:00:00,10.3,7.5,83,0.2,,224,21.2,,1014.1,,7
2025-10-05 11:00:00,10.7,7.6,81,0.2,,237,24.5,,1014.7,,7
2025-10-05 12:00:00,11.6,7.5,76,0,,241,21.2,,1014.9,,3
2025-10-05 13:00:00,13.3,6.9,65,0,,251,22,,1014.5,,3
2025-10-05 14:00:00,11.8,10.2,90,0.5,,262,10.8,,1008.4,,17
2025-10-05 15:00:00,14,6.6,61,0,,265,20.9,,1014.5,,3
2025-10-05 16:00:00,13.3,7.1,66,1,,263,19.8,,1015.3,,18
2025-10-05 17:00:00,13.4,6.5,63,0,,260,18.4,,1015.5,,3
2025-10-05 18:00:00,12.8,6.8,67,0,,269,16.6,,1016.4,,3
2025-10-05 19:00:00,11.2,6.9,75,0.3,,268,14.4,,1017,,17
2025-10-05 20:00:00,9.1,7.7,91,0,,246,4.7,,1012.3,,3
2025-10-05 21:00:00,10.9,7,77,0.1,,256,14.4,,1018.8,,7
2025-10-05 22:00:00,10.8,7.3,79,0.4,,266,13,,1019.5,,8
2025-10-05 23:00:00,10.4,7.6,83,0.2,,253,11.5,,1020.1,,7
2025-10-06 00:00:00,10.4,7.5,82,0,,250,11.5,,1020.5,,3
2025-10-06 01:00:00,10.1,7.3,83,0.1,,251,12.6,,1020.8,,7
2025-10-06 02:00:00,7.6,7.3,98,0.6,,180,7.9,,1014.7,,17
2025-10-06 03:00:00,9,7.1,88,0.4,,252,10.8,,1021.7,,17
2025-10-06 04:00:00,9.2,5.7,79,0,,247,11.9,,1022,,3
2025-10-06 05:00:00,8.5,5.8,83,0,,229,11.5,,1022.3,,3
2025-10-06 06:00:00,8.2,5.8,85,0,,225,11.9,,1022.7,,3
2025-10-06 07:00:00,7.9,6,88,0.1,,216,12.2,,1023.2,,7
2025-10-06 08:00:00,8.4,7.8,96,0.2,,163,10.8,,1011.6,,7
2025-10-06 09:00:00,8.9,7.3,90,0,,196,13,,1024.3,,3
2025-10-06 10:00:00,9.3,8.1,92,0,,203,14.4,,1025.1,,3
2025-10-06 11:00:00,9.9,8.7,92,0.3,,215,16.9,,1025.4,,8
2025-10-06 12:00:00,10.8,8.9,88,0.2,,222,16.6,,1025.5,,7
2025-10-06 13:00:00,11.5,9.4,87,0,,210,16.6,,1025.5,,3
2025-10-06 14:00:00,11.7,9.1,84,0,,171,14.8,,1006.9,,3
2025-10-06 15:00:00,13.7,8.5,71,0,,255,15.5,,1024.8,,3
2025-10-06 16:00:00,13.5,9,74,0,,266,14.8,,1024.9,,3
2025-10-06 17:00:00,12.8,9.2,79,0.2,,272,12.2,,1025.3,,7
2025-10-06 18:00:00,12.2,9.4,83,0.2,,250,10.4,,1025.4,,7
2025-10-06 19:00:00,11.8,9.5,86,0,,233,10.4,,1025.3,,3
2025-10-06 20:00:00,11.8,9.5,86,0,,238,10.1,,1025.5,,3
2025-10-06 21:00:00,11.9,9.5,85,0,,250,9.7,,1025.7,,3
2025-10-06 22:00:00,11.8,9.2,84,0,,260,9,,1026,,3
2025-10-06 23:00:00,11.6,9.2,85,0,,263,7.2,,1026.4,,3
2025-10-07 00:00:00,11.5,9.2,86,0,,242,6.1,,1026.6,,3
2025-10-07 01:00:00,11.3,9.2,87,0,,200,7.6,,1026.4,,3
2025-10-07 02:00:00,10.5,9.9,96,0,,173,8.3,,1026.4,,3
2025-10-07 03:00:00,10.5,9.9,96,0,,181,8.3,,1026.3,,3
2025-10-07 04:00:00,10.5,9.9,96,0,,183,7.2,,1026.1,,3
2025-10-07 05:00:00,10.4,9.9,97,0,,166,7.2,,1026,,3
2025-10-07 06:00:00,10.5,9.9,96,0,,165,6.8,,1026.1,,3
2025-10-07 07:00:00,10.6,10,96,0,,169,6.8,,1026.3,,3
2025-10-07 08:00:00,10.7,10.1,96,0,,167,7.2,,1026.3,,3
2025-10-07 09:00:00,11.3,10.5,95,0,,172,6.5,,1026.4,,3
2025-10-07 10:00:00,12.2,11.1,93,0,,179,5.8,,1026.8,,3
2025-10-07 11:00:00,13,11.2,89,0,,199,6.5,,1027.1,,3
2025-10-07 12:00:00,13.8,11.3,85,0,,218,6.5,,1027.2,,3
2025-10-07 13:00:00,14.1,11.4,84,0,,220,6.1,,1027,,3
2025-10-07 14:00:00,14.5,11.6,83,0,,212,4.3,,1026.7,,3
2025-10-07 15:00:00,15,12,82,0,,217,4,,1026.2,,3
2025-10-07 16:00:00,15.3,12.1,81,0,,215,4.7,,1025.6,,3
2025-10-07 17:00:00,15.6,12.2,80,0,,208,3.2,,1025.3,,3
2025-10-07 18:00:00,15.1,13,87,0,,175,2.9,,1025.3,,3
2025-10-07 19:00:00,14.2,12.2,88,0,,137,4.3,,1025.2,,3
2025-10-07 20:00:00,13.1,11.5,90,0,,133,5,,1025.2,,3
2025-10-07 21:00:00,12.4,11.1,92,0,,123,5.8,,1025.1,,3
2025-10-07 22:00:00,11.9,10.6,92,0,,114,4.7,,1025,,3
2025-10-07 23:00:00,10.4,9.6,95,0,,79,6.1,,1025.1,,3
2025-10-08 00:00:00,9.8,9.2,96,0,,80,7.2,,1025,,3
2025-10-08 01:00:00,9.4,8.8,96,0,,87,8.3,,1024.5,,3
2025-10-08 02:00:00,9,8.5,97,0,,65,7.2,,1024.4,,3
2025-10-08 03:00:00,8.5,8.2,98,0,,58,6.5,,1024.3,,3
2025-10-08 04:00:00,8.2,7.9,98,0,,88,5.8,,1023.7,,3
2025-10-08 05:00:00,8.3,8,98,0,,102,6.8,,1023.3,,5
2025-10-08 06:00:00,8.5,8.2,98,0,,85,7.9,,1022.7,,5
2025-10-08 07:00:00,8.1,8,99,0,,42,5.8,,1022.8,,5
2025-10-08 08:00:00,8.1,8,99,0,,32,4.7,,1023.1,,5
2025-10-08 09:00:00,9.5,9,97,0,,19,6.1,,1023.2,,5
2025-10-08 10:00:00,11.3,10,92,0,,14,5,,1023.1,,5
2025-10-08 11:00:00,13.3,11,86,0,,354,4.7,,1023.1,,3
2025-10-08 12:00:00,14.7,11.7,82,0,,338,5.4,,1022.8,,3
2025-10-08 13:00:00,16,12.2,78,0,,334,5.4,,1022.1,,3
2025-10-08 14:00:00,17,12.3,74,0,,329,5.4,,1021.5,,3
2025-10-08 15:00:00,17.6,12.3,71,0,,325,6.1,,1020.9,,3
2025-10-08 16:00:00,17.6,12.5,72,0,,320,7.6,,1020.5,,3
2025-10-08 17:00:00,17,12.3,74,0,,330,8.3,,1020.6,,3
2025-10-08 18:00:00,16,12.5,80,0,,351,7.6,,1020.8,,2
2025-10-08 19:00:00,14.6,12.1,85,0,,14,7.9,,1021.2,,2
2025-10-08 20:00:00,14.1,11.8,86,0,,24,8.3,,1021.4,,3
2025-10-08 21:00:00,13.6,11.5,87,0,,33,7.6,,1021.6,,3
2025-10-08 22:00:00,13.2,11.3,88,0,,39,6.8,,1022.1,,3
2025-10-08 23:00:00,13.1,11.3,89,0,,26,5.4,,1022.3,,3
2025-10-09 00:00:00,13.4,11.6,89,0,,344,6.8,,1022.6,,3
2025-10-09 01:00:00,13.3,11.7,90,0,,340,8.6,,1022.7,,3
2025-10-09 02:00:00,12.8,11.5,92,0,,346,10.1,,1022.8,,3
2025-10-09 03:00:00,12.4,11.1,92,0,,341,9.4,,1022.9,,3
2025-10-09 04:00:00,11.2,10.3,94,0,,343,7.6,,1022.7,,3
2025-10-09 05:00:00,10.9,10,94,0,,349,8.3,,1022.8,,3
2025-10-09 06:00:00,10.5,9.6,94,0,,356,7.9,,1023,,2
2025-10-09 07:00:00,10,9.2,95,0,,356,7.6,,1023.3,,1
2025-10-09 08:00:00,9.6,9,96,0,,357,6.1,,1023.8,,1
2025-10-09 09:00:00,10.9,9.8,93,0,,340,6.1,,1024.3,,1
2025-10-09 10:00:00,12.5,10.6,88,0,,318,4.7,,1024.8,,1
2025-10-09 11:00:00,13.9,11.2,84,0,,314,8.3,,1025.1,,3
2025-10-09 12:00:00,14.9,11.9,82,0,,341,10.1,,1025.2,,3
2025-10-09 13:00:00,15.5,11.9,79,0,,337,9.7,,1025.1,,3
2025-10-09 14:00:00,16.4,11.5,73,0,,330,10.8,,1024.9,,3
2025-10-09 15:00:00,16.8,11.1,69,0,,325,10.4,,1024.7,,3
2025-10-09 16:00:00,16.9,11,68,0,,332,10.8,,1025,,3
2025-10-09 17:00:00,16.6,10.4,67,0,,337,11.5,,1025.4,,2
2025-10-09 18:00:00,15.4,10,70,0,,346,10.8,,1025.5,,1
2025-10-09 19:00:00,13.9,11.1,83,0,,333,4.7,,1025.7,,1
2025-10-09 20:00:00,13.2,10.6,84,0,,310,4.7,,1026.3,,2
2025-10-09 21:00:00,12.8,10.3,85,0,,343,9.7,,1027.2,,2
2025-10-09 22:00:00,11.8,9.2,84,0,,358,7.6,,1027.7,,2
2025-10-09 23:00:00,10.9,8.5,85,0,,350,10.4,,1028.7,,1
2025-10-10 00:00:00,10.1,8.2,88,0,,359,7.9,,1029.1,,1
2025-10-10 01:00:00,9.4,7.7,89,0,,351,5.8,,1029.2,,1
2025-10-10 02:00:00,8.7,7.2,90,0,,337,4.7,,1029.3,,1
2025-10-10 03:00:00,8.3,6.9,91,0,,346,3.6,,1029.4,,1
2025-10-10 04:00:00,8,6.6,91,0,,11,4,,1029.3,,1
2025-10-10 05:00:00,7.8,6.6,92,0,,19,4.3,,1029.6,,1
2025-10-10 06:00:00,7.6,6.2,91,0,,16,4.7,,1030,,2
2025-10-10 07:00:00,7.5,6.3,92,0,,7,4,,1030.4,,1
2025-10-10 08:00:00,7.4,6.2,92,0,,358,3.6,,1030.8,,2
2025-10-10 09:00:00,9.1,7.5,90,0,,337,4.3,,1031.4,,2
2025-10-10 10:00:00,10.8,8.6,86,0,,314,4,,1032,,3
2025-10-10 11:00:00,12.4,9.2,81,0,,316,6.1,,1032.5,,3
2025-10-10 12:00:00,13.6,9.6,77,0,,328,7.2,,1032.8,,3
2025-10-10 13:00:00,13.9,9.7,76,0,,338,6.8,,1032.9,,3
2025-10-10 14:00:00,14.5,10.1,75,0,,346,6.8,,1032.5,,3
2025-10-10 15:00:00,14.7,9.9,73,0,,347,7.6,,1032.2,,3
2025-10-10 16:00:00,14.9,9.9,72,0,,346,7.2,,1032.2,,3
2025-10-10 17:00:00,14.9,9.9,72,0,,335,6.1,,1032.5,,3
2025-10-10 18:00:00,14.6,11.2,80,0,,295,5,,1032.6,,3
2025-10-10 19:00:00,12.7,9.7,82,0,,260,4,,1032.5,,1
2025-10-10 20:00:00,11.6,9.2,85,0,,155,1.8,,1032.8,,1
2025-10-10 21:00:00,10.7,9,89,0,,107,1.8,,1033.2,,1
2025-10-10 22:00:00,10.1,8.9,92,0,,77,3.2,,1033.6,,1
2025-10-10 23:00:00,9.3,8.4,94,0,,74,3.2,,1033.6,,1
2025-10-11 00:00:00,8.7,7.8,94,0,,81,2.5,,1033.6,,1
2025-10-11 01:00:00,8.3,7.7,96,0,,90,2.9,,1033.5,,1
2025-10-11 02:00:00,7.8,7.2,96,0,,91,4,,1033.6,,1
2025-10-11 03:00:00,7.5,6.9,96,0,,98,4.3,,1033.8,,2
2025-10-11 04:00:00,7.2,6.8,97,0,,89,4.7,,1033.6,,2
2025-10-11 05:00:00,6.9,6.5,97,0,,85,5,,1033.6,,2
2025-10-11 06:00:00,6.6,6.3,98,0,,79,5,,1033.5,,2
2025-10-11 07:00:00,6.6,6.2,97,0,,68,5,,1033.4,,5
2025-10-11 08:00:00,6.6,6.2,97,0,,49,4.7,,1033.4,,5
2025-10-11 09:00:00,8.1,7.5,96,0,,18,4.7,,1033.7,,5
2025-10-11 10:00:00,10.3,9.4,94,0,,310,2.5,,1034.2,,5
2025-10-11 11:00:00,12,10.1,88,0,,314,3.6,,1034.3,,5
2025-10-11 12:00:00,13.8,11,83,0,,327,5.8,,1033.9,,3
2025-10-11 13:00:00,15.2,11.4,78,0,,337,6.8,,1033.5,,2
2025-10-11 14:00:00,15.8,11.4,75,0,,344,8.3,,1032.8,,3
2025-10-11 15:00:00,16.3,11,71,0,,334,8.6,,1032.7,,3
2025-10-11 16:00:00,16.2,10.9,71,0,,331,7.2,,1032.1,,3
2025-10-11 17:00:00,16.1,10.8,71,0,,321,6.5,,1031.6,,3
2025-10-11 18:00:00,15.5,11.7,78,0,,307,5.4,,1031.6,,3
2025-10-11 19:00:00,14.4,11,80,0,,338,6.1,,1031.4,,3
2025-10-11 20:00:00,13.8,10.8,82,0,,18,6.8,,1031.6,,3
2025-10-11 21:00:00,12.9,10.4,85,0,,44,7.6,,1031.8,,3
2025-10-11 22:00:00,12.7,10.4,86,0,,52,7.6,,1032,,3
2025-10-11 23:00:00,12.1,10.2,88,0,,44,6.5,,1031.9,,3
2025-10-12 00:00:00,11.4,9.8,90,0,,33,6.1,,1031.9,,3
2025-10-12 01:00:00,10.7,9.6,93,0,,30,5.8,,1031.7,,3
2025-10-12 02:00:00,10,9.1,94,0,,26,5.8,,1031.4,,3
2025-10-12 03:00:00,9.7,8.8,94,0,,31,6.1,,1031.2,,3
2025-10-12 04:00:00,9.1,8.2,94,0,,58,5.4,,1030.8,,3
2025-10-12 05:00:00,8.5,7.9,96,0,,48,4.3,,1030.4,,3
2025-10-12 06:00:00,7.9,7.5,97,0,,18,4.7,,1030.1,,3
2025-10-12 07:00:00,7.8,7.4,97,0,,28,5.4,,1030,,3
2025-10-12 08:00:00,8.2,7.6,96,0,,47,5.8,,1030,,3
2025-10-12 09:00:00,9.2,8.4,95,0,,59,6.1,,1030.2,,3
2025-10-12 10:00:00,11.2,9.5,89,0,,318,3.2,,1030.6,,3
2025-10-12 11:00:00,13,10,82,0,,303,4.3,,1030.6,,3
2025-10-12 12:00:00,14.3,10.5,78,0,,323,7.2,,1030.3,,3
2025-10-12 13:00:00,16.1,9.5,65,0,,356,7.2,,1029,,3
2025-10-12 14:00:00,16.6,9.3,62,0,,354,8.3,,1028.4,,3
2025-10-12 15:00:00,16.7,9.1,61,0,,349,9.4,,1028,,3
2025-10-12 16:00:00,16.4,9.1,62,0,,346,10.1,,1027.8,,3
2025-10-12 17:00:00,15.8,9,64,0,,347,11.2,,1027.8,,3
2025-10-12 18:00:00,14.6,9.2,70,0,,342,9.7,,1027.8,,2
2025-10-12 19:00:00,12.8,8.9,77,0,,1,9.4,,1027.9,,1
2025-10-12 20:00:00,11.9,8.7,81,0,,30,10.4,,1028,,1
2025-10-12 21:00:00,11.1,8.3,83,0,,36,7.6,,1027.8,,1
2025-10-12 22:00:00,10.5,7.9,84,0,,36,6.1,,1027.7,,1
2025-10-12 23:00:00,9.8,7.9,88,0,,28,6.1,,1028,,1
2025-10-13 00:00:00,9.2,7.6,90,0,,30,4.7,,1028.1,,1
2025-10-13 01:00:00,8.9,7.5,91,0,,62,4.3,,1027.8,,2
2025-10-13 02:00:00,8.7,7.6,93,0,,95,3.6,,1027.6,,2
2025-10-13 03:00:00,9.3,8.2,93,0,,131,2.5,,1027.3,,3
2025-10-13 04:00:00,9.6,8.5,93,0,,144,2.2,,1026.8,,3
2025-10-13 05:00:00,9.6,8.7,94,0,,143,2.2,,1026.8,,3
2025-10-13 06:00:00,9.9,9,94,0,,37,3.2,,1026.5,,3
2025-10-13 07:00:00,10,8.9,93,0,,41,4,,1026.4,,3
2025-10-13 08:00:00,10.4,9.2,92,0,,11,4,,1026.5,,3
2025-10-13 09:00:00,11,8.9,87,0,,320,4.3,,1026.5,,3
2025-10-13 10:00:00,11.8,9.4,85,0,,293,2.5,,1026.5,,3
2025-10-13 11:00:00,13.2,9.4,78,0,,348,4,,1027,,3
2025-10-13 12:00:00,14.3,10.1,76,0,,332,4.7,,1027,,3
2025-10-13 13:00:00,15.8,10.5,71,0,,9,7.6,,1026.6,,3
2025-10-13 14:00:00,16.4,10.5,68,0,,26,9.7,,1025.9,,3
2025-10-13 15:00:00,17,10.1,64,0,,45,10.4,,1025.5,,3
2025-10-13 16:00:00,17.1,10,63,0,,48,9.7,,1025.4,,3
2025-10-13 17:00:00,17,10.4,65,0,,51,7.6,,1025,,3
2025-10-13 18:00:00,16.1,11.5,74,0,,36,6.8,,1025.1,,3
2025-10-13 19:00:00,14.5,10.9,79,0,,28,7.9,,1025.2,,3
2025-10-13 20:00:00,13.3,10.5,83,0,,39,7.2,,1025.5,,3
2025-10-13 21:00:00,12.5,10,85,0,,48,7.2,,1025.3,,2
2025-10-13 22:00:00,12.6,10.3,86,0,,49,6.8,,1025.4,,3
2025-10-13 23:00:00,11.7,9.8,88,0,,52,6.5,,1025.5,,3
2025-10-14 00:00:00,10.7,9.3,91,0,,52,6.5,,1025.5,,2
2025-10-14 01:00:00,9.7,8.8,94,0,,36,6.5,,1025.5,,1
2025-10-14 02:00:00,8.9,8.3,96,0,,27,6.1,,1025.4,,1
2025-10-14 03:00:00,8.4,7.8,96,0,,29,6.1,,1025.1,,1
2025-10-14 04:00:00,8.1,7.7,97,0,,21,5.4,,1024.9,,2
2025-10-14 05:00:00,7.8,7.4,97,0,,37,4.3,,1024.9,,2
2025-10-14 06:00:00,7.7,7.3,97,0,,35,4,,1024.9,,3
2025-10-14 07:00:00,7.6,7.2,97,0,,57,3.6,,1024.9,,3
2025-10-14 08:00:00,7.3,6.9,97,0,,55,3.2,,1025.3,,3
2025-10-14 09:00:00,9.3,8.5,95,0,,54,5.8,,1025.7,,3
2025-10-14 10:00:00,11,9.3,89,0,,332,2.5,,1026.1,,3
2025-10-14 11:00:00,12.5,9.5,82,0,,282,3.2,,1026,,3
2025-10-14 12:00:00,13.9,10.1,78,0,,296,5,,1025.8,,3
2025-10-14 13:00:00,15,10.2,73,0,,321,7.2,,1025.7,,3
2025-10-14 14:00:00,15.8,9.7,67,0,,338,8.6,,1025,,3
2025-10-14 15:00:00,16,9.4,65,0,,337,9,,1024.7,,3
2025-10-14 16:00:00,15.9,8.9,63,0,,340,10.4,,1024.5,,3
2025-10-14 17:00:00,15.4,8.9,65,0,,344,10.4,,1024.4,,3
2025-10-14 18:00:00,14.1,9.1,72,0,,344,9.7,,1024.3,,1
2025-10-14 19:00:00,12.5,8.6,77,0,,1,10.1,,1024.5,,1
2025-10-14 20:00:00,11.8,8.1,78,0,,22,10.4,,1024.8,,1
2025-10-14 21:00:00,10.9,7.9,82,0,,36,9,,1024.9,,1
2025-10-14 22:00:00,10.5,7.6,82,0,,41,9.7,,1025.1,,1
2025-10-14 23:00:00,10.4,7.5,82,0,,49,8.6,,1025.5,,1
2025-10-15 00:00:00,9.7,7.3,85,0,,44,5.8,,1025.6,,2
2025-10-15 01:00:00,9.1,7.4,89,0,,25,5.4,,1025.8,,2
2025-10-15 02:00:00,8.6,7.2,91,0,,65,5.4,,1025.8,,3
2025-10-15 03:00:00,7.8,6.7,93,0,,75,4.7,,1025.7,,2
2025-10-15 04:00:00,7.3,6.6,95,0,,56,5,,1025.4,,2
2025-10-15 05:00:00,7,6.3,95,0,,63,5.8,,1025.4,,2
2025-10-15 06:00:00,7,6.3,95,0,,87,5.4,,1025.4,,2
2025-10-15 07:00:00,8.6,8,96,0,,31,3.6,,1025.5,,3
2025-10-15 08:00:00,8.2,7.6,96,0,,16,5,,1025.5,,3
2025-10-15 09:00:00,9.5,8.7,95,0,,10,6.1,,1025.9,,3
2025-10-15 10:00:00,11.4,9.7,89,0,,1,6.1,,1026.5,,3
2025-10-15 11:00:00,13.3,10.3,82,0,,35,7.2,,1026.3,,3
2025-10-15 12:00:00,14.6,10.4,76,0,,29,7.2,,1026.2,,3
2025-10-15 13:00:00,15.4,9.7,69,0.2,,20,8.3,,1025.8,,17
2025-10-15 14:00:00,15.8,9.5,66,0,,16,8.6,,1025.3,,3
2025-10-15 15:00:00,16.3,9,62,0,,7,10.1,,1024.7,,3
2025-10-15 16:00:00,16.2,8.9,62,0,,7,11.2,,1024.6,,3
2025-10-15 17:00:00,15.5,9.4,67,0,,354,10.1,,1024.5,,3
2025-10-15 18:00:00,14.4,9.6,73,0,,351,10.1,,1024.3,,3
2025-10-15 19:00:00,13,9.1,77,0,,0,10.1,,1024.5,,3
2025-10-15 20:00:00,12.3,8.9,80,0,,16,10.1,,1024.8,,3
2025-10-15 21:00:00,11.2,8.8,85,0,,26,8.3,,1024.8,,2
2025-10-15 22:00:00,11.2,8.8,85,0,,32,7.9,,1024.8,,3
2025-10-15 23:00:00,11.1,8.7,85,0,,27,6.5,,1025,,3
2025-10-16 00:00:00,10.4,8.7,89,0,,24,5.4,,1025,,3
2025-10-16 01:00:00,9.7,8.5,92,0,,36,4.7,,1024.8,,3
2025-10-16 02:00:00,8.9,8,94,0,,26,4,,1024.7,,3
2025-10-16 03:00:00,8.7,7.8,94,0,,17,4,,1024.4,,3
2025-10-16 04:00:00,8.9,8,94,0,,20,5,,1024.7,,3
2025-10-16 05:00:00,8.9,8,94,0,,32,5.4,,1024.4,,3
2025-10-16 06:00:00,8.8,7.9,94,0,,34,6.5,,1024.1,,3
2025-10-16 07:00:00,8.7,7.6,93,0,,41,5.8,,1024,,3
2025-10-16 08:00:00,8.9,7.7,92,0,,55,4.7,,1024.2,,3
2025-10-16 09:00:00,9.8,8.1,89,0,,197,3.2,,1024.8,,3
2025-10-16 10:00:00,10.6,8.4,86,0,,255,2.5,,1025.1,,3
2025-10-16 11:00:00,12,8.7,80,0,,293,4.7,,1024.9,,2
2025-10-16 12:00:00,13.1,8.8,75,0,,336,7.6,,1024.8,,3
2025-10-16 13:00:00,13.5,8.8,73,0,,354,7.6,,1024.5,,3
2025-10-16 14:00:00,14.1,8.5,69,0,,1,6.5,,1024,,3
2025-10-16 15:00:00,14.4,8.1,66,0,,13,6.8,,1023.5,,3
2025-10-16 16:00:00,14.4,8.1,66,0,,8,6.8,,1023.3,,3
2025-10-16 17:00:00,14.1,8.5,69,0,,356,6.5,,1023.2,,3
2025-10-16 18:00:00,13.4,9.3,76,0,,350,4.7,,1023,,3
2025-10-16 19:00:00,12.1,8.8,80,0,,7,4.7,,1023.1,,3
2025-10-16 20:00:00,11.1,8.5,84,0,,42,4.7,,1023.2,,2
2025-10-16 21:00:00,10.4,8.3,87,0,,54,5,,1023.4,,3
2025-10-16 22:00:00,9.8,8.2,90,0,,38,4.3,,1023.7,,3
2025-10-16 23:00:00,8.9,7.7,92,0,,35,4,,1024,,2
2025-10-17 00:00:00,8.4,7.3,93,0,,26,4.3,,1023.7,,2
2025-10-17 01:00:00,9,7.8,92,0,,1,5.4,,1023.7,,3
2025-10-17 02:00:00,8.2,7.3,94,0,,54,2.9,,1023.7,,3
2025-10-17 03:00:00,7.9,7,94,0,,36,1.8,,1023.7,,3
2025-10-17 04:00:00,7.9,7,94,0,,31,1.8,,1023.4,,3
2025-10-17 05:00:00,8.1,7.2,94,0,,36,2.2,,1023.2,,3
2025-10-17 06:00:00,7.8,6.9,94,0,,30,3.2,,1023.3,,3
2025-10-17 07:00:00,8,7.1,94,0.2,,9,4.3,,1023.3,,7
2025-10-17 08:00:00,8.4,7.5,94,0.3,,358,4.3,,1023.5,,8
2025-10-17 09:00:00,9.4,8.3,93,0,,341,5.4,,1024,,3
2025-10-17 10:00:00,10.3,9.1,92,0,,348,7.2,,1024.2,,3
2025-10-17 11:00:00,11.6,9.5,87,0,,5,8.3,,1024.2,,3
2025-10-17 12:00:00,12.5,9.3,81,0,,13,7.9,,1024.2,,3
2025-10-17 13:00:00,13.6,8.6,72,0,,6,8.3,,1023.9,,3
2025-10-17 14:00:00,14.2,8.4,68,0,,353,8.6,,1023.5,,3
2025-10-17 15:00:00,14.5,8.2,66,0,,349,9.7,,1023,,3
2025-10-17 16:00:00,14.2,8.2,67,0,,351,9,,1022.8,,3
2025-10-17 17:00:00,13.9,8.5,70,0,,345,6.8,,1022.7,,3
2025-10-17 18:00:00,12.8,8.9,77,0,,329,5.4,,1022.8,,2
2025-10-17 19:00:00,11.2,8.2,82,0,,342,5.8,,1023.2,,2
2025-10-17 20:00:00,10.8,8.2,84,0,,7,5.8,,1023.6,,2
2025-10-17 21:00:00,10.7,8.3,85,0,,14,4.7,,1023.6,,3
2025-10-17 22:00:00,10.8,8.4,85,0,,357,5.4,,1023.9,,3
2025-10-17 23:00:00,11.1,8.5,84,0,,346,6.8,,1024.2,,3
2025-10-18 00:00:00,8.3,6.6,89,0,,8,6.5,,1024.7,,3
2025-10-18 01:00:00,7.9,6.4,90,0,,13,5.8,,1024.8,,3
2025-10-18 02:00:00,7.9,6.4,90,0,,13,5.8,,1025,,3
2025-10-18 03:00:00,7.6,6.2,91,0,,14,5.8,,1025.2,,3
2025-10-18 04:00:00,7,5.8,92,0,,17,5.8,,1025.3,,2
2025-10-18 05:00:00,6.7,5.6,93,0,,21,6.1,,1025.4,,3
2025-10-18 06:00:00,6.3,5.1,92,0,,35,6.5,,1025.7,,2
2025-10-18 07:00:00,5.9,4.9,93,0,,35,6.1,,1025.8,,1
2025-10-18 08:00:00,5.7,4.8,94,0,,41,5.8,,1026.1,,2
2025-10-18 09:00:00,7.3,5.9,91,0,,46,6.5,,1026.5,,2
2025-10-18 10:00:00,9.2,7.1,87,0,,36,3.6,,1027.1,,3
2025-10-18 11:00:00,10.6,7.8,83,0,,31,5,,1027,,3
2025-10-18 12:00:00,11.8,7.7,76,0,,91,9.7,,1027,,3
2025-10-18 13:00:00,12.4,7.7,73,0,,90,9,,1026.8,,3
2025-10-18 14:00:00,13,7.2,68,0,,98,9.4,,1025.9,,3
2025-10-18 15:00:00,13.5,6.8,64,0,,96,9.4,,1025.3,,3
2025-10-18 16:00:00,13.6,6,60,0,,87,9.4,,1024.9,,3
2025-10-18 17:00:00,13.2,5.8,61,0,,87,9,,1024.7,,3
2025-10-18 18:00:00,11.6,5.9,68,0,,81,8.3,,1024.6,,3
2025-10-18 19:00:00,10,5,71,0,,70,11.5,,1024.7,,3
2025-10-18 20:00:00,9.3,4.1,70,0,,74,14,,1024.6,,3
2025-10-18 21:00:00,8.8,3.6,70,0,,81,13.7,,1024.4,,3
2025-10-18 22:00:00,8.4,3.4,71,0,,91,16.9,,1024.4,,3
2025-10-18 23:00:00,8.1,3.2,71,0,,97,16.9,,1024.1,,3
2025-10-19 00:00:00,8,2.9,70,0,,103,16.6,,1023.8,,3
2025-10-19 01:00:00,7.7,2.8,71,0,,105,16.2,,1023.2,,3
2025-10-19 02:00:00,7.5,3,73,0,,108,15.8,,1022.7,,3
2025-10-19 03:00:00,7.3,3,74,0,,108,14.8,,1022.4,,3
2025-10-19 04:00:00,7.2,2.9,74,0,,108,15.8,,1021.4,,3
2025-10-19 05:00:00,7,2.7,74,0,,109,15.5,,1020.9,,3
2025-10-19 06:00:00,7,2.5,73,0,,110,15.1,,1020.7,,3
2025-10-19 07:00:00,6.8,2.5,74,0,,111,15.1,,1020.3,,3
2025-10-19 08:00:00,6.7,2.8,76,0,,114,14.8,,1019.8,,3
2025-10-19 09:00:00,7.1,3.2,76,0,,114,15.1,,1019.6,,3
2025-10-19 10:00:00,7.9,3.9,76,0,,120,12.6,,1019.4,,3
2025-10-19 11:00:00,9,4.6,74,0,,120,12.2,,1018.9,,3
2025-10-19 12:00:00,10.4,5.4,71,0,,128,11.5,,1018.3,,3
2025-10-19 13:00:00,11.8,6.3,69,0,,135,9.7,,1017.4,,3
2025-10-19 14:00:00,13,6.8,66,0,,139,9,,1016.2,,3
2025-10-19 15:00:00,13.9,7.2,64,0,,138,8.6,,1015.1,,3
2025-10-19 16:00:00,14.3,7.6,64,0,,134,9.4,,1014.2,,3
2025-10-19 17:00:00,14.2,8.4,68,0,,126,9.4,,1013.5,,3
2025-10-19 18:00:00,12.9,8.4,74,0,,117,9.7,,1013,,3
2025-10-19 19:00:00,12.1,8.2,77,0,,113,9.4,,1012.9,,3
2025-10-19 20:00:00,11.6,7.9,78,0,,115,10.8,,1012.6,,3
2025-10-19 21:00:00,11.8,8.1,78,0,,127,11.2,,1012.3,,3
2025-10-19 22:00:00,11.8,8.8,82,0.4,,111,11.2,,1011.8,,8
2025-10-19 23:00:00,11.7,9.1,84,0,,108,10.4,,1011.3,,3
2025-10-20 00:00:00,11.5,8.9,84,0,,116,10.8,,1010.6,,3
2025-10-20 01:00:00,11.4,8.8,84,0,,115,10.4,,1009.8,,3
2025-10-20 02:00:00,11.1,8.5,84,0,,122,9.7,,1009.4,,3
2025-10-20 03:00:00,10.9,7.9,82,0,,118,10.4,,1008.9,,3
2025-10-20 04:00:00,10.2,7.6,84,0,,113,10.1,,1008.3,,3
2025-10-20 05:00:00,10.2,7.6,84,0,,112,9.7,,1007.7,,3
2025-10-20 06:00:00,10.6,7.7,82,0,,109,10.8,,1006.7,,3
2025-10-20 07:00:00,10.8,7.9,82,0,,111,11.9,,1005.9,,3
2025-10-20 08:00:00,11.1,7.8,80,0,,115,12.2,,1005.6,,3
2025-10-20 09:00:00,11.7,7.4,75,0,,121,11.9,,1005.5,,3
2025-10-20 10:00:00,13.3,8.4,72,0,,131,12.6,,1005.7,,3
2025-10-20 11:00:00,13.3,8.8,74,0,,138,12.6,,1005.8,,3
2025-10-20 12:00:00,12.6,10,84,0.6,,127,14.4,,1005.7,,8
2025-10-20 13:00:00,12.9,11.6,92,0.6,,145,15.8,,1005.4,,8
2025-10-20 14:00:00,12.9,11.6,92,0.4,,150,14.4,,1005,,8
2025-10-20 15:00:00,13.1,12.2,94,0.3,,153,14.8,,1004.3,,8
2025-10-20 16:00:00,13.6,12.5,93,0,,142,13,,1003.4,,3
2025-10-20 17:00:00,14.5,13.4,93,0,,143,13.3,,1002.7,,3
2025-10-20 18:00:00,13.6,12.2,91,0,,152,14.4,,1001.9,,3
2025-10-20 19:00:00,12.7,11.6,93,0,,133,14,,1002.1,,3
2025-10-20 20:00:00,12.6,11.5,93,0,,132,13.7,,1001.6,,3
2025-10-20 21:00:00,12.1,10.7,91,0,,139,13.7,,1001.3,,3
2025-10-20 22:00:00,11.7,9.9,89,0,,138,13.7,,1001.3,,3
2025-10-20 23:00:00,11.3,9.4,88,0,,139,13.7,,1001.2,,3
2025-10-21 00:00:00,10.9,8.8,87,0,,160,14,,1001,,2
2025-10-21 01:00:00,11.5,9.1,85,0,,175,14.4,,1000.6,,3
2025-10-21 02:00:00,12.1,9.8,86,0,,194,15.8,,1000.5,,3
2025-10-21 03:00:00,12.4,9.9,85,0,,204,16.2,,1000.5,,3
2025-10-21 04:00:00,12.5,10,85,0,,207,16.6,,1000.6,,3
2025-10-21 05:00:00,11.9,10.1,89,0.2,,207,17.3,,1000.3,,17
2025-10-21 06:00:00,11.9,10.3,90,0.1,,206,16.9,,1000.3,,17
2025-10-21 07:00:00,12.1,10.2,88,0.1,,210,16.9,,1000.4,,17
2025-10-21 08:00:00,11.5,10.2,92,0.2,,207,18,,1000.6,,17
2025-10-21 09:00:00,11.8,10.2,90,0,,200,17.6,,1001.2,,3
2025-10-21 10:00:00,12.8,10.3,85,0,,211,17.6,,1001.7,,3
2025-10-21 11:00:00,13.7,10.9,83,0,,203,15.8,,1001.6,,3
2025-10-21 12:00:00,15,10.4,74,0,,220,19.1,,1001.7,,2
2025-10-21 13:00:00,15.6,9.7,68,0,,227,20.5,,1001.7,,3
2025-10-21 14:00:00,16,9.6,66,0,,230,19.8,,1001.4,,3
2025-10-21 15:00:00,16.8,8.7,59,0,,229,19.8,,1001,,3
2025-10-21 16:00:00,14.8,11.8,82,0,,206,14,,1001,,3
2025-10-21 17:00:00,14.7,11.8,83,0,,211,13.3,,1000.9,,3
2025-10-21 18:00:00,14,11.3,84,0.2,,212,13,,1001.1,,17
2025-10-21 19:00:00,12.3,11.2,93,1.1,,202,12.2,,1001.7,,18
2025-10-21 20:00:00,12,11.1,94,1.2,,173,11.2,,1001.7,,9
2025-10-21 21:00:00,12.1,11.2,94,0.3,,170,12.6,,1001.9,,8
2025-10-21 22:00:00,11.5,10.9,96,0.8,,151,11.5,,1001.6,,8
2025-10-21 23:00:00,11.8,11.2,96,0.3,,153,10.1,,1001.3,,8
2025-10-22 00:00:00,11.7,11.1,96,0.3,,135,8.3,,1001,,8
2025-10-22 01:00:00,11.8,11.2,96,0.5,,131,9.7,,1000.5,,8
2025-10-22 02:00:00,12,11.2,95,0.1,,155,10.4,,1000.4,,7
2025-10-22 03:00:00,12.3,11.7,96,0,,199,12.2,,1000.4,,3
2025-10-22 04:00:00,12.4,11.9,97,0,,200,11.9,,1000.6,,3
2025-10-22 05:00:00,12.5,12,97,0,,196,10.1,,1000.3,,3
2025-10-22 06:00:00,12.2,11.6,96,0,,201,10.4,,1000.5,,3
2025-10-22 07:00:00,12.2,11.6,96,0,,199,10.1,,1000.5,,3
2025-10-22 08:00:00,12,11.7,98,0,,188,8.3,,1000.6,,3
2025-10-22 09:00:00,12,11.7,98,0.3,,174,7.6,,1001.2,,8
2025-10-22 10:00:00,12.3,11.8,97,0.2,,169,6.8,,1001.8,,7
2025-10-22 11:00:00,12.5,12.2,98,0.2,,167,5.8,,1002.2,,7
2025-10-22 12:00:00,12.8,12.3,97,0.1,,198,7.2,,1002.4,,7
2025-10-22 13:00:00,13.7,12.4,92,0,,218,7.6,,1002.5,,3
2025-10-22 14:00:00,14.3,12.2,87,0,,207,11.9,,1002.2,,3
2025-10-22 15:00:00,14.3,12.7,90,0,,195,9,,1001.8,,3
2025-10-22 16:00:00,14.6,12.8,89,0,,205,9.4,,1001.5,,3
2025-10-22 17:00:00,14.4,12.9,91,0,,184,9,,1001.4,,3
2025-10-22 18:00:00,14.1,13,93,0,,158,7.9,,1001.2,,3
2025-10-22 19:00:00,13.6,12.8,95,0,,141,8.3,,1001.2,,3
2025-10-22 20:00:00,13.6,12.7,94,0,,123,8.6,,1000.7,,3
2025-10-22 21:00:00,13.6,12.5,93,0,,138,9.7,,1000,,3
2025-10-22 22:00:00,13.2,12.3,94,0,,138,10.8,,999.6,,3
2025-10-22 23:00:00,13.4,12.3,93,0.7,,153,12.2,,999.3,,8
2025-10-23 00:00:00,12.7,11.9,95,5,,159,11.5,,998.6,,9
2025-10-23 01:00:00,13,12.2,95,0.9,,164,14,,997.9,,8
2025-10-23 02:00:00,13.5,12.9,96,0.8,,177,14.8,,996.5,,8
2025-10-23 03:00:00,13.8,13.2,96,0.7,,170,19.1,,995.3,,8
2025-10-23 04:00:00,14.2,13.1,93,0.9,,176,19.8,,993.9,,8
2025-10-23 05:00:00,14.4,13.1,92,0.8,,181,19.8,,992.3,,8
2025-10-23 06:00:00,14.4,13.1,92,1.3,,181,19.8,,991.1,,9
2025-10-23 07:00:00,14.8,13.2,90,0.2,,189,21.6,,990.3,,7
2025-10-23 08:00:00,15,13.2,89,0.3,,193,20.9,,989.5,,8
2025-10-23 09:00:00,14.7,13.1,90,0.4,,209,20.9,,989.7,,8
2025-10-23 10:00:00,14.7,13.6,93,0.5,,207,22.3,,990.1,,8
2025-10-23 11:00:00,15,13.4,90,0,,219,20.5,,990.1,,3
2025-10-23 12:00:00,14.7,12,84,0.3,,214,23,,989.4,,17
2025-10-23 13:00:00,14.2,9.6,74,0.2,,216,25.2,,990.2,,7
2025-10-23 14:00:00,14.3,8,66,0,,217,28.8,,989.7,,3
2025-10-23 15:00:00,13.9,7.4,65,0,,218,25.9,,989.5,,3
2025-10-23 16:00:00,13.9,6.7,62,0.1,,222,26.6,,989.6,,17
2025-10-23 17:00:00,13.4,6.3,62,0,,226,29.2,,990,,2
2025-10-23 18:00:00,11.8,6.7,71,0.1,,231,25.9,,991.3,,7
2025-10-23 19:00:00,10.9,7.8,81,0.3,,224,24.8,,992.3,,8
2025-10-23 20:00:00,11,8,82,0.2,,234,27.4,,993.7,,7
2025-10-23 21:00:00,11.1,7.8,80,0,,241,24.8,,994.5,,3
2025-10-23 22:00:00,10.9,7.2,78,0,,244,25.2,,995.4,,3
2025-10-23 23:00:00,10.4,6.9,79,0,,241,22.7,,996.5,,3
2025-10-24 00:00:00,9.4,6.7,83,0.6,,235,22,,997.6,,17
2025-10-24 01:00:00,9.1,6,81,0,,230,19.1,,998.2,,3
2025-10-24 02:00:00,8.5,7,90,0.9,,232,20.9,,998.8,,17
2025-10-24 03:00:00,8.7,6.5,86,0.5,,237,24.1,,999.4,,8
2025-10-24 04:00:00,8.1,6.2,88,0.9,,235,24.8,,1000.2,,8
2025-10-24 05:00:00,8.2,5.7,84,0.3,,233,25.2,,1000.8,,8
2025-10-24 06:00:00,7.9,5.2,83,0.2,,235,24.5,,1001.8,,7
2025-10-24 07:00:00,7.9,4.5,79,0,,236,23.4,,1002.8,,3
2025-10-24 08:00:00,7.8,4.2,78,0,,243,23,,1003.7,,3
2025-10-24 09:00:00,7.3,4.3,81,0,,237,21.6,,1005.5,,3
2025-10-24 10:00:00,7.7,4.1,78,0,,246,25.2,,1005.9,,3
2025-10-24 11:00:00,8.6,3.4,70,0,,252,29.5,,1006.4,,3
2025-10-24 12:00:00,9.5,3,64,0,,252,28.1,,1007.2,,3
2025-10-24 13:00:00,10,2.6,60,0,,251,28.1,,1007.5,,3
2025-10-24 14:00:00,10.6,1.9,55,0,,250,28.1,,1007.6,,3
2025-10-24 15:00:00,10.6,2.2,56,0,,245,25.9,,1007.6,,3
2025-10-24 16:00:00,10.9,2.5,56,0,,239,24.1,,1007.8,,3
2025-10-24 17:00:00,10.8,2.4,56,0,,236,20.2,,1007.7,,3
2025-10-24 18:00:00,10.1,2.7,60,0,,234,19.1,,1008,,3
2025-10-24 19:00:00,9.3,2.6,63,0,,227,18.7,,1008.3,,2
2025-10-24 20:00:00,8.9,2.5,64,0,,228,18,,1008.1,,1
2025-10-24 21:00:00,8.8,2.1,63,0,,226,18.4,,1007.9,,3
2025-10-24 22:00:00,8.7,2.3,64,0,,222,17.6,,1007.8,,3
2025-10-24 23:00:00,8.4,2.2,65,0,,220,17.6,,1007.8,,3
2025-10-25 00:00:00,8.5,2.5,66,0,,222,17.3,,1007.4,,3
2025-10-25 01:00:00,8.4,3,69,0,,218,16.9,,1006.9,,3
2025-10-25 02:00:00,8.1,3.7,74,0.6,,210,16.9,,1006.7,,8
2025-10-25 03:00:00,7.7,4.8,82,0.7,,202,15.5,,1006.2,,8
2025-10-25 04:00:00,7.4,5.7,89,0.2,,200,16.6,,1005.6,,7
2025-10-25 05:00:00,7.6,6.4,92,0.2,,206,16.6,,1004.7,,7
2025-10-25 06:00:00,7.8,6.7,93,0.3,,212,19.4,,1004.4,,8
2025-10-25 07:00:00,8,6.9,93,0.2,,216,18.4,,1004.5,,17
2025-10-25 08:00:00,8.2,7.3,94,0.7,,212,20.5,,1004.2,,8
2025-10-25 09:00:00,8.6,7.2,91,0.1,,215,21.2,,1004.2,,7
2025-10-25 10:00:00,8.8,7.4,91,0.2,,216,23.8,,1004.1,,7
2025-10-25 11:00:00,10,7.6,85,0,,215,21.2,,1003.6,,3
2025-10-25 12:00:00,10.7,7.9,83,0.1,,212,19.8,,1003.1,,7
2025-10-25 13:00:00,10.9,7.4,79,0.5,,237,24.8,,1003,,8
2025-10-25 14:00:00,12.1,6.6,69,0,,244,24.8,,1002.2,,3
2025-10-25 15:00:00,12.3,5,61,0,,258,27.7,,1002.3,,3
2025-10-25 16:00:00,11.6,5.7,67,0,,254,22.3,,1002.9,,3
2025-10-25 17:00:00,10.7,6.8,77,0.2,,251,20.2,,1003.4,,7
2025-10-25 18:00:00,10.4,6.7,78,0.1,,252,16.9,,1003.7,,7
2025-10-25 19:00:00,10,6.7,80,0.9,,238,14.8,,1004.1,,8
2025-10-25 20:00:00,9.4,6.7,83,1.4,,226,14.8,,1004.7,,9
2025-10-25 21:00:00,9,6.6,85,0.6,,222,13.3,,1005.2,,8
2025-10-25 22:00:00,8.9,7,88,0,,226,13.3,,1005.5,,3
2025-10-25 23:00:00,8.5,7,90,0.2,,217,13.7,,1005.8,,7
2025-10-26 00:00:00,8.2,6.8,91,0,,212,15.1,,1005.7,,3
2025-10-26 01:00:00,8,6.6,91,0,,215,16.6,,1005.8,,3
2025-10-26 02:00:00,8.2,6.8,91,0,,222,18,,1005.8,,3
2025-10-26 02:00:00,8.4,6.9,90,0,,238,19.1,,1005.8,,3
2025-10-26 03:00:00,8.3,5.9,85,0,,252,21.6,,1005.7,,3
2025-10-26 04:00:00,7.7,6,89,0,,258,19.4,,1005,,2
2025-10-26 05:00:00,7.2,5.2,87,0,,260,16.9,,1005.6,,3
2025-10-26 06:00:00,6.4,4.4,87,0,,257,17.3,,1006.3,,2
2025-10-26 07:00:00,5.6,3.6,87,0,,254,16.6,,1006.9,,1
2025-10-26 08:00:00,5.8,3.3,84,0,,242,18.4,,1007.9,,2
2025-10-26 09:00:00,6.8,3.4,79,0,,241,22.3,,1008.3,,1
2025-10-26 10:00:00,8.1,3.2,71,0,,255,28.1,,1008.4,,2
2025-10-26 11:00:00,9.1,2.9,65,0,,258,24.8,,1008.7,,3
2025-10-26 12:00:00,9,2.6,64,0,,250,25.2,,1008.8,,3
2025-10-26 13:00:00,9.6,2.7,62,0,,247,24.5,,1008.5,,3
2025-10-26 14:00:00,10,2.1,58,0,,248,21.6,,1008.5,,3
2025-10-26 15:00:00,10.3,1.7,55,0,,251,21.2,,1008.6,,2
2025-10-26 16:00:00,9.8,1.9,58,0,,249,18.4,,1008.8,,2
2025-10-26 17:00:00,8.7,1.4,60,0,,253,17.6,,1009.3,,2
2025-10-26 18:00:00,7.6,1,63,0,,245,16.2,,1009.5,,2
2025-10-26 19:00:00,7.2,1.1,65,0,,240,15.5,,1009.8,,2
2025-10-26 20:00:00,6.7,1,67,0,,238,15.1,,1010,,1
2025-10-26 21:00:00,6.7,1.2,68,0,,231,16.6,,1010.1,,3
2025-10-26 22:00:00,6.8,1.1,67,0,,233,17.6,,1010,,3
2025-10-26 23:00:00,7,1.7,69,0,,237,19.4,,1009.8,,3
2025-10-27 00:00:00,6.7,2.8,76,0.3,,236,21.6,,1009.3,,8
2025-10-27 01:00:00,6.5,3.3,80,0.2,,228,23.4,,1008.9,,7
2025-10-27 02:00:00,7.1,3.9,80,0,,220,21.6,,1007.8,,3
2025-10-27 03:00:00,7.4,4.4,81,0.3,,217,25.6,,1006.4,,8
2025-10-27 04:00:00,7,4.7,85,0.5,,223,28.4,,1005.2,,8
2025-10-27 05:00:00,6.7,5.5,92,1.7,,218,29.2,,1004.3,,9
2025-10-27 06:00:00,6.8,5.6,92,0.9,,223,29.9,,1003.8,,8
2025-10-27 07:00:00,6.7,6,95,0.9,,222,28.1,,1002.9,,8
2025-10-27 08:00:00,6.9,6,94,1,,222,28.1,,1002.8,,9
2025-10-27 09:00:00,7.3,6.6,95,3.2,,225,29.9,,1002.5,,9
2025-10-27 10:00:00,8,6.6,91,4.3,,236,31,,1002.2,,9
2025-10-27 11:00:00,9,7.4,90,2.7,,239,29.2,,1002.5,,9
2025-10-27 12:00:00,10.8,7.7,81,0,,234,22.3,,1002.2,,3
2025-10-27 13:00:00,10.6,8,84,0.6,,241,23.8,,1001.9,,8
2025-10-27 14:00:00,11.1,8.1,82,1.3,,255,29.9,,1001.9,,18
2025-10-27 15:00:00,10,6.3,78,2,,272,23,,1002.8,,9
2025-10-27 16:00:00,10.6,5.8,72,0,,270,23.4,,1003.2,,3
2025-10-27 17:00:00,10.1,5.5,73,0.2,,276,21.2,,1004.4,,17
2025-10-27 18:00:00,9.7,4.9,72,0,,282,19.4,,1005.9,,2
2025-10-27 19:00:00,9.2,4.8,74,0,,286,17.3,,1007.8,,2
2025-10-27 20:00:00,8.6,4.6,76,0,,276,14.4,,1009,,2
2025-10-27 21:00:00,8.3,4.7,78,0,,262,15.1,,1010.3,,3
2025-10-27 22:00:00,7.7,4.6,81,0,,252,15.5,,1011.5,,2
2025-10-27 23:00:00,7.4,4.7,83,0,,254,15.8,,1012.4,,2
2025-10-28 00:00:00,7.9,4.7,80,0.1,,259,17.3,,1012.8,,17
2025-10-28 01:00:00,7.6,4.2,79,0.3,,251,16.2,,1013.2,,17
2025-10-28 02:00:00,8.1,5.4,83,0,,242,18,,1013.4,,3
2025-10-28 03:00:00,7.6,5.2,85,0,,241,18,,1013.7,,2
2025-10-28 04:00:00,7.3,5.6,89,0,,233,17.3,,1013.5,,3
2025-10-28 05:00:00,7.6,5.9,89,0,,226,16.6,,1013.4,,3
2025-10-28 06:00:00,8.2,6.2,87,0,,217,18.4,,1013.3,,3
2025-10-28 07:00:00,8.3,6.8,90,0.3,,210,17.3,,1012.7,,8
2025-10-28 08:00:00,8.9,7.5,91,0.2,,223,22.3,,1012.3,,7
2025-10-28 09:00:00,9.5,8.3,92,0.5,,226,25.6,,1012.5,,8
2025-10-28 10:00:00,10.6,8.9,89,0,,227,25.2,,1012.7,,3
2025-10-28 11:00:00,11,9.1,88,0.3,,232,26.3,,1012.7,,8
2025-10-28 12:00:00,11.6,9.2,85,0.2,,214,21.6,,1012.1,,7
2025-10-28 13:00:00,13.3,9.2,76,0,,226,25.9,,1011.5,,3
2025-10-28 14:00:00,13.8,8.6,71,0,,242,30.2,,1011.2,,3
2025-10-28 15:00:00,13.3,8.8,74,0,,242,23.8,,1011.5,,3
2025-10-28 16:00:00,13.1,8.6,74,0,,240,22.3,,1011.6,,3
2025-10-28 17:00:00,12.5,8.4,76,0,,231,23,,1011.5,,3
2025-10-28 18:00:00,12.1,7.8,75,0,,241,22.7,,1011.9,,3
2025-10-28 19:00:00,11.8,7.7,76,0,,237,19.4,,1012.4,,3
2025-10-28 20:00:00,11.4,7.9,79,0,,230,19.8,,1012.3,,2
2025-10-28 21:00:00,11.1,8.5,84,0,,236,18,,1012.7,,1
2025-10-28 22:00:00,11.8,8.8,82,0,,240,16.6,,1013.4,,2
2025-10-28 23:00:00,11.7,9.1,84,0.3,,233,15.5,,1013.5,,8
2025-10-29 00:00:00,11.6,9,84,0,,232,15.1,,1013.5,,3
2025-10-29 01:00:00,11.4,9,85,0,,231,14,,1013.5,,3
2025-10-29 02:00:00,10.2,8.8,91,0,,210,10.8,,1013.4,,3
2025-10-29 03:00:00,9.3,8.4,94,0,,192,11.2,,1013.1,,2
2025-10-29 04:00:00,9.2,8.3,94,0,,192,11.2,,1012.8,,2
2025-10-29 05:00:00,9.1,8.2,94,0,,197,10.1,,1012.7,,3
2025-10-29 06:00:00,8.8,7.9,94,0,,195,9,,1012.6,,3
2025-10-29 07:00:00,8.7,7.8,94,0,,187,8.6,,1012.3,,3
2025-10-29 08:00:00,9,7.9,93,0,,168,9.4,,1012,,3
2025-10-29 09:00:00,10.1,8.2,88,0,,162,9.7,,1011.6,,3
2025-10-29 10:00:00,11.6,8.6,82,0,,154,8.6,,1011,,3
2025-10-29 11:00:00,13.3,9,75,0,,150,9.4,,1010.3,,3
2025-10-29 12:00:00,14.7,9.1,69,0,,160,10.4,,1009.5,,3
2025-10-29 13:00:00,15.4,9.3,67,0,,179,10.8,,1008.7,,3
2025-10-29 14:00:00,15.5,9.4,67,0,,164,9.4,,1007.7,,3
2025-10-29 15:00:00,15.6,9.7,68,0,,133,9.4,,1006.7,,3
2025-10-29 16:00:00,14.9,10.3,74,0,,130,11.5,,1005.6,,3
2025-10-29 17:00:00,13.6,9.8,78,0,,130,13.7,,1004.9,,3
2025-10-29 18:00:00,13.1,9.3,78,0,,135,13,,1004.6,,3
2025-10-29 19:00:00,12.9,9.3,79,0,,148,13.3,,1004.4,,3
2025-10-29 20:00:00,12.8,8.9,77,0,,170,12.6,,1003.9,,3
2025-10-29 21:00:00,12.3,8.9,80,0,,176,12.6,,1003.8,,3
2025-10-29 22:00:00,12.1,8.8,80,0.3,,174,12.2,,1003.5,,8
2025-10-29 23:00:00,11.7,8.7,82,0.4,,148,13,,1002.5,,8
2025-10-30 00:00:00,10.8,9.2,90,1,,172,13.3,,1001.8,,9
2025-10-30 01:00:00,10.7,9,89,0.3,,163,16.9,,1001.6,,8
2025-10-30 02:00:00,10.5,9.1,91,0.5,,186,22,,1001.7,,8
2025-10-30 03:00:00,11,9.4,90,1.2,,213,24.1,,1002,,9
2025-10-30 04:00:00,11.2,10.1,93,0.8,,227,25.2,,1003,,8
2025-10-30 05:00:00,11.2,10.1,93,0,,238,20.9,,1004.7,,3
2025-10-30 06:00:00,10.8,9.6,92,0,,240,19.4,,1006.2,,3
2025-10-30 07:00:00,10.8,9.4,91,0,,253,21.2,,1007.6,,3
2025-10-30 08:00:00,10.9,8.8,87,0,,261,19.8,,1009.2,,3
2025-10-30 09:00:00,11,8,82,0,,264,18,,1010.8,,1
2025-10-30 10:00:00,11.6,6.9,73,0,,265,17.6,,1012.1,,1
2025-10-30 11:00:00,12.3,5.9,65,0,,258,15.5,,1013,,1
2025-10-30 12:00:00,13,5.7,61,0,,249,15.1,,1013.6,,1
2025-10-30 13:00:00,13.5,5.4,58,0,,245,14.8,,1013.7,,1
2025-10-30 14:00:00,13.8,4.9,55,0,,254,16.2,,1014,,1
2025-10-30 15:00:00,13.7,4.6,54,0,,247,14,,1014.1,,2
2025-10-30 16:00:00,13,5.4,60,0,,230,9,,1014.4,,1
2025-10-30 17:00:00,10.8,5.5,70,0,,210,6.8,,1014.6,,1
2025-10-30 18:00:00,9.6,5,73,0,,253,5,,1015,,1
2025-10-30 19:00:00,9.7,4.5,70,0,,63,1.4,,1015.4,,3
2025-10-30 20:00:00,9.2,4.2,71,0,,71,3.2,,1015.5,,3
2025-10-30 21:00:00,8.4,4.4,76,0,,115,5.8,,1015.7,,3
2025-10-30 22:00:00,7.4,4.4,81,0,,107,9.4,,1016,,3
2025-10-30 23:00:00,7,4.5,84,0,,111,10.1,,1015.9,,3
2025-10-31 00:00:00,6.4,4.2,86,0,,106,10.4,,1015.7,,3
2025-10-31 01:00:00,6.4,4.1,85,0,,104,11.5,,1015.5,,3
2025-10-31 02:00:00,6.3,3.8,84,0,,111,12.2,,1015.5,,3
2025-10-31 03:00:00,5.9,3.7,86,0,,110,12.6,,1015.6,,3
2025-10-31 04:00:00,5.8,3.5,85,0,,113,13,,1015.4,,3
2025-10-31 05:00:00,6.1,3.6,84,0,,123,13,,1015.4,,2
2025-10-31 06:00:00,5.9,3.7,86,0,,131,11.9,,1015.2,,3
2025-10-31 07:00:00,5.5,3.7,88,0,,130,10.1,,1015.2,,3
2025-10-31 08:00:00,5.8,4,88,0,,122,11.2,,1015.4,,3
2025-10-31 09:00:00,7.6,4.9,83,0,,128,10.8,,1015.7,,3
2025-10-31 10:00:00,9.6,6.1,79,0,,126,8.3,,1015.7,,3
2025-10-31 11:00:00,11,6.9,76,0,,138,7.2,,1015.5,,3
2025-10-31 12:00:00,12.2,7.7,74,0,,135,7.6,,1015.1,,3
2025-10-31 13:00:00,13.2,8.5,73,0,,140,7.9,,1014.3,,3
2025-10-31 14:00:00,13.7,9.1,74,0,,149,6.5,,1013.8,,3
2025-10-31 15:00:00,14,9.6,75,0,,148,6.5,,1013.5,,3
2025-10-31 16:00:00,12.2,8.7,79,0,,146,6.8,,1014.4,,3
2025-10-31 17:00:00,11.1,8.5,84,0,,130,8.3,,1014.5,,3
2025-10-31 18:00:00,10.6,8.4,86,0,,125,9,,1014.6,,3
2025-10-31 19:00:00,10.6,8.4,86,0,,130,8.3,,1015.1,,3
2025-10-31 20:00:00,10.7,8.5,86,0,,130,9.4,,1015.4,,3
2025-10-31 21:00:00,11.3,8.7,84,0,,136,10.1,,1015.2,,3
2025-10-31 22:00:00,11.6,9,84,0,,146,10.4,,1015.4,,3
2025-10-31 23:00:00,11.5,9.1,85,0,,141,10.1,,1015.4,,3
