time,temp,dwpt,rhum,prcp,snow,wdir,wspd,wpgt,pres,tsun,coco2024-11-01 00:00:00,5.2,5.2,100,0,,211,6.5,,1027.4,,5
2024-11-01 00:00:00,5.2,5.2,100,0,,211,6.5,,1027.4,,5
2024-11-01 01:00:00,5.4,5.3,99,0,,221,7.6,,1027.2,,5
2024-11-01 02:00:00,5.7,5.6,99,0,,214,7.6,,1027,,5
2024-11-01 03:00:00,5.7,5.6,99,0,,217,7.2,,1026.9,,5
2024-11-01 04:00:00,5.8,5.5,98,0,,221,7.2,,1026.8,,5
2024-11-01 05:00:00,6.2,6.2,100,0,,204,5,,1027,,5
2024-11-01 06:00:00,6.1,6,99,0,,206,5.8,,1027,,5
2024-11-01 07:00:00,5.9,5.8,99,0,,207,4.7,,1027.2,,5
2024-11-01 08:00:00,5.7,5.6,99,0,,203,5.4,,1027.3,,5
2024-11-01 09:00:00,6.8,6.4,97,0,,225,7.2,,1027.5,,5
2024-11-01 10:00:00,9.8,7.2,84,0,,250,7.2,,1026.7,,5
2024-11-01 11:00:00,11.6,7.9,78,0,,249,6.5,,1026.3,,2
2024-11-01 12:00:00,13.4,8.5,72,0,,256,6.5,,1025.4,,2
2024-11-01 13:00:00,14.7,9.1,69,0,,257,6.8,,1024.6,,2
2024-11-01 14:00:00,15.5,9.4,67,0,,227,7.6,,1024,,1
2024-11-01 15:00:00,16.2,9.6,65,0,,228,9,,1023.7,,2
2024-11-01 16:00:00,15,11.2,78,0,,214,7.6,,1023.3,,1
2024-11-01 17:00:00,12.7,9,78,0,,243,8.6,,1023.7,,1
2024-11-01 18:00:00,9.8,8.2,90,0,,293,9,,1024.6,,1
2024-11-01 19:00:00,9.5,8.1,91,0,,337,8.3,,1025.5,,1
2024-11-01 20:00:00,7.2,6.9,98,0,,52,5.8,,1026.4,,1
2024-11-01 21:00:00,6.1,6.1,100,0,,79,6.8,,1027.2,,3
2024-11-01 22:00:00,5.7,5.7,100,0,,83,5.8,,1027.2,,5
2024-11-01 23:00:00,6.1,6.1,100,0,,54,4.7,,1027.7,,5
2024-11-02 00:00:00,6.1,6.1,100,0,,154,2.9,,1027.8,,5
2024-11-02 01:00:00,6.6,6.6,100,0,,159,2.5,,1027.9,,5
2024-11-02 02:00:00,7,6.9,99,0,,139,1.8,,1028,,5
2024-11-02 03:00:00,7.3,7.3,100,0,,51,4,,1028.1,,5
2024-11-02 04:00:00,7.4,7.3,99,0.1,,28,5,,1028,,5
2024-11-02 05:00:00,7.6,7.5,99,0,,0,6.1,,1028.4,,5
2024-11-02 06:00:00,7.8,7.5,98,0,,11,5.4,,1028.6,,5
2024-11-02 07:00:00,8,7.2,95,0,,35,7.6,,1028.9,,5
2024-11-02 08:00:00,8.1,6.9,92,0,,64,8.6,,1029.7,,3
2024-11-02 09:00:00,8.3,6.8,90,0.1,,68,9,,1030.1,,3
2024-11-02 10:00:00,8.7,6.8,88,0,,62,10.1,,1030.3,,3
2024-11-02 11:00:00,8.2,6.3,88,0,,61,11.2,,1030.3,,3
2024-11-02 12:00:00,9,6.3,83,0,,59,12.2,,1030.1,,3
2024-11-02 13:00:00,9.7,6.2,79,0,,56,13,,1029.5,,3
2024-11-02 14:00:00,10.4,6.2,75,0,,54,13,,1029.1,,3
2024-11-02 15:00:00,10.8,5.8,71,0,,53,13,,1028.6,,3
2024-11-02 16:00:00,10.6,6,73,0,,50,12.2,,1028.5,,3
2024-11-02 17:00:00,9.2,5.7,79,0,,50,11.2,,1028.8,,2
2024-11-02 18:00:00,8.1,5.6,84,0,,59,11.5,,1029.4,,2
2024-11-02 19:00:00,7.5,5.5,87,0,,69,10.8,,1029.9,,3
2024-11-02 20:00:00,7.3,5.4,88,0,,70,9.4,,1030,,3
2024-11-02 21:00:00,8.2,5.3,82,0,,67,7.9,,1030.4,,3
2024-11-02 22:00:00,7.9,5.5,85,0,,61,8.6,,1030.4,,3
2024-11-02 23:00:00,8,5.6,85,0,,64,8.3,,1030.8,,3
2024-11-03 00:00:00,7.6,5.6,87,0,,67,8.3,,1031,,3
2024-11-03 01:00:00,6.8,5.3,90,0,,88,7.2,,1030.7,,3
2024-11-03 02:00:00,7.5,5.5,87,0,,53,8.6,,1030.9,,3
2024-11-03 03:00:00,5.4,4.4,93,0,,37,7.2,,1030.6,,3
2024-11-03 04:00:00,5.4,4.5,94,0,,53,7.2,,1030.1,,3
2024-11-03 05:00:00,5.6,4.6,93,0,,42,7.2,,1029.9,,3
2024-11-03 06:00:00,5.6,4.7,94,0,,46,6.1,,1030,,3
2024-11-03 07:00:00,6.7,5.6,93,0,,70,6.5,,1030.3,,3
2024-11-03 08:00:00,7.3,5.9,91,0,,79,8.6,,1030.8,,3
2024-11-03 09:00:00,8.3,5.9,85,0,,136,10.4,,1030.8,,3
2024-11-03 10:00:00,8.8,6.1,83,0,,134,9.4,,1030.9,,3
2024-11-03 11:00:00,9.8,6.3,79,0,,121,7.9,,1030.7,,3
2024-11-03 12:00:00,10.8,6.2,73,0,,133,5,,1030,,3
2024-11-03 13:00:00,11.5,6.6,72,0,,105,4,,1029.3,,3
2024-11-03 14:00:00,11.9,7,72,0,,74,3.2,,1028.8,,2
2024-11-03 15:00:00,12,7.1,72,0,,48,4,,1028.4,,2
2024-11-03 16:00:00,11.3,8.7,84,0,,26,4,,1028.3,,2
2024-11-03 17:00:00,9.6,6.5,81,0,,27,8.3,,1028.2,,2
2024-11-03 18:00:00,7.8,5.8,87,0,,51,6.5,,1028.7,,2
2024-11-03 19:00:00,6.1,4.9,92,0,,80,7.6,,1028.8,,1
2024-11-03 20:00:00,6.2,5,92,0,,116,5.8,,1029,,1
2024-11-03 21:00:00,5.1,4.5,96,0,,190,6.1,,1028.9,,1
2024-11-03 22:00:00,2.4,2.1,98,0,,225,5.8,,1029.4,,1
2024-11-03 23:00:00,2,1.7,98,0,,215,6.1,,1029.7,,2
2024-11-04 00:00:00,1.3,1,98,0,,213,7.2,,1029.6,,5
2024-11-04 01:00:00,1.1,0.8,98,0,,242,6.8,,1029.6,,5
2024-11-04 02:00:00,1,0.9,99,0,,230,5.4,,1029.5,,5
2024-11-04 03:00:00,2.4,2.4,100,0,,246,5.8,,1029.7,,5
2024-11-04 04:00:00,2.3,2.3,100,0,,264,4.7,,1029.6,,5
2024-11-04 05:00:00,2.5,2.2,98,0,,257,5,,1029.9,,5
2024-11-04 06:00:00,2.9,2.6,98,0,,248,6.5,,1029.8,,5
2024-11-04 07:00:00,3.1,2.5,96,0,,240,6.1,,1029.7,,5
2024-11-04 08:00:00,3,2.6,97,0,,255,5,,1030.1,,5
2024-11-04 09:00:00,3.8,3.4,97,0,,231,5,,1030,,5
2024-11-04 10:00:00,4.7,4.3,97,0,,290,4,,1029.7,,5
2024-11-04 11:00:00,6.4,4.7,89,0,,335,3.6,,1029.5,,5
2024-11-04 12:00:00,8.6,5.9,83,0,,359,4.7,,1028.7,,3
2024-11-04 13:00:00,10.2,6.9,80,0,,14,5.8,,1027.7,,2
2024-11-04 14:00:00,11.2,7.5,78,0,,22,6.8,,1026.9,,2
2024-11-04 15:00:00,11.4,7.9,79,0,,27,7.9,,1026.5,,1
2024-11-04 16:00:00,10.6,8.4,86,0,,23,6.8,,1026.4,,1
2024-11-04 17:00:00,7.8,6.7,93,0,,18,9.4,,1026.5,,1
2024-11-04 18:00:00,7.6,6.7,94,0,,34,7.9,,1026.6,,1
2024-11-04 19:00:00,6.1,5.4,95,0,,96,6.5,,1026.7,,1
2024-11-04 20:00:00,5.5,4.9,96,0,,157,7.9,,1026.8,,1
2024-11-04 21:00:00,3.5,3.4,99,0,,193,7.6,,1026.7,,2
2024-11-04 22:00:00,2.7,2.6,99,0,,204,7.2,,1026.8,,5
2024-11-04 23:00:00,1.8,1.7,99,0,,219,6.5,,1026.8,,5
2024-11-05 00:00:00,1.8,1.8,100,0,,223,7.2,,1026.7,,5
2024-11-05 01:00:00,2.1,2,99,0,,225,6.5,,1026.4,,5
2024-11-05 02:00:00,2.1,2,99,0,,234,6.8,,1026.3,,5
2024-11-05 03:00:00,1.9,1.8,99,0,,231,7.2,,1026.1,,5
2024-11-05 04:00:00,2,1.9,99,0,,209,7.9,,1026.4,,5
2024-11-05 05:00:00,1.9,1.6,98,0,,196,6.5,,1026.3,,5
2024-11-05 06:00:00,2.4,1.8,96,0,,205,7.2,,1026.2,,5
2024-11-05 07:00:00,3.1,2.1,93,0,,212,8.3,,1026.3,,5
2024-11-05 08:00:00,3.5,2.8,95,0,,227,7.6,,1026.6,,5
2024-11-05 09:00:00,5.7,4,89,0,,240,6.5,,1026.5,,5
2024-11-05 10:00:00,8.2,5.5,83,0,,260,4.7,,1026.3,,3
2024-11-05 11:00:00,11,7.3,78,0,,245,5.4,,1025.9,,3
2024-11-05 12:00:00,13.5,9.2,75,0,,224,6.1,,1025.1,,1
2024-11-05 13:00:00,15.2,10.2,72,0,,221,6.5,,1024.1,,3
2024-11-05 14:00:00,15.9,10.4,70,0,,230,5.8,,1024,,3
2024-11-05 15:00:00,15.8,11,73,0,,224,5.8,,1023.8,,3
2024-11-05 16:00:00,14.6,11.2,80,0,,194,5.8,,1023.9,,3
2024-11-05 17:00:00,13.6,10.2,80,0,,205,10.8,,1024.1,,3
2024-11-05 18:00:00,11.9,9.8,87,0,,265,9.4,,1024.8,,3
2024-11-05 19:00:00,9.7,8.8,94,0,,347,9,,1025.1,,2
2024-11-05 20:00:00,8.4,8.1,98,0,,310,8.3,,1025.6,,1
2024-11-05 21:00:00,7.1,7,99,0,,258,9.4,,1026,,1
2024-11-05 22:00:00,6.7,6.7,100,0,,238,6.1,,1026.6,,5
2024-11-05 23:00:00,6.6,6.6,100,0,,236,6.5,,1026.7,,5
2024-11-06 00:00:00,5.8,5.7,99,0,,238,6.8,,1027,,5
2024-11-06 01:00:00,5,5,100,0,,253,7.9,,1027.2,,5
2024-11-06 02:00:00,4.8,4.8,100,0,,267,8.6,,1027.5,,5
2024-11-06 03:00:00,5.7,5.7,100,0,,249,7.2,,1027.8,,5
2024-11-06 04:00:00,5.1,5.1,100,0,,203,6.5,,1027.9,,5
2024-11-06 05:00:00,5.1,5,99,0,,224,7.2,,1027.8,,5
2024-11-06 06:00:00,6.3,5.9,97,0,,221,6.1,,1027.8,,5
2024-11-06 07:00:00,7.1,6.7,97,0,,221,5,,1028.1,,5
2024-11-06 08:00:00,8.1,7.5,96,0,,291,4,,1029.1,,5
2024-11-06 09:00:00,8.9,8.1,95,0,,350,5.4,,1029.8,,5
2024-11-06 10:00:00,9.7,8.6,93,0,,358,4,,1030,,5
2024-11-06 11:00:00,10.7,9.1,90,0,,18,4.7,,1030.3,,5
2024-11-06 12:00:00,10.9,9.3,90,0,,36,4.3,,1030.5,,3
2024-11-06 13:00:00,11.3,9.6,89,0,,50,5.8,,1030.3,,3
2024-11-06 14:00:00,11.8,9.7,87,0,,57,5.8,,1030,,3
2024-11-06 15:00:00,12.2,10.1,87,0,,53,6.8,,1029.9,,3
2024-11-06 16:00:00,11.7,9.9,89,0,,53,7.9,,1030,,3
2024-11-06 17:00:00,9.3,8.7,96,0,,48,7.2,,1030.4,,3
2024-11-06 18:00:00,8.9,8.4,97,0,,38,6.8,,1030.8,,3
2024-11-06 19:00:00,9.4,8.8,96,0,,29,7.2,,1031.2,,3
2024-11-06 20:00:00,8.3,7.7,96,0,,22,7.6,,1031.3,,3
2024-11-06 21:00:00,7.9,7.3,96,0,,13,6.8,,1031.6,,3
2024-11-06 22:00:00,7.6,7,96,0,,13,5.8,,1031.9,,3
2024-11-06 23:00:00,7.2,6.8,97,0,,22,5.4,,1032.1,,3
2024-11-07 00:00:00,6.9,6.5,97,0,,37,5.8,,1031.9,,3
2024-11-07 01:00:00,6.9,6.3,96,0,,37,5.8,,1032,,3
2024-11-07 02:00:00,6.9,6.3,96,0,,37,5.8,,1032,,3
2024-11-07 03:00:00,6.8,6.1,95,0,,37,6.1,,1031.9,,5
2024-11-07 04:00:00,6.6,6,96,0,,34,6.5,,1031.7,,3
2024-11-07 05:00:00,6.3,5.9,97,0,,34,6.5,,1031.8,,3
2024-11-07 06:00:00,5.9,5.5,97,0,,34,6.5,,1031.7,,3
2024-11-07 07:00:00,5.7,5.4,98,0,,25,5.4,,1031.5,,3
2024-11-07 08:00:00,5.8,5.5,98,0,,18,4.7,,1031.9,,5
2024-11-07 09:00:00,6.1,5.7,97,0,,18,5,,1032.2,,5
2024-11-07 10:00:00,6.8,6.1,95,0,,22,6.5,,1032.3,,5
2024-11-07 11:00:00,8.2,6.3,88,0,,30,7.2,,1031.8,,3
2024-11-07 12:00:00,8.7,6.7,87,0,,32,8.3,,1031.7,,3
2024-11-07 13:00:00,8.9,6.9,87,0,,34,8.6,,1031.3,,3
2024-11-07 14:00:00,9.1,7.1,87,0,,41,8.6,,1031,,3
2024-11-07 15:00:00,9.1,7.2,88,0,,41,8.6,,1030.7,,3
2024-11-07 16:00:00,8.6,6.9,89,0,,35,8.3,,1030.6,,3
2024-11-07 17:00:00,8.3,6.8,90,0,,24,7.9,,1030.7,,3
2024-11-07 18:00:00,8.2,6.8,91,0,,21,7.6,,1030.7,,3
2024-11-07 19:00:00,8.1,6.9,92,0,,32,6.5,,1030.4,,3
2024-11-07 20:00:00,7.9,7,94,0,,47,6.1,,1030.3,,3
2024-11-07 21:00:00,6.6,5.9,95,0,,60,7.6,,1030.6,,3
2024-11-07 22:00:00,6.5,5.8,95,0,,78,7.2,,1030.6,,3
2024-11-07 23:00:00,6.2,5.5,95,0,,85,6.5,,1030.7,,3
2024-11-08 00:00:00,6.1,5.4,95,0,,69,6.5,,1030.6,,3
2024-11-08 01:00:00,6.3,5.3,93,0,,67,6.1,,1030.3,,3
2024-11-08 02:00:00,5.7,5,95,0,,92,5.8,,1030.5,,3
2024-11-08 03:00:00,5.8,4.9,94,0,,168,6.5,,1029.9,,3
2024-11-08 04:00:00,5.7,4.8,94,0,,191,5.8,,1029.3,,3
2024-11-08 05:00:00,5.6,4.7,94,0,,192,5,,1029.2,,3
2024-11-08 06:00:00,5.5,4.6,94,0,,193,5.4,,1028.9,,3
2024-11-08 07:00:00,5.4,4.4,93,0,,84,4,,1028.9,,3
2024-11-08 08:00:00,5.4,4.4,93,0,,68,4,,1028.8,,3
2024-11-08 09:00:00,6,4.3,89,0,,131,5.4,,1028.7,,3
2024-11-08 10:00:00,6.7,4.4,85,0,,150,6.1,,1028.5,,3
2024-11-08 11:00:00,7.9,4.3,78,0,,158,5.8,,1028.1,,3
2024-11-08 12:00:00,8.6,5.3,80,0,,176,5.8,,1027.3,,3
2024-11-08 13:00:00,9.6,5.8,77,0,,174,4.3,,1026.5,,3
2024-11-08 14:00:00,10.2,6.2,76,0,,118,4.3,,1026,,3
2024-11-08 15:00:00,10.5,6.3,75,0,,341,4.3,,1025.7,,3
2024-11-08 16:00:00,10.1,6.8,80,0,,341,7.2,,1025.5,,3
2024-11-08 17:00:00,7,5.1,88,0,,17,7.2,,1025.8,,2
2024-11-08 18:00:00,5.9,4.5,91,0,,63,7.6,,1026.2,,1
2024-11-08 19:00:00,4.7,4,95,0,,92,7.6,,1026.4,,1
2024-11-08 20:00:00,5,4.3,95,0,,164,8.6,,1026.6,,2
2024-11-08 21:00:00,3.6,3.3,98,0,,210,7.6,,1026.9,,1
2024-11-08 22:00:00,3.1,3,99,0,,213,6.8,,1026.7,,2
2024-11-08 23:00:00,4.3,4,98,0,,179,8.3,,1026.8,,5
2024-11-09 00:00:00,4.2,4.1,99,0,,162,6.5,,1026.9,,5
2024-11-09 01:00:00,4.1,4,99,0,,229,5.4,,1026.8,,5
2024-11-09 02:00:00,3.2,3.2,100,0,,231,5.4,,1026.8,,5
2024-11-09 03:00:00,4.6,4.5,99,0,,185,5.8,,1027.1,,5
2024-11-09 04:00:00,4.4,4.3,99,0,,204,4.7,,1026.9,,5
2024-11-09 05:00:00,3.3,3.3,100,0,,206,6.1,,1026.9,,5
2024-11-09 06:00:00,3.3,3.2,99,0,,212,6.8,,1026.8,,5
2024-11-09 07:00:00,3.5,3.4,99,0,,226,7.6,,1026.7,,5
2024-11-09 08:00:00,4.7,4.1,96,0,,227,7.6,,1026.7,,5
2024-11-09 09:00:00,6.2,5,92,0,,230,7.2,,1026.9,,5
2024-11-09 10:00:00,8.6,6.2,85,0,,274,5,,1026.7,,3
2024-11-09 11:00:00,10.3,7.5,83,0,,332,2.9,,1026.4,,1
2024-11-09 12:00:00,11.7,8.4,80,0,,11,4.3,,1025.9,,1
2024-11-09 13:00:00,12.9,8.8,76,0,,30,5,,1025.3,,1
2024-11-09 14:00:00,13.5,8.8,73,0,,41,5.8,,1024.9,,1
2024-11-09 15:00:00,13.1,8.6,74,0,,42,6.1,,1024.9,,2
2024-11-09 16:00:00,11.4,8.8,84,0,,47,4.7,,1025,,1
2024-11-09 17:00:00,8.2,6.8,91,0,,62,8.3,,1025.2,,1
2024-11-09 18:00:00,7.7,6.6,93,0,,51,7.9,,1025.5,,2
2024-11-09 19:00:00,7.3,6.4,94,0,,48,7.6,,1025.8,,3
2024-11-09 20:00:00,6.8,6.2,96,0,,354,5.8,,1026.1,,3
2024-11-09 21:00:00,6,5.9,99,0,,298,3.2,,1026.2,,1
2024-11-09 22:00:00,4.9,4.9,100,0,,244,4,,1026.7,,1
2024-11-09 23:00:00,4.1,3.8,98,0,,225,7.2,,1026.8,,5
2024-11-10 00:00:00,3.1,3.1,100,0,,231,7.6,,1026.8,,1
2024-11-10 01:00:00,2.9,2.9,100,0,,233,7.6,,1026.7,,2
2024-11-10 02:00:00,3.1,3.1,100,0,,235,7.6,,1026.6,,5
2024-11-10 03:00:00,3.5,3.4,99,0,,241,7.9,,1026.6,,5
2024-11-10 04:00:00,5.4,5,97,0,,248,5.4,,1027.2,,5
2024-11-10 05:00:00,5.3,4.9,97,0,,246,4,,1027.4,,5
2024-11-10 06:00:00,5.5,4.9,96,0,,251,3.2,,1027.7,,5
2024-11-10 07:00:00,5.4,4.8,96,0,,242,3.2,,1027.9,,5
2024-11-10 08:00:00,5.4,5,97,0,,234,4,,1028.3,,5
2024-11-10 09:00:00,5.1,4.7,97,0,,231,4,,1028.5,,5
2024-11-10 10:00:00,6.2,5,92,0,,254,4,,1028.3,,5
2024-11-10 11:00:00,7.6,5.7,88,0,,323,3.6,,1028.1,,3
2024-11-10 12:00:00,9,6.6,85,0,,24,5.4,,1027.6,,3
2024-11-10 13:00:00,10,7.1,82,0,,38,6.1,,1027.2,,3
2024-11-10 14:00:00,10.6,7.3,80,0,,46,6.5,,1027.1,,2
2024-11-10 15:00:00,10.3,7.2,81,0,,54,7.2,,1027,,1
2024-11-10 16:00:00,9.2,7.1,87,0,,58,6.1,,1027.1,,1
2024-11-10 17:00:00,6.2,5.3,94,0,,62,6.8,,1027.7,,1
2024-11-10 18:00:00,4.9,4.6,98,0,,57,7.2,,1028.3,,1
2024-11-10 19:00:00,4.5,4.4,99,0,,47,8.3,,1028.7,,1
2024-11-10 20:00:00,4,4,100,0,,7,6.1,,1028.9,,1
2024-11-10 21:00:00,3.4,3.4,100,0,,349,5.8,,1029.2,,2
2024-11-10 22:00:00,3.1,3.1,100,0,,302,4,,1029.7,,5
2024-11-10 23:00:00,2.8,2.8,100,0,,230,2.9,,1030,,5
2024-11-11 00:00:00,2.8,2.8,100,0,,224,4.3,,1030.7,,5
2024-11-11 01:00:00,3,3,100,0,,227,5.4,,1030.4,,5
2024-11-11 02:00:00,3,3,100,0,,227,5.4,,1030.3,,5
2024-11-11 03:00:00,3.2,3.1,99,0,,218,4.7,,1030.3,,5
2024-11-11 04:00:00,3.2,2.9,98,0,,266,4.3,,1030.1,,5
2024-11-11 05:00:00,3.1,2.7,97,0,,255,3.6,,1030.4,,5
2024-11-11 06:00:00,3.7,3.4,98,0,,219,3.2,,1030.6,,5
2024-11-11 07:00:00,3.8,3.8,100,0,,250,4.7,,1030.7,,5
2024-11-11 08:00:00,4,3.7,98,0,,235,5.8,,1031.1,,5
2024-11-11 09:00:00,4.5,4.2,98,0,,216,6.5,,1030.9,,5
2024-11-11 10:00:00,5.3,4.6,95,0,,260,6.5,,1030.9,,5
2024-11-11 11:00:00,5.2,4.3,94,0,,230,5.8,,1030.9,,3
2024-11-11 12:00:00,6.1,4.3,88,0,,210,6.8,,1030.1,,3
2024-11-11 13:00:00,7,4.7,85,0,,217,7.2,,1028.9,,3
2024-11-11 14:00:00,7.6,5.2,85,0,,234,7.9,,1028.3,,3
2024-11-11 15:00:00,8.6,5.9,83,0,,236,9.7,,1027.3,,3
2024-11-11 16:00:00,8.5,6.1,85,0,,233,10.8,,1027,,3
2024-11-11 17:00:00,7.7,5.8,88,0,,270,13.3,,1027.1,,7
2024-11-11 18:00:00,7.5,6,90,3.4,,327,13.7,,1027.5,,8
2024-11-11 19:00:00,6.8,5.4,91,1.1,,324,14,,1027.9,,8
2024-11-11 20:00:00,6.2,4.7,90,2.2,,334,10.1,,1028,,8
2024-11-11 21:00:00,5.6,4.4,92,0.6,,265,8.6,,1028.1,,7
2024-11-11 22:00:00,5.3,4.4,94,0.1,,272,6.5,,1027.8,,8
2024-11-11 23:00:00,5.1,4.2,94,0.1,,225,5,,1027.6,,8
2024-11-12 00:00:00,5.1,4.4,95,0,,235,6.8,,1027.3,,7
2024-11-12 01:00:00,5.3,4.4,94,0.4,,276,8.3,,1026.8,,3
2024-11-12 02:00:00,5.3,4.7,96,0,,324,8.6,,1027,,3
2024-11-12 03:00:00,5,4.4,96,0.5,,339,7.2,,1026.9,,3
2024-11-12 04:00:00,4.9,4.3,96,1.1,,359,6.1,,1026.7,,3
2024-11-12 05:00:00,4.8,4.4,97,0.1,,6,7.2,,1026.7,,3
2024-11-12 06:00:00,4.8,4.4,97,0,,29,9,,1026.7,,3
2024-11-12 07:00:00,4.7,4.4,98,0,,28,8.3,,1026.9,,3
2024-11-12 08:00:00,4.8,4.5,98,0,,39,10.1,,1027.3,,3
2024-11-12 09:00:00,5.1,4.5,96,0,,52,13.7,,1027.7,,3
2024-11-12 10:00:00,5.4,4.4,93,0,,55,14.8,,1027.9,,3
2024-11-12 11:00:00,6,4.2,88,0,,64,14.8,,1027.7,,3
2024-11-12 12:00:00,6.7,3.5,80,0,,76,16.6,,1027.5,,3
2024-11-12 13:00:00,7.1,3.5,78,0,,68,16.6,,1027.2,,3
2024-11-12 14:00:00,7.6,3.8,77,0,,56,17.3,,1027,,3
2024-11-12 15:00:00,7.1,3.5,78,0,,51,18.4,,1027.2,,3
2024-11-12 16:00:00,6.4,2.3,75,0,,52,19.1,,1027.7,,3
2024-11-12 17:00:00,5.9,1.6,74,0,,51,16.6,,1028.2,,3
2024-11-12 18:00:00,5.3,1.4,76,0,,50,16.2,,1029.1,,3
2024-11-12 19:00:00,4.8,0.9,76,0,,52,14.4,,1029.5,,3
2024-11-12 20:00:00,4.3,0.4,76,0,,53,11.9,,1029.7,,3
2024-11-12 21:00:00,3.5,0.4,80,0,,51,9.4,,1029.7,,3
2024-11-12 22:00:00,3.1,0.2,81,0,,63,9.4,,1030.1,,3
2024-11-12 23:00:00,3,0.2,82,0,,70,8.6,,1030,,3
2024-11-13 00:00:00,2.9,0.1,82,0,,68,9,,1030.3,,3
2024-11-13 01:00:00,2.7,0.3,84,0,,53,10.1,,1030.4,,3
2024-11-13 02:00:00,2.5,0.1,84,0,,58,9.7,,1030.5,,3
2024-11-13 03:00:00,2.3,0.2,86,0,,57,9,,1030.5,,3
2024-11-13 04:00:00,2.1,0,86,0,,56,9,,1030.5,,3
2024-11-13 05:00:00,1.9,0,87,0,,51,8.3,,1030.7,,3
2024-11-13 06:00:00,1.8,-0.1,87,0,,46,7.9,,1030.7,,3
2024-11-13 07:00:00,1.7,-0.2,87,0,,45,8.6,,1031,,3
2024-11-13 08:00:00,1.8,-0.4,85,0,,59,7.9,,1031.4,,3
2024-11-13 09:00:00,2,-0.4,84,0,,67,5.4,,1031.4,,3
2024-11-13 10:00:00,2.5,-0.3,82,0,,35,7.2,,1031.6,,3
2024-11-13 11:00:00,2.9,-0.2,80,0,,37,8.6,,1031.9,,3
2024-11-13 12:00:00,3.2,-0.3,78,0,,33,10.1,,1031.8,,3
2024-11-13 13:00:00,3.3,-0.3,77,0,,30,10.1,,1031.5,,3
2024-11-13 14:00:00,3.6,-0.8,73,0,,30,11.2,,1031.1,,3
2024-11-13 15:00:00,4,-0.8,71,0,,32,11.2,,1030.7,,3
2024-11-13 16:00:00,3.9,-0.9,71,0,,29,9.7,,1030.7,,3
2024-11-13 17:00:00,3.5,-0.1,77,0,,29,7.9,,1030.7,,3
2024-11-13 18:00:00,2.4,0.8,89,0,,26,5,,1031.5,,7
2024-11-13 19:00:00,2.3,1,91,0.1,,117,1.8,,1031.5,,3
2024-11-13 20:00:00,2.1,1.2,94,0.2,,175,2.9,,1031.7,,7
2024-11-13 21:00:00,2.1,1.4,95,0.3,,221,4.7,,1031.7,,7
2024-11-13 22:00:00,2.1,1.2,94,0,,220,3.6,,1031.8,,3
2024-11-13 23:00:00,2,1.3,95,0,,240,5.4,,1031.8,,3
2024-11-14 00:00:00,2,1.4,96,0,,212,5,,1031.6,,3
2024-11-14 01:00:00,1.7,1.3,97,0,,202,5.8,,1031.4,,3
2024-11-14 02:00:00,1.7,1.3,97,0,,206,5.8,,1031,,3
2024-11-14 03:00:00,0.7,0.4,98,0,,207,5.4,,1030.4,,3
2024-11-14 04:00:00,0.1,0,99,0,,219,6.8,,1030.5,,3
2024-11-14 05:00:00,0.4,0,97,0,,207,9.4,,1030.1,,3
2024-11-14 06:00:00,0.5,-0.2,95,0,,221,7.9,,1030,,3
2024-11-14 07:00:00,0.7,-0.2,94,0,,222,8.6,,1029.9,,3
2024-11-14 08:00:00,0.9,-0.1,93,0,,219,9,,1030,,3
2024-11-14 09:00:00,1.4,-0.1,90,0,,220,9,,1030,,3
2024-11-14 10:00:00,2.4,0.1,85,0,,224,8.3,,1029.7,,3
2024-11-14 11:00:00,3.1,0.5,83,0,,232,7.6,,1029.7,,3
2024-11-14 12:00:00,3.7,0.9,82,0,,227,7.2,,1029.2,,3
2024-11-14 13:00:00,4.4,1.4,81,0,,228,6.8,,1028.8,,3
2024-11-14 14:00:00,5.4,1.7,77,0,,245,7.6,,1028.4,,3
2024-11-14 15:00:00,5.7,2.2,78,0,,238,6.8,,1028.2,,3
2024-11-14 16:00:00,5.6,2.6,81,0,,207,5.8,,1027.9,,3
2024-11-14 17:00:00,5.2,2.7,84,0,,200,7.2,,1027.9,,3
2024-11-14 18:00:00,5.2,3.1,86,0,,210,7.2,,1028.2,,3
2024-11-14 19:00:00,5.3,3.3,87,0,,214,7.2,,1028.4,,7
2024-11-14 20:00:00,5.2,3.7,90,0,,213,7.2,,1028.7,,3
2024-11-14 21:00:00,5.1,3.9,92,0,,209,6.8,,1028.7,,3
2024-11-14 22:00:00,4.9,4,94,0,,214,5.8,,1029,,3
2024-11-14 23:00:00,4.6,3.9,95,0,,206,5.4,,1028.8,,3
2024-11-15 00:00:00,4.5,3.6,94,0,,183,7.9,,1028.6,,3
2024-11-15 01:00:00,4.6,3.9,95,0,,206,7.2,,1028.4,,3
2024-11-15 02:00:00,4.7,4.1,96,0,,331,5.4,,1028.4,,7
2024-11-15 03:00:00,4.6,4.2,97,0,,346,2.9,,1028.2,,7
2024-11-15 04:00:00,4.6,4.2,97,0,,189,2.2,,1027.9,,3
2024-11-15 05:00:00,4.6,4.2,97,0,,93,2.9,,1027.9,,3
2024-11-15 06:00:00,4.7,4.1,96,0,,128,2.5,,1027.9,,3
2024-11-15 07:00:00,4.8,4.2,96,0,,330,2.9,,1027.9,,3
2024-11-15 08:00:00,4.8,4.2,96,0,,308,2.5,,1028.1,,3
2024-11-15 09:00:00,5.1,4.7,97,0,,19,3.2,,1028.3,,3
2024-11-15 10:00:00,5.7,4.8,94,0,,46,4.7,,1028.5,,3
2024-11-15 11:00:00,6,4.8,92,0,,35,4.7,,1028.3,,3
2024-11-15 12:00:00,7.2,4.3,82,0,,357,2.9,,1027.8,,3
2024-11-15 13:00:00,7.6,3.3,74,0,,20,2.5,,1027.2,,3
2024-11-15 14:00:00,7.5,3,73,0,,24,3.2,,1027,,3
2024-11-15 15:00:00,7.4,2.7,72,0,,40,4.7,,1026.9,,3
2024-11-15 16:00:00,7.1,3.2,76,0,,2,5.8,,1026.5,,3
2024-11-15 17:00:00,6.3,2.9,79,0,,360,4.3,,1026.4,,3
2024-11-15 18:00:00,5.8,2.6,80,0,,54,5,,1026.5,,3
2024-11-15 19:00:00,4.5,2.5,87,0,,88,4.7,,1026.9,,3
2024-11-15 20:00:00,3.1,1.8,91,0,,101,4.3,,1027,,2
2024-11-15 21:00:00,4.2,3.2,93,0,,90,5,,1026.5,,2
2024-11-15 22:00:00,2.9,2.2,95,0,,117,5.4,,1026.2,,2
2024-11-15 23:00:00,1.7,1.1,96,0,,171,5.4,,1026,,2
2024-11-16 00:00:00,0.4,0,97,0,,220,5,,1025.9,,2
2024-11-16 01:00:00,-0.4,-0.7,98,0,,221,4.7,,1025.7,,1
2024-11-16 02:00:00,-0.9,-1.3,97,0,,216,5.8,,1025.3,,1
2024-11-16 03:00:00,-1.6,-2,97,0,,215,6.1,,1024.7,,2
2024-11-16 04:00:00,-2,-2.4,97,0,,229,6.1,,1024.2,,1
2024-11-16 05:00:00,-2.3,-2.8,96,0,,225,6.8,,1024.1,,1
2024-11-16 06:00:00,-2.5,-3.2,95,0,,213,5.8,,1023.9,,1
2024-11-16 07:00:00,-2.5,-3.2,95,0,,217,6.1,,1023.5,,1
2024-11-16 08:00:00,-1.9,-2.7,94,0,,222,6.5,,1023.8,,1
2024-11-16 09:00:00,1,-0.8,88,0,,237,8.3,,1024.1,,1
2024-11-16 10:00:00,3.7,0.7,81,0,,252,5.8,,1023.6,,1
2024-11-16 11:00:00,6,2.1,76,0,,249,5.4,,1023,,1
2024-11-16 12:00:00,7.5,2.6,71,0,,238,6.5,,1022.2,,1
2024-11-16 13:00:00,8.9,2.9,66,0,,238,6.8,,1021,,1
2024-11-16 14:00:00,9.7,2.5,61,0,,235,6.8,,1020.1,,1
2024-11-16 15:00:00,9.7,2.8,62,0,,234,7.6,,1019.5,,1
2024-11-16 16:00:00,7.6,2.9,72,0,,242,7.6,,1018.9,,1
2024-11-16 17:00:00,4.7,1.4,79,0,,240,10.4,,1018.7,,1
2024-11-16 18:00:00,3.5,0.9,83,0,,232,7.9,,1019,,1
2024-11-16 19:00:00,2.5,0.4,86,0,,226,7.6,,1019,,1
2024-11-16 20:00:00,1.8,-0.4,85,0,,227,7.2,,1019.3,,1
2024-11-16 21:00:00,1.2,-1.2,84,0,,232,7.2,,1019.5,,3
2024-11-16 22:00:00,-0.2,-1.8,89,0,,247,9.4,,1019.6,,3
2024-11-16 23:00:00,-0.5,-1.8,91,0,,258,10.1,,1019.7,,3
2024-11-17 00:00:00,-1.1,-2.1,93,0,,255,10.4,,1020,,3
2024-11-17 01:00:00,-1.3,-2.1,94,0,,214,11.2,,1019.4,,3
2024-11-17 02:00:00,-1,-1.7,95,0,,216,11.2,,1018.9,,3
2024-11-17 03:00:00,1.1,0.5,96,0,,211,10.1,,1018.6,,3
2024-11-17 04:00:00,0.6,0,96,0,,220,9.4,,1018.1,,3
2024-11-17 05:00:00,0.1,-0.5,96,0,,229,9.4,,1017.8,,3
2024-11-17 06:00:00,0.6,0,96,0,,232,10.8,,1017.7,,3
2024-11-17 07:00:00,1.6,1,96,0,,233,12.2,,1017.7,,3
2024-11-17 08:00:00,3.4,2.5,94,0,,242,14.8,,1017.6,,3
2024-11-17 09:00:00,3.9,2.6,91,0,,231,20.5,,1017.3,,3
2024-11-17 10:00:00,4.7,2.4,85,0,,236,22.7,,1016.8,,3
2024-11-17 11:00:00,6.3,2.6,77,0,,237,18.7,,1016.6,,3
2024-11-17 12:00:00,7.6,2.7,71,0,,241,16.9,,1015.8,,3
2024-11-17 13:00:00,7.9,2.6,69,0,,249,17.3,,1015.1,,3
2024-11-17 14:00:00,7.6,2.3,69,0,,249,16.6,,1014.8,,3
2024-11-17 15:00:00,7.1,2,70,0,,253,17.6,,1014.7,,3
2024-11-17 16:00:00,6.6,2.7,76,0,,255,18.4,,1014.9,,3
2024-11-17 17:00:00,5.9,3.4,84,0,,255,17.3,,1015,,7
2024-11-17 18:00:00,5.4,3.9,90,0,,256,16.6,,1015.4,,3
2024-11-17 19:00:00,5.2,4.2,93,0,,250,16.9,,1015.9,,7
2024-11-17 20:00:00,4.9,4.2,95,0,,245,17.6,,1016.4,,8
2024-11-17 21:00:00,4.7,3.8,94,0,,240,17.6,,1016.5,,3
2024-11-17 22:00:00,4.7,3.8,94,0,,238,17.6,,1016.5,,3
2024-11-17 23:00:00,4.2,3.5,95,0,,238,16.6,,1017.1,,3
2024-11-18 00:00:00,4.2,3.3,94,0,,239,15.5,,1016.9,,3
2024-11-18 01:00:00,4.2,3.2,93,0,,235,15.5,,1016.5,,3
2024-11-18 02:00:00,4.3,3.1,92,0,,232,16.2,,1016.1,,3
2024-11-18 03:00:00,4,2.8,92,0,,238,18,,1015.5,,3
2024-11-18 04:00:00,3.7,2.5,92,0,,236,22.3,,1015,,3
2024-11-18 05:00:00,3.7,1.9,88,0,,243,22.7,,1014.8,,3
2024-11-18 06:00:00,3.9,1.9,87,0,,238,22.7,,1014.6,,3
2024-11-18 07:00:00,4.1,2.1,87,0,,233,21.2,,1014.7,,3
2024-11-18 08:00:00,4.5,2,84,0,,231,20.5,,1014.6,,3
2024-11-18 09:00:00,5.3,1.6,77,0,,238,20.9,,1014.7,,3
2024-11-18 10:00:00,5.7,1.8,76,0,,238,22,,1014.4,,3
2024-11-18 11:00:00,6.2,2.5,77,0,,241,21.2,,1014.6,,3
2024-11-18 12:00:00,6.3,2.6,77,0,,234,22.3,,1014.3,,3
2024-11-18 13:00:00,6.7,2.8,76,0,,236,22.7,,1013.8,,7
2024-11-18 14:00:00,6.8,2.5,74,0,,231,24.1,,1014,,8
2024-11-18 15:00:00,6.6,3,78,0,,230,23,,1013.7,,7
2024-11-18 16:00:00,6.6,3.2,79,0,,231,22.3,,1013.5,,7
2024-11-18 17:00:00,6.4,3.6,82,0,,233,22.7,,1013.5,,7
2024-11-18 18:00:00,6.3,3.6,83,0,,232,22,,1013.5,,7
2024-11-18 19:00:00,6.2,3.7,84,0,,236,21.6,,1013.5,,3
2024-11-18 20:00:00,6.3,4,85,0,,235,21.2,,1013.5,,7
2024-11-18 21:00:00,6.2,4.2,87,0,,233,21.6,,1013.3,,8
2024-11-18 22:00:00,6.3,4.3,87,0,,230,19.4,,1013,,7
2024-11-18 23:00:00,6.5,4.5,87,0,,228,19.4,,1012.4,,3
2024-11-19 00:00:00,6.5,4.8,89,0,,228,21.6,,1011.8,,3
2024-11-19 01:00:00,6.5,4.8,89,0,,226,21.2,,1010.9,,7
2024-11-19 02:00:00,6.6,5.2,91,0,,225,22,,1010.2,,8
2024-11-19 03:00:00,6.8,5.4,91,0,,228,22.7,,1009.4,,8
2024-11-19 04:00:00,6.8,5.6,92,0,,226,23.8,,1008.3,,8
2024-11-19 05:00:00,6.9,5.4,90,0,,227,23.8,,1007.6,,8
2024-11-19 06:00:00,6.8,5.4,91,0,,226,24.8,,1006.7,,8
2024-11-19 07:00:00,7,5.5,90,0,,225,26.3,,1006.1,,8
2024-11-19 08:00:00,6.9,5.5,91,0,,223,26.6,,1005.8,,8
2024-11-19 09:00:00,7.4,5.4,87,0.1,,222,26.6,,1005.8,,7
2024-11-19 10:00:00,7.9,5.7,86,0,,220,27,,1005.2,,8
2024-11-19 11:00:00,8.9,5.5,79,0,,221,27,,1004.6,,3
2024-11-19 12:00:00,9.2,5.2,76,0,,219,27.4,,1003.5,,3
2024-11-19 13:00:00,9.3,5.3,76,0,,220,28.8,,1002.3,,7
2024-11-19 14:00:00,8.8,6.1,83,0,,217,28.4,,1001.6,,8
2024-11-19 15:00:00,8.7,6.3,85,0,,219,30.6,,999.9,,9
2024-11-19 16:00:00,9.3,5.5,77,0,,223,31,,998.9,,9
2024-11-19 17:00:00,9.2,5.4,77,0,,222,32.8,,997.9,,7
2024-11-19 18:00:00,8.4,6,85,0,,222,36,,996.2,,9
2024-11-19 19:00:00,8.4,6.4,87,0.4,,226,37.8,,995.2,,8
2024-11-19 20:00:00,8.3,6.8,90,1,,227,34.6,,994.6,,9
2024-11-19 21:00:00,8,7.1,94,2.4,,223,31.7,,993.8,,9
2024-11-19 22:00:00,8,7.1,94,3.4,,230,29.2,,992.7,,9
2024-11-19 23:00:00,7.7,7.1,96,8.5,,269,27,,992.5,,9
2024-11-20 00:00:00,4.5,4.1,97,3.6,,285,16.9,,994.3,,9
2024-11-20 01:00:00,3.5,3.4,99,2.6,,266,13.3,,995.6,,9
2024-11-20 02:00:00,2.9,2.8,99,1.1,,270,15.8,,997,,9
2024-11-20 03:00:00,2.5,2.1,97,0,,324,15.1,,998.6,,8
2024-11-20 04:00:00,1.4,1.4,100,1.5,,303,12.2,,1000.6,,9
2024-11-20 05:00:00,1.3,0.4,94,0.5,,305,13.3,,1002.4,,12
2024-11-20 06:00:00,1.2,0.2,93,0.1,,283,10.4,,1003.7,,12
2024-11-20 07:00:00,1.5,0.2,91,0,,273,11.5,,1004.2,,3
2024-11-20 08:00:00,0.5,-0.4,94,0,,242,11.9,,1005.5,,3
2024-11-20 09:00:00,1.2,-0.4,89,0,,238,17.3,,1006.2,,3
2024-11-20 10:00:00,2.1,-0.6,82,0,,257,22.7,,1006.1,,3
2024-11-20 11:00:00,3.4,-1,73,0,,252,21.2,,1005.8,,3
2024-11-20 12:00:00,3.9,-2.1,65,0,,260,25.2,,1005.5,,2
2024-11-20 13:00:00,4,-3.3,59,0,,262,25.2,,1005.3,,2
2024-11-20 14:00:00,4,-4,56,0,,260,25.2,,1005.4,,1
2024-11-20 15:00:00,3.6,-5.3,52,0,,261,23.8,,1005.5,,1
2024-11-20 16:00:00,2.8,-5.8,53,0,,260,21.6,,1005.9,,1
2024-11-20 17:00:00,1.7,-6.6,54,0,,261,20.2,,1006.6,,2
2024-11-20 18:00:00,1,-6.1,59,0,,259,19.4,,1007.3,,3
2024-11-20 19:00:00,0.9,-5.3,63,0,,259,19.1,,1007.9,,3
2024-11-20 20:00:00,0.5,-5.1,66,0,,256,18.4,,1008,,3
2024-11-20 21:00:00,0.5,-4.9,67,0,,252,18.7,,1008.2,,3
2024-11-20 22:00:00,0.3,-4.9,68,0,,235,18.7,,1007.8,,3
2024-11-20 23:00:00,0.4,-5.6,64,0,,240,20.5,,1007.9,,15
2024-11-21 00:00:00,0.7,-5.3,64,0,,250,22,,1008.1,,3
2024-11-21 01:00:00,0.8,-5.2,64,0,,242,22.3,,1008.2,,3
2024-11-21 02:00:00,0.5,-4.9,67,0,,248,23.4,,1008.1,,14
2024-11-21 03:00:00,0.1,-4.2,73,0,,245,22.3,,1008.6,,3
2024-11-21 04:00:00,0,-4.4,72,0,,245,22.7,,1008.6,,3
2024-11-21 05:00:00,0.4,-4.2,71,0,,242,20.2,,1008.6,,3
2024-11-21 06:00:00,0.3,-4,73,0,,236,19.8,,1008.7,,3
2024-11-21 07:00:00,0.1,-4,74,0,,233,18,,1008.7,,3
2024-11-21 08:00:00,0.2,-4.6,70,0,,227,17.3,,1008.7,,3
2024-11-21 09:00:00,-0.1,-5.1,69,0,,220,17.6,,1008,,3
2024-11-21 10:00:00,0.4,-5.4,65,0,,222,19.1,,1007.1,,3
2024-11-21 11:00:00,1.3,-5.2,62,0,,225,15.1,,1005.8,,3
2024-11-21 12:00:00,2,-5.2,59,0,,225,10.4,,1003.7,,3
2024-11-21 13:00:00,2.1,-5.5,57,0,,198,6.5,,1001.6,,3
2024-11-21 14:00:00,1.9,-5.7,57,0,,130,6.1,,999.6,,3
2024-11-21 15:00:00,1.5,-5.9,58,0,,84,7.6,,997.2,,3
2024-11-21 16:00:00,0.9,-4.7,66,0,,70,8.3,,995.2,,14
2024-11-21 17:00:00,0,-3.4,78,0,,58,10.8,,993.9,,15
2024-11-21 18:00:00,-0.5,-2.1,89,0.2,,53,11.9,,992.9,,16
2024-11-21 19:00:00,-0.9,-1.7,94,0.3,,37,11.9,,992.9,,16
2024-11-21 20:00:00,-1.2,-1.9,95,0.1,,28,13.3,,993.3,,16
2024-11-21 21:00:00,-1.3,-2,95,0.1,,35,13,,993.8,,16
2024-11-21 22:00:00,-1.5,-2.2,95,0,,23,14,,994.1,,16
2024-11-21 23:00:00,-1.2,-1.9,95,0,,21,13,,994.1,,15
2024-11-22 00:00:00,-1.4,-2,96,0,,356,9.7,,995.7,,14
2024-11-22 01:00:00,-1.7,-2.4,95,0,,334,11.9,,997.2,,3
2024-11-22 02:00:00,-2,-3.1,92,0,,316,13.7,,999.1,,3
2024-11-22 03:00:00,-2.8,-4.7,87,0,,278,11.9,,1001.3,,3
2024-11-22 04:00:00,-3.8,-5.5,88,0,,243,9.4,,1002.7,,3
2024-11-22 05:00:00,-4.6,-6.3,88,0,,236,13,,1003.9,,3
2024-11-22 06:00:00,-4.7,-6.2,89,0,,231,15.5,,1005.2,,1
2024-11-22 07:00:00,-4.6,-6.3,88,0,,224,14.4,,1005.9,,1
2024-11-22 08:00:00,-4.4,-6.1,88,0,,223,16.2,,1007.4,,1
2024-11-22 09:00:00,-3.4,-5.4,86,0,,226,16.2,,1008.6,,2
2024-11-22 10:00:00,-2.7,-5,84,0,,216,16.6,,1009.2,,2
2024-11-22 11:00:00,-1.4,-4.9,77,0,,211,16.6,,1009.4,,15
2024-11-22 12:00:00,-0.7,-4.7,74,0,,219,16.9,,1009.4,,14
2024-11-22 13:00:00,-0.3,-4.7,72,0,,244,22,,1009.4,,3
2024-11-22 14:00:00,-0.4,-3.3,81,0,,248,25.9,,1010.3,,2
2024-11-22 15:00:00,-0.7,-3.5,81,0,,241,23.4,,1011.1,,3
2024-11-22 16:00:00,-1,-3.5,83,0,,237,22.7,,1012.1,,3
2024-11-22 17:00:00,-1,-3.7,82,0,,239,22.7,,1012.9,,3
2024-11-22 18:00:00,-1,-3.7,82,0,,238,21.6,,1013.7,,3
2024-11-22 19:00:00,-0.6,-3,84,0,,242,23.4,,1014.5,,3
2024-11-22 20:00:00,-0.3,-2,88,0,,245,24.5,,1015,,3
2024-11-22 21:00:00,0.3,-1.8,86,0,,243,23.4,,1016.6,,3
2024-11-22 22:00:00,0.4,-1.7,86,0,,246,25.9,,1017.5,,3
2024-11-22 23:00:00,0.4,-1.7,86,0,,253,24.1,,1019.2,,14
2024-11-23 00:00:00,0.8,-1.4,85,0,,252,23.8,,1020.3,,3
2024-11-23 01:00:00,0.8,-1.8,83,0,,248,22,,1021.3,,3
2024-11-23 02:00:00,0.7,-1.7,84,0,,239,18.7,,1022.4,,3
2024-11-23 03:00:00,0.9,-1.7,83,0,,230,16.9,,1023.3,,3
2024-11-23 04:00:00,0.9,-1.7,83,0,,229,16.6,,1023.8,,3
2024-11-23 05:00:00,0.2,-2.8,80,0,,218,15.1,,1024.5,,3
2024-11-23 06:00:00,-1.4,-4.1,82,0,,212,14.4,,1025.2,,3
2024-11-23 07:00:00,-2.2,-4.5,84,0,,206,15.5,,1025.5,,3
2024-11-23 08:00:00,-2.4,-4.7,84,0,,207,14.8,,1026.2,,3
2024-11-23 09:00:00,-1,-4.2,79,0,,206,13.7,,1025.9,,3
2024-11-23 10:00:00,0,-3.4,78,0,,200,10.4,,1025.5,,3
2024-11-23 11:00:00,2,-2.9,70,0,,196,11.9,,1024.7,,3
2024-11-23 12:00:00,3.1,-2.8,65,0,,205,11.2,,1024.3,,3
2024-11-23 13:00:00,3.1,-2.8,65,0,,194,9.4,,1023.7,,3
2024-11-23 14:00:00,2.9,-2.8,66,0,,178,11.5,,1023.1,,3
2024-11-23 15:00:00,3.3,-3.1,63,0,,194,14.4,,1022.9,,3
2024-11-23 16:00:00,2.5,-4.3,61,0,,197,15.5,,1022.2,,3
2024-11-23 17:00:00,1.9,-5.5,58,0,,196,16.6,,1021.7,,3
2024-11-23 18:00:00,1.3,-6,58,0,,205,15.5,,1021.4,,3
2024-11-23 19:00:00,2.8,-5.6,54,0,,210,18,,1020.7,,3
2024-11-23 20:00:00,2.9,-6.5,50,0,,210,19.8,,1020.1,,3
2024-11-23 21:00:00,2.9,-7.9,45,0,,211,19.8,,1020.3,,3
2024-11-23 22:00:00,4.1,-7.7,42,0,,219,21.2,,1019.9,,3
2024-11-23 23:00:00,4.6,-7.2,42,0,,218,21.6,,1020,,3
2024-11-24 00:00:00,4.6,-6.6,44,0,,217,22.3,,1020.2,,3
2024-11-24 01:00:00,5.2,-5.8,45,0,,214,24.1,,1020,,3
2024-11-24 02:00:00,6,-4.5,47,0,,217,24.1,,1019.6,,3
2024-11-24 03:00:00,7.1,-2.6,50,0,,225,24.8,,1019.7,,3
2024-11-24 04:00:00,7.6,-1.1,54,0,,219,24.1,,1019.2,,3
2024-11-24 05:00:00,8.3,0.3,57,0,,218,23,,1019.2,,3
2024-11-24 06:00:00,8.2,0.7,59,0,,219,23.8,,1019.4,,3
2024-11-24 07:00:00,8.1,-0.1,56,0,,226,20.9,,1019.4,,3
2024-11-24 08:00:00,8.2,0.2,57,0,,221,24.1,,1019.7,,3
2024-11-24 09:00:00,9.2,1.1,57,0,,217,23.4,,1020.2,,3
2024-11-24 10:00:00,10.1,2,57,0,,214,21.2,,1020.3,,3
2024-11-24 11:00:00,11.7,2.7,54,0,,203,21.6,,1020.2,,3
2024-11-24 12:00:00,13.9,5.3,56,0,,198,23.8,,1019.4,,3
2024-11-24 13:00:00,14.9,6.2,56,0,,196,23.8,,1018.7,,3
2024-11-24 14:00:00,14.8,4.5,50,0,,201,21.2,,1018.5,,3
2024-11-24 15:00:00,13.8,4.1,52,0,,199,18.4,,1018.4,,3
2024-11-24 16:00:00,11.9,3.1,55,0,,196,16.9,,1018.2,,3
2024-11-24 17:00:00,10.6,2.7,58,0,,190,17.6,,1018.7,,3
2024-11-24 18:00:00,9.7,1.8,58,0,,194,17.6,,1019,,3
2024-11-24 19:00:00,9.2,1.6,59,0,,206,16.6,,1018.8,,3
2024-11-24 20:00:00,8.4,1.5,62,0,,212,14.8,,1018.6,,3
2024-11-24 21:00:00,7.7,1.5,65,0,,210,15.1,,1018.5,,3
2024-11-24 22:00:00,8.2,1.4,62,0,,203,17.6,,1018.4,,3
2024-11-24 23:00:00,8.2,1.1,61,0,,209,18,,1018.2,,3
2024-11-25 00:00:00,8.3,0.5,58,0,,211,18.4,,1017.9,,3
2024-11-25 01:00:00,7.5,-0.5,57,0,,211,16.9,,1017.6,,3
2024-11-25 02:00:00,7.1,-1.1,56,0,,213,18,,1017,,3
2024-11-25 03:00:00,7.7,-0.8,55,0,,224,19.8,,1017,,3
2024-11-25 04:00:00,7.8,-0.9,54,0,,218,20.2,,1016.6,,3
2024-11-25 05:00:00,8.2,-0.8,53,0,,214,20.5,,1016.2,,3
2024-11-25 06:00:00,8.9,-1.2,49,0,,209,22.7,,1015.5,,2
2024-11-25 07:00:00,10,-1.7,44,0,,208,24.5,,1014.6,,2
2024-11-25 08:00:00,10.5,-1.6,43,0,,210,24.5,,1014,,3
2024-11-25 09:00:00,11.1,-0.4,45,0,,211,23.8,,1013.7,,2
2024-11-25 10:00:00,12.7,1.4,46,0,,219,22,,1013.2,,3
2024-11-25 11:00:00,14.4,2.6,45,0,,214,20.2,,1012.4,,3
2024-11-25 12:00:00,15.4,3.2,44,0,,214,18,,1011.6,,3
2024-11-25 13:00:00,15.9,4.3,46,0,,221,18,,1010.8,,1
2024-11-25 14:00:00,15.7,3.8,45,0,,208,21.2,,1010.8,,1
2024-11-25 15:00:00,14.8,1.7,41,0,,209,20.9,,1010.8,,2
2024-11-25 16:00:00,13.7,0.3,40,0,,206,18.7,,1010.6,,3
2024-11-25 17:00:00,13.2,-0.5,39,0,,214,18,,1010.8,,3
2024-11-25 18:00:00,11.2,-0.3,45,0,,221,16.6,,1011.4,,2
2024-11-25 19:00:00,10.4,-0.1,48,0,,221,16.6,,1011.7,,3
2024-11-25 20:00:00,10.1,0.1,50,0,,235,15.1,,1012.5,,3
2024-11-25 21:00:00,9.9,1.3,55,0,,242,14.4,,1013.3,,3
2024-11-25 22:00:00,11,6.3,73,0.1,,252,21.6,,1014.4,,8
2024-11-25 23:00:00,10.8,8.7,87,0.9,,254,21.2,,1014.2,,9
2024-11-26 00:00:00,10.1,8.9,92,1.2,,244,18,,1015,,9
2024-11-26 01:00:00,9.3,8.7,96,2.4,,224,14.4,,1016,,9
2024-11-26 02:00:00,9.1,8.6,97,1.7,,223,13.3,,1017,,9
2024-11-26 03:00:00,8.8,8.2,96,0.3,,227,12.6,,1018,,8
2024-11-26 04:00:00,8.4,8,97,3.1,,245,15.1,,1018.2,,8
2024-11-26 05:00:00,8.2,7.6,96,2.1,,247,18,,1019.2,,9
2024-11-26 06:00:00,7.7,6.9,95,1.5,,251,14.4,,1020.2,,8
2024-11-26 07:00:00,7.3,6.4,94,0.2,,242,13.3,,1020.7,,8
2024-11-26 08:00:00,7,6.1,94,0,,225,13.7,,1021.3,,3
2024-11-26 09:00:00,7.1,6,93,0,,228,14.8,,1021.7,,2
2024-11-26 10:00:00,8.3,6.1,86,0,,234,14.4,,1022,,1
2024-11-26 11:00:00,9.4,5.8,78,0,,238,18.7,,1022,,1
2024-11-26 12:00:00,10.2,5,70,0,,244,19.1,,1021.7,,2
2024-11-26 13:00:00,10.4,4.5,67,0,,247,19.4,,1021.4,,2
2024-11-26 14:00:00,10.8,3.8,62,0,,243,16.6,,1021.9,,2
2024-11-26 15:00:00,10.2,3.9,65,0,,240,14.4,,1022,,3
2024-11-26 16:00:00,9,4,71,0,,239,11.2,,1022.4,,3
2024-11-26 17:00:00,7.5,3.9,78,0,,241,10.4,,1022.9,,3
2024-11-26 18:00:00,6.3,3.8,84,0,,222,10.1,,1023.4,,3
2024-11-26 19:00:00,5.5,3.3,86,0,,215,10.8,,1023.8,,3
2024-11-26 20:00:00,5.1,3.3,88,0,,213,11.5,,1024,,3
2024-11-26 21:00:00,4.6,3.1,90,0,,219,11.5,,1024.2,,3
2024-11-26 22:00:00,4.5,3,90,0,,221,10.8,,1024.4,,3
2024-11-26 23:00:00,4.1,2.8,91,0,,220,9.4,,1024.3,,3
2024-11-27 00:00:00,3.7,2.5,92,0,,216,7.2,,1024.2,,3
2024-11-27 01:00:00,3.1,1.9,92,0,,216,7.6,,1023.9,,3
2024-11-27 02:00:00,3.1,2.1,93,0,,222,7.2,,1024.1,,3
2024-11-27 03:00:00,2.7,1.7,93,0,,230,6.5,,1024.2,,3
2024-11-27 04:00:00,2.6,1.6,93,0,,220,6.5,,1023.8,,3
2024-11-27 05:00:00,2.6,1.6,93,0,,212,6.5,,1023.5,,3
2024-11-27 06:00:00,2.3,1.3,93,0,,237,6.8,,1023.4,,3
2024-11-27 07:00:00,1.9,0.9,93,0,,222,7.6,,1023.3,,3
2024-11-27 08:00:00,1.6,0.4,92,0,,228,8.3,,1023.4,,1
2024-11-27 09:00:00,3.7,2.5,92,0,,224,10.4,,1023.7,,2
2024-11-27 10:00:00,5.9,3.7,86,0,,261,9,,1023.5,,2
2024-11-27 11:00:00,8.2,5.3,82,0,,243,7.9,,1023.1,,2
2024-11-27 12:00:00,10.2,5.8,74,0,,219,11.5,,1022.1,,3
2024-11-27 13:00:00,11.3,4.5,63,0,,221,13.3,,1021.5,,2
2024-11-27 14:00:00,11.7,4,59,0,,206,13.3,,1020.6,,1
2024-11-27 15:00:00,11,4.2,63,0,,203,14,,1020.4,,1
2024-11-27 16:00:00,9.3,3.7,68,0,,198,15.5,,1020.1,,1
2024-11-27 17:00:00,8,2.2,67,0,,201,17.6,,1020.1,,2
2024-11-27 18:00:00,8,1.6,64,0,,208,19.8,,1020.1,,3
2024-11-27 19:00:00,8.3,1.2,61,0,,213,21.2,,1019.9,,3
2024-11-27 20:00:00,9.2,1.4,58,0,,225,22.3,,1019.8,,3
2024-11-27 21:00:00,9.8,2.4,60,0,,227,22.3,,1019.6,,3
2024-11-27 22:00:00,10.1,3.1,62,0,,227,22.7,,1019.1,,3
2024-11-27 23:00:00,10.5,4.6,67,0.5,,234,23,,1018.9,,7
2024-11-28 00:00:00,8.7,7.3,91,1.4,,231,23.4,,1019.1,,9
2024-11-28 01:00:00,8.7,7.8,94,1.9,,230,24.8,,1018.9,,9
2024-11-28 02:00:00,8.9,7.7,92,0.2,,237,24.5,,1019.2,,8
2024-11-28 03:00:00,9.2,7.6,90,0.1,,240,23.8,,1019.6,,7
2024-11-28 04:00:00,9.1,7.5,90,0,,241,23.8,,1019.8,,3
2024-11-28 05:00:00,8.8,7.6,92,0.2,,255,20.5,,1020.3,,7
2024-11-28 06:00:00,7.5,6.9,96,1.4,,304,16.2,,1021.5,,9
2024-11-28 07:00:00,5.6,4.7,94,1.5,,283,10.4,,1023.1,,8
2024-11-28 08:00:00,5.3,4.4,94,0.5,,254,8.6,,1024.1,,8
2024-11-28 09:00:00,5,4.3,95,0,,252,10.8,,1025.1,,8
2024-11-28 10:00:00,4.9,3.9,93,0.3,,258,11.9,,1025.5,,7
2024-11-28 11:00:00,5.4,3.4,87,0,,281,13.7,,1026.1,,3
2024-11-28 12:00:00,6,1.5,73,0,,303,14.4,,1026.4,,3
2024-11-28 13:00:00,6.3,1,69,0,,301,14.4,,1026.4,,3
2024-11-28 14:00:00,6.3,0.6,67,0,,298,14.8,,1026.8,,2
2024-11-28 15:00:00,5.9,0.2,67,0,,305,14,,1027.5,,2
2024-11-28 16:00:00,5.3,0.3,70,0,,282,9.4,,1028.4,,3
2024-11-28 17:00:00,4.2,0.2,75,0,,264,7.6,,1028.9,,3
2024-11-28 18:00:00,3.9,-0.1,75,0,,256,8.6,,1029.8,,3
2024-11-28 19:00:00,2.9,-0.2,80,0,,243,9,,1030.2,,3
2024-11-28 20:00:00,1.8,-0.1,87,0,,234,8.3,,1031,,1
2024-11-28 21:00:00,0.9,-0.4,91,0,,228,7.2,,1031.7,,1
2024-11-28 22:00:00,0.2,-0.9,92,0,,224,6.1,,1032,,1
2024-11-28 23:00:00,-0.5,-1.5,93,0,,230,5.4,,1032.1,,1
2024-11-29 00:00:00,-1.1,-2.1,93,0,,230,5.4,,1032.3,,1
2024-11-29 01:00:00,-1.2,-2.2,93,0,,213,5.4,,1032.6,,1
2024-11-29 02:00:00,-1.4,-2.4,93,0,,204,4.3,,1033,,1
2024-11-29 03:00:00,-1.2,-2.2,93,0,,204,4.3,,1033.4,,2
2024-11-29 04:00:00,-1.6,-2.4,94,0,,216,4,,1033,,2
2024-11-29 05:00:00,-1.4,-2.4,93,0,,226,4,,1033,,3
2024-11-29 06:00:00,-1.5,-2.5,93,0,,243,2.9,,1033.2,,2
2024-11-29 07:00:00,-1.9,-2.9,93,0,,299,2.2,,1033.2,,2
2024-11-29 08:00:00,-2.3,-3.1,94,0,,286,3.6,,1033.3,,2
2024-11-29 09:00:00,-0.7,-1.4,95,0,,278,5.8,,1033.6,,1
2024-11-29 10:00:00,1.7,-0.1,88,0,,20,6.1,,1033.8,,1
2024-11-29 11:00:00,3.7,0.9,82,0,,45,5.8,,1033.5,,1
2024-11-29 12:00:00,5.2,1.5,77,0,,60,6.8,,1032.8,,1
2024-11-29 13:00:00,6.1,1,70,0,,68,7.6,,1032,,1
2024-11-29 14:00:00,6.4,0.5,66,0,,67,8.6,,1031.8,,1
2024-11-29 15:00:00,6,0.3,67,0,,59,9.7,,1031.8,,1
2024-11-29 16:00:00,4.1,0.6,78,0,,52,7.6,,1032,,1
2024-11-29 17:00:00,1.6,-0.5,86,0,,64,7.9,,1032,,1
2024-11-29 18:00:00,-0.2,-1.6,90,0,,89,7.9,,1032.7,,1
2024-11-29 19:00:00,-1.3,-2.4,92,0,,92,8.3,,1033.1,,1
2024-11-29 20:00:00,-1.8,-2.9,92,0,,93,8.3,,1033.4,,1
2024-11-29 21:00:00,-2,-3.1,92,0,,45,8.6,,1033.6,,1
2024-11-29 22:00:00,-2.1,-3.2,92,0,,36,9,,1033.5,,1
2024-11-29 23:00:00,-1.9,-3.3,90,0,,344,8.3,,1033.2,,1
2024-11-30 00:00:00,-2.1,-3.5,90,0,,341,5,,1033.2,,1
2024-11-30 01:00:00,-2.6,-3.6,93,0,,346,5.4,,1032.6,,1
2024-11-30 02:00:00,-2.8,-3.6,94,0,,345,5.8,,1032.2,,1
2024-11-30 03:00:00,-3.1,-3.9,94,0,,296,5.8,,1032.2,,1
2024-11-30 04:00:00,-3.1,-3.5,97,0,,123,5.8,,1032,,1
2024-11-30 05:00:00,-3.5,-3.9,97,0,,148,6.1,,1031.6,,1
2024-11-30 06:00:00,-3.7,-4.1,97,0,,250,5.4,,1031.6,,5
2024-11-30 07:00:00,-3.9,-4.3,97,0,,179,5,,1031.5,,5
2024-11-30 08:00:00,-4,-4.5,96,0,,180,4.7,,1032,,5
2024-11-30 09:00:00,-2.4,-2.9,96,0,,200,6.1,,1032.6,,5
2024-11-30 10:00:00,-0.2,-1.3,92,0,,268,5,,1032.4,,5
2024-11-30 11:00:00,2.3,-0.5,82,0,,326,3.6,,1031.7,,2
2024-11-30 12:00:00,4.5,-0.1,72,0,,332,4.3,,1030.7,,1
2024-11-30 13:00:00,5.8,-0.1,66,0,,322,5.4,,1030.1,,1
2024-11-30 14:00:00,6,-0.9,61,0,,347,4.3,,1030.1,,2
2024-11-30 15:00:00,4.8,0.9,76,0,,50,3.6,,1029.5,,3
2024-11-30 16:00:00,2.1,-1.5,77,0,,72,5,,1029,,3
2024-11-30 17:00:00,0.1,-2.4,83,0,,84,5,,1029.1,,3
2024-11-30 18:00:00,-1.4,-3.3,87,0,,152,6.8,,1029.2,,2
2024-11-30 19:00:00,-2.7,-4.1,90,0,,192,6.5,,1029.9,,1
2024-11-30 20:00:00,-3.4,-4.8,90,0,,206,6.1,,1030.1,,1
2024-11-30 21:00:00,-3.9,-5.1,91,0,,188,6.5,,1029.9,,1
2024-11-30 22:00:00,-4.3,-5.4,92,0,,234,6.1,,1029.7,,1
2024-11-30 23:00:00,-4.2,-5.3,92,0,,232,5.8,,1029.9,,1
2024-12-01 00:00:00,-5.1,-6.1,93,0,,218,6.1,,1030,,1
2024-12-01 01:00:00,-5.4,-6.2,94,0,,227,6.1,,1029.5,,1
2024-12-01 02:00:00,-5.6,-6.4,94,0,,235,5.4,,1028.9,,2
2024-12-01 03:00:00,-5.7,-6.5,94,0,,237,5.8,,1028.9,,1
2024-12-01 04:00:00,-5.8,-6.6,94,0,,223,6.8,,1028.4,,2
2024-12-01 05:00:00,-4.1,-5.1,93,0,,229,7.6,,1028.4,,3
2024-12-01 06:00:00,-3.9,-5,92,0,,228,7.9,,1028.2,,3
2024-12-01 07:00:00,-3.7,-5,91,0,,228,7.6,,1028,,3
2024-12-01 08:00:00,-3.7,-5,91,0,,231,7.2,,1027.8,,3
2024-12-01 09:00:00,-2.1,-3.8,88,0,,232,9,,1028,,3
2024-12-01 10:00:00,0.1,-2.6,82,0,,233,6.1,,1027.6,,2
2024-12-01 11:00:00,2.4,-2.1,72,0,,250,4.7,,1027.1,,1
2024-12-01 12:00:00,4.4,-1.8,64,0,,254,4.7,,1026.1,,2
2024-12-01 13:00:00,5.7,-1.5,60,0,,243,4.7,,1025.3,,3
2024-12-01 14:00:00,6.3,-0.9,60,0,,225,4,,1024.7,,3
2024-12-01 15:00:00,5.7,-6.2,42,0,,228,4.7,,1024.4,,2
2024-12-01 16:00:00,3.2,-6.7,48,0,,213,5.8,,1024,,1
2024-12-01 17:00:00,0.1,-7.6,56,0,,203,7.9,,1024.2,,2
2024-12-01 18:00:00,-0.9,-8.6,56,0,,209,9.7,,1024.4,,1
2024-12-01 19:00:00,-0.4,-9.5,50,0,,213,9.4,,1024.2,,1
2024-12-01 20:00:00,0.1,-8.8,51,0,,218,9.7,,1024.1,,3
2024-12-01 21:00:00,0.5,-8.5,51,0,,222,9.4,,1023.4,,3
2024-12-01 22:00:00,0.6,-7.9,53,0,,232,10.8,,1023.3,,1
2024-12-01 23:00:00,1.1,-7.2,54,0,,227,10.4,,1023,,1
2024-12-02 00:00:00,1.5,-6.6,55,0,,231,10.8,,1022.6,,2
2024-12-02 01:00:00,2.6,-5.8,54,0,,225,10.8,,1022,,3
2024-12-02 02:00:00,3.7,-5.2,52,0,,229,10.4,,1021.8,,3
2024-12-02 03:00:00,4.3,-4.7,52,0,,220,10.1,,1021.7,,3
2024-12-02 04:00:00,4.4,-4.1,54,0,,216,9.4,,1021,,3
2024-12-02 05:00:00,3.1,-3.3,63,0.1,,215,9.7,,1020.6,,3
2024-12-02 06:00:00,2.4,-2.3,71,0,,225,11.2,,1020.6,,2
2024-12-02 07:00:00,2.6,-1,77,0,,221,11.9,,1020.3,,2
2024-12-02 08:00:00,3.3,-0.3,77,0,,222,12.6,,1020.3,,3
2024-12-02 09:00:00,4.9,1.6,79,0,,224,13.7,,1020.5,,3
2024-12-02 10:00:00,7.4,2.9,73,0,,223,14,,1020.2,,3
2024-12-02 11:00:00,9.4,3.8,68,0,,219,14,,1019.8,,3
2024-12-02 12:00:00,10.3,4,65,0,,234,13,,1019,,3
2024-12-02 13:00:00,10.9,4.8,66,0,,242,12.2,,1018.1,,3
2024-12-02 14:00:00,11.1,5.4,68,0,,236,10.4,,1017.6,,3
2024-12-02 15:00:00,9.1,5.8,80,0,,234,10.4,,1016.9,,3
2024-12-02 16:00:00,7.3,5.3,87,0,,231,11.2,,1017.1,,3
2024-12-02 17:00:00,5.9,4.7,92,0,,230,11.2,,1017.2,,3
2024-12-02 18:00:00,3.6,3.2,97,0,,221,10.4,,1017.3,,8
2024-12-02 19:00:00,3.4,3.1,98,0.3,,211,13.7,,1017.2,,8
2024-12-02 20:00:00,3.9,3.5,97,0.1,,222,13.3,,1017.2,,9
2024-12-02 21:00:00,3.9,3.5,97,0.3,,226,14,,1017.5,,9
2024-12-02 22:00:00,4.4,4.1,98,0.1,,232,13.7,,1017.5,,8
2024-12-02 23:00:00,4,3.7,98,3.2,,234,12.2,,1017.8,,7
2024-12-03 00:00:00,3.6,3.3,98,0,,224,11.9,,1018.1,,3
2024-12-03 01:00:00,3,2.9,99,0,,223,11.9,,1018.1,,3
2024-12-03 02:00:00,2.8,2.7,99,0,,228,12.2,,1018.4,,3
2024-12-03 03:00:00,4.9,4.6,98,0,,225,12.2,,1018.7,,3
2024-12-03 04:00:00,4.6,4.2,97,0,,220,13,,1018.6,,3
2024-12-03 05:00:00,4.1,3.7,97,0,,220,12.6,,1018.7,,3
2024-12-03 06:00:00,3.7,3.3,97,0,,224,13.3,,1019,,3
2024-12-03 07:00:00,3.4,3,97,0,,230,14,,1019.5,,3
2024-12-03 08:00:00,3.4,2.8,96,0,,236,13.7,,1019.9,,3
2024-12-03 09:00:00,3.4,2.8,96,0,,230,14.4,,1020.6,,3
2024-12-03 10:00:00,4,3,93,0,,239,17.3,,1021.1,,3
2024-12-03 11:00:00,4.8,2.3,84,0,,247,19.1,,1021,,3
2024-12-03 12:00:00,5.3,1.8,78,0,,245,16.6,,1020.9,,3
2024-12-03 13:00:00,5.7,1.4,74,0,,246,15.1,,1020.5,,3
2024-12-03 14:00:00,5.2,1.7,78,0,,243,13.3,,1020.7,,3
2024-12-03 15:00:00,4.8,2,82,0,,240,12.2,,1020.8,,3
2024-12-03 16:00:00,4.2,2.1,86,0,,237,11.9,,1021.3,,3
2024-12-03 17:00:00,3.9,2.3,89,0.2,,242,10.8,,1021.8,,7
2024-12-03 18:00:00,3.9,2.3,89,0,,245,9.7,,1021.8,,7
2024-12-03 19:00:00,3.6,2.6,93,0.2,,238,8.6,,1022.2,,7
2024-12-03 20:00:00,3.1,2.7,97,0,,230,9.4,,1022.6,,8
2024-12-03 21:00:00,3,2.6,97,0,,218,8.3,,1023.1,,8
2024-12-03 22:00:00,2.9,2.6,98,0,,208,6.5,,1023.3,,8
2024-12-03 23:00:00,2.9,2.8,99,0,,223,5.4,,1023.2,,8
2024-12-04 00:00:00,2.8,2.5,98,0,,217,5.4,,1023.4,,3
2024-12-04 01:00:00,2.5,2.4,99,0,,250,3.6,,1023.4,,3
2024-12-04 02:00:00,2.1,1.8,98,0,,271,5,,1023.6,,3
2024-12-04 03:00:00,1.9,1.5,97,0,,307,6.5,,1024,,8
2024-12-04 04:00:00,1.9,1.6,98,0.2,,353,7.2,,1024.3,,8
2024-12-04 05:00:00,1.5,1.2,98,0.4,,330,5,,1024.7,,8
2024-12-04 06:00:00,1.2,0.8,97,0.5,,183,2.2,,1024.8,,5
2024-12-04 07:00:00,0.6,0.3,98,0.1,,233,2.5,,1025.1,,3
2024-12-04 08:00:00,-0.7,-0.8,99,0,,299,6.5,,1026.1,,3
2024-12-04 09:00:00,1.3,1,98,0,,316,8.3,,1026.6,,5
2024-12-04 10:00:00,1.9,1.2,95,0,,336,7.2,,1027.2,,3
2024-12-04 11:00:00,2.6,1.3,91,0,,339,4.3,,1027.4,,3
2024-12-04 12:00:00,3.4,1.3,86,0,,282,5,,1027,,3
2024-12-04 13:00:00,3.5,0.9,83,0,,299,6.1,,1026.8,,17
2024-12-04 14:00:00,3.7,0.2,78,0,,304,6.1,,1027.4,,17
2024-12-04 15:00:00,3.7,-0.5,74,0,,300,7.2,,1027.5,,3
2024-12-04 16:00:00,2.7,-0.4,80,0,,352,8.6,,1028.1,,3
2024-12-04 17:00:00,1.4,-0.5,87,0,,27,5,,1029,,12
2024-12-04 18:00:00,1.1,-0.2,91,0,,80,5.4,,1029.7,,3
2024-12-04 19:00:00,-0.2,-1,94,0,,100,3.2,,1030.1,,3
2024-12-04 20:00:00,-0.5,-1.3,94,0,,148,1.8,,1030.5,,3
2024-12-04 21:00:00,-1.2,-1.9,95,0,,252,2.9,,1030.7,,2
2024-12-04 22:00:00,-1.9,-2.6,95,0,,254,4,,1030.8,,2
2024-12-04 23:00:00,-2.7,-3.2,96,0,,210,6.8,,1030.9,,2
2024-12-05 00:00:00,-2.3,-3.6,91,0,,213,6.1,,1030.7,,2
2024-12-05 01:00:00,-3.1,-4.4,91,0,,217,5.4,,1030.5,,1
2024-12-05 02:00:00,-3.3,-4.6,91,0,,238,5.4,,1030.3,,1
2024-12-05 03:00:00,-3.5,-4.8,91,0,,234,6.8,,1030.6,,1
2024-12-05 04:00:00,-3.7,-5.1,90,0,,201,5.8,,1030,,2
2024-12-05 05:00:00,-3.9,-5,92,0,,194,5,,1029.1,,3
2024-12-05 06:00:00,-3.7,-4.8,92,0,,226,5.8,,1029,,3
2024-12-05 07:00:00,-3.6,-4.9,91,0,,206,6.8,,1028.6,,3
2024-12-05 08:00:00,-3.7,-5.2,89,0,,191,7.6,,1028.2,,1
2024-12-05 09:00:00,-1.8,-3.4,89,0,,212,8.6,,1027.9,,1
2024-12-05 10:00:00,0.7,-2,82,0,,240,9,,1027.7,,1
2024-12-05 11:00:00,2.6,-1.6,74,0,,206,8.6,,1026.7,,3
2024-12-05 12:00:00,4,-1.4,68,0,,203,10.1,,1025.4,,3
2024-12-05 13:00:00,5,-1.7,62,0,,228,10.1,,1024.7,,3
2024-12-05 14:00:00,5,-1.5,63,0,,213,9.4,,1024.2,,3
2024-12-05 15:00:00,4.7,-3.8,54,0,,197,10.8,,1022.7,,3
2024-12-05 16:00:00,3.4,-3.6,60,0,,198,12.2,,1022.2,,3
2024-12-05 17:00:00,3.2,-3.8,60,0,,198,15.8,,1021.1,,3
2024-12-05 18:00:00,3.3,-3.9,59,0.1,,212,16.6,,1020.9,,12
2024-12-05 19:00:00,3,-2.9,65,0.3,,209,19.8,,1020.4,,12
2024-12-05 20:00:00,3.2,-1.5,71,0.2,,219,22,,1018.9,,3
2024-12-05 21:00:00,4.2,-1,69,0,,219,22.7,,1017.6,,3
2024-12-05 22:00:00,4.5,0.1,73,0,,216,22,,1016.5,,3
2024-12-05 23:00:00,5,1.3,77,0,,218,20.9,,1015.6,,3
2024-12-06 00:00:00,5.8,2.8,81,0,,223,23,,1014.2,,7
2024-12-06 01:00:00,4.5,2.7,88,0,,202,25.2,,1012,,9
2024-12-06 02:00:00,3.8,2.9,94,0.2,,202,24.5,,1010.3,,9
2024-12-06 03:00:00,5.8,4.6,92,1.4,,212,32.8,,1007.3,,9
2024-12-06 04:00:00,6.8,5.7,93,0.9,,229,32.4,,1006,,9
2024-12-06 05:00:00,6.9,6,94,0.6,,249,35.3,,1006.4,,9
2024-12-06 06:00:00,6.5,5.6,94,0.2,,256,31,,1007.3,,8
2024-12-06 07:00:00,5.9,4.9,93,0.6,,260,28.4,,1008.9,,7
2024-12-06 08:00:00,5.3,4.3,93,0,,260,27.4,,1010.6,,3
2024-12-06 09:00:00,5,3.7,91,0,,264,26.3,,1012.2,,5
2024-12-06 10:00:00,4.9,3.4,90,0,,262,25.6,,1013.6,,8
2024-12-06 11:00:00,5,3,87,0,,263,26.6,,1014.8,,7
2024-12-06 12:00:00,5.9,2.4,78,0,,262,23,,1015.6,,3
2024-12-06 13:00:00,6.4,2.3,75,0,,262,23,,1015.7,,3
2024-12-06 14:00:00,6.4,1.7,72,0,,261,24.8,,1016,,3
2024-12-06 15:00:00,6.4,1.3,70,0,,261,27.7,,1016.3,,3
2024-12-06 16:00:00,5.7,1,72,0,,260,26.6,,1017.1,,2
2024-12-06 17:00:00,4.6,0.4,74,0,,256,24.8,,1018.3,,2
2024-12-06 18:00:00,4.4,0.2,74,0,,255,23,,1019.6,,2
2024-12-06 19:00:00,4.2,0,74,0,,252,22.3,,1020.6,,3
2024-12-06 20:00:00,3.8,0,76,0,,251,22,,1021.5,,3
2024-12-06 21:00:00,3.7,0,77,0,,254,21.6,,1021.6,,3
2024-12-06 22:00:00,2.6,-0.7,79,0,,241,17.3,,1022.2,,3
2024-12-06 23:00:00,2,-0.4,84,0,,231,16.2,,1022.1,,3
2024-12-07 00:00:00,1.6,-0.5,86,0,,223,15.8,,1021.6,,3
2024-12-07 01:00:00,1.2,-0.7,87,0,,213,13.7,,1020.5,,3
2024-12-07 02:00:00,0.8,-0.8,89,0,,210,11.9,,1019.3,,3
2024-12-07 03:00:00,0.6,-1.2,88,0,,197,13.3,,1018.2,,3
2024-12-07 04:00:00,0.9,-1.2,86,0,,196,14.4,,1016.4,,3
2024-12-07 05:00:00,2.3,-1.3,77,0,,196,15.8,,1014.6,,3
2024-12-07 06:00:00,3,-2.5,67,0,,202,17.3,,1013,,3
2024-12-07 07:00:00,4.3,-4.7,52,0,,200,19.4,,1011.2,,3
2024-12-07 08:00:00,5.2,-3.6,53,0,,204,20.2,,1009.9,,3
2024-12-07 09:00:00,5.6,-3.5,52,0,,214,19.8,,1008.5,,3
2024-12-07 10:00:00,6.1,-2.3,55,0,,200,19.4,,1006.6,,3
2024-12-07 11:00:00,7.5,-1.5,53,0,,206,19.4,,1004.8,,3
2024-12-07 12:00:00,6.2,1.5,72,0,,212,18.7,,1003.7,,8
2024-12-07 13:00:00,5.2,4.2,93,0,,204,19.4,,1002.4,,9
2024-12-07 14:00:00,6.5,5.5,93,0.6,,226,22.7,,1001.6,,9
2024-12-07 15:00:00,7.4,6.5,94,0.1,,235,24.1,,1001.9,,9
2024-12-07 16:00:00,6.7,6,95,0.2,,239,22.3,,1002.9,,8
2024-12-07 17:00:00,6.2,4.8,91,0.6,,228,18.4,,1002.8,,8
2024-12-07 18:00:00,5.5,4.5,93,0,,219,19.1,,1002.9,,3
2024-12-07 19:00:00,5.4,4,91,0,,221,18.4,,1002.8,,3
2024-12-07 20:00:00,4.8,3.5,91,0.3,,219,16.6,,1002.7,,3
2024-12-07 21:00:00,4.1,2.6,90,0,,211,16.6,,1002.7,,3
2024-12-07 22:00:00,3.5,1.7,88,0,,213,16.6,,1002.5,,3
2024-12-07 23:00:00,3.4,1.1,85,0,,217,15.8,,1002.8,,3
2024-12-08 00:00:00,3.5,0.6,81,0,,211,15.8,,1002.7,,3
2024-12-08 01:00:00,3.4,-0.1,78,0,,201,16.6,,1002.7,,3
2024-12-08 02:00:00,3.5,-0.3,76,0,,200,16.6,,1002.3,,3
2024-12-08 03:00:00,3.5,-0.3,76,0,,202,16.6,,1002.1,,3
2024-12-08 04:00:00,3.1,-0.4,78,0,,202,16.6,,1002,,3
2024-12-08 05:00:00,2.6,-0.3,81,0,,206,16.9,,1002,,3
2024-12-08 06:00:00,2.1,-0.5,83,0,,211,14,,1002.2,,2
2024-12-08 07:00:00,1.4,-0.5,87,0,,194,13.3,,1003.2,,2
2024-12-08 08:00:00,1.7,-0.2,87,0,,206,10.8,,1003.6,,3
2024-12-08 09:00:00,1.5,-0.1,89,0,,182,8.3,,1004.5,,3
2024-12-08 10:00:00,3.4,0.8,83,0,,142,7.6,,1005.5,,3
2024-12-08 11:00:00,4.7,1,77,0,,180,5.8,,1005.7,,3
2024-12-08 12:00:00,5.7,1,72,0,,192,4.7,,1005.7,,3
2024-12-08 13:00:00,5.8,1,71,0,,59,5.4,,1005.9,,3
2024-12-08 14:00:00,5.6,1.1,73,0,,58,9.7,,1006.5,,3
2024-12-08 15:00:00,5.1,1.4,77,0,,64,9.7,,1007.4,,3
2024-12-08 16:00:00,4.1,1.6,84,0,,51,9.4,,1008,,3
2024-12-08 17:00:00,3.2,2,92,0,,44,10.8,,1009,,7
2024-12-08 18:00:00,3,2.6,97,0,,46,12.6,,1009.9,,8
2024-12-08 19:00:00,2.6,2.3,98,0,,38,11.5,,1010.2,,8
2024-12-08 20:00:00,2.7,2.4,98,0,,30,12.2,,1010.6,,7
2024-12-08 21:00:00,3,2.9,99,0.3,,25,14.8,,1011.1,,8
2024-12-08 22:00:00,3,2.7,98,0.1,,26,18,,1011.5,,8
2024-12-08 23:00:00,2.8,2.5,98,0.3,,27,19.1,,1012.3,,8
2024-12-09 00:00:00,2.7,2.6,99,0,,28,17.6,,1012.9,,8
2024-12-09 01:00:00,2.8,2.7,99,0,,30,17.3,,1013.3,,8
2024-12-09 02:00:00,2.7,2.6,99,0,,30,17.3,,1013.7,,7
2024-12-09 03:00:00,2.7,2.6,99,0,,35,18,,1014.1,,7
2024-12-09 04:00:00,2.7,2.3,97,0,,39,18.4,,1014.4,,7
2024-12-09 05:00:00,2.5,1.9,96,0,,39,18.4,,1014.9,,3
2024-12-09 06:00:00,2.4,1.7,95,0,,38,18.4,,1015.7,,3
2024-12-09 07:00:00,2.3,1.6,95,0,,35,18.7,,1016.5,,3
2024-12-09 08:00:00,2,1.3,95,0,,32,19.1,,1017.4,,7
2024-12-09 09:00:00,1.8,0.9,94,0,,31,19.8,,1018.4,,7
2024-12-09 10:00:00,1.9,0.6,91,0,,36,18.4,,1019.2,,3
2024-12-09 11:00:00,2,0.2,88,0,,39,17.3,,1019.6,,3
2024-12-09 12:00:00,2.5,-0.3,82,0,,40,16.9,,1019.5,,3
2024-12-09 13:00:00,2.7,-0.6,79,0,,34,15.5,,1019.3,,3
2024-12-09 14:00:00,2.6,-0.7,79,0,,32,15.5,,1019.2,,3
2024-12-09 15:00:00,2.3,-0.3,83,0,,29,16.2,,1019.5,,3
2024-12-09 16:00:00,1.9,0,87,0,,23,14,,1019.8,,3
2024-12-09 17:00:00,1.9,0.6,91,0,,20,12.6,,1020,,3
2024-12-09 18:00:00,1.9,1,94,0,,22,11.9,,1020.2,,3
2024-12-09 19:00:00,2,1.3,95,0,,31,13.7,,1020.5,,3
2024-12-09 20:00:00,2,1.6,97,0,,40,13.7,,1020.9,,8
2024-12-09 21:00:00,2,1.7,98,0,,44,13.7,,1021,,7
2024-12-09 22:00:00,2,1.6,97,0,,51,12.6,,1021.4,,3
2024-12-09 23:00:00,1.9,1.5,97,0,,50,13.7,,1021.9,,3
2024-12-10 00:00:00,1.8,1.4,97,0,,49,14.4,,1022.3,,3
2024-12-10 01:00:00,1.7,0.8,94,0,,52,14,,1022.5,,3
2024-12-10 02:00:00,,,,0,,,,,,,
2024-12-10 03:00:00,,,,0,,,,,,,
2024-12-10 04:00:00,,,,0,,,,,,,
2024-12-10 05:00:00,,,,0,,,,,,,
2024-12-10 06:00:00,,,,0,,,,,,,
2024-12-10 07:00:00,-0.3,-1.1,94,0,,40,10.8,,1023.9,,
2024-12-10 08:00:00,,,,0,,,,,,,
2024-12-10 09:00:00,,,,0,,,,,,,
2024-12-10 10:00:00,,,,0,,,,,,,
2024-12-10 11:00:00,,,,0,,,,,,,
2024-12-10 12:00:00,,,,0,,,,,,,
2024-12-10 13:00:00,2.8,-0.1,81,0,,53,15.1,,1024.3,,
2024-12-10 14:00:00,,,,0,,,,,,,
2024-12-10 15:00:00,,,,0,,,,,,,
2024-12-10 16:00:00,,,,0,,,,,,,
2024-12-10 17:00:00,,,,0,,,,,,,
2024-12-10 18:00:00,,,,0,,,,,,,
2024-12-10 19:00:00,2.3,1.1,92,0,,43,11.9,,1026.1,,
2024-12-10 20:00:00,,,,0,,,,,,,
2024-12-10 21:00:00,,,,0,,,,,,,
2024-12-10 22:00:00,,,,0,,,,,,,
2024-12-10 23:00:00,,,,0,,,,,,,
2024-12-11 00:00:00,,,,0,,,,,,,
2024-12-11 01:00:00,1.7,0.4,91,0,,46,11.2,,1027.6,,
2024-12-11 02:00:00,,,,0,,,,,,,
2024-12-11 03:00:00,,,,0,,,,,,,
2024-12-11 04:00:00,,,,0,,,,,,,
2024-12-11 05:00:00,,,,0,,,,,,,
2024-12-11 06:00:00,,,,0,,,,,,,
2024-12-11 07:00:00,1.5,0,90,0,,48,11.5,,1028.7,,
2024-12-11 08:00:00,,,,0,,,,,,,
2024-12-11 09:00:00,,,,0,,,,,,,
2024-12-11 10:00:00,,,,0,,,,,,,
2024-12-11 11:00:00,,,,0,,,,,,,
2024-12-11 12:00:00,,,,0,,,,,,,
2024-12-11 13:00:00,3,-0.3,79,0,,60,14,,1029.7,,
2024-12-11 14:00:00,,,,0,,,,,,,
2024-12-11 15:00:00,,,,0,,,,,,,
2024-12-11 16:00:00,,,,0,,,,,,,
2024-12-11 17:00:00,,,,0,,,,,,,
2024-12-11 18:00:00,,,,0,,,,,,,
2024-12-11 19:00:00,2.6,-0.2,82,0,,50,10.1,,1030.3,,
2024-12-11 20:00:00,,,,0,,,,,,,
2024-12-11 21:00:00,,,,0,,,,,,,
2024-12-11 22:00:00,,,,0,,,,,,,
2024-12-11 23:00:00,,,,0,,,,,,,
2024-12-12 00:00:00,,,,0,,,,,,,
2024-12-12 01:00:00,1.8,-0.4,85,0,,78,6.8,,1030.9,,
2024-12-12 02:00:00,,,,0,,,,,,,
2024-12-12 03:00:00,,,,0,,,,,,,
2024-12-12 04:00:00,,,,0,,,,,,,
2024-12-12 05:00:00,,,,0,,,,,,,
2024-12-12 06:00:00,,,,0,,,,,,,
2024-12-12 07:00:00,0.7,-1.4,86,0,,106,5,,1031,,
2024-12-12 08:00:00,,,,0,,,,,,,
2024-12-12 09:00:00,,,,0,,,,,,,
2024-12-12 10:00:00,,,,0,,,,,,,
2024-12-12 11:00:00,,,,0,,,,,,,
2024-12-12 12:00:00,,,,0,,,,,,,
2024-12-12 13:00:00,2.8,-1.6,73,0,,90,6.5,,1029.6,,
2024-12-12 14:00:00,,,,0,,,,,,,
2024-12-12 15:00:00,,,,0,,,,,,,
2024-12-12 16:00:00,,,,0,,,,,,,
2024-12-12 17:00:00,,,,0,,,,,,,
2024-12-12 18:00:00,,,,0,,,,,,,
2024-12-12 19:00:00,-1.4,-2.7,91,0,,84,4.3,,1028,,
2024-12-12 20:00:00,,,,0,,,,,,,
2024-12-12 21:00:00,,,,0,,,,,,,
2024-12-12 22:00:00,,,,0,,,,,,,
2024-12-12 23:00:00,,,,0,,,,,,,
2024-12-13 00:00:00,,,,0,,,,,,,
2024-12-13 01:00:00,-3.7,-4.4,95,0,,234,2.2,,1026.1,,
2024-12-13 02:00:00,,,,0,,,,,,,
2024-12-13 03:00:00,,,,0,,,,,,,
2024-12-13 04:00:00,,,,0,,,,,,,
2024-12-13 05:00:00,,,,0,,,,,,,
2024-12-13 06:00:00,,,,0,,,,,,,
2024-12-13 07:00:00,-4.4,-5.2,94,0,,239,1.8,,1023,,
2024-12-13 08:00:00,,,,0,,,,,,,
2024-12-13 09:00:00,,,,0,,,,,,,
2024-12-13 10:00:00,,,,0,,,,,,,
2024-12-13 11:00:00,,,,0,,,,,,,
2024-12-13 12:00:00,,,,0,,,,,,,
2024-12-13 13:00:00,3.3,-1.5,71,0,,356,1.8,,1019.5,,
2024-12-13 14:00:00,3.2,-1,74,0,,19,3.6,,1027.1,,
2024-12-13 15:00:00,3.1,-0.9,75,0,,44,4.3,,1026.6,,1
2024-12-13 16:00:00,1.5,-1.1,83,0,,14,4,,1026.3,,1
2024-12-13 17:00:00,0.1,-1.8,87,0,,4,2.9,,1026.2,,2
2024-12-13 18:00:00,-1,-2.4,90,0,,191,5.8,,1026.1,,3
2024-12-13 19:00:00,-2.2,-3.3,92,0,,188,7.2,,1026.1,,3
2024-12-13 20:00:00,-2.6,-3.6,93,0,,210,7.9,,1026.2,,3
2024-12-13 21:00:00,-3.3,-4.1,94,0,,220,7.2,,1025.8,,3
2024-12-13 22:00:00,-3.4,-4.4,93,0,,218,7.2,,1025.9,,1
2024-12-13 23:00:00,-3.3,-4.7,90,0,,212,7.2,,1025.4,,3
2024-12-14 00:00:00,-2.6,-4.9,84,0,,232,9.4,,1025.6,,3
2024-12-14 01:00:00,-2,-4.7,82,0,,231,9.4,,1025,,3
2024-12-14 02:00:00,-2.6,-5.2,82,0,,236,9,,1024.3,,3
2024-12-14 03:00:00,-2.5,-5.1,82,0,,236,9.4,,1024.1,,3
2024-12-14 04:00:00,-2.4,-5.2,81,0,,232,9.7,,1023.6,,3
2024-12-14 05:00:00,-1.3,-4.3,80,0,,224,10.4,,1023,,3
2024-12-14 06:00:00,-0.1,-4,75,0,,231,10.8,,1022.5,,3
2024-12-14 07:00:00,-0.7,-4.2,77,0,,224,11.2,,1022.2,,3
2024-12-14 08:00:00,-0.2,-4.3,74,0,,219,11.9,,1022.3,,3
2024-12-14 09:00:00,0.8,-4,70,0,,225,12.6,,1022.6,,3
2024-12-14 10:00:00,2.7,-4.1,61,0,,228,12.2,,1022.4,,3
2024-12-14 11:00:00,4.2,-3.1,59,0,,223,13,,1022.5,,3
2024-12-14 12:00:00,4.8,-1.9,62,0,,226,13.7,,1022,,3
2024-12-14 13:00:00,5.3,-1,64,0,,235,12.6,,1021.5,,3
2024-12-14 14:00:00,5.3,0.3,70,0,,240,13.3,,1021.4,,3
2024-12-14 15:00:00,4.8,1.1,77,0,,244,14.4,,1021.9,,3
2024-12-14 16:00:00,3.4,1,84,0,,239,13.7,,1022.4,,3
2024-12-14 17:00:00,2.1,0.8,91,0,,233,13,,1023.1,,3
2024-12-14 18:00:00,2.1,0.9,92,0,,238,13.3,,1023.8,,3
2024-12-14 19:00:00,2.2,1,92,0,,256,15.5,,1024.4,,3
2024-12-14 20:00:00,1.6,0.3,91,0,,262,15.5,,1024.9,,3
2024-12-14 21:00:00,1.2,0,92,0,,259,13.3,,1025.7,,3
2024-12-14 22:00:00,1,-0.2,92,0,,228,13.7,,1025.9,,3
2024-12-14 23:00:00,0.9,-0.4,91,0,,234,16.2,,1025.8,,3
2024-12-15 00:00:00,0.8,-0.8,89,0,,241,15.8,,1026.5,,3
2024-12-15 01:00:00,0.3,-1,91,0,,237,13.7,,1026.9,,3
2024-12-15 02:00:00,0.9,-1.2,86,0,,236,15.5,,1026.9,,3
2024-12-15 03:00:00,1.1,-1,86,0,,238,16.9,,1027.5,,3
2024-12-15 04:00:00,1.3,-0.6,87,0,,240,17.3,,1027.8,,3
2024-12-15 05:00:00,1.3,-0.6,87,0,,241,15.8,,1028.2,,3
2024-12-15 06:00:00,1.2,-0.4,89,0,,245,16.2,,1029.2,,3
2024-12-15 07:00:00,1.1,-0.4,90,0,,246,16.6,,1030,,3
2024-12-15 08:00:00,1.1,-0.8,87,0,,247,16.6,,1030.9,,3
2024-12-15 09:00:00,0.8,-1,88,0,,246,16.2,,1031.9,,3
2024-12-15 10:00:00,1.4,-1,84,0,,250,18.4,,1032.6,,3
2024-12-15 11:00:00,1.8,-1.6,78,0,,248,17.6,,1033.3,,3
2024-12-15 12:00:00,2.3,-1.5,76,0,,245,18.4,,1033.4,,3
2024-12-15 13:00:00,3.1,-1.5,72,0,,250,19.4,,1033.4,,3
2024-12-15 14:00:00,3.4,-1,73,0,,245,18.4,,1033.8,,3
2024-12-15 15:00:00,3.4,-0.6,75,0,,235,16.6,,1034.2,,3
2024-12-15 16:00:00,3,-1.2,74,0,,235,17.3,,1034.4,,3
2024-12-15 17:00:00,2.7,-1.5,74,0,,232,18.7,,1035,,3
2024-12-15 18:00:00,1.9,-1.9,76,0,,228,19.4,,1035.8,,3
2024-12-15 19:00:00,1.3,-2.1,78,0,,224,19.8,,1036.1,,2
2024-12-15 20:00:00,1.5,-2.1,77,0,,224,18.7,,1036.5,,3
2024-12-15 21:00:00,2.9,-1.8,71,0,,224,19.8,,1036.7,,3
2024-12-15 22:00:00,3.4,-1.4,71,0,,227,19.8,,1036.6,,3
2024-12-15 23:00:00,3.8,-0.8,72,0,,228,19.8,,1036.8,,3
2024-12-16 00:00:00,4.3,-0.1,73,0,,229,19.4,,1036.9,,3
2024-12-16 01:00:00,4.8,0.7,75,0,,230,19.8,,1036.6,,3
2024-12-16 02:00:00,5.4,1.7,77,0,,231,20.5,,1036.9,,3
2024-12-16 03:00:00,5.7,2.2,78,0,,229,20.2,,1037.1,,3
2024-12-16 04:00:00,6,2.6,79,0,,229,19.4,,1036.8,,3
2024-12-16 05:00:00,6.2,3,80,0,,231,19.8,,1036.6,,3
2024-12-16 06:00:00,6.2,3.2,81,0,,233,19.8,,1036.6,,3
2024-12-16 07:00:00,6.4,3.6,82,0,,232,19.4,,1036.6,,3
2024-12-16 08:00:00,6.6,3.9,83,0,,231,18.7,,1036.8,,3
2024-12-16 09:00:00,7,4.1,82,0,,237,18.4,,1037.2,,3
2024-12-16 10:00:00,7.5,4.5,81,0,,238,18.7,,1037.7,,3
2024-12-16 11:00:00,8,4.8,80,0,,238,16.9,,1038.1,,3
2024-12-16 12:00:00,8.1,4.9,80,0,,245,15.5,,1037.5,,3
2024-12-16 13:00:00,7.9,5,82,0,,239,15.8,,1036.9,,3
2024-12-16 14:00:00,7.9,5.2,83,0,,235,15.1,,1036.7,,3
2024-12-16 15:00:00,7.9,5.2,83,0,,231,15.1,,1036.3,,3
2024-12-16 16:00:00,7.8,5.3,84,0,,230,14.4,,1036.1,,3
2024-12-16 17:00:00,7.5,5.1,85,0,,225,13.7,,1035.8,,3
2024-12-16 18:00:00,7.3,5.1,86,0,,227,14.4,,1035.5,,3
2024-12-16 19:00:00,6.7,4.9,88,0,,232,13,,1035.7,,3
2024-12-16 20:00:00,5.8,4.6,92,0,,227,12.2,,1035.5,,3
2024-12-16 21:00:00,4.9,4.2,95,0,,225,10.8,,1035.5,,2
2024-12-16 22:00:00,4.3,3.6,95,0,,216,10.4,,1035.3,,2
2024-12-16 23:00:00,4.7,4,95,0,,211,9.7,,1034.6,,2
2024-12-17 00:00:00,4.9,4.2,95,0,,209,10.4,,1034.3,,3
2024-12-17 01:00:00,4.4,3.8,96,0,,219,10.8,,1033.9,,3
2024-12-17 02:00:00,5.2,4.3,94,0,,215,10.4,,1033.8,,3
2024-12-17 03:00:00,5.5,4.5,93,0,,219,10.4,,1033.8,,3
2024-12-17 04:00:00,5.4,4.7,95,0,,224,11.2,,1033.8,,3
2024-12-17 05:00:00,5.6,4.7,94,0,,222,9.7,,1033.4,,3
2024-12-17 06:00:00,5.6,4.7,94,0,,217,10.1,,1033.4,,3
2024-12-17 07:00:00,5.5,4.8,95,0,,214,10.4,,1033.3,,3
2024-12-17 08:00:00,5.4,4.7,95,0,,212,8.6,,1033.4,,3
2024-12-17 09:00:00,5.4,4.5,94,0,,211,10.4,,1033.6,,3
2024-12-17 10:00:00,6.1,4.6,90,0,,227,10.8,,1033.4,,3
2024-12-17 11:00:00,6.8,4.6,86,0,,238,9.7,,1033.1,,3
2024-12-17 12:00:00,7.4,4.5,82,0,,236,7.9,,1032.4,,3
2024-12-17 13:00:00,8,4.6,79,0,,245,6.1,,1031.7,,3
2024-12-17 14:00:00,8.1,4.5,78,0,,241,5.4,,1030.9,,3
2024-12-17 15:00:00,7.8,4.2,78,0,,236,4.3,,1030.5,,3
2024-12-17 16:00:00,6.3,4.3,87,0,,12,2.2,,1030.3,,3
2024-12-17 17:00:00,4.9,3.6,91,0,,36,2.2,,1030,,3
2024-12-17 18:00:00,3.7,2.8,94,0,,190,5.4,,1029.5,,3
2024-12-17 19:00:00,2.6,2.3,98,0,,186,7.2,,1029.2,,3
2024-12-17 20:00:00,1.5,1.2,98,0,,214,7.9,,1028.9,,3
2024-12-17 21:00:00,1.2,0.5,95,0,,211,8.3,,1028.4,,3
2024-12-17 22:00:00,1.6,0,89,0,,222,9,,1027.8,,3
2024-12-17 23:00:00,2.6,-0.3,81,0,,226,9.7,,1027.2,,3
2024-12-18 00:00:00,2.3,-1,79,0,,226,9.4,,1026.3,,3
2024-12-18 01:00:00,3.5,-1.1,72,0,,237,10.4,,1025.6,,3
2024-12-18 02:00:00,2.2,-1.8,75,0,,232,10.8,,1025.1,,3
2024-12-18 03:00:00,1.8,-2.5,73,0,,229,11.5,,1024.8,,3
2024-12-18 04:00:00,3.2,-2.7,65,0,,231,12.2,,1024.1,,3
2024-12-18 05:00:00,5.4,-2.4,57,0,,231,14.4,,1023.7,,3
2024-12-18 06:00:00,6.3,-2.8,52,0,,230,15.1,,1023.6,,3
2024-12-18 07:00:00,6.6,-2,54,0,,227,14.8,,1023.6,,3
2024-12-18 08:00:00,6.9,-1.8,54,0,,228,14,,1023.6,,3
2024-12-18 09:00:00,7.2,-1.5,54,0,,221,14.4,,1024,,3
2024-12-18 10:00:00,7.8,-1.4,52,0,,222,16.6,,1023.5,,3
2024-12-18 11:00:00,9.9,-0.6,48,0.1,,217,17.3,,1022.6,,3
2024-12-18 12:00:00,12,0.1,44,0,,212,18.4,,1021.5,,3
2024-12-18 13:00:00,12.5,-0.4,41,0,,224,17.6,,1020.7,,3
2024-12-18 14:00:00,12.1,-0.4,42,0,,229,18,,1020.1,,3
2024-12-18 15:00:00,12.8,-1.2,38,0,,231,21.2,,1019.5,,3
2024-12-18 16:00:00,11.9,-2.7,36,0,,232,22.7,,1019.1,,3
2024-12-18 17:00:00,10.9,-3.2,37,0,,234,23,,1019.2,,3
2024-12-18 18:00:00,10.2,-2.1,42,0,,232,23.4,,1019.2,,3
2024-12-18 19:00:00,10.1,0.7,52,0,,228,23,,1018.9,,3
2024-12-18 20:00:00,9.8,4,67,0,,227,21.6,,1018.9,,3
2024-12-18 21:00:00,9.1,4.7,74,0,,223,20.5,,1018.8,,3
2024-12-18 22:00:00,9,5,76,0,,223,20.5,,1018.1,,3
2024-12-18 23:00:00,9,5,76,0,,221,19.8,,1017.2,,3
2024-12-19 00:00:00,9.1,5.8,80,0,,219,18.4,,1016.1,,3
2024-12-19 01:00:00,9.1,6.7,85,0,,219,17.3,,1015,,3
2024-12-19 02:00:00,8.8,6.9,88,0,,213,16.9,,1014.2,,3
2024-12-19 03:00:00,8.8,6.9,88,0,,213,17.6,,1013.2,,3
2024-12-19 04:00:00,8.9,6.7,86,0,,211,18.7,,1011.5,,3
2024-12-19 05:00:00,8.7,6.3,85,0,,205,18,,1009.9,,3
2024-12-19 06:00:00,9,5,76,0,,204,18.4,,1008.6,,3
2024-12-19 07:00:00,9.3,3.9,69,0,,215,19.1,,1007.9,,3
2024-12-19 08:00:00,10.2,3.5,63,0,,225,21.6,,1007.3,,3
2024-12-19 09:00:00,9.9,5.3,73,0.2,,226,27,,1007.2,,8
2024-12-19 10:00:00,9.3,6.9,85,0,,222,27,,1006.4,,8
2024-12-19 11:00:00,10.7,7.8,82,0,,229,26.3,,1005.2,,7
2024-12-19 12:00:00,12.5,7.4,71,0,,232,27.7,,1003.6,,3
2024-12-19 13:00:00,12.6,7.1,69,0,,234,29.9,,1002.6,,3
2024-12-19 14:00:00,12.2,6,66,0,,234,30.2,,1001.9,,3
2024-12-19 15:00:00,11.2,5.9,70,0,,235,30.2,,1001.6,,3
2024-12-19 16:00:00,9.9,6.4,79,0,,240,27.4,,1000.9,,8
2024-12-19 17:00:00,6.4,5.5,94,1.9,,283,31.7,,1003.6,,9
2024-12-19 18:00:00,5.1,4.5,96,0.1,,276,20.5,,1006,,8
2024-12-19 19:00:00,4.1,3.5,96,0.6,,277,22,,1008.1,,8
2024-12-19 20:00:00,4.2,3.2,93,0,,268,21.2,,1009.6,,8
2024-12-19 21:00:00,3.4,2.2,92,0,,264,25.2,,1011.7,,8
2024-12-19 22:00:00,3,1.5,90,0,,270,23,,1012.7,,3
2024-12-19 23:00:00,2.4,0.9,90,0,,283,20.9,,1013.7,,8
2024-12-20 00:00:00,2.1,0.6,90,0,,271,18,,1014.6,,3
2024-12-20 01:00:00,1.9,0.4,90,0,,261,17.3,,1015.3,,3
2024-12-20 02:00:00,1.5,-0.3,88,0,,270,19.1,,1017.4,,3
2024-12-20 03:00:00,1.6,-0.6,85,0,,260,14.8,,1018.2,,3
2024-12-20 04:00:00,1.1,-1,86,0,,258,15.5,,1018.9,,3
2024-12-20 05:00:00,1.2,-1.2,84,0,,265,16.6,,1019.5,,3
2024-12-20 06:00:00,1.4,-1.5,81,0,,255,16.6,,1019.9,,3
2024-12-20 07:00:00,1.6,-1.5,80,0,,261,14.4,,1020.5,,3
2024-12-20 08:00:00,1.7,-1.2,81,0,,266,15.1,,1021.4,,3
2024-12-20 09:00:00,1.9,-0.8,82,0,,261,14,,1022.4,,3
2024-12-20 10:00:00,2.4,-0.9,79,0,,271,15.8,,1023.2,,3
2024-12-20 11:00:00,2.8,-1.2,75,0,,279,16.2,,1023.7,,12
2024-12-20 12:00:00,2.7,-0.7,78,0,,271,15.8,,1023.6,,19
2024-12-20 13:00:00,2.8,-1,76,0,,271,15.5,,1023.6,,3
2024-12-20 14:00:00,3.1,-1.8,70,0,,265,15.8,,1023.9,,3
2024-12-20 15:00:00,3,-2.1,69,0,,259,16.9,,1024.4,,3
2024-12-20 16:00:00,2.4,-2.1,72,0,,246,15.8,,1024.9,,3
2024-12-20 17:00:00,1.3,-3,73,0,,247,13.3,,1025.1,,3
2024-12-20 18:00:00,0.3,-2.9,79,0,,238,13,,1025.6,,3
2024-12-20 19:00:00,-0.3,-2.8,83,0,,239,13.7,,1025.9,,3
2024-12-20 20:00:00,-0.7,-2.9,85,0,,228,13.3,,1026,,3
2024-12-20 21:00:00,-0.6,-2.8,85,0,,227,14,,1026.2,,3
2024-12-20 22:00:00,-0.6,-3.1,83,0,,224,14.4,,1026.5,,3
2024-12-20 23:00:00,-1.3,-3.6,84,0,,218,14.8,,1026.6,,1
2024-12-21 00:00:00,-1.1,-3.8,82,0,,214,15.1,,1026.5,,1
2024-12-21 01:00:00,-1.1,-3.6,83,0,,212,15.1,,1026.1,,2
2024-12-21 02:00:00,-1.2,-3.4,85,0,,210,15.5,,1025.9,,2
2024-12-21 03:00:00,-1,-3.4,84,0,,207,16.2,,1025.5,,3
2024-12-21 04:00:00,-0.1,-2.8,82,0,,212,18,,1025,,3
2024-12-21 05:00:00,0.2,-2.8,80,0,,220,16.9,,1024.7,,3
2024-12-21 06:00:00,1.2,-2.4,77,0,,223,15.8,,1024.1,,3
2024-12-21 07:00:00,1.7,-1.9,77,0,,221,15.8,,1023.7,,3
2024-12-21 08:00:00,1.2,-1.4,83,0,,222,15.5,,1023.8,,3
2024-12-21 09:00:00,2.3,-1.1,78,0,,214,17.3,,1023.8,,3
2024-12-21 10:00:00,3.2,-0.8,75,0,,214,18,,1023.7,,2
2024-12-21 11:00:00,4.4,-0.4,71,0,,215,17.6,,1023.1,,3
2024-12-21 12:00:00,4.7,-0.1,71,0,,221,18,,1022.3,,3
2024-12-21 13:00:00,5.3,0.9,73,0,,235,19.8,,1021.7,,3
2024-12-21 14:00:00,5.6,1.1,73,0,,231,20.5,,1021,,3
2024-12-21 15:00:00,5.6,1.3,74,0,,230,19.4,,1020.6,,3
2024-12-21 16:00:00,5.5,1.6,76,0,,229,18.7,,1020.2,,3
2024-12-21 17:00:00,5.4,1.9,78,0,,233,20.9,,1020.2,,3
2024-12-21 18:00:00,5.2,2.2,81,0,,232,20.9,,1019.6,,3
2024-12-21 19:00:00,5.3,2.5,82,0,,232,20.9,,1019,,3
2024-12-21 20:00:00,5.1,3,86,0,,232,22.7,,1018.5,,7
2024-12-21 21:00:00,4.7,3.2,90,0.5,,230,25.2,,1017.8,,8
2024-12-21 22:00:00,4.4,3.1,91,0.4,,227,26.6,,1016.9,,8
2024-12-21 23:00:00,4.1,2.6,90,0,,227,29.5,,1015.8,,8
2024-12-22 00:00:00,3.9,2.1,88,0,,224,28.1,,1014.9,,8
2024-12-22 01:00:00,3.8,3.1,95,0,,227,28.1,,1013.7,,8
2024-12-22 02:00:00,3.9,3.2,95,0,,222,28.4,,1012.4,,9
2024-12-22 03:00:00,4.5,3.3,92,0.4,,220,29.9,,1010.3,,8
2024-12-22 04:00:00,4.5,3.8,95,0,,224,29.2,,1008.9,,9
2024-12-22 05:00:00,5.8,4.3,90,0.1,,226,32.8,,1007,,8
2024-12-22 06:00:00,5.7,4.5,92,1.6,,224,33.8,,1005.2,,9
2024-12-22 07:00:00,5.9,4.5,91,3.3,,231,34.6,,1004.3,,8
2024-12-22 08:00:00,6,4.5,90,1.7,,233,31.7,,1003.3,,8
2024-12-22 09:00:00,6.2,3.9,85,1.7,,245,31,,1003.8,,7
2024-12-22 10:00:00,4.7,4.1,96,0,,254,22.3,,1003.5,,8
2024-12-22 11:00:00,4.7,3.5,92,1.3,,247,26.3,,1003.7,,8
2024-12-22 12:00:00,4.2,3.3,94,2.6,,255,27,,1003.8,,9
2024-12-22 13:00:00,3.8,2.2,89,2.2,,259,27,,1004,,9
2024-12-22 14:00:00,3.4,1.4,87,0.3,,265,27.4,,1004.6,,9
2024-12-22 15:00:00,3.1,1,86,0,,264,23.4,,1004.9,,8
2024-12-22 16:00:00,2.6,-0.7,79,0,,259,21.2,,1005.6,,3
2024-12-22 17:00:00,1.7,-1.4,80,0,,250,17.6,,1006,,3
2024-12-22 18:00:00,0.9,-1.5,84,0,,243,15.5,,1006.6,,3
2024-12-22 19:00:00,0.5,-1.4,87,0,,236,12.6,,1007,,3
2024-12-22 20:00:00,0.6,-1.3,87,0,,238,13.3,,1007.7,,3
2024-12-22 21:00:00,0.6,-1.5,86,0,,240,12.2,,1008.3,,15
2024-12-22 22:00:00,0.5,-1.4,87,0,,247,14,,1008.7,,3
2024-12-22 23:00:00,0.8,-1.6,84,0,,257,14.8,,1009,,14
2024-12-23 00:00:00,0.5,-1.7,85,0,,258,15.5,,1009.7,,14
2024-12-23 01:00:00,0.4,-1.8,85,0.3,,260,17.6,,1009.9,,3
2024-12-23 02:00:00,0.1,-2,86,0,,254,15.1,,1010.3,,3
2024-12-23 03:00:00,0.1,-2.1,85,0,,242,16.6,,1010.5,,3
2024-12-23 04:00:00,0,-2.2,85,0,,239,16.2,,1009.9,,3
2024-12-23 05:00:00,-0.8,-2.5,88,0,,226,13.7,,1009.5,,3
2024-12-23 06:00:00,-0.8,-3,85,0,,205,12.2,,1009.8,,3
2024-12-23 07:00:00,0,-2.9,81,0,,203,12.6,,1009.8,,3
2024-12-23 08:00:00,0.7,-2.3,80,0,,218,11.9,,1010.5,,3
2024-12-23 09:00:00,1.1,-1.6,82,0,,228,11.2,,1011.5,,3
2024-12-23 10:00:00,1.7,-1,82,0,,247,12.6,,1012.4,,3
2024-12-23 11:00:00,2,-0.6,83,0,,282,10.1,,1013.2,,12
2024-12-23 12:00:00,2.2,-0.2,84,0,,286,11.5,,1013.6,,3
2024-12-23 13:00:00,2.5,0.2,85,0.2,,311,14,,1014,,12
2024-12-23 14:00:00,2.2,1,92,0.2,,316,14.8,,1014.7,,7
2024-12-23 15:00:00,2.4,1.5,94,0.1,,318,18.4,,1015.5,,3
2024-12-23 16:00:00,1.9,0,87,0.3,,314,15.8,,1016.8,,3
2024-12-23 17:00:00,1.7,-0.2,87,0.1,,306,15.5,,1017.8,,3
2024-12-23 18:00:00,1.3,0,91,0,,288,15.5,,1018.7,,3
2024-12-23 19:00:00,1.3,0,91,0,,282,16.9,,1019.7,,3
2024-12-23 20:00:00,1.4,-0.1,90,0,,291,16.9,,1020.6,,19
2024-12-23 21:00:00,1.2,-0.3,90,0,,283,17.3,,1021.7,,12
2024-12-23 22:00:00,1,-0.3,91,0,,286,15.8,,1022.4,,3
2024-12-23 23:00:00,0.9,-0.6,90,0,,289,15.1,,1023,,3
2024-12-24 00:00:00,0.5,-0.9,90,0,,285,13.7,,1023.7,,2
2024-12-24 01:00:00,0.9,-1,87,0,,274,13.7,,1024.1,,3
2024-12-24 02:00:00,0.7,-0.2,94,0,,263,13,,1025.2,,3
2024-12-24 03:00:00,1.1,-0.2,91,0,,258,13.7,,1025.8,,3
2024-12-24 04:00:00,1.2,-0.3,90,0,,266,13,,1025.8,,3
2024-12-24 05:00:00,1,-0.5,90,0,,284,12.2,,1026.3,,3
2024-12-24 06:00:00,0.8,-0.5,91,0,,283,10.8,,1026.9,,3
2024-12-24 07:00:00,0.5,-0.5,93,0,,262,8.6,,1027.4,,3
2024-12-24 08:00:00,0.3,-0.6,94,0,,233,7.6,,1028.1,,3
2024-12-24 09:00:00,0.5,-0.5,93,0,,184,9,,1028.4,,3
2024-12-24 10:00:00,1.2,-0.4,89,0,,185,6.1,,1029.7,,3
2024-12-24 11:00:00,1.9,-0.5,84,0,,226,6.5,,1030,,12
2024-12-24 12:00:00,2.1,-0.2,85,0,,269,6.5,,1029.9,,3
2024-12-24 13:00:00,2.4,-0.4,82,0,,276,6.1,,1029.7,,12
2024-12-24 14:00:00,2.9,-0.4,79,0,,273,6.5,,1029.6,,3
2024-12-24 15:00:00,2.9,-0.6,78,0,,224,5.4,,1030.4,,3
2024-12-24 16:00:00,2.3,0,85,0,,148,4.7,,1031,,3
2024-12-24 17:00:00,0.8,-1.4,85,0,,168,6.8,,1031.1,,3
2024-12-24 18:00:00,-0.5,-2.1,89,0,,183,7.2,,1031.8,,3
2024-12-24 19:00:00,0.5,-1.7,85,0,,194,7.2,,1032.5,,3
2024-12-24 20:00:00,1,-1.7,82,0,,189,5.8,,1033.1,,3
2024-12-24 21:00:00,1,-1.6,83,0,,183,5.8,,1033.4,,3
2024-12-24 22:00:00,1.2,-0.9,86,0,,178,5.4,,1033.6,,3
2024-12-24 23:00:00,1.3,-0.8,86,0,,197,5.8,,1033.9,,3
2024-12-25 00:00:00,1.2,-0.9,86,0,,214,5,,1034.2,,3
2024-12-25 01:00:00,1.3,-0.8,86,0,,199,3.6,,1034.6,,3
2024-12-25 02:00:00,1.3,-0.9,85,0,,157,4.3,,1035.1,,3
2024-12-25 03:00:00,1.3,-0.6,87,0,,176,4.3,,1035.2,,3
2024-12-25 04:00:00,-2.8,-3.8,93,0,,203,7.2,,1035.1,,3
2024-12-25 05:00:00,-2.7,-3.7,93,0,,216,6.8,,1035.4,,2
2024-12-25 06:00:00,-2.1,-3.1,93,0,,221,6.5,,1035.8,,3
2024-12-25 07:00:00,-1.1,-2.2,92,0,,212,6.5,,1036.2,,3
2024-12-25 08:00:00,-0.7,-1.8,92,0,,207,6.5,,1036.6,,3
2024-12-25 09:00:00,-0.1,-1.8,88,0,,197,6.5,,1036.9,,3
2024-12-25 10:00:00,1,-1.6,83,0,,193,5,,1037,,3
2024-12-25 11:00:00,2.3,-1.9,74,0,,290,3.2,,1037.2,,3
2024-12-25 12:00:00,3.1,-2,69,0,,305,2.9,,1037,,3
2024-12-25 13:00:00,3.8,-2.2,65,0,,4,2.9,,1036.8,,3
2024-12-25 14:00:00,4.1,-2.3,63,0,,21,3.6,,1036.7,,3
2024-12-25 15:00:00,3.9,-2.3,64,0,,17,4.3,,1036.8,,3
2024-12-25 16:00:00,2.7,-1.5,74,0,,13,4,,1036.7,,3
2024-12-25 17:00:00,0.8,-2.9,76,0,,55,3.6,,1036.8,,1
2024-12-25 18:00:00,0,-3,80,0,,79,3.2,,1037.1,,1
2024-12-25 19:00:00,-1.2,-3.4,85,0,,68,4.3,,1037.1,,1
2024-12-25 20:00:00,-1.9,-3.8,87,0,,79,4.7,,1037.2,,1
2024-12-25 21:00:00,-2.4,-4.1,88,0,,114,5,,1037.3,,1
2024-12-25 22:00:00,-2.8,-4.4,89,0,,154,5,,1037.4,,1
2024-12-25 23:00:00,-3,-4.6,89,0,,149,5,,1037.4,,1
2024-12-26 00:00:00,-4,-5.5,89,0,,145,5,,1037.5,,1
2024-12-26 01:00:00,-4.2,-5.6,90,0,,122,5,,1037.3,,1
2024-12-26 02:00:00,-4.4,-5.8,90,0,,66,4.7,,1037.4,,1
2024-12-26 03:00:00,-4.4,-5.9,89,0,,68,4.7,,1037.5,,1
2024-12-26 04:00:00,-4.4,-6.1,88,0,,98,4.3,,1037.2,,1
2024-12-26 05:00:00,-4.6,-6.1,89,0,,49,4.7,,1037.1,,1
2024-12-26 06:00:00,-4.5,-6,89,0,,33,4.7,,1036.9,,1
2024-12-26 07:00:00,-4.6,-6.3,88,0,,27,5,,1036.9,,1
2024-12-26 08:00:00,-4.8,-6.5,88,0,,14,5.4,,1036.9,,1
2024-12-26 09:00:00,-3.9,-6,85,0,,2,5.4,,1037,,1
2024-12-26 10:00:00,-2.2,-5.3,79,0,,7,5,,1037.4,,1
2024-12-26 11:00:00,0.7,-5.3,64,0,,17,4.7,,1037.3,,1
2024-12-26 12:00:00,3.2,-6.5,49,0,,12,6.1,,1036.4,,1
2024-12-26 13:00:00,5,-7.2,41,0,,19,7.9,,1035.5,,1
2024-12-26 14:00:00,5.7,-7.9,37,0,,18,8.6,,1034.9,,1
2024-12-26 15:00:00,4.8,-8,39,0,,24,9,,1034.9,,1
2024-12-26 16:00:00,1.9,-7.9,48,0,,29,9.7,,1035,,1
2024-12-26 17:00:00,0,-7.7,56,0,,36,10.1,,1035.1,,1
2024-12-26 18:00:00,-0.8,-7.8,59,0,,34,8.6,,1035.3,,1
2024-12-26 19:00:00,-1.4,-8.1,60,0,,10,6.8,,1035.6,,1
2024-12-26 20:00:00,-3,-6.8,75,0,,353,4,,1035.9,,1
2024-12-26 21:00:00,-3.3,-6.9,76,0,,18,4.3,,1035.8,,1
2024-12-26 22:00:00,-3.5,-7.1,76,0,,22,4.7,,1035.7,,1
2024-12-26 23:00:00,-3.7,-7.1,77,0,,15,5.4,,1035.6,,1
2024-12-27 00:00:00,-4,-7.3,78,0,,23,5.4,,1035.6,,1
2024-12-27 01:00:00,-4.3,-7.6,78,0,,33,5,,1035.3,,1
2024-12-27 02:00:00,-4.4,-7.8,77,0,,21,4.3,,1035.3,,1
2024-12-27 03:00:00,-4.7,-7.9,78,0,,216,3.6,,1035.3,,1
2024-12-27 04:00:00,-4.9,-8,79,0,,199,3.6,,1035.1,,1
2024-12-27 05:00:00,-5.2,-7.9,81,0,,193,4,,1034.8,,1
2024-12-27 06:00:00,-4.1,-6.4,84,0,,199,4.7,,1034.5,,1
2024-12-27 07:00:00,-4.1,-6.2,85,0,,191,4.7,,1034.9,,1
2024-12-27 08:00:00,-4.4,-6.2,87,0,,188,5,,1035.2,,1
2024-12-27 09:00:00,-3.7,-6.3,82,0,,193,5.8,,1035.7,,1
2024-12-27 10:00:00,-0.7,-6.3,66,0,,222,4,,1035.8,,1
2024-12-27 11:00:00,0.6,-6.7,58,0,,281,3.2,,1035.7,,1
2024-12-27 12:00:00,2.6,-6.8,50,0,,276,3.2,,1034.9,,1
2024-12-27 13:00:00,4,-7.1,44,0,,273,3.2,,1033.9,,1
2024-12-27 14:00:00,4.7,-7.1,42,0,,334,2.5,,1033.3,,1
2024-12-27 15:00:00,4.2,-7.3,43,0,,15,3.2,,1033.1,,1
2024-12-27 16:00:00,1.5,-6.1,57,0,,11,3.2,,1033.2,,1
2024-12-27 17:00:00,0,-5.8,65,0,,43,2.2,,1033.3,,1
2024-12-27 18:00:00,-0.7,-5.9,68,0,,20,2.9,,1033.7,,1
2024-12-27 19:00:00,-1.2,-5.8,71,0,,256,2.9,,1033.8,,1
2024-12-27 20:00:00,-1.6,-5.6,74,0,,246,4.3,,1033.9,,1
2024-12-27 21:00:00,-2.6,-5.7,79,0,,226,6.1,,1034,,2
2024-12-27 22:00:00,-2.7,-5.7,80,0,,241,6.5,,1033.7,,3
2024-12-27 23:00:00,-2.9,-5.7,81,0,,260,5,,1033.5,,3
2024-12-28 00:00:00,-3.2,-6,81,0,,243,4.3,,1033.4,,3
2024-12-28 01:00:00,-3.5,-6.3,81,0,,237,5,,1033,,3
2024-12-28 02:00:00,-2.9,-5.4,83,0,,255,4.7,,1033.1,,2
2024-12-28 03:00:00,-3.2,-5.5,84,0,,245,4.3,,1033.2,,1
2024-12-28 04:00:00,-3.4,-5.7,84,0,,241,4.7,,1033,,1
2024-12-28 05:00:00,-3.5,-5.8,84,0,,246,5.4,,1032.6,,1
2024-12-28 06:00:00,-3.6,-6.1,83,0,,247,5.4,,1032.4,,1
2024-12-28 07:00:00,-3.6,-6.2,82,0,,243,5.8,,1032.2,,1
2024-12-28 08:00:00,-3.6,-6.4,81,0,,243,5.8,,1032.2,,1
2024-12-28 09:00:00,-2.6,-6.2,76,0,,238,5.8,,1032.4,,1
2024-12-28 10:00:00,0.2,-6,63,0,,241,6.1,,1032.2,,1
2024-12-28 11:00:00,2.6,-6.3,52,0,,265,2.9,,1032,,1
2024-12-28 12:00:00,3.8,-5.7,50,0,,268,2.5,,1031.4,,1
2024-12-28 13:00:00,5.4,-5.9,44,0,,303,2.5,,1030.3,,1
2024-12-28 14:00:00,6,-5.9,42,0,,27,2.2,,1029.8,,1
2024-12-28 15:00:00,5.1,-5.8,45,0,,40,3.6,,1029.7,,1
2024-12-28 16:00:00,2.5,-6.1,53,0,,47,4.7,,1030,,1
2024-12-28 17:00:00,0,-5.2,68,0,,61,4.7,,1030.5,,1
2024-12-28 18:00:00,-0.4,-5.2,70,0,,49,2.9,,1030.7,,1
2024-12-28 19:00:00,-0.9,-5.3,72,0,,237,5.8,,1030.8,,1
2024-12-28 20:00:00,-1.8,-5.3,77,0,,236,5.8,,1030.6,,1
2024-12-28 21:00:00,-2,-5.3,78,0,,230,5.8,,1030.6,,1
2024-12-28 22:00:00,-2.5,-5.1,82,0,,228,6.5,,1030.7,,1
2024-12-28 23:00:00,-2.6,-5.2,82,0,,241,6.5,,1030.5,,1
2024-12-29 00:00:00,-3,-5.3,84,0,,247,6.5,,1030.5,,1
2024-12-29 01:00:00,-3.3,-5.5,85,0,,247,6.5,,1030.3,,1
2024-12-29 02:00:00,-3.6,-5.6,86,0,,248,6.8,,1030.4,,1
2024-12-29 03:00:00,-3.4,-5.4,86,0,,250,6.8,,1030.7,,1
2024-12-29 04:00:00,-3.5,-5.5,86,0,,255,6.5,,1030.1,,1
2024-12-29 05:00:00,-3.6,-5.6,86,0,,259,6.1,,1030.1,,1
2024-12-29 06:00:00,-3.7,-5.7,86,0,,251,6.1,,1030.2,,1
2024-12-29 07:00:00,-3.9,-5.9,86,0,,251,5.4,,1030.3,,1
2024-12-29 08:00:00,-4.2,-6,87,0,,257,5,,1030.8,,1
2024-12-29 09:00:00,-3.4,-5.2,87,0,,263,5,,1031.6,,1
2024-12-29 10:00:00,-1.1,-3.8,82,0,,259,5,,1032.3,,1
2024-12-29 11:00:00,1,-2.9,75,0,,267,3.2,,1032.2,,1
2024-12-29 12:00:00,2.7,-2.6,68,0,,304,3.6,,1031.6,,1
2024-12-29 13:00:00,3.8,-2.6,63,0,,347,4,,1030.8,,1
2024-12-29 14:00:00,4.3,-2.6,61,0,,22,4.7,,1030.5,,1
2024-12-29 15:00:00,3.8,-2.6,63,0,,48,6.1,,1030.4,,1
2024-12-29 16:00:00,1.1,-2.7,76,0,,44,6.5,,1030.7,,1
2024-12-29 17:00:00,-1.2,-3.9,82,0,,32,9.4,,1031.5,,1
2024-12-29 18:00:00,-2.1,-3.8,88,0,,36,7.6,,1032.4,,1
2024-12-29 19:00:00,-2.7,-3.5,94,0,,38,5.4,,1033.1,,1
2024-12-29 20:00:00,-3.1,-3.6,96,0,,47,5.8,,1033.3,,5
2024-12-29 21:00:00,-3.4,-3.9,96,0,,71,5.4,,1033.6,,5
2024-12-29 22:00:00,-3.6,-4.3,95,0,,164,7.2,,1033.8,,5
2024-12-29 23:00:00,-3.5,-4.3,94,0,,241,6.1,,1034.2,,5
2024-12-30 00:00:00,-4.2,-5,94,0,,229,4.3,,1034.5,,5
2024-12-30 01:00:00,-3.9,-4.9,93,0,,228,4.7,,1034.4,,5
2024-12-30 02:00:00,-4.1,-5.1,93,0,,228,5,,1034.3,,5
2024-12-30 03:00:00,-4.4,-5.4,93,0,,250,4.3,,1034.3,,5
2024-12-30 04:00:00,-4.6,-5.4,94,0,,242,3.2,,1034.3,,5
2024-12-30 05:00:00,-4.2,-5,94,0,,228,4.7,,1034.1,,5
2024-12-30 06:00:00,-4.2,-5,94,0,,258,3.6,,1034.1,,5
2024-12-30 07:00:00,-4.1,-5.1,93,0,,252,2.5,,1034.3,,5
2024-12-30 08:00:00,-4.4,-5.2,94,0,,231,3.2,,1034.4,,5
2024-12-30 09:00:00,-4,-5.1,92,0,,240,4.3,,1034.8,,5
2024-12-30 10:00:00,-1.7,-3.1,90,0,,243,3.6,,1035.1,,5
2024-12-30 11:00:00,-0.6,-3,84,0,,261,2.9,,1034.9,,3
2024-12-30 12:00:00,0.5,-3.1,77,0,,323,2.2,,1034,,3
2024-12-30 13:00:00,1.6,-3.3,70,0,,331,1.8,,1032.9,,3
2024-12-30 14:00:00,2.3,-3.4,66,0,,334,2.2,,1032.2,,2
2024-12-30 15:00:00,2.4,-3.7,64,0,,30,2.5,,1031.9,,2
2024-12-30 16:00:00,0.6,-3.7,73,0,,31,2.5,,1031.7,,2
2024-12-30 17:00:00,-1.1,-4.6,77,0,,63,2.2,,1031.9,,1
2024-12-30 18:00:00,-1.7,-4.7,80,0,,92,3.2,,1031.8,,1
2024-12-30 19:00:00,-2.3,-4.9,82,0,,199,4.3,,1031.6,,1
2024-12-30 20:00:00,-3.5,-5.3,87,0,,320,2.2,,1032.6,,1
2024-12-30 21:00:00,-3.9,-5.4,89,0,,306,1.8,,1032.7,,1
2024-12-30 22:00:00,-4.1,-5.5,90,0,,259,2.5,,1032.9,,1
2024-12-30 23:00:00,-4.3,-5.7,90,0,,262,3.2,,1033.1,,1
2024-12-31 00:00:00,-4.7,-6.1,90,0,,266,3.2,,1033.1,,1
2024-12-31 01:00:00,-4.9,-6.4,89,0,,257,4.7,,1032.6,,1
2024-12-31 02:00:00,-4.9,-6.9,86,0,,262,5,,1032.2,,1
2024-12-31 03:00:00,-4.9,-7.2,84,0,,274,4.7,,1032.2,,1
2024-12-31 04:00:00,-5.1,-7.4,84,0,,269,4.7,,1032,,1
2024-12-31 05:00:00,-5.2,-7.5,84,0,,249,6.1,,1031.7,,1
2024-12-31 06:00:00,-4.8,-7.1,84,0,,255,6.5,,1031.6,,1
2024-12-31 07:00:00,-4.3,-7.2,80,0,,248,7.2,,1031.3,,5
2024-12-31 08:00:00,-3.9,-7.3,77,0,,242,7.2,,1031.2,,2
2024-12-31 09:00:00,-2.8,-7.3,71,0,,231,8.3,,1031.1,,2
2024-12-31 10:00:00,0.6,-6.9,57,0,,232,9.7,,1031.3,,1
2024-12-31 11:00:00,3.6,-7.2,45,0,,232,6.8,,1031.2,,1
2024-12-31 12:00:00,6.1,-7.5,37,0,,230,6.1,,1030.2,,1
2024-12-31 13:00:00,7.9,-8.2,31,0,,221,7.6,,1029.1,,1
2024-12-31 14:00:00,8.6,-8.9,28,0,,221,8.6,,1028.4,,1
2024-12-31 15:00:00,7.8,-8.7,30,0,,234,9.7,,1028,,1
2024-12-31 16:00:00,5.1,-7.7,39,0,,235,10.4,,1028.2,,1
2024-12-31 17:00:00,1.9,-7.4,50,0,,226,13,,1028.7,,2
2024-12-31 18:00:00,0.5,-6.4,60,0,,225,13.3,,1029,,3
2024-12-31 19:00:00,-0.1,-5.9,65,0,,227,12.6,,1029.2,,3
2024-12-31 20:00:00,0,-6,64,0,,223,11.9,,1029.6,,3
2024-12-31 21:00:00,-0.1,-6.3,63,0,,222,13,,1029.8,,2
2024-12-31 22:00:00,-0.4,-6.2,65,0,,227,14,,1029.4,,2
2024-12-31 23:00:00,-0.2,-6.2,64,0,,225,14,,1029.4,,2
2025-01-01 00:00:00,0.4,-6,62,0,,230,13.7,,1029.4,,1
2025-01-01 01:00:00,-0.2,-6,65,0,,229,10.8,,1029.2,,3
2025-01-01 02:00:00,-0.6,-5.6,69,0,,221,12.2,,1029.2,,2
2025-01-01 03:00:00,-1.2,-5.8,71,0,,235,13,,1028.9,,1
2025-01-01 04:00:00,-1.2,-6,70,0,,220,13,,1028.3,,1
2025-01-01 05:00:00,-0.7,-6.1,67,0,,219,15.1,,1027.4,,3
2025-01-01 06:00:00,-0.4,-6.4,64,0,,217,14.8,,1026.8,,3
2025-01-01 07:00:00,0.9,-7.1,55,0,,214,16.9,,1026,,3
2025-01-01 08:00:00,2.1,-7.2,50,0,,222,19.1,,1025.5,,3
2025-01-01 09:00:00,3.5,-7,46,0,,222,19.8,,1025.5,,3
2025-01-01 10:00:00,6.1,-7.1,38,0,,224,20.9,,1025.4,,3
2025-01-01 11:00:00,8.6,-8,30,0,,227,21.2,,1024.9,,3
2025-01-01 12:00:00,10.3,-9.4,24,0,,230,22.7,,1023.5,,3
2025-01-01 13:00:00,11.4,-10.1,21,0,,233,24.8,,1022.2,,3
2025-01-01 14:00:00,11.7,-9.3,22,0,,232,26.3,,1021.3,,3
2025-01-01 15:00:00,11.2,-9.2,23,0,,231,25.9,,1020.8,,1
2025-01-01 16:00:00,9.5,-8.1,28,0,,231,23.4,,1020.6,,1
2025-01-01 17:00:00,7.6,-8.4,31,0,,227,23,,1020.7,,2
2025-01-01 18:00:00,6.7,-8,34,0,,224,22.7,,1020.5,,2
2025-01-01 19:00:00,6.6,-7.4,36,0,,220,22.7,,1020,,3
2025-01-01 20:00:00,6.8,-7.6,35,0,,223,23.8,,1019.8,,3
2025-01-01 21:00:00,6.9,-7.1,36,0,,227,23.8,,1019.7,,3
2025-01-01 22:00:00,7.2,-6.9,36,0,,226,24.1,,1019,,3
2025-01-01 23:00:00,7.5,-7.3,34,0,,229,26.3,,1018.7,,3
2025-01-02 00:00:00,7.7,-7.2,34,0,,230,27.4,,1018.3,,3
2025-01-02 01:00:00,7.8,-6.3,36,0,,229,27.7,,1017.3,,3
2025-01-02 02:00:00,8,-5.5,38,0,,233,27.7,,1016.6,,3
2025-01-02 03:00:00,7.9,-5.2,39,0,,235,28.1,,1016.2,,3
2025-01-02 04:00:00,7.8,-4.6,41,0,,235,28.4,,1015.3,,3
2025-01-02 05:00:00,7.6,-4.5,42,0,,237,28.1,,1014.8,,3
2025-01-02 06:00:00,7.4,-4.4,43,0,,235,27.7,,1014.3,,3
2025-01-02 07:00:00,7.1,-4.6,43,0,,234,28.8,,1013.9,,3
2025-01-02 08:00:00,7.4,-4.4,43,0,,232,28.1,,1013.9,,3
2025-01-02 09:00:00,7.6,-3.9,44,0,,231,29.5,,1013.6,,3
2025-01-02 10:00:00,7.7,-3.5,45,0,,233,29.9,,1013.6,,3
2025-01-02 11:00:00,7.1,-1.3,55,0,,238,28.8,,1013.6,,8
2025-01-02 12:00:00,4,2.5,90,0.1,,239,28.8,,1014.1,,9
2025-01-02 13:00:00,3.4,2.7,95,1.5,,235,26.3,,1013.7,,9
2025-01-02 14:00:00,3.2,2.6,96,1,,239,25.2,,1013.3,,9
2025-01-02 15:00:00,2.7,2.4,98,1.6,,247,22.7,,1013.4,,9
2025-01-02 16:00:00,2,2,100,2.6,,256,20.5,,1014,,9
2025-01-02 17:00:00,1.7,1.6,99,1.6,,269,14.8,,1014.9,,9
2025-01-02 18:00:00,1.1,1.1,100,2.1,,294,9.7,,1016,,8
2025-01-02 19:00:00,0.6,0.6,100,1.1,,288,7.2,,1016.6,,12
2025-01-02 20:00:00,0.4,0.3,99,1.2,,298,8.6,,1017.6,,13
2025-01-02 21:00:00,0.4,0,97,0.2,,318,9.7,,1018.8,,12
2025-01-02 22:00:00,0.5,-0.1,96,0,,277,6.5,,1019.7,,5
2025-01-02 23:00:00,0.5,-0.1,96,0,,241,6.1,,1020.4,,3
2025-01-03 00:00:00,0.4,0,97,0,,219,5.8,,1020.7,,3
2025-01-03 01:00:00,0.5,-0.2,95,0,,236,9.4,,1021,,3
2025-01-03 02:00:00,0.3,-0.4,95,0,,254,13,,1021.5,,3
2025-01-03 03:00:00,0.1,-0.7,94,0,,247,13.3,,1022.2,,3
2025-01-03 04:00:00,-0.3,-1.3,93,0,,239,12.2,,1022.3,,3
2025-01-03 05:00:00,-0.4,-1.2,94,0,,235,13,,1022.2,,3
2025-01-03 06:00:00,-0.4,-1.5,92,0,,238,14,,1022.1,,3
2025-01-03 07:00:00,-0.8,-2.4,89,0,,239,14.4,,1022.1,,3
2025-01-03 08:00:00,-1.2,-2.9,88,0,,231,13.3,,1022.7,,3
2025-01-03 09:00:00,-1,-3,86,0,,231,13.7,,1023.2,,3
2025-01-03 10:00:00,-0.1,-2.8,82,0,,250,16.2,,1023.1,,3
2025-01-03 11:00:00,0.3,-3.4,76,0,,260,16.9,,1023.4,,3
2025-01-03 12:00:00,0.6,-3.7,73,0,,262,17.3,,1023.3,,3
2025-01-03 13:00:00,0.6,-4.2,70,0,,262,17.6,,1022.8,,3
2025-01-03 14:00:00,0.5,-5.1,66,0,,259,17.6,,1022.8,,3
2025-01-03 15:00:00,0.7,-5.5,63,0,,264,17.6,,1022.1,,3
2025-01-03 16:00:00,0.1,-5.3,67,0,,261,15.1,,1022.6,,3
2025-01-03 17:00:00,-0.4,-5.4,69,0,,253,14.4,,1023.2,,3
2025-01-03 18:00:00,-1.7,-5.7,74,0,,248,13.7,,1024,,2
2025-01-03 19:00:00,-2.9,-5.9,80,0,,247,11.9,,1024.6,,1
2025-01-03 20:00:00,-3.3,-5.9,82,0,,240,12.2,,1025.1,,1
2025-01-03 21:00:00,-3.8,-6.1,84,0,,227,10.8,,1025.6,,1
2025-01-03 22:00:00,-4.2,-6.2,86,0,,209,9.4,,1025.8,,1
2025-01-03 23:00:00,-4.3,-6.3,86,0,,205,11.2,,1026,,1
2025-01-04 00:00:00,-4.3,-6.4,85,0,,210,11.5,,1026.1,,1
2025-01-04 01:00:00,-4.4,-6.5,85,0,,216,10.8,,1025.9,,1
2025-01-04 02:00:00,-4.5,-6.6,85,0,,223,9,,1025.9,,1
2025-01-04 03:00:00,-4.8,-6.9,85,0,,226,7.9,,1025.9,,1
2025-01-04 04:00:00,-5.1,-7.2,85,0,,229,6.8,,1025.8,,1
2025-01-04 05:00:00,-5.5,-7.5,86,0,,228,5,,1025.4,,1
2025-01-04 06:00:00,-5.5,-7,89,0,,212,4.3,,1025.6,,3
2025-01-04 07:00:00,-5.4,-7.2,87,0,,191,4.7,,1024.9,,3
2025-01-04 08:00:00,-6,-7.7,88,0,,195,4.3,,1024.5,,3
2025-01-04 09:00:00,-5.5,-7.6,85,0,,220,5.8,,1024.5,,3
2025-01-04 10:00:00,-3.4,-7.5,73,0,,211,4,,1024.1,,3
2025-01-04 11:00:00,-1.9,-8.6,60,0,,122,2.2,,1023.3,,3
2025-01-04 12:00:00,-0.4,-8.3,55,0,,98,2.5,,1022.3,,3
2025-01-04 13:00:00,0.4,-8.5,51,0,,125,3.6,,1021.1,,3
2025-01-04 14:00:00,0.7,-8.5,50,0,,142,5,,1019.9,,3
2025-01-04 15:00:00,0.5,-8.5,51,0,,165,4.3,,1019.5,,3
2025-01-04 16:00:00,-0.6,-8.5,55,0,,144,5,,1019,,3
2025-01-04 17:00:00,-1.9,-8.4,61,0,,144,5.4,,1018.9,,3
2025-01-04 18:00:00,-2.6,-7.9,67,0,,156,7.9,,1018.1,,3
2025-01-04 19:00:00,-2.5,-7.6,68,0,,182,6.5,,1018,,3
2025-01-04 20:00:00,-2.4,-7.3,69,0,,162,7.2,,1017.2,,3
2025-01-04 21:00:00,-2.2,-6.7,71,0,,118,6.8,,1016.6,,3
2025-01-04 22:00:00,-2.1,-6.6,71,0,,78,6.8,,1015.3,,3
2025-01-04 23:00:00,-1.6,-6.5,69,0,,279,7.2,,1015.2,,3
2025-01-05 00:00:00,-1.5,-5.2,76,0.9,,54,5.8,,1014.1,,15
2025-01-05 01:00:00,-1.5,-2.8,91,1.8,,107,10.8,,1013,,16
2025-01-05 02:00:00,-0.3,-1,95,1.8,,76,13,,1011.6,,16
2025-01-05 03:00:00,0.5,-0.5,93,0.9,,151,14.4,,1010.4,,16
2025-01-05 04:00:00,1.8,0,88,0.4,,216,19.8,,1008.1,,13
2025-01-05 05:00:00,2.4,1.5,94,0.2,,215,19.8,,1007,,13
2025-01-05 06:00:00,3.5,2.6,94,0.2,,209,21.2,,1006.1,,9
2025-01-05 07:00:00,5.2,4.3,94,0.3,,222,25.2,,1005.3,,9
2025-01-05 08:00:00,6.1,5.2,94,0.3,,221,24.5,,1005.4,,9
2025-01-05 09:00:00,6.6,5.7,94,0.1,,221,25.6,,1005.4,,9
2025-01-05 10:00:00,7.1,6,93,0.1,,224,25.6,,1005.3,,9
2025-01-05 11:00:00,7.6,6.7,94,0,,223,27.4,,1005.2,,9
2025-01-05 12:00:00,7.7,6.8,94,0,,228,25.9,,1004.5,,8
2025-01-05 13:00:00,7.9,7,94,0.1,,233,24.5,,1003.9,,8
2025-01-05 14:00:00,8,6.9,93,0.1,,239,26.6,,1003.4,,7
2025-01-05 15:00:00,7.8,6.6,92,0,,233,24.5,,1003.1,,8
2025-01-05 16:00:00,7.1,5.9,92,0,,223,23.8,,1002.8,,7
2025-01-05 17:00:00,6.4,4.7,89,0.1,,216,19.8,,1002.3,,7
2025-01-05 18:00:00,5.1,3.9,92,0,,206,18.7,,1002.1,,3
2025-01-05 19:00:00,5.2,3.7,90,0,,212,19.8,,1001.9,,3
2025-01-05 20:00:00,5.1,3.3,88,0,,207,18.4,,1001.9,,3
2025-01-05 21:00:00,4.8,2.7,86,0,,209,18,,1001.4,,3
2025-01-05 22:00:00,4.8,3.1,89,0,,208,18,,1001.1,,3
2025-01-05 23:00:00,4.9,2.6,85,0,,210,17.3,,1000.6,,3
2025-01-06 00:00:00,5,1.8,80,0,,210,16.6,,1000.3,,3
2025-01-06 01:00:00,4.9,1.4,78,0,,210,16.9,,1000.1,,3
2025-01-06 02:00:00,4.6,1.5,80,0,,213,16.2,,1000,,3
2025-01-06 03:00:00,5,2.2,82,0,,213,16.9,,1000,,3
2025-01-06 04:00:00,4.8,1.5,79,0,,218,15.8,,999.5,,3
2025-01-06 05:00:00,4.6,1.1,78,0,,213,15.5,,999.3,,3
2025-01-06 06:00:00,4.3,0.4,76,0,,216,15.8,,998.6,,3
2025-01-06 07:00:00,3.8,-0.2,75,0,,218,16.9,,997.9,,3
2025-01-06 08:00:00,5.5,-0.1,67,0,,199,19.1,,997.2,,3
2025-01-06 09:00:00,5.3,-0.3,67,0,,212,18.4,,997.5,,3
2025-01-06 10:00:00,7.6,-0.4,57,0,,208,22.7,,997.3,,3
2025-01-06 11:00:00,9.8,-0.1,50,0,,195,22.7,,997.1,,3
2025-01-06 12:00:00,10.7,0.1,48,0,,197,24.5,,996.2,,3
2025-01-06 13:00:00,10.7,0.1,48,0,,204,25.6,,995.9,,3
2025-01-06 14:00:00,12.6,-0.6,40,0,,209,28.8,,994.6,,3
2025-01-06 15:00:00,12.5,-0.4,41,0,,214,30.6,,994.9,,3
2025-01-06 16:00:00,11.5,0.9,48,0,,221,30.2,,995.6,,3
2025-01-06 17:00:00,9.4,2.7,63,0,,226,28.1,,997.6,,3
2025-01-06 18:00:00,8.6,3.6,71,0,,222,25.6,,998.6,,3
2025-01-06 19:00:00,7.1,3.9,80,0.3,,212,23,,1000,,7
2025-01-06 20:00:00,6.4,4.4,87,3.4,,220,22.7,,1000.9,,8
2025-01-06 21:00:00,5.8,4.6,92,0.7,,223,21.2,,1001.7,,8
2025-01-06 22:00:00,5.2,4.3,94,0,,224,19.1,,1002.5,,8
2025-01-06 23:00:00,4.8,4.1,95,0,,222,19.1,,1003.2,,7
2025-01-07 00:00:00,4.8,3.8,93,0,,226,20.5,,1003.9,,7
2025-01-07 01:00:00,4.6,3.3,91,0,,230,21.2,,1004.2,,3
2025-01-07 02:00:00,4.4,2.4,87,0,,233,21.6,,1004.6,,3
2025-01-07 03:00:00,4.4,1.4,81,0,,233,22.7,,1004.6,,3
2025-01-07 04:00:00,4.5,1.2,79,0,,238,24.8,,1004.6,,3
2025-01-07 05:00:00,4.3,0.4,76,0,,238,23.8,,1005.2,,3
2025-01-07 06:00:00,3.6,-0.2,76,0,,234,21.6,,1005.4,,3
2025-01-07 07:00:00,3.1,-0.4,78,0,,229,20.5,,1005.2,,2
2025-01-07 08:00:00,3.3,-0.3,77,0,,233,23,,1005.5,,3
2025-01-07 09:00:00,3.6,0.6,81,0,,238,23.4,,1006.3,,3
2025-01-07 10:00:00,4.3,0.4,76,0,,236,23,,1006.8,,17
2025-01-07 11:00:00,5.2,0,69,0,,236,24.8,,1006.8,,3
2025-01-07 12:00:00,5,0.2,71,0.8,,241,24.8,,1006.9,,3
2025-01-07 13:00:00,5.3,-0.7,65,0.3,,244,25.6,,1007,,2
2025-01-07 14:00:00,5.1,-0.9,65,0,,242,23.8,,1007.3,,17
2025-01-07 15:00:00,4.4,-0.6,70,0,,231,17.3,,1007.8,,2
2025-01-07 16:00:00,3.9,-0.9,71,0,,226,16.6,,1007.9,,3
2025-01-07 17:00:00,3.1,-1.1,74,0,,224,17.6,,1008.4,,3
2025-01-07 18:00:00,2.4,-1.2,77,0,,222,18.7,,1008.8,,2
2025-01-07 19:00:00,2.1,-1,80,0,,224,19.4,,1009.5,,1
2025-01-07 20:00:00,2.2,-0.9,80,0,,223,18.7,,1009.6,,2
2025-01-07 21:00:00,1.8,-0.9,82,0,,219,17.6,,1009.4,,1
2025-01-07 22:00:00,1.8,-0.9,82,0,,223,17.6,,1009.2,,2
2025-01-07 23:00:00,2.7,-0.1,82,0,,229,15.8,,1008.5,,3
2025-01-08 00:00:00,2.8,1.5,91,0.5,,226,15.8,,1008.3,,12
2025-01-08 01:00:00,2,0.5,90,0.9,,224,11.5,,1007,,9
2025-01-08 02:00:00,2.2,0.7,90,0.1,,244,15.5,,1006.5,,12
2025-01-08 03:00:00,2.7,1.7,93,0.5,,242,14.4,,1006.2,,8
2025-01-08 04:00:00,2.9,2.2,95,0.7,,252,13.7,,1006.1,,8
2025-01-08 05:00:00,2.5,2.1,97,1.3,,287,11.2,,1006.1,,8
2025-01-08 06:00:00,1.9,1.8,99,0.8,,15,8.6,,1007.6,,8
2025-01-08 07:00:00,1.2,1.1,99,0.8,,76,9.7,,1008.1,,8
2025-01-08 08:00:00,1,1,100,0.5,,129,8.6,,1009.4,,12
2025-01-08 09:00:00,0.8,0.8,100,0.5,,144,8.3,,1009.5,,13
2025-01-08 10:00:00,1,0.9,99,1.2,,132,5.8,,1009.4,,12
2025-01-08 11:00:00,1.2,1.1,99,0.8,,111,9,,1009,,12
2025-01-08 12:00:00,1.2,1.1,99,1.2,,98,6.8,,1008.9,,13
2025-01-08 13:00:00,1.2,1.1,99,1.3,,88,7.6,,1008.1,,13
2025-01-08 14:00:00,1,0.9,99,1.5,,65,8.3,,1007.5,,13
2025-01-08 15:00:00,1.2,1.1,99,1.8,,79,6.5,,1006.5,,13
2025-01-08 16:00:00,1,0.9,99,1,,50,9,,1006,,13
2025-01-08 17:00:00,1.4,1,97,0.4,,226,17.3,,1004.7,,12
2025-01-08 18:00:00,2.5,1.9,96,0.1,,229,23.4,,1003.2,,5
2025-01-08 19:00:00,6.2,4.8,91,0,,219,25.2,,1001.8,,5
2025-01-08 20:00:00,6.7,4.7,87,0,,228,26.3,,1001.3,,3
2025-01-08 21:00:00,8.1,4.9,80,0,,234,24.5,,1001.2,,3
2025-01-08 22:00:00,9.6,4.8,72,0,,239,24.1,,1000.8,,3
2025-01-08 23:00:00,9.3,5.7,78,0,,231,25.9,,1001.5,,7
2025-01-09 00:00:00,8.8,6.4,85,0.6,,228,29.2,,1002.5,,8
2025-01-09 01:00:00,8.3,6.6,89,0.6,,224,27,,1002.9,,8
2025-01-09 02:00:00,7.8,5.8,87,0.1,,218,26.6,,1003.2,,3
2025-01-09 03:00:00,8.1,5,81,0,,220,26.3,,1002.9,,3
2025-01-09 04:00:00,8,4.4,78,0,,221,24.8,,1002.5,,3
2025-01-09 05:00:00,7.9,4.3,78,0,,220,25.2,,1001.7,,3
2025-01-09 06:00:00,7.8,4,77,0,,223,22,,1001.4,,3
2025-01-09 07:00:00,7.6,4.2,79,0,,218,21.6,,1001,,7
2025-01-09 08:00:00,7.1,3.7,79,0,,210,22.7,,1000.9,,3
2025-01-09 09:00:00,8.6,3.6,71,0,,214,23.4,,1000.8,,3
2025-01-09 10:00:00,9.5,3.9,68,0,,218,23,,1000.9,,3
2025-01-09 11:00:00,10.1,4.3,67,0,,215,24.8,,1000.4,,3
2025-01-09 12:00:00,10.6,3.8,63,0,,216,30.2,,998.8,,3
2025-01-09 13:00:00,10.4,4.1,65,0,,222,32.4,,997.9,,3
2025-01-09 14:00:00,10.3,4.2,66,0,,222,33.5,,997.8,,3
2025-01-09 15:00:00,10.1,4.7,69,0.3,,227,31.3,,998.1,,3
2025-01-09 16:00:00,9.2,5.2,76,0.3,,232,32.4,,998.9,,8
2025-01-09 17:00:00,6,5.1,94,3.9,,280,33.5,,1002.6,,9
2025-01-09 18:00:00,2.3,0.8,90,0.2,,306,25.6,,1008.1,,8
2025-01-09 19:00:00,1.2,-1.4,83,0,,298,20.9,,1011.3,,3
2025-01-09 20:00:00,1,-2.2,79,0,,292,20.5,,1013.3,,3
2025-01-09 21:00:00,0.4,-2.6,80,0,,284,21.2,,1015.3,,3
2025-01-09 22:00:00,0.3,-2.9,79,0,,268,21.2,,1016.9,,3
2025-01-09 23:00:00,0.2,-3,79,0,,257,20.2,,1018.4,,3
2025-01-10 00:00:00,0.4,-3.2,77,0,,254,19.8,,1019.3,,3
2025-01-10 01:00:00,0.4,-3.3,76,0,,245,18.7,,1019.8,,3
2025-01-10 02:00:00,-0.1,-3.1,80,0,,239,18.4,,1020,,3
2025-01-10 03:00:00,-0.7,-4.1,78,0,,234,16.9,,1020.5,,2
2025-01-10 04:00:00,-0.8,-4.5,76,0,,232,17.3,,1020.2,,2
2025-01-10 05:00:00,-0.8,-4.7,75,0,,241,18,,1019.9,,3
2025-01-10 06:00:00,-0.8,-4.7,75,0,,246,18,,1020.1,,2
2025-01-10 07:00:00,-1.2,-4.7,77,0,,243,16.9,,1020.3,,1
2025-01-10 08:00:00,-1.8,-4.5,82,0,,236,13.7,,1021.4,,1
2025-01-10 09:00:00,-1.4,-4.2,81,0,,228,12.6,,1022,,1
2025-01-10 10:00:00,0.4,-3.7,74,0,,242,15.1,,1021.9,,1
2025-01-10 11:00:00,1.4,-3.7,69,0,,257,14.8,,1021.5,,2
2025-01-10 12:00:00,2.4,-4.1,62,0,,270,15.1,,1021.1,,2
2025-01-10 13:00:00,2.9,-4.8,57,0,,265,12.6,,1020.5,,2
2025-01-10 14:00:00,3.1,-5.5,53,0,,261,9.7,,1020.2,,2
2025-01-10 15:00:00,3,-5.6,53,0,,265,7.9,,1020.2,,2
2025-01-10 16:00:00,1.6,-3.5,69,0,,284,3.2,,1020.2,,2
2025-01-10 17:00:00,-0.5,-5.3,70,0,,326,2.9,,1020.2,,2
2025-01-10 18:00:00,-1.3,-5.3,74,0,,13,4.7,,1020.5,,3
2025-01-10 19:00:00,-2.2,-5.3,79,0,,9,4,,1021.2,,3
2025-01-10 20:00:00,-3,-5.6,82,0,,177,3.6,,1021.4,,2
2025-01-10 21:00:00,-3.7,-5.8,85,0,,218,4.7,,1021.6,,3
2025-01-10 22:00:00,-4.2,-6,87,0,,246,3.6,,1021.8,,1
2025-01-10 23:00:00,-4.5,-6,89,0,,224,3.2,,1021.9,,1
2025-01-11 00:00:00,-4.8,-6.2,90,0,,226,5,,1022.1,,1
2025-01-11 01:00:00,-5,-6.2,91,0,,231,5,,1022.3,,1
2025-01-11 02:00:00,-5.2,-6.3,92,0,,237,4.7,,1022.8,,1
2025-01-11 03:00:00,-5.2,-6.3,92,0,,219,4.3,,1023.1,,1
2025-01-11 04:00:00,-5.2,-6.4,91,0,,224,3.2,,1023.3,,1
2025-01-11 05:00:00,-5.2,-6.2,93,0,,283,4,,1023.7,,2
2025-01-11 06:00:00,-5.3,-6.1,94,0,,317,6.1,,1024.5,,5
2025-01-11 07:00:00,-5.3,-6,95,0,,312,6.5,,1024.9,,5
2025-01-11 08:00:00,-5.1,-5.8,95,0,,280,6.5,,1025.6,,5
2025-01-11 09:00:00,-4,-5.1,92,0,,309,6.5,,1026.3,,5
2025-01-11 10:00:00,-2.1,-4.8,82,0,,243,5.4,,1026.3,,5
2025-01-11 11:00:00,-0.6,-4,78,0,,351,8.6,,1026.4,,3
2025-01-11 12:00:00,-0.1,-4,75,0,,9,8.3,,1026.3,,3
2025-01-11 13:00:00,0.1,-4.2,73,0,,11,8.3,,1026.2,,3
2025-01-11 14:00:00,0.1,-4.2,73,0,,5,7.2,,1026.9,,3
2025-01-11 15:00:00,-0.1,-4.9,70,0,,355,6.5,,1027.3,,3
2025-01-11 16:00:00,-0.5,-5.1,71,0,,354,6.8,,1028,,3
2025-01-11 17:00:00,-1.2,-4.9,76,0,,349,6.5,,1028.7,,3
2025-01-11 18:00:00,-1.4,-4.7,78,0,,340,6.8,,1029.6,,3
2025-01-11 19:00:00,-2.9,-5.1,85,0,,335,5.4,,1030.5,,3
2025-01-11 20:00:00,-3.6,-5.6,86,0,,309,4.7,,1031.1,,3
2025-01-11 21:00:00,-4.2,-6,87,0,,246,5,,1031.6,,2
2025-01-11 22:00:00,-5,-6.2,91,0,,227,5,,1032,,1
2025-01-11 23:00:00,-5.3,-6.5,91,0,,235,5,,1032.5,,1
2025-01-12 00:00:00,-5.3,-6.5,91,0,,227,5,,1033,,1
2025-01-12 01:00:00,-4.3,-5.5,91,0,,220,7.9,,1033,,1
2025-01-12 02:00:00,-3.9,-5.3,90,0,,225,7.9,,1033.5,,3
2025-01-12 03:00:00,-2.6,-5.2,82,0,,230,8.6,,1033.7,,3
2025-01-12 04:00:00,-2.4,-5.2,81,0,,235,7.9,,1033.7,,3
2025-01-12 05:00:00,-2.1,-4.9,81,0,,240,7.6,,1034.1,,3
2025-01-12 06:00:00,-2.1,-4.6,83,0,,252,5.4,,1034.8,,3
2025-01-12 07:00:00,-2.2,-4.5,84,0,,281,5.4,,1035.3,,3
2025-01-12 08:00:00,-3,-4.9,87,0,,300,6.1,,1036.3,,3
2025-01-12 09:00:00,-2.4,-5,82,0,,331,6.5,,1037.5,,2
2025-01-12 10:00:00,-1.5,-4.8,78,0,,354,10.1,,1038.1,,3
2025-01-12 11:00:00,-0.4,-7.2,60,0,,353,10.4,,1038.3,,3
2025-01-12 12:00:00,0.2,-7.3,57,0,,0,10.8,,1037.8,,3
2025-01-12 13:00:00,0.4,-7.3,56,0,,358,10.1,,1037.4,,3
2025-01-12 14:00:00,0.5,-7.3,56,0,,2,9.7,,1037.3,,3
2025-01-12 15:00:00,0.2,-7.1,58,0,,4,10.4,,1037.6,,3
2025-01-12 16:00:00,-0.4,-7.2,60,0,,1,9.4,,1038.2,,3
2025-01-12 17:00:00,-2.8,-7,73,0,,2,5.8,,1038.6,,3
2025-01-12 18:00:00,-3.1,-6.7,76,0,,0,6.8,,1039.4,,3
2025-01-12 19:00:00,-3.4,-6.5,79,0,,350,8.3,,1040,,2
2025-01-12 20:00:00,-2.4,-6,76,0,,357,8.3,,1040.5,,3
2025-01-12 21:00:00,-2.4,-6.2,75,0,,329,7.2,,1041,,3
2025-01-12 22:00:00,-2.5,-6,77,0,,7,7.6,,1041.8,,3
2025-01-12 23:00:00,-2.6,-5.7,79,0,,14,7.2,,1041.6,,3
2025-01-13 00:00:00,-3.4,-5.7,84,0,,41,5.8,,1041.6,,3
2025-01-13 01:00:00,-4,-5.8,87,0,,54,5.8,,1041.3,,3
2025-01-13 02:00:00,-3.5,-5,89,0,,41,7.2,,1041.4,,3
2025-01-13 03:00:00,-3.8,-5.2,90,0,,29,6.8,,1041.5,,3
2025-01-13 04:00:00,-4.8,-5.8,93,0,,29,7.2,,1041.2,,2
2025-01-13 05:00:00,-5.1,-6.1,93,0,,52,7.2,,1041.6,,1
2025-01-13 06:00:00,-5.3,-6.1,94,0,,49,7.6,,1041.9,,1
2025-01-13 07:00:00,-5.6,-6.3,95,0,,72,5.4,,1041.1,,1
2025-01-13 08:00:00,-5.7,-6.4,95,0,,18,5.4,,1041.2,,2
2025-01-13 09:00:00,-5,-5.7,95,0,,29,7.9,,1042.1,,2
2025-01-13 10:00:00,-3.7,-6,84,0,,47,10.8,,1042.5,,2
2025-01-13 11:00:00,-2.6,-6.4,75,0,,58,12.2,,1042.5,,3
2025-01-13 12:00:00,-1.1,-8.3,58,0,,50,11.9,,1041.4,,2
2025-01-13 13:00:00,-0.3,-8.2,55,0,,50,13.3,,1040.8,,1
2025-01-13 14:00:00,0.2,-8,54,0,,51,13.3,,1040.3,,1
2025-01-13 15:00:00,0.2,-8.2,53,0,,48,13.3,,1040,,1
2025-01-13 16:00:00,-0.4,-8.6,54,0,,44,11.9,,1040,,1
2025-01-13 17:00:00,-2.7,-9.8,58,0,,53,10.1,,1040.5,,2
2025-01-13 18:00:00,-3.7,-10.3,60,0,,57,9.7,,1040.5,,1
2025-01-13 19:00:00,-4.4,-10.6,62,0,,53,8.6,,1040.4,,1
2025-01-13 20:00:00,-5.2,-10.5,66,0,,23,5.4,,1039.8,,1
2025-01-13 21:00:00,-5.4,-10.5,67,0,,359,3.2,,1039.2,,2
2025-01-13 22:00:00,-7.1,-9.5,83,0,,331,3.2,,1039.2,,1
2025-01-13 23:00:00,-7.4,-9.6,84,0,,28,4.7,,1039.2,,1
2025-01-14 00:00:00,-7.2,-9.6,83,0,,38,6.5,,1039.3,,2
2025-01-14 01:00:00,-7.3,-9.8,82,0,,38,5.8,,1038.9,,3
2025-01-14 02:00:00,-7.3,-9.8,82,0,,12,4.3,,1038.7,,3
2025-01-14 03:00:00,-7.4,-9.6,84,0,,6,4.3,,1038.8,,3
2025-01-14 04:00:00,-7.5,-9.9,83,0,,18,4.3,,1038.4,,3
2025-01-14 05:00:00,-7.5,-9.9,83,0,,165,3.2,,1038.1,,3
2025-01-14 06:00:00,-7.9,-10.3,83,0,,279,3.2,,1037.6,,3
2025-01-14 07:00:00,-8,-10.4,83,0,,229,3.2,,1037.4,,3
2025-01-14 08:00:00,-8.8,-10.4,88,0,,218,6.1,,1037.2,,1
2025-01-14 09:00:00,-7.3,-9.5,84,0,,242,6.5,,1037.4,,1
2025-01-14 10:00:00,-4.2,-9.2,68,0,,214,5.8,,1037.4,,1
2025-01-14 11:00:00,-1.1,-9.7,52,0,,286,3.6,,1037,,1
2025-01-14 12:00:00,1.7,-10.4,40,0,,307,3.2,,1035.8,,1
2025-01-14 13:00:00,3.4,-11.7,32,0,,346,6.8,,1034.9,,1
2025-01-14 14:00:00,4.3,-13,27,0,,14,4.7,,1033.9,,1
2025-01-14 15:00:00,4.2,-13.6,26,0,,15,6.1,,1033.8,,1
2025-01-14 16:00:00,1.7,-13.6,31,0,,79,4,,1033.6,,1
2025-01-14 17:00:00,-1.1,-12.7,41,0,,81,4.3,,1033.7,,2
2025-01-14 18:00:00,-2.3,-12.1,47,0,,88,3.2,,1034.2,,1
2025-01-14 19:00:00,-2.7,-11.4,51,0,,163,1.4,,1034.6,,1
2025-01-14 20:00:00,-3.2,-11.4,53,0,,271,2.2,,1034.8,,1
2025-01-14 21:00:00,-3.5,-11.7,53,0,,234,3.6,,1034.5,,1
2025-01-14 22:00:00,-3.5,-12.4,50,0,,241,5,,1034.4,,1
2025-01-14 23:00:00,-3.9,-10.3,61,0,,232,3.2,,1034.4,,1
2025-01-15 00:00:00,-3.8,-11.3,56,0,,200,7.2,,1033.7,,2
2025-01-15 01:00:00,-4.2,-12.3,53,0,,232,9,,1032.9,,2
2025-01-15 02:00:00,-2.1,-12.7,44,0,,243,7.6,,1032.4,,3
2025-01-15 03:00:00,-1.2,-13.1,40,0,,199,6.1,,1032.5,,3
2025-01-15 04:00:00,-0.7,-13.2,38,0,,222,4,,1032.2,,3
2025-01-15 05:00:00,0,-10.2,46,0,,98,2.9,,1032.5,,3
2025-01-15 06:00:00,0,-9.4,49,0,,135,3.2,,1032.1,,3
2025-01-15 07:00:00,-0.2,-7.9,56,0,,51,4,,1032.4,,3
2025-01-15 08:00:00,-0.1,-6.1,64,0,,71,5.8,,1033.1,,14
2025-01-15 09:00:00,0,-5.2,68,0.1,,203,5,,1033.5,,3
2025-01-15 10:00:00,0.2,-3.7,75,0,,48,5,,1033.8,,3
2025-01-15 11:00:00,0.8,-3.1,75,0,,66,7.9,,1034.6,,3
2025-01-15 12:00:00,1,-2.4,78,0,,43,5.8,,1034.2,,3
2025-01-15 13:00:00,1.7,-1.5,79,0,,58,5,,1033.6,,3
2025-01-15 14:00:00,1.9,-1.4,79,0,,48,4.3,,1033.3,,3
2025-01-15 15:00:00,1.6,-0.2,88,0,,6,5,,1033.4,,3
2025-01-15 16:00:00,1.3,-0.2,90,0,,64,4.3,,1033.4,,3
2025-01-15 17:00:00,0.6,-0.1,95,0,,63,4.7,,1033.7,,3
2025-01-15 18:00:00,0.3,-0.1,97,0,,55,5,,1034.4,,3
2025-01-15 19:00:00,0.1,-0.2,98,0,,47,4.7,,1034.7,,3
2025-01-15 20:00:00,-0.1,-0.2,99,0,,43,4.7,,1034.9,,3
2025-01-15 21:00:00,-0.1,-0.2,99,0,,53,5.8,,1035.2,,3
2025-01-15 22:00:00,-0.1,-0.2,99,0,,46,6.8,,1035.4,,3
2025-01-15 23:00:00,0,-0.1,99,0,,44,8.3,,1035.5,,3
2025-01-16 00:00:00,-0.2,-0.3,99,0,,44,7.9,,1034.8,,3
2025-01-16 01:00:00,-0.4,-0.5,99,0,,55,7.6,,1034.7,,3
2025-01-16 02:00:00,-0.3,-0.4,99,0,,51,8.6,,1034.6,,5
2025-01-16 03:00:00,-0.2,-0.3,99,0,,46,9.7,,1034.7,,3
2025-01-16 04:00:00,-0.2,-0.3,99,0,,42,10.4,,1034.7,,3
2025-01-16 05:00:00,-0.1,-0.2,99,0,,43,10.4,,1034.7,,5
2025-01-16 06:00:00,-0.4,-0.5,99,0,,37,10.4,,1034.7,,3
2025-01-16 07:00:00,-1.5,-1.8,98,0,,43,10.8,,1034.9,,5
2025-01-16 08:00:00,-0.5,-0.8,98,0,,41,11.9,,1035.2,,5
2025-01-16 09:00:00,0.1,-0.3,97,0,,46,13.3,,1035.8,,3
2025-01-16 10:00:00,0.9,-0.3,92,0,,52,12.6,,1036.3,,3
2025-01-16 11:00:00,2,-0.4,84,0,,65,15.8,,1036.7,,2
2025-01-16 12:00:00,3.3,-0.5,76,0,,73,13.7,,1036.3,,3
2025-01-16 13:00:00,4.1,-0.7,71,0,,77,13.7,,1035.4,,3
2025-01-16 14:00:00,4.3,-0.7,70,0,,74,13.3,,1035,,3
2025-01-16 15:00:00,3.9,-0.7,72,0,,72,13,,1035.2,,3
2025-01-16 16:00:00,2.7,-0.4,80,0,,65,12.2,,1036,,3
2025-01-16 17:00:00,1.5,-0.3,88,0,,60,9,,1036.4,,3
2025-01-16 18:00:00,0.9,-0.4,91,0,,45,6.8,,1036.5,,3
2025-01-16 19:00:00,-0.7,-1.7,93,0,,42,9,,1036.7,,2
2025-01-16 20:00:00,-1,-2,93,0,,50,9.4,,1037,,2
2025-01-16 21:00:00,-1.3,-2.3,93,0,,54,7.9,,1037.6,,1
2025-01-16 22:00:00,-1.5,-2.3,94,0,,47,5.8,,1037.4,,3
2025-01-16 23:00:00,-2.4,-3.4,93,0,,17,4,,1037.4,,3
2025-01-17 00:00:00,-2.7,-3.5,94,0,,16,5.8,,1037.4,,2
2025-01-17 01:00:00,-3,-3.7,95,0,,38,6.1,,1037.3,,1
2025-01-17 02:00:00,-2.1,-2.7,96,0,,51,6.5,,1037.4,,1
2025-01-17 03:00:00,-2.2,-2.8,96,0,,47,6.1,,1037.3,,3
2025-01-17 04:00:00,-2.4,-2.8,97,0,,50,4.7,,1037.1,,3
2025-01-17 05:00:00,-2.1,-2.4,98,0,,12,3.2,,1037.1,,3
2025-01-17 06:00:00,-2,-2.3,98,0,,322,2.2,,1037.2,,3
2025-01-17 07:00:00,-2.9,-3,99,0,,279,1.8,,1037.3,,5
2025-01-17 08:00:00,-3,-3.3,98,0,,273,1.4,,1037.7,,5
2025-01-17 09:00:00,-2.1,-2.2,99,0,,316,2.5,,1038.4,,5
2025-01-17 10:00:00,-1.3,-1.7,97,0,,39,3.6,,1038.7,,5
2025-01-17 11:00:00,0.1,-1.3,90,0,,66,5.8,,1039,,5
2025-01-17 12:00:00,1.6,-1.8,78,0,,70,6.8,,1038,,3
2025-01-17 13:00:00,2.6,-1.9,72,0,,64,6.8,,1036.7,,3
2025-01-17 14:00:00,3.1,-1.6,71,0,,48,7.9,,1036.1,,3
2025-01-17 15:00:00,3.2,-1.4,72,0,,47,7.9,,1035.7,,2
2025-01-17 16:00:00,2.3,-1,79,0,,36,7.2,,1035.5,,2
2025-01-17 17:00:00,-0.2,-1.6,90,0,,36,7.6,,1035.7,,1
2025-01-17 18:00:00,-1.1,-2.2,92,0,,57,7.9,,1036.1,,2
2025-01-17 19:00:00,-1.8,-2.9,92,0,,80,7.6,,1036,,2
2025-01-17 20:00:00,-2.2,-3.2,93,0,,73,7.6,,1036.1,,2
2025-01-17 21:00:00,-1.7,-2.7,93,0,,67,6.8,,1035.8,,3
2025-01-17 22:00:00,-1.1,-2.1,93,0,,46,7.2,,1035.4,,3
2025-01-17 23:00:00,-1.6,-2.4,94,0,,46,7.6,,1035.3,,3
2025-01-18 00:00:00,-1.8,-2.6,94,0,,50,7.9,,1035.1,,3
2025-01-18 01:00:00,-1.8,-2.6,94,0,,40,6.8,,1034.3,,3
2025-01-18 02:00:00,-2.4,-3.1,95,0,,26,6.5,,1033.6,,3
2025-01-18 03:00:00,-1.4,-1.8,97,0,,25,7.2,,1033.6,,3
2025-01-18 04:00:00,-1.1,-1.5,97,0,,29,7.2,,1032.9,,3
2025-01-18 05:00:00,-1.3,-1.6,98,0,,32,7.2,,1032.5,,3
2025-01-18 06:00:00,-1.4,-1.7,98,0,,37,7.9,,1032.3,,3
2025-01-18 07:00:00,-1.8,-2.2,97,0,,36,5.4,,1032.2,,3
2025-01-18 08:00:00,-1.4,-2.1,95,0,,60,4,,1032.5,,3
2025-01-18 09:00:00,-1.2,-2.2,93,0,,246,5.4,,1032.4,,3
2025-01-18 10:00:00,-0.2,-2.4,85,0,,242,5.4,,1032.3,,3
2025-01-18 11:00:00,0.9,-2.2,80,0,,313,2.2,,1032.1,,3
2025-01-18 12:00:00,1.9,-2.1,75,0,,21,5,,1031.6,,2
2025-01-18 13:00:00,3,-1.7,71,0,,37,5.8,,1030.5,,1
2025-01-18 14:00:00,3.6,-1.6,69,0,,42,6.8,,1030,,1
2025-01-18 15:00:00,3.6,-1.6,69,0,,45,5.4,,1029.3,,1
2025-01-18 16:00:00,2.5,-0.4,81,0,,14,2.9,,1028.9,,1
2025-01-18 17:00:00,-0.3,-2.4,86,0,,12,4.7,,1028.8,,1
2025-01-18 18:00:00,-1.4,-3,89,0,,27,5.8,,1029.1,,1
2025-01-18 19:00:00,-2.3,-3.6,91,0,,62,5.8,,1029.1,,1
2025-01-18 20:00:00,-2.7,-4,91,0,,120,4.3,,1028.8,,1
2025-01-18 21:00:00,-3.1,-4.4,91,0,,206,5.4,,1028.4,,1
2025-01-18 22:00:00,-3.3,-4.4,92,0,,164,5.4,,1028.2,,1
2025-01-18 23:00:00,-4.5,-5.5,93,0,,225,5.8,,1028.3,,1
2025-01-19 00:00:00,-4.7,-5.5,94,0,,159,4.3,,1028.1,,1
2025-01-19 01:00:00,-4.9,-5.7,94,0,,184,4.7,,1027.6,,3
2025-01-19 02:00:00,-5.1,-5.9,94,0,,219,5,,1026.8,,5
2025-01-19 03:00:00,-5.2,-6,94,0,,215,5,,1026,,5
2025-01-19 04:00:00,-4.2,-5,94,0,,235,5,,1025.8,,5
2025-01-19 05:00:00,-4.2,-5,94,0,,238,4.7,,1025.2,,5
2025-01-19 06:00:00,-4.2,-5,94,0,,238,3.6,,1024.8,,5
2025-01-19 07:00:00,-4.5,-5.2,95,0,,34,2.2,,1024.5,,2
2025-01-19 08:00:00,-4.5,-5.2,95,0,,35,2.5,,1024.7,,5
2025-01-19 09:00:00,-3.4,-4.2,94,0,,305,4.3,,1024.6,,5
2025-01-19 10:00:00,-1.6,-3.9,84,0,,287,4,,1024.3,,3
2025-01-19 11:00:00,0.5,-3.8,73,0,,273,3.6,,1023.8,,2
2025-01-19 12:00:00,2.7,-4.1,61,0,,283,3.6,,1022.8,,2
2025-01-19 13:00:00,4.5,-4,54,0,,278,3.6,,1021.6,,1
2025-01-19 14:00:00,5.8,-4.1,49,0,,336,4.7,,1020.9,,1
2025-01-19 15:00:00,5.7,-3.9,50,0,,16,6.5,,1020.5,,1
2025-01-19 16:00:00,3.7,-4,57,0,,2,5.4,,1020.4,,1
2025-01-19 17:00:00,0.9,-4.3,68,0,,33,4,,1020.7,,1
2025-01-19 18:00:00,-0.2,-4.3,74,0,,49,4,,1021,,1
2025-01-19 19:00:00,-0.8,-4.3,77,0,,346,4,,1021.3,,1
2025-01-19 20:00:00,-1,-4.5,77,0,,266,2.5,,1021.5,,1
2025-01-19 21:00:00,-1.2,-4.5,78,0,,246,3.2,,1021.9,,2
2025-01-19 22:00:00,-1.8,-4.8,80,0,,251,2.5,,1021.8,,2
2025-01-19 23:00:00,-1.2,-4.2,80,0,,242,2.9,,1021.8,,3
2025-01-20 00:00:00,-1.8,-4.6,81,0,,223,4,,1021.9,,2
2025-01-20 01:00:00,-1.1,-3.9,81,0,,242,4.3,,1021.6,,3
2025-01-20 02:00:00,-0.9,-4.1,79,0,,225,4.3,,1021.3,,3
2025-01-20 03:00:00,-2.3,-4.8,83,0,,212,6.5,,1021.3,,1
2025-01-20 04:00:00,-2.5,-5,83,0,,228,6.1,,1020.7,,1
2025-01-20 05:00:00,-2.5,-5.3,81,0,,240,5.4,,1020.4,,1
2025-01-20 06:00:00,-2.2,-4.9,82,0,,228,5,,1020.6,,1
2025-01-20 07:00:00,-2.3,-4.9,82,0,,247,5,,1020.6,,1
2025-01-20 08:00:00,-2.3,-4.8,83,0,,266,4,,1020.7,,1
2025-01-20 09:00:00,-1.2,-3.9,82,0,,238,5,,1021.1,,1
2025-01-20 10:00:00,1.2,-3.3,72,0,,249,4.3,,1021.2,,1
2025-01-20 11:00:00,2.8,-4,61,0,,248,1.1,,1021.3,,2
2025-01-20 12:00:00,5.1,-3.9,52,0,,327,2.5,,1021.1,,2
2025-01-20 13:00:00,6.7,-4.4,45,0,,336,2.9,,1020.1,,1
2025-01-20 14:00:00,7.5,-4.9,41,0,,338,3.2,,1019.6,,2
2025-01-20 15:00:00,7.4,-5,41,0,,23,3.6,,1019.3,,3
2025-01-20 16:00:00,4.5,-4.5,52,0,,38,4.7,,1019,,3
2025-01-20 17:00:00,1.1,-4.1,68,0,,56,6.1,,1019.4,,3
2025-01-20 18:00:00,0.2,-3.9,74,0,,50,4.7,,1019.7,,3
2025-01-20 19:00:00,-0.3,-3.8,77,0,,3,3.2,,1019.8,,3
2025-01-20 20:00:00,-0.9,-3.9,80,0,,322,1.8,,1020,,3
2025-01-20 21:00:00,-1.9,-4.4,83,0,,262,2.2,,1019.9,,3
2025-01-20 22:00:00,-2.4,-4.9,83,0,,250,4.3,,1019.7,,3
2025-01-20 23:00:00,-2.4,-5,82,0,,231,4.7,,1019.9,,1
2025-01-21 00:00:00,-2.5,-5.1,82,0,,220,5,,1019.9,,1
2025-01-21 01:00:00,-2.5,-5.3,81,0,,226,5.8,,1019.6,,3
2025-01-21 02:00:00,-2.8,-5,85,0,,235,4.7,,1019.6,,2
2025-01-21 03:00:00,-3.5,-5.5,86,0,,230,5.4,,1019.8,,1
2025-01-21 04:00:00,-3.8,-5.6,87,0,,233,5.8,,1019.5,,1
2025-01-21 05:00:00,-4,-5.7,88,0,,238,6.1,,1019.5,,2
2025-01-21 06:00:00,-4,-5.8,87,0,,253,6.1,,1019.3,,3
2025-01-21 07:00:00,-4,-5.8,87,0,,248,4.3,,1019.5,,1
2025-01-21 08:00:00,-4.1,-5.9,87,0,,216,5,,1019.6,,1
2025-01-21 09:00:00,-2.5,-4.7,85,0,,242,9,,1019.6,,1
2025-01-21 10:00:00,0.5,-3.6,74,0,,248,7.2,,1019.7,,1
2025-01-21 11:00:00,3.2,-3.2,63,0,,247,4.7,,1019.6,,1
2025-01-21 12:00:00,5.9,-3.7,50,0,,302,2.9,,1018.8,,1
2025-01-21 13:00:00,7.5,-3.7,45,0,,2,2.9,,1017.8,,1
2025-01-21 14:00:00,8.3,-3.9,42,0,,25,4,,1017.1,,1
2025-01-21 15:00:00,8,-3.8,43,0,,52,5,,1016.6,,1
2025-01-21 16:00:00,5.1,-3.4,54,0,,56,5.4,,1016.5,,1
2025-01-21 17:00:00,1.1,-3.6,71,0,,70,7.2,,1016.6,,1
2025-01-21 18:00:00,-0.1,-3.6,77,0,,63,5.4,,1017,,1
2025-01-21 19:00:00,-1.2,-4.2,80,0,,131,6.5,,1017.1,,1
2025-01-21 20:00:00,-2.1,-4.3,85,0,,198,6.5,,1017.2,,1
2025-01-21 21:00:00,-2.9,-4.8,87,0,,217,6.1,,1017,,1
2025-01-21 22:00:00,-3.6,-5.1,89,0,,212,6.5,,1016.7,,1
2025-01-21 23:00:00,-4,-5.2,91,0,,219,6.5,,1016.5,,2
2025-01-22 00:00:00,-4.2,-5.4,91,0,,217,6.1,,1016.1,,1
2025-01-22 01:00:00,-4.3,-5.5,91,0,,208,6.1,,1015.4,,1
2025-01-22 02:00:00,-4.7,-5.8,92,0,,230,6.1,,1015.1,,2
2025-01-22 03:00:00,-4.3,-5.3,93,0,,225,6.8,,1015.1,,3
2025-01-22 04:00:00,-3.9,-5.1,91,0,,220,7.9,,1014.7,,3
2025-01-22 05:00:00,-3.6,-4.9,91,0,,219,6.1,,1013.9,,3
2025-01-22 06:00:00,-3.6,-4.7,92,0,,223,7.9,,1013.6,,3
2025-01-22 07:00:00,-3.3,-4.3,93,0,,213,7.9,,1013.4,,3
2025-01-22 08:00:00,-3.3,-4.3,93,0,,211,8.6,,1013.1,,3
2025-01-22 09:00:00,-2,-3,93,0,,216,9.4,,1012.5,,3
2025-01-22 10:00:00,0.3,-1.9,85,0,,220,9.4,,1011.9,,3
2025-01-22 11:00:00,3.9,-1.1,70,0,,247,8.6,,1011.4,,3
2025-01-22 12:00:00,5.8,-1.4,60,0,,251,8.3,,1010.5,,3
2025-01-22 13:00:00,8.4,-2.5,46,0,,223,12.6,,1009.5,,3
2025-01-22 14:00:00,8,-2.9,46,0.2,,207,14.8,,1009,,3
2025-01-22 15:00:00,6.6,-1.3,57,0.1,,204,13.7,,1008.6,,3
2025-01-22 16:00:00,5.7,-0.8,63,0,,188,13.3,,1008,,3
2025-01-22 17:00:00,3.6,-0.8,73,0,,208,12.6,,1007.3,,3
2025-01-22 18:00:00,3,-2.5,67,0,,215,14.4,,1008.1,,3
2025-01-22 19:00:00,3.2,-2.5,66,0,,210,15.1,,1007.8,,3
2025-01-22 20:00:00,3.7,-2.5,64,0,,217,14,,1007.1,,3
2025-01-22 21:00:00,1.9,-2.6,72,0,,233,11.9,,1006.6,,3
2025-01-22 22:00:00,1.7,-2.4,74,0,,228,12.2,,1006.2,,3
2025-01-22 23:00:00,1.9,-2.6,72,0,,216,14,,1005.7,,3
2025-01-23 00:00:00,2.1,-2.8,70,0,,226,14,,1005,,3
2025-01-23 01:00:00,2.8,-2.5,68,0,,230,14,,1004.5,,3
2025-01-23 02:00:00,4.1,-2.5,62,0,,218,15.8,,1003.9,,3
2025-01-23 03:00:00,5.9,-2,57,0,,207,20.5,,1003.9,,3
2025-01-23 04:00:00,7.5,0.5,61,0.1,,211,24.5,,1003.4,,8
2025-01-23 05:00:00,7.2,1.1,65,0,,208,25.2,,1002.6,,3
2025-01-23 06:00:00,6.8,2.3,73,0,,213,27,,1002.5,,3
2025-01-23 07:00:00,6,3.5,84,0,,219,27.4,,1003.3,,8
2025-01-23 08:00:00,5.5,4.8,95,1.3,,230,25.6,,1005,,9
2025-01-23 09:00:00,3.9,2.9,93,0.1,,264,25.2,,1008.9,,8
2025-01-23 10:00:00,2.8,1.9,94,0,,255,22,,1011.8,,3
2025-01-23 11:00:00,3.2,1.9,91,0,,256,19.4,,1013.2,,3
2025-01-23 12:00:00,3.4,1.6,88,0,,259,20.5,,1014.1,,3
2025-01-23 13:00:00,3.9,1.1,82,0,,253,19.8,,1014,,3
2025-01-23 14:00:00,4.2,0.2,75,0,,249,19.8,,1013.6,,3
2025-01-23 15:00:00,4.9,0.3,72,0,,242,18,,1013.2,,3
2025-01-23 16:00:00,4.7,0.7,75,0,,240,15.1,,1013.3,,3
2025-01-23 17:00:00,3.1,0.2,81,0,,250,14,,1014.4,,1
2025-01-23 18:00:00,1.4,-0.5,87,0,,220,13,,1014.8,,3
2025-01-23 19:00:00,0.9,-0.9,88,0,,194,13.7,,1015.1,,3
2025-01-23 20:00:00,1.6,-0.8,84,0,,219,18,,1015.5,,3
2025-01-23 21:00:00,2.5,-0.8,79,0,,220,18.4,,1015.1,,3
2025-01-23 22:00:00,2.6,-0.5,80,0,,217,19.8,,1014.4,,1
2025-01-23 23:00:00,2.8,-0.8,77,0,,221,18.7,,1014.2,,1
2025-01-24 00:00:00,3.8,-1,71,0,,219,19.1,,1014.4,,3
2025-01-24 01:00:00,2.4,-1,78,0,,210,18,,1015.1,,3
2025-01-24 02:00:00,3.8,-1.4,69,0,,227,19.8,,1015.2,,3
2025-01-24 03:00:00,4.4,-0.8,69,0,,229,20.2,,1015.3,,3
2025-01-24 04:00:00,4.7,-0.3,70,0,,230,18,,1015.1,,3
2025-01-24 05:00:00,4.2,-0.4,72,0,,226,17.6,,1015.1,,3
2025-01-24 06:00:00,1.9,-0.7,83,0,,221,11.9,,1015.5,,3
2025-01-24 07:00:00,1.5,-0.6,86,0,,198,7.9,,1015.5,,3
2025-01-24 08:00:00,1.1,-1,86,0,,171,9.7,,1015,,3
2025-01-24 09:00:00,2.8,-0.7,78,0,,183,12.6,,1014.4,,3
2025-01-24 10:00:00,5,-0.6,67,0,,206,14.8,,1013.9,,3
2025-01-24 11:00:00,7.8,-2,50,0,,220,21.6,,1012.7,,3
2025-01-24 12:00:00,10.5,-2.5,40,0,,220,20.9,,1011.8,,3
2025-01-24 13:00:00,9.6,-2.1,44,0,,220,18.7,,1011.5,,3
2025-01-24 14:00:00,11.4,-1.4,41,0,,210,17.3,,1010.9,,3
2025-01-24 15:00:00,10.8,-2.9,38,0,,220,18.7,,1010.4,,3
2025-01-24 16:00:00,11.2,-2.6,38,0,,231,18.4,,1010.3,,3
2025-01-24 17:00:00,10.2,-5,34,0,,232,18.7,,1010.9,,3
2025-01-24 18:00:00,8.3,-5.9,36,0,,223,16.9,,1011.7,,3
2025-01-24 19:00:00,7.7,-5.4,39,0,,214,16.2,,1012.1,,3
2025-01-24 20:00:00,7,-5.3,41,0,,211,15.8,,1012.6,,3
2025-01-24 21:00:00,8,-3.5,44,0,,210,16.2,,1011.6,,3
2025-01-24 22:00:00,8.5,-3.1,44,0,,205,17.3,,1011.4,,3
2025-01-24 23:00:00,9.3,-3.3,41,0,,200,18.7,,1010.7,,3
2025-01-25 00:00:00,9.7,-3.9,38,0,,221,19.8,,1010,,3
2025-01-25 01:00:00,8.8,-5.8,35,0,,221,19.8,,1010.1,,3
2025-01-25 02:00:00,8.6,-3.6,42,0,,212,19.8,,1010.1,,3
2025-01-25 03:00:00,7.1,-3.7,46,0,,221,18,,1009.9,,3
2025-01-25 04:00:00,6,-3.4,51,0,,234,15.5,,1009.2,,3
2025-01-25 05:00:00,6.5,-2.9,51,0,,254,14.4,,1009.6,,3
2025-01-25 06:00:00,7.1,-2.9,49,0,,229,13,,1009.5,,3
2025-01-25 07:00:00,7.7,-3.2,46,0,,222,14.4,,1009.1,,3
2025-01-25 08:00:00,7.2,-3.4,47,0,,217,13.3,,1009.2,,3
2025-01-25 09:00:00,7.3,-2.7,49,0,,217,13.7,,1009.6,,3
2025-01-25 10:00:00,8.6,-1.2,50,0,,228,13.3,,1009.9,,3
2025-01-25 11:00:00,10.4,0.1,49,0,,219,11.9,,1010.1,,3
2025-01-25 12:00:00,10.1,2,57,0,,212,13.3,,1010.2,,3
2025-01-25 13:00:00,11,2.3,55,0,,203,15.1,,1009.8,,3
2025-01-25 14:00:00,11.4,2.9,56,0,,211,12.6,,1009.6,,3
2025-01-25 15:00:00,11.3,3.6,59,0,,215,10.1,,1009.4,,3
2025-01-25 16:00:00,9.8,3.8,66,0,,210,9.7,,1009.2,,3
2025-01-25 17:00:00,9.4,3.8,68,0,,174,6.5,,1008.9,,3
2025-01-25 18:00:00,7.1,2.8,74,0,,192,8.3,,1008.8,,3
2025-01-25 19:00:00,5.2,1.9,79,0,,201,13.3,,1009.1,,3
2025-01-25 20:00:00,4.4,0.5,76,0,,202,14.8,,1009.2,,1
2025-01-25 21:00:00,4.2,0,74,0,,213,13,,1008.3,,1
2025-01-25 22:00:00,4.9,0.8,75,0,,252,13.3,,1008.3,,3
2025-01-25 23:00:00,4.7,1.2,78,0,,261,13.7,,1008.7,,3
2025-01-26 00:00:00,4.9,1.9,81,0,,222,13,,1008.9,,3
2025-01-26 01:00:00,5.5,2,78,0,,211,15.1,,1009.1,,3
2025-01-26 02:00:00,7,4.5,84,0,,233,22.3,,1009.7,,3
2025-01-26 03:00:00,5.7,4.5,92,0,,226,19.8,,1011,,8
2025-01-26 04:00:00,5,3.8,92,0,,214,21.6,,1010.4,,7
2025-01-26 05:00:00,5.2,3.2,87,0,,223,22.7,,1010.2,,3
2025-01-26 06:00:00,4.8,2.2,83,0,,219,23.4,,1010.4,,3
2025-01-26 07:00:00,5.9,1.2,72,0,,227,26.6,,1010.6,,3
2025-01-26 08:00:00,5.3,1,74,0,,233,29.2,,1012,,3
2025-01-26 09:00:00,4.6,-0.2,71,0,,235,26.6,,1012.9,,3
2025-01-26 10:00:00,4.7,-0.3,70,0,,234,25.6,,1013.5,,3
2025-01-26 11:00:00,5,-0.8,66,0,,236,27,,1013.6,,3
2025-01-26 12:00:00,5.7,-1.5,60,0,,244,23,,1013.5,,2
2025-01-26 13:00:00,6.3,-1.6,57,0,,239,17.3,,1012.6,,2
2025-01-26 14:00:00,7.1,-2.1,52,0,,226,12.2,,1011.9,,1
2025-01-26 15:00:00,7.6,-3.6,45,0,,229,10.1,,1011.1,,1
2025-01-26 16:00:00,6.6,-0.4,61,0,,186,5,,1010.4,,1
2025-01-26 17:00:00,3.4,-3.6,60,0,,141,9.7,,1010,,3
2025-01-26 18:00:00,2.8,-2.9,66,0,,160,13.7,,1009.3,,3
2025-01-26 19:00:00,2.5,-2.6,69,0,,197,18,,1009.3,,3
2025-01-26 20:00:00,5.5,-2.3,57,0,,188,18.7,,1008.3,,3
2025-01-26 21:00:00,6.4,-2.2,54,0,,191,19.8,,1007.6,,3
2025-01-26 22:00:00,6.8,-1.4,56,0,,186,20.9,,1006,,3
2025-01-26 23:00:00,7,0,61,0,,198,22.3,,1005.2,,3
2025-01-27 00:00:00,7.3,0.1,60,0,,197,22.7,,1004.6,,3
2025-01-27 01:00:00,6.6,0.7,66,0,,191,20.9,,1003.7,,8
2025-01-27 02:00:00,6.2,0.7,68,0.2,,194,16.9,,1003.2,,3
2025-01-27 03:00:00,5.1,1.9,80,0,,186,17.3,,1002.8,,8
2025-01-27 04:00:00,5.8,0.8,70,0.1,,218,16.9,,1001.9,,8
2025-01-27 05:00:00,6,0.5,68,0.3,,212,19.4,,1001.6,,7
2025-01-27 06:00:00,7.1,1.6,68,0.3,,209,27,,1001,,8
2025-01-27 07:00:00,8.5,2.3,65,0,,213,28.8,,1000.6,,3
2025-01-27 08:00:00,7.6,4.2,79,0.9,,206,31.7,,1000.6,,8
2025-01-27 09:00:00,8,2.9,70,0.4,,200,28.4,,1000.4,,7
2025-01-27 10:00:00,9.8,2.4,60,0.1,,213,27.4,,1000.6,,3
2025-01-27 11:00:00,10.8,2.6,57,0.9,,210,27.7,,1000.8,,3
2025-01-27 12:00:00,11.6,3.6,58,0,,219,28.1,,1000.3,,3
2025-01-27 13:00:00,11,4.2,63,0.5,,213,27.4,,1000.4,,3
2025-01-27 14:00:00,10.5,5.1,69,0,,203,22.7,,1000.3,,7
2025-01-27 15:00:00,9.7,4.5,70,0.1,,203,22,,1000.4,,7
2025-01-27 16:00:00,8,5.3,83,0,,202,25.6,,1000.8,,8
2025-01-27 17:00:00,7.2,4.7,84,0.1,,209,23,,1000.6,,8
2025-01-27 18:00:00,7.1,4.4,83,0.7,,217,22.7,,1001.3,,7
2025-01-27 19:00:00,6.3,4.6,89,0.1,,207,22,,1002.4,,8
2025-01-27 20:00:00,6.2,4.7,90,0,,201,23.4,,1002.7,,7
2025-01-27 21:00:00,5.7,3.9,88,0,,199,23.4,,1003,,3
2025-01-27 22:00:00,5.5,3.3,86,0,,204,22.3,,1002.7,,3
2025-01-27 23:00:00,5.2,2.6,83,0,,203,21.6,,1002.1,,3
2025-01-28 00:00:00,4.4,1.8,83,0,,210,20.5,,1001.7,,3
2025-01-28 01:00:00,5.6,2.4,80,0,,212,15.5,,1000.5,,3
2025-01-28 02:00:00,5,2.4,83,0,,217,14.8,,1000.2,,3
2025-01-28 03:00:00,4.6,2.1,84,0,,205,12.6,,1000.3,,3
2025-01-28 04:00:00,4.4,1.9,84,0,,207,11.5,,999.5,,3
2025-01-28 05:00:00,4.4,2.1,85,0,,208,12.6,,999.6,,7
2025-01-28 06:00:00,3.5,2.5,93,0.3,,220,14,,1000,,8
2025-01-28 07:00:00,4,3.4,96,1.1,,203,11.2,,999.8,,8
2025-01-28 08:00:00,4,3.6,97,0.8,,213,12.6,,1000.3,,8
2025-01-28 09:00:00,4.1,3.5,96,0.3,,209,11.9,,1000.7,,7
2025-01-28 10:00:00,4.7,3.7,93,0,,213,15.8,,1000.8,,7
2025-01-28 11:00:00,5.6,3.9,89,0,,224,15.8,,1000,,3
2025-01-28 12:00:00,6.8,3.2,78,0,,220,16.2,,999.8,,3
2025-01-28 13:00:00,7.5,2.2,69,0,,229,20.2,,999.3,,3
2025-01-28 14:00:00,8,1.2,62,0,,235,22.3,,999.4,,3
2025-01-28 15:00:00,7.7,0.7,61,0,,231,21.6,,999.2,,3
2025-01-28 16:00:00,7.5,1.3,65,0,,208,15.5,,999.5,,3
2025-01-28 17:00:00,6.4,0.9,68,0,,216,15.1,,1000.1,,3
2025-01-28 18:00:00,5,0.4,72,0,,212,16.2,,1000.8,,3
2025-01-28 19:00:00,4.8,0,71,0,,210,16.9,,1001.2,,2
2025-01-28 20:00:00,5,0.4,72,0,,214,19.1,,1001.5,,3
2025-01-28 21:00:00,5.2,0.9,74,0,,224,22.3,,1002.3,,3
2025-01-28 22:00:00,5.5,1.4,75,0,,230,23.8,,1002.8,,3
2025-01-28 23:00:00,5.2,1.3,76,0,,220,21.2,,1003.6,,3
2025-01-29 00:00:00,5.9,1.2,72,0,,213,21.6,,1003.6,,3
2025-01-29 01:00:00,6.1,1.2,71,0,,217,23,,1003.6,,3
2025-01-29 02:00:00,5.9,1.8,75,0.1,,222,23.4,,1004.4,,3
2025-01-29 03:00:00,5.8,1.9,76,0,,219,25.6,,1004.4,,3
2025-01-29 04:00:00,6.2,1.9,74,0.4,,224,28.1,,1004.5,,3
2025-01-29 05:00:00,5.1,3.3,88,0.4,,226,27,,1005.5,,8
2025-01-29 06:00:00,4.6,3.3,91,0,,230,24.5,,1006.9,,8
2025-01-29 07:00:00,4.3,3.3,93,0.1,,234,23.4,,1007.8,,8
2025-01-29 08:00:00,4.1,3.5,96,0.1,,235,23.4,,1009,,8
2025-01-29 09:00:00,4.7,3.7,93,0,,230,25.6,,1010.1,,8
2025-01-29 10:00:00,5.3,3.5,88,0,,224,24.8,,1011.3,,3
2025-01-29 11:00:00,5.8,3.5,85,0,,226,23,,1011.7,,7
2025-01-29 12:00:00,7,2.5,73,0,,237,26.3,,1011.8,,3
2025-01-29 13:00:00,7.6,1.4,65,0,,239,24.8,,1011.5,,3
2025-01-29 14:00:00,8.1,0.1,57,0,,242,21.2,,1011.1,,3
2025-01-29 15:00:00,8.2,-0.6,54,0,,246,19.4,,1011.1,,1
2025-01-29 16:00:00,7.5,-0.2,58,0,,238,13.3,,1011.1,,3
2025-01-29 17:00:00,5.2,0.2,70,0,,210,7.6,,1011.1,,3
2025-01-29 18:00:00,3.3,-0.3,77,0,,192,6.5,,1011.7,,3
2025-01-29 19:00:00,2.3,-0.6,81,0,,175,9.4,,1011.9,,3
2025-01-29 20:00:00,1.8,-0.8,83,0,,194,9,,1012.4,,3
2025-01-29 21:00:00,1,-1.4,84,0,,188,7.9,,1012.5,,3
2025-01-29 22:00:00,0.3,-1.8,86,0,,220,7.2,,1012.7,,3
2025-01-29 23:00:00,-0.6,-2.3,88,0,,214,7.6,,1012.9,,2
2025-01-30 00:00:00,-1.2,-2.8,89,0,,199,7.9,,1012.9,,3
2025-01-30 01:00:00,-1.5,-3.1,89,0,,203,8.6,,1012.9,,3
2025-01-30 02:00:00,-1.1,-2.7,89,0,,245,7.2,,1013.4,,3
2025-01-30 03:00:00,-0.8,-1.8,93,0,,212,7.2,,1013.4,,3
2025-01-30 04:00:00,-0.6,-1.4,94,0,,216,6.8,,1013.4,,3
2025-01-30 05:00:00,-0.3,-1.1,94,0,,272,6.8,,1013.6,,3
2025-01-30 06:00:00,0.1,-0.7,94,0,,233,6.8,,1014.1,,3
2025-01-30 07:00:00,0.2,-0.5,95,0,,208,9,,1014.5,,3
2025-01-30 08:00:00,-0.4,-1.2,94,0,,220,7.9,,1015.3,,3
2025-01-30 09:00:00,1,-0.6,89,0,,217,7.9,,1015.8,,3
2025-01-30 10:00:00,2.8,0.2,83,0,,212,7.6,,1016.3,,3
2025-01-30 11:00:00,5.6,1.5,75,0,,217,6.1,,1016.3,,3
2025-01-30 12:00:00,7.4,1.5,66,0,,221,4.7,,1016.4,,3
2025-01-30 13:00:00,8.9,1.6,60,0,,204,6.8,,1016.4,,3
2025-01-30 14:00:00,8.9,2.2,63,0,,201,7.2,,1016.5,,3
2025-01-30 15:00:00,9.2,3,65,0,,232,8.3,,1016.4,,3
2025-01-30 16:00:00,8.4,2.8,68,0,,248,10.4,,1016.9,,3
2025-01-30 17:00:00,7.4,2.5,71,0,,243,11.5,,1017.8,,3
2025-01-30 18:00:00,4,1.7,85,0,,236,10.4,,1018.5,,3
2025-01-30 19:00:00,4.1,2,86,0.1,,228,9.7,,1019.5,,3
2025-01-30 20:00:00,4.1,2,86,0,,231,11.2,,1020.4,,3
2025-01-30 21:00:00,3.8,2.2,89,0,,230,11.2,,1020.8,,3
2025-01-30 22:00:00,3.5,2,90,0,,225,11.5,,1021.5,,3
2025-01-30 23:00:00,4,2.8,92,0,,238,12.2,,1022.1,,3
2025-01-31 00:00:00,3.8,2.8,93,0,,234,11.5,,1022.8,,3
2025-01-31 01:00:00,4.3,3,91,0,,241,12.2,,1023.3,,7
2025-01-31 02:00:00,4,3.1,94,0.5,,317,14.8,,1024.1,,7
2025-01-31 03:00:00,2.6,2,96,0.1,,343,13.3,,1025.4,,3
2025-01-31 04:00:00,2.3,1.4,94,0.2,,330,11.9,,1026,,3
2025-01-31 05:00:00,2.3,1.3,93,0.3,,336,10.1,,1026.8,,3
2025-01-31 06:00:00,2.1,1.2,94,0,,345,8.6,,1027.6,,3
2025-01-31 07:00:00,1.8,0.9,94,0,,348,7.6,,1028.4,,3
2025-01-31 08:00:00,1,0.4,96,0,,349,7.6,,1029.4,,3
2025-01-31 09:00:00,1.1,0.4,95,0,,343,8.6,,1030,,3
2025-01-31 10:00:00,1.7,0.1,89,0,,4,7.2,,1030.1,,3
2025-01-31 11:00:00,2.4,-0.4,82,0,,54,4.7,,1030.3,,3
2025-01-31 12:00:00,2.6,-0.7,79,0,,63,6.1,,1030.3,,3
2025-01-31 13:00:00,3,-1,75,0,,76,6.5,,1029.8,,3
2025-01-31 14:00:00,4.2,-2,64,0,,69,6.8,,1029.7,,3
2025-01-31 15:00:00,4.3,-2.3,62,0,,70,6.5,,1029.6,,3
2025-01-31 16:00:00,3.8,-2.6,63,0,,68,7.6,,1029.4,,3
2025-01-31 17:00:00,1.3,-2.1,78,0,,68,5.8,,1029.6,,3
2025-01-31 18:00:00,-0.6,-2.8,85,0,,58,7.2,,1030.2,,3
2025-01-31 19:00:00,-1.4,-3.6,85,0,,56,6.1,,1030.6,,3
2025-01-31 20:00:00,-2.1,-4.1,86,0,,66,6.8,,1031.2,,2
2025-01-31 21:00:00,-2.5,-4.4,87,0,,73,6.8,,1031.4,,1
2025-01-31 22:00:00,-2.7,-4.6,87,0,,56,6.1,,1031.5,,1
2025-01-31 23:00:00,-3,-4.7,88,0,,55,6.1,,1031.4,,1
2025-02-01 00:00:00,-3.2,-4.8,89,0,,47,7.6,,1031.4,,1
2025-02-01 01:00:00,-3.1,-4.8,88,0,,53,9,,1031.9,,1
2025-02-01 02:00:00,-3.3,-5,88,0,,51,9.4,,1031.6,,1
2025-02-01 03:00:00,-3.3,-4.8,89,0,,38,9.7,,1031.6,,1
2025-02-01 04:00:00,-3.1,-4.5,90,0,,38,10.4,,1031.2,,1
2025-02-01 05:00:00,-3.4,-4.8,90,0,,41,9.7,,1031,,1
2025-02-01 06:00:00,-3.3,-4.6,91,0,,37,10.4,,1031.1,,1
2025-02-01 07:00:00,-3.5,-4.8,91,0,,38,9.4,,1031,,1
2025-02-01 08:00:00,-3.7,-5,91,0,,27,8.6,,1031,,1
2025-02-01 09:00:00,-2.1,-3.5,90,0,,22,10.4,,1031,,1
2025-02-01 10:00:00,-0.1,-2.8,82,0,,29,9.4,,1031,,1
2025-02-01 11:00:00,1.6,-2.9,72,0,,40,12.2,,1030.6,,1
2025-02-01 12:00:00,2.7,-2.4,69,0,,65,14.4,,1030,,3
2025-02-01 13:00:00,3.9,-2.1,65,0,,70,15.1,,1028.8,,3
2025-02-01 14:00:00,4.3,-1.5,66,0,,74,14.4,,1028.1,,3
2025-02-01 15:00:00,4.6,-1.2,66,0,,77,14,,1027.7,,3
2025-02-01 16:00:00,4.3,-1.3,67,0,,57,10.4,,1027.3,,3
2025-02-01 17:00:00,1.7,-1.5,79,0,,54,6.8,,1027.3,,2
2025-02-01 18:00:00,-0.2,-2.3,86,0,,62,7.9,,1027.5,,2
2025-02-01 19:00:00,-0.7,-2.6,87,0,,62,7.9,,1027.7,,2
2025-02-01 20:00:00,-1.1,-3,87,0,,75,8.3,,1027.9,,2
2025-02-01 21:00:00,-1,-3.7,82,0,,68,8.3,,1028.2,,3
2025-02-01 22:00:00,-1.5,-3.8,84,0,,69,6.8,,1027.9,,3
2025-02-01 23:00:00,-2.2,-4.4,85,0,,59,5,,1027.6,,3
2025-02-02 00:00:00,-2.6,-4.6,86,0,,34,5,,1027.7,,2
2025-02-02 01:00:00,-2.9,-4.9,86,0,,57,4.3,,1027.1,,2
2025-02-02 02:00:00,-3.2,-5.2,86,0,,30,3.6,,1026.6,,2
2025-02-02 03:00:00,-3.5,-5.3,87,0,,13,3.2,,1026.4,,2
2025-02-02 04:00:00,-3.7,-5.4,88,0,,21,2.2,,1026,,2
2025-02-02 05:00:00,-4,-5.7,88,0,,298,3.2,,1025.6,,1
2025-02-02 06:00:00,-4.3,-5.8,89,0,,351,4,,1025.4,,1
2025-02-02 07:00:00,-3.6,-4.4,94,0,,50,3.2,,1025.2,,1
2025-02-02 08:00:00,-3.8,-4.6,94,0,,96,3.6,,1025.6,,1
2025-02-02 09:00:00,-2,-3.3,91,0,,151,4.7,,1025.8,,2
2025-02-02 10:00:00,0.3,-2.2,83,0,,12,2.5,,1025.8,,2
2025-02-02 11:00:00,1.8,-1.8,77,0,,93,2.5,,1025.4,,2
2025-02-02 12:00:00,3.2,-1.7,70,0,,359,2.5,,1024.5,,3
2025-02-02 13:00:00,4,-1.4,68,0,,26,4.3,,1024,,1
2025-02-02 14:00:00,4.7,-1.1,66,0,,43,4.7,,1023.9,,3
2025-02-02 15:00:00,4.8,-0.8,67,0,,60,5.4,,1023.9,,3
2025-02-02 16:00:00,4.2,-0.8,70,0,,52,6.5,,1024.1,,2
2025-02-02 17:00:00,1.7,-1.2,81,0,,60,6.1,,1024.5,,1
2025-02-02 18:00:00,-0.2,-2.3,86,0,,67,5.8,,1025.2,,1
2025-02-02 19:00:00,-0.8,-2.7,87,0,,64,4.3,,1025.6,,1
2025-02-02 20:00:00,-1.7,-3.3,89,0,,137,5.4,,1025.6,,1
2025-02-02 21:00:00,-2.2,-3.5,91,0,,161,5.8,,1026.1,,1
2025-02-02 22:00:00,-3.6,-4.9,91,0,,186,5.8,,1026.7,,1
2025-02-02 23:00:00,-4.1,-5.2,92,0,,186,3.6,,1027,,1
2025-02-03 00:00:00,-4.4,-5.4,93,0,,199,4.3,,1027.1,,1
2025-02-03 01:00:00,-4.6,-5.4,94,0,,207,3.6,,1027.3,,1
2025-02-03 02:00:00,-4.5,-5.5,93,0,,231,1.8,,1027.6,,1
2025-02-03 03:00:00,-3.7,-4.4,95,0,,181,2.5,,1028.3,,1
2025-02-03 04:00:00,-3.8,-4.5,95,0,,210,3.6,,1028,,2
2025-02-03 05:00:00,-3.8,-4.3,96,0,,227,4.7,,1027.9,,2
2025-02-03 06:00:00,-4,-4.5,96,0,,221,4.7,,1028.1,,3
2025-02-03 07:00:00,-3.9,-4.4,96,0,,222,5.4,,1028.2,,5
2025-02-03 08:00:00,-1.1,-1.4,98,0,,227,5.8,,1028.8,,5
2025-02-03 09:00:00,-0.8,-1.4,96,0,,225,4,,1029.4,,5
2025-02-03 10:00:00,-0.2,-1.2,93,0,,207,4.7,,1029.5,,5
2025-02-03 11:00:00,1,-1.4,84,0,,226,5,,1029.2,,5
2025-02-03 12:00:00,2.6,-1.4,75,0,,279,2.9,,1028.8,,3
2025-02-03 13:00:00,3.8,-1,71,0,,350,4,,1028,,3
2025-02-03 14:00:00,4.6,-1,67,0,,26,5,,1027.6,,3
2025-02-03 15:00:00,4.9,-1.3,64,0,,42,7.9,,1027.6,,2
2025-02-03 16:00:00,3.9,-1.3,69,0,,66,8.3,,1027.9,,1
2025-02-03 17:00:00,1.3,-0.9,85,0,,54,4.7,,1028,,1
2025-02-03 18:00:00,-0.9,-2.5,89,0,,62,3.6,,1028.5,,1
2025-02-03 19:00:00,-1.8,-2.9,92,0,,76,3.6,,1028.9,,1
2025-02-03 20:00:00,-2.6,-3.7,92,0,,101,4.3,,1029.3,,1
2025-02-03 21:00:00,-3.3,-4.3,93,0,,170,5.4,,1029.6,,1
2025-02-03 22:00:00,-3.8,-4.8,93,0,,202,5,,1029.8,,1
2025-02-03 23:00:00,-4.3,-5.5,91,0,,194,3.2,,1030.2,,1
2025-02-04 00:00:00,-4.7,-5.7,93,0,,215,4,,1030.1,,1
2025-02-04 01:00:00,-4.8,-5.6,94,0,,234,5.4,,1030,,3
2025-02-04 02:00:00,-4.8,-5.6,94,0,,236,4,,1029.9,,3
2025-02-04 03:00:00,-4.5,-5.6,92,0,,198,3.2,,1030.4,,3
2025-02-04 04:00:00,-3.5,-4.2,95,0,,210,4,,1030.5,,3
2025-02-04 05:00:00,-3.4,-3.9,96,0,,224,4,,1030.5,,5
2025-02-04 06:00:00,-3.6,-4.1,96,0,,232,4.3,,1030.9,,5
2025-02-04 07:00:00,-3.8,-4.5,95,0,,197,3.2,,1030.9,,5
2025-02-04 08:00:00,-3.9,-4.6,95,0,,173,2.9,,1031.1,,5
2025-02-04 09:00:00,-1.8,-2.6,94,0,,160,3.6,,1031.8,,5
2025-02-04 10:00:00,-0.2,-2.4,85,0,,234,5,,1031.7,,3
2025-02-04 11:00:00,1.5,-2.6,74,0,,258,4.3,,1031.2,,2
2025-02-04 12:00:00,3,-2.3,68,0,,310,2.9,,1030.6,,1
2025-02-04 13:00:00,4.2,-2.2,63,0,,360,3.2,,1029.9,,2
2025-02-04 14:00:00,4.7,-3.1,57,0,,20,4.3,,1029.8,,1
2025-02-04 15:00:00,4.8,-3,57,0,,24,5,,1029.4,,1
2025-02-04 16:00:00,4.1,-1.1,69,0,,48,4.7,,1029.3,,1
2025-02-04 17:00:00,1.1,-2.8,75,0,,73,4.3,,1029.6,,1
2025-02-04 18:00:00,-1.2,-3.7,83,0,,82,5,,1030.4,,1
2025-02-04 19:00:00,-1.8,-3.8,86,0,,68,3.6,,1031.3,,1
2025-02-04 20:00:00,-2.1,-4,87,0,,358,1.8,,1031.9,,1
2025-02-04 21:00:00,-2.5,-4.2,88,0,,239,4.3,,1032.6,,1
2025-02-04 22:00:00,-2.8,-4.8,86,0,,219,5.4,,1033.2,,1
2025-02-04 23:00:00,-3,-5.5,83,0,,226,6.1,,1033.3,,1
2025-02-05 00:00:00,-3.5,-6.3,81,0,,230,6.5,,1033.5,,1
2025-02-05 01:00:00,-3.6,-6.7,79,0,,236,6.8,,1033.9,,1
2025-02-05 02:00:00,-3.6,-6.9,78,0,,236,7.2,,1034.2,,1
2025-02-05 03:00:00,-3.8,-7.1,78,0,,248,7.2,,1034.6,,1
2025-02-05 04:00:00,-4.5,-7.3,81,0,,272,6.5,,1035.3,,1
2025-02-05 05:00:00,-4.6,-7.4,81,0,,263,4,,1036.1,,1
2025-02-05 06:00:00,-3.6,-6.5,80,0,,220,3.6,,1036.4,,1
2025-02-05 07:00:00,-3.6,-6.5,80,0,,236,5,,1036.8,,1
2025-02-05 08:00:00,-4,-6.6,82,0,,232,5,,1037.6,,1
2025-02-05 09:00:00,-1.7,-6.1,72,0,,216,7.2,,1038.2,,1
2025-02-05 10:00:00,0.9,-5.8,61,0,,261,3.6,,1038.6,,1
2025-02-05 11:00:00,2.7,-6.4,51,0,,343,3.2,,1039,,1
2025-02-05 12:00:00,5,-6.5,43,0,,39,4.7,,1038.7,,1
2025-02-05 13:00:00,6.4,-7.2,37,0,,46,6.1,,1038.2,,1
2025-02-05 14:00:00,7,-6.7,37,0,,47,7.6,,1038.1,,1
2025-02-05 15:00:00,6.7,-5.6,41,0,,49,8.6,,1038.1,,1
2025-02-05 16:00:00,5.2,-6.1,44,0,,51,9,,1038,,1
2025-02-05 17:00:00,1.5,-5.4,60,0,,50,7.2,,1038.6,,1
2025-02-05 18:00:00,-1.1,-4.6,77,0,,38,7.9,,1039.6,,1
2025-02-05 19:00:00,-1.8,-4.1,84,0,,37,7.9,,1040.5,,1
2025-02-05 20:00:00,-2,-4,86,0,,46,6.5,,1041.2,,1
2025-02-05 21:00:00,-1.8,-3.7,87,0,,65,4.3,,1041.3,,3
2025-02-05 22:00:00,-0.8,-2.8,86,0,,29,3.6,,1041.3,,3
2025-02-05 23:00:00,-0.3,-2.5,85,0,,31,4,,1040.9,,3
2025-02-06 00:00:00,-0.3,-2.4,86,0,,38,5,,1040.7,,3
2025-02-06 01:00:00,-0.4,-2.1,88,0,,28,5.8,,1040.3,,3
2025-02-06 02:00:00,-0.4,-1,96,0,,26,6.5,,1039.8,,3
2025-02-06 03:00:00,-0.3,-0.9,96,0,,26,8.6,,1039.6,,3
2025-02-06 04:00:00,-0.3,-0.7,97,0,,40,9,,1039.1,,3
2025-02-06 05:00:00,-0.3,-0.6,98,0,,30,9.7,,1039,,3
2025-02-06 06:00:00,-0.3,-0.4,99,0,,34,9.7,,1039.1,,3
2025-02-06 07:00:00,0.2,0.1,99,0,,36,11.5,,1038.4,,3
2025-02-06 08:00:00,0.1,0,99,0,,32,11.5,,1038.6,,5
2025-02-06 09:00:00,0.3,0,98,0,,34,11.5,,1038.7,,3
2025-02-06 10:00:00,0.6,0,96,0,,32,14.4,,1038.7,,3
2025-02-06 11:00:00,0.8,0.1,95,0,,32,15.1,,1038.6,,3
2025-02-06 12:00:00,0.9,0.2,95,0.1,,34,14.8,,1037.9,,3
2025-02-06 13:00:00,0.9,0,94,0,,37,14,,1037.2,,3
2025-02-06 14:00:00,1,0,93,0,,39,14.8,,1036.7,,3
2025-02-06 15:00:00,1,-0.2,92,0,,38,14.4,,1036.2,,3
2025-02-06 16:00:00,1.3,-0.2,90,0,,43,15.1,,1035.8,,3
2025-02-06 17:00:00,1.2,0.5,95,0,,43,14.4,,1035.4,,3
2025-02-06 18:00:00,1,-0.2,92,0,,49,16.2,,1035.4,,3
2025-02-06 19:00:00,0.9,-0.9,88,0,,55,15.1,,1035.1,,3
2025-02-06 20:00:00,0.1,-1.8,87,0,,60,13.3,,1034.8,,3
2025-02-06 21:00:00,0,-2.4,84,0,,55,13.3,,1034,,3
2025-02-06 22:00:00,0.3,-2.6,81,0,,55,15.5,,1033.5,,3
2025-02-06 23:00:00,0.3,-3.1,78,0,,58,15.5,,1032.9,,3
2025-02-07 00:00:00,-0.1,-3.6,77,0,,56,15.5,,1032.3,,3
2025-02-07 01:00:00,-0.1,-4.2,74,0,,62,15.5,,1031.5,,3
2025-02-07 02:00:00,-0.3,-4.4,74,0,,69,14.8,,1031,,3
2025-02-07 03:00:00,0.3,-3.4,76,0,,75,14.8,,1030,,3
2025-02-07 04:00:00,0.1,-3.3,78,0,,70,13.3,,1029.3,,3
2025-02-07 05:00:00,-0.2,-3.2,80,0,,67,12.2,,1028.7,,3
2025-02-07 06:00:00,-0.1,-2.8,82,0,,66,11.2,,1028.3,,3
2025-02-07 07:00:00,-0.3,-2.7,84,0,,65,11.2,,1027.9,,3
2025-02-07 08:00:00,-0.1,-2.6,83,0,,72,11.2,,1028.1,,3
2025-02-07 09:00:00,0.7,-2.5,79,0,,85,12.2,,1028.2,,3
2025-02-07 10:00:00,1.6,-2.3,75,0,,98,11.5,,1027.8,,3
2025-02-07 11:00:00,2.3,-2.2,72,0,,93,10.1,,1027.1,,3
2025-02-07 12:00:00,3.5,-1.8,68,0,,76,7.2,,1026.4,,3
2025-02-07 13:00:00,4.4,-1.4,66,0,,70,7.9,,1025.5,,3
2025-02-07 14:00:00,5,-1,65,0,,64,8.6,,1024.9,,3
2025-02-07 15:00:00,5.1,-1.1,64,0,,65,10.1,,1024.3,,3
2025-02-07 16:00:00,4.7,-1.1,66,0,,62,11.2,,1024.2,,3
2025-02-07 17:00:00,3.3,-1.3,72,0,,62,10.8,,1024.2,,3
2025-02-07 18:00:00,1.2,-1.4,83,0,,69,11.5,,1023.8,,3
2025-02-07 19:00:00,-0.2,-1.9,88,0,,62,10.1,,1023.6,,3
2025-02-07 20:00:00,-0.9,-2.5,89,0,,32,7.9,,1023.3,,3
2025-02-07 21:00:00,-1.5,-2.9,90,0,,19,5.4,,1023.1,,3
2025-02-07 22:00:00,-2.1,-3.4,91,0,,10,5,,1023.3,,3
2025-02-07 23:00:00,-2.9,-4.2,91,0,,357,3.6,,1023.5,,2
2025-02-08 00:00:00,-3,-4.3,91,0,,99,3.6,,1023.6,,3
2025-02-08 01:00:00,-3.2,-4.5,91,0,,175,4,,1023.8,,3
2025-02-08 02:00:00,-3.5,-4.6,92,0,,186,5,,1023.9,,3
2025-02-08 03:00:00,-3.6,-4.7,92,0,,193,5.8,,1024.1,,3
2025-02-08 04:00:00,-3.4,-4.5,92,0,,188,5.4,,1024,,3
2025-02-08 05:00:00,-3.4,-4.4,93,0,,36,4.3,,1024.1,,3
2025-02-08 06:00:00,-3.9,-4.6,95,0,,78,4,,1023.8,,3
2025-02-08 07:00:00,-4,-4.7,95,0,,53,5.8,,1023.5,,2
2025-02-08 08:00:00,-4,-4.7,95,0,,267,6.5,,1023.7,,2
2025-02-08 09:00:00,-1.2,-2.3,92,0,,251,7.9,,1023.7,,2
2025-02-08 10:00:00,1.5,-1.4,81,0,,306,5,,1023.4,,2
2025-02-08 11:00:00,4.3,-0.7,70,0,,356,4,,1023,,1
2025-02-08 12:00:00,6.8,-0.4,60,0,,25,4.7,,1022.3,,1
2025-02-08 13:00:00,8.7,-0.1,54,0,,59,7.2,,1021.4,,1
2025-02-08 14:00:00,10.4,-4.4,35,0,,50,6.8,,1020.8,,1
2025-02-08 15:00:00,10.2,-3.1,39,0,,46,9.7,,1020.4,,1
2025-02-08 16:00:00,8,-0.2,56,0,,38,9.4,,1020.6,,1
2025-02-08 17:00:00,4.1,-0.7,71,0,,40,9,,1021,,1
2025-02-08 18:00:00,1.4,-2.4,76,0,,32,9,,1021.7,,1
2025-02-08 19:00:00,-0.1,-3.5,78,0,,94,7.6,,1022.2,,1
2025-02-08 20:00:00,-1.1,-3.8,82,0,,140,7.9,,1022.8,,1
2025-02-08 21:00:00,-1.9,-3.9,86,0,,175,7.2,,1023.2,,1
2025-02-08 22:00:00,-2.3,-4,88,0,,199,6.5,,1023.7,,1
2025-02-08 23:00:00,-2.8,-4.2,90,0,,212,5.4,,1024,,2
2025-02-09 00:00:00,-3.5,-4.9,90,0,,207,6.5,,1024.5,,2
2025-02-09 01:00:00,-3.3,-4.7,90,0,,226,8.3,,1024.7,,3
2025-02-09 02:00:00,-2,-3.9,87,0,,222,11.2,,1025.3,,3
2025-02-09 03:00:00,-1.5,-3.5,86,0,,209,11.5,,1025.9,,3
2025-02-09 04:00:00,-1.2,-3.1,87,0,,234,10.8,,1026,,3
2025-02-09 05:00:00,-0.5,-1.6,92,0,,239,9.7,,1026.3,,3
2025-02-09 06:00:00,-0.7,-1.8,92,0,,208,9.4,,1026.9,,3
2025-02-09 07:00:00,-0.8,-1.8,93,0,,206,8.6,,1027.1,,3
2025-02-09 08:00:00,-0.6,-1.4,94,0,,200,7.9,,1027.7,,3
2025-02-09 09:00:00,0.7,-0.6,91,0,,227,8.6,,1028.2,,3
2025-02-09 10:00:00,2,-0.3,85,0,,236,8.3,,1028.7,,3
2025-02-09 11:00:00,3.8,0.1,77,0,,225,4.3,,1028.4,,3
2025-02-09 12:00:00,5.6,0.4,69,0,,282,4.3,,1028.3,,2
2025-02-09 13:00:00,6.7,0.2,63,0,,13,4.3,,1027.7,,2
2025-02-09 14:00:00,7.3,0.3,61,0,,39,4,,1027.1,,3
2025-02-09 15:00:00,7.4,0.6,62,0,,33,5.8,,1026.9,,2
2025-02-09 16:00:00,6.3,0.6,67,0,,48,7.6,,1027.4,,1
2025-02-09 17:00:00,4.1,1.1,81,0,,56,7.9,,1028.2,,1
2025-02-09 18:00:00,1.6,0,89,0,,79,8.6,,1028.5,,1
2025-02-09 19:00:00,0.2,-0.9,92,0,,80,5.8,,1028.7,,2
2025-02-09 20:00:00,-0.1,-1.2,92,0,,30,4.3,,1028.6,,3
2025-02-09 21:00:00,-1.2,-2,94,0,,332,3.2,,1028.5,,2
2025-02-09 22:00:00,-1.6,-2.2,96,0,,346,2.2,,1028.5,,3
2025-02-09 23:00:00,-1.8,-2.2,97,0,,334,1.4,,1028.2,,3
2025-02-10 00:00:00,-2,-2.4,97,0,,272,1.8,,1027.9,,1
2025-02-10 01:00:00,-2.1,-2.7,96,0,,224,2.2,,1027.7,,5
2025-02-10 02:00:00,-2.4,-2.8,97,0,,242,1.8,,1027.2,,5
2025-02-10 03:00:00,-2.3,-2.7,97,0,,241,4.3,,1026.9,,5
2025-02-10 04:00:00,-2,-2.4,97,0,,235,4.3,,1026.6,,5
2025-02-10 05:00:00,-1.9,-2.5,96,0,,229,4.3,,1026.5,,5
2025-02-10 06:00:00,-1.2,-1.8,96,0,,244,5.4,,1026.4,,5
2025-02-10 07:00:00,-1,-1.6,96,0,,134,3.6,,1025.8,,5
2025-02-10 08:00:00,-0.6,-1,97,0,,115,4.3,,1025.5,,5
2025-02-10 09:00:00,0.5,-0.4,94,0,,334,5.4,,1025.5,,5
2025-02-10 10:00:00,1.5,0,90,0,,321,3.2,,1025.6,,3
2025-02-10 11:00:00,3.4,1.1,85,0,,319,2.2,,1025.6,,3
2025-02-10 12:00:00,5.5,1.6,76,0,,39,3.6,,1024.4,,3
2025-02-10 13:00:00,7.5,1.8,67,0,,355,2.5,,1023.6,,3
2025-02-10 14:00:00,7.4,1.9,68,0,,39,3.6,,1022.8,,3
2025-02-10 15:00:00,7.9,1.9,66,0,,13,4,,1022.3,,3
2025-02-10 16:00:00,6.4,3,79,0,,24,4.3,,1022,,3
2025-02-10 17:00:00,4.2,2.2,87,0.1,,66,5.4,,1022.2,,3
2025-02-10 18:00:00,3.5,2,90,1.7,,112,9.4,,1022.2,,7
2025-02-10 19:00:00,2.4,1.7,95,0.5,,118,11.5,,1022.2,,8
2025-02-10 20:00:00,3.4,2.1,91,0.3,,119,15.5,,1021.9,,3
2025-02-10 21:00:00,3.4,1.9,90,0.3,,86,9.4,,1022,,7
2025-02-10 22:00:00,1.8,1.1,95,0,,243,9.4,,1022,,8
2025-02-10 23:00:00,1.3,0.4,94,0.6,,181,9.4,,1021.7,,13
2025-02-11 00:00:00,1.9,1.2,95,0.1,,225,9,,1022.2,,12
2025-02-11 01:00:00,2,1.3,95,0.7,,125,10.1,,1021.9,,9
2025-02-11 02:00:00,2.2,1.2,93,0.2,,154,11.2,,1021.7,,3
2025-02-11 03:00:00,3.9,2.4,90,0,,289,9.7,,1021.9,,3
2025-02-11 04:00:00,3.5,2.5,93,0,,221,9,,1021.7,,8
2025-02-11 05:00:00,3.1,2.4,95,0.4,,195,10.4,,1021.5,,3
2025-02-11 06:00:00,2.9,2.3,96,1.1,,210,7.9,,1021.4,,8
2025-02-11 07:00:00,2.9,2.5,97,1.2,,177,9,,1021.6,,9
2025-02-11 08:00:00,3.4,2.8,96,1.5,,77,7.2,,1021.5,,9
2025-02-11 09:00:00,3.5,2.9,96,0.2,,324,4,,1022,,9
2025-02-11 10:00:00,3.7,3.3,97,0.3,,146,4.3,,1022.3,,8
2025-02-11 11:00:00,4.1,3.8,98,0.1,,137,5,,1022.4,,8
2025-02-11 12:00:00,4.6,4.5,99,0.1,,135,5.8,,1022.3,,8
2025-02-11 13:00:00,5,4.9,99,0,,140,5.8,,1021.8,,9
2025-02-11 14:00:00,5.2,4.9,98,0,,141,5,,1021.3,,8
2025-02-11 15:00:00,5.2,4.9,98,0,,150,5,,1021,,8
2025-02-11 16:00:00,5.1,4.8,98,0.1,,155,4.7,,1020.6,,8
2025-02-11 17:00:00,4.8,4.5,98,0.1,,147,5.8,,1020.4,,8
2025-02-11 18:00:00,6.1,5.2,94,0,,164,11.5,,1020.3,,7
2025-02-11 19:00:00,5.9,4.7,92,0,,192,10.8,,1020.3,,7
2025-02-11 20:00:00,5.7,4.5,92,0.1,,217,8.3,,1020.4,,7
2025-02-11 21:00:00,5.5,4.5,93,0.1,,198,7.6,,1020.3,,8
2025-02-11 22:00:00,5.2,4.3,94,0.3,,207,7.9,,1020.2,,7
2025-02-11 23:00:00,5.8,4.9,94,0.4,,192,13.7,,1019.5,,7
2025-02-12 00:00:00,5.8,5.1,95,0.7,,200,14.8,,1019.3,,7
2025-02-12 01:00:00,5.8,5.1,95,0.7,,209,15.1,,1019.2,,7
2025-02-12 02:00:00,5.8,5.1,95,0.8,,218,13.7,,1018.7,,8
2025-02-12 03:00:00,5.5,4.8,95,0.5,,230,12.2,,1018.6,,7
2025-02-12 04:00:00,5.5,4.9,96,0.2,,213,9,,1018.5,,7
2025-02-12 05:00:00,5.5,4.9,96,0.5,,209,9.4,,1018.1,,8
2025-02-12 06:00:00,5.5,4.9,96,0.2,,209,9.4,,1017.9,,8
2025-02-12 07:00:00,5.5,4.9,96,0.1,,208,8.3,,1017.5,,8
2025-02-12 08:00:00,5.5,4.9,96,0.4,,212,9,,1017.6,,8
2025-02-12 09:00:00,5.9,5.3,96,0.2,,204,9.7,,1017.7,,8
2025-02-12 10:00:00,6.6,6,96,0.4,,208,12.2,,1017.6,,8
2025-02-12 11:00:00,8.4,6.9,90,0,,221,11.9,,1017.5,,7
2025-02-12 12:00:00,10,6.2,77,0.1,,244,18,,1017.2,,3
2025-02-12 13:00:00,10.3,5.7,73,0,,252,15.5,,1016.8,,3
2025-02-12 14:00:00,10.9,5.2,68,0,,255,16.9,,1016.4,,3
2025-02-12 15:00:00,10.7,5,68,0.2,,258,14.4,,1016,,3
2025-02-12 16:00:00,10.2,5.2,71,0,,261,10.8,,1016,,3
2025-02-12 17:00:00,9.1,5.8,80,0.7,,243,7.9,,1016.3,,7
2025-02-12 18:00:00,7.5,6,90,0.1,,231,9.4,,1016.6,,7
2025-02-12 19:00:00,6.9,6.2,95,0.9,,218,10.8,,1016.8,,8
2025-02-12 20:00:00,6.8,5.9,94,0.7,,204,9.4,,1016.8,,3
2025-02-12 21:00:00,6.5,5.6,94,0.5,,212,11.5,,1016.9,,3
2025-02-12 22:00:00,6.4,5.5,94,0,,220,12.2,,1017,,3
2025-02-12 23:00:00,6.3,5.4,94,0,,221,13,,1016.9,,8
2025-02-13 00:00:00,6.3,5.6,95,0,,237,12.6,,1016.8,,3
2025-02-13 01:00:00,5.8,5.4,97,0.4,,237,11.2,,1016.8,,8
2025-02-13 02:00:00,5.7,5.4,98,0,,237,12.6,,1016.8,,8
2025-02-13 03:00:00,5.5,5.2,98,0.5,,248,12.2,,1016.7,,7
2025-02-13 04:00:00,5.4,5.1,98,0.1,,268,10.4,,1016.5,,7
2025-02-13 05:00:00,4.9,4.9,100,1.8,,25,7.9,,1016.7,,7
2025-02-13 06:00:00,4.3,4.2,99,1.9,,19,10.4,,1016.8,,8
2025-02-13 07:00:00,3.1,3,99,2.6,,18,10.8,,1017,,9
2025-02-13 08:00:00,1.9,1.9,100,1.6,,43,9.7,,1017.5,,9
2025-02-13 09:00:00,1.6,1.6,100,1.6,,49,6.1,,1017.7,,8
2025-02-13 10:00:00,1.7,1.7,100,1.8,,13,9.7,,1017.7,,9
2025-02-13 11:00:00,1.3,1.2,99,1.1,,8,10.1,,1018.3,,9
2025-02-13 12:00:00,1.2,0.9,98,0.8,,4,11.2,,1018.6,,13
2025-02-13 13:00:00,1.3,0.3,93,0,,349,10.4,,1018.5,,12
2025-02-13 14:00:00,1.9,-0.4,85,0,,329,11.9,,1018.1,,3
2025-02-13 15:00:00,2.2,-1.1,79,0,,328,11.2,,1018.2,,3
2025-02-13 16:00:00,2.3,-1.5,76,0,,311,9.7,,1018.3,,3
2025-02-13 17:00:00,2.6,-1.7,73,0,,285,5.8,,1018.6,,3
2025-02-13 18:00:00,1.7,-1.5,79,0,,222,5.4,,1019,,3
2025-02-13 19:00:00,1.6,-1.1,82,0,,217,8.6,,1019.3,,3
2025-02-13 20:00:00,0.9,-1,87,0,,242,10.4,,1019.7,,3
2025-02-13 21:00:00,0.3,-1.3,89,0,,261,9.4,,1019.6,,19
2025-02-13 22:00:00,-0.8,-2.1,91,0,,291,6.8,,1019.8,,21
2025-02-13 23:00:00,-0.5,-1.5,93,0,,345,9.4,,1020,,3
2025-02-14 00:00:00,0.1,-0.9,93,0,,356,12.2,,1020.1,,3
2025-02-14 01:00:00,-0.3,-1.1,94,0,,16,14.4,,1020.2,,14
2025-02-14 02:00:00,-1.1,-2.1,93,0.1,,14,14.4,,1020.8,,14
2025-02-14 03:00:00,-2,-3.1,92,0.5,,10,14.8,,1021.3,,3
2025-02-14 04:00:00,-2.6,-3.9,91,0.2,,14,14,,1021.8,,3
2025-02-14 05:00:00,-3.1,-4.4,91,0,,11,14,,1022.6,,3
2025-02-14 06:00:00,-3.3,-4.8,89,0,,8,13.7,,1023.6,,3
2025-02-14 07:00:00,-3.4,-4.5,92,0,,7,11.5,,1024,,3
2025-02-14 08:00:00,-3.5,-4.8,91,0,,3,10.4,,1024.9,,3
2025-02-14 09:00:00,-3.5,-4.9,90,0,,5,12.2,,1025.9,,3
2025-02-14 10:00:00,-3.3,-5.1,87,0,,7,9.4,,1026.2,,3
2025-02-14 11:00:00,-2.7,-5.3,82,0,,17,8.6,,1026.4,,3
2025-02-14 12:00:00,-1.6,-5.4,75,0,,24,10.4,,1026.4,,3
2025-02-14 13:00:00,-1.2,-5.1,75,0,,38,9.4,,1026.4,,3
2025-02-14 14:00:00,-1,-5,74,0,,42,9,,1026.4,,3
2025-02-14 15:00:00,-0.9,-4.8,75,0,,38,9,,1026.6,,3
2025-02-14 16:00:00,-0.9,-5.1,73,0,,40,8.3,,1026.7,,3
2025-02-14 17:00:00,-1.4,-4.6,79,0,,74,5,,1026.9,,3
2025-02-14 18:00:00,-1.6,-4.3,82,0,,131,4,,1027.3,,3
2025-02-14 19:00:00,-3,-5.3,84,0,,144,4.3,,1027.8,,3
2025-02-14 20:00:00,-2.1,-4.3,85,0,,120,2.9,,1028.1,,3
2025-02-14 21:00:00,-2,-4.2,85,0,,64,2.9,,1028.2,,3
2025-02-14 22:00:00,-2.2,-4.5,84,0,,35,4.7,,1028,,3
2025-02-14 23:00:00,-1.9,-3.8,87,0,,24,6.1,,1027.9,,3
2025-02-15 00:00:00,-1.7,-3.1,90,0,,44,8.3,,1027.8,,3
2025-02-15 01:00:00,-1.6,-3.2,89,0,,56,9.7,,1027.6,,3
2025-02-15 02:00:00,-1.7,-3.3,89,0,,59,9.4,,1027.4,,3
2025-02-15 03:00:00,-1.7,-3.3,89,0,,66,9.7,,1027,,3
2025-02-15 04:00:00,-1.7,-3.4,88,0,,72,7.9,,1026.1,,3
2025-02-15 05:00:00,-2.3,-3.9,89,0,,69,7.2,,1026,,3
2025-02-15 06:00:00,-3.8,-5.1,91,0,,81,6.1,,1025.4,,3
2025-02-15 07:00:00,-4.9,-5.9,93,0,,78,6.8,,1025,,3
2025-02-15 08:00:00,-3.5,-5.5,86,0,,83,6.1,,1025.1,,1
2025-02-15 09:00:00,-1.9,-5.9,74,0,,76,7.9,,1025.2,,1
2025-02-15 10:00:00,-0.8,-5.6,70,0,,76,9,,1024.6,,1
2025-02-15 11:00:00,0.5,-5.7,63,0,,78,9.4,,1024.1,,1
2025-02-15 12:00:00,1.5,-5.6,59,0,,72,9,,1023.5,,2
2025-02-15 13:00:00,2.4,-5.5,56,0,,71,9,,1022.5,,3
2025-02-15 14:00:00,2.9,-5.2,55,0,,67,7.9,,1021.6,,2
2025-02-15 15:00:00,3,-5.2,55,0,,59,7.9,,1021.2,,1
2025-02-15 16:00:00,2.6,-5.3,56,0,,60,7.9,,1020.7,,1
2025-02-15 17:00:00,0.9,-4.3,68,0,,47,6.8,,1020.3,,3
2025-02-15 18:00:00,-1.8,-5.5,76,0,,44,8.3,,1020.3,,3
2025-02-15 19:00:00,-2.5,-5.6,79,0,,69,7.9,,1020.6,,3
2025-02-15 20:00:00,-3.2,-5.8,82,0,,78,7.9,,1020.5,,3
2025-02-15 21:00:00,-3.2,-5.7,83,0,,88,6.5,,1020.3,,3
2025-02-15 22:00:00,-2.9,-5.4,83,0,,105,6.1,,1020.3,,3
2025-02-15 23:00:00,-3.3,-6.2,80,0,,78,5.8,,1020.2,,3
2025-02-16 00:00:00,-3.2,-6.3,79,0,,65,4.7,,1020,,3
2025-02-16 01:00:00,-3,-6.5,77,0,,29,5,,1019.8,,3
2025-02-16 02:00:00,-2.8,-6.4,76,0,,44,4.7,,1019.4,,3
2025-02-16 03:00:00,-2.6,-6.4,75,0,,37,5,,1019.1,,3
2025-02-16 04:00:00,-1.9,-4.1,85,0,,10,3.2,,1018.7,,3
2025-02-16 05:00:00,-2,-3.9,87,0,,35,4.7,,1018.5,,3
2025-02-16 06:00:00,-1.6,-3.9,84,0,,35,5.8,,1018.4,,3
2025-02-16 07:00:00,-1.5,-3.8,84,0,,46,6.8,,1018.5,,3
2025-02-16 08:00:00,-1.3,-3.6,84,0,,37,5.4,,1018.8,,3
2025-02-16 09:00:00,-0.6,-3.3,82,0,,46,7.9,,1018.9,,3
2025-02-16 10:00:00,0.4,-3.5,75,0,,66,7.6,,1018.7,,3
2025-02-16 11:00:00,0.7,-3.9,71,0,,66,7.9,,1018.4,,14
2025-02-16 12:00:00,0.9,-3.8,71,0,,54,10.1,,1018.6,,3
2025-02-16 13:00:00,1.3,-3.8,69,0,,54,10.1,,1018.1,,3
2025-02-16 14:00:00,1.8,-3.9,66,0,,55,10.1,,1018.2,,3
2025-02-16 15:00:00,1.9,-4,65,0,,52,10.4,,1018.4,,3
2025-02-16 16:00:00,1.4,-4.2,66,0,,47,11.2,,1018.6,,3
2025-02-16 17:00:00,0.6,-3.9,72,0,,44,12.6,,1019.1,,3
2025-02-16 18:00:00,-0.9,-3.9,80,0,,40,13,,1020.1,,3
2025-02-16 19:00:00,-0.7,-3.9,79,0,,61,11.5,,1020.7,,3
2025-02-16 20:00:00,-1.1,-3.9,81,0,,57,9.4,,1021.3,,3
2025-02-16 21:00:00,-1.2,-3.9,82,0,,59,8.6,,1021.3,,3
2025-02-16 22:00:00,-1.5,-4,83,0,,55,9,,1021.7,,3
2025-02-16 23:00:00,-2,-4.2,85,0,,53,8.3,,1021.7,,3
2025-02-17 00:00:00,-3,-5.3,84,0,,48,7.9,,1021.9,,3
2025-02-17 01:00:00,-3.7,-5.7,86,0,,44,7.9,,1021.9,,3
2025-02-17 02:00:00,-4.3,-6,88,0,,48,8.6,,1022,,2
2025-02-17 03:00:00,-4.5,-6.2,88,0,,47,9,,1022.3,,2
2025-02-17 04:00:00,-4.8,-6.3,89,0,,46,8.3,,1022.3,,2
2025-02-17 05:00:00,-4,-5.8,87,0,,42,6.8,,1022.5,,1
2025-02-17 06:00:00,-4.6,-6.1,89,0,,34,6.1,,1022.6,,3
2025-02-17 07:00:00,-5,-6.4,90,0,,40,6.5,,1022.9,,2
2025-02-17 08:00:00,-4.7,-6.5,87,0,,43,7.6,,1023.5,,2
2025-02-17 09:00:00,-2.8,-7.5,70,0,,70,7.2,,1023.9,,1
2025-02-17 10:00:00,-1.3,-6.1,70,0,,96,6.8,,1023.1,,3
2025-02-17 11:00:00,0.1,-5.5,66,0,,99,5.8,,1022.9,,1
2025-02-17 12:00:00,1.5,-5.4,60,0,,93,5.8,,1022.2,,1
2025-02-17 13:00:00,2.7,-5.4,55,0,,75,6.5,,1021.6,,1
2025-02-17 14:00:00,3.4,-5.5,52,0,,56,7.2,,1021.3,,1
2025-02-17 15:00:00,3.6,-4.6,55,0,,53,7.9,,1021,,1
2025-02-17 16:00:00,3.2,-5,55,0,,48,8.3,,1020.9,,1
2025-02-17 17:00:00,2,-4.9,60,0,,44,7.9,,1021,,1
2025-02-17 18:00:00,-1,-5.4,72,0,,39,9,,1021.6,,1
2025-02-17 19:00:00,-2.1,-6.1,74,0,,47,10.1,,1022.5,,1
2025-02-17 20:00:00,-3.1,-6.2,79,0,,57,10.1,,1023,,1
2025-02-17 21:00:00,-4.2,-6.8,82,0,,69,9.4,,1023.1,,1
2025-02-17 22:00:00,-5.1,-7.2,85,0,,81,7.6,,1023.6,,1
2025-02-17 23:00:00,-5.5,-7.6,85,0,,98,7.2,,1024,,1
2025-02-18 00:00:00,-5.6,-7.9,84,0,,134,6.5,,1024.3,,1
2025-02-18 01:00:00,-5.9,-8,85,0,,128,6.1,,1024.7,,1
2025-02-18 02:00:00,-6.1,-8.1,86,0,,121,5.8,,1024.8,,1
2025-02-18 03:00:00,-6.3,-8.3,86,0,,97,6.1,,1024.7,,1
2025-02-18 04:00:00,-6.6,-8.5,86,0,,84,6.1,,1024.4,,1
2025-02-18 05:00:00,-6.8,-8.7,86,0,,94,6.1,,1025.1,,1
2025-02-18 06:00:00,-7.1,-9.2,85,0,,86,6.5,,1025.4,,1
2025-02-18 07:00:00,-6.6,-8,90,0,,89,7.2,,1025.2,,1
2025-02-18 08:00:00,-6.3,-8,88,0,,106,8.3,,1025.8,,1
2025-02-18 09:00:00,-4.1,-7.4,78,0,,88,6.1,,1026.2,,1
2025-02-18 10:00:00,-1.3,-6.6,67,0,,54,5,,1025.9,,1
2025-02-18 11:00:00,0.8,-5.9,61,0,,69,7.2,,1025.2,,2
2025-02-18 12:00:00,2.3,-5.6,56,0,,77,7.9,,1024.5,,2
2025-02-18 13:00:00,3.6,-5.6,51,0,,74,8.6,,1024,,2
2025-02-18 14:00:00,4.2,-5.8,48,0,,71,10.8,,1023.7,,2
2025-02-18 15:00:00,4.1,-6.2,47,0,,73,13,,1023.6,,3
2025-02-18 16:00:00,3.5,-6.2,49,0,,76,14,,1023.8,,2
2025-02-18 17:00:00,2.4,-6.2,53,0,,76,12.2,,1024.3,,2
2025-02-18 18:00:00,-0.2,-6.4,63,0,,72,11.9,,1024.6,,1
2025-02-18 19:00:00,-1.8,-7.1,67,0,,66,13.3,,1025.4,,3
2025-02-18 20:00:00,-2.9,-8.2,67,0,,57,14.8,,1026,,3
2025-02-18 21:00:00,-3.5,-8.5,68,0,,50,14.8,,1026,,2
2025-02-18 22:00:00,-4.1,-8.7,70,0,,33,13,,1026,,1
2025-02-18 23:00:00,-4.1,-8.6,71,0,,33,12.6,,1026.1,,3
2025-02-19 00:00:00,-4.2,-8.7,71,0,,46,11.9,,1025.9,,3
2025-02-19 01:00:00,-4.6,-8.9,72,0,,30,8.3,,1025.9,,1
2025-02-19 02:00:00,-5.2,-8.8,76,0,,20,7.2,,1026,,1
2025-02-19 03:00:00,-4.9,-7.6,81,0,,52,8.6,,1025.7,,1
2025-02-19 04:00:00,-5,-8.2,78,0,,32,6.8,,1025.5,,1
2025-02-19 05:00:00,-5.2,-8.1,80,0,,27,5,,1025.8,,1
2025-02-19 06:00:00,-5.4,-8.3,80,0,,59,7.2,,1025.8,,1
2025-02-19 07:00:00,-5.3,-8.7,77,0,,64,5.8,,1025.9,,2
2025-02-19 08:00:00,-4.5,-8.1,76,0,,114,6.5,,1026.1,,2
2025-02-19 09:00:00,-3,-8.8,64,0,,146,6.5,,1026.5,,3
2025-02-19 10:00:00,-1.5,-8.2,60,0,,161,5.8,,1026.4,,3
2025-02-19 11:00:00,0.5,-7.3,56,0,,153,4.3,,1026.1,,3
2025-02-19 12:00:00,2.7,-6.2,52,0,,97,4.3,,1025.4,,3
2025-02-19 13:00:00,4.6,-5.5,48,0,,75,4.7,,1024.7,,3
2025-02-19 14:00:00,6,-4.7,46,0,,69,5,,1024.1,,3
2025-02-19 15:00:00,6.8,-4.3,45,0,,64,5.4,,1023.6,,3
2025-02-19 16:00:00,6.9,-3.6,47,0,,67,5.8,,1023.6,,3
2025-02-19 17:00:00,5.1,-1.6,62,0,,68,5.4,,1023.6,,3
2025-02-19 18:00:00,0.8,-3.7,72,0,,92,7.9,,1024,,3
2025-02-19 19:00:00,0.2,-3.2,78,0,,143,10.1,,1024.4,,3
2025-02-19 20:00:00,-1.1,-3.5,84,0,,198,9.4,,1024.8,,3
2025-02-19 21:00:00,-1.8,-3.7,87,0,,203,9.4,,1025.1,,2
2025-02-19 22:00:00,-2.2,-3.9,88,0,,209,9,,1025.5,,2
2025-02-19 23:00:00,-2.5,-5,83,0,,194,7.9,,1026,,3
2025-02-20 00:00:00,-2.1,-4.6,83,0,,210,7.2,,1026.1,,3
2025-02-20 01:00:00,-1.7,-4.2,83,0,,209,6.8,,1026.2,,3
2025-02-20 02:00:00,-1.4,-3.4,86,0,,221,6.8,,1026,,3
2025-02-20 03:00:00,-1,-2.6,89,0,,224,7.6,,1025.8,,3
2025-02-20 04:00:00,-0.5,-1.9,90,0,,226,8.3,,1025.9,,3
2025-02-20 05:00:00,-0.1,-1.4,91,0,,222,7.9,,1025.7,,3
2025-02-20 06:00:00,0.2,-1.1,91,0,,226,8.3,,1025.8,,3
2025-02-20 07:00:00,0,-1.1,92,0,,224,9,,1025.9,,1
2025-02-20 08:00:00,0.8,-0.5,91,0,,222,10.1,,1026,,1
2025-02-20 09:00:00,3.5,0.9,83,0,,240,10.8,,1026.2,,1
2025-02-20 10:00:00,6.7,2,72,0,,245,9,,1026.4,,2
2025-02-20 11:00:00,10.1,3.1,62,0,,237,9,,1025.8,,2
2025-02-20 12:00:00,12.6,4.1,56,0,,231,11.2,,1025.3,,1
2025-02-20 13:00:00,13.7,5.1,56,0,,245,13,,1024.8,,2
2025-02-20 14:00:00,14.2,4.8,53,0,,252,14,,1024.5,,3
2025-02-20 15:00:00,13.4,5.5,59,0,,266,13,,1024.5,,3
2025-02-20 16:00:00,11.9,6,67,0,,261,9.7,,1024.6,,3
2025-02-20 17:00:00,8.5,5.2,80,0,,241,8.6,,1024.9,,3
2025-02-20 18:00:00,6.3,3.8,84,0,,239,7.9,,1025.5,,3
2025-02-20 19:00:00,3.5,2,90,0,,224,7.9,,1026.4,,3
2025-02-20 20:00:00,2.4,1.2,92,0,,216,8.3,,1026.8,,3
2025-02-20 21:00:00,2.1,0.9,92,0,,217,9.7,,1027.2,,3
2025-02-20 22:00:00,2.6,1.4,92,0,,216,9.7,,1027.3,,3
2025-02-20 23:00:00,3.5,2.3,92,0,,222,9,,1027.3,,3
2025-02-21 00:00:00,1.7,0.5,92,0,,227,10.1,,1026.9,,3
2025-02-21 01:00:00,1.4,0.4,93,0,,235,9.7,,1027.1,,3
2025-02-21 02:00:00,1.1,0.2,94,0,,242,9.7,,1027.3,,3
2025-02-21 03:00:00,1.4,0.5,94,0,,235,8.6,,1027.3,,3
2025-02-21 04:00:00,2.2,1.2,93,0,,234,8.3,,1027,,3
2025-02-21 05:00:00,2.8,2.2,96,0,,208,6.1,,1026.9,,3
2025-02-21 06:00:00,3.2,2.3,94,0,,264,4.3,,1027.1,,3
2025-02-21 07:00:00,3.3,2.3,93,0,,241,5.4,,1026.9,,3
2025-02-21 08:00:00,3.8,2.8,93,0,,230,7.6,,1026.6,,5
2025-02-21 09:00:00,5,3.5,90,0,,250,9,,1026.2,,3
2025-02-21 10:00:00,6.5,5.5,93,0,,252,8.6,,1025.6,,3
2025-02-21 11:00:00,9.8,7.4,85,0,,231,6.5,,1024.8,,3
2025-02-21 12:00:00,12.7,8,73,0,,215,6.5,,1023.9,,3
2025-02-21 13:00:00,14.7,8.2,65,0,,194,7.6,,1022.6,,3
2025-02-21 14:00:00,15.6,7.6,59,0,,191,7.2,,1021.6,,3
2025-02-21 15:00:00,15.8,6.2,53,0,,196,7.9,,1021.2,,3
2025-02-21 16:00:00,15,7.1,59,0,,184,6.5,,1020.6,,3
2025-02-21 17:00:00,12.2,6.9,70,0,,172,5.8,,1020.4,,3
2025-02-21 18:00:00,9,5.2,77,0,,175,6.5,,1020.6,,3
2025-02-21 19:00:00,6.6,4.3,85,0,,164,8.6,,1020.8,,3
2025-02-21 20:00:00,3.2,2.2,93,0,,208,9,,1020.9,,3
2025-02-21 21:00:00,1.8,0.9,94,0,,226,8.3,,1021,,3
2025-02-21 22:00:00,1.6,0.6,93,0,,227,7.9,,1021.2,,3
2025-02-21 23:00:00,1.3,0.3,93,0,,223,7.6,,1021.1,,3
2025-02-22 00:00:00,1.2,0.3,94,0,,232,7.9,,1020.7,,3
2025-02-22 01:00:00,1,0.1,94,0,,226,9,,1020.4,,3
2025-02-22 02:00:00,1.2,0.3,94,0,,234,9.4,,1020.1,,3
2025-02-22 03:00:00,0.9,0,94,0,,222,8.3,,1019.9,,3
2025-02-22 04:00:00,0.4,-0.3,95,0,,219,5.8,,1019.4,,3
2025-02-22 05:00:00,0.5,-0.4,94,0,,211,5,,1019.6,,3
2025-02-22 06:00:00,0.6,-0.3,94,0,,216,5,,1019.4,,3
2025-02-22 07:00:00,0,-0.7,95,0,,223,7.6,,1019.8,,3
2025-02-22 08:00:00,1.5,0.2,91,0,,211,8.3,,1020.5,,3
2025-02-22 09:00:00,3.8,1.3,84,0,,223,7.9,,1021.1,,3
2025-02-22 10:00:00,6,3,81,0,,230,7.2,,1021.4,,3
2025-02-22 11:00:00,8.4,3.8,73,0,,207,4.3,,1021.3,,3
2025-02-22 12:00:00,11,5.1,67,0,,224,4,,1020.8,,3
2025-02-22 13:00:00,12.6,6,64,0,,260,5.8,,1020.5,,3
2025-02-22 14:00:00,14.3,5.6,56,0,,251,6.5,,1020.2,,3
2025-02-22 15:00:00,14.3,6.1,58,0,,250,6.1,,1020,,3
2025-02-22 16:00:00,13.7,8.3,70,0,,306,5.8,,1020.1,,3
2025-02-22 17:00:00,12,4.9,62,0,,242,11.2,,1020.7,,3
2025-02-22 18:00:00,9.3,4.7,73,0,,216,8.3,,1021.3,,3
2025-02-22 19:00:00,7.6,4.5,81,0,,213,10.1,,1022.3,,3
2025-02-22 20:00:00,8,3.5,73,0,,218,13,,1023.5,,3
2025-02-22 21:00:00,9,4,71,0,,218,13.3,,1023.9,,3
2025-02-22 22:00:00,8,4.8,80,0,,237,12.6,,1025.1,,3
2025-02-22 23:00:00,6.5,4.8,89,0,,237,9.7,,1025.8,,3
2025-02-23 00:00:00,5.4,4.4,93,0,,223,8.3,,1026.5,,3
2025-02-23 01:00:00,5.1,4.4,95,0,,200,8.3,,1027,,3
2025-02-23 02:00:00,5.3,4.6,95,0,,201,10.1,,1027.6,,3
2025-02-23 03:00:00,5.9,5,94,0,,212,10.1,,1028.1,,3
2025-02-23 04:00:00,5.1,4.7,97,0,,216,9.7,,1028.5,,3
2025-02-23 05:00:00,5.2,4.8,97,0,,219,9,,1029,,3
2025-02-23 06:00:00,5.4,4.8,96,0,,227,7.9,,1029.5,,3
2025-02-23 07:00:00,5.3,4.9,97,0,,229,7.9,,1029.7,,3
2025-02-23 08:00:00,5.8,5.2,96,0,,222,7.9,,1030.6,,3
2025-02-23 09:00:00,6.5,5.5,93,0,,216,7.6,,1031,,3
2025-02-23 10:00:00,7.7,5.8,88,0,,224,5.4,,1031.1,,3
2025-02-23 11:00:00,8.8,6.1,83,0,,239,4.7,,1031.1,,3
2025-02-23 12:00:00,9.9,6.1,77,0,,248,4,,1031.1,,3
2025-02-23 13:00:00,11,5.5,69,0,,267,4.3,,1030.7,,3
2025-02-23 14:00:00,11.9,5.1,63,0,,2,3.6,,1030.1,,3
2025-02-23 15:00:00,12.2,4.2,58,0,,311,4.3,,1029.7,,3
2025-02-23 16:00:00,11.9,3.7,57,0,,102,4.7,,1029.4,,3
2025-02-23 17:00:00,10.9,5,67,0,,125,6.1,,1029.4,,3
2025-02-23 18:00:00,8.4,3.8,73,0,,158,7.6,,1029.2,,2
2025-02-23 19:00:00,6.2,3.4,82,0,,183,9,,1029.4,,2
2025-02-23 20:00:00,4.6,2.9,89,0,,218,7.6,,1030,,1
2025-02-23 21:00:00,3.6,2.3,91,0,,214,7.6,,1030.5,,1
2025-02-23 22:00:00,3,2,93,0,,219,8.3,,1031,,1
2025-02-23 23:00:00,1.8,0.8,93,0,,212,8.6,,1031,,1
2025-02-24 00:00:00,1.5,0.5,93,0,,209,8.6,,1031,,1
2025-02-24 01:00:00,1.3,0.3,93,0,,201,9,,1030.2,,1
2025-02-24 02:00:00,1,0.1,94,0,,204,10.1,,1029.5,,3
2025-02-24 03:00:00,1.7,0.8,94,0,,251,9.4,,1029.2,,3
2025-02-24 04:00:00,1.6,0.6,93,0,,221,8.6,,1029.1,,3
2025-02-24 05:00:00,1.7,0.7,93,0,,196,9.7,,1028.5,,3
2025-02-24 06:00:00,0.7,-0.2,94,0,,200,10.1,,1027.4,,2
2025-02-24 07:00:00,1.6,0.9,95,0,,246,10.4,,1027.1,,3
2025-02-24 08:00:00,2.2,1.6,96,0,,216,10.8,,1027.9,,3
2025-02-24 09:00:00,4.7,3.4,91,0,,205,11.2,,1027.1,,3
2025-02-24 10:00:00,7.5,4.8,83,0,,232,10.1,,1026.4,,3
2025-02-24 11:00:00,8.7,5.3,79,0,,224,9.4,,1025.5,,3
2025-02-24 12:00:00,11.1,6.2,72,0,,231,10.1,,1025,,3
2025-02-24 13:00:00,12.4,5.6,63,0,,221,11.5,,1023.7,,3
2025-02-24 14:00:00,12.5,4.5,58,0,,217,12.2,,1023,,3
2025-02-24 15:00:00,12,5.2,63,0,,210,11.5,,1022.7,,3
2025-02-24 16:00:00,12,4.9,62,0,,196,12.2,,1021.6,,3
2025-02-24 17:00:00,11,4.9,66,0,,199,10.4,,1021.4,,3
2025-02-24 18:00:00,9.6,4.6,71,0,,204,12.2,,1021.5,,3
2025-02-24 19:00:00,9.3,4.3,71,0,,206,14,,1021.5,,3
2025-02-24 20:00:00,8.9,3.9,71,0,,210,13.3,,1021.3,,3
2025-02-24 21:00:00,8,3.7,74,0,,208,12.2,,1020.1,,3
2025-02-24 22:00:00,7.8,3.6,75,0,,217,12.6,,1020.5,,3
2025-02-24 23:00:00,7.9,3.7,75,0,,208,11.9,,1020.2,,3
2025-02-25 00:00:00,6.4,3.2,80,0,,208,11.9,,1020.4,,3
2025-02-25 01:00:00,7.2,3.4,77,0.4,,200,12.2,,1019.8,,3
2025-02-25 02:00:00,7.5,3.5,76,0,,208,11.5,,1019.4,,3
2025-02-25 03:00:00,7.7,3.7,76,0,,217,12.6,,1018.9,,3
2025-02-25 04:00:00,7.5,3.7,77,0,,213,12.2,,1018.2,,3
2025-02-25 05:00:00,6.8,3.8,81,0,,221,10.8,,1018.4,,3
2025-02-25 06:00:00,5.6,4.6,93,0,,194,10.8,,1018.3,,8
2025-02-25 07:00:00,6.3,4.6,89,0,,197,10.4,,1017.6,,7
2025-02-25 08:00:00,6.3,4.6,89,0,,196,8.6,,1017.1,,3
2025-02-25 09:00:00,7.2,5.5,89,0,,185,6.8,,1016.8,,3
2025-02-25 10:00:00,9.7,6.1,78,0,,43,3.2,,1016,,3
2025-02-25 11:00:00,11.1,5.8,70,0,,157,6.5,,1015,,3
2025-02-25 12:00:00,11.3,5.6,68,0.3,,219,7.6,,1014.2,,7
2025-02-25 13:00:00,10.6,6.9,78,1.2,,234,7.2,,1013.7,,8
2025-02-25 14:00:00,9.6,8.8,95,1.3,,242,5.8,,1013.4,,8
2025-02-25 15:00:00,9,8.1,94,0.4,,202,9.7,,1013.5,,8
2025-02-25 16:00:00,8.6,7.5,93,0.3,,151,11.5,,1012.8,,8
2025-02-25 17:00:00,8.5,6.5,87,0.1,,167,14.4,,1012.3,,3
2025-02-25 18:00:00,7.7,5,83,0,,182,13.7,,1012,,3
2025-02-25 19:00:00,7.2,4.2,81,0,,181,15.1,,1012.2,,3
2025-02-25 20:00:00,7.2,3.6,78,0,,196,15.5,,1012.3,,3
2025-02-25 21:00:00,6.5,3.8,83,0,,218,13.7,,1012.7,,3
2025-02-25 22:00:00,5.5,4.3,92,0,,218,14,,1013.2,,17
2025-02-25 23:00:00,4.6,3.7,94,0,,210,13.3,,1013.3,,17
2025-02-26 00:00:00,5.5,4.1,91,0,,205,15.8,,1013.2,,3
2025-02-26 01:00:00,5.3,3,85,0,,220,18,,1013.6,,3
2025-02-26 02:00:00,5.5,2.2,79,0,,227,21.2,,1013.6,,3
2025-02-26 03:00:00,4.3,2,85,0,,229,22.7,,1013.8,,17
2025-02-26 04:00:00,3.9,1.6,85,0,,227,23,,1013.8,,17
2025-02-26 05:00:00,3.7,1.6,86,0,,228,22.3,,1014.1,,3
2025-02-26 06:00:00,3.7,1.6,86,0,,231,20.2,,1014.7,,3
2025-02-26 07:00:00,3.3,1.7,89,0,,230,19.4,,1015.6,,3
2025-02-26 08:00:00,3.8,2.3,90,0,,233,19.4,,1016.5,,3
2025-02-26 09:00:00,4.3,2.6,89,0,,241,20.5,,1017.5,,3
2025-02-26 10:00:00,4.3,2.6,89,0,,245,20.5,,1018.4,,3
2025-02-26 11:00:00,4.6,2.9,89,0,,251,20.5,,1019.2,,7
2025-02-26 12:00:00,4.4,2.6,88,0,,252,21.2,,1020,,3
2025-02-26 13:00:00,5.2,2.2,81,0,,267,19.8,,1020,,7
2025-02-26 14:00:00,6.4,1.5,71,0,,279,19.8,,1019.6,,3
2025-02-26 15:00:00,7,0.9,65,0,,270,18.4,,1019.6,,3
2025-02-26 16:00:00,7.2,0.6,63,0,,267,17.3,,1019.6,,3
2025-02-26 17:00:00,6.6,0.5,65,0,,254,14,,1019.9,,3
2025-02-26 18:00:00,4.5,0.8,77,0,,232,10.4,,1020.4,,2
2025-02-26 19:00:00,3,0.9,86,0,,217,9.7,,1020.8,,1
2025-02-26 20:00:00,2.2,0.3,87,0,,208,10.8,,1021.1,,2
2025-02-26 21:00:00,1.9,-0.5,84,0,,213,12.6,,1020.9,,2
2025-02-26 22:00:00,1.3,-1.1,84,0,,213,12.6,,1021.7,,1
2025-02-26 23:00:00,1,-1.2,85,0,,211,12.2,,1021.9,,1
2025-02-27 00:00:00,0.7,-1.7,84,0,,196,13,,1021.3,,1
2025-02-27 01:00:00,0.6,-1.9,83,0,,200,14,,1020.4,,1
2025-02-27 02:00:00,0.6,-2.1,82,0,,201,15.1,,1020,,3
2025-02-27 03:00:00,1.5,-1.6,80,0,,205,18,,1019.1,,3
2025-02-27 04:00:00,2.4,-2.1,72,0,,211,17.3,,1018.4,,3
2025-02-27 05:00:00,2.4,-1.9,73,0,,212,16.6,,1018.2,,12
2025-02-27 06:00:00,2.4,-0.5,81,0.3,,214,15.8,,1018.1,,12
2025-02-27 07:00:00,2.5,0.4,86,0.1,,224,15.1,,1017.9,,12
2025-02-27 08:00:00,2.6,1.6,93,0,,228,14,,1018.6,,8
2025-02-27 09:00:00,2.9,2.3,96,0,,234,13.7,,1019,,8
2025-02-27 10:00:00,3.3,2.4,94,0,,227,13.7,,1019.3,,7
2025-02-27 11:00:00,4.5,2.5,87,0.1,,244,16.2,,1019.5,,3
2025-02-27 12:00:00,5.7,1.8,76,0.1,,250,15.1,,1019.6,,3
2025-02-27 13:00:00,7.1,0.5,63,0,,248,15.1,,1018.9,,3
2025-02-27 14:00:00,7.6,-0.6,56,0,,252,16.6,,1018.6,,17
2025-02-27 15:00:00,8,-1.3,52,0,,261,17.3,,1018.5,,2
2025-02-27 16:00:00,6.9,-1,57,0,,260,15.8,,1018.7,,17
2025-02-27 17:00:00,6.2,-0.1,64,0.3,,254,13.3,,1019.2,,17
2025-02-27 18:00:00,3.7,-0.5,74,0,,249,8.6,,1020.1,,1
2025-02-27 19:00:00,1.9,-1,81,0,,230,7.2,,1020.9,,1
2025-02-27 20:00:00,1.4,-1.2,83,0,,220,9.7,,1021.4,,1
2025-02-27 21:00:00,1,-1.6,83,0,,226,12.2,,1022,,1
2025-02-27 22:00:00,0.8,-1.8,83,0,,231,13,,1022.6,,2
2025-02-27 23:00:00,0.8,-1.8,83,0,,236,11.9,,1022.8,,2
2025-02-28 00:00:00,0.7,-1.7,84,0,,225,11.9,,1023.1,,3
2025-02-28 01:00:00,0.5,-1.4,87,0,,220,12.6,,1023.1,,3
2025-02-28 02:00:00,0.3,-1,91,0,,223,12.2,,1023.3,,2
2025-02-28 03:00:00,0.3,-0.8,92,0,,223,10.4,,1023.1,,2
2025-02-28 04:00:00,-0.3,-1.1,94,0,,221,11.9,,1023.3,,2
2025-02-28 05:00:00,-0.3,-1,95,0,,224,12.2,,1023.4,,2
2025-02-28 06:00:00,-0.2,-0.9,95,0,,221,11.9,,1023.6,,2
2025-02-28 07:00:00,0.7,-0.6,91,0,,220,14,,1023.2,,3
2025-02-28 08:00:00,1.3,-0.6,87,0,,223,14.8,,1023.5,,3
2025-02-28 09:00:00,2.6,0.5,86,0,,236,15.1,,1023.8,,3
2025-02-28 10:00:00,3.4,0.3,80,0,,252,16.6,,1023.9,,7
2025-02-28 11:00:00,4.2,-0.6,71,0,,265,16.6,,1024,,17
2025-02-28 12:00:00,4.7,-0.7,68,0,,276,15.1,,1024.1,,3
2025-02-28 13:00:00,5.1,-1.1,64,0,,274,13,,1023.5,,3
2025-02-28 14:00:00,6,-0.9,61,1.8,,303,12.6,,1023.4,,3
2025-02-28 15:00:00,6.3,-1.8,56,0,,318,12.2,,1023.2,,3
2025-02-28 16:00:00,5.9,-1.5,59,0,,337,12.2,,1023.1,,3
2025-02-28 17:00:00,4.7,-0.7,68,0,,354,10.1,,1023.6,,3
2025-02-28 18:00:00,2.7,-0.6,79,0,,16,5.4,,1024.3,,3
2025-02-28 19:00:00,1.8,-0.8,83,0,,39,5,,1025,,2
2025-02-28 20:00:00,0.9,-1,87,0,,3,6.5,,1025.6,,2
2025-02-28 21:00:00,0.4,-0.9,91,0,,6,5.4,,1025.9,,3
2025-02-28 22:00:00,-0.2,-1.2,93,0,,3,5.4,,1026.3,,3
2025-02-28 23:00:00,-0.9,-1.7,94,0,,358,6.1,,1026.6,,3
2025-03-01 00:00:00,-1.5,-2.2,95,0,,30,7.2,,1026.7,,2
2025-03-01 01:00:00,-1.7,-2.3,96,0,,60,6.5,,1026.8,,3
2025-03-01 02:00:00,-1.1,-1.4,98,0,,59,6.1,,1027.1,,3
2025-03-01 03:00:00,-0.4,-0.7,98,0,,42,6.8,,1027.3,,3
2025-03-01 04:00:00,-0.3,-0.3,100,0,,48,6.8,,1027.1,,3
2025-03-01 05:00:00,-0.3,-0.3,100,0,,45,7.6,,1027.4,,3
2025-03-01 06:00:00,-0.7,-0.7,100,0,,52,6.8,,1027.9,,5
2025-03-01 07:00:00,-0.7,-0.7,100,0,,33,6.8,,1028.1,,5
2025-03-01 08:00:00,-0.5,-0.6,99,0,,21,8.3,,1028.8,,5
2025-03-01 09:00:00,-0.2,-0.5,98,0,,32,10.8,,1029.5,,5
2025-03-01 10:00:00,1.4,-0.4,88,0,,42,12.6,,1029.9,,5
2025-03-01 11:00:00,2.6,-0.7,79,0,,58,15.8,,1030,,3
2025-03-01 12:00:00,4.2,-1.2,68,0,,59,18,,1029.6,,3
2025-03-01 13:00:00,5.4,-1.7,60,0,,54,19.4,,1029.3,,3
2025-03-01 14:00:00,6,-2.4,55,0,,52,19.4,,1029.1,,3
2025-03-01 15:00:00,6.2,-2.7,53,0,,52,19.1,,1028.9,,3
2025-03-01 16:00:00,5.9,-2.9,53,0,,51,18.4,,1029.3,,3
2025-03-01 17:00:00,5.3,-2.5,57,0,,48,17.3,,1029.8,,3
2025-03-01 18:00:00,4.1,-2.1,64,0,,45,15.8,,1030.4,,3
2025-03-01 19:00:00,3.4,-1.7,69,0,,50,15.1,,1031.2,,3
2025-03-01 20:00:00,2,-1.8,76,0,,56,13,,1031.5,,2
2025-03-01 21:00:00,1.8,-1.3,80,0,,51,13,,1032.1,,1
2025-03-01 22:00:00,1.7,-0.9,83,0,,49,13.7,,1032.8,,3
2025-03-01 23:00:00,1.5,-0.7,85,0,,47,14.4,,1033,,3
2025-03-02 00:00:00,0,-1,93,0,,48,13.3,,1033.2,,1
2025-03-02 01:00:00,-1.2,-2,94,0,,49,12.2,,1033.5,,1
2025-03-02 02:00:00,-1.4,-2.1,95,0,,52,11.2,,1033.8,,1
2025-03-02 03:00:00,-2.2,-2.9,95,0,,43,9.7,,1033.3,,1
2025-03-02 04:00:00,-2.5,-3.2,95,0,,34,10.1,,1032.9,,1
2025-03-02 05:00:00,-2.7,-3.4,95,0,,41,10.1,,1033,,1
2025-03-02 06:00:00,-3,-3.7,95,0,,44,9.4,,1032.9,,1
2025-03-02 07:00:00,-3.3,-4,95,0,,31,9.7,,1032.9,,1
2025-03-02 08:00:00,-1.8,-2.6,94,0,,33,13.3,,1034.1,,1
2025-03-02 09:00:00,0.5,-1.6,86,0,,54,15.1,,1034.9,,1
2025-03-02 10:00:00,2.5,-1.3,76,0,,65,12.6,,1034.3,,3
2025-03-02 11:00:00,4.5,-0.7,69,0,,44,11.5,,1033.7,,3
2025-03-02 12:00:00,6.5,-0.9,59,0,,69,12.6,,1032.5,,3
2025-03-02 13:00:00,7.7,-1,54,0,,62,12.2,,1031.8,,3
2025-03-02 14:00:00,8.3,-1.2,51,0,,56,12.2,,1030.9,,3
2025-03-02 15:00:00,8.5,-1.6,49,0,,52,13.3,,1030.2,,1
2025-03-02 16:00:00,8.1,-2,49,0,,48,14,,1029.7,,1
2025-03-02 17:00:00,7.3,-1.4,54,0,,45,12.6,,1029.7,,1
2025-03-02 18:00:00,4.9,-1.3,64,0,,44,10.8,,1030.1,,1
2025-03-02 19:00:00,3.1,-1.8,70,0,,54,11.5,,1030.8,,1
2025-03-02 20:00:00,1.4,-2,78,0,,68,9.4,,1031.3,,1
2025-03-02 21:00:00,0.1,-2.4,83,0,,53,7.6,,1031.4,,1
2025-03-02 22:00:00,-0.6,-2.6,86,0,,41,6.8,,1031.4,,1
2025-03-02 23:00:00,-1.3,-3.2,87,0,,33,6.8,,1031.4,,1
2025-03-03 00:00:00,-1.7,-3.6,87,0,,45,7.9,,1031.2,,1
2025-03-03 01:00:00,-2.2,-4.1,87,0,,54,6.1,,1030.8,,1
2025-03-03 02:00:00,-2.6,-4.5,87,0,,41,4.7,,1030.6,,1
2025-03-03 03:00:00,-2.3,-4.6,84,0,,16,3.2,,1030.3,,1
2025-03-03 04:00:00,-2.8,-5,85,0,,204,4,,1029.7,,1
2025-03-03 05:00:00,-3.3,-5.1,87,0,,228,4.7,,1029.4,,1
2025-03-03 06:00:00,-3.2,-5.2,86,0,,242,2.9,,1030.1,,1
2025-03-03 07:00:00,-3.4,-5.4,86,0,,151,3.2,,1030.3,,1
2025-03-03 08:00:00,-2.1,-3.5,90,0,,158,5,,1031,,1
2025-03-03 09:00:00,1.4,-2.2,77,0,,314,3.2,,1031.3,,1
2025-03-03 10:00:00,3.9,-1.7,67,0,,351,2.9,,1031.1,,1
2025-03-03 11:00:00,6,-1.4,59,0,,357,2.9,,1030.3,,2
2025-03-03 12:00:00,7.5,-1,55,0,,20,3.2,,1029.7,,3
2025-03-03 13:00:00,8.9,-0.2,53,0,,36,3.6,,1028.8,,3
2025-03-03 14:00:00,10,0.6,52,0,,30,4,,1027.9,,3
2025-03-03 15:00:00,10.5,0.8,51,0,,28,5.8,,1027.1,,3
2025-03-03 16:00:00,10.4,1,52,0,,24,8.6,,1027,,1
2025-03-03 17:00:00,9.2,2.3,62,0,,14,7.9,,1026.7,,1
2025-03-03 18:00:00,4,-2.2,64,0,,63,5.4,,1027,,2
2025-03-03 19:00:00,2.2,-2.7,70,0,,37,7.6,,1027.5,,3
2025-03-03 20:00:00,0.8,-2.8,77,0,,63,7.6,,1028,,3
2025-03-03 21:00:00,-0.3,-3.2,81,0,,74,5.4,,1028.1,,3
2025-03-03 22:00:00,-0.9,-3.4,83,0,,196,4.3,,1028.4,,3
2025-03-03 23:00:00,-1.5,-3.8,84,0,,191,4.3,,1028.2,,3
2025-03-04 00:00:00,-2.2,-4.1,87,0,,194,4.3,,1028.4,,3
2025-03-04 01:00:00,-2.9,-4.5,89,0,,194,4.7,,1028.1,,3
2025-03-04 02:00:00,-3.2,-4.8,89,0,,202,5,,1027.8,,3
2025-03-04 03:00:00,-3.5,-5,89,0,,214,5.4,,1027.4,,1
2025-03-04 04:00:00,-2.8,-4.4,89,0,,220,5.8,,1026.9,,3
2025-03-04 05:00:00,-2.8,-4.2,90,0,,230,6.8,,1026.6,,3
2025-03-04 06:00:00,-2.8,-4.5,88,0,,234,5.4,,1026.7,,3
2025-03-04 07:00:00,-2.8,-4.7,87,0,,218,4,,1027.2,,3
2025-03-04 08:00:00,-1.2,-3.2,86,0,,189,5.4,,1027.9,,3
2025-03-04 09:00:00,1.5,-1.6,80,0,,208,2.9,,1028.3,,3
2025-03-04 10:00:00,4.4,-0.2,72,0,,337,2.9,,1028.1,,3
2025-03-04 11:00:00,6.9,-0.3,60,0,,5,4,,1027.7,,3
2025-03-04 12:00:00,8.7,-0.9,51,0,,23,4.3,,1027.2,,3
2025-03-04 13:00:00,10.2,-1.2,45,0,,26,5,,1026.4,,2
2025-03-04 14:00:00,11.5,-5.9,29,0,,43,5.4,,1025.7,,2
2025-03-04 15:00:00,11.3,-4,34,0,,42,5.8,,1025.3,,1
2025-03-04 16:00:00,10.3,-1.4,44,0,,39,6.5,,1025.3,,1
2025-03-04 17:00:00,7.3,0.3,61,0,,51,6.5,,1025.4,,1
2025-03-04 18:00:00,4.1,-2.3,63,0,,78,4,,1025.9,,1
2025-03-04 19:00:00,2.5,-3,67,0,,75,4,,1026.4,,1
2025-03-04 20:00:00,0.8,-3.3,74,0,,71,4.3,,1026.9,,1
2025-03-04 21:00:00,-0.4,-3.6,79,0,,187,5,,1027,,1
2025-03-04 22:00:00,-1.6,-3.9,84,0,,199,6.5,,1027.3,,1
2025-03-04 23:00:00,-2.5,-4.5,86,0,,205,6.5,,1027.2,,1
2025-03-05 00:00:00,-2.8,-4.8,86,0,,210,5.4,,1027.1,,1
2025-03-05 01:00:00,-3.1,-5.1,86,0,,214,6.5,,1026.8,,1
2025-03-05 02:00:00,-3.1,-5.1,86,0,,214,7.6,,1026.6,,1
2025-03-05 03:00:00,-3.2,-5.2,86,0,,224,7.6,,1026.3,,1
2025-03-05 04:00:00,-3.2,-5.4,85,0,,229,6.5,,1026.3,,1
2025-03-05 05:00:00,-2.8,-5.4,82,0,,209,5.8,,1026.6,,1
2025-03-05 06:00:00,-1.3,-4.6,78,0,,222,6.1,,1026.8,,1
2025-03-05 07:00:00,-1.4,-4.9,77,0,,244,7.6,,1026.6,,1
2025-03-05 08:00:00,0.6,-2.8,78,0,,250,8.6,,1026.8,,1
2025-03-05 09:00:00,3.9,-1.1,70,0,,258,7.9,,1026.9,,1
2025-03-05 10:00:00,7,0.7,64,0,,282,4.3,,1027.1,,1
2025-03-05 11:00:00,9.6,2.2,60,0,,301,4.3,,1026.7,,1
2025-03-05 12:00:00,11.8,1.7,50,0,,321,4,,1026,,1
2025-03-05 13:00:00,13.1,1.1,44,0,,357,3.6,,1025.2,,1
2025-03-05 14:00:00,13.8,1.1,42,0,,16,5.4,,1024.6,,1
2025-03-05 15:00:00,14,0.6,40,0,,39,6.5,,1024.3,,1
2025-03-05 16:00:00,12.3,1.3,47,0,,53,8.3,,1024,,1
2025-03-05 17:00:00,8.8,2.6,65,0,,59,7.6,,1024.2,,1
2025-03-05 18:00:00,4.5,0.3,74,0,,54,5.4,,1024.6,,1
2025-03-05 19:00:00,2.9,-0.6,78,0,,30,4.3,,1024.9,,1
2025-03-05 20:00:00,1.5,-1.2,82,0,,189,6.5,,1025,,1
2025-03-05 21:00:00,0.2,-1.5,88,0,,214,6.1,,1025,,1
2025-03-05 22:00:00,-0.7,-2.1,90,0,,220,6.8,,1025.2,,1
2025-03-05 23:00:00,-1.4,-2.7,91,0,,217,7.6,,1025.4,,1
2025-03-06 00:00:00,-1.9,-3.2,91,0,,220,7.6,,1025.4,,1
2025-03-06 01:00:00,-2.3,-3.4,92,0,,224,8.6,,1025.1,,1
2025-03-06 02:00:00,-2.3,-3.9,89,0,,215,8.6,,1024.7,,1
2025-03-06 03:00:00,-2.3,-4.3,86,0,,211,8.3,,1024.2,,1
2025-03-06 04:00:00,-2.2,-4.9,82,0,,215,8.3,,1023.8,,1
2025-03-06 05:00:00,-1.7,-5,78,0,,221,8.6,,1023.6,,1
2025-03-06 06:00:00,-1.2,-5.1,75,0,,224,8.3,,1023.5,,1
2025-03-06 07:00:00,-0.4,-4.3,75,0,,231,7.9,,1023.2,,1
2025-03-06 08:00:00,1.8,-2.9,71,0,,233,9,,1023.4,,1
2025-03-06 09:00:00,5.1,-0.7,66,0,,244,9.4,,1023.7,,1
2025-03-06 10:00:00,8.1,1.5,63,0,,257,5.8,,1023.8,,1
2025-03-06 11:00:00,11,3.1,58,0,,274,4.7,,1023.6,,1
2025-03-06 12:00:00,13.1,2,47,0,,241,4,,1022.8,,1
2025-03-06 13:00:00,14.4,1,40,0,,15,4.3,,1022,,1
2025-03-06 14:00:00,14.9,0,36,0,,31,5,,1021.4,,1
2025-03-06 15:00:00,15,-0.3,35,0,,34,6.1,,1021,,1
2025-03-06 16:00:00,14.5,0.3,38,0,,44,7.6,,1020.7,,1
2025-03-06 17:00:00,9.2,1.8,60,0,,68,8.3,,1021,,2
2025-03-06 18:00:00,4.9,-0.1,70,0,,77,7.2,,1021.2,,3
2025-03-06 19:00:00,3.3,-1.1,73,0,,96,6.1,,1021.4,,1
2025-03-06 20:00:00,2,-1.3,79,0,,159,7.2,,1021.7,,1
2025-03-06 21:00:00,0.4,-1.7,86,0,,201,7.2,,1022,,2
2025-03-06 22:00:00,0.4,-1.4,88,0,,212,6.5,,1021.3,,1
2025-03-06 23:00:00,-0.3,-1.9,89,0,,225,7.6,,1021.3,,1
2025-03-07 00:00:00,-0.9,-2.6,88,0,,227,7.9,,1021.4,,1
2025-03-07 01:00:00,-1.2,-2.8,89,0,,226,7.6,,1021.4,,1
2025-03-07 02:00:00,-1.4,-2.8,90,0,,232,7.9,,1021.3,,1
2025-03-07 03:00:00,-1.3,-3,88,0,,230,7.9,,1020.8,,2
2025-03-07 04:00:00,-1.2,-3.1,87,0,,219,7.2,,1020.7,,2
2025-03-07 05:00:00,-0.8,-3.2,84,0,,231,7.6,,1020.9,,3
2025-03-07 06:00:00,0,-3,80,0,,233,6.8,,1021,,3
2025-03-07 07:00:00,-0.2,-3.2,80,0,,208,5.8,,1021,,3
2025-03-07 08:00:00,1.4,-1.5,81,0,,218,6.1,,1021.3,,3
2025-03-07 09:00:00,4.4,0.4,75,0,,247,4.7,,1021.3,,3
2025-03-07 10:00:00,7.9,2.2,67,0,,277,2.9,,1021.2,,1
2025-03-07 11:00:00,10.7,2.5,57,0,,346,5.4,,1021,,1
2025-03-07 12:00:00,12.6,2.7,51,0,,36,7.2,,1020.4,,1
2025-03-07 13:00:00,13.8,2.7,47,0,,46,9.4,,1019.3,,1
2025-03-07 14:00:00,14.5,2.1,43,0,,46,9.7,,1018.2,,1
2025-03-07 15:00:00,14.5,1.4,41,0,,43,9.7,,1017.5,,1
2025-03-07 16:00:00,14.1,2,44,0,,41,10.1,,1017,,1
2025-03-07 17:00:00,12.5,4,56,0,,36,7.9,,1016.7,,1
2025-03-07 18:00:00,5.5,1.4,75,0,,53,7.2,,1017.3,,1
2025-03-07 19:00:00,4,0.5,78,0,,65,6.1,,1017.8,,1
2025-03-07 20:00:00,3.1,-0.5,77,0,,180,3.2,,1017.9,,1
2025-03-07 21:00:00,1.6,-1.3,81,0,,197,4,,1017.9,,1
2025-03-07 22:00:00,0.3,-1.6,87,0,,200,5.8,,1018.1,,1
2025-03-07 23:00:00,-0.5,-1.6,92,0,,208,6.1,,1017.4,,1
2025-03-08 00:00:00,-1.1,-2.1,93,0,,214,6.5,,1017.4,,1
2025-03-08 01:00:00,-1.4,-2.5,92,0,,221,7.6,,1017.3,,1
2025-03-08 02:00:00,-1.4,-2.5,92,0,,225,7.6,,1017.2,,1
2025-03-08 03:00:00,-1.4,-2.7,91,0,,227,7.9,,1016.9,,1
2025-03-08 04:00:00,-0.7,-3.1,84,0,,231,8.3,,1016.3,,1
2025-03-08 05:00:00,-0.6,-3.1,83,0,,228,7.6,,1016.1,,1
2025-03-08 06:00:00,-0.4,-3.1,82,0,,231,7.6,,1015.9,,2
2025-03-08 07:00:00,-0.2,-3.2,80,0,,229,7.6,,1015.8,,3
2025-03-08 08:00:00,2.1,-1.7,76,0,,239,8.6,,1016.1,,2
2025-03-08 09:00:00,5,0.6,73,0,,293,6.1,,1015.8,,1
2025-03-08 10:00:00,7.7,2.6,70,0,,343,3.6,,1015.7,,1
2025-03-08 11:00:00,10.7,3.5,61,0,,336,2.9,,1015.2,,1
2025-03-08 12:00:00,13,3.1,51,0,,342,4.7,,1014.2,,1
2025-03-08 13:00:00,14.5,2.7,45,0,,15,5.4,,1013.2,,1
2025-03-08 14:00:00,14.9,0.3,37,0,,28,7.9,,1012.2,,1
2025-03-08 15:00:00,14.6,0.8,39,0,,27,10.4,,1011.6,,1
2025-03-08 16:00:00,13.5,3.8,52,0,,37,8.3,,1011,,1
2025-03-08 17:00:00,10.6,4.3,65,0,,66,6.1,,1011,,1
2025-03-08 18:00:00,6.1,1.8,74,0,,104,6.8,,1011,,1
2025-03-08 19:00:00,3.1,-0.2,79,0,,136,8.6,,1011,,1
2025-03-08 20:00:00,1.2,-0.9,86,0,,162,9,,1010.9,,1
2025-03-08 21:00:00,0.3,-1.3,89,0,,186,9,,1010.8,,1
2025-03-08 22:00:00,-0.3,-1.7,90,0,,227,7.6,,1010.9,,1
2025-03-08 23:00:00,-0.4,-2,89,0,,219,6.1,,1011.1,,1
2025-03-09 00:00:00,0,-1.7,88,0,,215,5.4,,1010.2,,1
2025-03-09 01:00:00,-0.4,-2.1,88,0,,216,5.4,,1009.9,,1
2025-03-09 02:00:00,-0.6,-2.3,88,0,,222,5,,1009.5,,1
2025-03-09 03:00:00,-0.9,-2.6,88,0,,220,5,,1009.1,,1
2025-03-09 04:00:00,-1,-2.7,88,0,,215,5.4,,1008.6,,3
2025-03-09 05:00:00,-0.9,-2.8,87,0,,212,5.4,,1008,,3
2025-03-09 06:00:00,-0.9,-2.8,87,0,,224,6.5,,1007.7,,3
2025-03-09 07:00:00,-0.8,-2.8,86,0,,224,6.1,,1007.4,,3
2025-03-09 08:00:00,1.4,-1.5,81,0,,225,7.2,,1007.6,,2
2025-03-09 09:00:00,4.9,1.7,80,0,,346,4,,1007.3,,3
2025-03-09 10:00:00,7.8,2.5,69,0,,322,2.5,,1006.6,,2
2025-03-09 11:00:00,10.8,3.1,59,0,,322,3.6,,1006.2,,1
2025-03-09 12:00:00,13.2,3.3,51,0,,349,4,,1005.3,,2
2025-03-09 13:00:00,15,3.2,45,0,,14,5.4,,1004.1,,1
2025-03-09 14:00:00,16.3,3.7,43,0,,27,6.1,,1003.2,,1
2025-03-09 15:00:00,15.5,2.6,42,0,,33,8.3,,1002.9,,1
2025-03-09 16:00:00,14.7,4.7,51,0,,41,7.6,,1002.4,,1
2025-03-09 17:00:00,11.9,5.5,65,0,,60,7.2,,1002.2,,1
2025-03-09 18:00:00,8,3.7,74,0,,78,7.9,,1002.1,,3
2025-03-09 19:00:00,5.3,2.3,81,0,,110,7.2,,1002.1,,3
2025-03-09 20:00:00,5.8,2.8,81,0,,96,7.6,,1001.9,,1
2025-03-09 21:00:00,4.1,1.8,85,0,,122,8.3,,1001.6,,2
2025-03-09 22:00:00,3,1.2,88,0,,175,8.6,,1001.5,,1
2025-03-09 23:00:00,1.9,0.6,91,0,,215,8.3,,1001.4,,1
2025-03-10 00:00:00,1.4,0.2,92,0,,236,7.2,,1001.1,,1
2025-03-10 01:00:00,1.3,-0.2,90,0,,240,6.1,,1000.8,,1
2025-03-10 02:00:00,1,-0.5,90,0,,201,5,,1000.5,,1
2025-03-10 03:00:00,0.2,-0.7,94,0,,217,9.7,,1000.4,,3
2025-03-10 04:00:00,-0.2,-1.2,93,0,,240,7.2,,999.6,,3
2025-03-10 05:00:00,-0.2,-0.9,95,0,,188,7.9,,999.5,,3
2025-03-10 06:00:00,0.3,-1.5,88,0,,234,7.2,,999.4,,3
2025-03-10 07:00:00,0.9,-1.5,84,0,,233,9,,999.5,,3
2025-03-10 08:00:00,3.3,-0.3,77,0,,226,12.6,,1000.2,,2
2025-03-10 09:00:00,6.9,1.6,69,0,,227,15.5,,1001.3,,3
2025-03-10 10:00:00,8.7,3.5,70,0,,226,17.3,,1002,,3
2025-03-10 11:00:00,8.1,4.3,77,0,,227,17.3,,1002,,8
2025-03-10 12:00:00,9.3,5.7,78,0,,228,15.1,,1002.5,,3
2025-03-10 13:00:00,9.7,6.8,82,0,,233,16.6,,1003,,7
2025-03-10 14:00:00,9.9,6.6,80,0.2,,240,16.6,,1003,,7
2025-03-10 15:00:00,10,6,76,0.6,,244,15.8,,1003,,7
2025-03-10 16:00:00,7.7,7.1,96,0,,232,12.6,,1003.6,,3
2025-03-10 17:00:00,7.6,6.7,94,0,,226,12.2,,1003.9,,7
2025-03-10 18:00:00,6.7,6,95,0,,224,9.7,,1004.5,,3
2025-03-10 19:00:00,5.7,5,95,0,,216,9.7,,1004.9,,3
2025-03-10 20:00:00,4.8,4.1,95,0,,208,7.2,,1005,,3
2025-03-10 21:00:00,3.6,3,96,0,,226,6.8,,1005.3,,3
2025-03-10 22:00:00,2.8,2.2,96,0,,230,7.2,,1005.4,,3
2025-03-10 23:00:00,2.1,1.7,97,0,,216,7.9,,1005.5,,3
2025-03-11 00:00:00,1.6,1.2,97,0,,217,8.6,,1005.5,,3
2025-03-11 01:00:00,1.2,0.8,97,0,,223,9.4,,1005.2,,3
2025-03-11 02:00:00,0.9,0.5,97,0,,225,8.6,,1004.9,,3
2025-03-11 03:00:00,1.3,0.9,97,0,,238,8.6,,1004.6,,3
2025-03-11 04:00:00,0.7,0.3,97,0,,224,8.6,,1004.1,,1
2025-03-11 05:00:00,0.5,0.1,97,0,,216,9.4,,1003.8,,1
2025-03-11 06:00:00,0.3,-0.1,97,0,,226,9.7,,1003.7,,1
2025-03-11 07:00:00,0.3,-0.1,97,0,,230,8.6,,1004.2,,1
2025-03-11 08:00:00,2.5,1.6,94,0,,235,9.7,,1004.4,,3
2025-03-11 09:00:00,5.3,4.1,92,0,,236,7.6,,1004.5,,3
2025-03-11 10:00:00,8.3,5.9,85,0,,225,7.6,,1004.3,,2
2025-03-11 11:00:00,11.1,6.4,73,0,,257,10.1,,1003.7,,2
2025-03-11 12:00:00,12.4,5.8,64,0,,269,9.4,,1002.8,,1
2025-03-11 13:00:00,13.4,5.8,60,0,,248,7.6,,1001.7,,2
2025-03-11 14:00:00,13.7,5.1,56,0,,238,9,,1000.7,,3
2025-03-11 15:00:00,12.1,5,62,0,,247,16.6,,1000.9,,8
2025-03-11 16:00:00,10,5.6,74,0,,333,5.8,,1001.4,,8
2025-03-11 17:00:00,9.9,5.9,76,0,,118,4.7,,1001.1,,3
2025-03-11 18:00:00,7.7,5,83,0.4,,190,6.8,,1001.3,,3
2025-03-11 19:00:00,5.1,3.8,91,0.1,,201,8.3,,1001.5,,17
2025-03-11 20:00:00,3.8,2.9,94,0,,214,7.2,,1001.6,,3
2025-03-11 21:00:00,2.7,2,95,0,,241,6.5,,1001.6,,3
2025-03-11 22:00:00,2.4,1.7,95,0,,230,7.6,,1001.5,,3
2025-03-11 23:00:00,3.2,2.5,95,0.1,,222,4.7,,1001.4,,3
2025-03-12 00:00:00,2.3,1.7,96,0,,273,5.4,,1000.8,,3
2025-03-12 01:00:00,1.5,1.1,97,0,,270,3.2,,1000.4,,3
2025-03-12 02:00:00,1.3,0.7,96,0,,238,2.9,,1000.4,,3
2025-03-12 03:00:00,1.7,1.3,97,0.1,,295,2.2,,999.9,,3
2025-03-12 04:00:00,1.5,1.2,98,0,,213,4.7,,999.1,,12
2025-03-12 05:00:00,1.2,0.9,98,0,,199,6.5,,999.1,,3
2025-03-12 06:00:00,1.4,1.1,98,0,,221,3.2,,999.2,,12
2025-03-12 07:00:00,1.9,1.5,97,0,,290,3.2,,999.2,,12
2025-03-12 08:00:00,2.5,2.1,97,0,,302,5,,999.4,,7
2025-03-12 09:00:00,4.2,4.1,99,0.3,,318,7.6,,999.4,,7
2025-03-12 10:00:00,4.7,4.4,98,0.1,,353,7.6,,999.3,,8
2025-03-12 11:00:00,4.6,4.3,98,1.1,,357,6.1,,999.3,,8
2025-03-12 12:00:00,4.9,4.5,97,2.6,,337,7.2,,999.4,,8
2025-03-12 13:00:00,5.1,4.7,97,1.2,,330,7.2,,999.2,,8
2025-03-12 14:00:00,5.3,4.7,96,0.2,,330,8.3,,998.8,,8
2025-03-12 15:00:00,5.8,4,88,0,,335,8.6,,998.7,,7
2025-03-12 16:00:00,5.1,3.8,91,0.1,,341,8.6,,998.7,,3
2025-03-12 17:00:00,4.5,3.6,94,0,,348,9.4,,998.7,,3
2025-03-12 18:00:00,4.1,3.4,95,0,,6,9,,999,,3
2025-03-12 19:00:00,3.8,3.2,96,0,,5,6.5,,999.4,,3
2025-03-12 20:00:00,3.5,3.1,97,0,,349,7.2,,999.6,,3
2025-03-12 21:00:00,3.3,2.9,97,0,,351,6.5,,999.6,,3
2025-03-12 22:00:00,3.3,2.9,97,0,,8,5,,999.4,,3
2025-03-12 23:00:00,3.1,2.7,97,0,,29,3.6,,999.2,,3
2025-03-13 00:00:00,3,2.6,97,0,,47,3.6,,998.6,,3
2025-03-13 01:00:00,2.9,2.6,98,0,,69,3.6,,997.8,,3
2025-03-13 02:00:00,2.4,2.3,99,0,,43,3.2,,997.3,,3
2025-03-13 03:00:00,2.3,2.2,99,0,,341,5.8,,996.9,,3
2025-03-13 04:00:00,2.5,2.4,99,0,,356,7.2,,996.5,,5
2025-03-13 05:00:00,2.6,2.5,99,0,,26,7.2,,996.3,,3
2025-03-13 06:00:00,2.6,2.5,99,0,,36,6.5,,996.3,,5
2025-03-13 07:00:00,2.6,2.5,99,0,,39,6.1,,996.3,,5
2025-03-13 08:00:00,3,2.6,97,0,,57,8.6,,996.3,,5
2025-03-13 09:00:00,3.4,2.8,96,0,,60,9.7,,996.3,,7
2025-03-13 10:00:00,3.7,2.7,93,0.1,,54,10.1,,996.7,,8
2025-03-13 11:00:00,3.5,3.1,97,0.1,,48,7.2,,997.3,,8
2025-03-13 12:00:00,3.6,2.9,95,0.4,,46,6.5,,997.7,,8
2025-03-13 13:00:00,3.8,2.8,93,0,,59,7.2,,997.8,,8
2025-03-13 14:00:00,4.3,2.6,89,0.8,,66,7.6,,997.6,,7
2025-03-13 15:00:00,4.6,2.9,89,0,,66,7.2,,997.8,,8
2025-03-13 16:00:00,4.7,3,89,0,,116,6.1,,998.3,,7
2025-03-13 17:00:00,4.9,2.9,87,0,,217,7.9,,998.8,,7
2025-03-13 18:00:00,4,2.8,92,0,,233,7.9,,999.3,,3
2025-03-13 19:00:00,2.8,1.9,94,0,,239,8.3,,1000,,2
2025-03-13 20:00:00,1.8,1.1,95,0,,234,7.9,,1000.8,,2
2025-03-13 21:00:00,1.5,0.8,95,0,,232,6.1,,1001.4,,3
2025-03-13 22:00:00,1.7,1.1,96,0,,243,5,,1001.9,,3
2025-03-13 23:00:00,2,1.4,96,0,,251,5,,1002.3,,3
2025-03-14 00:00:00,1.8,1.4,97,0,,233,4.3,,1002.5,,3
2025-03-14 01:00:00,1.3,0.9,97,0,,226,5.8,,1002.9,,3
2025-03-14 02:00:00,0.7,0.4,98,0,,217,6.1,,1003.3,,3
2025-03-14 03:00:00,1.2,0.8,97,0,,238,6.8,,1003.4,,3
2025-03-14 04:00:00,0.9,0.5,97,0,,226,5,,1003.4,,3
2025-03-14 05:00:00,0.7,0.4,98,0,,215,3.6,,1003.6,,3
2025-03-14 06:00:00,0.6,0.5,99,0,,192,2.9,,1003.8,,3
2025-03-14 07:00:00,0.4,0.3,99,0,,175,2.5,,1004.3,,3
2025-03-14 08:00:00,1.4,1,97,0,,3,6.8,,1004.7,,5
2025-03-14 09:00:00,2.3,1.3,93,0,,20,8.3,,1005.1,,3
2025-03-14 10:00:00,3,1.1,87,0,,34,8.6,,1005.4,,3
2025-03-14 11:00:00,3.8,0.7,80,0,,41,9,,1005.5,,3
2025-03-14 12:00:00,4.4,0.4,75,0,,31,9.4,,1005.4,,3
2025-03-14 13:00:00,5.3,-0.1,68,0,,33,8.6,,1005.4,,3
2025-03-14 14:00:00,5.7,-0.4,65,0,,30,9,,1005.5,,3
2025-03-14 15:00:00,6,-0.5,63,0,,27,9.7,,1005.7,,3
2025-03-14 16:00:00,5.8,-0.7,63,0,,31,10.1,,1006.2,,3
2025-03-14 17:00:00,5.5,-1,63,0,,34,11.5,,1006.4,,3
2025-03-14 18:00:00,4.8,-0.2,70,0,,31,9,,1006.6,,3
2025-03-14 19:00:00,3.6,-0.2,76,0,,13,7.9,,1007.4,,3
2025-03-14 20:00:00,3.2,0.1,80,0,,1,10.4,,1008.2,,3
2025-03-14 21:00:00,3.5,0.4,80,0,,10,12.6,,1008.6,,3
2025-03-14 22:00:00,3.3,0.7,83,0,,21,12.2,,1009.3,,3
2025-03-14 23:00:00,3.2,0.9,85,0,,24,13,,1009.9,,3
2025-03-15 00:00:00,3.1,1.1,87,0,,29,14,,1010.3,,3
2025-03-15 01:00:00,2.8,1.2,89,0,,32,14.4,,1010.6,,3
2025-03-15 02:00:00,,,,0,,,,,,,
2025-03-15 03:00:00,,,,0,,,,,,,
2025-03-15 04:00:00,,,,0,,,,,,,
2025-03-15 05:00:00,,,,0,,,,,,,
2025-03-15 06:00:00,,,,0,,,,,,,
2025-03-15 07:00:00,2.9,1.6,91,0,,41,17.6,,1009.8,,
2025-03-15 08:00:00,,,,0,,,,,,,
2025-03-15 09:00:00,,,,0,,,,,,,
2025-03-15 10:00:00,,,,0,,,,,,,
2025-03-15 11:00:00,,,,0,,,,,,,
2025-03-15 12:00:00,,,,0,,,,,,,
2025-03-15 13:00:00,6.6,0.9,67,0,,56,27,,1010.9,,
2025-03-15 14:00:00,,,,0,,,,,,,
2025-03-15 15:00:00,,,,0,,,,,,,
2025-03-15 16:00:00,,,,0,,,,,,,
2025-03-15 17:00:00,,,,0,,,,,,,
2025-03-15 18:00:00,,,,0,,,,,,,
2025-03-15 19:00:00,6.3,-0.7,61,0,,53,16.6,,1012.5,,
2025-03-15 20:00:00,,,,0,,,,,,,
2025-03-15 21:00:00,,,,0,,,,,,,
2025-03-15 22:00:00,,,,0,,,,,,,
2025-03-15 23:00:00,,,,0,,,,,,,
2025-03-16 00:00:00,,,,0,,,,,,,
2025-03-16 01:00:00,2.4,1.5,94,0,,41,14.8,,1015,,
2025-03-16 02:00:00,,,,0,,,,,,,
2025-03-16 03:00:00,,,,0,,,,,,,
2025-03-16 04:00:00,,,,0,,,,,,,
2025-03-16 05:00:00,,,,0,,,,,,,
2025-03-16 06:00:00,,,,0,,,,,,,
2025-03-16 07:00:00,0,-0.6,96,0,,22,11.5,,1016.7,,
2025-03-16 08:00:00,,,,0,,,,,,,
2025-03-16 09:00:00,,,,0,,,,,,,
2025-03-16 10:00:00,,,,0,,,,,,,
2025-03-16 11:00:00,,,,0,,,,,,,
2025-03-16 12:00:00,,,,0,,,,,,,
2025-03-16 13:00:00,0.8,-1,88,0,,18,10.1,,1019.3,,
2025-03-16 14:00:00,,,,0,,,,,,,
2025-03-16 15:00:00,,,,0,,,,,,,
2025-03-16 16:00:00,,,,0,,,,,,,
2025-03-16 17:00:00,,,,0,,,,,,,
2025-03-16 18:00:00,,,,0,,,,,,,
2025-03-16 19:00:00,0.3,-0.8,92,0,,354,3.6,,1021.7,,
2025-03-16 20:00:00,,,,0,,,,,,,
2025-03-16 21:00:00,,,,0,,,,,,,
2025-03-16 22:00:00,,,,0,,,,,,,
2025-03-16 23:00:00,,,,0,,,,,,,
2025-03-17 00:00:00,,,,0,,,,,,,
2025-03-17 01:00:00,0,-0.4,97,0,,348,1.8,,1023.5,,
2025-03-17 02:00:00,,,,0,,,,,,,
2025-03-17 03:00:00,,,,0,,,,,,,
2025-03-17 04:00:00,,,,0,,,,,,,
2025-03-17 05:00:00,,,,0,,,,,,,
2025-03-17 06:00:00,,,,0,,,,,,,
2025-03-17 07:00:00,0.3,-0.3,96,0,,27,6.5,,1024.4,,
2025-03-17 08:00:00,,,,0,,,,,,,
2025-03-17 09:00:00,,,,0,,,,,,,
2025-03-17 10:00:00,,,,0,,,,,,,
2025-03-17 11:00:00,,,,0,,,,,,,
2025-03-17 12:00:00,,,,0,,,,,,,
2025-03-17 13:00:00,5.1,-0.5,67,0,,57,13,,1024.7,,
2025-03-17 14:00:00,,,,0,,,,,,,
2025-03-17 15:00:00,,,,0,,,,,,,
2025-03-17 16:00:00,,,,0,,,,,,,
2025-03-17 17:00:00,,,,0,,,,,,,
2025-03-17 18:00:00,,,,0,,,,,,,
2025-03-17 19:00:00,4.5,-0.9,68,0,,77,6.5,,1024.3,,
2025-03-17 20:00:00,,,,0,,,,,,,
2025-03-17 21:00:00,,,,0,,,,,,,
2025-03-17 22:00:00,,,,0,,,,,,,
2025-03-17 23:00:00,,,,0,,,,,,,
2025-03-18 00:00:00,,,,0,,,,,,,
2025-03-18 01:00:00,-0.8,-2.2,90,0,,57,8.3,,1025.4,,
2025-03-18 02:00:00,,,,0,,,,,,,
2025-03-18 03:00:00,,,,0,,,,,,,
2025-03-18 04:00:00,,,,0,,,,,,,
2025-03-18 05:00:00,,,,0,,,,,,,
2025-03-18 06:00:00,,,,0,,,,,,,
2025-03-18 07:00:00,-1.7,-3.6,87,0,,42,8.6,,1025.7,,
2025-03-18 08:00:00,,,,0,,,,,,,
2025-03-18 09:00:00,,,,0,,,,,,,
2025-03-18 10:00:00,,,,0,,,,,,,
2025-03-18 11:00:00,,,,0,,,,,,,
2025-03-18 12:00:00,,,,0,,,,,,,
2025-03-18 13:00:00,7.6,-5.8,38,0,,81,16.9,,1024.2,,
2025-03-18 14:00:00,,,,0,,,,,,,
2025-03-18 15:00:00,,,,0,,,,,,,
2025-03-18 16:00:00,,,,0,,,,,,,
2025-03-18 17:00:00,,,,0,,,,,,,
2025-03-18 18:00:00,,,,0,,,,,,,
2025-03-18 19:00:00,2.2,-10,40,0,,70,13,,1023.7,,
2025-03-18 20:00:00,,,,0,,,,,,,
2025-03-18 21:00:00,,,,0,,,,,,,
2025-03-18 22:00:00,,,,0,,,,,,,
2025-03-18 23:00:00,,,,0,,,,,,,
2025-03-19 00:00:00,,,,0,,,,,,,
2025-03-19 01:00:00,-3.1,-10.2,58,0,,24,6.1,,1024.2,,
2025-03-19 02:00:00,,,,0,,,,,,,
2025-03-19 03:00:00,,,,0,,,,,,,
2025-03-19 04:00:00,,,,0,,,,,,,
2025-03-19 05:00:00,,,,0,,,,,,,
2025-03-19 06:00:00,,,,0,,,,,,,
2025-03-19 07:00:00,-3.7,-8.7,68,0,,50,5.8,,1024.3,,
2025-03-19 08:00:00,,,,0,,,,,,,
2025-03-19 09:00:00,,,,0,,,,,,,
2025-03-19 10:00:00,,,,0,,,,,,,
2025-03-19 11:00:00,,,,0,,,,,,,
2025-03-19 12:00:00,,,,0,,,,,,,
2025-03-19 13:00:00,9.1,-2.8,43,0,,84,9.7,,1021.6,,
2025-03-19 14:00:00,,,,0,,,,,,,
2025-03-19 15:00:00,,,,0,,,,,,,
2025-03-19 16:00:00,,,,0,,,,,,,
2025-03-19 17:00:00,,,,0,,,,,,,
2025-03-19 18:00:00,,,,0,,,,,,,
2025-03-19 19:00:00,3.2,-2.1,68,0,,87,7.2,,1021.1,,
2025-03-19 20:00:00,,,,0,,,,,,,
2025-03-19 21:00:00,,,,0,,,,,,,
2025-03-19 22:00:00,,,,0,,,,,,,
2025-03-19 23:00:00,,,,0,,,,,,,
2025-03-20 00:00:00,,,,0,,,,,,,
2025-03-20 01:00:00,-2.3,-4.5,85,0,,183,4.3,,1022.8,,
2025-03-20 02:00:00,,,,0,,,,,,,
2025-03-20 03:00:00,,,,0,,,,,,,
2025-03-20 04:00:00,,,,0,,,,,,,
2025-03-20 05:00:00,,,,0,,,,,,,
2025-03-20 06:00:00,,,,0,,,,,,,
2025-03-20 07:00:00,-2.2,-4.1,87,0,,226,3.6,,1023.1,,
2025-03-20 08:00:00,,,,0,,,,,,,
2025-03-20 09:00:00,,,,0,,,,,,,
2025-03-20 10:00:00,,,,0,,,,,,,
2025-03-20 11:00:00,,,,0,,,,,,,
2025-03-20 12:00:00,,,,0,,,,,,,
2025-03-20 13:00:00,12.1,0.2,44,0,,317,0.4,,1021.7,,
2025-03-20 14:00:00,,,,0,,,,,,,
2025-03-20 15:00:00,,,,0,,,,,,,
2025-03-20 16:00:00,,,,0,,,,,,,
2025-03-20 17:00:00,,,,0,,,,,,,
2025-03-20 18:00:00,,,,0,,,,,,,
2025-03-20 19:00:00,6.5,1.8,72,0,,72,5,,1021.5,,
2025-03-20 20:00:00,,,,0,,,,,,,
2025-03-20 21:00:00,,,,0,,,,,,,
2025-03-20 22:00:00,,,,0,,,,,,,
2025-03-20 23:00:00,,,,0,,,,,,,
2025-03-21 00:00:00,,,,0,,,,,,,
2025-03-21 01:00:00,5.3,2,79,0,,234,3.6,,1023.4,,
2025-03-21 02:00:00,,,,0,,,,,,,
2025-03-21 03:00:00,,,,0,,,,,,,
2025-03-21 04:00:00,,,,0,,,,,,,
2025-03-21 05:00:00,,,,0,,,,,,,
2025-03-21 06:00:00,,,,0,,,,,,,
2025-03-21 07:00:00,4.6,1.1,78,0,,229,5.8,,1024,,
2025-03-21 08:00:00,,,,0,,,,,,,
2025-03-21 09:00:00,,,,0,,,,,,,
2025-03-21 10:00:00,,,,0,,,,,,,
2025-03-21 11:00:00,,,,0,,,,,,,
2025-03-21 12:00:00,,,,0,,,,,,,
2025-03-21 13:00:00,13.2,6.3,63,0,,246,10.8,,1024.2,,
2025-03-21 14:00:00,,,,0,,,,,,,
2025-03-21 15:00:00,,,,0,,,,,,,
2025-03-21 16:00:00,,,,0,,,,,,,
2025-03-21 17:00:00,16.4,7.1,54,0,,84,13,,1011.8,,
2025-03-21 18:00:00,14,7.3,64,0,,91,13.7,,1011.6,,3
2025-03-21 19:00:00,11.6,5.7,67,0,,89,17.6,,1011.4,,3
2025-03-21 20:00:00,10.9,4.4,64,0,,95,20.9,,1011.1,,3
2025-03-21 21:00:00,10.2,3.9,65,0,,92,20.5,,1010.4,,3
2025-03-21 22:00:00,8.8,3.8,71,0,,45,17.3,,1009.4,,3
2025-03-21 23:00:00,8.3,3.7,73,0,,23,13,,1008.8,,3
2025-03-22 00:00:00,7.1,3.3,77,0,,25,8.3,,1008.4,,3
2025-03-22 01:00:00,6.3,2.9,79,0,,59,7.2,,1007.7,,3
2025-03-22 02:00:00,5.6,2.6,81,0,,122,8.6,,1007.4,,3
2025-03-22 03:00:00,5.9,2.5,79,0,,219,9.4,,1006.8,,3
2025-03-22 04:00:00,6.2,3,80,0,,225,11.5,,1007.1,,3
2025-03-22 05:00:00,8,2.9,70,0,,232,17.3,,1007.2,,3
2025-03-22 06:00:00,8.3,3.4,71,0,,211,10.4,,1007,,3
2025-03-22 07:00:00,8.6,4,73,0,,216,14,,1007.6,,3
2025-03-22 08:00:00,10.1,5.3,72,0,,238,14,,1008.4,,3
2025-03-22 09:00:00,10.7,8.5,86,0,,192,10.4,,1009,,2
2025-03-22 10:00:00,11.4,8.3,81,0,,165,6.8,,1008.9,,17
2025-03-22 11:00:00,13.6,8.6,72,0,,93,8.3,,1007.9,,3
2025-03-22 12:00:00,14.8,8.3,65,0,,85,7.9,,1007,,2
2025-03-22 13:00:00,15.9,7.6,58,0,,84,8.3,,1006.1,,3
2025-03-22 14:00:00,17,7.1,52,0,,86,10.8,,1004.9,,1
2025-03-22 15:00:00,17.5,7.2,51,0,,94,9.7,,1004.2,,1
2025-03-22 16:00:00,16.7,6.8,52,0,,87,10.1,,1003.5,,3
2025-03-22 17:00:00,14.1,8.9,71,0,,6,10.4,,1003.5,,17
2025-03-22 18:00:00,13.1,9.2,77,0,,55,9.4,,1002.9,,3
2025-03-22 19:00:00,11,7.5,79,0,,82,11.2,,1003.1,,3
2025-03-22 20:00:00,10.5,7.2,80,0,,93,13,,1003.1,,3
2025-03-22 21:00:00,9.9,7,82,0,,95,13.3,,1002.6,,3
2025-03-22 22:00:00,9.4,6.5,82,0,,114,10.8,,1002,,3
2025-03-22 23:00:00,8.8,5.7,81,0,,147,9.4,,1001.8,,3
2025-03-23 00:00:00,8.2,5.3,82,0,,139,7.9,,1001.5,,3
2025-03-23 01:00:00,7.1,4.8,85,0,,217,6.5,,1001.1,,3
2025-03-23 02:00:00,5.5,4.1,91,0,,216,5.4,,1000.7,,3
2025-03-23 03:00:00,4.5,3.9,96,0,,165,7.2,,1000.8,,3
2025-03-23 04:00:00,4,3.4,96,0,,247,7.9,,1000.8,,3
2025-03-23 05:00:00,6.3,4.8,90,0,,225,13.3,,1002.1,,3
2025-03-23 06:00:00,5.7,5,95,0,,230,14,,1002.7,,1
2025-03-23 07:00:00,6,5.3,95,0,,231,13.7,,1003.4,,2
2025-03-23 08:00:00,8.3,6.3,87,0,,208,13,,1004.2,,2
2025-03-23 09:00:00,10,6.9,81,0,,224,13.3,,1005,,3
2025-03-23 10:00:00,11.3,5.6,68,0,,264,16.2,,1004.8,,3
2025-03-23 11:00:00,11.4,5.9,69,0,,254,16.6,,1005.6,,3
2025-03-23 12:00:00,10.9,6.3,73,0,,242,14.8,,1006,,7
2025-03-23 13:00:00,11.6,5.9,68,0,,240,14.8,,1006,,3
2025-03-23 14:00:00,11.7,5.1,64,0,,232,15.1,,1006.3,,3
2025-03-23 15:00:00,11.9,6.4,69,0,,248,14,,1006.7,,3
2025-03-23 16:00:00,12.6,6.2,65,0,,276,10.4,,1006.3,,3
2025-03-23 17:00:00,13,5.9,62,0,,271,9.4,,1006.1,,3
2025-03-23 18:00:00,11.4,6.7,73,0,,191,4.3,,1006.6,,3
2025-03-23 19:00:00,9.2,5.4,77,0,,183,5,,1007.3,,3
2025-03-23 20:00:00,8.1,4.7,79,0,,206,5.4,,1008.1,,3
2025-03-23 21:00:00,7.6,4.5,81,0,,19,4.3,,1009,,3
2025-03-23 22:00:00,7.6,4.5,81,0,,143,3.6,,1009.1,,3
2025-03-23 23:00:00,6.4,4.1,85,0,,216,4,,1009.3,,3
2025-03-24 00:00:00,5.6,3.8,88,0,,223,4,,1009.8,,3
2025-03-24 01:00:00,5,4.1,94,0,,226,9,,1010.3,,3
2025-03-24 02:00:00,5,4.3,95,0,,205,10.4,,1010.9,,9
2025-03-24 03:00:00,5.5,4.9,96,0,,238,8.3,,1010.6,,8
2025-03-24 04:00:00,5.3,4.7,96,0.3,,233,7.2,,1010.6,,8
2025-03-24 05:00:00,5.6,4.9,95,0,,258,7.2,,1010.7,,3
2025-03-24 06:00:00,3.7,3.3,97,0,,241,5.8,,1011.2,,3
2025-03-24 07:00:00,4.3,3.9,97,0,,239,6.8,,1011.7,,3
2025-03-24 08:00:00,6,5.4,96,0,,231,6.1,,1012.6,,3
2025-03-24 09:00:00,8.5,7.1,91,0,,226,4,,1013.1,,3
2025-03-24 10:00:00,11.1,7.4,78,0,,217,2.9,,1013.3,,3
2025-03-24 11:00:00,11.2,7.1,76,1.3,,36,6.1,,1014,,3
2025-03-24 12:00:00,11.7,7,73,0.1,,54,5,,1013.9,,3
2025-03-24 13:00:00,13.3,6.9,65,0,,356,5,,1013.4,,3
2025-03-24 14:00:00,14,6.6,61,0.2,,355,6.8,,1013.2,,17
2025-03-24 15:00:00,14.3,6.9,61,0,,14,8.3,,1012.8,,3
2025-03-24 16:00:00,13.5,5.9,60,0,,1,10.4,,1013,,17
2025-03-24 17:00:00,12.9,6,63,0,,13,11.2,,1013.5,,3
2025-03-24 18:00:00,11.4,6.1,70,0,,12,8.3,,1014.5,,3
2025-03-24 19:00:00,8.7,6.1,84,0,,7,6.1,,1015.5,,17
2025-03-24 20:00:00,8.6,6.2,85,0,,46,4.3,,1016.1,,3
2025-03-24 21:00:00,8.4,7,91,0,,220,3.6,,1016.9,,3
2025-03-24 22:00:00,7.4,6.5,94,0,,244,4.7,,1017.3,,3
2025-03-24 23:00:00,5.7,5.1,96,0,,252,8.3,,1017.8,,1
2025-03-25 00:00:00,5,4.6,97,0,,242,7.6,,1018,,1
2025-03-25 01:00:00,4.5,4.1,97,0,,237,7.2,,1018.1,,1
2025-03-25 02:00:00,3.9,3.6,98,0,,227,5.8,,1018.3,,1
2025-03-25 03:00:00,3.6,3.3,98,0,,226,5,,1018.5,,2
2025-03-25 04:00:00,3.5,3.2,98,0,,220,5,,1018.4,,2
2025-03-25 05:00:00,3.3,2.9,97,0,,219,5,,1018.6,,2
2025-03-25 06:00:00,3,2.9,99,0,,223,4.3,,1018.8,,2
2025-03-25 07:00:00,3.3,3.2,99,0,,237,5.4,,1019.2,,2
2025-03-25 08:00:00,5.6,4.9,95,0,,240,4.7,,1019.7,,5
2025-03-25 09:00:00,8.2,7,92,0,,273,5,,1020,,5
2025-03-25 10:00:00,10,7.6,85,0,,344,5.8,,1020.1,,3
2025-03-25 11:00:00,11.1,7,76,0,,13,6.5,,1019.9,,7
2025-03-25 12:00:00,13.5,7,65,0,,2,6.1,,1019.1,,17
2025-03-25 13:00:00,13,7,67,0,,17,7.6,,1018.7,,8
2025-03-25 14:00:00,13.1,6.7,65,0,,22,9,,1018.7,,17
2025-03-25 15:00:00,13.3,6.6,64,0,,7,9.7,,1018,,17
2025-03-25 16:00:00,12.5,6.3,66,0,,14,9.7,,1018.3,,17
2025-03-25 17:00:00,10.9,7.2,78,1.6,,355,6.5,,1018.3,,2
2025-03-25 18:00:00,10.1,8,87,0,,278,6.5,,1018.7,,3
2025-03-25 19:00:00,7.9,6.7,92,0,,271,5,,1019.3,,3
2025-03-25 20:00:00,7.2,6.3,94,0,,243,5,,1020,,3
2025-03-25 21:00:00,6.7,6,95,0,,230,6.1,,1020.3,,3
2025-03-25 22:00:00,6.9,5.2,89,0.1,,260,7.2,,1019.9,,3
2025-03-25 23:00:00,6.5,5,90,0.1,,252,6.1,,1020.1,,3
2025-03-26 00:00:00,6.8,5,88,0,,313,10.4,,1020.4,,7
2025-03-26 01:00:00,6.4,4.6,88,0,,340,7.9,,1020.6,,7
2025-03-26 02:00:00,6.8,5,88,0,,310,5,,1020.6,,7
2025-03-26 03:00:00,6,4.3,89,0,,330,7.2,,1020.3,,3
2025-03-26 04:00:00,5.6,3.9,89,0,,300,4.7,,1020.1,,3
2025-03-26 05:00:00,5.1,3.8,91,0,,274,4.3,,1020.2,,3
2025-03-26 06:00:00,4.6,3.7,94,0,,279,6.1,,1020.1,,3
2025-03-26 07:00:00,4.7,3.7,93,0,,286,7.6,,1020.4,,3
2025-03-26 08:00:00,6.4,5,91,0,,278,5.4,,1020.7,,3
2025-03-26 09:00:00,8.1,5.2,82,0,,345,5.8,,1021,,3
2025-03-26 10:00:00,8.7,4.5,75,0,,24,8.3,,1021.3,,3
2025-03-26 11:00:00,8.7,4.5,75,0.1,,21,9.4,,1021.6,,3
2025-03-26 12:00:00,8.6,4.6,76,0,,19,8.3,,1021.3,,7
2025-03-26 13:00:00,8.9,4.7,75,0,,12,7.2,,1021.1,,7
2025-03-26 14:00:00,9.2,5,75,0.1,,3,8.3,,1020.9,,3
2025-03-26 15:00:00,8.9,5.3,78,0,,5,9.7,,1020.6,,8
2025-03-26 16:00:00,8.6,5.7,82,0,,8,11.2,,1020.6,,8
2025-03-26 17:00:00,8.2,6.3,88,0.3,,16,10.1,,1020.7,,8
2025-03-26 18:00:00,7.5,6.8,95,0.2,,8,9,,1021.2,,7
2025-03-26 19:00:00,7.2,6.8,97,0.2,,20,9,,1021.7,,7
2025-03-26 20:00:00,7.1,6.7,97,0.4,,30,10.1,,1022.2,,3
2025-03-26 21:00:00,7.1,6.7,97,0,,19,11.5,,1022.1,,3
2025-03-26 22:00:00,6.8,6.1,95,0,,20,10.4,,1022.3,,3
2025-03-26 23:00:00,6.4,5.5,94,0,,21,9.7,,1022.4,,3
2025-03-27 00:00:00,5.9,4.5,91,0,,20,7.9,,1022.5,,3
2025-03-27 01:00:00,5.3,4.1,92,0,,14,7.6,,1022.2,,3
2025-03-27 02:00:00,5,3.8,92,0,,20,8.3,,1022.1,,3
2025-03-27 03:00:00,4.9,3.6,91,0,,22,7.9,,1021.7,,3
2025-03-27 04:00:00,4.3,3.1,92,0,,31,8.3,,1021.4,,3
2025-03-27 05:00:00,5,3.7,91,0,,42,9.4,,1021.7,,3
2025-03-27 06:00:00,4.6,3.4,92,0,,45,9.7,,1021.7,,3
2025-03-27 07:00:00,4.4,3.2,92,0,,49,11.2,,1022,,3
2025-03-27 08:00:00,5.2,2.7,84,0,,49,11.5,,1022.2,,3
2025-03-27 09:00:00,6.5,1.4,70,0,,58,18.4,,1021.9,,1
2025-03-27 10:00:00,8.1,1,61,0,,67,16.9,,1021.5,,3
2025-03-27 11:00:00,8.7,1.4,60,0,,66,15.1,,1021.1,,3
2025-03-27 12:00:00,9.6,1.3,56,0,,65,14.4,,1020.5,,3
2025-03-27 13:00:00,10.8,1.1,51,0,,61,14.8,,1019.7,,3
2025-03-27 14:00:00,11.7,0.8,47,0,,58,15.8,,1018.8,,3
2025-03-27 15:00:00,11.4,0.8,48,0,,53,15.1,,1018.3,,2
2025-03-27 16:00:00,11.4,1.1,49,0,,52,15.1,,1017.7,,2
2025-03-27 17:00:00,11,1.3,51,0,,52,14.8,,1017.5,,1
2025-03-27 18:00:00,9.7,2.1,59,0,,47,10.8,,1017.7,,1
2025-03-27 19:00:00,6.9,1.6,69,0,,57,9.7,,1018.2,,1
2025-03-27 20:00:00,5,1.3,77,0,,100,8.6,,1018.6,,1
2025-03-27 21:00:00,3.9,0.9,81,0,,101,7.6,,1018.5,,1
2025-03-27 22:00:00,3.2,0.3,81,0,,94,6.5,,1018.3,,1
2025-03-27 23:00:00,2.5,-0.3,82,0,,102,6.1,,1018.2,,1
2025-03-28 00:00:00,1.9,-0.5,84,0,,95,6.1,,1017.6,,1
2025-03-28 01:00:00,1.3,-0.8,86,0,,70,6.1,,1017.1,,1
2025-03-28 02:00:00,0.8,-0.8,89,0,,59,5.8,,1016.5,,1
2025-03-28 03:00:00,0.3,-1,91,0,,62,6.8,,1016,,1
2025-03-28 04:00:00,0,-1.1,92,0,,59,6.8,,1015.6,,1
2025-03-28 05:00:00,-0.1,-1.2,92,0,,47,6.1,,1015.5,,1
2025-03-28 06:00:00,-0.2,-1.3,92,0,,52,5.8,,1015,,1
2025-03-28 07:00:00,0.7,-0.4,92,0,,47,5.4,,1015.1,,1
2025-03-28 08:00:00,3.7,1.4,85,0,,10,5.4,,1014.9,,1
2025-03-28 09:00:00,6.6,2.5,75,0,,4,4.7,,1014.7,,1
2025-03-28 10:00:00,9,3,66,0,,37,7.2,,1013.8,,1
2025-03-28 11:00:00,10.6,3.6,62,0,,74,7.9,,1013,,1
2025-03-28 12:00:00,11.8,3.8,58,0,,46,6.5,,1011.9,,1
2025-03-28 13:00:00,12.8,4,55,0,,49,6.8,,1011,,1
2025-03-28 14:00:00,13.5,3.8,52,0,,44,5.8,,1009.9,,1
2025-03-28 15:00:00,14,3.7,50,0,,50,4.7,,1008.9,,3
2025-03-28 16:00:00,13.9,2.8,47,0,,58,4.7,,1008.4,,3
2025-03-28 17:00:00,13.3,3.1,50,0,,30,5.8,,1008.1,,3
2025-03-28 18:00:00,11.4,4.4,62,0,,29,8.6,,1008.7,,3
2025-03-28 19:00:00,8.7,3.7,71,0,,49,8.3,,1009.3,,3
2025-03-28 20:00:00,8.1,3.6,73,0,,70,4,,1009.4,,3
2025-03-28 21:00:00,8.9,4.1,72,0,,212,11.9,,1009.7,,3
2025-03-28 22:00:00,8.5,4.7,77,0,,231,10.8,,1010,,3
2025-03-28 23:00:00,7.8,4.9,82,0,,236,9.7,,1009.9,,3
2025-03-29 00:00:00,7.4,5.2,86,0,,239,9.4,,1009.9,,3
2025-03-29 01:00:00,7.2,5,86,0,,232,8.3,,1009.8,,3
2025-03-29 02:00:00,7.4,3.8,78,0,,234,9.7,,1009.6,,3
2025-03-29 03:00:00,7.1,3.9,80,0,,222,8.6,,1009.6,,3
2025-03-29 04:00:00,6.6,4.1,84,0,,226,8.6,,1009.8,,3
2025-03-29 05:00:00,6.1,4.3,88,0,,232,7.2,,1010.1,,3
2025-03-29 06:00:00,6,4.2,88,0,,251,9.7,,1010.8,,3
2025-03-29 07:00:00,6.1,4.4,89,0.2,,280,10.8,,1012,,3
2025-03-29 08:00:00,6.8,4.5,85,0.5,,320,13,,1012.9,,3
2025-03-29 09:00:00,7.4,4.7,83,0,,343,16.9,,1013.9,,3
2025-03-29 10:00:00,7.7,4.8,82,0,,356,16.9,,1014.6,,7
2025-03-29 11:00:00,8.5,5.1,79,0,,359,18.4,,1015.1,,7
2025-03-29 12:00:00,9.5,5.3,75,0,,5,17.6,,1015.6,,7
2025-03-29 13:00:00,10.4,5.6,72,0,,8,16.2,,1015.8,,7
2025-03-29 14:00:00,11.2,5.5,68,0,,0,15.8,,1015.6,,3
2025-03-29 15:00:00,10.4,5.8,73,0,,4,14.8,,1016,,8
2025-03-29 16:00:00,9.9,6.2,78,0,,9,17.3,,1016.4,,8
2025-03-29 17:00:00,9.6,6.1,79,0,,352,14.8,,1017,,17
2025-03-29 18:00:00,9.4,6.1,80,0,,342,14.4,,1017.5,,3
2025-03-29 19:00:00,8.7,4.7,76,0,,346,15.1,,1018.6,,3
2025-03-29 20:00:00,7.7,3.9,77,0,,350,12.6,,1019.7,,3
2025-03-29 21:00:00,5.3,3.1,86,0,,334,7.9,,1020.1,,1
2025-03-29 22:00:00,4.7,2.9,88,0,,313,9,,1020.2,,3
2025-03-29 23:00:00,4.5,2.7,88,0,,314,11.2,,1020.4,,2
2025-03-30 00:00:00,3.8,1.8,87,0,,313,7.6,,1020.5,,2
2025-03-30 01:00:00,2.9,1.1,88,0,,298,8.6,,1020.6,,1
2025-03-30 03:00:00,1.9,0.3,89,0,,269,8.3,,1020.7,,1
2025-03-30 04:00:00,1.3,-0.2,90,0,,216,6.5,,1020.9,,1
2025-03-30 05:00:00,0.7,-0.4,92,0,,215,7.6,,1020.8,,1
2025-03-30 06:00:00,0.5,-0.6,92,0,,210,9.4,,1020.3,,1
2025-03-30 07:00:00,0.6,-0.7,91,0,,221,10.1,,1020.2,,3
2025-03-30 08:00:00,1.7,-0.2,87,0,,231,11.9,,1020.7,,3
2025-03-30 09:00:00,4.8,1.6,80,0,,234,13,,1021.1,,2
2025-03-30 10:00:00,7.6,1.7,66,0,,232,14.8,,1020.4,,3
2025-03-30 11:00:00,9.5,1.4,57,0,,239,16.2,,1019.9,,3
2025-03-30 12:00:00,10.7,1.2,52,0,,244,19.1,,1019,,3
2025-03-30 13:00:00,11.6,-0.6,43,0,,246,20.5,,1018.2,,3
2025-03-30 14:00:00,11.9,-2,38,0,,253,21.2,,1017.8,,3
2025-03-30 15:00:00,11.1,0.2,47,0,,258,21.6,,1017.6,,3
2025-03-30 16:00:00,10.7,1.2,52,0,,256,21.2,,1017.2,,3
2025-03-30 17:00:00,10.7,3.3,60,0,,265,24.1,,1016.9,,3
2025-03-30 18:00:00,9.9,3.8,66,0,,275,25.2,,1017.4,,3
2025-03-30 19:00:00,8.9,4.7,75,0,,275,21.2,,1018.4,,3
2025-03-30 20:00:00,8.1,3.9,75,0,,266,18.7,,1019.1,,3
2025-03-30 21:00:00,6.8,3.8,81,0,,254,15.8,,1019.9,,2
2025-03-30 22:00:00,6.9,3.7,80,0,,258,16.2,,1019.9,,3
2025-03-30 23:00:00,6.5,4.8,89,0,,274,16.6,,1020.2,,17
2025-03-31 00:00:00,6.3,4.6,89,0.1,,285,15.8,,1020.4,,3
2025-03-31 01:00:00,5.1,3.9,92,0,,282,13.3,,1020.8,,1
2025-03-31 02:00:00,4.3,3,91,0,,274,12.6,,1021,,1
2025-03-31 03:00:00,4.7,2.7,87,0,,278,13,,1021,,3
2025-03-31 04:00:00,4,2.4,89,0,,280,12.2,,1020.9,,3
2025-03-31 05:00:00,4.2,1.6,83,0,,295,11.9,,1021.1,,3
2025-03-31 06:00:00,4.4,1.4,81,0,,283,12.2,,1021.2,,3
2025-03-31 07:00:00,4.2,1.2,81,0,,289,14,,1021.7,,3
2025-03-31 08:00:00,4.4,1.4,81,0,,298,14.4,,1022.3,,3
2025-03-31 09:00:00,5,1.7,79,0,,322,15.8,,1023,,3
2025-03-31 10:00:00,5.8,1.5,74,0,,333,16.9,,1023.6,,3
2025-03-31 11:00:00,6.1,1.4,72,0,,337,15.8,,1024.2,,3
2025-03-31 12:00:00,7.1,0.5,63,0,,339,15.8,,1024.1,,3
2025-03-31 13:00:00,7.3,0.7,63,0,,341,15.5,,1024.3,,3
2025-03-31 14:00:00,7.9,0.8,61,0,,341,16.2,,1024.1,,3
2025-03-31 15:00:00,8,0.7,60,0,,346,16.2,,1024.3,,3
2025-03-31 16:00:00,8.4,0.9,59,0,,349,17.3,,1024.2,,3
2025-03-31 17:00:00,8.2,0.9,60,0,,354,17.3,,1024.4,,3
2025-03-31 18:00:00,8.1,0.3,58,0,,358,15.5,,1024.5,,3
2025-03-31 19:00:00,7.7,0.7,61,0,,351,11.9,,1024.8,,3
2025-03-31 20:00:00,5.9,0.9,70,0,,345,6.8,,1025.4,,3
2025-03-31 21:00:00,5.2,1.1,75,0,,2,6.8,,1026.3,,3
2025-03-31 22:00:00,5.1,1,75,0,,18,7.9,,1026.5,,3
2025-03-31 23:00:00,4.4,0.7,77,0,,43,8.6,,1026.5,,3
2025-04-01 00:00:00,4,0.9,80,0,,61,7.9,,1026.3,,3
2025-04-01 01:00:00,2.9,0.5,84,0,,44,6.8,,1026.2,,3
2025-04-01 02:00:00,3.7,0.9,82,0,,50,8.3,,1026,,3
2025-04-01 03:00:00,3.8,1,82,0,,49,9,,1025.7,,3
2025-04-01 04:00:00,3.6,0.8,82,0,,46,9.4,,1025.1,,3
2025-04-01 05:00:00,2.5,0.6,87,0,,46,9.7,,1024.9,,3
2025-04-01 06:00:00,1.9,0.1,88,0,,49,10.1,,1024.4,,2
2025-04-01 07:00:00,1,-0.3,91,0,,49,9.4,,1024.5,,1
2025-04-01 08:00:00,1.6,0,89,0,,48,11.9,,1024.6,,1
2025-04-01 09:00:00,3.5,0.7,82,0,,53,15.8,,1024.7,,2
2025-04-01 10:00:00,4.7,1.2,78,0,,60,17.3,,1024.5,,3
2025-04-01 11:00:00,4.8,1.5,79,0,,64,18,,1024.3,,3
2025-04-01 12:00:00,7.1,1.2,66,0,,76,20.5,,1023.4,,8
2025-04-01 13:00:00,8.2,1.1,61,0,,72,22.7,,1022.5,,17
2025-04-01 14:00:00,9.1,0.5,55,0,,68,25.2,,1021.9,,17
2025-04-01 15:00:00,9.8,0.1,51,0,,70,27.4,,1021.4,,17
2025-04-01 16:00:00,10.1,-0.1,49,0,,70,28.4,,1020.5,,3
2025-04-01 17:00:00,10.3,0.6,51,0,,74,27,,1020,,3
2025-04-01 18:00:00,9.8,0.7,53,0,,76,25.6,,1020.1,,3
2025-04-01 19:00:00,9.1,1.3,58,0,,74,22.7,,1020.6,,3
2025-04-01 20:00:00,7.8,1,62,0,,72,20.2,,1021,,2
2025-04-01 21:00:00,7.2,0.4,62,0,,68,19.1,,1021.2,,1
2025-04-01 22:00:00,6.4,0.1,64,0,,65,20.5,,1021.1,,1
2025-04-01 23:00:00,5.9,-0.4,64,0,,66,20.2,,1021,,1
2025-04-02 00:00:00,5.4,-0.4,66,0,,64,20.2,,1021.2,,1
2025-04-02 01:00:00,4.9,-0.3,69,0,,63,19.4,,1021.2,,1
2025-04-02 02:00:00,4.6,-0.4,70,0,,63,18.4,,1020.8,,1
2025-04-02 03:00:00,4.5,0.1,73,0,,62,18.4,,1020.5,,1
2025-04-02 04:00:00,4.3,0.4,76,0,,61,18.4,,1020,,2
2025-04-02 05:00:00,4.5,1,78,0,,62,18.4,,1019.8,,3
2025-04-02 06:00:00,4.3,1.5,82,0,,60,17.3,,1019.9,,3
2025-04-02 07:00:00,4.1,1.6,84,0,,57,17.3,,1020,,3
2025-04-02 08:00:00,4.7,1.9,82,0,,61,18.7,,1020,,3
2025-04-02 09:00:00,6.5,2.4,75,0,,63,22.7,,1020,,2
2025-04-02 10:00:00,8.4,2.4,66,0,,82,24.8,,1019.6,,2
2025-04-02 11:00:00,10.2,3,61,0,,84,23,,1019.2,,2
2025-04-02 12:00:00,11.9,2.9,54,0,,85,25.2,,1018.8,,2
2025-04-02 13:00:00,13.2,3.8,53,0,,75,23.4,,1018.1,,2
2025-04-02 14:00:00,13.9,3.9,51,0,,74,24.1,,1017.8,,1
2025-04-02 15:00:00,14.6,3.7,48,0,,76,24.1,,1017.4,,1
2025-04-02 16:00:00,14.7,3.5,47,0,,80,25.6,,1016.9,,1
2025-04-02 17:00:00,14.1,3.5,49,0,,78,24.5,,1017.1,,1
2025-04-02 18:00:00,13.8,3.8,51,0,,76,21.2,,1017,,2
2025-04-02 19:00:00,12.5,4,56,0,,72,18.7,,1017.7,,1
2025-04-02 20:00:00,10.9,3.7,61,0,,76,17.6,,1018.5,,1
2025-04-02 21:00:00,9.8,3.5,65,0,,77,18.7,,1019.3,,2
2025-04-02 22:00:00,9.1,3.1,66,0,,74,19.4,,1019.7,,1
2025-04-02 23:00:00,8.5,3.1,69,0,,73,21.2,,1019.9,,2
2025-04-03 00:00:00,8.1,2.8,69,0,,71,22,,1020.1,,3
2025-04-03 01:00:00,7.9,2.8,70,0,,66,21.6,,1020.3,,3
2025-04-03 02:00:00,7,2.7,74,0,,53,18.7,,1020.3,,3
2025-04-03 03:00:00,5.8,2.4,79,0,,38,14,,1020.5,,3
2025-04-03 04:00:00,5.8,1.9,76,0,,10,12.2,,1020.3,,3
2025-04-03 05:00:00,4.9,2.1,82,0,,9,8.3,,1020.5,,3
2025-04-03 06:00:00,4.6,2,83,0,,40,9.7,,1020.9,,3
2025-04-03 07:00:00,4.5,1.9,83,0,,55,10.1,,1021.5,,3
2025-04-03 08:00:00,5.8,3,82,0,,43,9,,1022.3,,3
2025-04-03 09:00:00,8.2,3.8,74,0,,31,7.2,,1022.9,,1
2025-04-03 10:00:00,9.8,4.2,68,0,,34,5.4,,1023.2,,1
2025-04-03 11:00:00,11.6,5.2,65,0,,63,5.8,,1023.1,,1
2025-04-03 12:00:00,13.5,6.4,62,0,,56,6.5,,1022.6,,1
2025-04-03 13:00:00,15.1,7.1,59,0,,46,8.3,,1022.2,,1
2025-04-03 14:00:00,16.5,6.6,52,0,,55,12.6,,1021.6,,1
2025-04-03 15:00:00,16.9,5.8,48,0,,66,13.7,,1021.4,,1
2025-04-03 16:00:00,17,5.9,48,0,,74,13.7,,1021.1,,1
2025-04-03 17:00:00,17,5.9,48,0,,80,13.3,,1020.8,,1
2025-04-03 18:00:00,16.4,6.2,51,0,,82,11.9,,1020.7,,2
2025-04-03 19:00:00,14.5,7.3,62,0,,62,10.4,,1020.9,,2
2025-04-03 20:00:00,11.8,6.5,70,0,,58,11.9,,1021.4,,1
2025-04-03 21:00:00,10.4,6.2,75,0,,73,11.2,,1022.2,,1
2025-04-03 22:00:00,8.9,5.5,79,0,,77,9,,1022.6,,1
2025-04-03 23:00:00,7.8,4.7,81,0,,64,7.6,,1022.7,,1
2025-04-04 00:00:00,7.2,4.3,82,0,,45,6.8,,1022.4,,1
2025-04-04 01:00:00,6.4,3.9,84,0,,55,7.9,,1022.2,,1
2025-04-04 02:00:00,5.5,3.3,86,0,,65,7.9,,1022,,1
2025-04-04 03:00:00,4.6,2.8,88,0,,55,7.6,,1021.5,,1
2025-04-04 04:00:00,4.1,2.1,87,0,,34,6.5,,1021.5,,1
2025-04-04 05:00:00,3.8,1,82,0,,81,5.8,,1020.9,,1
2025-04-04 06:00:00,3.1,0.5,83,0,,134,5,,1020.6,,1
2025-04-04 07:00:00,2.8,0.4,84,0,,164,4.7,,1020.8,,1
2025-04-04 08:00:00,4.3,1.8,84,0,,16,5,,1021.1,,1
2025-04-04 09:00:00,7.4,3.6,77,0,,24,5,,1021.1,,1
2025-04-04 10:00:00,10.5,4.8,68,0,,20,5,,1020.8,,1
2025-04-04 11:00:00,13.1,5,58,0,,29,6.8,,1020.2,,1
2025-04-04 12:00:00,15.3,6.6,56,0,,48,9,,1019.4,,1
2025-04-04 13:00:00,17,6.8,51,0,,55,11.5,,1018.5,,1
2025-04-04 14:00:00,18.1,5.3,43,0,,60,12.2,,1017.8,,1
2025-04-04 15:00:00,18.5,4.6,40,0,,57,12.6,,1017,,1
2025-04-04 16:00:00,18.5,4.6,40,0,,55,13,,1016.1,,1
2025-04-04 17:00:00,18,4.9,42,0,,54,13,,1015.6,,1
2025-04-04 18:00:00,17.2,6.4,49,0,,49,11.5,,1015.3,,1
2025-04-04 19:00:00,15.2,7.5,60,0,,46,9.7,,1015.4,,1
2025-04-04 20:00:00,12.1,6.6,69,0,,60,8.6,,1015.9,,1
2025-04-04 21:00:00,10.3,6.4,77,0,,83,8.3,,1016.2,,1
2025-04-04 22:00:00,9,5.6,79,0,,92,7.6,,1016.2,,1
2025-04-04 23:00:00,8.2,4.6,78,0,,81,6.5,,1016,,1
2025-04-05 00:00:00,7,4.1,82,0,,75,6.1,,1015.9,,1
2025-04-05 01:00:00,6.1,3.4,83,0,,87,5.4,,1015.6,,1
2025-04-05 02:00:00,5,3,87,0,,128,4.7,,1015.5,,1
2025-04-05 03:00:00,4.3,2.5,88,0,,193,4.3,,1015.2,,1
2025-04-05 04:00:00,3.9,2.3,89,0,,207,4.7,,1015.2,,1
2025-04-05 05:00:00,3.1,1.6,90,0,,218,6.8,,1014.9,,1
2025-04-05 06:00:00,3.2,0.8,84,0,,230,5.4,,1014.3,,1
2025-04-05 07:00:00,3.6,0.3,79,0,,260,4,,1015,,1
2025-04-05 08:00:00,5.5,2.2,79,0,,193,5.8,,1015.5,,1
2025-04-05 09:00:00,8.2,3.8,74,0,,227,7.2,,1015.7,,3
2025-04-05 10:00:00,11.4,5.5,67,0,,238,4.7,,1015.5,,1
2025-04-05 11:00:00,14.4,6.2,58,0,,249,4.3,,1015.1,,1
2025-04-05 12:00:00,16.5,6.6,52,0,,19,7.2,,1014.6,,1
2025-04-05 13:00:00,17.7,5.9,46,0,,28,8.6,,1014.2,,1
2025-04-05 14:00:00,18.3,6.2,45,0,,20,7.9,,1013.7,,1
2025-04-05 15:00:00,18.5,6,44,0,,8,9,,1013.3,,1
2025-04-05 16:00:00,18.2,5.7,44,0,,4,10.1,,1012.7,,2
2025-04-05 17:00:00,17.6,6.1,47,0,,11,13,,1012.6,,3
2025-04-05 18:00:00,16.6,7,53,0,,21,12.2,,1012.7,,3
2025-04-05 19:00:00,15,8.7,66,0,,24,8.3,,1012.8,,3
2025-04-05 20:00:00,12.9,7.8,71,0,,359,13,,1013.3,,3
2025-04-05 21:00:00,12.7,5.8,63,0,,24,20.5,,1014.5,,3
2025-04-05 22:00:00,11,3.5,60,0,,46,17.6,,1015.7,,3
2025-04-05 23:00:00,9.3,1.9,60,0,,46,14.4,,1016.7,,3
2025-04-06 00:00:00,7.8,1.6,65,0,,42,15.8,,1017.6,,3
2025-04-06 01:00:00,6.3,0.4,66,0,,48,15.8,,1018.5,,1
2025-04-06 02:00:00,5.1,-0.3,68,0,,52,15.5,,1019.2,,1
2025-04-06 03:00:00,4.2,-1,69,0,,53,15.1,,1019.6,,1
2025-04-06 04:00:00,3.5,-1.3,71,0,,54,14.4,,1020,,1
2025-04-06 05:00:00,2.6,-1.6,74,0,,49,14.4,,1020.4,,1
2025-04-06 06:00:00,1.9,-1.9,76,0,,51,14.8,,1020.9,,1
2025-04-06 07:00:00,1.7,-2.4,74,0,,52,14.4,,1021.1,,2
2025-04-06 08:00:00,2.2,-1.9,74,0,,50,14.4,,1022,,2
2025-04-06 09:00:00,3,-2.5,67,0,,55,16.9,,1022.4,,1
2025-04-06 10:00:00,4.2,-2.6,61,0,,60,16.9,,1022.7,,1
2025-04-06 11:00:00,5.4,-3.2,54,0,,60,16.9,,1022.8,,1
2025-04-06 12:00:00,6.5,-4.3,46,0,,66,17.3,,1022.7,,1
2025-04-06 13:00:00,7.4,-5,41,0,,62,17.3,,1022.3,,1
2025-04-06 14:00:00,8,-4.4,41,0,,57,17.3,,1022.2,,1
2025-04-06 15:00:00,8.4,-3.8,42,0,,53,18,,1021.9,,1
2025-04-06 16:00:00,8.5,-3.4,43,0,,52,17.6,,1021.5,,1
2025-04-06 17:00:00,8.4,-2.8,45,0,,53,16.9,,1021.1,,1
2025-04-06 18:00:00,7.8,-2.8,47,0,,53,17.3,,1021.1,,1
2025-04-06 19:00:00,6.8,-2.9,50,0,,52,15.1,,1021.4,,1
2025-04-06 20:00:00,5.2,-3.6,53,0,,54,13.3,,1022.1,,1
2025-04-06 21:00:00,3.8,-3.7,58,0,,59,11.9,,1023,,1
2025-04-06 22:00:00,2.1,-4.2,63,0,,60,11.2,,1023.5,,1
2025-04-06 23:00:00,1.1,-4.1,68,0,,55,10.4,,1023.8,,1
2025-04-07 00:00:00,0.4,-4.1,72,0,,50,10.8,,1024,,1
2025-04-07 01:00:00,-0.3,-4.2,75,0,,45,10.4,,1024,,1
2025-04-07 02:00:00,-0.8,-4.3,77,0,,42,10.1,,1024,,1
2025-04-07 03:00:00,-1,-6,69,0,,42,9.7,,1024,,1
2025-04-07 04:00:00,-1.5,-5.9,72,0,,45,8.3,,1023.6,,1
2025-04-07 05:00:00,-2.1,-5.9,75,0,,55,8.3,,1023.4,,1
2025-04-07 06:00:00,-2.6,-5.9,78,0,,56,7.2,,1023.6,,1
2025-04-07 07:00:00,-3,-6,80,0,,51,7.6,,1023.9,,1
2025-04-07 08:00:00,-1.1,-4.4,78,0,,51,10.4,,1024.6,,1
2025-04-07 09:00:00,1.6,-3.5,69,0,,36,9.4,,1025,,1
2025-04-07 10:00:00,4,-3.7,57,0,,58,9.7,,1024.8,,1
2025-04-07 11:00:00,6,-3.1,52,0,,65,11.5,,1024.7,,1
2025-04-07 12:00:00,7.4,-3.5,46,0,,64,13.3,,1024.6,,1
2025-04-07 13:00:00,8.6,-3,44,0,,61,12.6,,1023.9,,1
2025-04-07 14:00:00,9.3,-2.3,44,0,,58,12.6,,1023.8,,1
2025-04-07 15:00:00,9.9,-1.8,44,0,,59,12.6,,1023.5,,1
2025-04-07 16:00:00,10.2,-1.8,43,0,,58,12.2,,1023.1,,1
2025-04-07 17:00:00,10.2,-1.5,44,0,,57,12.2,,1022.8,,1
2025-04-07 18:00:00,9.7,-1.7,45,0,,56,12.2,,1023.1,,1
2025-04-07 19:00:00,8.4,-0.9,52,0,,53,10.8,,1023.7,,1
2025-04-07 20:00:00,6.1,-1.1,60,0,,62,11.5,,1024.5,,1
2025-04-07 21:00:00,4.6,-1.2,66,0,,83,10.4,,1025.5,,1
2025-04-07 22:00:00,3.3,-1.5,71,0,,92,9.4,,1026.3,,1
2025-04-07 23:00:00,2.5,-1.7,74,0,,96,9.4,,1026.4,,1
2025-04-08 00:00:00,1.6,-2.2,76,0,,69,9.4,,1026.5,,1
2025-04-08 01:00:00,1.2,-2.4,77,0,,64,9.4,,1026.4,,1
2025-04-08 02:00:00,1,-2.9,75,0,,54,7.6,,1026.5,,1
2025-04-08 03:00:00,0.5,-3.1,77,0,,46,6.1,,1026.4,,1
2025-04-08 04:00:00,-0.1,-3.1,80,0,,50,5.8,,1026.3,,1
2025-04-08 05:00:00,-0.4,-4.1,76,0,,69,5,,1026,,1
2025-04-08 06:00:00,-1.1,-4.3,79,0,,100,5.4,,1026,,1
2025-04-08 07:00:00,-1.7,-4.4,82,0,,116,5.8,,1026.2,,1
2025-04-08 08:00:00,0.4,-2.3,82,0,,65,7.6,,1027,,2
2025-04-08 09:00:00,3.9,-0.7,72,0,,25,5.8,,1027.3,,1
2025-04-08 10:00:00,6.8,-1.1,57,0,,52,8.6,,1027.6,,2
2025-04-08 11:00:00,8.7,-0.9,51,0,,75,10.4,,1027.4,,2
2025-04-08 12:00:00,10.1,-0.4,48,0,,80,11.9,,1027,,3
2025-04-08 13:00:00,11,-0.5,45,0,,79,12.6,,1026.3,,3
2025-04-08 14:00:00,11.8,-0.1,44,0,,74,12.6,,1025.9,,3
2025-04-08 15:00:00,12.4,0.5,44,0,,69,11.9,,1025.3,,3
2025-04-08 16:00:00,12.6,1,45,0,,65,11.9,,1024.6,,3
2025-04-08 17:00:00,12.4,1.1,46,0,,62,11.9,,1024,,3
2025-04-08 18:00:00,11.9,0.9,47,0,,63,10.4,,1023.7,,3
2025-04-08 19:00:00,10.3,3.3,62,0,,50,7.2,,1023.7,,3
2025-04-08 20:00:00,7.6,1.7,66,0,,62,6.8,,1023.8,,3
2025-04-08 21:00:00,6.1,1.4,72,0,,104,7.2,,1024.4,,3
2025-04-08 22:00:00,4.7,1.4,79,0,,116,5.8,,1024.3,,3
2025-04-08 23:00:00,3.8,0.8,81,0,,109,7.6,,1024.2,,3
2025-04-09 00:00:00,3.1,0.2,81,0,,112,7.9,,1024.3,,3
2025-04-09 01:00:00,2.7,0.3,84,0,,164,7.9,,1023.4,,3
2025-04-09 02:00:00,2.1,-0.3,84,0,,162,7.6,,1023.4,,3
2025-04-09 03:00:00,1.7,-0.7,84,0,,227,6.1,,1023,,3
2025-04-09 04:00:00,1.1,-1,86,0,,234,5.4,,1022.8,,3
2025-04-09 05:00:00,0.4,-1.2,89,0,,199,4.7,,1022.8,,3
2025-04-09 06:00:00,-0.3,-1.1,94,0,,207,4.3,,1022.4,,3
2025-04-09 07:00:00,-0.6,-1.6,93,0,,199,4,,1022.4,,3
2025-04-09 08:00:00,1.5,-0.3,88,0,,264,4.3,,1022.7,,3
2025-04-09 09:00:00,5,1.8,80,0,,286,1.1,,1023.2,,3
2025-04-09 10:00:00,7.8,2.7,70,0,,11,3.6,,1023.4,,3
2025-04-09 11:00:00,10.4,3,60,0,,24,6.1,,1022.9,,3
2025-04-09 12:00:00,12.1,1.4,48,0,,48,8.3,,1022.6,,3
2025-04-09 13:00:00,12.8,1.5,46,0,,36,10.1,,1022.2,,2
2025-04-09 14:00:00,13.4,1.1,43,0,,34,12.6,,1022.1,,1
2025-04-09 15:00:00,14,1,41,0,,41,11.9,,1021.6,,2
2025-04-09 16:00:00,13.9,0.9,41,0,,31,11.9,,1021.5,,3
2025-04-09 17:00:00,13.1,0.8,43,0,,26,13,,1021.6,,3
2025-04-09 18:00:00,12.6,1.3,46,0,,22,12.2,,1021.9,,3
2025-04-09 19:00:00,11.4,2.4,54,0,,29,10.1,,1022.6,,3
2025-04-09 20:00:00,8.1,1.9,65,0,,36,7.2,,1023.4,,2
2025-04-09 21:00:00,6.6,1.3,69,0,,51,6.5,,1023.8,,1
2025-04-09 22:00:00,5.9,0.9,70,0,,112,5,,1024.2,,1
2025-04-09 23:00:00,4.7,0.7,75,0,,193,5.8,,1024.6,,1
2025-04-10 00:00:00,3.3,0.4,81,0,,236,6.1,,1025.2,,3
2025-04-10 01:00:00,2.2,0.1,86,0,,220,5.4,,1025.3,,3
2025-04-10 02:00:00,1.3,-0.3,89,0,,215,6.5,,1025.6,,3
2025-04-10 03:00:00,1,-0.5,90,0,,223,7.2,,1025.5,,2
2025-04-10 04:00:00,0.9,-0.7,89,0,,222,8.6,,1025.8,,3
2025-04-10 05:00:00,1,-1.1,86,0,,225,8.6,,1025.6,,3
2025-04-10 06:00:00,0.7,-1.4,86,0,,252,6.8,,1025.9,,3
2025-04-10 07:00:00,1,-1.4,84,0,,234,6.8,,1026.3,,3
2025-04-10 08:00:00,3.1,0.3,82,0,,257,8.6,,1026.9,,3
2025-04-10 09:00:00,6.1,2.4,77,0,,20,6.8,,1027.7,,3
2025-04-10 10:00:00,8,3.7,74,0,,357,5.4,,1027.3,,2
2025-04-10 11:00:00,9.6,4.6,71,0,,7,4.7,,1027,,2
2025-04-10 12:00:00,11.6,4.3,61,0,,5,6.8,,1026.7,,2
2025-04-10 13:00:00,12.6,4.3,57,0,,2,5.8,,1026.2,,3
2025-04-10 14:00:00,13.3,4.7,56,0,,0,6.1,,1025.6,,2
2025-04-10 15:00:00,13.9,5,55,0,,18,8.3,,1025.2,,2
2025-04-10 16:00:00,14,4.8,54,0,,32,11.2,,1024.7,,3
2025-04-10 17:00:00,13.3,5.2,58,0,,29,11.5,,1024.4,,2
2025-04-10 18:00:00,12.3,5,61,0,,27,11.9,,1024.6,,1
2025-04-10 19:00:00,11,5.5,69,0,,21,10.4,,1024.9,,1
2025-04-10 20:00:00,8.1,5,81,0,,6,6.8,,1025.4,,1
2025-04-10 21:00:00,6.7,4.2,84,0,,348,6.5,,1026,,1
2025-04-10 22:00:00,5.6,3.4,86,0,,325,6.1,,1025.9,,1
2025-04-10 23:00:00,4.7,3,89,0,,332,6.1,,1025.9,,1
2025-04-11 00:00:00,4,2.7,91,0,,309,4.7,,1026.1,,1
2025-04-11 01:00:00,3,2,93,0,,275,3.2,,1025.9,,1
2025-04-11 02:00:00,2.2,1.5,95,0,,284,2.9,,1025.6,,1
2025-04-11 03:00:00,2,1,93,0,,282,4,,1025,,1
2025-04-11 04:00:00,1.4,0.4,93,0,,265,3.2,,1024.5,,1
2025-04-11 05:00:00,1,0,93,0,,231,2.9,,1024.1,,1
2025-04-11 06:00:00,0.7,-0.3,93,0,,242,3.6,,1023.8,,1
2025-04-11 07:00:00,0.7,-0.3,93,0,,256,4.3,,1024,,1
2025-04-11 08:00:00,3.1,1.6,90,0,,241,7.2,,1024.1,,1
2025-04-11 09:00:00,5.9,3.4,84,0,,281,3.2,,1024.2,,1
2025-04-11 10:00:00,8.6,4.2,74,0,,289,3.2,,1024.1,,1
2025-04-11 11:00:00,10.8,4.5,65,0,,322,3.6,,1023.6,,1
2025-04-11 12:00:00,12.7,4.6,58,0,,278,3.6,,1022.7,,1
2025-04-11 13:00:00,14.5,5.3,54,0,,303,5.4,,1021.5,,1
2025-04-11 14:00:00,15.6,5.2,50,0,,339,6.1,,1020.9,,1
2025-04-11 15:00:00,16.5,5.4,48,0,,356,5.8,,1020.1,,3
2025-04-11 16:00:00,16.8,5.7,48,0,,10,7.6,,1019.4,,1
2025-04-11 17:00:00,16.4,5.7,49,0,,21,10.1,,1019.1,,1
2025-04-11 18:00:00,15.5,5.7,52,0,,25,9.4,,1018.8,,1
2025-04-11 19:00:00,13.8,6.9,63,0,,33,8.3,,1018.9,,1
2025-04-11 20:00:00,10.6,5.4,70,0,,25,7.2,,1019.3,,1
2025-04-11 21:00:00,9.2,4.2,71,0,,10,4.7,,1019.7,,1
2025-04-11 22:00:00,7.9,3.7,75,0,,360,4.7,,1020,,1
2025-04-11 23:00:00,6.9,3.3,78,0,,97,4.7,,1019.3,,1
2025-04-12 00:00:00,6.2,2.7,78,0,,172,4.7,,1019,,3
2025-04-12 01:00:00,5.5,2.2,79,0,,228,4,,1018.5,,3
2025-04-12 02:00:00,4.5,1.5,81,0,,246,5,,1018,,2
2025-04-12 03:00:00,3.7,1.3,84,0,,139,6.1,,1017.5,,3
2025-04-12 04:00:00,4.3,-0.1,73,0,,185,6.5,,1016.3,,1
2025-04-12 05:00:00,3.6,-0.2,76,0,,202,6.1,,1015.6,,2
2025-04-12 06:00:00,3,-0.5,78,0,,211,5.8,,1015.3,,3
2025-04-12 07:00:00,2.8,-0.3,80,0,,199,6.1,,1015.2,,3
2025-04-12 08:00:00,5,1.7,79,0,,262,6.1,,1015.3,,3
2025-04-12 09:00:00,7.9,4.3,78,0,,322,4,,1014.9,,3
2025-04-12 10:00:00,11.2,5.7,69,0,,343,4.3,,1014.4,,1
2025-04-12 11:00:00,14.3,6.6,60,0,,20,6.8,,1013.8,,3
2025-04-12 12:00:00,16.6,7.5,55,0,,62,10.1,,1012.7,,3
2025-04-12 13:00:00,18.4,7.2,48,0,,69,11.5,,1011.7,,3
2025-04-12 14:00:00,19.6,6,41,0,,79,11.2,,1011,,3
2025-04-12 15:00:00,20.2,5.8,39,0,,110,6.8,,1010.7,,3
2025-04-12 16:00:00,20.4,6.3,40,0,,112,5.8,,1010,,3
2025-04-12 17:00:00,20.2,7.2,43,0,,86,7.6,,1009,,3
2025-04-12 18:00:00,19.5,9.1,51,0,,94,7.6,,1008.6,,3
2025-04-12 19:00:00,17.3,9.7,61,0,,88,7.9,,1007.9,,3
2025-04-12 20:00:00,14.4,8.1,66,0,,109,9.7,,1007.8,,2
2025-04-12 21:00:00,13.6,7.4,66,0,,128,10.8,,1008,,3
2025-04-12 22:00:00,12,6.9,71,0,,148,10.8,,1007.9,,3
2025-04-12 23:00:00,11.1,6.8,75,0,,186,9.4,,1008,,3
2025-04-13 00:00:00,9.6,6.1,79,0,,204,10.4,,1007.8,,1
2025-04-13 01:00:00,9,5.4,78,0,,205,10.4,,1007.9,,2
2025-04-13 02:00:00,9.7,4.9,72,0,,216,10.8,,1007.8,,3
2025-04-13 03:00:00,9.4,4.4,71,0,,227,10.1,,1007.7,,3
2025-04-13 04:00:00,9.2,4.6,73,0,,236,11.2,,1008,,3
2025-04-13 05:00:00,10.6,5.4,70,0,,223,14.8,,1007.8,,3
2025-04-13 06:00:00,10.6,5.4,70,0,,227,14.8,,1007.5,,3
2025-04-13 07:00:00,11,4.7,65,0,,232,15.5,,1008.3,,3
2025-04-13 08:00:00,11.7,5.6,66,0,,225,15.1,,1009,,3
2025-04-13 09:00:00,12.9,6.9,67,0,,227,14.4,,1009.2,,3
2025-04-13 10:00:00,15.1,8.1,63,0,,237,15.8,,1009.6,,3
2025-04-13 11:00:00,14.7,7.7,63,0.2,,238,16.9,,1010,,3
2025-04-13 12:00:00,14.4,8.3,67,0.1,,233,17.3,,1010.2,,7
2025-04-13 13:00:00,14,8.8,71,0,,226,18.4,,1010.4,,8
2025-04-13 14:00:00,14.7,9.5,71,0,,217,15.1,,1009.9,,7
2025-04-13 15:00:00,16.5,9.7,64,0,,218,14.4,,1008.9,,3
2025-04-13 16:00:00,16.2,9.8,66,0,,248,14,,1008.3,,2
2025-04-13 17:00:00,17.1,9.8,62,0,,242,15.8,,1007.7,,2
2025-04-13 18:00:00,16.8,9.2,61,0,,234,12.2,,1007.6,,3
2025-04-13 19:00:00,15.7,10.2,70,0,,216,9,,1007.8,,3
2025-04-13 20:00:00,13.3,9.7,79,0,,202,8.3,,1008.5,,3
2025-04-13 21:00:00,11.7,9.3,85,0,,198,7.6,,1009.2,,3
2025-04-13 22:00:00,10.3,8.6,89,0,,233,5.8,,1009.5,,2
2025-04-13 23:00:00,9.3,7.6,89,0,,255,4.7,,1009.9,,3
2025-04-14 00:00:00,8.7,7.2,90,0,,216,4,,1010.2,,3
2025-04-14 01:00:00,8.3,7.1,92,0,,211,4.7,,1010.5,,3
2025-04-14 02:00:00,8.9,7.7,92,0,,190,2.9,,1011.3,,3
2025-04-14 03:00:00,8.9,7.8,93,0.3,,214,4,,1011.1,,7
2025-04-14 04:00:00,9.1,8,93,1.4,,237,3.2,,1011.2,,7
2025-04-14 05:00:00,9.3,8.4,94,1.1,,269,4.3,,1011.2,,8
2025-04-14 06:00:00,9.4,8.3,93,0.8,,211,2.2,,1011.2,,9
2025-04-14 07:00:00,8.7,8.3,97,1.3,,160,5.4,,1011.7,,9
2025-04-14 08:00:00,9,8.7,98,0.3,,111,5.4,,1012,,8
2025-04-14 09:00:00,10,9.2,95,0,,89,7.6,,1011.8,,7
2025-04-14 10:00:00,11.6,10,90,0,,34,4.3,,1011.7,,3
2025-04-14 11:00:00,14.1,9.9,76,0,,65,6.8,,1011.5,,2
2025-04-14 12:00:00,15.3,9.2,67,0,,78,7.2,,1010.7,,17
2025-04-14 13:00:00,15.6,9.5,67,0,,75,9.7,,1010.1,,3
2025-04-14 14:00:00,15.9,9.6,66,0,,79,10.8,,1009.6,,3
2025-04-14 15:00:00,16.4,9.6,64,0,,74,10.8,,1008.8,,3
2025-04-14 16:00:00,17.4,9.3,59,0,,74,10.1,,1007.6,,2
2025-04-14 17:00:00,17.3,9.5,60,0,,65,11.2,,1006.4,,3
2025-04-14 18:00:00,16.8,9.9,64,0,,56,12.2,,1005.9,,3
2025-04-14 19:00:00,16,10.3,69,0,,56,11.2,,1005.4,,3
2025-04-14 20:00:00,13.8,9.6,76,0,,66,10.4,,1005.5,,3
2025-04-14 21:00:00,12.2,9.4,83,0,,61,10.1,,1005.3,,3
2025-04-14 22:00:00,11,8.7,86,0,,74,8.6,,1005.2,,3
2025-04-14 23:00:00,10.2,8.3,88,0,,54,7.6,,1004.4,,3
2025-04-15 00:00:00,9.8,8.1,89,0,,25,5.8,,1003.8,,3
2025-04-15 01:00:00,9.3,7.7,90,0,,17,6.1,,1002.9,,3
2025-04-15 02:00:00,8.8,7.6,92,0,,334,4.3,,1002.3,,3
2025-04-15 03:00:00,8.2,7.3,94,0,,218,3.6,,1001.6,,3
2025-04-15 04:00:00,7.9,7.1,95,0,,167,3.2,,1001.1,,3
2025-04-15 05:00:00,7.1,6.7,97,0,,195,4,,1000.7,,3
2025-04-15 06:00:00,6.7,6.4,98,0,,225,4.7,,1000.3,,3
2025-04-15 07:00:00,6.8,6.5,98,0,,209,7.2,,1000.4,,3
2025-04-15 08:00:00,8.8,7.9,94,0,,209,8.3,,1000,,3
2025-04-15 09:00:00,11.7,9.4,86,0,,223,7.2,,999.8,,3
2025-04-15 10:00:00,14.6,11.2,80,0,,229,9.7,,999.3,,3
2025-04-15 11:00:00,16.7,11.6,72,0,,232,10.4,,999,,3
2025-04-15 12:00:00,17.6,11.2,66,0,,228,13,,999.2,,3
2025-04-15 13:00:00,15.9,11.1,73,0.2,,241,14.8,,999.9,,7
2025-04-15 14:00:00,15,12.3,84,0.2,,250,11.9,,1000.4,,8
2025-04-15 15:00:00,15.1,11.5,79,0,,242,13,,1000.9,,8
2025-04-15 16:00:00,16,11.2,73,0,,238,9.4,,1000.8,,3
2025-04-15 17:00:00,16.2,10.7,70,0,,218,7.9,,1000.7,,3
2025-04-15 18:00:00,16.9,10.7,67,0,,198,7.6,,1000.7,,3
2025-04-15 19:00:00,16.4,12.2,76,0,,221,4.3,,1001,,2
2025-04-15 20:00:00,14.2,10.4,78,0,,67,3.2,,1001.5,,1
2025-04-15 21:00:00,12.4,9.6,83,0,,120,4.7,,1002.3,,3
2025-04-15 22:00:00,11.2,9.3,88,0,,163,5.8,,1003,,3
2025-04-15 23:00:00,9.9,8.7,92,0,,215,6.5,,1003.8,,3
2025-04-16 00:00:00,9.2,8,92,0,,218,7.2,,1004.7,,3
2025-04-16 01:00:00,9.3,7.9,91,0,,212,7.9,,1005.5,,2
2025-04-16 02:00:00,8.8,7.4,91,0,,206,6.1,,1005.7,,3
2025-04-16 03:00:00,8.2,7,92,0,,208,7.2,,1006.1,,3
2025-04-16 04:00:00,8.4,7,91,0,,206,5.4,,1006,,3
2025-04-16 05:00:00,8,6.8,92,0,,227,5,,1006,,3
2025-04-16 06:00:00,7,6.1,94,0,,248,5.4,,1006.5,,3
2025-04-16 07:00:00,7,6.3,95,0,,330,7.2,,1007.2,,2
2025-04-16 08:00:00,9,7.8,92,0,,27,6.8,,1008.1,,2
2025-04-16 09:00:00,11.1,9.2,88,0,,28,10.8,,1008.5,,3
2025-04-16 10:00:00,12.6,9.2,80,0,,15,11.5,,1008.6,,3
2025-04-16 11:00:00,13.7,9.1,74,0,,18,12.2,,1008.6,,3
2025-04-16 12:00:00,13.8,9,73,0,,17,13.3,,1008.4,,3
2025-04-16 13:00:00,14.4,9.2,71,0,,12,13.3,,1008.3,,3
2025-04-16 14:00:00,14.3,9.1,71,0,,9,14,,1008.2,,3
2025-04-16 15:00:00,14.3,8.9,70,0,,6,15.8,,1008.2,,3
2025-04-16 16:00:00,14,8.6,70,0,,2,17.6,,1008,,3
2025-04-16 17:00:00,13.5,8.3,71,0,,347,16.9,,1007.8,,3
2025-04-16 18:00:00,13,7.9,71,0,,339,15.1,,1007.8,,3
2025-04-16 19:00:00,12.1,8,76,0.5,,338,16.2,,1007.5,,8
2025-04-16 20:00:00,10.8,8.4,85,0.1,,300,11.9,,1008.2,,9
2025-04-16 21:00:00,9.9,8.3,90,0,,348,16.6,,1008,,7
2025-04-16 22:00:00,9.4,7.8,90,0.4,,329,14.4,,1008.4,,3
2025-04-16 23:00:00,9,7.4,90,0.3,,276,10.8,,1008.8,,3
2025-04-17 00:00:00,8.9,7,88,0,,312,9.7,,1008.6,,3
2025-04-17 01:00:00,8.6,6.7,88,0,,313,10.1,,1008.2,,3
2025-04-17 02:00:00,8.4,6.5,88,0,,313,9,,1007.9,,3
2025-04-17 03:00:00,8.2,6.7,90,0,,316,7.9,,1007.3,,3
2025-04-17 04:00:00,8.2,6.7,90,0,,315,7.6,,1007.3,,3
2025-04-17 05:00:00,8,6.6,91,0,,318,8.3,,1006.9,,3
2025-04-17 06:00:00,7.9,6.5,91,0,,336,8.6,,1006.7,,3
2025-04-17 07:00:00,7.8,6.4,91,0.1,,336,8.3,,1006.5,,3
2025-04-17 08:00:00,8,6.5,90,0.1,,342,7.9,,1006.9,,3
2025-04-17 09:00:00,8.4,6.9,90,0,,336,8.6,,1007.1,,8
2025-04-17 10:00:00,8.6,7.2,91,0,,341,10.4,,1006.7,,3
2025-04-17 11:00:00,9.6,7.9,89,0,,338,9.4,,1007,,3
2025-04-17 12:00:00,10.7,8.3,85,0,,348,11.5,,1006.2,,3
2025-04-17 13:00:00,11.8,8.8,82,0,,8,11.9,,1005.9,,3
2025-04-17 14:00:00,12.2,9,81,0,,16,11.9,,1005.7,,7
2025-04-17 15:00:00,10.8,7.5,80,0,,320,8.3,,1006.4,,3
2025-04-17 16:00:00,10.9,7.6,80,0,,296,7.6,,1006.7,,7
2025-04-17 17:00:00,10.3,8.4,88,0.1,,294,9.7,,1006.6,,8
2025-04-17 18:00:00,10.1,8.9,92,0.2,,285,13.7,,1007.3,,8
2025-04-17 19:00:00,9.5,8.9,96,0,,260,13.3,,1008.3,,7
2025-04-17 20:00:00,8.4,6.5,88,0,,288,5,,1011.5,,7
2025-04-17 21:00:00,8.4,7.6,95,0,,232,14.8,,1009.8,,3
2025-04-17 22:00:00,8,7.2,95,0,,234,15.5,,1010.5,,3
2025-04-17 23:00:00,7.6,6.7,94,0,,230,15.1,,1011.2,,3
2025-04-18 00:00:00,7.3,6.6,95,0,,226,13.7,,1011.8,,7
2025-04-18 01:00:00,6.8,6.2,96,0,,227,14,,1012.4,,8
2025-04-18 02:00:00,6.5,4.8,89,0,,232,10.1,,1014.2,,7
2025-04-18 03:00:00,6.3,5.4,94,0,,232,14,,1013.1,,3
2025-04-18 04:00:00,6,5,93,0,,239,14,,1013.5,,3
2025-04-18 05:00:00,5.8,4.6,92,0,,234,13,,1014,,3
2025-04-18 06:00:00,5.6,4.4,92,0,,231,13,,1014.3,,3
2025-04-18 07:00:00,5.5,4.3,92,0,,233,14,,1014.8,,3
2025-04-18 08:00:00,5.5,3.7,88,0,,238,13.3,,1015.4,,3
2025-04-18 09:00:00,6,3.8,86,0,,238,13.7,,1015.8,,3
2025-04-18 10:00:00,6.4,3.4,81,0,,246,14,,1016.1,,3
2025-04-18 11:00:00,7.6,3.5,75,0,,267,12.6,,1016.1,,3
2025-04-18 12:00:00,8.2,3.7,73,0,,265,15.1,,1015.7,,3
2025-04-18 13:00:00,8.6,3.6,71,0,,262,16.9,,1015.4,,3
2025-04-18 14:00:00,11.2,4.4,63,0,,245,6.5,,1013.5,,3
2025-04-18 15:00:00,10.2,3.9,65,0,,274,9.4,,1014.7,,7
2025-04-18 16:00:00,9.8,4.2,68,0,,279,9,,1014.6,,7
2025-04-18 17:00:00,9.4,4.6,72,0,,297,9,,1014.5,,3
2025-04-18 18:00:00,9.2,4.6,73,0,,332,7.6,,1014.3,,3
2025-04-18 19:00:00,9,4.6,74,0,,333,5.4,,1014.2,,3
2025-04-18 20:00:00,9.2,5.6,78,0,,17,9.4,,1012.5,,3
2025-04-18 21:00:00,7.4,4.5,82,0,,41,6.1,,1014.2,,3
2025-04-18 22:00:00,6.7,4.2,84,0,,64,4.7,,1013.9,,3
2025-04-18 23:00:00,5.4,3.7,89,0,,72,5,,1013.9,,2
2025-04-19 00:00:00,4.6,3.3,91,0,,72,5.4,,1013.8,,3
2025-04-19 01:00:00,4,3,93,0,,82,5.4,,1013.7,,2
2025-04-19 02:00:00,4,3.3,95,0,,31,1.1,,1012.3,,1
2025-04-19 03:00:00,2.7,2,95,0,,110,6.5,,1012.4,,1
2025-04-19 04:00:00,1.9,1.5,97,0,,136,6.8,,1011.7,,1
2025-04-19 05:00:00,1.3,1,98,0,,170,6.5,,1011.5,,1
2025-04-19 06:00:00,0.8,0.5,98,0,,194,6.1,,1011.4,,1
2025-04-19 07:00:00,0.8,0.5,98,0,,210,6.1,,1011.5,,5
2025-04-19 08:00:00,3.8,3.2,96,0,,226,3.2,,1010.5,,5
2025-04-19 09:00:00,5.4,3.6,88,0,,257,4.7,,1011.9,,5
2025-04-19 10:00:00,8,4.9,81,0,,303,3.2,,1011.2,,3
2025-04-19 11:00:00,11.1,6.6,74,0,,21,3.2,,1010.2,,3
2025-04-19 12:00:00,13.7,7.7,67,0,,55,4,,1009.3,,3
2025-04-19 13:00:00,15.7,7.2,57,0,,356,4,,1008.6,,3
2025-04-19 14:00:00,16,7.7,58,0,,302,2.5,,1007.8,,3
2025-04-19 15:00:00,17.2,7.3,52,0,,48,6.8,,1007.6,,3
2025-04-19 16:00:00,17.7,7.7,52,0,,51,7.2,,1007,,3
2025-04-19 17:00:00,17.4,7.7,53,0,,49,11.5,,1006.2,,2
2025-04-19 18:00:00,16.4,7.9,57,0,,59,13.3,,1005.7,,2
2025-04-19 19:00:00,15.1,8.6,65,0,,60,12.2,,1005.7,,2
2025-04-19 20:00:00,13.1,8.2,72,0,,61,6.5,,1006.6,,3
2025-04-19 21:00:00,11.2,7.5,78,0,,72,8.6,,1005.7,,3
2025-04-19 22:00:00,10,7.4,84,0,,85,8.6,,1005.6,,2
2025-04-19 23:00:00,9.2,6.6,84,0,,73,12.2,,1005.4,,1
2025-04-20 00:00:00,8.9,5.8,81,0,,73,12.6,,1005.2,,1
2025-04-20 01:00:00,8.8,5.4,79,0,,80,12.6,,1005.2,,1
2025-04-20 02:00:00,6.2,4.7,90,0,,32,0,,1006.9,,1
2025-04-20 03:00:00,8.1,5.2,82,0,,21,7.2,,1004.4,,1
2025-04-20 04:00:00,7.2,4.8,85,0,,55,6.8,,1004.1,,1
2025-04-20 05:00:00,6.2,4.4,88,0,,163,7.9,,1004,,1
2025-04-20 06:00:00,5.3,4,91,0,,180,6.8,,1004,,1
2025-04-20 07:00:00,4.9,4,94,0,,195,7.6,,1004.5,,3
2025-04-20 08:00:00,7.5,5.6,88,0,,229,1.8,,1006.8,,3
2025-04-20 09:00:00,10.8,8,83,0,,251,6.1,,1005.4,,2
2025-04-20 10:00:00,14,9,72,0,,260,9.7,,1005.7,,2
2025-04-20 11:00:00,15.6,8.6,63,0,,241,19.4,,1006,,2
2025-04-20 12:00:00,16.8,8.5,58,0,,276,17.3,,1006.5,,3
2025-04-20 13:00:00,17,8.2,56,0,,283,17.3,,1007.1,,3
2025-04-20 14:00:00,19.1,9.3,53,0,,44,11.2,,1004.5,,7
2025-04-20 15:00:00,14.8,8.3,65,0,,261,17.6,,1008.4,,8
2025-04-20 16:00:00,14.1,6.2,59,0,,254,18.4,,1009,,3
2025-04-20 17:00:00,14.2,4.5,52,0.1,,270,15.8,,1009.1,,3
2025-04-20 18:00:00,14.2,4.5,52,0.2,,251,10.1,,1008.9,,3
2025-04-20 19:00:00,13,6.1,63,0,,227,6.8,,1008.9,,3
2025-04-20 20:00:00,15.3,11.3,77,0,,4,8.3,,1003.9,,3
2025-04-20 21:00:00,8.5,3.9,73,0,,200,6.5,,1009.2,,3
2025-04-20 22:00:00,6.8,3.4,79,0,,204,7.2,,1009.6,,1
2025-04-20 23:00:00,5.5,3.3,86,0,,226,7.2,,1009.7,,1
2025-04-21 00:00:00,4.7,3.2,90,0,,229,8.3,,1009.6,,1
2025-04-21 01:00:00,4.2,2.9,91,0,,234,9,,1010,,1
2025-04-21 02:00:00,9.5,8.1,91,0,,250,2.2,,1005.9,,1
2025-04-21 03:00:00,3.1,1.9,92,0,,219,7.6,,1010.1,,3
2025-04-21 04:00:00,3,2.3,95,0,,210,7.9,,1011.1,,1
2025-04-21 05:00:00,4.3,3.6,95,0,,226,8.3,,1011,,3
2025-04-21 06:00:00,4.1,3.5,96,0,,214,8.6,,1010.8,,17
2025-04-21 07:00:00,4.4,3.7,95,0,,246,8.3,,1010.7,,3
2025-04-21 08:00:00,9.5,8.3,92,0,,311,4.3,,1006.9,,3
2025-04-21 09:00:00,7.5,6.8,95,0,,146,3.6,,1011.8,,3
2025-04-21 10:00:00,9.3,7.6,89,0,,15,3.2,,1011.7,,3
2025-04-21 11:00:00,11.9,8,77,0,,242,5,,1012,,3
2025-04-21 12:00:00,13.3,7.1,66,0,,289,5.8,,1012.2,,3
2025-04-21 13:00:00,14.6,6.9,60,0,,285,11.9,,1011.9,,3
2025-04-21 14:00:00,18,11.8,67,0.1,,8,9.4,,1006.5,,8
2025-04-21 15:00:00,13.8,7.1,64,0,,123,5.8,,1012,,3
2025-04-21 16:00:00,15.8,7,56,0,,218,17.3,,1011.3,,3
2025-04-21 17:00:00,13.6,6.2,61,9.8,,260,20.9,,1012,,17
2025-04-21 18:00:00,11.9,7.2,73,0,,255,15.8,,1013,,3
2025-04-21 19:00:00,10.2,7.8,85,0,,230,14,,1013.7,,17
2025-04-21 20:00:00,12.4,11.6,95,0,,81,3.6,,1009.2,,2
2025-04-21 21:00:00,9,7.1,88,0,,228,12.2,,1014.7,,2
2025-04-21 22:00:00,8,6.5,90,0,,226,11.5,,1015.6,,1
2025-04-21 23:00:00,7.5,6.1,91,0,,224,11.9,,1016.4,,1
2025-04-22 00:00:00,7.1,5.9,92,0,,222,12.6,,1016.8,,1
2025-04-22 01:00:00,6.8,5.6,92,0,,222,11.5,,1017.2,,2
2025-04-22 02:00:00,8.2,8.2,100,0,,217,1.4,,1010.9,,2
2025-04-22 03:00:00,6.2,5,92,0,,220,10.4,,1017.8,,2
2025-04-22 04:00:00,5.7,4.7,93,0,,209,9,,1018,,2
2025-04-22 05:00:00,5.4,4.5,94,0,,205,8.6,,1018.1,,2
2025-04-22 06:00:00,5.2,4.3,94,0,,211,8.3,,1018.1,,1
2025-04-22 07:00:00,5.7,4.7,93,0,,223,8.3,,1018.5,,2
2025-04-22 08:00:00,7.3,5.8,90,0,,230,7.9,,1019,,3
2025-04-22 09:00:00,9.6,7.2,85,0,,238,7.9,,1019.5,,3
2025-04-22 10:00:00,11.3,6.8,74,0,,258,7.9,,1019.4,,3
2025-04-22 11:00:00,12.5,6.5,67,0,,264,6.8,,1019.3,,3
2025-04-22 12:00:00,12.9,6.5,65,0,,274,6.8,,1019.2,,3
2025-04-22 13:00:00,14.4,6.5,59,0,,272,6.5,,1018.4,,3
2025-04-22 14:00:00,15.2,6.2,55,0,,276,6.1,,1018.1,,3
2025-04-22 15:00:00,15.4,6.1,54,0,,322,5.8,,1017.9,,3
2025-04-22 16:00:00,15.7,5.9,52,0,,351,5,,1017.5,,3
2025-04-22 17:00:00,15.6,6.1,53,0,,354,6.1,,1017.2,,3
2025-04-22 18:00:00,15.1,6.4,56,0,,26,7.6,,1017.4,,3
2025-04-22 19:00:00,14.5,8.9,69,0,,36,6.8,,1017.7,,3
2025-04-22 20:00:00,12.4,7.7,73,0,,46,6.1,,1017.9,,3
2025-04-22 21:00:00,9.9,7.1,83,0,,80,6.8,,1018.7,,2
2025-04-22 22:00:00,8.9,6.3,84,0,,124,5.8,,1019,,1
2025-04-22 23:00:00,8.5,5.6,82,0,,111,2.9,,1019.2,,1
2025-04-23 00:00:00,7.5,5.1,85,0,,131,3.2,,1019.3,,1
2025-04-23 01:00:00,6.8,4.8,87,0,,225,2.9,,1019.3,,1
2025-04-23 02:00:00,6.2,4.5,89,0,,187,3.2,,1019.2,,2
2025-04-23 03:00:00,5.4,4.4,93,0,,207,4.7,,1018.8,,3
2025-04-23 04:00:00,5.3,4.4,94,0,,211,5.4,,1018.6,,3
2025-04-23 05:00:00,4.7,3.7,93,0,,221,4,,1018.2,,3
2025-04-23 06:00:00,4.6,3.4,92,0,,237,5.4,,1017.5,,3
2025-04-23 07:00:00,5.1,3.9,92,0,,216,6.5,,1017.4,,3
2025-04-23 08:00:00,7.4,5.4,87,0,,211,6.5,,1017.4,,3
2025-04-23 09:00:00,10.3,7.5,83,0,,251,4.3,,1017,,3
2025-04-23 10:00:00,13,8.3,73,0,,270,4.7,,1016.5,,3
2025-04-23 11:00:00,15.2,8.4,64,0,,286,5,,1015.5,,3
2025-04-23 12:00:00,16.4,8.6,60,0,,204,6.5,,1014.4,,2
2025-04-23 13:00:00,17.3,8.2,55,0,,133,5,,1013.3,,2
2025-04-23 14:00:00,17.6,8.2,54,0,,17,5,,1012.5,,3
2025-04-23 15:00:00,17.6,8.2,54,0,,48,3.6,,1011.6,,17
2025-04-23 16:00:00,16.9,8.6,58,0,,328,9.7,,1010.7,,9
2025-04-23 17:00:00,15,10,72,0,,262,17.6,,1011.1,,9
2025-04-23 18:00:00,12.3,9.7,84,0,,289,14.4,,1012.6,,9
2025-04-23 19:00:00,11.5,9.9,90,0.5,,296,13.3,,1013,,9
2025-04-23 20:00:00,10.3,9.7,96,0.3,,291,11.2,,1014.1,,8
2025-04-23 21:00:00,9.8,9.3,97,1.8,,282,8.3,,1014.7,,8
2025-04-23 22:00:00,9.5,9,97,1.1,,255,5.8,,1014.9,,8
2025-04-23 23:00:00,9.2,8.7,97,4.4,,212,7.6,,1015.2,,8
2025-04-24 00:00:00,8.7,8.3,97,1.8,,212,8.6,,1015.5,,8
2025-04-24 01:00:00,8.4,8,97,0.3,,217,6.8,,1015.6,,8
2025-04-24 02:00:00,8,7.6,97,0,,221,7.2,,1015.4,,7
2025-04-24 03:00:00,7.7,7.3,97,0,,233,9.4,,1015.2,,3
2025-04-24 04:00:00,7.6,7.3,98,0,,233,10.4,,1015.6,,3
2025-04-24 05:00:00,7.5,7.1,97,0,,242,11.5,,1015.6,,3
2025-04-24 06:00:00,7.3,6.9,97,0,,230,11.2,,1015.9,,3
2025-04-24 07:00:00,7.3,6.7,96,0,,226,11.5,,1016.2,,3
2025-04-24 08:00:00,8.1,7,93,0,,235,13.3,,1017.1,,3
2025-04-24 09:00:00,8.6,6.9,89,0,,246,13.7,,1017.3,,3
2025-04-24 10:00:00,9.7,6.4,80,0,,253,15.1,,1017.2,,7
2025-04-24 11:00:00,11,6.9,76,0.1,,254,13.7,,1017.2,,7
2025-04-24 12:00:00,12.1,6.8,70,0,,258,14,,1016.8,,7
2025-04-24 13:00:00,12.3,6.6,68,0,,256,16.9,,1016.5,,17
2025-04-24 14:00:00,12.3,6.8,69,0.2,,260,17.6,,1016.6,,3
2025-04-24 15:00:00,13.3,6.9,65,0.1,,256,16.2,,1016.3,,3
2025-04-24 16:00:00,13.1,5.7,61,1.7,,266,13,,1015.9,,2
2025-04-24 17:00:00,12.8,5.7,62,0,,255,16.6,,1015.8,,17
2025-04-24 18:00:00,10.9,6.4,74,0,,256,13.7,,1016.4,,7
2025-04-24 19:00:00,11,6.3,73,0,,244,11.2,,1016.3,,3
2025-04-24 20:00:00,9.8,6.3,79,0,,237,9,,1017,,3
2025-04-24 21:00:00,8.9,5.8,81,0,,234,9.4,,1017.4,,3
2025-04-24 22:00:00,8,5.8,86,0.2,,232,11.9,,1017.9,,3
2025-04-24 23:00:00,7.8,5.6,86,0.2,,234,10.8,,1018.3,,3
2025-04-25 00:00:00,7.9,5.9,87,0.2,,222,9,,1017.9,,3
2025-04-25 01:00:00,7.6,6.2,91,0.2,,212,7.6,,1017.6,,3
2025-04-25 02:00:00,7.1,6.4,95,0.1,,216,7.2,,1017.6,,3
2025-04-25 03:00:00,7.5,6.8,95,0,,210,6.8,,1017.2,,8
2025-04-25 04:00:00,7.6,6.9,95,0,,202,5.8,,1017.1,,3
2025-04-25 05:00:00,7.6,6.9,95,0,,207,4.7,,1016.8,,3
2025-04-25 06:00:00,6.7,6.1,96,0.1,,224,4.3,,1017,,3
2025-04-25 07:00:00,6.8,5.4,91,0.2,,154,2.9,,1017.4,,3
2025-04-25 08:00:00,7.5,6.4,93,0,,16,5.8,,1018,,3
2025-04-25 09:00:00,8.7,6.8,88,0.3,,31,8.6,,1018.1,,3
2025-04-25 10:00:00,9.8,7.4,85,0,,42,6.8,,1018.3,,3
2025-04-25 11:00:00,11.3,7.4,77,1.4,,21,6.8,,1018.4,,3
2025-04-25 12:00:00,11.4,7.1,75,0.1,,18,7.9,,1018.4,,3
2025-04-25 13:00:00,11.7,7.4,75,0,,8,9,,1018.3,,7
2025-04-25 14:00:00,12.8,7.7,71,1.7,,11,10.8,,1018.2,,17
2025-04-25 15:00:00,13.5,7.5,67,0,,19,11.5,,1017.9,,3
2025-04-25 16:00:00,12.6,7.1,69,1,,22,12.2,,1018.1,,7
2025-04-25 17:00:00,12.5,7.2,70,0,,24,13.7,,1018,,3
2025-04-25 18:00:00,11.9,7.4,74,0,,23,13.7,,1018.3,,3
2025-04-25 19:00:00,11.2,7.5,78,0,,25,12.6,,1018.8,,3
2025-04-25 20:00:00,10.5,8.1,85,0,,25,9,,1019.4,,3
2025-04-25 21:00:00,9.2,8,92,0,,31,7.9,,1019.9,,3
2025-04-25 22:00:00,8.9,8.1,95,0,,39,7.6,,1020.2,,3
2025-04-25 23:00:00,9,8.2,95,0,,36,7.2,,1020.2,,3
2025-04-26 00:00:00,9.2,8.3,94,0,,46,9,,1020.2,,3
2025-04-26 01:00:00,9,8.2,95,0,,44,9.7,,1020.2,,3
2025-04-26 02:00:00,8.6,8,96,0,,44,10.1,,1020.1,,3
2025-04-26 03:00:00,8.2,7.8,97,0,,45,9,,1020.2,,3
2025-04-26 04:00:00,7,6.7,98,0,,42,9,,1019.8,,3
2025-04-26 05:00:00,6.3,6,98,0,,43,9.4,,1019.6,,3
2025-04-26 06:00:00,5.2,5.1,99,0,,47,9.7,,1019.5,,2
2025-04-26 07:00:00,5.5,5.2,98,0,,42,10.1,,1019.9,,2
2025-04-26 08:00:00,6.9,6,94,0,,40,11.5,,1020,,2
2025-04-26 09:00:00,8.8,6.9,88,0,,48,12.6,,1019.7,,2
2025-04-26 10:00:00,10.5,6.6,77,0,,70,16.6,,1019.3,,3
2025-04-26 11:00:00,11.4,6.7,73,0,,72,18,,1018.9,,3
2025-04-26 12:00:00,12,7.3,73,0,,67,19.1,,1018.9,,8
2025-04-26 13:00:00,13,7,67,0,,72,19.1,,1018.2,,8
2025-04-26 14:00:00,13.2,7.4,68,0,,73,19.8,,1018.1,,3
2025-04-26 15:00:00,13.3,7.9,70,0,,68,18,,1018.2,,3
2025-04-26 16:00:00,13.5,7.9,69,0,,65,18,,1018.3,,3
2025-04-26 17:00:00,14.2,7.5,64,0,,68,18,,1017.7,,3
2025-04-26 18:00:00,14.4,7.4,63,0,,75,16.6,,1017.5,,3
2025-04-26 19:00:00,13.9,6.7,62,0,,78,13.7,,1018,,3
2025-04-26 20:00:00,12.4,6.2,66,0,,68,12.6,,1018.5,,3
2025-04-26 21:00:00,10.7,5.5,70,0,,69,13,,1019.2,,1
2025-04-26 22:00:00,9,5.4,78,0,,63,10.1,,1019.6,,1
2025-04-26 23:00:00,7.6,4.5,81,0,,55,10.8,,1019.9,,1
2025-04-27 00:00:00,7.1,4.4,83,0,,59,10.8,,1020,,2
2025-04-27 01:00:00,6.7,4.2,84,0,,54,12.2,,1020.3,,3
2025-04-27 02:00:00,6.5,4,84,0,,49,13,,1020.3,,3
2025-04-27 03:00:00,6,3.7,85,0,,47,11.5,,1020.2,,3
2025-04-27 04:00:00,5.9,3.6,85,0,,42,11.2,,1020.5,,3
2025-04-27 05:00:00,5.6,3.4,86,0,,39,10.8,,1020.6,,3
2025-04-27 06:00:00,5.2,3.2,87,0,,38,10.8,,1021,,3
2025-04-27 07:00:00,5.8,3.6,86,0,,36,10.8,,1021.5,,3
2025-04-27 08:00:00,7.6,4.7,82,0,,22,9.7,,1022.1,,3
2025-04-27 09:00:00,9.5,5.7,77,0,,32,10.1,,1022.6,,3
2025-04-27 10:00:00,11,5.9,71,0,,47,9.7,,1022.5,,3
2025-04-27 11:00:00,12.4,6.9,69,0,,49,10.1,,1022.7,,3
2025-04-27 12:00:00,13.7,7.7,67,0,,46,10.4,,1022.6,,3
2025-04-27 13:00:00,15.2,8.2,63,0,,56,10.8,,1022.3,,3
2025-04-27 14:00:00,16.1,8.3,60,0,,58,11.9,,1022.1,,3
2025-04-27 15:00:00,16.5,8.5,59,0,,44,14,,1022.1,,3
2025-04-27 16:00:00,16.8,8.5,58,0,,41,14.8,,1022.1,,3
2025-04-27 17:00:00,16.7,8.4,58,0,,37,14,,1021.8,,3
2025-04-27 18:00:00,16.4,8.9,61,0,,39,11.9,,1022,,3
2025-04-27 19:00:00,15.8,9,64,0,,39,10.8,,1022.2,,3
2025-04-27 20:00:00,13.9,9.1,73,0,,25,11.2,,1022.8,,3
2025-04-27 21:00:00,12.5,8.4,76,0,,18,12.2,,1023.7,,3
2025-04-27 22:00:00,10.9,7.6,80,0,,27,11.2,,1024.3,,3
2025-04-27 23:00:00,9.8,7.2,84,0,,42,9,,1024.6,,3
2025-04-28 00:00:00,8.8,6.1,83,0,,20,5.8,,1024.8,,2
2025-04-28 01:00:00,7.9,5.7,86,0,,318,4.7,,1024.9,,1
2025-04-28 02:00:00,7.1,5.1,87,0,,279,4.3,,1024.9,,1
2025-04-28 03:00:00,6.6,4.6,87,0,,224,3.2,,1024.8,,1
2025-04-28 04:00:00,6.2,4.4,88,0,,213,2.5,,1025,,2
2025-04-28 05:00:00,5.9,3.7,86,0,,219,3.2,,1024.8,,1
2025-04-28 06:00:00,5.5,3.5,87,0,,234,3.6,,1024.9,,1
2025-04-28 07:00:00,6.2,4,86,0,,227,2.9,,1025.3,,1
2025-04-28 08:00:00,8.5,5.8,83,0,,220,3.6,,1025.8,,1
2025-04-28 09:00:00,10.9,7.4,79,0,,318,2.5,,1026,,1
2025-04-28 10:00:00,13.1,8.6,74,0,,27,4.7,,1025.7,,2
2025-04-28 11:00:00,15.3,8.3,63,0,,37,7.2,,1025.2,,2
2025-04-28 12:00:00,16.7,7.1,53,0,,46,9.7,,1024.9,,2
2025-04-28 13:00:00,17.5,6.7,49,0,,39,10.4,,1024.7,,3
2025-04-28 14:00:00,18,6.8,48,0,,34,10.8,,1024.4,,3
2025-04-28 15:00:00,18.3,7.1,48,0,,32,13,,1024.4,,3
2025-04-28 16:00:00,18.3,7.4,49,0,,30,13.7,,1024,,2
2025-04-28 17:00:00,18.1,8.1,52,0,,29,13,,1023.6,,2
2025-04-28 18:00:00,17.6,8.7,56,0,,31,11.5,,1023.6,,2
2025-04-28 19:00:00,16.4,9.6,64,0,,22,10.1,,1023.9,,1
2025-04-28 20:00:00,14.2,9,71,0,,23,9,,1024.4,,2
2025-04-28 21:00:00,12.1,7.8,75,0,,29,9.4,,1024.9,,2
2025-04-28 22:00:00,11.2,7.7,79,0,,52,8.3,,1025.4,,2
2025-04-28 23:00:00,10.6,7.5,81,0,,62,6.1,,1025.6,,2
2025-04-29 00:00:00,10.2,7.3,82,0,,13,5,,1025.5,,1
2025-04-29 01:00:00,9.6,6.7,82,0,,332,5,,1025.3,,2
2025-04-29 02:00:00,8.7,6.1,84,0,,308,5,,1025.2,,1
2025-04-29 03:00:00,8.1,5.7,85,0,,290,4.7,,1024.9,,1
2025-04-29 04:00:00,7.7,5.3,85,0,,238,3.6,,1024.8,,1
2025-04-29 05:00:00,7.2,5,86,0,,246,2.9,,1025,,1
2025-04-29 06:00:00,7,3.6,79,0,,232,2.9,,1024.6,,1
2025-04-29 07:00:00,7.6,4.4,80,0,,237,2.5,,1025.2,,1
2025-04-29 08:00:00,9.8,6.7,81,0,,222,3.2,,1025.6,,1
2025-04-29 09:00:00,12.3,8,75,0,,258,1.4,,1025.6,,1
2025-04-29 10:00:00,14.4,8.8,69,0,,28,3.6,,1025.5,,1
2025-04-29 11:00:00,16.5,9.7,64,0,,31,5.8,,1025,,1
2025-04-29 12:00:00,18.5,10.6,60,0,,38,8.3,,1024.4,,1
2025-04-29 13:00:00,19.7,10.4,55,0,,44,9.7,,1024,,1
2025-04-29 14:00:00,20.2,10.3,53,0,,50,10.1,,1023.7,,1
2025-04-29 15:00:00,20.3,10.7,54,0,,51,10.8,,1023.5,,2
2025-04-29 16:00:00,20.4,10.8,54,0,,52,11.5,,1023,,2
2025-04-29 17:00:00,20.1,11,56,0,,41,11.2,,1022.6,,2
2025-04-29 18:00:00,19.8,11.6,59,0,,35,9.7,,1022.5,,2
2025-04-29 19:00:00,18.9,13.3,70,0,,23,7.6,,1022.4,,2
2025-04-29 20:00:00,16.8,12.5,76,0,,9,9.7,,1022.9,,1
2025-04-29 21:00:00,15.1,11.5,79,0,,18,11.2,,1023.4,,1
2025-04-29 22:00:00,13.8,10.2,79,0,,39,10.8,,1023.2,,1
2025-04-29 23:00:00,12.8,9.6,81,0,,38,9.4,,1023.4,,1
2025-04-30 00:00:00,11.9,9.3,84,0,,38,8.3,,1023.5,,1
2025-04-30 01:00:00,10.9,8.5,85,0,,32,7.9,,1023.5,,1
2025-04-30 02:00:00,10.3,8.1,86,0,,22,6.5,,1023.4,,1
2025-04-30 03:00:00,9.5,7.1,85,0,,274,5.4,,1023.1,,1
2025-04-30 04:00:00,8.9,6.3,84,0,,218,4,,1023.2,,1
2025-04-30 05:00:00,8.5,6,84,0,,204,2.5,,1023.3,,1
2025-04-30 06:00:00,7.8,5.4,85,0,,215,3.6,,1023.3,,1
2025-04-30 07:00:00,8.4,6.4,87,0,,224,4.3,,1023.5,,1
2025-04-30 08:00:00,10.2,8,86,0,,206,5,,1023.3,,1
2025-04-30 09:00:00,13.2,9.3,77,0,,240,2.9,,1023.3,,1
2025-04-30 10:00:00,15.7,10.7,72,0,,299,2.5,,1023.2,,1
2025-04-30 11:00:00,18.1,11.4,65,0,,346,4.3,,1023.1,,1
2025-04-30 12:00:00,20,11.7,59,0,,22,6.1,,1022.8,,1
2025-04-30 13:00:00,21.3,9.5,47,0,,56,7.2,,1022.2,,2
2025-04-30 14:00:00,21.8,9.3,45,0,,49,7.2,,1021.9,,2
2025-04-30 15:00:00,22.2,9.7,45,0,,35,6.8,,1021.4,,1
2025-04-30 16:00:00,22.2,9.7,45,0,,24,7.9,,1020.9,,1
2025-04-30 17:00:00,21.8,10,47,0,,29,9,,1020.5,,1
2025-04-30 18:00:00,20.9,11.5,55,0,,29,10.4,,1020.6,,1
2025-04-30 19:00:00,19.8,13,65,0,,42,7.6,,1020.6,,1
2025-04-30 20:00:00,17.4,11.7,69,0,,49,8.3,,1020.9,,1
2025-04-30 21:00:00,14.7,10.3,75,0,,76,7.6,,1021.5,,1
2025-04-30 22:00:00,13.8,9.8,77,0,,128,5,,1021.9,,1
2025-04-30 23:00:00,13.4,9.1,75,0,,78,4.7,,1021.1,,1
2025-05-01 00:00:00,12.1,8.4,78,0,,205,4,,1021.1,,1
2025-05-01 01:00:00,10.9,8.1,83,0,,201,4.7,,1021.2,,1
2025-05-01 02:00:00,9.7,7.8,88,0,,213,5,,1020.9,,1
2025-05-01 03:00:00,8.9,7.3,90,0,,223,4.7,,1020.7,,1
2025-05-01 04:00:00,8.2,6.2,87,0,,213,5.4,,1020.4,,1
2025-05-01 05:00:00,7.5,5.6,88,0,,208,5,,1020.4,,1
2025-05-01 06:00:00,7.1,5.2,88,0,,218,5.8,,1020.6,,1
2025-05-01 07:00:00,8.4,6.4,87,0,,227,7.2,,1020.9,,1
2025-05-01 08:00:00,11.2,8.4,83,0,,252,6.1,,1021.1,,1
2025-05-01 09:00:00,14,10.8,81,0,,269,5.8,,1021.3,,1
2025-05-01 10:00:00,17.1,11.8,71,0,,288,3.2,,1021.4,,1
2025-05-01 11:00:00,19.6,12.4,63,0,,359,2.5,,1021.2,,1
2025-05-01 12:00:00,21.5,11.8,54,0,,67,4,,1020.7,,1
2025-05-01 13:00:00,22.6,9,42,0,,91,5,,1020.2,,1
2025-05-01 14:00:00,23.1,8.4,39,0,,99,4,,1019.9,,1
2025-05-01 15:00:00,23.4,8.3,38,0,,104,4,,1019.4,,1
2025-05-01 16:00:00,23.3,8.6,39,0,,109,5.4,,1018.8,,1
2025-05-01 17:00:00,23,9,41,0,,105,5.8,,1018.4,,1
2025-05-01 18:00:00,22.4,11.5,50,0,,101,5.8,,1018.3,,1
2025-05-01 19:00:00,21.5,12.6,57,0,,67,5.4,,1018.1,,1
2025-05-01 20:00:00,18.6,13.2,71,0,,121,6.8,,1018.3,,1
2025-05-01 21:00:00,15.5,11.3,76,0,,155,8.3,,1018.8,,1
2025-05-01 22:00:00,13.9,9.9,77,0,,174,9.4,,1019.1,,1
2025-05-01 23:00:00,12.4,9,80,0,,210,7.9,,1019.1,,1
2025-05-02 00:00:00,11.8,8.3,79,0,,209,5.4,,1019,,1
2025-05-02 01:00:00,10.1,8,87,0,,203,6.1,,1018.9,,1
2025-05-02 02:00:00,9.2,7.5,89,0,,225,6.8,,1018.7,,1
2025-05-02 03:00:00,9.1,7.1,87,0,,215,9,,1018.7,,1
2025-05-02 04:00:00,9.2,6.8,85,0,,202,7.9,,1018.7,,1
2025-05-02 05:00:00,8.5,5.8,83,0,,212,8.3,,1018.1,,1
2025-05-02 06:00:00,8.7,5.4,80,0,,218,8.3,,1018,,1
2025-05-02 07:00:00,10.4,6.7,78,0,,222,8.6,,1018.1,,1
2025-05-02 08:00:00,13.4,8.7,73,0,,230,9.4,,1018.3,,1
2025-05-02 09:00:00,16.4,11.3,72,0,,232,8.3,,1018.5,,1
2025-05-02 10:00:00,19.6,13.5,68,0,,228,6.8,,1018.4,,1
2025-05-02 11:00:00,21.8,12.6,56,0,,233,7.9,,1018,,1
2025-05-02 12:00:00,23.2,12.2,50,0,,241,9,,1017.6,,1
2025-05-02 13:00:00,24.3,10.9,43,0,,256,10.1,,1017.3,,1
2025-05-02 14:00:00,24.7,10.9,42,0,,269,10.4,,1016.6,,2
2025-05-02 15:00:00,25.2,11,41,0,,274,9.4,,1015.9,,3
2025-05-02 16:00:00,24.5,11.4,44,0,,281,11.2,,1015.6,,2
2025-05-02 17:00:00,24.4,12,46,0,,277,9.4,,1015,,1
2025-05-02 18:00:00,24.2,14,53,0,,273,6.8,,1014.9,,3
2025-05-02 19:00:00,22.9,15.7,64,0,,267,6.5,,1014.7,,3
2025-05-02 20:00:00,20.1,14,68,0,,242,7.6,,1015,,3
2025-05-02 21:00:00,18.1,11.9,67,0,,241,8.3,,1015.6,,3
2025-05-02 22:00:00,15.8,11,73,0,,228,7.6,,1015.9,,1
2025-05-02 23:00:00,14,10.2,78,0,,209,6.1,,1015.6,,1
2025-05-03 00:00:00,12.8,9.6,81,0,,217,5.4,,1015.1,,3
2025-05-03 01:00:00,13.3,9.7,79,0,,236,9,,1015,,3
2025-05-03 02:00:00,12.5,9,79,0,,233,10.1,,1014.9,,3
2025-05-03 03:00:00,12.2,8.1,76,0,,218,9,,1014.7,,3
2025-05-03 04:00:00,12.2,7.3,72,0,,232,8.3,,1014.6,,3
2025-05-03 05:00:00,12.4,7.3,71,0,,226,9,,1014.2,,3
2025-05-03 06:00:00,13.6,6.9,64,0,,216,11.5,,1014.4,,3
2025-05-03 07:00:00,13.7,7.7,67,0,,205,11.9,,1014.5,,3
2025-05-03 08:00:00,14.4,10.4,77,0.4,,214,14.4,,1015.1,,9
2025-05-03 09:00:00,14.2,12.4,89,2.5,,143,11.2,,1014.9,,9
2025-05-03 10:00:00,14.9,13.8,93,0,,132,8.6,,1014.4,,7
2025-05-03 11:00:00,18.3,12.3,68,0.2,,213,14.8,,1013.5,,3
2025-05-03 12:00:00,18.6,10.9,61,0.2,,224,20.2,,1013.2,,3
2025-05-03 13:00:00,19.4,10.7,57,0,,236,23.4,,1012.8,,3
2025-05-03 14:00:00,19.9,10.9,56,0.1,,241,24.8,,1012,,3
2025-05-03 15:00:00,20.7,10.8,53,0,,242,23.4,,1010.8,,3
2025-05-03 16:00:00,21.7,12.3,55,0,,241,22.7,,1009.2,,2
2025-05-03 17:00:00,21.5,11.5,53,0,,245,22.7,,1008.4,,2
2025-05-03 18:00:00,21,11.6,55,0,,245,20.2,,1008.1,,2
2025-05-03 19:00:00,19.7,11.5,59,0,,247,18,,1007.9,,2
2025-05-03 20:00:00,18.3,10.9,62,0,,253,16.2,,1008.5,,2
2025-05-03 21:00:00,15.7,11.3,75,0,,260,11.9,,1009.1,,17
2025-05-03 22:00:00,13.8,11.1,84,0,,261,10.4,,1009.4,,1
2025-05-03 23:00:00,13.3,11.2,87,0,,244,13.7,,1009.7,,2
2025-05-04 00:00:00,13.9,11.6,86,1.9,,240,13.3,,1009.6,,8
2025-05-04 01:00:00,13.1,11.5,90,0.7,,251,15.5,,1010,,18
2025-05-04 02:00:00,13,11.6,91,0.1,,245,14,,1009.7,,7
2025-05-04 03:00:00,12.6,11.7,94,0,,236,14,,1009.3,,17
2025-05-04 04:00:00,12.4,11.5,94,0.2,,250,15.1,,1009.6,,9
2025-05-04 05:00:00,12.1,11.8,98,3.1,,317,13.3,,1009.7,,9
2025-05-04 06:00:00,10.5,10,97,2.9,,360,13.7,,1010.5,,9
2025-05-04 07:00:00,10.7,10.1,96,4.4,,3,9.4,,1011.3,,9
2025-05-04 08:00:00,10.4,9.9,97,2.6,,6,8.3,,1011.5,,8
2025-05-04 09:00:00,10.3,9.8,97,1.2,,357,9.7,,1011.5,,9
2025-05-04 10:00:00,10.2,9.9,98,2.8,,6,9.7,,1011.5,,9
2025-05-04 11:00:00,10.1,9.8,98,0.5,,26,11.2,,1011.5,,9
2025-05-04 12:00:00,10.3,9.1,92,0.1,,27,14.8,,1011.8,,8
2025-05-04 13:00:00,10.4,8.7,89,0,,29,11.2,,1011.5,,7
2025-05-04 14:00:00,10.3,8.1,86,0,,38,13,,1011.3,,3
2025-05-04 15:00:00,10.9,7.6,80,0.1,,40,12.2,,1010.9,,3
2025-05-04 16:00:00,11.2,7.5,78,0.1,,47,11.9,,1010.5,,7
2025-05-04 17:00:00,11.3,6.6,73,0,,30,11.2,,1010.3,,3
2025-05-04 18:00:00,11.3,5.8,69,0,,39,10.8,,1010,,3
2025-05-04 19:00:00,11,6.1,72,0,,50,9.4,,1010,,3
2025-05-04 20:00:00,10.5,6.4,76,0,,31,7.6,,1010.4,,3
2025-05-04 21:00:00,9.8,6.3,79,0,,353,8.3,,1010.2,,3
2025-05-04 22:00:00,9.4,5,74,0,,36,9,,1011.1,,3
2025-05-04 23:00:00,9.1,4.7,74,0,,34,10.4,,1011.2,,3
2025-05-05 00:00:00,9,4.2,72,0,,37,13.3,,1010.8,,3
2025-05-05 01:00:00,8.4,3.4,71,0,,44,14,,1010.6,,3
2025-05-05 02:00:00,7.9,3.2,72,0,,40,13.7,,1010.4,,3
2025-05-05 03:00:00,7.8,3.5,74,0,,33,14,,1010.6,,3
2025-05-05 04:00:00,7.6,3.5,75,0.1,,36,15.5,,1010,,3
2025-05-05 05:00:00,7.5,3.2,74,0,,40,15.1,,1010,,3
2025-05-05 06:00:00,7.5,3.4,75,0,,36,15.5,,1010.1,,3
2025-05-05 07:00:00,7.3,3.5,77,0,,38,17.3,,1010.2,,3
2025-05-05 08:00:00,7.4,4,79,0,,34,16.2,,1010.6,,3
2025-05-05 09:00:00,7.9,3.9,76,0,,41,18.4,,1010.7,,3
2025-05-05 10:00:00,8,4,76,0,,51,19.8,,1011.1,,3
2025-05-05 11:00:00,8.4,4,74,0.1,,61,20.9,,1011.6,,3
2025-05-05 12:00:00,9,4.2,72,0,,59,20.2,,1012,,7
2025-05-05 13:00:00,8.3,5.1,80,0,,51,15.5,,1012.2,,7
2025-05-05 14:00:00,8.6,5.5,81,0,,46,16.9,,1012.7,,8
2025-05-05 15:00:00,8.4,5.5,82,0,,52,18,,1013,,8
2025-05-05 16:00:00,8.4,5.5,82,0,,63,18,,1013.2,,8
2025-05-05 17:00:00,8.2,5,80,0,,74,16.2,,1013.4,,8
2025-05-05 18:00:00,7.6,5.2,85,0,,80,13.7,,1013.8,,8
2025-05-05 19:00:00,9.2,5,75,0,,84,11.2,,1012.9,,8
2025-05-05 20:00:00,8.6,5.2,79,0,,79,11.9,,1013.4,,3
2025-05-05 21:00:00,7.7,4.5,80,0,,71,12.6,,1014,,3
2025-05-05 22:00:00,7.2,4.2,81,0,,59,12.2,,1014.5,,3
2025-05-05 23:00:00,6.6,3.9,83,0,,49,11.9,,1014.7,,3
2025-05-06 00:00:00,6.3,4.1,86,0,,50,11.2,,1015,,3
2025-05-06 01:00:00,6.3,3.8,84,0,,48,11.5,,1015.1,,3
2025-05-06 02:00:00,6.5,3.5,81,0,,47,12.6,,1015,,3
2025-05-06 03:00:00,6.6,3.4,80,0,,49,13.3,,1015,,3
2025-05-06 04:00:00,6.5,3.7,82,0,,44,11.9,,1014.9,,3
2025-05-06 05:00:00,5.9,3.4,84,0,,41,11.9,,1015.1,,3
2025-05-06 06:00:00,5.4,3.6,88,0,,40,11.9,,1015.4,,3
2025-05-06 07:00:00,5.7,3.9,88,0,,42,13.3,,1015.6,,3
2025-05-06 08:00:00,7,4.1,82,0,,43,12.6,,1015.9,,3
2025-05-06 09:00:00,8.2,3.8,74,0,,52,17.3,,1015.8,,3
2025-05-06 10:00:00,8.9,3.3,68,0,,63,19.8,,1016,,3
2025-05-06 11:00:00,9.8,3.1,63,0,,62,20.9,,1016,,3
2025-05-06 12:00:00,10.3,2.4,58,0,,62,20.5,,1016,,3
2025-05-06 13:00:00,10.6,2.4,57,0,,61,19.8,,1016.1,,3
2025-05-06 14:00:00,11.1,2.7,56,0,,56,20.5,,1016,,3
2025-05-06 15:00:00,11,2.6,56,0,,53,19.8,,1015.9,,3
2025-05-06 16:00:00,11.1,2.7,56,0,,51,19.1,,1016,,3
2025-05-06 17:00:00,10.9,2.2,55,0,,54,16.2,,1016,,3
2025-05-06 18:00:00,11.2,2.5,55,0,,60,14.8,,1015.9,,3
2025-05-06 19:00:00,11,3.1,58,0,,68,11.2,,1015.8,,3
2025-05-06 20:00:00,9.4,3.6,67,0,,70,9.4,,1016,,3
2025-05-06 21:00:00,7.3,2.4,71,0,,48,6.5,,1016.5,,3
2025-05-06 22:00:00,6.6,2.5,75,0,,25,8.6,,1017,,3
2025-05-06 23:00:00,6,2.3,77,0,,27,10.8,,1017,,3
2025-05-07 00:00:00,5.6,2.2,79,0,,31,11.2,,1017.1,,2
2025-05-07 01:00:00,4.6,1.6,81,0,,21,9.7,,1016.9,,1
2025-05-07 02:00:00,4.1,1.6,84,0,,42,10.4,,1016.8,,1
2025-05-07 03:00:00,3.6,1.3,85,0,,44,10.8,,1016.6,,1
2025-05-07 04:00:00,3.8,1.5,85,0,,24,11.2,,1016.6,,2
2025-05-07 05:00:00,3.5,1.2,85,0,,28,11.2,,1016.8,,2
2025-05-07 06:00:00,3.3,1.2,86,0,,33,10.8,,1016.5,,2
2025-05-07 07:00:00,4,1.9,86,0,,31,11.5,,1016.6,,1
2025-05-07 08:00:00,5.8,3,82,0,,29,10.1,,1016.9,,1
2025-05-07 09:00:00,7.9,3.6,74,0,,30,11.2,,1016.7,,2
2025-05-07 10:00:00,9.9,3.8,66,0,,35,13,,1016.1,,1
2025-05-07 11:00:00,11.7,4.4,61,0,,52,16.9,,1015.7,,1
2025-05-07 12:00:00,12.7,4.1,56,0,,60,18.7,,1015.4,,3
2025-05-07 13:00:00,13.1,3.7,53,0,,58,18.7,,1015,,3
2025-05-07 14:00:00,14.5,3.3,47,0,,55,18.4,,1014.2,,3
2025-05-07 15:00:00,14.7,2.9,45,0,,52,19.1,,1013.5,,3
2025-05-07 16:00:00,14.7,2.6,44,0,,49,19.1,,1013.3,,3
2025-05-07 17:00:00,13.7,4,52,0,,34,19.8,,1013.3,,3
2025-05-07 18:00:00,13.2,4.6,56,0,,31,18,,1013.4,,3
2025-05-07 19:00:00,12.4,4.9,60,0,,36,17.3,,1013.9,,3
2025-05-07 20:00:00,11.4,5.1,65,0,,27,14,,1014.5,,3
2025-05-07 21:00:00,11,4.7,65,0,,28,14.8,,1014.7,,3
2025-05-07 22:00:00,10.1,4.7,69,0,,26,12.2,,1015.3,,3
2025-05-07 23:00:00,9.3,4.9,74,0,,28,10.8,,1015.2,,3
2025-05-08 00:00:00,8.3,4.9,79,0,,30,10.1,,1015.2,,3
2025-05-08 01:00:00,7.3,4.8,84,0,,30,10.1,,1015,,3
2025-05-08 02:00:00,6.4,4.4,87,0,,28,9.4,,1014.9,,3
2025-05-08 03:00:00,6.6,4.6,87,0,,30,8.6,,1014.7,,3
2025-05-08 04:00:00,6.8,4.8,87,0,,36,8.3,,1014.7,,3
2025-05-08 05:00:00,6.2,4.5,89,0,,44,8.6,,1014.6,,3
2025-05-08 06:00:00,4.9,3.9,93,0,,46,7.6,,1014.8,,3
2025-05-08 07:00:00,6.4,4.2,86,0,,37,7.2,,1014.8,,2
2025-05-08 08:00:00,7.5,4.6,82,0,,32,6.8,,1015.2,,3
2025-05-08 09:00:00,9.2,5.2,76,0,,35,7.2,,1015,,1
2025-05-08 10:00:00,10.9,6.1,72,0,,48,8.3,,1014.8,,1
2025-05-08 11:00:00,12.2,6.3,67,0,,59,10.4,,1014.4,,1
2025-05-08 12:00:00,13.1,6,62,0,,62,12.2,,1013.9,,3
2025-05-08 13:00:00,10.6,5.6,71,0,,53,15.5,,1014.8,,8
2025-05-08 14:00:00,11.8,5.4,65,0,,62,14.4,,1014.5,,17
2025-05-08 15:00:00,12.8,6.4,65,0,,52,15.1,,1014.2,,17
2025-05-08 16:00:00,12.9,6,63,0,,38,14.8,,1013.8,,7
2025-05-08 17:00:00,12.2,5.1,62,0,,52,15.8,,1013.9,,3
2025-05-08 18:00:00,11.5,5.6,67,0,,56,16.2,,1014.1,,3
2025-05-08 19:00:00,11.3,5.2,66,0,,82,13.7,,1014.2,,3
2025-05-08 20:00:00,10.3,5.5,72,0,,78,11.5,,1014.9,,3
2025-05-08 21:00:00,9.4,5.6,77,0,,58,10.1,,1015.4,,3
2025-05-08 22:00:00,7.8,5.1,83,0,,54,9,,1016.2,,3
2025-05-08 23:00:00,7,5.1,88,0,,51,8.3,,1016.3,,3
2025-05-09 00:00:00,6.6,4.9,89,0,,54,9,,1016.5,,3
2025-05-09 01:00:00,5.9,4.7,92,0,,54,9.7,,1016.4,,3
2025-05-09 02:00:00,5.2,4.3,94,0,,52,9.4,,1016.4,,2
2025-05-09 03:00:00,4.8,4.1,95,0,,45,9.4,,1016.7,,3
2025-05-09 04:00:00,4.4,3.7,95,0,,42,10.4,,1016.5,,3
2025-05-09 05:00:00,4,3.1,94,0,,37,10.8,,1016.7,,1
2025-05-09 06:00:00,3.5,2.5,93,0,,38,10.4,,1017.1,,1
2025-05-09 07:00:00,4.7,3.2,90,0,,36,10.8,,1017.5,,2
2025-05-09 08:00:00,6.7,4,83,0,,30,11.2,,1017.9,,1
2025-05-09 09:00:00,8.5,3.9,73,0,,40,12.6,,1018.1,,1
2025-05-09 10:00:00,10.3,4.4,67,0,,60,15.8,,1018.1,,3
2025-05-09 11:00:00,11.8,4,59,0,,75,18.7,,1017.9,,1
2025-05-09 12:00:00,12.7,3.1,52,0,,76,18.4,,1017.8,,2
2025-05-09 13:00:00,13.2,2.7,49,0,,70,17.3,,1017.8,,3
2025-05-09 14:00:00,13.1,2.6,49,0,,77,15.8,,1018,,3
2025-05-09 15:00:00,13.1,2.9,50,0,,80,15.8,,1017.9,,3
2025-05-09 16:00:00,13.1,2.3,48,0,,73,14.8,,1017.9,,3
2025-05-09 17:00:00,13.3,2.8,49,0,,78,14.4,,1017.6,,3
2025-05-09 18:00:00,14,1.9,44,0,,84,15.1,,1017.1,,3
2025-05-09 19:00:00,13.2,2.7,49,0,,96,13,,1017.6,,3
2025-05-09 20:00:00,11.5,3.5,58,0,,110,9.4,,1018.4,,2
2025-05-09 21:00:00,9.1,2.7,64,0,,89,8.3,,1018.9,,2
2025-05-09 22:00:00,8.5,2.3,65,0,,99,9.7,,1019.5,,2
2025-05-09 23:00:00,6.6,1.5,70,0,,116,7.9,,1019.7,,1
2025-05-10 00:00:00,5.9,1.8,75,0,,97,8.6,,1020.1,,1
2025-05-10 01:00:00,5,2,81,0,,62,9,,1020.4,,1
2025-05-10 02:00:00,4.3,1.8,84,0,,57,9.7,,1020.4,,1
2025-05-10 03:00:00,4,1.4,83,0,,56,10.1,,1020.5,,1
2025-05-10 04:00:00,3.9,1.3,83,0,,44,9.4,,1020.4,,1
2025-05-10 05:00:00,3.6,0.6,81,0,,44,8.3,,1020.5,,1
2025-05-10 06:00:00,3.3,0.4,81,0,,46,8.3,,1020.6,,1
2025-05-10 07:00:00,4.8,1.8,81,0,,42,8.3,,1020.8,,1
2025-05-10 08:00:00,7.5,3.2,74,0,,18,7.6,,1020.9,,1
2025-05-10 09:00:00,9.7,3,63,0,,33,6.5,,1021.1,,1
2025-05-10 10:00:00,11.6,3.6,58,0,,62,9,,1020.7,,1
2025-05-10 11:00:00,13.4,3.7,52,0,,77,11.2,,1020.3,,1
2025-05-10 12:00:00,14.7,3.8,48,0,,76,11.9,,1019.7,,1
2025-05-10 13:00:00,15.7,3.8,45,0,,72,11.5,,1019.1,,1
2025-05-10 14:00:00,16.4,4.4,45,0,,65,11.5,,1018.6,,1
2025-05-10 15:00:00,16.9,5.2,46,0,,63,11.2,,1018,,1
2025-05-10 16:00:00,17.2,5.2,45,0,,52,11.5,,1017.4,,1
2025-05-10 17:00:00,17,5.3,46,0,,50,12.2,,1017,,1
2025-05-10 18:00:00,16.7,5.3,47,0,,56,13,,1016.7,,1
2025-05-10 19:00:00,15.5,6.2,54,0,,54,12.6,,1016.7,,1
2025-05-10 20:00:00,13.8,5.9,59,0,,77,11.2,,1017.1,,1
2025-05-10 21:00:00,11.5,5.1,65,0,,89,9.7,,1017.4,,1
2025-05-10 22:00:00,9.7,5.1,73,0,,85,8.3,,1017.7,,1
2025-05-10 23:00:00,8.8,4.4,74,0,,82,7.6,,1017.9,,1
2025-05-11 00:00:00,8.6,3.6,71,0,,79,7.6,,1017.5,,1
2025-05-11 01:00:00,7.9,3.2,72,0,,66,6.5,,1017.5,,1
2025-05-11 02:00:00,6.9,2.8,75,0,,49,5.8,,1017.1,,1
2025-05-11 03:00:00,5.8,2.6,80,0,,94,5.4,,1016.9,,1
2025-05-11 04:00:00,4.8,2.5,85,0,,135,5.4,,1016.7,,1
2025-05-11 05:00:00,4.9,1.4,78,0,,128,4.7,,1016.3,,1
2025-05-11 06:00:00,4,1.2,82,0,,138,5.4,,1016.1,,1
2025-05-11 07:00:00,5.2,2.9,85,0,,172,6.1,,1016.1,,1
2025-05-11 08:00:00,8.2,4.4,77,0,,29,5.4,,1016.1,,1
2025-05-11 09:00:00,11.4,5.5,67,0,,17,4.7,,1016,,1
2025-05-11 10:00:00,13.8,5.7,58,0,,14,6.5,,1015.6,,1
2025-05-11 11:00:00,16.1,5.7,50,0,,84,10.4,,1015,,1
2025-05-11 12:00:00,17.8,4.7,42,0,,96,12.6,,1014.5,,1
2025-05-11 13:00:00,18.8,4.2,38,0,,94,13,,1013.9,,1
2025-05-11 14:00:00,19.5,4.4,37,0,,90,14,,1013.2,,1
2025-05-11 15:00:00,19.8,5.1,38,0,,87,14,,1012.6,,1
2025-05-11 16:00:00,19.8,5.8,40,0,,87,14.8,,1012.1,,1
2025-05-11 17:00:00,19.5,6.2,42,0,,85,14.8,,1011.5,,1
2025-05-11 18:00:00,19.1,6.6,44,0,,85,14.8,,1011.3,,1
2025-05-11 19:00:00,17.8,7.2,50,0,,78,13.3,,1011.3,,3
2025-05-11 20:00:00,16.2,7.4,56,0,,78,11.2,,1011.4,,1
2025-05-11 21:00:00,14,6.6,61,0,,90,10.8,,1011.5,,1
2025-05-11 22:00:00,12.8,5.5,61,0,,100,10.8,,1012.1,,1
2025-05-11 23:00:00,11.6,4.8,63,0,,91,11.2,,1012.1,,1
2025-05-12 00:00:00,10.5,4.6,67,0,,80,13.7,,1012.1,,1
2025-05-12 01:00:00,9.8,3.8,66,0,,63,12.6,,1012.5,,1
2025-05-12 02:00:00,9.2,3.6,68,0,,35,7.6,,1012.4,,1
2025-05-12 03:00:00,8.4,3.4,71,0,,11,5,,1012.4,,1
2025-05-12 04:00:00,7.7,3.2,73,0,,19,5,,1012.4,,1
2025-05-12 05:00:00,6.7,3.1,78,0,,94,5,,1012.8,,1
2025-05-12 06:00:00,6.4,2.7,77,0,,169,4.3,,1012.7,,1
2025-05-12 07:00:00,7.6,3.8,77,0,,208,5.8,,1013.3,,1
2025-05-12 08:00:00,10.1,5.3,72,0,,208,3.2,,1013.4,,1
2025-05-12 09:00:00,12.5,5.9,64,0,,68,2.9,,1013.5,,1
2025-05-12 10:00:00,14.7,6.3,57,0,,55,5.8,,1013.1,,1
2025-05-12 11:00:00,17.1,6.9,51,0,,60,7.2,,1012.8,,1
2025-05-12 12:00:00,18.5,6.3,45,0,,53,7.6,,1012.3,,1
2025-05-12 13:00:00,19.5,5.9,41,0,,37,9.7,,1011.7,,2
2025-05-12 14:00:00,20.1,5.3,38,0,,42,13.3,,1011.3,,2
2025-05-12 15:00:00,19.8,5.4,39,0,,51,14.4,,1010.9,,3
2025-05-12 16:00:00,19.8,4.7,37,0,,79,15.8,,1010.7,,1
2025-05-12 17:00:00,19.8,4.7,37,0,,100,11.9,,1010.3,,1
2025-05-12 18:00:00,19.5,4.8,38,0,,112,11.2,,1010.2,,2
2025-05-12 19:00:00,19,7.1,46,0,,110,9.7,,1010.6,,1
2025-05-12 20:00:00,17.3,7.9,54,0,,122,7.9,,1011.3,,2
2025-05-12 21:00:00,14.8,4.8,51,0,,13,13.7,,1012.4,,3
2025-05-12 22:00:00,13.7,4.3,53,0,,44,10.4,,1013.1,,2
2025-05-12 23:00:00,12.4,4.6,59,0,,48,8.3,,1013.3,,2
2025-05-13 00:00:00,11.4,4.4,62,0,,52,7.2,,1013.6,,1
2025-05-13 01:00:00,11.2,4.2,62,0,,120,6.8,,1013.8,,1
2025-05-13 02:00:00,10.3,4.2,66,0,,243,5.4,,1013.8,,1
2025-05-13 03:00:00,9.1,4.1,71,0,,185,4.3,,1014.4,,1
2025-05-13 04:00:00,7.3,3.9,79,0,,161,4.3,,1015,,1
2025-05-13 05:00:00,6.3,4,85,0,,183,4.3,,1015.2,,1
2025-05-13 06:00:00,5.7,3.9,88,0,,186,4.7,,1015.7,,1
2025-05-13 07:00:00,7.2,4.7,84,0,,195,5.8,,1016.2,,1
2025-05-13 08:00:00,10.2,6.2,76,0,,200,4.3,,1016.6,,1
2025-05-13 09:00:00,12.9,6.7,66,0,,69,2.5,,1016.6,,1
2025-05-13 10:00:00,15.4,7.4,59,0,,52,4.7,,1016.3,,1
2025-05-13 11:00:00,17.6,5.8,46,0,,72,6.8,,1016,,1
2025-05-13 12:00:00,19.1,4.1,37,0,,74,10.4,,1015.7,,1
2025-05-13 13:00:00,20.1,3.7,34,0,,81,10.4,,1015.6,,3
2025-05-13 14:00:00,20.3,3.5,33,0,,71,11.9,,1015.2,,3
2025-05-13 15:00:00,20.2,3.8,34,0,,65,14,,1015,,3
2025-05-13 16:00:00,19.5,3.6,35,0,,74,16.6,,1015.1,,3
2025-05-13 17:00:00,19.5,3.2,34,0,,113,17.3,,1014.8,,2
2025-05-13 18:00:00,19.4,3.5,35,0,,92,10.4,,1014.6,,2
2025-05-13 19:00:00,18.3,4.5,40,0,,102,11.5,,1014.7,,1
2025-05-13 20:00:00,16.8,4.5,44,0,,114,14,,1015.1,,1
2025-05-13 21:00:00,14.9,3.4,46,0,,113,12.2,,1015.6,,1
2025-05-13 22:00:00,13.1,3.5,52,0,,127,11.5,,1016,,1
2025-05-13 23:00:00,11.9,3.1,55,0,,141,9.4,,1016.5,,1
2025-05-14 00:00:00,11.5,2.5,54,0,,160,9.7,,1016.8,,1
2025-05-14 01:00:00,10.6,2.7,58,0,,49,7.2,,1017.1,,1
2025-05-14 02:00:00,9.5,2.8,63,0,,357,4.3,,1017.2,,1
2025-05-14 03:00:00,8.6,2.6,66,0,,190,3.6,,1017.1,,1
2025-05-14 04:00:00,6.5,2,73,0,,209,5.4,,1017.3,,1
2025-05-14 05:00:00,5.7,1.8,76,0,,214,6.1,,1017.3,,1
2025-05-14 06:00:00,5.3,2,79,0,,223,5.8,,1017.4,,1
2025-05-14 07:00:00,7.3,2.8,73,0,,232,6.5,,1017.6,,1
2025-05-14 08:00:00,10.7,4.6,66,0,,235,5,,1017.8,,1
2025-05-14 09:00:00,13.9,4.7,54,0,,246,4,,1017.8,,1
2025-05-14 10:00:00,16.8,4.5,44,0,,286,3.6,,1017.3,,1
2025-05-14 11:00:00,18.7,2.9,35,0,,8,5,,1017,,1
2025-05-14 12:00:00,19.6,2.4,32,0,,16,7.6,,1016.7,,1
2025-05-14 13:00:00,20.4,2.7,31,0,,12,7.6,,1016.4,,1
2025-05-14 14:00:00,20.8,3,31,0,,332,7.2,,1016.1,,1
2025-05-14 15:00:00,21.2,3.4,31,0,,289,7.6,,1015.6,,2
2025-05-14 16:00:00,21.6,3.3,30,0,,297,6.5,,1015.2,,3
2025-05-14 17:00:00,21.5,3.7,31,0,,324,7.6,,1014.8,,3
2025-05-14 18:00:00,21,4.5,34,0,,341,9.7,,1014.4,,3
2025-05-14 19:00:00,19.9,4.8,37,0,,346,9.7,,1014.3,,3
2025-05-14 20:00:00,17.9,7.3,50,0,,352,6.8,,1014.5,,1
2025-05-14 21:00:00,15.9,4.6,47,0,,0,5.4,,1014.7,,2
2025-05-14 22:00:00,14.8,4.2,49,0,,338,6.1,,1014.9,,1
2025-05-14 23:00:00,13.2,3.8,53,0,,298,6.1,,1014.8,,2
2025-05-15 00:00:00,11.5,4.2,61,0,,247,7.2,,1014.7,,3
2025-05-15 01:00:00,10.5,4.2,65,0,,237,7.9,,1014.6,,3
2025-05-15 02:00:00,9.5,4.1,69,0,,240,7.9,,1014.6,,1
2025-05-15 03:00:00,8.9,3.5,69,0,,254,9.7,,1014.3,,3
2025-05-15 04:00:00,8.9,3.1,67,0,,251,11.9,,1014.3,,1
2025-05-15 05:00:00,8.7,3.1,68,0,,250,11.9,,1014.1,,3
2025-05-15 06:00:00,8.5,3.5,71,0,,242,10.1,,1014.4,,3
2025-05-15 07:00:00,9.9,5.1,72,0,,261,9.4,,1014.5,,3
2025-05-15 08:00:00,11.9,5.7,66,0,,324,11.2,,1014.9,,3
2025-05-15 09:00:00,12.6,6.2,65,0,,344,11.5,,1015,,3
2025-05-15 10:00:00,13.6,6.5,62,0,,344,11.2,,1015.1,,3
2025-05-15 11:00:00,14.7,5.8,55,0,,343,12.2,,1014.9,,3
2025-05-15 12:00:00,15.9,4.3,46,0,,341,13.3,,1014.8,,2
2025-05-15 13:00:00,16.8,4.8,45,0,,348,13.7,,1014.6,,1
2025-05-15 14:00:00,17.7,4.6,42,0,,0,17.3,,1014.4,,2
2025-05-15 15:00:00,17.8,3.7,39,0,,355,18.4,,1014.2,,3
2025-05-15 16:00:00,17.5,3.4,39,0,,359,19.8,,1014.2,,3
2025-05-15 17:00:00,17.1,2.3,37,0,,6,20.5,,1014.4,,2
2025-05-15 18:00:00,16.4,1.3,36,0,,6,21.6,,1014.8,,1
2025-05-15 19:00:00,15.1,0.1,36,0,,36,20.2,,1015.6,,3
2025-05-15 20:00:00,14.6,-2.3,31,0,,36,16.6,,1016.2,,3
2025-05-15 21:00:00,13.1,-3.2,32,0,,52,15.1,,1017.1,,1
2025-05-15 22:00:00,11.2,-3.3,36,0,,30,10.8,,1017.6,,1
2025-05-15 23:00:00,9.9,-2.7,41,0,,38,10.8,,1018,,1
2025-05-16 00:00:00,8.9,-2.7,44,0,,49,10.8,,1018.5,,1
2025-05-16 01:00:00,7.8,-2.5,48,0,,47,10.4,,1018.9,,1
2025-05-16 02:00:00,7.1,-2.4,51,0,,67,7.9,,1019.1,,1
2025-05-16 03:00:00,6.3,-2.1,55,0,,64,6.1,,1019.2,,1
2025-05-16 04:00:00,5.7,-1.9,58,0,,38,6.1,,1019.4,,1
2025-05-16 05:00:00,5.3,-1.8,60,0,,38,6.1,,1019.3,,1
2025-05-16 06:00:00,5.2,-1,64,0,,31,5.4,,1019.2,,1
2025-05-16 07:00:00,6.7,-0.1,62,0,,63,6.1,,1019.4,,1
2025-05-16 08:00:00,8.8,0.5,56,0,,63,4,,1019.5,,1
2025-05-16 09:00:00,10.9,0.9,50,0,,34,5,,1019.3,,1
2025-05-16 10:00:00,12.5,0.9,45,0,,29,9,,1018.9,,1
2025-05-16 11:00:00,13.8,1.1,42,0,,17,14.8,,1018.6,,1
2025-05-16 12:00:00,13.8,0.8,41,0,,11,14,,1018.5,,3
2025-05-16 13:00:00,14.5,0.7,39,0,,6,12.2,,1018.2,,3
2025-05-16 14:00:00,14.9,1.1,39,0,,350,12.2,,1017.8,,3
2025-05-16 15:00:00,14.5,1.7,42,0,,341,13,,1017.7,,3
2025-05-16 16:00:00,14.2,1.8,43,0,,343,13.3,,1017.4,,3
2025-05-16 17:00:00,15,1.9,41,0,,346,12.2,,1016.6,,3
2025-05-16 18:00:00,14.6,1.1,40,0,,351,10.8,,1016.5,,3
2025-05-16 19:00:00,14.2,1.5,42,0,,358,9.7,,1016.2,,3
2025-05-16 20:00:00,13.6,3.4,50,0,,6,5.4,,1016.2,,3
2025-05-16 21:00:00,11.9,2.6,53,0,,12,4,,1016.4,,3
2025-05-16 22:00:00,11.3,2.8,56,0,,301,4,,1016.7,,3
2025-05-16 23:00:00,9.2,2.3,62,0,,250,5,,1016.6,,1
2025-05-17 00:00:00,8,2.2,67,0,,246,6.1,,1016.7,,1
2025-05-17 01:00:00,7.5,2,68,0,,237,7.6,,1016.7,,2
2025-05-17 02:00:00,8.3,1.7,63,0,,232,9.7,,1016.2,,3
2025-05-17 03:00:00,8.8,1.7,61,0,,261,9.7,,1016.7,,3
2025-05-17 04:00:00,8.4,2.8,68,0,,330,7.6,,1017.2,,3
2025-05-17 05:00:00,7.8,2.7,70,0,,224,4.3,,1016.9,,3
2025-05-17 06:00:00,7.2,2.5,72,0,,217,7.2,,1016.7,,3
2025-05-17 07:00:00,7.7,3.6,75,0,,250,8.3,,1016.7,,3
2025-05-17 08:00:00,9.6,4.6,71,0,,341,5,,1017.1,,1
2025-05-17 09:00:00,11.4,4.8,64,0,,359,7.2,,1017.2,,1
2025-05-17 10:00:00,12.8,5.5,61,0,,352,8.3,,1017,,1
2025-05-17 11:00:00,14.3,4.8,53,0,,327,11.2,,1016.5,,1
2025-05-17 12:00:00,14.7,4.9,52,0,,319,10.8,,1016.5,,17
2025-05-17 13:00:00,15.3,4.9,50,0,,320,11.2,,1016.3,,3
2025-05-17 14:00:00,15.7,4.7,48,0,,320,11.5,,1015.9,,3
2025-05-17 15:00:00,16,4.7,47,0,,321,11.9,,1015.4,,3
2025-05-17 16:00:00,16,5,48,0,,312,12.2,,1015.2,,3
2025-05-17 17:00:00,15.8,4.8,48,0,,316,13,,1014.9,,3
2025-05-17 18:00:00,15.4,5,50,0,,318,13.3,,1014.8,,3
2025-05-17 19:00:00,14.6,5.9,56,0,,320,13,,1015,,17
2025-05-17 20:00:00,13.6,6.5,62,0,,318,10.1,,1015.4,,17
2025-05-17 21:00:00,11.8,6.5,70,0,,251,6.1,,1015.5,,3
2025-05-17 22:00:00,12.5,6.3,66,0,,282,7.6,,1016.2,,3
2025-05-17 23:00:00,10.7,6.3,74,0,,270,5.4,,1016.4,,3
2025-05-18 00:00:00,10.1,6.1,76,0,,260,6.5,,1016.6,,3
2025-05-18 01:00:00,9.2,5.7,79,0,,253,8.3,,1016.7,,2
2025-05-18 02:00:00,8.5,5.4,81,0,,249,7.9,,1016.7,,2
2025-05-18 03:00:00,7.2,5.7,90,0,,244,7.9,,1016.9,,2
2025-05-18 04:00:00,6.6,4.9,89,0,,234,8.3,,1016.9,,1
2025-05-18 05:00:00,6,4.5,90,0,,224,8.3,,1016.8,,1
2025-05-18 06:00:00,5.7,4.2,90,0,,218,9.7,,1016.9,,1
2025-05-18 07:00:00,7.3,4.8,84,0,,217,10.1,,1017.1,,1
2025-05-18 08:00:00,9.8,6.1,78,0,,223,7.9,,1017.3,,2
2025-05-18 09:00:00,12.5,6.5,67,0,,240,9.7,,1017.2,,2
2025-05-18 10:00:00,14.6,4.6,51,0,,265,12.2,,1016.7,,1
2025-05-18 11:00:00,15.8,3.9,45,0,,268,13.3,,1016.3,,2
2025-05-18 12:00:00,16.7,3,40,0,,272,13.7,,1016.1,,3
2025-05-18 13:00:00,16.9,3.6,41,0,,269,14,,1015.8,,3
2025-05-18 14:00:00,17.3,3.2,39,0,,271,14.4,,1015.7,,3
2025-05-18 15:00:00,17.8,3.3,38,0,,283,15.1,,1015.3,,3
2025-05-18 16:00:00,17.6,3.1,38,0,,287,15.8,,1015.2,,3
2025-05-18 17:00:00,17.5,3.4,39,0,,288,15.8,,1015.1,,3
2025-05-18 18:00:00,17.2,3.5,40,0,,294,14.8,,1015,,3
2025-05-18 19:00:00,16.7,4.1,43,0,,304,12.6,,1015,,3
2025-05-18 20:00:00,15.4,5.6,52,0,,299,7.2,,1015.3,,2
2025-05-18 21:00:00,13.1,4.8,57,0,,287,6.5,,1015.8,,1
2025-05-18 22:00:00,11.8,4.8,62,0,,334,10.8,,1016.6,,2
2025-05-18 23:00:00,10,5.6,74,0,,14,8.3,,1017.8,,2
2025-05-19 00:00:00,9.2,5.4,77,0,,31,6.1,,1018.3,,1
2025-05-19 01:00:00,8.6,5,78,0,,22,4.7,,1018.4,,1
2025-05-19 02:00:00,8,4.6,79,0,,332,3.6,,1018.5,,1
2025-05-19 03:00:00,7.1,4.4,83,0,,218,2.5,,1018.4,,1
2025-05-19 04:00:00,6.6,4.4,86,0,,256,2.2,,1018.5,,1
2025-05-19 05:00:00,6,4.2,88,0,,267,2.5,,1018.7,,1
2025-05-19 06:00:00,5.7,4,89,0,,188,2.5,,1018.8,,1
2025-05-19 07:00:00,7.3,4.6,83,0,,191,3.2,,1019,,1
2025-05-19 08:00:00,9.9,6.1,77,0,,350,2.2,,1019.4,,1
2025-05-19 09:00:00,12.5,6.5,67,0,,22,4,,1019.5,,1
2025-05-19 10:00:00,14.7,6.8,59,0,,31,5,,1019.1,,1
2025-05-19 11:00:00,16.5,6,50,0,,46,6.8,,1018.7,,1
2025-05-19 12:00:00,17.8,5.4,44,0,,44,7.2,,1018.4,,1
2025-05-19 13:00:00,18.8,4.9,40,0,,31,8.6,,1018,,1
2025-05-19 14:00:00,19.6,4.9,38,0,,17,9,,1017.5,,1
2025-05-19 15:00:00,20.1,4.9,37,0,,11,10.8,,1017,,2
2025-05-19 16:00:00,20.3,4.7,36,0,,23,13.7,,1016.5,,1
2025-05-19 17:00:00,20.2,4.6,36,0,,48,14,,1016,,3
2025-05-19 18:00:00,19.8,4.3,36,0,,54,14,,1015.7,,3
2025-05-19 19:00:00,19.1,4.1,37,0,,56,14.8,,1015.3,,3
2025-05-19 20:00:00,17.7,6.5,48,0,,53,11.2,,1015.6,,3
2025-05-19 21:00:00,15.5,5.4,51,0,,45,11.2,,1016,,3
2025-05-19 22:00:00,14.8,4.8,51,0,,50,11.9,,1016.7,,3
2025-05-19 23:00:00,13.1,5,58,0,,52,11.5,,1017,,3
2025-05-20 00:00:00,11.6,5,64,0,,53,11.2,,1016.9,,2
2025-05-20 01:00:00,10.8,4.5,65,0,,49,10.1,,1016.7,,3
2025-05-20 02:00:00,10.2,4.6,68,0,,42,9,,1016.6,,3
2025-05-20 03:00:00,9.7,4.5,70,0,,36,9,,1016.4,,3
2025-05-20 04:00:00,9.4,4.4,71,0,,28,9.4,,1016,,3
2025-05-20 05:00:00,9,4.6,74,0,,14,7.2,,1016.2,,3
2025-05-20 06:00:00,9.4,4.6,72,0,,0,4.3,,1015.8,,2
2025-05-20 07:00:00,10.2,6,75,0,,290,4.7,,1016.2,,3
2025-05-20 08:00:00,11.5,5.8,68,0,,117,3.6,,1016.3,,3
2025-05-20 09:00:00,13.3,5.9,61,0,,57,3.6,,1016.4,,3
2025-05-20 10:00:00,14.6,5.9,56,0,,70,5,,1016.4,,3
2025-05-20 11:00:00,19.1,7.2,46,0,,52,7.6,,1015.6,,3
2025-05-20 12:00:00,20.7,7,41,0,,47,8.3,,1015,,2
2025-05-20 13:00:00,21.7,6.8,38,0,,39,8.6,,1014.6,,1
2025-05-20 14:00:00,22.2,6.8,37,0,,30,11.5,,1013.9,,2
2025-05-20 15:00:00,22.5,6.7,36,0,,25,13.7,,1013.2,,2
2025-05-20 16:00:00,21.9,7.3,39,0,,35,13.7,,1013.2,,2
2025-05-20 17:00:00,22.1,6.7,37,0,,14,14.4,,1012.5,,3
2025-05-20 18:00:00,20.6,6.9,41,0,,12,16.6,,1012.9,,3
2025-05-20 19:00:00,20.1,7.1,43,0,,16,15.1,,1013.1,,3
2025-05-20 20:00:00,19.3,7.4,46,0,,359,10.4,,1013.3,,3
2025-05-20 21:00:00,17.2,7,51,0,,352,9.7,,1013.5,,3
2025-05-20 22:00:00,16.2,6.9,54,0.7,,10,9.4,,1014.2,,3
2025-05-20 23:00:00,16.4,7.9,57,0,,333,4.7,,1014.2,,3
2025-05-21 00:00:00,14.9,7.4,61,0,,254,4.7,,1014.3,,3
2025-05-21 01:00:00,14.8,8.5,66,0,,282,5,,1014.1,,3
2025-05-21 02:00:00,13.8,8,68,0,,268,6.8,,1014.5,,3
2025-05-21 03:00:00,13,8.5,74,0,,246,5.4,,1014.3,,3
2025-05-21 04:00:00,12.6,8.7,77,0,,218,6.8,,1014.2,,3
2025-05-21 05:00:00,12.5,9,79,0,,216,5,,1014.2,,3
2025-05-21 06:00:00,11.4,9.1,86,0,,223,5,,1014.2,,3
2025-05-21 07:00:00,13,10.9,87,0,,226,9,,1014.2,,3
2025-05-21 08:00:00,14.5,11.5,82,0,,223,8.6,,1014.5,,3
2025-05-21 09:00:00,16.2,11.1,72,0,,223,7.6,,1014,,3
2025-05-21 10:00:00,17.6,10.2,62,0,,214,7.9,,1013.6,,3
2025-05-21 11:00:00,16.4,9.6,64,0,,246,15.5,,1014.1,,9
2025-05-21 12:00:00,14,11.7,86,0,,316,16.6,,1014.6,,9
2025-05-21 13:00:00,14.2,12.9,92,0,,194,8.3,,1014.2,,9
2025-05-21 14:00:00,16.8,12.7,77,0.1,,196,6.1,,1013.1,,17
2025-05-21 15:00:00,18.4,12.2,67,0.8,,238,8.3,,1011.9,,17
2025-05-21 16:00:00,18.5,10.6,60,3.1,,252,10.8,,1011,,3
2025-05-21 17:00:00,14.5,12,85,0.6,,306,15.5,,1012.1,,9
2025-05-21 18:00:00,15.3,11.9,80,0,,135,5,,1011.7,,3
2025-05-21 19:00:00,14.1,11.3,83,4.7,,237,7.9,,1011.9,,8
2025-05-21 20:00:00,13.9,11.2,84,0.1,,184,6.5,,1011.6,,7
2025-05-21 21:00:00,13.4,11.3,87,0,,220,11.5,,1011.8,,3
2025-05-21 22:00:00,12.6,10.3,86,0.6,,233,13.7,,1012.8,,7
2025-05-21 23:00:00,11.8,10,89,3.9,,229,11.2,,1012.8,,8
2025-05-22 00:00:00,11.6,10.3,92,1.1,,245,13.3,,1012.7,,8
2025-05-22 01:00:00,11.3,10.2,93,0,,236,11.5,,1012.4,,8
2025-05-22 02:00:00,11,10.1,94,0,,225,7.6,,1011.7,,8
2025-05-22 03:00:00,10.4,9.9,97,0,,223,7.6,,1011.2,,3
2025-05-22 04:00:00,9.1,8.8,98,0,,240,7.2,,1010.8,,3
2025-05-22 05:00:00,8.4,8.1,98,0,,257,5.8,,1010.6,,3
2025-05-22 06:00:00,8.3,8,98,0,,251,5,,1010.9,,3
2025-05-22 07:00:00,9.5,9,97,0,,199,2.9,,1010.8,,3
2025-05-22 08:00:00,10.3,9.5,95,0,,171,4,,1011.1,,3
2025-05-22 09:00:00,11,9.7,92,0,,306,5,,1011.5,,7
2025-05-22 10:00:00,11.5,9.6,88,0.6,,304,9.4,,1011.3,,7
2025-05-22 11:00:00,12.1,9.1,82,0.2,,338,16.9,,1011.4,,8
2025-05-22 12:00:00,11.2,9.8,91,0,,350,14,,1012.2,,8
2025-05-22 13:00:00,12.7,9.2,79,0,,341,11.9,,1012.5,,3
2025-05-22 14:00:00,13.7,8.5,71,0,,336,15.8,,1012.2,,3
2025-05-22 15:00:00,14.5,6.6,59,0,,334,17.6,,1011.9,,3
2025-05-22 16:00:00,14.9,5.4,53,0,,340,18,,1012.1,,2
2025-05-22 17:00:00,14.9,4.3,49,0,,341,17.3,,1012.2,,2
2025-05-22 18:00:00,14.5,3.9,49,0,,334,19.1,,1012.7,,2
2025-05-22 19:00:00,13.4,4.3,54,0,,346,18,,1013.3,,2
2025-05-22 20:00:00,12.3,4.3,58,0,,347,11.2,,1014,,1
2025-05-22 21:00:00,10.4,4.3,66,0,,352,9,,1015,,2
2025-05-22 22:00:00,9.2,4.4,72,0,,348,7.2,,1015.9,,2
2025-05-22 23:00:00,8.1,4.1,76,0,,329,5.8,,1016.5,,3
2025-05-23 00:00:00,7.5,3.9,78,0,,290,5.4,,1016.6,,2
2025-05-23 01:00:00,7.1,4.2,82,0,,261,6.8,,1016.4,,3
2025-05-23 02:00:00,6.5,4.2,85,0,,249,6.1,,1016.4,,3
2025-05-23 03:00:00,5.7,4,89,0,,239,6.1,,1016,,2
2025-05-23 04:00:00,5.3,4.3,93,0,,219,7.2,,1016.1,,3
2025-05-23 05:00:00,6.3,4.6,89,0,,229,8.6,,1016.3,,3
2025-05-23 06:00:00,6.3,4.6,89,0,,219,9.4,,1016.5,,3
2025-05-23 07:00:00,6.8,5,88,0,,221,8.3,,1016.7,,2
2025-05-23 08:00:00,8.5,5.4,81,0,,241,7.2,,1017.1,,3
2025-05-23 09:00:00,8.9,4.7,75,0,,281,6.5,,1017.2,,2
2025-05-23 10:00:00,9.8,3.8,66,0,,328,7.9,,1017.3,,3
2025-05-23 11:00:00,11,3.8,61,0,,311,10.4,,1017.2,,2
2025-05-23 12:00:00,11.6,3.6,58,0,,306,11.2,,1017,,3
2025-05-23 13:00:00,12.5,2.9,52,0,,311,11.9,,1016.7,,3
2025-05-23 14:00:00,12.6,2.7,51,0,,311,11.5,,1016.8,,3
2025-05-23 15:00:00,13.5,2.4,47,0,,307,12.2,,1016.2,,3
2025-05-23 16:00:00,13.4,1.7,45,0,,313,13.3,,1016,,3
2025-05-23 17:00:00,13.4,1.4,44,0,,313,13.7,,1016.2,,3
2025-05-23 18:00:00,13,1.6,46,0,,313,13.3,,1016.7,,3
2025-05-23 19:00:00,12.5,2.1,49,0,,295,11.2,,1017,,3
2025-05-23 20:00:00,11.6,4.8,63,0,,244,6.1,,1017.6,,3
2025-05-23 21:00:00,9.8,3.3,64,0,,273,13,,1018,,3
2025-05-23 22:00:00,9.7,2.3,60,0,,342,10.8,,1019.6,,3
2025-05-23 23:00:00,8.3,3.2,70,0,,343,5.4,,1019.8,,3
2025-05-24 00:00:00,7.5,2.6,71,0,,216,3.2,,1020,,3
2025-05-24 01:00:00,7,2.9,75,0,,220,6.1,,1020.1,,3
2025-05-24 02:00:00,6.6,2.9,77,0,,222,6.5,,1020.1,,3
2025-05-24 03:00:00,5.2,2.7,84,0,,227,6.8,,1020.1,,3
2025-05-24 04:00:00,3.9,1.9,87,0,,224,7.2,,1019.7,,3
2025-05-24 05:00:00,3.1,1.5,89,0,,222,7.6,,1019.8,,1
2025-05-24 06:00:00,2.9,1.1,88,0,,226,6.8,,1019.7,,1
2025-05-24 07:00:00,5,2.2,82,0,,231,7.6,,1019.8,,3
2025-05-24 08:00:00,7.6,3.3,74,0,,230,5.4,,1020.1,,3
2025-05-24 09:00:00,10.3,4,65,0,,241,6.5,,1020,,2
2025-05-24 10:00:00,12.2,2.1,50,0,,266,9.4,,1019.9,,3
2025-05-24 11:00:00,12.7,1.7,47,0,,267,11.5,,1019.9,,3
2025-05-24 12:00:00,13.2,1.2,44,0,,264,11.2,,1019.5,,3
2025-05-24 13:00:00,14.6,1.1,40,0,,254,10.1,,1018.9,,3
2025-05-24 14:00:00,15.7,0.7,36,0,,259,8.6,,1018.1,,3
2025-05-24 15:00:00,17.2,-1,29,0,,270,12.6,,1017.1,,3
2025-05-24 16:00:00,17.3,-0.9,29,0,,255,12.6,,1017.1,,3
2025-05-24 17:00:00,15.6,1,37,0,,250,16.9,,1017.2,,3
2025-05-24 18:00:00,14.4,1.6,42,0,,260,17.3,,1017.6,,3
2025-05-24 19:00:00,13.7,2.9,48,0,,257,10.8,,1017.6,,3
2025-05-24 20:00:00,12.6,3.8,55,0,,244,11.2,,1018.1,,3
2025-05-24 21:00:00,11.6,3.1,56,0,,248,10.8,,1019.1,,3
2025-05-24 22:00:00,10.7,4.2,64,0,,218,8.6,,1019.5,,8
2025-05-24 23:00:00,10.3,4.9,69,0,,190,11.2,,1019.4,,8
2025-05-25 00:00:00,10.1,5.5,73,0.1,,187,14,,1018.7,,7
2025-05-25 01:00:00,10.1,5.5,73,0,,216,15.5,,1018.5,,3
2025-05-25 02:00:00,10,5.8,75,0.1,,213,15.8,,1018.5,,3
2025-05-25 03:00:00,9.7,7.6,87,0.9,,211,16.6,,1018,,8
2025-05-25 04:00:00,9.6,8,90,0.3,,221,17.3,,1017.6,,8
2025-05-25 05:00:00,9.6,8,90,0,,217,16.6,,1017.2,,3
2025-05-25 06:00:00,9.8,8.1,89,0,,215,16.2,,1016.9,,3
2025-05-25 07:00:00,10.3,8.2,87,0,,216,15.8,,1016.6,,3
2025-05-25 08:00:00,11.1,8.5,84,0.2,,218,15.1,,1016.6,,3
2025-05-25 09:00:00,11.5,8.7,83,0.6,,220,15.8,,1016.8,,8
2025-05-25 10:00:00,11.8,9.7,87,0.2,,224,15.8,,1016.9,,9
2025-05-25 11:00:00,12.6,10.3,86,0.8,,222,15.8,,1016.4,,8
2025-05-25 12:00:00,15.4,11.4,77,0.3,,216,16.2,,1015.7,,3
2025-05-25 13:00:00,16,10.7,71,0,,234,23,,1015.5,,3
2025-05-25 14:00:00,17.5,10.4,63,0,,245,20.5,,1014.8,,3
2025-05-25 15:00:00,18,10.1,60,0,,249,19.4,,1014.4,,3
2025-05-25 16:00:00,18.6,9.9,57,0,,259,20.9,,1014.3,,3
2025-05-25 17:00:00,18.7,10,57,0,,259,20.2,,1014.2,,17
2025-05-25 18:00:00,18.7,9.7,56,0,,256,20.5,,1013.7,,3
2025-05-25 19:00:00,17.3,10.2,63,0,,247,18,,1014.3,,3
2025-05-25 20:00:00,16.3,10.8,70,0,,243,13,,1014.7,,2
2025-05-25 21:00:00,15.4,10.4,72,0,,236,14.8,,1014.9,,2
2025-05-25 22:00:00,14.3,9.9,75,0,,241,13.7,,1015.6,,2
2025-05-25 23:00:00,12.9,10.1,83,0,,238,14.4,,1016.2,,3
2025-05-26 00:00:00,12.7,10.2,85,0,,236,14,,1016.5,,3
2025-05-26 01:00:00,12.3,10.4,88,0,,229,13.3,,1016.8,,7
2025-05-26 02:00:00,12.3,10.4,88,0.1,,232,13.7,,1016.7,,7
2025-05-26 03:00:00,11.8,10.5,92,0,,232,13.3,,1016.8,,9
2025-05-26 04:00:00,12.1,10,87,0,,223,11.9,,1017.3,,8
2025-05-26 05:00:00,11.8,10,89,0,,221,10.4,,1017.5,,3
2025-05-26 06:00:00,11.8,10.2,90,0,,242,12.2,,1018,,8
2025-05-26 07:00:00,12.2,10.3,88,0,,264,12.6,,1018.4,,7
2025-05-26 08:00:00,12.6,9.2,80,0,,270,9,,1018.9,,3
2025-05-26 09:00:00,12.7,8.2,74,0,,230,11.5,,1019.5,,3
2025-05-26 10:00:00,13.8,7.8,67,0,,256,13.7,,1019.6,,3
2025-05-26 11:00:00,15.3,7.3,59,0,,264,14.8,,1019.5,,3
2025-05-26 12:00:00,16.3,6.7,53,0,,273,18.4,,1019.3,,3
2025-05-26 13:00:00,16.4,7.1,54,0,,270,18.7,,1019.2,,3
2025-05-26 14:00:00,16.4,7.1,54,0,,271,18.4,,1019.3,,3
2025-05-26 15:00:00,17.5,6.4,48,0,,272,18.4,,1019.1,,3
2025-05-26 16:00:00,17.5,5.7,46,0,,271,18,,1018.9,,3
2025-05-26 17:00:00,17.9,5.1,43,0,,272,17.3,,1018.5,,3
2025-05-26 18:00:00,17.6,4.9,43,0,,278,15.8,,1018.5,,3
2025-05-26 19:00:00,16,5.3,49,0,,298,15.1,,1019.3,,3
2025-05-26 20:00:00,14.9,6.2,56,0,,309,10.1,,1020,,2
2025-05-26 21:00:00,12.6,6.2,65,0,,316,7.6,,1020.5,,3
2025-05-26 22:00:00,11.4,6.1,70,0,,307,5.8,,1021.5,,3
2025-05-26 23:00:00,11.1,6,71,0,,257,4.3,,1021.9,,3
2025-05-27 00:00:00,9.8,6.3,79,0,,223,6.1,,1022.2,,3
2025-05-27 01:00:00,8.6,6.1,84,0,,213,6.8,,1021.9,,3
2025-05-27 02:00:00,8.4,5.9,84,0,,222,6.1,,1021.5,,3
2025-05-27 03:00:00,8.6,5.7,82,0,,226,5.8,,1021.2,,3
2025-05-27 04:00:00,8.6,5.5,81,0,,217,6.8,,1021.1,,3
2025-05-27 05:00:00,8.6,4.8,77,0,,243,7.9,,1020.9,,3
2025-05-27 06:00:00,8.5,4.9,78,0,,230,7.6,,1021.1,,3
2025-05-27 07:00:00,9.5,5.5,76,0,,224,8.3,,1021.2,,3
2025-05-27 08:00:00,11,6.5,74,0,,233,8.3,,1021.8,,3
2025-05-27 09:00:00,12.4,6.9,69,0.3,,231,7.2,,1022.1,,3
2025-05-27 10:00:00,12.5,7,69,0,,208,6.5,,1022.4,,3
2025-05-27 11:00:00,15.9,6.3,53,0,,236,10.4,,1022.1,,3
2025-05-27 12:00:00,16.7,5.6,48,0,,255,14.8,,1021.6,,3
2025-05-27 13:00:00,16.8,5.7,48,0,,253,14.4,,1021.5,,3
2025-05-27 14:00:00,17.5,6.1,47,0,,255,15.1,,1021.2,,3
2025-05-27 15:00:00,17.7,6.2,47,0,,260,16.9,,1021,,3
2025-05-27 16:00:00,17.2,7.3,52,0,,260,16.6,,1020.9,,3
2025-05-27 17:00:00,18.1,7.2,49,0,,257,16.9,,1020.6,,3
2025-05-27 18:00:00,17.4,7.4,52,0,,253,15.5,,1020.6,,3
2025-05-27 19:00:00,17.3,7.6,53,0,,243,14.8,,1020.5,,3
2025-05-27 20:00:00,16.4,8.1,58,0,,232,11.9,,1020.7,,3
2025-05-27 21:00:00,14.8,7.8,63,0,,224,11.9,,1020.5,,3
2025-05-27 22:00:00,14.2,7.9,66,0,,219,12.6,,1020.7,,3
2025-05-27 23:00:00,14.1,7.8,66,0,,218,13.7,,1020.7,,3
2025-05-28 00:00:00,14,8,67,0,,228,13.7,,1020.7,,3
2025-05-28 01:00:00,13.3,7.7,69,0,,218,14,,1020.6,,3
2025-05-28 02:00:00,13.1,7.8,70,0,,220,14.8,,1020.4,,3
2025-05-28 03:00:00,13.1,7.5,69,0,,214,15.5,,1019.8,,3
2025-05-28 04:00:00,13.4,7.4,67,0,,218,16.6,,1019.4,,3
2025-05-28 05:00:00,13.3,7.5,68,0,,219,16.6,,1019.4,,3
2025-05-28 06:00:00,13.9,8.7,71,0,,228,18.7,,1018.8,,3
2025-05-28 07:00:00,14.4,9.6,73,0,,239,19.8,,1018.4,,3
2025-05-28 08:00:00,15.2,10.2,72,0,,236,19.4,,1018.2,,7
2025-05-28 09:00:00,15.7,10.2,70,0,,236,22,,1018.6,,3
2025-05-28 10:00:00,16.3,10.4,68,0,,239,25.6,,1018.6,,7
2025-05-28 11:00:00,16.1,10.8,71,0,,240,23.4,,1018.6,,3
2025-05-28 12:00:00,16.1,10.4,69,0,,244,23.4,,1018.6,,7
2025-05-28 13:00:00,15.5,10.9,74,0,,243,22.3,,1018.7,,8
2025-05-28 14:00:00,15.2,11.2,77,0.6,,245,23,,1018.5,,8
2025-05-28 15:00:00,16.7,10.8,68,0.4,,257,27.4,,1018.3,,7
2025-05-28 16:00:00,14.7,12.2,85,0,,247,23,,1018.5,,17
2025-05-28 17:00:00,16.2,12,76,0,,252,23.8,,1018.2,,7
2025-05-28 18:00:00,15.5,11.5,77,0,,255,23,,1018.4,,9
2025-05-28 19:00:00,14.8,11.8,82,0,,251,22.7,,1018.6,,3
2025-05-28 20:00:00,14.2,11.5,84,0,,243,21.2,,1019.4,,17
2025-05-28 21:00:00,13.4,10.4,82,0,,255,18,,1020,,17
2025-05-28 22:00:00,13.1,10.3,83,0.2,,258,16.6,,1021,,17
2025-05-28 23:00:00,12.3,11,92,0,,259,18,,1021.3,,17
2025-05-29 00:00:00,11.7,10.8,94,0.4,,260,18,,1022,,17
2025-05-29 01:00:00,11.9,10.8,93,0,,260,16.6,,1022.1,,3
2025-05-29 02:00:00,11.1,10.3,95,0,,261,13.7,,1022.5,,2
2025-05-29 03:00:00,10.8,10,95,0,,263,12.6,,1022.8,,3
2025-05-29 04:00:00,10.3,9.7,96,0,,258,10.4,,1023,,3
2025-05-29 05:00:00,10.1,9.5,96,0,,248,9.4,,1023.5,,3
2025-05-29 06:00:00,10,9.5,97,0,,239,10.1,,1024.3,,3
2025-05-29 07:00:00,11.2,10.1,93,0,,229,12.2,,1024.5,,3
2025-05-29 08:00:00,12,10.1,88,0,,234,12.6,,1024.9,,3
2025-05-29 09:00:00,12.9,10.3,84,0,,244,11.2,,1025.4,,3
2025-05-29 10:00:00,13.4,10.4,82,0,,242,11.5,,1025.2,,3
2025-05-29 11:00:00,15.1,10.1,72,0,,261,13.7,,1024.9,,3
2025-05-29 12:00:00,16.7,9.1,61,0,,269,11.5,,1024.6,,17
2025-05-29 13:00:00,18,8.3,53,0,,265,13.3,,1024.4,,3
2025-05-29 14:00:00,17.8,8.4,54,0,,258,12.6,,1024.3,,3
2025-05-29 15:00:00,18.6,8,50,0,,266,13,,1024,,3
2025-05-29 16:00:00,18.2,7.9,51,0,,265,13.3,,1023.9,,3
2025-05-29 17:00:00,18.6,8,50,0,,259,10.8,,1023.7,,3
2025-05-29 18:00:00,18.1,8.6,54,0,,250,10.8,,1023.4,,3
2025-05-29 19:00:00,18.2,8.7,54,0,,249,11.2,,1023.3,,3
2025-05-29 20:00:00,17,10.1,64,0,,237,8.3,,1023.5,,3
2025-05-29 21:00:00,15.6,9.9,69,0,,222,7.2,,1023.6,,3
2025-05-29 22:00:00,13.5,8.5,72,0,,195,6.8,,1023.8,,2
2025-05-29 23:00:00,12.9,8.6,75,0,,207,7.9,,1024,,2
2025-05-30 00:00:00,11.9,8.6,80,0,,228,7.2,,1024.2,,2
2025-05-30 01:00:00,11.1,8.5,84,0,,234,7.2,,1024.3,,2
2025-05-30 02:00:00,10.3,8.4,88,0,,235,6.8,,1024.3,,1
2025-05-30 03:00:00,9.9,8,88,0,,229,7.2,,1024.2,,1
2025-05-30 04:00:00,9.6,7.9,89,0,,223,7.6,,1024.2,,1
2025-05-30 05:00:00,9.6,7.9,89,0,,226,7.6,,1024.1,,1
2025-05-30 06:00:00,9.8,8.1,89,0,,232,7.9,,1024.1,,1
2025-05-30 07:00:00,11.6,8.6,82,0,,234,8.6,,1023.9,,1
2025-05-30 08:00:00,14.4,10,75,0,,250,6.8,,1024,,2
2025-05-30 09:00:00,17.2,11.5,69,0,,260,4.7,,1024,,3
2025-05-30 10:00:00,19.8,11,57,0,,246,5.8,,1023.4,,3
2025-05-30 11:00:00,21.1,10.9,52,0,,256,6.1,,1023,,2
2025-05-30 12:00:00,22.1,11.2,50,0,,271,7.2,,1022.7,,1
2025-05-30 13:00:00,23,11.7,49,0,,242,6.5,,1022.2,,1
2025-05-30 14:00:00,23.8,12.4,49,0,,244,6.5,,1021.8,,1
2025-05-30 15:00:00,24.5,12.8,48,0,,240,6.8,,1021.4,,1
2025-05-30 16:00:00,25,13.2,48,0,,242,6.5,,1020.9,,1
2025-05-30 17:00:00,25.4,13.3,47,0,,257,5.8,,1020.6,,1
2025-05-30 18:00:00,25.2,13.1,47,0,,338,9,,1020.5,,2
2025-05-30 19:00:00,24.3,13.8,52,0,,354,6.5,,1020.5,,1
2025-05-30 20:00:00,22.6,15.7,65,0,,24,5.8,,1020.7,,1
2025-05-30 21:00:00,20.2,14.1,68,0,,99,6.5,,1020.6,,1
2025-05-30 22:00:00,18.4,13.7,74,0,,146,5,,1020.8,,1
2025-05-30 23:00:00,17.1,13.6,80,0,,156,5,,1020.8,,1
2025-05-31 00:00:00,15.8,13.3,85,0,,201,5.8,,1020.7,,1
2025-05-31 01:00:00,14.6,12.8,89,0,,217,6.5,,1020.6,,1
2025-05-31 02:00:00,13.6,12,90,0,,220,5.8,,1020.8,,1
2025-05-31 03:00:00,12.7,11.1,90,0,,223,5,,1020.7,,1
2025-05-31 04:00:00,12.7,10.1,84,0,,236,5.4,,1020.4,,1
2025-05-31 05:00:00,12.6,9.6,82,0,,232,6.8,,1020.2,,2
2025-05-31 06:00:00,13,9.6,80,0,,227,6.8,,1020.3,,3
2025-05-31 07:00:00,14.8,10.8,77,0,,263,7.6,,1020.3,,3
2025-05-31 08:00:00,16.5,11.4,72,0,,260,5.8,,1020.2,,3
2025-05-31 09:00:00,18.9,12.4,66,0,,245,4.3,,1020.4,,3
2025-05-31 10:00:00,22.2,12.7,55,0,,257,2.9,,1020.4,,3
2025-05-31 11:00:00,24.8,12.7,47,0,,283,3.6,,1019.9,,3
2025-05-31 12:00:00,26.3,12.3,42,0,,278,5.4,,1019.6,,2
2025-05-31 13:00:00,27.2,12,39,0,,272,7.6,,1019,,1
2025-05-31 14:00:00,27.8,11.8,37,0,,261,7.6,,1018.4,,2
2025-05-31 15:00:00,28.2,11.3,35,0,,267,6.8,,1017.7,,2
2025-05-31 16:00:00,28.5,10.6,33,0,,273,6.5,,1017.1,,2
2025-05-31 17:00:00,28.6,11.2,34,0,,289,8.6,,1016.9,,3
2025-05-31 18:00:00,24.4,13.9,52,0,,325,18.7,,1018.5,,8
2025-05-31 19:00:00,20.6,14.7,69,0,,6,21.2,,1019.8,,8
2025-05-31 20:00:00,22.9,14.2,58,4.6,,34,12.6,,1018.3,,3
2025-05-31 21:00:00,20.1,14.7,71,3.3,,66,5.8,,1018.1,,3
2025-05-31 22:00:00,18.9,14.4,75,1.1,,354,3.6,,1018.5,,3
2025-05-31 23:00:00,18,14.3,79,0,,218,3.2,,1018.5,,3
2025-06-01 00:00:00,17.4,14.1,81,0,,205,6.5,,1018.1,,3
2025-06-01 01:00:00,15.3,14.5,95,0,,217,7.6,,1017.8,,3
2025-06-01 02:00:00,15,14.2,95,0,,222,9,,1017.2,,3
2025-06-01 03:00:00,14.5,13.4,93,0,,232,10.1,,1016.9,,3
2025-06-01 04:00:00,14.4,12.8,90,0,,229,10.1,,1016.7,,3
2025-06-01 05:00:00,14.9,12.6,86,0,,222,12.2,,1016.6,,3
2025-06-01 06:00:00,15.9,13.7,87,0,,158,5,,1017.6,,9
2025-06-01 07:00:00,16.4,14,86,0,,153,6.8,,1017.5,,3
2025-06-01 08:00:00,18.5,14.8,79,0,,183,7.2,,1017.1,,3
2025-06-01 09:00:00,21,14.9,68,0,,213,11.9,,1016.7,,3
2025-06-01 10:00:00,22.9,15,61,0,,235,15.5,,1016.3,,3
2025-06-01 11:00:00,24.4,13.9,52,0,,242,16.9,,1016.3,,3
2025-06-01 12:00:00,25.4,13.6,48,0,,244,14.8,,1015.9,,3
2025-06-01 13:00:00,26,13.5,46,0,,246,15.5,,1015.3,,3
2025-06-01 14:00:00,26.3,13.7,46,0,,244,16.6,,1014.6,,3
2025-06-01 15:00:00,26.5,12.9,43,0,,244,18.4,,1013.9,,3
2025-06-01 16:00:00,25.1,14.5,52,0,,285,18.4,,1014.4,,3
2025-06-01 17:00:00,24,15.5,59,0,,320,11.9,,1014.1,,3
2025-06-01 18:00:00,23.1,14.6,59,0,,303,14.8,,1014.5,,8
2025-06-01 19:00:00,20,15.4,75,0,,218,8.3,,1014.9,,8
2025-06-01 20:00:00,20.4,15.8,75,0,,184,6.5,,1015,,3
2025-06-01 21:00:00,19,15.5,80,0,,186,6.5,,1015.2,,3
2025-06-01 22:00:00,18.5,14.8,79,0,,214,10.4,,1015.9,,3
2025-06-01 23:00:00,18.3,15,81,0,,220,10.1,,1015.9,,8
2025-06-02 00:00:00,17.7,15.3,86,2.5,,224,11.9,,1016.2,,7
2025-06-02 01:00:00,17.3,15.3,88,3.7,,240,11.9,,1016.1,,3
2025-06-02 02:00:00,16.3,15.3,94,2.9,,244,11.9,,1016.6,,3
2025-06-02 03:00:00,15.6,15,96,0,,248,9.4,,1016.7,,7
2025-06-02 04:00:00,15.4,14.9,97,1.4,,235,9.7,,1016.5,,3
2025-06-02 05:00:00,15.5,14.9,96,0,,235,7.2,,1016.5,,7
2025-06-02 06:00:00,15.8,14.8,94,0,,231,10.4,,1016.9,,8
2025-06-02 07:00:00,15,14.5,97,0,,235,9,,1017.1,,8
2025-06-02 08:00:00,15.9,14.6,92,1.3,,228,12.2,,1017.3,,3
2025-06-02 09:00:00,16.9,14.7,87,3.1,,229,12.2,,1017.5,,7
2025-06-02 10:00:00,17.2,14.8,86,2.1,,242,8.3,,1017.6,,7
2025-06-02 11:00:00,18.1,15,82,1,,249,7.2,,1017.4,,7
2025-06-02 12:00:00,19.7,14.7,73,0,,244,6.5,,1017.3,,7
2025-06-02 13:00:00,20.1,14,68,0,,244,8.3,,1016.8,,3
2025-06-02 14:00:00,21.2,13.1,60,0,,230,15.1,,1016,,3
2025-06-02 15:00:00,20.6,13.8,65,0.7,,242,15.1,,1015.8,,8
2025-06-02 16:00:00,20.3,14.4,69,0.1,,270,19.1,,1015.6,,18
2025-06-02 17:00:00,18,15.4,85,1.7,,263,8.6,,1015.8,,9
2025-06-02 18:00:00,18.4,15.3,82,0.6,,288,11.2,,1015.7,,7
2025-06-02 19:00:00,18.1,15,82,0.4,,265,10.4,,1016.1,,3
2025-06-02 20:00:00,16.2,14.6,90,0,,254,9.7,,1017,,9
2025-06-02 21:00:00,15.7,14.7,94,0.2,,210,6.1,,1017.2,,7
2025-06-02 22:00:00,15,13.7,92,0,,235,7.2,,1017.7,,3
2025-06-02 23:00:00,14.7,13.9,95,0,,231,7.6,,1017.7,,3
2025-06-03 00:00:00,13.9,13.3,96,0,,213,7.2,,1017.8,,7
2025-06-03 01:00:00,13.6,13.1,97,0,,209,6.1,,1017.6,,3
2025-06-03 02:00:00,13.2,12.9,98,0,,219,5.8,,1017.4,,3
2025-06-03 03:00:00,12.7,12.4,98,0,,218,5.4,,1017.2,,5
2025-06-03 04:00:00,12.8,12.5,98,0,,217,5,,1017.2,,5
2025-06-03 05:00:00,12.5,12.2,98,0,,212,6.1,,1017.1,,5
2025-06-03 06:00:00,12.9,12.4,97,0,,202,6.5,,1017,,3
2025-06-03 07:00:00,13.8,13.2,96,0,,202,5.4,,1016.8,,3
2025-06-03 08:00:00,14.8,13.3,91,0,,194,3.6,,1016.5,,3
2025-06-03 09:00:00,16.5,13.2,81,0,,171,5,,1016.5,,3
2025-06-03 10:00:00,18,12.9,72,0,,204,7.6,,1015.8,,3
2025-06-03 11:00:00,19.3,12.6,65,0,,223,11.9,,1015.1,,7
2025-06-03 12:00:00,20.1,13.1,64,0,,227,13.3,,1014.7,,8
2025-06-03 13:00:00,21,13.9,64,0,,233,11.5,,1014.4,,7
2025-06-03 14:00:00,21.8,13.4,59,0,,237,14.4,,1014,,3
2025-06-03 15:00:00,22,12.8,56,0,,238,17.3,,1013.3,,3
2025-06-03 16:00:00,21.5,13.1,59,0,,240,18.4,,1013.1,,7
2025-06-03 17:00:00,21.2,14.1,64,0,,237,14.4,,1013,,3
2025-06-03 18:00:00,22,13.9,60,0,,220,16.6,,1012.3,,3
2025-06-03 19:00:00,20.8,14.7,68,0.1,,213,12.6,,1012.3,,3
2025-06-03 20:00:00,19.8,14.4,71,0,,220,13,,1012.9,,3
2025-06-03 21:00:00,18.8,13.9,73,0,,217,13.3,,1012.7,,3
2025-06-03 22:00:00,17.7,13.8,78,0,,208,13.3,,1013.3,,3
2025-06-03 23:00:00,16.6,12.3,76,0,,209,13,,1013.5,,3
2025-06-04 00:00:00,15.4,12.3,82,0,,206,12.6,,1013.5,,3
2025-06-04 01:00:00,14.5,12.4,87,0,,216,13.3,,1013.2,,2
2025-06-04 02:00:00,14.4,12.4,88,0,,225,12.6,,1013,,3
2025-06-04 03:00:00,14.6,12.8,89,0.1,,219,12.6,,1012.7,,3
2025-06-04 04:00:00,14.9,13.4,91,0.1,,196,11.5,,1012.7,,3
2025-06-04 05:00:00,14.1,12.5,90,0.1,,208,8.6,,1011.8,,3
2025-06-04 06:00:00,14.1,12.7,91,0,,254,7.2,,1011.8,,7
2025-06-04 07:00:00,14.6,13.3,92,0.2,,213,10.4,,1012.7,,8
2025-06-04 08:00:00,14.7,13.9,95,0.2,,213,11.2,,1012.4,,8
2025-06-04 09:00:00,17,15.2,89,4.7,,196,12.6,,1012.3,,9
2025-06-04 10:00:00,16.9,15.1,89,0.5,,182,11.9,,1011.9,,8
2025-06-04 11:00:00,19,16,83,0.2,,220,8.6,,1011.7,,3
2025-06-04 12:00:00,19.8,16.4,81,0,,229,9,,1011.3,,8
2025-06-04 13:00:00,20.3,16.3,78,0,,204,12.6,,1011.2,,8
2025-06-04 14:00:00,21.5,15.1,67,0.3,,221,13.3,,1010.5,,7
2025-06-04 15:00:00,22.1,15,64,0,,234,14.8,,1009.8,,3
2025-06-04 16:00:00,19.8,15.8,78,0,,244,14.4,,1010.1,,18
2025-06-04 17:00:00,18.9,15.4,80,0,,246,13.3,,1010.3,,7
2025-06-04 18:00:00,19,15.1,78,0,,251,10.1,,1009.9,,3
2025-06-04 19:00:00,18.4,14.7,79,3.6,,243,15.1,,1010.6,,7
2025-06-04 20:00:00,17.4,14.7,84,1.1,,251,15.5,,1010.7,,7
2025-06-04 21:00:00,16.7,14.5,87,0,,236,14,,1011.3,,3
2025-06-04 22:00:00,15.8,14.2,90,0,,227,11.5,,1011.8,,3
2025-06-04 23:00:00,15.3,13.7,90,0,,219,12.6,,1012.6,,3
2025-06-05 00:00:00,15.1,12.6,85,0,,222,14,,1013.3,,3
2025-06-05 01:00:00,14.9,12.6,86,0,,225,13.7,,1013.4,,3
2025-06-05 02:00:00,14.6,12.3,86,0,,224,11.9,,1013.8,,3
2025-06-05 03:00:00,13.3,11.7,90,0,,219,10.8,,1013.8,,2
2025-06-05 04:00:00,12.8,11.2,90,0,,226,10.8,,1013.8,,2
2025-06-05 05:00:00,12.3,10.9,91,0,,221,10.8,,1014.1,,2
2025-06-05 06:00:00,12.4,11,91,0,,217,11.5,,1014.3,,2
2025-06-05 07:00:00,13.5,11.7,89,0,,221,11.9,,1014.8,,3
2025-06-05 08:00:00,14.6,11.9,84,0,,214,13,,1014.7,,3
2025-06-05 09:00:00,15.5,11.5,77,0,,222,12.6,,1014.8,,3
2025-06-05 10:00:00,16.9,11,68,0,,232,14.4,,1014.8,,3
2025-06-05 11:00:00,17.6,10.5,63,0,,242,17.3,,1014.4,,3
2025-06-05 12:00:00,18.2,10.6,61,0,,245,19.1,,1014.1,,3
2025-06-05 13:00:00,19,11.1,60,0,,243,20.2,,1013.7,,3
2025-06-05 14:00:00,19.6,10.8,57,0,,243,23,,1013.5,,3
2025-06-05 15:00:00,19.3,10.8,58,0,,243,21.6,,1013.7,,3
2025-06-05 16:00:00,18.1,10.9,63,0,,236,18.4,,1013.9,,3
2025-06-05 17:00:00,18,11.3,65,0,,230,14,,1013.4,,3
2025-06-05 18:00:00,18.3,11.4,64,0,,233,15.1,,1013.3,,3
2025-06-05 19:00:00,17.9,11.2,65,0,,230,14.4,,1013.2,,3
2025-06-05 20:00:00,17.2,11.9,71,0,,226,12.2,,1013.3,,3
2025-06-05 21:00:00,16,11.6,75,0,,211,11.9,,1013.5,,3
2025-06-05 22:00:00,15.9,11.3,74,0,,208,13.7,,1013.6,,3
2025-06-05 23:00:00,15.9,11.3,74,0,,212,14.4,,1013.4,,3
2025-06-06 00:00:00,15.3,11.5,78,0,,213,15.1,,1013.1,,3
2025-06-06 01:00:00,15.3,11.7,79,0,,213,14,,1012.9,,3
2025-06-06 02:00:00,15.2,11.8,80,0,,213,14.4,,1012.6,,3
2025-06-06 03:00:00,15.5,11.9,79,0,,218,16.9,,1012.7,,3
2025-06-06 04:00:00,15.6,11.8,78,0,,219,18.7,,1012.3,,3
2025-06-06 05:00:00,16,11.2,73,0,,221,19.8,,1012.3,,2
2025-06-06 06:00:00,16.4,10.9,70,0,,228,19.8,,1012.6,,3
2025-06-06 07:00:00,16.4,11.8,74,0,,227,20.5,,1013.1,,3
2025-06-06 08:00:00,17.3,12.4,73,0,,228,19.8,,1013.3,,3
2025-06-06 09:00:00,18.3,12.7,70,0,,228,21.6,,1013.4,,3
2025-06-06 10:00:00,19,12.7,67,0,,236,24.8,,1013.7,,3
2025-06-06 11:00:00,19.6,13.3,67,0,,238,25.2,,1013.8,,3
2025-06-06 12:00:00,20.2,12.9,63,0,,243,25.9,,1013.8,,3
2025-06-06 13:00:00,21,13.2,61,0,,243,27.4,,1013.8,,3
2025-06-06 14:00:00,21,13.4,62,0,,247,26.6,,1014,,17
2025-06-06 15:00:00,21,13.4,62,0,,251,26.3,,1014.1,,17
2025-06-06 16:00:00,18.8,14.5,76,0,,238,22.7,,1015.2,,17
2025-06-06 17:00:00,20,14.8,72,0,,239,19.4,,1014.3,,3
2025-06-06 18:00:00,19.6,14.2,71,0,,245,17.6,,1014.3,,3
2025-06-06 19:00:00,19.4,14.4,73,0,,242,14.8,,1014.3,,3
2025-06-06 20:00:00,18.7,14.2,75,0,,238,15.1,,1014.4,,3
2025-06-06 21:00:00,17.3,13.8,80,0.5,,221,10.4,,1014.7,,3
2025-06-06 22:00:00,16,13.5,85,0.2,,217,10.4,,1014.9,,3
2025-06-06 23:00:00,16.7,13,79,0,,217,14,,1015.2,,3
2025-06-07 00:00:00,16.6,12.9,79,0,,223,14.4,,1015,,3
2025-06-07 01:00:00,15.9,12.8,82,0,,221,14.4,,1014.9,,3
2025-06-07 02:00:00,15.3,13,86,0,,229,11.9,,1014.7,,3
2025-06-07 03:00:00,14.9,13.1,89,0,,221,12.6,,1014.4,,3
2025-06-07 04:00:00,14.8,13,89,0,,212,13,,1014.1,,3
2025-06-07 05:00:00,14.6,12.8,89,0,,219,11.9,,1013.8,,3
2025-06-07 06:00:00,14.7,12.9,89,0,,208,11.9,,1013.9,,3
2025-06-07 07:00:00,15.3,13.7,90,0,,212,13.3,,1013.4,,3
2025-06-07 08:00:00,16.5,13.8,84,0,,220,13.3,,1013.3,,3
2025-06-07 09:00:00,17.3,13.2,77,0,,236,18,,1013.3,,8
2025-06-07 10:00:00,16.5,13.2,81,0,,238,18.4,,1013.6,,8
2025-06-07 11:00:00,16.6,13.3,81,0.2,,237,15.5,,1013.7,,7
2025-06-07 12:00:00,18.7,12.4,67,0,,249,23,,1012.9,,7
2025-06-07 13:00:00,18,12.7,71,0,,250,20.2,,1012.9,,8
2025-06-07 14:00:00,18.9,12.4,66,0,,254,25.2,,1012.9,,3
2025-06-07 15:00:00,17.6,10,61,0.9,,254,22.7,,1013,,3
2025-06-07 16:00:00,16.7,9.6,63,0.6,,252,20.2,,1013,,3
2025-06-07 17:00:00,16.7,11,69,0,,240,17.6,,1013.3,,3
2025-06-07 18:00:00,17.5,10.4,63,0,,248,18.7,,1013,,2
2025-06-07 19:00:00,17.3,10.7,65,0,,246,15.5,,1013,,3
2025-06-07 20:00:00,16.6,11.3,71,0,,236,12.6,,1013.4,,2
2025-06-07 21:00:00,15.5,10.9,74,0,,230,11.2,,1013.6,,2
2025-06-07 22:00:00,14.6,10.2,75,0,,216,11.5,,1014.1,,3
2025-06-07 23:00:00,13.8,10,78,0,,207,13,,1014.1,,3
2025-06-08 00:00:00,13.8,10.2,79,0,,214,14.8,,1013.9,,2
2025-06-08 01:00:00,14.4,10.4,77,0,,224,14.8,,1013.5,,3
2025-06-08 02:00:00,14.5,10.5,77,0,,226,14.8,,1013.2,,3
2025-06-08 03:00:00,14.1,10.9,81,0,,231,15.8,,1013.2,,3
2025-06-08 04:00:00,14.2,10.6,79,0,,232,18.7,,1012.7,,3
2025-06-08 05:00:00,13.8,10.2,79,0,,236,18.4,,1013,,3
2025-06-08 06:00:00,13.4,10,80,0,,235,19.4,,1013.3,,2
2025-06-08 07:00:00,13.7,10.3,80,0,,236,20.2,,1013.7,,3
2025-06-08 08:00:00,14.3,10.7,79,0,,239,23,,1014,,3
2025-06-08 09:00:00,14.9,11.1,78,0,,242,23.4,,1014.5,,17
2025-06-08 10:00:00,14.1,10.7,80,1.5,,245,26.6,,1014.9,,18
2025-06-08 11:00:00,14.6,10.8,78,2.1,,256,24.1,,1015.3,,18
2025-06-08 12:00:00,15.5,10,70,1.4,,263,24.8,,1016,,17
2025-06-08 13:00:00,15.3,9.4,68,0,,272,22.7,,1016.6,,17
2025-06-08 14:00:00,14.9,9.3,69,0,,261,23.4,,1017.7,,17
2025-06-08 15:00:00,15.7,8.7,63,0,,265,26.6,,1017.5,,17
2025-06-08 16:00:00,15.7,7.7,59,4.1,,272,24.1,,1018.2,,17
2025-06-08 17:00:00,15.6,7.4,58,0,,270,22.7,,1018.9,,2
2025-06-08 18:00:00,15,7.8,62,0,,272,21.2,,1019.6,,17
2025-06-08 19:00:00,14.3,7.8,65,0,,268,18.4,,1020.5,,3
2025-06-08 20:00:00,13.3,7.7,69,0,,268,16.2,,1021.8,,17
2025-06-08 21:00:00,12.5,7.4,71,0,,260,14,,1022.6,,2
2025-06-08 22:00:00,11.4,6.9,74,0,,254,13.7,,1023.8,,1
2025-06-08 23:00:00,10.3,7.2,81,0,,240,10.1,,1024.5,,1
2025-06-09 00:00:00,9.4,6.8,84,0,,236,7.9,,1024.9,,1
2025-06-09 01:00:00,8.4,6.5,88,0,,258,6.5,,1024.8,,1
2025-06-09 02:00:00,7.6,5.9,89,0,,254,5.8,,1024.8,,1
2025-06-09 03:00:00,7.2,5.5,89,0,,203,8.3,,1025.3,,1
2025-06-09 04:00:00,6.9,5.2,89,0,,208,7.9,,1025.1,,1
2025-06-09 05:00:00,6.6,4.9,89,0,,220,7.9,,1025.4,,1
2025-06-09 06:00:00,6.8,5.1,89,0,,230,7.2,,1025.6,,1
2025-06-09 07:00:00,8.5,6.5,87,0,,239,7.6,,1025.6,,1
2025-06-09 08:00:00,10.6,7.8,83,0,,250,4.7,,1025.7,,1
2025-06-09 09:00:00,13.2,8.3,72,0,,244,5.4,,1025.7,,1
2025-06-09 10:00:00,14.7,6.8,59,0,,256,5,,1025.4,,1
2025-06-09 11:00:00,15.8,6.5,54,0,,272,4,,1025.1,,1
2025-06-09 12:00:00,16.6,6.4,51,0,,292,5,,1024.9,,1
2025-06-09 13:00:00,17.6,7,50,0,,276,6.8,,1024.4,,1
2025-06-09 14:00:00,18.2,7.3,49,0,,163,6.8,,1024,,2
2025-06-09 15:00:00,19,8,49,0,,177,8.3,,1023.5,,2
2025-06-09 16:00:00,19.5,8.2,48,0,,192,7.9,,1023.1,,1
2025-06-09 17:00:00,19.8,8.5,48,0,,210,6.8,,1022.6,,2
2025-06-09 18:00:00,19.4,8.4,49,0,,353,11.5,,1022.5,,3
2025-06-09 19:00:00,17.3,9.5,60,0,,40,13.3,,1022.7,,1
2025-06-09 20:00:00,15.8,9.7,67,0,,21,14.8,,1023.2,,2
2025-06-09 21:00:00,14.6,9.6,72,0,,3,6.8,,1023.2,,1
2025-06-09 22:00:00,13.2,9.1,76,0,,53,5.4,,1023.5,,1
2025-06-09 23:00:00,12.3,8.8,79,0,,96,6.1,,1023.2,,1
2025-06-10 00:00:00,11.4,8.4,82,0,,157,3.6,,1022.8,,1
2025-06-10 01:00:00,10.6,8.2,85,0,,230,4.3,,1022.5,,1
2025-06-10 02:00:00,9.9,8,88,0,,237,4,,1022.3,,3
2025-06-10 03:00:00,8.9,7.7,92,0,,212,4.7,,1021.9,,2
2025-06-10 04:00:00,8.2,7.3,94,0,,211,5.4,,1021.6,,3
2025-06-10 05:00:00,7.6,6.7,94,0,,216,6.1,,1020.6,,2
2025-06-10 06:00:00,7.8,6.7,93,0,,219,7.2,,1020.5,,2
2025-06-10 07:00:00,10.2,8.1,87,0,,222,8.6,,1020.7,,1
2025-06-10 08:00:00,13,9.3,78,0,,235,7.6,,1020.7,,1
2025-06-10 09:00:00,16.1,10.8,71,0,,233,8.3,,1020.8,,1
2025-06-10 10:00:00,18.4,10.5,60,0,,231,9.7,,1020.3,,3
2025-06-10 11:00:00,19.9,9.5,51,0,,239,10.4,,1019.8,,3
2025-06-10 12:00:00,21,8.9,46,0,,242,11.9,,1018.9,,3
2025-06-10 13:00:00,22,8.5,42,0,,250,12.6,,1018.4,,3
2025-06-10 14:00:00,22.8,7.7,38,0,,255,14,,1017.9,,3
2025-06-10 15:00:00,22.4,7.8,39,0,,256,15.8,,1017.5,,3
2025-06-10 16:00:00,22.5,8.9,42,0,,257,16.2,,1017.1,,3
2025-06-10 17:00:00,22.3,9.8,45,0,,256,16.6,,1016.7,,3
2025-06-10 18:00:00,22,10.8,49,0,,258,16.9,,1016.7,,3
2025-06-10 19:00:00,21.3,11.6,54,0,,259,14.8,,1016.8,,3
2025-06-10 20:00:00,19.9,11.9,60,0,,260,11.9,,1017.1,,3
2025-06-10 21:00:00,17.5,11.5,68,0,,263,8.6,,1017.7,,3
2025-06-10 22:00:00,16,11.4,74,0,,253,7.2,,1018.6,,3
2025-06-10 23:00:00,14.8,11.6,81,0,,238,7.6,,1019.1,,3
2025-06-11 00:00:00,14.2,11.5,84,0,,241,9,,1019.4,,3
2025-06-11 01:00:00,13.4,11.1,86,0,,262,7.6,,1020.1,,3
2025-06-11 02:00:00,12.9,10.8,87,0,,244,5.4,,1020.4,,2
2025-06-11 03:00:00,12.2,10.4,89,0,,232,5,,1020.8,,1
2025-06-11 04:00:00,11.8,10.4,91,0,,260,5.4,,1021,,2
2025-06-11 05:00:00,11.7,10.3,91,0,,309,6.5,,1021.3,,2
2025-06-11 06:00:00,12.6,10.8,89,0,,1,9,,1021.3,,2
2025-06-11 07:00:00,13.9,11.8,87,0,,32,7.2,,1021.8,,3
2025-06-11 08:00:00,14.8,11.8,82,0,,49,6.8,,1021.9,,3
2025-06-11 09:00:00,15.9,11.3,74,0,,52,7.6,,1021.8,,3
2025-06-11 10:00:00,17.2,11.5,69,0,,37,6.1,,1021.4,,3
2025-06-11 11:00:00,19.4,10.4,56,0,,19,4.3,,1021.2,,3
2025-06-11 12:00:00,20.5,10,51,0,,9,4.7,,1020.8,,3
2025-06-11 13:00:00,21.3,10.4,50,0,,14,5.4,,1020.4,,3
2025-06-11 14:00:00,22.1,10.6,48,0,,357,6.8,,1020.3,,2
2025-06-11 15:00:00,22.5,10.9,48,0,,16,7.9,,1020,,2
2025-06-11 16:00:00,22.8,10.9,47,0,,24,10.4,,1019.3,,2
2025-06-11 17:00:00,22.5,10.9,48,0,,39,12.2,,1018.8,,1
2025-06-11 18:00:00,21.7,10.8,50,0,,45,13.3,,1018.5,,1
2025-06-11 19:00:00,20.7,10.5,52,0,,46,14.4,,1018.5,,1
2025-06-11 20:00:00,19.5,10.5,56,0,,41,12.6,,1018.7,,1
2025-06-11 21:00:00,18.1,9.7,58,0,,39,10.8,,1019,,1
2025-06-11 22:00:00,16.7,9.6,63,0,,40,10.8,,1019.6,,1
2025-06-11 23:00:00,15.4,9.3,67,0,,47,9.7,,1019.8,,1
2025-06-12 00:00:00,14.3,9.1,71,0,,53,9,,1019.6,,1
2025-06-12 01:00:00,13.5,8.8,73,0,,52,9.4,,1019.2,,1
2025-06-12 02:00:00,13,8.5,74,0,,35,8.3,,1018.6,,1
2025-06-12 03:00:00,12.4,8.3,76,0,,6,5.8,,1018.5,,1
2025-06-12 04:00:00,11.8,8.3,79,0,,29,6.8,,1018.7,,1
2025-06-12 05:00:00,11.2,7.9,80,0,,48,6.8,,1018.4,,1
2025-06-12 06:00:00,11.2,8.1,81,0,,40,7.6,,1018.3,,1
2025-06-12 07:00:00,12.8,7.5,70,0,,42,6.8,,1018.3,,1
2025-06-12 08:00:00,15.3,8.5,64,0,,22,4.3,,1018.5,,1
2025-06-12 09:00:00,17.9,8.5,54,0,,46,4.7,,1018.4,,1
2025-06-12 10:00:00,20.2,9.7,51,0,,66,7.2,,1018,,1
2025-06-12 11:00:00,22.6,10.7,47,0,,86,9.7,,1017.7,,1
2025-06-12 12:00:00,24.6,11.5,44,0,,91,10.1,,1017.4,,1
2025-06-12 13:00:00,25.9,12.3,43,0,,89,8.6,,1017.2,,1
2025-06-12 14:00:00,27,12.6,41,0,,88,8.6,,1016.9,,3
2025-06-12 15:00:00,27.7,12.9,40,0,,87,8.3,,1016.6,,3
2025-06-12 16:00:00,28.1,13.2,40,0,,88,9.7,,1016.4,,3
2025-06-12 17:00:00,28.2,13.7,41,0,,95,9,,1016.3,,3
2025-06-12 18:00:00,28.2,13.3,40,0,,86,9.4,,1016.1,,3
2025-06-12 19:00:00,27.2,14.2,45,0,,101,11.2,,1016.2,,3
2025-06-12 20:00:00,25.4,14.8,52,0,,106,11.2,,1017,,2
2025-06-12 21:00:00,22.8,14.6,60,0,,104,10.1,,1017.7,,1
2025-06-12 22:00:00,20.7,14.1,66,0,,101,10.8,,1018.4,,2
2025-06-12 23:00:00,19.9,13.6,67,0,,91,9.7,,1018.8,,3
2025-06-13 00:00:00,19.3,13.2,68,0,,92,7.9,,1019.1,,1
2025-06-13 01:00:00,18,13.1,73,0,,96,7.9,,1019.2,,2
2025-06-13 02:00:00,16.9,13,78,0,,115,7.9,,1019.3,,1
2025-06-13 03:00:00,16,12.9,82,0,,139,7.9,,1019.5,,1
2025-06-13 04:00:00,15.2,12.1,82,0,,172,7.6,,1019.6,,2
2025-06-13 05:00:00,14.7,12,84,0,,166,7.2,,1019.8,,3
2025-06-13 06:00:00,14.7,12,84,0,,176,6.8,,1020.1,,3
2025-06-13 07:00:00,16.4,12.6,78,0,,218,6.8,,1020.5,,3
2025-06-13 08:00:00,19.1,13.3,69,0,,114,5.4,,1020.7,,3
2025-06-13 09:00:00,21.9,13.5,59,0,,90,4,,1020.9,,2
2025-06-13 10:00:00,24.8,14.3,52,0,,62,3.2,,1020.7,,1
2025-06-13 11:00:00,27.5,14.5,45,0,,74,5.4,,1020.4,,1
2025-06-13 12:00:00,29.6,14.2,39,0,,83,6.8,,1019.9,,1
2025-06-13 13:00:00,31,13.3,34,0,,87,8.3,,1019.5,,1
2025-06-13 14:00:00,31.6,13.3,33,0,,77,9.7,,1019,,1
2025-06-13 15:00:00,32.1,13.3,32,0,,72,11.9,,1018.5,,3
2025-06-13 16:00:00,32.1,13.3,32,0,,70,13,,1018.5,,2
2025-06-13 17:00:00,31.6,13.3,33,0,,78,13.3,,1018.4,,3
2025-06-13 18:00:00,30.6,13.4,35,0,,86,13.7,,1018.5,,3
2025-06-13 19:00:00,29,13.2,38,0,,102,13,,1018.4,,3
2025-06-13 20:00:00,27.4,13,41,0,,98,11.5,,1018.7,,2
2025-06-13 21:00:00,24.9,12.8,47,0,,98,11.2,,1018.9,,1
2025-06-13 22:00:00,23.1,11.5,48,0,,95,13.7,,1019.2,,2
2025-06-13 23:00:00,22.1,10.9,49,0,,106,16.6,,1019.6,,1
2025-06-14 00:00:00,21.3,11.3,53,0,,91,13.3,,1019.7,,1
2025-06-14 01:00:00,20.9,11.2,54,0,,48,8.3,,1019.5,,2
2025-06-14 02:00:00,20.3,11,55,0,,287,5.4,,1019.5,,3
2025-06-14 03:00:00,18.7,11,61,0,,159,7.6,,1019.3,,3
2025-06-14 04:00:00,16.9,11.2,69,0,,181,8.3,,1019.2,,3
2025-06-14 05:00:00,16.1,10,67,0,,184,7.6,,1018.9,,3
2025-06-14 06:00:00,15.8,10.5,71,0,,197,8.6,,1019,,1
2025-06-14 07:00:00,17.7,11.3,66,0,,210,9,,1019.2,,1
2025-06-14 08:00:00,20.2,12.4,61,0,,264,6.1,,1019.2,,1
2025-06-14 09:00:00,23.3,12.6,51,0,,112,4,,1019.2,,1
2025-06-14 10:00:00,27.1,14.1,45,0,,226,8.6,,1019.3,,1
2025-06-14 11:00:00,29.4,14,39,0,,246,6.5,,1019.1,,1
2025-06-14 12:00:00,30.8,14.4,37,0,,253,9,,1018.5,,1
2025-06-14 13:00:00,31.3,13.1,33,0,,265,10.4,,1018.8,,1
2025-06-14 14:00:00,30.4,13.2,35,0,,230,14.4,,1018.8,,17
2025-06-14 15:00:00,30.4,14.5,38,0,,244,16.6,,1018.2,,3
2025-06-14 16:00:00,28.5,16.7,49,0,,179,16.9,,1019.3,,17
2025-06-14 17:00:00,29.9,14.4,39,0,,200,14.4,,1018.7,,3
2025-06-14 18:00:00,30,14.1,38,0,,210,13.3,,1018.1,,2
2025-06-14 19:00:00,29.8,16.2,44,0,,209,9.7,,1018,,2
2025-06-14 20:00:00,27.6,17.1,53,0,,220,6.5,,1018.1,,2
2025-06-14 21:00:00,26,16.8,57,0,,254,5.8,,1018.5,,2
2025-06-14 22:00:00,24.2,16.7,63,0,,312,7.2,,1019.2,,1
2025-06-14 23:00:00,22.8,16.8,69,0,,184,7.9,,1019.5,,1
2025-06-15 00:00:00,21.8,16.7,73,0,,174,4.3,,1019.6,,1
2025-06-15 01:00:00,21.3,17.1,77,0,,226,2.5,,1019.2,,1
2025-06-15 02:00:00,20.3,16.9,81,0,,260,4,,1018.9,,1
2025-06-15 03:00:00,19.2,16.6,85,0,,306,3.2,,1018.7,,1
2025-06-15 04:00:00,18.3,16.3,88,0,,273,2.5,,1018.7,,1
2025-06-15 05:00:00,17.5,15.8,90,0,,238,3.2,,1018.7,,1
2025-06-15 06:00:00,18.3,15,81,0,,244,5.4,,1018.1,,1
2025-06-15 07:00:00,19.7,16,79,0,,228,6.5,,1018.2,,2
2025-06-15 08:00:00,21.9,16.4,71,0,,229,5,,1018.4,,1
2025-06-15 09:00:00,24.1,17.1,65,0,,266,5.4,,1018.9,,1
2025-06-15 10:00:00,24.5,16.7,62,0,,212,11.2,,1019.3,,17
2025-06-15 11:00:00,25.3,16.4,58,0,,214,15.1,,1020,,7
2025-06-15 12:00:00,25.9,14,48,0,,215,13.3,,1019.2,,3
2025-06-15 13:00:00,27.2,13.5,43,0,,211,11.9,,1018.5,,3
2025-06-15 14:00:00,27.2,14.9,47,0,,242,11.5,,1017.7,,3
2025-06-15 15:00:00,27.1,15.5,49,0,,252,15.5,,1016.9,,17
2025-06-15 16:00:00,25,16.4,59,0,,305,10.1,,1018.2,,18
2025-06-15 17:00:00,21.9,17,74,0,,319,16.2,,1019.1,,18
2025-06-15 18:00:00,20.1,17.9,87,0,,26,6.5,,1019.6,,9
2025-06-15 19:00:00,20,17.6,86,0.1,,316,12.6,,1020.2,,18
2025-06-15 20:00:00,18.2,17,93,0.2,,310,10.4,,1021.6,,9
2025-06-15 21:00:00,17.9,17.3,96,2.8,,306,13,,1021.8,,9
2025-06-15 22:00:00,17.1,16.3,95,1.8,,316,15.8,,1022.8,,8
2025-06-15 23:00:00,16.6,15.6,94,3.2,,317,16.9,,1023.4,,8
2025-06-16 00:00:00,16.2,14.6,90,0,,305,14,,1024.1,,7
2025-06-16 01:00:00,15.9,14.3,90,0,,268,9,,1024.4,,8
2025-06-16 02:00:00,14.4,13.1,92,0,,291,6.5,,1024.9,,3
2025-06-16 03:00:00,14.2,13.4,95,0,,268,6.5,,1025.4,,3
2025-06-16 04:00:00,13.6,13,96,0,,256,6.5,,1025.4,,3
2025-06-16 05:00:00,13.2,12.6,96,0,,254,6.5,,1025.7,,3
2025-06-16 06:00:00,13.9,13.1,95,0,,244,6.5,,1026,,3
2025-06-16 07:00:00,14.6,13.6,94,0,,261,8.3,,1026,,3
2025-06-16 08:00:00,15.1,13.5,90,0,,329,9.7,,1026.6,,3
2025-06-16 09:00:00,15.8,13.3,85,0,,358,10.1,,1026.9,,3
2025-06-16 10:00:00,16.8,12.5,76,0,,16,9,,1027,,3
2025-06-16 11:00:00,18.1,11.9,67,0,,15,8.3,,1027,,2
2025-06-16 12:00:00,18.4,12.8,70,0,,14,7.9,,1027.1,,2
2025-06-16 13:00:00,19.3,12.8,66,0,,8,10.4,,1026.9,,17
2025-06-16 14:00:00,20,11.7,59,0,,8,12.2,,1026.5,,1
2025-06-16 15:00:00,20.7,11.1,54,0,,8,13,,1025.9,,1
2025-06-16 16:00:00,21,10.5,51,0,,8,13,,1026,,1
2025-06-16 17:00:00,20.6,10.4,52,0,,16,14,,1025.8,,2
2025-06-16 18:00:00,19.5,11.5,60,0,,24,13.7,,1025.9,,3
2025-06-16 19:00:00,19.3,11.6,61,0,,19,12.6,,1026.1,,1
2025-06-16 20:00:00,18.3,12.5,69,0,,12,10.1,,1026.5,,3
2025-06-16 21:00:00,16.8,12.7,77,0,,3,7.2,,1026.6,,3
2025-06-16 22:00:00,15.5,12.1,80,0,,11,7.6,,1027.1,,2
2025-06-16 23:00:00,14.6,11.9,84,0,,30,6.1,,1027.4,,1
2025-06-17 00:00:00,13.8,11.3,85,0,,58,5.4,,1027.4,,1
2025-06-17 01:00:00,13.4,10.9,85,0,,75,4.7,,1027.3,,1
2025-06-17 02:00:00,12.9,10.3,84,0,,93,5,,1027.1,,1
2025-06-17 03:00:00,12.5,9.9,84,0,,83,5.4,,1026.9,,1
2025-06-17 04:00:00,12,9.4,84,0,,24,4.7,,1026.4,,1
2025-06-17 05:00:00,11.5,9.1,85,0,,39,5.8,,1026.3,,1
2025-06-17 06:00:00,11.4,9.1,86,0,,56,6.1,,1026,,1
2025-06-17 07:00:00,13,10.2,83,0,,23,5.8,,1026,,1
2025-06-17 08:00:00,15.1,11.9,81,0,,13,4,,1026.2,,1
2025-06-17 09:00:00,17.3,12,71,0,,38,6.1,,1026.2,,1
2025-06-17 10:00:00,19.1,12.4,65,0,,56,9.7,,1026.1,,1
2025-06-17 11:00:00,20.4,11.6,57,0,,69,11.9,,1025.8,,1
2025-06-17 12:00:00,21,11.3,54,0,,63,11.9,,1025.7,,2
2025-06-17 13:00:00,21.7,11.7,53,0,,60,12.2,,1025.6,,1
2025-06-17 14:00:00,22.3,11.7,51,0,,58,11.9,,1025.1,,1
2025-06-17 15:00:00,22.6,11.9,51,0,,52,11.5,,1024.6,,1
2025-06-17 16:00:00,22.8,12.1,51,0,,48,10.8,,1024.5,,1
2025-06-17 17:00:00,22.8,12.1,51,0,,44,10.1,,1023.8,,2
2025-06-17 18:00:00,22.6,12.2,52,0,,47,9.7,,1023.3,,2
2025-06-17 19:00:00,22.1,13.2,57,0,,45,8.3,,1023.2,,3
2025-06-17 20:00:00,20.8,14.4,67,0,,35,6.5,,1023.4,,1
2025-06-17 21:00:00,18.5,13.8,74,0,,58,6.5,,1023.5,,1
2025-06-17 22:00:00,16.8,12.9,78,0,,94,4.7,,1023.9,,1
2025-06-17 23:00:00,15.6,12.5,82,0,,129,5,,1023.7,,1
2025-06-18 00:00:00,14.6,12.1,85,0,,165,5,,1023.7,,1
2025-06-18 01:00:00,13.7,11.6,87,0,,208,5.4,,1023.7,,1
2025-06-18 02:00:00,12.9,11,88,0,,231,4,,1023.5,,1
2025-06-18 03:00:00,12.3,10.4,88,0,,207,3.2,,1023.5,,3
2025-06-18 04:00:00,11.7,10.1,90,0,,196,4.3,,1023.2,,3
2025-06-18 05:00:00,11,9.6,91,0,,208,5,,1023.3,,3
2025-06-18 06:00:00,11,9.6,91,0,,223,5.8,,1023.4,,3
2025-06-18 07:00:00,12.9,10.8,87,0,,234,6.5,,1023.6,,3
2025-06-18 08:00:00,15.6,12.5,82,0,,227,5,,1023.6,,3
2025-06-18 09:00:00,18.1,13.6,75,0,,211,3.6,,1023.8,,3
2025-06-18 10:00:00,20.5,13.9,66,0,,331,3.2,,1023.8,,3
2025-06-18 11:00:00,22.1,12.3,54,0,,24,5,,1023.5,,3
2025-06-18 12:00:00,23.3,11.7,48,0,,47,5.8,,1023.4,,1
2025-06-18 13:00:00,24.2,11.5,45,0,,34,5.4,,1023.1,,1
2025-06-18 14:00:00,25,11.5,43,0,,18,6.1,,1022.7,,1
2025-06-18 15:00:00,25.4,11.9,43,0,,21,6.1,,1022.6,,1
2025-06-18 16:00:00,25.7,12.2,43,0,,19,7.6,,1022.4,,2
2025-06-18 17:00:00,25.6,12.4,44,0,,18,7.9,,1022,,3
2025-06-18 18:00:00,25.2,12.7,46,0,,23,7.6,,1021.8,,1
2025-06-18 19:00:00,24.5,14,52,0,,48,8.6,,1021.6,,1
2025-06-18 20:00:00,23,14.5,59,0,,56,6.8,,1021.9,,1
2025-06-18 21:00:00,20.9,13.8,64,0,,69,7.2,,1022.1,,1
2025-06-18 22:00:00,19.9,12.2,61,0,,129,5.4,,1022.2,,1
2025-06-18 23:00:00,18.7,11.7,64,0,,186,3.2,,1022.5,,1
2025-06-19 00:00:00,17.3,11.6,69,0,,258,3.6,,1022.7,,1
2025-06-19 01:00:00,16.1,11.9,76,0,,230,3.2,,1022.8,,1
2025-06-19 02:00:00,15.3,11.7,79,0,,238,3.2,,1022.7,,1
2025-06-19 03:00:00,14.5,11.5,82,0,,248,3.6,,1022.7,,1
2025-06-19 04:00:00,14,11.2,83,0,,242,4,,1022.8,,1
2025-06-19 05:00:00,14,10.4,79,0,,225,5.4,,1022.8,,1
2025-06-19 06:00:00,14.3,10.5,78,0,,267,6.5,,1023.1,,1
2025-06-19 07:00:00,16.1,11.5,74,0,,353,8.3,,1023.5,,1
2025-06-19 08:00:00,18.4,12.6,69,0,,76,6.1,,1023.5,,1
2025-06-19 09:00:00,20.6,13.3,63,0,,55,6.1,,1023.7,,1
2025-06-19 10:00:00,22.2,13.8,59,0,,36,6.8,,1023.7,,1
2025-06-19 11:00:00,23.9,13.4,52,0,,40,7.6,,1023.4,,1
2025-06-19 12:00:00,25,13.2,48,0,,31,9.4,,1023.1,,1
2025-06-19 13:00:00,25.6,13.1,46,0,,24,10.8,,1023.1,,1
2025-06-19 14:00:00,26,12.8,44,0,,18,10.4,,1022.7,,1
2025-06-19 15:00:00,26.4,12.8,43,0,,16,10.8,,1022.6,,1
2025-06-19 16:00:00,26.4,12.4,42,0,,19,11.5,,1022.1,,1
2025-06-19 17:00:00,26.3,12.3,42,0,,21,11.2,,1021.6,,1
2025-06-19 18:00:00,26,12.1,42,0,,33,11.2,,1021.6,,1
2025-06-19 19:00:00,25.4,12.6,45,0,,40,9.7,,1021.4,,1
2025-06-19 20:00:00,24.2,14.3,54,0,,31,10.1,,1021.7,,1
2025-06-19 21:00:00,22.2,13,56,0,,35,10.8,,1022.4,,1
2025-06-19 22:00:00,20.8,12.2,58,0,,25,13.7,,1023,,1
2025-06-19 23:00:00,19.6,12.6,64,0,,34,13.3,,1023.6,,1
2025-06-20 00:00:00,18.5,12.5,68,0,,37,11.2,,1024,,1
2025-06-20 01:00:00,17,12.5,75,0,,33,10.4,,1023.9,,1
2025-06-20 02:00:00,16.1,12.1,77,0,,30,10.4,,1024.1,,1
2025-06-20 03:00:00,15.3,11.7,79,0,,31,9.7,,1024.2,,1
2025-06-20 04:00:00,14.5,11.3,81,0,,35,7.9,,1024.1,,1
2025-06-20 05:00:00,13.8,11,83,0,,26,7.6,,1024.1,,1
2025-06-20 06:00:00,13.9,10.7,81,0,,33,7.2,,1023.9,,1
2025-06-20 07:00:00,15.3,11.3,77,0,,36,7.6,,1024.1,,1
2025-06-20 08:00:00,17.1,11.4,69,0,,32,5.4,,1024.2,,1
2025-06-20 09:00:00,19.1,11.6,62,0,,41,5.8,,1024,,1
2025-06-20 10:00:00,21,11.9,56,0,,41,6.8,,1023.5,,1
2025-06-20 11:00:00,22.2,12.2,53,0,,43,10.1,,1023.5,,1
2025-06-20 12:00:00,23.5,12.2,49,0,,44,11.5,,1023.1,,1
2025-06-20 13:00:00,24.4,12.3,47,0,,43,11.5,,1022.8,,1
2025-06-20 14:00:00,25.1,12,44,0,,38,11.9,,1022.5,,1
2025-06-20 15:00:00,25.6,11.4,41,0,,34,11.9,,1022.2,,1
2025-06-20 16:00:00,26,10.6,38,0,,34,11.9,,1021.6,,1
2025-06-20 17:00:00,25.9,10.1,37,0,,36,12.2,,1021.2,,1
2025-06-20 18:00:00,25.4,10,38,0,,40,12.6,,1021.2,,1
2025-06-20 19:00:00,24.7,9.4,38,0,,44,12.2,,1021.1,,1
2025-06-20 20:00:00,23.5,9.8,42,0,,45,9.7,,1021.6,,1
2025-06-20 21:00:00,21.1,9.7,48,0,,40,10.1,,1021.7,,1
2025-06-20 22:00:00,19.5,8.8,50,0,,46,10.1,,1022.3,,1
2025-06-20 23:00:00,18,8.8,55,0,,46,9.7,,1022.4,,1
2025-06-21 00:00:00,17,8.9,59,0,,52,10.1,,1022.6,,1
2025-06-21 01:00:00,15.7,9.4,66,0,,72,9.7,,1022.2,,2
2025-06-21 02:00:00,14.6,9.8,73,0,,77,7.2,,1021.8,,3
2025-06-21 03:00:00,13.8,9.4,75,0,,60,6.1,,1021.6,,3
2025-06-21 04:00:00,13.2,9.3,77,0,,77,5.4,,1021.5,,3
2025-06-21 05:00:00,12.9,9,77,0,,195,4.3,,1021.5,,3
2025-06-21 06:00:00,12.9,9,77,0,,221,4.3,,1021.8,,3
2025-06-21 07:00:00,14.4,9,70,0,,75,6.1,,1021.7,,3
2025-06-21 08:00:00,16.8,9.2,61,0,,40,3.6,,1021.8,,1
2025-06-21 09:00:00,19.7,8.7,49,0,,46,4.3,,1022,,1
2025-06-21 10:00:00,22.2,8.7,42,0,,55,5.4,,1021.8,,1
2025-06-21 11:00:00,24.5,8.4,36,0,,66,8.3,,1021.2,,2
2025-06-21 12:00:00,25.4,8.8,35,0,,84,9.7,,1021,,3
2025-06-21 13:00:00,26.4,7.9,31,0,,81,10.4,,1020.6,,2
2025-06-21 14:00:00,27.1,7.5,29,0,,76,10.4,,1020.2,,2
2025-06-21 15:00:00,27.5,7.3,28,0,,72,10.4,,1019.8,,1
2025-06-21 16:00:00,27.6,7.4,28,0,,78,10.4,,1019.5,,1
2025-06-21 17:00:00,27.5,7.9,29,0,,73,9,,1019,,1
2025-06-21 18:00:00,27.1,8,30,0,,77,9,,1018.9,,1
2025-06-21 19:00:00,26.3,9.2,34,0,,83,8.3,,1019.1,,1
2025-06-21 20:00:00,24.4,11.3,44,0,,76,7.2,,1019.4,,1
2025-06-21 21:00:00,21.8,10.9,50,0,,89,8.3,,1019.9,,1
2025-06-21 22:00:00,19.7,12,61,0,,102,7.2,,1020,,1
2025-06-21 23:00:00,18.3,12.3,68,0,,112,8.6,,1020.2,,1
2025-06-22 00:00:00,17.5,11.7,69,0,,152,10.4,,1020.2,,1
2025-06-22 01:00:00,17.3,10.7,65,0,,197,8.3,,1020.3,,1
2025-06-22 02:00:00,16.7,10.1,65,0,,268,6.1,,1020.4,,1
2025-06-22 03:00:00,14.8,9.8,72,0,,228,7.2,,1020.3,,1
2025-06-22 04:00:00,14.1,9.7,75,0,,241,6.1,,1020,,1
2025-06-22 05:00:00,13.1,9.3,78,0,,203,5.8,,1019.9,,1
2025-06-22 06:00:00,12.6,9.2,80,0,,208,6.1,,1019.6,,1
2025-06-22 07:00:00,14.8,9.8,72,0,,238,7.2,,1019.4,,1
2025-06-22 08:00:00,18.2,11,63,0,,260,6.5,,1019.4,,1
2025-06-22 09:00:00,21.7,11.4,52,0,,260,5.4,,1019.5,,1
2025-06-22 10:00:00,25.2,11.7,43,0,,261,5.8,,1019.2,,1
2025-06-22 11:00:00,28,11.9,37,0,,258,7.2,,1018.8,,3
2025-06-22 12:00:00,29.5,10.6,31,0,,260,9,,1018.4,,3
2025-06-22 13:00:00,29.9,11.9,33,0,,252,8.6,,1017.7,,3
2025-06-22 14:00:00,30.6,10.5,29,0,,252,9,,1017.2,,2
2025-06-22 15:00:00,31,10.3,28,0,,256,10.8,,1016.8,,1
2025-06-22 16:00:00,31.2,10,27,0,,252,11.5,,1016.3,,1
2025-06-22 17:00:00,31.1,9.9,27,0,,243,10.4,,1015.5,,1
2025-06-22 18:00:00,30.8,10.7,29,0,,250,11.2,,1015.1,,1
2025-06-22 19:00:00,29.6,11.1,32,0,,253,11.2,,1014.9,,1
2025-06-22 20:00:00,27.4,13.7,43,0,,246,8.3,,1014.9,,2
2025-06-22 21:00:00,24.9,12.8,47,0,,248,11.9,,1015.1,,1
2025-06-22 22:00:00,22.9,12.8,53,0,,220,10.1,,1015.5,,2
2025-06-22 23:00:00,22.1,12.6,55,0,,216,13.3,,1015.6,,3
2025-06-23 00:00:00,22.8,11.8,50,0,,232,14.4,,1015.5,,3
2025-06-23 01:00:00,22.2,11.9,52,0,,225,12.6,,1015.5,,3
2025-06-23 02:00:00,21.8,12.4,55,0,,222,12.2,,1015.3,,3
2025-06-23 03:00:00,21.8,12.9,57,0,,230,11.9,,1015.3,,3
2025-06-23 04:00:00,20.5,13.7,65,0,,239,11.2,,1015.5,,3
2025-06-23 05:00:00,20.3,15.1,72,0.3,,208,11.2,,1014.9,,1
2025-06-23 06:00:00,20.4,15.2,72,0.1,,222,10.4,,1015.2,,3
2025-06-23 07:00:00,21.3,15.4,69,0,,236,11.5,,1014.9,,3
2025-06-23 08:00:00,23,16.1,65,0,,239,13,,1015.2,,1
2025-06-23 09:00:00,24.5,16,59,0,,241,21.2,,1015.2,,2
2025-06-23 10:00:00,24.1,16.1,61,0,,240,23,,1014.6,,17
2025-06-23 11:00:00,24.2,15.7,59,0,,238,22.7,,1014.5,,3
2025-06-23 12:00:00,25.6,15.6,54,0,,249,28.8,,1013.9,,3
2025-06-23 13:00:00,26.4,15.4,51,0,,247,27.7,,1013.7,,3
2025-06-23 14:00:00,26.3,14.7,49,0,,257,28.1,,1013.6,,3
2025-06-23 15:00:00,26.8,12.8,42,0,,260,28.1,,1013.3,,3
2025-06-23 16:00:00,27,8.9,32,0,,262,26.3,,1013.4,,3
2025-06-23 17:00:00,26.7,7.2,29,0,,268,25.2,,1013.4,,2
2025-06-23 18:00:00,26.1,8.1,32,0,,264,24.8,,1013.5,,3
2025-06-23 19:00:00,23.9,11.6,46,0,,290,23.8,,1014.3,,3
2025-06-23 20:00:00,22.5,12.1,52,0,,298,17.6,,1015,,3
2025-06-23 21:00:00,21.1,12.8,59,0,,281,13.7,,1015.9,,2
2025-06-23 22:00:00,19.9,13.1,65,0,,265,11.5,,1016.9,,2
2025-06-23 23:00:00,19,13.2,69,0,,245,9.7,,1017.3,,2
2025-06-24 00:00:00,17.9,13.4,75,0,,230,10.1,,1017.4,,2
2025-06-24 01:00:00,17.6,13.1,75,0,,232,9,,1017.9,,2
2025-06-24 02:00:00,17.3,13.2,77,0,,232,9,,1017.9,,2
2025-06-24 03:00:00,16.6,13.1,80,0,,230,10.8,,1017.9,,2
2025-06-24 04:00:00,16.2,12.9,81,0,,228,11.5,,1017.7,,1
2025-06-24 05:00:00,15.8,12.7,82,0,,231,11.9,,1017.4,,1
2025-06-24 06:00:00,15.7,12.1,79,0,,238,11.5,,1017.4,,1
2025-06-24 07:00:00,16.9,12.2,74,0,,243,12.2,,1017.6,,1
2025-06-24 08:00:00,18.6,12.3,67,0,,248,13.7,,1017.6,,1
2025-06-24 09:00:00,20.1,12.6,62,0,,242,15.1,,1017.4,,1
2025-06-24 10:00:00,21.4,12.3,56,0,,249,17.6,,1017.2,,1
2025-06-24 11:00:00,22.6,10.7,47,0,,251,17.6,,1016.9,,1
2025-06-24 12:00:00,23.9,10.2,42,0,,252,18.4,,1016.8,,1
2025-06-24 13:00:00,24.8,11,42,0,,255,19.1,,1016.5,,1
2025-06-24 14:00:00,25.6,11,40,0,,254,18.4,,1016.2,,1
2025-06-24 15:00:00,26.3,11.6,40,0,,255,18,,1015.8,,1
2025-06-24 16:00:00,26.9,9.7,34,0,,256,18.4,,1015.2,,1
2025-06-24 17:00:00,27,9.8,34,0,,254,18,,1014.8,,1
2025-06-24 18:00:00,26.8,9.6,34,0,,253,16.9,,1014.5,,1
2025-06-24 19:00:00,26.3,10,36,0,,259,15.8,,1014.3,,1
2025-06-24 20:00:00,25.6,10.6,39,0,,256,13.3,,1014.7,,1
2025-06-24 21:00:00,23.5,11.2,46,0,,248,8.3,,1015,,1
2025-06-24 22:00:00,21.5,11.5,53,0,,245,7.6,,1015.3,,1
2025-06-24 23:00:00,20.3,11.8,58,0,,242,7.9,,1015.7,,1
2025-06-25 00:00:00,19.2,12,63,0,,229,7.6,,1015.9,,1
2025-06-25 01:00:00,18.2,11.5,65,0,,226,8.6,,1016.1,,1
2025-06-25 02:00:00,17.3,11.6,69,0,,234,7.6,,1016,,1
2025-06-25 03:00:00,16.4,11.5,73,0,,238,6.8,,1015.9,,1
2025-06-25 04:00:00,15.8,11.6,76,0,,238,6.5,,1016,,1
2025-06-25 05:00:00,15.3,11.7,79,0,,235,6.5,,1015.8,,1
2025-06-25 06:00:00,15.5,11.7,78,0,,234,6.8,,1016,,1
2025-06-25 07:00:00,17.8,12.3,70,0,,234,8.6,,1015.9,,1
2025-06-25 08:00:00,20.5,13.2,63,0,,228,7.2,,1016.1,,1
2025-06-25 09:00:00,23.7,13.8,54,0,,232,10.4,,1016.2,,1
2025-06-25 10:00:00,25.9,13,45,0,,238,10.8,,1016,,1
2025-06-25 11:00:00,27.4,12.2,39,0,,241,10.4,,1015.6,,1
2025-06-25 12:00:00,28.4,12.3,37,0,,246,11.5,,1015.7,,1
2025-06-25 13:00:00,29.4,11.9,34,0,,246,11.2,,1015.1,,1
2025-06-25 14:00:00,30.4,10.9,30,0,,249,11.2,,1014.3,,1
2025-06-25 15:00:00,31.2,11,29,0,,254,11.5,,1013.8,,1
2025-06-25 16:00:00,31.5,11.3,29,0,,263,11.9,,1013.5,,2
2025-06-25 17:00:00,31.1,12,31,0,,265,12.2,,1013.4,,2
2025-06-25 18:00:00,31,12.8,33,0,,268,10.4,,1013.1,,1
2025-06-25 19:00:00,30.2,14.3,38,0,,273,7.6,,1012.7,,1
2025-06-25 20:00:00,29.3,17.8,50,0,,290,5,,1012.9,,1
2025-06-25 21:00:00,27.2,16.2,51,0,,172,4,,1012.7,,1
2025-06-25 22:00:00,25,14.1,51,0,,22,3.2,,1013.2,,1
2025-06-25 23:00:00,23.8,13.6,53,0,,125,4.7,,1013.2,,1
2025-06-26 00:00:00,22.5,13.3,56,0,,151,6.1,,1012.5,,1
2025-06-26 01:00:00,21.4,13,59,0,,178,8.6,,1012.1,,1
2025-06-26 02:00:00,20.3,13.5,65,0,,195,10.8,,1011.9,,2
2025-06-26 03:00:00,19.5,13.9,70,0,,247,7.9,,1011.9,,3
2025-06-26 04:00:00,18.8,13.2,70,0,,240,7.6,,1012,,3
2025-06-26 05:00:00,18.9,12.6,67,0,,231,9.7,,1012.7,,3
2025-06-26 06:00:00,19.6,12.1,62,0.1,,198,13.3,,1013.4,,2
2025-06-26 07:00:00,21.3,13.2,60,0.8,,221,15.1,,1014.1,,17
2025-06-26 08:00:00,20.8,15.8,73,0,,211,13.7,,1015.1,,17
2025-06-26 09:00:00,22.6,16.6,69,0,,174,11.5,,1016,,7
2025-06-26 10:00:00,24.4,16.1,60,0,,202,12.2,,1015.5,,3
2025-06-26 11:00:00,25.7,14.8,51,0,,227,16.2,,1015.7,,3
2025-06-26 12:00:00,25.9,14.4,49,0,,244,16.9,,1015,,3
2025-06-26 13:00:00,27,13.3,43,0,,246,22.7,,1014.7,,3
2025-06-26 14:00:00,26.1,13.9,47,0,,247,20.5,,1015.3,,8
2025-06-26 15:00:00,27.1,13.8,44,0,,259,21.6,,1015,,3
2025-06-26 16:00:00,26.8,13.5,44,0,,258,21.6,,1015.3,,3
2025-06-26 17:00:00,26.6,13,43,0,,270,20.2,,1016,,3
2025-06-26 18:00:00,25.3,12.5,45,0,,267,21.6,,1016.7,,17
2025-06-26 19:00:00,25,11.9,44,0,,277,18.7,,1016.9,,3
2025-06-26 20:00:00,24,12.6,49,0,,292,14.8,,1017.9,,3
2025-06-26 21:00:00,22.2,13,56,0,,287,11.9,,1019.2,,2
2025-06-26 22:00:00,20.4,13.8,66,0,,240,7.6,,1020.1,,2
2025-06-26 23:00:00,20,13.9,68,0,,237,9,,1021.3,,1
2025-06-27 00:00:00,19.2,14,72,0,,231,8.6,,1021.5,,1
2025-06-27 01:00:00,18.5,13.8,74,0,,227,9,,1021.9,,1
2025-06-27 02:00:00,18.1,13.6,75,0,,222,9,,1022,,2
2025-06-27 03:00:00,17.8,13.5,76,0,,221,9.4,,1021.8,,2
2025-06-27 04:00:00,17.5,13.8,79,0,,219,10.1,,1022.1,,1
2025-06-27 05:00:00,17.2,13.7,80,0,,232,9.7,,1022.1,,1
2025-06-27 06:00:00,17.3,13.8,80,0,,228,10.1,,1022.6,,3
2025-06-27 07:00:00,18.4,14.3,77,0,,221,9,,1022.8,,3
2025-06-27 08:00:00,20.2,14.8,71,0,,230,9.4,,1023.1,,3
2025-06-27 09:00:00,21.8,14.7,64,0,,247,13.7,,1023.1,,3
2025-06-27 10:00:00,23.2,14.5,58,0,,260,18,,1022.9,,3
2025-06-27 11:00:00,23.2,14.2,57,0,,265,18.4,,1023,,3
2025-06-27 12:00:00,23,14.5,59,0,,263,16.2,,1023.3,,3
2025-06-27 13:00:00,22.7,15.3,63,0,,266,16.2,,1023.7,,8
2025-06-27 14:00:00,22,15.6,67,0,,268,14,,1024,,3
2025-06-27 15:00:00,22.2,15.5,66,0,,267,14,,1024.3,,3
2025-06-27 16:00:00,24.6,15.2,56,0,,274,11.9,,1023.6,,3
2025-06-27 17:00:00,25,15.3,55,0,,283,12.6,,1023.2,,2
2025-06-27 18:00:00,25,15.6,56,0,,290,13,,1023.1,,17
2025-06-27 19:00:00,24.5,15.7,58,0,,298,12.6,,1023.2,,17
2025-06-27 20:00:00,23.7,15.5,60,0,,300,11.9,,1023.8,,17
2025-06-27 21:00:00,22.7,15.5,64,0,,305,7.9,,1024.3,,2
2025-06-27 22:00:00,21,16,73,0,,274,5.4,,1024.8,,2
2025-06-27 23:00:00,20.5,15.9,75,0,,260,6.5,,1025.4,,2
2025-06-28 00:00:00,19,16.2,84,0,,226,6.5,,1025.8,,2
2025-06-28 01:00:00,18.6,16.2,86,0,,218,7.6,,1025.9,,3
2025-06-28 02:00:00,17.9,16.1,89,0,,223,6.1,,1026,,3
2025-06-28 03:00:00,17.2,15.9,92,0,,229,5.8,,1026.2,,1
2025-06-28 04:00:00,16.8,15.7,93,0,,227,6.5,,1026.3,,1
2025-06-28 05:00:00,16,15,94,0,,235,5.8,,1026.2,,1
2025-06-28 06:00:00,15.9,14.9,94,0,,238,5.4,,1026.5,,1
2025-06-28 07:00:00,17.6,15.4,87,0,,228,6.1,,1026.7,,2
2025-06-28 08:00:00,19.7,16.1,80,0,,233,4,,1026.7,,1
2025-06-28 09:00:00,22,16.3,70,0,,248,4,,1027,,1
2025-06-28 10:00:00,23.5,14.8,58,0,,270,4.7,,1026.9,,1
2025-06-28 11:00:00,24.9,14.7,53,0,,277,5.4,,1026.6,,1
2025-06-28 12:00:00,26.3,14.1,47,0,,263,6.8,,1026.4,,2
2025-06-28 13:00:00,27.6,13.9,43,0,,250,6.8,,1026.1,,3
2025-06-28 14:00:00,28.6,13.3,39,0,,225,6.5,,1025.3,,3
2025-06-28 15:00:00,28.8,13.4,39,0,,199,6.1,,1025,,3
2025-06-28 16:00:00,29.6,13.3,37,0,,201,7.2,,1024.4,,1
2025-06-28 17:00:00,30.2,13,35,0,,355,8.3,,1023.7,,2
2025-06-28 18:00:00,30.2,13.5,36,0,,331,12.6,,1023.2,,1
2025-06-28 19:00:00,29.2,14.2,40,0,,315,13.7,,1023.2,,1
2025-06-28 20:00:00,27.6,15.3,47,0,,319,9.7,,1023.4,,1
2025-06-28 21:00:00,25.2,16.6,59,0,,11,5,,1023.7,,1
2025-06-28 22:00:00,24,15.7,60,0,,26,3.6,,1024.1,,1
2025-06-28 23:00:00,22.6,15.9,66,0,,241,5,,1024.4,,1
2025-06-29 00:00:00,21.3,15.8,71,0,,311,7.6,,1024.6,,1
2025-06-29 01:00:00,20.5,16.1,76,0,,275,4,,1024.8,,1
2025-06-29 02:00:00,19.5,16.1,81,0,,283,6.8,,1024.7,,1
2025-06-29 03:00:00,18.8,15.7,82,0,,283,9.4,,1024.4,,1
2025-06-29 04:00:00,18.4,15.3,82,0,,255,8.3,,1024.4,,1
2025-06-29 05:00:00,18.1,15.2,83,0,,222,5,,1024.5,,1
2025-06-29 06:00:00,17.3,15.5,89,0,,247,4.3,,1024.1,,1
2025-06-29 07:00:00,19.2,15.7,80,0,,243,5,,1024.2,,1
2025-06-29 08:00:00,21.6,16.1,71,0,,284,2.5,,1024.2,,1
2025-06-29 09:00:00,23.7,16,62,0,,9,3.6,,1024.3,,1
2025-06-29 10:00:00,25.8,15.8,54,0,,23,4.7,,1023.9,,1
2025-06-29 11:00:00,27,16.6,53,0,,14,5.8,,1023.9,,1
2025-06-29 12:00:00,28.4,16.6,49,0,,3,6.5,,1023.6,,1
2025-06-29 13:00:00,29.5,16.3,45,0,,8,6.8,,1023.1,,1
2025-06-29 14:00:00,30.2,16.2,43,0,,18,8.6,,1022.5,,1
2025-06-29 15:00:00,30.7,15.1,39,0,,20,9.7,,1022,,1
2025-06-29 16:00:00,31,13.7,35,0,,14,10.8,,1021.5,,1
2025-06-29 17:00:00,30.8,14,36,0,,12,11.5,,1021,,1
2025-06-29 18:00:00,30.4,14.5,38,0,,14,10.8,,1020.8,,1
2025-06-29 19:00:00,29.7,14.6,40,0,,22,11.5,,1020.5,,2
2025-06-29 20:00:00,28.6,14.4,42,0,,32,10.1,,1020.3,,1
2025-06-29 21:00:00,26.7,14.1,46,0,,38,7.6,,1020.3,,1
2025-06-29 22:00:00,25.1,14.5,52,0,,28,7.9,,1020.7,,2
2025-06-29 23:00:00,24,15.5,59,0,,36,9,,1021,,2
2025-06-30 00:00:00,23.1,15.4,62,0,,33,8.6,,1021.1,,2
2025-06-30 01:00:00,22.2,14.8,63,0,,44,8.3,,1021.1,,3
2025-06-30 02:00:00,21.6,14.5,64,0,,46,8.3,,1020.9,,3
2025-06-30 03:00:00,21,14.2,65,0,,42,9.4,,1020.8,,3
2025-06-30 04:00:00,20.5,14.4,68,0,,51,9.4,,1020.6,,3
2025-06-30 05:00:00,19.8,14.4,71,0,,37,9.7,,1020.5,,3
2025-06-30 06:00:00,19.4,14.6,74,0,,46,8.6,,1020.4,,3
2025-06-30 07:00:00,20.8,14.4,67,0,,44,9,,1020.2,,3
2025-06-30 08:00:00,22.6,14.7,61,0,,42,8.3,,1020,,2
2025-06-30 09:00:00,24.7,14.8,54,0,,49,7.2,,1020,,1
2025-06-30 10:00:00,26.8,14.9,48,0,,61,7.9,,1019.5,,1
2025-06-30 11:00:00,28.8,15,43,0,,61,9.4,,1018.8,,1
2025-06-30 12:00:00,29.8,15.1,41,0,,63,11.2,,1018.7,,1
2025-06-30 13:00:00,30.8,14.8,38,0,,60,10.8,,1018.2,,1
2025-06-30 14:00:00,31.4,14.5,36,0,,56,9.7,,1017.6,,2
2025-06-30 15:00:00,31.5,12.8,32,0,,39,9.7,,1017.6,,3
2025-06-30 16:00:00,30.7,13.5,35,0,,23,12.2,,1017.2,,3
2025-06-30 17:00:00,31,12.8,33,0,,49,9,,1016.8,,3
2025-06-30 18:00:00,30.5,12.8,34,0,,75,9.7,,1016.7,,3
2025-06-30 19:00:00,30.1,12.5,34,0,,100,9.4,,1016.5,,3
2025-06-30 20:00:00,29,13.6,39,0,,95,6.8,,1016.3,,3
2025-06-30 21:00:00,27.3,13.2,42,0,,118,6.5,,1016.7,,3
2025-06-30 22:00:00,25.1,16.2,58,0,,125,5.4,,1017.2,,1
2025-06-30 23:00:00,24.1,16.9,64,0,,149,4.3,,1017.4,,1
2025-07-01 00:00:00,23.1,16.9,68,0,,173,5.4,,1017.2,,1
2025-07-01 01:00:00,22,16.7,72,0,,228,4.3,,1017.2,,1
2025-07-01 02:00:00,21.2,16.6,75,0,,236,4.3,,1017.2,,1
2025-07-01 03:00:00,20.1,16.5,80,0,,215,5,,1016.7,,1
2025-07-01 04:00:00,19.5,16,80,0,,227,5.8,,1016.7,,1
2025-07-01 05:00:00,19,16,83,0,,223,4.7,,1016.5,,1
2025-07-01 06:00:00,19,16.2,84,0,,228,3.2,,1016.9,,1
2025-07-01 07:00:00,20.7,16.5,77,0,,258,4.7,,1017.1,,1
2025-07-01 08:00:00,23.2,17,68,0,,267,4,,1017.2,,1
2025-07-01 09:00:00,25.8,17.2,59,0,,232,4.3,,1017.4,,2
2025-07-01 10:00:00,28.2,16.5,49,0,,225,5.4,,1017.2,,2
2025-07-01 11:00:00,29.9,15.6,42,0,,237,4.3,,1016.8,,2
2025-07-01 12:00:00,31.1,14.7,37,0,,181,2.9,,1016.5,,2
2025-07-01 13:00:00,31.3,14.8,37,0,,269,5.8,,1016.7,,2
2025-07-01 14:00:00,31.9,14.5,35,0,,286,8.3,,1016.5,,3
2025-07-01 15:00:00,30,14.9,40,0,,141,13.7,,1017.1,,17
2025-07-01 16:00:00,30.1,15,40,0,,127,6.1,,1016.6,,3
2025-07-01 17:00:00,30.1,14.6,39,0,,125,6.8,,1016.3,,3
2025-07-01 18:00:00,29.7,14.6,40,0,,302,12.2,,1016,,3
2025-07-01 19:00:00,29.8,14.3,39,0,,315,9.7,,1015.9,,3
2025-07-01 20:00:00,29.6,14.2,39,0,,278,6.8,,1016,,2
2025-07-01 21:00:00,28,16.3,49,0,,224,3.6,,1016.4,,1
2025-07-01 22:00:00,26.3,15,50,0,,238,5,,1016.8,,1
2025-07-01 23:00:00,23.6,15.4,60,0,,174,6.5,,1017.1,,1
2025-07-02 00:00:00,22.3,16.3,69,0,,191,5.4,,1017.2,,1
2025-07-02 01:00:00,21.3,16.5,74,0,,232,4,,1017,,1
2025-07-02 02:00:00,20.5,16.3,77,0,,225,5.4,,1017.1,,1
2025-07-02 03:00:00,19.7,16.3,81,0,,204,5,,1017,,1
2025-07-02 04:00:00,18.6,16,85,0,,208,6.5,,1016.7,,1
2025-07-02 05:00:00,18,15.8,87,0,,217,5.8,,1016.6,,1
2025-07-02 06:00:00,17.9,15.7,87,0,,222,4.7,,1016.9,,1
2025-07-02 07:00:00,19.9,16.3,80,0,,205,5.8,,1016.9,,1
2025-07-02 08:00:00,22.7,16.7,69,0,,191,3.6,,1017,,1
2025-07-02 09:00:00,25.4,17.6,62,0,,291,2.9,,1016.7,,1
2025-07-02 10:00:00,28.2,17.4,52,0,,352,3.2,,1016.4,,1
2025-07-02 11:00:00,30.6,16.2,42,0,,76,4.3,,1015.9,,1
2025-07-02 12:00:00,32.2,13.9,33,0,,95,6.5,,1015.5,,1
2025-07-02 13:00:00,33,12.6,29,0,,90,6.8,,1015,,1
2025-07-02 14:00:00,33.7,12.6,28,0,,87,6.5,,1014.4,,1
2025-07-02 15:00:00,34.3,12.6,27,0,,56,7.2,,1013.8,,1
2025-07-02 16:00:00,34.3,12,26,0,,358,7.9,,1013.3,,1
2025-07-02 17:00:00,32.6,13.2,31,0,,303,7.9,,1013.7,,17
2025-07-02 18:00:00,32.4,12.6,30,0,,268,10.1,,1013.2,,3
2025-07-02 19:00:00,31.8,12.1,30,0,,235,12.6,,1013.4,,2
2025-07-02 20:00:00,29.9,14.4,39,0,,261,10.1,,1013.7,,2
2025-07-02 21:00:00,28,15.6,47,0,,235,11.9,,1014.3,,3
2025-07-02 22:00:00,26.6,15.6,51,0,,234,10.1,,1014.8,,1
2025-07-02 23:00:00,25.4,16,56,0,,237,11.2,,1015.1,,1
2025-07-03 00:00:00,24.2,16.2,61,0,,224,10.1,,1015.2,,1
2025-07-03 01:00:00,23.2,16,64,0,,222,9,,1015.3,,1
2025-07-03 02:00:00,22.7,15.8,65,0,,224,9.7,,1015.5,,1
2025-07-03 03:00:00,22.4,15.7,66,0.2,,221,11.2,,1015.8,,1
2025-07-03 04:00:00,22.2,15.3,65,0,,224,12.2,,1016.3,,1
2025-07-03 05:00:00,21.1,15.4,70,0,,282,13.7,,1017.7,,1
2025-07-03 06:00:00,20.5,14.8,70,0.8,,329,15.1,,1019.1,,1
2025-07-03 07:00:00,20.9,14.5,67,0.1,,334,14.4,,1019.8,,1
2025-07-03 08:00:00,21.4,14.8,66,0,,340,13.3,,1020.7,,1
2025-07-03 09:00:00,22.4,14.8,62,0,,345,13,,1021.3,,1
2025-07-03 10:00:00,23.5,15,59,0,,348,12.6,,1021.8,,1
2025-07-03 11:00:00,24.4,16.1,60,0,,339,10.8,,1022.1,,1
2025-07-03 12:00:00,24.1,15.6,59,0,,331,12.6,,1022.6,,3
2025-07-03 13:00:00,26,15.4,52,0,,332,15.1,,1022.7,,3
2025-07-03 14:00:00,25.1,14.8,53,0,,349,14.4,,1022.7,,7
2025-07-03 15:00:00,25.6,14.4,50,0,,347,15.5,,1022.4,,3
2025-07-03 16:00:00,26.6,15.3,50,0,,343,13,,1022.7,,2
2025-07-03 17:00:00,25.7,14.5,50,0,,349,12.2,,1022.5,,3
2025-07-03 18:00:00,25.4,13.9,49,0,,354,11.9,,1022.4,,3
2025-07-03 19:00:00,25.1,13,47,0,,3,11.5,,1022.4,,3
2025-07-03 20:00:00,24.2,12.2,47,0,,16,11.9,,1023,,3
2025-07-03 21:00:00,23.1,11.2,47,0,,10,9,,1023.3,,2
2025-07-03 22:00:00,21.4,10.5,50,0,,6,7.6,,1023.8,,2
2025-07-03 23:00:00,20.5,10,51,0,,5,10.4,,1023.8,,2
2025-07-04 00:00:00,19.8,7.5,45,0,,352,12.2,,1024.1,,2
2025-07-04 01:00:00,19.1,6.2,43,0,,338,11.5,,1024.3,,3
2025-07-04 02:00:00,19.5,8.8,50,0,,332,10.8,,1024.2,,3
2025-07-04 03:00:00,18.7,8.6,52,0,,332,10.1,,1023.9,,3
2025-07-04 04:00:00,18.4,9.2,55,0,,246,7.2,,1024.2,,3
2025-07-04 05:00:00,18,9.3,57,0,,300,6.5,,1024.5,,3
2025-07-04 06:00:00,16.9,10.5,66,0,,330,6.8,,1024.8,,3
2025-07-04 07:00:00,16.3,13,81,0,,315,7.2,,1025,,2
2025-07-04 08:00:00,17.7,12.6,72,0,,323,5,,1025.7,,1
2025-07-04 09:00:00,19.6,12.1,62,0,,342,5.4,,1025.9,,1
2025-07-04 10:00:00,21.5,12.6,57,0,,351,4.3,,1025.6,,1
2025-07-04 11:00:00,23,12.6,52,0,,355,6.5,,1025.5,,1
2025-07-04 12:00:00,24.2,10.1,41,0,,7,8.3,,1025.2,,2
2025-07-04 13:00:00,25.1,9.4,37,0,,359,8.6,,1024.9,,2
2025-07-04 14:00:00,26.1,8.6,33,0,,354,9.4,,1024.1,,2
2025-07-04 15:00:00,26.3,8.3,32,0,,0,10.1,,1023.8,,3
2025-07-04 16:00:00,26,8.9,34,0,,4,10.1,,1023.6,,3
2025-07-04 17:00:00,26.5,8,31,0,,11,13.7,,1022.3,,2
2025-07-04 18:00:00,26.1,8.1,32,0,,35,14,,1021.9,,2
2025-07-04 19:00:00,25.5,8,33,0,,45,13.7,,1021.5,,1
2025-07-04 20:00:00,24.6,8.1,35,0,,38,11.2,,1021.8,,1
2025-07-04 21:00:00,22.3,8,40,0,,26,7.9,,1022.2,,1
2025-07-04 22:00:00,20.8,8.1,44,0,,34,7.6,,1022.2,,1
2025-07-04 23:00:00,19.7,9,50,0,,50,7.2,,1022.2,,1
2025-07-05 00:00:00,18.8,9.3,54,0,,359,6.8,,1021.9,,1
2025-07-05 01:00:00,18.1,8.6,54,0,,4,6.8,,1021.6,,1
2025-07-05 02:00:00,17.3,8.7,57,0,,17,6.5,,1021.4,,1
2025-07-05 03:00:00,16.5,9.4,63,0,,207,2.9,,1020.9,,1
2025-07-05 04:00:00,15.5,9.8,69,0,,221,4,,1020.5,,1
2025-07-05 05:00:00,14.8,9.8,72,0,,238,4,,1020.1,,1
2025-07-05 06:00:00,14.7,10.3,75,0,,227,4,,1019.9,,1
2025-07-05 07:00:00,16.4,10.5,68,0,,223,6.8,,1019.7,,1
2025-07-05 08:00:00,19.3,10.6,57,0,,245,5.8,,1019.5,,1
2025-07-05 09:00:00,21.9,10.1,47,0,,262,6.5,,1019.2,,1
2025-07-05 10:00:00,24.2,11.5,45,0,,260,10.1,,1018.6,,3
2025-07-05 11:00:00,25.8,10.4,38,0,,263,11.5,,1018,,3
2025-07-05 12:00:00,27,8.4,31,0,,254,11.2,,1017.4,,3
2025-07-05 13:00:00,27.6,8.4,30,0,,258,10.1,,1016.8,,3
2025-07-05 14:00:00,28.4,8.1,28,0,,251,13.7,,1016.2,,3
2025-07-05 15:00:00,28.7,6.1,24,0,,247,15.8,,1015.5,,3
2025-07-05 16:00:00,28.4,4.6,22,0,,250,15.8,,1015.1,,3
2025-07-05 17:00:00,28,4.3,22,0,,255,14.4,,1014.8,,3
2025-07-05 18:00:00,27.3,5.5,25,0,,274,14.8,,1014.6,,3
2025-07-05 19:00:00,26.3,6.3,28,0,,295,14.8,,1014.5,,1
2025-07-05 20:00:00,24.8,7,32,0,,306,11.9,,1014.7,,1
2025-07-05 21:00:00,22.5,7.5,38,0,,311,9,,1015.2,,1
2025-07-05 22:00:00,20.6,7.6,43,0,,296,9.4,,1015.6,,3
2025-07-05 23:00:00,20.4,6.3,40,0,,282,11.2,,1015.5,,3
2025-07-06 00:00:00,19.3,5.7,41,0,,254,7.9,,1015.4,,3
2025-07-06 01:00:00,18.3,5.8,44,0,,223,7.9,,1015.2,,3
2025-07-06 02:00:00,17.3,6.5,49,0,,225,6.8,,1014.9,,3
2025-07-06 03:00:00,17.4,7.2,51,0,,224,6.5,,1014.5,,3
2025-07-06 04:00:00,16.8,6.9,52,0,,212,5,,1013.9,,3
2025-07-06 05:00:00,16.4,7.3,55,0,,206,4.7,,1013.5,,3
2025-07-06 06:00:00,15.5,8,61,0,,232,4.3,,1013,,3
2025-07-06 07:00:00,17.2,8.1,55,0,,230,5.8,,1012.7,,3
2025-07-06 08:00:00,18.8,8.4,51,0,,260,5,,1012.5,,3
2025-07-06 09:00:00,21.3,8.9,45,0,,265,4.7,,1012.3,,3
2025-07-06 10:00:00,23.3,8.6,39,0,,266,9.4,,1011.6,,3
2025-07-06 11:00:00,24.8,7.4,33,0,,265,12.2,,1010.8,,3
2025-07-06 12:00:00,24.4,7.1,33,0,,269,14.4,,1010.4,,3
2025-07-06 13:00:00,23.8,7.4,35,0,,285,13.3,,1009.8,,3
2025-07-06 14:00:00,23.3,7.8,37,0,,291,14.4,,1009.9,,3
2025-07-06 15:00:00,22.7,8,39,0,,288,15.1,,1010,,3
2025-07-06 16:00:00,22.5,7.1,37,0,,250,11.5,,1009.3,,3
2025-07-06 17:00:00,21.8,8.7,43,0,,194,15.1,,1008.5,,3
2025-07-06 18:00:00,22.5,7.1,37,0,,233,18.4,,1008,,3
2025-07-06 19:00:00,22.4,8.1,40,0,,242,22,,1007.3,,3
2025-07-06 20:00:00,21.2,9.1,46,0,,264,18.4,,1007.9,,3
2025-07-06 21:00:00,19.2,10.7,58,0,,265,12.2,,1008.1,,3
2025-07-06 22:00:00,18,11.3,65,0.6,,237,13.7,,1008.7,,3
2025-07-06 23:00:00,16.2,11.6,74,0,,238,14,,1008.7,,3
2025-07-07 00:00:00,15,12.3,84,0,,227,15.1,,1008.9,,8
2025-07-07 01:00:00,14.5,11.8,84,0,,228,14,,1008.8,,3
2025-07-07 02:00:00,14.5,11.6,83,0,,228,12.6,,1008.2,,3
2025-07-07 03:00:00,14.2,11,81,0,,222,11.5,,1008,,3
2025-07-07 04:00:00,14.2,10.2,77,0,,218,11.9,,1007.7,,3
2025-07-07 05:00:00,14.2,10.6,79,0,,237,11.5,,1007.3,,3
2025-07-07 06:00:00,14.6,11.2,80,0.1,,229,13,,1007.1,,3
2025-07-07 07:00:00,14.9,11.5,80,0,,232,16.9,,1006.8,,3
2025-07-07 08:00:00,15.9,11.7,76,0,,240,19.1,,1006.7,,3
2025-07-07 09:00:00,17,11.9,72,0,,245,16.9,,1006.5,,3
2025-07-07 10:00:00,18.3,11.8,66,0.6,,245,16.6,,1006.1,,3
2025-07-07 11:00:00,19.5,12,62,0,,246,15.8,,1005.8,,3
2025-07-07 12:00:00,20.8,11.4,55,0,,245,17.3,,1005.2,,3
2025-07-07 13:00:00,21.2,10.7,51,0,,243,20.2,,1005,,3
2025-07-07 14:00:00,19.1,12.6,66,0,,257,19.8,,1005.3,,8
2025-07-07 15:00:00,21.2,9.4,47,0,,256,22.7,,1005,,17
2025-07-07 16:00:00,20.1,9.9,52,0.1,,262,24.1,,1005.2,,17
2025-07-07 17:00:00,18.1,10.2,60,0,,265,22.3,,1005.7,,7
2025-07-07 18:00:00,17.6,11.4,67,0,,247,16.6,,1006,,7
2025-07-07 19:00:00,17.6,10.7,64,0,,251,16.2,,1005.9,,3
2025-07-07 20:00:00,16.9,10.3,65,0,,260,16.6,,1007,,17
2025-07-07 21:00:00,15,11.8,81,1.4,,246,15.5,,1007.7,,18
2025-07-07 22:00:00,14.5,12,85,0,,244,16.6,,1008.5,,3
2025-07-07 23:00:00,13.8,11.7,87,0.4,,246,15.1,,1009.2,,3
2025-07-08 00:00:00,13.4,11.8,90,0.3,,254,15.1,,1009.7,,8
2025-07-08 01:00:00,13.4,12,91,2.7,,275,14,,1010.1,,8
2025-07-08 02:00:00,12.8,12.2,96,0.3,,308,15.5,,1010.3,,9
2025-07-08 03:00:00,12.6,11.5,93,0,,313,16.2,,1010.7,,8
2025-07-08 04:00:00,12.2,10.9,92,0,,319,14.8,,1011.1,,8
2025-07-08 05:00:00,12,10.6,91,0.7,,306,13.7,,1011.4,,7
2025-07-08 06:00:00,11.8,10.4,91,1.3,,300,14,,1012.3,,8
2025-07-08 07:00:00,11.3,9.4,88,0,,312,14.8,,1012.5,,8
2025-07-08 08:00:00,11.8,9.5,86,0,,301,11.5,,1012.9,,8
2025-07-08 09:00:00,12.3,9.5,83,0,,300,13,,1013.1,,3
2025-07-08 10:00:00,13,8.3,73,0,,298,14.8,,1013.3,,7
2025-07-08 11:00:00,14.1,7.2,63,0,,299,18.4,,1013.6,,3
2025-07-08 12:00:00,14.4,6.2,58,0,,302,18.4,,1014,,3
2025-07-08 13:00:00,15.5,6,53,0,,288,15.8,,1014.1,,3
2025-07-08 14:00:00,14.1,7.4,64,0,,289,16.9,,1015,,8
2025-07-08 15:00:00,14,8.4,69,0,,281,13,,1015.1,,8
2025-07-08 16:00:00,15.5,7.5,59,0.1,,283,14,,1015.2,,3
2025-07-08 17:00:00,16.3,7.5,56,0,,294,17.3,,1015,,3
2025-07-08 18:00:00,15.3,7.8,61,0,,254,14.4,,1015.6,,3
2025-07-08 19:00:00,15.2,8,62,0,,266,13,,1015.6,,7
2025-07-08 20:00:00,15.1,7.9,62,0,,293,10.1,,1016.3,,3
2025-07-08 21:00:00,14.3,7.8,65,0,,295,9,,1017.1,,3
2025-07-08 22:00:00,12.7,8.2,74,0,,242,7.9,,1018.3,,3
2025-07-08 23:00:00,12,8.5,79,0,,225,10.8,,1019,,3
2025-07-09 00:00:00,11.3,8.2,81,0,,235,11.5,,1019.8,,2
2025-07-09 01:00:00,10.8,8.2,84,0,,237,10.8,,1020.4,,2
2025-07-09 02:00:00,10.6,8.7,88,0,,222,11.2,,1020.7,,17
2025-07-09 03:00:00,10.3,8.7,90,0,,219,10.8,,1021,,3
2025-07-09 04:00:00,10.1,8.9,92,0,,222,9.7,,1021,,3
2025-07-09 05:00:00,10,8.8,92,0,,230,9,,1020.9,,2
2025-07-09 06:00:00,9.8,8.7,93,0,,226,9.7,,1021.2,,2
2025-07-09 07:00:00,10.8,8.7,87,0,,220,9,,1021.5,,1
2025-07-09 08:00:00,12.7,9.2,79,0,,231,8.6,,1021.6,,1
2025-07-09 09:00:00,14.6,9.2,70,0,,259,9.7,,1021.7,,2
2025-07-09 10:00:00,16,8.2,60,0,,289,11.2,,1021.6,,2
2025-07-09 11:00:00,17.3,7.3,52,0,,289,11.9,,1021.4,,2
2025-07-09 12:00:00,17.8,7.5,51,0,,280,11.2,,1021.2,,3
2025-07-09 13:00:00,18.2,7,48,0,,269,11.2,,1021.2,,3
2025-07-09 14:00:00,19.1,6.9,45,0,,273,12.6,,1021,,3
2025-07-09 15:00:00,18.7,7.2,47,0,,284,13,,1021.2,,3
2025-07-09 16:00:00,18.9,7.6,48,0,,288,12.6,,1021.3,,3
2025-07-09 17:00:00,18.5,8.2,51,0,,293,11.9,,1021.4,,3
2025-07-09 18:00:00,18.8,8.4,51,0,,302,12.2,,1021.3,,3
2025-07-09 19:00:00,18.4,8.4,52,0,,312,11.9,,1021.5,,3
2025-07-09 20:00:00,17.7,8.8,56,0,,317,8.6,,1021.8,,3
2025-07-09 21:00:00,15.7,9.8,68,0,,305,6.1,,1022.1,,2
2025-07-09 22:00:00,14.1,9.1,72,0,,322,5,,1022.2,,1
2025-07-09 23:00:00,13.3,9,75,0,,268,4.7,,1022.7,,1
2025-07-10 00:00:00,12,8.8,81,0,,223,4.7,,1022.8,,1
2025-07-10 01:00:00,11.1,8.8,86,0,,218,5.4,,1022.9,,1
2025-07-10 02:00:00,10.7,8.8,88,0,,219,5,,1022.7,,2
2025-07-10 03:00:00,10.2,8.6,90,0,,233,6.5,,1022.6,,2
2025-07-10 04:00:00,10.1,8.5,90,0,,232,6.8,,1022.4,,2
2025-07-10 05:00:00,9.7,8.3,91,0,,226,5.8,,1022.3,,1
2025-07-10 06:00:00,9.4,8,91,0,,229,6.1,,1022.5,,1
2025-07-10 07:00:00,11,8.6,85,0,,229,7.2,,1022.5,,1
2025-07-10 08:00:00,13.3,9,75,0,,226,4.3,,1022.4,,2
2025-07-10 09:00:00,16.3,9.5,64,0,,230,3.6,,1022.6,,1
2025-07-10 10:00:00,18.4,8.9,54,0,,263,4,,1022.2,,1
2025-07-10 11:00:00,19.8,8.5,48,0,,309,5,,1021.8,,2
2025-07-10 12:00:00,20.4,8.1,45,0,,320,6.1,,1021.6,,3
2025-07-10 13:00:00,21.8,7.6,40,0,,356,6.5,,1021.3,,3
2025-07-10 14:00:00,21.8,7.2,39,0,,48,9.4,,1020.9,,3
2025-07-10 15:00:00,22.8,7.3,37,0,,20,10.8,,1020.3,,3
2025-07-10 16:00:00,23,7.5,37,0,,355,11.5,,1019.9,,3
2025-07-10 17:00:00,22.9,7,36,0,,335,11.5,,1019.8,,3
2025-07-10 18:00:00,22.6,6.8,36,0,,344,11.9,,1019.8,,3
2025-07-10 19:00:00,21.9,6.9,38,0,,351,11.5,,1019.6,,1
2025-07-10 20:00:00,20.7,8,44,0,,353,11.9,,1019.8,,1
2025-07-10 21:00:00,18,8.5,54,0,,356,7.9,,1020.1,,1
2025-07-10 22:00:00,16.8,8.5,58,0,,316,4.3,,1020.2,,2
2025-07-10 23:00:00,16,8.7,62,0,,333,4.7,,1019.9,,2
2025-07-11 00:00:00,14.8,8.9,68,0,,273,6.1,,1019.8,,1
2025-07-11 01:00:00,13.7,8.7,72,0,,280,7.9,,1019.6,,2
2025-07-11 02:00:00,13.1,8.6,74,0,,305,7.2,,1019.5,,1
2025-07-11 03:00:00,12.5,8.8,78,0,,299,6.5,,1019.2,,1
2025-07-11 04:00:00,12.4,8.3,76,0,,278,5.4,,1018.8,,2
2025-07-11 05:00:00,11.8,8.3,79,0,,248,4.7,,1018.8,,2
2025-07-11 06:00:00,11.8,8.5,80,0,,223,4.3,,1018.8,,2
2025-07-11 07:00:00,13.4,9.1,75,0,,225,5.8,,1018.8,,3
2025-07-11 08:00:00,16,9.4,65,0,,247,3.2,,1018.9,,2
2025-07-11 09:00:00,18.2,9.8,58,0,,333,5,,1018.7,,1
2025-07-11 10:00:00,20.2,10,52,0,,355,9,,1018.3,,2
2025-07-11 11:00:00,21.6,9.5,46,0,,346,10.1,,1017.7,,3
2025-07-11 12:00:00,22.5,8.9,42,0,,345,10.8,,1017.2,,3
2025-07-11 13:00:00,22.5,9.3,43,0,,337,10.8,,1017,,3
2025-07-11 14:00:00,22.8,9.6,43,0,,337,10.4,,1016.6,,3
2025-07-11 15:00:00,23.2,9.6,42,0,,340,13.3,,1016.1,,17
2025-07-11 16:00:00,23,9.7,43,0,,338,13.7,,1016,,3
2025-07-11 17:00:00,23,10.1,44,0,,336,14,,1015.7,,3
2025-07-11 18:00:00,22.2,10.7,48,0,,341,14,,1015.6,,3
2025-07-11 19:00:00,21.8,11.2,51,0,,342,12.6,,1015.7,,2
2025-07-11 20:00:00,20.8,11.4,55,0,,348,10.4,,1015.9,,2
2025-07-11 21:00:00,18.8,12.1,65,0,,350,5.8,,1016,,2
2025-07-11 22:00:00,17.8,11.8,68,0,,317,3.6,,1016.3,,2
2025-07-11 23:00:00,16.5,11.4,72,0,,328,5.8,,1016.3,,3
2025-07-12 00:00:00,15.4,11,75,0,,335,5.8,,1016,,3
2025-07-12 01:00:00,14.7,10.1,74,0,,10,6.1,,1016.1,,3
2025-07-12 02:00:00,13.9,9.5,75,0,,332,6.5,,1016.1,,3
2025-07-12 03:00:00,13.2,9.4,78,0,,283,5,,1015.9,,3
2025-07-12 04:00:00,12.4,9.2,81,0,,251,4.7,,1015.8,,3
2025-07-12 05:00:00,11.5,9.2,86,0,,224,4,,1015.4,,3
2025-07-12 06:00:00,11.2,8.8,85,0,,226,5.8,,1015.1,,3
2025-07-12 07:00:00,12.6,8.9,78,0,,228,6.5,,1015,,3
2025-07-12 08:00:00,14.8,9.4,70,0,,218,4,,1015,,3
2025-07-12 09:00:00,17.2,9.1,59,0,,265,3.6,,1014.8,,3
2025-07-12 10:00:00,18.9,9.1,53,0,,340,5,,1014.6,,3
2025-07-12 11:00:00,21.2,9.4,47,0,,285,5.8,,1014.1,,3
2025-07-12 12:00:00,22.6,8.3,40,0,,270,6.1,,1013.6,,2
2025-07-12 13:00:00,23.9,7.5,35,0,,245,6.8,,1012.9,,3
2025-07-12 14:00:00,24.4,7.1,33,0,,226,9,,1012.5,,3
2025-07-12 15:00:00,24.6,6.8,32,0,,224,10.1,,1011.9,,3
2025-07-12 16:00:00,24.2,8.2,36,0,,293,9.4,,1012.1,,3
2025-07-12 17:00:00,24.4,8.4,36,0,,290,10.8,,1011.6,,3
2025-07-12 18:00:00,23.9,8.7,38,0,,297,11.2,,1011.4,,3
2025-07-12 19:00:00,23.5,8.7,39,0,,307,10.4,,1011.1,,3
2025-07-12 20:00:00,22.5,10.6,47,0,,302,7.9,,1011.1,,3
2025-07-12 21:00:00,20.3,10.4,53,0,,314,8.6,,1011.2,,2
2025-07-12 22:00:00,18.8,10.4,58,0,,333,4.7,,1012.1,,3
2025-07-12 23:00:00,18,10.4,61,0,,246,4.3,,1012.3,,3
2025-07-13 00:00:00,16.4,10.5,68,0,,209,5,,1012.3,,3
2025-07-13 01:00:00,15.3,10.7,74,0,,215,6.8,,1012.1,,2
2025-07-13 02:00:00,14.4,10,75,0,,230,5.8,,1012.1,,2
2025-07-13 03:00:00,13.5,9.9,79,0,,233,6.1,,1011.7,,2
2025-07-13 04:00:00,12.8,9.8,82,0,,240,6.5,,1011.8,,3
2025-07-13 05:00:00,12.6,9.6,82,0,,223,7.9,,1011.9,,2
2025-07-13 06:00:00,12.7,9.3,80,0,,213,8.3,,1012,,1
2025-07-13 07:00:00,14.8,9.8,72,0,,220,10.1,,1011.9,,1
2025-07-13 08:00:00,17.6,10.2,62,0,,236,6.8,,1011.8,,1
2025-07-13 09:00:00,20.8,10.9,53,0,,236,6.8,,1011.8,,1
2025-07-13 10:00:00,23.3,10,43,0,,247,9,,1011.6,,1
2025-07-13 11:00:00,24.5,9.6,39,0,,264,13,,1011.4,,1
2025-07-13 12:00:00,25.5,8.9,35,0,,258,14.4,,1011.6,,3
2025-07-13 13:00:00,26.4,7.9,31,0,,269,14.8,,1011.2,,1
2025-07-13 14:00:00,26.9,7.8,30,0,,271,15.8,,1011,,1
2025-07-13 15:00:00,27.2,8.6,31,0,,273,14.4,,1010.9,,2
2025-07-13 16:00:00,27.5,9.8,33,0,,266,14,,1010.8,,1
2025-07-13 17:00:00,27,11.5,38,0,,265,12.6,,1010.9,,2
2025-07-13 18:00:00,26.6,11.5,39,0,,273,12.6,,1010.8,,2
2025-07-13 19:00:00,26,11.3,40,0,,260,12.2,,1011,,1
2025-07-13 20:00:00,24.7,12.3,46,0,,253,9.4,,1011.7,,1
2025-07-13 21:00:00,22.2,12.7,55,0,,259,7.2,,1012.2,,2
2025-07-13 22:00:00,21.7,13.1,58,0,,236,8.6,,1012.8,,2
2025-07-13 23:00:00,20.9,14.1,65,0,,227,10.8,,1013.6,,2
2025-07-14 00:00:00,19.7,14.5,72,0,,228,10.4,,1014,,1
2025-07-14 01:00:00,19,14.5,75,0,,227,11.2,,1014.4,,1
2025-07-14 02:00:00,18.6,14.3,76,0,,226,11.5,,1014.4,,1
2025-07-14 03:00:00,18.2,14.1,77,0,,224,12.2,,1014.5,,1
2025-07-14 04:00:00,17.9,14,78,0,,227,11.9,,1014.7,,1
2025-07-14 05:00:00,17.4,14.3,82,0,,228,11.5,,1014.9,,2
2025-07-14 06:00:00,17.8,14.5,81,0,,235,13.7,,1015.4,,3
2025-07-14 07:00:00,19.3,15,76,0,,238,16.2,,1016.1,,3
2025-07-14 08:00:00,19.7,14.9,74,0.1,,252,18.4,,1016.7,,3
2025-07-14 09:00:00,20.9,15.2,70,0,,241,15.1,,1016.9,,3
2025-07-14 10:00:00,21.6,15,66,0,,245,21.2,,1017.4,,3
2025-07-14 11:00:00,21.6,15.7,69,0,,252,21.6,,1017.8,,8
2025-07-14 12:00:00,22.9,15,61,3.6,,253,22.3,,1017.8,,3
2025-07-14 13:00:00,21,15.8,72,0,,236,17.6,,1018.3,,8
2025-07-14 14:00:00,22.4,15.7,66,0,,262,20.2,,1018.3,,8
2025-07-14 15:00:00,22.6,15.9,66,0,,252,17.6,,1018.1,,8
2025-07-14 16:00:00,21.1,15.6,71,0.1,,255,21.6,,1018.7,,9
2025-07-14 17:00:00,20.4,16.4,78,0.1,,236,14,,1018.4,,7
2025-07-14 18:00:00,23.5,14.8,58,0,,275,15.8,,1017.7,,3
2025-07-14 19:00:00,23.6,14.8,58,0,,270,12.6,,1017.8,,2
2025-07-14 20:00:00,22.7,14.8,61,0,,255,11.9,,1018,,17
2025-07-14 21:00:00,21.4,15,67,0,,235,8.3,,1018.4,,3
2025-07-14 22:00:00,19.9,15.1,74,1.3,,230,7.6,,1019.1,,2
2025-07-14 23:00:00,19.1,15.4,79,3.8,,231,6.5,,1019.5,,2
2025-07-15 00:00:00,18.1,15.2,83,2.7,,223,7.6,,1019.6,,1
2025-07-15 01:00:00,17.2,14.7,85,0.6,,223,8.6,,1019.5,,2
2025-07-15 02:00:00,16.5,14.3,87,0.1,,225,7.9,,1019.5,,1
2025-07-15 03:00:00,16.1,14.3,89,0,,230,8.3,,1019.4,,1
2025-07-15 04:00:00,15.8,13.3,85,0,,228,9,,1019,,3
2025-07-15 05:00:00,16.3,13.2,82,0,,231,11.9,,1019.1,,2
2025-07-15 06:00:00,16.9,13,78,0,,226,12.6,,1019.3,,2
2025-07-15 07:00:00,18.1,13.4,74,0,,234,11.9,,1019.2,,3
2025-07-15 08:00:00,19.7,14.1,70,0,,238,11.2,,1019.3,,3
2025-07-15 09:00:00,21.9,14,61,0,,237,11.2,,1019,,2
2025-07-15 10:00:00,23.3,12,49,0,,255,15.8,,1018.8,,2
2025-07-15 11:00:00,23.4,11.8,48,0,,259,19.1,,1018.7,,17
2025-07-15 12:00:00,22.2,13.5,58,0,,258,16.9,,1019,,17
2025-07-15 13:00:00,23.3,14,56,0,,269,14.4,,1018.5,,17
2025-07-15 14:00:00,22.2,14.6,62,0,,258,17.6,,1018.3,,9
2025-07-15 15:00:00,23,13.7,56,0,,268,17.3,,1018,,7
2025-07-15 16:00:00,23.6,12.9,51,0,,272,16.6,,1017.7,,3
2025-07-15 17:00:00,23.7,13,51,0,,270,16.6,,1017.5,,3
2025-07-15 18:00:00,22.4,12.6,54,0,,281,18,,1017.5,,3
2025-07-15 19:00:00,21.7,12.5,56,0,,277,14,,1017.8,,3
2025-07-15 20:00:00,20.6,12.6,60,0,,284,13.7,,1018.4,,3
2025-07-15 21:00:00,19.6,12.1,62,0,,276,11.2,,1019,,3
2025-07-15 22:00:00,18.8,11.4,62,0,,273,10.8,,1019.7,,3
2025-07-15 23:00:00,18,10.8,63,0,,261,10.8,,1019.9,,3
2025-07-16 00:00:00,17.4,10.5,64,0,,254,10.4,,1020.2,,3
2025-07-16 01:00:00,16.7,10.5,67,0,,244,8.6,,1020.1,,3
2025-07-16 02:00:00,16.2,10.5,69,0,,227,9,,1019.8,,3
2025-07-16 03:00:00,16.1,10.6,70,0,,221,9.4,,1019.4,,3
2025-07-16 04:00:00,15.7,10.5,71,0,,219,10.4,,1019.3,,3
2025-07-16 05:00:00,14.9,10.5,75,0,,219,9.7,,1018.6,,3
2025-07-16 06:00:00,14.8,10,73,0,,220,10.4,,1018.3,,3
2025-07-16 07:00:00,16,9.9,67,0,,224,11.9,,1018.1,,3
2025-07-16 08:00:00,16.3,9.7,65,0,,225,11.9,,1018.2,,7
2025-07-16 09:00:00,16.7,9.6,63,0,,226,12.6,,1017.9,,3
2025-07-16 10:00:00,19.5,8.5,49,0,,247,21.6,,1017.7,,3
2025-07-16 11:00:00,19.5,8.8,50,0,,250,21.6,,1017.6,,3
2025-07-16 12:00:00,20,9.3,50,0,,247,21.6,,1017.2,,3
2025-07-16 13:00:00,21.3,9.2,46,0,,258,26.6,,1016.6,,3
2025-07-16 14:00:00,21.7,9.9,47,0,,250,24.5,,1016,,3
2025-07-16 15:00:00,19.6,11.4,59,0,,260,21.2,,1015.9,,3
2025-07-16 16:00:00,22.2,10.7,48,0,,256,24.8,,1014.5,,17
2025-07-16 17:00:00,21.5,10.6,50,0,,268,28.8,,1014.3,,17
2025-07-16 18:00:00,17.1,14.4,84,0,,274,18.7,,1015.1,,9
2025-07-16 19:00:00,17.8,14.3,80,0.1,,253,17.6,,1015,,17
2025-07-16 20:00:00,17,13.7,81,0.4,,260,21.2,,1015.2,,17
2025-07-16 21:00:00,16.4,13.7,84,1.2,,253,19.8,,1016,,3
2025-07-16 22:00:00,15.6,13.6,88,0,,261,17.3,,1016.6,,17
2025-07-16 23:00:00,15.3,13.7,90,0,,240,15.1,,1016.9,,3
2025-07-17 00:00:00,14.7,13.4,92,0,,264,16.2,,1017.2,,17
2025-07-17 01:00:00,14.9,13.9,94,0,,268,12.6,,1017.3,,17
2025-07-17 02:00:00,14.5,13.5,94,0,,253,9.7,,1017.2,,3
2025-07-17 03:00:00,13.7,13.1,96,0,,262,10.1,,1017.3,,2
2025-07-17 04:00:00,13.3,12.8,97,0,,266,10.8,,1017.6,,2
2025-07-17 05:00:00,12.9,12.3,96,0,,258,9.7,,1017.5,,2
2025-07-17 06:00:00,12.2,12,99,0,,252,7.2,,1018.1,,1
2025-07-17 07:00:00,13.1,12.6,97,0,,243,7.9,,1018.6,,2
2025-07-17 08:00:00,14.1,12.8,92,0,,241,7.9,,1018.9,,17
2025-07-17 09:00:00,15.6,12.2,80,0,,256,9,,1019.1,,17
2025-07-17 10:00:00,16.9,11.4,70,0,,259,10.4,,1019.1,,17
2025-07-17 11:00:00,18.9,10.2,57,0,,274,10.8,,1018.9,,3
2025-07-17 12:00:00,20,9.5,51,0,,281,10.1,,1018.5,,3
2025-07-17 13:00:00,21.2,8.8,45,0,,289,10.1,,1018,,3
2025-07-17 14:00:00,22.2,8.3,41,0,,284,11.2,,1017.5,,3
2025-07-17 15:00:00,22.8,7.7,38,0,,281,12.6,,1016.9,,3
2025-07-17 16:00:00,22.2,8.7,42,0,,274,13.7,,1017,,3
2025-07-17 17:00:00,22.5,8.9,42,0,,280,13.7,,1016.7,,3
2025-07-17 18:00:00,22,9.2,44,0,,292,15.1,,1016.7,,3
2025-07-17 19:00:00,21.3,9.2,46,0,,302,13.3,,1016.8,,3
2025-07-17 20:00:00,20.3,10.1,52,0,,312,10.1,,1017,,3
2025-07-17 21:00:00,18.2,11,63,0,,297,5.8,,1017.2,,1
2025-07-17 22:00:00,16.5,10.8,69,0,,268,6.5,,1017.2,,1
2025-07-17 23:00:00,15.5,11.1,75,0,,246,6.8,,1017.2,,1
2025-07-18 00:00:00,14.3,11.1,81,0,,221,7.2,,1017.3,,1
2025-07-18 01:00:00,13.7,11,84,0,,208,7.2,,1017.2,,1
2025-07-18 02:00:00,12.8,10.7,87,0,,222,6.8,,1017.1,,1
2025-07-18 03:00:00,12.2,10.3,88,0,,222,6.1,,1017.1,,1
2025-07-18 04:00:00,11.9,10,88,0,,206,5.8,,1016.8,,1
2025-07-18 05:00:00,11.6,9.5,87,0,,220,5,,1016.4,,1
2025-07-18 06:00:00,11.4,9.3,87,0,,239,4.7,,1016.1,,2
2025-07-18 07:00:00,12.9,9.9,82,0,,229,7.6,,1016,,1
2025-07-18 08:00:00,15.8,10.8,72,0,,243,6.5,,1016.1,,3
2025-07-18 09:00:00,18.9,11,60,0,,245,5,,1016.3,,3
2025-07-18 10:00:00,21.2,10.4,50,0,,240,4,,1015.6,,3
2025-07-18 11:00:00,22.5,9.6,44,0,,268,2.9,,1015.4,,3
2025-07-18 12:00:00,23.5,9.5,41,0,,322,4.3,,1015.1,,3
2025-07-18 13:00:00,24.8,9.1,37,0,,279,5,,1014.7,,3
2025-07-18 14:00:00,25.6,9.4,36,0,,259,5.8,,1014.3,,3
2025-07-18 15:00:00,26.3,9.2,34,0,,237,6.5,,1013.8,,2
2025-07-18 16:00:00,26.5,8.4,32,0,,231,7.6,,1013.3,,3
2025-07-18 17:00:00,26.7,7.7,30,0,,78,10.1,,1012.7,,3
2025-07-18 18:00:00,26.4,8.4,32,0,,68,15.8,,1012.1,,3
2025-07-18 19:00:00,24.3,9.8,40,0,,46,14.8,,1012.4,,3
2025-07-18 20:00:00,22.9,9.6,43,0,,43,14.4,,1013,,1
2025-07-18 21:00:00,20.9,10.4,51,0,,50,8.6,,1013.3,,1
2025-07-18 22:00:00,19.4,11.2,59,0,,62,6.5,,1013.3,,1
2025-07-18 23:00:00,18.3,10.9,62,0,,90,6.5,,1013.4,,1
2025-07-19 00:00:00,17.3,11.1,67,0,,99,6.5,,1013.2,,3
2025-07-19 01:00:00,16.3,11.2,72,0,,112,6.8,,1012.8,,2
2025-07-19 02:00:00,15.5,11.3,76,0,,135,7.2,,1012.4,,1
2025-07-19 03:00:00,14.8,10.4,75,0,,151,7.2,,1012.6,,1
2025-07-19 04:00:00,14.1,10.3,78,0,,140,7.2,,1011.8,,1
2025-07-19 05:00:00,13.5,9.9,79,0,,134,7.2,,1011.5,,1
2025-07-19 06:00:00,12.9,9.9,82,0,,176,7.2,,1011.5,,1
2025-07-19 07:00:00,14.4,10.6,78,0,,174,7.9,,1011.2,,1
2025-07-19 08:00:00,17.3,10.9,66,0,,331,5,,1011,,1
2025-07-19 09:00:00,20.5,11.1,55,0,,295,3.2,,1010.7,,2
2025-07-19 10:00:00,23.5,11.5,47,0,,62,5,,1009.8,,2
2025-07-19 11:00:00,26.3,12,41,0,,99,7.9,,1008.9,,3
2025-07-19 12:00:00,28.4,11.4,35,0,,110,3.6,,1008.6,,3
2025-07-19 13:00:00,29.7,11.7,33,0,,106,5.4,,1008.1,,3
2025-07-19 14:00:00,30.8,11.2,30,0,,279,7.9,,1007.8,,3
2025-07-19 15:00:00,31.1,10.9,29,0,,280,13,,1007.1,,3
2025-07-19 16:00:00,30.3,10.8,30,0,,249,17.3,,1007.5,,3
2025-07-19 17:00:00,29.1,11.6,34,0,,259,15.8,,1007.5,,3
2025-07-19 18:00:00,26.7,13.4,44,0,,268,14,,1008.2,,3
2025-07-19 19:00:00,26.7,13.8,45,0.1,,240,5.8,,1007.8,,3
2025-07-19 20:00:00,25.7,14.8,51,0.2,,248,5,,1008.1,,3
2025-07-19 21:00:00,24.3,14.4,54,0,,261,9.4,,1008.7,,3
2025-07-19 22:00:00,20.5,15.7,74,0,,224,20.5,,1010.9,,9
2025-07-19 23:00:00,18.2,14.5,79,0,,227,8.3,,1011,,8
2025-07-20 00:00:00,17.6,14.5,82,0,,216,5.8,,1010.6,,3
2025-07-20 01:00:00,16.8,14.3,85,0,,228,5.4,,1010.3,,1
2025-07-20 02:00:00,16.1,14.3,89,0,,237,5,,1010,,1
2025-07-20 03:00:00,15.5,13.9,90,0,,234,4.3,,1009.6,,1
2025-07-20 04:00:00,15,13.7,92,0,,218,4,,1009.1,,1
2025-07-20 05:00:00,14.9,13.4,91,0,,268,4,,1008.7,,3
2025-07-20 06:00:00,14.6,13.3,92,0,,220,3.2,,1008.7,,1
2025-07-20 07:00:00,15.9,13.7,87,0,,189,4.7,,1008.7,,2
2025-07-20 08:00:00,17.8,14.3,80,0,,300,3.2,,1008.6,,3
2025-07-20 09:00:00,20.5,14.8,70,0.1,,9,2.9,,1008.3,,3
2025-07-20 10:00:00,23.5,14.2,56,0,,58,5.4,,1007.9,,3
2025-07-20 11:00:00,25.8,13.3,46,0,,83,6.8,,1007.1,,3
2025-07-20 12:00:00,27.6,13.5,42,0,,121,5.8,,1006.3,,3
2025-07-20 13:00:00,28.6,12.9,38,0,,181,5,,1005.7,,3
2025-07-20 14:00:00,29.6,12.5,35,0,,161,6.5,,1004.9,,3
2025-07-20 15:00:00,30.3,12.7,34,0.3,,132,7.9,,1004.4,,3
2025-07-20 16:00:00,30.1,12.5,34,0.2,,152,6.5,,1004.1,,3
2025-07-20 17:00:00,29.6,12.1,34,0,,46,5.8,,1003.9,,3
2025-07-20 18:00:00,29.3,12.2,35,0,,290,15.5,,1003.9,,3
2025-07-20 19:00:00,20.3,18.1,87,0,,266,14.8,,1006.4,,9
2025-07-20 20:00:00,20.9,18.1,84,0.2,,207,7.9,,1006.3,,3
2025-07-20 21:00:00,20.3,18.6,90,1.3,,185,5.8,,1006.9,,3
2025-07-20 22:00:00,20.1,17.9,87,2.6,,206,8.3,,1007.7,,3
2025-07-20 23:00:00,20.2,17.6,85,0,,208,9,,1007.6,,8
2025-07-21 00:00:00,19.3,17.6,90,0,,197,8.3,,1007.4,,9
2025-07-21 01:00:00,19.4,17.5,89,0,,227,8.3,,1007.4,,3
2025-07-21 02:00:00,18.9,17,89,0.4,,226,8.6,,1007.4,,3
2025-07-21 03:00:00,18.6,16.7,89,0.2,,210,11.2,,1007.8,,8
2025-07-21 04:00:00,17.9,17.3,96,0.3,,210,6.1,,1007.3,,9
2025-07-21 05:00:00,16.9,16.3,96,0.5,,204,7.9,,1007.9,,9
2025-07-21 06:00:00,16.7,16.1,96,0.1,,187,6.1,,1007.5,,9
2025-07-21 07:00:00,16.7,16.2,97,0.4,,198,6.5,,1007.6,,8
2025-07-21 08:00:00,17.1,16.6,97,0,,213,9,,1008.2,,8
2025-07-21 09:00:00,17.5,15.5,88,0,,245,7.9,,1008.4,,8
2025-07-21 10:00:00,17,15.9,93,0,,231,9,,1008.1,,9
2025-07-21 11:00:00,17.4,15.9,91,0.1,,230,10.8,,1008.5,,8
2025-07-21 12:00:00,17.6,15.6,88,0,,220,9.7,,1008.6,,8
2025-07-21 13:00:00,18.3,15.2,82,0,,207,9.4,,1008.3,,7
2025-07-21 14:00:00,20.2,14.3,69,0,,208,9.4,,1007.9,,3
2025-07-21 15:00:00,22,13.6,59,0,,212,13,,1007.8,,17
2025-07-21 16:00:00,22.8,12.1,51,0,,223,13.3,,1007.1,,3
2025-07-21 17:00:00,20.6,12.8,61,0,,197,19.1,,1007.7,,7
2025-07-21 18:00:00,20.7,12.9,61,0,,220,20.5,,1007.9,,8
2025-07-21 19:00:00,20.2,12.4,61,0,,227,17.3,,1007.8,,3
2025-07-21 20:00:00,19.9,11.9,60,0,,231,16.2,,1008.2,,3
2025-07-21 21:00:00,18.8,11.8,64,0.1,,232,17.6,,1009,,3
2025-07-21 22:00:00,18,12.2,69,0.1,,226,18.4,,1009.4,,3
2025-07-21 23:00:00,17.6,12.5,72,0,,229,19.8,,1009.6,,3
2025-07-22 00:00:00,16.9,12.6,76,0,,235,20.5,,1010.1,,2
2025-07-22 01:00:00,16.6,12.7,78,0,,233,19.8,,1010.5,,3
2025-07-22 02:00:00,16.2,12.7,80,0,,235,20.9,,1010.9,,2
2025-07-22 03:00:00,15.7,12.8,83,0,,236,19.1,,1011.5,,2
2025-07-22 04:00:00,15.4,12.7,84,0,,237,18,,1011.8,,2
2025-07-22 05:00:00,15.1,12.6,85,0,,234,16.6,,1012,,2
2025-07-22 06:00:00,15.1,12.4,84,0,,230,16.6,,1012.3,,2
2025-07-22 07:00:00,15.8,12.9,83,0,,228,17.6,,1012.2,,17
2025-07-22 08:00:00,15.6,13.6,88,0,,233,18,,1012.6,,9
2025-07-22 09:00:00,16.4,13.9,85,0,,237,22.7,,1012.9,,8
2025-07-22 10:00:00,17,13.5,80,0,,241,22.7,,1013.6,,17
2025-07-22 11:00:00,17.4,12.9,75,0,,248,24.5,,1014,,17
2025-07-22 12:00:00,18.5,13.8,74,0,,262,20.5,,1013.9,,7
2025-07-22 13:00:00,19.1,12.8,67,0.1,,257,23.4,,1014,,17
2025-07-22 14:00:00,19.8,12.5,63,0,,264,21.2,,1013.9,,17
2025-07-22 15:00:00,21.2,11.8,55,0,,261,21.6,,1013.7,,17
2025-07-22 16:00:00,21.2,12.1,56,0,,257,19.1,,1013.9,,3
2025-07-22 17:00:00,21.4,11.7,54,0,,264,19.1,,1013.9,,2
2025-07-22 18:00:00,20.7,11.9,57,0,,256,21.2,,1013.9,,17
2025-07-22 19:00:00,19.4,13.1,67,0,,248,16.2,,1014.4,,3
2025-07-22 20:00:00,18.8,13,69,0,,244,14.4,,1014.9,,2
2025-07-22 21:00:00,17.7,12.8,73,0,,235,12.6,,1015.7,,3
2025-07-22 22:00:00,16.4,12.4,77,0,,228,9,,1016.3,,2
2025-07-22 23:00:00,15.3,12.4,83,0,,219,9,,1016.5,,2
2025-07-23 00:00:00,14.7,12.6,87,0,,219,9.7,,1016.7,,2
2025-07-23 01:00:00,14.3,12.5,89,0,,218,10.1,,1016.6,,2
2025-07-23 02:00:00,14,12.2,89,0,,220,9.7,,1016.3,,2
2025-07-23 03:00:00,13.5,11.9,90,0,,220,8.3,,1016.1,,1
2025-07-23 04:00:00,12.9,11.5,91,0,,218,8.3,,1015.8,,1
2025-07-23 05:00:00,12.5,11.1,91,0,,219,7.2,,1015.7,,1
2025-07-23 06:00:00,12.1,10.7,91,0,,225,6.8,,1015.7,,1
2025-07-23 07:00:00,13.3,11.2,87,0,,228,9,,1015.7,,1
2025-07-23 08:00:00,15.4,12.3,82,0,,231,6.1,,1015.4,,1
2025-07-23 09:00:00,17.9,12.3,70,0,,239,7.9,,1015.4,,1
2025-07-23 10:00:00,19.5,11.5,60,0,,248,10.8,,1015.2,,3
2025-07-23 11:00:00,20.6,11,54,0,,248,11.5,,1014.9,,2
2025-07-23 12:00:00,21.5,10.3,49,0,,243,11.5,,1014.4,,3
2025-07-23 13:00:00,22.5,9.3,43,0,,252,11.5,,1013.8,,3
2025-07-23 14:00:00,23.2,9.2,41,0,,255,12.2,,1013.6,,3
2025-07-23 15:00:00,23.8,9,39,0,,259,10.8,,1012.9,,3
2025-07-23 16:00:00,24.7,9,37,0,,256,10.8,,1012.1,,2
2025-07-23 17:00:00,24.7,9.4,38,0,,258,11.9,,1011.8,,3
2025-07-23 18:00:00,23.6,9.6,41,0,,274,10.4,,1011.8,,3
2025-07-23 19:00:00,23,9.7,43,0,,270,8.6,,1011.5,,3
2025-07-23 20:00:00,21.6,12.7,57,0,,292,8.3,,1011.9,,3
2025-07-23 21:00:00,19.3,12.6,65,0,,14,8.3,,1012.4,,3
2025-07-23 22:00:00,18.2,12,67,0,,58,9.4,,1012.5,,3
2025-07-23 23:00:00,16.5,11.8,74,0,,48,8.3,,1013,,3
2025-07-24 00:00:00,16,11.8,76,0,,60,6.8,,1013.1,,3
2025-07-24 01:00:00,16.3,11.9,75,0,,102,4,,1013,,3
2025-07-24 02:00:00,16.3,11.9,75,0,,114,4,,1012.7,,3
2025-07-24 03:00:00,15.6,11.8,78,0,,256,3.2,,1012.7,,3
2025-07-24 04:00:00,14.6,12.1,85,0,,182,4.7,,1012.7,,3
2025-07-24 05:00:00,14.5,12.7,89,0,,160,3.2,,1012.6,,7
2025-07-24 06:00:00,14.3,13,92,0,,206,3.6,,1012.7,,7
2025-07-24 07:00:00,15,13.4,90,0,,233,6.1,,1012.9,,3
2025-07-24 08:00:00,16.1,13.6,85,0,,206,5,,1013.2,,3
2025-07-24 09:00:00,17.7,13.4,76,0,,217,5,,1013.5,,3
2025-07-24 10:00:00,19.4,13.3,68,1,,230,5.4,,1013.5,,2
2025-07-24 11:00:00,20.4,13.4,64,0.1,,221,6.5,,1013.5,,3
2025-07-24 12:00:00,19.8,13,65,0,,205,7.9,,1013.4,,3
2025-07-24 13:00:00,19.5,13.2,67,0.3,,280,10.8,,1013.7,,9
2025-07-24 14:00:00,20.2,14.3,69,0.9,,349,11.5,,1013.4,,9
2025-07-24 15:00:00,17.7,14.8,83,0.2,,242,6.5,,1014.1,,9
2025-07-24 16:00:00,17.4,15.4,88,0,,178,4.3,,1013.7,,9
2025-07-24 17:00:00,19,15.5,80,0,,266,4.7,,1013.8,,17
2025-07-24 18:00:00,19.8,14.8,73,0,,43,4,,1013.9,,3
2025-07-24 19:00:00,20.1,13.5,66,0,,24,6.1,,1013.8,,17
2025-07-24 20:00:00,18.4,14.1,76,0,,95,5.8,,1014.3,,17
2025-07-24 21:00:00,17.2,14.8,86,0,,111,3.2,,1014.8,,3
2025-07-24 22:00:00,16.3,14.1,87,0,,78,1.8,,1015.5,,3
2025-07-24 23:00:00,15.7,14.1,90,0,,141,3.6,,1015.4,,3
2025-07-25 00:00:00,14.9,13.6,92,0,,2,2.2,,1016,,3
2025-07-25 01:00:00,14.4,13.3,93,0,,101,1.1,,1015.9,,3
2025-07-25 02:00:00,14.1,13.1,94,0,,194,5.4,,1015.7,,3
2025-07-25 03:00:00,13.8,13.2,96,0,,228,5.8,,1015.8,,3
2025-07-25 04:00:00,13.2,12.6,96,0,,240,4.3,,1015.7,,17
2025-07-25 05:00:00,12.9,12.6,98,0,,206,1.8,,1015.6,,17
2025-07-25 06:00:00,13,12.7,98,0.1,,283,4,,1016,,3
2025-07-25 07:00:00,13.7,13.4,98,0.1,,286,5.4,,1015.9,,3
2025-07-25 08:00:00,14.7,13.9,95,1.4,,218,3.6,,1016,,3
2025-07-25 09:00:00,15.8,14,89,0.1,,300,3.2,,1016.3,,3
2025-07-25 10:00:00,15.7,14.7,94,0,,118,2.9,,1016.6,,3
2025-07-25 11:00:00,17.1,15.3,89,0,,175,2.5,,1016.8,,8
2025-07-25 12:00:00,18.2,15.8,86,0,,11,4,,1016.6,,7
2025-07-25 13:00:00,19.1,15.6,80,0,,14,4.7,,1016.4,,3
2025-07-25 14:00:00,19.6,15,75,0,,14,4.7,,1016,,7
2025-07-25 15:00:00,20.8,14.7,68,0,,29,6.5,,1015.5,,8
2025-07-25 16:00:00,20.9,14.3,66,0,,24,8.3,,1015,,3
2025-07-25 17:00:00,20.7,13.9,65,0.1,,25,8.3,,1015.1,,3
2025-07-25 18:00:00,20.4,13.8,66,0,,39,8.6,,1014.9,,3
2025-07-25 19:00:00,20,14.1,69,0,,36,7.6,,1015.2,,3
2025-07-25 20:00:00,17.4,15,86,0,,271,11.5,,1016.3,,9
2025-07-25 21:00:00,16.3,15.3,94,0,,252,7.9,,1016.7,,3
2025-07-25 22:00:00,15.2,14.9,98,0,,225,6.1,,1017.1,,3
2025-07-25 23:00:00,14.7,14.4,98,0,,220,6.5,,1017.3,,3
2025-07-26 00:00:00,14.1,13.8,98,0,,224,5.4,,1017.2,,3
2025-07-26 01:00:00,14.2,13.2,94,0,,226,4.7,,1017,,2
2025-07-26 02:00:00,13.7,12.9,95,0,,164,6.5,,1017.1,,17
2025-07-26 03:00:00,13.5,13,97,0,,229,7.2,,1016.7,,17
2025-07-26 04:00:00,12.9,12.6,98,0,,229,6.5,,1016.6,,17
2025-07-26 05:00:00,13,12.7,98,0,,201,5.4,,1016.5,,9
2025-07-26 06:00:00,11.8,11.5,98,0,,233,4.3,,1016.4,,17
2025-07-26 07:00:00,13.2,12.6,96,0,,237,5,,1016.3,,3
2025-07-26 08:00:00,14.8,13.8,94,0,,252,5.4,,1016.1,,5
2025-07-26 09:00:00,16.9,14.4,85,0,,279,4.7,,1016.5,,3
2025-07-26 10:00:00,18.5,14.6,78,0,,330,8.3,,1016.2,,3
2025-07-26 11:00:00,18.9,15.4,80,0,,18,5.8,,1016.2,,3
2025-07-26 12:00:00,19.9,14.9,73,0,,27,9,,1015.8,,7
2025-07-26 13:00:00,20,15,73,0,,353,9,,1015.2,,8
2025-07-26 14:00:00,20.2,15,72,0,,9,9.4,,1014.9,,9
2025-07-26 15:00:00,20.5,15.5,73,3.6,,89,11.2,,1014.2,,9
2025-07-26 16:00:00,21,14.4,66,1.2,,332,9,,1014.3,,17
2025-07-26 17:00:00,19.5,14.9,75,0,,271,13.3,,1014.7,,9
2025-07-26 18:00:00,17.3,15.1,87,0,,292,9.7,,1015.9,,9
2025-07-26 19:00:00,17.2,15.9,92,0,,203,6.5,,1015,,8
2025-07-26 20:00:00,16.8,15.3,91,4.5,,248,6.8,,1015.5,,8
2025-07-26 21:00:00,16.7,15.9,95,1.2,,246,6.5,,1016,,8
2025-07-26 22:00:00,16.1,15.5,96,0,,248,8.3,,1016.3,,3
2025-07-26 23:00:00,15,14.5,97,0,,235,6.5,,1016.7,,17
2025-07-27 00:00:00,14.7,14.5,99,0,,209,7.2,,1016.2,,17
2025-07-27 01:00:00,14.2,14,99,0,,206,8.6,,1016.1,,1
2025-07-27 02:00:00,13.9,13.7,99,0,,212,9.7,,1016,,5
2025-07-27 03:00:00,13.7,13.4,98,0,,217,10.4,,1015.6,,17
2025-07-27 04:00:00,14,13.7,98,0,,207,10.4,,1015.4,,7
2025-07-27 05:00:00,13.9,13.6,98,0,,213,10.8,,1015.1,,3
2025-07-27 06:00:00,14.1,13.6,97,0,,220,11.2,,1015.2,,3
2025-07-27 07:00:00,14.7,14.2,97,0.1,,201,10.8,,1015.1,,8
2025-07-27 08:00:00,15.4,14.8,96,1,,236,10.4,,1015,,9
2025-07-27 09:00:00,16.2,14.7,91,0,,218,7.9,,1015,,18
2025-07-27 10:00:00,17.6,15.2,86,0,,233,8.3,,1014.8,,17
2025-07-27 11:00:00,19.1,15.8,81,0,,234,9,,1014.2,,7
2025-07-27 12:00:00,18.9,14.6,76,0,,294,9.7,,1013.9,,7
2025-07-27 13:00:00,19.1,14.8,76,0,,266,12.6,,1013.3,,8
2025-07-27 14:00:00,20.1,14.9,72,0,,231,11.2,,1012.7,,3
2025-07-27 15:00:00,19.3,14.8,75,0,,259,15.5,,1012.2,,9
2025-07-27 16:00:00,20.1,14.2,69,0,,258,12.2,,1012.1,,7
2025-07-27 17:00:00,20.7,14.3,67,0,,254,16.6,,1011.2,,3
2025-07-27 18:00:00,18.4,14.9,80,0,,256,12.2,,1011.6,,18
2025-07-27 19:00:00,18.3,14.2,77,0.2,,234,10.8,,1011.3,,17
2025-07-27 20:00:00,17.6,14.7,83,0,,231,11.2,,1011.6,,7
2025-07-27 21:00:00,16.4,14.4,88,0,,240,13,,1012,,7
2025-07-27 22:00:00,15.3,14.5,95,0.3,,232,13.3,,1012.5,,3
2025-07-27 23:00:00,14.9,14.1,95,0.4,,235,11.9,,1012.3,,3
2025-07-28 00:00:00,14.3,13.7,96,0.1,,230,10.1,,1012.5,,7
2025-07-28 01:00:00,14,13.4,96,0,,230,10.1,,1012.4,,8
2025-07-28 02:00:00,13.8,13.5,98,0,,258,10.4,,1012,,8
2025-07-28 03:00:00,13.8,13.3,97,0,,305,7.9,,1012.2,,8
2025-07-28 04:00:00,13.7,13.4,98,0.2,,268,8.6,,1012.1,,9
2025-07-28 05:00:00,13.6,13.1,97,0.5,,291,9.4,,1012,,9
2025-07-28 06:00:00,13.5,13,97,0.9,,314,8.3,,1012.3,,9
2025-07-28 07:00:00,13.3,13,98,1.2,,333,9,,1012.5,,9
2025-07-28 08:00:00,13.2,12.7,97,0.6,,2,19.4,,1013.1,,9
2025-07-28 09:00:00,13.4,13.1,98,0.5,,2,18.4,,1013.9,,9
2025-07-28 10:00:00,13.2,12.7,97,1,,351,16.9,,1014.5,,9
2025-07-28 11:00:00,14,13,94,0.4,,338,14.8,,1015,,8
2025-07-28 12:00:00,14.8,13.3,91,0.5,,328,14,,1015.6,,8
2025-07-28 13:00:00,15.6,12.7,83,0.4,,326,15.1,,1015.5,,7
2025-07-28 14:00:00,17.3,12.4,73,0,,326,15.8,,1015.5,,3
2025-07-28 15:00:00,17.5,11.5,68,0,,325,14.4,,1015.6,,3
2025-07-28 16:00:00,15.8,12,78,0,,320,15.5,,1016.1,,8
2025-07-28 17:00:00,16.7,12.6,77,0,,279,12.2,,1016.1,,7
2025-07-28 18:00:00,17.8,11.4,66,0,,311,13.7,,1016.2,,7
2025-07-28 19:00:00,15.8,12.4,80,0,,270,10.8,,1016.8,,8
2025-07-28 20:00:00,15.6,12.7,83,0.2,,234,8.3,,1017.3,,7
2025-07-28 21:00:00,14.7,12.6,87,0,,231,7.6,,1017.8,,3
2025-07-28 22:00:00,13.8,12.4,91,0,,237,7.6,,1018.5,,3
2025-07-28 23:00:00,12.6,11.5,93,0,,226,9.4,,1019.1,,2
2025-07-29 00:00:00,12.2,11.1,93,0,,238,7.9,,1019.5,,2
2025-07-29 01:00:00,12,11.1,94,0,,202,6.5,,1019.6,,3
2025-07-29 02:00:00,12.1,11.3,95,0,,206,7.6,,1019.5,,3
2025-07-29 03:00:00,11.7,11.1,96,0,,227,8.3,,1019.4,,2
2025-07-29 04:00:00,10.5,10,97,0,,223,8.3,,1019.7,,2
2025-07-29 05:00:00,10.5,9.9,96,0,,217,8.6,,1019.6,,17
2025-07-29 06:00:00,10.5,10,97,0,,215,7.6,,1019.8,,3
2025-07-29 07:00:00,11.2,10.7,97,0,,218,8.6,,1019.7,,2
2025-07-29 08:00:00,12.6,11.7,94,0,,236,10.1,,1019.9,,2
2025-07-29 09:00:00,13.3,12.2,93,0,,258,7.6,,1020.5,,3
2025-07-29 10:00:00,14.5,12.7,89,0,,234,4.7,,1020.2,,7
2025-07-29 11:00:00,16.2,12.7,80,0,,290,5,,1019.6,,17
2025-07-29 12:00:00,17.8,11.8,68,0,,8,6.5,,1019.1,,17
2025-07-29 13:00:00,17.1,11.1,68,0.3,,328,10.4,,1019,,8
2025-07-29 14:00:00,17.3,12.2,72,0.8,,234,7.6,,1019,,18
2025-07-29 15:00:00,18.3,12.5,69,0,,223,5,,1018.6,,3
2025-07-29 16:00:00,18.8,12.1,65,0,,270,6.5,,1018.1,,3
2025-07-29 17:00:00,19.2,10.7,58,1.5,,291,7.2,,1017.7,,2
2025-07-29 18:00:00,19.4,9.8,54,0,,298,7.2,,1017.4,,3
2025-07-29 19:00:00,19.1,10.6,58,0,,267,5.8,,1017.2,,3
2025-07-29 20:00:00,17.8,13.5,76,0,,224,5,,1017.3,,3
2025-07-29 21:00:00,15.8,11.8,77,0,,234,10.4,,1017.7,,3
2025-07-29 22:00:00,15.1,11.3,78,0,,241,10.4,,1018.3,,3
2025-07-29 23:00:00,14.1,11.3,83,0,,228,8.6,,1018.6,,3
2025-07-30 00:00:00,13.4,10.4,82,1.2,,216,8.3,,1018.6,,3
2025-07-30 01:00:00,13,10.2,83,2.1,,216,7.9,,1018.2,,3
2025-07-30 02:00:00,12.5,9.9,84,0,,228,7.6,,1018.3,,3
2025-07-30 03:00:00,12.3,9.7,84,0,,229,7.6,,1018,,3
2025-07-30 04:00:00,12.8,9.8,82,0,,222,8.6,,1017.8,,3
2025-07-30 05:00:00,13,8.9,76,0,,226,10.1,,1017.1,,3
2025-07-30 06:00:00,13.1,9,76,0,,219,10.4,,1017,,3
2025-07-30 07:00:00,13.3,9.4,77,0,,227,10.1,,1017.3,,3
2025-07-30 08:00:00,13.9,10.1,78,0,,231,9.4,,1017.5,,3
2025-07-30 09:00:00,14.2,11.2,82,0,,226,8.6,,1017.8,,7
2025-07-30 10:00:00,17,11.9,72,0,,242,9.7,,1017.8,,3
2025-07-30 11:00:00,16.9,11.6,71,1.3,,261,13.7,,1018,,3
2025-07-30 12:00:00,16.7,11.6,72,0.6,,285,10.8,,1018.2,,8
2025-07-30 13:00:00,17.1,12.8,76,0.9,,277,12.6,,1017.9,,7
2025-07-30 14:00:00,17.7,13,74,0,,246,14.8,,1017.9,,18
2025-07-30 15:00:00,18.5,12.5,68,0.1,,267,15.1,,1017.4,,17
2025-07-30 16:00:00,18.7,12,65,0,,293,12.2,,1017.1,,3
2025-07-30 17:00:00,19.4,11.7,61,0,,297,11.5,,1016.9,,2
2025-07-30 18:00:00,19.4,10.9,58,0,,304,10.8,,1016.7,,2
2025-07-30 19:00:00,19,11.8,63,0,,309,8.6,,1016.8,,3
2025-07-30 20:00:00,17.7,12.8,73,0,,287,6.1,,1017.3,,3
2025-07-30 21:00:00,15.8,11.8,77,0,,262,7.2,,1018.1,,2
2025-07-30 22:00:00,14.9,12,83,0,,220,10.4,,1018.5,,2
2025-07-30 23:00:00,14.1,12.1,88,0,,224,10.1,,1018.6,,2
2025-07-31 00:00:00,13.7,12.3,91,0,,221,9.7,,1018.8,,2
2025-07-31 01:00:00,13.5,12.2,92,0,,228,9.7,,1018.5,,2
2025-07-31 02:00:00,12.5,10.9,90,0,,221,10.4,,1018.7,,2
2025-07-31 03:00:00,12.3,10.9,91,0,,228,9.7,,1018.3,,1
2025-07-31 04:00:00,12.3,11.2,93,0,,227,9,,1018.6,,2
2025-07-31 05:00:00,12.1,11.2,94,0,,220,9,,1018.5,,2
2025-07-31 06:00:00,12.2,11.3,94,0,,221,9.4,,1018.2,,3
2025-07-31 07:00:00,12.8,11.2,90,0,,222,11.5,,1018.3,,3
2025-07-31 08:00:00,14.6,12.3,86,0,,234,14.8,,1018.4,,3
2025-07-31 09:00:00,16.1,12.8,81,0.2,,239,13,,1018.3,,3
2025-07-31 10:00:00,17.4,13.3,77,0.1,,249,14.4,,1018.4,,3
2025-07-31 11:00:00,18.7,13.3,71,0,,252,14.4,,1018.3,,3
2025-07-31 12:00:00,18.7,13.1,70,0,,269,16.9,,1017.9,,2
2025-07-31 13:00:00,20,13,64,0,,276,15.1,,1017.5,,17
2025-07-31 14:00:00,20.9,12.3,58,0,,278,15.5,,1017,,2
2025-07-31 15:00:00,21.4,11.7,54,0,,275,15.8,,1016.8,,2
2025-07-31 16:00:00,21.5,11.5,53,0,,273,15.8,,1016.4,,3
2025-07-31 17:00:00,21.4,12.8,58,0,,253,15.1,,1015.9,,2
2025-07-31 18:00:00,21.2,12.9,59,0,,266,14.4,,1015.4,,3
2025-07-31 19:00:00,20.7,14.1,66,0,,258,10.4,,1015.4,,3
2025-07-31 20:00:00,19.4,14.2,72,0,,243,9,,1015.5,,3
2025-07-31 21:00:00,17.5,13.6,78,0,,236,10.4,,1016.1,,2
2025-07-31 22:00:00,16.3,13.2,82,0,,232,10.1,,1016.5,,2
2025-07-31 23:00:00,15.6,13.1,85,0,,216,9,,1016,,3
2025-08-01 00:00:00,14.8,12.8,88,0,,221,8.3,,1015.9,,3
2025-08-01 01:00:00,14.5,12.7,89,0,,226,8.6,,1015.5,,3
2025-08-01 02:00:00,14.8,12.7,87,0,,223,9.7,,1015.2,,3
2025-08-01 03:00:00,14.1,12,87,0,,218,9.4,,1014.9,,3
2025-08-01 04:00:00,14.5,12,85,0,,216,10.8,,1014.4,,3
2025-08-01 05:00:00,15,12.3,84,0.1,,220,11.2,,1014,,3
2025-08-01 06:00:00,15,12.5,85,0.2,,234,10.8,,1013.9,,3
2025-08-01 07:00:00,14.5,12.9,90,0,,290,9,,1014,,8
2025-08-01 08:00:00,15,13.7,92,0,,226,13,,1013.8,,8
2025-08-01 09:00:00,16.3,14.3,88,0.8,,246,12.2,,1013.9,,17
2025-08-01 10:00:00,16.4,14.6,89,1.7,,246,12.2,,1013.9,,9
2025-08-01 11:00:00,17.9,15,83,2.1,,246,15.1,,1013.6,,8
2025-08-01 12:00:00,19.4,13.8,70,3.7,,255,18,,1013.1,,17
2025-08-01 13:00:00,19.1,13.7,71,0,,236,15.8,,1013.2,,9
2025-08-01 14:00:00,18.7,14.6,77,0,,260,14.8,,1012.7,,9
2025-08-01 15:00:00,20.2,14.1,68,0,,276,13.7,,1012.1,,17
2025-08-01 16:00:00,19.2,13.8,71,0,,250,16.2,,1012.4,,18
2025-08-01 17:00:00,18.8,14.3,75,2,,263,12.2,,1012.2,,18
2025-08-01 18:00:00,19.5,13.7,69,0,,256,11.2,,1011.5,,7
2025-08-01 19:00:00,17.7,14.4,81,0,,230,10.8,,1011.4,,9
2025-08-01 20:00:00,17,14.5,85,1.6,,220,10.1,,1011.7,,3
2025-08-01 21:00:00,15.5,14,91,0.4,,229,10.1,,1012.2,,2
2025-08-01 22:00:00,14.9,13.8,93,2.9,,228,9.4,,1012.9,,3
2025-08-01 23:00:00,14.6,13.6,94,0,,231,9.4,,1012.9,,3
2025-08-02 00:00:00,14.2,13.4,95,0,,231,9.7,,1012.8,,3
2025-08-02 01:00:00,13.6,13,96,0,,224,8.6,,1012.9,,3
2025-08-02 02:00:00,13.5,12.9,96,0,,216,9.4,,1012.7,,3
2025-08-02 03:00:00,13.4,12.8,96,0,,217,7.9,,1011.8,,3
2025-08-02 04:00:00,13.7,13.4,98,0,,280,6.8,,1011.9,,3
2025-08-02 05:00:00,13.4,13.1,98,0,,346,8.6,,1011.8,,8
2025-08-02 06:00:00,13.2,12.7,97,0.2,,14,8.3,,1011.9,,9
2025-08-02 07:00:00,13,12.5,97,0.9,,320,7.2,,1012.3,,9
2025-08-02 08:00:00,13,12.5,97,0.1,,315,9.7,,1012.9,,9
2025-08-02 09:00:00,13,12.5,97,0.3,,330,9,,1013.1,,9
2025-08-02 10:00:00,13.4,12.8,96,0,,338,8.3,,1013.4,,9
2025-08-02 11:00:00,14.7,13.7,94,3,,316,6.5,,1013.8,,8
2025-08-02 12:00:00,15.8,13.6,87,0,,318,7.6,,1014,,8
2025-08-02 13:00:00,17.1,12.6,75,0.4,,328,9.4,,1014,,8
2025-08-02 14:00:00,17.4,12.5,73,0.1,,268,6.8,,1013.7,,7
2025-08-02 15:00:00,16.6,12.9,79,0.4,,317,11.5,,1013.9,,9
2025-08-02 16:00:00,16.8,13.3,80,0.2,,215,6.8,,1014.2,,9
2025-08-02 17:00:00,17.4,12.7,74,0.8,,243,8.6,,1014.1,,3
2025-08-02 18:00:00,17.5,12.2,71,0,,288,9,,1014.3,,7
2025-08-02 19:00:00,16.4,13.3,82,0,,215,7.9,,1014.7,,3
2025-08-02 20:00:00,15.4,13.1,86,0,,214,8.6,,1015.6,,7
2025-08-02 21:00:00,14.3,12.7,90,0,,208,10.4,,1016.3,,7
2025-08-02 22:00:00,13.4,12.1,92,0,,234,13,,1017.1,,2
2025-08-02 23:00:00,12.7,11.8,94,0,,228,11.9,,1017.4,,2
2025-08-03 00:00:00,12.7,10.9,89,0,,233,12.6,,1017.8,,2
2025-08-03 01:00:00,12.3,11.2,93,0,,228,11.5,,1018.1,,17
2025-08-03 02:00:00,12.3,11.4,94,0,,232,10.1,,1018.5,,7
2025-08-03 03:00:00,12.8,11.5,92,0.6,,244,9,,1018.5,,3
2025-08-03 04:00:00,12.9,11.6,92,0.2,,262,7.9,,1018.6,,3
2025-08-03 05:00:00,12.9,12,94,0.2,,242,6.8,,1018.8,,3
2025-08-03 06:00:00,12.6,11.8,95,0,,268,7.2,,1019,,3
2025-08-03 07:00:00,12.8,12,95,0,,259,7.2,,1019.3,,3
2025-08-03 08:00:00,13.6,12.2,91,0,,275,7.9,,1019.5,,3
2025-08-03 09:00:00,14.3,11.8,85,0,,273,9,,1020,,7
2025-08-03 10:00:00,15.5,12.4,82,0,,264,7.9,,1019.9,,3
2025-08-03 11:00:00,16.4,11.8,74,0,,267,9,,1019.9,,3
2025-08-03 12:00:00,17.4,11.2,67,0,,286,12.2,,1020.1,,3
2025-08-03 13:00:00,15.9,10.2,69,0,,299,13,,1020.4,,8
2025-08-03 14:00:00,16,10.1,68,0,,308,10.8,,1020.8,,3
2025-08-03 15:00:00,16.7,9.9,64,0,,311,9.7,,1020.7,,3
2025-08-03 16:00:00,17,9.7,62,0,,303,11.5,,1020.6,,3
2025-08-03 17:00:00,17.3,9.7,61,0,,296,12.2,,1020.5,,3
2025-08-03 18:00:00,16.8,10.6,67,0,,318,10.8,,1020.7,,3
2025-08-03 19:00:00,16.8,10.2,65,0,,313,11.5,,1020.9,,3
2025-08-03 20:00:00,15.8,11.2,74,0,,304,6.8,,1021.2,,3
2025-08-03 21:00:00,14.8,11,78,0,,264,5.4,,1021.8,,3
2025-08-03 22:00:00,13.2,10.2,82,0,,230,6.1,,1022.3,,3
2025-08-03 23:00:00,12.4,9.9,85,0,,216,8.3,,1022.6,,3
2025-08-04 00:00:00,11.9,9.5,85,0,,211,9.7,,1022.8,,1
2025-08-04 01:00:00,11.3,9,86,0,,215,9,,1022.5,,2
2025-08-04 02:00:00,11.1,8.8,86,0,,213,9.7,,1022.2,,3
2025-08-04 03:00:00,11,8.6,85,0,,224,10.1,,1022,,3
2025-08-04 04:00:00,11.5,8.7,83,0,,214,11.9,,1021.6,,3
2025-08-04 05:00:00,12.1,8.8,80,0,,216,12.2,,1021.2,,3
2025-08-04 06:00:00,12.3,8.9,80,0,,221,11.9,,1021.2,,7
2025-08-04 07:00:00,13,9.6,80,0.2,,222,13,,1021.2,,3
2025-08-04 08:00:00,13.9,10.7,81,0.5,,222,13.3,,1021.4,,8
2025-08-04 09:00:00,13.9,11.6,86,0.4,,213,16.2,,1021.4,,9
2025-08-04 10:00:00,14.1,12.5,90,1.2,,220,16.6,,1021.6,,9
2025-08-04 11:00:00,15.5,12.4,82,1.5,,219,17.6,,1022.2,,7
2025-08-04 12:00:00,17,12.3,74,0.9,,221,16.6,,1021.8,,3
2025-08-04 13:00:00,18.3,12.5,69,0,,237,16.6,,1021.4,,3
2025-08-04 14:00:00,19.9,13.6,67,0,,257,17.3,,1021.5,,3
2025-08-04 15:00:00,20.8,13.7,64,0,,265,18.4,,1021,,3
2025-08-04 16:00:00,20.2,14.1,68,0,,260,15.5,,1020.7,,3
2025-08-04 17:00:00,21.2,13.9,63,0,,257,14.4,,1020.3,,3
2025-08-04 18:00:00,21.4,13.6,61,0,,256,12.2,,1020.1,,2
2025-08-04 19:00:00,21,14.6,67,0,,239,7.6,,1019.7,,2
2025-08-04 20:00:00,19.7,15.3,76,0,,216,5.8,,1019.9,,2
2025-08-04 21:00:00,18,13.7,76,0,,227,9.4,,1020.2,,1
2025-08-04 22:00:00,16.7,13.6,82,0,,209,9.4,,1020.3,,2
2025-08-04 23:00:00,16.3,13.6,84,0,,206,10.1,,1020.4,,3
2025-08-05 00:00:00,15.3,13.7,90,0,,215,9.4,,1020.4,,2
2025-08-05 01:00:00,14.8,13.3,91,0,,214,9.4,,1020.2,,1
2025-08-05 02:00:00,14.4,12.9,91,0,,220,8.3,,1019.8,,1
2025-08-05 03:00:00,14.2,12.6,90,0,,216,9.4,,1019.4,,1
2025-08-05 04:00:00,13.9,12.3,90,0,,216,9.4,,1019,,1
2025-08-05 05:00:00,13.6,11.8,89,0,,223,8.6,,1018.8,,1
2025-08-05 06:00:00,13.4,11.6,89,0,,226,8.3,,1018.5,,1
2025-08-05 07:00:00,14.6,12.1,85,0,,224,9.7,,1018.2,,1
2025-08-05 08:00:00,16.8,13.5,81,0,,232,9.7,,1018.2,,1
2025-08-05 09:00:00,18.9,14.8,77,0,,236,9,,1018.1,,3
2025-08-05 10:00:00,19.6,15.9,79,0,,235,10.1,,1018.1,,3
2025-08-05 11:00:00,20.6,16.8,79,0,,246,10.8,,1018.4,,3
2025-08-05 12:00:00,24.2,15.1,57,0,,260,19.1,,1017.7,,3
2025-08-05 13:00:00,23.6,14.8,58,0,,267,19.8,,1018.1,,3
2025-08-05 14:00:00,24,14.7,56,0,,257,18,,1017.9,,3
2025-08-05 15:00:00,22.6,14.2,59,0,,287,21.6,,1018.8,,3
2025-08-05 16:00:00,20.2,16,77,0,,296,15.8,,1020,,7
2025-08-05 17:00:00,20.9,15.9,73,0,,279,15.5,,1019.8,,3
2025-08-05 18:00:00,21.2,14.4,65,0,,286,15.1,,1020.1,,2
2025-08-05 19:00:00,20.5,13.9,66,0,,298,13.7,,1020.6,,2
2025-08-05 20:00:00,18.9,13.7,72,0,,291,11.5,,1021.4,,1
2025-08-05 21:00:00,16.7,13,79,0,,268,8.6,,1022.4,,1
2025-08-05 22:00:00,15.9,12.6,81,0,,263,8.3,,1023.3,,2
2025-08-05 23:00:00,15.1,12,82,0,,273,9.7,,1024.3,,2
2025-08-06 00:00:00,14.4,11.7,84,0,,286,9.4,,1025.2,,2
2025-08-06 01:00:00,13.7,11.4,86,0,,288,8.6,,1025.7,,2
2025-08-06 02:00:00,12.9,10.8,87,0,,310,8.3,,1026.1,,2
2025-08-06 03:00:00,12.2,9.4,83,0,,342,9,,1026.4,,2
2025-08-06 04:00:00,12.2,9.4,83,0,,359,5.8,,1026.2,,3
2025-08-06 05:00:00,11.6,9,84,0,,345,5,,1026.3,,3
2025-08-06 06:00:00,10.6,8.5,87,0,,3,5.4,,1026.4,,1
2025-08-06 07:00:00,11.1,9.2,88,0,,22,6.1,,1026.6,,1
2025-08-06 08:00:00,12.9,10.3,84,0,,63,5.8,,1026.7,,1
2025-08-06 09:00:00,14.6,10.4,76,0,,64,6.5,,1026.6,,3
2025-08-06 10:00:00,15.9,9.6,66,0,,58,8.6,,1026.3,,3
2025-08-06 11:00:00,16.9,9.6,62,0,,59,9,,1026,,3
2025-08-06 12:00:00,17.8,9.7,59,0,,52,9.4,,1025.8,,3
2025-08-06 13:00:00,19,10.8,59,0,,52,10.1,,1024.8,,3
2025-08-06 14:00:00,19.6,10.6,56,0,,49,11.2,,1024,,3
2025-08-06 15:00:00,20.1,10.8,55,0,,49,10.4,,1023.4,,3
2025-08-06 16:00:00,20.3,11,55,0,,48,11.5,,1022.8,,3
2025-08-06 17:00:00,20.2,10.9,55,0,,44,12.2,,1022.4,,3
2025-08-06 18:00:00,19.8,11.3,58,0,,39,11.9,,1022,,3
2025-08-06 19:00:00,19.1,11.9,63,0,,32,9.4,,1021.6,,3
2025-08-06 20:00:00,17.7,12.2,70,0,,33,7.6,,1021.5,,3
2025-08-06 21:00:00,15.6,11.6,77,0,,47,7.6,,1021.6,,3
2025-08-06 22:00:00,14,11.2,83,0,,63,7.2,,1022.1,,2
2025-08-06 23:00:00,13.1,10.5,84,0,,73,6.1,,1021.6,,1
2025-08-07 00:00:00,12.2,9.8,85,0,,76,5.8,,1021.3,,1
2025-08-07 01:00:00,11.7,9.6,87,0,,105,6.8,,1020.7,,3
2025-08-07 02:00:00,11.4,9.1,86,0,,295,4.7,,1020.8,,3
2025-08-07 03:00:00,10.7,8.6,87,0,,256,3.6,,1020.6,,2
2025-08-07 04:00:00,9.8,8.2,90,0,,184,4.3,,1020.3,,3
2025-08-07 05:00:00,9,7.9,93,0,,186,5,,1020,,3
2025-08-07 06:00:00,8.3,7.4,94,0,,212,5,,1019.9,,3
2025-08-07 07:00:00,9.2,8.1,93,0,,217,6.5,,1020,,3
2025-08-07 08:00:00,11.9,9.8,87,0,,216,5.8,,1020.2,,3
2025-08-07 09:00:00,14.6,11.4,81,0,,227,4,,1020.4,,1
2025-08-07 10:00:00,17.3,12.2,72,0,,232,5,,1020.1,,2
2025-08-07 11:00:00,19.3,13,67,0,,236,5.4,,1019.9,,2
2025-08-07 12:00:00,21.4,13,59,0,,227,5.4,,1019.4,,1
2025-08-07 13:00:00,23,12.3,51,0,,252,6.8,,1019.3,,2
2025-08-07 14:00:00,24.1,12.4,48,0,,244,8.3,,1018.8,,1
2025-08-07 15:00:00,24.8,11.7,44,0,,242,9,,1018.6,,2
2025-08-07 16:00:00,25,10.8,41,0,,248,11.5,,1018.4,,3
2025-08-07 17:00:00,24.8,10.6,41,0,,258,11.9,,1018.4,,3
2025-08-07 18:00:00,24.1,11.7,46,0,,256,10.4,,1018.3,,2
2025-08-07 19:00:00,22.5,12.7,54,0,,241,9.7,,1018.4,,1
2025-08-07 20:00:00,20.3,13,63,0,,244,9,,1018.5,,1
2025-08-07 21:00:00,18.3,10.9,62,0,,248,7.6,,1018.9,,1
2025-08-07 22:00:00,17,10.8,67,0,,228,6.1,,1019.3,,1
2025-08-07 23:00:00,15.3,11.1,76,0,,211,4.3,,1019.5,,1
2025-08-08 00:00:00,15,10.8,76,0,,216,4.7,,1019.3,,1
2025-08-08 01:00:00,13.8,10.2,79,0,,229,5.8,,1019.3,,1
2025-08-08 02:00:00,13.3,9.7,79,0,,227,6.5,,1019.4,,1
2025-08-08 03:00:00,12.9,9.5,80,0,,219,6.8,,1019.3,,1
2025-08-08 04:00:00,12.8,9.8,82,0,,225,7.6,,1019.1,,1
2025-08-08 05:00:00,12.6,9.1,79,0,,236,7.2,,1018.7,,1
2025-08-08 06:00:00,12.4,9,80,0,,237,6.5,,1019,,1
2025-08-08 07:00:00,13.3,9.9,80,0,,237,7.2,,1019.3,,1
2025-08-08 08:00:00,15.9,11.7,76,0,,237,7.6,,1019.7,,1
2025-08-08 09:00:00,18.7,13.8,73,0,,237,5.4,,1019.8,,1
2025-08-08 10:00:00,21.5,15.3,68,0,,240,5,,1019.9,,1
2025-08-08 11:00:00,24.6,16.3,60,0,,225,6.8,,1019.9,,1
2025-08-08 12:00:00,26.5,12.9,43,0,,232,8.3,,1019.6,,1
2025-08-08 13:00:00,27.4,11.4,37,0,,249,9,,1019.3,,1
2025-08-08 14:00:00,28,11.5,36,0,,253,10.4,,1019.2,,1
2025-08-08 15:00:00,28.3,10.9,34,0,,257,10.1,,1019.3,,1
2025-08-08 16:00:00,28.4,10.1,32,0,,258,10.4,,1018.9,,1
2025-08-08 17:00:00,28.1,11.2,35,0,,263,10.1,,1018.9,,1
2025-08-08 18:00:00,27.3,13.6,43,0,,266,8.3,,1019,,1
2025-08-08 19:00:00,26,16.5,56,0,,254,5.8,,1019.2,,1
2025-08-08 20:00:00,23.7,16.2,63,0,,241,5.4,,1019.4,,1
2025-08-08 21:00:00,21.4,14.5,65,0,,252,5.4,,1019.9,,1
2025-08-08 22:00:00,20.5,14.2,67,0,,332,2.5,,1020.5,,1
2025-08-08 23:00:00,19.9,13.6,67,0,,171,2.2,,1020.7,,1
2025-08-09 00:00:00,18.6,13,70,0,,218,3.2,,1020.7,,1
2025-08-09 01:00:00,17.1,13,77,0,,240,4.7,,1020.6,,1
2025-08-09 02:00:00,15.7,12.6,82,0,,211,5,,1020.4,,1
2025-08-09 03:00:00,14.7,12.4,86,0,,228,5.4,,1020.3,,1
2025-08-09 04:00:00,14.2,11.9,86,0,,232,5.4,,1020.1,,1
2025-08-09 05:00:00,13.8,11.7,87,0,,227,6.1,,1020,,1
2025-08-09 06:00:00,13.1,11,87,0,,228,7.2,,1019.8,,2
2025-08-09 07:00:00,13.9,11.4,85,0,,226,8.3,,1020.1,,3
2025-08-09 08:00:00,16.2,12.9,81,0,,229,7.9,,1020.3,,2
2025-08-09 09:00:00,20,14.8,72,0,,256,6.8,,1020.6,,1
2025-08-09 10:00:00,23.4,15.9,63,0,,259,5.4,,1020.6,,1
2025-08-09 11:00:00,26.2,17.3,58,0,,250,6.1,,1020.4,,2
2025-08-09 12:00:00,28.4,16.3,48,0,,227,7.9,,1020,,1
2025-08-09 13:00:00,29.8,13.9,38,0,,240,8.6,,1019.6,,3
2025-08-09 14:00:00,30.4,13.2,35,0,,252,9,,1019.3,,2
2025-08-09 15:00:00,30.9,13.6,35,0,,249,10.1,,1019.2,,3
2025-08-09 16:00:00,30.8,13.1,34,0,,258,11.5,,1019.3,,3
2025-08-09 17:00:00,30.6,13.4,35,0,,260,10.4,,1018.7,,3
2025-08-09 18:00:00,29.9,15.2,41,0,,259,7.9,,1018.8,,3
2025-08-09 19:00:00,28.5,18.3,54,0,,258,5.8,,1018.9,,1
2025-08-09 20:00:00,26.4,18.3,61,0,,237,4.7,,1019.2,,1
2025-08-09 21:00:00,24.3,16.5,62,0,,337,9.4,,1019.6,,1
2025-08-09 22:00:00,22.9,15.7,64,0,,310,9,,1020.6,,1
2025-08-09 23:00:00,21.3,15.6,70,0,,258,9.4,,1021.3,,1
2025-08-10 00:00:00,20.1,14.9,72,0,,251,9.7,,1021.9,,1
2025-08-10 01:00:00,19.1,14.6,75,0,,244,8.6,,1022.4,,1
2025-08-10 02:00:00,18.2,14.3,78,0,,258,11.2,,1023,,1
2025-08-10 03:00:00,17.7,14,79,0,,278,10.8,,1023.4,,1
2025-08-10 04:00:00,17.1,13.6,80,0,,293,10.1,,1023.8,,1
2025-08-10 05:00:00,16.4,13.3,82,0,,311,10.1,,1024.5,,1
2025-08-10 06:00:00,15.7,12.6,82,0,,319,10.1,,1025.1,,1
2025-08-10 07:00:00,16.2,12.7,80,0,,321,9.7,,1025.2,,1
2025-08-10 08:00:00,17.7,12.4,71,0,,339,7.2,,1025.7,,1
2025-08-10 09:00:00,19,12,64,0,,4,7.6,,1026.3,,1
2025-08-10 10:00:00,20.5,12.5,60,0,,18,7.2,,1026.2,,1
2025-08-10 11:00:00,22.1,12.9,56,0,,32,6.1,,1026.3,,1
2025-08-10 12:00:00,23.2,13.9,56,0,,37,7.6,,1026.2,,1
2025-08-10 13:00:00,24.3,14.4,54,0,,36,7.9,,1025.9,,1
2025-08-10 14:00:00,25,14.1,51,0,,33,8.3,,1025.7,,1
2025-08-10 15:00:00,25.5,13.7,48,0,,30,9,,1025.4,,1
2025-08-10 16:00:00,25.7,13.2,46,0,,31,10.1,,1025.1,,1
2025-08-10 17:00:00,25.6,12.4,44,0,,32,10.8,,1024.6,,1
2025-08-10 18:00:00,25.2,12.4,45,0,,38,10.4,,1024.6,,1
2025-08-10 19:00:00,24.3,12.3,47,0,,43,9.4,,1024.5,,1
2025-08-10 20:00:00,22.1,12.9,56,0,,50,7.6,,1024.6,,1
2025-08-10 21:00:00,19.7,11.7,60,0,,50,6.8,,1024.9,,1
2025-08-10 22:00:00,18.7,11.3,62,0,,49,8.3,,1025.3,,1
2025-08-10 23:00:00,18.2,11.5,65,0,,58,9,,1025.5,,1
2025-08-11 00:00:00,17.3,11.1,67,0,,65,8.3,,1025.2,,1
2025-08-11 01:00:00,16.3,10.6,69,0,,64,7.2,,1025.1,,1
2025-08-11 02:00:00,15.7,9.8,68,0,,56,8.3,,1024.7,,1
2025-08-11 03:00:00,15.1,9.2,68,0,,43,9,,1024.4,,1
2025-08-11 04:00:00,15,8,63,0,,34,9,,1024.2,,1
2025-08-11 05:00:00,14.4,8.1,66,0,,33,7.9,,1024,,1
2025-08-11 06:00:00,13.8,8.4,70,0,,45,7.6,,1023.9,,1
2025-08-11 07:00:00,14,9.4,74,0,,50,7.9,,1023.7,,1
2025-08-11 08:00:00,15.9,10,68,0,,28,7.6,,1024,,1
2025-08-11 09:00:00,18.4,10.5,60,0,,31,6.1,,1024,,1
2025-08-11 10:00:00,20.8,11.1,54,0,,32,5.8,,1023.4,,1
2025-08-11 11:00:00,23,12.3,51,0,,41,7.6,,1022.9,,1
2025-08-11 12:00:00,24.8,13.3,49,0,,45,9.7,,1022.2,,1
2025-08-11 13:00:00,26.4,13.5,45,0,,51,11.2,,1021.6,,1
2025-08-11 14:00:00,26.8,14.2,46,0,,52,11.9,,1021.1,,1
2025-08-11 15:00:00,27.4,13.7,43,0,,52,11.9,,1020.5,,1
2025-08-11 16:00:00,27.7,13.2,41,0,,54,12.2,,1020,,1
2025-08-11 17:00:00,27.6,12.4,39,0,,56,12.6,,1019.5,,1
2025-08-11 18:00:00,27.2,12,39,0,,63,11.9,,1019.2,,1
2025-08-11 19:00:00,26.2,12.3,42,0,,70,8.3,,1019.1,,1
2025-08-11 20:00:00,23.6,13.7,54,0,,67,6.1,,1019.3,,1
2025-08-11 21:00:00,21.2,13.1,60,0,,78,8.3,,1019.6,,1
2025-08-11 22:00:00,19.7,13.8,69,0,,97,7.6,,1019.7,,1
2025-08-11 23:00:00,18.5,13.8,74,0,,119,7.2,,1019.6,,1
2025-08-12 00:00:00,18.1,13.6,75,0,,106,8.3,,1019.6,,1
2025-08-12 01:00:00,17.1,13.2,78,0,,51,7.2,,1019.6,,1
2025-08-12 02:00:00,16.3,13.2,82,0,,33,5.4,,1019.4,,1
2025-08-12 03:00:00,15.6,12.9,84,0,,45,4.7,,1019.2,,1
2025-08-12 04:00:00,14.8,12.8,88,0,,99,5.8,,1019,,1
2025-08-12 05:00:00,14.4,11.7,84,0,,156,6.5,,1018.6,,1
2025-08-12 06:00:00,13.7,11.6,87,0,,187,6.1,,1018.7,,1
2025-08-12 07:00:00,13.8,12.2,90,0,,196,6.5,,1018.7,,1
2025-08-12 08:00:00,16.4,12.9,80,0,,198,6.1,,1018.9,,1
2025-08-12 09:00:00,19.6,14,70,0,,258,2.9,,1019,,1
2025-08-12 10:00:00,21.8,14.7,64,0,,257,2.9,,1018.9,,1
2025-08-12 11:00:00,24.2,15.7,59,0,,111,3.6,,1018.6,,1
2025-08-12 12:00:00,26.6,15.9,52,0,,71,3.6,,1018.1,,1
2025-08-12 13:00:00,28.5,15.4,45,0,,45,3.2,,1017.3,,1
2025-08-12 14:00:00,30.1,14.6,39,0,,26,4,,1016.9,,1
2025-08-12 15:00:00,31.1,14.2,36,0,,321,5,,1016.3,,1
2025-08-12 16:00:00,31.6,14.2,35,0,,270,6.1,,1015.8,,1
2025-08-12 17:00:00,31.8,14.4,35,0,,210,5.8,,1015.3,,1
2025-08-12 18:00:00,31.7,14.8,36,0,,174,6.5,,1015.1,,1
2025-08-12 19:00:00,30.6,18,47,0,,137,6.1,,1014.8,,1
2025-08-12 20:00:00,28.7,17.9,52,0,,189,4.3,,1014.5,,1
2025-08-12 21:00:00,25.5,16.3,57,0,,178,8.6,,1015.2,,1
2025-08-12 22:00:00,24.1,16.9,64,0,,200,10.4,,1015.7,,1
2025-08-12 23:00:00,22.3,16.8,71,0,,210,8.3,,1015.9,,1
2025-08-13 00:00:00,21.3,16.3,73,0,,222,10.1,,1015.7,,1
2025-08-13 01:00:00,20.4,15.6,74,0,,228,10.4,,1015.8,,1
2025-08-13 02:00:00,20.5,13.7,65,0,,230,10.8,,1016,,1
2025-08-13 03:00:00,20.1,13.1,64,0,,225,10.4,,1016.2,,1
2025-08-13 04:00:00,19.1,13.3,69,0,,223,10.1,,1016.4,,1
2025-08-13 05:00:00,18.1,13.6,75,0,,224,9,,1016.5,,1
2025-08-13 06:00:00,17.3,13.2,77,0,,225,6.8,,1016.4,,1
2025-08-13 07:00:00,17.7,13.4,76,0,,223,6.8,,1016.7,,1
2025-08-13 08:00:00,20.2,14.1,68,0,,218,7.6,,1016.9,,1
2025-08-13 09:00:00,23.5,14.5,57,0,,222,5.8,,1017.3,,1
2025-08-13 10:00:00,26.9,14.6,47,0,,221,5,,1017.4,,1
2025-08-13 11:00:00,28.3,15.2,45,0,,204,4.3,,1017.6,,1
2025-08-13 12:00:00,29.9,14,38,0,,223,4,,1017.5,,1
2025-08-13 13:00:00,30.8,14,36,0,,261,4.7,,1017.2,,1
2025-08-13 14:00:00,31.6,13.8,34,0,,255,5,,1017,,1
2025-08-13 15:00:00,32.3,13,31,0,,33,4,,1016.6,,1
2025-08-13 16:00:00,31.9,14.1,34,0,,82,5,,1016.4,,1
2025-08-13 17:00:00,31.9,13.6,33,0,,68,6.1,,1016.2,,1
2025-08-13 18:00:00,31.2,14.3,36,0,,57,6.5,,1016.1,,1
2025-08-13 19:00:00,29.5,18,50,0,,56,6.8,,1016.2,,1
2025-08-13 20:00:00,26.4,17.7,59,0,,60,6.5,,1016.3,,1
2025-08-13 21:00:00,24.5,16.7,62,0,,67,7.9,,1016.2,,1
2025-08-13 22:00:00,23.4,16.2,64,0,,71,6.8,,1016.8,,1
2025-08-13 23:00:00,22.5,15.8,66,0,,81,5.8,,1017.3,,1
2025-08-14 00:00:00,21.6,15.2,67,0,,193,2.5,,1017.5,,1
2025-08-14 01:00:00,20.6,14.9,70,0,,205,2.2,,1017.6,,1
2025-08-14 02:00:00,20,14.6,71,0,,236,3.2,,1017.5,,1
2025-08-14 03:00:00,19.4,14,71,0,,202,5,,1017.6,,1
2025-08-14 04:00:00,18.5,13.8,74,0,,196,4.3,,1017.6,,1
2025-08-14 05:00:00,17.6,13.5,77,0,,225,5,,1017.6,,1
2025-08-14 06:00:00,16.9,13.2,79,0,,233,5,,1017.7,,1
2025-08-14 07:00:00,17.4,13.5,78,0,,199,6.1,,1017.9,,1
2025-08-14 08:00:00,19.9,14.5,71,0,,258,5.4,,1017.8,,1
2025-08-14 09:00:00,22.8,15.1,62,0,,320,6.1,,1018.3,,1
2025-08-14 10:00:00,26,15.7,53,0,,309,2.5,,1018.4,,1
2025-08-14 11:00:00,28.8,15.3,44,0,,32,3.2,,1018.1,,1
2025-08-14 12:00:00,29.1,15.6,44,0,,318,4,,1018.4,,1
2025-08-14 13:00:00,30.4,15.3,40,0,,36,4.7,,1018.2,,1
2025-08-14 14:00:00,31.3,14.8,37,0,,50,6.1,,1017.5,,1
2025-08-14 15:00:00,31.8,14,34,0,,52,7.2,,1017.4,,2
2025-08-14 16:00:00,31.8,14.4,35,0,,65,9.4,,1017.4,,2
2025-08-14 17:00:00,30.5,16.5,43,0,,82,8.6,,1017.6,,2
2025-08-14 18:00:00,30,17.1,46,0,,85,7.6,,1017.3,,3
2025-08-14 19:00:00,28.8,18.5,54,0,,73,7.6,,1017.6,,3
2025-08-14 20:00:00,26.8,19.9,66,0,,57,5.8,,1018,,2
2025-08-14 21:00:00,24.9,19.3,71,0,,48,6.8,,1018.7,,2
2025-08-14 22:00:00,24.9,18.1,66,0,,16,6.8,,1019.2,,1
2025-08-14 23:00:00,24.1,17.3,66,0,,155,5,,1019.5,,3
2025-08-15 00:00:00,23,17.2,70,0,,218,2.9,,1019.7,,3
2025-08-15 01:00:00,21.4,17,76,0,,255,5.4,,1020,,3
2025-08-15 02:00:00,20.4,17,81,0,,246,5.4,,1019.9,,1
2025-08-15 03:00:00,20.3,15.7,75,0,,231,6.1,,1019.7,,1
2025-08-15 04:00:00,19.4,15.7,79,0,,226,5.8,,1019.4,,2
2025-08-15 05:00:00,18.7,15.4,81,0,,240,5,,1019.5,,3
2025-08-15 06:00:00,18.5,15.4,82,0,,216,5.4,,1019.7,,3
2025-08-15 07:00:00,18.7,15.8,83,0,,214,5.8,,1020.3,,3
2025-08-15 08:00:00,21,16.6,76,0,,216,5.4,,1020.6,,3
2025-08-15 09:00:00,24.2,17.4,66,0,,239,2.9,,1020.7,,1
2025-08-15 10:00:00,26.8,17.3,56,0,,318,3.6,,1020.7,,1
2025-08-15 11:00:00,28.7,17.5,51,0,,2,5.8,,1020.5,,1
2025-08-15 12:00:00,30.4,17.1,45,0,,10,6.5,,1020.3,,1
2025-08-15 13:00:00,30.2,18,48,0,,9,6.5,,1020.4,,1
2025-08-15 14:00:00,30.7,17.4,45,0,,8,7.2,,1020.2,,2
2025-08-15 15:00:00,30.5,16.8,44,0,,35,11.2,,1019.6,,3
2025-08-15 16:00:00,28.3,17.2,51,0,,22,12.6,,1020.5,,17
2025-08-15 17:00:00,28.4,17.3,51,0,,21,9.4,,1020.2,,3
2025-08-15 18:00:00,27,17.5,56,0,,68,5.4,,1020.4,,3
2025-08-15 19:00:00,26.8,18.1,59,0,,104,5.8,,1020.8,,3
2025-08-15 20:00:00,25.1,20.3,75,0,,143,4,,1020.7,,3
2025-08-15 21:00:00,23.6,18.9,75,0,,241,4.7,,1021,,3
2025-08-15 22:00:00,23,18.5,76,0,,273,4.7,,1021.4,,3
2025-08-15 23:00:00,22.6,18.1,76,0,,336,6.8,,1021.3,,3
2025-08-16 00:00:00,22.1,17.9,77,0,,338,6.1,,1021.2,,2
2025-08-16 01:00:00,21,17.6,81,0,,296,7.2,,1021.1,,1
2025-08-16 02:00:00,20.6,17.6,83,0,,244,5.4,,1021.1,,1
2025-08-16 03:00:00,19.9,17.7,87,0,,238,4.7,,1020.9,,1
2025-08-16 04:00:00,18.3,17.1,93,0,,29,4.3,,1020.8,,1
2025-08-16 05:00:00,17.9,16.9,94,0,,215,2.9,,1020.6,,1
2025-08-16 06:00:00,17.4,16.6,95,0,,255,4.7,,1020.6,,1
2025-08-16 07:00:00,17.7,16.9,95,0,,244,3.6,,1020.7,,1
2025-08-16 08:00:00,19.4,17.5,89,0,,304,5.8,,1020.8,,1
2025-08-16 09:00:00,20,18.3,90,0,,10,6.5,,1021.4,,1
2025-08-16 10:00:00,21.6,17.8,79,0,,22,5.8,,1021.3,,2
2025-08-16 11:00:00,23.3,17.7,71,0,,15,7.2,,1021.1,,1
2025-08-16 12:00:00,24.6,17.8,66,0,,23,8.3,,1020.8,,1
2025-08-16 13:00:00,25.8,17.4,60,0,,9,10.4,,1020.5,,1
2025-08-16 14:00:00,26.1,17.2,58,0,,11,10.8,,1020.1,,3
2025-08-16 15:00:00,25.2,17.1,61,0,,16,9,,1019.8,,18
2025-08-16 16:00:00,22.8,17.3,71,0,,133,9.4,,1020.2,,17
2025-08-16 17:00:00,23.7,17.4,68,0,,194,4.3,,1018.9,,3
2025-08-16 18:00:00,24.3,17,64,0,,313,6.5,,1019.1,,17
2025-08-16 19:00:00,22.5,17.2,72,0.2,,88,6.5,,1018.9,,3
2025-08-16 20:00:00,21.6,18.6,83,0,,203,2.2,,1018.7,,2
2025-08-16 21:00:00,20.4,17.6,84,0,,149,3.2,,1019.3,,2
2025-08-16 22:00:00,19.7,17.3,86,0,,224,5,,1019.9,,2
2025-08-16 23:00:00,19,16.6,86,0,,312,8.6,,1020,,2
2025-08-17 00:00:00,19.1,15.6,80,0,,349,10.1,,1020.3,,2
2025-08-17 01:00:00,18.3,14.4,78,0,,358,10.8,,1020.3,,3
2025-08-17 02:00:00,17.2,13.7,80,0,,3,11.9,,1020.2,,3
2025-08-17 03:00:00,16.7,13.6,82,0,,6,12.2,,1020.1,,1
2025-08-17 04:00:00,16.1,13.4,84,0,,0,11.2,,1020.1,,1
2025-08-17 05:00:00,14.5,13,91,0,,1,9.7,,1020.1,,2
2025-08-17 06:00:00,14.1,13,93,0,,2,9,,1020.2,,2
2025-08-17 07:00:00,14.3,13.2,93,0,,358,9,,1020.1,,2
2025-08-17 08:00:00,15.8,13.1,84,0,,11,9,,1020.4,,3
2025-08-17 09:00:00,16.7,13,79,0,,22,9.7,,1020.4,,3
2025-08-17 10:00:00,17.4,13.3,77,0,,26,8.3,,1020.1,,3
2025-08-17 11:00:00,18.4,13.7,74,0,,27,8.3,,1020,,3
2025-08-17 12:00:00,19.3,13.7,70,0,,27,8.3,,1019.9,,3
2025-08-17 13:00:00,20.5,13.7,65,0,,16,7.2,,1019.6,,3
2025-08-17 14:00:00,21.6,13.2,59,0,,19,8.3,,1019.2,,3
2025-08-17 15:00:00,21.8,13.2,58,0,,30,10.1,,1019.2,,3
2025-08-17 16:00:00,22.5,12.7,54,0,,31,10.1,,1018.5,,3
2025-08-17 17:00:00,22.7,12.3,52,0,,33,10.8,,1017.9,,2
2025-08-17 18:00:00,22.7,11.1,48,0,,36,10.8,,1017.7,,1
2025-08-17 19:00:00,21.9,11,50,0,,37,11.9,,1017.8,,1
2025-08-17 20:00:00,20,11.7,59,0,,38,9,,1018.3,,1
2025-08-17 21:00:00,18,11.1,64,0,,18,9,,1018.9,,1
2025-08-17 22:00:00,16.9,9.8,63,0,,3,8.6,,1019.4,,1
2025-08-17 23:00:00,15.7,9.1,65,0,,359,9.7,,1019.6,,1
2025-08-18 00:00:00,14.9,8.8,67,0,,19,11.5,,1019.8,,1
2025-08-18 01:00:00,14.6,10,74,0,,37,11.2,,1019.6,,3
2025-08-18 02:00:00,13.5,10.3,81,0,,38,9,,1019.5,,2
2025-08-18 03:00:00,12.7,10.2,85,0,,30,7.2,,1019.4,,3
2025-08-18 04:00:00,12.2,10.1,87,0,,25,6.5,,1019.3,,2
2025-08-18 05:00:00,11.7,9.9,89,0,,29,6.1,,1019.1,,3
2025-08-18 06:00:00,11.4,9.7,89,0,,38,5.8,,1018.8,,3
2025-08-18 07:00:00,11.5,9.9,90,0,,45,5.8,,1018.9,,3
2025-08-18 08:00:00,13.5,10.5,82,0,,31,5.4,,1019.2,,2
2025-08-18 09:00:00,15.5,10.9,74,0,,29,4.7,,1019,,2
2025-08-18 10:00:00,17.7,11,65,0,,34,5.4,,1018.8,,1
2025-08-18 11:00:00,19.4,11.4,60,0,,36,6.8,,1018.6,,1
2025-08-18 12:00:00,21.3,11,52,0,,43,8.3,,1018.4,,2
2025-08-18 13:00:00,22.7,11.1,48,0,,47,9.4,,1018,,1
2025-08-18 14:00:00,23.7,11.1,45,0,,51,9.4,,1017.6,,1
2025-08-18 15:00:00,24.3,11.3,44,0,,50,10.8,,1017.2,,1
2025-08-18 16:00:00,24.9,11.1,42,0,,45,10.8,,1016.6,,1
2025-08-18 17:00:00,24.9,11.1,42,0,,49,11.2,,1016,,1
2025-08-18 18:00:00,24.5,10.7,42,0,,53,10.4,,1015.9,,1
2025-08-18 19:00:00,23.7,10.7,44,0,,57,9.7,,1015.8,,1
2025-08-18 20:00:00,21.6,11.3,52,0,,49,9,,1016.1,,1
2025-08-18 21:00:00,19.5,10.7,57,0,,83,7.9,,1016.3,,1
2025-08-18 22:00:00,18.4,11.5,64,0,,117,6.8,,1016.5,,1
2025-08-18 23:00:00,17.3,11.6,69,0,,121,8.3,,1016.5,,1
2025-08-19 00:00:00,16.6,11.5,72,0,,121,8.3,,1016.3,,1
2025-08-19 01:00:00,16.2,11.4,73,0,,127,9.4,,1016.1,,1
2025-08-19 02:00:00,15.9,11.1,73,0,,123,8.3,,1016,,1
2025-08-19 03:00:00,15.4,11,75,0,,109,6.5,,1015.8,,1
2025-08-19 04:00:00,14.6,10.8,78,0,,323,4.7,,1015.6,,1
2025-08-19 05:00:00,13.7,10.7,82,0,,185,5,,1015.6,,1
2025-08-19 06:00:00,12.7,10.6,87,0,,160,5,,1015.3,,1
2025-08-19 07:00:00,12.6,10.7,88,0,,168,5,,1015.1,,1
2025-08-19 08:00:00,15.1,11.7,80,0,,230,5.8,,1015.4,,1
2025-08-19 09:00:00,18.4,11.7,65,0,,290,2.5,,1015.2,,1
2025-08-19 10:00:00,21.1,12,56,0,,28,2.5,,1014.6,,1
2025-08-19 11:00:00,23.8,11.8,47,0,,72,4,,1014.4,,1
2025-08-19 12:00:00,25.4,11.5,42,0,,62,5,,1013.7,,1
2025-08-19 13:00:00,26.6,11.1,38,0,,38,5,,1013.1,,1
2025-08-19 14:00:00,27.4,11,36,0,,7,5,,1012.4,,1
2025-08-19 15:00:00,27.9,10.6,34,0,,352,7.2,,1011.9,,1
2025-08-19 16:00:00,28,10.7,34,0,,355,8.3,,1011.4,,1
2025-08-19 17:00:00,27.9,10.6,34,0,,95,7.6,,1010.7,,1
2025-08-19 18:00:00,28,10.2,33,0,,112,10.8,,1010.3,,1
2025-08-19 19:00:00,26.6,12.3,41,0,,58,14.8,,1010.1,,2
2025-08-19 20:00:00,23.7,12.3,49,0,,27,12.2,,1010.8,,2
2025-08-19 21:00:00,21.3,12.4,57,0,,59,8.3,,1011.3,,1
2025-08-19 22:00:00,20.6,12.8,61,0,,71,6.5,,1011.2,,1
2025-08-19 23:00:00,19.2,13.1,68,0,,24,5.4,,1011.1,,2
2025-08-20 00:00:00,18.4,13,71,0,,136,4.3,,1010.6,,1
2025-08-20 01:00:00,17.3,12.8,75,0,,195,6.5,,1010.4,,1
2025-08-20 02:00:00,16.4,12.4,77,0,,257,5.4,,1010.5,,2
2025-08-20 03:00:00,16.4,12.2,76,0,,240,4.7,,1010.5,,1
2025-08-20 04:00:00,15.7,12.1,79,0,,221,6.8,,1010.1,,2
2025-08-20 05:00:00,15.5,12.1,80,0,,218,6.8,,1009.7,,2
2025-08-20 06:00:00,16.7,11.6,72,0,,220,10.1,,1009.6,,3
2025-08-20 07:00:00,17.1,12,72,0,,226,10.4,,1009.7,,3
2025-08-20 08:00:00,18.6,13.4,72,0,,218,9.4,,1010,,3
2025-08-20 09:00:00,19.6,14.4,72,0,,203,7.2,,1010.1,,3
2025-08-20 10:00:00,20.9,14.8,68,0,,225,7.6,,1010,,3
2025-08-20 11:00:00,21.9,14.5,63,0,,250,7.2,,1010.1,,3
2025-08-20 12:00:00,22.1,14.2,61,0,,261,6.5,,1009.6,,3
2025-08-20 13:00:00,22.4,13.7,58,0,,333,3.2,,1009.6,,3
2025-08-20 14:00:00,23.2,13.4,54,0,,6,4,,1009.1,,3
2025-08-20 15:00:00,23.4,13,52,0,,6,6.8,,1008.6,,3
2025-08-20 16:00:00,23.9,13.4,52,0,,22,6.8,,1008.3,,3
2025-08-20 17:00:00,23.5,13.4,53,0,,39,7.6,,1007.8,,3
2025-08-20 18:00:00,23,14.5,59,0,,344,8.3,,1007.5,,3
2025-08-20 19:00:00,21.6,15.4,68,0,,298,8.6,,1007.6,,3
2025-08-20 20:00:00,19.6,16.4,82,0,,262,10.1,,1008.3,,8
2025-08-20 21:00:00,18.4,16.6,89,0,,243,10.1,,1008.5,,8
2025-08-20 22:00:00,17.9,16.8,93,0.7,,211,10.8,,1008.6,,7
2025-08-20 23:00:00,18.2,17,93,4.7,,216,7.6,,1008.5,,3
2025-08-21 00:00:00,18,16.8,93,0.9,,209,9.4,,1008.5,,3
2025-08-21 01:00:00,17.5,16.7,95,0.1,,219,6.8,,1008.2,,3
2025-08-21 02:00:00,17.3,16.5,95,0,,222,7.6,,1007.7,,3
2025-08-21 03:00:00,16.8,16.2,96,0,,218,9.7,,1007.4,,3
2025-08-21 04:00:00,16.2,15.2,94,0,,255,6.5,,1007.2,,3
2025-08-21 05:00:00,15.7,14.7,94,0,,257,5.4,,1006.8,,3
2025-08-21 06:00:00,15.8,14.8,94,0,,264,5.8,,1006.6,,3
2025-08-21 07:00:00,16,14.9,93,0,,311,6.8,,1006.8,,3
2025-08-21 08:00:00,16.7,14.7,88,0,,330,8.3,,1007,,3
2025-08-21 09:00:00,17.1,15.3,89,0,,322,8.3,,1007.2,,3
2025-08-21 10:00:00,17.9,14.8,82,1,,343,8.3,,1007.5,,7
2025-08-21 11:00:00,18.6,14.5,77,0.6,,342,9.4,,1007.6,,8
2025-08-21 12:00:00,18.9,14.4,75,0.1,,342,9.4,,1007.7,,7
2025-08-21 13:00:00,18.8,14.5,76,0,,329,9,,1007.7,,8
2025-08-21 14:00:00,19.6,15.2,76,0,,282,9,,1007.9,,8
2025-08-21 15:00:00,20.8,14.9,69,0,,327,11.5,,1008,,7
2025-08-21 16:00:00,19.9,14.7,72,1.3,,304,11.9,,1008.3,,8
2025-08-21 17:00:00,19.7,14.7,73,1.1,,243,9.4,,1008.4,,8
2025-08-21 18:00:00,18,15.8,87,1.6,,200,7.9,,1008.8,,9
2025-08-21 19:00:00,16.5,15.7,95,0,,166,10.8,,1009.7,,9
2025-08-21 20:00:00,16.4,15.4,94,0,,194,6.8,,1010,,3
2025-08-21 21:00:00,16.1,15.5,96,0,,205,8.6,,1010.9,,3
2025-08-21 22:00:00,16,15.4,96,0,,221,10.4,,1011.4,,3
2025-08-21 23:00:00,15.7,15.1,96,0,,234,8.6,,1011.9,,3
2025-08-22 00:00:00,14.6,14,96,0,,230,10.1,,1012.6,,3
2025-08-22 01:00:00,14,13,94,0,,245,13,,1013.1,,2
2025-08-22 02:00:00,13.3,12.2,93,0,,300,13,,1013.4,,1
2025-08-22 03:00:00,13,11.6,91,0,,320,11.5,,1013.9,,1
2025-08-22 04:00:00,12.8,11.4,91,0,,310,11.5,,1014.4,,1
2025-08-22 05:00:00,12.8,11,89,0,,325,9.7,,1014.6,,2
2025-08-22 06:00:00,12.7,10.9,89,0,,336,9.7,,1015,,2
2025-08-22 07:00:00,12.5,10.4,87,0,,346,10.8,,1015.8,,2
2025-08-22 08:00:00,13.7,11.2,85,0,,0,11.5,,1016.5,,3
2025-08-22 09:00:00,14.5,10.5,77,0,,15,11.2,,1016.9,,3
2025-08-22 10:00:00,15.6,9.9,69,0,,22,8.3,,1016.9,,3
2025-08-22 11:00:00,17,9.9,63,0,,22,7.6,,1017.1,,2
2025-08-22 12:00:00,18.5,9.8,57,0,,2,7.6,,1017.2,,2
2025-08-22 13:00:00,19.4,9.8,54,0,,350,8.3,,1017,,3
2025-08-22 14:00:00,19.7,9.3,51,0,,348,7.9,,1016.7,,3
2025-08-22 15:00:00,20.2,9.4,50,0,,344,8.6,,1016.6,,3
2025-08-22 16:00:00,20.4,9.3,49,0,,349,10.1,,1016.2,,3
2025-08-22 17:00:00,20.2,9.1,49,0,,1,12.6,,1016,,3
2025-08-22 18:00:00,19.2,8.5,50,0,,8,11.2,,1016,,3
2025-08-22 19:00:00,18.7,8.4,51,0,,4,9.4,,1016.2,,3
2025-08-22 20:00:00,17.6,9.7,60,0,,23,4.7,,1016.6,,3
2025-08-22 21:00:00,16.6,9.8,64,0,,26,5.8,,1017.2,,3
2025-08-22 22:00:00,15.5,9.4,67,0,,16,7.6,,1018,,3
2025-08-22 23:00:00,14.5,8.9,69,0,,358,5.4,,1018.2,,3
2025-08-23 00:00:00,13.5,8.1,70,0,,332,5.4,,1018.1,,3
2025-08-23 01:00:00,12.2,7.5,73,0,,315,5.8,,1018,,2
2025-08-23 02:00:00,10.8,6,72,0,,337,8.3,,1018.8,,3
2025-08-23 03:00:00,10.2,5.6,73,0,,328,6.1,,1018.8,,3
2025-08-23 04:00:00,9.8,5.6,75,0,,277,3.6,,1018.7,,2
2025-08-23 05:00:00,9,5.6,79,0,,233,2.9,,1018.7,,2
2025-08-23 06:00:00,8.8,6.1,83,0,,234,3.6,,1018.8,,3
2025-08-23 07:00:00,7.8,5.8,87,0,,244,4.3,,1018.8,,3
2025-08-23 08:00:00,10.4,6.7,78,0,,237,5.8,,1019.4,,2
2025-08-23 09:00:00,13.1,6.7,65,0,,233,4,,1019.5,,2
2025-08-23 10:00:00,15,6.3,56,0,,305,4.7,,1019.5,,3
2025-08-23 11:00:00,16.6,5.5,48,0,,312,8.3,,1019.3,,2
2025-08-23 12:00:00,17.8,5.7,45,0,,313,8.6,,1019.1,,3
2025-08-23 13:00:00,18.5,5.3,42,0,,312,7.6,,1018.5,,3
2025-08-23 14:00:00,19.1,5.2,40,0,,302,7.9,,1018.3,,3
2025-08-23 15:00:00,19.3,5,39,0,,304,9,,1018,,3
2025-08-23 16:00:00,19.2,5.6,41,0,,313,9.7,,1017.8,,3
2025-08-23 17:00:00,17.8,6.9,49,0,,312,9.7,,1018.3,,3
2025-08-23 18:00:00,17.9,6.7,48,0,,306,9.4,,1018.2,,3
2025-08-23 19:00:00,17.7,7.4,51,0,,306,8.3,,1018,,3
2025-08-23 20:00:00,16,8.7,62,0,,298,6.1,,1018.5,,3
2025-08-23 21:00:00,14.3,8,66,0,,288,5.4,,1019.1,,2
2025-08-23 22:00:00,14.1,8.5,69,0,,38,7.2,,1020,,3
2025-08-23 23:00:00,13.3,9.2,76,0,,70,6.8,,1020.3,,3
2025-08-24 00:00:00,12.2,9.2,82,0,,72,5,,1020.3,,3
2025-08-24 01:00:00,11.6,9.2,85,0,,81,4,,1020.2,,2
2025-08-24 02:00:00,10.9,9,88,0,,84,3.2,,1020.4,,2
2025-08-24 03:00:00,10.4,8.8,90,0,,42,2.9,,1020.1,,2
2025-08-24 04:00:00,9.8,8.6,92,0,,15,2.5,,1020.1,,2
2025-08-24 05:00:00,9.5,8.4,93,0,,356,2.2,,1020.1,,2
2025-08-24 06:00:00,9.1,8,93,0,,9,1.8,,1020.1,,2
2025-08-24 07:00:00,9.2,8.1,93,0,,224,1.4,,1020.2,,2
2025-08-24 08:00:00,11.8,9.5,86,0,,33,5.8,,1020.4,,2
2025-08-24 09:00:00,13.8,9.8,77,0,,39,5.4,,1020.5,,3
2025-08-24 10:00:00,15.5,9.4,67,0,,54,5.4,,1020.3,,2
2025-08-24 11:00:00,17,8.9,59,0,,54,5.4,,1020,,2
2025-08-24 12:00:00,18.2,8.5,53,0,,348,4.7,,1019.8,,2
2025-08-24 13:00:00,19.1,8.1,49,0,,322,6.8,,1019.5,,3
2025-08-24 14:00:00,19.5,7.6,46,0,,346,6.8,,1019.3,,3
2025-08-24 15:00:00,20.1,7.1,43,0,,358,5.4,,1019,,3
2025-08-24 16:00:00,20.4,7.1,42,0,,15,6.5,,1018.7,,3
2025-08-24 17:00:00,20.4,6.7,41,0,,21,7.6,,1018.3,,3
2025-08-24 18:00:00,19.8,6.9,43,0,,26,10.1,,1018.4,,3
2025-08-24 19:00:00,18.7,7.5,48,0,,43,10.1,,1018.7,,2
2025-08-24 20:00:00,16.4,7.6,56,0,,54,9.7,,1019,,1
2025-08-24 21:00:00,14.2,7.7,65,0,,60,7.6,,1019.9,,1
2025-08-24 22:00:00,13,7.7,70,0,,28,7.9,,1020.3,,1
2025-08-24 23:00:00,12.5,7.2,70,0,,347,8.3,,1020.1,,1
2025-08-25 00:00:00,12,6.7,70,0,,8,7.2,,1020.3,,1
2025-08-25 01:00:00,11.4,6.3,71,0,,19,6.1,,1020.3,,1
2025-08-25 02:00:00,10.7,6.1,73,0,,305,4.3,,1020.2,,1
2025-08-25 03:00:00,9.9,5.9,76,0,,269,3.6,,1020.2,,1
2025-08-25 04:00:00,9.1,5.5,78,0,,236,2.2,,1020,,1
2025-08-25 05:00:00,8.6,5.2,79,0,,223,3.2,,1019.8,,1
2025-08-25 06:00:00,8.1,4.9,80,0,,219,3.6,,1019.8,,1
2025-08-25 07:00:00,8.1,4.9,80,0,,223,4.3,,1020.1,,2
2025-08-25 08:00:00,10.5,6.1,74,0,,228,5,,1020.1,,2
2025-08-25 09:00:00,13.6,6.7,63,0,,257,3.2,,1020.1,,1
2025-08-25 10:00:00,16.4,6.8,53,0,,331,2.9,,1019.8,,3
2025-08-25 11:00:00,18.8,6.6,45,0,,22,4.3,,1019.4,,3
2025-08-25 12:00:00,20.6,7.2,42,0,,35,4.3,,1019.2,,3
2025-08-25 13:00:00,21.8,6.8,38,0,,9,4,,1018.6,,3
2025-08-25 14:00:00,22.2,7.2,38,0,,321,4.3,,1018.4,,3
2025-08-25 15:00:00,22.9,6.6,35,0,,232,4.7,,1017.9,,2
2025-08-25 16:00:00,23.3,6.1,33,0,,226,5.8,,1017.2,,2
2025-08-25 17:00:00,23.4,6.2,33,0,,224,6.1,,1016.4,,1
2025-08-25 18:00:00,23.2,6.5,34,0,,200,6.5,,1015.9,,1
2025-08-25 19:00:00,21.8,10.6,49,0,,122,10.8,,1015.4,,1
2025-08-25 20:00:00,18.3,10.1,59,0,,39,11.9,,1015.9,,1
2025-08-25 21:00:00,16.2,9.6,65,0,,34,8.3,,1016.7,,1
2025-08-25 22:00:00,14.8,9.8,72,0,,48,5.8,,1016.8,,1
2025-08-25 23:00:00,13.9,9.7,76,0,,47,5,,1016.7,,1
2025-08-26 00:00:00,13.8,9,73,0,,198,2.5,,1016.4,,1
2025-08-26 01:00:00,12.9,8.6,75,0,,208,4,,1016.2,,1
2025-08-26 02:00:00,12.2,8.1,76,0,,222,4.7,,1016.1,,1
2025-08-26 03:00:00,11.5,7.8,78,0,,218,6.1,,1015.8,,1
2025-08-26 04:00:00,10.9,7.6,80,0,,219,6.5,,1015.5,,1
2025-08-26 05:00:00,10.5,7.4,81,0,,230,5.8,,1015.3,,1
2025-08-26 06:00:00,10.1,7.3,83,0,,224,5.4,,1015.2,,1
2025-08-26 07:00:00,10.1,7.3,83,0,,229,5.8,,1015.2,,3
2025-08-26 08:00:00,12.9,8,72,0,,230,7.9,,1015.3,,2
2025-08-26 09:00:00,16.4,9.1,62,0,,248,5.4,,1015.2,,1
2025-08-26 10:00:00,19,10,56,0,,242,4.3,,1014.8,,1
2025-08-26 11:00:00,22.3,9.8,45,0,,233,6.5,,1014.5,,1
2025-08-26 12:00:00,24.3,8.7,37,0,,230,7.9,,1013.8,,1
2025-08-26 13:00:00,25.6,7.7,32,0,,238,10.1,,1013.4,,1
2025-08-26 14:00:00,26.5,7.5,30,0,,244,11.9,,1012.8,,3
2025-08-26 15:00:00,26.8,7.3,29,0,,250,13.3,,1012.7,,3
2025-08-26 16:00:00,27.1,5.4,25,0,,254,13.3,,1012.2,,3
2025-08-26 17:00:00,26.8,4.5,24,0,,255,12.6,,1011.6,,3
2025-08-26 18:00:00,26.3,6.8,29,0,,254,11.5,,1011.5,,3
2025-08-26 19:00:00,24.4,10.6,42,0,,235,8.3,,1011.2,,3
2025-08-26 20:00:00,21.4,10.2,49,0,,220,8.3,,1011.4,,3
2025-08-26 21:00:00,19.7,10.9,57,0,,202,7.2,,1011.9,,3
2025-08-26 22:00:00,18.4,11.5,64,0,,214,9,,1012.1,,3
2025-08-26 23:00:00,19.1,12.8,67,0,,239,16.9,,1013.6,,7
2025-08-27 00:00:00,17.7,15.3,86,0.5,,213,13,,1013.6,,9
2025-08-27 01:00:00,16.8,15.3,91,0.1,,207,11.9,,1013.8,,8
2025-08-27 02:00:00,16.6,15.8,95,0,,193,9.4,,1013,,8
2025-08-27 03:00:00,16.6,15.8,95,0,,195,13.3,,1012.7,,9
2025-08-27 04:00:00,17,15.3,90,0,,202,16.2,,1012.5,,9
2025-08-27 05:00:00,16.6,15.1,91,0,,225,14.4,,1012.5,,3
2025-08-27 06:00:00,15.5,14.4,93,0,,208,9.4,,1012.6,,17
2025-08-27 07:00:00,15.3,14.3,94,0,,212,9.7,,1012.6,,3
2025-08-27 08:00:00,16.9,15.1,89,0,,207,13,,1012.7,,2
2025-08-27 09:00:00,19.1,16.5,85,0,,227,11.2,,1012.6,,2
2025-08-27 10:00:00,21.5,16.2,72,0,,220,12.2,,1012.8,,3
2025-08-27 11:00:00,21.3,15.6,70,0,,199,10.8,,1013,,3
2025-08-27 12:00:00,24,14.9,57,0,,214,11.5,,1012.2,,3
2025-08-27 13:00:00,25.2,14.9,53,0,,223,14.4,,1011.5,,3
2025-08-27 14:00:00,24.5,16,59,0,,228,13.7,,1011.1,,8
2025-08-27 15:00:00,25.5,15.2,53,0,,231,13.7,,1010.3,,7
2025-08-27 16:00:00,25.3,15.3,54,0.9,,242,11.9,,1010,,3
2025-08-27 17:00:00,25.4,15.7,55,0.3,,205,14,,1009.9,,17
2025-08-27 18:00:00,22.3,17,72,0,,274,10.1,,1010.4,,8
2025-08-27 19:00:00,22.1,16.8,72,0,,234,5,,1009.7,,3
2025-08-27 20:00:00,20.2,17.4,84,0,,175,5,,1010,,3
2025-08-27 21:00:00,19.9,16.9,83,0,,206,8.6,,1010.1,,3
2025-08-27 22:00:00,19.3,16.9,86,0,,190,7.6,,1009.8,,3
2025-08-27 23:00:00,18.5,16.7,89,0,,231,6.8,,1009.4,,3
2025-08-28 00:00:00,17.8,16.1,90,0,,238,5,,1008.8,,3
2025-08-28 01:00:00,17.3,15.8,91,0,,191,4,,1008.3,,3
2025-08-28 02:00:00,16.9,15.8,93,0,,201,4,,1008,,3
2025-08-28 03:00:00,16.4,15.4,94,0.2,,264,8.3,,1008,,3
2025-08-28 04:00:00,16.8,15.8,94,4.5,,211,6.1,,1008.3,,7
2025-08-28 05:00:00,16.9,15.8,93,2.1,,138,5.4,,1007.4,,8
2025-08-28 06:00:00,16.5,15.5,94,1.7,,210,10.1,,1007.7,,7
2025-08-28 07:00:00,16.1,15.6,97,0.4,,220,7.6,,1007.8,,9
2025-08-28 08:00:00,16.6,16,96,1.7,,166,7.6,,1007.4,,8
2025-08-28 09:00:00,16.9,16.3,96,1.2,,165,6.8,,1007.5,,9
2025-08-28 10:00:00,17.5,16.9,96,0.2,,202,8.6,,1006.9,,9
2025-08-28 11:00:00,17.5,16.9,96,1.1,,185,7.9,,1006.6,,9
2025-08-28 12:00:00,18.4,16.9,91,0.5,,220,9.4,,1007.9,,8
2025-08-28 13:00:00,19,15.9,82,0,,218,11.5,,1007.8,,7
2025-08-28 14:00:00,19.6,14.8,74,0.2,,224,11.2,,1007.5,,7
2025-08-28 15:00:00,19.7,14.7,73,0,,217,10.1,,1007.5,,7
2025-08-28 16:00:00,20.1,14.5,70,0,,220,9.4,,1007,,3
2025-08-28 17:00:00,21.5,13.9,62,0,,259,9,,1006,,3
2025-08-28 18:00:00,21.2,13.9,63,0.3,,250,7.9,,1006.1,,3
2025-08-28 19:00:00,20.4,14.5,69,0.1,,235,6.1,,1006.1,,3
2025-08-28 20:00:00,18.8,14.5,76,0,,202,5.4,,1006.2,,3
2025-08-28 21:00:00,17.9,14.4,80,0,,204,6.1,,1006.7,,3
2025-08-28 22:00:00,16.1,14.3,89,0,,228,7.9,,1007.2,,3
2025-08-28 23:00:00,16.3,14.3,88,0,,232,8.3,,1006.9,,3
2025-08-29 00:00:00,16.1,14.1,88,0,,236,10.8,,1006.9,,7
2025-08-29 01:00:00,15.1,14.1,94,0,,236,14.4,,1007.2,,9
2025-08-29 02:00:00,15,14.7,98,0,,237,11.2,,1007.3,,9
2025-08-29 03:00:00,14.8,14.2,96,0.6,,239,10.8,,1007.1,,9
2025-08-29 04:00:00,14.6,14.3,98,2.1,,224,10.8,,1007.2,,9
2025-08-29 05:00:00,14.5,14.2,98,1.3,,225,11.5,,1007,,9
2025-08-29 06:00:00,14.2,13.9,98,0,,221,11.2,,1007.2,,8
2025-08-29 07:00:00,13.8,13,95,0,,214,10.1,,1006.9,,3
2025-08-29 08:00:00,14,12.6,91,0,,214,10.1,,1006.9,,3
2025-08-29 09:00:00,15.5,12.4,82,0,,218,8.3,,1006.7,,1
2025-08-29 10:00:00,17.3,11.6,69,0,,225,8.6,,1006.5,,1
2025-08-29 11:00:00,18.9,9.4,54,0,,232,9.7,,1006.3,,3
2025-08-29 12:00:00,20.1,9,49,0,,240,9,,1005.7,,3
2025-08-29 13:00:00,21.3,9.2,46,0,,223,11.5,,1004.7,,3
2025-08-29 14:00:00,21.6,8.8,44,0,,212,11.2,,1004.1,,3
2025-08-29 15:00:00,21.8,9,44,0,,209,10.8,,1003.6,,3
2025-08-29 16:00:00,22.5,8.9,42,0,,217,12.2,,1003.5,,3
2025-08-29 17:00:00,22,9.2,44,0,,217,10.8,,1003.2,,3
2025-08-29 18:00:00,21,9.9,49,0,,219,10.1,,1003.6,,3
2025-08-29 19:00:00,19.4,10.7,57,0,,240,12.2,,1003.9,,3
2025-08-29 20:00:00,17.8,10.9,64,3.5,,233,11.9,,1004.3,,3
2025-08-29 21:00:00,16.2,11.4,73,1.2,,203,11.2,,1005.7,,3
2025-08-29 22:00:00,15.4,11.4,77,0,,196,10.1,,1006.1,,3
2025-08-29 23:00:00,14,11.5,85,0,,194,9.4,,1006.5,,3
2025-08-30 00:00:00,13.6,11.1,85,0,,203,10.1,,1006.9,,3
2025-08-30 01:00:00,12.8,10.7,87,0,,217,11.2,,1007.2,,2
2025-08-30 02:00:00,12.8,10.3,85,0,,220,12.2,,1007.1,,3
2025-08-30 03:00:00,12.6,10.5,87,0,,225,12.2,,1007.6,,3
2025-08-30 04:00:00,13.3,10.8,85,0,,222,11.2,,1008.2,,3
2025-08-30 05:00:00,13.3,11,86,0,,227,10.4,,1008.4,,3
2025-08-30 06:00:00,13.1,11.2,88,0,,223,10.8,,1008.7,,3
2025-08-30 07:00:00,13.1,11.2,88,0,,222,10.8,,1009.3,,3
2025-08-30 08:00:00,13.9,11.4,85,0,,229,11.5,,1009.9,,3
2025-08-30 09:00:00,14.7,11.5,81,0,,241,15.1,,1010.5,,3
2025-08-30 10:00:00,15.7,11.3,75,0,,249,14,,1010.9,,3
2025-08-30 11:00:00,17.2,11.5,69,0,,247,11.2,,1011.2,,3
2025-08-30 12:00:00,18.2,11.3,64,0,,246,10.4,,1011.6,,3
2025-08-30 13:00:00,19.2,11,59,0,,247,11.2,,1011.5,,3
2025-08-30 14:00:00,19.3,10.8,58,0,,260,12.2,,1011.3,,3
2025-08-30 15:00:00,20.1,11,56,0,,261,11.5,,1011.4,,17
2025-08-30 16:00:00,20.2,10.9,55,0,,255,10.8,,1011.5,,2
2025-08-30 17:00:00,20.3,10.1,52,0,,248,11.5,,1011.4,,1
2025-08-30 18:00:00,19.6,10.3,55,0,,233,10.1,,1011.8,,2
2025-08-30 19:00:00,18.7,11.5,63,0,,226,7.2,,1012,,2
2025-08-30 20:00:00,15.8,12,78,0,,213,8.6,,1012.6,,2
2025-08-30 21:00:00,14.9,11.9,82,0,,229,8.6,,1013.5,,1
2025-08-30 22:00:00,14.1,11.4,84,0,,225,8.3,,1014.1,,1
2025-08-30 23:00:00,13,11.2,89,0,,207,7.6,,1014.5,,1
2025-08-31 00:00:00,12.1,10.8,92,0,,202,7.2,,1014.5,,1
2025-08-31 01:00:00,11.9,10.5,91,0,,210,8.3,,1014.4,,1
2025-08-31 02:00:00,11.8,10.2,90,0,,210,9,,1014.2,,1
2025-08-31 03:00:00,11.4,9.8,90,0,,215,9,,1014.2,,1
2025-08-31 04:00:00,11,9.4,90,0,,211,8.6,,1014.3,,1
2025-08-31 05:00:00,10.7,9.3,91,0,,212,9,,1014.1,,1
2025-08-31 06:00:00,10.3,9.1,92,0,,220,9.4,,1014.1,,1
2025-08-31 07:00:00,10.3,8.9,91,0,,225,9,,1014.1,,1
2025-08-31 08:00:00,12.8,10.2,84,0,,226,10.1,,1013.9,,1
2025-08-31 09:00:00,15.7,11.9,78,0,,236,8.6,,1013.9,,1
2025-08-31 10:00:00,18.2,12.2,68,0,,224,10.1,,1013.7,,1
2025-08-31 11:00:00,20.3,11.5,57,0,,220,8.6,,1013.6,,1
2025-08-31 12:00:00,21.4,11.4,53,0,,220,6.8,,1013.2,,2
2025-08-31 13:00:00,22.5,11.5,50,0,,227,5,,1012.5,,1
2025-08-31 14:00:00,22.5,11.5,50,0,,216,4.7,,1012.1,,3
2025-08-31 15:00:00,23,11.7,49,0,,206,5.4,,1011.7,,3
2025-08-31 16:00:00,23,12.6,52,0,,188,6.1,,1011.5,,3
2025-08-31 17:00:00,23.2,12.5,51,0,,138,7.9,,1010.5,,3
2025-08-31 18:00:00,23,12.6,52,0,,114,8.6,,1010,,3
2025-08-31 19:00:00,21.8,14.4,63,0,,81,7.9,,1009.4,,2
2025-08-31 20:00:00,18.9,13.9,73,0,,95,8.3,,1009.3,,1
2025-08-31 21:00:00,17.4,13.1,76,0,,127,7.6,,1010,,1
2025-08-31 22:00:00,16.5,12.3,76,0,,132,7.9,,1010.1,,1
2025-08-31 23:00:00,16.1,11.7,75,0,,158,9.4,,1009.7,,1
2025-09-01 00:00:00,15.3,11.3,77,0,,252,7.9,,1009.7,,1
2025-09-01 01:00:00,14.3,11.5,83,0,,277,5.8,,1009.4,,1
2025-09-01 02:00:00,13.5,11.6,88,0,,277,5.4,,1008.7,,2
2025-09-01 03:00:00,12.4,10.8,90,0,,249,5.8,,1008.5,,3
2025-09-01 04:00:00,11.9,10.6,92,0,,233,5.8,,1008,,3
2025-09-01 05:00:00,11.7,10.4,92,0,,218,6.5,,1008,,3
2025-09-01 06:00:00,11.4,10.3,93,0,,200,6.5,,1008,,3
2025-09-01 07:00:00,13.8,10.8,82,0,,234,8.3,,1007.8,,3
2025-09-01 08:00:00,15.7,11.9,78,0,,253,10.1,,1008.5,,3
2025-09-01 09:00:00,17.3,13.2,77,0,,245,11.9,,1009.1,,3
2025-09-01 10:00:00,18.2,14.1,77,0,,263,16.2,,1009.8,,3
2025-09-01 11:00:00,19,14.3,74,0,,272,12.6,,1010.3,,3
2025-09-01 12:00:00,17.3,13.6,79,0,,237,7.6,,1011.1,,3
2025-09-01 13:00:00,18.6,13.4,72,0,,249,7.9,,1011.1,,3
2025-09-01 14:00:00,19.6,13.1,66,0,,246,6.5,,1010.7,,3
2025-09-01 15:00:00,20.4,12.9,62,0,,185,2.5,,1010.4,,3
2025-09-01 16:00:00,20.4,12.9,62,0,,76,5.4,,1010.1,,3
2025-09-01 17:00:00,19.5,12.5,64,0,,36,4,,1010.5,,3
2025-09-01 18:00:00,18.7,12.9,69,0,,53,5.8,,1010.5,,3
2025-09-01 19:00:00,17.6,13.7,78,0,,82,6.1,,1010.6,,7
2025-09-01 20:00:00,16.3,14.3,88,0,,98,6.5,,1010.6,,8
2025-09-01 21:00:00,15.6,14.8,95,0,,141,4.7,,1010.7,,8
2025-09-01 22:00:00,15.7,14.1,90,0.2,,166,4,,1011,,7
2025-09-01 23:00:00,15.5,14.5,94,1.2,,219,9,,1011.7,,9
2025-09-02 00:00:00,15.1,14.6,97,2,,202,8.3,,1011.8,,9
2025-09-02 01:00:00,14.9,14.4,97,0.3,,229,11.9,,1011.7,,9
2025-09-02 02:00:00,14.6,14.3,98,0,,240,10.1,,1012,,8
2025-09-02 03:00:00,14.2,13.7,97,0,,233,9.7,,1012,,17
2025-09-02 04:00:00,13.9,13.4,97,0,,226,8.3,,1012.2,,3
2025-09-02 05:00:00,13.5,13,97,0,,223,9,,1012.1,,3
2025-09-02 06:00:00,12.9,12.4,97,0,,233,10.1,,1012.3,,3
2025-09-02 07:00:00,12.6,12.1,97,0,,228,10.8,,1012.8,,3
2025-09-02 08:00:00,12.8,11.9,94,0,,220,9.7,,1013.1,,3
2025-09-02 09:00:00,14.1,12,87,0,,242,12.2,,1013.2,,3
2025-09-02 10:00:00,15.3,11.9,80,0,,238,10.1,,1013.2,,3
2025-09-02 11:00:00,17,11,68,0,,245,10.1,,1013.1,,17
2025-09-02 12:00:00,18,11.1,64,0,,249,11.2,,1012.9,,2
2025-09-02 13:00:00,19,11.3,61,0,,243,12.6,,1012.7,,2
2025-09-02 14:00:00,19.8,11,57,0,,240,11.2,,1012.1,,3
2025-09-02 15:00:00,20,10.4,54,0,,243,15.1,,1011.7,,3
2025-09-02 16:00:00,19.3,9.5,53,0,,258,15.5,,1011.7,,3
2025-09-02 17:00:00,19.4,9.6,53,0,,240,10.8,,1011.3,,2
2025-09-02 18:00:00,19.7,9.3,51,0,,237,10.4,,1011.7,,1
2025-09-02 19:00:00,18.5,10.8,61,0,,252,8.6,,1012,,1
2025-09-02 20:00:00,16.2,9.8,66,0.5,,256,9.4,,1012.2,,2
2025-09-02 21:00:00,14.8,9.6,71,0,,235,10.8,,1013,,3
2025-09-02 22:00:00,14,9.8,76,0,,197,9.4,,1013.4,,3
2025-09-02 23:00:00,13.2,10,81,0,,201,10.4,,1013.9,,3
2025-09-03 00:00:00,14.2,10.2,77,0,,205,12.2,,1013.9,,3
2025-09-03 01:00:00,14.1,9.7,75,0,,199,14,,1014,,3
2025-09-03 02:00:00,14.3,9.9,75,0,,194,15.5,,1013.5,,3
2025-09-03 03:00:00,14,9.8,76,0,,205,14.8,,1013.5,,3
2025-09-03 04:00:00,13.5,9.7,78,0,,195,14.8,,1013.4,,2
2025-09-03 05:00:00,13.9,9.3,74,0,,204,15.8,,1013.7,,2
2025-09-03 06:00:00,13.9,9.1,73,0,,211,15.1,,1014,,2
2025-09-03 07:00:00,14,9.2,73,0,,216,14.8,,1014.3,,3
2025-09-03 08:00:00,14.9,10.1,73,0,,215,14.8,,1014.4,,3
2025-09-03 09:00:00,17.1,11.8,71,0,,212,13.3,,1014.2,,3
2025-09-03 10:00:00,18.5,12,66,0,,220,19.1,,1014,,3
2025-09-03 11:00:00,19.8,12.1,61,0,,232,20.5,,1014.3,,3
2025-09-03 12:00:00,20.7,11.3,55,0,,236,20.5,,1014.4,,3
2025-09-03 13:00:00,21.8,11.2,51,0,,237,16.9,,1013.9,,3
2025-09-03 14:00:00,22.5,11.5,50,0,,229,15.8,,1013.4,,3
2025-09-03 15:00:00,23.8,11.5,46,0,,232,17.3,,1012.8,,3
2025-09-03 16:00:00,23.7,11.7,47,0,,232,12.6,,1012.3,,3
2025-09-03 17:00:00,24.2,12.2,47,0,,228,11.2,,1011.7,,1
2025-09-03 18:00:00,23.7,13.3,52,0,,208,11.9,,1011.5,,1
2025-09-03 19:00:00,21.9,14,61,0,,183,13.3,,1011.5,,1
2025-09-03 20:00:00,19.5,13.9,70,0,,186,11.9,,1012,,1
2025-09-03 21:00:00,18.3,13.6,74,0,,185,14.8,,1012.4,,1
2025-09-03 22:00:00,17.8,12.7,72,0,,195,13.7,,1012.7,,1
2025-09-03 23:00:00,17.1,12.6,75,0,,207,13,,1013.3,,1
2025-09-04 00:00:00,16,12.4,79,0,,216,12.6,,1013.2,,1
2025-09-04 01:00:00,16,12,77,0,,219,13.3,,1013.8,,1
2025-09-04 02:00:00,16.7,12,74,0,,228,13,,1014.1,,3
2025-09-04 03:00:00,16.5,12.6,78,0,,219,11.5,,1014.4,,3
2025-09-04 04:00:00,16.3,12.8,80,0.6,,209,10.1,,1014.5,,3
2025-09-04 05:00:00,16.4,13.3,82,0.2,,210,12.6,,1014.5,,3
2025-09-04 06:00:00,16.2,13.3,83,0,,206,11.5,,1014.4,,3
2025-09-04 07:00:00,15.5,13.3,87,0.1,,203,10.8,,1014.4,,3
2025-09-04 08:00:00,16.4,13.9,85,0,,261,9.7,,1014.9,,3
2025-09-04 09:00:00,18.2,14.5,79,0,,243,6.8,,1015,,3
2025-09-04 10:00:00,19.8,15.4,76,0,,263,6.1,,1014.8,,3
2025-09-04 11:00:00,21.8,15.9,69,0,,252,5.4,,1014.6,,3
2025-09-04 12:00:00,23.3,15.6,62,0,,34,4.7,,1014.4,,3
2025-09-04 13:00:00,23.9,15.4,59,2.1,,241,6.8,,1014.1,,3
2025-09-04 14:00:00,22.9,15.7,64,0.2,,235,12.2,,1014.3,,17
2025-09-04 15:00:00,22,15.6,67,0,,299,2.5,,1014.4,,9
2025-09-04 16:00:00,22.2,15.3,65,0,,319,6.5,,1013.8,,3
2025-09-04 17:00:00,20.6,15.2,71,0,,299,10.4,,1014.2,,8
2025-09-04 18:00:00,19.8,15.6,77,0.2,,300,6.1,,1013.8,,8
2025-09-04 19:00:00,19.1,16,82,1.5,,248,4.7,,1013.9,,17
2025-09-04 20:00:00,16.9,16.1,95,0.1,,300,7.6,,1014.5,,9
2025-09-04 21:00:00,16.7,16.2,97,0.4,,166,7.9,,1014.9,,9
2025-09-04 22:00:00,16.4,16.1,98,0.3,,214,7.6,,1015.1,,8
2025-09-04 23:00:00,16.4,16.1,98,0.7,,163,6.1,,1015.2,,9
2025-09-05 00:00:00,16,15.4,96,0,,203,8.3,,1015.4,,9
2025-09-05 01:00:00,15.4,14.6,95,0,,225,14.4,,1016.8,,8
2025-09-05 02:00:00,15,14.2,95,0,,240,14,,1017.2,,3
2025-09-05 03:00:00,14.4,13.8,96,0,,232,11.9,,1017.5,,7
2025-09-05 04:00:00,14,13.5,97,0,,232,11.9,,1017.8,,3
2025-09-05 05:00:00,13.6,13,96,0,,234,11.9,,1018,,3
2025-09-05 06:00:00,12.4,11.8,96,0,,223,10.4,,1018.4,,2
2025-09-05 07:00:00,12.6,12,96,0,,226,11.2,,1019.3,,3
2025-09-05 08:00:00,13.7,12.4,92,0,,239,13.3,,1019.9,,3
2025-09-05 09:00:00,14.5,12.2,86,0,,250,12.2,,1020.7,,7
2025-09-05 10:00:00,14.6,11.9,84,0,,262,11.5,,1020.8,,3
2025-09-05 11:00:00,15.1,11.7,80,0,,245,14.8,,1021.7,,3
2025-09-05 12:00:00,14.5,11.8,84,0,,221,11.5,,1022.5,,9
2025-09-05 13:00:00,15.9,11.5,75,0,,238,14.8,,1022.6,,7
2025-09-05 14:00:00,15.7,10.9,73,0,,250,13.3,,1022.7,,9
2025-09-05 15:00:00,16,11,72,0,,262,10.8,,1023.2,,9
2025-09-05 16:00:00,17.3,9.9,62,0.5,,274,13,,1023,,3
2025-09-05 17:00:00,17,9.7,62,0,,263,11.2,,1023.2,,3
2025-09-05 18:00:00,17,9.4,61,0,,252,7.9,,1023.2,,2
2025-09-05 19:00:00,16.2,11.1,72,0,,216,5,,1023.2,,1
2025-09-05 20:00:00,14.2,10,76,0,,208,7.9,,1023.7,,2
2025-09-05 21:00:00,13.6,9.4,76,0,,319,5,,1024.6,,1
2025-09-05 22:00:00,12.5,9.3,81,0,,249,5,,1025,,1
2025-09-05 23:00:00,11.5,9.2,86,0,,212,5,,1025.4,,1
2025-09-06 00:00:00,10.7,9.3,91,0,,212,4,,1025.6,,1
2025-09-06 01:00:00,10,8.9,93,0,,200,4,,1025.5,,1
2025-09-06 02:00:00,9.7,8.6,93,0,,209,4,,1025.7,,1
2025-09-06 03:00:00,9.4,8.3,93,0,,235,3.2,,1025.5,,1
2025-09-06 04:00:00,9.2,8,92,0,,264,2.9,,1025.3,,1
2025-09-06 05:00:00,8.9,7.7,92,0,,255,2.9,,1025.3,,1
2025-09-06 06:00:00,8.5,7.4,93,0.1,,278,3.2,,1025.3,,1
2025-09-06 07:00:00,7.9,6.8,93,0,,280,3.2,,1025,,1
2025-09-06 08:00:00,9.5,8.1,91,0,,267,5.4,,1024.9,,1
2025-09-06 09:00:00,12.5,9.9,84,0,,351,4.7,,1024.8,,1
2025-09-06 10:00:00,15.4,10.8,74,0,,29,6.8,,1024.6,,3
2025-09-06 11:00:00,17.3,10.9,66,0,,71,9,,1024.1,,2
2025-09-06 12:00:00,18.5,11.3,63,0,,78,10.4,,1023.5,,1
2025-09-06 13:00:00,19.7,10.9,57,0,,76,10.4,,1022.9,,3
2025-09-06 14:00:00,20.4,10.2,52,0,,75,11.5,,1022.4,,3
2025-09-06 15:00:00,20.8,9.7,49,0,,78,12.6,,1022.1,,2
2025-09-06 16:00:00,21,9.6,48,0,,80,12.6,,1021.8,,2
2025-09-06 17:00:00,20.5,10.3,52,0,,84,12.6,,1021.3,,2
2025-09-06 18:00:00,20,10.9,56,0,,84,11.9,,1021.5,,3
2025-09-06 19:00:00,18.4,12.2,67,0,,79,9.4,,1021.4,,3
2025-09-06 20:00:00,15.7,12.1,79,0,,83,10.1,,1021.9,,3
2025-09-06 21:00:00,14.4,11.5,83,0,,87,10.4,,1021.9,,3
2025-09-06 22:00:00,13.1,10.5,84,0,,76,11.2,,1021.5,,3
2025-09-06 23:00:00,12.7,9.9,83,0,,58,11.2,,1021.1,,3
2025-09-07 00:00:00,12.1,9.3,83,0,,44,9.7,,1020.9,,3
2025-09-07 01:00:00,11.5,8.9,84,0,,30,7.2,,1020.6,,3
2025-09-07 02:00:00,11,8.7,86,0,,7,4,,1020.5,,3
2025-09-07 03:00:00,10.3,8.4,88,0,,45,4.7,,1020.2,,3
2025-09-07 04:00:00,9.2,8,92,0,,157,6.5,,1020,,3
2025-09-07 05:00:00,8.3,7.5,95,0,,190,6.5,,1019.8,,3
2025-09-07 06:00:00,7.7,7.1,96,0,,200,6.5,,1019.7,,3
2025-09-07 07:00:00,7.3,6.7,96,0,,209,6.5,,1020,,3
2025-09-07 08:00:00,9.1,8.2,94,0,,225,7.6,,1019.9,,3
2025-09-07 09:00:00,11.8,9.4,85,0,,261,5.4,,1020.1,,3
2025-09-07 10:00:00,14.4,10.6,78,0,,250,3.6,,1019.8,,3
2025-09-07 11:00:00,17,11.7,71,0,,281,3.6,,1019,,3
2025-09-07 12:00:00,19.4,12.4,64,0,,33,3.6,,1018.7,,3
2025-09-07 13:00:00,21.8,12.9,57,0,,56,4.3,,1017.9,,3
2025-09-07 14:00:00,23.4,13,52,0,,61,5.4,,1017.1,,3
2025-09-07 15:00:00,24.2,12.8,49,0,,60,7.6,,1016.6,,3
2025-09-07 16:00:00,24.4,13,49,0,,62,7.9,,1016.1,,3
2025-09-07 17:00:00,24.2,13.1,50,0,,64,8.3,,1015.8,,3
2025-09-07 18:00:00,23,14.5,59,0,,60,9.4,,1015.6,,3
2025-09-07 19:00:00,21,15.5,71,0,,63,8.3,,1015.6,,3
2025-09-07 20:00:00,18,14.9,82,0,,90,7.6,,1015.7,,3
2025-09-07 21:00:00,16.5,14.1,86,0,,121,9,,1016.4,,3
2025-09-07 22:00:00,15.4,13.6,89,0,,158,8.3,,1016.9,,3
2025-09-07 23:00:00,14,12.7,92,0,,194,7.2,,1016.5,,1
2025-09-08 00:00:00,12.9,12,94,0,,203,7.2,,1016.7,,1
2025-09-08 01:00:00,12.1,11.5,96,0,,212,8.3,,1016.6,,1
2025-09-08 02:00:00,11.5,10.9,96,0,,220,9,,1016.5,,1
2025-09-08 03:00:00,11.4,10.5,94,0,,221,8.3,,1016.3,,1
2025-09-08 04:00:00,11.8,9.9,88,0,,214,7.2,,1016,,1
2025-09-08 05:00:00,12.4,9.6,83,0,,221,6.8,,1015.5,,3
2025-09-08 06:00:00,12.8,9.6,81,0,,246,6.8,,1015.2,,3
2025-09-08 07:00:00,12.2,9.6,84,0,,248,7.6,,1015.3,,2
2025-09-08 08:00:00,13.8,11,83,0,,251,9.4,,1015.7,,3
2025-09-08 09:00:00,16.4,12.4,77,0,,237,9.7,,1015.9,,3
2025-09-08 10:00:00,18.5,13.6,73,0,,240,9,,1016.3,,3
2025-09-08 11:00:00,20.7,14.6,68,0,,289,7.9,,1016.2,,3
2025-09-08 12:00:00,22.5,14.6,61,0,,323,7.9,,1016,,3
2025-09-08 13:00:00,23.3,14.8,59,0,,334,10.1,,1015.9,,3
2025-09-08 14:00:00,23.2,14.7,59,0.1,,351,7.6,,1015.7,,3
2025-09-08 15:00:00,22.8,15.1,62,1.6,,335,7.9,,1015.8,,3
2025-09-08 16:00:00,21.5,16.2,72,0.8,,328,9.4,,1016,,7
2025-09-08 17:00:00,20.6,16.6,78,0.1,,350,8.6,,1015.9,,7
2025-09-08 18:00:00,20.5,16.5,78,0,,22,8.3,,1015.9,,3
2025-09-08 19:00:00,18.7,17.5,93,0,,107,4.7,,1016,,3
2025-09-08 20:00:00,17.6,16.6,94,0,,99,4.3,,1016.2,,7
2025-09-08 21:00:00,17,16.2,95,0,,116,4,,1016.4,,3
2025-09-08 22:00:00,16.3,15.7,96,0,,315,5,,1016.7,,8
2025-09-08 23:00:00,15.4,15.1,98,0,,357,5.4,,1016.3,,3
2025-09-09 00:00:00,15.1,15.1,100,0,,121,3.6,,1015.8,,3
2025-09-09 01:00:00,14.8,14.8,100,0,,98,4,,1015.4,,5
2025-09-09 02:00:00,14.1,14.1,100,0,,137,3.2,,1014.9,,5
2025-09-09 03:00:00,13.8,13.8,100,0,,205,2.5,,1014.6,,5
2025-09-09 04:00:00,13.5,13.5,100,0,,246,1.8,,1013.9,,5
2025-09-09 05:00:00,13.8,13.6,99,0,,101,5,,1013.4,,5
2025-09-09 06:00:00,13.9,13.7,99,0,,185,4,,1013.3,,5
2025-09-09 07:00:00,14.1,13.9,99,0,,227,6.1,,1013.2,,7
2025-09-09 08:00:00,14.4,14.2,99,0,,221,6.1,,1013.2,,8
2025-09-09 09:00:00,14.7,14.5,99,2.2,,62,4.7,,1012.9,,9
2025-09-09 10:00:00,14.9,14.7,99,10.5,,333,6.1,,1012.8,,9
2025-09-09 11:00:00,15,15,100,2.7,,346,5,,1012.8,,9
2025-09-09 12:00:00,16.1,15.8,98,0.1,,251,16.6,,1013.3,,9
2025-09-09 13:00:00,16.9,15.1,89,0,,247,19.1,,1013.1,,8
2025-09-09 14:00:00,19.3,14.1,72,0,,268,20.9,,1013.1,,3
2025-09-09 15:00:00,18.5,12.9,70,0,,273,16.6,,1014.4,,3
2025-09-09 16:00:00,19.3,12.3,64,0,,275,13.7,,1014,,2
2025-09-09 17:00:00,19.5,11.5,60,0,,282,12.2,,1013.9,,2
2025-09-09 18:00:00,19.1,11.4,61,0,,291,10.1,,1014,,2
2025-09-09 19:00:00,17.7,12.8,73,0,,324,6.8,,1013.8,,2
2025-09-09 20:00:00,15.4,11.8,79,0,,350,5.4,,1014.4,,2
2025-09-09 21:00:00,14.3,11.6,84,0,,29,5,,1015,,2
2025-09-09 22:00:00,13.3,11.4,88,0,,84,4.7,,1015.1,,2
2025-09-09 23:00:00,12.5,10.9,90,0,,92,4.7,,1015.1,,1
2025-09-10 00:00:00,12.1,10.7,91,0,,119,3.6,,1014.6,,1
2025-09-10 01:00:00,11.5,9.9,90,0,,287,2.2,,1014.4,,2
2025-09-10 02:00:00,10.8,9.7,93,0,,354,2.5,,1014,,3
2025-09-10 03:00:00,10.5,9.6,94,0,,28,3.2,,1013.8,,3
2025-09-10 04:00:00,10.1,9.3,95,0,,21,3.2,,1013.2,,3
2025-09-10 05:00:00,9.8,9.2,96,0,,58,3.6,,1012.6,,3
2025-09-10 06:00:00,9.2,9.1,99,0.1,,188,4,,1012.4,,3
2025-09-10 07:00:00,9.1,9,99,0,,195,3.2,,1012.2,,5
2025-09-10 08:00:00,10.4,9.9,97,0,,221,3.6,,1012.2,,5
2025-09-10 09:00:00,12,10.9,93,0.2,,271,2.9,,1012.2,,5
2025-09-10 10:00:00,13.7,11.9,89,0.6,,271,2.9,,1012.2,,3
2025-09-10 11:00:00,13.2,12.3,94,0.9,,133,3.2,,1012.1,,3
2025-09-10 12:00:00,14,12.7,92,0.1,,77,4,,1011.7,,3
2025-09-10 13:00:00,15.4,13.1,86,0,,94,6.1,,1011.1,,3
2025-09-10 14:00:00,17.2,12.7,75,0,,95,6.8,,1010.1,,3
2025-09-10 15:00:00,17.7,12.4,71,0,,84,7.6,,1009.6,,3
2025-09-10 16:00:00,19,12.5,66,0,,91,6.1,,1008.6,,3
2025-09-10 17:00:00,18.6,12.1,66,0,,86,5.8,,1008.2,,17
2025-09-10 18:00:00,17.8,12.5,71,0,,75,5,,1008.3,,3
2025-09-10 19:00:00,16.4,13.9,85,0,,176,7.9,,1008.5,,3
2025-09-10 20:00:00,14.2,12.9,92,0,,214,7.6,,1008.7,,2
2025-09-10 21:00:00,13.3,12.4,94,0,,186,7.6,,1009.1,,1
2025-09-10 22:00:00,12.7,11.6,93,0,,199,9.4,,1009.1,,1
2025-09-10 23:00:00,12.3,11.2,93,0,,207,9.7,,1009.1,,1
2025-09-11 00:00:00,12.3,11.2,93,0,,214,11.5,,1009.1,,1
2025-09-11 01:00:00,12.3,11.2,93,0,,216,12.2,,1009.2,,1
2025-09-11 02:00:00,12.3,11,92,0,,219,13.3,,1009.1,,1
2025-09-11 03:00:00,12.2,10.9,92,0,,219,13.7,,1009.2,,1
2025-09-11 04:00:00,12,10.7,92,0,,214,13.7,,1008.8,,1
2025-09-11 05:00:00,12,10.6,91,0,,213,13.7,,1008.8,,1
2025-09-11 06:00:00,13,11.1,88,0,,215,15.1,,1008.8,,3
2025-09-11 07:00:00,12.1,10.7,91,0.1,,216,14.4,,1009.5,,3
2025-09-11 08:00:00,13.4,11.5,88,0.5,,220,18,,1010,,3
2025-09-11 09:00:00,15,12.3,84,0,,225,17.6,,1010.8,,2
2025-09-11 10:00:00,16.5,11.8,74,0,,227,19.8,,1011,,1
2025-09-11 11:00:00,17.5,10.8,65,0,,244,24.8,,1011.7,,1
2025-09-11 12:00:00,17.9,11,64,0,,244,25.2,,1012.3,,2
2025-09-11 13:00:00,17.4,10.5,64,0,,252,24.5,,1012.8,,17
2025-09-11 14:00:00,17.7,10.6,63,0,,247,23.4,,1013,,17
2025-09-11 15:00:00,17.9,10,60,0,,246,23,,1013,,17
2025-09-11 16:00:00,18,9.6,58,0,,244,21.2,,1013,,2
2025-09-11 17:00:00,18.3,8.3,52,0,,251,21.2,,1013,,3
2025-09-11 18:00:00,17.4,8.8,57,0,,250,18.7,,1013.5,,2
2025-09-11 19:00:00,16.2,9.1,63,0,,238,15.5,,1014,,2
2025-09-11 20:00:00,14.8,8.9,68,0,,230,15.5,,1014.6,,1
2025-09-11 21:00:00,14.3,9.1,71,0,,217,16.2,,1015.3,,2
2025-09-11 22:00:00,13.2,9.1,76,0,,205,13.3,,1015.3,,3
2025-09-11 23:00:00,12.9,9,77,0,,201,13.7,,1015.4,,1
2025-09-12 00:00:00,13,8.9,76,0,,208,14.8,,1015.3,,1
2025-09-12 01:00:00,12.9,8.8,76,0,,209,13.7,,1015.4,,1
2025-09-12 02:00:00,12.6,8.7,77,0,,207,14,,1015.5,,1
2025-09-12 03:00:00,12.1,8.6,79,0,,206,13.3,,1015.4,,17
2025-09-12 04:00:00,11.9,8.9,82,0,,211,11.9,,1015.5,,17
2025-09-12 05:00:00,12.4,9.9,85,0.3,,219,14.4,,1015.6,,8
2025-09-12 06:00:00,11.9,11.1,95,4,,232,12.6,,1016.3,,9
2025-09-12 07:00:00,12.1,11.2,94,0.4,,224,12.2,,1016.8,,8
2025-09-12 08:00:00,12.4,11.5,94,0.1,,224,13.7,,1017.5,,17
2025-09-12 09:00:00,13.4,11.8,90,0,,235,13.7,,1018.5,,3
2025-09-12 10:00:00,14.1,10.7,80,0,,237,14.8,,1019.3,,3
2025-09-12 11:00:00,15,9.6,70,0,,250,17.3,,1019.9,,2
2025-09-12 12:00:00,16.1,8.6,61,0,,252,17.6,,1019.8,,2
2025-09-12 13:00:00,16.9,8.1,56,0,,247,16.9,,1019.9,,2
2025-09-12 14:00:00,17.6,7.3,51,0,,248,16.6,,1019.8,,2
2025-09-12 15:00:00,18.1,7.2,49,0,,254,15.8,,1019.9,,2
2025-09-12 16:00:00,17.9,7.3,50,0,,257,15.8,,1019.8,,2
2025-09-12 17:00:00,17.5,7.5,52,0,,261,14.4,,1020,,2
2025-09-12 18:00:00,17.1,7.7,54,0,,256,11.5,,1019.8,,3
2025-09-12 19:00:00,15.6,8.6,63,0,,245,8.3,,1020.2,,3
2025-09-12 20:00:00,14.1,8.1,67,0,,230,8.3,,1020.9,,3
2025-09-12 21:00:00,12.2,8.1,76,0,,215,7.2,,1021.3,,3
2025-09-12 22:00:00,11.1,8.3,83,0,,195,5.4,,1021.4,,3
2025-09-12 23:00:00,10,8.3,89,0,,181,5,,1021.5,,3
2025-09-13 00:00:00,9,7.9,93,0,,189,6.8,,1021.1,,1
2025-09-13 01:00:00,8.4,7.6,95,0,,202,9,,1021,,1
2025-09-13 02:00:00,8.5,7.3,92,0,,207,9.7,,1020.8,,2
2025-09-13 03:00:00,8.9,7.2,89,0,,213,9,,1020.4,,3
2025-09-13 04:00:00,9.5,7.9,90,0,,213,9,,1020.2,,3
2025-09-13 05:00:00,9.9,8,88,0,,243,7.9,,1020.1,,3
2025-09-13 06:00:00,9.9,8,88,0,,242,8.3,,1020,,3
2025-09-13 07:00:00,9.3,7.6,89,0,,219,8.6,,1019.7,,3
2025-09-13 08:00:00,10.9,8.5,85,0,,216,9.7,,1019.9,,3
2025-09-13 09:00:00,13.1,9.3,78,0,,218,8.3,,1020.1,,2
2025-09-13 10:00:00,16,10.7,71,0,,194,7.6,,1019.7,,3
2025-09-13 11:00:00,18.1,10.5,61,0,,194,10.4,,1019.1,,3
2025-09-13 12:00:00,19.6,8.6,49,0,,215,13.3,,1018.3,,3
2025-09-13 13:00:00,20,8.3,47,0,,229,16.6,,1018.1,,3
2025-09-13 14:00:00,20,8.6,48,0,,224,15.5,,1017.6,,3
2025-09-13 15:00:00,20.5,8.5,46,0,,236,15.8,,1017.1,,3
2025-09-13 16:00:00,20,8,46,0,,251,19.8,,1016.9,,3
2025-09-13 17:00:00,19.6,8.3,48,0,,249,18,,1016.6,,3
2025-09-13 18:00:00,18.4,9.2,55,0,,246,13.7,,1016.5,,3
2025-09-13 19:00:00,16.7,9.6,63,0,,245,12.2,,1016.6,,3
2025-09-13 20:00:00,14.9,9.9,72,0,,238,9.7,,1017,,3
2025-09-13 21:00:00,14.3,9.9,75,0,,217,10.4,,1017.4,,3
2025-09-13 22:00:00,14.6,10.4,76,0,,204,10.8,,1017.4,,3
2025-09-13 23:00:00,14,10.8,81,0.1,,216,10.4,,1017.2,,7
2025-09-14 00:00:00,14.2,10.8,80,0,,229,12.2,,1017.1,,8
2025-09-14 01:00:00,13.4,11.3,87,0.2,,228,12.2,,1017,,9
2025-09-14 02:00:00,12.7,11.9,95,2.1,,212,12.6,,1016.8,,9
2025-09-14 03:00:00,12.5,11.6,94,0.5,,227,14,,1016.6,,8
2025-09-14 04:00:00,12.2,11.6,96,0.2,,223,13,,1016.5,,8
2025-09-14 05:00:00,12.3,11.4,94,4.8,,220,16.6,,1015.9,,8
2025-09-14 06:00:00,12.3,11.2,93,1.5,,224,20.2,,1015.8,,8
2025-09-14 07:00:00,11.8,10.5,92,0.2,,229,18.4,,1016.2,,8
2025-09-14 08:00:00,12.4,11.5,94,1.6,,235,18.7,,1017,,8
2025-09-14 09:00:00,13.1,12,93,9.8,,244,18,,1017.6,,7
2025-09-14 10:00:00,14.6,12.5,87,0.1,,240,19.1,,1017.9,,17
2025-09-14 11:00:00,15.1,11.9,81,6.1,,246,17.6,,1018.4,,17
2025-09-14 12:00:00,16.2,11.1,72,0.8,,254,18.4,,1018.5,,7
2025-09-14 13:00:00,16.7,11.2,70,0,,254,20.2,,1018.2,,17
2025-09-14 14:00:00,18,10.4,61,0.2,,263,18.7,,1017.9,,8
2025-09-14 15:00:00,18.5,9.8,57,0.1,,256,16.2,,1017.7,,7
2025-09-14 16:00:00,18.7,9.7,56,0.5,,255,15.5,,1017.4,,17
2025-09-14 17:00:00,18.7,10.8,60,0,,250,13.7,,1017,,3
2025-09-14 18:00:00,17.9,11.7,67,0,,255,8.6,,1017.1,,3
2025-09-14 19:00:00,16.9,12.8,77,0,,263,5,,1016.9,,3
2025-09-14 20:00:00,15.8,12,78,0,,168,5.4,,1016.8,,3
2025-09-14 21:00:00,15.6,12.2,80,0,,187,10.8,,1016.9,,3
2025-09-14 22:00:00,16,11.6,75,0,,210,13.7,,1017.1,,3
2025-09-14 23:00:00,16.6,11.1,70,0,,213,15.8,,1016.6,,3
2025-09-15 00:00:00,16.7,11.8,73,0,,226,18.7,,1016.3,,3
2025-09-15 01:00:00,17.5,13.2,76,0,,228,20.2,,1016.2,,3
2025-09-15 02:00:00,17.2,13.5,79,0,,224,19.8,,1016,,3
2025-09-15 03:00:00,17.7,13.8,78,0,,230,21.2,,1015.9,,3
2025-09-15 04:00:00,18.1,14.4,79,0,,232,22,,1015.4,,3
2025-09-15 05:00:00,18.1,14.4,79,0,,229,20.9,,1015.3,,3
2025-09-15 06:00:00,18,14.1,78,0,,228,21.2,,1014.8,,3
2025-09-15 07:00:00,18.2,14.5,79,0,,231,22.7,,1014.6,,3
2025-09-15 08:00:00,18.5,14.6,78,0,,232,23,,1014.9,,3
2025-09-15 09:00:00,19.1,14.8,76,0,,232,24.8,,1015.2,,3
2025-09-15 10:00:00,19.9,15.1,74,0,,236,24.8,,1015.3,,3
2025-09-15 11:00:00,21,15.8,72,0,,237,28.1,,1014.9,,3
2025-09-15 12:00:00,21.5,14.9,66,0,,237,25.9,,1015,,3
2025-09-15 13:00:00,22.4,14.2,60,0,,242,28.4,,1014.7,,2
2025-09-15 14:00:00,21.8,14.7,64,0,,243,28.8,,1014.9,,17
2025-09-15 15:00:00,20.7,15.5,72,0,,251,24.5,,1015.3,,17
2025-09-15 16:00:00,21,14.9,68,0,,244,28.4,,1014.8,,18
2025-09-15 17:00:00,20.3,15.1,72,0,,242,22.7,,1014.7,,17
2025-09-15 18:00:00,19.8,14.8,73,0.9,,246,24.5,,1015,,17
2025-09-15 19:00:00,17.6,14.9,84,0.6,,242,18,,1015.5,,18
2025-09-15 20:00:00,16.8,14.6,87,1.9,,250,17.6,,1016.1,,17
2025-09-15 21:00:00,16.3,14.3,88,0,,251,18,,1017.2,,3
2025-09-15 22:00:00,15.3,12.8,85,0,,253,19.8,,1018.1,,2
2025-09-15 23:00:00,14.3,11.3,82,0,,244,16.2,,1018.9,,2
2025-09-16 00:00:00,13.8,11.3,85,0,,230,15.8,,1019.2,,2
2025-09-16 01:00:00,13.7,11.2,85,0,,230,16.6,,1019.4,,2
2025-09-16 02:00:00,13.6,10.8,83,0,,226,16.9,,1019.6,,2
2025-09-16 03:00:00,13.4,10.6,83,0,,228,17.6,,1019.8,,3
2025-09-16 04:00:00,13,10.7,86,0,,235,17.6,,1020.3,,7
2025-09-16 05:00:00,12.4,10.1,86,0,,240,16.9,,1020.9,,7
2025-09-16 06:00:00,11.9,9.8,87,0,,232,16.2,,1021.2,,3
2025-09-16 07:00:00,12,9.2,83,0,,233,16.6,,1021.2,,3
2025-09-16 08:00:00,12.3,9.1,81,0,,234,16.9,,1021.7,,3
2025-09-16 09:00:00,13.1,9,76,0,,241,20.2,,1022,,3
2025-09-16 10:00:00,14,8.8,71,0,,247,22,,1022.3,,3
2025-09-16 11:00:00,14.9,8.1,64,0,,246,21.6,,1022.4,,3
2025-09-16 12:00:00,15.5,7.5,59,0,,253,23.8,,1021.7,,3
2025-09-16 13:00:00,16.1,7.1,55,0,,252,25.2,,1021.7,,3
2025-09-16 14:00:00,16.6,6.7,52,0,,253,24.8,,1021.6,,3
2025-09-16 15:00:00,16.8,5.7,48,0,,257,25.9,,1021.6,,3
2025-09-16 16:00:00,16.4,5.4,48,0,,259,24.1,,1021.6,,3
2025-09-16 17:00:00,16.5,5.1,47,0,,263,22.3,,1021.7,,3
2025-09-16 18:00:00,15.8,6.5,54,0,,260,18,,1021.9,,2
2025-09-16 19:00:00,14.8,6.6,58,0,,254,15.8,,1022.1,,3
2025-09-16 20:00:00,13.4,6.3,62,0,,251,15.8,,1022.8,,3
2025-09-16 21:00:00,12.9,6.5,65,0,,246,13,,1023.6,,3
2025-09-16 22:00:00,11.9,6.6,70,0,,241,12.2,,1024.2,,3
2025-09-16 23:00:00,10.9,6.8,76,0,,231,11.2,,1024.2,,2
2025-09-17 00:00:00,10.5,7,79,0,,233,10.8,,1024.2,,3
2025-09-17 01:00:00,10.3,7.2,81,0,,234,9.7,,1024.2,,3
2025-09-17 02:00:00,10.1,7,81,0,,226,10.1,,1024.5,,3
2025-09-17 03:00:00,9.8,7.1,83,0,,223,9.4,,1024.5,,3
2025-09-17 04:00:00,9.5,6.9,84,0,,217,9.7,,1024.2,,3
2025-09-17 05:00:00,9.2,6.8,85,0,,215,8.6,,1024.2,,3
2025-09-17 06:00:00,9.1,6.7,85,0,,210,8.3,,1024.1,,2
2025-09-17 07:00:00,8.9,6.7,86,0,,214,9,,1024.2,,2
2025-09-17 08:00:00,10.1,7.3,83,0,,220,9,,1024.7,,3
2025-09-17 09:00:00,12.2,8.5,78,0,,228,8.6,,1025.2,,3
2025-09-17 10:00:00,14.1,8.3,68,0,,233,12.6,,1025.4,,3
2025-09-17 11:00:00,15.6,7.9,60,0,,256,15.5,,1025.2,,3
2025-09-17 12:00:00,15.8,7.6,58,0,,256,14.4,,1025.4,,3
2025-09-17 13:00:00,16.1,7.6,57,0,,258,13.3,,1025.3,,3
2025-09-17 14:00:00,15.9,7.6,58,0,,253,12.2,,1025.4,,3
2025-09-17 15:00:00,15.8,8.3,61,0,,239,10.4,,1024.8,,3
2025-09-17 16:00:00,16.6,8.3,58,0,,244,10.8,,1024.2,,3
2025-09-17 17:00:00,17,8.4,57,0,,243,9,,1023.7,,2
2025-09-17 18:00:00,17.1,9.3,60,0,,250,8.6,,1023.5,,2
2025-09-17 19:00:00,15.5,9.8,69,0,,243,6.5,,1023.7,,1
2025-09-17 20:00:00,13.8,9,73,0,,232,7.9,,1024.1,,1
2025-09-17 21:00:00,12.8,9.1,78,0,,221,8.3,,1024.6,,1
2025-09-17 22:00:00,11.8,9,83,0,,203,7.2,,1024.7,,1
2025-09-17 23:00:00,11.7,9.1,84,0,,209,8.6,,1024.7,,1
2025-09-18 00:00:00,11.1,8.7,85,0,,215,8.6,,1024.7,,1
2025-09-18 01:00:00,10.9,8.5,85,0,,219,9.7,,1024.5,,1
2025-09-18 02:00:00,10.5,8.1,85,0,,229,9,,1024.7,,1
2025-09-18 03:00:00,10.2,7.8,85,0,,235,7.9,,1024.8,,1
2025-09-18 04:00:00,10.1,8,87,0,,213,7.2,,1024.8,,1
2025-09-18 05:00:00,9.9,7.7,86,0,,206,8.6,,1024.3,,1
2025-09-18 06:00:00,9.6,7.2,85,0,,212,7.9,,1024,,1
2025-09-18 07:00:00,9.3,6.7,84,0,,238,6.8,,1024.1,,1
2025-09-18 08:00:00,10.3,7.4,82,0,,244,8.3,,1024.5,,1
2025-09-18 09:00:00,13.1,8.8,75,0,,239,7.9,,1024.8,,1
2025-09-18 10:00:00,15.9,9.8,67,0,,250,4.3,,1025.1,,1
2025-09-18 11:00:00,18.7,11,61,0,,236,5,,1024.9,,1
2025-09-18 12:00:00,20.9,9.5,48,0,,231,6.5,,1024.8,,1
2025-09-18 13:00:00,22.2,8.7,42,0,,232,7.9,,1024.4,,1
2025-09-18 14:00:00,23.1,8.8,40,0,,236,9.7,,1024.3,,1
2025-09-18 15:00:00,23.7,8.1,37,0,,241,10.4,,1023.9,,1
2025-09-18 16:00:00,23.8,7.4,35,0,,240,11.5,,1023.9,,1
2025-09-18 17:00:00,23,8.7,40,0,,238,10.4,,1024,,1
2025-09-18 18:00:00,21.5,9.7,47,0,,239,10.4,,1024.3,,1
2025-09-18 19:00:00,18.9,9.7,55,0,,236,10.4,,1024.6,,1
2025-09-18 20:00:00,16.7,9.4,62,0,,236,8.3,,1025.1,,1
2025-09-18 21:00:00,14.7,9.9,73,0,,230,7.2,,1025.8,,1
2025-09-18 22:00:00,13.2,9.6,79,0,,223,6.1,,1026.4,,1
2025-09-18 23:00:00,12.2,9.2,82,0,,226,5.4,,1026.5,,1
2025-09-19 00:00:00,11.9,8.4,79,0,,232,4.7,,1026.6,,1
2025-09-19 01:00:00,11.6,7.9,78,0,,241,5,,1026.7,,1
2025-09-19 02:00:00,11.3,7.6,78,0,,255,5.8,,1026.6,,1
2025-09-19 03:00:00,10.7,7.4,80,0,,258,7.2,,1026.6,,1
2025-09-19 04:00:00,10.2,6.9,80,0,,250,7.9,,1026.6,,1
2025-09-19 05:00:00,9.5,5.7,77,0,,247,7.6,,1026.2,,1
2025-09-19 06:00:00,9.5,5.3,75,0,,248,7.9,,1025.8,,1
2025-09-19 07:00:00,9.4,4.8,73,0,,254,6.8,,1025.8,,1
2025-09-19 08:00:00,10.3,5.7,73,0,,260,7.6,,1025.7,,1
2025-09-19 09:00:00,12.3,7.4,72,0,,265,6.8,,1026.1,,1
2025-09-19 10:00:00,14.8,8.9,68,0,,303,4,,1026.3,,1
2025-09-19 11:00:00,18.1,10,59,0,,321,3.6,,1026.1,,1
2025-09-19 12:00:00,21,10.8,52,0,,339,3.2,,1025.5,,1
2025-09-19 13:00:00,23.5,11.5,47,0,,19,3.2,,1024.8,,1
2025-09-19 14:00:00,25.1,12.3,45,0,,57,3.6,,1024.3,,1
2025-09-19 15:00:00,25.8,13.6,47,0,,62,4,,1024,,1
2025-09-19 16:00:00,26.1,14.2,48,0,,58,4.3,,1023.3,,1
2025-09-19 17:00:00,25.8,14.9,51,0,,51,5,,1022.9,,1
2025-09-19 18:00:00,24.2,18.4,70,0,,48,4.3,,1023.1,,1
2025-09-19 19:00:00,21.3,16.9,76,0,,86,4.7,,1022.8,,1
2025-09-19 20:00:00,18.3,15.9,86,0,,130,8.3,,1023,,1
2025-09-19 21:00:00,16.2,14.6,90,0,,178,9.7,,1023.2,,1
2025-09-19 22:00:00,15.2,13.9,92,0,,218,9.4,,1023.5,,1
2025-09-19 23:00:00,14.4,13.3,93,0,,217,10.4,,1023.6,,1
2025-09-20 00:00:00,14.1,12.7,91,0,,220,10.1,,1023.6,,3
2025-09-20 01:00:00,13.7,11.9,89,0,,215,9.4,,1022.9,,3
2025-09-20 02:00:00,13.7,11.2,85,0,,224,8.6,,1022.6,,3
2025-09-20 03:00:00,13.8,10.6,81,0,,229,7.9,,1022.3,,3
2025-09-20 04:00:00,13.8,10,78,0,,223,7.9,,1021.7,,3
2025-09-20 05:00:00,13.9,9.7,76,0,,225,8.6,,1021.3,,3
2025-09-20 06:00:00,13.1,8.8,75,0,,226,9,,1020.9,,2
2025-09-20 07:00:00,13.4,9.1,75,0,,225,10.1,,1020.8,,2
2025-09-20 08:00:00,15,10,72,0,,226,10.4,,1020.5,,3
2025-09-20 09:00:00,18.2,11.7,66,0,,228,10.1,,1020.4,,1
2025-09-20 10:00:00,21.5,14.2,63,0,,236,9,,1019.9,,1
2025-09-20 11:00:00,23.5,15.3,60,0,,264,5,,1019.8,,1
2025-09-20 12:00:00,26.1,16.1,54,0,,236,6.1,,1019.1,,3
2025-09-20 13:00:00,27.9,15.2,46,0,,224,7.2,,1018.2,,1
2025-09-20 14:00:00,29,14,40,0,,242,6.8,,1017.3,,1
2025-09-20 15:00:00,29.5,14.1,39,0,,266,6.8,,1016.6,,1
2025-09-20 16:00:00,28.7,14.9,43,0,,271,14.4,,1016.8,,2
2025-09-20 17:00:00,26.9,13.6,44,0,,268,17.6,,1016.8,,3
2025-09-20 18:00:00,25.1,13.3,48,0,,253,15.8,,1016.6,,1
2025-09-20 19:00:00,23,13.5,55,0,,240,14,,1016.1,,1
2025-09-20 20:00:00,20.5,13.5,64,0,,204,11.5,,1016.3,,1
2025-09-20 21:00:00,19.1,12.8,67,0,,189,9.4,,1016.9,,1
2025-09-20 22:00:00,18.8,12.5,67,0,,205,10.8,,1016.8,,2
2025-09-20 23:00:00,19,12.7,67,0,,206,12.6,,1016.9,,3
2025-09-21 00:00:00,18.4,13,71,0,,216,10.4,,1016.4,,3
2025-09-21 01:00:00,17.8,13.1,74,0,,208,12.2,,1016.2,,3
2025-09-21 02:00:00,18.5,13.4,72,0,,214,13,,1015.9,,3
2025-09-21 03:00:00,19.2,13.8,71,0,,215,15.8,,1015.6,,3
2025-09-21 04:00:00,19.7,14.5,72,0,,202,15.5,,1014.8,,3
2025-09-21 05:00:00,19.1,14.1,73,0,,213,12.6,,1014.5,,3
2025-09-21 06:00:00,18.3,13.6,74,0,,226,12.2,,1014.6,,3
2025-09-21 07:00:00,16.9,13.6,81,0,,222,10.1,,1013.8,,3
2025-09-21 08:00:00,17.9,13.6,76,0,,229,10.1,,1013.8,,3
2025-09-21 09:00:00,19.4,13.8,70,0,,236,13.3,,1014.2,,3
2025-09-21 10:00:00,20.3,13.7,66,0,,210,10.8,,1014.2,,3
2025-09-21 11:00:00,21.3,13.2,60,0,,241,13,,1014.5,,3
2025-09-21 12:00:00,20.8,15.1,70,0,,239,9.4,,1014,,3
2025-09-21 13:00:00,22,14.4,62,0,,224,12.6,,1013.6,,3
2025-09-21 14:00:00,22.8,13,54,0,,257,14.4,,1013.2,,3
2025-09-21 15:00:00,21.7,13.6,60,0,,274,12.2,,1013.1,,3
2025-09-21 16:00:00,20.8,14.2,66,0,,295,9.7,,1013,,3
2025-09-21 17:00:00,17.9,14.4,80,0,,356,12.6,,1013.9,,3
2025-09-21 18:00:00,16.2,15.4,95,0,,2,13.7,,1014,,9
2025-09-21 19:00:00,15.4,14.9,97,0,,5,13.3,,1014.4,,8
2025-09-21 20:00:00,14.7,14.2,97,2.2,,1,13.7,,1015.1,,9
2025-09-21 21:00:00,13.9,13.6,98,7.9,,20,13,,1015.1,,8
2025-09-21 22:00:00,13.4,13.2,99,2.2,,359,11.2,,1015.3,,8
2025-09-21 23:00:00,13,12.8,99,1.5,,29,13.3,,1015.8,,8
2025-09-22 00:00:00,12.8,12.6,99,0.4,,360,13.7,,1016.1,,9
2025-09-22 01:00:00,12.4,12.1,98,0,,21,15.5,,1015.9,,9
2025-09-22 02:00:00,11.7,11.4,98,0.2,,22,14.8,,1016.1,,9
2025-09-22 03:00:00,11.6,11.3,98,0.7,,29,14,,1015.8,,8
2025-09-22 04:00:00,11.2,11,99,1.4,,28,14.4,,1014.8,,8
2025-09-22 05:00:00,11,10.7,98,0.9,,26,18.7,,1013.7,,9
2025-09-22 06:00:00,10.9,10.7,99,1,,25,17.3,,1014,,9
2025-09-22 07:00:00,10.9,10.6,98,4.7,,15,19.4,,1014,,9
2025-09-22 08:00:00,10.8,10.5,98,5.5,,15,22.3,,1014.4,,9
2025-09-22 09:00:00,10.5,10.2,98,5.6,,21,23.4,,1014.5,,9
2025-09-22 10:00:00,10.4,10.1,98,3,,25,24.1,,1015,,9
2025-09-22 11:00:00,10.4,9.9,97,4,,22,22.3,,1015.5,,9
2025-09-22 12:00:00,10.2,9.9,98,2.9,,21,19.8,,1016.1,,9
2025-09-22 13:00:00,10.2,9.7,97,1.5,,27,20.5,,1016.3,,9
2025-09-22 14:00:00,10.7,9.8,94,0.3,,20,16.2,,1015.2,,9
2025-09-22 15:00:00,10.7,9.5,92,0,,26,18.7,,1015.2,,8
2025-09-22 16:00:00,10.6,9.4,92,0.1,,25,19.1,,1015.3,,7
2025-09-22 17:00:00,10.4,9.5,94,0,,20,16.6,,1015.9,,7
2025-09-22 18:00:00,10,9.2,95,0.1,,13,14.4,,1016.3,,7
2025-09-22 19:00:00,10.2,8.3,88,0,,30,14,,1017.2,,8
2025-09-22 20:00:00,9.6,8.5,93,0.1,,31,13.7,,1018,,9
2025-09-22 21:00:00,9.2,8.1,93,0.4,,26,14.4,,1018.9,,8
2025-09-22 22:00:00,9.1,7.9,92,0.5,,23,13,,1019.7,,3
2025-09-22 23:00:00,8.9,7.7,92,0.7,,31,14,,1019.9,,3
2025-09-23 00:00:00,9.3,8.1,92,0.8,,35,13,,1019.9,,3
2025-09-23 01:00:00,9.2,8,92,0.4,,39,11.2,,1019.8,,3
2025-09-23 02:00:00,9.2,7.8,91,0.1,,40,10.1,,1019.9,,3
2025-09-23 03:00:00,9.2,7.8,91,0,,26,9.7,,1019.9,,3
2025-09-23 04:00:00,9.2,7.8,91,0,,27,10.4,,1019.7,,3
2025-09-23 05:00:00,9,7.6,91,0,,35,11.5,,1019.3,,3
2025-09-23 06:00:00,9,7.4,90,0,,33,12.2,,1019,,3
2025-09-23 07:00:00,8.9,7.5,91,0,,19,11.9,,1019.3,,7
2025-09-23 08:00:00,8.9,7.8,93,0,,24,13.3,,1019.3,,8
2025-09-23 09:00:00,8.9,8.1,95,0,,29,14.4,,1019.4,,8
2025-09-23 10:00:00,8.8,8.5,98,0,,33,16.6,,1019.7,,9
2025-09-23 11:00:00,9.3,8.1,92,0,,36,18.4,,1019.4,,8
2025-09-23 12:00:00,9.5,8.1,91,0,,33,19.4,,1019,,7
2025-09-23 13:00:00,10.1,8.2,88,0,,41,19.8,,1018.8,,3
2025-09-23 14:00:00,10.9,8.5,85,0,,31,15.5,,1017.8,,3
2025-09-23 15:00:00,12.1,9.1,82,0,,32,16.2,,1016.6,,3
2025-09-23 16:00:00,13.2,9.1,76,0,,53,20.5,,1015.9,,3
2025-09-23 17:00:00,13.1,9,76,0,,56,19.1,,1015.8,,3
2025-09-23 18:00:00,12.9,9,77,0.2,,58,13.7,,1016,,3
2025-09-23 19:00:00,12.1,9.7,85,0.2,,335,10.1,,1016.5,,9
2025-09-23 20:00:00,11.3,9.9,91,0.5,,30,13.3,,1017.5,,9
2025-09-23 21:00:00,11.2,9.6,90,0.4,,32,14.8,,1017.5,,8
2025-09-23 22:00:00,10.8,9.6,92,0.4,,39,17.3,,1017.7,,3
2025-09-23 23:00:00,10.4,9.3,93,2.5,,45,16.9,,1017.9,,3
2025-09-24 00:00:00,10,9.1,94,3.5,,39,14.8,,1018.2,,3
2025-09-24 01:00:00,9.8,9.3,97,3.3,,42,13,,1018.6,,3
2025-09-24 02:00:00,9.7,9.4,98,0.5,,36,13.7,,1018.1,,9
2025-09-24 03:00:00,9.7,9.2,97,0.7,,42,13.7,,1018.1,,7
2025-09-24 04:00:00,9.4,9.1,98,0.7,,35,13,,1018,,8
2025-09-24 05:00:00,9.5,9,97,0.3,,36,13.7,,1017.5,,3
2025-09-24 06:00:00,9.1,9,99,0.3,,42,14,,1017.2,,3
2025-09-24 07:00:00,9.3,9,98,0.3,,34,14,,1017,,3
2025-09-24 08:00:00,9.3,8.8,97,0.2,,40,14.4,,1017.1,,3
2025-09-24 09:00:00,9.3,8.8,97,0,,46,13.3,,1017.5,,9
2025-09-24 10:00:00,9.6,9.1,97,0,,39,13,,1017.8,,8
2025-09-24 11:00:00,9.7,9.4,98,0,,27,12.2,,1017.7,,8
2025-09-24 12:00:00,9.9,9.6,98,0,,25,12.2,,1017.9,,9
2025-09-24 13:00:00,9.9,9.6,98,0,,24,14,,1017.5,,9
2025-09-24 14:00:00,9.5,9.2,98,0,,20,14,,1017.3,,9
2025-09-24 15:00:00,10.4,8.8,90,0.1,,39,17.6,,1017,,7
2025-09-24 16:00:00,11.1,8.3,83,0.3,,38,15.5,,1016.7,,3
2025-09-24 17:00:00,10.4,8.7,89,1.1,,40,13.7,,1017.1,,8
2025-09-24 18:00:00,9.9,9.1,95,0.2,,25,12.2,,1017.6,,8
2025-09-24 19:00:00,9.6,9.1,97,0.1,,15,11.5,,1017.3,,9
2025-09-24 20:00:00,9.3,9.2,99,0,,350,11.5,,1017.2,,8
2025-09-24 21:00:00,9.3,9.2,99,0,,328,10.8,,1016.9,,9
2025-09-24 22:00:00,9.5,9.4,99,0,,320,9.7,,1016.9,,8
2025-09-24 23:00:00,9.6,9.5,99,0,,337,9.7,,1016.8,,9
2025-09-25 00:00:00,9.7,9.6,99,0.2,,304,7.2,,1016.6,,9
2025-09-25 01:00:00,9.6,9.5,99,0.4,,250,8.3,,1016.3,,8
2025-09-25 02:00:00,9.4,9.3,99,1.4,,243,4.7,,1017.6,,9
2025-09-25 03:00:00,9.4,9.3,99,2.4,,224,6.5,,1017.4,,9
2025-09-25 04:00:00,9.2,9.1,99,1.2,,227,7.2,,1017,,8
2025-09-25 05:00:00,9.1,8.8,98,0.2,,214,8.3,,1017,,7
2025-09-25 06:00:00,9,8.7,98,0,,217,10.8,,1017,,7
2025-09-25 07:00:00,8.7,8.4,98,0.3,,223,9.7,,1017.1,,8
2025-09-25 08:00:00,8.6,8.2,97,0,,217,8.6,,1017.5,,8
2025-09-25 09:00:00,8.9,8.4,97,0,,227,8.3,,1018,,8
2025-09-25 10:00:00,9.7,8.6,93,0,,233,8.3,,1018.3,,8
2025-09-25 11:00:00,10.8,8.4,85,0.2,,241,7.9,,1018.5,,3
2025-09-25 12:00:00,9.9,9,94,1.4,,229,8.3,,1018.2,,3
2025-09-25 13:00:00,10.2,9,92,0.9,,223,7.6,,1018.1,,8
2025-09-25 14:00:00,10.7,8.8,88,1,,253,8.6,,1018,,8
2025-09-25 15:00:00,10.8,8.7,87,0.6,,274,9,,1018.1,,8
2025-09-25 16:00:00,10.9,8.6,86,0.5,,276,7.2,,1018.3,,8
2025-09-25 17:00:00,10.2,9,92,0,,206,5.8,,1018.8,,7
2025-09-25 18:00:00,10.1,8.9,92,0,,185,5,,1019.1,,8
2025-09-25 19:00:00,9.2,8.4,95,0,,172,4,,1019.4,,7
2025-09-25 20:00:00,8.4,7.6,95,0,,172,4.3,,1019.8,,3
2025-09-25 21:00:00,8,7.2,95,0,,160,4,,1020.1,,3
2025-09-25 22:00:00,7.5,7.1,97,0,,169,3.2,,1020.2,,3
2025-09-25 23:00:00,7.1,6.7,97,0,,249,3.2,,1020.6,,3
2025-09-26 00:00:00,6.6,6.2,97,0,,41,4,,1020.9,,3
2025-09-26 01:00:00,6.2,5.8,97,0.1,,54,4.7,,1020.9,,3
2025-09-26 02:00:00,5.8,5.4,97,0,,37,5.8,,1021.1,,3
2025-09-26 03:00:00,5.4,5.1,98,0,,57,5.8,,1020.9,,3
2025-09-26 04:00:00,5.2,4.9,98,0,,79,4,,1020.9,,3
2025-09-26 05:00:00,5,4.7,98,0,,250,2.5,,1020.7,,3
2025-09-26 06:00:00,5,4.7,98,0,,273,2.9,,1020.9,,3
2025-09-26 07:00:00,5.8,5.5,98,0,,256,3.6,,1020.9,,3
2025-09-26 08:00:00,6.6,6.3,98,0,,43,7.9,,1020.9,,3
2025-09-26 09:00:00,7.4,6.8,96,0,,45,9.4,,1021.1,,5
2025-09-26 10:00:00,8.4,7.6,95,0,,43,10.1,,1021.3,,5
2025-09-26 11:00:00,9,8.2,95,0,,40,8.6,,1021.1,,5
2025-09-26 12:00:00,9.8,8.7,93,0,,42,10.1,,1021,,5
2025-09-26 13:00:00,11.9,9.6,86,0,,45,12.2,,1019.8,,5
2025-09-26 14:00:00,12.6,9.8,83,0,,45,14,,1019.4,,8
2025-09-26 15:00:00,12.9,9.7,81,0,,42,15.5,,1018.9,,8
2025-09-26 16:00:00,13,9.6,80,0,,39,13.7,,1018.9,,7
2025-09-26 17:00:00,13.2,9.4,78,0,,28,13,,1018.5,,7
2025-09-26 18:00:00,12.7,9.3,80,0,,28,10.4,,1018.9,,3
2025-09-26 19:00:00,11.6,9.3,86,0,,2,8.6,,1018.9,,7
2025-09-26 20:00:00,10.6,9.8,95,0,,324,5,,1019.7,,9
2025-09-26 21:00:00,10.4,9.9,97,0.1,,348,6.1,,1019.8,,9
2025-09-26 22:00:00,10.2,9.6,96,0.3,,319,4.7,,1020.1,,9
2025-09-26 23:00:00,8.8,8.5,98,0.4,,266,3.6,,1020.3,,8
2025-09-27 00:00:00,8.5,8.4,99,0,,237,2.2,,1020.5,,8
2025-09-27 01:00:00,8.7,8.4,98,0.2,,23,1.1,,1020.3,,7
2025-09-27 02:00:00,8.7,8.4,98,1.1,,234,2.9,,1020.5,,7
2025-09-27 03:00:00,8.2,7.9,98,0.9,,278,4.3,,1020.6,,7
2025-09-27 04:00:00,8.6,8.5,99,1.3,,211,5.4,,1020.7,,3
2025-09-27 05:00:00,8.7,8.6,99,0.1,,199,5.4,,1020.6,,8
2025-09-27 06:00:00,8.6,8.3,98,0,,188,6.8,,1020.7,,7
2025-09-27 07:00:00,8.7,8.4,98,0,,213,7.6,,1020.9,,3
2025-09-27 08:00:00,8.8,8.5,98,0,,237,8.6,,1021.5,,3
2025-09-27 09:00:00,9.5,8.9,96,0,,231,6.8,,1022,,8
2025-09-27 10:00:00,10.2,9,92,0,,197,5,,1022.5,,7
2025-09-27 11:00:00,11.1,9.2,88,0,,111,3.6,,1022.4,,3
2025-09-27 12:00:00,12.4,9.2,81,0,,98,3.2,,1022.3,,7
2025-09-27 13:00:00,13.4,8.9,74,0,,71,5,,1022,,7
2025-09-27 14:00:00,14.5,7.5,63,0,,42,4,,1021.4,,17
2025-09-27 15:00:00,14.6,7.9,64,0,,33,5.4,,1021.2,,3
2025-09-27 16:00:00,14.8,7.8,63,0,,27,7.2,,1021.3,,3
2025-09-27 17:00:00,14.1,8.5,69,0,,39,9.4,,1021.3,,3
2025-09-27 18:00:00,13.3,9.4,77,0,,55,7.9,,1021.6,,3
2025-09-27 19:00:00,12.1,9.7,85,0,,84,4,,1021.3,,3
2025-09-27 20:00:00,11.3,9.2,87,0,,105,2.9,,1022.1,,3
2025-09-27 21:00:00,11,9.3,89,0,,33,2.5,,1022.3,,3
2025-09-27 22:00:00,9.9,8.8,93,0,,334,3.6,,1022.6,,3
2025-09-27 23:00:00,9.2,8.4,95,0,,329,5.8,,1022.9,,3
2025-09-28 00:00:00,8.1,7.3,95,0,,8,5.8,,1023,,3
2025-09-28 01:00:00,7.4,7,97,0,,99,5.8,,1022.9,,1
2025-09-28 02:00:00,7.1,6.7,97,0,,108,6.1,,1022.4,,1
2025-09-28 03:00:00,6.8,6.4,97,0,,305,4.3,,1022.6,,1
2025-09-28 04:00:00,6.1,6,99,0,,290,2.9,,1022.7,,1
2025-09-28 05:00:00,6.8,6.8,100,0,,211,2.2,,1022.6,,2
2025-09-28 06:00:00,7.3,7.2,99,0,,236,2.2,,1022.8,,5
2025-09-28 07:00:00,7.4,7.4,100,0,,239,2.9,,1023,,5
2025-09-28 08:00:00,7.9,7.8,99,0,,217,2.9,,1023.2,,5
2025-09-28 09:00:00,9.1,8.8,98,0,,255,2.5,,1023.2,,5
2025-09-28 10:00:00,10.5,9.7,95,0,,76,5.8,,1022.6,,5
2025-09-28 11:00:00,11.8,9.7,87,0,,63,8.3,,1022.7,,5
2025-09-28 12:00:00,13.3,9.9,80,0,,57,8.3,,1022.3,,3
2025-09-28 13:00:00,14.8,9.8,72,0,,52,9,,1021.7,,3
2025-09-28 14:00:00,15.1,9.9,71,0,,34,12.2,,1021,,3
2025-09-28 15:00:00,15.1,9.9,71,0,,16,11.9,,1020.6,,3
2025-09-28 16:00:00,15.6,9.7,68,0,,31,11.5,,1020.3,,3
2025-09-28 17:00:00,15.5,9.6,68,0,,42,11.9,,1019.9,,3
2025-09-28 18:00:00,14.9,9.9,72,0,,39,10.1,,1020.2,,3
2025-09-28 19:00:00,13.3,9.5,78,0,,27,9,,1020.3,,3
2025-09-28 20:00:00,11.5,9.2,86,0,,19,9.7,,1020.9,,2
2025-09-28 21:00:00,10.5,8.6,88,0,,29,9.7,,1021.6,,1
2025-09-28 22:00:00,10,8.3,89,0,,48,6.8,,1021.8,,2
2025-09-28 23:00:00,9.5,8.1,91,0,,327,4,,1021.8,,2
2025-09-29 00:00:00,8.8,7.9,94,0,,326,2.9,,1021.8,,1
2025-09-29 01:00:00,7.4,7,97,0,,236,2.9,,1021.6,,1
2025-09-29 02:00:00,6.8,6.5,98,0,,222,2.9,,1021.6,,1
2025-09-29 03:00:00,6.3,5.9,97,0,,225,3.2,,1021.8,,1
2025-09-29 04:00:00,6,5.6,97,0,,221,4,,1021.8,,1
2025-09-29 05:00:00,5.7,5.3,97,0,,210,4.3,,1021.8,,2
2025-09-29 06:00:00,6.8,6.7,99,0,,197,4,,1021.9,,5
2025-09-29 07:00:00,7.2,7.1,99,0,,211,2.9,,1021.9,,5
2025-09-29 08:00:00,7.5,7.4,99,0,,241,3.2,,1022.4,,5
2025-09-29 09:00:00,8.7,8.3,97,0,,238,3.2,,1022.5,,5
2025-09-29 10:00:00,10.3,9.2,93,0,,286,3.6,,1022.8,,5
2025-09-29 11:00:00,11.5,9.4,87,0,,268,5,,1022.8,,3
2025-09-29 12:00:00,13.9,10.5,80,0,,270,5.4,,1022.1,,3
2025-09-29 13:00:00,15.4,10,70,0,,67,5,,1021.5,,2
2025-09-29 14:00:00,16.3,9.5,64,0,,41,4.7,,1020.9,,2
2025-09-29 15:00:00,16.4,9.3,63,0,,30,5.4,,1020.6,,3
2025-09-29 16:00:00,16.1,9.7,66,0,,51,7.2,,1020.8,,3
2025-09-29 17:00:00,15.5,9.8,69,0,,56,7.2,,1020.6,,3
2025-09-29 18:00:00,14.6,10.6,77,0,,58,5.8,,1021,,3
2025-09-29 19:00:00,12.3,10,86,0,,45,5.4,,1021.4,,3
2025-09-29 20:00:00,11.1,9.5,90,0,,27,5.4,,1021.8,,2
2025-09-29 21:00:00,10.4,9.2,92,0,,51,5,,1022.3,,3
2025-09-29 22:00:00,9.8,8.9,94,0,,312,4.7,,1022.4,,2
2025-09-29 23:00:00,8.8,8.3,97,0,,339,3.6,,1022.6,,7
2025-09-30 00:00:00,9,8.5,97,0,,203,2.2,,1022.5,,3
2025-09-30 01:00:00,8.6,8.3,98,0,,240,4.3,,1022.4,,3
2025-09-30 02:00:00,8,7.9,99,0,,231,6.1,,1022.5,,3
2025-09-30 03:00:00,8.2,7.9,98,0,,228,7.2,,1022.4,,5
2025-09-30 04:00:00,7.6,7.3,98,0,,235,5.8,,1021.8,,5
2025-09-30 05:00:00,7.9,7.6,98,0,,234,6.1,,1021.8,,3
2025-09-30 06:00:00,7.7,7.4,98,0,,226,5.8,,1021.8,,5
2025-09-30 07:00:00,8.5,8.4,99,0,,209,5.4,,1022,,7
2025-09-30 08:00:00,8.4,8.3,99,0,,213,5.4,,1022.4,,3
2025-09-30 09:00:00,9.7,9.1,96,0,,226,4.7,,1022.9,,3
2025-09-30 10:00:00,11.2,9.6,90,0,,299,6.5,,1023.2,,8
2025-09-30 11:00:00,12.3,10,86,0,,276,5,,1023.3,,3
2025-09-30 12:00:00,13.3,10.1,81,0,,348,7.9,,1023.2,,3
2025-09-30 13:00:00,13.5,9.5,77,0,,349,7.9,,1023.2,,3
2025-09-30 14:00:00,14.4,9.2,71,0,,346,8.6,,1023,,3
2025-09-30 15:00:00,14.8,8.7,67,0,,348,10.1,,1022.7,,7
2025-09-30 16:00:00,14.8,8.5,66,0,,355,9.4,,1022.8,,3
2025-09-30 17:00:00,14.2,8.8,70,0,,357,11.2,,1022.8,,3
2025-09-30 18:00:00,13.3,8.8,74,0,,6,11.5,,1023.3,,2
2025-09-30 19:00:00,11.1,8.5,84,0,,24,10.8,,1024.2,,2
2025-09-30 20:00:00,9.4,8.5,94,0,,50,7.2,,1024.8,,3
2025-09-30 21:00:00,8.5,7.6,94,0,,38,5.8,,1025.3,,2
2025-09-30 22:00:00,8.2,7.4,95,0,,2,5.8,,1025.5,,2
2025-09-30 23:00:00,7.6,7,96,0,,352,5.8,,1025.7,,2
2025-10-01 00:00:00,7.7,7.3,97,0,,24,5,,1025.9,,3
2025-10-01 01:00:00,8.1,7.8,98,0,,2,4,,1025.9,,3
2025-10-01 02:00:00,7.7,7.6,99,0,,337,3.6,,1025.9,,3
2025-10-01 03:00:00,6.9,6.9,100,0,,14,4.7,,1025.9,,3
2025-10-01 04:00:00,7.2,7.2,100,0,,35,5.4,,1025.9,,5
2025-10-01 05:00:00,7.4,7.4,100,0,,35,5.8,,1026.3,,5
2025-10-01 06:00:00,6.7,6.7,100,0,,25,5,,1026.5,,5
2025-10-01 07:00:00,6.6,6.5,99,0,,44,5.8,,1027.1,,5
2025-10-01 08:00:00,6.6,6.3,98,0,,52,5.4,,1027.8,,5
2025-10-01 09:00:00,7,6.6,97,0,,37,4.7,,1028.1,,5
2025-10-01 10:00:00,8.6,6.6,87,0,,29,5.4,,1028.3,,3
2025-10-01 11:00:00,10.3,7,80,0,,31,6.8,,1028.3,,2
2025-10-01 12:00:00,11.8,5.9,67,0,,52,10.1,,1027.9,,2
2025-10-01 13:00:00,12.6,5.3,61,0,,74,10.4,,1027.5,,2
2025-10-01 14:00:00,13.2,4.6,56,0,,59,11.2,,1027.3,,3
2025-10-01 15:00:00,13.3,4.2,54,0,,51,11.5,,1027.2,,3
2025-10-01 16:00:00,13.4,3.7,52,0,,54,11.9,,1027.1,,3
2025-10-01 17:00:00,13,2.8,50,0,,56,11.2,,1027.1,,2
2025-10-01 18:00:00,12,4.2,59,0,,46,8.6,,1027.5,,2
2025-10-01 19:00:00,9.5,3.9,68,0,,42,8.3,,1028,,2
2025-10-01 20:00:00,8.6,3.6,71,0,,52,9.4,,1028.4,,2
2025-10-01 21:00:00,7.9,3.6,74,0,,73,10.1,,1028.8,,3
2025-10-01 22:00:00,6.8,3.1,77,0,,88,11.2,,1029.2,,2
2025-10-01 23:00:00,5.6,2.8,82,0,,89,10.1,,1029.3,,1
2025-10-02 00:00:00,4.9,2.4,84,0,,81,8.3,,1029.2,,1
2025-10-02 01:00:00,4.4,1.9,84,0,,67,7.6,,1029.1,,1
2025-10-02 02:00:00,3.8,1.7,86,0,,59,6.5,,1029.1,,1
2025-10-02 03:00:00,3.3,1.7,89,0,,65,6.5,,1028.9,,1
2025-10-02 04:00:00,3,1.7,91,0,,56,6.1,,1028.9,,1
2025-10-02 05:00:00,2.5,1.5,93,0,,55,6.1,,1028.8,,1
2025-10-02 06:00:00,2.2,1.3,94,0,,51,6.5,,1028.8,,1
2025-10-02 07:00:00,1.8,1.1,95,0,,48,6.5,,1029.1,,1
2025-10-02 08:00:00,2.1,1.5,96,0,,60,7.9,,1029.5,,1
2025-10-02 09:00:00,4.2,2.9,91,0,,34,8.3,,1030.2,,1
2025-10-02 10:00:00,6.9,3.9,81,0,,35,7.2,,1030,,1
2025-10-02 11:00:00,9.3,4.5,72,0,,60,11.2,,1029.2,,1
2025-10-02 12:00:00,11,4.5,64,0,,77,11.5,,1028.8,,1
2025-10-02 13:00:00,12,4,58,0,,78,10.8,,1028.2,,1
2025-10-02 14:00:00,12.7,3.9,55,0,,71,10.8,,1027.7,,1
2025-10-02 15:00:00,12.9,3.8,54,0,,68,11.9,,1027.1,,1
2025-10-02 16:00:00,12.9,3.5,53,0,,76,12.2,,1026.7,,1
2025-10-02 17:00:00,12.6,3.3,53,0,,84,11.5,,1026.4,,1
2025-10-02 18:00:00,11.5,4,60,0,,88,9.4,,1026.6,,1
2025-10-02 19:00:00,8.5,3.5,71,0,,79,7.2,,1026.6,,1
2025-10-02 20:00:00,7.6,2.9,72,0,,91,9.4,,1027,,1
2025-10-02 21:00:00,6.5,2.6,76,0,,98,9,,1027.3,,1
2025-10-02 22:00:00,5.2,2.4,82,0,,95,9.7,,1027.3,,1
2025-10-02 23:00:00,4.7,1.9,82,0,,82,9,,1027,,1
2025-10-03 00:00:00,4.4,1.6,82,0,,84,9,,1026.6,,1
2025-10-03 01:00:00,4,1.2,82,0,,65,7.6,,1026.2,,1
2025-10-03 02:00:00,3.4,1,84,0,,60,9,,1025.9,,1
2025-10-03 03:00:00,3.1,0.7,84,0,,59,12.2,,1025.1,,1
2025-10-03 04:00:00,3,0.4,83,0,,26,11.2,,1024.5,,1
2025-10-03 05:00:00,2.5,0.2,85,0,,349,6.8,,1024.8,,3
2025-10-03 06:00:00,1.8,-0.1,87,0,,322,3.2,,1024.7,,3
2025-10-03 07:00:00,1.6,-0.3,87,0,,128,4,,1024.4,,3
2025-10-03 08:00:00,1.3,-0.2,90,0,,169,6.8,,1024,,3
2025-10-03 09:00:00,3.8,2.3,90,0,,259,5.4,,1024.6,,3
2025-10-03 10:00:00,6.7,3.3,79,0,,316,4.3,,1024.7,,3
2025-10-03 11:00:00,8.8,3.2,68,0,,326,6.1,,1023.7,,3
2025-10-03 12:00:00,9.6,3.6,66,0,,300,4.3,,1023.6,,3
2025-10-03 13:00:00,11.4,4.1,61,0,,141,7.2,,1022.6,,3
2025-10-03 14:00:00,12.9,4.3,56,0,,132,7.2,,1021.5,,3
2025-10-03 15:00:00,13.5,4.6,55,0,,91,5,,1021.2,,3
2025-10-03 16:00:00,13.1,4.8,57,0,,47,4.7,,1020.5,,3
2025-10-03 17:00:00,12.4,7.1,70,0,,13,5.4,,1019.8,,3
2025-10-03 18:00:00,11.9,8,77,0,,11,4.3,,1019.6,,3
2025-10-03 19:00:00,10,7.1,82,0,,147,5.8,,1019.2,,3
2025-10-03 20:00:00,8.9,6.3,84,0,,177,7.2,,1019.3,,3
2025-10-03 21:00:00,8.3,6.3,87,0,,175,7.9,,1019.4,,3
2025-10-03 22:00:00,8.3,6.1,86,0,,207,8.6,,1019.1,,3
2025-10-03 23:00:00,7.6,5.1,84,0,,212,9.7,,1019,,3
2025-10-04 00:00:00,8.2,4.2,76,0,,205,10.8,,1018.4,,3
2025-10-04 01:00:00,8.7,2.5,65,0,,221,12.6,,1016.9,,3
2025-10-04 02:00:00,9.8,2.4,60,0,,217,13.3,,1016.3,,3
2025-10-04 03:00:00,10.2,2.8,60,0,,206,13.7,,1015.4,,3
2025-10-04 04:00:00,10.5,4.2,65,0,,207,16.9,,1014.4,,7
2025-10-04 05:00:00,11.4,4.6,63,0.1,,214,19.1,,1013.4,,3
2025-10-04 06:00:00,11.6,5.7,67,0.1,,215,20.9,,1011.9,,3
2025-10-04 07:00:00,12.7,7.2,69,0,,220,22,,1011.1,,3
2025-10-04 08:00:00,13.7,8.5,71,0,,213,22.7,,1009.9,,3
2025-10-04 09:00:00,14.6,9.8,73,0,,220,23.4,,1008.9,,3
2025-10-04 10:00:00,16.2,11.1,72,0,,221,25.2,,1008,,3
2025-10-04 11:00:00,17.2,12.3,73,0,,218,21.2,,1006.7,,3
2025-10-04 12:00:00,17.6,12.3,71,0,,225,27.4,,1005.6,,3
2025-10-04 13:00:00,18,12.2,69,0,,224,34.9,,1004.2,,3
2025-10-04 14:00:00,18.2,12.4,69,0,,230,33.8,,1003.5,,7
2025-10-04 15:00:00,16.7,13,79,0.3,,242,31.7,,1003.5,,8
2025-10-04 16:00:00,13.6,12.3,92,3.5,,287,32.8,,1004.8,,8
2025-10-04 17:00:00,11.4,9,85,0.1,,266,24.1,,1006.8,,8
2025-10-04 18:00:00,11,8.4,84,0,,257,22,,1008,,8
2025-10-04 19:00:00,10.3,7.9,85,0,,252,20.9,,1008.6,,2
2025-10-04 20:00:00,9.9,7.5,85,0.1,,249,21.6,,1010.4,,3
2025-10-04 21:00:00,9.2,6.8,85,0.2,,244,22,,1012,,3
2025-10-04 22:00:00,8.7,6.3,85,1.1,,240,23,,1013.2,,3
2025-10-04 23:00:00,8.7,6,83,0,,238,23.4,,1013.4,,3
2025-10-05 00:00:00,8.4,5.7,83,0.3,,237,20.5,,1013.8,,3
2025-10-05 01:00:00,8.2,5.1,81,1.3,,240,19.1,,1014.1,,2
2025-10-05 02:00:00,8,4.9,81,0,,238,20.5,,1014.3,,3
2025-10-05 03:00:00,7.8,4.7,81,0,,244,22.7,,1014.2,,3
2025-10-05 04:00:00,8,4.6,79,0,,245,21.6,,1013.9,,3
2025-10-05 05:00:00,7.8,4.6,80,0,,242,20.5,,1014.2,,3
2025-10-05 06:00:00,8.2,4.8,79,0,,238,20.9,,1014.5,,3
2025-10-05 07:00:00,8,4.8,80,0,,232,19.8,,1014.7,,3
2025-10-05 08:00:00,8,4.9,81,0,,232,19.8,,1015.2,,3
2025-10-05 09:00:00,8.3,5.1,80,0,,234,22.3,,1015.8,,3
2025-10-05 10:00:00,8.9,5.1,77,0,,244,25.2,,1016.4,,3
2025-10-05 11:00:00,9.5,5.5,76,0,,247,24.5,,1016.6,,8
2025-10-05 12:00:00,9.9,5.3,73,0.1,,246,27,,1016.8,,3
2025-10-05 13:00:00,9.4,5.8,78,0,,243,24.5,,1016.7,,3
2025-10-05 14:00:00,10.2,5.4,72,0,,250,24.5,,1016.7,,17
2025-10-05 15:00:00,10.9,5.2,68,0.3,,254,24.5,,1016.6,,17
2025-10-05 16:00:00,10.2,5.6,73,0,,261,24.8,,1017.4,,17
2025-10-05 17:00:00,9.7,5.7,76,0,,255,22.3,,1017.5,,17
2025-10-05 18:00:00,9.3,5.3,76,0,,247,20.5,,1018.2,,2
2025-10-05 19:00:00,8.4,5.3,81,0,,240,19.4,,1019,,2
2025-10-05 20:00:00,8.3,5.4,82,0.6,,244,18,,1020.3,,3
2025-10-05 21:00:00,8,5.8,86,0.1,,246,16.9,,1021.1,,8
2025-10-05 22:00:00,7.7,5.3,85,0.3,,233,18.4,,1021.7,,8
2025-10-05 23:00:00,7.5,5,84,0,,236,17.6,,1022.3,,3
2025-10-06 00:00:00,7.5,5,84,0,,238,17.6,,1022.8,,3
2025-10-06 01:00:00,7.1,4.8,85,0,,238,16.9,,1022.9,,3
2025-10-06 02:00:00,7.3,4.6,83,0,,238,16.6,,1023.2,,3
2025-10-06 03:00:00,7.1,5.1,87,0,,238,15.8,,1023.8,,3
2025-10-06 04:00:00,7.4,5,85,0,,242,16.2,,1023.7,,3
2025-10-06 05:00:00,7.3,4.9,85,0,,243,15.8,,1024,,3
2025-10-06 06:00:00,7.3,5.1,86,0,,244,15.5,,1024.2,,3
2025-10-06 07:00:00,7.3,5.3,87,0,,245,15.1,,1024.8,,3
2025-10-06 08:00:00,7,5.3,89,0.1,,239,15.1,,1025.4,,3
2025-10-06 09:00:00,8.2,5.7,84,0,,244,17.3,,1025.9,,3
2025-10-06 10:00:00,9.2,6.1,81,0,,242,19.4,,1026.4,,3
2025-10-06 11:00:00,10.1,6.4,78,0,,246,19.8,,1026.4,,3
2025-10-06 12:00:00,10.5,6.3,75,0,,258,20.5,,1026.5,,3
2025-10-06 13:00:00,11.4,5.9,69,0,,256,18,,1026.2,,3
2025-10-06 14:00:00,12.9,5.3,60,0,,260,19.4,,1025.7,,3
2025-10-06 15:00:00,12.8,5.2,60,0,,261,17.3,,1025.4,,3
2025-10-06 16:00:00,12.7,5.8,63,0,,266,15.8,,1025.3,,3
2025-10-06 17:00:00,12.5,6.3,66,0,,266,15.5,,1025.5,,3
2025-10-06 18:00:00,11.1,6.8,75,0,,252,13,,1025.9,,3
2025-10-06 19:00:00,10.1,7.5,84,0.3,,242,11.9,,1026.3,,8
2025-10-06 20:00:00,9.6,7.9,89,0.3,,231,11.9,,1026.9,,7
2025-10-06 21:00:00,9.5,8.1,91,0.1,,225,11.9,,1027.2,,3
2025-10-06 22:00:00,9.5,8.1,91,0,,223,12.2,,1027.2,,3
2025-10-06 23:00:00,9.3,6.9,85,0,,224,10.8,,1027.7,,3
2025-10-07 00:00:00,9.2,7.3,88,0.1,,222,10.4,,1027.5,,7
2025-10-07 01:00:00,9.1,7.5,90,0.1,,223,10.4,,1027.3,,3
2025-10-07 02:00:00,9.2,7.6,90,0,,225,10.1,,1027.2,,3
2025-10-07 03:00:00,9.3,7.7,90,0,,227,9,,1027.1,,3
2025-10-07 04:00:00,9.4,8.2,92,0,,233,10.4,,1026.7,,3
2025-10-07 05:00:00,9.4,8.2,92,0,,237,9.4,,1026.6,,3
2025-10-07 06:00:00,9.5,8.3,92,0,,235,8.3,,1026.7,,3
2025-10-07 07:00:00,9.5,8.3,92,0,,226,8.3,,1026.8,,3
2025-10-07 08:00:00,9.6,8.4,92,0,,225,8.3,,1026.9,,3
2025-10-07 09:00:00,10,8.8,92,0,,222,7.9,,1027.4,,3
2025-10-07 10:00:00,10.8,8.9,88,0,,224,7.2,,1027.5,,3
2025-10-07 11:00:00,11.7,9.1,84,0,,235,6.5,,1027.5,,3
2025-10-07 12:00:00,12.8,9.2,79,0,,252,5.8,,1027.1,,3
2025-10-07 13:00:00,13.2,9.3,77,0,,263,4.7,,1027,,3
2025-10-07 14:00:00,13.8,9.4,75,0,,297,4,,1026.5,,3
2025-10-07 15:00:00,13.8,9.6,76,0,,339,5,,1026.2,,3
2025-10-07 16:00:00,14.2,9.8,75,0,,357,5,,1026,,3
2025-10-07 17:00:00,14.2,9.8,75,0,,38,4.7,,1025.7,,3
2025-10-07 18:00:00,13.7,10.9,83,0,,113,4,,1025.7,,3
2025-10-07 19:00:00,11.3,9.2,87,0,,109,5.4,,1025.6,,3
2025-10-07 20:00:00,10.1,8.7,91,0,,116,5.4,,1025.7,,1
2025-10-07 21:00:00,9.4,8.2,92,0,,120,4,,1025.5,,1
2025-10-07 22:00:00,8.7,7.6,93,0,,131,3.2,,1025.2,,2
2025-10-07 23:00:00,7.9,7.3,96,0,,155,4.7,,1025.2,,1
2025-10-08 00:00:00,6.8,6.5,98,0,,201,5.4,,1025.1,,1
2025-10-08 01:00:00,6.3,6.2,99,0,,187,4.3,,1024.7,,3
2025-10-08 02:00:00,6.1,6,99,0,,295,4,,1024.4,,5
2025-10-08 03:00:00,6.2,6.1,99,0,,230,2.9,,1024.4,,5
2025-10-08 04:00:00,5.8,5.7,99,0,,230,2.2,,1023.9,,5
2025-10-08 05:00:00,5.8,5.5,98,0,,185,2.5,,1023.8,,5
2025-10-08 06:00:00,5.4,5.1,98,0,,194,3.2,,1023.3,,5
2025-10-08 07:00:00,5.4,5.1,98,0,,217,4.3,,1023.2,,5
2025-10-08 08:00:00,5.2,5.1,99,0,,256,5,,1023.3,,5
2025-10-08 09:00:00,7.2,6.6,96,0,,262,4.7,,1023.3,,5
2025-10-08 10:00:00,9.6,8.4,92,0,,253,4,,1023.3,,5
2025-10-08 11:00:00,12.2,9.4,83,0,,292,2.9,,1023.2,,3
2025-10-08 12:00:00,14.2,9.8,75,0,,304,2.9,,1022.5,,3
2025-10-08 13:00:00,15.8,10.8,72,0,,23,2.2,,1021.5,,2
2025-10-08 14:00:00,16.8,11.1,69,0,,12,4,,1020.9,,2
2025-10-08 15:00:00,17.3,11.1,67,0,,24,5.8,,1020.2,,2
2025-10-08 16:00:00,17.4,11.2,67,0,,29,6.1,,1019.8,,1
2025-10-08 17:00:00,17,11.3,69,0,,39,7.6,,1019.9,,1
2025-10-08 18:00:00,15.5,12.1,80,0,,63,6.8,,1020.2,,1
2025-10-08 19:00:00,12.7,10.6,87,0,,59,6.8,,1020.7,,1
2025-10-08 20:00:00,11.8,9.9,88,0,,27,5.4,,1021.2,,2
2025-10-08 21:00:00,11.1,9.5,90,0,,3,5.8,,1021.5,,2
2025-10-08 22:00:00,10.5,9.4,93,0,,35,5.4,,1022,,3
2025-10-08 23:00:00,10.1,9.3,95,0,,336,7.6,,1022.5,,3
2025-10-09 00:00:00,9.9,9.4,97,0,,327,6.1,,1022.8,,3
2025-10-09 01:00:00,10.6,9.8,95,0,,307,4.7,,1022.8,,3
2025-10-09 02:00:00,10.5,9.7,95,0,,251,3.2,,1022.8,,3
2025-10-09 03:00:00,10.5,9.9,96,0,,240,3.2,,1022.7,,3
2025-10-09 04:00:00,10.5,9.9,96,0,,279,5.8,,1022.6,,3
2025-10-09 05:00:00,10.6,9.8,95,0,,324,6.5,,1022.6,,3
2025-10-09 06:00:00,10.9,10.1,95,0,,356,6.1,,1022.8,,3
2025-10-09 07:00:00,10.9,10.3,96,0.3,,9,6.1,,1023.2,,3
2025-10-09 08:00:00,11,10.4,96,0.1,,12,5.8,,1023.6,,3
2025-10-09 09:00:00,11.4,10.6,95,0.1,,25,5.8,,1024.1,,3
2025-10-09 10:00:00,12.1,10.8,92,0,,19,7.6,,1024.5,,3
2025-10-09 11:00:00,12.9,10.8,87,0.2,,15,7.2,,1024.8,,3
2025-10-09 12:00:00,14.4,10.4,77,0.1,,359,7.2,,1024.7,,3
2025-10-09 13:00:00,15.2,9.8,70,0,,344,8.3,,1024.5,,3
2025-10-09 14:00:00,15.8,9.2,65,0,,345,8.6,,1024.2,,2
2025-10-09 15:00:00,16,9,63,0,,354,9.7,,1024.1,,2
2025-10-09 16:00:00,15.7,8.7,63,0,,7,10.4,,1024.6,,3
2025-10-09 17:00:00,15,8.7,66,0,,15,10.8,,1025.1,,3
2025-10-09 18:00:00,14.2,9.6,74,0,,20,9.4,,1025.6,,3
2025-10-09 19:00:00,11.5,8.9,84,0,,34,5.4,,1026.1,,2
2025-10-09 20:00:00,10.8,8.7,87,0,,41,4.7,,1026.5,,2
2025-10-09 21:00:00,9.8,8.4,91,0,,5,6.5,,1027.5,,1
2025-10-09 22:00:00,9.5,8.3,92,0,,332,6.5,,1027.8,,2
2025-10-09 23:00:00,8.7,7.8,94,0,,334,7.9,,1028.6,,2
2025-10-10 00:00:00,8.4,7.8,96,0,,342,8.6,,1029.2,,2
2025-10-10 01:00:00,7.8,7.4,97,0,,357,6.8,,1029.6,,2
2025-10-10 02:00:00,7,6.6,97,0,,352,5.4,,1029.9,,2
2025-10-10 03:00:00,6.4,6.1,98,0,,240,2.5,,1030,,5
2025-10-10 04:00:00,6.2,6.2,100,0,,230,2.9,,1030.1,,5
2025-10-10 05:00:00,6.4,6.4,100,0,,208,3.6,,1030.3,,5
2025-10-10 06:00:00,6.3,6.3,100,0,,212,3.2,,1030.7,,5
2025-10-10 07:00:00,6.2,6.1,99,0,,230,1.8,,1031.5,,5
2025-10-10 08:00:00,6.5,6.4,99,0,,200,4.3,,1031.8,,5
2025-10-10 09:00:00,7.3,6.9,97,0,,223,5,,1032.2,,5
2025-10-10 10:00:00,8.2,7.3,94,0,,243,3.6,,1032.7,,5
2025-10-10 11:00:00,10,7.9,87,0,,223,3.2,,1032.6,,3
2025-10-10 12:00:00,12.1,8.4,78,0,,353,4,,1032.4,,3
2025-10-10 13:00:00,13.6,8.4,71,0,,23,5.4,,1032.1,,2
2025-10-10 14:00:00,14.7,8.9,68,0,,37,6.1,,1031.6,,3
2025-10-10 15:00:00,15.8,8.5,62,0,,39,7.2,,1031.4,,3
2025-10-10 16:00:00,15.7,8.7,63,0,,36,9.4,,1031.4,,3
2025-10-10 17:00:00,14.7,8.9,68,0,,34,10.8,,1031.6,,3
2025-10-10 18:00:00,13.1,9,76,0,,44,10.1,,1032.4,,1
2025-10-10 19:00:00,10.4,8.5,88,0,,63,8.6,,1032.9,,1
2025-10-10 20:00:00,9.5,8.3,92,0,,34,6.1,,1031.5,,1
2025-10-10 21:00:00,8.7,7.3,91,0,,75,5.4,,1033.2,,1
2025-10-10 22:00:00,8.1,7,93,0,,83,5,,1033.5,,1
2025-10-10 23:00:00,7.9,6.8,93,0,,87,4.3,,1033.8,,1
2025-10-11 00:00:00,7.6,6.7,94,0,,98,4,,1033.8,,2
2025-10-11 01:00:00,7.3,6.4,94,0,,96,4,,1033.8,,2
2025-10-11 02:00:00,6.4,6,97,0,,338,0.7,,1032,,2
2025-10-11 03:00:00,6.5,5.9,96,0,,12,2.9,,1033.8,,1
2025-10-11 04:00:00,6,5.7,98,0,,62,2.5,,1033.6,,1
2025-10-11 05:00:00,5.7,5.4,98,0,,134,2.9,,1033.7,,3
2025-10-11 06:00:00,5.3,5,98,0,,158,3.2,,1033.7,,5
2025-10-11 07:00:00,5,4.9,99,0,,180,2.9,,1033.8,,5
2025-10-11 08:00:00,4.7,4.6,99,0,,230,2.2,,1030.9,,5
2025-10-11 09:00:00,8.3,7.2,93,0,,303,5,,1034.1,,3
2025-10-11 10:00:00,10.3,7.9,85,0,,12,5.8,,1034.2,,3
2025-10-11 11:00:00,12.2,7.9,75,0,,56,8.3,,1033.8,,3
2025-10-11 12:00:00,13.4,8,70,0,,67,9.4,,1033.6,,3
2025-10-11 13:00:00,14.5,8.2,66,0,,55,9.4,,1033.1,,3
2025-10-11 14:00:00,13.9,8.9,72,0,,45,4.7,,1029,,3
2025-10-11 15:00:00,15.1,8.8,66,0,,47,9.7,,1031.7,,3
2025-10-11 16:00:00,15,8.9,67,0,,42,10.4,,1031.4,,1
2025-10-11 17:00:00,14.7,8.9,68,0,,39,9.7,,1031.2,,1
2025-10-11 18:00:00,13.1,9.5,79,0,,33,6.8,,1031,,1
2025-10-11 19:00:00,10.4,8.2,86,0,,26,6.5,,1030.6,,1
2025-10-11 20:00:00,10,8.6,91,0,,81,4.3,,1026.9,,1
2025-10-11 21:00:00,9,7.6,91,0,,34,8.6,,1031.5,,1
2025-10-11 22:00:00,8.3,7.2,93,0,,57,8.3,,1031.9,,2
2025-10-11 23:00:00,8,6.9,93,0,,64,6.8,,1032,,2
2025-10-12 00:00:00,8.1,7.2,94,0,,35,5.4,,1032.1,,3
2025-10-12 01:00:00,7.5,6.8,95,0,,4,4.3,,1031.7,,3
2025-10-12 02:00:00,8.1,7.5,96,0,,259,1.1,,1025.8,,1
2025-10-12 03:00:00,6.1,5.8,98,0,,72,4,,1031.1,,2
2025-10-12 04:00:00,5.5,5.2,98,0,,192,3.6,,1030.5,,3
2025-10-12 05:00:00,4.8,4.7,99,0,,211,2.9,,1030.2,,5
2025-10-12 06:00:00,6.5,5.8,95,0,,13,4,,1029.9,,5
2025-10-12 07:00:00,5.9,5.5,97,0,,352,4.7,,1029.8,,3
2025-10-12 08:00:00,8.7,8.3,97,0,,294,1.1,,1023.9,,5
2025-10-12 09:00:00,7.6,7,96,0,,331,3.6,,1030.3,,5
2025-10-12 10:00:00,9.2,8.3,94,0,,14,4.7,,1030.4,,5
2025-10-12 11:00:00,11.1,9,87,0,,26,5.8,,1030.4,,5
2025-10-12 12:00:00,12.9,9,77,0,,41,8.3,,1029.9,,3
2025-10-12 13:00:00,13.8,8,68,0,,60,8.3,,1029,,3
2025-10-12 14:00:00,13.5,7.5,67,0,,328,4.3,,1022.7,,3
2025-10-12 15:00:00,14.5,8.4,67,0,,45,8.6,,1027.9,,3
2025-10-12 16:00:00,14.7,8.2,65,0,,42,9.4,,1027.5,,3
2025-10-12 17:00:00,14.2,8.4,68,0,,42,9,,1027.5,,3
2025-10-12 18:00:00,12.6,9.1,79,0,,50,6.5,,1027.4,,3
2025-10-12 19:00:00,10.1,8,87,0,,34,9,,1027.7,,2
2025-10-12 20:00:00,10.6,7.5,81,0,,35,7.9,,1023.1,,2
2025-10-12 21:00:00,8,6.6,91,0,,57,6.5,,1028.1,,1
2025-10-12 22:00:00,7.6,6.4,92,0,,75,6.1,,1028.3,,1
2025-10-12 23:00:00,7.2,6,92,0,,18,5.4,,1028.6,,1
2025-10-13 00:00:00,6.7,5.8,94,0,,0,5.4,,1028.6,,1
2025-10-13 01:00:00,6.3,5.7,96,0,,9,5,,1028.5,,1
2025-10-13 02:00:00,6.7,6,95,0,,157,0.7,,1022.5,,1
2025-10-13 03:00:00,7.7,7.1,96,0,,62,5.4,,1027.6,,1
2025-10-13 04:00:00,7.5,7.1,97,0,,68,4.3,,1026.8,,3
2025-10-13 05:00:00,6.9,6.5,97,0,,54,4.7,,1026.6,,3
2025-10-13 06:00:00,6.7,6.3,97,0,,36,6.1,,1026.6,,3
2025-10-13 07:00:00,7.2,6.6,96,0,,51,6.1,,1026.6,,3
2025-10-13 08:00:00,5,5,100,0,,219,5.4,,1021.3,,3
2025-10-13 09:00:00,8.1,7.2,94,0,,60,5.4,,1027,,3
2025-10-13 10:00:00,10,7.9,87,0,,32,5.8,,1027,,3
2025-10-13 11:00:00,11.8,7.9,77,0,,65,10.1,,1026.5,,3
2025-10-13 12:00:00,12.9,8.4,74,0,,64,11.2,,1026.3,,3
2025-10-13 13:00:00,14,8.8,71,0,,56,13.7,,1025.9,,3
2025-10-13 14:00:00,10.7,8.5,86,0,,323,5,,1020,,3
2025-10-13 15:00:00,14.1,8.9,71,0,,48,14.4,,1025,,3
2025-10-13 16:00:00,14.2,9.2,72,0,,41,13.3,,1025.1,,3
2025-10-13 17:00:00,14,9.4,74,0,,41,12.6,,1024.7,,3
2025-10-13 18:00:00,13.5,9.4,76,0,,35,10.1,,1024.5,,3
2025-10-13 19:00:00,12.7,9.3,80,0,,34,9,,1024.5,,3
2025-10-13 20:00:00,7.9,4.8,81,0,,347,5.8,,1020.6,,3
2025-10-13 21:00:00,11.7,9.3,85,0,,45,9.4,,1024.9,,3
2025-10-13 22:00:00,11.3,9.4,88,0,,52,9.4,,1025.1,,3
2025-10-13 23:00:00,10.7,9.1,90,0,,59,9,,1025.3,,3
2025-10-14 00:00:00,10.2,9,92,0,,58,8.3,,1025.2,,3
2025-10-14 01:00:00,8,7.1,94,0,,68,7.2,,1025.3,,3
2025-10-14 02:00:00,3.7,1.9,88,0,,277,5.4,,1021.8,,2
2025-10-14 03:00:00,6.5,5.8,95,0,,69,6.8,,1025.2,,1
2025-10-14 04:00:00,6,5.4,96,0,,49,6.8,,1025,,1
2025-10-14 05:00:00,5.9,5.3,96,0,,19,6.5,,1024.9,,2
2025-10-14 06:00:00,5.5,5.2,98,0,,354,4.7,,1025,,2
2025-10-14 07:00:00,5.2,4.9,98,0,,341,4.3,,1025.1,,2
2025-10-14 08:00:00,3,2,93,0,,318,2.5,,1023.1,,5
2025-10-14 09:00:00,7,6.7,98,0,,181,3.2,,1025.8,,5
2025-10-14 10:00:00,8,7.4,96,0,,163,2.2,,1026.1,,5
2025-10-14 11:00:00,10,8.1,88,0,,42,4,,1026,,5
2025-10-14 12:00:00,12,8.3,78,0,,40,5.8,,1025.6,,2
2025-10-14 13:00:00,13.3,7.7,69,0,,42,7.6,,1025.1,,1
2025-10-14 14:00:00,9.1,-0.5,51,0,,334,7.6,,1023,,1
2025-10-14 15:00:00,14.3,6.6,60,0,,34,9.4,,1023.8,,1
2025-10-14 16:00:00,14,6.1,59,0,,31,9.7,,1023.7,,1
2025-10-14 17:00:00,13.3,6.4,63,0,,28,9.7,,1023.8,,1
2025-10-14 18:00:00,11.6,7.7,77,0,,22,6.8,,1023.9,,1
2025-10-14 19:00:00,9.1,6.5,84,0,,15,6.5,,1024.2,,1
2025-10-14 20:00:00,4.7,2.7,87,0,,352,4.3,,1025.1,,1
2025-10-14 21:00:00,7.9,5.9,87,0,,17,7.9,,1024.6,,1
2025-10-14 22:00:00,7.4,5.7,89,0,,5,9,,1024.9,,1
2025-10-14 23:00:00,7,5.3,89,0,,76,5,,1025.3,,1
2025-10-15 00:00:00,6.6,4.9,89,0,,36,5.4,,1025.4,,1
2025-10-15 01:00:00,6.4,4.9,90,0,,9,6.5,,1025.4,,2
2025-10-15 02:00:00,0.3,0.2,99,0,,234,2.2,,1026.7,,3
2025-10-15 03:00:00,6.1,4.7,91,0,,80,4.3,,1025.5,,3
2025-10-15 04:00:00,5.5,4.3,92,0,,75,4.3,,1025.4,,1
2025-10-15 05:00:00,5.4,4.4,93,0,,33,5,,1025.5,,2
2025-10-15 06:00:00,5.9,4.7,92,0,,332,3.2,,1025.3,,3
2025-10-15 07:00:00,5.5,4.6,94,0,,293,2.5,,1025.3,,2
2025-10-15 08:00:00,1.4,1.4,100,0,,221,5.4,,1027.3,,2
2025-10-15 09:00:00,7.2,5.8,91,0,,127,4.7,,1025.8,,3
2025-10-15 10:00:00,9,6.8,86,0,,35,5,,1026.2,,3
2025-10-15 11:00:00,10.6,7.7,82,0,,34,8.3,,1026,,3
2025-10-15 12:00:00,12.3,7.8,74,0,,47,11.2,,1025.6,,2
2025-10-15 13:00:00,13.1,7.3,68,0,,57,11.9,,1025.2,,3
2025-10-15 14:00:00,8,0.5,59,0,,29,6.5,,1026.5,,3
2025-10-15 15:00:00,13.5,6.8,64,0,,52,11.5,,1024.1,,3
2025-10-15 16:00:00,13.4,7.4,67,0,,45,13,,1024,,3
2025-10-15 17:00:00,13.1,7.5,69,0,,46,11.9,,1024,,3
2025-10-15 18:00:00,11.6,8.3,80,0,,36,7.9,,1023.9,,3
2025-10-15 19:00:00,9.4,7.2,86,0,,19,6.8,,1023.9,,2
2025-10-15 20:00:00,5.8,2.4,79,0,,44,4,,1027.3,,2
2025-10-15 21:00:00,8.3,6.6,89,0,,41,10.8,,1024.8,,2
2025-10-15 22:00:00,7.7,6.2,90,0,,52,9.4,,1024.9,,2
2025-10-15 23:00:00,6.9,5.7,92,0,,59,8.3,,1025.1,,1
2025-10-16 00:00:00,6.3,5.3,93,0,,43,6.8,,1025,,1
2025-10-16 01:00:00,5.6,4.7,94,0,,25,6.8,,1024.8,,1
2025-10-16 02:00:00,1.4,1,97,0,,251,2.9,,1027.7,,1
2025-10-16 03:00:00,4.9,4.5,97,0,,15,5,,1024.7,,1
2025-10-16 04:00:00,4.5,4.2,98,0,,274,4,,1024.5,,1
2025-10-16 05:00:00,4.1,3.8,98,0,,229,2.9,,1024.4,,2
2025-10-16 06:00:00,3.7,3.6,99,0,,224,2.9,,1024.5,,5
2025-10-16 07:00:00,3.5,3.4,99,0,,217,2.9,,1024.5,,5
2025-10-16 08:00:00,3.1,2.5,96,0,,246,0.4,,1028,,5
2025-10-16 09:00:00,5.4,5.1,98,0,,222,3.6,,1025.2,,5
2025-10-16 10:00:00,6.6,6.2,97,0,,235,2.2,,1025.3,,5
2025-10-16 11:00:00,8.2,7,92,0,,8,4.3,,1025.1,,5
2025-10-16 12:00:00,9.9,7.8,87,0,,32,7.2,,1024.8,,5
2025-10-16 13:00:00,11.3,8,80,0,,44,8.3,,1024.2,,3
2025-10-16 14:00:00,8.2,2.9,69,0,,36,7.9,,1027.6,,3
2025-10-16 15:00:00,12.6,7.3,70,0,,48,8.6,,1022.9,,3
2025-10-16 16:00:00,12.7,7.2,69,0,,41,9,,1022.7,,3
2025-10-16 17:00:00,12.3,7,70,0,,36,9,,1022.6,,3
2025-10-16 18:00:00,10.6,7.7,82,0,,32,6.1,,1022.8,,3
2025-10-16 19:00:00,8.6,6.6,87,0,,40,7.9,,1023.2,,2
2025-10-16 20:00:00,4.7,3,89,0,,53,6.1,,1028.8,,3
2025-10-16 21:00:00,8.7,6.5,86,0,,50,7.6,,1023.8,,3
2025-10-16 22:00:00,8.4,6.4,87,0,,64,7.2,,1024.1,,3
2025-10-16 23:00:00,8.5,6.5,87,0,,70,6.5,,1024.3,,3
2025-10-17 00:00:00,8.2,6.3,88,0,,64,5.8,,1024,,3
2025-10-17 01:00:00,7.7,6,89,0,,348,4.3,,1023.8,,3
2025-10-17 02:00:00,2,1.6,97,0,,45,7.9,,1030.8,,3
2025-10-17 03:00:00,6.5,5.5,93,0,,330,4.3,,1023.3,,3
2025-10-17 04:00:00,5.7,5,95,0,,344,5,,1023.1,,3
2025-10-17 05:00:00,5.7,5,95,0,,359,4.7,,1023,,3
2025-10-17 06:00:00,5.6,4.7,94,0,,19,4.3,,1023.2,,3
2025-10-17 07:00:00,5.5,4.6,94,0,,337,3.6,,1023.4,,3
2025-10-17 08:00:00,4.9,4.3,96,0,,304,1.8,,1023.5,,3
2025-10-17 09:00:00,5.8,5.1,95,0,,277,4.7,,1023.9,,3
2025-10-17 10:00:00,8.4,6.2,86,0,,310,3.6,,1024.2,,1
2025-10-17 11:00:00,10.3,7,80,0,,1,5.4,,1024,,1
2025-10-17 12:00:00,11.6,6.5,71,0,,35,7.9,,1023.7,,1
2025-10-17 13:00:00,12.5,5.4,62,0,,56,9,,1023.3,,1
2025-10-17 14:00:00,13,5.2,59,0,,58,9.4,,1022.8,,2
2025-10-17 15:00:00,13,4.9,58,0,,56,9,,1022.4,,3
2025-10-17 16:00:00,12.7,4.9,59,0,,54,8.3,,1022.3,,3
2025-10-17 17:00:00,12.4,5.8,64,0,,45,7.2,,1022.2,,3
2025-10-17 18:00:00,11.3,6.4,72,0,,35,6.1,,1022.5,,3
2025-10-17 19:00:00,9.5,6.8,83,0,,34,6.5,,1022.7,,3
2025-10-17 20:00:00,8.9,7,88,0,,52,5.8,,1023.4,,3
2025-10-17 21:00:00,8.6,7.1,90,0,,64,5.4,,1023.9,,3
2025-10-17 22:00:00,8.1,6.7,91,0,,84,4.3,,1024.4,,3
2025-10-17 23:00:00,7.3,6.1,92,0,,351,3.6,,1024.3,,3
2025-10-18 00:00:00,6.9,6.2,95,0,,310,2.9,,1024.3,,3
2025-10-18 01:00:00,5.8,5.4,97,0,,299,3.2,,1024.4,,3
2025-10-18 02:00:00,4.9,4.8,99,0,,268,3.2,,1024.7,,2
2025-10-18 03:00:00,4.3,4.3,100,0,,239,3.2,,1024.7,,3
2025-10-18 04:00:00,4.2,4.1,99,0,,228,3.2,,1024.7,,3
2025-10-18 05:00:00,4.2,4.1,99,0,,242,3.6,,1025,,3
2025-10-18 06:00:00,4,3.9,99,0,,242,3.2,,1025.3,,2
2025-10-18 07:00:00,3.6,3.5,99,0,,227,2.9,,1025.4,,2
2025-10-18 08:00:00,3.1,3,99,0,,244,3.2,,1025.8,,5
2025-10-18 09:00:00,4.9,4.6,98,0,,242,4.3,,1026.3,,5
2025-10-18 10:00:00,7.2,6,92,0,,359,4.7,,1026.6,,5
2025-10-18 11:00:00,9.6,7.4,86,0,,50,7.6,,1026.5,,3
2025-10-18 12:00:00,11.2,6.5,73,0,,58,10.1,,1026,,2
2025-10-18 13:00:00,12,5.6,65,0,,58,10.1,,1025.6,,2
2025-10-18 14:00:00,12.2,5.1,62,0,,66,9.7,,1025,,3
2025-10-18 15:00:00,13,3.9,54,0,,69,9.7,,1024.6,,3
2025-10-18 16:00:00,13,3.6,53,0,,65,9.7,,1024.1,,2
2025-10-18 17:00:00,12.4,3.9,56,0,,55,9.4,,1023.5,,2
2025-10-18 18:00:00,10.3,4.7,68,0,,42,9,,1023.6,,1
2025-10-18 19:00:00,8.1,4.1,76,0,,60,9.4,,1023.9,,1
2025-10-18 20:00:00,7,4.1,82,0,,94,9.7,,1024.2,,1
2025-10-18 21:00:00,6,3.8,86,0,,105,9.4,,1024.2,,2
2025-10-18 22:00:00,5.3,3.3,87,0,,93,9.7,,1024.4,,3
2025-10-18 23:00:00,4.9,3.2,89,0,,79,11.2,,1024,,3
2025-10-19 00:00:00,4.7,3,89,0,,64,10.8,,1023.7,,3
2025-10-19 01:00:00,5,3.2,88,0,,58,11.5,,1022.9,,3
2025-10-19 02:00:00,4.8,3,88,0,,39,8.6,,1022.3,,3
2025-10-19 03:00:00,4.1,2.3,88,0,,20,4.7,,1022.2,,3
2025-10-19 04:00:00,3.7,2.2,90,0,,67,5,,1021.7,,3
2025-10-19 05:00:00,3.3,2.1,92,0,,132,5.8,,1021.1,,3
2025-10-19 06:00:00,2.9,2,94,0,,186,6.1,,1021,,3
2025-10-19 07:00:00,2.4,1.8,96,0,,204,6.5,,1021,,3
2025-10-19 08:00:00,2.6,1.9,95,0,,214,7.6,,1020.8,,3
2025-10-19 09:00:00,4,2.8,92,0,,201,8.3,,1020.7,,3
2025-10-19 10:00:00,5.4,3.6,88,0,,234,7.9,,1020.2,,3
2025-10-19 11:00:00,7.7,4.6,81,0,,281,7.6,,1019.6,,3
2025-10-19 12:00:00,10.5,6.3,75,0,,272,5.4,,1018.4,,3
2025-10-19 13:00:00,12.8,6.8,67,0,,210,4.7,,1017.3,,3
2025-10-19 14:00:00,14.1,7.6,65,0,,195,5,,1016,,3
2025-10-19 15:00:00,15.3,8.1,62,0,,174,6.1,,1015,,3
2025-10-19 16:00:00,15.6,8.3,62,0,,203,6.1,,1014.4,,3
2025-10-19 17:00:00,14.9,10.7,76,0,,208,5.8,,1013.7,,3
2025-10-19 18:00:00,12.8,9.1,78,0,,180,7.6,,1013.5,,3
2025-10-19 19:00:00,11.7,7.8,77,0,,184,10.8,,1013.5,,3
2025-10-19 20:00:00,11.7,5.8,67,0,,195,13.3,,1013.4,,3
2025-10-19 21:00:00,11.8,4,59,0,,202,14,,1012.8,,3
2025-10-19 22:00:00,11.9,3.9,58,0,,206,13.7,,1012.2,,3
2025-10-19 23:00:00,11.7,4.2,60,0,,211,13.3,,1012.1,,3
2025-10-20 00:00:00,10.2,4.6,68,0,,207,14,,1011.7,,3
2025-10-20 01:00:00,10.2,5.2,71,0,,208,16.2,,1011,,3
2025-10-20 02:00:00,11.3,5.2,66,0,,217,15.8,,1010.4,,3
2025-10-20 03:00:00,10.4,4.3,66,0,,222,13.3,,1009.7,,3
2025-10-20 04:00:00,9.9,3.8,66,0,,216,12.6,,1009,,3
2025-10-20 05:00:00,9.9,4.3,68,0,,213,11.9,,1008.3,,3
2025-10-20 06:00:00,10.5,4.8,68,0,,229,9.7,,1007.8,,3
2025-10-20 07:00:00,10,5,71,0,,226,9.4,,1007.4,,3
2025-10-20 08:00:00,10,5.4,73,0,,217,9.7,,1007.1,,3
2025-10-20 09:00:00,10.8,6.4,74,0,,215,10.1,,1007.1,,3
2025-10-20 10:00:00,10.5,7.2,80,0,,222,11.5,,1006.9,,3
2025-10-20 11:00:00,12.5,8,74,0,,153,11.9,,1006.2,,3
2025-10-20 12:00:00,13.5,7.9,69,0,,178,12.6,,1005.4,,7
2025-10-20 13:00:00,12.8,8.9,77,0,,285,10.8,,1005.3,,7
2025-10-20 14:00:00,12.6,9.4,81,0.4,,242,15.8,,1005.2,,3
2025-10-20 15:00:00,13.1,9.2,77,0.1,,206,15.8,,1004.5,,8
2025-10-20 16:00:00,14.2,9.6,74,0,,203,12.2,,1003.8,,3
2025-10-20 17:00:00,14.1,8.7,70,0,,199,15.1,,1003.4,,3
2025-10-20 18:00:00,13.1,8.2,72,0,,198,14.4,,1003.5,,3
2025-10-20 19:00:00,12.4,7.5,72,0.2,,190,14.8,,1003.8,,3
2025-10-20 20:00:00,11.7,6.6,71,0,,195,17.3,,1003.6,,3
2025-10-20 21:00:00,11.3,6,70,0,,202,19.1,,1003,,3
2025-10-20 22:00:00,11.1,5.8,70,0,,204,18.7,,1002.7,,2
2025-10-20 23:00:00,11.1,5.8,70,0,,211,19.4,,1002.9,,1
2025-10-21 00:00:00,11.4,6.1,70,0,,211,20.5,,1002.5,,3
2025-10-21 01:00:00,11.9,6.8,71,0,,213,22,,1002.2,,3
2025-10-21 02:00:00,11.4,7.1,75,0,,211,21.6,,1002.5,,3
2025-10-21 03:00:00,10.7,8.5,86,0.2,,207,22.7,,1002.3,,9
2025-10-21 04:00:00,10.7,8.5,86,0,,208,24.1,,1002.3,,3
2025-10-21 05:00:00,10.9,8.6,86,0,,216,20.2,,1002.2,,3
2025-10-21 06:00:00,10.9,8.8,87,0,,214,18,,1002.2,,3
2025-10-21 07:00:00,11,8.6,85,0,,214,17.6,,1002.4,,3
2025-10-21 08:00:00,10.8,8.6,86,0,,219,18.4,,1002.2,,3
2025-10-21 09:00:00,11.5,8.5,82,0,,220,18.4,,1003.1,,2
2025-10-21 10:00:00,12.8,9.1,78,0,,221,16.2,,1003.3,,3
2025-10-21 11:00:00,13.9,8.9,72,0,,234,23.4,,1003.1,,3
2025-10-21 12:00:00,14.9,8.4,65,0,,238,23.8,,1002.9,,3
2025-10-21 13:00:00,15.2,8.7,65,0,,235,21.2,,1002.9,,3
2025-10-21 14:00:00,14,9,72,0,,221,18.7,,1002.8,,3
2025-10-21 15:00:00,13.5,9.7,78,0,,214,17.6,,1002.4,,8
2025-10-21 16:00:00,13.6,10.2,80,0,,221,18.7,,1002.7,,3
2025-10-21 17:00:00,14.2,10,76,0,,224,17.3,,1002.5,,2
2025-10-21 18:00:00,13.5,9.4,76,0,,218,15.5,,1002.4,,1
2025-10-21 19:00:00,11.8,8.6,81,0,,202,13.7,,1002.5,,3
2025-10-21 20:00:00,10.9,8.3,84,0,,198,14.8,,1002.8,,3
2025-10-21 21:00:00,10.6,8,84,0,,199,13.7,,1002.8,,3
2025-10-21 22:00:00,11.6,8.3,80,0,,199,13,,1002.7,,3
2025-10-21 23:00:00,11.6,8.8,83,0.5,,204,14.8,,1002.8,,3
2025-10-22 00:00:00,11.5,9.4,87,0,,206,19.1,,1002.6,,8
2025-10-22 01:00:00,11.6,9.7,88,0.5,,213,20.2,,1002.4,,8
2025-10-22 02:00:00,11.6,9.7,88,0.6,,211,17.6,,1002.4,,3
2025-10-22 03:00:00,11.3,9.6,89,0,,211,16.6,,1002.2,,3
2025-10-22 04:00:00,10.5,9.4,93,0.1,,212,14.8,,1002.1,,3
2025-10-22 05:00:00,11,9.6,91,0.1,,212,13,,1001.6,,3
2025-10-22 06:00:00,11.1,10.5,96,0.9,,220,9.7,,1000.7,,8
2025-10-22 07:00:00,11.1,10.5,96,1.6,,166,5.8,,1000.4,,9
2025-10-22 08:00:00,10.8,10.3,97,0.7,,175,8.3,,1000,,9
2025-10-22 09:00:00,11.1,10.6,97,1.1,,292,5.8,,1001.3,,9
2025-10-22 10:00:00,11.4,10.9,97,0.6,,211,10.4,,1002.2,,9
2025-10-22 11:00:00,12.6,11.5,93,0.1,,231,16.2,,1002.8,,3
2025-10-22 12:00:00,13.4,12,91,0,,224,14.4,,1003,,3
2025-10-22 13:00:00,15.3,11.5,78,0,,237,15.1,,1002.8,,3
2025-10-22 14:00:00,15.4,10.6,73,0,,236,16.6,,1002.5,,3
2025-10-22 15:00:00,15,11,77,0,,227,12.2,,1002,,3
2025-10-22 16:00:00,15.8,10.8,72,0.5,,232,17.3,,1002,,3
2025-10-22 17:00:00,15.3,11.5,78,0.1,,220,12.2,,1001.7,,3
2025-10-22 18:00:00,13.7,11.7,88,0.1,,204,13,,1001.7,,8
2025-10-22 19:00:00,12.7,11.4,92,0,,201,14.8,,1001.5,,3
2025-10-22 20:00:00,12.7,11.6,93,0,,209,14.8,,1001.3,,7
2025-10-22 21:00:00,12.8,11.7,93,0.4,,212,19.1,,1000.9,,7
2025-10-22 22:00:00,13,11.6,91,0,,220,18,,1000.9,,3
2025-10-22 23:00:00,12.9,11.5,91,0,,213,19.1,,1000.7,,3
2025-10-23 00:00:00,12.5,11.1,91,0,,209,18,,1000.3,,3
2025-10-23 01:00:00,12.5,10.9,90,0,,204,20.2,,999.4,,3
2025-10-23 02:00:00,13,10.7,86,0,,206,23,,998.4,,3
2025-10-23 03:00:00,13.6,10.6,82,0,,209,25.9,,997.3,,3
2025-10-23 04:00:00,13,11.6,91,0.4,,199,29.2,,996,,3
2025-10-23 05:00:00,13.8,11.1,84,0,,205,29.9,,994.2,,9
2025-10-23 06:00:00,13.8,9.8,77,0.1,,200,26.6,,993.4,,9
2025-10-23 07:00:00,13.9,8.9,72,1.4,,190,25.9,,992,,7
2025-10-23 08:00:00,14.1,9.5,74,1.5,,200,28.1,,990.5,,8
2025-10-23 09:00:00,13.6,9.4,76,0.3,,198,31.7,,990,,9
2025-10-23 10:00:00,13.1,9.9,81,0,,200,32,,990.1,,9
2025-10-23 11:00:00,12,10.9,93,6.5,,234,24.1,,992,,9
2025-10-23 12:00:00,11,9.3,89,2.2,,222,25.2,,992,,9
2025-10-23 13:00:00,12.3,8.4,77,1.7,,235,30.6,,992.2,,3
2025-10-23 14:00:00,12.2,6.5,68,0,,230,31,,992.5,,3
2025-10-23 15:00:00,11.9,5.5,65,0.1,,231,30.2,,992.2,,3
2025-10-23 16:00:00,11.9,4.6,61,0,,233,32.4,,992.3,,3
2025-10-23 17:00:00,11.5,4.7,63,0,,236,31.3,,992.6,,2
2025-10-23 18:00:00,10.4,4.3,66,0,,239,30.6,,993.2,,3
2025-10-23 19:00:00,9.9,5.1,72,0,,238,26.6,,994.4,,3
2025-10-23 20:00:00,9.4,5.9,79,0,,242,26.6,,995.8,,8
2025-10-23 21:00:00,8.6,7.1,90,0.2,,246,25.2,,996.7,,8
2025-10-23 22:00:00,8.6,6.6,87,0.2,,248,28.1,,997.7,,8
2025-10-23 23:00:00,8.7,6.3,85,0.1,,245,24.8,,998.8,,7
2025-10-24 00:00:00,8.3,5.4,82,0.1,,238,23.4,,999.5,,3
2025-10-24 01:00:00,7.6,5.1,84,0.4,,233,23.4,,1000.5,,17
2025-10-24 02:00:00,6.9,4.7,86,0.6,,237,25.2,,1002.1,,8
2025-10-24 03:00:00,7.1,4.2,82,0.1,,240,25.2,,1002.5,,7
2025-10-24 04:00:00,6.3,3.5,82,3.1,,244,27,,1003.3,,3
2025-10-24 05:00:00,6.5,2.8,77,0.6,,240,26.3,,1003.9,,3
2025-10-24 06:00:00,5.7,2.5,80,0.9,,235,24.1,,1004.8,,2
2025-10-24 07:00:00,5.6,2.6,81,0,,235,23.4,,1005.5,,3
2025-10-24 08:00:00,5.7,3,83,0,,241,24.5,,1006,,3
2025-10-24 09:00:00,5.5,3.2,85,0,,245,25.2,,1006.9,,17
2025-10-24 10:00:00,6,3.2,82,0,,246,25.2,,1007.8,,7
2025-10-24 11:00:00,6.8,2.5,74,0,,246,27.7,,1008.4,,17
2025-10-24 12:00:00,7.4,1.5,66,0,,250,30.2,,1008.9,,3
2025-10-24 13:00:00,8.4,1.1,60,0,,253,30.2,,1009.4,,3
2025-10-24 14:00:00,9,0.9,57,0,,254,27.7,,1009.2,,3
2025-10-24 15:00:00,9.5,1.4,57,0,,246,25.9,,1008.9,,2
2025-10-24 16:00:00,9.3,1.7,59,0,,242,24.8,,1009,,2
2025-10-24 17:00:00,8.8,1.7,61,0,,235,19.8,,1009.1,,2
2025-10-24 18:00:00,8.1,0.8,60,0.1,,229,18.4,,1009.2,,2
2025-10-24 19:00:00,7.3,0.1,60,0.4,,227,17.6,,1009.6,,1
2025-10-24 20:00:00,6.8,-0.2,61,0,,227,18.7,,1009.7,,3
2025-10-24 21:00:00,6.7,0.4,64,0,,228,19.1,,1009.7,,3
2025-10-24 22:00:00,6.4,0.9,68,0,,225,18.7,,1009.5,,3
2025-10-24 23:00:00,6.3,1.8,73,0,,224,18.4,,1009.4,,3
2025-10-25 00:00:00,6.4,1.7,72,0,,223,17.3,,1009.3,,3
2025-10-25 01:00:00,6.9,2.2,72,0,,227,17.6,,1008.7,,7
2025-10-25 02:00:00,6.9,3.9,81,0,,229,18.4,,1008.4,,8
2025-10-25 03:00:00,6.1,5.1,93,0.2,,220,19.8,,1008.1,,9
2025-10-25 04:00:00,6.6,5.1,90,0.4,,220,23,,1007.3,,8
2025-10-25 05:00:00,7.2,5.7,90,0,,224,20.9,,1007.1,,3
2025-10-25 06:00:00,7.1,5.2,88,0,,216,19.8,,1006.9,,17
2025-10-25 07:00:00,7.2,5.2,87,0,,218,20.2,,1006.2,,17
2025-10-25 08:00:00,7.7,5.3,85,0,,219,20.5,,1005.6,,3
2025-10-25 09:00:00,8,4.9,81,0,,225,19.8,,1005.6,,3
2025-10-25 10:00:00,8.2,5.8,85,0,,225,23,,1005.4,,9
2025-10-25 11:00:00,8.5,6.3,86,0.1,,230,26.6,,1004.9,,8
2025-10-25 12:00:00,10,6.2,77,0.9,,226,24.1,,1004.5,,3
2025-10-25 13:00:00,10.8,5.5,70,0,,236,27.7,,1004.4,,3
2025-10-25 14:00:00,10.7,5.7,71,0,,239,26.3,,1004.2,,3
2025-10-25 15:00:00,10.8,5.5,70,0,,240,24.5,,1004.1,,3
2025-10-25 16:00:00,10.4,5.2,70,0,,235,22.7,,1004.1,,3
2025-10-25 17:00:00,10,5.4,73,0,,236,17.3,,1004.2,,2
2025-10-25 18:00:00,9,5,76,0,,233,16.9,,1004.9,,3
2025-10-25 19:00:00,7.9,5,82,0,,232,17.3,,1005.4,,2
2025-10-25 20:00:00,7.4,5.2,86,0,,241,16.2,,1006.5,,3
2025-10-25 21:00:00,7.1,5.2,88,0,,235,14.4,,1007,,2
2025-10-25 22:00:00,6.7,3.8,82,0,,232,15.1,,1006.9,,2
2025-10-25 23:00:00,6.6,4.3,85,0,,229,14.8,,1007.2,,2
2025-10-26 00:00:00,6.9,4.7,86,0,,226,15.8,,1007.2,,3
2025-10-26 01:00:00,7.5,5,84,0,,224,18,,1006.7,,3
2025-10-26 02:00:00,7.5,5,84,0,,232,18.4,,1006.6,,3
2025-10-26 02:00:00,7.3,5.1,86,0,,234,18.4,,1006.5,,3
2025-10-26 03:00:00,6.9,4.4,84,0.2,,241,18.7,,1006.4,,17
2025-10-26 04:00:00,6.7,5.3,91,1,,235,23,,1006.2,,9
2025-10-26 05:00:00,6.6,4.6,87,0.4,,255,24.8,,1006.7,,8
2025-10-26 06:00:00,5.8,4.6,92,0.1,,253,21.2,,1007.5,,3
2025-10-26 07:00:00,5.4,4.2,92,0.8,,256,21.2,,1008.3,,3
2025-10-26 08:00:00,5.5,3.5,87,0,,252,20.9,,1009.4,,3
2025-10-26 09:00:00,5.9,2.5,79,0,,244,20.5,,1010,,3
2025-10-26 10:00:00,6.7,1.8,71,0,,252,25.6,,1010,,3
2025-10-26 11:00:00,7.4,1.5,66,0,,255,26.6,,1010.5,,3
2025-10-26 12:00:00,6.8,1.3,68,0,,250,27,,1010.8,,3
2025-10-26 13:00:00,6.6,2.1,73,0,,254,28.8,,1010.8,,3
2025-10-26 14:00:00,7.4,2.3,70,0,,255,27,,1010.7,,3
2025-10-26 15:00:00,7.5,2,68,0,,250,23,,1010.4,,3
2025-10-26 16:00:00,7.6,1.7,66,0,,252,22.7,,1010.6,,3
2025-10-26 17:00:00,6.5,1.8,72,0.3,,246,18.7,,1011.3,,3
2025-10-26 18:00:00,5.5,2.2,79,0,,242,17.6,,1011.8,,2
2025-10-26 19:00:00,5.4,2.6,82,0,,241,19.1,,1012,,1
2025-10-26 20:00:00,5.6,2.4,80,0,,240,19.4,,1012.1,,3
2025-10-26 21:00:00,4.9,2.4,84,0,,241,19.1,,1012.5,,3
2025-10-26 22:00:00,5.2,2,80,0,,241,20.2,,1012.3,,3
2025-10-26 23:00:00,5.6,1.7,76,0.5,,240,23,,1011.9,,3
2025-10-27 00:00:00,5.3,2,79,0,,236,23.8,,1011.5,,7
2025-10-27 01:00:00,5,2.9,86,0.1,,227,24.5,,1010.5,,8
2025-10-27 02:00:00,5.3,3,85,0.2,,226,26.6,,1009.8,,7
2025-10-27 03:00:00,5.7,3,83,0,,229,27.4,,1008.9,,3
2025-10-27 04:00:00,6.1,2.9,80,0,,224,27,,1007.5,,3
2025-10-27 05:00:00,5.8,3.6,86,0,,227,29.2,,1006.9,,8
2025-10-27 06:00:00,5,4.3,95,0.1,,225,31,,1006.2,,9
2025-10-27 07:00:00,4.8,4.1,95,0.1,,230,31,,1005.9,,9
2025-10-27 08:00:00,5.1,4.4,95,0.3,,231,29.5,,1005.6,,9
2025-10-27 09:00:00,5.6,4.7,94,0.3,,234,33.1,,1005,,9
2025-10-27 10:00:00,5.9,5,94,0.2,,234,32.4,,1005.3,,9
2025-10-27 11:00:00,5.9,5,94,0.2,,233,29.5,,1005.5,,9
2025-10-27 12:00:00,6.8,4.6,86,0.1,,232,28.8,,1004.7,,8
2025-10-27 13:00:00,7.6,4.4,80,1.2,,237,27.4,,1004.3,,7
2025-10-27 14:00:00,7.8,4.6,80,0,,245,27.4,,1003.9,,7
2025-10-27 15:00:00,8.8,5,77,0,,247,27.4,,1003.9,,3
2025-10-27 16:00:00,8.3,5.4,82,3.2,,254,27.7,,1004.7,,7
2025-10-27 17:00:00,6.8,4.8,87,0.1,,258,23.4,,1007.2,,8
2025-10-27 18:00:00,7.1,5.2,88,0,,260,22.3,,1008.4,,17
2025-10-27 19:00:00,7.2,5.3,88,0,,258,21.6,,1009.7,,17
2025-10-27 20:00:00,7.1,4.8,85,0,,260,21.2,,1010.8,,3
2025-10-27 21:00:00,6.9,4.4,84,0,,258,21.2,,1012,,3
2025-10-27 22:00:00,6.5,4,84,0,,250,19.8,,1013,,2
2025-10-27 23:00:00,6.1,3.9,86,0,,246,18.4,,1014.2,,3
2025-10-28 00:00:00,6.2,3.9,85,0.3,,241,18,,1014.6,,3
2025-10-28 01:00:00,6.2,3.9,85,0,,236,17.6,,1015.1,,3
2025-10-28 02:00:00,6.4,4.2,86,0.2,,234,19.1,,1015.2,,3
2025-10-28 03:00:00,6.9,4.4,84,0.1,,240,19.8,,1015.4,,3
2025-10-28 04:00:00,7.1,4.6,84,0,,239,19.1,,1015.3,,3
2025-10-28 05:00:00,7,4.7,85,0,,235,18.7,,1015.4,,3
2025-10-28 06:00:00,7,4.5,84,0,,231,19.4,,1015.3,,3
2025-10-28 07:00:00,7.2,4.2,81,0,,227,20.2,,1015.2,,3
2025-10-28 08:00:00,8,3.8,75,0,,230,22.7,,1015.2,,3
2025-10-28 09:00:00,8.5,3.9,73,0,,229,24.5,,1015.1,,3
2025-10-28 10:00:00,10,5.2,72,0,,226,23,,1014.6,,3
2025-10-28 11:00:00,11,5.7,70,0,,233,25.2,,1014.4,,3
2025-10-28 12:00:00,11.7,6,68,0,,236,25.9,,1014.1,,3
2025-10-28 13:00:00,11.8,6.5,70,0,,244,32,,1013.8,,3
2025-10-28 14:00:00,12.3,6.3,67,0,,246,30.2,,1013.3,,3
2025-10-28 15:00:00,12.5,6.5,67,0,,243,28.4,,1012.9,,3
2025-10-28 16:00:00,11.9,6.6,70,0,,243,22.7,,1013,,3
2025-10-28 17:00:00,11.1,6.8,75,0,,241,21.2,,1013.4,,3
2025-10-28 18:00:00,10.3,6.8,79,0,,235,20.5,,1013.9,,3
2025-10-28 19:00:00,10.1,6.8,80,0,,232,21.2,,1014.4,,3
2025-10-28 20:00:00,10.4,6.5,77,0,,236,22,,1014.5,,3
2025-10-28 21:00:00,10.1,6.6,79,0,,238,20.5,,1015,,3
2025-10-28 22:00:00,9.3,6.7,84,0,,234,17.3,,1015.3,,3
2025-10-28 23:00:00,8.6,6.7,88,0,,231,15.8,,1015.2,,3
2025-10-29 00:00:00,8.4,6.9,90,0,,237,13.7,,1015,,2
2025-10-29 01:00:00,7.7,6.3,91,0,,227,11.5,,1014.8,,1
2025-10-29 02:00:00,7,5.8,92,0,,209,12.2,,1014.5,,1
2025-10-29 03:00:00,6.5,5.3,92,0,,206,12.2,,1014.2,,1
2025-10-29 04:00:00,6.4,5.2,92,0,,202,11.5,,1013.6,,1
2025-10-29 05:00:00,5.4,4.5,94,0,,201,9.7,,1013.4,,2
2025-10-29 06:00:00,4.7,4,95,0,,207,7.9,,1013.2,,2
2025-10-29 07:00:00,4.4,3.7,95,0,,217,6.8,,1012.9,,1
2025-10-29 08:00:00,5.5,4.6,94,0,,211,7.9,,1012.7,,1
2025-10-29 09:00:00,8.1,6.2,88,0,,236,7.9,,1012.3,,3
2025-10-29 10:00:00,10.3,7.7,84,0,,277,4.7,,1011.5,,3
2025-10-29 11:00:00,12.1,8,76,0,,314,4.7,,1010.4,,3
2025-10-29 12:00:00,13.9,8.7,71,0,,234,5.8,,1009.8,,3
2025-10-29 13:00:00,16.2,8.9,62,0,,232,7.9,,1008.4,,3
2025-10-29 14:00:00,16.7,7.9,56,0,,235,7.6,,1007.6,,3
2025-10-29 15:00:00,16.1,9.7,66,0,,207,5.4,,1007.1,,3
2025-10-29 16:00:00,15,10.4,74,0,,140,7.2,,1006.4,,3
2025-10-29 17:00:00,11.9,7.6,75,0,,151,13,,1005.8,,3
2025-10-29 18:00:00,11.2,5.5,68,0,,187,16.6,,1005.7,,3
2025-10-29 19:00:00,11.8,5,63,0,,200,16.2,,1005.9,,3
2025-10-29 20:00:00,11.6,5.2,65,0,,203,14.8,,1005.3,,3
2025-10-29 21:00:00,11.8,5.2,64,0,,210,16.6,,1005,,3
2025-10-29 22:00:00,12.4,5.1,61,0,,207,16.9,,1004.5,,3
2025-10-29 23:00:00,12.5,5.2,61,0.1,,198,15.8,,1003.9,,3
2025-10-30 00:00:00,12.9,5.3,60,0.9,,198,16.6,,1003.1,,3
2025-10-30 01:00:00,12.5,6.3,66,0.9,,201,25.2,,1003.2,,7
2025-10-30 02:00:00,11.9,7.6,75,0,,208,24.8,,1003.7,,3
2025-10-30 03:00:00,11.7,7.8,77,0,,213,25.9,,1004.4,,7
2025-10-30 04:00:00,11.6,7.7,77,0,,219,28.8,,1004.6,,8
2025-10-30 05:00:00,11.2,8.8,85,0,,225,25.6,,1005.6,,8
2025-10-30 06:00:00,11.3,9.4,88,0.1,,250,24.1,,1007.3,,7
2025-10-30 07:00:00,10.8,9.2,90,0.2,,260,21.2,,1009.3,,3
2025-10-30 08:00:00,10.2,9,92,0,,254,16.9,,1011,,3
2025-10-30 09:00:00,10.6,8.5,87,0,,252,17.3,,1012.3,,3
2025-10-30 10:00:00,11.3,7.6,78,0,,256,17.3,,1013.2,,3
2025-10-30 11:00:00,12.3,7.4,72,0,,267,16.2,,1013.7,,2
2025-10-30 12:00:00,13,6.6,65,0,,270,14.8,,1014.2,,3
2025-10-30 13:00:00,13.4,5.8,60,0,,265,12.2,,1014.2,,2
2025-10-30 14:00:00,13.7,5.3,57,0,,255,10.8,,1014.2,,2
2025-10-30 15:00:00,13.5,5.4,58,0,,248,9.7,,1014.2,,2
2025-10-30 16:00:00,12.6,7.3,70,0,,268,4.7,,1014.2,,2
2025-10-30 17:00:00,10.7,5.7,71,0,,353,2.5,,1014.5,,1
2025-10-30 18:00:00,9.1,5.1,76,0,,106,5,,1014.8,,1
2025-10-30 19:00:00,7.4,4.5,82,0,,75,9,,1015.3,,3
2025-10-30 20:00:00,6.6,4.4,86,0,,60,7.6,,1016,,3
2025-10-30 21:00:00,6.2,4.2,87,0,,68,7.6,,1016.1,,3
2025-10-30 22:00:00,5.4,3.9,90,0,,59,7.9,,1016.2,,3
2025-10-30 23:00:00,4.4,3.2,92,0,,81,6.5,,1016.1,,3
2025-10-31 00:00:00,4.2,3.2,93,0,,170,6.1,,1016,,3
2025-10-31 01:00:00,3.6,2.7,94,0,,226,5.8,,1016.1,,3
2025-10-31 02:00:00,3.1,2.4,95,0,,229,5.8,,1016.1,,3
2025-10-31 03:00:00,2.7,2,95,0,,245,6.1,,1016.1,,3
2025-10-31 04:00:00,2.5,1.9,96,0,,226,6.5,,1016.2,,3
2025-10-31 05:00:00,2.2,1.8,97,0,,215,6.5,,1016.4,,1
2025-10-31 06:00:00,1.9,1.6,98,0,,204,7.2,,1016.6,,1
2025-10-31 07:00:00,1.9,1.6,98,0,,215,8.6,,1016.7,,1
2025-10-31 08:00:00,3.3,3,98,0,,222,10.1,,1016.6,,3
2025-10-31 09:00:00,5.1,4.1,93,0,,227,9.4,,1017.3,,3
2025-10-31 10:00:00,8.2,5.8,85,0,,242,8.6,,1016.9,,5
2025-10-31 11:00:00,11.2,7.5,78,0,,234,5.4,,1016.2,,3
2025-10-31 12:00:00,13.5,8.8,73,0,,270,5,,1015.6,,3
2025-10-31 13:00:00,14.8,9.6,71,0,,260,5.4,,1014.7,,3
2025-10-31 14:00:00,15.2,10,71,0,,238,6.1,,1014.2,,3
2025-10-31 15:00:00,15.1,10.9,76,0,,135,7.6,,1014.4,,3
2025-10-31 16:00:00,14.2,11.5,84,0,,140,6.8,,1014.4,,3
2025-10-31 17:00:00,12.2,9.9,86,0,,173,7.2,,1014.8,,3
2025-10-31 18:00:00,10.9,9.3,90,0,,189,7.9,,1015,,3
2025-10-31 19:00:00,10.4,9.2,92,0,,209,9.4,,1015.7,,3
2025-10-31 20:00:00,9.8,8.7,93,0,,218,9.4,,1016.1,,3
2025-10-31 21:00:00,8.9,8,94,0,,212,10.1,,1016,,3
2025-10-31 22:00:00,9.1,8,93,0,,246,9.7,,1016.5,,3
2025-10-31 23:00:00,8.9,7.5,91,0,,225,9,,1016.7,,3
